PLAYER,TEAM,SEASON,SIDE,TABLE,STAT,DEPTH,PARENT,PATH,LEVEL_1,LEVEL_2,LEVEL_3,LEVEL_4,LEVEL_5,LEVEL_6,POSS,%TIME,PPP,TS%,TO%,%FT,3FG ATT,3 FG%,PPP RATING,PPP RANK,FG%,%TIME RANK,FG ATT,EFG%,%SF,SSQ,PPS,FG MADE,FG MISS,SSM,TSA,FTA/FGA,SCORE%,2 FG ATT,2 FG MADE,2 FG MISS,2 FG%,3 FG MADE,3 FG MISS,3PA/FGA,PTS
Jalen Harris,Winnipeg Sea Bears,2025-2026,offense,Play types,P&R Ball Handler,1,,P&R Ball Handler,P&R Ball Handler,,,,,,127,33.7,0.748,46.4,18.9,7.1,36,30.6,Average,40.0,36.8,82.0,95,42.6,5.5,,,35,60,,102.5,0.18,33.9,59,24,35,40.7,11,25,0.38,95
Jalen Harris,Winnipeg Sea Bears,2025-2026,offense,Play types,P&R Ball Handler - Overall,2,P&R Ball Handler,P&R Ball Handler > P&R Ball Handler - Overall,P&R Ball Handler,P&R Ball Handler - Overall,,,,,127,100.0,0.748,46.4,18.9,7.1,36,30.6,,,36.8,,95,42.6,5.5,,,35,60,,102.5,0.18,33.9,59,24,35,40.7,11,25,0.38,95
Jalen Harris,Winnipeg Sea Bears,2025-2026,offense,Play types,Dribble Off Pick,3,P&R Ball Handler - Overall,P&R Ball Handler > P&R Ball Handler - Overall > Dribble Off Pick,P&R Ball Handler,P&R Ball Handler - Overall,Dribble Off Pick,,,,105,82.7,0.771,47.7,19.0,5.7,33,33.3,,,37.5,,80,44.4,3.8,,,30,50,,84.8,0.14,33.3,47,19,28,40.4,11,22,0.41,81
Jalen Harris,Winnipeg Sea Bears,2025-2026,offense,Play types,Go Away from Pick,3,P&R Ball Handler - Overall,P&R Ball Handler > P&R Ball Handler - Overall > Go Away from Pick,P&R Ball Handler,P&R Ball Handler - Overall,Go Away from Pick,,,,20,15.7,0.7,44.8,20.0,15.0,1,0.0,,,38.5,,13,38.5,15.0,,,5,8,,15.6,0.46,40.0,12,5,7,41.7,0,1,0.08,14
Jalen Harris,Winnipeg Sea Bears,2025-2026,offense,Play types,Takes Early Jump Shot,3,P&R Ball Handler - Overall,P&R Ball Handler > P&R Ball Handler - Overall > Takes Early Jump Shot,P&R Ball Handler,P&R Ball Handler - Overall,Takes Early Jump Shot,,,,2,1.6,0.0,0.0,0.0,0.0,2,0.0,,,0.0,,2,0.0,0.0,,,0,2,,2.0,0.0,0.0,0,0,0,,0,2,1.0,0
Jalen Harris,Winnipeg Sea Bears,2025-2026,offense,Play types,High P&R,2,P&R Ball Handler,P&R Ball Handler > High P&R,P&R Ball Handler,High P&R,,,,,107,84.3,0.738,46.9,20.6,6.5,29,37.9,,,35.9,,78,42.9,4.7,,,28,50,,84.2,0.18,32.7,49,17,32,34.7,11,18,0.37,79
Jalen Harris,Winnipeg Sea Bears,2025-2026,offense,Play types,Dribble Off Pick,3,High P&R,P&R Ball Handler > High P&R > Dribble Off Pick,P&R Ball Handler,High P&R,Dribble Off Pick,,,,89,83.2,0.798,50.3,20.2,4.5,27,40.7,,,38.8,,67,47.0,2.2,,,26,41,,70.5,0.12,33.7,40,15,25,37.5,11,16,0.4,71
Jalen Harris,Winnipeg Sea Bears,2025-2026,offense,Play types,Dribble Jumper,4,Dribble Off Pick,P&R Ball Handler > High P&R > Dribble Off Pick > Dribble Jumper,P&R Ball Handler,High P&R,Dribble Off Pick,Dribble Jumper,,,49,55.1,1.041,52.0,0.0,0.0,27,40.7,,,40.8,,49,52.0,0.0,,,20,29,,49.0,0.0,40.8,22,9,13,40.9,11,16,0.55,51
Jalen Harris,Winnipeg Sea Bears,2025-2026,offense,Play types,Long/3pt,5,Dribble Jumper,P&R Ball Handler > High P&R > Dribble Off Pick > Dribble Jumper > Long/3pt,P&R Ball Handler,High P&R,Dribble Off Pick,Dribble Jumper,Long/3pt,,27,55.1,1.222,61.1,0.0,0.0,27,40.7,,,40.7,,27,61.1,0.0,,,11,16,,27.0,0.0,40.7,0,0,0,,11,16,1.0,33
Jalen Harris,Winnipeg Sea Bears,2025-2026,offense,Play types,Short to < 17,5,Dribble Jumper,P&R Ball Handler > High P&R > Dribble Off Pick > Dribble Jumper > Short to < 17,P&R Ball Handler,High P&R,Dribble Off Pick,Dribble Jumper,Short to < 17,,16,32.7,1.125,56.3,0.0,0.0,0,,,,56.3,,16,56.3,0.0,,,9,7,,16.0,0.0,56.3,16,9,7,56.3,0,0,0.0,18
Jalen Harris,Winnipeg Sea Bears,2025-2026,offense,Play types,Medium/17' to 3pt,5,Dribble Jumper,P&R Ball Handler > High P&R > Dribble Off Pick > Dribble Jumper > Medium/17' to 3pt,P&R Ball Handler,High P&R,Dribble Off Pick,Dribble Jumper,Medium/17' to 3pt,,6,12.2,0.0,0.0,0.0,0.0,0,,,,0.0,,6,0.0,0.0,,,0,6,,6.0,0.0,0.0,6,0,6,0.0,0,0,0.0,0
Jalen Harris,Winnipeg Sea Bears,2025-2026,offense,Play types,To Basket,4,Dribble Off Pick,P&R Ball Handler > High P&R > Dribble Off Pick > To Basket,P&R Ball Handler,High P&R,Dribble Off Pick,To Basket,,,22,24.7,0.727,40.5,9.1,9.1,0,,,,33.3,,18,33.3,9.1,,,6,12,,19.8,0.22,36.4,18,6,12,33.3,0,0,0.0,16
Jalen Harris,Winnipeg Sea Bears,2025-2026,offense,Play types,Miss 2 Pts,5,To Basket,P&R Ball Handler > High P&R > Dribble Off Pick > To Basket > Miss 2 Pts,P&R Ball Handler,High P&R,Dribble Off Pick,To Basket,Miss 2 Pts,,12,54.5,0.0,0.0,0.0,0.0,0,,,,0.0,,12,0.0,0.0,,,0,12,,12.0,0.0,0.0,12,0,12,0.0,0,0,0.0,0
Jalen Harris,Winnipeg Sea Bears,2025-2026,offense,Play types,Make 2 Pts,5,To Basket,P&R Ball Handler > High P&R > Dribble Off Pick > To Basket > Make 2 Pts,P&R Ball Handler,High P&R,Dribble Off Pick,To Basket,Make 2 Pts,,6,27.3,2.0,100.0,0.0,0.0,0,,,,100.0,,6,100.0,0.0,,,6,0,,6.0,0.0,100.0,6,6,0,100.0,0,0,0.0,12
Jalen Harris,Winnipeg Sea Bears,2025-2026,offense,Play types,Foul,5,To Basket,P&R Ball Handler > High P&R > Dribble Off Pick > To Basket > Foul,P&R Ball Handler,High P&R,Dribble Off Pick,To Basket,Foul,,2,9.1,2.0,113.6,0.0,100.0,0,,,,,,0,,100.0,,,0,0,,1.8,,100.0,0,0,0,,0,0,,4
Jalen Harris,Winnipeg Sea Bears,2025-2026,offense,Play types,Turnover,5,To Basket,P&R Ball Handler > High P&R > Dribble Off Pick > To Basket > Turnover,P&R Ball Handler,High P&R,Dribble Off Pick,To Basket,Turnover,,2,9.1,0.0,,100.0,0.0,0,,,,,,0,,0.0,,,0,0,,0.0,,0.0,0,0,0,,0,0,,0
Jalen Harris,Winnipeg Sea Bears,2025-2026,offense,Play types,Defense Commits,4,Dribble Off Pick,P&R Ball Handler > High P&R > Dribble Off Pick > Defense Commits,P&R Ball Handler,High P&R,Dribble Off Pick,Defense Commits,,,18,20.2,0.222,113.6,88.9,11.1,0,,,,,,0,,0.0,,,0,0,,1.8,,11.1,0,0,0,,0,0,,4
Jalen Harris,Winnipeg Sea Bears,2025-2026,offense,Play types,Turnover,5,Defense Commits,P&R Ball Handler > High P&R > Dribble Off Pick > Defense Commits > Turnover,P&R Ball Handler,High P&R,Dribble Off Pick,Defense Commits,Turnover,,16,88.9,0.0,,100.0,0.0,0,,,,,,0,,0.0,,,0,0,,0.0,,0.0,0,0,0,,0,0,,0
Jalen Harris,Winnipeg Sea Bears,2025-2026,offense,Play types,Foul,5,Defense Commits,P&R Ball Handler > High P&R > Dribble Off Pick > Defense Commits > Foul,P&R Ball Handler,High P&R,Dribble Off Pick,Defense Commits,Foul,,2,11.1,2.0,113.6,0.0,100.0,0,,,,,,0,,0.0,,,0,0,,1.8,,100.0,0,0,0,,0,0,,4
Jalen Harris,Winnipeg Sea Bears,2025-2026,offense,Play types,Go Away from Pick,3,High P&R,P&R Ball Handler > High P&R > Go Away from Pick,P&R Ball Handler,High P&R,Go Away from Pick,,,,17,15.9,0.471,31.6,23.5,17.6,1,0.0,,,20.0,,10,20.0,17.6,,,2,8,,12.6,0.6,29.4,9,2,7,22.2,0,1,0.1,8
Jalen Harris,Winnipeg Sea Bears,2025-2026,offense,Play types,To Basket,4,Go Away from Pick,P&R Ball Handler > High P&R > Go Away from Pick > To Basket,P&R Ball Handler,High P&R,Go Away from Pick,To Basket,,,10,58.8,0.8,41.5,0.0,30.0,0,,,,28.6,,7,28.6,30.0,,,2,5,,9.6,0.86,50.0,7,2,5,28.6,0,0,0.0,8
Jalen Harris,Winnipeg Sea Bears,2025-2026,offense,Play types,Miss 2 Pts,5,To Basket,P&R Ball Handler > High P&R > Go Away from Pick > To Basket > Miss 2 Pts,P&R Ball Handler,High P&R,Go Away from Pick,To Basket,Miss 2 Pts,,5,50.0,0.0,0.0,0.0,0.0,0,,,,0.0,,5,0.0,0.0,,,0,5,,5.0,0.0,0.0,5,0,5,0.0,0,0,0.0,0
Jalen Harris,Winnipeg Sea Bears,2025-2026,offense,Play types,Foul,5,To Basket,P&R Ball Handler > High P&R > Go Away from Pick > To Basket > Foul,P&R Ball Handler,High P&R,Go Away from Pick,To Basket,Foul,,3,30.0,1.333,75.8,0.0,100.0,0,,,,,,0,,100.0,,,0,0,,2.6,,100.0,0,0,0,,0,0,,4
Jalen Harris,Winnipeg Sea Bears,2025-2026,offense,Play types,Make 2 Pts,5,To Basket,P&R Ball Handler > High P&R > Go Away from Pick > To Basket > Make 2 Pts,P&R Ball Handler,High P&R,Go Away from Pick,To Basket,Make 2 Pts,,2,20.0,2.0,100.0,0.0,0.0,0,,,,100.0,,2,100.0,0.0,,,2,0,,2.0,0.0,100.0,2,2,0,100.0,0,0,0.0,4
Jalen Harris,Winnipeg Sea Bears,2025-2026,offense,Play types,Defense Commits,4,Go Away from Pick,P&R Ball Handler > High P&R > Go Away from Pick > Defense Commits,P&R Ball Handler,High P&R,Go Away from Pick,Defense Commits,,,3,17.6,0.0,,100.0,0.0,0,,,,,,0,,0.0,,,0,0,,0.0,,0.0,0,0,0,,0,0,,0
Jalen Harris,Winnipeg Sea Bears,2025-2026,offense,Play types,Turnover,5,Defense Commits,P&R Ball Handler > High P&R > Go Away from Pick > Defense Commits > Turnover,P&R Ball Handler,High P&R,Go Away from Pick,Defense Commits,Turnover,,3,100.0,0.0,,100.0,0.0,0,,,,,,0,,0.0,,,0,0,,0.0,,0.0,0,0,0,,0,0,,0
Jalen Harris,Winnipeg Sea Bears,2025-2026,offense,Play types,Dribble Jumper,4,Go Away from Pick,P&R Ball Handler > High P&R > Go Away from Pick > Dribble Jumper,P&R Ball Handler,High P&R,Go Away from Pick,Dribble Jumper,,,3,17.6,0.0,0.0,0.0,0.0,1,0.0,,,0.0,,3,0.0,0.0,,,0,3,,3.0,0.0,0.0,2,0,2,0.0,0,1,0.33,0
Jalen Harris,Winnipeg Sea Bears,2025-2026,offense,Play types,Medium/17' to 3pt,5,Dribble Jumper,P&R Ball Handler > High P&R > Go Away from Pick > Dribble Jumper > Medium/17' to 3pt,P&R Ball Handler,High P&R,Go Away from Pick,Dribble Jumper,Medium/17' to 3pt,,1,33.3,0.0,0.0,0.0,0.0,0,,,,0.0,,1,0.0,0.0,,,0,1,,1.0,0.0,0.0,1,0,1,0.0,0,0,0.0,0
Jalen Harris,Winnipeg Sea Bears,2025-2026,offense,Play types,Long/3pt,5,Dribble Jumper,P&R Ball Handler > High P&R > Go Away from Pick > Dribble Jumper > Long/3pt,P&R Ball Handler,High P&R,Go Away from Pick,Dribble Jumper,Long/3pt,,1,33.3,0.0,0.0,0.0,0.0,1,0.0,,,0.0,,1,0.0,0.0,,,0,1,,1.0,0.0,0.0,0,0,0,,0,1,1.0,0
Jalen Harris,Winnipeg Sea Bears,2025-2026,offense,Play types,Short to < 17,5,Dribble Jumper,P&R Ball Handler > High P&R > Go Away from Pick > Dribble Jumper > Short to < 17,P&R Ball Handler,High P&R,Go Away from Pick,Dribble Jumper,Short to < 17,,1,33.3,0.0,0.0,0.0,0.0,0,,,,0.0,,1,0.0,0.0,,,0,1,,1.0,0.0,0.0,1,0,1,0.0,0,0,0.0,0
Jalen Harris,Winnipeg Sea Bears,2025-2026,offense,Play types,Turnover,4,Go Away from Pick,P&R Ball Handler > High P&R > Go Away from Pick > Turnover,P&R Ball Handler,High P&R,Go Away from Pick,Turnover,,,1,5.9,0.0,,100.0,0.0,0,,,,,,0,,0.0,,,0,0,,0.0,,0.0,0,0,0,,0,0,,0
Jalen Harris,Winnipeg Sea Bears,2025-2026,offense,Play types,Takes Early Jump Shot,3,High P&R,P&R Ball Handler > High P&R > Takes Early Jump Shot,P&R Ball Handler,High P&R,Takes Early Jump Shot,,,,1,0.9,0.0,0.0,0.0,0.0,1,0.0,,,0.0,,1,0.0,0.0,,,0,1,,1.0,0.0,0.0,0,0,0,,0,1,1.0,0
Jalen Harris,Winnipeg Sea Bears,2025-2026,offense,Play types,Dribble Jumper,4,Takes Early Jump Shot,P&R Ball Handler > High P&R > Takes Early Jump Shot > Dribble Jumper,P&R Ball Handler,High P&R,Takes Early Jump Shot,Dribble Jumper,,,1,100.0,0.0,0.0,0.0,0.0,1,0.0,,,0.0,,1,0.0,0.0,,,0,1,,1.0,0.0,0.0,0,0,0,,0,1,1.0,0
Jalen Harris,Winnipeg Sea Bears,2025-2026,offense,Play types,Long/3pt,5,Dribble Jumper,P&R Ball Handler > High P&R > Takes Early Jump Shot > Dribble Jumper > Long/3pt,P&R Ball Handler,High P&R,Takes Early Jump Shot,Dribble Jumper,Long/3pt,,1,100.0,0.0,0.0,0.0,0.0,1,0.0,,,0.0,,1,0.0,0.0,,,0,1,,1.0,0.0,0.0,0,0,0,,0,1,1.0,0
Jalen Harris,Winnipeg Sea Bears,2025-2026,offense,Play types,Left P&R,2,P&R Ball Handler,P&R Ball Handler > Left P&R,P&R Ball Handler,Left P&R,,,,,12,9.4,1.0,48.7,0.0,16.7,4,0.0,,,45.5,,11,45.5,16.7,,,5,6,,12.3,0.27,50.0,7,5,2,71.4,0,4,0.36,12
Jalen Harris,Winnipeg Sea Bears,2025-2026,offense,Play types,Baseline,3,Left P&R,P&R Ball Handler > Left P&R > Baseline,P&R Ball Handler,Left P&R,Baseline,,,,9,75.0,0.889,42.9,0.0,22.2,3,0.0,,,37.5,,8,37.5,22.2,,,3,5,,9.3,0.38,44.4,5,3,2,60.0,0,3,0.38,8
Jalen Harris,Winnipeg Sea Bears,2025-2026,offense,Play types,Dribble Off Pick,4,Baseline,P&R Ball Handler > Left P&R > Baseline > Dribble Off Pick,P&R Ball Handler,Left P&R,Baseline,Dribble Off Pick,,,9,100.0,0.889,42.9,0.0,22.2,3,0.0,,,37.5,,8,37.5,22.2,,,3,5,,9.3,0.38,44.4,5,3,2,60.0,0,3,0.38,8
Jalen Harris,Winnipeg Sea Bears,2025-2026,offense,Play types,Dribble Jumper,5,Dribble Off Pick,P&R Ball Handler > Left P&R > Baseline > Dribble Off Pick > Dribble Jumper,P&R Ball Handler,Left P&R,Baseline,Dribble Off Pick,Dribble Jumper,,6,66.7,0.333,16.7,0.0,0.0,3,0.0,,,16.7,,6,16.7,0.0,,,1,5,,6.0,0.0,16.7,3,1,2,33.3,0,3,0.5,2
Jalen Harris,Winnipeg Sea Bears,2025-2026,offense,Play types,To Basket,5,Dribble Off Pick,P&R Ball Handler > Left P&R > Baseline > Dribble Off Pick > To Basket,P&R Ball Handler,Left P&R,Baseline,Dribble Off Pick,To Basket,,3,33.3,2.0,90.4,0.0,66.7,0,,,,100.0,,2,100.0,66.7,,,2,0,,3.3,1.5,100.0,2,2,0,100.0,0,0,0.0,6
Jalen Harris,Winnipeg Sea Bears,2025-2026,offense,Play types,Side,3,Left P&R,P&R Ball Handler > Left P&R > Side,P&R Ball Handler,Left P&R,Side,,,,3,25.0,1.333,66.7,0.0,0.0,1,0.0,,,66.7,,3,66.7,0.0,,,2,1,,3.0,0.0,66.7,2,2,0,100.0,0,1,0.33,4
Jalen Harris,Winnipeg Sea Bears,2025-2026,offense,Play types,Dribble Off Pick,4,Side,P&R Ball Handler > Left P&R > Side > Dribble Off Pick,P&R Ball Handler,Left P&R,Side,Dribble Off Pick,,,2,66.7,1.0,50.0,0.0,0.0,1,0.0,,,50.0,,2,50.0,0.0,,,1,1,,2.0,0.0,50.0,1,1,0,100.0,0,1,0.5,2
Jalen Harris,Winnipeg Sea Bears,2025-2026,offense,Play types,Dribble Jumper,5,Dribble Off Pick,P&R Ball Handler > Left P&R > Side > Dribble Off Pick > Dribble Jumper,P&R Ball Handler,Left P&R,Side,Dribble Off Pick,Dribble Jumper,,2,100.0,1.0,50.0,0.0,0.0,1,0.0,,,50.0,,2,50.0,0.0,,,1,1,,2.0,0.0,50.0,1,1,0,100.0,0,1,0.5,2
Jalen Harris,Winnipeg Sea Bears,2025-2026,offense,Play types,Go Away from Pick,4,Side,P&R Ball Handler > Left P&R > Side > Go Away from Pick,P&R Ball Handler,Left P&R,Side,Go Away from Pick,,,1,33.3,2.0,100.0,0.0,0.0,0,,,,100.0,,1,100.0,0.0,,,1,0,,1.0,0.0,100.0,1,1,0,100.0,0,0,0.0,2
Jalen Harris,Winnipeg Sea Bears,2025-2026,offense,Play types,Dribble Jumper,5,Go Away from Pick,P&R Ball Handler > Left P&R > Side > Go Away from Pick > Dribble Jumper,P&R Ball Handler,Left P&R,Side,Go Away from Pick,Dribble Jumper,,1,100.0,2.0,100.0,0.0,0.0,0,,,,100.0,,1,100.0,0.0,,,1,0,,1.0,0.0,100.0,1,1,0,100.0,0,0,0.0,2
Jalen Harris,Winnipeg Sea Bears,2025-2026,offense,Play types,Right P&R,2,P&R Ball Handler,P&R Ball Handler > Right P&R,P&R Ball Handler,Right P&R,,,,,8,6.3,0.5,33.3,25.0,0.0,3,0.0,,,33.3,,6,33.3,0.0,,,2,4,,6.0,0.0,25.0,3,2,1,66.7,0,3,0.5,4
Jalen Harris,Winnipeg Sea Bears,2025-2026,offense,Play types,Baseline,3,Right P&R,P&R Ball Handler > Right P&R > Baseline,P&R Ball Handler,Right P&R,Baseline,,,,5,62.5,0.4,33.3,40.0,0.0,2,0.0,,,33.3,,3,33.3,0.0,,,1,2,,3.0,0.0,20.0,1,1,0,100.0,0,2,0.67,2
Jalen Harris,Winnipeg Sea Bears,2025-2026,offense,Play types,Dribble Off Pick,4,Baseline,P&R Ball Handler > Right P&R > Baseline > Dribble Off Pick,P&R Ball Handler,Right P&R,Baseline,Dribble Off Pick,,,3,60.0,0.0,0.0,66.7,0.0,1,0.0,,,0.0,,1,0.0,0.0,,,0,1,,1.0,0.0,0.0,0,0,0,,0,1,1.0,0
Jalen Harris,Winnipeg Sea Bears,2025-2026,offense,Play types,Dribble Jumper,5,Dribble Off Pick,P&R Ball Handler > Right P&R > Baseline > Dribble Off Pick > Dribble Jumper,P&R Ball Handler,Right P&R,Baseline,Dribble Off Pick,Dribble Jumper,,1,33.3,0.0,0.0,0.0,0.0,1,0.0,,,0.0,,1,0.0,0.0,,,0,1,,1.0,0.0,0.0,0,0,0,,0,1,1.0,0
Jalen Harris,Winnipeg Sea Bears,2025-2026,offense,Play types,To Basket,5,Dribble Off Pick,P&R Ball Handler > Right P&R > Baseline > Dribble Off Pick > To Basket,P&R Ball Handler,Right P&R,Baseline,Dribble Off Pick,To Basket,,1,33.3,0.0,,100.0,0.0,0,,,,,,0,,0.0,,,0,0,,0.0,,0.0,0,0,0,,0,0,,0
Jalen Harris,Winnipeg Sea Bears,2025-2026,offense,Play types,Defense Commits,5,Dribble Off Pick,P&R Ball Handler > Right P&R > Baseline > Dribble Off Pick > Defense Commits,P&R Ball Handler,Right P&R,Baseline,Dribble Off Pick,Defense Commits,,1,33.3,0.0,,100.0,0.0,0,,,,,,0,,0.0,,,0,0,,0.0,,0.0,0,0,0,,0,0,,0
Jalen Harris,Winnipeg Sea Bears,2025-2026,offense,Play types,Go Away from Pick,4,Baseline,P&R Ball Handler > Right P&R > Baseline > Go Away from Pick,P&R Ball Handler,Right P&R,Baseline,Go Away from Pick,,,1,20.0,2.0,100.0,0.0,0.0,0,,,,100.0,,1,100.0,0.0,,,1,0,,1.0,0.0,100.0,1,1,0,100.0,0,0,0.0,2
Jalen Harris,Winnipeg Sea Bears,2025-2026,offense,Play types,Dribble Jumper,5,Go Away from Pick,P&R Ball Handler > Right P&R > Baseline > Go Away from Pick > Dribble Jumper,P&R Ball Handler,Right P&R,Baseline,Go Away from Pick,Dribble Jumper,,1,100.0,2.0,100.0,0.0,0.0,0,,,,100.0,,1,100.0,0.0,,,1,0,,1.0,0.0,100.0,1,1,0,100.0,0,0,0.0,2
Jalen Harris,Winnipeg Sea Bears,2025-2026,offense,Play types,Takes Early Jump Shot,4,Baseline,P&R Ball Handler > Right P&R > Baseline > Takes Early Jump Shot,P&R Ball Handler,Right P&R,Baseline,Takes Early Jump Shot,,,1,20.0,0.0,0.0,0.0,0.0,1,0.0,,,0.0,,1,0.0,0.0,,,0,1,,1.0,0.0,0.0,0,0,0,,0,1,1.0,0
Jalen Harris,Winnipeg Sea Bears,2025-2026,offense,Play types,Dribble Jumper,5,Takes Early Jump Shot,P&R Ball Handler > Right P&R > Baseline > Takes Early Jump Shot > Dribble Jumper,P&R Ball Handler,Right P&R,Baseline,Takes Early Jump Shot,Dribble Jumper,,1,100.0,0.0,0.0,0.0,0.0,1,0.0,,,0.0,,1,0.0,0.0,,,0,1,,1.0,0.0,0.0,0,0,0,,0,1,1.0,0
Jalen Harris,Winnipeg Sea Bears,2025-2026,offense,Play types,Side,3,Right P&R,P&R Ball Handler > Right P&R > Side,P&R Ball Handler,Right P&R,Side,,,,3,37.5,0.667,33.3,0.0,0.0,1,0.0,,,33.3,,3,33.3,0.0,,,1,2,,3.0,0.0,33.3,2,1,1,50.0,0,1,0.33,2
Jalen Harris,Winnipeg Sea Bears,2025-2026,offense,Play types,Dribble Off Pick,4,Side,P&R Ball Handler > Right P&R > Side > Dribble Off Pick,P&R Ball Handler,Right P&R,Side,Dribble Off Pick,,,2,66.7,0.0,0.0,0.0,0.0,1,0.0,,,0.0,,2,0.0,0.0,,,0,2,,2.0,0.0,0.0,1,0,1,0.0,0,1,0.5,0
Jalen Harris,Winnipeg Sea Bears,2025-2026,offense,Play types,Dribble Jumper,5,Dribble Off Pick,P&R Ball Handler > Right P&R > Side > Dribble Off Pick > Dribble Jumper,P&R Ball Handler,Right P&R,Side,Dribble Off Pick,Dribble Jumper,,1,50.0,0.0,0.0,0.0,0.0,1,0.0,,,0.0,,1,0.0,0.0,,,0,1,,1.0,0.0,0.0,0,0,0,,0,1,1.0,0
Jalen Harris,Winnipeg Sea Bears,2025-2026,offense,Play types,To Basket,5,Dribble Off Pick,P&R Ball Handler > Right P&R > Side > Dribble Off Pick > To Basket,P&R Ball Handler,Right P&R,Side,Dribble Off Pick,To Basket,,1,50.0,0.0,0.0,0.0,0.0,0,,,,0.0,,1,0.0,0.0,,,0,1,,1.0,0.0,0.0,1,0,1,0.0,0,0,0.0,0
Jalen Harris,Winnipeg Sea Bears,2025-2026,offense,Play types,Go Away from Pick,4,Side,P&R Ball Handler > Right P&R > Side > Go Away from Pick,P&R Ball Handler,Right P&R,Side,Go Away from Pick,,,1,33.3,2.0,100.0,0.0,0.0,0,,,,100.0,,1,100.0,0.0,,,1,0,,1.0,0.0,100.0,1,1,0,100.0,0,0,0.0,2
Jalen Harris,Winnipeg Sea Bears,2025-2026,offense,Play types,Dribble Jumper,5,Go Away from Pick,P&R Ball Handler > Right P&R > Side > Go Away from Pick > Dribble Jumper,P&R Ball Handler,Right P&R,Side,Go Away from Pick,Dribble Jumper,,1,100.0,2.0,100.0,0.0,0.0,0,,,,100.0,,1,100.0,0.0,,,1,0,,1.0,0.0,100.0,1,1,0,100.0,0,0,0.0,2
Jalen Harris,Winnipeg Sea Bears,2025-2026,offense,Play types,Spot Up,1,,Spot Up,Spot Up,,,,,,59,15.6,1.085,56.7,5.1,1.7,40,37.5,Very Good,72.0,42.9,20.0,56,56.3,1.7,,,24,32,,56.4,0.02,40.7,16,9,7,56.3,15,25,0.71,64
Jalen Harris,Winnipeg Sea Bears,2025-2026,offense,Play types,No Dribble Jumper,2,Spot Up,Spot Up > No Dribble Jumper,Spot Up,No Dribble Jumper,,,,,34,57.6,1.059,52.9,0.0,0.0,34,35.3,,,35.3,,34,52.9,0.0,,,12,22,,34.0,0.0,35.3,0,0,0,,12,22,1.0,36
Jalen Harris,Winnipeg Sea Bears,2025-2026,offense,Play types,Open,3,No Dribble Jumper,Spot Up > No Dribble Jumper > Open,Spot Up,No Dribble Jumper,Open,,,,18,52.9,1.0,50.0,0.0,0.0,18,33.3,,,33.3,,18,50.0,0.0,,,6,12,,18.0,0.0,33.3,0,0,0,,6,12,1.0,18
Jalen Harris,Winnipeg Sea Bears,2025-2026,offense,Play types,Long/3pt,4,Open,Spot Up > No Dribble Jumper > Open > Long/3pt,Spot Up,No Dribble Jumper,Open,Long/3pt,,,18,100.0,1.0,50.0,0.0,0.0,18,33.3,,,33.3,,18,50.0,0.0,,,6,12,,18.0,0.0,33.3,0,0,0,,6,12,1.0,18
Jalen Harris,Winnipeg Sea Bears,2025-2026,offense,Play types,Miss 3 Pts,5,Long/3pt,Spot Up > No Dribble Jumper > Open > Long/3pt > Miss 3 Pts,Spot Up,No Dribble Jumper,Open,Long/3pt,Miss 3 Pts,,12,66.7,0.0,0.0,0.0,0.0,12,0.0,,,0.0,,12,0.0,0.0,,,0,12,,12.0,0.0,0.0,0,0,0,,0,12,1.0,0
Jalen Harris,Winnipeg Sea Bears,2025-2026,offense,Play types,Make 3 Pts,5,Long/3pt,Spot Up > No Dribble Jumper > Open > Long/3pt > Make 3 Pts,Spot Up,No Dribble Jumper,Open,Long/3pt,Make 3 Pts,,6,33.3,3.0,150.0,0.0,0.0,6,100.0,,,100.0,,6,150.0,0.0,,,6,0,,6.0,0.0,100.0,0,0,0,,6,0,1.0,18
Jalen Harris,Winnipeg Sea Bears,2025-2026,offense,Play types,Guarded,3,No Dribble Jumper,Spot Up > No Dribble Jumper > Guarded,Spot Up,No Dribble Jumper,Guarded,,,,16,47.1,1.125,56.3,0.0,0.0,16,37.5,,,37.5,,16,56.3,0.0,,,6,10,,16.0,0.0,37.5,0,0,0,,6,10,1.0,18
Jalen Harris,Winnipeg Sea Bears,2025-2026,offense,Play types,Long/3pt,4,Guarded,Spot Up > No Dribble Jumper > Guarded > Long/3pt,Spot Up,No Dribble Jumper,Guarded,Long/3pt,,,16,100.0,1.125,56.3,0.0,0.0,16,37.5,,,37.5,,16,56.3,0.0,,,6,10,,16.0,0.0,37.5,0,0,0,,6,10,1.0,18
Jalen Harris,Winnipeg Sea Bears,2025-2026,offense,Play types,Miss 3 Pts,5,Long/3pt,Spot Up > No Dribble Jumper > Guarded > Long/3pt > Miss 3 Pts,Spot Up,No Dribble Jumper,Guarded,Long/3pt,Miss 3 Pts,,10,62.5,0.0,0.0,0.0,0.0,10,0.0,,,0.0,,10,0.0,0.0,,,0,10,,10.0,0.0,0.0,0,0,0,,0,10,1.0,0
Jalen Harris,Winnipeg Sea Bears,2025-2026,offense,Play types,Make 3 Pts,5,Long/3pt,Spot Up > No Dribble Jumper > Guarded > Long/3pt > Make 3 Pts,Spot Up,No Dribble Jumper,Guarded,Long/3pt,Make 3 Pts,,6,37.5,3.0,150.0,0.0,0.0,6,100.0,,,100.0,,6,150.0,0.0,,,6,0,,6.0,0.0,100.0,0,0,0,,6,0,1.0,18
Jalen Harris,Winnipeg Sea Bears,2025-2026,offense,Play types,Drives Left,2,Spot Up,Spot Up > Drives Left,Spot Up,Drives Left,,,,,11,18.6,1.182,68.9,18.2,9.1,0,,,,66.7,,9,66.7,9.1,,,6,3,,9.4,0.11,54.5,9,6,3,66.7,0,0,0.0,13
Jalen Harris,Winnipeg Sea Bears,2025-2026,offense,Play types,To Basket,3,Drives Left,Spot Up > Drives Left > To Basket,Spot Up,Drives Left,To Basket,,,,8,72.7,1.375,85.4,25.0,12.5,0,,,,83.3,,6,83.3,12.5,,,5,1,,6.4,0.17,62.5,6,5,1,83.3,0,0,0.0,11
Jalen Harris,Winnipeg Sea Bears,2025-2026,offense,Play types,Make 2 Pts,4,To Basket,Spot Up > Drives Left > To Basket > Make 2 Pts,Spot Up,Drives Left,To Basket,Make 2 Pts,,,4,50.0,2.0,100.0,0.0,0.0,0,,,,100.0,,4,100.0,0.0,,,4,0,,4.0,0.0,100.0,4,4,0,100.0,0,0,0.0,8
Jalen Harris,Winnipeg Sea Bears,2025-2026,offense,Play types,Turnover,4,To Basket,Spot Up > Drives Left > To Basket > Turnover,Spot Up,Drives Left,To Basket,Turnover,,,2,25.0,0.0,,100.0,0.0,0,,,,,,0,,0.0,,,0,0,,0.0,,0.0,0,0,0,,0,0,,0
Jalen Harris,Winnipeg Sea Bears,2025-2026,offense,Play types,Make 2 Pts Foul,4,To Basket,Spot Up > Drives Left > To Basket > Make 2 Pts Foul,Spot Up,Drives Left,To Basket,Make 2 Pts Foul,,,1,12.5,3.0,104.2,0.0,100.0,0,,,,100.0,,1,100.0,100.0,,,1,0,,1.4,1.0,100.0,1,1,0,100.0,0,0,0.0,3
Jalen Harris,Winnipeg Sea Bears,2025-2026,offense,Play types,1 Pts,5,Make 2 Pts Foul,Spot Up > Drives Left > To Basket > Make 2 Pts Foul > 1 Pts,Spot Up,Drives Left,To Basket,Make 2 Pts Foul,1 Pts,,1,100.0,3.0,104.2,0.0,100.0,0,,,,100.0,,1,100.0,100.0,,,1,0,,1.4,1.0,100.0,1,1,0,100.0,0,0,0.0,3
Jalen Harris,Winnipeg Sea Bears,2025-2026,offense,Play types,Miss 2 Pts,4,To Basket,Spot Up > Drives Left > To Basket > Miss 2 Pts,Spot Up,Drives Left,To Basket,Miss 2 Pts,,,1,12.5,0.0,0.0,0.0,0.0,0,,,,0.0,,1,0.0,0.0,,,0,1,,1.0,0.0,0.0,1,0,1,0.0,0,0,0.0,0
Jalen Harris,Winnipeg Sea Bears,2025-2026,offense,Play types,Dribble Jumper,3,Drives Left,Spot Up > Drives Left > Dribble Jumper,Spot Up,Drives Left,Dribble Jumper,,,,3,27.3,0.667,33.3,0.0,0.0,0,,,,33.3,,3,33.3,0.0,,,1,2,,3.0,0.0,33.3,3,1,2,33.3,0,0,0.0,2
Jalen Harris,Winnipeg Sea Bears,2025-2026,offense,Play types,Short to < 17,4,Dribble Jumper,Spot Up > Drives Left > Dribble Jumper > Short to < 17,Spot Up,Drives Left,Dribble Jumper,Short to < 17,,,3,100.0,0.667,33.3,0.0,0.0,0,,,,33.3,,3,33.3,0.0,,,1,2,,3.0,0.0,33.3,3,1,2,33.3,0,0,0.0,2
Jalen Harris,Winnipeg Sea Bears,2025-2026,offense,Play types,Miss 2 Pts,5,Short to < 17,Spot Up > Drives Left > Dribble Jumper > Short to < 17 > Miss 2 Pts,Spot Up,Drives Left,Dribble Jumper,Short to < 17,Miss 2 Pts,,2,66.7,0.0,0.0,0.0,0.0,0,,,,0.0,,2,0.0,0.0,,,0,2,,2.0,0.0,0.0,2,0,2,0.0,0,0,0.0,0
Jalen Harris,Winnipeg Sea Bears,2025-2026,offense,Play types,Make 2 Pts,5,Short to < 17,Spot Up > Drives Left > Dribble Jumper > Short to < 17 > Make 2 Pts,Spot Up,Drives Left,Dribble Jumper,Short to < 17,Make 2 Pts,,1,33.3,2.0,100.0,0.0,0.0,0,,,,100.0,,1,100.0,0.0,,,1,0,,1.0,0.0,100.0,1,1,0,100.0,0,0,0.0,2
Jalen Harris,Winnipeg Sea Bears,2025-2026,offense,Play types,Drives Right,2,Spot Up,Spot Up > Drives Right,Spot Up,Drives Right,,,,,10,16.9,0.6,33.3,10.0,0.0,2,0.0,,,33.3,,9,33.3,0.0,,,3,6,,9.0,0.0,30.0,7,3,4,42.9,0,2,0.22,6
Jalen Harris,Winnipeg Sea Bears,2025-2026,offense,Play types,Dribble Jumper,3,Drives Right,Spot Up > Drives Right > Dribble Jumper,Spot Up,Drives Right,Dribble Jumper,,,,5,50.0,0.8,40.0,0.0,0.0,2,0.0,,,40.0,,5,40.0,0.0,,,2,3,,5.0,0.0,40.0,3,2,1,66.7,0,2,0.4,4
Jalen Harris,Winnipeg Sea Bears,2025-2026,offense,Play types,Medium/17' to 3pt,4,Dribble Jumper,Spot Up > Drives Right > Dribble Jumper > Medium/17' to 3pt,Spot Up,Drives Right,Dribble Jumper,Medium/17' to 3pt,,,3,60.0,1.333,66.7,0.0,0.0,0,,,,66.7,,3,66.7,0.0,,,2,1,,3.0,0.0,66.7,3,2,1,66.7,0,0,0.0,4
Jalen Harris,Winnipeg Sea Bears,2025-2026,offense,Play types,Make 2 Pts,5,Medium/17' to 3pt,Spot Up > Drives Right > Dribble Jumper > Medium/17' to 3pt > Make 2 Pts,Spot Up,Drives Right,Dribble Jumper,Medium/17' to 3pt,Make 2 Pts,,2,66.7,2.0,100.0,0.0,0.0,0,,,,100.0,,2,100.0,0.0,,,2,0,,2.0,0.0,100.0,2,2,0,100.0,0,0,0.0,4
Jalen Harris,Winnipeg Sea Bears,2025-2026,offense,Play types,Miss 2 Pts,5,Medium/17' to 3pt,Spot Up > Drives Right > Dribble Jumper > Medium/17' to 3pt > Miss 2 Pts,Spot Up,Drives Right,Dribble Jumper,Medium/17' to 3pt,Miss 2 Pts,,1,33.3,0.0,0.0,0.0,0.0,0,,,,0.0,,1,0.0,0.0,,,0,1,,1.0,0.0,0.0,1,0,1,0.0,0,0,0.0,0
Jalen Harris,Winnipeg Sea Bears,2025-2026,offense,Play types,Long/3pt,4,Dribble Jumper,Spot Up > Drives Right > Dribble Jumper > Long/3pt,Spot Up,Drives Right,Dribble Jumper,Long/3pt,,,2,40.0,0.0,0.0,0.0,0.0,2,0.0,,,0.0,,2,0.0,0.0,,,0,2,,2.0,0.0,0.0,0,0,0,,0,2,1.0,0
Jalen Harris,Winnipeg Sea Bears,2025-2026,offense,Play types,Miss 3 Pts,5,Long/3pt,Spot Up > Drives Right > Dribble Jumper > Long/3pt > Miss 3 Pts,Spot Up,Drives Right,Dribble Jumper,Long/3pt,Miss 3 Pts,,2,100.0,0.0,0.0,0.0,0.0,2,0.0,,,0.0,,2,0.0,0.0,,,0,2,,2.0,0.0,0.0,0,0,0,,0,2,1.0,0
Jalen Harris,Winnipeg Sea Bears,2025-2026,offense,Play types,To Basket,3,Drives Right,Spot Up > Drives Right > To Basket,Spot Up,Drives Right,To Basket,,,,4,40.0,0.5,25.0,0.0,0.0,0,,,,25.0,,4,25.0,0.0,,,1,3,,4.0,0.0,25.0,4,1,3,25.0,0,0,0.0,2
Jalen Harris,Winnipeg Sea Bears,2025-2026,offense,Play types,Miss 2 Pts,4,To Basket,Spot Up > Drives Right > To Basket > Miss 2 Pts,Spot Up,Drives Right,To Basket,Miss 2 Pts,,,3,75.0,0.0,0.0,0.0,0.0,0,,,,0.0,,3,0.0,0.0,,,0,3,,3.0,0.0,0.0,3,0,3,0.0,0,0,0.0,0
Jalen Harris,Winnipeg Sea Bears,2025-2026,offense,Play types,Make 2 Pts,4,To Basket,Spot Up > Drives Right > To Basket > Make 2 Pts,Spot Up,Drives Right,To Basket,Make 2 Pts,,,1,25.0,2.0,100.0,0.0,0.0,0,,,,100.0,,1,100.0,0.0,,,1,0,,1.0,0.0,100.0,1,1,0,100.0,0,0,0.0,2
Jalen Harris,Winnipeg Sea Bears,2025-2026,offense,Play types,Turnover,3,Drives Right,Spot Up > Drives Right > Turnover,Spot Up,Drives Right,Turnover,,,,1,10.0,0.0,,100.0,0.0,0,,,,,,0,,0.0,,,0,0,,0.0,,0.0,0,0,0,,0,0,,0
Jalen Harris,Winnipeg Sea Bears,2025-2026,offense,Play types,Drives Straight,2,Spot Up,Spot Up > Drives Straight,Spot Up,Drives Straight,,,,,4,6.8,2.25,112.5,0.0,0.0,4,75.0,,,75.0,,4,112.5,0.0,,,3,1,,4.0,0.0,75.0,0,0,0,,3,1,1.0,9
Jalen Harris,Winnipeg Sea Bears,2025-2026,offense,Play types,Dribble Jumper,3,Drives Straight,Spot Up > Drives Straight > Dribble Jumper,Spot Up,Drives Straight,Dribble Jumper,,,,4,100.0,2.25,112.5,0.0,0.0,4,75.0,,,75.0,,4,112.5,0.0,,,3,1,,4.0,0.0,75.0,0,0,0,,3,1,1.0,9
Jalen Harris,Winnipeg Sea Bears,2025-2026,offense,Play types,Long/3pt,4,Dribble Jumper,Spot Up > Drives Straight > Dribble Jumper > Long/3pt,Spot Up,Drives Straight,Dribble Jumper,Long/3pt,,,4,100.0,2.25,112.5,0.0,0.0,4,75.0,,,75.0,,4,112.5,0.0,,,3,1,,4.0,0.0,75.0,0,0,0,,3,1,1.0,9
Jalen Harris,Winnipeg Sea Bears,2025-2026,offense,Play types,Make 3 Pts,5,Long/3pt,Spot Up > Drives Straight > Dribble Jumper > Long/3pt > Make 3 Pts,Spot Up,Drives Straight,Dribble Jumper,Long/3pt,Make 3 Pts,,3,75.0,3.0,150.0,0.0,0.0,3,100.0,,,100.0,,3,150.0,0.0,,,3,0,,3.0,0.0,100.0,0,0,0,,3,0,1.0,9
Jalen Harris,Winnipeg Sea Bears,2025-2026,offense,Play types,Miss 3 Pts,5,Long/3pt,Spot Up > Drives Straight > Dribble Jumper > Long/3pt > Miss 3 Pts,Spot Up,Drives Straight,Dribble Jumper,Long/3pt,Miss 3 Pts,,1,25.0,0.0,0.0,0.0,0.0,1,0.0,,,0.0,,1,0.0,0.0,,,0,1,,1.0,0.0,0.0,0,0,0,,0,1,1.0,0
Jalen Harris,Winnipeg Sea Bears,2025-2026,offense,Play types,Isolation,1,,Isolation,Isolation,,,,,,55,14.6,0.927,51.4,9.1,14.5,4,25.0,Very Good,69.0,41.9,91.0,43,43.0,10.9,,,18,25,,49.6,0.35,45.5,39,17,22,43.6,1,3,0.09,51
Jalen Harris,Winnipeg Sea Bears,2025-2026,offense,Play types,Isolation - Overall,2,Isolation,Isolation > Isolation - Overall,Isolation,Isolation - Overall,,,,,55,100.0,0.927,51.4,9.1,14.5,4,25.0,,,41.9,,43,43.0,10.9,,,18,25,,49.6,0.35,45.5,39,17,22,43.6,1,3,0.09,51
Jalen Harris,Winnipeg Sea Bears,2025-2026,offense,Play types,Drives Left,3,Isolation - Overall,Isolation > Isolation - Overall > Drives Left,Isolation,Isolation - Overall,Drives Left,,,,31,56.4,0.903,50.3,9.7,19.4,1,0.0,,,39.1,,23,39.1,12.9,,,9,14,,27.8,0.48,45.2,22,9,13,40.9,0,1,0.04,28
Jalen Harris,Winnipeg Sea Bears,2025-2026,offense,Play types,Drives Right,3,Isolation - Overall,Isolation > Isolation - Overall > Drives Right,Isolation,Isolation - Overall,Drives Right,,,,19,34.5,1.053,59.7,10.5,10.5,0,,,,53.3,,15,53.3,10.5,,,8,7,,16.8,0.27,52.6,15,8,7,53.3,0,0,0.0,20
Jalen Harris,Winnipeg Sea Bears,2025-2026,offense,Play types,Early Jumper,3,Isolation - Overall,Isolation > Isolation - Overall > Early Jumper,Isolation,Isolation - Overall,Early Jumper,,,,5,9.1,0.6,30.0,0.0,0.0,3,33.3,,,20.0,,5,30.0,0.0,,,1,4,,5.0,0.0,20.0,2,0,2,0.0,1,2,0.6,3
Jalen Harris,Winnipeg Sea Bears,2025-2026,offense,Play types,Top,2,Isolation,Isolation > Top,Isolation,Top,,,,,27,49.1,1.0,55.1,7.4,14.8,2,0.0,,,47.6,,21,47.6,7.4,,,10,11,,24.5,0.38,51.9,19,10,9,52.6,0,2,0.1,27
Jalen Harris,Winnipeg Sea Bears,2025-2026,offense,Play types,Drives Left,3,Top,Isolation > Top > Drives Left,Isolation,Top,Drives Left,,,,16,59.3,0.813,44.0,6.3,12.5,1,0.0,,,38.5,,13,38.5,0.0,,,5,8,,14.8,0.31,43.8,12,5,7,41.7,0,1,0.08,13
Jalen Harris,Winnipeg Sea Bears,2025-2026,offense,Play types,Dribble Jumper,4,Drives Left,Isolation > Top > Drives Left > Dribble Jumper,Isolation,Top,Drives Left,Dribble Jumper,,,9,56.3,0.444,22.2,0.0,0.0,1,0.0,,,22.2,,9,22.2,0.0,,,2,7,,9.0,0.0,22.2,8,2,6,25.0,0,1,0.11,4
Jalen Harris,Winnipeg Sea Bears,2025-2026,offense,Play types,Short to < 17,5,Dribble Jumper,Isolation > Top > Drives Left > Dribble Jumper > Short to < 17,Isolation,Top,Drives Left,Dribble Jumper,Short to < 17,,5,55.6,0.4,20.0,0.0,0.0,0,,,,20.0,,5,20.0,0.0,,,1,4,,5.0,0.0,20.0,5,1,4,20.0,0,0,0.0,2
Jalen Harris,Winnipeg Sea Bears,2025-2026,offense,Play types,Medium/17' to 3pt,5,Dribble Jumper,Isolation > Top > Drives Left > Dribble Jumper > Medium/17' to 3pt,Isolation,Top,Drives Left,Dribble Jumper,Medium/17' to 3pt,,3,33.3,0.667,33.3,0.0,0.0,0,,,,33.3,,3,33.3,0.0,,,1,2,,3.0,0.0,33.3,3,1,2,33.3,0,0,0.0,2
Jalen Harris,Winnipeg Sea Bears,2025-2026,offense,Play types,Long/3pt,5,Dribble Jumper,Isolation > Top > Drives Left > Dribble Jumper > Long/3pt,Isolation,Top,Drives Left,Dribble Jumper,Long/3pt,,1,11.1,0.0,0.0,0.0,0.0,1,0.0,,,0.0,,1,0.0,0.0,,,0,1,,1.0,0.0,0.0,0,0,0,,0,1,1.0,0
Jalen Harris,Winnipeg Sea Bears,2025-2026,offense,Play types,To Basket,4,Drives Left,Isolation > Top > Drives Left > To Basket,Isolation,Top,Drives Left,To Basket,,,4,25.0,1.5,75.0,0.0,0.0,0,,,,75.0,,4,75.0,0.0,,,3,1,,4.0,0.0,75.0,4,3,1,75.0,0,0,0.0,6
Jalen Harris,Winnipeg Sea Bears,2025-2026,offense,Play types,Make 2 Pts,5,To Basket,Isolation > Top > Drives Left > To Basket > Make 2 Pts,Isolation,Top,Drives Left,To Basket,Make 2 Pts,,3,75.0,2.0,100.0,0.0,0.0,0,,,,100.0,,3,100.0,0.0,,,3,0,,3.0,0.0,100.0,3,3,0,100.0,0,0,0.0,6
Jalen Harris,Winnipeg Sea Bears,2025-2026,offense,Play types,Miss 2 Pts,5,To Basket,Isolation > Top > Drives Left > To Basket > Miss 2 Pts,Isolation,Top,Drives Left,To Basket,Miss 2 Pts,,1,25.0,0.0,0.0,0.0,0.0,0,,,,0.0,,1,0.0,0.0,,,0,1,,1.0,0.0,0.0,1,0,1,0.0,0,0,0.0,0
Jalen Harris,Winnipeg Sea Bears,2025-2026,offense,Play types,Foul,4,Drives Left,Isolation > Top > Drives Left > Foul,Isolation,Top,Drives Left,Foul,,,2,12.5,1.5,85.2,0.0,100.0,0,,,,,,0,,0.0,,,0,0,,1.8,,100.0,0,0,0,,0,0,,3
Jalen Harris,Winnipeg Sea Bears,2025-2026,offense,Play types,Defense Commits,4,Drives Left,Isolation > Top > Drives Left > Defense Commits,Isolation,Top,Drives Left,Defense Commits,,,1,6.3,0.0,,100.0,0.0,0,,,,,,0,,0.0,,,0,0,,0.0,,0.0,0,0,0,,0,0,,0
Jalen Harris,Winnipeg Sea Bears,2025-2026,offense,Play types,Turnover,5,Defense Commits,Isolation > Top > Drives Left > Defense Commits > Turnover,Isolation,Top,Drives Left,Defense Commits,Turnover,,1,100.0,0.0,,100.0,0.0,0,,,,,,0,,0.0,,,0,0,,0.0,,0.0,0,0,0,,0,0,,0
Jalen Harris,Winnipeg Sea Bears,2025-2026,offense,Play types,Drives Right,3,Top,Isolation > Top > Drives Right,Isolation,Top,Drives Right,,,,10,37.0,1.4,79.9,10.0,20.0,0,,,,71.4,,7,71.4,20.0,,,5,2,,8.8,0.57,70.0,7,5,2,71.4,0,0,0.0,14
Jalen Harris,Winnipeg Sea Bears,2025-2026,offense,Play types,To Basket,4,Drives Right,Isolation > Top > Drives Right > To Basket,Isolation,Top,Drives Right,To Basket,,,7,70.0,1.429,74.0,0.0,28.6,0,,,,60.0,,5,60.0,28.6,,,3,2,,6.8,0.8,71.4,5,3,2,60.0,0,0,0.0,10
Jalen Harris,Winnipeg Sea Bears,2025-2026,offense,Play types,Make 2 Pts,5,To Basket,Isolation > Top > Drives Right > To Basket > Make 2 Pts,Isolation,Top,Drives Right,To Basket,Make 2 Pts,,3,42.9,2.0,100.0,0.0,0.0,0,,,,100.0,,3,100.0,0.0,,,3,0,,3.0,0.0,100.0,3,3,0,100.0,0,0,0.0,6
Jalen Harris,Winnipeg Sea Bears,2025-2026,offense,Play types,Foul,5,To Basket,Isolation > Top > Drives Right > To Basket > Foul,Isolation,Top,Drives Right,To Basket,Foul,,2,28.6,2.0,113.6,0.0,100.0,0,,,,,,0,,100.0,,,0,0,,1.8,,100.0,0,0,0,,0,0,,4
Jalen Harris,Winnipeg Sea Bears,2025-2026,offense,Play types,Miss 2 Pts,5,To Basket,Isolation > Top > Drives Right > To Basket > Miss 2 Pts,Isolation,Top,Drives Right,To Basket,Miss 2 Pts,,2,28.6,0.0,0.0,0.0,0.0,0,,,,0.0,,2,0.0,0.0,,,0,2,,2.0,0.0,0.0,2,0,2,0.0,0,0,0.0,0
Jalen Harris,Winnipeg Sea Bears,2025-2026,offense,Play types,Dribble Jumper,4,Drives Right,Isolation > Top > Drives Right > Dribble Jumper,Isolation,Top,Drives Right,Dribble Jumper,,,2,20.0,2.0,100.0,0.0,0.0,0,,,,100.0,,2,100.0,0.0,,,2,0,,2.0,0.0,100.0,2,2,0,100.0,0,0,0.0,4
Jalen Harris,Winnipeg Sea Bears,2025-2026,offense,Play types,Short to < 17,5,Dribble Jumper,Isolation > Top > Drives Right > Dribble Jumper > Short to < 17,Isolation,Top,Drives Right,Dribble Jumper,Short to < 17,,2,100.0,2.0,100.0,0.0,0.0,0,,,,100.0,,2,100.0,0.0,,,2,0,,2.0,0.0,100.0,2,2,0,100.0,0,0,0.0,4
Jalen Harris,Winnipeg Sea Bears,2025-2026,offense,Play types,Defense Commits,4,Drives Right,Isolation > Top > Drives Right > Defense Commits,Isolation,Top,Drives Right,Defense Commits,,,1,10.0,0.0,,100.0,0.0,0,,,,,,0,,0.0,,,0,0,,0.0,,0.0,0,0,0,,0,0,,0
Jalen Harris,Winnipeg Sea Bears,2025-2026,offense,Play types,Turnover,5,Defense Commits,Isolation > Top > Drives Right > Defense Commits > Turnover,Isolation,Top,Drives Right,Defense Commits,Turnover,,1,100.0,0.0,,100.0,0.0,0,,,,,,0,,0.0,,,0,0,,0.0,,0.0,0,0,0,,0,0,,0
Jalen Harris,Winnipeg Sea Bears,2025-2026,offense,Play types,Early Jumper,3,Top,Isolation > Top > Early Jumper,Isolation,Top,Early Jumper,,,,1,3.7,0.0,0.0,0.0,0.0,1,0.0,,,0.0,,1,0.0,0.0,,,0,1,,1.0,0.0,0.0,0,0,0,,0,1,1.0,0
Jalen Harris,Winnipeg Sea Bears,2025-2026,offense,Play types,Dribble Jumper,4,Early Jumper,Isolation > Top > Early Jumper > Dribble Jumper,Isolation,Top,Early Jumper,Dribble Jumper,,,1,100.0,0.0,0.0,0.0,0.0,1,0.0,,,0.0,,1,0.0,0.0,,,0,1,,1.0,0.0,0.0,0,0,0,,0,1,1.0,0
Jalen Harris,Winnipeg Sea Bears,2025-2026,offense,Play types,Long/3pt,5,Dribble Jumper,Isolation > Top > Early Jumper > Dribble Jumper > Long/3pt,Isolation,Top,Early Jumper,Dribble Jumper,Long/3pt,,1,100.0,0.0,0.0,0.0,0.0,1,0.0,,,0.0,,1,0.0,0.0,,,0,1,,1.0,0.0,0.0,0,0,0,,0,1,1.0,0
Jalen Harris,Winnipeg Sea Bears,2025-2026,offense,Play types,Left,2,Isolation,Isolation > Left,Isolation,Left,,,,,18,32.7,0.944,50.7,5.6,11.1,1,100.0,,,40.0,,15,43.3,11.1,,,6,9,,16.8,0.27,44.4,14,5,9,35.7,1,0,0.07,17
Jalen Harris,Winnipeg Sea Bears,2025-2026,offense,Play types,Drives Left,3,Left,Isolation > Left > Drives Left,Isolation,Left,Drives Left,,,,9,50.0,0.889,51.5,11.1,22.2,0,,,,33.3,,6,33.3,22.2,,,2,4,,7.8,0.67,44.4,6,2,4,33.3,0,0,0.0,8
Jalen Harris,Winnipeg Sea Bears,2025-2026,offense,Play types,To Basket,4,Drives Left,Isolation > Left > Drives Left > To Basket,Isolation,Left,Drives Left,To Basket,,,4,44.4,1.0,53.2,0.0,50.0,0,,,,0.0,,2,0.0,50.0,,,0,2,,3.8,2.0,50.0,2,0,2,0.0,0,0,0.0,4
Jalen Harris,Winnipeg Sea Bears,2025-2026,offense,Play types,Foul,5,To Basket,Isolation > Left > Drives Left > To Basket > Foul,Isolation,Left,Drives Left,To Basket,Foul,,2,50.0,2.0,113.6,0.0,100.0,0,,,,,,0,,100.0,,,0,0,,1.8,,100.0,0,0,0,,0,0,,4
Jalen Harris,Winnipeg Sea Bears,2025-2026,offense,Play types,Miss 2 Pts,5,To Basket,Isolation > Left > Drives Left > To Basket > Miss 2 Pts,Isolation,Left,Drives Left,To Basket,Miss 2 Pts,,2,50.0,0.0,0.0,0.0,0.0,0,,,,0.0,,2,0.0,0.0,,,0,2,,2.0,0.0,0.0,2,0,2,0.0,0,0,0.0,0
Jalen Harris,Winnipeg Sea Bears,2025-2026,offense,Play types,Dribble Jumper,4,Drives Left,Isolation > Left > Drives Left > Dribble Jumper,Isolation,Left,Drives Left,Dribble Jumper,,,4,44.4,1.0,50.0,0.0,0.0,0,,,,50.0,,4,50.0,0.0,,,2,2,,4.0,0.0,50.0,4,2,2,50.0,0,0,0.0,4
Jalen Harris,Winnipeg Sea Bears,2025-2026,offense,Play types,Short to < 17,5,Dribble Jumper,Isolation > Left > Drives Left > Dribble Jumper > Short to < 17,Isolation,Left,Drives Left,Dribble Jumper,Short to < 17,,2,50.0,2.0,100.0,0.0,0.0,0,,,,100.0,,2,100.0,0.0,,,2,0,,2.0,0.0,100.0,2,2,0,100.0,0,0,0.0,4
Jalen Harris,Winnipeg Sea Bears,2025-2026,offense,Play types,Medium/17' to 3pt,5,Dribble Jumper,Isolation > Left > Drives Left > Dribble Jumper > Medium/17' to 3pt,Isolation,Left,Drives Left,Dribble Jumper,Medium/17' to 3pt,,2,50.0,0.0,0.0,0.0,0.0,0,,,,0.0,,2,0.0,0.0,,,0,2,,2.0,0.0,0.0,2,0,2,0.0,0,0,0.0,0
Jalen Harris,Winnipeg Sea Bears,2025-2026,offense,Play types,Defense Commits,4,Drives Left,Isolation > Left > Drives Left > Defense Commits,Isolation,Left,Drives Left,Defense Commits,,,1,11.1,0.0,,100.0,0.0,0,,,,,,0,,0.0,,,0,0,,0.0,,0.0,0,0,0,,0,0,,0
Jalen Harris,Winnipeg Sea Bears,2025-2026,offense,Play types,Turnover,5,Defense Commits,Isolation > Left > Drives Left > Defense Commits > Turnover,Isolation,Left,Drives Left,Defense Commits,Turnover,,1,100.0,0.0,,100.0,0.0,0,,,,,,0,,0.0,,,0,0,,0.0,,0.0,0,0,0,,0,0,,0
Jalen Harris,Winnipeg Sea Bears,2025-2026,offense,Play types,Drives Right,3,Left,Isolation > Left > Drives Right,Isolation,Left,Drives Right,,,,6,33.3,1.0,50.0,0.0,0.0,0,,,,50.0,,6,50.0,0.0,,,3,3,,6.0,0.0,50.0,6,3,3,50.0,0,0,0.0,6
Jalen Harris,Winnipeg Sea Bears,2025-2026,offense,Play types,Dribble Jumper,4,Drives Right,Isolation > Left > Drives Right > Dribble Jumper,Isolation,Left,Drives Right,Dribble Jumper,,,3,50.0,1.333,66.7,0.0,0.0,0,,,,66.7,,3,66.7,0.0,,,2,1,,3.0,0.0,66.7,3,2,1,66.7,0,0,0.0,4
Jalen Harris,Winnipeg Sea Bears,2025-2026,offense,Play types,Short to < 17,5,Dribble Jumper,Isolation > Left > Drives Right > Dribble Jumper > Short to < 17,Isolation,Left,Drives Right,Dribble Jumper,Short to < 17,,3,100.0,1.333,66.7,0.0,0.0,0,,,,66.7,,3,66.7,0.0,,,2,1,,3.0,0.0,66.7,3,2,1,66.7,0,0,0.0,4
Jalen Harris,Winnipeg Sea Bears,2025-2026,offense,Play types,To Basket,4,Drives Right,Isolation > Left > Drives Right > To Basket,Isolation,Left,Drives Right,To Basket,,,3,50.0,0.667,33.3,0.0,0.0,0,,,,33.3,,3,33.3,0.0,,,1,2,,3.0,0.0,33.3,3,1,2,33.3,0,0,0.0,2
Jalen Harris,Winnipeg Sea Bears,2025-2026,offense,Play types,Miss 2 Pts,5,To Basket,Isolation > Left > Drives Right > To Basket > Miss 2 Pts,Isolation,Left,Drives Right,To Basket,Miss 2 Pts,,2,66.7,0.0,0.0,0.0,0.0,0,,,,0.0,,2,0.0,0.0,,,0,2,,2.0,0.0,0.0,2,0,2,0.0,0,0,0.0,0
Jalen Harris,Winnipeg Sea Bears,2025-2026,offense,Play types,Make 2 Pts,5,To Basket,Isolation > Left > Drives Right > To Basket > Make 2 Pts,Isolation,Left,Drives Right,To Basket,Make 2 Pts,,1,33.3,2.0,100.0,0.0,0.0,0,,,,100.0,,1,100.0,0.0,,,1,0,,1.0,0.0,100.0,1,1,0,100.0,0,0,0.0,2
Jalen Harris,Winnipeg Sea Bears,2025-2026,offense,Play types,Early Jumper,3,Left,Isolation > Left > Early Jumper,Isolation,Left,Early Jumper,,,,3,16.7,1.0,50.0,0.0,0.0,1,100.0,,,33.3,,3,50.0,0.0,,,1,2,,3.0,0.0,33.3,2,0,2,0.0,1,0,0.33,3
Jalen Harris,Winnipeg Sea Bears,2025-2026,offense,Play types,Dribble Jumper,4,Early Jumper,Isolation > Left > Early Jumper > Dribble Jumper,Isolation,Left,Early Jumper,Dribble Jumper,,,3,100.0,1.0,50.0,0.0,0.0,1,100.0,,,33.3,,3,50.0,0.0,,,1,2,,3.0,0.0,33.3,2,0,2,0.0,1,0,0.33,3
Jalen Harris,Winnipeg Sea Bears,2025-2026,offense,Play types,Medium/17' to 3pt,5,Dribble Jumper,Isolation > Left > Early Jumper > Dribble Jumper > Medium/17' to 3pt,Isolation,Left,Early Jumper,Dribble Jumper,Medium/17' to 3pt,,2,66.7,0.0,0.0,0.0,0.0,0,,,,0.0,,2,0.0,0.0,,,0,2,,2.0,0.0,0.0,2,0,2,0.0,0,0,0.0,0
Jalen Harris,Winnipeg Sea Bears,2025-2026,offense,Play types,Long/3pt,5,Dribble Jumper,Isolation > Left > Early Jumper > Dribble Jumper > Long/3pt,Isolation,Left,Early Jumper,Dribble Jumper,Long/3pt,,1,33.3,3.0,150.0,0.0,0.0,1,100.0,,,100.0,,1,150.0,0.0,,,1,0,,1.0,0.0,100.0,0,0,0,,1,0,1.0,3
Jalen Harris,Winnipeg Sea Bears,2025-2026,offense,Play types,Right,2,Isolation,Isolation > Right,Isolation,Right,,,,,10,18.2,0.7,42.1,20.0,20.0,1,0.0,,,28.6,,7,28.6,20.0,,,2,5,,8.3,0.43,30.0,6,2,4,33.3,0,1,0.14,7
Jalen Harris,Winnipeg Sea Bears,2025-2026,offense,Play types,Drives Left,3,Right,Isolation > Right > Drives Left,Isolation,Right,Drives Left,,,,6,60.0,1.167,65.8,16.7,33.3,0,,,,50.0,,4,50.0,33.3,,,2,2,,5.3,0.75,50.0,4,2,2,50.0,0,0,0.0,7
Jalen Harris,Winnipeg Sea Bears,2025-2026,offense,Play types,Dribble Jumper,4,Drives Left,Isolation > Right > Drives Left > Dribble Jumper,Isolation,Right,Drives Left,Dribble Jumper,,,3,50.0,0.667,33.3,0.0,0.0,0,,,,33.3,,3,33.3,0.0,,,1,2,,3.0,0.0,33.3,3,1,2,33.3,0,0,0.0,2
Jalen Harris,Winnipeg Sea Bears,2025-2026,offense,Play types,Short to < 17,5,Dribble Jumper,Isolation > Right > Drives Left > Dribble Jumper > Short to < 17,Isolation,Right,Drives Left,Dribble Jumper,Short to < 17,,2,66.7,1.0,50.0,0.0,0.0,0,,,,50.0,,2,50.0,0.0,,,1,1,,2.0,0.0,50.0,2,1,1,50.0,0,0,0.0,2
Jalen Harris,Winnipeg Sea Bears,2025-2026,offense,Play types,Medium/17' to 3pt,5,Dribble Jumper,Isolation > Right > Drives Left > Dribble Jumper > Medium/17' to 3pt,Isolation,Right,Drives Left,Dribble Jumper,Medium/17' to 3pt,,1,33.3,0.0,0.0,0.0,0.0,0,,,,0.0,,1,0.0,0.0,,,0,1,,1.0,0.0,0.0,1,0,1,0.0,0,0,0.0,0
Jalen Harris,Winnipeg Sea Bears,2025-2026,offense,Play types,To Basket,4,Drives Left,Isolation > Right > Drives Left > To Basket,Isolation,Right,Drives Left,To Basket,,,2,33.3,2.5,107.8,0.0,100.0,0,,,,100.0,,1,100.0,100.0,,,1,0,,2.3,3.0,100.0,1,1,0,100.0,0,0,0.0,5
Jalen Harris,Winnipeg Sea Bears,2025-2026,offense,Play types,Make 2 Pts Foul,5,To Basket,Isolation > Right > Drives Left > To Basket > Make 2 Pts Foul,Isolation,Right,Drives Left,To Basket,Make 2 Pts Foul,,1,50.0,3.0,104.2,0.0,100.0,0,,,,100.0,,1,100.0,100.0,,,1,0,,1.4,1.0,100.0,1,1,0,100.0,0,0,0.0,3
Jalen Harris,Winnipeg Sea Bears,2025-2026,offense,Play types,Foul,5,To Basket,Isolation > Right > Drives Left > To Basket > Foul,Isolation,Right,Drives Left,To Basket,Foul,,1,50.0,2.0,113.6,0.0,100.0,0,,,,,,0,,100.0,,,0,0,,0.9,,100.0,0,0,0,,0,0,,2
Jalen Harris,Winnipeg Sea Bears,2025-2026,offense,Play types,Defense Commits,4,Drives Left,Isolation > Right > Drives Left > Defense Commits,Isolation,Right,Drives Left,Defense Commits,,,1,16.7,0.0,,100.0,0.0,0,,,,,,0,,0.0,,,0,0,,0.0,,0.0,0,0,0,,0,0,,0
Jalen Harris,Winnipeg Sea Bears,2025-2026,offense,Play types,Turnover,5,Defense Commits,Isolation > Right > Drives Left > Defense Commits > Turnover,Isolation,Right,Drives Left,Defense Commits,Turnover,,1,100.0,0.0,,100.0,0.0,0,,,,,,0,,0.0,,,0,0,,0.0,,0.0,0,0,0,,0,0,,0
Jalen Harris,Winnipeg Sea Bears,2025-2026,offense,Play types,Drives Right,3,Right,Isolation > Right > Drives Right,Isolation,Right,Drives Right,,,,3,30.0,0.0,0.0,33.3,0.0,0,,,,0.0,,2,0.0,0.0,,,0,2,,2.0,0.0,0.0,2,0,2,0.0,0,0,0.0,0
Jalen Harris,Winnipeg Sea Bears,2025-2026,offense,Play types,Dribble Jumper,4,Drives Right,Isolation > Right > Drives Right > Dribble Jumper,Isolation,Right,Drives Right,Dribble Jumper,,,2,66.7,0.0,0.0,0.0,0.0,0,,,,0.0,,2,0.0,0.0,,,0,2,,2.0,0.0,0.0,2,0,2,0.0,0,0,0.0,0
Jalen Harris,Winnipeg Sea Bears,2025-2026,offense,Play types,Medium/17' to 3pt,5,Dribble Jumper,Isolation > Right > Drives Right > Dribble Jumper > Medium/17' to 3pt,Isolation,Right,Drives Right,Dribble Jumper,Medium/17' to 3pt,,1,50.0,0.0,0.0,0.0,0.0,0,,,,0.0,,1,0.0,0.0,,,0,1,,1.0,0.0,0.0,1,0,1,0.0,0,0,0.0,0
Jalen Harris,Winnipeg Sea Bears,2025-2026,offense,Play types,Short to < 17,5,Dribble Jumper,Isolation > Right > Drives Right > Dribble Jumper > Short to < 17,Isolation,Right,Drives Right,Dribble Jumper,Short to < 17,,1,50.0,0.0,0.0,0.0,0.0,0,,,,0.0,,1,0.0,0.0,,,0,1,,1.0,0.0,0.0,1,0,1,0.0,0,0,0.0,0
Jalen Harris,Winnipeg Sea Bears,2025-2026,offense,Play types,To Basket,4,Drives Right,Isolation > Right > Drives Right > To Basket,Isolation,Right,Drives Right,To Basket,,,1,33.3,0.0,,100.0,0.0,0,,,,,,0,,0.0,,,0,0,,0.0,,0.0,0,0,0,,0,0,,0
Jalen Harris,Winnipeg Sea Bears,2025-2026,offense,Play types,Turnover,5,To Basket,Isolation > Right > Drives Right > To Basket > Turnover,Isolation,Right,Drives Right,To Basket,Turnover,,1,100.0,0.0,,100.0,0.0,0,,,,,,0,,0.0,,,0,0,,0.0,,0.0,0,0,0,,0,0,,0
Jalen Harris,Winnipeg Sea Bears,2025-2026,offense,Play types,Early Jumper,3,Right,Isolation > Right > Early Jumper,Isolation,Right,Early Jumper,,,,1,10.0,0.0,0.0,0.0,0.0,1,0.0,,,0.0,,1,0.0,0.0,,,0,1,,1.0,0.0,0.0,0,0,0,,0,1,1.0,0
Jalen Harris,Winnipeg Sea Bears,2025-2026,offense,Play types,Dribble Jumper,4,Early Jumper,Isolation > Right > Early Jumper > Dribble Jumper,Isolation,Right,Early Jumper,Dribble Jumper,,,1,100.0,0.0,0.0,0.0,0.0,1,0.0,,,0.0,,1,0.0,0.0,,,0,1,,1.0,0.0,0.0,0,0,0,,0,1,1.0,0
Jalen Harris,Winnipeg Sea Bears,2025-2026,offense,Play types,Long/3pt,5,Dribble Jumper,Isolation > Right > Early Jumper > Dribble Jumper > Long/3pt,Isolation,Right,Early Jumper,Dribble Jumper,Long/3pt,,1,100.0,0.0,0.0,0.0,0.0,1,0.0,,,0.0,,1,0.0,0.0,,,0,1,,1.0,0.0,0.0,0,0,0,,0,1,1.0,0
Jalen Harris,Winnipeg Sea Bears,2025-2026,offense,Play types,Transition,1,,Transition,Transition,,,,,,49,13.0,0.939,52.6,12.2,6.1,18,27.8,Average,37.0,45.2,12.0,42,51.2,6.1,,,19,23,,43.8,0.1,40.8,24,14,10,58.3,5,13,0.43,46
Jalen Harris,Winnipeg Sea Bears,2025-2026,offense,Play types,Ballhandler,2,Transition,Transition > Ballhandler,Transition,Ballhandler,,,,,25,51.0,0.76,43.4,16.0,8.0,4,0.0,,,42.9,,21,42.9,8.0,,,9,12,,21.9,0.1,36.0,17,9,8,52.9,0,4,0.19,19
Jalen Harris,Winnipeg Sea Bears,2025-2026,offense,Play types,To Basket,3,Ballhandler,Transition > Ballhandler > To Basket,Transition,Ballhandler,To Basket,,,,16,64.0,1.063,53.5,6.3,12.5,0,,,,53.3,,15,53.3,12.5,,,8,7,,15.9,0.13,50.0,15,8,7,53.3,0,0,0.0,17
Jalen Harris,Winnipeg Sea Bears,2025-2026,offense,Play types,Miss 2 Pts,4,To Basket,Transition > Ballhandler > To Basket > Miss 2 Pts,Transition,Ballhandler,To Basket,Miss 2 Pts,,,7,43.8,0.0,0.0,0.0,0.0,0,,,,0.0,,7,0.0,0.0,,,0,7,,7.0,0.0,0.0,7,0,7,0.0,0,0,0.0,0
Jalen Harris,Winnipeg Sea Bears,2025-2026,offense,Play types,Make 2 Pts,4,To Basket,Transition > Ballhandler > To Basket > Make 2 Pts,Transition,Ballhandler,To Basket,Make 2 Pts,,,6,37.5,2.0,100.0,0.0,0.0,0,,,,100.0,,6,100.0,0.0,,,6,0,,6.0,0.0,100.0,6,6,0,100.0,0,0,0.0,12
Jalen Harris,Winnipeg Sea Bears,2025-2026,offense,Play types,Make 2 Pts Foul,4,To Basket,Transition > Ballhandler > To Basket > Make 2 Pts Foul,Transition,Ballhandler,To Basket,Make 2 Pts Foul,,,2,12.5,2.5,86.8,0.0,100.0,0,,,,100.0,,2,100.0,100.0,,,2,0,,2.9,1.0,100.0,2,2,0,100.0,0,0,0.0,5
Jalen Harris,Winnipeg Sea Bears,2025-2026,offense,Play types,1 Pts,5,Make 2 Pts Foul,Transition > Ballhandler > To Basket > Make 2 Pts Foul > 1 Pts,Transition,Ballhandler,To Basket,Make 2 Pts Foul,1 Pts,,1,50.0,3.0,104.2,0.0,100.0,0,,,,100.0,,1,100.0,100.0,,,1,0,,1.4,1.0,100.0,1,1,0,100.0,0,0,0.0,3
Jalen Harris,Winnipeg Sea Bears,2025-2026,offense,Play types,Turnover,4,To Basket,Transition > Ballhandler > To Basket > Turnover,Transition,Ballhandler,To Basket,Turnover,,,1,6.3,0.0,,100.0,0.0,0,,,,,,0,,0.0,,,0,0,,0.0,,0.0,0,0,0,,0,0,,0
Jalen Harris,Winnipeg Sea Bears,2025-2026,offense,Play types,Dribble Jumper,3,Ballhandler,Transition > Ballhandler > Dribble Jumper,Transition,Ballhandler,Dribble Jumper,,,,6,24.0,0.333,16.7,0.0,0.0,4,0.0,,,16.7,,6,16.7,0.0,,,1,5,,6.0,0.0,16.7,2,1,1,50.0,0,4,0.67,2
Jalen Harris,Winnipeg Sea Bears,2025-2026,offense,Play types,Long/3pt,4,Dribble Jumper,Transition > Ballhandler > Dribble Jumper > Long/3pt,Transition,Ballhandler,Dribble Jumper,Long/3pt,,,4,66.7,0.0,0.0,0.0,0.0,4,0.0,,,0.0,,4,0.0,0.0,,,0,4,,4.0,0.0,0.0,0,0,0,,0,4,1.0,0
Jalen Harris,Winnipeg Sea Bears,2025-2026,offense,Play types,Miss 3 Pts,5,Long/3pt,Transition > Ballhandler > Dribble Jumper > Long/3pt > Miss 3 Pts,Transition,Ballhandler,Dribble Jumper,Long/3pt,Miss 3 Pts,,4,100.0,0.0,0.0,0.0,0.0,4,0.0,,,0.0,,4,0.0,0.0,,,0,4,,4.0,0.0,0.0,0,0,0,,0,4,1.0,0
Jalen Harris,Winnipeg Sea Bears,2025-2026,offense,Play types,Medium/17' to 3pt,4,Dribble Jumper,Transition > Ballhandler > Dribble Jumper > Medium/17' to 3pt,Transition,Ballhandler,Dribble Jumper,Medium/17' to 3pt,,,1,16.7,2.0,100.0,0.0,0.0,0,,,,100.0,,1,100.0,0.0,,,1,0,,1.0,0.0,100.0,1,1,0,100.0,0,0,0.0,2
Jalen Harris,Winnipeg Sea Bears,2025-2026,offense,Play types,Make 2 Pts,5,Medium/17' to 3pt,Transition > Ballhandler > Dribble Jumper > Medium/17' to 3pt > Make 2 Pts,Transition,Ballhandler,Dribble Jumper,Medium/17' to 3pt,Make 2 Pts,,1,100.0,2.0,100.0,0.0,0.0,0,,,,100.0,,1,100.0,0.0,,,1,0,,1.0,0.0,100.0,1,1,0,100.0,0,0,0.0,2
Jalen Harris,Winnipeg Sea Bears,2025-2026,offense,Play types,Short to < 17,4,Dribble Jumper,Transition > Ballhandler > Dribble Jumper > Short to < 17,Transition,Ballhandler,Dribble Jumper,Short to < 17,,,1,16.7,0.0,0.0,0.0,0.0,0,,,,0.0,,1,0.0,0.0,,,0,1,,1.0,0.0,0.0,1,0,1,0.0,0,0,0.0,0
Jalen Harris,Winnipeg Sea Bears,2025-2026,offense,Play types,Miss 2 Pts,5,Short to < 17,Transition > Ballhandler > Dribble Jumper > Short to < 17 > Miss 2 Pts,Transition,Ballhandler,Dribble Jumper,Short to < 17,Miss 2 Pts,,1,100.0,0.0,0.0,0.0,0.0,0,,,,0.0,,1,0.0,0.0,,,0,1,,1.0,0.0,0.0,1,0,1,0.0,0,0,0.0,0
Jalen Harris,Winnipeg Sea Bears,2025-2026,offense,Play types,Turnover,3,Ballhandler,Transition > Ballhandler > Turnover,Transition,Ballhandler,Turnover,,,,3,12.0,0.0,,100.0,0.0,0,,,,,,0,,0.0,,,0,0,,0.0,,0.0,0,0,0,,0,0,,0
Jalen Harris,Winnipeg Sea Bears,2025-2026,offense,Play types,Left Wing,2,Transition,Transition > Left Wing,Transition,Left Wing,,,,,8,16.3,0.875,44.4,0.0,12.5,4,25.0,,,28.6,,7,35.7,12.5,,,2,5,,7.9,0.29,37.5,3,1,2,33.3,1,3,0.57,7
Jalen Harris,Winnipeg Sea Bears,2025-2026,offense,Play types,To Basket,3,Left Wing,Transition > Left Wing > To Basket,Transition,Left Wing,To Basket,,,,4,50.0,1.0,51.5,0.0,25.0,0,,,,33.3,,3,33.3,25.0,,,1,2,,3.9,0.67,50.0,3,1,2,33.3,0,0,0.0,4
Jalen Harris,Winnipeg Sea Bears,2025-2026,offense,Play types,Miss 2 Pts,4,To Basket,Transition > Left Wing > To Basket > Miss 2 Pts,Transition,Left Wing,To Basket,Miss 2 Pts,,,2,50.0,0.0,0.0,0.0,0.0,0,,,,0.0,,2,0.0,0.0,,,0,2,,2.0,0.0,0.0,2,0,2,0.0,0,0,0.0,0
Jalen Harris,Winnipeg Sea Bears,2025-2026,offense,Play types,Make 2 Pts,4,To Basket,Transition > Left Wing > To Basket > Make 2 Pts,Transition,Left Wing,To Basket,Make 2 Pts,,,1,25.0,2.0,100.0,0.0,0.0,0,,,,100.0,,1,100.0,0.0,,,1,0,,1.0,0.0,100.0,1,1,0,100.0,0,0,0.0,2
Jalen Harris,Winnipeg Sea Bears,2025-2026,offense,Play types,Foul,4,To Basket,Transition > Left Wing > To Basket > Foul,Transition,Left Wing,To Basket,Foul,,,1,25.0,2.0,113.6,0.0,100.0,0,,,,,,0,,100.0,,,0,0,,0.9,,100.0,0,0,0,,0,0,,2
Jalen Harris,Winnipeg Sea Bears,2025-2026,offense,Play types,No Dribble Jumper,3,Left Wing,Transition > Left Wing > No Dribble Jumper,Transition,Left Wing,No Dribble Jumper,,,,4,50.0,0.75,37.5,0.0,0.0,4,25.0,,,25.0,,4,37.5,0.0,,,1,3,,4.0,0.0,25.0,0,0,0,,1,3,1.0,3
Jalen Harris,Winnipeg Sea Bears,2025-2026,offense,Play types,Open,4,No Dribble Jumper,Transition > Left Wing > No Dribble Jumper > Open,Transition,Left Wing,No Dribble Jumper,Open,,,3,75.0,0.0,0.0,0.0,0.0,3,0.0,,,0.0,,3,0.0,0.0,,,0,3,,3.0,0.0,0.0,0,0,0,,0,3,1.0,0
Jalen Harris,Winnipeg Sea Bears,2025-2026,offense,Play types,Long/3pt,5,Open,Transition > Left Wing > No Dribble Jumper > Open > Long/3pt,Transition,Left Wing,No Dribble Jumper,Open,Long/3pt,,3,100.0,0.0,0.0,0.0,0.0,3,0.0,,,0.0,,3,0.0,0.0,,,0,3,,3.0,0.0,0.0,0,0,0,,0,3,1.0,0
Jalen Harris,Winnipeg Sea Bears,2025-2026,offense,Play types,Guarded,4,No Dribble Jumper,Transition > Left Wing > No Dribble Jumper > Guarded,Transition,Left Wing,No Dribble Jumper,Guarded,,,1,25.0,3.0,150.0,0.0,0.0,1,100.0,,,100.0,,1,150.0,0.0,,,1,0,,1.0,0.0,100.0,0,0,0,,1,0,1.0,3
Jalen Harris,Winnipeg Sea Bears,2025-2026,offense,Play types,Long/3pt,5,Guarded,Transition > Left Wing > No Dribble Jumper > Guarded > Long/3pt,Transition,Left Wing,No Dribble Jumper,Guarded,Long/3pt,,1,100.0,3.0,150.0,0.0,0.0,1,100.0,,,100.0,,1,150.0,0.0,,,1,0,,1.0,0.0,100.0,0,0,0,,1,0,1.0,3
Jalen Harris,Winnipeg Sea Bears,2025-2026,offense,Play types,Right Wing,2,Transition,Transition > Right Wing,Transition,Right Wing,,,,,6,12.2,0.833,41.7,0.0,0.0,5,20.0,,,33.3,,6,41.7,0.0,,,2,4,,6.0,0.0,33.3,1,1,0,100.0,1,4,0.83,5
Jalen Harris,Winnipeg Sea Bears,2025-2026,offense,Play types,No Dribble Jumper,3,Right Wing,Transition > Right Wing > No Dribble Jumper,Transition,Right Wing,No Dribble Jumper,,,,4,66.7,0.0,0.0,0.0,0.0,4,0.0,,,0.0,,4,0.0,0.0,,,0,4,,4.0,0.0,0.0,0,0,0,,0,4,1.0,0
Jalen Harris,Winnipeg Sea Bears,2025-2026,offense,Play types,Open,4,No Dribble Jumper,Transition > Right Wing > No Dribble Jumper > Open,Transition,Right Wing,No Dribble Jumper,Open,,,3,75.0,0.0,0.0,0.0,0.0,3,0.0,,,0.0,,3,0.0,0.0,,,0,3,,3.0,0.0,0.0,0,0,0,,0,3,1.0,0
Jalen Harris,Winnipeg Sea Bears,2025-2026,offense,Play types,Long/3pt,5,Open,Transition > Right Wing > No Dribble Jumper > Open > Long/3pt,Transition,Right Wing,No Dribble Jumper,Open,Long/3pt,,3,100.0,0.0,0.0,0.0,0.0,3,0.0,,,0.0,,3,0.0,0.0,,,0,3,,3.0,0.0,0.0,0,0,0,,0,3,1.0,0
Jalen Harris,Winnipeg Sea Bears,2025-2026,offense,Play types,Guarded,4,No Dribble Jumper,Transition > Right Wing > No Dribble Jumper > Guarded,Transition,Right Wing,No Dribble Jumper,Guarded,,,1,25.0,0.0,0.0,0.0,0.0,1,0.0,,,0.0,,1,0.0,0.0,,,0,1,,1.0,0.0,0.0,0,0,0,,0,1,1.0,0
Jalen Harris,Winnipeg Sea Bears,2025-2026,offense,Play types,Long/3pt,5,Guarded,Transition > Right Wing > No Dribble Jumper > Guarded > Long/3pt,Transition,Right Wing,No Dribble Jumper,Guarded,Long/3pt,,1,100.0,0.0,0.0,0.0,0.0,1,0.0,,,0.0,,1,0.0,0.0,,,0,1,,1.0,0.0,0.0,0,0,0,,0,1,1.0,0
Jalen Harris,Winnipeg Sea Bears,2025-2026,offense,Play types,To Basket,3,Right Wing,Transition > Right Wing > To Basket,Transition,Right Wing,To Basket,,,,1,16.7,2.0,100.0,0.0,0.0,0,,,,100.0,,1,100.0,0.0,,,1,0,,1.0,0.0,100.0,1,1,0,100.0,0,0,0.0,2
Jalen Harris,Winnipeg Sea Bears,2025-2026,offense,Play types,Make 2 Pts,4,To Basket,Transition > Right Wing > To Basket > Make 2 Pts,Transition,Right Wing,To Basket,Make 2 Pts,,,1,100.0,2.0,100.0,0.0,0.0,0,,,,100.0,,1,100.0,0.0,,,1,0,,1.0,0.0,100.0,1,1,0,100.0,0,0,0.0,2
Jalen Harris,Winnipeg Sea Bears,2025-2026,offense,Play types,Dribble Jumper,3,Right Wing,Transition > Right Wing > Dribble Jumper,Transition,Right Wing,Dribble Jumper,,,,1,16.7,3.0,150.0,0.0,0.0,1,100.0,,,100.0,,1,150.0,0.0,,,1,0,,1.0,0.0,100.0,0,0,0,,1,0,1.0,3
Jalen Harris,Winnipeg Sea Bears,2025-2026,offense,Play types,Long/3pt,4,Dribble Jumper,Transition > Right Wing > Dribble Jumper > Long/3pt,Transition,Right Wing,Dribble Jumper,Long/3pt,,,1,100.0,3.0,150.0,0.0,0.0,1,100.0,,,100.0,,1,150.0,0.0,,,1,0,,1.0,0.0,100.0,0,0,0,,1,0,1.0,3
Jalen Harris,Winnipeg Sea Bears,2025-2026,offense,Play types,Make 3 Pts,5,Long/3pt,Transition > Right Wing > Dribble Jumper > Long/3pt > Make 3 Pts,Transition,Right Wing,Dribble Jumper,Long/3pt,Make 3 Pts,,1,100.0,3.0,150.0,0.0,0.0,1,100.0,,,100.0,,1,150.0,0.0,,,1,0,,1.0,0.0,100.0,0,0,0,,1,0,1.0,3
Jalen Harris,Winnipeg Sea Bears,2025-2026,offense,Play types,Trailer,2,Transition,Transition > Trailer,Transition,Trailer,,,,,6,12.2,1.5,90.0,16.7,0.0,5,60.0,,,60.0,,5,90.0,0.0,,,3,2,,5.0,0.0,50.0,0,0,0,,3,2,1.0,9
Jalen Harris,Winnipeg Sea Bears,2025-2026,offense,Play types,No Dribble Jumper,3,Trailer,Transition > Trailer > No Dribble Jumper,Transition,Trailer,No Dribble Jumper,,,,5,83.3,1.8,90.0,0.0,0.0,5,60.0,,,60.0,,5,90.0,0.0,,,3,2,,5.0,0.0,60.0,0,0,0,,3,2,1.0,9
Jalen Harris,Winnipeg Sea Bears,2025-2026,offense,Play types,Guarded,4,No Dribble Jumper,Transition > Trailer > No Dribble Jumper > Guarded,Transition,Trailer,No Dribble Jumper,Guarded,,,3,60.0,1.0,50.0,0.0,0.0,3,33.3,,,33.3,,3,50.0,0.0,,,1,2,,3.0,0.0,33.3,0,0,0,,1,2,1.0,3
Jalen Harris,Winnipeg Sea Bears,2025-2026,offense,Play types,Long/3pt,5,Guarded,Transition > Trailer > No Dribble Jumper > Guarded > Long/3pt,Transition,Trailer,No Dribble Jumper,Guarded,Long/3pt,,3,100.0,1.0,50.0,0.0,0.0,3,33.3,,,33.3,,3,50.0,0.0,,,1,2,,3.0,0.0,33.3,0,0,0,,1,2,1.0,3
Jalen Harris,Winnipeg Sea Bears,2025-2026,offense,Play types,Open,4,No Dribble Jumper,Transition > Trailer > No Dribble Jumper > Open,Transition,Trailer,No Dribble Jumper,Open,,,2,40.0,3.0,150.0,0.0,0.0,2,100.0,,,100.0,,2,150.0,0.0,,,2,0,,2.0,0.0,100.0,0,0,0,,2,0,1.0,6
Jalen Harris,Winnipeg Sea Bears,2025-2026,offense,Play types,Long/3pt,5,Open,Transition > Trailer > No Dribble Jumper > Open > Long/3pt,Transition,Trailer,No Dribble Jumper,Open,Long/3pt,,2,100.0,3.0,150.0,0.0,0.0,2,100.0,,,100.0,,2,150.0,0.0,,,2,0,,2.0,0.0,100.0,0,0,0,,2,0,1.0,6
Jalen Harris,Winnipeg Sea Bears,2025-2026,offense,Play types,Turnover,3,Trailer,Transition > Trailer > Turnover,Transition,Trailer,Turnover,,,,1,16.7,0.0,,100.0,0.0,0,,,,,,0,,0.0,,,0,0,,0.0,,0.0,0,0,0,,0,0,,0
Jalen Harris,Winnipeg Sea Bears,2025-2026,offense,Play types,Leak Outs,2,Transition,Transition > Leak Outs,Transition,Leak Outs,,,,,3,6.1,2.0,100.0,0.0,0.0,0,,,,100.0,,3,100.0,0.0,,,3,0,,3.0,0.0,100.0,3,3,0,100.0,0,0,0.0,6
Jalen Harris,Winnipeg Sea Bears,2025-2026,offense,Play types,To Basket,3,Leak Outs,Transition > Leak Outs > To Basket,Transition,Leak Outs,To Basket,,,,3,100.0,2.0,100.0,0.0,0.0,0,,,,100.0,,3,100.0,0.0,,,3,0,,3.0,0.0,100.0,3,3,0,100.0,0,0,0.0,6
Jalen Harris,Winnipeg Sea Bears,2025-2026,offense,Play types,Make 2 Pts,4,To Basket,Transition > Leak Outs > To Basket > Make 2 Pts,Transition,Leak Outs,To Basket,Make 2 Pts,,,3,100.0,2.0,100.0,0.0,0.0,0,,,,100.0,,3,100.0,0.0,,,3,0,,3.0,0.0,100.0,3,3,0,100.0,0,0,0.0,6
Jalen Harris,Winnipeg Sea Bears,2025-2026,offense,Play types,Turnover,2,Transition,Transition > Turnover,Transition,Turnover,,,,,1,2.0,0.0,,100.0,0.0,0,,,,,,0,,0.0,,,0,0,,0.0,,0.0,0,0,0,,0,0,,0
Jalen Harris,Winnipeg Sea Bears,2025-2026,offense,Play types,Handoffs,1,,Handoffs,Handoffs,,,,,,28,7.4,0.857,51.5,17.9,7.1,8,37.5,Good,54.0,40.9,71.0,22,47.7,7.1,,,9,13,,23.3,0.14,35.7,14,6,8,42.9,3,5,0.36,24
Jalen Harris,Winnipeg Sea Bears,2025-2026,offense,Play types,From Dribble,2,Handoffs,Handoffs > From Dribble,Handoffs,From Dribble,,,,,17,60.7,0.765,45.4,17.6,11.8,3,0.0,,,38.5,,13,38.5,11.8,,,5,8,,14.3,0.23,35.3,10,5,5,50.0,0,3,0.23,13
Jalen Harris,Winnipeg Sea Bears,2025-2026,offense,Play types,Right,3,From Dribble,Handoffs > From Dribble > Right,Handoffs,From Dribble,Right,,,,8,47.1,0.875,54.3,25.0,12.5,2,0.0,,,50.0,,6,50.0,12.5,,,3,3,,6.4,0.17,37.5,4,3,1,75.0,0,2,0.33,7
Jalen Harris,Winnipeg Sea Bears,2025-2026,offense,Play types,Dribble Jumper,4,Right,Handoffs > From Dribble > Right > Dribble Jumper,Handoffs,From Dribble,Right,Dribble Jumper,,,3,37.5,2.333,101.7,0.0,33.3,0,,,,100.0,,3,100.0,33.3,,,3,0,,3.4,0.33,100.0,3,3,0,100.0,0,0,0.0,7
Jalen Harris,Winnipeg Sea Bears,2025-2026,offense,Play types,Medium/17' to 3pt,5,Dribble Jumper,Handoffs > From Dribble > Right > Dribble Jumper > Medium/17' to 3pt,Handoffs,From Dribble,Right,Dribble Jumper,Medium/17' to 3pt,,2,66.7,2.5,102.5,0.0,50.0,0,,,,100.0,,2,100.0,50.0,,,2,0,,2.4,0.5,100.0,2,2,0,100.0,0,0,0.0,5
Jalen Harris,Winnipeg Sea Bears,2025-2026,offense,Play types,Short to < 17,5,Dribble Jumper,Handoffs > From Dribble > Right > Dribble Jumper > Short to < 17,Handoffs,From Dribble,Right,Dribble Jumper,Short to < 17,,1,33.3,2.0,100.0,0.0,0.0,0,,,,100.0,,1,100.0,0.0,,,1,0,,1.0,0.0,100.0,1,1,0,100.0,0,0,0.0,2
Jalen Harris,Winnipeg Sea Bears,2025-2026,offense,Play types,No Dribble Jumper,4,Right,Handoffs > From Dribble > Right > No Dribble Jumper,Handoffs,From Dribble,Right,No Dribble Jumper,,,3,37.5,0.0,0.0,33.3,0.0,2,0.0,,,0.0,,2,0.0,0.0,,,0,2,,2.0,0.0,0.0,0,0,0,,0,2,1.0,0
Jalen Harris,Winnipeg Sea Bears,2025-2026,offense,Play types,Guarded,5,No Dribble Jumper,Handoffs > From Dribble > Right > No Dribble Jumper > Guarded,Handoffs,From Dribble,Right,No Dribble Jumper,Guarded,,3,100.0,0.0,0.0,33.3,0.0,2,0.0,,,0.0,,2,0.0,0.0,,,0,2,,2.0,0.0,0.0,0,0,0,,0,2,1.0,0
Jalen Harris,Winnipeg Sea Bears,2025-2026,offense,Play types,To Basket,4,Right,Handoffs > From Dribble > Right > To Basket,Handoffs,From Dribble,Right,To Basket,,,1,12.5,0.0,0.0,0.0,0.0,0,,,,0.0,,1,0.0,0.0,,,0,1,,1.0,0.0,0.0,1,0,1,0.0,0,0,0.0,0
Jalen Harris,Winnipeg Sea Bears,2025-2026,offense,Play types,Miss 2 Pts,5,To Basket,Handoffs > From Dribble > Right > To Basket > Miss 2 Pts,Handoffs,From Dribble,Right,To Basket,Miss 2 Pts,,1,100.0,0.0,0.0,0.0,0.0,0,,,,0.0,,1,0.0,0.0,,,0,1,,1.0,0.0,0.0,1,0,1,0.0,0,0,0.0,0
Jalen Harris,Winnipeg Sea Bears,2025-2026,offense,Play types,Turnover,4,Right,Handoffs > From Dribble > Right > Turnover,Handoffs,From Dribble,Right,Turnover,,,1,12.5,0.0,,100.0,0.0,0,,,,,,0,,0.0,,,0,0,,0.0,,0.0,0,0,0,,0,0,,0
Jalen Harris,Winnipeg Sea Bears,2025-2026,offense,Play types,Top,3,From Dribble,Handoffs > From Dribble > Top,Handoffs,From Dribble,Top,,,,6,35.3,1.0,51.0,0.0,16.7,0,,,,40.0,,5,40.0,16.7,,,2,3,,5.9,0.4,50.0,5,2,3,40.0,0,0,0.0,6
Jalen Harris,Winnipeg Sea Bears,2025-2026,offense,Play types,To Basket,4,Top,Handoffs > From Dribble > Top > To Basket,Handoffs,From Dribble,Top,To Basket,,,3,50.0,1.333,69.4,0.0,33.3,0,,,,50.0,,2,50.0,33.3,,,1,1,,2.9,1.0,66.7,2,1,1,50.0,0,0,0.0,4
Jalen Harris,Winnipeg Sea Bears,2025-2026,offense,Play types,Miss 2 Pts,5,To Basket,Handoffs > From Dribble > Top > To Basket > Miss 2 Pts,Handoffs,From Dribble,Top,To Basket,Miss 2 Pts,,1,33.3,0.0,0.0,0.0,0.0,0,,,,0.0,,1,0.0,0.0,,,0,1,,1.0,0.0,0.0,1,0,1,0.0,0,0,0.0,0
Jalen Harris,Winnipeg Sea Bears,2025-2026,offense,Play types,Foul,5,To Basket,Handoffs > From Dribble > Top > To Basket > Foul,Handoffs,From Dribble,Top,To Basket,Foul,,1,33.3,2.0,113.6,0.0,100.0,0,,,,,,0,,100.0,,,0,0,,0.9,,100.0,0,0,0,,0,0,,2
Jalen Harris,Winnipeg Sea Bears,2025-2026,offense,Play types,Make 2 Pts,5,To Basket,Handoffs > From Dribble > Top > To Basket > Make 2 Pts,Handoffs,From Dribble,Top,To Basket,Make 2 Pts,,1,33.3,2.0,100.0,0.0,0.0,0,,,,100.0,,1,100.0,0.0,,,1,0,,1.0,0.0,100.0,1,1,0,100.0,0,0,0.0,2
Jalen Harris,Winnipeg Sea Bears,2025-2026,offense,Play types,Dribble Jumper,4,Top,Handoffs > From Dribble > Top > Dribble Jumper,Handoffs,From Dribble,Top,Dribble Jumper,,,2,33.3,1.0,50.0,0.0,0.0,0,,,,50.0,,2,50.0,0.0,,,1,1,,2.0,0.0,50.0,2,1,1,50.0,0,0,0.0,2
Jalen Harris,Winnipeg Sea Bears,2025-2026,offense,Play types,Short to < 17,5,Dribble Jumper,Handoffs > From Dribble > Top > Dribble Jumper > Short to < 17,Handoffs,From Dribble,Top,Dribble Jumper,Short to < 17,,2,100.0,1.0,50.0,0.0,0.0,0,,,,50.0,,2,50.0,0.0,,,1,1,,2.0,0.0,50.0,2,1,1,50.0,0,0,0.0,2
Jalen Harris,Winnipeg Sea Bears,2025-2026,offense,Play types,No Dribble Jumper,4,Top,Handoffs > From Dribble > Top > No Dribble Jumper,Handoffs,From Dribble,Top,No Dribble Jumper,,,1,16.7,0.0,0.0,0.0,0.0,0,,,,0.0,,1,0.0,0.0,,,0,1,,1.0,0.0,0.0,1,0,1,0.0,0,0,0.0,0
Jalen Harris,Winnipeg Sea Bears,2025-2026,offense,Play types,Guarded,5,No Dribble Jumper,Handoffs > From Dribble > Top > No Dribble Jumper > Guarded,Handoffs,From Dribble,Top,No Dribble Jumper,Guarded,,1,100.0,0.0,0.0,0.0,0.0,0,,,,0.0,,1,0.0,0.0,,,0,1,,1.0,0.0,0.0,1,0,1,0.0,0,0,0.0,0
Jalen Harris,Winnipeg Sea Bears,2025-2026,offense,Play types,Left,3,From Dribble,Handoffs > From Dribble > Left,Handoffs,From Dribble,Left,,,,3,17.6,0.0,0.0,33.3,0.0,1,0.0,,,0.0,,2,0.0,0.0,,,0,2,,2.0,0.0,0.0,1,0,1,0.0,0,1,0.5,0
Jalen Harris,Winnipeg Sea Bears,2025-2026,offense,Play types,Turnover,4,Left,Handoffs > From Dribble > Left > Turnover,Handoffs,From Dribble,Left,Turnover,,,1,33.3,0.0,,100.0,0.0,0,,,,,,0,,0.0,,,0,0,,0.0,,0.0,0,0,0,,0,0,,0
Jalen Harris,Winnipeg Sea Bears,2025-2026,offense,Play types,No Dribble Jumper,4,Left,Handoffs > From Dribble > Left > No Dribble Jumper,Handoffs,From Dribble,Left,No Dribble Jumper,,,1,33.3,0.0,0.0,0.0,0.0,1,0.0,,,0.0,,1,0.0,0.0,,,0,1,,1.0,0.0,0.0,0,0,0,,0,1,1.0,0
Jalen Harris,Winnipeg Sea Bears,2025-2026,offense,Play types,Open,5,No Dribble Jumper,Handoffs > From Dribble > Left > No Dribble Jumper > Open,Handoffs,From Dribble,Left,No Dribble Jumper,Open,,1,100.0,0.0,0.0,0.0,0.0,1,0.0,,,0.0,,1,0.0,0.0,,,0,1,,1.0,0.0,0.0,0,0,0,,0,1,1.0,0
Jalen Harris,Winnipeg Sea Bears,2025-2026,offense,Play types,Dribble Jumper,4,Left,Handoffs > From Dribble > Left > Dribble Jumper,Handoffs,From Dribble,Left,Dribble Jumper,,,1,33.3,0.0,0.0,0.0,0.0,0,,,,0.0,,1,0.0,0.0,,,0,1,,1.0,0.0,0.0,1,0,1,0.0,0,0,0.0,0
Jalen Harris,Winnipeg Sea Bears,2025-2026,offense,Play types,Medium/17' to 3pt,5,Dribble Jumper,Handoffs > From Dribble > Left > Dribble Jumper > Medium/17' to 3pt,Handoffs,From Dribble,Left,Dribble Jumper,Medium/17' to 3pt,,1,100.0,0.0,0.0,0.0,0.0,0,,,,0.0,,1,0.0,0.0,,,0,1,,1.0,0.0,0.0,1,0,1,0.0,0,0,0.0,0
Jalen Harris,Winnipeg Sea Bears,2025-2026,offense,Play types,From Stationary,2,Handoffs,Handoffs > From Stationary,Handoffs,From Stationary,,,,,11,39.3,1.0,61.1,18.2,0.0,5,60.0,,,44.4,,9,61.1,0.0,,,4,5,,9.0,0.0,36.4,4,1,3,25.0,3,2,0.56,11
Jalen Harris,Winnipeg Sea Bears,2025-2026,offense,Play types,Top,3,From Stationary,Handoffs > From Stationary > Top,Handoffs,From Stationary,Top,,,,5,45.5,0.6,50.0,40.0,0.0,3,33.3,,,33.3,,3,50.0,0.0,,,1,2,,3.0,0.0,20.0,0,0,0,,1,2,1.0,3
Jalen Harris,Winnipeg Sea Bears,2025-2026,offense,Play types,No Dribble Jumper,4,Top,Handoffs > From Stationary > Top > No Dribble Jumper,Handoffs,From Stationary,Top,No Dribble Jumper,,,2,40.0,1.5,75.0,0.0,0.0,2,50.0,,,50.0,,2,75.0,0.0,,,1,1,,2.0,0.0,50.0,0,0,0,,1,1,1.0,3
Jalen Harris,Winnipeg Sea Bears,2025-2026,offense,Play types,Open,5,No Dribble Jumper,Handoffs > From Stationary > Top > No Dribble Jumper > Open,Handoffs,From Stationary,Top,No Dribble Jumper,Open,,1,50.0,3.0,150.0,0.0,0.0,1,100.0,,,100.0,,1,150.0,0.0,,,1,0,,1.0,0.0,100.0,0,0,0,,1,0,1.0,3
Jalen Harris,Winnipeg Sea Bears,2025-2026,offense,Play types,Guarded,5,No Dribble Jumper,Handoffs > From Stationary > Top > No Dribble Jumper > Guarded,Handoffs,From Stationary,Top,No Dribble Jumper,Guarded,,1,50.0,0.0,0.0,0.0,0.0,1,0.0,,,0.0,,1,0.0,0.0,,,0,1,,1.0,0.0,0.0,0,0,0,,0,1,1.0,0
Jalen Harris,Winnipeg Sea Bears,2025-2026,offense,Play types,Turnover,4,Top,Handoffs > From Stationary > Top > Turnover,Handoffs,From Stationary,Top,Turnover,,,1,20.0,0.0,,100.0,0.0,0,,,,,,0,,0.0,,,0,0,,0.0,,0.0,0,0,0,,0,0,,0
Jalen Harris,Winnipeg Sea Bears,2025-2026,offense,Play types,Dribble Jumper,4,Top,Handoffs > From Stationary > Top > Dribble Jumper,Handoffs,From Stationary,Top,Dribble Jumper,,,1,20.0,0.0,0.0,0.0,0.0,1,0.0,,,0.0,,1,0.0,0.0,,,0,1,,1.0,0.0,0.0,0,0,0,,0,1,1.0,0
Jalen Harris,Winnipeg Sea Bears,2025-2026,offense,Play types,Long/3pt,5,Dribble Jumper,Handoffs > From Stationary > Top > Dribble Jumper > Long/3pt,Handoffs,From Stationary,Top,Dribble Jumper,Long/3pt,,1,100.0,0.0,0.0,0.0,0.0,1,0.0,,,0.0,,1,0.0,0.0,,,0,1,,1.0,0.0,0.0,0,0,0,,0,1,1.0,0
Jalen Harris,Winnipeg Sea Bears,2025-2026,offense,Play types,To Basket,4,Top,Handoffs > From Stationary > Top > To Basket,Handoffs,From Stationary,Top,To Basket,,,1,20.0,0.0,,100.0,0.0,0,,,,,,0,,0.0,,,0,0,,0.0,,0.0,0,0,0,,0,0,,0
Jalen Harris,Winnipeg Sea Bears,2025-2026,offense,Play types,Turnover,5,To Basket,Handoffs > From Stationary > Top > To Basket > Turnover,Handoffs,From Stationary,Top,To Basket,Turnover,,1,100.0,0.0,,100.0,0.0,0,,,,,,0,,0.0,,,0,0,,0.0,,0.0,0,0,0,,0,0,,0
Jalen Harris,Winnipeg Sea Bears,2025-2026,offense,Play types,Left,3,From Stationary,Handoffs > From Stationary > Left,Handoffs,From Stationary,Left,,,,4,36.4,1.25,62.5,0.0,0.0,1,100.0,,,50.0,,4,62.5,0.0,,,2,2,,4.0,0.0,50.0,3,1,2,33.3,1,0,0.25,5
Jalen Harris,Winnipeg Sea Bears,2025-2026,offense,Play types,Dribble Jumper,4,Left,Handoffs > From Stationary > Left > Dribble Jumper,Handoffs,From Stationary,Left,Dribble Jumper,,,2,50.0,0.0,0.0,0.0,0.0,0,,,,0.0,,2,0.0,0.0,,,0,2,,2.0,0.0,0.0,2,0,2,0.0,0,0,0.0,0
Jalen Harris,Winnipeg Sea Bears,2025-2026,offense,Play types,Short to < 17,5,Dribble Jumper,Handoffs > From Stationary > Left > Dribble Jumper > Short to < 17,Handoffs,From Stationary,Left,Dribble Jumper,Short to < 17,,2,100.0,0.0,0.0,0.0,0.0,0,,,,0.0,,2,0.0,0.0,,,0,2,,2.0,0.0,0.0,2,0,2,0.0,0,0,0.0,0
Jalen Harris,Winnipeg Sea Bears,2025-2026,offense,Play types,No Dribble Jumper,4,Left,Handoffs > From Stationary > Left > No Dribble Jumper,Handoffs,From Stationary,Left,No Dribble Jumper,,,1,25.0,3.0,150.0,0.0,0.0,1,100.0,,,100.0,,1,150.0,0.0,,,1,0,,1.0,0.0,100.0,0,0,0,,1,0,1.0,3
Jalen Harris,Winnipeg Sea Bears,2025-2026,offense,Play types,Guarded,5,No Dribble Jumper,Handoffs > From Stationary > Left > No Dribble Jumper > Guarded,Handoffs,From Stationary,Left,No Dribble Jumper,Guarded,,1,100.0,3.0,150.0,0.0,0.0,1,100.0,,,100.0,,1,150.0,0.0,,,1,0,,1.0,0.0,100.0,0,0,0,,1,0,1.0,3
Jalen Harris,Winnipeg Sea Bears,2025-2026,offense,Play types,To Basket,4,Left,Handoffs > From Stationary > Left > To Basket,Handoffs,From Stationary,Left,To Basket,,,1,25.0,2.0,100.0,0.0,0.0,0,,,,100.0,,1,100.0,0.0,,,1,0,,1.0,0.0,100.0,1,1,0,100.0,0,0,0.0,2
Jalen Harris,Winnipeg Sea Bears,2025-2026,offense,Play types,Make 2 Pts,5,To Basket,Handoffs > From Stationary > Left > To Basket > Make 2 Pts,Handoffs,From Stationary,Left,To Basket,Make 2 Pts,,1,100.0,2.0,100.0,0.0,0.0,0,,,,100.0,,1,100.0,0.0,,,1,0,,1.0,0.0,100.0,1,1,0,100.0,0,0,0.0,2
Jalen Harris,Winnipeg Sea Bears,2025-2026,offense,Play types,Right,3,From Stationary,Handoffs > From Stationary > Right,Handoffs,From Stationary,Right,,,,2,18.2,1.5,75.0,0.0,0.0,1,100.0,,,50.0,,2,75.0,0.0,,,1,1,,2.0,0.0,50.0,1,0,1,0.0,1,0,0.5,3
Jalen Harris,Winnipeg Sea Bears,2025-2026,offense,Play types,Dribble Jumper,4,Right,Handoffs > From Stationary > Right > Dribble Jumper,Handoffs,From Stationary,Right,Dribble Jumper,,,1,50.0,3.0,150.0,0.0,0.0,1,100.0,,,100.0,,1,150.0,0.0,,,1,0,,1.0,0.0,100.0,0,0,0,,1,0,1.0,3
Jalen Harris,Winnipeg Sea Bears,2025-2026,offense,Play types,Long/3pt,5,Dribble Jumper,Handoffs > From Stationary > Right > Dribble Jumper > Long/3pt,Handoffs,From Stationary,Right,Dribble Jumper,Long/3pt,,1,100.0,3.0,150.0,0.0,0.0,1,100.0,,,100.0,,1,150.0,0.0,,,1,0,,1.0,0.0,100.0,0,0,0,,1,0,1.0,3
Jalen Harris,Winnipeg Sea Bears,2025-2026,offense,Play types,To Basket,4,Right,Handoffs > From Stationary > Right > To Basket,Handoffs,From Stationary,Right,To Basket,,,1,50.0,0.0,0.0,0.0,0.0,0,,,,0.0,,1,0.0,0.0,,,0,1,,1.0,0.0,0.0,1,0,1,0.0,0,0,0.0,0
Jalen Harris,Winnipeg Sea Bears,2025-2026,offense,Play types,Miss 2 Pts,5,To Basket,Handoffs > From Stationary > Right > To Basket > Miss 2 Pts,Handoffs,From Stationary,Right,To Basket,Miss 2 Pts,,1,100.0,0.0,0.0,0.0,0.0,0,,,,0.0,,1,0.0,0.0,,,0,1,,1.0,0.0,0.0,1,0,1,0.0,0,0,0.0,0
Jalen Harris,Winnipeg Sea Bears,2025-2026,offense,Play types,Off Screen,1,,Off Screen,Off Screen,,,,,,21,5.6,0.619,34.6,9.5,9.5,10,20.0,Poor,13.0,23.5,46.0,17,29.4,9.5,,,4,13,,18.8,0.24,28.6,7,2,5,28.6,2,8,0.59,13
Jalen Harris,Winnipeg Sea Bears,2025-2026,offense,Play types,To Shooter's Right,2,Off Screen,Off Screen > To Shooter's Right,Off Screen,To Shooter's Right,,,,,12,57.1,0.75,41.4,8.3,8.3,7,28.6,,,30.0,,10,40.0,8.3,,,3,7,,10.9,0.2,33.3,3,1,2,33.3,2,5,0.7,9
Jalen Harris,Winnipeg Sea Bears,2025-2026,offense,Play types,Flare,3,To Shooter's Right,Off Screen > To Shooter's Right > Flare,Off Screen,To Shooter's Right,Flare,,,,6,50.0,1.0,50.0,0.0,0.0,5,40.0,,,33.3,,6,50.0,0.0,,,2,4,,6.0,0.0,33.3,1,0,1,0.0,2,3,0.83,6
Jalen Harris,Winnipeg Sea Bears,2025-2026,offense,Play types,Dribble Jumper,4,Flare,Off Screen > To Shooter's Right > Flare > Dribble Jumper,Off Screen,To Shooter's Right,Flare,Dribble Jumper,,,3,50.0,1.0,50.0,0.0,0.0,2,50.0,,,33.3,,3,50.0,0.0,,,1,2,,3.0,0.0,33.3,1,0,1,0.0,1,1,0.67,3
Jalen Harris,Winnipeg Sea Bears,2025-2026,offense,Play types,Long/3pt,5,Dribble Jumper,Off Screen > To Shooter's Right > Flare > Dribble Jumper > Long/3pt,Off Screen,To Shooter's Right,Flare,Dribble Jumper,Long/3pt,,2,66.7,1.5,75.0,0.0,0.0,2,50.0,,,50.0,,2,75.0,0.0,,,1,1,,2.0,0.0,50.0,0,0,0,,1,1,1.0,3
Jalen Harris,Winnipeg Sea Bears,2025-2026,offense,Play types,Short to < 17,5,Dribble Jumper,Off Screen > To Shooter's Right > Flare > Dribble Jumper > Short to < 17,Off Screen,To Shooter's Right,Flare,Dribble Jumper,Short to < 17,,1,33.3,0.0,0.0,0.0,0.0,0,,,,0.0,,1,0.0,0.0,,,0,1,,1.0,0.0,0.0,1,0,1,0.0,0,0,0.0,0
Jalen Harris,Winnipeg Sea Bears,2025-2026,offense,Play types,No Dribble Jumper,4,Flare,Off Screen > To Shooter's Right > Flare > No Dribble Jumper,Off Screen,To Shooter's Right,Flare,No Dribble Jumper,,,3,50.0,1.0,50.0,0.0,0.0,3,33.3,,,33.3,,3,50.0,0.0,,,1,2,,3.0,0.0,33.3,0,0,0,,1,2,1.0,3
Jalen Harris,Winnipeg Sea Bears,2025-2026,offense,Play types,Guarded,5,No Dribble Jumper,Off Screen > To Shooter's Right > Flare > No Dribble Jumper > Guarded,Off Screen,To Shooter's Right,Flare,No Dribble Jumper,Guarded,,2,66.7,1.5,75.0,0.0,0.0,2,50.0,,,50.0,,2,75.0,0.0,,,1,1,,2.0,0.0,50.0,0,0,0,,1,1,1.0,3
Jalen Harris,Winnipeg Sea Bears,2025-2026,offense,Play types,Open,5,No Dribble Jumper,Off Screen > To Shooter's Right > Flare > No Dribble Jumper > Open,Off Screen,To Shooter's Right,Flare,No Dribble Jumper,Open,,1,33.3,0.0,0.0,0.0,0.0,1,0.0,,,0.0,,1,0.0,0.0,,,0,1,,1.0,0.0,0.0,0,0,0,,0,1,1.0,0
Jalen Harris,Winnipeg Sea Bears,2025-2026,offense,Play types,Straight,3,To Shooter's Right,Off Screen > To Shooter's Right > Straight,Off Screen,To Shooter's Right,Straight,,,,5,41.7,0.4,25.0,20.0,0.0,2,0.0,,,25.0,,4,25.0,0.0,,,1,3,,4.0,0.0,20.0,2,1,1,50.0,0,2,0.5,2
Jalen Harris,Winnipeg Sea Bears,2025-2026,offense,Play types,No Dribble Jumper,4,Straight,Off Screen > To Shooter's Right > Straight > No Dribble Jumper,Off Screen,To Shooter's Right,Straight,No Dribble Jumper,,,3,60.0,0.667,33.3,0.0,0.0,2,0.0,,,33.3,,3,33.3,0.0,,,1,2,,3.0,0.0,33.3,1,1,0,100.0,0,2,0.67,2
Jalen Harris,Winnipeg Sea Bears,2025-2026,offense,Play types,Guarded,5,No Dribble Jumper,Off Screen > To Shooter's Right > Straight > No Dribble Jumper > Guarded,Off Screen,To Shooter's Right,Straight,No Dribble Jumper,Guarded,,2,66.7,1.0,50.0,0.0,0.0,1,0.0,,,50.0,,2,50.0,0.0,,,1,1,,2.0,0.0,50.0,1,1,0,100.0,0,1,0.5,2
Jalen Harris,Winnipeg Sea Bears,2025-2026,offense,Play types,Open,5,No Dribble Jumper,Off Screen > To Shooter's Right > Straight > No Dribble Jumper > Open,Off Screen,To Shooter's Right,Straight,No Dribble Jumper,Open,,1,33.3,0.0,0.0,0.0,0.0,1,0.0,,,0.0,,1,0.0,0.0,,,0,1,,1.0,0.0,0.0,0,0,0,,0,1,1.0,0
Jalen Harris,Winnipeg Sea Bears,2025-2026,offense,Play types,Turnover,4,Straight,Off Screen > To Shooter's Right > Straight > Turnover,Off Screen,To Shooter's Right,Straight,Turnover,,,1,20.0,0.0,,100.0,0.0,0,,,,,,0,,0.0,,,0,0,,0.0,,0.0,0,0,0,,0,0,,0
Jalen Harris,Winnipeg Sea Bears,2025-2026,offense,Play types,Dribble Jumper,4,Straight,Off Screen > To Shooter's Right > Straight > Dribble Jumper,Off Screen,To Shooter's Right,Straight,Dribble Jumper,,,1,20.0,0.0,0.0,0.0,0.0,0,,,,0.0,,1,0.0,0.0,,,0,1,,1.0,0.0,0.0,1,0,1,0.0,0,0,0.0,0
Jalen Harris,Winnipeg Sea Bears,2025-2026,offense,Play types,Short to < 17,5,Dribble Jumper,Off Screen > To Shooter's Right > Straight > Dribble Jumper > Short to < 17,Off Screen,To Shooter's Right,Straight,Dribble Jumper,Short to < 17,,1,100.0,0.0,0.0,0.0,0.0,0,,,,0.0,,1,0.0,0.0,,,0,1,,1.0,0.0,0.0,1,0,1,0.0,0,0,0.0,0
Jalen Harris,Winnipeg Sea Bears,2025-2026,offense,Play types,Curl,3,To Shooter's Right,Off Screen > To Shooter's Right > Curl,Off Screen,To Shooter's Right,Curl,,,,1,8.3,1.0,56.8,0.0,100.0,0,,,,,,0,,100.0,,,0,0,,0.9,,100.0,0,0,0,,0,0,,1
Jalen Harris,Winnipeg Sea Bears,2025-2026,offense,Play types,No Dribble Jumper,4,Curl,Off Screen > To Shooter's Right > Curl > No Dribble Jumper,Off Screen,To Shooter's Right,Curl,No Dribble Jumper,,,1,100.0,1.0,56.8,0.0,100.0,0,,,,,,0,,100.0,,,0,0,,0.9,,100.0,0,0,0,,0,0,,1
Jalen Harris,Winnipeg Sea Bears,2025-2026,offense,Play types,Guarded,5,No Dribble Jumper,Off Screen > To Shooter's Right > Curl > No Dribble Jumper > Guarded,Off Screen,To Shooter's Right,Curl,No Dribble Jumper,Guarded,,1,100.0,1.0,56.8,0.0,100.0,0,,,,,,0,,100.0,,,0,0,,0.9,,100.0,0,0,0,,0,0,,1
Jalen Harris,Winnipeg Sea Bears,2025-2026,offense,Play types,To Shooter's Left,2,Off Screen,Off Screen > To Shooter's Left,Off Screen,To Shooter's Left,,,,,9,42.9,0.444,25.4,11.1,11.1,3,0.0,,,14.3,,7,14.3,11.1,,,1,6,,7.9,0.29,22.2,4,1,3,25.0,0,3,0.43,4
Jalen Harris,Winnipeg Sea Bears,2025-2026,offense,Play types,Straight,3,To Shooter's Left,Off Screen > To Shooter's Left > Straight,Off Screen,To Shooter's Left,Straight,,,,8,88.9,0.5,29.1,12.5,12.5,2,0.0,,,16.7,,6,16.7,12.5,,,1,5,,6.9,0.33,25.0,4,1,3,25.0,0,2,0.33,4
Jalen Harris,Winnipeg Sea Bears,2025-2026,offense,Play types,Dribble Jumper,4,Straight,Off Screen > To Shooter's Left > Straight > Dribble Jumper,Off Screen,To Shooter's Left,Straight,Dribble Jumper,,,4,50.0,0.5,25.0,0.0,0.0,1,0.0,,,25.0,,4,25.0,0.0,,,1,3,,4.0,0.0,25.0,3,1,2,33.3,0,1,0.25,2
Jalen Harris,Winnipeg Sea Bears,2025-2026,offense,Play types,Short to < 17,5,Dribble Jumper,Off Screen > To Shooter's Left > Straight > Dribble Jumper > Short to < 17,Off Screen,To Shooter's Left,Straight,Dribble Jumper,Short to < 17,,3,75.0,0.667,33.3,0.0,0.0,0,,,,33.3,,3,33.3,0.0,,,1,2,,3.0,0.0,33.3,3,1,2,33.3,0,0,0.0,2
Jalen Harris,Winnipeg Sea Bears,2025-2026,offense,Play types,Long/3pt,5,Dribble Jumper,Off Screen > To Shooter's Left > Straight > Dribble Jumper > Long/3pt,Off Screen,To Shooter's Left,Straight,Dribble Jumper,Long/3pt,,1,25.0,0.0,0.0,0.0,0.0,1,0.0,,,0.0,,1,0.0,0.0,,,0,1,,1.0,0.0,0.0,0,0,0,,0,1,1.0,0
Jalen Harris,Winnipeg Sea Bears,2025-2026,offense,Play types,No Dribble Jumper,4,Straight,Off Screen > To Shooter's Left > Straight > No Dribble Jumper,Off Screen,To Shooter's Left,Straight,No Dribble Jumper,,,3,37.5,0.667,34.7,0.0,33.3,1,0.0,,,0.0,,2,0.0,33.3,,,0,2,,2.9,1.0,33.3,1,0,1,0.0,0,1,0.5,2
Jalen Harris,Winnipeg Sea Bears,2025-2026,offense,Play types,Guarded,5,No Dribble Jumper,Off Screen > To Shooter's Left > Straight > No Dribble Jumper > Guarded,Off Screen,To Shooter's Left,Straight,No Dribble Jumper,Guarded,,3,100.0,0.667,34.7,0.0,33.3,1,0.0,,,0.0,,2,0.0,33.3,,,0,2,,2.9,1.0,33.3,1,0,1,0.0,0,1,0.5,2
Jalen Harris,Winnipeg Sea Bears,2025-2026,offense,Play types,Turnover,4,Straight,Off Screen > To Shooter's Left > Straight > Turnover,Off Screen,To Shooter's Left,Straight,Turnover,,,1,12.5,0.0,,100.0,0.0,0,,,,,,0,,0.0,,,0,0,,0.0,,0.0,0,0,0,,0,0,,0
Jalen Harris,Winnipeg Sea Bears,2025-2026,offense,Play types,Flare,3,To Shooter's Left,Off Screen > To Shooter's Left > Flare,Off Screen,To Shooter's Left,Flare,,,,1,11.1,0.0,0.0,0.0,0.0,1,0.0,,,0.0,,1,0.0,0.0,,,0,1,,1.0,0.0,0.0,0,0,0,,0,1,1.0,0
Jalen Harris,Winnipeg Sea Bears,2025-2026,offense,Play types,No Dribble Jumper,4,Flare,Off Screen > To Shooter's Left > Flare > No Dribble Jumper,Off Screen,To Shooter's Left,Flare,No Dribble Jumper,,,1,100.0,0.0,0.0,0.0,0.0,1,0.0,,,0.0,,1,0.0,0.0,,,0,1,,1.0,0.0,0.0,0,0,0,,0,1,1.0,0
Jalen Harris,Winnipeg Sea Bears,2025-2026,offense,Play types,Guarded,5,No Dribble Jumper,Off Screen > To Shooter's Left > Flare > No Dribble Jumper > Guarded,Off Screen,To Shooter's Left,Flare,No Dribble Jumper,Guarded,,1,100.0,0.0,0.0,0.0,0.0,1,0.0,,,0.0,,1,0.0,0.0,,,0,1,,1.0,0.0,0.0,0,0,0,,0,1,1.0,0
Jalen Harris,Winnipeg Sea Bears,2025-2026,offense,Play types,Cut,1,,Cut,Cut,,,,,,13,3.4,1.231,68.0,7.7,15.4,0,,Average,49.0,60.0,3.0,10,60.0,15.4,,,6,4,,11.8,0.4,61.5,10,6,4,60.0,0,0,0.0,16
Jalen Harris,Winnipeg Sea Bears,2025-2026,offense,Play types,Basket,2,Cut,Cut > Basket,Cut,Basket,,,,,13,100.0,1.231,68.0,7.7,15.4,0,,,,60.0,,10,60.0,15.4,,,6,4,,11.8,0.4,61.5,10,6,4,60.0,0,0,0.0,16
Jalen Harris,Winnipeg Sea Bears,2025-2026,offense,Play types,Make 2 Pts,3,Basket,Cut > Basket > Make 2 Pts,Cut,Basket,Make 2 Pts,,,,6,46.2,2.0,100.0,0.0,0.0,0,,,,100.0,,6,100.0,0.0,,,6,0,,6.0,0.0,100.0,6,6,0,100.0,0,0,0.0,12
Jalen Harris,Winnipeg Sea Bears,2025-2026,offense,Play types,Miss 2 Pts,3,Basket,Cut > Basket > Miss 2 Pts,Cut,Basket,Miss 2 Pts,,,,4,30.8,0.0,0.0,0.0,0.0,0,,,,0.0,,4,0.0,0.0,,,0,4,,4.0,0.0,0.0,4,0,4,0.0,0,0,0.0,0
Jalen Harris,Winnipeg Sea Bears,2025-2026,offense,Play types,Foul,3,Basket,Cut > Basket > Foul,Cut,Basket,Foul,,,,2,15.4,2.0,113.6,0.0,100.0,0,,,,,,0,,100.0,,,0,0,,1.8,,100.0,0,0,0,,0,0,,4
Jalen Harris,Winnipeg Sea Bears,2025-2026,offense,Play types,Turnover,3,Basket,Cut > Basket > Turnover,Cut,Basket,Turnover,,,,1,7.7,0.0,,100.0,0.0,0,,,,,,0,,0.0,,,0,0,,0.0,,0.0,0,0,0,,0,0,,0
Jalen Harris,Winnipeg Sea Bears,2025-2026,offense,Play types,Miscellaneous Plays,1,,Miscellaneous Plays,Miscellaneous Plays,,,,,,10,2.7,0.3,30.0,50.0,0.0,3,33.3,Average,35.0,20.0,0.0,5,30.0,0.0,,,1,4,,5.0,0.0,10.0,2,0,2,0.0,1,2,0.6,3
Jalen Harris,Winnipeg Sea Bears,2025-2026,offense,Play types,Turnover,2,Miscellaneous Plays,Miscellaneous Plays > Turnover,Miscellaneous Plays,Turnover,,,,,5,50.0,0.0,,100.0,0.0,0,,,,,,0,,0.0,,,0,0,,0.0,,0.0,0,0,0,,0,0,,0
Jalen Harris,Winnipeg Sea Bears,2025-2026,offense,Play types,Dribble Jumper,2,Miscellaneous Plays,Miscellaneous Plays > Dribble Jumper,Miscellaneous Plays,Dribble Jumper,,,,,2,20.0,0.0,0.0,0.0,0.0,1,0.0,,,0.0,,2,0.0,0.0,,,0,2,,2.0,0.0,0.0,1,0,1,0.0,0,1,0.5,0
Jalen Harris,Winnipeg Sea Bears,2025-2026,offense,Play types,Short to < 17,3,Dribble Jumper,Miscellaneous Plays > Dribble Jumper > Short to < 17,Miscellaneous Plays,Dribble Jumper,Short to < 17,,,,1,50.0,0.0,0.0,0.0,0.0,0,,,,0.0,,1,0.0,0.0,,,0,1,,1.0,0.0,0.0,1,0,1,0.0,0,0,0.0,0
Jalen Harris,Winnipeg Sea Bears,2025-2026,offense,Play types,Miss 2 Pts,4,Short to < 17,Miscellaneous Plays > Dribble Jumper > Short to < 17 > Miss 2 Pts,Miscellaneous Plays,Dribble Jumper,Short to < 17,Miss 2 Pts,,,1,100.0,0.0,0.0,0.0,0.0,0,,,,0.0,,1,0.0,0.0,,,0,1,,1.0,0.0,0.0,1,0,1,0.0,0,0,0.0,0
Jalen Harris,Winnipeg Sea Bears,2025-2026,offense,Play types,Long/3pt,3,Dribble Jumper,Miscellaneous Plays > Dribble Jumper > Long/3pt,Miscellaneous Plays,Dribble Jumper,Long/3pt,,,,1,50.0,0.0,0.0,0.0,0.0,1,0.0,,,0.0,,1,0.0,0.0,,,0,1,,1.0,0.0,0.0,0,0,0,,0,1,1.0,0
Jalen Harris,Winnipeg Sea Bears,2025-2026,offense,Play types,Miss 3 Pts,4,Long/3pt,Miscellaneous Plays > Dribble Jumper > Long/3pt > Miss 3 Pts,Miscellaneous Plays,Dribble Jumper,Long/3pt,Miss 3 Pts,,,1,100.0,0.0,0.0,0.0,0.0,1,0.0,,,0.0,,1,0.0,0.0,,,0,1,,1.0,0.0,0.0,0,0,0,,0,1,1.0,0
Jalen Harris,Winnipeg Sea Bears,2025-2026,offense,Play types,No Dribble Jumper,2,Miscellaneous Plays,Miscellaneous Plays > No Dribble Jumper,Miscellaneous Plays,No Dribble Jumper,,,,,2,20.0,1.5,75.0,0.0,0.0,2,50.0,,,50.0,,2,75.0,0.0,,,1,1,,2.0,0.0,50.0,0,0,0,,1,1,1.0,3
Jalen Harris,Winnipeg Sea Bears,2025-2026,offense,Play types,Open,3,No Dribble Jumper,Miscellaneous Plays > No Dribble Jumper > Open,Miscellaneous Plays,No Dribble Jumper,Open,,,,1,50.0,0.0,0.0,0.0,0.0,1,0.0,,,0.0,,1,0.0,0.0,,,0,1,,1.0,0.0,0.0,0,0,0,,0,1,1.0,0
Jalen Harris,Winnipeg Sea Bears,2025-2026,offense,Play types,Long/3pt,4,Open,Miscellaneous Plays > No Dribble Jumper > Open > Long/3pt,Miscellaneous Plays,No Dribble Jumper,Open,Long/3pt,,,1,100.0,0.0,0.0,0.0,0.0,1,0.0,,,0.0,,1,0.0,0.0,,,0,1,,1.0,0.0,0.0,0,0,0,,0,1,1.0,0
Jalen Harris,Winnipeg Sea Bears,2025-2026,offense,Play types,Miss 3 Pts,5,Long/3pt,Miscellaneous Plays > No Dribble Jumper > Open > Long/3pt > Miss 3 Pts,Miscellaneous Plays,No Dribble Jumper,Open,Long/3pt,Miss 3 Pts,,1,100.0,0.0,0.0,0.0,0.0,1,0.0,,,0.0,,1,0.0,0.0,,,0,1,,1.0,0.0,0.0,0,0,0,,0,1,1.0,0
Jalen Harris,Winnipeg Sea Bears,2025-2026,offense,Play types,Guarded,3,No Dribble Jumper,Miscellaneous Plays > No Dribble Jumper > Guarded,Miscellaneous Plays,No Dribble Jumper,Guarded,,,,1,50.0,3.0,150.0,0.0,0.0,1,100.0,,,100.0,,1,150.0,0.0,,,1,0,,1.0,0.0,100.0,0,0,0,,1,0,1.0,3
Jalen Harris,Winnipeg Sea Bears,2025-2026,offense,Play types,Long/3pt,4,Guarded,Miscellaneous Plays > No Dribble Jumper > Guarded > Long/3pt,Miscellaneous Plays,No Dribble Jumper,Guarded,Long/3pt,,,1,100.0,3.0,150.0,0.0,0.0,1,100.0,,,100.0,,1,150.0,0.0,,,1,0,,1.0,0.0,100.0,0,0,0,,1,0,1.0,3
Jalen Harris,Winnipeg Sea Bears,2025-2026,offense,Play types,Make 3 Pts,5,Long/3pt,Miscellaneous Plays > No Dribble Jumper > Guarded > Long/3pt > Make 3 Pts,Miscellaneous Plays,No Dribble Jumper,Guarded,Long/3pt,Make 3 Pts,,1,100.0,3.0,150.0,0.0,0.0,1,100.0,,,100.0,,1,150.0,0.0,,,1,0,,1.0,0.0,100.0,0,0,0,,1,0,1.0,3
Jalen Harris,Winnipeg Sea Bears,2025-2026,offense,Play types,To Basket,2,Miscellaneous Plays,Miscellaneous Plays > To Basket,Miscellaneous Plays,To Basket,,,,,1,10.0,0.0,0.0,0.0,0.0,0,,,,0.0,,1,0.0,0.0,,,0,1,,1.0,0.0,0.0,1,0,1,0.0,0,0,0.0,0
Jalen Harris,Winnipeg Sea Bears,2025-2026,offense,Play types,Miss 2 Pts,3,To Basket,Miscellaneous Plays > To Basket > Miss 2 Pts,Miscellaneous Plays,To Basket,Miss 2 Pts,,,,1,100.0,0.0,0.0,0.0,0.0,0,,,,0.0,,1,0.0,0.0,,,0,1,,1.0,0.0,0.0,1,0,1,0.0,0,0,0.0,0
Jalen Harris,Winnipeg Sea Bears,2025-2026,offense,Play types,Post-Up,1,,Post-Up,Post-Up,,,,,,6,1.6,0.667,40.0,16.7,0.0,0,,,,40.0,,5,40.0,0.0,,,2,3,,5.0,0.0,33.3,5,2,3,40.0,0,0,0.0,4
Jalen Harris,Winnipeg Sea Bears,2025-2026,offense,Play types,Post-Up - Overall,2,Post-Up,Post-Up > Post-Up - Overall,Post-Up,Post-Up - Overall,,,,,6,100.0,0.667,40.0,16.7,0.0,0,,,,40.0,,5,40.0,0.0,,,2,3,,5.0,0.0,33.3,5,2,3,40.0,0,0,0.0,4
Jalen Harris,Winnipeg Sea Bears,2025-2026,offense,Play types,Left Shoulder,3,Post-Up - Overall,Post-Up > Post-Up - Overall > Left Shoulder,Post-Up,Post-Up - Overall,Left Shoulder,,,,4,66.7,0.5,33.3,25.0,0.0,0,,,,33.3,,3,33.3,0.0,,,1,2,,3.0,0.0,25.0,3,1,2,33.3,0,0,0.0,2
Jalen Harris,Winnipeg Sea Bears,2025-2026,offense,Play types,Right Shoulder,3,Post-Up - Overall,Post-Up > Post-Up - Overall > Right Shoulder,Post-Up,Post-Up - Overall,Right Shoulder,,,,2,33.3,1.0,50.0,0.0,0.0,0,,,,50.0,,2,50.0,0.0,,,1,1,,2.0,0.0,50.0,2,1,1,50.0,0,0,0.0,2
Jalen Harris,Winnipeg Sea Bears,2025-2026,offense,Play types,Left Block,2,Post-Up,Post-Up > Left Block,Post-Up,Left Block,,,,,5,83.3,0.8,50.0,20.0,0.0,0,,,,50.0,,4,50.0,0.0,,,2,2,,4.0,0.0,40.0,4,2,2,50.0,0,0,0.0,4
Jalen Harris,Winnipeg Sea Bears,2025-2026,offense,Play types,Left Shoulder,3,Left Block,Post-Up > Left Block > Left Shoulder,Post-Up,Left Block,Left Shoulder,,,,4,80.0,0.5,33.3,25.0,0.0,0,,,,33.3,,3,33.3,0.0,,,1,2,,3.0,0.0,25.0,3,1,2,33.3,0,0,0.0,2
Jalen Harris,Winnipeg Sea Bears,2025-2026,offense,Play types,Dribble Move,4,Left Shoulder,Post-Up > Left Block > Left Shoulder > Dribble Move,Post-Up,Left Block,Left Shoulder,Dribble Move,,,4,100.0,0.5,33.3,25.0,0.0,0,,,,33.3,,3,33.3,0.0,,,1,2,,3.0,0.0,25.0,3,1,2,33.3,0,0,0.0,2
Jalen Harris,Winnipeg Sea Bears,2025-2026,offense,Play types,To Hook,5,Dribble Move,Post-Up > Left Block > Left Shoulder > Dribble Move > To Hook,Post-Up,Left Block,Left Shoulder,Dribble Move,To Hook,,2,50.0,1.0,50.0,0.0,0.0,0,,,,50.0,,2,50.0,0.0,,,1,1,,2.0,0.0,50.0,2,1,1,50.0,0,0,0.0,2
Jalen Harris,Winnipeg Sea Bears,2025-2026,offense,Play types,To Jumper,5,Dribble Move,Post-Up > Left Block > Left Shoulder > Dribble Move > To Jumper,Post-Up,Left Block,Left Shoulder,Dribble Move,To Jumper,,1,25.0,0.0,0.0,0.0,0.0,0,,,,0.0,,1,0.0,0.0,,,0,1,,1.0,0.0,0.0,1,0,1,0.0,0,0,0.0,0
Jalen Harris,Winnipeg Sea Bears,2025-2026,offense,Play types,Turnover,5,Dribble Move,Post-Up > Left Block > Left Shoulder > Dribble Move > Turnover,Post-Up,Left Block,Left Shoulder,Dribble Move,Turnover,,1,25.0,0.0,,100.0,0.0,0,,,,,,0,,0.0,,,0,0,,0.0,,0.0,0,0,0,,0,0,,0
Jalen Harris,Winnipeg Sea Bears,2025-2026,offense,Play types,Right Shoulder,3,Left Block,Post-Up > Left Block > Right Shoulder,Post-Up,Left Block,Right Shoulder,,,,1,20.0,2.0,100.0,0.0,0.0,0,,,,100.0,,1,100.0,0.0,,,1,0,,1.0,0.0,100.0,1,1,0,100.0,0,0,0.0,2
Jalen Harris,Winnipeg Sea Bears,2025-2026,offense,Play types,Dribble Move,4,Right Shoulder,Post-Up > Left Block > Right Shoulder > Dribble Move,Post-Up,Left Block,Right Shoulder,Dribble Move,,,1,100.0,2.0,100.0,0.0,0.0,0,,,,100.0,,1,100.0,0.0,,,1,0,,1.0,0.0,100.0,1,1,0,100.0,0,0,0.0,2
Jalen Harris,Winnipeg Sea Bears,2025-2026,offense,Play types,To Jumper,5,Dribble Move,Post-Up > Left Block > Right Shoulder > Dribble Move > To Jumper,Post-Up,Left Block,Right Shoulder,Dribble Move,To Jumper,,1,100.0,2.0,100.0,0.0,0.0,0,,,,100.0,,1,100.0,0.0,,,1,0,,1.0,0.0,100.0,1,1,0,100.0,0,0,0.0,2
Jalen Harris,Winnipeg Sea Bears,2025-2026,offense,Play types,Right Block,2,Post-Up,Post-Up > Right Block,Post-Up,Right Block,,,,,1,16.7,0.0,0.0,0.0,0.0,0,,,,0.0,,1,0.0,0.0,,,0,1,,1.0,0.0,0.0,1,0,1,0.0,0,0,0.0,0
Jalen Harris,Winnipeg Sea Bears,2025-2026,offense,Play types,Right Shoulder,3,Right Block,Post-Up > Right Block > Right Shoulder,Post-Up,Right Block,Right Shoulder,,,,1,100.0,0.0,0.0,0.0,0.0,0,,,,0.0,,1,0.0,0.0,,,0,1,,1.0,0.0,0.0,1,0,1,0.0,0,0,0.0,0
Jalen Harris,Winnipeg Sea Bears,2025-2026,offense,Play types,Dribble Move,4,Right Shoulder,Post-Up > Right Block > Right Shoulder > Dribble Move,Post-Up,Right Block,Right Shoulder,Dribble Move,,,1,100.0,0.0,0.0,0.0,0.0,0,,,,0.0,,1,0.0,0.0,,,0,1,,1.0,0.0,0.0,1,0,1,0.0,0,0,0.0,0
Jalen Harris,Winnipeg Sea Bears,2025-2026,offense,Play types,To Hook,5,Dribble Move,Post-Up > Right Block > Right Shoulder > Dribble Move > To Hook,Post-Up,Right Block,Right Shoulder,Dribble Move,To Hook,,1,100.0,0.0,0.0,0.0,0.0,0,,,,0.0,,1,0.0,0.0,,,0,1,,1.0,0.0,0.0,1,0,1,0.0,0,0,0.0,0
Jalen Harris,Winnipeg Sea Bears,2025-2026,offense,Play types,Offensive Rebounds (Put Backs),1,,Offensive Rebounds (Put Backs),Offensive Rebounds (Put Backs),,,,,,5,1.3,1.0,62.5,20.0,0.0,1,100.0,,,50.0,,4,62.5,0.0,,,2,2,,4.0,0.0,40.0,3,1,2,33.3,1,0,0.25,5
Jalen Harris,Winnipeg Sea Bears,2025-2026,offense,Play types,Short,2,Offensive Rebounds (Put Backs),Offensive Rebounds (Put Backs) > Short,Offensive Rebounds (Put Backs),Short,,,,,3,60.0,0.667,33.3,0.0,0.0,0,,,,33.3,,3,33.3,0.0,,,1,2,,3.0,0.0,33.3,3,1,2,33.3,0,0,0.0,2
Jalen Harris,Winnipeg Sea Bears,2025-2026,offense,Play types,Scoring Attempt,3,Short,Offensive Rebounds (Put Backs) > Short > Scoring Attempt,Offensive Rebounds (Put Backs),Short,Scoring Attempt,,,,3,100.0,0.667,33.3,0.0,0.0,0,,,,33.3,,3,33.3,0.0,,,1,2,,3.0,0.0,33.3,3,1,2,33.3,0,0,0.0,2
Jalen Harris,Winnipeg Sea Bears,2025-2026,offense,Play types,At Basket,4,Scoring Attempt,Offensive Rebounds (Put Backs) > Short > Scoring Attempt > At Basket,Offensive Rebounds (Put Backs),Short,Scoring Attempt,At Basket,,,3,100.0,0.667,33.3,0.0,0.0,0,,,,33.3,,3,33.3,0.0,,,1,2,,3.0,0.0,33.3,3,1,2,33.3,0,0,0.0,2
Jalen Harris,Winnipeg Sea Bears,2025-2026,offense,Play types,Miss 2 Pts,5,At Basket,Offensive Rebounds (Put Backs) > Short > Scoring Attempt > At Basket > Miss 2 Pts,Offensive Rebounds (Put Backs),Short,Scoring Attempt,At Basket,Miss 2 Pts,,2,66.7,0.0,0.0,0.0,0.0,0,,,,0.0,,2,0.0,0.0,,,0,2,,2.0,0.0,0.0,2,0,2,0.0,0,0,0.0,0
Jalen Harris,Winnipeg Sea Bears,2025-2026,offense,Play types,Make 2 Pts,5,At Basket,Offensive Rebounds (Put Backs) > Short > Scoring Attempt > At Basket > Make 2 Pts,Offensive Rebounds (Put Backs),Short,Scoring Attempt,At Basket,Make 2 Pts,,1,33.3,2.0,100.0,0.0,0.0,0,,,,100.0,,1,100.0,0.0,,,1,0,,1.0,0.0,100.0,1,1,0,100.0,0,0,0.0,2
Jalen Harris,Winnipeg Sea Bears,2025-2026,offense,Play types,Long,2,Offensive Rebounds (Put Backs),Offensive Rebounds (Put Backs) > Long,Offensive Rebounds (Put Backs),Long,,,,,2,40.0,1.5,150.0,50.0,0.0,1,100.0,,,100.0,,1,150.0,0.0,,,1,0,,1.0,0.0,50.0,0,0,0,,1,0,1.0,3
Jalen Harris,Winnipeg Sea Bears,2025-2026,offense,Play types,Scoring Attempt,3,Long,Offensive Rebounds (Put Backs) > Long > Scoring Attempt,Offensive Rebounds (Put Backs),Long,Scoring Attempt,,,,1,50.0,3.0,150.0,0.0,0.0,1,100.0,,,100.0,,1,150.0,0.0,,,1,0,,1.0,0.0,100.0,0,0,0,,1,0,1.0,3
Jalen Harris,Winnipeg Sea Bears,2025-2026,offense,Play types,Long/3pt,4,Scoring Attempt,Offensive Rebounds (Put Backs) > Long > Scoring Attempt > Long/3pt,Offensive Rebounds (Put Backs),Long,Scoring Attempt,Long/3pt,,,1,100.0,3.0,150.0,0.0,0.0,1,100.0,,,100.0,,1,150.0,0.0,,,1,0,,1.0,0.0,100.0,0,0,0,,1,0,1.0,3
Jalen Harris,Winnipeg Sea Bears,2025-2026,offense,Play types,Make 3 Pts,5,Long/3pt,Offensive Rebounds (Put Backs) > Long > Scoring Attempt > Long/3pt > Make 3 Pts,Offensive Rebounds (Put Backs),Long,Scoring Attempt,Long/3pt,Make 3 Pts,,1,100.0,3.0,150.0,0.0,0.0,1,100.0,,,100.0,,1,150.0,0.0,,,1,0,,1.0,0.0,100.0,0,0,0,,1,0,1.0,3
Jalen Harris,Winnipeg Sea Bears,2025-2026,offense,Play types,Turnover,3,Long,Offensive Rebounds (Put Backs) > Long > Turnover,Offensive Rebounds (Put Backs),Long,Turnover,,,,1,50.0,0.0,,100.0,0.0,0,,,,,,0,,0.0,,,0,0,,0.0,,0.0,0,0,0,,0,0,,0
Jalen Harris,Winnipeg Sea Bears,2025-2026,offense,Play types,P&R Roll Man,1,,P&R Roll Man,P&R Roll Man,,,,,,4,1.1,1.25,62.5,0.0,0.0,1,100.0,,,50.0,,4,62.5,0.0,,,2,2,,4.0,0.0,50.0,3,1,2,33.3,1,0,0.25,5
Jalen Harris,Winnipeg Sea Bears,2025-2026,offense,Play types,Pick and Pops,2,P&R Roll Man,P&R Roll Man > Pick and Pops,P&R Roll Man,Pick and Pops,,,,,4,100.0,1.25,62.5,0.0,0.0,1,100.0,,,50.0,,4,62.5,0.0,,,2,2,,4.0,0.0,50.0,3,1,2,33.3,1,0,0.25,5
Jalen Harris,Winnipeg Sea Bears,2025-2026,offense,Play types,Drives Left,3,Pick and Pops,P&R Roll Man > Pick and Pops > Drives Left,P&R Roll Man,Pick and Pops,Drives Left,,,,3,75.0,0.667,33.3,0.0,0.0,0,,,,33.3,,3,33.3,0.0,,,1,2,,3.0,0.0,33.3,3,1,2,33.3,0,0,0.0,2
Jalen Harris,Winnipeg Sea Bears,2025-2026,offense,Play types,Dribble Jumper,4,Drives Left,P&R Roll Man > Pick and Pops > Drives Left > Dribble Jumper,P&R Roll Man,Pick and Pops,Drives Left,Dribble Jumper,,,2,66.7,1.0,50.0,0.0,0.0,0,,,,50.0,,2,50.0,0.0,,,1,1,,2.0,0.0,50.0,2,1,1,50.0,0,0,0.0,2
Jalen Harris,Winnipeg Sea Bears,2025-2026,offense,Play types,Medium/17' to 3pt,5,Dribble Jumper,P&R Roll Man > Pick and Pops > Drives Left > Dribble Jumper > Medium/17' to 3pt,P&R Roll Man,Pick and Pops,Drives Left,Dribble Jumper,Medium/17' to 3pt,,1,50.0,2.0,100.0,0.0,0.0,0,,,,100.0,,1,100.0,0.0,,,1,0,,1.0,0.0,100.0,1,1,0,100.0,0,0,0.0,2
Jalen Harris,Winnipeg Sea Bears,2025-2026,offense,Play types,Short to < 17,5,Dribble Jumper,P&R Roll Man > Pick and Pops > Drives Left > Dribble Jumper > Short to < 17,P&R Roll Man,Pick and Pops,Drives Left,Dribble Jumper,Short to < 17,,1,50.0,0.0,0.0,0.0,0.0,0,,,,0.0,,1,0.0,0.0,,,0,1,,1.0,0.0,0.0,1,0,1,0.0,0,0,0.0,0
Jalen Harris,Winnipeg Sea Bears,2025-2026,offense,Play types,To Basket,4,Drives Left,P&R Roll Man > Pick and Pops > Drives Left > To Basket,P&R Roll Man,Pick and Pops,Drives Left,To Basket,,,1,33.3,0.0,0.0,0.0,0.0,0,,,,0.0,,1,0.0,0.0,,,0,1,,1.0,0.0,0.0,1,0,1,0.0,0,0,0.0,0
Jalen Harris,Winnipeg Sea Bears,2025-2026,offense,Play types,Miss 2 Pts,5,To Basket,P&R Roll Man > Pick and Pops > Drives Left > To Basket > Miss 2 Pts,P&R Roll Man,Pick and Pops,Drives Left,To Basket,Miss 2 Pts,,1,100.0,0.0,0.0,0.0,0.0,0,,,,0.0,,1,0.0,0.0,,,0,1,,1.0,0.0,0.0,1,0,1,0.0,0,0,0.0,0
Jalen Harris,Winnipeg Sea Bears,2025-2026,offense,Play types,Drives Straight,3,Pick and Pops,P&R Roll Man > Pick and Pops > Drives Straight,P&R Roll Man,Pick and Pops,Drives Straight,,,,1,25.0,3.0,150.0,0.0,0.0,1,100.0,,,100.0,,1,150.0,0.0,,,1,0,,1.0,0.0,100.0,0,0,0,,1,0,1.0,3
Jalen Harris,Winnipeg Sea Bears,2025-2026,offense,Play types,Dribble Jumper,4,Drives Straight,P&R Roll Man > Pick and Pops > Drives Straight > Dribble Jumper,P&R Roll Man,Pick and Pops,Drives Straight,Dribble Jumper,,,1,100.0,3.0,150.0,0.0,0.0,1,100.0,,,100.0,,1,150.0,0.0,,,1,0,,1.0,0.0,100.0,0,0,0,,1,0,1.0,3
Jalen Harris,Winnipeg Sea Bears,2025-2026,offense,Play types,Long/3pt,5,Dribble Jumper,P&R Roll Man > Pick and Pops > Drives Straight > Dribble Jumper > Long/3pt,P&R Roll Man,Pick and Pops,Drives Straight,Dribble Jumper,Long/3pt,,1,100.0,3.0,150.0,0.0,0.0,1,100.0,,,100.0,,1,150.0,0.0,,,1,0,,1.0,0.0,100.0,0,0,0,,1,0,1.0,3
Jalen Harris,Winnipeg Sea Bears,2025-2026,offense,Overall Drive Direction,Overall,1,,Overall,Overall,,,,,,79,21.0,1.025,57.0,10.1,11.4,8,50.0,,,48.4,,64,51.6,8.9,,,31,33,,71.0,0.25,48.1,56,27,29,48.2,4,4,0.13,81
Jalen Harris,Winnipeg Sea Bears,2025-2026,offense,Overall Drive Direction,Drives Left,2,Overall,Overall > Drives Left,Overall,Drives Left,,,,,45,57.0,0.956,53.4,11.1,15.6,1,0.0,,,45.7,,35,45.7,11.1,,,16,19,,40.3,0.34,46.7,34,16,18,47.1,0,1,0.03,43
Jalen Harris,Winnipeg Sea Bears,2025-2026,offense,Overall Drive Direction,Dribble Jumper,3,Drives Left,Overall > Drives Left > Dribble Jumper,Overall,Drives Left,Dribble Jumper,,,,21,46.7,0.667,33.3,0.0,0.0,1,0.0,,,33.3,,21,33.3,0.0,,,7,14,,21.0,0.0,33.3,20,7,13,35.0,0,1,0.05,14
Jalen Harris,Winnipeg Sea Bears,2025-2026,offense,Overall Drive Direction,To Basket,3,Drives Left,Overall > Drives Left > To Basket,Overall,Drives Left,To Basket,,,,19,42.2,1.368,74.2,10.5,26.3,0,,,,64.3,,14,64.3,26.3,,,9,5,,17.5,0.57,63.2,14,9,5,64.3,0,0,0.0,26
Jalen Harris,Winnipeg Sea Bears,2025-2026,offense,Overall Drive Direction,Defense Commits,3,Drives Left,Overall > Drives Left > Defense Commits,Overall,Drives Left,Defense Commits,,,,3,6.7,0.0,,100.0,0.0,0,,,,,,0,,0.0,,,0,0,,0.0,,0.0,0,0,0,,0,0,,0
Jalen Harris,Winnipeg Sea Bears,2025-2026,offense,Overall Drive Direction,Foul,3,Drives Left,Overall > Drives Left > Foul,Overall,Drives Left,Foul,,,,2,4.4,1.5,85.2,0.0,100.0,0,,,,,,0,,0.0,,,0,0,,1.8,,100.0,0,0,0,,0,0,,3
Jalen Harris,Winnipeg Sea Bears,2025-2026,offense,Overall Drive Direction,Turnover,3,Drives Left,Overall > Drives Left > Turnover,Overall,Drives Left,Turnover,,,,0,0.0,,,,,0,,,,,,0,,,,,0,0,,0.0,,,0,0,0,,0,0,,0
Jalen Harris,Winnipeg Sea Bears,2025-2026,offense,Overall Drive Direction,Drives Right,2,Overall,Overall > Drives Right,Overall,Drives Right,,,,,29,36.7,0.897,50.5,10.3,6.9,2,0.0,,,45.8,,24,45.8,6.9,,,11,13,,25.8,0.17,44.8,22,11,11,50.0,0,2,0.08,26
Jalen Harris,Winnipeg Sea Bears,2025-2026,offense,Overall Drive Direction,To Basket,3,Drives Right,Overall > Drives Right > To Basket,Overall,Drives Right,To Basket,,,,15,51.7,0.933,50.9,6.7,13.3,0,,,,41.7,,12,41.7,13.3,,,5,7,,13.8,0.33,46.7,12,5,7,41.7,0,0,0.0,14
Jalen Harris,Winnipeg Sea Bears,2025-2026,offense,Overall Drive Direction,Dribble Jumper,3,Drives Right,Overall > Drives Right > Dribble Jumper,Overall,Drives Right,Dribble Jumper,,,,12,41.4,1.0,50.0,0.0,0.0,2,0.0,,,50.0,,12,50.0,0.0,,,6,6,,12.0,0.0,50.0,10,6,4,60.0,0,2,0.17,12
Jalen Harris,Winnipeg Sea Bears,2025-2026,offense,Overall Drive Direction,Turnover,3,Drives Right,Overall > Drives Right > Turnover,Overall,Drives Right,Turnover,,,,1,3.4,0.0,,100.0,0.0,0,,,,,,0,,0.0,,,0,0,,0.0,,0.0,0,0,0,,0,0,,0
Jalen Harris,Winnipeg Sea Bears,2025-2026,offense,Overall Drive Direction,Defense Commits,3,Drives Right,Overall > Drives Right > Defense Commits,Overall,Drives Right,Defense Commits,,,,1,3.4,0.0,,100.0,0.0,0,,,,,,0,,0.0,,,0,0,,0.0,,0.0,0,0,0,,0,0,,0
Jalen Harris,Winnipeg Sea Bears,2025-2026,offense,Overall Drive Direction,Foul,3,Drives Right,Overall > Drives Right > Foul,Overall,Drives Right,Foul,,,,0,0.0,,,,,0,,,,,,0,,,,,0,0,,0.0,,,0,0,0,,0,0,,0
Jalen Harris,Winnipeg Sea Bears,2025-2026,offense,Overall Drive Direction,Drives Straight,2,Overall,Overall > Drives Straight,Overall,Drives Straight,,,,,5,6.3,2.4,120.0,0.0,0.0,5,80.0,,,80.0,,5,120.0,0.0,,,4,1,,5.0,0.0,80.0,0,0,0,,4,1,1.0,12
Jalen Harris,Winnipeg Sea Bears,2025-2026,offense,Overall Drive Direction,Dribble Jumper,3,Drives Straight,Overall > Drives Straight > Dribble Jumper,Overall,Drives Straight,Dribble Jumper,,,,5,100.0,2.4,120.0,0.0,0.0,5,80.0,,,80.0,,5,120.0,0.0,,,4,1,,5.0,0.0,80.0,0,0,0,,4,1,1.0,12
Jalen Harris,Winnipeg Sea Bears,2025-2026,offense,Overall Drive Direction,To Basket,3,Drives Straight,Overall > Drives Straight > To Basket,Overall,Drives Straight,To Basket,,,,0,0.0,,,,,0,,,,,,0,,,,,0,0,,0.0,,,0,0,0,,0,0,,0
Jalen Harris,Winnipeg Sea Bears,2025-2026,offense,Overall Drive Direction,Turnover,3,Drives Straight,Overall > Drives Straight > Turnover,Overall,Drives Straight,Turnover,,,,0,0.0,,,,,0,,,,,,0,,,,,0,0,,0.0,,,0,0,0,,0,0,,0
Jalen Harris,Winnipeg Sea Bears,2025-2026,offense,Overall Drive Direction,Foul,3,Drives Straight,Overall > Drives Straight > Foul,Overall,Drives Straight,Foul,,,,0,0.0,,,,,0,,,,,,0,,,,,0,0,,0.0,,,0,0,0,,0,0,,0
Jalen Harris,Winnipeg Sea Bears,2025-2026,offense,Overall Drive Direction,Defense Commits,3,Drives Straight,Overall > Drives Straight > Defense Commits,Overall,Drives Straight,Defense Commits,,,,0,0.0,,,,,0,,,,,,0,,,,,0,0,,0.0,,,0,0,0,,0,0,,0
Jalen Harris,Winnipeg Sea Bears,2025-2026,offense,P&R ball handler,P&R Including Passes,1,,P&R Including Passes,P&R Including Passes,,,,,,236,50.8,0.86,49.9,13.1,8.9,86,29.1,Average,44.0,40.3,76.0,186,47.0,8.1,,,75,111,,203.6,0.22,39.0,100,50,50,50.0,25,61,0.46,203
Jalen Harris,Winnipeg Sea Bears,2025-2026,offense,P&R ball handler,P&R Ball Handler,2,P&R Including Passes,P&R Including Passes > P&R Ball Handler,P&R Including Passes,P&R Ball Handler,,,,,127,53.8,0.748,46.4,18.9,7.1,36,30.6,,,36.8,,95,42.6,5.5,,,35,60,,102.5,0.18,33.9,59,24,35,40.7,11,25,0.38,95
Jalen Harris,Winnipeg Sea Bears,2025-2026,offense,P&R ball handler,High P&R,3,P&R Ball Handler,P&R Including Passes > P&R Ball Handler > High P&R,P&R Including Passes,P&R Ball Handler,High P&R,,,,107,84.3,0.738,46.9,20.6,6.5,29,37.9,,,35.9,,78,42.9,4.7,,,28,50,,84.2,0.18,32.7,49,17,32,34.7,11,18,0.37,79
Jalen Harris,Winnipeg Sea Bears,2025-2026,offense,P&R ball handler,Dribble Off Pick,4,High P&R,P&R Including Passes > P&R Ball Handler > High P&R > Dribble Off Pick,P&R Including Passes,P&R Ball Handler,High P&R,Dribble Off Pick,,,89,83.2,0.798,50.3,20.2,4.5,27,40.7,,,38.8,,67,47.0,2.2,,,26,41,,70.5,0.12,33.7,40,15,25,37.5,11,16,0.4,71
Jalen Harris,Winnipeg Sea Bears,2025-2026,offense,P&R ball handler,Dribble Jumper,5,Dribble Off Pick,P&R Including Passes > P&R Ball Handler > High P&R > Dribble Off Pick > Dribble Jumper,P&R Including Passes,P&R Ball Handler,High P&R,Dribble Off Pick,Dribble Jumper,,49,55.1,1.041,52.0,0.0,0.0,27,40.7,,,40.8,,49,52.0,0.0,,,20,29,,49.0,0.0,40.8,22,9,13,40.9,11,16,0.55,51
Jalen Harris,Winnipeg Sea Bears,2025-2026,offense,P&R ball handler,Long/3pt,6,Dribble Jumper,P&R Including Passes > P&R Ball Handler > High P&R > Dribble Off Pick > Dribble Jumper > Long/3pt,P&R Including Passes,P&R Ball Handler,High P&R,Dribble Off Pick,Dribble Jumper,Long/3pt,27,55.1,1.222,61.1,0.0,0.0,27,40.7,,,40.7,,27,61.1,0.0,,,11,16,,27.0,0.0,40.7,0,0,0,,11,16,1.0,33
Jalen Harris,Winnipeg Sea Bears,2025-2026,offense,P&R ball handler,Short to < 17,6,Dribble Jumper,P&R Including Passes > P&R Ball Handler > High P&R > Dribble Off Pick > Dribble Jumper > Short to < 17,P&R Including Passes,P&R Ball Handler,High P&R,Dribble Off Pick,Dribble Jumper,Short to < 17,16,32.7,1.125,56.3,0.0,0.0,0,,,,56.3,,16,56.3,0.0,,,9,7,,16.0,0.0,56.3,16,9,7,56.3,0,0,0.0,18
Jalen Harris,Winnipeg Sea Bears,2025-2026,offense,P&R ball handler,Medium/17' to 3pt,6,Dribble Jumper,P&R Including Passes > P&R Ball Handler > High P&R > Dribble Off Pick > Dribble Jumper > Medium/17' to 3pt,P&R Including Passes,P&R Ball Handler,High P&R,Dribble Off Pick,Dribble Jumper,Medium/17' to 3pt,6,12.2,0.0,0.0,0.0,0.0,0,,,,0.0,,6,0.0,0.0,,,0,6,,6.0,0.0,0.0,6,0,6,0.0,0,0,0.0,0
Jalen Harris,Winnipeg Sea Bears,2025-2026,offense,P&R ball handler,To Basket,5,Dribble Off Pick,P&R Including Passes > P&R Ball Handler > High P&R > Dribble Off Pick > To Basket,P&R Including Passes,P&R Ball Handler,High P&R,Dribble Off Pick,To Basket,,22,24.7,0.727,40.5,9.1,9.1,0,,,,33.3,,18,33.3,9.1,,,6,12,,19.8,0.22,36.4,18,6,12,33.3,0,0,0.0,16
Jalen Harris,Winnipeg Sea Bears,2025-2026,offense,P&R ball handler,Miss 2 Pts,6,To Basket,P&R Including Passes > P&R Ball Handler > High P&R > Dribble Off Pick > To Basket > Miss 2 Pts,P&R Including Passes,P&R Ball Handler,High P&R,Dribble Off Pick,To Basket,Miss 2 Pts,12,54.5,0.0,0.0,0.0,0.0,0,,,,0.0,,12,0.0,0.0,,,0,12,,12.0,0.0,0.0,12,0,12,0.0,0,0,0.0,0
Jalen Harris,Winnipeg Sea Bears,2025-2026,offense,P&R ball handler,Make 2 Pts,6,To Basket,P&R Including Passes > P&R Ball Handler > High P&R > Dribble Off Pick > To Basket > Make 2 Pts,P&R Including Passes,P&R Ball Handler,High P&R,Dribble Off Pick,To Basket,Make 2 Pts,6,27.3,2.0,100.0,0.0,0.0,0,,,,100.0,,6,100.0,0.0,,,6,0,,6.0,0.0,100.0,6,6,0,100.0,0,0,0.0,12
Jalen Harris,Winnipeg Sea Bears,2025-2026,offense,P&R ball handler,Foul,6,To Basket,P&R Including Passes > P&R Ball Handler > High P&R > Dribble Off Pick > To Basket > Foul,P&R Including Passes,P&R Ball Handler,High P&R,Dribble Off Pick,To Basket,Foul,2,9.1,2.0,113.6,0.0,100.0,0,,,,,,0,,100.0,,,0,0,,1.8,,100.0,0,0,0,,0,0,,4
Jalen Harris,Winnipeg Sea Bears,2025-2026,offense,P&R ball handler,Turnover,6,To Basket,P&R Including Passes > P&R Ball Handler > High P&R > Dribble Off Pick > To Basket > Turnover,P&R Including Passes,P&R Ball Handler,High P&R,Dribble Off Pick,To Basket,Turnover,2,9.1,0.0,,100.0,0.0,0,,,,,,0,,0.0,,,0,0,,0.0,,0.0,0,0,0,,0,0,,0
Jalen Harris,Winnipeg Sea Bears,2025-2026,offense,P&R ball handler,Defense Commits,5,Dribble Off Pick,P&R Including Passes > P&R Ball Handler > High P&R > Dribble Off Pick > Defense Commits,P&R Including Passes,P&R Ball Handler,High P&R,Dribble Off Pick,Defense Commits,,18,20.2,0.222,113.6,88.9,11.1,0,,,,,,0,,0.0,,,0,0,,1.8,,11.1,0,0,0,,0,0,,4
Jalen Harris,Winnipeg Sea Bears,2025-2026,offense,P&R ball handler,Turnover,6,Defense Commits,P&R Including Passes > P&R Ball Handler > High P&R > Dribble Off Pick > Defense Commits > Turnover,P&R Including Passes,P&R Ball Handler,High P&R,Dribble Off Pick,Defense Commits,Turnover,16,88.9,0.0,,100.0,0.0,0,,,,,,0,,0.0,,,0,0,,0.0,,0.0,0,0,0,,0,0,,0
Jalen Harris,Winnipeg Sea Bears,2025-2026,offense,P&R ball handler,Foul,6,Defense Commits,P&R Including Passes > P&R Ball Handler > High P&R > Dribble Off Pick > Defense Commits > Foul,P&R Including Passes,P&R Ball Handler,High P&R,Dribble Off Pick,Defense Commits,Foul,2,11.1,2.0,113.6,0.0,100.0,0,,,,,,0,,0.0,,,0,0,,1.8,,100.0,0,0,0,,0,0,,4
Jalen Harris,Winnipeg Sea Bears,2025-2026,offense,P&R ball handler,Go Away from Pick,4,High P&R,P&R Including Passes > P&R Ball Handler > High P&R > Go Away from Pick,P&R Including Passes,P&R Ball Handler,High P&R,Go Away from Pick,,,17,15.9,0.471,31.6,23.5,17.6,1,0.0,,,20.0,,10,20.0,17.6,,,2,8,,12.6,0.6,29.4,9,2,7,22.2,0,1,0.1,8
Jalen Harris,Winnipeg Sea Bears,2025-2026,offense,P&R ball handler,To Basket,5,Go Away from Pick,P&R Including Passes > P&R Ball Handler > High P&R > Go Away from Pick > To Basket,P&R Including Passes,P&R Ball Handler,High P&R,Go Away from Pick,To Basket,,10,58.8,0.8,41.5,0.0,30.0,0,,,,28.6,,7,28.6,30.0,,,2,5,,9.6,0.86,50.0,7,2,5,28.6,0,0,0.0,8
Jalen Harris,Winnipeg Sea Bears,2025-2026,offense,P&R ball handler,Miss 2 Pts,6,To Basket,P&R Including Passes > P&R Ball Handler > High P&R > Go Away from Pick > To Basket > Miss 2 Pts,P&R Including Passes,P&R Ball Handler,High P&R,Go Away from Pick,To Basket,Miss 2 Pts,5,50.0,0.0,0.0,0.0,0.0,0,,,,0.0,,5,0.0,0.0,,,0,5,,5.0,0.0,0.0,5,0,5,0.0,0,0,0.0,0
Jalen Harris,Winnipeg Sea Bears,2025-2026,offense,P&R ball handler,Foul,6,To Basket,P&R Including Passes > P&R Ball Handler > High P&R > Go Away from Pick > To Basket > Foul,P&R Including Passes,P&R Ball Handler,High P&R,Go Away from Pick,To Basket,Foul,3,30.0,1.333,75.8,0.0,100.0,0,,,,,,0,,100.0,,,0,0,,2.6,,100.0,0,0,0,,0,0,,4
Jalen Harris,Winnipeg Sea Bears,2025-2026,offense,P&R ball handler,Make 2 Pts,6,To Basket,P&R Including Passes > P&R Ball Handler > High P&R > Go Away from Pick > To Basket > Make 2 Pts,P&R Including Passes,P&R Ball Handler,High P&R,Go Away from Pick,To Basket,Make 2 Pts,2,20.0,2.0,100.0,0.0,0.0,0,,,,100.0,,2,100.0,0.0,,,2,0,,2.0,0.0,100.0,2,2,0,100.0,0,0,0.0,4
Jalen Harris,Winnipeg Sea Bears,2025-2026,offense,P&R ball handler,Defense Commits,5,Go Away from Pick,P&R Including Passes > P&R Ball Handler > High P&R > Go Away from Pick > Defense Commits,P&R Including Passes,P&R Ball Handler,High P&R,Go Away from Pick,Defense Commits,,3,17.6,0.0,,100.0,0.0,0,,,,,,0,,0.0,,,0,0,,0.0,,0.0,0,0,0,,0,0,,0
Jalen Harris,Winnipeg Sea Bears,2025-2026,offense,P&R ball handler,Turnover,6,Defense Commits,P&R Including Passes > P&R Ball Handler > High P&R > Go Away from Pick > Defense Commits > Turnover,P&R Including Passes,P&R Ball Handler,High P&R,Go Away from Pick,Defense Commits,Turnover,3,100.0,0.0,,100.0,0.0,0,,,,,,0,,0.0,,,0,0,,0.0,,0.0,0,0,0,,0,0,,0
Jalen Harris,Winnipeg Sea Bears,2025-2026,offense,P&R ball handler,Dribble Jumper,5,Go Away from Pick,P&R Including Passes > P&R Ball Handler > High P&R > Go Away from Pick > Dribble Jumper,P&R Including Passes,P&R Ball Handler,High P&R,Go Away from Pick,Dribble Jumper,,3,17.6,0.0,0.0,0.0,0.0,1,0.0,,,0.0,,3,0.0,0.0,,,0,3,,3.0,0.0,0.0,2,0,2,0.0,0,1,0.33,0
Jalen Harris,Winnipeg Sea Bears,2025-2026,offense,P&R ball handler,Short to < 17,6,Dribble Jumper,P&R Including Passes > P&R Ball Handler > High P&R > Go Away from Pick > Dribble Jumper > Short to < 17,P&R Including Passes,P&R Ball Handler,High P&R,Go Away from Pick,Dribble Jumper,Short to < 17,1,33.3,0.0,0.0,0.0,0.0,0,,,,0.0,,1,0.0,0.0,,,0,1,,1.0,0.0,0.0,1,0,1,0.0,0,0,0.0,0
Jalen Harris,Winnipeg Sea Bears,2025-2026,offense,P&R ball handler,Medium/17' to 3pt,6,Dribble Jumper,P&R Including Passes > P&R Ball Handler > High P&R > Go Away from Pick > Dribble Jumper > Medium/17' to 3pt,P&R Including Passes,P&R Ball Handler,High P&R,Go Away from Pick,Dribble Jumper,Medium/17' to 3pt,1,33.3,0.0,0.0,0.0,0.0,0,,,,0.0,,1,0.0,0.0,,,0,1,,1.0,0.0,0.0,1,0,1,0.0,0,0,0.0,0
Jalen Harris,Winnipeg Sea Bears,2025-2026,offense,P&R ball handler,Long/3pt,6,Dribble Jumper,P&R Including Passes > P&R Ball Handler > High P&R > Go Away from Pick > Dribble Jumper > Long/3pt,P&R Including Passes,P&R Ball Handler,High P&R,Go Away from Pick,Dribble Jumper,Long/3pt,1,33.3,0.0,0.0,0.0,0.0,1,0.0,,,0.0,,1,0.0,0.0,,,0,1,,1.0,0.0,0.0,0,0,0,,0,1,1.0,0
Jalen Harris,Winnipeg Sea Bears,2025-2026,offense,P&R ball handler,Turnover,5,Go Away from Pick,P&R Including Passes > P&R Ball Handler > High P&R > Go Away from Pick > Turnover,P&R Including Passes,P&R Ball Handler,High P&R,Go Away from Pick,Turnover,,1,5.9,0.0,,100.0,0.0,0,,,,,,0,,0.0,,,0,0,,0.0,,0.0,0,0,0,,0,0,,0
Jalen Harris,Winnipeg Sea Bears,2025-2026,offense,P&R ball handler,Takes Early Jump Shot,4,High P&R,P&R Including Passes > P&R Ball Handler > High P&R > Takes Early Jump Shot,P&R Including Passes,P&R Ball Handler,High P&R,Takes Early Jump Shot,,,1,0.9,0.0,0.0,0.0,0.0,1,0.0,,,0.0,,1,0.0,0.0,,,0,1,,1.0,0.0,0.0,0,0,0,,0,1,1.0,0
Jalen Harris,Winnipeg Sea Bears,2025-2026,offense,P&R ball handler,Dribble Jumper,5,Takes Early Jump Shot,P&R Including Passes > P&R Ball Handler > High P&R > Takes Early Jump Shot > Dribble Jumper,P&R Including Passes,P&R Ball Handler,High P&R,Takes Early Jump Shot,Dribble Jumper,,1,100.0,0.0,0.0,0.0,0.0,1,0.0,,,0.0,,1,0.0,0.0,,,0,1,,1.0,0.0,0.0,0,0,0,,0,1,1.0,0
Jalen Harris,Winnipeg Sea Bears,2025-2026,offense,P&R ball handler,Long/3pt,6,Dribble Jumper,P&R Including Passes > P&R Ball Handler > High P&R > Takes Early Jump Shot > Dribble Jumper > Long/3pt,P&R Including Passes,P&R Ball Handler,High P&R,Takes Early Jump Shot,Dribble Jumper,Long/3pt,1,100.0,0.0,0.0,0.0,0.0,1,0.0,,,0.0,,1,0.0,0.0,,,0,1,,1.0,0.0,0.0,0,0,0,,0,1,1.0,0
Jalen Harris,Winnipeg Sea Bears,2025-2026,offense,P&R ball handler,Left P&R,3,P&R Ball Handler,P&R Including Passes > P&R Ball Handler > Left P&R,P&R Including Passes,P&R Ball Handler,Left P&R,,,,12,9.4,1.0,48.7,0.0,16.7,4,0.0,,,45.5,,11,45.5,16.7,,,5,6,,12.3,0.27,50.0,7,5,2,71.4,0,4,0.36,12
Jalen Harris,Winnipeg Sea Bears,2025-2026,offense,P&R ball handler,Baseline,4,Left P&R,P&R Including Passes > P&R Ball Handler > Left P&R > Baseline,P&R Including Passes,P&R Ball Handler,Left P&R,Baseline,,,9,75.0,0.889,42.9,0.0,22.2,3,0.0,,,37.5,,8,37.5,22.2,,,3,5,,9.3,0.38,44.4,5,3,2,60.0,0,3,0.38,8
Jalen Harris,Winnipeg Sea Bears,2025-2026,offense,P&R ball handler,Dribble Off Pick,5,Baseline,P&R Including Passes > P&R Ball Handler > Left P&R > Baseline > Dribble Off Pick,P&R Including Passes,P&R Ball Handler,Left P&R,Baseline,Dribble Off Pick,,9,100.0,0.889,42.9,0.0,22.2,3,0.0,,,37.5,,8,37.5,22.2,,,3,5,,9.3,0.38,44.4,5,3,2,60.0,0,3,0.38,8
Jalen Harris,Winnipeg Sea Bears,2025-2026,offense,P&R ball handler,Dribble Jumper,6,Dribble Off Pick,P&R Including Passes > P&R Ball Handler > Left P&R > Baseline > Dribble Off Pick > Dribble Jumper,P&R Including Passes,P&R Ball Handler,Left P&R,Baseline,Dribble Off Pick,Dribble Jumper,6,66.7,0.333,16.7,0.0,0.0,3,0.0,,,16.7,,6,16.7,0.0,,,1,5,,6.0,0.0,16.7,3,1,2,33.3,0,3,0.5,2
Jalen Harris,Winnipeg Sea Bears,2025-2026,offense,P&R ball handler,To Basket,6,Dribble Off Pick,P&R Including Passes > P&R Ball Handler > Left P&R > Baseline > Dribble Off Pick > To Basket,P&R Including Passes,P&R Ball Handler,Left P&R,Baseline,Dribble Off Pick,To Basket,3,33.3,2.0,90.4,0.0,66.7,0,,,,100.0,,2,100.0,66.7,,,2,0,,3.3,1.5,100.0,2,2,0,100.0,0,0,0.0,6
Jalen Harris,Winnipeg Sea Bears,2025-2026,offense,P&R ball handler,Side,4,Left P&R,P&R Including Passes > P&R Ball Handler > Left P&R > Side,P&R Including Passes,P&R Ball Handler,Left P&R,Side,,,3,25.0,1.333,66.7,0.0,0.0,1,0.0,,,66.7,,3,66.7,0.0,,,2,1,,3.0,0.0,66.7,2,2,0,100.0,0,1,0.33,4
Jalen Harris,Winnipeg Sea Bears,2025-2026,offense,P&R ball handler,Dribble Off Pick,5,Side,P&R Including Passes > P&R Ball Handler > Left P&R > Side > Dribble Off Pick,P&R Including Passes,P&R Ball Handler,Left P&R,Side,Dribble Off Pick,,2,66.7,1.0,50.0,0.0,0.0,1,0.0,,,50.0,,2,50.0,0.0,,,1,1,,2.0,0.0,50.0,1,1,0,100.0,0,1,0.5,2
Jalen Harris,Winnipeg Sea Bears,2025-2026,offense,P&R ball handler,Dribble Jumper,6,Dribble Off Pick,P&R Including Passes > P&R Ball Handler > Left P&R > Side > Dribble Off Pick > Dribble Jumper,P&R Including Passes,P&R Ball Handler,Left P&R,Side,Dribble Off Pick,Dribble Jumper,2,100.0,1.0,50.0,0.0,0.0,1,0.0,,,50.0,,2,50.0,0.0,,,1,1,,2.0,0.0,50.0,1,1,0,100.0,0,1,0.5,2
Jalen Harris,Winnipeg Sea Bears,2025-2026,offense,P&R ball handler,Go Away from Pick,5,Side,P&R Including Passes > P&R Ball Handler > Left P&R > Side > Go Away from Pick,P&R Including Passes,P&R Ball Handler,Left P&R,Side,Go Away from Pick,,1,33.3,2.0,100.0,0.0,0.0,0,,,,100.0,,1,100.0,0.0,,,1,0,,1.0,0.0,100.0,1,1,0,100.0,0,0,0.0,2
Jalen Harris,Winnipeg Sea Bears,2025-2026,offense,P&R ball handler,Dribble Jumper,6,Go Away from Pick,P&R Including Passes > P&R Ball Handler > Left P&R > Side > Go Away from Pick > Dribble Jumper,P&R Including Passes,P&R Ball Handler,Left P&R,Side,Go Away from Pick,Dribble Jumper,1,100.0,2.0,100.0,0.0,0.0,0,,,,100.0,,1,100.0,0.0,,,1,0,,1.0,0.0,100.0,1,1,0,100.0,0,0,0.0,2
Jalen Harris,Winnipeg Sea Bears,2025-2026,offense,P&R ball handler,Right P&R,3,P&R Ball Handler,P&R Including Passes > P&R Ball Handler > Right P&R,P&R Including Passes,P&R Ball Handler,Right P&R,,,,8,6.3,0.5,33.3,25.0,0.0,3,0.0,,,33.3,,6,33.3,0.0,,,2,4,,6.0,0.0,25.0,3,2,1,66.7,0,3,0.5,4
Jalen Harris,Winnipeg Sea Bears,2025-2026,offense,P&R ball handler,Baseline,4,Right P&R,P&R Including Passes > P&R Ball Handler > Right P&R > Baseline,P&R Including Passes,P&R Ball Handler,Right P&R,Baseline,,,5,62.5,0.4,33.3,40.0,0.0,2,0.0,,,33.3,,3,33.3,0.0,,,1,2,,3.0,0.0,20.0,1,1,0,100.0,0,2,0.67,2
Jalen Harris,Winnipeg Sea Bears,2025-2026,offense,P&R ball handler,Dribble Off Pick,5,Baseline,P&R Including Passes > P&R Ball Handler > Right P&R > Baseline > Dribble Off Pick,P&R Including Passes,P&R Ball Handler,Right P&R,Baseline,Dribble Off Pick,,3,60.0,0.0,0.0,66.7,0.0,1,0.0,,,0.0,,1,0.0,0.0,,,0,1,,1.0,0.0,0.0,0,0,0,,0,1,1.0,0
Jalen Harris,Winnipeg Sea Bears,2025-2026,offense,P&R ball handler,Dribble Jumper,6,Dribble Off Pick,P&R Including Passes > P&R Ball Handler > Right P&R > Baseline > Dribble Off Pick > Dribble Jumper,P&R Including Passes,P&R Ball Handler,Right P&R,Baseline,Dribble Off Pick,Dribble Jumper,1,33.3,0.0,0.0,0.0,0.0,1,0.0,,,0.0,,1,0.0,0.0,,,0,1,,1.0,0.0,0.0,0,0,0,,0,1,1.0,0
Jalen Harris,Winnipeg Sea Bears,2025-2026,offense,P&R ball handler,To Basket,6,Dribble Off Pick,P&R Including Passes > P&R Ball Handler > Right P&R > Baseline > Dribble Off Pick > To Basket,P&R Including Passes,P&R Ball Handler,Right P&R,Baseline,Dribble Off Pick,To Basket,1,33.3,0.0,,100.0,0.0,0,,,,,,0,,0.0,,,0,0,,0.0,,0.0,0,0,0,,0,0,,0
Jalen Harris,Winnipeg Sea Bears,2025-2026,offense,P&R ball handler,Defense Commits,6,Dribble Off Pick,P&R Including Passes > P&R Ball Handler > Right P&R > Baseline > Dribble Off Pick > Defense Commits,P&R Including Passes,P&R Ball Handler,Right P&R,Baseline,Dribble Off Pick,Defense Commits,1,33.3,0.0,,100.0,0.0,0,,,,,,0,,0.0,,,0,0,,0.0,,0.0,0,0,0,,0,0,,0
Jalen Harris,Winnipeg Sea Bears,2025-2026,offense,P&R ball handler,Go Away from Pick,5,Baseline,P&R Including Passes > P&R Ball Handler > Right P&R > Baseline > Go Away from Pick,P&R Including Passes,P&R Ball Handler,Right P&R,Baseline,Go Away from Pick,,1,20.0,2.0,100.0,0.0,0.0,0,,,,100.0,,1,100.0,0.0,,,1,0,,1.0,0.0,100.0,1,1,0,100.0,0,0,0.0,2
Jalen Harris,Winnipeg Sea Bears,2025-2026,offense,P&R ball handler,Dribble Jumper,6,Go Away from Pick,P&R Including Passes > P&R Ball Handler > Right P&R > Baseline > Go Away from Pick > Dribble Jumper,P&R Including Passes,P&R Ball Handler,Right P&R,Baseline,Go Away from Pick,Dribble Jumper,1,100.0,2.0,100.0,0.0,0.0,0,,,,100.0,,1,100.0,0.0,,,1,0,,1.0,0.0,100.0,1,1,0,100.0,0,0,0.0,2
Jalen Harris,Winnipeg Sea Bears,2025-2026,offense,P&R ball handler,Takes Early Jump Shot,5,Baseline,P&R Including Passes > P&R Ball Handler > Right P&R > Baseline > Takes Early Jump Shot,P&R Including Passes,P&R Ball Handler,Right P&R,Baseline,Takes Early Jump Shot,,1,20.0,0.0,0.0,0.0,0.0,1,0.0,,,0.0,,1,0.0,0.0,,,0,1,,1.0,0.0,0.0,0,0,0,,0,1,1.0,0
Jalen Harris,Winnipeg Sea Bears,2025-2026,offense,P&R ball handler,Dribble Jumper,6,Takes Early Jump Shot,P&R Including Passes > P&R Ball Handler > Right P&R > Baseline > Takes Early Jump Shot > Dribble Jumper,P&R Including Passes,P&R Ball Handler,Right P&R,Baseline,Takes Early Jump Shot,Dribble Jumper,1,100.0,0.0,0.0,0.0,0.0,1,0.0,,,0.0,,1,0.0,0.0,,,0,1,,1.0,0.0,0.0,0,0,0,,0,1,1.0,0
Jalen Harris,Winnipeg Sea Bears,2025-2026,offense,P&R ball handler,Side,4,Right P&R,P&R Including Passes > P&R Ball Handler > Right P&R > Side,P&R Including Passes,P&R Ball Handler,Right P&R,Side,,,3,37.5,0.667,33.3,0.0,0.0,1,0.0,,,33.3,,3,33.3,0.0,,,1,2,,3.0,0.0,33.3,2,1,1,50.0,0,1,0.33,2
Jalen Harris,Winnipeg Sea Bears,2025-2026,offense,P&R ball handler,Dribble Off Pick,5,Side,P&R Including Passes > P&R Ball Handler > Right P&R > Side > Dribble Off Pick,P&R Including Passes,P&R Ball Handler,Right P&R,Side,Dribble Off Pick,,2,66.7,0.0,0.0,0.0,0.0,1,0.0,,,0.0,,2,0.0,0.0,,,0,2,,2.0,0.0,0.0,1,0,1,0.0,0,1,0.5,0
Jalen Harris,Winnipeg Sea Bears,2025-2026,offense,P&R ball handler,Dribble Jumper,6,Dribble Off Pick,P&R Including Passes > P&R Ball Handler > Right P&R > Side > Dribble Off Pick > Dribble Jumper,P&R Including Passes,P&R Ball Handler,Right P&R,Side,Dribble Off Pick,Dribble Jumper,1,50.0,0.0,0.0,0.0,0.0,1,0.0,,,0.0,,1,0.0,0.0,,,0,1,,1.0,0.0,0.0,0,0,0,,0,1,1.0,0
Jalen Harris,Winnipeg Sea Bears,2025-2026,offense,P&R ball handler,To Basket,6,Dribble Off Pick,P&R Including Passes > P&R Ball Handler > Right P&R > Side > Dribble Off Pick > To Basket,P&R Including Passes,P&R Ball Handler,Right P&R,Side,Dribble Off Pick,To Basket,1,50.0,0.0,0.0,0.0,0.0,0,,,,0.0,,1,0.0,0.0,,,0,1,,1.0,0.0,0.0,1,0,1,0.0,0,0,0.0,0
Jalen Harris,Winnipeg Sea Bears,2025-2026,offense,P&R ball handler,Go Away from Pick,5,Side,P&R Including Passes > P&R Ball Handler > Right P&R > Side > Go Away from Pick,P&R Including Passes,P&R Ball Handler,Right P&R,Side,Go Away from Pick,,1,33.3,2.0,100.0,0.0,0.0,0,,,,100.0,,1,100.0,0.0,,,1,0,,1.0,0.0,100.0,1,1,0,100.0,0,0,0.0,2
Jalen Harris,Winnipeg Sea Bears,2025-2026,offense,P&R ball handler,Dribble Jumper,6,Go Away from Pick,P&R Including Passes > P&R Ball Handler > Right P&R > Side > Go Away from Pick > Dribble Jumper,P&R Including Passes,P&R Ball Handler,Right P&R,Side,Go Away from Pick,Dribble Jumper,1,100.0,2.0,100.0,0.0,0.0,0,,,,100.0,,1,100.0,0.0,,,1,0,,1.0,0.0,100.0,1,1,0,100.0,0,0,0.0,2
Jalen Harris,Winnipeg Sea Bears,2025-2026,offense,P&R ball handler,Spot-Up,2,P&R Including Passes,P&R Including Passes > Spot-Up,P&R Including Passes,Spot-Up,,,,,61,25.8,0.869,44.9,3.3,6.6,41,26.8,,,33.9,,56,43.8,6.6,,,19,37,,59.1,0.13,34.4,15,8,7,53.3,11,30,0.73,53
Jalen Harris,Winnipeg Sea Bears,2025-2026,offense,P&R ball handler,No Dribble Jumper,3,Spot-Up,P&R Including Passes > Spot-Up > No Dribble Jumper,P&R Including Passes,Spot-Up,No Dribble Jumper,,,,37,60.7,0.892,44.6,0.0,0.0,37,29.7,,,29.7,,37,44.6,0.0,,,11,26,,37.0,0.0,29.7,0,0,0,,11,26,1.0,33
Jalen Harris,Winnipeg Sea Bears,2025-2026,offense,P&R ball handler,Guarded,4,No Dribble Jumper,P&R Including Passes > Spot-Up > No Dribble Jumper > Guarded,P&R Including Passes,Spot-Up,No Dribble Jumper,Guarded,,,19,51.4,1.105,55.3,0.0,0.0,19,36.8,,,36.8,,19,55.3,0.0,,,7,12,,19.0,0.0,36.8,0,0,0,,7,12,1.0,21
Jalen Harris,Winnipeg Sea Bears,2025-2026,offense,P&R ball handler,Long/3pt,5,Guarded,P&R Including Passes > Spot-Up > No Dribble Jumper > Guarded > Long/3pt,P&R Including Passes,Spot-Up,No Dribble Jumper,Guarded,Long/3pt,,19,100.0,1.105,55.3,0.0,0.0,19,36.8,,,36.8,,19,55.3,0.0,,,7,12,,19.0,0.0,36.8,0,0,0,,7,12,1.0,21
Jalen Harris,Winnipeg Sea Bears,2025-2026,offense,P&R ball handler,Miss 3 Pts,6,Long/3pt,P&R Including Passes > Spot-Up > No Dribble Jumper > Guarded > Long/3pt > Miss 3 Pts,P&R Including Passes,Spot-Up,No Dribble Jumper,Guarded,Long/3pt,Miss 3 Pts,12,63.2,0.0,0.0,0.0,0.0,12,0.0,,,0.0,,12,0.0,0.0,,,0,12,,12.0,0.0,0.0,0,0,0,,0,12,1.0,0
Jalen Harris,Winnipeg Sea Bears,2025-2026,offense,P&R ball handler,Make 3 Pts,6,Long/3pt,P&R Including Passes > Spot-Up > No Dribble Jumper > Guarded > Long/3pt > Make 3 Pts,P&R Including Passes,Spot-Up,No Dribble Jumper,Guarded,Long/3pt,Make 3 Pts,7,36.8,3.0,150.0,0.0,0.0,7,100.0,,,100.0,,7,150.0,0.0,,,7,0,,7.0,0.0,100.0,0,0,0,,7,0,1.0,21
Jalen Harris,Winnipeg Sea Bears,2025-2026,offense,P&R ball handler,Open,4,No Dribble Jumper,P&R Including Passes > Spot-Up > No Dribble Jumper > Open,P&R Including Passes,Spot-Up,No Dribble Jumper,Open,,,18,48.6,0.667,33.3,0.0,0.0,18,22.2,,,22.2,,18,33.3,0.0,,,4,14,,18.0,0.0,22.2,0,0,0,,4,14,1.0,12
Jalen Harris,Winnipeg Sea Bears,2025-2026,offense,P&R ball handler,Long/3pt,5,Open,P&R Including Passes > Spot-Up > No Dribble Jumper > Open > Long/3pt,P&R Including Passes,Spot-Up,No Dribble Jumper,Open,Long/3pt,,18,100.0,0.667,33.3,0.0,0.0,18,22.2,,,22.2,,18,33.3,0.0,,,4,14,,18.0,0.0,22.2,0,0,0,,4,14,1.0,12
Jalen Harris,Winnipeg Sea Bears,2025-2026,offense,P&R ball handler,Miss 3 Pts,6,Long/3pt,P&R Including Passes > Spot-Up > No Dribble Jumper > Open > Long/3pt > Miss 3 Pts,P&R Including Passes,Spot-Up,No Dribble Jumper,Open,Long/3pt,Miss 3 Pts,14,77.8,0.0,0.0,0.0,0.0,14,0.0,,,0.0,,14,0.0,0.0,,,0,14,,14.0,0.0,0.0,0,0,0,,0,14,1.0,0
Jalen Harris,Winnipeg Sea Bears,2025-2026,offense,P&R ball handler,Make 3 Pts,6,Long/3pt,P&R Including Passes > Spot-Up > No Dribble Jumper > Open > Long/3pt > Make 3 Pts,P&R Including Passes,Spot-Up,No Dribble Jumper,Open,Long/3pt,Make 3 Pts,4,22.2,3.0,150.0,0.0,0.0,4,100.0,,,100.0,,4,150.0,0.0,,,4,0,,4.0,0.0,100.0,0,0,0,,4,0,1.0,12
Jalen Harris,Winnipeg Sea Bears,2025-2026,offense,P&R ball handler,Drives Right,3,Spot-Up,P&R Including Passes > Spot-Up > Drives Right,P&R Including Passes,Spot-Up,Drives Right,,,,11,18.0,0.727,41.0,9.1,18.2,1,0.0,,,37.5,,8,37.5,18.2,,,3,5,,9.8,0.5,36.4,7,3,4,42.9,0,1,0.13,8
Jalen Harris,Winnipeg Sea Bears,2025-2026,offense,P&R ball handler,To Basket,4,Drives Right,P&R Including Passes > Spot-Up > Drives Right > To Basket,P&R Including Passes,Spot-Up,Drives Right,To Basket,,,7,63.6,0.857,52.1,14.3,28.6,0,,,,50.0,,4,50.0,28.6,,,2,2,,5.8,1.0,42.9,4,2,2,50.0,0,0,0.0,6
Jalen Harris,Winnipeg Sea Bears,2025-2026,offense,P&R ball handler,Make 2 Pts,5,To Basket,P&R Including Passes > Spot-Up > Drives Right > To Basket > Make 2 Pts,P&R Including Passes,Spot-Up,Drives Right,To Basket,Make 2 Pts,,2,28.6,2.0,100.0,0.0,0.0,0,,,,100.0,,2,100.0,0.0,,,2,0,,2.0,0.0,100.0,2,2,0,100.0,0,0,0.0,4
Jalen Harris,Winnipeg Sea Bears,2025-2026,offense,P&R ball handler,Foul,5,To Basket,P&R Including Passes > Spot-Up > Drives Right > To Basket > Foul,P&R Including Passes,Spot-Up,Drives Right,To Basket,Foul,,2,28.6,1.0,56.8,0.0,100.0,0,,,,,,0,,100.0,,,0,0,,1.8,,50.0,0,0,0,,0,0,,2
Jalen Harris,Winnipeg Sea Bears,2025-2026,offense,P&R ball handler,Miss 2 Pts,5,To Basket,P&R Including Passes > Spot-Up > Drives Right > To Basket > Miss 2 Pts,P&R Including Passes,Spot-Up,Drives Right,To Basket,Miss 2 Pts,,2,28.6,0.0,0.0,0.0,0.0,0,,,,0.0,,2,0.0,0.0,,,0,2,,2.0,0.0,0.0,2,0,2,0.0,0,0,0.0,0
Jalen Harris,Winnipeg Sea Bears,2025-2026,offense,P&R ball handler,Turnover,5,To Basket,P&R Including Passes > Spot-Up > Drives Right > To Basket > Turnover,P&R Including Passes,Spot-Up,Drives Right,To Basket,Turnover,,1,14.3,0.0,,100.0,0.0,0,,,,,,0,,0.0,,,0,0,,0.0,,0.0,0,0,0,,0,0,,0
Jalen Harris,Winnipeg Sea Bears,2025-2026,offense,P&R ball handler,Dribble Jumper,4,Drives Right,P&R Including Passes > Spot-Up > Drives Right > Dribble Jumper,P&R Including Passes,Spot-Up,Drives Right,Dribble Jumper,,,4,36.4,0.5,25.0,0.0,0.0,1,0.0,,,25.0,,4,25.0,0.0,,,1,3,,4.0,0.0,25.0,3,1,2,33.3,0,1,0.25,2
Jalen Harris,Winnipeg Sea Bears,2025-2026,offense,P&R ball handler,Short to < 17,5,Dribble Jumper,P&R Including Passes > Spot-Up > Drives Right > Dribble Jumper > Short to < 17,P&R Including Passes,Spot-Up,Drives Right,Dribble Jumper,Short to < 17,,3,75.0,0.667,33.3,0.0,0.0,0,,,,33.3,,3,33.3,0.0,,,1,2,,3.0,0.0,33.3,3,1,2,33.3,0,0,0.0,2
Jalen Harris,Winnipeg Sea Bears,2025-2026,offense,P&R ball handler,Miss 2 Pts,6,Short to < 17,P&R Including Passes > Spot-Up > Drives Right > Dribble Jumper > Short to < 17 > Miss 2 Pts,P&R Including Passes,Spot-Up,Drives Right,Dribble Jumper,Short to < 17,Miss 2 Pts,2,66.7,0.0,0.0,0.0,0.0,0,,,,0.0,,2,0.0,0.0,,,0,2,,2.0,0.0,0.0,2,0,2,0.0,0,0,0.0,0
Jalen Harris,Winnipeg Sea Bears,2025-2026,offense,P&R ball handler,Make 2 Pts,6,Short to < 17,P&R Including Passes > Spot-Up > Drives Right > Dribble Jumper > Short to < 17 > Make 2 Pts,P&R Including Passes,Spot-Up,Drives Right,Dribble Jumper,Short to < 17,Make 2 Pts,1,33.3,2.0,100.0,0.0,0.0,0,,,,100.0,,1,100.0,0.0,,,1,0,,1.0,0.0,100.0,1,1,0,100.0,0,0,0.0,2
Jalen Harris,Winnipeg Sea Bears,2025-2026,offense,P&R ball handler,Long/3pt,5,Dribble Jumper,P&R Including Passes > Spot-Up > Drives Right > Dribble Jumper > Long/3pt,P&R Including Passes,Spot-Up,Drives Right,Dribble Jumper,Long/3pt,,1,25.0,0.0,0.0,0.0,0.0,1,0.0,,,0.0,,1,0.0,0.0,,,0,1,,1.0,0.0,0.0,0,0,0,,0,1,1.0,0
Jalen Harris,Winnipeg Sea Bears,2025-2026,offense,P&R ball handler,Miss 3 Pts,6,Long/3pt,P&R Including Passes > Spot-Up > Drives Right > Dribble Jumper > Long/3pt > Miss 3 Pts,P&R Including Passes,Spot-Up,Drives Right,Dribble Jumper,Long/3pt,Miss 3 Pts,1,100.0,0.0,0.0,0.0,0.0,1,0.0,,,0.0,,1,0.0,0.0,,,0,1,,1.0,0.0,0.0,0,0,0,,0,1,1.0,0
Jalen Harris,Winnipeg Sea Bears,2025-2026,offense,P&R ball handler,Drives Left,3,Spot-Up,P&R Including Passes > Spot-Up > Drives Left,P&R Including Passes,Spot-Up,Drives Left,,,,10,16.4,1.2,58.1,0.0,20.0,1,0.0,,,55.6,,9,55.6,20.0,,,5,4,,10.3,0.33,60.0,8,5,3,62.5,0,1,0.11,12
Jalen Harris,Winnipeg Sea Bears,2025-2026,offense,P&R ball handler,To Basket,4,Drives Left,P&R Including Passes > Spot-Up > Drives Left > To Basket,P&R Including Passes,Spot-Up,Drives Left,To Basket,,,7,70.0,1.429,68.3,0.0,28.6,0,,,,66.7,,6,66.7,28.6,,,4,2,,7.3,0.5,71.4,6,4,2,66.7,0,0,0.0,10
Jalen Harris,Winnipeg Sea Bears,2025-2026,offense,P&R ball handler,Make 2 Pts,5,To Basket,P&R Including Passes > Spot-Up > Drives Left > To Basket > Make 2 Pts,P&R Including Passes,Spot-Up,Drives Left,To Basket,Make 2 Pts,,3,42.9,2.0,100.0,0.0,0.0,0,,,,100.0,,3,100.0,0.0,,,3,0,,3.0,0.0,100.0,3,3,0,100.0,0,0,0.0,6
Jalen Harris,Winnipeg Sea Bears,2025-2026,offense,P&R ball handler,Miss 2 Pts,5,To Basket,P&R Including Passes > Spot-Up > Drives Left > To Basket > Miss 2 Pts,P&R Including Passes,Spot-Up,Drives Left,To Basket,Miss 2 Pts,,2,28.6,0.0,0.0,0.0,0.0,0,,,,0.0,,2,0.0,0.0,,,0,2,,2.0,0.0,0.0,2,0,2,0.0,0,0,0.0,0
Jalen Harris,Winnipeg Sea Bears,2025-2026,offense,P&R ball handler,Foul,5,To Basket,P&R Including Passes > Spot-Up > Drives Left > To Basket > Foul,P&R Including Passes,Spot-Up,Drives Left,To Basket,Foul,,1,14.3,1.0,56.8,0.0,100.0,0,,,,,,0,,100.0,,,0,0,,0.9,,100.0,0,0,0,,0,0,,1
Jalen Harris,Winnipeg Sea Bears,2025-2026,offense,P&R ball handler,Make 2 Pts Foul,5,To Basket,P&R Including Passes > Spot-Up > Drives Left > To Basket > Make 2 Pts Foul,P&R Including Passes,Spot-Up,Drives Left,To Basket,Make 2 Pts Foul,,1,14.3,3.0,104.2,0.0,100.0,0,,,,100.0,,1,100.0,100.0,,,1,0,,1.4,1.0,100.0,1,1,0,100.0,0,0,0.0,3
Jalen Harris,Winnipeg Sea Bears,2025-2026,offense,P&R ball handler,1 Pts,6,Make 2 Pts Foul,P&R Including Passes > Spot-Up > Drives Left > To Basket > Make 2 Pts Foul > 1 Pts,P&R Including Passes,Spot-Up,Drives Left,To Basket,Make 2 Pts Foul,1 Pts,1,100.0,3.0,104.2,0.0,100.0,0,,,,100.0,,1,100.0,100.0,,,1,0,,1.4,1.0,100.0,1,1,0,100.0,0,0,0.0,3
Jalen Harris,Winnipeg Sea Bears,2025-2026,offense,P&R ball handler,Dribble Jumper,4,Drives Left,P&R Including Passes > Spot-Up > Drives Left > Dribble Jumper,P&R Including Passes,Spot-Up,Drives Left,Dribble Jumper,,,3,30.0,0.667,33.3,0.0,0.0,1,0.0,,,33.3,,3,33.3,0.0,,,1,2,,3.0,0.0,33.3,2,1,1,50.0,0,1,0.33,2
Jalen Harris,Winnipeg Sea Bears,2025-2026,offense,P&R ball handler,Short to < 17,5,Dribble Jumper,P&R Including Passes > Spot-Up > Drives Left > Dribble Jumper > Short to < 17,P&R Including Passes,Spot-Up,Drives Left,Dribble Jumper,Short to < 17,,2,66.7,1.0,50.0,0.0,0.0,0,,,,50.0,,2,50.0,0.0,,,1,1,,2.0,0.0,50.0,2,1,1,50.0,0,0,0.0,2
Jalen Harris,Winnipeg Sea Bears,2025-2026,offense,P&R ball handler,Make 2 Pts,6,Short to < 17,P&R Including Passes > Spot-Up > Drives Left > Dribble Jumper > Short to < 17 > Make 2 Pts,P&R Including Passes,Spot-Up,Drives Left,Dribble Jumper,Short to < 17,Make 2 Pts,1,50.0,2.0,100.0,0.0,0.0,0,,,,100.0,,1,100.0,0.0,,,1,0,,1.0,0.0,100.0,1,1,0,100.0,0,0,0.0,2
Jalen Harris,Winnipeg Sea Bears,2025-2026,offense,P&R ball handler,Miss 2 Pts,6,Short to < 17,P&R Including Passes > Spot-Up > Drives Left > Dribble Jumper > Short to < 17 > Miss 2 Pts,P&R Including Passes,Spot-Up,Drives Left,Dribble Jumper,Short to < 17,Miss 2 Pts,1,50.0,0.0,0.0,0.0,0.0,0,,,,0.0,,1,0.0,0.0,,,0,1,,1.0,0.0,0.0,1,0,1,0.0,0,0,0.0,0
Jalen Harris,Winnipeg Sea Bears,2025-2026,offense,P&R ball handler,Long/3pt,5,Dribble Jumper,P&R Including Passes > Spot-Up > Drives Left > Dribble Jumper > Long/3pt,P&R Including Passes,Spot-Up,Drives Left,Dribble Jumper,Long/3pt,,1,33.3,0.0,0.0,0.0,0.0,1,0.0,,,0.0,,1,0.0,0.0,,,0,1,,1.0,0.0,0.0,0,0,0,,0,1,1.0,0
Jalen Harris,Winnipeg Sea Bears,2025-2026,offense,P&R ball handler,Miss 3 Pts,6,Long/3pt,P&R Including Passes > Spot-Up > Drives Left > Dribble Jumper > Long/3pt > Miss 3 Pts,P&R Including Passes,Spot-Up,Drives Left,Dribble Jumper,Long/3pt,Miss 3 Pts,1,100.0,0.0,0.0,0.0,0.0,1,0.0,,,0.0,,1,0.0,0.0,,,0,1,,1.0,0.0,0.0,0,0,0,,0,1,1.0,0
Jalen Harris,Winnipeg Sea Bears,2025-2026,offense,P&R ball handler,Drives Straight,3,Spot-Up,P&R Including Passes > Spot-Up > Drives Straight,P&R Including Passes,Spot-Up,Drives Straight,,,,2,3.3,0.0,0.0,0.0,0.0,2,0.0,,,0.0,,2,0.0,0.0,,,0,2,,2.0,0.0,0.0,0,0,0,,0,2,1.0,0
Jalen Harris,Winnipeg Sea Bears,2025-2026,offense,P&R ball handler,Dribble Jumper,4,Drives Straight,P&R Including Passes > Spot-Up > Drives Straight > Dribble Jumper,P&R Including Passes,Spot-Up,Drives Straight,Dribble Jumper,,,2,100.0,0.0,0.0,0.0,0.0,2,0.0,,,0.0,,2,0.0,0.0,,,0,2,,2.0,0.0,0.0,0,0,0,,0,2,1.0,0
Jalen Harris,Winnipeg Sea Bears,2025-2026,offense,P&R ball handler,Long/3pt,5,Dribble Jumper,P&R Including Passes > Spot-Up > Drives Straight > Dribble Jumper > Long/3pt,P&R Including Passes,Spot-Up,Drives Straight,Dribble Jumper,Long/3pt,,2,100.0,0.0,0.0,0.0,0.0,2,0.0,,,0.0,,2,0.0,0.0,,,0,2,,2.0,0.0,0.0,0,0,0,,0,2,1.0,0
Jalen Harris,Winnipeg Sea Bears,2025-2026,offense,P&R ball handler,Miss 3 Pts,6,Long/3pt,P&R Including Passes > Spot-Up > Drives Straight > Dribble Jumper > Long/3pt > Miss 3 Pts,P&R Including Passes,Spot-Up,Drives Straight,Dribble Jumper,Long/3pt,Miss 3 Pts,2,100.0,0.0,0.0,0.0,0.0,2,0.0,,,0.0,,2,0.0,0.0,,,0,2,,2.0,0.0,0.0,0,0,0,,0,2,1.0,0
Jalen Harris,Winnipeg Sea Bears,2025-2026,offense,P&R ball handler,Turnover,3,Spot-Up,P&R Including Passes > Spot-Up > Turnover,P&R Including Passes,Spot-Up,Turnover,,,,1,1.6,0.0,,100.0,0.0,0,,,,,,0,,0.0,,,0,0,,0.0,,0.0,0,0,0,,0,0,,0
Jalen Harris,Winnipeg Sea Bears,2025-2026,offense,P&R ball handler,P&R Roll Man,2,P&R Including Passes,P&R Including Passes > P&R Roll Man,P&R Including Passes,P&R Roll Man,,,,,38,16.1,1.026,60.9,13.2,21.1,9,33.3,,,52.0,,25,58.0,21.1,,,13,12,,32.0,0.64,52.6,16,10,6,62.5,3,6,0.36,39
Jalen Harris,Winnipeg Sea Bears,2025-2026,offense,P&R ball handler,Rolls to Basket,3,P&R Roll Man,P&R Including Passes > P&R Roll Man > Rolls to Basket,P&R Including Passes,P&R Roll Man,Rolls to Basket,,,,18,47.4,1.389,76.2,5.6,27.8,0,,,,75.0,,12,75.0,27.8,,,9,3,,16.4,0.83,77.8,12,9,3,75.0,0,0,0.0,25
Jalen Harris,Winnipeg Sea Bears,2025-2026,offense,P&R ball handler,Make 2 Pts,4,Rolls to Basket,P&R Including Passes > P&R Roll Man > Rolls to Basket > Make 2 Pts,P&R Including Passes,P&R Roll Man,Rolls to Basket,Make 2 Pts,,,9,50.0,2.0,100.0,0.0,0.0,0,,,,100.0,,9,100.0,0.0,,,9,0,,9.0,0.0,100.0,9,9,0,100.0,0,0,0.0,18
Jalen Harris,Winnipeg Sea Bears,2025-2026,offense,P&R ball handler,Foul,4,Rolls to Basket,P&R Including Passes > P&R Roll Man > Rolls to Basket > Foul,P&R Including Passes,P&R Roll Man,Rolls to Basket,Foul,,,5,27.8,1.4,79.5,0.0,100.0,0,,,,,,0,,100.0,,,0,0,,4.4,,100.0,0,0,0,,0,0,,7
Jalen Harris,Winnipeg Sea Bears,2025-2026,offense,P&R ball handler,Miss 2 Pts,4,Rolls to Basket,P&R Including Passes > P&R Roll Man > Rolls to Basket > Miss 2 Pts,P&R Including Passes,P&R Roll Man,Rolls to Basket,Miss 2 Pts,,,3,16.7,0.0,0.0,0.0,0.0,0,,,,0.0,,3,0.0,0.0,,,0,3,,3.0,0.0,0.0,3,0,3,0.0,0,0,0.0,0
Jalen Harris,Winnipeg Sea Bears,2025-2026,offense,P&R ball handler,Turnover,4,Rolls to Basket,P&R Including Passes > P&R Roll Man > Rolls to Basket > Turnover,P&R Including Passes,P&R Roll Man,Rolls to Basket,Turnover,,,1,5.6,0.0,,100.0,0.0,0,,,,,,0,,0.0,,,0,0,,0.0,,0.0,0,0,0,,0,0,,0
Jalen Harris,Winnipeg Sea Bears,2025-2026,offense,P&R ball handler,Pick and Pops,3,P&R Roll Man,P&R Including Passes > P&R Roll Man > Pick and Pops,P&R Including Passes,P&R Roll Man,Pick and Pops,,,,17,44.7,0.706,43.2,17.6,5.9,9,33.3,,,30.8,,13,42.3,5.9,,,4,9,,13.9,0.15,29.4,4,1,3,25.0,3,6,0.69,12
Jalen Harris,Winnipeg Sea Bears,2025-2026,offense,P&R ball handler,No Dribble Jumper,4,Pick and Pops,P&R Including Passes > P&R Roll Man > Pick and Pops > No Dribble Jumper,P&R Including Passes,P&R Roll Man,Pick and Pops,No Dribble Jumper,,,8,47.1,1.125,56.3,0.0,0.0,8,37.5,,,37.5,,8,56.3,0.0,,,3,5,,8.0,0.0,37.5,0,0,0,,3,5,1.0,9
Jalen Harris,Winnipeg Sea Bears,2025-2026,offense,P&R ball handler,Open,5,No Dribble Jumper,P&R Including Passes > P&R Roll Man > Pick and Pops > No Dribble Jumper > Open,P&R Including Passes,P&R Roll Man,Pick and Pops,No Dribble Jumper,Open,,5,62.5,1.2,60.0,0.0,0.0,5,40.0,,,40.0,,5,60.0,0.0,,,2,3,,5.0,0.0,40.0,0,0,0,,2,3,1.0,6
Jalen Harris,Winnipeg Sea Bears,2025-2026,offense,P&R ball handler,Long/3pt,6,Open,P&R Including Passes > P&R Roll Man > Pick and Pops > No Dribble Jumper > Open > Long/3pt,P&R Including Passes,P&R Roll Man,Pick and Pops,No Dribble Jumper,Open,Long/3pt,5,100.0,1.2,60.0,0.0,0.0,5,40.0,,,40.0,,5,60.0,0.0,,,2,3,,5.0,0.0,40.0,0,0,0,,2,3,1.0,6
Jalen Harris,Winnipeg Sea Bears,2025-2026,offense,P&R ball handler,Guarded,5,No Dribble Jumper,P&R Including Passes > P&R Roll Man > Pick and Pops > No Dribble Jumper > Guarded,P&R Including Passes,P&R Roll Man,Pick and Pops,No Dribble Jumper,Guarded,,3,37.5,1.0,50.0,0.0,0.0,3,33.3,,,33.3,,3,50.0,0.0,,,1,2,,3.0,0.0,33.3,0,0,0,,1,2,1.0,3
Jalen Harris,Winnipeg Sea Bears,2025-2026,offense,P&R ball handler,Long/3pt,6,Guarded,P&R Including Passes > P&R Roll Man > Pick and Pops > No Dribble Jumper > Guarded > Long/3pt,P&R Including Passes,P&R Roll Man,Pick and Pops,No Dribble Jumper,Guarded,Long/3pt,3,100.0,1.0,50.0,0.0,0.0,3,33.3,,,33.3,,3,50.0,0.0,,,1,2,,3.0,0.0,33.3,0,0,0,,1,2,1.0,3
Jalen Harris,Winnipeg Sea Bears,2025-2026,offense,P&R ball handler,Drives Right,4,Pick and Pops,P&R Including Passes > P&R Roll Man > Pick and Pops > Drives Right,P&R Including Passes,P&R Roll Man,Pick and Pops,Drives Right,,,5,29.4,0.6,79.8,60.0,20.0,0,,,,100.0,,1,100.0,20.0,,,1,0,,1.9,2.0,40.0,1,1,0,100.0,0,0,0.0,3
Jalen Harris,Winnipeg Sea Bears,2025-2026,offense,P&R ball handler,Turnover,5,Drives Right,P&R Including Passes > P&R Roll Man > Pick and Pops > Drives Right > Turnover,P&R Including Passes,P&R Roll Man,Pick and Pops,Drives Right,Turnover,,2,40.0,0.0,,100.0,0.0,0,,,,,,0,,0.0,,,0,0,,0.0,,0.0,0,0,0,,0,0,,0
Jalen Harris,Winnipeg Sea Bears,2025-2026,offense,P&R ball handler,To Basket,5,Drives Right,P&R Including Passes > P&R Roll Man > Pick and Pops > Drives Right > To Basket,P&R Including Passes,P&R Roll Man,Pick and Pops,Drives Right,To Basket,,2,40.0,0.5,56.8,50.0,50.0,0,,,,,,0,,50.0,,,0,0,,0.9,,50.0,0,0,0,,0,0,,1
Jalen Harris,Winnipeg Sea Bears,2025-2026,offense,P&R ball handler,Turnover,6,To Basket,P&R Including Passes > P&R Roll Man > Pick and Pops > Drives Right > To Basket > Turnover,P&R Including Passes,P&R Roll Man,Pick and Pops,Drives Right,To Basket,Turnover,1,50.0,0.0,,100.0,0.0,0,,,,,,0,,0.0,,,0,0,,0.0,,0.0,0,0,0,,0,0,,0
Jalen Harris,Winnipeg Sea Bears,2025-2026,offense,P&R ball handler,Foul,6,To Basket,P&R Including Passes > P&R Roll Man > Pick and Pops > Drives Right > To Basket > Foul,P&R Including Passes,P&R Roll Man,Pick and Pops,Drives Right,To Basket,Foul,1,50.0,1.0,56.8,0.0,100.0,0,,,,,,0,,100.0,,,0,0,,0.9,,100.0,0,0,0,,0,0,,1
Jalen Harris,Winnipeg Sea Bears,2025-2026,offense,P&R ball handler,Dribble Jumper,5,Drives Right,P&R Including Passes > P&R Roll Man > Pick and Pops > Drives Right > Dribble Jumper,P&R Including Passes,P&R Roll Man,Pick and Pops,Drives Right,Dribble Jumper,,1,20.0,2.0,100.0,0.0,0.0,0,,,,100.0,,1,100.0,0.0,,,1,0,,1.0,0.0,100.0,1,1,0,100.0,0,0,0.0,2
Jalen Harris,Winnipeg Sea Bears,2025-2026,offense,P&R ball handler,Short to < 17,6,Dribble Jumper,P&R Including Passes > P&R Roll Man > Pick and Pops > Drives Right > Dribble Jumper > Short to < 17,P&R Including Passes,P&R Roll Man,Pick and Pops,Drives Right,Dribble Jumper,Short to < 17,1,100.0,2.0,100.0,0.0,0.0,0,,,,100.0,,1,100.0,0.0,,,1,0,,1.0,0.0,100.0,1,1,0,100.0,0,0,0.0,2
Jalen Harris,Winnipeg Sea Bears,2025-2026,offense,P&R ball handler,Drives Straight,4,Pick and Pops,P&R Including Passes > P&R Roll Man > Pick and Pops > Drives Straight,P&R Including Passes,P&R Roll Man,Pick and Pops,Drives Straight,,,2,11.8,0.0,0.0,0.0,0.0,1,0.0,,,0.0,,2,0.0,0.0,,,0,2,,2.0,0.0,0.0,1,0,1,0.0,0,1,0.5,0
Jalen Harris,Winnipeg Sea Bears,2025-2026,offense,P&R ball handler,To Basket,5,Drives Straight,P&R Including Passes > P&R Roll Man > Pick and Pops > Drives Straight > To Basket,P&R Including Passes,P&R Roll Man,Pick and Pops,Drives Straight,To Basket,,1,50.0,0.0,0.0,0.0,0.0,0,,,,0.0,,1,0.0,0.0,,,0,1,,1.0,0.0,0.0,1,0,1,0.0,0,0,0.0,0
Jalen Harris,Winnipeg Sea Bears,2025-2026,offense,P&R ball handler,Miss 2 Pts,6,To Basket,P&R Including Passes > P&R Roll Man > Pick and Pops > Drives Straight > To Basket > Miss 2 Pts,P&R Including Passes,P&R Roll Man,Pick and Pops,Drives Straight,To Basket,Miss 2 Pts,1,100.0,0.0,0.0,0.0,0.0,0,,,,0.0,,1,0.0,0.0,,,0,1,,1.0,0.0,0.0,1,0,1,0.0,0,0,0.0,0
Jalen Harris,Winnipeg Sea Bears,2025-2026,offense,P&R ball handler,Dribble Jumper,5,Drives Straight,P&R Including Passes > P&R Roll Man > Pick and Pops > Drives Straight > Dribble Jumper,P&R Including Passes,P&R Roll Man,Pick and Pops,Drives Straight,Dribble Jumper,,1,50.0,0.0,0.0,0.0,0.0,1,0.0,,,0.0,,1,0.0,0.0,,,0,1,,1.0,0.0,0.0,0,0,0,,0,1,1.0,0
Jalen Harris,Winnipeg Sea Bears,2025-2026,offense,P&R ball handler,Long/3pt,6,Dribble Jumper,P&R Including Passes > P&R Roll Man > Pick and Pops > Drives Straight > Dribble Jumper > Long/3pt,P&R Including Passes,P&R Roll Man,Pick and Pops,Drives Straight,Dribble Jumper,Long/3pt,1,100.0,0.0,0.0,0.0,0.0,1,0.0,,,0.0,,1,0.0,0.0,,,0,1,,1.0,0.0,0.0,0,0,0,,0,1,1.0,0
Jalen Harris,Winnipeg Sea Bears,2025-2026,offense,P&R ball handler,Drives Left,4,Pick and Pops,P&R Including Passes > P&R Roll Man > Pick and Pops > Drives Left,P&R Including Passes,P&R Roll Man,Pick and Pops,Drives Left,,,2,11.8,0.0,0.0,0.0,0.0,0,,,,0.0,,2,0.0,0.0,,,0,2,,2.0,0.0,0.0,2,0,2,0.0,0,0,0.0,0
Jalen Harris,Winnipeg Sea Bears,2025-2026,offense,P&R ball handler,To Basket,5,Drives Left,P&R Including Passes > P&R Roll Man > Pick and Pops > Drives Left > To Basket,P&R Including Passes,P&R Roll Man,Pick and Pops,Drives Left,To Basket,,2,100.0,0.0,0.0,0.0,0.0,0,,,,0.0,,2,0.0,0.0,,,0,2,,2.0,0.0,0.0,2,0,2,0.0,0,0,0.0,0
Jalen Harris,Winnipeg Sea Bears,2025-2026,offense,P&R ball handler,Miss 2 Pts,6,To Basket,P&R Including Passes > P&R Roll Man > Pick and Pops > Drives Left > To Basket > Miss 2 Pts,P&R Including Passes,P&R Roll Man,Pick and Pops,Drives Left,To Basket,Miss 2 Pts,2,100.0,0.0,0.0,0.0,0.0,0,,,,0.0,,2,0.0,0.0,,,0,2,,2.0,0.0,0.0,2,0,2,0.0,0,0,0.0,0
Jalen Harris,Winnipeg Sea Bears,2025-2026,offense,P&R ball handler,Slips the Pick,3,P&R Roll Man,P&R Including Passes > P&R Roll Man > Slips the Pick,P&R Including Passes,P&R Roll Man,Slips the Pick,,,,3,7.9,0.667,56.8,33.3,66.7,0,,,,,,0,,66.7,,,0,0,,1.8,,33.3,0,0,0,,0,0,,2
Jalen Harris,Winnipeg Sea Bears,2025-2026,offense,P&R ball handler,To Basket,4,Slips the Pick,P&R Including Passes > P&R Roll Man > Slips the Pick > To Basket,P&R Including Passes,P&R Roll Man,Slips the Pick,To Basket,,,2,66.7,1.0,56.8,0.0,100.0,0,,,,,,0,,100.0,,,0,0,,1.8,,50.0,0,0,0,,0,0,,2
Jalen Harris,Winnipeg Sea Bears,2025-2026,offense,P&R ball handler,Foul,5,To Basket,P&R Including Passes > P&R Roll Man > Slips the Pick > To Basket > Foul,P&R Including Passes,P&R Roll Man,Slips the Pick,To Basket,Foul,,2,100.0,1.0,56.8,0.0,100.0,0,,,,,,0,,100.0,,,0,0,,1.8,,50.0,0,0,0,,0,0,,2
Jalen Harris,Winnipeg Sea Bears,2025-2026,offense,P&R ball handler,Turnover,4,Slips the Pick,P&R Including Passes > P&R Roll Man > Slips the Pick > Turnover,P&R Including Passes,P&R Roll Man,Slips the Pick,Turnover,,,1,33.3,0.0,,100.0,0.0,0,,,,,,0,,0.0,,,0,0,,0.0,,0.0,0,0,0,,0,0,,0
Jalen Harris,Winnipeg Sea Bears,2025-2026,offense,P&R ball handler,Cut,2,P&R Including Passes,P&R Including Passes > Cut,P&R Including Passes,Cut,,,,,10,4.2,1.6,80.0,0.0,0.0,0,,,,80.0,,10,80.0,0.0,,,8,2,,10.0,0.0,80.0,10,8,2,80.0,0,0,0.0,16
Jalen Harris,Winnipeg Sea Bears,2025-2026,offense,P&R ball handler,Basket,3,Cut,P&R Including Passes > Cut > Basket,P&R Including Passes,Cut,Basket,,,,9,90.0,1.778,88.9,0.0,0.0,0,,,,88.9,,9,88.9,0.0,,,8,1,,9.0,0.0,88.9,9,8,1,88.9,0,0,0.0,16
Jalen Harris,Winnipeg Sea Bears,2025-2026,offense,P&R ball handler,Make 2 Pts,4,Basket,P&R Including Passes > Cut > Basket > Make 2 Pts,P&R Including Passes,Cut,Basket,Make 2 Pts,,,8,88.9,2.0,100.0,0.0,0.0,0,,,,100.0,,8,100.0,0.0,,,8,0,,8.0,0.0,100.0,8,8,0,100.0,0,0,0.0,16
Jalen Harris,Winnipeg Sea Bears,2025-2026,offense,P&R ball handler,Miss 2 Pts,4,Basket,P&R Including Passes > Cut > Basket > Miss 2 Pts,P&R Including Passes,Cut,Basket,Miss 2 Pts,,,1,11.1,0.0,0.0,0.0,0.0,0,,,,0.0,,1,0.0,0.0,,,0,1,,1.0,0.0,0.0,1,0,1,0.0,0,0,0.0,0
Jalen Harris,Winnipeg Sea Bears,2025-2026,offense,P&R ball handler,Flash,3,Cut,P&R Including Passes > Cut > Flash,P&R Including Passes,Cut,Flash,,,,1,10.0,0.0,0.0,0.0,0.0,0,,,,0.0,,1,0.0,0.0,,,0,1,,1.0,0.0,0.0,1,0,1,0.0,0,0,0.0,0
Jalen Harris,Winnipeg Sea Bears,2025-2026,offense,P&R ball handler,Miss 2 Pts,4,Flash,P&R Including Passes > Cut > Flash > Miss 2 Pts,P&R Including Passes,Cut,Flash,Miss 2 Pts,,,1,100.0,0.0,0.0,0.0,0.0,0,,,,0.0,,1,0.0,0.0,,,0,1,,1.0,0.0,0.0,1,0,1,0.0,0,0,0.0,0
Jalen Harris,Winnipeg Sea Bears,2025-2026,offense,P&R ball handler,P&R BH - Defense Commits,1,,P&R BH - Defense Commits,P&R BH - Defense Commits,,,,,,131,28.2,0.855,54.4,20.6,10.7,50,28.0,Average,43.0,44.0,72.0,91,51.6,9.2,,,40,51,,102.9,0.3,38.9,41,26,15,63.4,14,36,0.55,112
Jalen Harris,Winnipeg Sea Bears,2025-2026,offense,P&R ball handler,Spot-Up,2,P&R BH - Defense Commits,P&R BH - Defense Commits > Spot-Up,P&R BH - Defense Commits,Spot-Up,,,,,61,46.6,0.869,44.9,3.3,6.6,41,26.8,,,33.9,,56,43.8,6.6,,,19,37,,59.1,0.13,34.4,15,8,7,53.3,11,30,0.73,53
Jalen Harris,Winnipeg Sea Bears,2025-2026,offense,P&R ball handler,No Dribble Jumper,3,Spot-Up,P&R BH - Defense Commits > Spot-Up > No Dribble Jumper,P&R BH - Defense Commits,Spot-Up,No Dribble Jumper,,,,37,60.7,0.892,44.6,0.0,0.0,37,29.7,,,29.7,,37,44.6,0.0,,,11,26,,37.0,0.0,29.7,0,0,0,,11,26,1.0,33
Jalen Harris,Winnipeg Sea Bears,2025-2026,offense,P&R ball handler,Guarded,4,No Dribble Jumper,P&R BH - Defense Commits > Spot-Up > No Dribble Jumper > Guarded,P&R BH - Defense Commits,Spot-Up,No Dribble Jumper,Guarded,,,19,51.4,1.105,55.3,0.0,0.0,19,36.8,,,36.8,,19,55.3,0.0,,,7,12,,19.0,0.0,36.8,0,0,0,,7,12,1.0,21
Jalen Harris,Winnipeg Sea Bears,2025-2026,offense,P&R ball handler,Long/3pt,5,Guarded,P&R BH - Defense Commits > Spot-Up > No Dribble Jumper > Guarded > Long/3pt,P&R BH - Defense Commits,Spot-Up,No Dribble Jumper,Guarded,Long/3pt,,19,100.0,1.105,55.3,0.0,0.0,19,36.8,,,36.8,,19,55.3,0.0,,,7,12,,19.0,0.0,36.8,0,0,0,,7,12,1.0,21
Jalen Harris,Winnipeg Sea Bears,2025-2026,offense,P&R ball handler,Miss 3 Pts,6,Long/3pt,P&R BH - Defense Commits > Spot-Up > No Dribble Jumper > Guarded > Long/3pt > Miss 3 Pts,P&R BH - Defense Commits,Spot-Up,No Dribble Jumper,Guarded,Long/3pt,Miss 3 Pts,12,63.2,0.0,0.0,0.0,0.0,12,0.0,,,0.0,,12,0.0,0.0,,,0,12,,12.0,0.0,0.0,0,0,0,,0,12,1.0,0
Jalen Harris,Winnipeg Sea Bears,2025-2026,offense,P&R ball handler,Make 3 Pts,6,Long/3pt,P&R BH - Defense Commits > Spot-Up > No Dribble Jumper > Guarded > Long/3pt > Make 3 Pts,P&R BH - Defense Commits,Spot-Up,No Dribble Jumper,Guarded,Long/3pt,Make 3 Pts,7,36.8,3.0,150.0,0.0,0.0,7,100.0,,,100.0,,7,150.0,0.0,,,7,0,,7.0,0.0,100.0,0,0,0,,7,0,1.0,21
Jalen Harris,Winnipeg Sea Bears,2025-2026,offense,P&R ball handler,Open,4,No Dribble Jumper,P&R BH - Defense Commits > Spot-Up > No Dribble Jumper > Open,P&R BH - Defense Commits,Spot-Up,No Dribble Jumper,Open,,,18,48.6,0.667,33.3,0.0,0.0,18,22.2,,,22.2,,18,33.3,0.0,,,4,14,,18.0,0.0,22.2,0,0,0,,4,14,1.0,12
Jalen Harris,Winnipeg Sea Bears,2025-2026,offense,P&R ball handler,Long/3pt,5,Open,P&R BH - Defense Commits > Spot-Up > No Dribble Jumper > Open > Long/3pt,P&R BH - Defense Commits,Spot-Up,No Dribble Jumper,Open,Long/3pt,,18,100.0,0.667,33.3,0.0,0.0,18,22.2,,,22.2,,18,33.3,0.0,,,4,14,,18.0,0.0,22.2,0,0,0,,4,14,1.0,12
Jalen Harris,Winnipeg Sea Bears,2025-2026,offense,P&R ball handler,Miss 3 Pts,6,Long/3pt,P&R BH - Defense Commits > Spot-Up > No Dribble Jumper > Open > Long/3pt > Miss 3 Pts,P&R BH - Defense Commits,Spot-Up,No Dribble Jumper,Open,Long/3pt,Miss 3 Pts,14,77.8,0.0,0.0,0.0,0.0,14,0.0,,,0.0,,14,0.0,0.0,,,0,14,,14.0,0.0,0.0,0,0,0,,0,14,1.0,0
Jalen Harris,Winnipeg Sea Bears,2025-2026,offense,P&R ball handler,Make 3 Pts,6,Long/3pt,P&R BH - Defense Commits > Spot-Up > No Dribble Jumper > Open > Long/3pt > Make 3 Pts,P&R BH - Defense Commits,Spot-Up,No Dribble Jumper,Open,Long/3pt,Make 3 Pts,4,22.2,3.0,150.0,0.0,0.0,4,100.0,,,100.0,,4,150.0,0.0,,,4,0,,4.0,0.0,100.0,0,0,0,,4,0,1.0,12
Jalen Harris,Winnipeg Sea Bears,2025-2026,offense,P&R ball handler,Drives Right,3,Spot-Up,P&R BH - Defense Commits > Spot-Up > Drives Right,P&R BH - Defense Commits,Spot-Up,Drives Right,,,,11,18.0,0.727,41.0,9.1,18.2,1,0.0,,,37.5,,8,37.5,18.2,,,3,5,,9.8,0.5,36.4,7,3,4,42.9,0,1,0.13,8
Jalen Harris,Winnipeg Sea Bears,2025-2026,offense,P&R ball handler,To Basket,4,Drives Right,P&R BH - Defense Commits > Spot-Up > Drives Right > To Basket,P&R BH - Defense Commits,Spot-Up,Drives Right,To Basket,,,7,63.6,0.857,52.1,14.3,28.6,0,,,,50.0,,4,50.0,28.6,,,2,2,,5.8,1.0,42.9,4,2,2,50.0,0,0,0.0,6
Jalen Harris,Winnipeg Sea Bears,2025-2026,offense,P&R ball handler,Miss 2 Pts,5,To Basket,P&R BH - Defense Commits > Spot-Up > Drives Right > To Basket > Miss 2 Pts,P&R BH - Defense Commits,Spot-Up,Drives Right,To Basket,Miss 2 Pts,,2,28.6,0.0,0.0,0.0,0.0,0,,,,0.0,,2,0.0,0.0,,,0,2,,2.0,0.0,0.0,2,0,2,0.0,0,0,0.0,0
Jalen Harris,Winnipeg Sea Bears,2025-2026,offense,P&R ball handler,Foul,5,To Basket,P&R BH - Defense Commits > Spot-Up > Drives Right > To Basket > Foul,P&R BH - Defense Commits,Spot-Up,Drives Right,To Basket,Foul,,2,28.6,1.0,56.8,0.0,100.0,0,,,,,,0,,100.0,,,0,0,,1.8,,50.0,0,0,0,,0,0,,2
Jalen Harris,Winnipeg Sea Bears,2025-2026,offense,P&R ball handler,Make 2 Pts,5,To Basket,P&R BH - Defense Commits > Spot-Up > Drives Right > To Basket > Make 2 Pts,P&R BH - Defense Commits,Spot-Up,Drives Right,To Basket,Make 2 Pts,,2,28.6,2.0,100.0,0.0,0.0,0,,,,100.0,,2,100.0,0.0,,,2,0,,2.0,0.0,100.0,2,2,0,100.0,0,0,0.0,4
Jalen Harris,Winnipeg Sea Bears,2025-2026,offense,P&R ball handler,Turnover,5,To Basket,P&R BH - Defense Commits > Spot-Up > Drives Right > To Basket > Turnover,P&R BH - Defense Commits,Spot-Up,Drives Right,To Basket,Turnover,,1,14.3,0.0,,100.0,0.0,0,,,,,,0,,0.0,,,0,0,,0.0,,0.0,0,0,0,,0,0,,0
Jalen Harris,Winnipeg Sea Bears,2025-2026,offense,P&R ball handler,Dribble Jumper,4,Drives Right,P&R BH - Defense Commits > Spot-Up > Drives Right > Dribble Jumper,P&R BH - Defense Commits,Spot-Up,Drives Right,Dribble Jumper,,,4,36.4,0.5,25.0,0.0,0.0,1,0.0,,,25.0,,4,25.0,0.0,,,1,3,,4.0,0.0,25.0,3,1,2,33.3,0,1,0.25,2
Jalen Harris,Winnipeg Sea Bears,2025-2026,offense,P&R ball handler,Short to < 17,5,Dribble Jumper,P&R BH - Defense Commits > Spot-Up > Drives Right > Dribble Jumper > Short to < 17,P&R BH - Defense Commits,Spot-Up,Drives Right,Dribble Jumper,Short to < 17,,3,75.0,0.667,33.3,0.0,0.0,0,,,,33.3,,3,33.3,0.0,,,1,2,,3.0,0.0,33.3,3,1,2,33.3,0,0,0.0,2
Jalen Harris,Winnipeg Sea Bears,2025-2026,offense,P&R ball handler,Miss 2 Pts,6,Short to < 17,P&R BH - Defense Commits > Spot-Up > Drives Right > Dribble Jumper > Short to < 17 > Miss 2 Pts,P&R BH - Defense Commits,Spot-Up,Drives Right,Dribble Jumper,Short to < 17,Miss 2 Pts,2,66.7,0.0,0.0,0.0,0.0,0,,,,0.0,,2,0.0,0.0,,,0,2,,2.0,0.0,0.0,2,0,2,0.0,0,0,0.0,0
Jalen Harris,Winnipeg Sea Bears,2025-2026,offense,P&R ball handler,Make 2 Pts,6,Short to < 17,P&R BH - Defense Commits > Spot-Up > Drives Right > Dribble Jumper > Short to < 17 > Make 2 Pts,P&R BH - Defense Commits,Spot-Up,Drives Right,Dribble Jumper,Short to < 17,Make 2 Pts,1,33.3,2.0,100.0,0.0,0.0,0,,,,100.0,,1,100.0,0.0,,,1,0,,1.0,0.0,100.0,1,1,0,100.0,0,0,0.0,2
Jalen Harris,Winnipeg Sea Bears,2025-2026,offense,P&R ball handler,Long/3pt,5,Dribble Jumper,P&R BH - Defense Commits > Spot-Up > Drives Right > Dribble Jumper > Long/3pt,P&R BH - Defense Commits,Spot-Up,Drives Right,Dribble Jumper,Long/3pt,,1,25.0,0.0,0.0,0.0,0.0,1,0.0,,,0.0,,1,0.0,0.0,,,0,1,,1.0,0.0,0.0,0,0,0,,0,1,1.0,0
Jalen Harris,Winnipeg Sea Bears,2025-2026,offense,P&R ball handler,Miss 3 Pts,6,Long/3pt,P&R BH - Defense Commits > Spot-Up > Drives Right > Dribble Jumper > Long/3pt > Miss 3 Pts,P&R BH - Defense Commits,Spot-Up,Drives Right,Dribble Jumper,Long/3pt,Miss 3 Pts,1,100.0,0.0,0.0,0.0,0.0,1,0.0,,,0.0,,1,0.0,0.0,,,0,1,,1.0,0.0,0.0,0,0,0,,0,1,1.0,0
Jalen Harris,Winnipeg Sea Bears,2025-2026,offense,P&R ball handler,Drives Left,3,Spot-Up,P&R BH - Defense Commits > Spot-Up > Drives Left,P&R BH - Defense Commits,Spot-Up,Drives Left,,,,10,16.4,1.2,58.1,0.0,20.0,1,0.0,,,55.6,,9,55.6,20.0,,,5,4,,10.3,0.33,60.0,8,5,3,62.5,0,1,0.11,12
Jalen Harris,Winnipeg Sea Bears,2025-2026,offense,P&R ball handler,To Basket,4,Drives Left,P&R BH - Defense Commits > Spot-Up > Drives Left > To Basket,P&R BH - Defense Commits,Spot-Up,Drives Left,To Basket,,,7,70.0,1.429,68.3,0.0,28.6,0,,,,66.7,,6,66.7,28.6,,,4,2,,7.3,0.5,71.4,6,4,2,66.7,0,0,0.0,10
Jalen Harris,Winnipeg Sea Bears,2025-2026,offense,P&R ball handler,Make 2 Pts,5,To Basket,P&R BH - Defense Commits > Spot-Up > Drives Left > To Basket > Make 2 Pts,P&R BH - Defense Commits,Spot-Up,Drives Left,To Basket,Make 2 Pts,,3,42.9,2.0,100.0,0.0,0.0,0,,,,100.0,,3,100.0,0.0,,,3,0,,3.0,0.0,100.0,3,3,0,100.0,0,0,0.0,6
Jalen Harris,Winnipeg Sea Bears,2025-2026,offense,P&R ball handler,Miss 2 Pts,5,To Basket,P&R BH - Defense Commits > Spot-Up > Drives Left > To Basket > Miss 2 Pts,P&R BH - Defense Commits,Spot-Up,Drives Left,To Basket,Miss 2 Pts,,2,28.6,0.0,0.0,0.0,0.0,0,,,,0.0,,2,0.0,0.0,,,0,2,,2.0,0.0,0.0,2,0,2,0.0,0,0,0.0,0
Jalen Harris,Winnipeg Sea Bears,2025-2026,offense,P&R ball handler,Foul,5,To Basket,P&R BH - Defense Commits > Spot-Up > Drives Left > To Basket > Foul,P&R BH - Defense Commits,Spot-Up,Drives Left,To Basket,Foul,,1,14.3,1.0,56.8,0.0,100.0,0,,,,,,0,,100.0,,,0,0,,0.9,,100.0,0,0,0,,0,0,,1
Jalen Harris,Winnipeg Sea Bears,2025-2026,offense,P&R ball handler,Make 2 Pts Foul,5,To Basket,P&R BH - Defense Commits > Spot-Up > Drives Left > To Basket > Make 2 Pts Foul,P&R BH - Defense Commits,Spot-Up,Drives Left,To Basket,Make 2 Pts Foul,,1,14.3,3.0,104.2,0.0,100.0,0,,,,100.0,,1,100.0,100.0,,,1,0,,1.4,1.0,100.0,1,1,0,100.0,0,0,0.0,3
Jalen Harris,Winnipeg Sea Bears,2025-2026,offense,P&R ball handler,1 Pts,6,Make 2 Pts Foul,P&R BH - Defense Commits > Spot-Up > Drives Left > To Basket > Make 2 Pts Foul > 1 Pts,P&R BH - Defense Commits,Spot-Up,Drives Left,To Basket,Make 2 Pts Foul,1 Pts,1,100.0,3.0,104.2,0.0,100.0,0,,,,100.0,,1,100.0,100.0,,,1,0,,1.4,1.0,100.0,1,1,0,100.0,0,0,0.0,3
Jalen Harris,Winnipeg Sea Bears,2025-2026,offense,P&R ball handler,Dribble Jumper,4,Drives Left,P&R BH - Defense Commits > Spot-Up > Drives Left > Dribble Jumper,P&R BH - Defense Commits,Spot-Up,Drives Left,Dribble Jumper,,,3,30.0,0.667,33.3,0.0,0.0,1,0.0,,,33.3,,3,33.3,0.0,,,1,2,,3.0,0.0,33.3,2,1,1,50.0,0,1,0.33,2
Jalen Harris,Winnipeg Sea Bears,2025-2026,offense,P&R ball handler,Short to < 17,5,Dribble Jumper,P&R BH - Defense Commits > Spot-Up > Drives Left > Dribble Jumper > Short to < 17,P&R BH - Defense Commits,Spot-Up,Drives Left,Dribble Jumper,Short to < 17,,2,66.7,1.0,50.0,0.0,0.0,0,,,,50.0,,2,50.0,0.0,,,1,1,,2.0,0.0,50.0,2,1,1,50.0,0,0,0.0,2
Jalen Harris,Winnipeg Sea Bears,2025-2026,offense,P&R ball handler,Make 2 Pts,6,Short to < 17,P&R BH - Defense Commits > Spot-Up > Drives Left > Dribble Jumper > Short to < 17 > Make 2 Pts,P&R BH - Defense Commits,Spot-Up,Drives Left,Dribble Jumper,Short to < 17,Make 2 Pts,1,50.0,2.0,100.0,0.0,0.0,0,,,,100.0,,1,100.0,0.0,,,1,0,,1.0,0.0,100.0,1,1,0,100.0,0,0,0.0,2
Jalen Harris,Winnipeg Sea Bears,2025-2026,offense,P&R ball handler,Miss 2 Pts,6,Short to < 17,P&R BH - Defense Commits > Spot-Up > Drives Left > Dribble Jumper > Short to < 17 > Miss 2 Pts,P&R BH - Defense Commits,Spot-Up,Drives Left,Dribble Jumper,Short to < 17,Miss 2 Pts,1,50.0,0.0,0.0,0.0,0.0,0,,,,0.0,,1,0.0,0.0,,,0,1,,1.0,0.0,0.0,1,0,1,0.0,0,0,0.0,0
Jalen Harris,Winnipeg Sea Bears,2025-2026,offense,P&R ball handler,Long/3pt,5,Dribble Jumper,P&R BH - Defense Commits > Spot-Up > Drives Left > Dribble Jumper > Long/3pt,P&R BH - Defense Commits,Spot-Up,Drives Left,Dribble Jumper,Long/3pt,,1,33.3,0.0,0.0,0.0,0.0,1,0.0,,,0.0,,1,0.0,0.0,,,0,1,,1.0,0.0,0.0,0,0,0,,0,1,1.0,0
Jalen Harris,Winnipeg Sea Bears,2025-2026,offense,P&R ball handler,Miss 3 Pts,6,Long/3pt,P&R BH - Defense Commits > Spot-Up > Drives Left > Dribble Jumper > Long/3pt > Miss 3 Pts,P&R BH - Defense Commits,Spot-Up,Drives Left,Dribble Jumper,Long/3pt,Miss 3 Pts,1,100.0,0.0,0.0,0.0,0.0,1,0.0,,,0.0,,1,0.0,0.0,,,0,1,,1.0,0.0,0.0,0,0,0,,0,1,1.0,0
Jalen Harris,Winnipeg Sea Bears,2025-2026,offense,P&R ball handler,Drives Straight,3,Spot-Up,P&R BH - Defense Commits > Spot-Up > Drives Straight,P&R BH - Defense Commits,Spot-Up,Drives Straight,,,,2,3.3,0.0,0.0,0.0,0.0,2,0.0,,,0.0,,2,0.0,0.0,,,0,2,,2.0,0.0,0.0,0,0,0,,0,2,1.0,0
Jalen Harris,Winnipeg Sea Bears,2025-2026,offense,P&R ball handler,Dribble Jumper,4,Drives Straight,P&R BH - Defense Commits > Spot-Up > Drives Straight > Dribble Jumper,P&R BH - Defense Commits,Spot-Up,Drives Straight,Dribble Jumper,,,2,100.0,0.0,0.0,0.0,0.0,2,0.0,,,0.0,,2,0.0,0.0,,,0,2,,2.0,0.0,0.0,0,0,0,,0,2,1.0,0
Jalen Harris,Winnipeg Sea Bears,2025-2026,offense,P&R ball handler,Long/3pt,5,Dribble Jumper,P&R BH - Defense Commits > Spot-Up > Drives Straight > Dribble Jumper > Long/3pt,P&R BH - Defense Commits,Spot-Up,Drives Straight,Dribble Jumper,Long/3pt,,2,100.0,0.0,0.0,0.0,0.0,2,0.0,,,0.0,,2,0.0,0.0,,,0,2,,2.0,0.0,0.0,0,0,0,,0,2,1.0,0
Jalen Harris,Winnipeg Sea Bears,2025-2026,offense,P&R ball handler,Miss 3 Pts,6,Long/3pt,P&R BH - Defense Commits > Spot-Up > Drives Straight > Dribble Jumper > Long/3pt > Miss 3 Pts,P&R BH - Defense Commits,Spot-Up,Drives Straight,Dribble Jumper,Long/3pt,Miss 3 Pts,2,100.0,0.0,0.0,0.0,0.0,2,0.0,,,0.0,,2,0.0,0.0,,,0,2,,2.0,0.0,0.0,0,0,0,,0,2,1.0,0
Jalen Harris,Winnipeg Sea Bears,2025-2026,offense,P&R ball handler,Turnover,3,Spot-Up,P&R BH - Defense Commits > Spot-Up > Turnover,P&R BH - Defense Commits,Spot-Up,Turnover,,,,1,1.6,0.0,,100.0,0.0,0,,,,,,0,,0.0,,,0,0,,0.0,,0.0,0,0,0,,0,0,,0
Jalen Harris,Winnipeg Sea Bears,2025-2026,offense,P&R ball handler,P&R Roll Man,2,P&R BH - Defense Commits,P&R BH - Defense Commits > P&R Roll Man,P&R BH - Defense Commits,P&R Roll Man,,,,,38,29.0,1.026,60.9,13.2,21.1,9,33.3,,,52.0,,25,58.0,21.1,,,13,12,,32.0,0.64,52.6,16,10,6,62.5,3,6,0.36,39
Jalen Harris,Winnipeg Sea Bears,2025-2026,offense,P&R ball handler,Rolls to Basket,3,P&R Roll Man,P&R BH - Defense Commits > P&R Roll Man > Rolls to Basket,P&R BH - Defense Commits,P&R Roll Man,Rolls to Basket,,,,18,47.4,1.389,76.2,5.6,27.8,0,,,,75.0,,12,75.0,27.8,,,9,3,,16.4,0.83,77.8,12,9,3,75.0,0,0,0.0,25
Jalen Harris,Winnipeg Sea Bears,2025-2026,offense,P&R ball handler,Make 2 Pts,4,Rolls to Basket,P&R BH - Defense Commits > P&R Roll Man > Rolls to Basket > Make 2 Pts,P&R BH - Defense Commits,P&R Roll Man,Rolls to Basket,Make 2 Pts,,,9,50.0,2.0,100.0,0.0,0.0,0,,,,100.0,,9,100.0,0.0,,,9,0,,9.0,0.0,100.0,9,9,0,100.0,0,0,0.0,18
Jalen Harris,Winnipeg Sea Bears,2025-2026,offense,P&R ball handler,Foul,4,Rolls to Basket,P&R BH - Defense Commits > P&R Roll Man > Rolls to Basket > Foul,P&R BH - Defense Commits,P&R Roll Man,Rolls to Basket,Foul,,,5,27.8,1.4,79.5,0.0,100.0,0,,,,,,0,,100.0,,,0,0,,4.4,,100.0,0,0,0,,0,0,,7
Jalen Harris,Winnipeg Sea Bears,2025-2026,offense,P&R ball handler,Miss 2 Pts,4,Rolls to Basket,P&R BH - Defense Commits > P&R Roll Man > Rolls to Basket > Miss 2 Pts,P&R BH - Defense Commits,P&R Roll Man,Rolls to Basket,Miss 2 Pts,,,3,16.7,0.0,0.0,0.0,0.0,0,,,,0.0,,3,0.0,0.0,,,0,3,,3.0,0.0,0.0,3,0,3,0.0,0,0,0.0,0
Jalen Harris,Winnipeg Sea Bears,2025-2026,offense,P&R ball handler,Turnover,4,Rolls to Basket,P&R BH - Defense Commits > P&R Roll Man > Rolls to Basket > Turnover,P&R BH - Defense Commits,P&R Roll Man,Rolls to Basket,Turnover,,,1,5.6,0.0,,100.0,0.0,0,,,,,,0,,0.0,,,0,0,,0.0,,0.0,0,0,0,,0,0,,0
Jalen Harris,Winnipeg Sea Bears,2025-2026,offense,P&R ball handler,Pick and Pops,3,P&R Roll Man,P&R BH - Defense Commits > P&R Roll Man > Pick and Pops,P&R BH - Defense Commits,P&R Roll Man,Pick and Pops,,,,17,44.7,0.706,43.2,17.6,5.9,9,33.3,,,30.8,,13,42.3,5.9,,,4,9,,13.9,0.15,29.4,4,1,3,25.0,3,6,0.69,12
Jalen Harris,Winnipeg Sea Bears,2025-2026,offense,P&R ball handler,No Dribble Jumper,4,Pick and Pops,P&R BH - Defense Commits > P&R Roll Man > Pick and Pops > No Dribble Jumper,P&R BH - Defense Commits,P&R Roll Man,Pick and Pops,No Dribble Jumper,,,8,47.1,1.125,56.3,0.0,0.0,8,37.5,,,37.5,,8,56.3,0.0,,,3,5,,8.0,0.0,37.5,0,0,0,,3,5,1.0,9
Jalen Harris,Winnipeg Sea Bears,2025-2026,offense,P&R ball handler,Open,5,No Dribble Jumper,P&R BH - Defense Commits > P&R Roll Man > Pick and Pops > No Dribble Jumper > Open,P&R BH - Defense Commits,P&R Roll Man,Pick and Pops,No Dribble Jumper,Open,,5,62.5,1.2,60.0,0.0,0.0,5,40.0,,,40.0,,5,60.0,0.0,,,2,3,,5.0,0.0,40.0,0,0,0,,2,3,1.0,6
Jalen Harris,Winnipeg Sea Bears,2025-2026,offense,P&R ball handler,Long/3pt,6,Open,P&R BH - Defense Commits > P&R Roll Man > Pick and Pops > No Dribble Jumper > Open > Long/3pt,P&R BH - Defense Commits,P&R Roll Man,Pick and Pops,No Dribble Jumper,Open,Long/3pt,5,100.0,1.2,60.0,0.0,0.0,5,40.0,,,40.0,,5,60.0,0.0,,,2,3,,5.0,0.0,40.0,0,0,0,,2,3,1.0,6
Jalen Harris,Winnipeg Sea Bears,2025-2026,offense,P&R ball handler,Guarded,5,No Dribble Jumper,P&R BH - Defense Commits > P&R Roll Man > Pick and Pops > No Dribble Jumper > Guarded,P&R BH - Defense Commits,P&R Roll Man,Pick and Pops,No Dribble Jumper,Guarded,,3,37.5,1.0,50.0,0.0,0.0,3,33.3,,,33.3,,3,50.0,0.0,,,1,2,,3.0,0.0,33.3,0,0,0,,1,2,1.0,3
Jalen Harris,Winnipeg Sea Bears,2025-2026,offense,P&R ball handler,Long/3pt,6,Guarded,P&R BH - Defense Commits > P&R Roll Man > Pick and Pops > No Dribble Jumper > Guarded > Long/3pt,P&R BH - Defense Commits,P&R Roll Man,Pick and Pops,No Dribble Jumper,Guarded,Long/3pt,3,100.0,1.0,50.0,0.0,0.0,3,33.3,,,33.3,,3,50.0,0.0,,,1,2,,3.0,0.0,33.3,0,0,0,,1,2,1.0,3
Jalen Harris,Winnipeg Sea Bears,2025-2026,offense,P&R ball handler,Drives Right,4,Pick and Pops,P&R BH - Defense Commits > P&R Roll Man > Pick and Pops > Drives Right,P&R BH - Defense Commits,P&R Roll Man,Pick and Pops,Drives Right,,,5,29.4,0.6,79.8,60.0,20.0,0,,,,100.0,,1,100.0,20.0,,,1,0,,1.9,2.0,40.0,1,1,0,100.0,0,0,0.0,3
Jalen Harris,Winnipeg Sea Bears,2025-2026,offense,P&R ball handler,Turnover,5,Drives Right,P&R BH - Defense Commits > P&R Roll Man > Pick and Pops > Drives Right > Turnover,P&R BH - Defense Commits,P&R Roll Man,Pick and Pops,Drives Right,Turnover,,2,40.0,0.0,,100.0,0.0,0,,,,,,0,,0.0,,,0,0,,0.0,,0.0,0,0,0,,0,0,,0
Jalen Harris,Winnipeg Sea Bears,2025-2026,offense,P&R ball handler,To Basket,5,Drives Right,P&R BH - Defense Commits > P&R Roll Man > Pick and Pops > Drives Right > To Basket,P&R BH - Defense Commits,P&R Roll Man,Pick and Pops,Drives Right,To Basket,,2,40.0,0.5,56.8,50.0,50.0,0,,,,,,0,,50.0,,,0,0,,0.9,,50.0,0,0,0,,0,0,,1
Jalen Harris,Winnipeg Sea Bears,2025-2026,offense,P&R ball handler,Turnover,6,To Basket,P&R BH - Defense Commits > P&R Roll Man > Pick and Pops > Drives Right > To Basket > Turnover,P&R BH - Defense Commits,P&R Roll Man,Pick and Pops,Drives Right,To Basket,Turnover,1,50.0,0.0,,100.0,0.0,0,,,,,,0,,0.0,,,0,0,,0.0,,0.0,0,0,0,,0,0,,0
Jalen Harris,Winnipeg Sea Bears,2025-2026,offense,P&R ball handler,Foul,6,To Basket,P&R BH - Defense Commits > P&R Roll Man > Pick and Pops > Drives Right > To Basket > Foul,P&R BH - Defense Commits,P&R Roll Man,Pick and Pops,Drives Right,To Basket,Foul,1,50.0,1.0,56.8,0.0,100.0,0,,,,,,0,,100.0,,,0,0,,0.9,,100.0,0,0,0,,0,0,,1
Jalen Harris,Winnipeg Sea Bears,2025-2026,offense,P&R ball handler,Dribble Jumper,5,Drives Right,P&R BH - Defense Commits > P&R Roll Man > Pick and Pops > Drives Right > Dribble Jumper,P&R BH - Defense Commits,P&R Roll Man,Pick and Pops,Drives Right,Dribble Jumper,,1,20.0,2.0,100.0,0.0,0.0,0,,,,100.0,,1,100.0,0.0,,,1,0,,1.0,0.0,100.0,1,1,0,100.0,0,0,0.0,2
Jalen Harris,Winnipeg Sea Bears,2025-2026,offense,P&R ball handler,Short to < 17,6,Dribble Jumper,P&R BH - Defense Commits > P&R Roll Man > Pick and Pops > Drives Right > Dribble Jumper > Short to < 17,P&R BH - Defense Commits,P&R Roll Man,Pick and Pops,Drives Right,Dribble Jumper,Short to < 17,1,100.0,2.0,100.0,0.0,0.0,0,,,,100.0,,1,100.0,0.0,,,1,0,,1.0,0.0,100.0,1,1,0,100.0,0,0,0.0,2
Jalen Harris,Winnipeg Sea Bears,2025-2026,offense,P&R ball handler,Drives Left,4,Pick and Pops,P&R BH - Defense Commits > P&R Roll Man > Pick and Pops > Drives Left,P&R BH - Defense Commits,P&R Roll Man,Pick and Pops,Drives Left,,,2,11.8,0.0,0.0,0.0,0.0,0,,,,0.0,,2,0.0,0.0,,,0,2,,2.0,0.0,0.0,2,0,2,0.0,0,0,0.0,0
Jalen Harris,Winnipeg Sea Bears,2025-2026,offense,P&R ball handler,To Basket,5,Drives Left,P&R BH - Defense Commits > P&R Roll Man > Pick and Pops > Drives Left > To Basket,P&R BH - Defense Commits,P&R Roll Man,Pick and Pops,Drives Left,To Basket,,2,100.0,0.0,0.0,0.0,0.0,0,,,,0.0,,2,0.0,0.0,,,0,2,,2.0,0.0,0.0,2,0,2,0.0,0,0,0.0,0
Jalen Harris,Winnipeg Sea Bears,2025-2026,offense,P&R ball handler,Miss 2 Pts,6,To Basket,P&R BH - Defense Commits > P&R Roll Man > Pick and Pops > Drives Left > To Basket > Miss 2 Pts,P&R BH - Defense Commits,P&R Roll Man,Pick and Pops,Drives Left,To Basket,Miss 2 Pts,2,100.0,0.0,0.0,0.0,0.0,0,,,,0.0,,2,0.0,0.0,,,0,2,,2.0,0.0,0.0,2,0,2,0.0,0,0,0.0,0
Jalen Harris,Winnipeg Sea Bears,2025-2026,offense,P&R ball handler,Drives Straight,4,Pick and Pops,P&R BH - Defense Commits > P&R Roll Man > Pick and Pops > Drives Straight,P&R BH - Defense Commits,P&R Roll Man,Pick and Pops,Drives Straight,,,2,11.8,0.0,0.0,0.0,0.0,1,0.0,,,0.0,,2,0.0,0.0,,,0,2,,2.0,0.0,0.0,1,0,1,0.0,0,1,0.5,0
Jalen Harris,Winnipeg Sea Bears,2025-2026,offense,P&R ball handler,To Basket,5,Drives Straight,P&R BH - Defense Commits > P&R Roll Man > Pick and Pops > Drives Straight > To Basket,P&R BH - Defense Commits,P&R Roll Man,Pick and Pops,Drives Straight,To Basket,,1,50.0,0.0,0.0,0.0,0.0,0,,,,0.0,,1,0.0,0.0,,,0,1,,1.0,0.0,0.0,1,0,1,0.0,0,0,0.0,0
Jalen Harris,Winnipeg Sea Bears,2025-2026,offense,P&R ball handler,Miss 2 Pts,6,To Basket,P&R BH - Defense Commits > P&R Roll Man > Pick and Pops > Drives Straight > To Basket > Miss 2 Pts,P&R BH - Defense Commits,P&R Roll Man,Pick and Pops,Drives Straight,To Basket,Miss 2 Pts,1,100.0,0.0,0.0,0.0,0.0,0,,,,0.0,,1,0.0,0.0,,,0,1,,1.0,0.0,0.0,1,0,1,0.0,0,0,0.0,0
Jalen Harris,Winnipeg Sea Bears,2025-2026,offense,P&R ball handler,Dribble Jumper,5,Drives Straight,P&R BH - Defense Commits > P&R Roll Man > Pick and Pops > Drives Straight > Dribble Jumper,P&R BH - Defense Commits,P&R Roll Man,Pick and Pops,Drives Straight,Dribble Jumper,,1,50.0,0.0,0.0,0.0,0.0,1,0.0,,,0.0,,1,0.0,0.0,,,0,1,,1.0,0.0,0.0,0,0,0,,0,1,1.0,0
Jalen Harris,Winnipeg Sea Bears,2025-2026,offense,P&R ball handler,Long/3pt,6,Dribble Jumper,P&R BH - Defense Commits > P&R Roll Man > Pick and Pops > Drives Straight > Dribble Jumper > Long/3pt,P&R BH - Defense Commits,P&R Roll Man,Pick and Pops,Drives Straight,Dribble Jumper,Long/3pt,1,100.0,0.0,0.0,0.0,0.0,1,0.0,,,0.0,,1,0.0,0.0,,,0,1,,1.0,0.0,0.0,0,0,0,,0,1,1.0,0
Jalen Harris,Winnipeg Sea Bears,2025-2026,offense,P&R ball handler,Slips the Pick,3,P&R Roll Man,P&R BH - Defense Commits > P&R Roll Man > Slips the Pick,P&R BH - Defense Commits,P&R Roll Man,Slips the Pick,,,,3,7.9,0.667,56.8,33.3,66.7,0,,,,,,0,,66.7,,,0,0,,1.8,,33.3,0,0,0,,0,0,,2
Jalen Harris,Winnipeg Sea Bears,2025-2026,offense,P&R ball handler,To Basket,4,Slips the Pick,P&R BH - Defense Commits > P&R Roll Man > Slips the Pick > To Basket,P&R BH - Defense Commits,P&R Roll Man,Slips the Pick,To Basket,,,2,66.7,1.0,56.8,0.0,100.0,0,,,,,,0,,100.0,,,0,0,,1.8,,50.0,0,0,0,,0,0,,2
Jalen Harris,Winnipeg Sea Bears,2025-2026,offense,P&R ball handler,Foul,5,To Basket,P&R BH - Defense Commits > P&R Roll Man > Slips the Pick > To Basket > Foul,P&R BH - Defense Commits,P&R Roll Man,Slips the Pick,To Basket,Foul,,2,100.0,1.0,56.8,0.0,100.0,0,,,,,,0,,100.0,,,0,0,,1.8,,50.0,0,0,0,,0,0,,2
Jalen Harris,Winnipeg Sea Bears,2025-2026,offense,P&R ball handler,Turnover,4,Slips the Pick,P&R BH - Defense Commits > P&R Roll Man > Slips the Pick > Turnover,P&R BH - Defense Commits,P&R Roll Man,Slips the Pick,Turnover,,,1,33.3,0.0,,100.0,0.0,0,,,,,,0,,0.0,,,0,0,,0.0,,0.0,0,0,0,,0,0,,0
Jalen Harris,Winnipeg Sea Bears,2025-2026,offense,P&R ball handler,P&R Ball Handler,2,P&R BH - Defense Commits,P&R BH - Defense Commits > P&R Ball Handler,P&R BH - Defense Commits,P&R Ball Handler,,,,,22,16.8,0.182,113.6,90.9,9.1,0,,,,,,0,,0.0,,,0,0,,1.8,,9.1,0,0,0,,0,0,,4
Jalen Harris,Winnipeg Sea Bears,2025-2026,offense,P&R ball handler,High P&R,3,P&R Ball Handler,P&R BH - Defense Commits > P&R Ball Handler > High P&R,P&R BH - Defense Commits,P&R Ball Handler,High P&R,,,,21,95.5,0.19,113.6,90.5,9.5,0,,,,,,0,,0.0,,,0,0,,1.8,,9.5,0,0,0,,0,0,,4
Jalen Harris,Winnipeg Sea Bears,2025-2026,offense,P&R ball handler,Dribble Off Pick,4,High P&R,P&R BH - Defense Commits > P&R Ball Handler > High P&R > Dribble Off Pick,P&R BH - Defense Commits,P&R Ball Handler,High P&R,Dribble Off Pick,,,18,85.7,0.222,113.6,88.9,11.1,0,,,,,,0,,0.0,,,0,0,,1.8,,11.1,0,0,0,,0,0,,4
Jalen Harris,Winnipeg Sea Bears,2025-2026,offense,P&R ball handler,Defense Commits,5,Dribble Off Pick,P&R BH - Defense Commits > P&R Ball Handler > High P&R > Dribble Off Pick > Defense Commits,P&R BH - Defense Commits,P&R Ball Handler,High P&R,Dribble Off Pick,Defense Commits,,18,100.0,0.222,113.6,88.9,11.1,0,,,,,,0,,0.0,,,0,0,,1.8,,11.1,0,0,0,,0,0,,4
Jalen Harris,Winnipeg Sea Bears,2025-2026,offense,P&R ball handler,Turnover,6,Defense Commits,P&R BH - Defense Commits > P&R Ball Handler > High P&R > Dribble Off Pick > Defense Commits > Turnover,P&R BH - Defense Commits,P&R Ball Handler,High P&R,Dribble Off Pick,Defense Commits,Turnover,16,88.9,0.0,,100.0,0.0,0,,,,,,0,,0.0,,,0,0,,0.0,,0.0,0,0,0,,0,0,,0
Jalen Harris,Winnipeg Sea Bears,2025-2026,offense,P&R ball handler,Foul,6,Defense Commits,P&R BH - Defense Commits > P&R Ball Handler > High P&R > Dribble Off Pick > Defense Commits > Foul,P&R BH - Defense Commits,P&R Ball Handler,High P&R,Dribble Off Pick,Defense Commits,Foul,2,11.1,2.0,113.6,0.0,100.0,0,,,,,,0,,0.0,,,0,0,,1.8,,100.0,0,0,0,,0,0,,4
Jalen Harris,Winnipeg Sea Bears,2025-2026,offense,P&R ball handler,Go Away from Pick,4,High P&R,P&R BH - Defense Commits > P&R Ball Handler > High P&R > Go Away from Pick,P&R BH - Defense Commits,P&R Ball Handler,High P&R,Go Away from Pick,,,3,14.3,0.0,,100.0,0.0,0,,,,,,0,,0.0,,,0,0,,0.0,,0.0,0,0,0,,0,0,,0
Jalen Harris,Winnipeg Sea Bears,2025-2026,offense,P&R ball handler,Defense Commits,5,Go Away from Pick,P&R BH - Defense Commits > P&R Ball Handler > High P&R > Go Away from Pick > Defense Commits,P&R BH - Defense Commits,P&R Ball Handler,High P&R,Go Away from Pick,Defense Commits,,3,100.0,0.0,,100.0,0.0,0,,,,,,0,,0.0,,,0,0,,0.0,,0.0,0,0,0,,0,0,,0
Jalen Harris,Winnipeg Sea Bears,2025-2026,offense,P&R ball handler,Turnover,6,Defense Commits,P&R BH - Defense Commits > P&R Ball Handler > High P&R > Go Away from Pick > Defense Commits > Turnover,P&R BH - Defense Commits,P&R Ball Handler,High P&R,Go Away from Pick,Defense Commits,Turnover,3,100.0,0.0,,100.0,0.0,0,,,,,,0,,0.0,,,0,0,,0.0,,0.0,0,0,0,,0,0,,0
Jalen Harris,Winnipeg Sea Bears,2025-2026,offense,P&R ball handler,Right P&R,3,P&R Ball Handler,P&R BH - Defense Commits > P&R Ball Handler > Right P&R,P&R BH - Defense Commits,P&R Ball Handler,Right P&R,,,,1,4.5,0.0,,100.0,0.0,0,,,,,,0,,0.0,,,0,0,,0.0,,0.0,0,0,0,,0,0,,0
Jalen Harris,Winnipeg Sea Bears,2025-2026,offense,P&R ball handler,Baseline,4,Right P&R,P&R BH - Defense Commits > P&R Ball Handler > Right P&R > Baseline,P&R BH - Defense Commits,P&R Ball Handler,Right P&R,Baseline,,,1,100.0,0.0,,100.0,0.0,0,,,,,,0,,0.0,,,0,0,,0.0,,0.0,0,0,0,,0,0,,0
Jalen Harris,Winnipeg Sea Bears,2025-2026,offense,P&R ball handler,Dribble Off Pick,5,Baseline,P&R BH - Defense Commits > P&R Ball Handler > Right P&R > Baseline > Dribble Off Pick,P&R BH - Defense Commits,P&R Ball Handler,Right P&R,Baseline,Dribble Off Pick,,1,100.0,0.0,,100.0,0.0,0,,,,,,0,,0.0,,,0,0,,0.0,,0.0,0,0,0,,0,0,,0
Jalen Harris,Winnipeg Sea Bears,2025-2026,offense,P&R ball handler,Defense Commits,6,Dribble Off Pick,P&R BH - Defense Commits > P&R Ball Handler > Right P&R > Baseline > Dribble Off Pick > Defense Commits,P&R BH - Defense Commits,P&R Ball Handler,Right P&R,Baseline,Dribble Off Pick,Defense Commits,1,100.0,0.0,,100.0,0.0,0,,,,,,0,,0.0,,,0,0,,0.0,,0.0,0,0,0,,0,0,,0
Jalen Harris,Winnipeg Sea Bears,2025-2026,offense,P&R ball handler,Cut,2,P&R BH - Defense Commits,P&R BH - Defense Commits > Cut,P&R BH - Defense Commits,Cut,,,,,10,7.6,1.6,80.0,0.0,0.0,0,,,,80.0,,10,80.0,0.0,,,8,2,,10.0,0.0,80.0,10,8,2,80.0,0,0,0.0,16
Jalen Harris,Winnipeg Sea Bears,2025-2026,offense,P&R ball handler,Basket,3,Cut,P&R BH - Defense Commits > Cut > Basket,P&R BH - Defense Commits,Cut,Basket,,,,9,90.0,1.778,88.9,0.0,0.0,0,,,,88.9,,9,88.9,0.0,,,8,1,,9.0,0.0,88.9,9,8,1,88.9,0,0,0.0,16
Jalen Harris,Winnipeg Sea Bears,2025-2026,offense,P&R ball handler,Make 2 Pts,4,Basket,P&R BH - Defense Commits > Cut > Basket > Make 2 Pts,P&R BH - Defense Commits,Cut,Basket,Make 2 Pts,,,8,88.9,2.0,100.0,0.0,0.0,0,,,,100.0,,8,100.0,0.0,,,8,0,,8.0,0.0,100.0,8,8,0,100.0,0,0,0.0,16
Jalen Harris,Winnipeg Sea Bears,2025-2026,offense,P&R ball handler,Miss 2 Pts,4,Basket,P&R BH - Defense Commits > Cut > Basket > Miss 2 Pts,P&R BH - Defense Commits,Cut,Basket,Miss 2 Pts,,,1,11.1,0.0,0.0,0.0,0.0,0,,,,0.0,,1,0.0,0.0,,,0,1,,1.0,0.0,0.0,1,0,1,0.0,0,0,0.0,0
Jalen Harris,Winnipeg Sea Bears,2025-2026,offense,P&R ball handler,Flash,3,Cut,P&R BH - Defense Commits > Cut > Flash,P&R BH - Defense Commits,Cut,Flash,,,,1,10.0,0.0,0.0,0.0,0.0,0,,,,0.0,,1,0.0,0.0,,,0,1,,1.0,0.0,0.0,1,0,1,0.0,0,0,0.0,0
Jalen Harris,Winnipeg Sea Bears,2025-2026,offense,P&R ball handler,Miss 2 Pts,4,Flash,P&R BH - Defense Commits > Cut > Flash > Miss 2 Pts,P&R BH - Defense Commits,Cut,Flash,Miss 2 Pts,,,1,100.0,0.0,0.0,0.0,0.0,0,,,,0.0,,1,0.0,0.0,,,0,1,,1.0,0.0,0.0,1,0,1,0.0,0,0,0.0,0
Jalen Harris,Winnipeg Sea Bears,2025-2026,offense,P&R ball handler,P&R BH - Traps,1,,P&R BH - Traps,P&R BH - Traps,,,,,,2,0.4,1.5,75.0,0.0,0.0,2,50.0,,,50.0,,2,75.0,0.0,,,1,1,,2.0,0.0,50.0,0,0,0,,1,1,1.0,3
Jalen Harris,Winnipeg Sea Bears,2025-2026,offense,P&R ball handler,P&R Roll Man,2,P&R BH - Traps,P&R BH - Traps > P&R Roll Man,P&R BH - Traps,P&R Roll Man,,,,,1,50.0,3.0,150.0,0.0,0.0,1,100.0,,,100.0,,1,150.0,0.0,,,1,0,,1.0,0.0,100.0,0,0,0,,1,0,1.0,3
Jalen Harris,Winnipeg Sea Bears,2025-2026,offense,P&R ball handler,Pick and Pops,3,P&R Roll Man,P&R BH - Traps > P&R Roll Man > Pick and Pops,P&R BH - Traps,P&R Roll Man,Pick and Pops,,,,1,100.0,3.0,150.0,0.0,0.0,1,100.0,,,100.0,,1,150.0,0.0,,,1,0,,1.0,0.0,100.0,0,0,0,,1,0,1.0,3
Jalen Harris,Winnipeg Sea Bears,2025-2026,offense,P&R ball handler,No Dribble Jumper,4,Pick and Pops,P&R BH - Traps > P&R Roll Man > Pick and Pops > No Dribble Jumper,P&R BH - Traps,P&R Roll Man,Pick and Pops,No Dribble Jumper,,,1,100.0,3.0,150.0,0.0,0.0,1,100.0,,,100.0,,1,150.0,0.0,,,1,0,,1.0,0.0,100.0,0,0,0,,1,0,1.0,3
Jalen Harris,Winnipeg Sea Bears,2025-2026,offense,P&R ball handler,Open,5,No Dribble Jumper,P&R BH - Traps > P&R Roll Man > Pick and Pops > No Dribble Jumper > Open,P&R BH - Traps,P&R Roll Man,Pick and Pops,No Dribble Jumper,Open,,1,100.0,3.0,150.0,0.0,0.0,1,100.0,,,100.0,,1,150.0,0.0,,,1,0,,1.0,0.0,100.0,0,0,0,,1,0,1.0,3
Jalen Harris,Winnipeg Sea Bears,2025-2026,offense,P&R ball handler,Long/3pt,6,Open,P&R BH - Traps > P&R Roll Man > Pick and Pops > No Dribble Jumper > Open > Long/3pt,P&R BH - Traps,P&R Roll Man,Pick and Pops,No Dribble Jumper,Open,Long/3pt,1,100.0,3.0,150.0,0.0,0.0,1,100.0,,,100.0,,1,150.0,0.0,,,1,0,,1.0,0.0,100.0,0,0,0,,1,0,1.0,3
Jalen Harris,Winnipeg Sea Bears,2025-2026,offense,P&R ball handler,Spot-Up,2,P&R BH - Traps,P&R BH - Traps > Spot-Up,P&R BH - Traps,Spot-Up,,,,,1,50.0,0.0,0.0,0.0,0.0,1,0.0,,,0.0,,1,0.0,0.0,,,0,1,,1.0,0.0,0.0,0,0,0,,0,1,1.0,0
Jalen Harris,Winnipeg Sea Bears,2025-2026,offense,P&R ball handler,No Dribble Jumper,3,Spot-Up,P&R BH - Traps > Spot-Up > No Dribble Jumper,P&R BH - Traps,Spot-Up,No Dribble Jumper,,,,1,100.0,0.0,0.0,0.0,0.0,1,0.0,,,0.0,,1,0.0,0.0,,,0,1,,1.0,0.0,0.0,0,0,0,,0,1,1.0,0
Jalen Harris,Winnipeg Sea Bears,2025-2026,offense,P&R ball handler,Open,4,No Dribble Jumper,P&R BH - Traps > Spot-Up > No Dribble Jumper > Open,P&R BH - Traps,Spot-Up,No Dribble Jumper,Open,,,1,100.0,0.0,0.0,0.0,0.0,1,0.0,,,0.0,,1,0.0,0.0,,,0,1,,1.0,0.0,0.0,0,0,0,,0,1,1.0,0
Jalen Harris,Winnipeg Sea Bears,2025-2026,offense,P&R ball handler,Long/3pt,5,Open,P&R BH - Traps > Spot-Up > No Dribble Jumper > Open > Long/3pt,P&R BH - Traps,Spot-Up,No Dribble Jumper,Open,Long/3pt,,1,100.0,0.0,0.0,0.0,0.0,1,0.0,,,0.0,,1,0.0,0.0,,,0,1,,1.0,0.0,0.0,0,0,0,,0,1,1.0,0
Jalen Harris,Winnipeg Sea Bears,2025-2026,offense,P&R ball handler,Miss 3 Pts,6,Long/3pt,P&R BH - Traps > Spot-Up > No Dribble Jumper > Open > Long/3pt > Miss 3 Pts,P&R BH - Traps,Spot-Up,No Dribble Jumper,Open,Long/3pt,Miss 3 Pts,1,100.0,0.0,0.0,0.0,0.0,1,0.0,,,0.0,,1,0.0,0.0,,,0,1,,1.0,0.0,0.0,0,0,0,,0,1,1.0,0
Jalen Harris,Winnipeg Sea Bears,2025-2026,offense,Isolation,ISO Including Passes,1,,ISO Including Passes,ISO Including Passes,,,,,,65,14.0,1.031,55.8,7.7,13.8,10,40.0,Very Good,79.0,45.3,79.0,53,49.1,10.8,,,24,29,,60.0,0.3,47.7,43,20,23,46.5,4,6,0.19,67
Jalen Harris,Winnipeg Sea Bears,2025-2026,offense,Isolation,Isolation,2,ISO Including Passes,ISO Including Passes > Isolation,ISO Including Passes,Isolation,,,,,55,84.6,0.927,51.4,9.1,14.5,4,25.0,,,41.9,,43,43.0,10.9,,,18,25,,49.6,0.35,45.5,39,17,22,43.6,1,3,0.09,51
Jalen Harris,Winnipeg Sea Bears,2025-2026,offense,Isolation,Top,3,Isolation,ISO Including Passes > Isolation > Top,ISO Including Passes,Isolation,Top,,,,27,49.1,1.0,55.1,7.4,14.8,2,0.0,,,47.6,,21,47.6,7.4,,,10,11,,24.5,0.38,51.9,19,10,9,52.6,0,2,0.1,27
Jalen Harris,Winnipeg Sea Bears,2025-2026,offense,Isolation,Drives Left,4,Top,ISO Including Passes > Isolation > Top > Drives Left,ISO Including Passes,Isolation,Top,Drives Left,,,16,59.3,0.813,44.0,6.3,12.5,1,0.0,,,38.5,,13,38.5,0.0,,,5,8,,14.8,0.31,43.8,12,5,7,41.7,0,1,0.08,13
Jalen Harris,Winnipeg Sea Bears,2025-2026,offense,Isolation,Dribble Jumper,5,Drives Left,ISO Including Passes > Isolation > Top > Drives Left > Dribble Jumper,ISO Including Passes,Isolation,Top,Drives Left,Dribble Jumper,,9,56.3,0.444,22.2,0.0,0.0,1,0.0,,,22.2,,9,22.2,0.0,,,2,7,,9.0,0.0,22.2,8,2,6,25.0,0,1,0.11,4
Jalen Harris,Winnipeg Sea Bears,2025-2026,offense,Isolation,Short to < 17,6,Dribble Jumper,ISO Including Passes > Isolation > Top > Drives Left > Dribble Jumper > Short to < 17,ISO Including Passes,Isolation,Top,Drives Left,Dribble Jumper,Short to < 17,5,55.6,0.4,20.0,0.0,0.0,0,,,,20.0,,5,20.0,0.0,,,1,4,,5.0,0.0,20.0,5,1,4,20.0,0,0,0.0,2
Jalen Harris,Winnipeg Sea Bears,2025-2026,offense,Isolation,Medium/17' to 3pt,6,Dribble Jumper,ISO Including Passes > Isolation > Top > Drives Left > Dribble Jumper > Medium/17' to 3pt,ISO Including Passes,Isolation,Top,Drives Left,Dribble Jumper,Medium/17' to 3pt,3,33.3,0.667,33.3,0.0,0.0,0,,,,33.3,,3,33.3,0.0,,,1,2,,3.0,0.0,33.3,3,1,2,33.3,0,0,0.0,2
Jalen Harris,Winnipeg Sea Bears,2025-2026,offense,Isolation,Long/3pt,6,Dribble Jumper,ISO Including Passes > Isolation > Top > Drives Left > Dribble Jumper > Long/3pt,ISO Including Passes,Isolation,Top,Drives Left,Dribble Jumper,Long/3pt,1,11.1,0.0,0.0,0.0,0.0,1,0.0,,,0.0,,1,0.0,0.0,,,0,1,,1.0,0.0,0.0,0,0,0,,0,1,1.0,0
Jalen Harris,Winnipeg Sea Bears,2025-2026,offense,Isolation,To Basket,5,Drives Left,ISO Including Passes > Isolation > Top > Drives Left > To Basket,ISO Including Passes,Isolation,Top,Drives Left,To Basket,,4,25.0,1.5,75.0,0.0,0.0,0,,,,75.0,,4,75.0,0.0,,,3,1,,4.0,0.0,75.0,4,3,1,75.0,0,0,0.0,6
Jalen Harris,Winnipeg Sea Bears,2025-2026,offense,Isolation,Make 2 Pts,6,To Basket,ISO Including Passes > Isolation > Top > Drives Left > To Basket > Make 2 Pts,ISO Including Passes,Isolation,Top,Drives Left,To Basket,Make 2 Pts,3,75.0,2.0,100.0,0.0,0.0,0,,,,100.0,,3,100.0,0.0,,,3,0,,3.0,0.0,100.0,3,3,0,100.0,0,0,0.0,6
Jalen Harris,Winnipeg Sea Bears,2025-2026,offense,Isolation,Miss 2 Pts,6,To Basket,ISO Including Passes > Isolation > Top > Drives Left > To Basket > Miss 2 Pts,ISO Including Passes,Isolation,Top,Drives Left,To Basket,Miss 2 Pts,1,25.0,0.0,0.0,0.0,0.0,0,,,,0.0,,1,0.0,0.0,,,0,1,,1.0,0.0,0.0,1,0,1,0.0,0,0,0.0,0
Jalen Harris,Winnipeg Sea Bears,2025-2026,offense,Isolation,Foul,5,Drives Left,ISO Including Passes > Isolation > Top > Drives Left > Foul,ISO Including Passes,Isolation,Top,Drives Left,Foul,,2,12.5,1.5,85.2,0.0,100.0,0,,,,,,0,,0.0,,,0,0,,1.8,,100.0,0,0,0,,0,0,,3
Jalen Harris,Winnipeg Sea Bears,2025-2026,offense,Isolation,Defense Commits,5,Drives Left,ISO Including Passes > Isolation > Top > Drives Left > Defense Commits,ISO Including Passes,Isolation,Top,Drives Left,Defense Commits,,1,6.3,0.0,,100.0,0.0,0,,,,,,0,,0.0,,,0,0,,0.0,,0.0,0,0,0,,0,0,,0
Jalen Harris,Winnipeg Sea Bears,2025-2026,offense,Isolation,Turnover,6,Defense Commits,ISO Including Passes > Isolation > Top > Drives Left > Defense Commits > Turnover,ISO Including Passes,Isolation,Top,Drives Left,Defense Commits,Turnover,1,100.0,0.0,,100.0,0.0,0,,,,,,0,,0.0,,,0,0,,0.0,,0.0,0,0,0,,0,0,,0
Jalen Harris,Winnipeg Sea Bears,2025-2026,offense,Isolation,Drives Right,4,Top,ISO Including Passes > Isolation > Top > Drives Right,ISO Including Passes,Isolation,Top,Drives Right,,,10,37.0,1.4,79.9,10.0,20.0,0,,,,71.4,,7,71.4,20.0,,,5,2,,8.8,0.57,70.0,7,5,2,71.4,0,0,0.0,14
Jalen Harris,Winnipeg Sea Bears,2025-2026,offense,Isolation,To Basket,5,Drives Right,ISO Including Passes > Isolation > Top > Drives Right > To Basket,ISO Including Passes,Isolation,Top,Drives Right,To Basket,,7,70.0,1.429,74.0,0.0,28.6,0,,,,60.0,,5,60.0,28.6,,,3,2,,6.8,0.8,71.4,5,3,2,60.0,0,0,0.0,10
Jalen Harris,Winnipeg Sea Bears,2025-2026,offense,Isolation,Make 2 Pts,6,To Basket,ISO Including Passes > Isolation > Top > Drives Right > To Basket > Make 2 Pts,ISO Including Passes,Isolation,Top,Drives Right,To Basket,Make 2 Pts,3,42.9,2.0,100.0,0.0,0.0,0,,,,100.0,,3,100.0,0.0,,,3,0,,3.0,0.0,100.0,3,3,0,100.0,0,0,0.0,6
Jalen Harris,Winnipeg Sea Bears,2025-2026,offense,Isolation,Miss 2 Pts,6,To Basket,ISO Including Passes > Isolation > Top > Drives Right > To Basket > Miss 2 Pts,ISO Including Passes,Isolation,Top,Drives Right,To Basket,Miss 2 Pts,2,28.6,0.0,0.0,0.0,0.0,0,,,,0.0,,2,0.0,0.0,,,0,2,,2.0,0.0,0.0,2,0,2,0.0,0,0,0.0,0
Jalen Harris,Winnipeg Sea Bears,2025-2026,offense,Isolation,Foul,6,To Basket,ISO Including Passes > Isolation > Top > Drives Right > To Basket > Foul,ISO Including Passes,Isolation,Top,Drives Right,To Basket,Foul,2,28.6,2.0,113.6,0.0,100.0,0,,,,,,0,,100.0,,,0,0,,1.8,,100.0,0,0,0,,0,0,,4
Jalen Harris,Winnipeg Sea Bears,2025-2026,offense,Isolation,Dribble Jumper,5,Drives Right,ISO Including Passes > Isolation > Top > Drives Right > Dribble Jumper,ISO Including Passes,Isolation,Top,Drives Right,Dribble Jumper,,2,20.0,2.0,100.0,0.0,0.0,0,,,,100.0,,2,100.0,0.0,,,2,0,,2.0,0.0,100.0,2,2,0,100.0,0,0,0.0,4
Jalen Harris,Winnipeg Sea Bears,2025-2026,offense,Isolation,Short to < 17,6,Dribble Jumper,ISO Including Passes > Isolation > Top > Drives Right > Dribble Jumper > Short to < 17,ISO Including Passes,Isolation,Top,Drives Right,Dribble Jumper,Short to < 17,2,100.0,2.0,100.0,0.0,0.0,0,,,,100.0,,2,100.0,0.0,,,2,0,,2.0,0.0,100.0,2,2,0,100.0,0,0,0.0,4
Jalen Harris,Winnipeg Sea Bears,2025-2026,offense,Isolation,Defense Commits,5,Drives Right,ISO Including Passes > Isolation > Top > Drives Right > Defense Commits,ISO Including Passes,Isolation,Top,Drives Right,Defense Commits,,1,10.0,0.0,,100.0,0.0,0,,,,,,0,,0.0,,,0,0,,0.0,,0.0,0,0,0,,0,0,,0
Jalen Harris,Winnipeg Sea Bears,2025-2026,offense,Isolation,Turnover,6,Defense Commits,ISO Including Passes > Isolation > Top > Drives Right > Defense Commits > Turnover,ISO Including Passes,Isolation,Top,Drives Right,Defense Commits,Turnover,1,100.0,0.0,,100.0,0.0,0,,,,,,0,,0.0,,,0,0,,0.0,,0.0,0,0,0,,0,0,,0
Jalen Harris,Winnipeg Sea Bears,2025-2026,offense,Isolation,Early Jumper,4,Top,ISO Including Passes > Isolation > Top > Early Jumper,ISO Including Passes,Isolation,Top,Early Jumper,,,1,3.7,0.0,0.0,0.0,0.0,1,0.0,,,0.0,,1,0.0,0.0,,,0,1,,1.0,0.0,0.0,0,0,0,,0,1,1.0,0
Jalen Harris,Winnipeg Sea Bears,2025-2026,offense,Isolation,Dribble Jumper,5,Early Jumper,ISO Including Passes > Isolation > Top > Early Jumper > Dribble Jumper,ISO Including Passes,Isolation,Top,Early Jumper,Dribble Jumper,,1,100.0,0.0,0.0,0.0,0.0,1,0.0,,,0.0,,1,0.0,0.0,,,0,1,,1.0,0.0,0.0,0,0,0,,0,1,1.0,0
Jalen Harris,Winnipeg Sea Bears,2025-2026,offense,Isolation,Long/3pt,6,Dribble Jumper,ISO Including Passes > Isolation > Top > Early Jumper > Dribble Jumper > Long/3pt,ISO Including Passes,Isolation,Top,Early Jumper,Dribble Jumper,Long/3pt,1,100.0,0.0,0.0,0.0,0.0,1,0.0,,,0.0,,1,0.0,0.0,,,0,1,,1.0,0.0,0.0,0,0,0,,0,1,1.0,0
Jalen Harris,Winnipeg Sea Bears,2025-2026,offense,Isolation,Left,3,Isolation,ISO Including Passes > Isolation > Left,ISO Including Passes,Isolation,Left,,,,18,32.7,0.944,50.7,5.6,11.1,1,100.0,,,40.0,,15,43.3,11.1,,,6,9,,16.8,0.27,44.4,14,5,9,35.7,1,0,0.07,17
Jalen Harris,Winnipeg Sea Bears,2025-2026,offense,Isolation,Drives Left,4,Left,ISO Including Passes > Isolation > Left > Drives Left,ISO Including Passes,Isolation,Left,Drives Left,,,9,50.0,0.889,51.5,11.1,22.2,0,,,,33.3,,6,33.3,22.2,,,2,4,,7.8,0.67,44.4,6,2,4,33.3,0,0,0.0,8
Jalen Harris,Winnipeg Sea Bears,2025-2026,offense,Isolation,To Basket,5,Drives Left,ISO Including Passes > Isolation > Left > Drives Left > To Basket,ISO Including Passes,Isolation,Left,Drives Left,To Basket,,4,44.4,1.0,53.2,0.0,50.0,0,,,,0.0,,2,0.0,50.0,,,0,2,,3.8,2.0,50.0,2,0,2,0.0,0,0,0.0,4
Jalen Harris,Winnipeg Sea Bears,2025-2026,offense,Isolation,Miss 2 Pts,6,To Basket,ISO Including Passes > Isolation > Left > Drives Left > To Basket > Miss 2 Pts,ISO Including Passes,Isolation,Left,Drives Left,To Basket,Miss 2 Pts,2,50.0,0.0,0.0,0.0,0.0,0,,,,0.0,,2,0.0,0.0,,,0,2,,2.0,0.0,0.0,2,0,2,0.0,0,0,0.0,0
Jalen Harris,Winnipeg Sea Bears,2025-2026,offense,Isolation,Foul,6,To Basket,ISO Including Passes > Isolation > Left > Drives Left > To Basket > Foul,ISO Including Passes,Isolation,Left,Drives Left,To Basket,Foul,2,50.0,2.0,113.6,0.0,100.0,0,,,,,,0,,100.0,,,0,0,,1.8,,100.0,0,0,0,,0,0,,4
Jalen Harris,Winnipeg Sea Bears,2025-2026,offense,Isolation,Dribble Jumper,5,Drives Left,ISO Including Passes > Isolation > Left > Drives Left > Dribble Jumper,ISO Including Passes,Isolation,Left,Drives Left,Dribble Jumper,,4,44.4,1.0,50.0,0.0,0.0,0,,,,50.0,,4,50.0,0.0,,,2,2,,4.0,0.0,50.0,4,2,2,50.0,0,0,0.0,4
Jalen Harris,Winnipeg Sea Bears,2025-2026,offense,Isolation,Short to < 17,6,Dribble Jumper,ISO Including Passes > Isolation > Left > Drives Left > Dribble Jumper > Short to < 17,ISO Including Passes,Isolation,Left,Drives Left,Dribble Jumper,Short to < 17,2,50.0,2.0,100.0,0.0,0.0,0,,,,100.0,,2,100.0,0.0,,,2,0,,2.0,0.0,100.0,2,2,0,100.0,0,0,0.0,4
Jalen Harris,Winnipeg Sea Bears,2025-2026,offense,Isolation,Medium/17' to 3pt,6,Dribble Jumper,ISO Including Passes > Isolation > Left > Drives Left > Dribble Jumper > Medium/17' to 3pt,ISO Including Passes,Isolation,Left,Drives Left,Dribble Jumper,Medium/17' to 3pt,2,50.0,0.0,0.0,0.0,0.0,0,,,,0.0,,2,0.0,0.0,,,0,2,,2.0,0.0,0.0,2,0,2,0.0,0,0,0.0,0
Jalen Harris,Winnipeg Sea Bears,2025-2026,offense,Isolation,Defense Commits,5,Drives Left,ISO Including Passes > Isolation > Left > Drives Left > Defense Commits,ISO Including Passes,Isolation,Left,Drives Left,Defense Commits,,1,11.1,0.0,,100.0,0.0,0,,,,,,0,,0.0,,,0,0,,0.0,,0.0,0,0,0,,0,0,,0
Jalen Harris,Winnipeg Sea Bears,2025-2026,offense,Isolation,Turnover,6,Defense Commits,ISO Including Passes > Isolation > Left > Drives Left > Defense Commits > Turnover,ISO Including Passes,Isolation,Left,Drives Left,Defense Commits,Turnover,1,100.0,0.0,,100.0,0.0,0,,,,,,0,,0.0,,,0,0,,0.0,,0.0,0,0,0,,0,0,,0
Jalen Harris,Winnipeg Sea Bears,2025-2026,offense,Isolation,Drives Right,4,Left,ISO Including Passes > Isolation > Left > Drives Right,ISO Including Passes,Isolation,Left,Drives Right,,,6,33.3,1.0,50.0,0.0,0.0,0,,,,50.0,,6,50.0,0.0,,,3,3,,6.0,0.0,50.0,6,3,3,50.0,0,0,0.0,6
Jalen Harris,Winnipeg Sea Bears,2025-2026,offense,Isolation,Dribble Jumper,5,Drives Right,ISO Including Passes > Isolation > Left > Drives Right > Dribble Jumper,ISO Including Passes,Isolation,Left,Drives Right,Dribble Jumper,,3,50.0,1.333,66.7,0.0,0.0,0,,,,66.7,,3,66.7,0.0,,,2,1,,3.0,0.0,66.7,3,2,1,66.7,0,0,0.0,4
Jalen Harris,Winnipeg Sea Bears,2025-2026,offense,Isolation,Short to < 17,6,Dribble Jumper,ISO Including Passes > Isolation > Left > Drives Right > Dribble Jumper > Short to < 17,ISO Including Passes,Isolation,Left,Drives Right,Dribble Jumper,Short to < 17,3,100.0,1.333,66.7,0.0,0.0,0,,,,66.7,,3,66.7,0.0,,,2,1,,3.0,0.0,66.7,3,2,1,66.7,0,0,0.0,4
Jalen Harris,Winnipeg Sea Bears,2025-2026,offense,Isolation,To Basket,5,Drives Right,ISO Including Passes > Isolation > Left > Drives Right > To Basket,ISO Including Passes,Isolation,Left,Drives Right,To Basket,,3,50.0,0.667,33.3,0.0,0.0,0,,,,33.3,,3,33.3,0.0,,,1,2,,3.0,0.0,33.3,3,1,2,33.3,0,0,0.0,2
Jalen Harris,Winnipeg Sea Bears,2025-2026,offense,Isolation,Miss 2 Pts,6,To Basket,ISO Including Passes > Isolation > Left > Drives Right > To Basket > Miss 2 Pts,ISO Including Passes,Isolation,Left,Drives Right,To Basket,Miss 2 Pts,2,66.7,0.0,0.0,0.0,0.0,0,,,,0.0,,2,0.0,0.0,,,0,2,,2.0,0.0,0.0,2,0,2,0.0,0,0,0.0,0
Jalen Harris,Winnipeg Sea Bears,2025-2026,offense,Isolation,Make 2 Pts,6,To Basket,ISO Including Passes > Isolation > Left > Drives Right > To Basket > Make 2 Pts,ISO Including Passes,Isolation,Left,Drives Right,To Basket,Make 2 Pts,1,33.3,2.0,100.0,0.0,0.0,0,,,,100.0,,1,100.0,0.0,,,1,0,,1.0,0.0,100.0,1,1,0,100.0,0,0,0.0,2
Jalen Harris,Winnipeg Sea Bears,2025-2026,offense,Isolation,Early Jumper,4,Left,ISO Including Passes > Isolation > Left > Early Jumper,ISO Including Passes,Isolation,Left,Early Jumper,,,3,16.7,1.0,50.0,0.0,0.0,1,100.0,,,33.3,,3,50.0,0.0,,,1,2,,3.0,0.0,33.3,2,0,2,0.0,1,0,0.33,3
Jalen Harris,Winnipeg Sea Bears,2025-2026,offense,Isolation,Dribble Jumper,5,Early Jumper,ISO Including Passes > Isolation > Left > Early Jumper > Dribble Jumper,ISO Including Passes,Isolation,Left,Early Jumper,Dribble Jumper,,3,100.0,1.0,50.0,0.0,0.0,1,100.0,,,33.3,,3,50.0,0.0,,,1,2,,3.0,0.0,33.3,2,0,2,0.0,1,0,0.33,3
Jalen Harris,Winnipeg Sea Bears,2025-2026,offense,Isolation,Medium/17' to 3pt,6,Dribble Jumper,ISO Including Passes > Isolation > Left > Early Jumper > Dribble Jumper > Medium/17' to 3pt,ISO Including Passes,Isolation,Left,Early Jumper,Dribble Jumper,Medium/17' to 3pt,2,66.7,0.0,0.0,0.0,0.0,0,,,,0.0,,2,0.0,0.0,,,0,2,,2.0,0.0,0.0,2,0,2,0.0,0,0,0.0,0
Jalen Harris,Winnipeg Sea Bears,2025-2026,offense,Isolation,Long/3pt,6,Dribble Jumper,ISO Including Passes > Isolation > Left > Early Jumper > Dribble Jumper > Long/3pt,ISO Including Passes,Isolation,Left,Early Jumper,Dribble Jumper,Long/3pt,1,33.3,3.0,150.0,0.0,0.0,1,100.0,,,100.0,,1,150.0,0.0,,,1,0,,1.0,0.0,100.0,0,0,0,,1,0,1.0,3
Jalen Harris,Winnipeg Sea Bears,2025-2026,offense,Isolation,Right,3,Isolation,ISO Including Passes > Isolation > Right,ISO Including Passes,Isolation,Right,,,,10,18.2,0.7,42.1,20.0,20.0,1,0.0,,,28.6,,7,28.6,20.0,,,2,5,,8.3,0.43,30.0,6,2,4,33.3,0,1,0.14,7
Jalen Harris,Winnipeg Sea Bears,2025-2026,offense,Isolation,Drives Left,4,Right,ISO Including Passes > Isolation > Right > Drives Left,ISO Including Passes,Isolation,Right,Drives Left,,,6,60.0,1.167,65.8,16.7,33.3,0,,,,50.0,,4,50.0,33.3,,,2,2,,5.3,0.75,50.0,4,2,2,50.0,0,0,0.0,7
Jalen Harris,Winnipeg Sea Bears,2025-2026,offense,Isolation,Dribble Jumper,5,Drives Left,ISO Including Passes > Isolation > Right > Drives Left > Dribble Jumper,ISO Including Passes,Isolation,Right,Drives Left,Dribble Jumper,,3,50.0,0.667,33.3,0.0,0.0,0,,,,33.3,,3,33.3,0.0,,,1,2,,3.0,0.0,33.3,3,1,2,33.3,0,0,0.0,2
Jalen Harris,Winnipeg Sea Bears,2025-2026,offense,Isolation,Short to < 17,6,Dribble Jumper,ISO Including Passes > Isolation > Right > Drives Left > Dribble Jumper > Short to < 17,ISO Including Passes,Isolation,Right,Drives Left,Dribble Jumper,Short to < 17,2,66.7,1.0,50.0,0.0,0.0,0,,,,50.0,,2,50.0,0.0,,,1,1,,2.0,0.0,50.0,2,1,1,50.0,0,0,0.0,2
Jalen Harris,Winnipeg Sea Bears,2025-2026,offense,Isolation,Medium/17' to 3pt,6,Dribble Jumper,ISO Including Passes > Isolation > Right > Drives Left > Dribble Jumper > Medium/17' to 3pt,ISO Including Passes,Isolation,Right,Drives Left,Dribble Jumper,Medium/17' to 3pt,1,33.3,0.0,0.0,0.0,0.0,0,,,,0.0,,1,0.0,0.0,,,0,1,,1.0,0.0,0.0,1,0,1,0.0,0,0,0.0,0
Jalen Harris,Winnipeg Sea Bears,2025-2026,offense,Isolation,To Basket,5,Drives Left,ISO Including Passes > Isolation > Right > Drives Left > To Basket,ISO Including Passes,Isolation,Right,Drives Left,To Basket,,2,33.3,2.5,107.8,0.0,100.0,0,,,,100.0,,1,100.0,100.0,,,1,0,,2.3,3.0,100.0,1,1,0,100.0,0,0,0.0,5
Jalen Harris,Winnipeg Sea Bears,2025-2026,offense,Isolation,Foul,6,To Basket,ISO Including Passes > Isolation > Right > Drives Left > To Basket > Foul,ISO Including Passes,Isolation,Right,Drives Left,To Basket,Foul,1,50.0,2.0,113.6,0.0,100.0,0,,,,,,0,,100.0,,,0,0,,0.9,,100.0,0,0,0,,0,0,,2
Jalen Harris,Winnipeg Sea Bears,2025-2026,offense,Isolation,Make 2 Pts Foul,6,To Basket,ISO Including Passes > Isolation > Right > Drives Left > To Basket > Make 2 Pts Foul,ISO Including Passes,Isolation,Right,Drives Left,To Basket,Make 2 Pts Foul,1,50.0,3.0,104.2,0.0,100.0,0,,,,100.0,,1,100.0,100.0,,,1,0,,1.4,1.0,100.0,1,1,0,100.0,0,0,0.0,3
Jalen Harris,Winnipeg Sea Bears,2025-2026,offense,Isolation,Defense Commits,5,Drives Left,ISO Including Passes > Isolation > Right > Drives Left > Defense Commits,ISO Including Passes,Isolation,Right,Drives Left,Defense Commits,,1,16.7,0.0,,100.0,0.0,0,,,,,,0,,0.0,,,0,0,,0.0,,0.0,0,0,0,,0,0,,0
Jalen Harris,Winnipeg Sea Bears,2025-2026,offense,Isolation,Turnover,6,Defense Commits,ISO Including Passes > Isolation > Right > Drives Left > Defense Commits > Turnover,ISO Including Passes,Isolation,Right,Drives Left,Defense Commits,Turnover,1,100.0,0.0,,100.0,0.0,0,,,,,,0,,0.0,,,0,0,,0.0,,0.0,0,0,0,,0,0,,0
Jalen Harris,Winnipeg Sea Bears,2025-2026,offense,Isolation,Drives Right,4,Right,ISO Including Passes > Isolation > Right > Drives Right,ISO Including Passes,Isolation,Right,Drives Right,,,3,30.0,0.0,0.0,33.3,0.0,0,,,,0.0,,2,0.0,0.0,,,0,2,,2.0,0.0,0.0,2,0,2,0.0,0,0,0.0,0
Jalen Harris,Winnipeg Sea Bears,2025-2026,offense,Isolation,Dribble Jumper,5,Drives Right,ISO Including Passes > Isolation > Right > Drives Right > Dribble Jumper,ISO Including Passes,Isolation,Right,Drives Right,Dribble Jumper,,2,66.7,0.0,0.0,0.0,0.0,0,,,,0.0,,2,0.0,0.0,,,0,2,,2.0,0.0,0.0,2,0,2,0.0,0,0,0.0,0
Jalen Harris,Winnipeg Sea Bears,2025-2026,offense,Isolation,Short to < 17,6,Dribble Jumper,ISO Including Passes > Isolation > Right > Drives Right > Dribble Jumper > Short to < 17,ISO Including Passes,Isolation,Right,Drives Right,Dribble Jumper,Short to < 17,1,50.0,0.0,0.0,0.0,0.0,0,,,,0.0,,1,0.0,0.0,,,0,1,,1.0,0.0,0.0,1,0,1,0.0,0,0,0.0,0
Jalen Harris,Winnipeg Sea Bears,2025-2026,offense,Isolation,Medium/17' to 3pt,6,Dribble Jumper,ISO Including Passes > Isolation > Right > Drives Right > Dribble Jumper > Medium/17' to 3pt,ISO Including Passes,Isolation,Right,Drives Right,Dribble Jumper,Medium/17' to 3pt,1,50.0,0.0,0.0,0.0,0.0,0,,,,0.0,,1,0.0,0.0,,,0,1,,1.0,0.0,0.0,1,0,1,0.0,0,0,0.0,0
Jalen Harris,Winnipeg Sea Bears,2025-2026,offense,Isolation,To Basket,5,Drives Right,ISO Including Passes > Isolation > Right > Drives Right > To Basket,ISO Including Passes,Isolation,Right,Drives Right,To Basket,,1,33.3,0.0,,100.0,0.0,0,,,,,,0,,0.0,,,0,0,,0.0,,0.0,0,0,0,,0,0,,0
Jalen Harris,Winnipeg Sea Bears,2025-2026,offense,Isolation,Turnover,6,To Basket,ISO Including Passes > Isolation > Right > Drives Right > To Basket > Turnover,ISO Including Passes,Isolation,Right,Drives Right,To Basket,Turnover,1,100.0,0.0,,100.0,0.0,0,,,,,,0,,0.0,,,0,0,,0.0,,0.0,0,0,0,,0,0,,0
Jalen Harris,Winnipeg Sea Bears,2025-2026,offense,Isolation,Early Jumper,4,Right,ISO Including Passes > Isolation > Right > Early Jumper,ISO Including Passes,Isolation,Right,Early Jumper,,,1,10.0,0.0,0.0,0.0,0.0,1,0.0,,,0.0,,1,0.0,0.0,,,0,1,,1.0,0.0,0.0,0,0,0,,0,1,1.0,0
Jalen Harris,Winnipeg Sea Bears,2025-2026,offense,Isolation,Dribble Jumper,5,Early Jumper,ISO Including Passes > Isolation > Right > Early Jumper > Dribble Jumper,ISO Including Passes,Isolation,Right,Early Jumper,Dribble Jumper,,1,100.0,0.0,0.0,0.0,0.0,1,0.0,,,0.0,,1,0.0,0.0,,,0,1,,1.0,0.0,0.0,0,0,0,,0,1,1.0,0
Jalen Harris,Winnipeg Sea Bears,2025-2026,offense,Isolation,Long/3pt,6,Dribble Jumper,ISO Including Passes > Isolation > Right > Early Jumper > Dribble Jumper > Long/3pt,ISO Including Passes,Isolation,Right,Early Jumper,Dribble Jumper,Long/3pt,1,100.0,0.0,0.0,0.0,0.0,1,0.0,,,0.0,,1,0.0,0.0,,,0,1,,1.0,0.0,0.0,0,0,0,,0,1,1.0,0
Jalen Harris,Winnipeg Sea Bears,2025-2026,offense,Isolation,Spot-Up,2,ISO Including Passes,ISO Including Passes > Spot-Up,ISO Including Passes,Spot-Up,,,,,9,13.8,1.444,72.2,0.0,0.0,6,50.0,,,55.6,,9,72.2,0.0,,,5,4,,9.0,0.0,55.6,3,2,1,66.7,3,3,0.67,13
Jalen Harris,Winnipeg Sea Bears,2025-2026,offense,Isolation,No Dribble Jumper,3,Spot-Up,ISO Including Passes > Spot-Up > No Dribble Jumper,ISO Including Passes,Spot-Up,No Dribble Jumper,,,,6,66.7,1.5,75.0,0.0,0.0,6,50.0,,,50.0,,6,75.0,0.0,,,3,3,,6.0,0.0,50.0,0,0,0,,3,3,1.0,9
Jalen Harris,Winnipeg Sea Bears,2025-2026,offense,Isolation,Guarded,4,No Dribble Jumper,ISO Including Passes > Spot-Up > No Dribble Jumper > Guarded,ISO Including Passes,Spot-Up,No Dribble Jumper,Guarded,,,4,66.7,1.5,75.0,0.0,0.0,4,50.0,,,50.0,,4,75.0,0.0,,,2,2,,4.0,0.0,50.0,0,0,0,,2,2,1.0,6
Jalen Harris,Winnipeg Sea Bears,2025-2026,offense,Isolation,Long/3pt,5,Guarded,ISO Including Passes > Spot-Up > No Dribble Jumper > Guarded > Long/3pt,ISO Including Passes,Spot-Up,No Dribble Jumper,Guarded,Long/3pt,,4,100.0,1.5,75.0,0.0,0.0,4,50.0,,,50.0,,4,75.0,0.0,,,2,2,,4.0,0.0,50.0,0,0,0,,2,2,1.0,6
Jalen Harris,Winnipeg Sea Bears,2025-2026,offense,Isolation,Make 3 Pts,6,Long/3pt,ISO Including Passes > Spot-Up > No Dribble Jumper > Guarded > Long/3pt > Make 3 Pts,ISO Including Passes,Spot-Up,No Dribble Jumper,Guarded,Long/3pt,Make 3 Pts,2,50.0,3.0,150.0,0.0,0.0,2,100.0,,,100.0,,2,150.0,0.0,,,2,0,,2.0,0.0,100.0,0,0,0,,2,0,1.0,6
Jalen Harris,Winnipeg Sea Bears,2025-2026,offense,Isolation,Miss 3 Pts,6,Long/3pt,ISO Including Passes > Spot-Up > No Dribble Jumper > Guarded > Long/3pt > Miss 3 Pts,ISO Including Passes,Spot-Up,No Dribble Jumper,Guarded,Long/3pt,Miss 3 Pts,2,50.0,0.0,0.0,0.0,0.0,2,0.0,,,0.0,,2,0.0,0.0,,,0,2,,2.0,0.0,0.0,0,0,0,,0,2,1.0,0
Jalen Harris,Winnipeg Sea Bears,2025-2026,offense,Isolation,Open,4,No Dribble Jumper,ISO Including Passes > Spot-Up > No Dribble Jumper > Open,ISO Including Passes,Spot-Up,No Dribble Jumper,Open,,,2,33.3,1.5,75.0,0.0,0.0,2,50.0,,,50.0,,2,75.0,0.0,,,1,1,,2.0,0.0,50.0,0,0,0,,1,1,1.0,3
Jalen Harris,Winnipeg Sea Bears,2025-2026,offense,Isolation,Long/3pt,5,Open,ISO Including Passes > Spot-Up > No Dribble Jumper > Open > Long/3pt,ISO Including Passes,Spot-Up,No Dribble Jumper,Open,Long/3pt,,2,100.0,1.5,75.0,0.0,0.0,2,50.0,,,50.0,,2,75.0,0.0,,,1,1,,2.0,0.0,50.0,0,0,0,,1,1,1.0,3
Jalen Harris,Winnipeg Sea Bears,2025-2026,offense,Isolation,Miss 3 Pts,6,Long/3pt,ISO Including Passes > Spot-Up > No Dribble Jumper > Open > Long/3pt > Miss 3 Pts,ISO Including Passes,Spot-Up,No Dribble Jumper,Open,Long/3pt,Miss 3 Pts,1,50.0,0.0,0.0,0.0,0.0,1,0.0,,,0.0,,1,0.0,0.0,,,0,1,,1.0,0.0,0.0,0,0,0,,0,1,1.0,0
Jalen Harris,Winnipeg Sea Bears,2025-2026,offense,Isolation,Make 3 Pts,6,Long/3pt,ISO Including Passes > Spot-Up > No Dribble Jumper > Open > Long/3pt > Make 3 Pts,ISO Including Passes,Spot-Up,No Dribble Jumper,Open,Long/3pt,Make 3 Pts,1,50.0,3.0,150.0,0.0,0.0,1,100.0,,,100.0,,1,150.0,0.0,,,1,0,,1.0,0.0,100.0,0,0,0,,1,0,1.0,3
Jalen Harris,Winnipeg Sea Bears,2025-2026,offense,Isolation,Drives Right,3,Spot-Up,ISO Including Passes > Spot-Up > Drives Right,ISO Including Passes,Spot-Up,Drives Right,,,,3,33.3,1.333,66.7,0.0,0.0,0,,,,66.7,,3,66.7,0.0,,,2,1,,3.0,0.0,66.7,3,2,1,66.7,0,0,0.0,4
Jalen Harris,Winnipeg Sea Bears,2025-2026,offense,Isolation,To Basket,4,Drives Right,ISO Including Passes > Spot-Up > Drives Right > To Basket,ISO Including Passes,Spot-Up,Drives Right,To Basket,,,3,100.0,1.333,66.7,0.0,0.0,0,,,,66.7,,3,66.7,0.0,,,2,1,,3.0,0.0,66.7,3,2,1,66.7,0,0,0.0,4
Jalen Harris,Winnipeg Sea Bears,2025-2026,offense,Isolation,Make 2 Pts,5,To Basket,ISO Including Passes > Spot-Up > Drives Right > To Basket > Make 2 Pts,ISO Including Passes,Spot-Up,Drives Right,To Basket,Make 2 Pts,,2,66.7,2.0,100.0,0.0,0.0,0,,,,100.0,,2,100.0,0.0,,,2,0,,2.0,0.0,100.0,2,2,0,100.0,0,0,0.0,4
Jalen Harris,Winnipeg Sea Bears,2025-2026,offense,Isolation,Miss 2 Pts,5,To Basket,ISO Including Passes > Spot-Up > Drives Right > To Basket > Miss 2 Pts,ISO Including Passes,Spot-Up,Drives Right,To Basket,Miss 2 Pts,,1,33.3,0.0,0.0,0.0,0.0,0,,,,0.0,,1,0.0,0.0,,,0,1,,1.0,0.0,0.0,1,0,1,0.0,0,0,0.0,0
Jalen Harris,Winnipeg Sea Bears,2025-2026,offense,Isolation,Cut,2,ISO Including Passes,ISO Including Passes > Cut,ISO Including Passes,Cut,,,,,1,1.5,3.0,104.2,0.0,100.0,0,,,,100.0,,1,100.0,100.0,,,1,0,,1.4,1.0,100.0,1,1,0,100.0,0,0,0.0,3
Jalen Harris,Winnipeg Sea Bears,2025-2026,offense,Isolation,Basket,3,Cut,ISO Including Passes > Cut > Basket,ISO Including Passes,Cut,Basket,,,,1,100.0,3.0,104.2,0.0,100.0,0,,,,100.0,,1,100.0,100.0,,,1,0,,1.4,1.0,100.0,1,1,0,100.0,0,0,0.0,3
Jalen Harris,Winnipeg Sea Bears,2025-2026,offense,Isolation,Make 2 Pts Foul,4,Basket,ISO Including Passes > Cut > Basket > Make 2 Pts Foul,ISO Including Passes,Cut,Basket,Make 2 Pts Foul,,,1,100.0,3.0,104.2,0.0,100.0,0,,,,100.0,,1,100.0,100.0,,,1,0,,1.4,1.0,100.0,1,1,0,100.0,0,0,0.0,3
Jalen Harris,Winnipeg Sea Bears,2025-2026,offense,Isolation,1 Pts,5,Make 2 Pts Foul,ISO Including Passes > Cut > Basket > Make 2 Pts Foul > 1 Pts,ISO Including Passes,Cut,Basket,Make 2 Pts Foul,1 Pts,,1,100.0,3.0,104.2,0.0,100.0,0,,,,100.0,,1,100.0,100.0,,,1,0,,1.4,1.0,100.0,1,1,0,100.0,0,0,0.0,3
Jalen Harris,Winnipeg Sea Bears,2025-2026,offense,Isolation,ISO - Defense Commits,1,,ISO - Defense Commits,ISO - Defense Commits,,,,,,14,3.0,1.143,76.6,28.6,7.1,6,50.0,Very Good,73.0,60.0,33.0,10,75.0,7.1,,,6,4,,10.4,0.1,42.9,4,3,1,75.0,3,3,0.6,16
Jalen Harris,Winnipeg Sea Bears,2025-2026,offense,Isolation,Spot-Up,2,ISO - Defense Commits,ISO - Defense Commits > Spot-Up,ISO - Defense Commits,Spot-Up,,,,,9,64.3,1.444,72.2,0.0,0.0,6,50.0,,,55.6,,9,72.2,0.0,,,5,4,,9.0,0.0,55.6,3,2,1,66.7,3,3,0.67,13
Jalen Harris,Winnipeg Sea Bears,2025-2026,offense,Isolation,No Dribble Jumper,3,Spot-Up,ISO - Defense Commits > Spot-Up > No Dribble Jumper,ISO - Defense Commits,Spot-Up,No Dribble Jumper,,,,6,66.7,1.5,75.0,0.0,0.0,6,50.0,,,50.0,,6,75.0,0.0,,,3,3,,6.0,0.0,50.0,0,0,0,,3,3,1.0,9
Jalen Harris,Winnipeg Sea Bears,2025-2026,offense,Isolation,Guarded,4,No Dribble Jumper,ISO - Defense Commits > Spot-Up > No Dribble Jumper > Guarded,ISO - Defense Commits,Spot-Up,No Dribble Jumper,Guarded,,,4,66.7,1.5,75.0,0.0,0.0,4,50.0,,,50.0,,4,75.0,0.0,,,2,2,,4.0,0.0,50.0,0,0,0,,2,2,1.0,6
Jalen Harris,Winnipeg Sea Bears,2025-2026,offense,Isolation,Long/3pt,5,Guarded,ISO - Defense Commits > Spot-Up > No Dribble Jumper > Guarded > Long/3pt,ISO - Defense Commits,Spot-Up,No Dribble Jumper,Guarded,Long/3pt,,4,100.0,1.5,75.0,0.0,0.0,4,50.0,,,50.0,,4,75.0,0.0,,,2,2,,4.0,0.0,50.0,0,0,0,,2,2,1.0,6
Jalen Harris,Winnipeg Sea Bears,2025-2026,offense,Isolation,Miss 3 Pts,6,Long/3pt,ISO - Defense Commits > Spot-Up > No Dribble Jumper > Guarded > Long/3pt > Miss 3 Pts,ISO - Defense Commits,Spot-Up,No Dribble Jumper,Guarded,Long/3pt,Miss 3 Pts,2,50.0,0.0,0.0,0.0,0.0,2,0.0,,,0.0,,2,0.0,0.0,,,0,2,,2.0,0.0,0.0,0,0,0,,0,2,1.0,0
Jalen Harris,Winnipeg Sea Bears,2025-2026,offense,Isolation,Make 3 Pts,6,Long/3pt,ISO - Defense Commits > Spot-Up > No Dribble Jumper > Guarded > Long/3pt > Make 3 Pts,ISO - Defense Commits,Spot-Up,No Dribble Jumper,Guarded,Long/3pt,Make 3 Pts,2,50.0,3.0,150.0,0.0,0.0,2,100.0,,,100.0,,2,150.0,0.0,,,2,0,,2.0,0.0,100.0,0,0,0,,2,0,1.0,6
Jalen Harris,Winnipeg Sea Bears,2025-2026,offense,Isolation,Open,4,No Dribble Jumper,ISO - Defense Commits > Spot-Up > No Dribble Jumper > Open,ISO - Defense Commits,Spot-Up,No Dribble Jumper,Open,,,2,33.3,1.5,75.0,0.0,0.0,2,50.0,,,50.0,,2,75.0,0.0,,,1,1,,2.0,0.0,50.0,0,0,0,,1,1,1.0,3
Jalen Harris,Winnipeg Sea Bears,2025-2026,offense,Isolation,Long/3pt,5,Open,ISO - Defense Commits > Spot-Up > No Dribble Jumper > Open > Long/3pt,ISO - Defense Commits,Spot-Up,No Dribble Jumper,Open,Long/3pt,,2,100.0,1.5,75.0,0.0,0.0,2,50.0,,,50.0,,2,75.0,0.0,,,1,1,,2.0,0.0,50.0,0,0,0,,1,1,1.0,3
Jalen Harris,Winnipeg Sea Bears,2025-2026,offense,Isolation,Miss 3 Pts,6,Long/3pt,ISO - Defense Commits > Spot-Up > No Dribble Jumper > Open > Long/3pt > Miss 3 Pts,ISO - Defense Commits,Spot-Up,No Dribble Jumper,Open,Long/3pt,Miss 3 Pts,1,50.0,0.0,0.0,0.0,0.0,1,0.0,,,0.0,,1,0.0,0.0,,,0,1,,1.0,0.0,0.0,0,0,0,,0,1,1.0,0
Jalen Harris,Winnipeg Sea Bears,2025-2026,offense,Isolation,Make 3 Pts,6,Long/3pt,ISO - Defense Commits > Spot-Up > No Dribble Jumper > Open > Long/3pt > Make 3 Pts,ISO - Defense Commits,Spot-Up,No Dribble Jumper,Open,Long/3pt,Make 3 Pts,1,50.0,3.0,150.0,0.0,0.0,1,100.0,,,100.0,,1,150.0,0.0,,,1,0,,1.0,0.0,100.0,0,0,0,,1,0,1.0,3
Jalen Harris,Winnipeg Sea Bears,2025-2026,offense,Isolation,Drives Right,3,Spot-Up,ISO - Defense Commits > Spot-Up > Drives Right,ISO - Defense Commits,Spot-Up,Drives Right,,,,3,33.3,1.333,66.7,0.0,0.0,0,,,,66.7,,3,66.7,0.0,,,2,1,,3.0,0.0,66.7,3,2,1,66.7,0,0,0.0,4
Jalen Harris,Winnipeg Sea Bears,2025-2026,offense,Isolation,To Basket,4,Drives Right,ISO - Defense Commits > Spot-Up > Drives Right > To Basket,ISO - Defense Commits,Spot-Up,Drives Right,To Basket,,,3,100.0,1.333,66.7,0.0,0.0,0,,,,66.7,,3,66.7,0.0,,,2,1,,3.0,0.0,66.7,3,2,1,66.7,0,0,0.0,4
Jalen Harris,Winnipeg Sea Bears,2025-2026,offense,Isolation,Make 2 Pts,5,To Basket,ISO - Defense Commits > Spot-Up > Drives Right > To Basket > Make 2 Pts,ISO - Defense Commits,Spot-Up,Drives Right,To Basket,Make 2 Pts,,2,66.7,2.0,100.0,0.0,0.0,0,,,,100.0,,2,100.0,0.0,,,2,0,,2.0,0.0,100.0,2,2,0,100.0,0,0,0.0,4
Jalen Harris,Winnipeg Sea Bears,2025-2026,offense,Isolation,Miss 2 Pts,5,To Basket,ISO - Defense Commits > Spot-Up > Drives Right > To Basket > Miss 2 Pts,ISO - Defense Commits,Spot-Up,Drives Right,To Basket,Miss 2 Pts,,1,33.3,0.0,0.0,0.0,0.0,0,,,,0.0,,1,0.0,0.0,,,0,1,,1.0,0.0,0.0,1,0,1,0.0,0,0,0.0,0
Jalen Harris,Winnipeg Sea Bears,2025-2026,offense,Isolation,Isolation,2,ISO - Defense Commits,ISO - Defense Commits > Isolation,ISO - Defense Commits,Isolation,,,,,4,28.6,0.0,,100.0,0.0,0,,,,,,0,,0.0,,,0,0,,0.0,,0.0,0,0,0,,0,0,,0
Jalen Harris,Winnipeg Sea Bears,2025-2026,offense,Isolation,Top,3,Isolation,ISO - Defense Commits > Isolation > Top,ISO - Defense Commits,Isolation,Top,,,,2,50.0,0.0,,100.0,0.0,0,,,,,,0,,0.0,,,0,0,,0.0,,0.0,0,0,0,,0,0,,0
Jalen Harris,Winnipeg Sea Bears,2025-2026,offense,Isolation,Drives Left,4,Top,ISO - Defense Commits > Isolation > Top > Drives Left,ISO - Defense Commits,Isolation,Top,Drives Left,,,1,50.0,0.0,,100.0,0.0,0,,,,,,0,,0.0,,,0,0,,0.0,,0.0,0,0,0,,0,0,,0
Jalen Harris,Winnipeg Sea Bears,2025-2026,offense,Isolation,Defense Commits,5,Drives Left,ISO - Defense Commits > Isolation > Top > Drives Left > Defense Commits,ISO - Defense Commits,Isolation,Top,Drives Left,Defense Commits,,1,100.0,0.0,,100.0,0.0,0,,,,,,0,,0.0,,,0,0,,0.0,,0.0,0,0,0,,0,0,,0
Jalen Harris,Winnipeg Sea Bears,2025-2026,offense,Isolation,Turnover,6,Defense Commits,ISO - Defense Commits > Isolation > Top > Drives Left > Defense Commits > Turnover,ISO - Defense Commits,Isolation,Top,Drives Left,Defense Commits,Turnover,1,100.0,0.0,,100.0,0.0,0,,,,,,0,,0.0,,,0,0,,0.0,,0.0,0,0,0,,0,0,,0
Jalen Harris,Winnipeg Sea Bears,2025-2026,offense,Isolation,Drives Right,4,Top,ISO - Defense Commits > Isolation > Top > Drives Right,ISO - Defense Commits,Isolation,Top,Drives Right,,,1,50.0,0.0,,100.0,0.0,0,,,,,,0,,0.0,,,0,0,,0.0,,0.0,0,0,0,,0,0,,0
Jalen Harris,Winnipeg Sea Bears,2025-2026,offense,Isolation,Defense Commits,5,Drives Right,ISO - Defense Commits > Isolation > Top > Drives Right > Defense Commits,ISO - Defense Commits,Isolation,Top,Drives Right,Defense Commits,,1,100.0,0.0,,100.0,0.0,0,,,,,,0,,0.0,,,0,0,,0.0,,0.0,0,0,0,,0,0,,0
Jalen Harris,Winnipeg Sea Bears,2025-2026,offense,Isolation,Turnover,6,Defense Commits,ISO - Defense Commits > Isolation > Top > Drives Right > Defense Commits > Turnover,ISO - Defense Commits,Isolation,Top,Drives Right,Defense Commits,Turnover,1,100.0,0.0,,100.0,0.0,0,,,,,,0,,0.0,,,0,0,,0.0,,0.0,0,0,0,,0,0,,0
Jalen Harris,Winnipeg Sea Bears,2025-2026,offense,Isolation,Right,3,Isolation,ISO - Defense Commits > Isolation > Right,ISO - Defense Commits,Isolation,Right,,,,1,25.0,0.0,,100.0,0.0,0,,,,,,0,,0.0,,,0,0,,0.0,,0.0,0,0,0,,0,0,,0
Jalen Harris,Winnipeg Sea Bears,2025-2026,offense,Isolation,Drives Left,4,Right,ISO - Defense Commits > Isolation > Right > Drives Left,ISO - Defense Commits,Isolation,Right,Drives Left,,,1,100.0,0.0,,100.0,0.0,0,,,,,,0,,0.0,,,0,0,,0.0,,0.0,0,0,0,,0,0,,0
Jalen Harris,Winnipeg Sea Bears,2025-2026,offense,Isolation,Defense Commits,5,Drives Left,ISO - Defense Commits > Isolation > Right > Drives Left > Defense Commits,ISO - Defense Commits,Isolation,Right,Drives Left,Defense Commits,,1,100.0,0.0,,100.0,0.0,0,,,,,,0,,0.0,,,0,0,,0.0,,0.0,0,0,0,,0,0,,0
Jalen Harris,Winnipeg Sea Bears,2025-2026,offense,Isolation,Turnover,6,Defense Commits,ISO - Defense Commits > Isolation > Right > Drives Left > Defense Commits > Turnover,ISO - Defense Commits,Isolation,Right,Drives Left,Defense Commits,Turnover,1,100.0,0.0,,100.0,0.0,0,,,,,,0,,0.0,,,0,0,,0.0,,0.0,0,0,0,,0,0,,0
Jalen Harris,Winnipeg Sea Bears,2025-2026,offense,Isolation,Left,3,Isolation,ISO - Defense Commits > Isolation > Left,ISO - Defense Commits,Isolation,Left,,,,1,25.0,0.0,,100.0,0.0,0,,,,,,0,,0.0,,,0,0,,0.0,,0.0,0,0,0,,0,0,,0
Jalen Harris,Winnipeg Sea Bears,2025-2026,offense,Isolation,Drives Left,4,Left,ISO - Defense Commits > Isolation > Left > Drives Left,ISO - Defense Commits,Isolation,Left,Drives Left,,,1,100.0,0.0,,100.0,0.0,0,,,,,,0,,0.0,,,0,0,,0.0,,0.0,0,0,0,,0,0,,0
Jalen Harris,Winnipeg Sea Bears,2025-2026,offense,Isolation,Defense Commits,5,Drives Left,ISO - Defense Commits > Isolation > Left > Drives Left > Defense Commits,ISO - Defense Commits,Isolation,Left,Drives Left,Defense Commits,,1,100.0,0.0,,100.0,0.0,0,,,,,,0,,0.0,,,0,0,,0.0,,0.0,0,0,0,,0,0,,0
Jalen Harris,Winnipeg Sea Bears,2025-2026,offense,Isolation,Turnover,6,Defense Commits,ISO - Defense Commits > Isolation > Left > Drives Left > Defense Commits > Turnover,ISO - Defense Commits,Isolation,Left,Drives Left,Defense Commits,Turnover,1,100.0,0.0,,100.0,0.0,0,,,,,,0,,0.0,,,0,0,,0.0,,0.0,0,0,0,,0,0,,0
Jalen Harris,Winnipeg Sea Bears,2025-2026,offense,Isolation,Cut,2,ISO - Defense Commits,ISO - Defense Commits > Cut,ISO - Defense Commits,Cut,,,,,1,7.1,3.0,104.2,0.0,100.0,0,,,,100.0,,1,100.0,100.0,,,1,0,,1.4,1.0,100.0,1,1,0,100.0,0,0,0.0,3
Jalen Harris,Winnipeg Sea Bears,2025-2026,offense,Isolation,Basket,3,Cut,ISO - Defense Commits > Cut > Basket,ISO - Defense Commits,Cut,Basket,,,,1,100.0,3.0,104.2,0.0,100.0,0,,,,100.0,,1,100.0,100.0,,,1,0,,1.4,1.0,100.0,1,1,0,100.0,0,0,0.0,3
Jalen Harris,Winnipeg Sea Bears,2025-2026,offense,Isolation,Make 2 Pts Foul,4,Basket,ISO - Defense Commits > Cut > Basket > Make 2 Pts Foul,ISO - Defense Commits,Cut,Basket,Make 2 Pts Foul,,,1,100.0,3.0,104.2,0.0,100.0,0,,,,100.0,,1,100.0,100.0,,,1,0,,1.4,1.0,100.0,1,1,0,100.0,0,0,0.0,3
Jalen Harris,Winnipeg Sea Bears,2025-2026,offense,Isolation,1 Pts,5,Make 2 Pts Foul,ISO - Defense Commits > Cut > Basket > Make 2 Pts Foul > 1 Pts,ISO - Defense Commits,Cut,Basket,Make 2 Pts Foul,1 Pts,,1,100.0,3.0,104.2,0.0,100.0,0,,,,100.0,,1,100.0,100.0,,,1,0,,1.4,1.0,100.0,1,1,0,100.0,0,0,0.0,3
Jalen Harris,Winnipeg Sea Bears,2025-2026,offense,Post up,Post-Ups Including Passes,1,,Post-Ups Including Passes,Post-Ups Including Passes,,,,,,7,1.5,0.571,40.0,28.6,0.0,0,,,,40.0,,5,40.0,0.0,,,2,3,,5.0,0.0,28.6,5,2,3,40.0,0,0,0.0,4
Jalen Harris,Winnipeg Sea Bears,2025-2026,offense,Post up,Post-Up,2,Post-Ups Including Passes,Post-Ups Including Passes > Post-Up,Post-Ups Including Passes,Post-Up,,,,,6,85.7,0.667,40.0,16.7,0.0,0,,,,40.0,,5,40.0,0.0,,,2,3,,5.0,0.0,33.3,5,2,3,40.0,0,0,0.0,4
Jalen Harris,Winnipeg Sea Bears,2025-2026,offense,Post up,Left Block,3,Post-Up,Post-Ups Including Passes > Post-Up > Left Block,Post-Ups Including Passes,Post-Up,Left Block,,,,5,83.3,0.8,50.0,20.0,0.0,0,,,,50.0,,4,50.0,0.0,,,2,2,,4.0,0.0,40.0,4,2,2,50.0,0,0,0.0,4
Jalen Harris,Winnipeg Sea Bears,2025-2026,offense,Post up,Left Shoulder,4,Left Block,Post-Ups Including Passes > Post-Up > Left Block > Left Shoulder,Post-Ups Including Passes,Post-Up,Left Block,Left Shoulder,,,4,80.0,0.5,33.3,25.0,0.0,0,,,,33.3,,3,33.3,0.0,,,1,2,,3.0,0.0,25.0,3,1,2,33.3,0,0,0.0,2
Jalen Harris,Winnipeg Sea Bears,2025-2026,offense,Post up,Dribble Move,5,Left Shoulder,Post-Ups Including Passes > Post-Up > Left Block > Left Shoulder > Dribble Move,Post-Ups Including Passes,Post-Up,Left Block,Left Shoulder,Dribble Move,,4,100.0,0.5,33.3,25.0,0.0,0,,,,33.3,,3,33.3,0.0,,,1,2,,3.0,0.0,25.0,3,1,2,33.3,0,0,0.0,2
Jalen Harris,Winnipeg Sea Bears,2025-2026,offense,Post up,To Hook,6,Dribble Move,Post-Ups Including Passes > Post-Up > Left Block > Left Shoulder > Dribble Move > To Hook,Post-Ups Including Passes,Post-Up,Left Block,Left Shoulder,Dribble Move,To Hook,2,50.0,1.0,50.0,0.0,0.0,0,,,,50.0,,2,50.0,0.0,,,1,1,,2.0,0.0,50.0,2,1,1,50.0,0,0,0.0,2
Jalen Harris,Winnipeg Sea Bears,2025-2026,offense,Post up,To Jumper,6,Dribble Move,Post-Ups Including Passes > Post-Up > Left Block > Left Shoulder > Dribble Move > To Jumper,Post-Ups Including Passes,Post-Up,Left Block,Left Shoulder,Dribble Move,To Jumper,1,25.0,0.0,0.0,0.0,0.0,0,,,,0.0,,1,0.0,0.0,,,0,1,,1.0,0.0,0.0,1,0,1,0.0,0,0,0.0,0
Jalen Harris,Winnipeg Sea Bears,2025-2026,offense,Post up,Turnover,6,Dribble Move,Post-Ups Including Passes > Post-Up > Left Block > Left Shoulder > Dribble Move > Turnover,Post-Ups Including Passes,Post-Up,Left Block,Left Shoulder,Dribble Move,Turnover,1,25.0,0.0,,100.0,0.0,0,,,,,,0,,0.0,,,0,0,,0.0,,0.0,0,0,0,,0,0,,0
Jalen Harris,Winnipeg Sea Bears,2025-2026,offense,Post up,Right Shoulder,4,Left Block,Post-Ups Including Passes > Post-Up > Left Block > Right Shoulder,Post-Ups Including Passes,Post-Up,Left Block,Right Shoulder,,,1,20.0,2.0,100.0,0.0,0.0,0,,,,100.0,,1,100.0,0.0,,,1,0,,1.0,0.0,100.0,1,1,0,100.0,0,0,0.0,2
Jalen Harris,Winnipeg Sea Bears,2025-2026,offense,Post up,Dribble Move,5,Right Shoulder,Post-Ups Including Passes > Post-Up > Left Block > Right Shoulder > Dribble Move,Post-Ups Including Passes,Post-Up,Left Block,Right Shoulder,Dribble Move,,1,100.0,2.0,100.0,0.0,0.0,0,,,,100.0,,1,100.0,0.0,,,1,0,,1.0,0.0,100.0,1,1,0,100.0,0,0,0.0,2
Jalen Harris,Winnipeg Sea Bears,2025-2026,offense,Post up,To Jumper,6,Dribble Move,Post-Ups Including Passes > Post-Up > Left Block > Right Shoulder > Dribble Move > To Jumper,Post-Ups Including Passes,Post-Up,Left Block,Right Shoulder,Dribble Move,To Jumper,1,100.0,2.0,100.0,0.0,0.0,0,,,,100.0,,1,100.0,0.0,,,1,0,,1.0,0.0,100.0,1,1,0,100.0,0,0,0.0,2
Jalen Harris,Winnipeg Sea Bears,2025-2026,offense,Post up,Right Block,3,Post-Up,Post-Ups Including Passes > Post-Up > Right Block,Post-Ups Including Passes,Post-Up,Right Block,,,,1,16.7,0.0,0.0,0.0,0.0,0,,,,0.0,,1,0.0,0.0,,,0,1,,1.0,0.0,0.0,1,0,1,0.0,0,0,0.0,0
Jalen Harris,Winnipeg Sea Bears,2025-2026,offense,Post up,Right Shoulder,4,Right Block,Post-Ups Including Passes > Post-Up > Right Block > Right Shoulder,Post-Ups Including Passes,Post-Up,Right Block,Right Shoulder,,,1,100.0,0.0,0.0,0.0,0.0,0,,,,0.0,,1,0.0,0.0,,,0,1,,1.0,0.0,0.0,1,0,1,0.0,0,0,0.0,0
Jalen Harris,Winnipeg Sea Bears,2025-2026,offense,Post up,Dribble Move,5,Right Shoulder,Post-Ups Including Passes > Post-Up > Right Block > Right Shoulder > Dribble Move,Post-Ups Including Passes,Post-Up,Right Block,Right Shoulder,Dribble Move,,1,100.0,0.0,0.0,0.0,0.0,0,,,,0.0,,1,0.0,0.0,,,0,1,,1.0,0.0,0.0,1,0,1,0.0,0,0,0.0,0
Jalen Harris,Winnipeg Sea Bears,2025-2026,offense,Post up,To Hook,6,Dribble Move,Post-Ups Including Passes > Post-Up > Right Block > Right Shoulder > Dribble Move > To Hook,Post-Ups Including Passes,Post-Up,Right Block,Right Shoulder,Dribble Move,To Hook,1,100.0,0.0,0.0,0.0,0.0,0,,,,0.0,,1,0.0,0.0,,,0,1,,1.0,0.0,0.0,1,0,1,0.0,0,0,0.0,0
Jalen Harris,Winnipeg Sea Bears,2025-2026,offense,Post up,Spot-Up,2,Post-Ups Including Passes,Post-Ups Including Passes > Spot-Up,Post-Ups Including Passes,Spot-Up,,,,,1,14.3,0.0,,100.0,0.0,0,,,,,,0,,0.0,,,0,0,,0.0,,0.0,0,0,0,,0,0,,0
Jalen Harris,Winnipeg Sea Bears,2025-2026,offense,Post up,Drives Left,3,Spot-Up,Post-Ups Including Passes > Spot-Up > Drives Left,Post-Ups Including Passes,Spot-Up,Drives Left,,,,1,100.0,0.0,,100.0,0.0,0,,,,,,0,,0.0,,,0,0,,0.0,,0.0,0,0,0,,0,0,,0
Jalen Harris,Winnipeg Sea Bears,2025-2026,offense,Post up,Turnover,4,Drives Left,Post-Ups Including Passes > Spot-Up > Drives Left > Turnover,Post-Ups Including Passes,Spot-Up,Drives Left,Turnover,,,1,100.0,0.0,,100.0,0.0,0,,,,,,0,,0.0,,,0,0,,0.0,,0.0,0,0,0,,0,0,,0
Jalen Harris,Winnipeg Sea Bears,2025-2026,offense,Post up,Post-Up - Defense Commits,1,,Post-Up - Defense Commits,Post-Up - Defense Commits,,,,,,1,0.2,0.0,,100.0,0.0,0,,,,,,0,,0.0,,,0,0,,0.0,,0.0,0,0,0,,0,0,,0
Jalen Harris,Winnipeg Sea Bears,2025-2026,offense,Post up,Drives Left,2,Post-Up - Defense Commits,Post-Up - Defense Commits > Drives Left,Post-Up - Defense Commits,Drives Left,,,,,1,100.0,0.0,,100.0,0.0,0,,,,,,0,,0.0,,,0,0,,0.0,,0.0,0,0,0,,0,0,,0
Jalen Harris,Winnipeg Sea Bears,2025-2026,offense,Post up,Turnover,3,Drives Left,Post-Up - Defense Commits > Drives Left > Turnover,Post-Up - Defense Commits,Drives Left,Turnover,,,,1,100.0,0.0,,100.0,0.0,0,,,,,,0,,0.0,,,0,0,,0.0,,0.0,0,0,0,,0,0,,0
Jalen Harris,Winnipeg Sea Bears,2025-2026,offense,Post up,Post-Up - Hard Double,1,,Post-Up - Hard Double,Post-Up - Hard Double,,,,,,1,0.2,0.0,,100.0,0.0,0,,,,,,0,,0.0,,,0,0,,0.0,,0.0,0,0,0,,0,0,,0
Jalen Harris,Winnipeg Sea Bears,2025-2026,offense,Post up,Drives Left,2,Post-Up - Hard Double,Post-Up - Hard Double > Drives Left,Post-Up - Hard Double,Drives Left,,,,,1,100.0,0.0,,100.0,0.0,0,,,,,,0,,0.0,,,0,0,,0.0,,0.0,0,0,0,,0,0,,0
Jalen Harris,Winnipeg Sea Bears,2025-2026,offense,Post up,Turnover,3,Drives Left,Post-Up - Hard Double > Drives Left > Turnover,Post-Up - Hard Double,Drives Left,Turnover,,,,1,100.0,0.0,,100.0,0.0,0,,,,,,0,,0.0,,,0,0,,0.0,,0.0,0,0,0,,0,0,,0
