PLAYER,TEAM,SEASON,SIDE,TABLE,STAT,DEPTH,PARENT,PATH,LEVEL_1,LEVEL_2,LEVEL_3,LEVEL_4,LEVEL_5,LEVEL_6,POSS,%TIME,PPP,TS%,TO%,%FT,3FG ATT,3 FG%,PPP RATING,PPP RANK,FG%,%TIME RANK,FG ATT,EFG%,%SF,SSQ,PPS,FG MADE,FG MISS,SSM,TSA,FTA/FGA,SCORE%,2 FG ATT,2 FG MADE,2 FG MISS,2 FG%,3 FG MADE,3 FG MISS,3PA/FGA,PTS
Teddy Allen,Winnipeg Sea Bears,2026-2027,defense,Play types,Spot Up,1,,Spot Up,Spot Up,,,,,,79,36.1,1.127,62.1,10.1,5.1,47,42.6,Below Average,27.0,46.4,30.0,69,60.9,5.1,,,32,37,,72,0.09,43.0,22,12,10,54.5,20,27,0.68,89
Teddy Allen,Winnipeg Sea Bears,2026-2027,defense,Play types,No Dribble Jumper,2,Spot Up,Spot Up > No Dribble Jumper,Spot Up,No Dribble Jumper,,,,,41,51.9,1.22,61.0,0.0,0.0,40,40.0,,,41.5,,41,61.0,0.0,,,17,24,,41,0.0,41.5,1,1,0,100.0,16,24,0.98,50
Teddy Allen,Winnipeg Sea Bears,2026-2027,defense,Play types,Open,3,No Dribble Jumper,Spot Up > No Dribble Jumper > Open,Spot Up,No Dribble Jumper,Open,,,,29,70.7,1.241,62.1,0.0,0.0,29,41.4,,,41.4,,29,62.1,0.0,,,12,17,,29,0.0,41.4,0,0,0,,12,17,1.0,36
Teddy Allen,Winnipeg Sea Bears,2026-2027,defense,Play types,Long/3pt,4,Open,Spot Up > No Dribble Jumper > Open > Long/3pt,Spot Up,No Dribble Jumper,Open,Long/3pt,,,29,100.0,1.241,62.1,0.0,0.0,29,41.4,,,41.4,,29,62.1,0.0,,,12,17,,29,0.0,41.4,0,0,0,,12,17,1.0,36
Teddy Allen,Winnipeg Sea Bears,2026-2027,defense,Play types,Miss 3 Pts,5,Long/3pt,Spot Up > No Dribble Jumper > Open > Long/3pt > Miss 3 Pts,Spot Up,No Dribble Jumper,Open,Long/3pt,Miss 3 Pts,,17,58.6,0.0,0.0,0.0,0.0,17,0.0,,,0.0,,17,0.0,0.0,,,0,17,,17,0.0,0.0,0,0,0,,0,17,1.0,0
Teddy Allen,Winnipeg Sea Bears,2026-2027,defense,Play types,Make 3 Pts,5,Long/3pt,Spot Up > No Dribble Jumper > Open > Long/3pt > Make 3 Pts,Spot Up,No Dribble Jumper,Open,Long/3pt,Make 3 Pts,,12,41.4,3.0,150.0,0.0,0.0,12,100.0,,,100.0,,12,150.0,0.0,,,12,0,,12,0.0,100.0,0,0,0,,12,0,1.0,36
Teddy Allen,Winnipeg Sea Bears,2026-2027,defense,Play types,Guarded,3,No Dribble Jumper,Spot Up > No Dribble Jumper > Guarded,Spot Up,No Dribble Jumper,Guarded,,,,12,29.3,1.167,58.3,0.0,0.0,11,36.4,,,41.7,,12,58.3,0.0,,,5,7,,12,0.0,41.7,1,1,0,100.0,4,7,0.92,14
Teddy Allen,Winnipeg Sea Bears,2026-2027,defense,Play types,Long/3pt,4,Guarded,Spot Up > No Dribble Jumper > Guarded > Long/3pt,Spot Up,No Dribble Jumper,Guarded,Long/3pt,,,11,91.7,1.091,54.5,0.0,0.0,11,36.4,,,36.4,,11,54.5,0.0,,,4,7,,11,0.0,36.4,0,0,0,,4,7,1.0,12
Teddy Allen,Winnipeg Sea Bears,2026-2027,defense,Play types,Miss 3 Pts,5,Long/3pt,Spot Up > No Dribble Jumper > Guarded > Long/3pt > Miss 3 Pts,Spot Up,No Dribble Jumper,Guarded,Long/3pt,Miss 3 Pts,,7,63.6,0.0,0.0,0.0,0.0,7,0.0,,,0.0,,7,0.0,0.0,,,0,7,,7,0.0,0.0,0,0,0,,0,7,1.0,0
Teddy Allen,Winnipeg Sea Bears,2026-2027,defense,Play types,Make 3 Pts,5,Long/3pt,Spot Up > No Dribble Jumper > Guarded > Long/3pt > Make 3 Pts,Spot Up,No Dribble Jumper,Guarded,Long/3pt,Make 3 Pts,,4,36.4,3.0,150.0,0.0,0.0,4,100.0,,,100.0,,4,150.0,0.0,,,4,0,,4,0.0,100.0,0,0,0,,4,0,1.0,12
Teddy Allen,Winnipeg Sea Bears,2026-2027,defense,Play types,Medium/17' to 3pt,4,Guarded,Spot Up > No Dribble Jumper > Guarded > Medium/17' to 3pt,Spot Up,No Dribble Jumper,Guarded,Medium/17' to 3pt,,,1,8.3,2.0,100.0,0.0,0.0,0,,,,100.0,,1,100.0,0.0,,,1,0,,1,0.0,100.0,1,1,0,100.0,0,0,0.0,2
Teddy Allen,Winnipeg Sea Bears,2026-2027,defense,Play types,Make 2 Pts,5,Medium/17' to 3pt,Spot Up > No Dribble Jumper > Guarded > Medium/17' to 3pt > Make 2 Pts,Spot Up,No Dribble Jumper,Guarded,Medium/17' to 3pt,Make 2 Pts,,1,100.0,2.0,100.0,0.0,0.0,0,,,,100.0,,1,100.0,0.0,,,1,0,,1,0.0,100.0,1,1,0,100.0,0,0,0.0,2
Teddy Allen,Winnipeg Sea Bears,2026-2027,defense,Play types,Drives Left,2,Spot Up,Spot Up > Drives Left,Spot Up,Drives Left,,,,,18,22.8,1.5,80.5,11.1,16.7,4,50.0,,,73.3,,15,80.0,16.7,,,11,4,,17,0.27,66.7,11,9,2,81.8,2,2,0.27,27
Teddy Allen,Winnipeg Sea Bears,2026-2027,defense,Play types,To Basket,3,Drives Left,Spot Up > Drives Left > To Basket,Spot Up,Drives Left,To Basket,,,,10,55.6,1.9,88.3,0.0,30.0,0,,,,88.9,,9,88.9,30.0,,,8,1,,11,0.44,90.0,9,8,1,88.9,0,0,0.0,19
Teddy Allen,Winnipeg Sea Bears,2026-2027,defense,Play types,Make 2 Pts,4,To Basket,Spot Up > Drives Left > To Basket > Make 2 Pts,Spot Up,Drives Left,To Basket,Make 2 Pts,,,6,60.0,2.0,100.0,0.0,0.0,0,,,,100.0,,6,100.0,0.0,,,6,0,,6,0.0,100.0,6,6,0,100.0,0,0,0.0,12
Teddy Allen,Winnipeg Sea Bears,2026-2027,defense,Play types,Make 2 Pts Foul,4,To Basket,Spot Up > Drives Left > To Basket > Make 2 Pts Foul,Spot Up,Drives Left,To Basket,Make 2 Pts Foul,,,2,20.0,3.0,104.2,0.0,100.0,0,,,,100.0,,2,100.0,100.0,,,2,0,,3,1.0,100.0,2,2,0,100.0,0,0,0.0,6
Teddy Allen,Winnipeg Sea Bears,2026-2027,defense,Play types,1 Pts,5,Make 2 Pts Foul,Spot Up > Drives Left > To Basket > Make 2 Pts Foul > 1 Pts,Spot Up,Drives Left,To Basket,Make 2 Pts Foul,1 Pts,,2,100.0,3.0,104.2,0.0,100.0,0,,,,100.0,,2,100.0,100.0,,,2,0,,3,1.0,100.0,2,2,0,100.0,0,0,0.0,6
Teddy Allen,Winnipeg Sea Bears,2026-2027,defense,Play types,Foul,4,To Basket,Spot Up > Drives Left > To Basket > Foul,Spot Up,Drives Left,To Basket,Foul,,,1,10.0,1.0,56.8,0.0,100.0,0,,,,,,0,,100.0,,,0,0,,1,,100.0,0,0,0,,0,0,,1
Teddy Allen,Winnipeg Sea Bears,2026-2027,defense,Play types,Miss 2 Pts,4,To Basket,Spot Up > Drives Left > To Basket > Miss 2 Pts,Spot Up,Drives Left,To Basket,Miss 2 Pts,,,1,10.0,0.0,0.0,0.0,0.0,0,,,,0.0,,1,0.0,0.0,,,0,1,,1,0.0,0.0,1,0,1,0.0,0,0,0.0,0
Teddy Allen,Winnipeg Sea Bears,2026-2027,defense,Play types,Dribble Jumper,3,Drives Left,Spot Up > Drives Left > Dribble Jumper,Spot Up,Drives Left,Dribble Jumper,,,,6,33.3,1.333,66.7,0.0,0.0,4,50.0,,,50.0,,6,66.7,0.0,,,3,3,,6,0.0,50.0,2,1,1,50.0,2,2,0.67,8
Teddy Allen,Winnipeg Sea Bears,2026-2027,defense,Play types,Long/3pt,4,Dribble Jumper,Spot Up > Drives Left > Dribble Jumper > Long/3pt,Spot Up,Drives Left,Dribble Jumper,Long/3pt,,,4,66.7,1.5,75.0,0.0,0.0,4,50.0,,,50.0,,4,75.0,0.0,,,2,2,,4,0.0,50.0,0,0,0,,2,2,1.0,6
Teddy Allen,Winnipeg Sea Bears,2026-2027,defense,Play types,Miss 3 Pts,5,Long/3pt,Spot Up > Drives Left > Dribble Jumper > Long/3pt > Miss 3 Pts,Spot Up,Drives Left,Dribble Jumper,Long/3pt,Miss 3 Pts,,2,50.0,0.0,0.0,0.0,0.0,2,0.0,,,0.0,,2,0.0,0.0,,,0,2,,2,0.0,0.0,0,0,0,,0,2,1.0,0
Teddy Allen,Winnipeg Sea Bears,2026-2027,defense,Play types,Make 3 Pts,5,Long/3pt,Spot Up > Drives Left > Dribble Jumper > Long/3pt > Make 3 Pts,Spot Up,Drives Left,Dribble Jumper,Long/3pt,Make 3 Pts,,2,50.0,3.0,150.0,0.0,0.0,2,100.0,,,100.0,,2,150.0,0.0,,,2,0,,2,0.0,100.0,0,0,0,,2,0,1.0,6
Teddy Allen,Winnipeg Sea Bears,2026-2027,defense,Play types,Medium/17' to 3pt,4,Dribble Jumper,Spot Up > Drives Left > Dribble Jumper > Medium/17' to 3pt,Spot Up,Drives Left,Dribble Jumper,Medium/17' to 3pt,,,1,16.7,2.0,100.0,0.0,0.0,0,,,,100.0,,1,100.0,0.0,,,1,0,,1,0.0,100.0,1,1,0,100.0,0,0,0.0,2
Teddy Allen,Winnipeg Sea Bears,2026-2027,defense,Play types,Make 2 Pts,5,Medium/17' to 3pt,Spot Up > Drives Left > Dribble Jumper > Medium/17' to 3pt > Make 2 Pts,Spot Up,Drives Left,Dribble Jumper,Medium/17' to 3pt,Make 2 Pts,,1,100.0,2.0,100.0,0.0,0.0,0,,,,100.0,,1,100.0,0.0,,,1,0,,1,0.0,100.0,1,1,0,100.0,0,0,0.0,2
Teddy Allen,Winnipeg Sea Bears,2026-2027,defense,Play types,Short to < 17,4,Dribble Jumper,Spot Up > Drives Left > Dribble Jumper > Short to < 17,Spot Up,Drives Left,Dribble Jumper,Short to < 17,,,1,16.7,0.0,0.0,0.0,0.0,0,,,,0.0,,1,0.0,0.0,,,0,1,,1,0.0,0.0,1,0,1,0.0,0,0,0.0,0
Teddy Allen,Winnipeg Sea Bears,2026-2027,defense,Play types,Miss 2 Pts,5,Short to < 17,Spot Up > Drives Left > Dribble Jumper > Short to < 17 > Miss 2 Pts,Spot Up,Drives Left,Dribble Jumper,Short to < 17,Miss 2 Pts,,1,100.0,0.0,0.0,0.0,0.0,0,,,,0.0,,1,0.0,0.0,,,0,1,,1,0.0,0.0,1,0,1,0.0,0,0,0.0,0
Teddy Allen,Winnipeg Sea Bears,2026-2027,defense,Play types,Turnover,3,Drives Left,Spot Up > Drives Left > Turnover,Spot Up,Drives Left,Turnover,,,,2,11.1,0.0,,100.0,0.0,0,,,,,,0,,0.0,,,0,0,,0,,0.0,0,0,0,,0,0,,0
Teddy Allen,Winnipeg Sea Bears,2026-2027,defense,Play types,Drives Right,2,Spot Up,Spot Up > Drives Right,Spot Up,Drives Right,,,,,16,20.3,0.25,18.4,31.3,6.3,1,0.0,,,10.0,,10,10.0,6.3,,,1,9,,11,0.2,12.5,9,1,8,11.1,0,1,0.1,4
Teddy Allen,Winnipeg Sea Bears,2026-2027,defense,Play types,To Basket,3,Drives Right,Spot Up > Drives Right > To Basket,Spot Up,Drives Right,To Basket,,,,6,37.5,0.667,34.0,0.0,16.7,0,,,,20.0,,5,20.0,16.7,,,1,4,,6,0.4,33.3,5,1,4,20.0,0,0,0.0,4
Teddy Allen,Winnipeg Sea Bears,2026-2027,defense,Play types,Miss 2 Pts,4,To Basket,Spot Up > Drives Right > To Basket > Miss 2 Pts,Spot Up,Drives Right,To Basket,Miss 2 Pts,,,4,66.7,0.0,0.0,0.0,0.0,0,,,,0.0,,4,0.0,0.0,,,0,4,,4,0.0,0.0,4,0,4,0.0,0,0,0.0,0
Teddy Allen,Winnipeg Sea Bears,2026-2027,defense,Play types,Make 2 Pts,4,To Basket,Spot Up > Drives Right > To Basket > Make 2 Pts,Spot Up,Drives Right,To Basket,Make 2 Pts,,,1,16.7,2.0,100.0,0.0,0.0,0,,,,100.0,,1,100.0,0.0,,,1,0,,1,0.0,100.0,1,1,0,100.0,0,0,0.0,2
Teddy Allen,Winnipeg Sea Bears,2026-2027,defense,Play types,Foul,4,To Basket,Spot Up > Drives Right > To Basket > Foul,Spot Up,Drives Right,To Basket,Foul,,,1,16.7,2.0,113.6,0.0,100.0,0,,,,,,0,,100.0,,,0,0,,1,,100.0,0,0,0,,0,0,,2
Teddy Allen,Winnipeg Sea Bears,2026-2027,defense,Play types,Turnover,3,Drives Right,Spot Up > Drives Right > Turnover,Spot Up,Drives Right,Turnover,,,,5,31.3,0.0,,100.0,0.0,0,,,,,,0,,0.0,,,0,0,,0,,0.0,0,0,0,,0,0,,0
Teddy Allen,Winnipeg Sea Bears,2026-2027,defense,Play types,Dribble Jumper,3,Drives Right,Spot Up > Drives Right > Dribble Jumper,Spot Up,Drives Right,Dribble Jumper,,,,5,31.3,0.0,0.0,0.0,0.0,1,0.0,,,0.0,,5,0.0,0.0,,,0,5,,5,0.0,0.0,4,0,4,0.0,0,1,0.2,0
Teddy Allen,Winnipeg Sea Bears,2026-2027,defense,Play types,Short to < 17,4,Dribble Jumper,Spot Up > Drives Right > Dribble Jumper > Short to < 17,Spot Up,Drives Right,Dribble Jumper,Short to < 17,,,3,60.0,0.0,0.0,0.0,0.0,0,,,,0.0,,3,0.0,0.0,,,0,3,,3,0.0,0.0,3,0,3,0.0,0,0,0.0,0
Teddy Allen,Winnipeg Sea Bears,2026-2027,defense,Play types,Miss 2 Pts,5,Short to < 17,Spot Up > Drives Right > Dribble Jumper > Short to < 17 > Miss 2 Pts,Spot Up,Drives Right,Dribble Jumper,Short to < 17,Miss 2 Pts,,3,100.0,0.0,0.0,0.0,0.0,0,,,,0.0,,3,0.0,0.0,,,0,3,,3,0.0,0.0,3,0,3,0.0,0,0,0.0,0
Teddy Allen,Winnipeg Sea Bears,2026-2027,defense,Play types,Long/3pt,4,Dribble Jumper,Spot Up > Drives Right > Dribble Jumper > Long/3pt,Spot Up,Drives Right,Dribble Jumper,Long/3pt,,,1,20.0,0.0,0.0,0.0,0.0,1,0.0,,,0.0,,1,0.0,0.0,,,0,1,,1,0.0,0.0,0,0,0,,0,1,1.0,0
Teddy Allen,Winnipeg Sea Bears,2026-2027,defense,Play types,Miss 3 Pts,5,Long/3pt,Spot Up > Drives Right > Dribble Jumper > Long/3pt > Miss 3 Pts,Spot Up,Drives Right,Dribble Jumper,Long/3pt,Miss 3 Pts,,1,100.0,0.0,0.0,0.0,0.0,1,0.0,,,0.0,,1,0.0,0.0,,,0,1,,1,0.0,0.0,0,0,0,,0,1,1.0,0
Teddy Allen,Winnipeg Sea Bears,2026-2027,defense,Play types,Medium/17' to 3pt,4,Dribble Jumper,Spot Up > Drives Right > Dribble Jumper > Medium/17' to 3pt,Spot Up,Drives Right,Dribble Jumper,Medium/17' to 3pt,,,1,20.0,0.0,0.0,0.0,0.0,0,,,,0.0,,1,0.0,0.0,,,0,1,,1,0.0,0.0,1,0,1,0.0,0,0,0.0,0
Teddy Allen,Winnipeg Sea Bears,2026-2027,defense,Play types,Miss 2 Pts,5,Medium/17' to 3pt,Spot Up > Drives Right > Dribble Jumper > Medium/17' to 3pt > Miss 2 Pts,Spot Up,Drives Right,Dribble Jumper,Medium/17' to 3pt,Miss 2 Pts,,1,100.0,0.0,0.0,0.0,0.0,0,,,,0.0,,1,0.0,0.0,,,0,1,,1,0.0,0.0,1,0,1,0.0,0,0,0.0,0
Teddy Allen,Winnipeg Sea Bears,2026-2027,defense,Play types,Drives Straight,2,Spot Up,Spot Up > Drives Straight,Spot Up,Drives Straight,,,,,4,5.1,2.0,133.3,25.0,0.0,2,100.0,,,100.0,,3,133.3,0.0,,,3,0,,3,0.0,75.0,1,1,0,100.0,2,0,0.67,8
Teddy Allen,Winnipeg Sea Bears,2026-2027,defense,Play types,Dribble Jumper,3,Drives Straight,Spot Up > Drives Straight > Dribble Jumper,Spot Up,Drives Straight,Dribble Jumper,,,,2,50.0,3.0,150.0,0.0,0.0,2,100.0,,,100.0,,2,150.0,0.0,,,2,0,,2,0.0,100.0,0,0,0,,2,0,1.0,6
Teddy Allen,Winnipeg Sea Bears,2026-2027,defense,Play types,Long/3pt,4,Dribble Jumper,Spot Up > Drives Straight > Dribble Jumper > Long/3pt,Spot Up,Drives Straight,Dribble Jumper,Long/3pt,,,2,100.0,3.0,150.0,0.0,0.0,2,100.0,,,100.0,,2,150.0,0.0,,,2,0,,2,0.0,100.0,0,0,0,,2,0,1.0,6
Teddy Allen,Winnipeg Sea Bears,2026-2027,defense,Play types,Make 3 Pts,5,Long/3pt,Spot Up > Drives Straight > Dribble Jumper > Long/3pt > Make 3 Pts,Spot Up,Drives Straight,Dribble Jumper,Long/3pt,Make 3 Pts,,2,100.0,3.0,150.0,0.0,0.0,2,100.0,,,100.0,,2,150.0,0.0,,,2,0,,2,0.0,100.0,0,0,0,,2,0,1.0,6
Teddy Allen,Winnipeg Sea Bears,2026-2027,defense,Play types,To Basket,3,Drives Straight,Spot Up > Drives Straight > To Basket,Spot Up,Drives Straight,To Basket,,,,1,25.0,2.0,100.0,0.0,0.0,0,,,,100.0,,1,100.0,0.0,,,1,0,,1,0.0,100.0,1,1,0,100.0,0,0,0.0,2
Teddy Allen,Winnipeg Sea Bears,2026-2027,defense,Play types,Make 2 Pts,4,To Basket,Spot Up > Drives Straight > To Basket > Make 2 Pts,Spot Up,Drives Straight,To Basket,Make 2 Pts,,,1,100.0,2.0,100.0,0.0,0.0,0,,,,100.0,,1,100.0,0.0,,,1,0,,1,0.0,100.0,1,1,0,100.0,0,0,0.0,2
Teddy Allen,Winnipeg Sea Bears,2026-2027,defense,Play types,Turnover,3,Drives Straight,Spot Up > Drives Straight > Turnover,Spot Up,Drives Straight,Turnover,,,,1,25.0,0.0,,100.0,0.0,0,,,,,,0,,0.0,,,0,0,,0,,0.0,0,0,0,,0,0,,0
Teddy Allen,Winnipeg Sea Bears,2026-2027,defense,Play types,P&R Ball Handler,1,,P&R Ball Handler,P&R Ball Handler,,,,,,54,24.7,0.963,53.0,9.3,7.4,14,35.7,Below Average,31.0,45.7,21.0,46,51.1,7.4,,,21,25,,49,0.15,44.4,32,16,16,50.0,5,9,0.3,52
Teddy Allen,Winnipeg Sea Bears,2026-2027,defense,Play types,P&R Ball Handler - Overall,2,P&R Ball Handler,P&R Ball Handler > P&R Ball Handler - Overall,P&R Ball Handler,P&R Ball Handler - Overall,,,,,54,100.0,0.963,53.0,9.3,7.4,14,35.7,,,45.7,,46,51.1,7.4,,,21,25,,49,0.15,44.4,32,16,16,50.0,5,9,0.3,52
Teddy Allen,Winnipeg Sea Bears,2026-2027,defense,Play types,High P&R,2,P&R Ball Handler,P&R Ball Handler > High P&R,P&R Ball Handler,High P&R,,,,,37,68.5,0.865,46.9,8.1,10.8,9,33.3,,,38.7,,31,43.5,10.8,,,12,19,,34,0.23,40.5,22,9,13,40.9,3,6,0.29,32
Teddy Allen,Winnipeg Sea Bears,2026-2027,defense,Play types,Dribble Off Pick,3,High P&R,P&R Ball Handler > High P&R > Dribble Off Pick,P&R Ball Handler,High P&R,Dribble Off Pick,,,,29,78.4,1.034,57.5,10.3,13.8,7,42.9,,,47.8,,23,54.3,13.8,,,11,12,,26,0.3,48.3,16,8,8,50.0,3,4,0.3,30
Teddy Allen,Winnipeg Sea Bears,2026-2027,defense,Play types,Dribble Jumper,4,Dribble Off Pick,P&R Ball Handler > High P&R > Dribble Off Pick > Dribble Jumper,P&R Ball Handler,High P&R,Dribble Off Pick,Dribble Jumper,,,13,44.8,1.308,63.2,0.0,7.7,7,42.9,,,53.8,,13,65.4,7.7,,,7,6,,13,0.08,53.8,6,4,2,66.7,3,4,0.54,17
Teddy Allen,Winnipeg Sea Bears,2026-2027,defense,Play types,Long/3pt,5,Dribble Jumper,P&R Ball Handler > High P&R > Dribble Off Pick > Dribble Jumper > Long/3pt,P&R Ball Handler,High P&R,Dribble Off Pick,Dribble Jumper,Long/3pt,,7,53.8,1.286,64.3,0.0,0.0,7,42.9,,,42.9,,7,64.3,0.0,,,3,4,,7,0.0,42.9,0,0,0,,3,4,1.0,9
Teddy Allen,Winnipeg Sea Bears,2026-2027,defense,Play types,Short to < 17,5,Dribble Jumper,P&R Ball Handler > High P&R > Dribble Off Pick > Dribble Jumper > Short to < 17,P&R Ball Handler,High P&R,Dribble Off Pick,Dribble Jumper,Short to < 17,,4,30.8,1.5,67.6,0.0,25.0,0,,,,75.0,,4,75.0,25.0,,,3,1,,4,0.25,75.0,4,3,1,75.0,0,0,0.0,6
Teddy Allen,Winnipeg Sea Bears,2026-2027,defense,Play types,Medium/17' to 3pt,5,Dribble Jumper,P&R Ball Handler > High P&R > Dribble Off Pick > Dribble Jumper > Medium/17' to 3pt,P&R Ball Handler,High P&R,Dribble Off Pick,Dribble Jumper,Medium/17' to 3pt,,2,15.4,1.0,50.0,0.0,0.0,0,,,,50.0,,2,50.0,0.0,,,1,1,,2,0.0,50.0,2,1,1,50.0,0,0,0.0,2
Teddy Allen,Winnipeg Sea Bears,2026-2027,defense,Play types,To Basket,4,Dribble Off Pick,P&R Ball Handler > High P&R > Dribble Off Pick > To Basket,P&R Ball Handler,High P&R,Dribble Off Pick,To Basket,,,13,44.8,1.0,51.4,0.0,23.1,0,,,,40.0,,10,40.0,23.1,,,4,6,,13,0.6,53.8,10,4,6,40.0,0,0,0.0,13
Teddy Allen,Winnipeg Sea Bears,2026-2027,defense,Play types,Miss 2 Pts,5,To Basket,P&R Ball Handler > High P&R > Dribble Off Pick > To Basket > Miss 2 Pts,P&R Ball Handler,High P&R,Dribble Off Pick,To Basket,Miss 2 Pts,,6,46.2,0.0,0.0,0.0,0.0,0,,,,0.0,,6,0.0,0.0,,,0,6,,6,0.0,0.0,6,0,6,0.0,0,0,0.0,0
Teddy Allen,Winnipeg Sea Bears,2026-2027,defense,Play types,Make 2 Pts,5,To Basket,P&R Ball Handler > High P&R > Dribble Off Pick > To Basket > Make 2 Pts,P&R Ball Handler,High P&R,Dribble Off Pick,To Basket,Make 2 Pts,,4,30.8,2.0,100.0,0.0,0.0,0,,,,100.0,,4,100.0,0.0,,,4,0,,4,0.0,100.0,4,4,0,100.0,0,0,0.0,8
Teddy Allen,Winnipeg Sea Bears,2026-2027,defense,Play types,Foul,5,To Basket,P&R Ball Handler > High P&R > Dribble Off Pick > To Basket > Foul,P&R Ball Handler,High P&R,Dribble Off Pick,To Basket,Foul,,3,23.1,1.667,94.7,0.0,100.0,0,,,,,,0,,100.0,,,0,0,,3,,100.0,0,0,0,,0,0,,5
Teddy Allen,Winnipeg Sea Bears,2026-2027,defense,Play types,Defense Commits,4,Dribble Off Pick,P&R Ball Handler > High P&R > Dribble Off Pick > Defense Commits,P&R Ball Handler,High P&R,Dribble Off Pick,Defense Commits,,,2,6.9,0.0,,100.0,0.0,0,,,,,,0,,0.0,,,0,0,,0,,0.0,0,0,0,,0,0,,0
Teddy Allen,Winnipeg Sea Bears,2026-2027,defense,Play types,Turnover,5,Defense Commits,P&R Ball Handler > High P&R > Dribble Off Pick > Defense Commits > Turnover,P&R Ball Handler,High P&R,Dribble Off Pick,Defense Commits,Turnover,,2,100.0,0.0,,100.0,0.0,0,,,,,,0,,0.0,,,0,0,,0,,0.0,0,0,0,,0,0,,0
Teddy Allen,Winnipeg Sea Bears,2026-2027,defense,Play types,Turnover,4,Dribble Off Pick,P&R Ball Handler > High P&R > Dribble Off Pick > Turnover,P&R Ball Handler,High P&R,Dribble Off Pick,Turnover,,,1,3.4,0.0,,100.0,0.0,0,,,,,,0,,0.0,,,0,0,,0,,0.0,0,0,0,,0,0,,0
Teddy Allen,Winnipeg Sea Bears,2026-2027,defense,Play types,Go Away from Pick,3,High P&R,P&R Ball Handler > High P&R > Go Away from Pick,P&R Ball Handler,High P&R,Go Away from Pick,,,,8,21.6,0.25,12.5,0.0,0.0,2,0.0,,,12.5,,8,12.5,0.0,,,1,7,,8,0.0,12.5,6,1,5,16.7,0,2,0.25,2
Teddy Allen,Winnipeg Sea Bears,2026-2027,defense,Play types,To Basket,4,Go Away from Pick,P&R Ball Handler > High P&R > Go Away from Pick > To Basket,P&R Ball Handler,High P&R,Go Away from Pick,To Basket,,,6,75.0,0.333,16.7,0.0,0.0,0,,,,16.7,,6,16.7,0.0,,,1,5,,6,0.0,16.7,6,1,5,16.7,0,0,0.0,2
Teddy Allen,Winnipeg Sea Bears,2026-2027,defense,Play types,Miss 2 Pts,5,To Basket,P&R Ball Handler > High P&R > Go Away from Pick > To Basket > Miss 2 Pts,P&R Ball Handler,High P&R,Go Away from Pick,To Basket,Miss 2 Pts,,5,83.3,0.0,0.0,0.0,0.0,0,,,,0.0,,5,0.0,0.0,,,0,5,,5,0.0,0.0,5,0,5,0.0,0,0,0.0,0
Teddy Allen,Winnipeg Sea Bears,2026-2027,defense,Play types,Make 2 Pts,5,To Basket,P&R Ball Handler > High P&R > Go Away from Pick > To Basket > Make 2 Pts,P&R Ball Handler,High P&R,Go Away from Pick,To Basket,Make 2 Pts,,1,16.7,2.0,100.0,0.0,0.0,0,,,,100.0,,1,100.0,0.0,,,1,0,,1,0.0,100.0,1,1,0,100.0,0,0,0.0,2
Teddy Allen,Winnipeg Sea Bears,2026-2027,defense,Play types,Dribble Jumper,4,Go Away from Pick,P&R Ball Handler > High P&R > Go Away from Pick > Dribble Jumper,P&R Ball Handler,High P&R,Go Away from Pick,Dribble Jumper,,,2,25.0,0.0,0.0,0.0,0.0,2,0.0,,,0.0,,2,0.0,0.0,,,0,2,,2,0.0,0.0,0,0,0,,0,2,1.0,0
Teddy Allen,Winnipeg Sea Bears,2026-2027,defense,Play types,Long/3pt,5,Dribble Jumper,P&R Ball Handler > High P&R > Go Away from Pick > Dribble Jumper > Long/3pt,P&R Ball Handler,High P&R,Go Away from Pick,Dribble Jumper,Long/3pt,,2,100.0,0.0,0.0,0.0,0.0,2,0.0,,,0.0,,2,0.0,0.0,,,0,2,,2,0.0,0.0,0,0,0,,0,2,1.0,0
Teddy Allen,Winnipeg Sea Bears,2026-2027,defense,Play types,Right P&R,2,P&R Ball Handler,P&R Ball Handler > Right P&R,P&R Ball Handler,Right P&R,,,,,12,22.2,1.083,65.0,16.7,0.0,3,33.3,,,60.0,,10,65.0,0.0,,,6,4,,10,0.0,50.0,7,5,2,71.4,1,2,0.3,13
Teddy Allen,Winnipeg Sea Bears,2026-2027,defense,Play types,Baseline,3,Right P&R,P&R Ball Handler > Right P&R > Baseline,P&R Ball Handler,Right P&R,Baseline,,,,7,58.3,1.0,58.3,14.3,0.0,2,50.0,,,50.0,,6,58.3,0.0,,,3,3,,6,0.0,42.9,4,2,2,50.0,1,1,0.33,7
Teddy Allen,Winnipeg Sea Bears,2026-2027,defense,Play types,Dribble Off Pick,4,Baseline,P&R Ball Handler > Right P&R > Baseline > Dribble Off Pick,P&R Ball Handler,Right P&R,Baseline,Dribble Off Pick,,,6,85.7,1.167,70.0,16.7,0.0,1,100.0,,,60.0,,5,70.0,0.0,,,3,2,,5,0.0,50.0,4,2,2,50.0,1,0,0.2,7
Teddy Allen,Winnipeg Sea Bears,2026-2027,defense,Play types,To Basket,5,Dribble Off Pick,P&R Ball Handler > Right P&R > Baseline > Dribble Off Pick > To Basket,P&R Ball Handler,Right P&R,Baseline,Dribble Off Pick,To Basket,,3,50.0,1.333,66.7,0.0,0.0,0,,,,66.7,,3,66.7,0.0,,,2,1,,3,0.0,66.7,3,2,1,66.7,0,0,0.0,4
Teddy Allen,Winnipeg Sea Bears,2026-2027,defense,Play types,Dribble Jumper,5,Dribble Off Pick,P&R Ball Handler > Right P&R > Baseline > Dribble Off Pick > Dribble Jumper,P&R Ball Handler,Right P&R,Baseline,Dribble Off Pick,Dribble Jumper,,2,33.3,1.5,75.0,0.0,0.0,1,100.0,,,50.0,,2,75.0,0.0,,,1,1,,2,0.0,50.0,1,0,1,0.0,1,0,0.5,3
Teddy Allen,Winnipeg Sea Bears,2026-2027,defense,Play types,Defense Commits,5,Dribble Off Pick,P&R Ball Handler > Right P&R > Baseline > Dribble Off Pick > Defense Commits,P&R Ball Handler,Right P&R,Baseline,Dribble Off Pick,Defense Commits,,1,16.7,0.0,,100.0,0.0,0,,,,,,0,,0.0,,,0,0,,0,,0.0,0,0,0,,0,0,,0
Teddy Allen,Winnipeg Sea Bears,2026-2027,defense,Play types,Takes Early Jump Shot,4,Baseline,P&R Ball Handler > Right P&R > Baseline > Takes Early Jump Shot,P&R Ball Handler,Right P&R,Baseline,Takes Early Jump Shot,,,1,14.3,0.0,0.0,0.0,0.0,1,0.0,,,0.0,,1,0.0,0.0,,,0,1,,1,0.0,0.0,0,0,0,,0,1,1.0,0
Teddy Allen,Winnipeg Sea Bears,2026-2027,defense,Play types,No Dribble Jumper,5,Takes Early Jump Shot,P&R Ball Handler > Right P&R > Baseline > Takes Early Jump Shot > No Dribble Jumper,P&R Ball Handler,Right P&R,Baseline,Takes Early Jump Shot,No Dribble Jumper,,1,100.0,0.0,0.0,0.0,0.0,1,0.0,,,0.0,,1,0.0,0.0,,,0,1,,1,0.0,0.0,0,0,0,,0,1,1.0,0
Teddy Allen,Winnipeg Sea Bears,2026-2027,defense,Play types,Side,3,Right P&R,P&R Ball Handler > Right P&R > Side,P&R Ball Handler,Right P&R,Side,,,,5,41.7,1.2,75.0,20.0,0.0,1,0.0,,,75.0,,4,75.0,0.0,,,3,1,,4,0.0,60.0,3,3,0,100.0,0,1,0.25,6
Teddy Allen,Winnipeg Sea Bears,2026-2027,defense,Play types,Go Away from Pick,4,Side,P&R Ball Handler > Right P&R > Side > Go Away from Pick,P&R Ball Handler,Right P&R,Side,Go Away from Pick,,,3,60.0,1.333,66.7,0.0,0.0,1,0.0,,,66.7,,3,66.7,0.0,,,2,1,,3,0.0,66.7,2,2,0,100.0,0,1,0.33,4
Teddy Allen,Winnipeg Sea Bears,2026-2027,defense,Play types,To Basket,5,Go Away from Pick,P&R Ball Handler > Right P&R > Side > Go Away from Pick > To Basket,P&R Ball Handler,Right P&R,Side,Go Away from Pick,To Basket,,2,66.7,2.0,100.0,0.0,0.0,0,,,,100.0,,2,100.0,0.0,,,2,0,,2,0.0,100.0,2,2,0,100.0,0,0,0.0,4
Teddy Allen,Winnipeg Sea Bears,2026-2027,defense,Play types,Dribble Jumper,5,Go Away from Pick,P&R Ball Handler > Right P&R > Side > Go Away from Pick > Dribble Jumper,P&R Ball Handler,Right P&R,Side,Go Away from Pick,Dribble Jumper,,1,33.3,0.0,0.0,0.0,0.0,1,0.0,,,0.0,,1,0.0,0.0,,,0,1,,1,0.0,0.0,0,0,0,,0,1,1.0,0
Teddy Allen,Winnipeg Sea Bears,2026-2027,defense,Play types,Dribble Off Pick,4,Side,P&R Ball Handler > Right P&R > Side > Dribble Off Pick,P&R Ball Handler,Right P&R,Side,Dribble Off Pick,,,2,40.0,1.0,100.0,50.0,0.0,0,,,,100.0,,1,100.0,0.0,,,1,0,,1,0.0,50.0,1,1,0,100.0,0,0,0.0,2
Teddy Allen,Winnipeg Sea Bears,2026-2027,defense,Play types,Defense Commits,5,Dribble Off Pick,P&R Ball Handler > Right P&R > Side > Dribble Off Pick > Defense Commits,P&R Ball Handler,Right P&R,Side,Dribble Off Pick,Defense Commits,,1,50.0,0.0,,100.0,0.0,0,,,,,,0,,0.0,,,0,0,,0,,0.0,0,0,0,,0,0,,0
Teddy Allen,Winnipeg Sea Bears,2026-2027,defense,Play types,Dribble Jumper,5,Dribble Off Pick,P&R Ball Handler > Right P&R > Side > Dribble Off Pick > Dribble Jumper,P&R Ball Handler,Right P&R,Side,Dribble Off Pick,Dribble Jumper,,1,50.0,2.0,100.0,0.0,0.0,0,,,,100.0,,1,100.0,0.0,,,1,0,,1,0.0,100.0,1,1,0,100.0,0,0,0.0,2
Teddy Allen,Winnipeg Sea Bears,2026-2027,defense,Play types,Left P&R,2,P&R Ball Handler,P&R Ball Handler > Left P&R,P&R Ball Handler,Left P&R,,,,,5,9.3,1.4,70.0,0.0,0.0,2,50.0,,,60.0,,5,70.0,0.0,,,3,2,,5,0.0,60.0,3,2,1,66.7,1,1,0.4,7
Teddy Allen,Winnipeg Sea Bears,2026-2027,defense,Play types,Side,3,Left P&R,P&R Ball Handler > Left P&R > Side,P&R Ball Handler,Left P&R,Side,,,,3,60.0,1.667,83.3,0.0,0.0,1,100.0,,,66.7,,3,83.3,0.0,,,2,1,,3,0.0,66.7,2,1,1,50.0,1,0,0.33,5
Teddy Allen,Winnipeg Sea Bears,2026-2027,defense,Play types,Dribble Off Pick,4,Side,P&R Ball Handler > Left P&R > Side > Dribble Off Pick,P&R Ball Handler,Left P&R,Side,Dribble Off Pick,,,3,100.0,1.667,83.3,0.0,0.0,1,100.0,,,66.7,,3,83.3,0.0,,,2,1,,3,0.0,66.7,2,1,1,50.0,1,0,0.33,5
Teddy Allen,Winnipeg Sea Bears,2026-2027,defense,Play types,To Basket,5,Dribble Off Pick,P&R Ball Handler > Left P&R > Side > Dribble Off Pick > To Basket,P&R Ball Handler,Left P&R,Side,Dribble Off Pick,To Basket,,2,66.7,1.0,50.0,0.0,0.0,0,,,,50.0,,2,50.0,0.0,,,1,1,,2,0.0,50.0,2,1,1,50.0,0,0,0.0,2
Teddy Allen,Winnipeg Sea Bears,2026-2027,defense,Play types,Dribble Jumper,5,Dribble Off Pick,P&R Ball Handler > Left P&R > Side > Dribble Off Pick > Dribble Jumper,P&R Ball Handler,Left P&R,Side,Dribble Off Pick,Dribble Jumper,,1,33.3,3.0,150.0,0.0,0.0,1,100.0,,,100.0,,1,150.0,0.0,,,1,0,,1,0.0,100.0,0,0,0,,1,0,1.0,3
Teddy Allen,Winnipeg Sea Bears,2026-2027,defense,Play types,Baseline,3,Left P&R,P&R Ball Handler > Left P&R > Baseline,P&R Ball Handler,Left P&R,Baseline,,,,2,40.0,1.0,50.0,0.0,0.0,1,0.0,,,50.0,,2,50.0,0.0,,,1,1,,2,0.0,50.0,1,1,0,100.0,0,1,0.5,2
Teddy Allen,Winnipeg Sea Bears,2026-2027,defense,Play types,Dribble Off Pick,4,Baseline,P&R Ball Handler > Left P&R > Baseline > Dribble Off Pick,P&R Ball Handler,Left P&R,Baseline,Dribble Off Pick,,,2,100.0,1.0,50.0,0.0,0.0,1,0.0,,,50.0,,2,50.0,0.0,,,1,1,,2,0.0,50.0,1,1,0,100.0,0,1,0.5,2
Teddy Allen,Winnipeg Sea Bears,2026-2027,defense,Play types,Dribble Jumper,5,Dribble Off Pick,P&R Ball Handler > Left P&R > Baseline > Dribble Off Pick > Dribble Jumper,P&R Ball Handler,Left P&R,Baseline,Dribble Off Pick,Dribble Jumper,,1,50.0,0.0,0.0,0.0,0.0,1,0.0,,,0.0,,1,0.0,0.0,,,0,1,,1,0.0,0.0,0,0,0,,0,1,1.0,0
Teddy Allen,Winnipeg Sea Bears,2026-2027,defense,Play types,To Basket,5,Dribble Off Pick,P&R Ball Handler > Left P&R > Baseline > Dribble Off Pick > To Basket,P&R Ball Handler,Left P&R,Baseline,Dribble Off Pick,To Basket,,1,50.0,2.0,100.0,0.0,0.0,0,,,,100.0,,1,100.0,0.0,,,1,0,,1,0.0,100.0,1,1,0,100.0,0,0,0.0,2
Teddy Allen,Winnipeg Sea Bears,2026-2027,defense,Play types,Isolation,1,,Isolation,Isolation,,,,,,26,11.9,0.962,49.8,3.8,11.5,8,25.0,Average,34.0,36.4,57.0,22,40.9,11.5,,,8,14,,25,0.32,42.3,14,6,8,42.9,2,6,0.36,25
Teddy Allen,Winnipeg Sea Bears,2026-2027,defense,Play types,Isolation - Overall,2,Isolation,Isolation > Isolation - Overall,Isolation,Isolation - Overall,,,,,26,100.0,0.962,49.8,3.8,11.5,8,25.0,,,36.4,,22,40.9,11.5,,,8,14,,25,0.32,42.3,14,6,8,42.9,2,6,0.36,25
Teddy Allen,Winnipeg Sea Bears,2026-2027,defense,Play types,Drives Left,3,Isolation - Overall,Isolation > Isolation - Overall > Drives Left,Isolation,Isolation - Overall,Drives Left,,,,12,46.2,0.75,39.8,8.3,8.3,2,0.0,,,30.0,,10,30.0,8.3,,,3,7,,11,0.3,33.3,8,3,5,37.5,0,2,0.2,9
Teddy Allen,Winnipeg Sea Bears,2026-2027,defense,Play types,Drives Right,3,Isolation - Overall,Isolation > Isolation - Overall > Drives Right,Isolation,Isolation - Overall,Drives Right,,,,8,30.8,1.25,64.4,0.0,25.0,1,0.0,,,50.0,,6,50.0,25.0,,,3,3,,8,0.67,62.5,5,3,2,60.0,0,1,0.17,10
Teddy Allen,Winnipeg Sea Bears,2026-2027,defense,Play types,Early Jumper,3,Isolation - Overall,Isolation > Isolation - Overall > Early Jumper,Isolation,Isolation - Overall,Early Jumper,,,,6,23.1,1.0,50.0,0.0,0.0,5,40.0,,,33.3,,6,50.0,0.0,,,2,4,,6,0.0,33.3,1,0,1,0.0,2,3,0.83,6
Teddy Allen,Winnipeg Sea Bears,2026-2027,defense,Play types,Top,2,Isolation,Isolation > Top,Isolation,Top,,,,,16,61.5,1.188,59.1,0.0,18.8,3,0.0,,,46.2,,13,46.2,18.8,,,6,7,,16,0.54,56.3,10,6,4,60.0,0,3,0.23,19
Teddy Allen,Winnipeg Sea Bears,2026-2027,defense,Play types,Drives Left,3,Top,Isolation > Top > Drives Left,Isolation,Top,Drives Left,,,,9,56.3,1.0,48.3,0.0,11.1,2,0.0,,,37.5,,8,37.5,11.1,,,3,5,,9,0.38,44.4,6,3,3,50.0,0,2,0.25,9
Teddy Allen,Winnipeg Sea Bears,2026-2027,defense,Play types,To Basket,4,Drives Left,Isolation > Top > Drives Left > To Basket,Isolation,Top,Drives Left,To Basket,,,5,55.6,1.2,60.0,0.0,0.0,0,,,,60.0,,5,60.0,0.0,,,3,2,,5,0.0,60.0,5,3,2,60.0,0,0,0.0,6
Teddy Allen,Winnipeg Sea Bears,2026-2027,defense,Play types,Make 2 Pts,5,To Basket,Isolation > Top > Drives Left > To Basket > Make 2 Pts,Isolation,Top,Drives Left,To Basket,Make 2 Pts,,3,60.0,2.0,100.0,0.0,0.0,0,,,,100.0,,3,100.0,0.0,,,3,0,,3,0.0,100.0,3,3,0,100.0,0,0,0.0,6
Teddy Allen,Winnipeg Sea Bears,2026-2027,defense,Play types,Miss 2 Pts,5,To Basket,Isolation > Top > Drives Left > To Basket > Miss 2 Pts,Isolation,Top,Drives Left,To Basket,Miss 2 Pts,,2,40.0,0.0,0.0,0.0,0.0,0,,,,0.0,,2,0.0,0.0,,,0,2,,2,0.0,0.0,2,0,2,0.0,0,0,0.0,0
Teddy Allen,Winnipeg Sea Bears,2026-2027,defense,Play types,Dribble Jumper,4,Drives Left,Isolation > Top > Drives Left > Dribble Jumper,Isolation,Top,Drives Left,Dribble Jumper,,,4,44.4,0.75,34.7,0.0,25.0,2,0.0,,,0.0,,3,0.0,25.0,,,0,3,,4,1.0,25.0,1,0,1,0.0,0,2,0.67,3
Teddy Allen,Winnipeg Sea Bears,2026-2027,defense,Play types,Long/3pt,5,Dribble Jumper,Isolation > Top > Drives Left > Dribble Jumper > Long/3pt,Isolation,Top,Drives Left,Dribble Jumper,Long/3pt,,3,75.0,1.0,45.2,0.0,33.3,2,0.0,,,0.0,,2,0.0,33.3,,,0,2,,3,1.5,33.3,0,0,0,,0,2,1.0,3
Teddy Allen,Winnipeg Sea Bears,2026-2027,defense,Play types,Short to < 17,5,Dribble Jumper,Isolation > Top > Drives Left > Dribble Jumper > Short to < 17,Isolation,Top,Drives Left,Dribble Jumper,Short to < 17,,1,25.0,0.0,0.0,0.0,0.0,0,,,,0.0,,1,0.0,0.0,,,0,1,,1,0.0,0.0,1,0,1,0.0,0,0,0.0,0
Teddy Allen,Winnipeg Sea Bears,2026-2027,defense,Play types,Drives Right,3,Top,Isolation > Top > Drives Right,Isolation,Top,Drives Right,,,,6,37.5,1.667,86.8,0.0,33.3,0,,,,75.0,,4,75.0,33.3,,,3,1,,6,1.0,83.3,4,3,1,75.0,0,0,0.0,10
Teddy Allen,Winnipeg Sea Bears,2026-2027,defense,Play types,To Basket,4,Drives Right,Isolation > Top > Drives Right > To Basket,Isolation,Top,Drives Right,To Basket,,,5,83.3,1.6,84.0,0.0,40.0,0,,,,66.7,,3,66.7,40.0,,,2,1,,5,1.33,80.0,3,2,1,66.7,0,0,0.0,8
Teddy Allen,Winnipeg Sea Bears,2026-2027,defense,Play types,Foul,5,To Basket,Isolation > Top > Drives Right > To Basket > Foul,Isolation,Top,Drives Right,To Basket,Foul,,2,40.0,2.0,113.6,0.0,100.0,0,,,,,,0,,100.0,,,0,0,,2,,100.0,0,0,0,,0,0,,4
Teddy Allen,Winnipeg Sea Bears,2026-2027,defense,Play types,Make 2 Pts,5,To Basket,Isolation > Top > Drives Right > To Basket > Make 2 Pts,Isolation,Top,Drives Right,To Basket,Make 2 Pts,,2,40.0,2.0,100.0,0.0,0.0,0,,,,100.0,,2,100.0,0.0,,,2,0,,2,0.0,100.0,2,2,0,100.0,0,0,0.0,4
Teddy Allen,Winnipeg Sea Bears,2026-2027,defense,Play types,Miss 2 Pts,5,To Basket,Isolation > Top > Drives Right > To Basket > Miss 2 Pts,Isolation,Top,Drives Right,To Basket,Miss 2 Pts,,1,20.0,0.0,0.0,0.0,0.0,0,,,,0.0,,1,0.0,0.0,,,0,1,,1,0.0,0.0,1,0,1,0.0,0,0,0.0,0
Teddy Allen,Winnipeg Sea Bears,2026-2027,defense,Play types,Dribble Jumper,4,Drives Right,Isolation > Top > Drives Right > Dribble Jumper,Isolation,Top,Drives Right,Dribble Jumper,,,1,16.7,2.0,100.0,0.0,0.0,0,,,,100.0,,1,100.0,0.0,,,1,0,,1,0.0,100.0,1,1,0,100.0,0,0,0.0,2
Teddy Allen,Winnipeg Sea Bears,2026-2027,defense,Play types,Short to < 17,5,Dribble Jumper,Isolation > Top > Drives Right > Dribble Jumper > Short to < 17,Isolation,Top,Drives Right,Dribble Jumper,Short to < 17,,1,100.0,2.0,100.0,0.0,0.0,0,,,,100.0,,1,100.0,0.0,,,1,0,,1,0.0,100.0,1,1,0,100.0,0,0,0.0,2
Teddy Allen,Winnipeg Sea Bears,2026-2027,defense,Play types,Early Jumper,3,Top,Isolation > Top > Early Jumper,Isolation,Top,Early Jumper,,,,1,6.3,0.0,0.0,0.0,0.0,1,0.0,,,0.0,,1,0.0,0.0,,,0,1,,1,0.0,0.0,0,0,0,,0,1,1.0,0
Teddy Allen,Winnipeg Sea Bears,2026-2027,defense,Play types,Dribble Jumper,4,Early Jumper,Isolation > Top > Early Jumper > Dribble Jumper,Isolation,Top,Early Jumper,Dribble Jumper,,,1,100.0,0.0,0.0,0.0,0.0,1,0.0,,,0.0,,1,0.0,0.0,,,0,1,,1,0.0,0.0,0,0,0,,0,1,1.0,0
Teddy Allen,Winnipeg Sea Bears,2026-2027,defense,Play types,Long/3pt,5,Dribble Jumper,Isolation > Top > Early Jumper > Dribble Jumper > Long/3pt,Isolation,Top,Early Jumper,Dribble Jumper,Long/3pt,,1,100.0,0.0,0.0,0.0,0.0,1,0.0,,,0.0,,1,0.0,0.0,,,0,1,,1,0.0,0.0,0,0,0,,0,1,1.0,0
Teddy Allen,Winnipeg Sea Bears,2026-2027,defense,Play types,Right,2,Isolation,Isolation > Right,Isolation,Right,,,,,6,23.1,0.5,25.0,0.0,0.0,3,33.3,,,16.7,,6,25.0,0.0,,,1,5,,6,0.0,16.7,3,0,3,0.0,1,2,0.5,3
Teddy Allen,Winnipeg Sea Bears,2026-2027,defense,Play types,Early Jumper,3,Right,Isolation > Right > Early Jumper,Isolation,Right,Early Jumper,,,,3,50.0,1.0,50.0,0.0,0.0,2,50.0,,,33.3,,3,50.0,0.0,,,1,2,,3,0.0,33.3,1,0,1,0.0,1,1,0.67,3
Teddy Allen,Winnipeg Sea Bears,2026-2027,defense,Play types,Dribble Jumper,4,Early Jumper,Isolation > Right > Early Jumper > Dribble Jumper,Isolation,Right,Early Jumper,Dribble Jumper,,,3,100.0,1.0,50.0,0.0,0.0,2,50.0,,,33.3,,3,50.0,0.0,,,1,2,,3,0.0,33.3,1,0,1,0.0,1,1,0.67,3
Teddy Allen,Winnipeg Sea Bears,2026-2027,defense,Play types,Long/3pt,5,Dribble Jumper,Isolation > Right > Early Jumper > Dribble Jumper > Long/3pt,Isolation,Right,Early Jumper,Dribble Jumper,Long/3pt,,2,66.7,1.5,75.0,0.0,0.0,2,50.0,,,50.0,,2,75.0,0.0,,,1,1,,2,0.0,50.0,0,0,0,,1,1,1.0,3
Teddy Allen,Winnipeg Sea Bears,2026-2027,defense,Play types,Medium/17' to 3pt,5,Dribble Jumper,Isolation > Right > Early Jumper > Dribble Jumper > Medium/17' to 3pt,Isolation,Right,Early Jumper,Dribble Jumper,Medium/17' to 3pt,,1,33.3,0.0,0.0,0.0,0.0,0,,,,0.0,,1,0.0,0.0,,,0,1,,1,0.0,0.0,1,0,1,0.0,0,0,0.0,0
Teddy Allen,Winnipeg Sea Bears,2026-2027,defense,Play types,Drives Right,3,Right,Isolation > Right > Drives Right,Isolation,Right,Drives Right,,,,2,33.3,0.0,0.0,0.0,0.0,1,0.0,,,0.0,,2,0.0,0.0,,,0,2,,2,0.0,0.0,1,0,1,0.0,0,1,0.5,0
Teddy Allen,Winnipeg Sea Bears,2026-2027,defense,Play types,To Basket,4,Drives Right,Isolation > Right > Drives Right > To Basket,Isolation,Right,Drives Right,To Basket,,,1,50.0,0.0,0.0,0.0,0.0,0,,,,0.0,,1,0.0,0.0,,,0,1,,1,0.0,0.0,1,0,1,0.0,0,0,0.0,0
Teddy Allen,Winnipeg Sea Bears,2026-2027,defense,Play types,Miss 2 Pts,5,To Basket,Isolation > Right > Drives Right > To Basket > Miss 2 Pts,Isolation,Right,Drives Right,To Basket,Miss 2 Pts,,1,100.0,0.0,0.0,0.0,0.0,0,,,,0.0,,1,0.0,0.0,,,0,1,,1,0.0,0.0,1,0,1,0.0,0,0,0.0,0
Teddy Allen,Winnipeg Sea Bears,2026-2027,defense,Play types,Dribble Jumper,4,Drives Right,Isolation > Right > Drives Right > Dribble Jumper,Isolation,Right,Drives Right,Dribble Jumper,,,1,50.0,0.0,0.0,0.0,0.0,1,0.0,,,0.0,,1,0.0,0.0,,,0,1,,1,0.0,0.0,0,0,0,,0,1,1.0,0
Teddy Allen,Winnipeg Sea Bears,2026-2027,defense,Play types,Long/3pt,5,Dribble Jumper,Isolation > Right > Drives Right > Dribble Jumper > Long/3pt,Isolation,Right,Drives Right,Dribble Jumper,Long/3pt,,1,100.0,0.0,0.0,0.0,0.0,1,0.0,,,0.0,,1,0.0,0.0,,,0,1,,1,0.0,0.0,0,0,0,,0,1,1.0,0
Teddy Allen,Winnipeg Sea Bears,2026-2027,defense,Play types,Drives Left,3,Right,Isolation > Right > Drives Left,Isolation,Right,Drives Left,,,,1,16.7,0.0,0.0,0.0,0.0,0,,,,0.0,,1,0.0,0.0,,,0,1,,1,0.0,0.0,1,0,1,0.0,0,0,0.0,0
Teddy Allen,Winnipeg Sea Bears,2026-2027,defense,Play types,Dribble Jumper,4,Drives Left,Isolation > Right > Drives Left > Dribble Jumper,Isolation,Right,Drives Left,Dribble Jumper,,,1,100.0,0.0,0.0,0.0,0.0,0,,,,0.0,,1,0.0,0.0,,,0,1,,1,0.0,0.0,1,0,1,0.0,0,0,0.0,0
Teddy Allen,Winnipeg Sea Bears,2026-2027,defense,Play types,Short to < 17,5,Dribble Jumper,Isolation > Right > Drives Left > Dribble Jumper > Short to < 17,Isolation,Right,Drives Left,Dribble Jumper,Short to < 17,,1,100.0,0.0,0.0,0.0,0.0,0,,,,0.0,,1,0.0,0.0,,,0,1,,1,0.0,0.0,1,0,1,0.0,0,0,0.0,0
Teddy Allen,Winnipeg Sea Bears,2026-2027,defense,Play types,Left,2,Isolation,Isolation > Left,Isolation,Left,,,,,4,15.4,0.75,50.0,25.0,0.0,2,50.0,,,33.3,,3,50.0,0.0,,,1,2,,3,0.0,25.0,1,0,1,0.0,1,1,0.67,3
Teddy Allen,Winnipeg Sea Bears,2026-2027,defense,Play types,Early Jumper,3,Left,Isolation > Left > Early Jumper,Isolation,Left,Early Jumper,,,,2,50.0,1.5,75.0,0.0,0.0,2,50.0,,,50.0,,2,75.0,0.0,,,1,1,,2,0.0,50.0,0,0,0,,1,1,1.0,3
Teddy Allen,Winnipeg Sea Bears,2026-2027,defense,Play types,Dribble Jumper,4,Early Jumper,Isolation > Left > Early Jumper > Dribble Jumper,Isolation,Left,Early Jumper,Dribble Jumper,,,2,100.0,1.5,75.0,0.0,0.0,2,50.0,,,50.0,,2,75.0,0.0,,,1,1,,2,0.0,50.0,0,0,0,,1,1,1.0,3
Teddy Allen,Winnipeg Sea Bears,2026-2027,defense,Play types,Long/3pt,5,Dribble Jumper,Isolation > Left > Early Jumper > Dribble Jumper > Long/3pt,Isolation,Left,Early Jumper,Dribble Jumper,Long/3pt,,2,100.0,1.5,75.0,0.0,0.0,2,50.0,,,50.0,,2,75.0,0.0,,,1,1,,2,0.0,50.0,0,0,0,,1,1,1.0,3
Teddy Allen,Winnipeg Sea Bears,2026-2027,defense,Play types,Drives Left,3,Left,Isolation > Left > Drives Left,Isolation,Left,Drives Left,,,,2,50.0,0.0,0.0,50.0,0.0,0,,,,0.0,,1,0.0,0.0,,,0,1,,1,0.0,0.0,1,0,1,0.0,0,0,0.0,0
Teddy Allen,Winnipeg Sea Bears,2026-2027,defense,Play types,Defense Commits,4,Drives Left,Isolation > Left > Drives Left > Defense Commits,Isolation,Left,Drives Left,Defense Commits,,,1,50.0,0.0,,100.0,0.0,0,,,,,,0,,0.0,,,0,0,,0,,0.0,0,0,0,,0,0,,0
Teddy Allen,Winnipeg Sea Bears,2026-2027,defense,Play types,Turnover,5,Defense Commits,Isolation > Left > Drives Left > Defense Commits > Turnover,Isolation,Left,Drives Left,Defense Commits,Turnover,,1,100.0,0.0,,100.0,0.0,0,,,,,,0,,0.0,,,0,0,,0,,0.0,0,0,0,,0,0,,0
Teddy Allen,Winnipeg Sea Bears,2026-2027,defense,Play types,Dribble Jumper,4,Drives Left,Isolation > Left > Drives Left > Dribble Jumper,Isolation,Left,Drives Left,Dribble Jumper,,,1,50.0,0.0,0.0,0.0,0.0,0,,,,0.0,,1,0.0,0.0,,,0,1,,1,0.0,0.0,1,0,1,0.0,0,0,0.0,0
Teddy Allen,Winnipeg Sea Bears,2026-2027,defense,Play types,Short to < 17,5,Dribble Jumper,Isolation > Left > Drives Left > Dribble Jumper > Short to < 17,Isolation,Left,Drives Left,Dribble Jumper,Short to < 17,,1,100.0,0.0,0.0,0.0,0.0,0,,,,0.0,,1,0.0,0.0,,,0,1,,1,0.0,0.0,1,0,1,0.0,0,0,0.0,0
Teddy Allen,Winnipeg Sea Bears,2026-2027,defense,Play types,Handoffs,1,,Handoffs,Handoffs,,,,,,25,11.4,0.96,49.6,4.0,12.0,10,40.0,Average,36.0,36.4,92.0,22,45.5,12.0,,,8,14,,24,0.23,40.0,12,4,8,33.3,4,6,0.45,24
Teddy Allen,Winnipeg Sea Bears,2026-2027,defense,Play types,From Dribble,2,Handoffs,Handoffs > From Dribble,Handoffs,From Dribble,,,,,17,68.0,0.882,46.0,5.9,11.8,9,33.3,,,33.3,,15,43.3,11.8,,,5,10,,16,0.2,35.3,6,2,4,33.3,3,6,0.6,15
Teddy Allen,Winnipeg Sea Bears,2026-2027,defense,Play types,Right,3,From Dribble,Handoffs > From Dribble > Right,Handoffs,From Dribble,Right,,,,7,41.2,1.286,60.5,0.0,14.3,4,50.0,,,42.9,,7,57.1,14.3,,,3,4,,7,0.14,42.9,3,1,2,33.3,2,2,0.57,9
Teddy Allen,Winnipeg Sea Bears,2026-2027,defense,Play types,Dribble Jumper,4,Right,Handoffs > From Dribble > Right > Dribble Jumper,Handoffs,From Dribble,Right,Dribble Jumper,,,3,42.9,2.0,100.0,0.0,0.0,2,100.0,,,66.7,,3,100.0,0.0,,,2,1,,3,0.0,66.7,1,0,1,0.0,2,0,0.67,6
Teddy Allen,Winnipeg Sea Bears,2026-2027,defense,Play types,Long/3pt,5,Dribble Jumper,Handoffs > From Dribble > Right > Dribble Jumper > Long/3pt,Handoffs,From Dribble,Right,Dribble Jumper,Long/3pt,,2,66.7,3.0,150.0,0.0,0.0,2,100.0,,,100.0,,2,150.0,0.0,,,2,0,,2,0.0,100.0,0,0,0,,2,0,1.0,6
Teddy Allen,Winnipeg Sea Bears,2026-2027,defense,Play types,Medium/17' to 3pt,5,Dribble Jumper,Handoffs > From Dribble > Right > Dribble Jumper > Medium/17' to 3pt,Handoffs,From Dribble,Right,Dribble Jumper,Medium/17' to 3pt,,1,33.3,0.0,0.0,0.0,0.0,0,,,,0.0,,1,0.0,0.0,,,0,1,,1,0.0,0.0,1,0,1,0.0,0,0,0.0,0
Teddy Allen,Winnipeg Sea Bears,2026-2027,defense,Play types,To Basket,4,Right,Handoffs > From Dribble > Right > To Basket,Handoffs,From Dribble,Right,To Basket,,,2,28.6,1.5,61.5,0.0,50.0,0,,,,50.0,,2,50.0,50.0,,,1,1,,2,0.5,50.0,2,1,1,50.0,0,0,0.0,3
Teddy Allen,Winnipeg Sea Bears,2026-2027,defense,Play types,Miss 2 Pts,5,To Basket,Handoffs > From Dribble > Right > To Basket > Miss 2 Pts,Handoffs,From Dribble,Right,To Basket,Miss 2 Pts,,1,50.0,0.0,0.0,0.0,0.0,0,,,,0.0,,1,0.0,0.0,,,0,1,,1,0.0,0.0,1,0,1,0.0,0,0,0.0,0
Teddy Allen,Winnipeg Sea Bears,2026-2027,defense,Play types,Make 2 Pts Foul,5,To Basket,Handoffs > From Dribble > Right > To Basket > Make 2 Pts Foul,Handoffs,From Dribble,Right,To Basket,Make 2 Pts Foul,,1,50.0,3.0,104.2,0.0,100.0,0,,,,100.0,,1,100.0,100.0,,,1,0,,1,1.0,100.0,1,1,0,100.0,0,0,0.0,3
Teddy Allen,Winnipeg Sea Bears,2026-2027,defense,Play types,No Dribble Jumper,4,Right,Handoffs > From Dribble > Right > No Dribble Jumper,Handoffs,From Dribble,Right,No Dribble Jumper,,,2,28.6,0.0,0.0,0.0,0.0,2,0.0,,,0.0,,2,0.0,0.0,,,0,2,,2,0.0,0.0,0,0,0,,0,2,1.0,0
Teddy Allen,Winnipeg Sea Bears,2026-2027,defense,Play types,Guarded,5,No Dribble Jumper,Handoffs > From Dribble > Right > No Dribble Jumper > Guarded,Handoffs,From Dribble,Right,No Dribble Jumper,Guarded,,2,100.0,0.0,0.0,0.0,0.0,2,0.0,,,0.0,,2,0.0,0.0,,,0,2,,2,0.0,0.0,0,0,0,,0,2,1.0,0
Teddy Allen,Winnipeg Sea Bears,2026-2027,defense,Play types,Top,3,From Dribble,Handoffs > From Dribble > Top,Handoffs,From Dribble,Top,,,,6,35.3,0.333,20.0,16.7,0.0,2,0.0,,,20.0,,5,20.0,0.0,,,1,4,,5,0.0,16.7,3,1,2,33.3,0,2,0.4,2
Teddy Allen,Winnipeg Sea Bears,2026-2027,defense,Play types,To Basket,4,Top,Handoffs > From Dribble > Top > To Basket,Handoffs,From Dribble,Top,To Basket,,,3,50.0,0.0,0.0,33.3,0.0,0,,,,0.0,,2,0.0,0.0,,,0,2,,2,0.0,0.0,2,0,2,0.0,0,0,0.0,0
Teddy Allen,Winnipeg Sea Bears,2026-2027,defense,Play types,Miss 2 Pts,5,To Basket,Handoffs > From Dribble > Top > To Basket > Miss 2 Pts,Handoffs,From Dribble,Top,To Basket,Miss 2 Pts,,2,66.7,0.0,0.0,0.0,0.0,0,,,,0.0,,2,0.0,0.0,,,0,2,,2,0.0,0.0,2,0,2,0.0,0,0,0.0,0
Teddy Allen,Winnipeg Sea Bears,2026-2027,defense,Play types,Turnover,5,To Basket,Handoffs > From Dribble > Top > To Basket > Turnover,Handoffs,From Dribble,Top,To Basket,Turnover,,1,33.3,0.0,,100.0,0.0,0,,,,,,0,,0.0,,,0,0,,0,,0.0,0,0,0,,0,0,,0
Teddy Allen,Winnipeg Sea Bears,2026-2027,defense,Play types,No Dribble Jumper,4,Top,Handoffs > From Dribble > Top > No Dribble Jumper,Handoffs,From Dribble,Top,No Dribble Jumper,,,2,33.3,0.0,0.0,0.0,0.0,2,0.0,,,0.0,,2,0.0,0.0,,,0,2,,2,0.0,0.0,0,0,0,,0,2,1.0,0
Teddy Allen,Winnipeg Sea Bears,2026-2027,defense,Play types,Guarded,5,No Dribble Jumper,Handoffs > From Dribble > Top > No Dribble Jumper > Guarded,Handoffs,From Dribble,Top,No Dribble Jumper,Guarded,,1,50.0,0.0,0.0,0.0,0.0,1,0.0,,,0.0,,1,0.0,0.0,,,0,1,,1,0.0,0.0,0,0,0,,0,1,1.0,0
Teddy Allen,Winnipeg Sea Bears,2026-2027,defense,Play types,Open,5,No Dribble Jumper,Handoffs > From Dribble > Top > No Dribble Jumper > Open,Handoffs,From Dribble,Top,No Dribble Jumper,Open,,1,50.0,0.0,0.0,0.0,0.0,1,0.0,,,0.0,,1,0.0,0.0,,,0,1,,1,0.0,0.0,0,0,0,,0,1,1.0,0
Teddy Allen,Winnipeg Sea Bears,2026-2027,defense,Play types,Dribble Jumper,4,Top,Handoffs > From Dribble > Top > Dribble Jumper,Handoffs,From Dribble,Top,Dribble Jumper,,,1,16.7,2.0,100.0,0.0,0.0,0,,,,100.0,,1,100.0,0.0,,,1,0,,1,0.0,100.0,1,1,0,100.0,0,0,0.0,2
Teddy Allen,Winnipeg Sea Bears,2026-2027,defense,Play types,Short to < 17,5,Dribble Jumper,Handoffs > From Dribble > Top > Dribble Jumper > Short to < 17,Handoffs,From Dribble,Top,Dribble Jumper,Short to < 17,,1,100.0,2.0,100.0,0.0,0.0,0,,,,100.0,,1,100.0,0.0,,,1,0,,1,0.0,100.0,1,1,0,100.0,0,0,0.0,2
Teddy Allen,Winnipeg Sea Bears,2026-2027,defense,Play types,Left,3,From Dribble,Handoffs > From Dribble > Left,Handoffs,From Dribble,Left,,,,4,23.5,1.0,51.5,0.0,25.0,3,33.3,,,33.3,,3,50.0,25.0,,,1,2,,4,0.67,50.0,0,0,0,,1,2,1.0,4
Teddy Allen,Winnipeg Sea Bears,2026-2027,defense,Play types,Dribble Jumper,4,Left,Handoffs > From Dribble > Left > Dribble Jumper,Handoffs,From Dribble,Left,Dribble Jumper,,,2,50.0,2.0,106.4,0.0,50.0,1,100.0,,,100.0,,1,150.0,50.0,,,1,0,,2,2.0,100.0,0,0,0,,1,0,1.0,4
Teddy Allen,Winnipeg Sea Bears,2026-2027,defense,Play types,Short to < 17,5,Dribble Jumper,Handoffs > From Dribble > Left > Dribble Jumper > Short to < 17,Handoffs,From Dribble,Left,Dribble Jumper,Short to < 17,,1,50.0,1.0,56.8,0.0,100.0,0,,,,,,0,,100.0,,,0,0,,1,,100.0,0,0,0,,0,0,,1
Teddy Allen,Winnipeg Sea Bears,2026-2027,defense,Play types,Long/3pt,5,Dribble Jumper,Handoffs > From Dribble > Left > Dribble Jumper > Long/3pt,Handoffs,From Dribble,Left,Dribble Jumper,Long/3pt,,1,50.0,3.0,150.0,0.0,0.0,1,100.0,,,100.0,,1,150.0,0.0,,,1,0,,1,0.0,100.0,0,0,0,,1,0,1.0,3
Teddy Allen,Winnipeg Sea Bears,2026-2027,defense,Play types,No Dribble Jumper,4,Left,Handoffs > From Dribble > Left > No Dribble Jumper,Handoffs,From Dribble,Left,No Dribble Jumper,,,2,50.0,0.0,0.0,0.0,0.0,2,0.0,,,0.0,,2,0.0,0.0,,,0,2,,2,0.0,0.0,0,0,0,,0,2,1.0,0
Teddy Allen,Winnipeg Sea Bears,2026-2027,defense,Play types,Open,5,No Dribble Jumper,Handoffs > From Dribble > Left > No Dribble Jumper > Open,Handoffs,From Dribble,Left,No Dribble Jumper,Open,,2,100.0,0.0,0.0,0.0,0.0,2,0.0,,,0.0,,2,0.0,0.0,,,0,2,,2,0.0,0.0,0,0,0,,0,2,1.0,0
Teddy Allen,Winnipeg Sea Bears,2026-2027,defense,Play types,From Stationary,2,Handoffs,Handoffs > From Stationary,Handoffs,From Stationary,,,,,8,32.0,1.125,57.1,0.0,12.5,1,100.0,,,42.9,,7,50.0,12.5,,,3,4,,8,0.29,50.0,6,2,4,33.3,1,0,0.14,9
Teddy Allen,Winnipeg Sea Bears,2026-2027,defense,Play types,Top,3,From Stationary,Handoffs > From Stationary > Top,Handoffs,From Stationary,Top,,,,5,62.5,1.0,51.2,0.0,20.0,1,100.0,,,25.0,,4,37.5,20.0,,,1,3,,5,0.5,40.0,3,0,3,0.0,1,0,0.25,5
Teddy Allen,Winnipeg Sea Bears,2026-2027,defense,Play types,To Basket,4,Top,Handoffs > From Stationary > Top > To Basket,Handoffs,From Stationary,Top,To Basket,,,4,80.0,0.5,25.8,0.0,25.0,0,,,,0.0,,3,0.0,25.0,,,0,3,,4,0.67,25.0,3,0,3,0.0,0,0,0.0,2
Teddy Allen,Winnipeg Sea Bears,2026-2027,defense,Play types,Miss 2 Pts,5,To Basket,Handoffs > From Stationary > Top > To Basket > Miss 2 Pts,Handoffs,From Stationary,Top,To Basket,Miss 2 Pts,,3,75.0,0.0,0.0,0.0,0.0,0,,,,0.0,,3,0.0,0.0,,,0,3,,3,0.0,0.0,3,0,3,0.0,0,0,0.0,0
Teddy Allen,Winnipeg Sea Bears,2026-2027,defense,Play types,Foul,5,To Basket,Handoffs > From Stationary > Top > To Basket > Foul,Handoffs,From Stationary,Top,To Basket,Foul,,1,25.0,2.0,113.6,0.0,100.0,0,,,,,,0,,100.0,,,0,0,,1,,100.0,0,0,0,,0,0,,2
Teddy Allen,Winnipeg Sea Bears,2026-2027,defense,Play types,Dribble Jumper,4,Top,Handoffs > From Stationary > Top > Dribble Jumper,Handoffs,From Stationary,Top,Dribble Jumper,,,1,20.0,3.0,150.0,0.0,0.0,1,100.0,,,100.0,,1,150.0,0.0,,,1,0,,1,0.0,100.0,0,0,0,,1,0,1.0,3
Teddy Allen,Winnipeg Sea Bears,2026-2027,defense,Play types,Long/3pt,5,Dribble Jumper,Handoffs > From Stationary > Top > Dribble Jumper > Long/3pt,Handoffs,From Stationary,Top,Dribble Jumper,Long/3pt,,1,100.0,3.0,150.0,0.0,0.0,1,100.0,,,100.0,,1,150.0,0.0,,,1,0,,1,0.0,100.0,0,0,0,,1,0,1.0,3
Teddy Allen,Winnipeg Sea Bears,2026-2027,defense,Play types,Left,3,From Stationary,Handoffs > From Stationary > Left,Handoffs,From Stationary,Left,,,,2,25.0,1.0,50.0,0.0,0.0,0,,,,50.0,,2,50.0,0.0,,,1,1,,2,0.0,50.0,2,1,1,50.0,0,0,0.0,2
Teddy Allen,Winnipeg Sea Bears,2026-2027,defense,Play types,Dribble Jumper,4,Left,Handoffs > From Stationary > Left > Dribble Jumper,Handoffs,From Stationary,Left,Dribble Jumper,,,1,50.0,0.0,0.0,0.0,0.0,0,,,,0.0,,1,0.0,0.0,,,0,1,,1,0.0,0.0,1,0,1,0.0,0,0,0.0,0
Teddy Allen,Winnipeg Sea Bears,2026-2027,defense,Play types,Medium/17' to 3pt,5,Dribble Jumper,Handoffs > From Stationary > Left > Dribble Jumper > Medium/17' to 3pt,Handoffs,From Stationary,Left,Dribble Jumper,Medium/17' to 3pt,,1,100.0,0.0,0.0,0.0,0.0,0,,,,0.0,,1,0.0,0.0,,,0,1,,1,0.0,0.0,1,0,1,0.0,0,0,0.0,0
Teddy Allen,Winnipeg Sea Bears,2026-2027,defense,Play types,To Basket,4,Left,Handoffs > From Stationary > Left > To Basket,Handoffs,From Stationary,Left,To Basket,,,1,50.0,2.0,100.0,0.0,0.0,0,,,,100.0,,1,100.0,0.0,,,1,0,,1,0.0,100.0,1,1,0,100.0,0,0,0.0,2
Teddy Allen,Winnipeg Sea Bears,2026-2027,defense,Play types,Make 2 Pts,5,To Basket,Handoffs > From Stationary > Left > To Basket > Make 2 Pts,Handoffs,From Stationary,Left,To Basket,Make 2 Pts,,1,100.0,2.0,100.0,0.0,0.0,0,,,,100.0,,1,100.0,0.0,,,1,0,,1,0.0,100.0,1,1,0,100.0,0,0,0.0,2
Teddy Allen,Winnipeg Sea Bears,2026-2027,defense,Play types,Right,3,From Stationary,Handoffs > From Stationary > Right,Handoffs,From Stationary,Right,,,,1,12.5,2.0,100.0,0.0,0.0,0,,,,100.0,,1,100.0,0.0,,,1,0,,1,0.0,100.0,1,1,0,100.0,0,0,0.0,2
Teddy Allen,Winnipeg Sea Bears,2026-2027,defense,Play types,To Basket,4,Right,Handoffs > From Stationary > Right > To Basket,Handoffs,From Stationary,Right,To Basket,,,1,100.0,2.0,100.0,0.0,0.0,0,,,,100.0,,1,100.0,0.0,,,1,0,,1,0.0,100.0,1,1,0,100.0,0,0,0.0,2
Teddy Allen,Winnipeg Sea Bears,2026-2027,defense,Play types,Make 2 Pts,5,To Basket,Handoffs > From Stationary > Right > To Basket > Make 2 Pts,Handoffs,From Stationary,Right,To Basket,Make 2 Pts,,1,100.0,2.0,100.0,0.0,0.0,0,,,,100.0,,1,100.0,0.0,,,1,0,,1,0.0,100.0,1,1,0,100.0,0,0,0.0,2
Teddy Allen,Winnipeg Sea Bears,2026-2027,defense,Play types,Off Screen,1,,Off Screen,Off Screen,,,,,,17,7.8,0.882,44.4,0.0,5.9,9,33.3,Good,61.0,31.3,56.0,16,40.6,5.9,,,5,11,,17,0.13,35.3,7,2,5,28.6,3,6,0.56,15
Teddy Allen,Winnipeg Sea Bears,2026-2027,defense,Play types,To Shooter's Right,2,Off Screen,Off Screen > To Shooter's Right,Off Screen,To Shooter's Right,,,,,10,58.8,1.2,60.7,0.0,10.0,5,40.0,,,44.4,,9,55.6,10.0,,,4,5,,10,0.22,50.0,4,2,2,50.0,2,3,0.56,12
Teddy Allen,Winnipeg Sea Bears,2026-2027,defense,Play types,Straight,3,To Shooter's Right,Off Screen > To Shooter's Right > Straight,Off Screen,To Shooter's Right,Straight,,,,8,80.0,1.5,76.1,0.0,12.5,5,40.0,,,57.1,,7,71.4,12.5,,,4,3,,8,0.29,62.5,2,2,0,100.0,2,3,0.71,12
Teddy Allen,Winnipeg Sea Bears,2026-2027,defense,Play types,No Dribble Jumper,4,Straight,Off Screen > To Shooter's Right > Straight > No Dribble Jumper,Off Screen,To Shooter's Right,Straight,No Dribble Jumper,,,5,62.5,1.2,60.0,0.0,0.0,5,40.0,,,40.0,,5,60.0,0.0,,,2,3,,5,0.0,40.0,0,0,0,,2,3,1.0,6
Teddy Allen,Winnipeg Sea Bears,2026-2027,defense,Play types,Open,5,No Dribble Jumper,Off Screen > To Shooter's Right > Straight > No Dribble Jumper > Open,Off Screen,To Shooter's Right,Straight,No Dribble Jumper,Open,,4,80.0,1.5,75.0,0.0,0.0,4,50.0,,,50.0,,4,75.0,0.0,,,2,2,,4,0.0,50.0,0,0,0,,2,2,1.0,6
Teddy Allen,Winnipeg Sea Bears,2026-2027,defense,Play types,Guarded,5,No Dribble Jumper,Off Screen > To Shooter's Right > Straight > No Dribble Jumper > Guarded,Off Screen,To Shooter's Right,Straight,No Dribble Jumper,Guarded,,1,20.0,0.0,0.0,0.0,0.0,1,0.0,,,0.0,,1,0.0,0.0,,,0,1,,1,0.0,0.0,0,0,0,,0,1,1.0,0
Teddy Allen,Winnipeg Sea Bears,2026-2027,defense,Play types,To Basket,4,Straight,Off Screen > To Shooter's Right > Straight > To Basket,Off Screen,To Shooter's Right,Straight,To Basket,,,3,37.5,2.0,104.2,0.0,33.3,0,,,,100.0,,2,100.0,33.3,,,2,0,,3,1.0,100.0,2,2,0,100.0,0,0,0.0,6
Teddy Allen,Winnipeg Sea Bears,2026-2027,defense,Play types,Make 2 Pts,5,To Basket,Off Screen > To Shooter's Right > Straight > To Basket > Make 2 Pts,Off Screen,To Shooter's Right,Straight,To Basket,Make 2 Pts,,2,66.7,2.0,100.0,0.0,0.0,0,,,,100.0,,2,100.0,0.0,,,2,0,,2,0.0,100.0,2,2,0,100.0,0,0,0.0,4
Teddy Allen,Winnipeg Sea Bears,2026-2027,defense,Play types,Foul,5,To Basket,Off Screen > To Shooter's Right > Straight > To Basket > Foul,Off Screen,To Shooter's Right,Straight,To Basket,Foul,,1,33.3,2.0,113.6,0.0,100.0,0,,,,,,0,,100.0,,,0,0,,1,,100.0,0,0,0,,0,0,,2
Teddy Allen,Winnipeg Sea Bears,2026-2027,defense,Play types,Curl,3,To Shooter's Right,Off Screen > To Shooter's Right > Curl,Off Screen,To Shooter's Right,Curl,,,,2,20.0,0.0,0.0,0.0,0.0,0,,,,0.0,,2,0.0,0.0,,,0,2,,2,0.0,0.0,2,0,2,0.0,0,0,0.0,0
Teddy Allen,Winnipeg Sea Bears,2026-2027,defense,Play types,To Basket,4,Curl,Off Screen > To Shooter's Right > Curl > To Basket,Off Screen,To Shooter's Right,Curl,To Basket,,,1,50.0,0.0,0.0,0.0,0.0,0,,,,0.0,,1,0.0,0.0,,,0,1,,1,0.0,0.0,1,0,1,0.0,0,0,0.0,0
Teddy Allen,Winnipeg Sea Bears,2026-2027,defense,Play types,Miss 2 Pts,5,To Basket,Off Screen > To Shooter's Right > Curl > To Basket > Miss 2 Pts,Off Screen,To Shooter's Right,Curl,To Basket,Miss 2 Pts,,1,100.0,0.0,0.0,0.0,0.0,0,,,,0.0,,1,0.0,0.0,,,0,1,,1,0.0,0.0,1,0,1,0.0,0,0,0.0,0
Teddy Allen,Winnipeg Sea Bears,2026-2027,defense,Play types,Dribble Jumper,4,Curl,Off Screen > To Shooter's Right > Curl > Dribble Jumper,Off Screen,To Shooter's Right,Curl,Dribble Jumper,,,1,50.0,0.0,0.0,0.0,0.0,0,,,,0.0,,1,0.0,0.0,,,0,1,,1,0.0,0.0,1,0,1,0.0,0,0,0.0,0
Teddy Allen,Winnipeg Sea Bears,2026-2027,defense,Play types,Short to < 17,5,Dribble Jumper,Off Screen > To Shooter's Right > Curl > Dribble Jumper > Short to < 17,Off Screen,To Shooter's Right,Curl,Dribble Jumper,Short to < 17,,1,100.0,0.0,0.0,0.0,0.0,0,,,,0.0,,1,0.0,0.0,,,0,1,,1,0.0,0.0,1,0,1,0.0,0,0,0.0,0
Teddy Allen,Winnipeg Sea Bears,2026-2027,defense,Play types,To Shooter's Left,2,Off Screen,Off Screen > To Shooter's Left,Off Screen,To Shooter's Left,,,,,7,41.2,0.429,21.4,0.0,0.0,4,25.0,,,14.3,,7,21.4,0.0,,,1,6,,7,0.0,14.3,3,0,3,0.0,1,3,0.57,3
Teddy Allen,Winnipeg Sea Bears,2026-2027,defense,Play types,Straight,3,To Shooter's Left,Off Screen > To Shooter's Left > Straight,Off Screen,To Shooter's Left,Straight,,,,4,57.1,0.75,37.5,0.0,0.0,3,33.3,,,25.0,,4,37.5,0.0,,,1,3,,4,0.0,25.0,1,0,1,0.0,1,2,0.75,3
Teddy Allen,Winnipeg Sea Bears,2026-2027,defense,Play types,No Dribble Jumper,4,Straight,Off Screen > To Shooter's Left > Straight > No Dribble Jumper,Off Screen,To Shooter's Left,Straight,No Dribble Jumper,,,2,50.0,1.5,75.0,0.0,0.0,2,50.0,,,50.0,,2,75.0,0.0,,,1,1,,2,0.0,50.0,0,0,0,,1,1,1.0,3
Teddy Allen,Winnipeg Sea Bears,2026-2027,defense,Play types,Open,5,No Dribble Jumper,Off Screen > To Shooter's Left > Straight > No Dribble Jumper > Open,Off Screen,To Shooter's Left,Straight,No Dribble Jumper,Open,,1,50.0,0.0,0.0,0.0,0.0,1,0.0,,,0.0,,1,0.0,0.0,,,0,1,,1,0.0,0.0,0,0,0,,0,1,1.0,0
Teddy Allen,Winnipeg Sea Bears,2026-2027,defense,Play types,Guarded,5,No Dribble Jumper,Off Screen > To Shooter's Left > Straight > No Dribble Jumper > Guarded,Off Screen,To Shooter's Left,Straight,No Dribble Jumper,Guarded,,1,50.0,3.0,150.0,0.0,0.0,1,100.0,,,100.0,,1,150.0,0.0,,,1,0,,1,0.0,100.0,0,0,0,,1,0,1.0,3
Teddy Allen,Winnipeg Sea Bears,2026-2027,defense,Play types,To Basket,4,Straight,Off Screen > To Shooter's Left > Straight > To Basket,Off Screen,To Shooter's Left,Straight,To Basket,,,1,25.0,0.0,0.0,0.0,0.0,0,,,,0.0,,1,0.0,0.0,,,0,1,,1,0.0,0.0,1,0,1,0.0,0,0,0.0,0
Teddy Allen,Winnipeg Sea Bears,2026-2027,defense,Play types,Miss 2 Pts,5,To Basket,Off Screen > To Shooter's Left > Straight > To Basket > Miss 2 Pts,Off Screen,To Shooter's Left,Straight,To Basket,Miss 2 Pts,,1,100.0,0.0,0.0,0.0,0.0,0,,,,0.0,,1,0.0,0.0,,,0,1,,1,0.0,0.0,1,0,1,0.0,0,0,0.0,0
Teddy Allen,Winnipeg Sea Bears,2026-2027,defense,Play types,Dribble Jumper,4,Straight,Off Screen > To Shooter's Left > Straight > Dribble Jumper,Off Screen,To Shooter's Left,Straight,Dribble Jumper,,,1,25.0,0.0,0.0,0.0,0.0,1,0.0,,,0.0,,1,0.0,0.0,,,0,1,,1,0.0,0.0,0,0,0,,0,1,1.0,0
Teddy Allen,Winnipeg Sea Bears,2026-2027,defense,Play types,Long/3pt,5,Dribble Jumper,Off Screen > To Shooter's Left > Straight > Dribble Jumper > Long/3pt,Off Screen,To Shooter's Left,Straight,Dribble Jumper,Long/3pt,,1,100.0,0.0,0.0,0.0,0.0,1,0.0,,,0.0,,1,0.0,0.0,,,0,1,,1,0.0,0.0,0,0,0,,0,1,1.0,0
Teddy Allen,Winnipeg Sea Bears,2026-2027,defense,Play types,Flare,3,To Shooter's Left,Off Screen > To Shooter's Left > Flare,Off Screen,To Shooter's Left,Flare,,,,3,42.9,0.0,0.0,0.0,0.0,1,0.0,,,0.0,,3,0.0,0.0,,,0,3,,3,0.0,0.0,2,0,2,0.0,0,1,0.33,0
Teddy Allen,Winnipeg Sea Bears,2026-2027,defense,Play types,To Basket,4,Flare,Off Screen > To Shooter's Left > Flare > To Basket,Off Screen,To Shooter's Left,Flare,To Basket,,,2,66.7,0.0,0.0,0.0,0.0,0,,,,0.0,,2,0.0,0.0,,,0,2,,2,0.0,0.0,2,0,2,0.0,0,0,0.0,0
Teddy Allen,Winnipeg Sea Bears,2026-2027,defense,Play types,Miss 2 Pts,5,To Basket,Off Screen > To Shooter's Left > Flare > To Basket > Miss 2 Pts,Off Screen,To Shooter's Left,Flare,To Basket,Miss 2 Pts,,2,100.0,0.0,0.0,0.0,0.0,0,,,,0.0,,2,0.0,0.0,,,0,2,,2,0.0,0.0,2,0,2,0.0,0,0,0.0,0
Teddy Allen,Winnipeg Sea Bears,2026-2027,defense,Play types,No Dribble Jumper,4,Flare,Off Screen > To Shooter's Left > Flare > No Dribble Jumper,Off Screen,To Shooter's Left,Flare,No Dribble Jumper,,,1,33.3,0.0,0.0,0.0,0.0,1,0.0,,,0.0,,1,0.0,0.0,,,0,1,,1,0.0,0.0,0,0,0,,0,1,1.0,0
Teddy Allen,Winnipeg Sea Bears,2026-2027,defense,Play types,Open,5,No Dribble Jumper,Off Screen > To Shooter's Left > Flare > No Dribble Jumper > Open,Off Screen,To Shooter's Left,Flare,No Dribble Jumper,Open,,1,100.0,0.0,0.0,0.0,0.0,1,0.0,,,0.0,,1,0.0,0.0,,,0,1,,1,0.0,0.0,0,0,0,,0,1,1.0,0
Teddy Allen,Winnipeg Sea Bears,2026-2027,defense,Play types,Post-Up,1,,Post-Up,Post-Up,,,,,,11,5.0,0.909,72.7,36.4,9.1,0,,Average,50.0,66.7,5.0,6,66.7,9.1,,,4,2,,7,0.33,45.5,6,4,2,66.7,0,0,0.0,10
Teddy Allen,Winnipeg Sea Bears,2026-2027,defense,Play types,Post-Up - Overall,2,Post-Up,Post-Up > Post-Up - Overall,Post-Up,Post-Up - Overall,,,,,11,100.0,0.909,72.7,36.4,9.1,0,,,,66.7,,6,66.7,9.1,,,4,2,,7,0.33,45.5,6,4,2,66.7,0,0,0.0,10
Teddy Allen,Winnipeg Sea Bears,2026-2027,defense,Play types,Left Shoulder,3,Post-Up - Overall,Post-Up > Post-Up - Overall > Left Shoulder,Post-Up,Post-Up - Overall,Left Shoulder,,,,7,63.6,0.571,50.0,42.9,0.0,0,,,,50.0,,4,50.0,0.0,,,2,2,,4,0.0,28.6,4,2,2,50.0,0,0,0.0,4
Teddy Allen,Winnipeg Sea Bears,2026-2027,defense,Play types,Right Shoulder,3,Post-Up - Overall,Post-Up > Post-Up - Overall > Right Shoulder,Post-Up,Post-Up - Overall,Right Shoulder,,,,3,27.3,2.0,104.2,0.0,33.3,0,,,,100.0,,2,100.0,33.3,,,2,0,,3,1.0,100.0,2,2,0,100.0,0,0,0.0,6
Teddy Allen,Winnipeg Sea Bears,2026-2027,defense,Play types,Turnover,3,Post-Up - Overall,Post-Up > Post-Up - Overall > Turnover,Post-Up,Post-Up - Overall,Turnover,,,,1,9.1,0.0,,100.0,0.0,0,,,,,,0,,0.0,,,0,0,,0,,0.0,0,0,0,,0,0,,0
Teddy Allen,Winnipeg Sea Bears,2026-2027,defense,Play types,Left Block,2,Post-Up,Post-Up > Left Block,Post-Up,Left Block,,,,,7,63.6,0.857,75.0,42.9,0.0,0,,,,75.0,,4,75.0,0.0,,,3,1,,4,0.0,42.9,4,3,1,75.0,0,0,0.0,6
Teddy Allen,Winnipeg Sea Bears,2026-2027,defense,Play types,Left Shoulder,3,Left Block,Post-Up > Left Block > Left Shoulder,Post-Up,Left Block,Left Shoulder,,,,5,71.4,0.8,66.7,40.0,0.0,0,,,,66.7,,3,66.7,0.0,,,2,1,,3,0.0,40.0,3,2,1,66.7,0,0,0.0,4
Teddy Allen,Winnipeg Sea Bears,2026-2027,defense,Play types,Dribble Move,4,Left Shoulder,Post-Up > Left Block > Left Shoulder > Dribble Move,Post-Up,Left Block,Left Shoulder,Dribble Move,,,5,100.0,0.8,66.7,40.0,0.0,0,,,,66.7,,3,66.7,0.0,,,2,1,,3,0.0,40.0,3,2,1,66.7,0,0,0.0,4
Teddy Allen,Winnipeg Sea Bears,2026-2027,defense,Play types,To Basket,5,Dribble Move,Post-Up > Left Block > Left Shoulder > Dribble Move > To Basket,Post-Up,Left Block,Left Shoulder,Dribble Move,To Basket,,2,40.0,0.0,0.0,50.0,0.0,0,,,,0.0,,1,0.0,0.0,,,0,1,,1,0.0,0.0,1,0,1,0.0,0,0,0.0,0
Teddy Allen,Winnipeg Sea Bears,2026-2027,defense,Play types,Turnover,5,Dribble Move,Post-Up > Left Block > Left Shoulder > Dribble Move > Turnover,Post-Up,Left Block,Left Shoulder,Dribble Move,Turnover,,1,20.0,0.0,,100.0,0.0,0,,,,,,0,,0.0,,,0,0,,0,,0.0,0,0,0,,0,0,,0
Teddy Allen,Winnipeg Sea Bears,2026-2027,defense,Play types,To Hook,5,Dribble Move,Post-Up > Left Block > Left Shoulder > Dribble Move > To Hook,Post-Up,Left Block,Left Shoulder,Dribble Move,To Hook,,1,20.0,2.0,100.0,0.0,0.0,0,,,,100.0,,1,100.0,0.0,,,1,0,,1,0.0,100.0,1,1,0,100.0,0,0,0.0,2
Teddy Allen,Winnipeg Sea Bears,2026-2027,defense,Play types,To Jumper,5,Dribble Move,Post-Up > Left Block > Left Shoulder > Dribble Move > To Jumper,Post-Up,Left Block,Left Shoulder,Dribble Move,To Jumper,,1,20.0,2.0,100.0,0.0,0.0,0,,,,100.0,,1,100.0,0.0,,,1,0,,1,0.0,100.0,1,1,0,100.0,0,0,0.0,2
Teddy Allen,Winnipeg Sea Bears,2026-2027,defense,Play types,Right Shoulder,3,Left Block,Post-Up > Left Block > Right Shoulder,Post-Up,Left Block,Right Shoulder,,,,1,14.3,2.0,100.0,0.0,0.0,0,,,,100.0,,1,100.0,0.0,,,1,0,,1,0.0,100.0,1,1,0,100.0,0,0,0.0,2
Teddy Allen,Winnipeg Sea Bears,2026-2027,defense,Play types,Dribble Move,4,Right Shoulder,Post-Up > Left Block > Right Shoulder > Dribble Move,Post-Up,Left Block,Right Shoulder,Dribble Move,,,1,100.0,2.0,100.0,0.0,0.0,0,,,,100.0,,1,100.0,0.0,,,1,0,,1,0.0,100.0,1,1,0,100.0,0,0,0.0,2
Teddy Allen,Winnipeg Sea Bears,2026-2027,defense,Play types,To Jumper,5,Dribble Move,Post-Up > Left Block > Right Shoulder > Dribble Move > To Jumper,Post-Up,Left Block,Right Shoulder,Dribble Move,To Jumper,,1,100.0,2.0,100.0,0.0,0.0,0,,,,100.0,,1,100.0,0.0,,,1,0,,1,0.0,100.0,1,1,0,100.0,0,0,0.0,2
Teddy Allen,Winnipeg Sea Bears,2026-2027,defense,Play types,Turnover,3,Left Block,Post-Up > Left Block > Turnover,Post-Up,Left Block,Turnover,,,,1,14.3,0.0,,100.0,0.0,0,,,,,,0,,0.0,,,0,0,,0,,0.0,0,0,0,,0,0,,0
Teddy Allen,Winnipeg Sea Bears,2026-2027,defense,Play types,Right Block,2,Post-Up,Post-Up > Right Block,Post-Up,Right Block,,,,,3,27.3,0.667,53.2,33.3,33.3,0,,,,0.0,,1,0.0,33.3,,,0,1,,2,2.0,33.3,1,0,1,0.0,0,0,0.0,2
Teddy Allen,Winnipeg Sea Bears,2026-2027,defense,Play types,Left Shoulder,3,Right Block,Post-Up > Right Block > Left Shoulder,Post-Up,Right Block,Left Shoulder,,,,2,66.7,0.0,0.0,50.0,0.0,0,,,,0.0,,1,0.0,0.0,,,0,1,,1,0.0,0.0,1,0,1,0.0,0,0,0.0,0
Teddy Allen,Winnipeg Sea Bears,2026-2027,defense,Play types,Dribble Move,4,Left Shoulder,Post-Up > Right Block > Left Shoulder > Dribble Move,Post-Up,Right Block,Left Shoulder,Dribble Move,,,2,100.0,0.0,0.0,50.0,0.0,0,,,,0.0,,1,0.0,0.0,,,0,1,,1,0.0,0.0,1,0,1,0.0,0,0,0.0,0
Teddy Allen,Winnipeg Sea Bears,2026-2027,defense,Play types,Defense Commits,5,Dribble Move,Post-Up > Right Block > Left Shoulder > Dribble Move > Defense Commits,Post-Up,Right Block,Left Shoulder,Dribble Move,Defense Commits,,1,50.0,0.0,,100.0,0.0,0,,,,,,0,,0.0,,,0,0,,0,,0.0,0,0,0,,0,0,,0
Teddy Allen,Winnipeg Sea Bears,2026-2027,defense,Play types,To Basket,5,Dribble Move,Post-Up > Right Block > Left Shoulder > Dribble Move > To Basket,Post-Up,Right Block,Left Shoulder,Dribble Move,To Basket,,1,50.0,0.0,0.0,0.0,0.0,0,,,,0.0,,1,0.0,0.0,,,0,1,,1,0.0,0.0,1,0,1,0.0,0,0,0.0,0
Teddy Allen,Winnipeg Sea Bears,2026-2027,defense,Play types,Right Shoulder,3,Right Block,Post-Up > Right Block > Right Shoulder,Post-Up,Right Block,Right Shoulder,,,,1,33.3,2.0,113.6,0.0,100.0,0,,,,,,0,,100.0,,,0,0,,1,,100.0,0,0,0,,0,0,,2
Teddy Allen,Winnipeg Sea Bears,2026-2027,defense,Play types,Dribble Move,4,Right Shoulder,Post-Up > Right Block > Right Shoulder > Dribble Move,Post-Up,Right Block,Right Shoulder,Dribble Move,,,1,100.0,2.0,113.6,0.0,100.0,0,,,,,,0,,100.0,,,0,0,,1,,100.0,0,0,0,,0,0,,2
Teddy Allen,Winnipeg Sea Bears,2026-2027,defense,Play types,To Basket,5,Dribble Move,Post-Up > Right Block > Right Shoulder > Dribble Move > To Basket,Post-Up,Right Block,Right Shoulder,Dribble Move,To Basket,,1,100.0,2.0,113.6,0.0,100.0,0,,,,,,0,,100.0,,,0,0,,1,,100.0,0,0,0,,0,0,,2
Teddy Allen,Winnipeg Sea Bears,2026-2027,defense,Play types,Flash Middle,2,Post-Up,Post-Up > Flash Middle,Post-Up,Flash Middle,,,,,1,9.1,2.0,100.0,0.0,0.0,0,,,,100.0,,1,100.0,0.0,,,1,0,,1,0.0,100.0,1,1,0,100.0,0,0,0.0,2
Teddy Allen,Winnipeg Sea Bears,2026-2027,defense,Play types,Right Shoulder,3,Flash Middle,Post-Up > Flash Middle > Right Shoulder,Post-Up,Flash Middle,Right Shoulder,,,,1,100.0,2.0,100.0,0.0,0.0,0,,,,100.0,,1,100.0,0.0,,,1,0,,1,0.0,100.0,1,1,0,100.0,0,0,0.0,2
Teddy Allen,Winnipeg Sea Bears,2026-2027,defense,Play types,Dribble Move,4,Right Shoulder,Post-Up > Flash Middle > Right Shoulder > Dribble Move,Post-Up,Flash Middle,Right Shoulder,Dribble Move,,,1,100.0,2.0,100.0,0.0,0.0,0,,,,100.0,,1,100.0,0.0,,,1,0,,1,0.0,100.0,1,1,0,100.0,0,0,0.0,2
Teddy Allen,Winnipeg Sea Bears,2026-2027,defense,Play types,To Jumper,5,Dribble Move,Post-Up > Flash Middle > Right Shoulder > Dribble Move > To Jumper,Post-Up,Flash Middle,Right Shoulder,Dribble Move,To Jumper,,1,100.0,2.0,100.0,0.0,0.0,0,,,,100.0,,1,100.0,0.0,,,1,0,,1,0.0,100.0,1,1,0,100.0,0,0,0.0,2
Teddy Allen,Winnipeg Sea Bears,2026-2027,defense,Play types,P&R Roll Man,1,,P&R Roll Man,P&R Roll Man,,,,,,7,3.2,1.286,65.4,0.0,14.3,3,33.3,,,50.0,,6,58.3,0.0,,,3,3,,7,0.33,57.1,3,2,1,66.7,1,2,0.5,9
Teddy Allen,Winnipeg Sea Bears,2026-2027,defense,Play types,Slips the Pick,2,P&R Roll Man,P&R Roll Man > Slips the Pick,P&R Roll Man,Slips the Pick,,,,,7,100.0,1.286,65.4,0.0,14.3,3,33.3,,,50.0,,6,58.3,0.0,,,3,3,,7,0.33,57.1,3,2,1,66.7,1,2,0.5,9
Teddy Allen,Winnipeg Sea Bears,2026-2027,defense,Play types,To Basket,3,Slips the Pick,P&R Roll Man > Slips the Pick > To Basket,P&R Roll Man,Slips the Pick,To Basket,,,,3,42.9,1.333,66.7,0.0,0.0,0,,,,66.7,,3,66.7,0.0,,,2,1,,3,0.0,66.7,3,2,1,66.7,0,0,0.0,4
Teddy Allen,Winnipeg Sea Bears,2026-2027,defense,Play types,Make 2 Pts,4,To Basket,P&R Roll Man > Slips the Pick > To Basket > Make 2 Pts,P&R Roll Man,Slips the Pick,To Basket,Make 2 Pts,,,2,66.7,2.0,100.0,0.0,0.0,0,,,,100.0,,2,100.0,0.0,,,2,0,,2,0.0,100.0,2,2,0,100.0,0,0,0.0,4
Teddy Allen,Winnipeg Sea Bears,2026-2027,defense,Play types,Miss 2 Pts,4,To Basket,P&R Roll Man > Slips the Pick > To Basket > Miss 2 Pts,P&R Roll Man,Slips the Pick,To Basket,Miss 2 Pts,,,1,33.3,0.0,0.0,0.0,0.0,0,,,,0.0,,1,0.0,0.0,,,0,1,,1,0.0,0.0,1,0,1,0.0,0,0,0.0,0
Teddy Allen,Winnipeg Sea Bears,2026-2027,defense,Play types,No Dribble Jumper,3,Slips the Pick,P&R Roll Man > Slips the Pick > No Dribble Jumper,P&R Roll Man,Slips the Pick,No Dribble Jumper,,,,2,28.6,0.0,0.0,0.0,0.0,2,0.0,,,0.0,,2,0.0,0.0,,,0,2,,2,0.0,0.0,0,0,0,,0,2,1.0,0
Teddy Allen,Winnipeg Sea Bears,2026-2027,defense,Play types,Open,4,No Dribble Jumper,P&R Roll Man > Slips the Pick > No Dribble Jumper > Open,P&R Roll Man,Slips the Pick,No Dribble Jumper,Open,,,2,100.0,0.0,0.0,0.0,0.0,2,0.0,,,0.0,,2,0.0,0.0,,,0,2,,2,0.0,0.0,0,0,0,,0,2,1.0,0
Teddy Allen,Winnipeg Sea Bears,2026-2027,defense,Play types,Long/3pt,5,Open,P&R Roll Man > Slips the Pick > No Dribble Jumper > Open > Long/3pt,P&R Roll Man,Slips the Pick,No Dribble Jumper,Open,Long/3pt,,2,100.0,0.0,0.0,0.0,0.0,2,0.0,,,0.0,,2,0.0,0.0,,,0,2,,2,0.0,0.0,0,0,0,,0,2,1.0,0
Teddy Allen,Winnipeg Sea Bears,2026-2027,defense,Play types,Dribble Jumper,3,Slips the Pick,P&R Roll Man > Slips the Pick > Dribble Jumper,P&R Roll Man,Slips the Pick,Dribble Jumper,,,,1,14.3,3.0,150.0,0.0,0.0,1,100.0,,,100.0,,1,150.0,0.0,,,1,0,,1,0.0,100.0,0,0,0,,1,0,1.0,3
Teddy Allen,Winnipeg Sea Bears,2026-2027,defense,Play types,Long/3pt,4,Dribble Jumper,P&R Roll Man > Slips the Pick > Dribble Jumper > Long/3pt,P&R Roll Man,Slips the Pick,Dribble Jumper,Long/3pt,,,1,100.0,3.0,150.0,0.0,0.0,1,100.0,,,100.0,,1,150.0,0.0,,,1,0,,1,0.0,100.0,0,0,0,,1,0,1.0,3
Teddy Allen,Winnipeg Sea Bears,2026-2027,defense,Play types,Make 3 Pts,5,Long/3pt,P&R Roll Man > Slips the Pick > Dribble Jumper > Long/3pt > Make 3 Pts,P&R Roll Man,Slips the Pick,Dribble Jumper,Long/3pt,Make 3 Pts,,1,100.0,3.0,150.0,0.0,0.0,1,100.0,,,100.0,,1,150.0,0.0,,,1,0,,1,0.0,100.0,0,0,0,,1,0,1.0,3
Teddy Allen,Winnipeg Sea Bears,2026-2027,defense,Play types,Foul,3,Slips the Pick,P&R Roll Man > Slips the Pick > Foul,P&R Roll Man,Slips the Pick,Foul,,,,1,14.3,2.0,113.6,0.0,100.0,0,,,,,,0,,0.0,,,0,0,,1,,100.0,0,0,0,,0,0,,2
Teddy Allen,Winnipeg Sea Bears,2026-2027,defense,Play types,Transition,1,,Transition,Transition,,,,,,0,0.0,,,,,0,,,,,,0,,,,,0,0,,0,,,0,0,0,,0,0,,0
Teddy Allen,Winnipeg Sea Bears,2026-2027,defense,Play types,Cut,1,,Cut,Cut,,,,,,0,0.0,,,,,0,,,,,,0,,,,,0,0,,0,,,0,0,0,,0,0,,0
Teddy Allen,Winnipeg Sea Bears,2026-2027,defense,Play types,Offensive Rebounds (Put Backs),1,,Offensive Rebounds (Put Backs),Offensive Rebounds (Put Backs),,,,,,0,0.0,,,,,0,,,,,,0,,,,,0,0,,0,,,0,0,0,,0,0,,0
Teddy Allen,Winnipeg Sea Bears,2026-2027,defense,Play types,Miscellaneous Plays,1,,Miscellaneous Plays,Miscellaneous Plays,,,,,,0,0.0,,,,,0,,,,,,0,,,,,0,0,,0,,,0,0,0,,0,0,,0
Teddy Allen,Winnipeg Sea Bears,2026-2027,defense,Overall Drive Direction,Overall,1,,Overall,Overall,,,,,,58,26.5,1.0,58.3,15.5,12.1,10,40.0,,,47.7,,44,52.3,12.1,,,21,23,,50,0.3,44.8,34,17,17,50.0,4,6,0.23,58
Teddy Allen,Winnipeg Sea Bears,2026-2027,defense,Overall Drive Direction,Drives Left,2,Overall,Overall > Drives Left,Overall,Drives Left,,,,,30,51.7,1.2,64.1,10.0,13.3,6,33.3,,,56.0,,25,60.0,13.3,,,14,11,,28,0.28,53.3,19,12,7,63.2,2,4,0.24,36
Teddy Allen,Winnipeg Sea Bears,2026-2027,defense,Overall Drive Direction,To Basket,3,Drives Left,Overall > Drives Left > To Basket,Overall,Drives Left,To Basket,,,,15,50.0,1.667,79.3,0.0,20.0,0,,,,78.6,,14,78.6,20.0,,,11,3,,16,0.29,80.0,14,11,3,78.6,0,0,0.0,25
Teddy Allen,Winnipeg Sea Bears,2026-2027,defense,Overall Drive Direction,Dribble Jumper,3,Drives Left,Overall > Drives Left > Dribble Jumper,Overall,Drives Left,Dribble Jumper,,,,12,40.0,0.917,44.6,0.0,8.3,6,33.3,,,27.3,,11,36.4,8.3,,,3,8,,12,0.27,33.3,5,1,4,20.0,2,4,0.55,11
Teddy Allen,Winnipeg Sea Bears,2026-2027,defense,Overall Drive Direction,Turnover,3,Drives Left,Overall > Drives Left > Turnover,Overall,Drives Left,Turnover,,,,2,6.7,0.0,,100.0,0.0,0,,,,,,0,,0.0,,,0,0,,0,,0.0,0,0,0,,0,0,,0
Teddy Allen,Winnipeg Sea Bears,2026-2027,defense,Overall Drive Direction,Defense Commits,3,Drives Left,Overall > Drives Left > Defense Commits,Overall,Drives Left,Defense Commits,,,,1,3.3,0.0,,100.0,0.0,0,,,,,,0,,0.0,,,0,0,,0,,0.0,0,0,0,,0,0,,0
Teddy Allen,Winnipeg Sea Bears,2026-2027,defense,Overall Drive Direction,Foul,3,Drives Left,Overall > Drives Left > Foul,Overall,Drives Left,Foul,,,,0,0.0,,,,,0,,,,,,0,,,,,0,0,,0,,,0,0,0,,0,0,,0
Teddy Allen,Winnipeg Sea Bears,2026-2027,defense,Overall Drive Direction,Drives Right,2,Overall,Overall > Drives Right,Overall,Drives Right,,,,,24,41.4,0.583,37.6,20.8,12.5,2,0.0,,,25.0,,16,25.0,12.5,,,4,12,,19,0.38,29.2,14,4,10,28.6,0,2,0.13,14
Teddy Allen,Winnipeg Sea Bears,2026-2027,defense,Overall Drive Direction,To Basket,3,Drives Right,Overall > Drives Right > To Basket,Overall,Drives Right,To Basket,,,,12,50.0,1.0,51.5,0.0,25.0,0,,,,33.3,,9,33.3,25.0,,,3,6,,12,0.67,50.0,9,3,6,33.3,0,0,0.0,12
Teddy Allen,Winnipeg Sea Bears,2026-2027,defense,Overall Drive Direction,Dribble Jumper,3,Drives Right,Overall > Drives Right > Dribble Jumper,Overall,Drives Right,Dribble Jumper,,,,7,29.2,0.286,14.3,0.0,0.0,2,0.0,,,14.3,,7,14.3,0.0,,,1,6,,7,0.0,14.3,5,1,4,20.0,0,2,0.29,2
Teddy Allen,Winnipeg Sea Bears,2026-2027,defense,Overall Drive Direction,Turnover,3,Drives Right,Overall > Drives Right > Turnover,Overall,Drives Right,Turnover,,,,5,20.8,0.0,,100.0,0.0,0,,,,,,0,,0.0,,,0,0,,0,,0.0,0,0,0,,0,0,,0
Teddy Allen,Winnipeg Sea Bears,2026-2027,defense,Overall Drive Direction,Foul,3,Drives Right,Overall > Drives Right > Foul,Overall,Drives Right,Foul,,,,0,0.0,,,,,0,,,,,,0,,,,,0,0,,0,,,0,0,0,,0,0,,0
Teddy Allen,Winnipeg Sea Bears,2026-2027,defense,Overall Drive Direction,Defense Commits,3,Drives Right,Overall > Drives Right > Defense Commits,Overall,Drives Right,Defense Commits,,,,0,0.0,,,,,0,,,,,,0,,,,,0,0,,0,,,0,0,0,,0,0,,0
Teddy Allen,Winnipeg Sea Bears,2026-2027,defense,Overall Drive Direction,Drives Straight,2,Overall,Overall > Drives Straight,Overall,Drives Straight,,,,,4,6.9,2.0,133.3,25.0,0.0,2,100.0,,,100.0,,3,133.3,0.0,,,3,0,,3,0.0,75.0,1,1,0,100.0,2,0,0.67,8
Teddy Allen,Winnipeg Sea Bears,2026-2027,defense,Overall Drive Direction,Dribble Jumper,3,Drives Straight,Overall > Drives Straight > Dribble Jumper,Overall,Drives Straight,Dribble Jumper,,,,2,50.0,3.0,150.0,0.0,0.0,2,100.0,,,100.0,,2,150.0,0.0,,,2,0,,2,0.0,100.0,0,0,0,,2,0,1.0,6
Teddy Allen,Winnipeg Sea Bears,2026-2027,defense,Overall Drive Direction,To Basket,3,Drives Straight,Overall > Drives Straight > To Basket,Overall,Drives Straight,To Basket,,,,1,25.0,2.0,100.0,0.0,0.0,0,,,,100.0,,1,100.0,0.0,,,1,0,,1,0.0,100.0,1,1,0,100.0,0,0,0.0,2
Teddy Allen,Winnipeg Sea Bears,2026-2027,defense,Overall Drive Direction,Turnover,3,Drives Straight,Overall > Drives Straight > Turnover,Overall,Drives Straight,Turnover,,,,1,25.0,0.0,,100.0,0.0,0,,,,,,0,,0.0,,,0,0,,0,,0.0,0,0,0,,0,0,,0
Teddy Allen,Winnipeg Sea Bears,2026-2027,defense,Overall Drive Direction,Foul,3,Drives Straight,Overall > Drives Straight > Foul,Overall,Drives Straight,Foul,,,,0,0.0,,,,,0,,,,,,0,,,,,0,0,,0,,,0,0,0,,0,0,,0
Teddy Allen,Winnipeg Sea Bears,2026-2027,defense,Overall Drive Direction,Defense Commits,3,Drives Straight,Overall > Drives Straight > Defense Commits,Overall,Drives Straight,Defense Commits,,,,0,0.0,,,,,0,,,,,,0,,,,,0,0,,0,,,0,0,0,,0,0,,0
Teddy Allen,Winnipeg Sea Bears,2026-2027,defense,P&R ball handler,P&R Including Passes,1,,P&R Including Passes,P&R Including Passes,,,,,,82,37.4,1.0,55.4,9.8,6.1,26,42.3,Average,33.0,45.7,20.0,70,53.6,4.9,,,32,38,,74,0.13,43.9,44,21,23,47.7,11,15,0.37,82
Teddy Allen,Winnipeg Sea Bears,2026-2027,defense,P&R ball handler,P&R Ball Handler,2,P&R Including Passes,P&R Including Passes > P&R Ball Handler,P&R Including Passes,P&R Ball Handler,,,,,54,65.9,0.963,53.0,9.3,7.4,14,35.7,,,45.7,,46,51.1,7.4,,,21,25,,49,0.15,44.4,32,16,16,50.0,5,9,0.3,52
Teddy Allen,Winnipeg Sea Bears,2026-2027,defense,P&R ball handler,High P&R,3,P&R Ball Handler,P&R Including Passes > P&R Ball Handler > High P&R,P&R Including Passes,P&R Ball Handler,High P&R,,,,37,68.5,0.865,46.9,8.1,10.8,9,33.3,,,38.7,,31,43.5,10.8,,,12,19,,34,0.23,40.5,22,9,13,40.9,3,6,0.29,32
Teddy Allen,Winnipeg Sea Bears,2026-2027,defense,P&R ball handler,Dribble Off Pick,4,High P&R,P&R Including Passes > P&R Ball Handler > High P&R > Dribble Off Pick,P&R Including Passes,P&R Ball Handler,High P&R,Dribble Off Pick,,,29,78.4,1.034,57.5,10.3,13.8,7,42.9,,,47.8,,23,54.3,13.8,,,11,12,,26,0.3,48.3,16,8,8,50.0,3,4,0.3,30
Teddy Allen,Winnipeg Sea Bears,2026-2027,defense,P&R ball handler,Dribble Jumper,5,Dribble Off Pick,P&R Including Passes > P&R Ball Handler > High P&R > Dribble Off Pick > Dribble Jumper,P&R Including Passes,P&R Ball Handler,High P&R,Dribble Off Pick,Dribble Jumper,,13,44.8,1.308,63.2,0.0,7.7,7,42.9,,,53.8,,13,65.4,7.7,,,7,6,,13,0.08,53.8,6,4,2,66.7,3,4,0.54,17
Teddy Allen,Winnipeg Sea Bears,2026-2027,defense,P&R ball handler,Long/3pt,6,Dribble Jumper,P&R Including Passes > P&R Ball Handler > High P&R > Dribble Off Pick > Dribble Jumper > Long/3pt,P&R Including Passes,P&R Ball Handler,High P&R,Dribble Off Pick,Dribble Jumper,Long/3pt,7,53.8,1.286,64.3,0.0,0.0,7,42.9,,,42.9,,7,64.3,0.0,,,3,4,,7,0.0,42.9,0,0,0,,3,4,1.0,9
Teddy Allen,Winnipeg Sea Bears,2026-2027,defense,P&R ball handler,Short to < 17,6,Dribble Jumper,P&R Including Passes > P&R Ball Handler > High P&R > Dribble Off Pick > Dribble Jumper > Short to < 17,P&R Including Passes,P&R Ball Handler,High P&R,Dribble Off Pick,Dribble Jumper,Short to < 17,4,30.8,1.5,67.6,0.0,25.0,0,,,,75.0,,4,75.0,25.0,,,3,1,,4,0.25,75.0,4,3,1,75.0,0,0,0.0,6
Teddy Allen,Winnipeg Sea Bears,2026-2027,defense,P&R ball handler,Medium/17' to 3pt,6,Dribble Jumper,P&R Including Passes > P&R Ball Handler > High P&R > Dribble Off Pick > Dribble Jumper > Medium/17' to 3pt,P&R Including Passes,P&R Ball Handler,High P&R,Dribble Off Pick,Dribble Jumper,Medium/17' to 3pt,2,15.4,1.0,50.0,0.0,0.0,0,,,,50.0,,2,50.0,0.0,,,1,1,,2,0.0,50.0,2,1,1,50.0,0,0,0.0,2
Teddy Allen,Winnipeg Sea Bears,2026-2027,defense,P&R ball handler,To Basket,5,Dribble Off Pick,P&R Including Passes > P&R Ball Handler > High P&R > Dribble Off Pick > To Basket,P&R Including Passes,P&R Ball Handler,High P&R,Dribble Off Pick,To Basket,,13,44.8,1.0,51.4,0.0,23.1,0,,,,40.0,,10,40.0,23.1,,,4,6,,13,0.6,53.8,10,4,6,40.0,0,0,0.0,13
Teddy Allen,Winnipeg Sea Bears,2026-2027,defense,P&R ball handler,Miss 2 Pts,6,To Basket,P&R Including Passes > P&R Ball Handler > High P&R > Dribble Off Pick > To Basket > Miss 2 Pts,P&R Including Passes,P&R Ball Handler,High P&R,Dribble Off Pick,To Basket,Miss 2 Pts,6,46.2,0.0,0.0,0.0,0.0,0,,,,0.0,,6,0.0,0.0,,,0,6,,6,0.0,0.0,6,0,6,0.0,0,0,0.0,0
Teddy Allen,Winnipeg Sea Bears,2026-2027,defense,P&R ball handler,Make 2 Pts,6,To Basket,P&R Including Passes > P&R Ball Handler > High P&R > Dribble Off Pick > To Basket > Make 2 Pts,P&R Including Passes,P&R Ball Handler,High P&R,Dribble Off Pick,To Basket,Make 2 Pts,4,30.8,2.0,100.0,0.0,0.0,0,,,,100.0,,4,100.0,0.0,,,4,0,,4,0.0,100.0,4,4,0,100.0,0,0,0.0,8
Teddy Allen,Winnipeg Sea Bears,2026-2027,defense,P&R ball handler,Foul,6,To Basket,P&R Including Passes > P&R Ball Handler > High P&R > Dribble Off Pick > To Basket > Foul,P&R Including Passes,P&R Ball Handler,High P&R,Dribble Off Pick,To Basket,Foul,3,23.1,1.667,94.7,0.0,100.0,0,,,,,,0,,100.0,,,0,0,,3,,100.0,0,0,0,,0,0,,5
Teddy Allen,Winnipeg Sea Bears,2026-2027,defense,P&R ball handler,Defense Commits,5,Dribble Off Pick,P&R Including Passes > P&R Ball Handler > High P&R > Dribble Off Pick > Defense Commits,P&R Including Passes,P&R Ball Handler,High P&R,Dribble Off Pick,Defense Commits,,2,6.9,0.0,,100.0,0.0,0,,,,,,0,,0.0,,,0,0,,0,,0.0,0,0,0,,0,0,,0
Teddy Allen,Winnipeg Sea Bears,2026-2027,defense,P&R ball handler,Turnover,6,Defense Commits,P&R Including Passes > P&R Ball Handler > High P&R > Dribble Off Pick > Defense Commits > Turnover,P&R Including Passes,P&R Ball Handler,High P&R,Dribble Off Pick,Defense Commits,Turnover,2,100.0,0.0,,100.0,0.0,0,,,,,,0,,0.0,,,0,0,,0,,0.0,0,0,0,,0,0,,0
Teddy Allen,Winnipeg Sea Bears,2026-2027,defense,P&R ball handler,Turnover,5,Dribble Off Pick,P&R Including Passes > P&R Ball Handler > High P&R > Dribble Off Pick > Turnover,P&R Including Passes,P&R Ball Handler,High P&R,Dribble Off Pick,Turnover,,1,3.4,0.0,,100.0,0.0,0,,,,,,0,,0.0,,,0,0,,0,,0.0,0,0,0,,0,0,,0
Teddy Allen,Winnipeg Sea Bears,2026-2027,defense,P&R ball handler,Go Away from Pick,4,High P&R,P&R Including Passes > P&R Ball Handler > High P&R > Go Away from Pick,P&R Including Passes,P&R Ball Handler,High P&R,Go Away from Pick,,,8,21.6,0.25,12.5,0.0,0.0,2,0.0,,,12.5,,8,12.5,0.0,,,1,7,,8,0.0,12.5,6,1,5,16.7,0,2,0.25,2
Teddy Allen,Winnipeg Sea Bears,2026-2027,defense,P&R ball handler,To Basket,5,Go Away from Pick,P&R Including Passes > P&R Ball Handler > High P&R > Go Away from Pick > To Basket,P&R Including Passes,P&R Ball Handler,High P&R,Go Away from Pick,To Basket,,6,75.0,0.333,16.7,0.0,0.0,0,,,,16.7,,6,16.7,0.0,,,1,5,,6,0.0,16.7,6,1,5,16.7,0,0,0.0,2
Teddy Allen,Winnipeg Sea Bears,2026-2027,defense,P&R ball handler,Miss 2 Pts,6,To Basket,P&R Including Passes > P&R Ball Handler > High P&R > Go Away from Pick > To Basket > Miss 2 Pts,P&R Including Passes,P&R Ball Handler,High P&R,Go Away from Pick,To Basket,Miss 2 Pts,5,83.3,0.0,0.0,0.0,0.0,0,,,,0.0,,5,0.0,0.0,,,0,5,,5,0.0,0.0,5,0,5,0.0,0,0,0.0,0
Teddy Allen,Winnipeg Sea Bears,2026-2027,defense,P&R ball handler,Make 2 Pts,6,To Basket,P&R Including Passes > P&R Ball Handler > High P&R > Go Away from Pick > To Basket > Make 2 Pts,P&R Including Passes,P&R Ball Handler,High P&R,Go Away from Pick,To Basket,Make 2 Pts,1,16.7,2.0,100.0,0.0,0.0,0,,,,100.0,,1,100.0,0.0,,,1,0,,1,0.0,100.0,1,1,0,100.0,0,0,0.0,2
Teddy Allen,Winnipeg Sea Bears,2026-2027,defense,P&R ball handler,Dribble Jumper,5,Go Away from Pick,P&R Including Passes > P&R Ball Handler > High P&R > Go Away from Pick > Dribble Jumper,P&R Including Passes,P&R Ball Handler,High P&R,Go Away from Pick,Dribble Jumper,,2,25.0,0.0,0.0,0.0,0.0,2,0.0,,,0.0,,2,0.0,0.0,,,0,2,,2,0.0,0.0,0,0,0,,0,2,1.0,0
Teddy Allen,Winnipeg Sea Bears,2026-2027,defense,P&R ball handler,Long/3pt,6,Dribble Jumper,P&R Including Passes > P&R Ball Handler > High P&R > Go Away from Pick > Dribble Jumper > Long/3pt,P&R Including Passes,P&R Ball Handler,High P&R,Go Away from Pick,Dribble Jumper,Long/3pt,2,100.0,0.0,0.0,0.0,0.0,2,0.0,,,0.0,,2,0.0,0.0,,,0,2,,2,0.0,0.0,0,0,0,,0,2,1.0,0
Teddy Allen,Winnipeg Sea Bears,2026-2027,defense,P&R ball handler,Right P&R,3,P&R Ball Handler,P&R Including Passes > P&R Ball Handler > Right P&R,P&R Including Passes,P&R Ball Handler,Right P&R,,,,12,22.2,1.083,65.0,16.7,0.0,3,33.3,,,60.0,,10,65.0,0.0,,,6,4,,10,0.0,50.0,7,5,2,71.4,1,2,0.3,13
Teddy Allen,Winnipeg Sea Bears,2026-2027,defense,P&R ball handler,Baseline,4,Right P&R,P&R Including Passes > P&R Ball Handler > Right P&R > Baseline,P&R Including Passes,P&R Ball Handler,Right P&R,Baseline,,,7,58.3,1.0,58.3,14.3,0.0,2,50.0,,,50.0,,6,58.3,0.0,,,3,3,,6,0.0,42.9,4,2,2,50.0,1,1,0.33,7
Teddy Allen,Winnipeg Sea Bears,2026-2027,defense,P&R ball handler,Dribble Off Pick,5,Baseline,P&R Including Passes > P&R Ball Handler > Right P&R > Baseline > Dribble Off Pick,P&R Including Passes,P&R Ball Handler,Right P&R,Baseline,Dribble Off Pick,,6,85.7,1.167,70.0,16.7,0.0,1,100.0,,,60.0,,5,70.0,0.0,,,3,2,,5,0.0,50.0,4,2,2,50.0,1,0,0.2,7
Teddy Allen,Winnipeg Sea Bears,2026-2027,defense,P&R ball handler,To Basket,6,Dribble Off Pick,P&R Including Passes > P&R Ball Handler > Right P&R > Baseline > Dribble Off Pick > To Basket,P&R Including Passes,P&R Ball Handler,Right P&R,Baseline,Dribble Off Pick,To Basket,3,50.0,1.333,66.7,0.0,0.0,0,,,,66.7,,3,66.7,0.0,,,2,1,,3,0.0,66.7,3,2,1,66.7,0,0,0.0,4
Teddy Allen,Winnipeg Sea Bears,2026-2027,defense,P&R ball handler,Dribble Jumper,6,Dribble Off Pick,P&R Including Passes > P&R Ball Handler > Right P&R > Baseline > Dribble Off Pick > Dribble Jumper,P&R Including Passes,P&R Ball Handler,Right P&R,Baseline,Dribble Off Pick,Dribble Jumper,2,33.3,1.5,75.0,0.0,0.0,1,100.0,,,50.0,,2,75.0,0.0,,,1,1,,2,0.0,50.0,1,0,1,0.0,1,0,0.5,3
Teddy Allen,Winnipeg Sea Bears,2026-2027,defense,P&R ball handler,Defense Commits,6,Dribble Off Pick,P&R Including Passes > P&R Ball Handler > Right P&R > Baseline > Dribble Off Pick > Defense Commits,P&R Including Passes,P&R Ball Handler,Right P&R,Baseline,Dribble Off Pick,Defense Commits,1,16.7,0.0,,100.0,0.0,0,,,,,,0,,0.0,,,0,0,,0,,0.0,0,0,0,,0,0,,0
Teddy Allen,Winnipeg Sea Bears,2026-2027,defense,P&R ball handler,Takes Early Jump Shot,5,Baseline,P&R Including Passes > P&R Ball Handler > Right P&R > Baseline > Takes Early Jump Shot,P&R Including Passes,P&R Ball Handler,Right P&R,Baseline,Takes Early Jump Shot,,1,14.3,0.0,0.0,0.0,0.0,1,0.0,,,0.0,,1,0.0,0.0,,,0,1,,1,0.0,0.0,0,0,0,,0,1,1.0,0
Teddy Allen,Winnipeg Sea Bears,2026-2027,defense,P&R ball handler,No Dribble Jumper,6,Takes Early Jump Shot,P&R Including Passes > P&R Ball Handler > Right P&R > Baseline > Takes Early Jump Shot > No Dribble Jumper,P&R Including Passes,P&R Ball Handler,Right P&R,Baseline,Takes Early Jump Shot,No Dribble Jumper,1,100.0,0.0,0.0,0.0,0.0,1,0.0,,,0.0,,1,0.0,0.0,,,0,1,,1,0.0,0.0,0,0,0,,0,1,1.0,0
Teddy Allen,Winnipeg Sea Bears,2026-2027,defense,P&R ball handler,Side,4,Right P&R,P&R Including Passes > P&R Ball Handler > Right P&R > Side,P&R Including Passes,P&R Ball Handler,Right P&R,Side,,,5,41.7,1.2,75.0,20.0,0.0,1,0.0,,,75.0,,4,75.0,0.0,,,3,1,,4,0.0,60.0,3,3,0,100.0,0,1,0.25,6
Teddy Allen,Winnipeg Sea Bears,2026-2027,defense,P&R ball handler,Go Away from Pick,5,Side,P&R Including Passes > P&R Ball Handler > Right P&R > Side > Go Away from Pick,P&R Including Passes,P&R Ball Handler,Right P&R,Side,Go Away from Pick,,3,60.0,1.333,66.7,0.0,0.0,1,0.0,,,66.7,,3,66.7,0.0,,,2,1,,3,0.0,66.7,2,2,0,100.0,0,1,0.33,4
Teddy Allen,Winnipeg Sea Bears,2026-2027,defense,P&R ball handler,To Basket,6,Go Away from Pick,P&R Including Passes > P&R Ball Handler > Right P&R > Side > Go Away from Pick > To Basket,P&R Including Passes,P&R Ball Handler,Right P&R,Side,Go Away from Pick,To Basket,2,66.7,2.0,100.0,0.0,0.0,0,,,,100.0,,2,100.0,0.0,,,2,0,,2,0.0,100.0,2,2,0,100.0,0,0,0.0,4
Teddy Allen,Winnipeg Sea Bears,2026-2027,defense,P&R ball handler,Dribble Jumper,6,Go Away from Pick,P&R Including Passes > P&R Ball Handler > Right P&R > Side > Go Away from Pick > Dribble Jumper,P&R Including Passes,P&R Ball Handler,Right P&R,Side,Go Away from Pick,Dribble Jumper,1,33.3,0.0,0.0,0.0,0.0,1,0.0,,,0.0,,1,0.0,0.0,,,0,1,,1,0.0,0.0,0,0,0,,0,1,1.0,0
Teddy Allen,Winnipeg Sea Bears,2026-2027,defense,P&R ball handler,Dribble Off Pick,5,Side,P&R Including Passes > P&R Ball Handler > Right P&R > Side > Dribble Off Pick,P&R Including Passes,P&R Ball Handler,Right P&R,Side,Dribble Off Pick,,2,40.0,1.0,100.0,50.0,0.0,0,,,,100.0,,1,100.0,0.0,,,1,0,,1,0.0,50.0,1,1,0,100.0,0,0,0.0,2
Teddy Allen,Winnipeg Sea Bears,2026-2027,defense,P&R ball handler,Defense Commits,6,Dribble Off Pick,P&R Including Passes > P&R Ball Handler > Right P&R > Side > Dribble Off Pick > Defense Commits,P&R Including Passes,P&R Ball Handler,Right P&R,Side,Dribble Off Pick,Defense Commits,1,50.0,0.0,,100.0,0.0,0,,,,,,0,,0.0,,,0,0,,0,,0.0,0,0,0,,0,0,,0
Teddy Allen,Winnipeg Sea Bears,2026-2027,defense,P&R ball handler,Dribble Jumper,6,Dribble Off Pick,P&R Including Passes > P&R Ball Handler > Right P&R > Side > Dribble Off Pick > Dribble Jumper,P&R Including Passes,P&R Ball Handler,Right P&R,Side,Dribble Off Pick,Dribble Jumper,1,50.0,2.0,100.0,0.0,0.0,0,,,,100.0,,1,100.0,0.0,,,1,0,,1,0.0,100.0,1,1,0,100.0,0,0,0.0,2
Teddy Allen,Winnipeg Sea Bears,2026-2027,defense,P&R ball handler,Left P&R,3,P&R Ball Handler,P&R Including Passes > P&R Ball Handler > Left P&R,P&R Including Passes,P&R Ball Handler,Left P&R,,,,5,9.3,1.4,70.0,0.0,0.0,2,50.0,,,60.0,,5,70.0,0.0,,,3,2,,5,0.0,60.0,3,2,1,66.7,1,1,0.4,7
Teddy Allen,Winnipeg Sea Bears,2026-2027,defense,P&R ball handler,Side,4,Left P&R,P&R Including Passes > P&R Ball Handler > Left P&R > Side,P&R Including Passes,P&R Ball Handler,Left P&R,Side,,,3,60.0,1.667,83.3,0.0,0.0,1,100.0,,,66.7,,3,83.3,0.0,,,2,1,,3,0.0,66.7,2,1,1,50.0,1,0,0.33,5
Teddy Allen,Winnipeg Sea Bears,2026-2027,defense,P&R ball handler,Dribble Off Pick,5,Side,P&R Including Passes > P&R Ball Handler > Left P&R > Side > Dribble Off Pick,P&R Including Passes,P&R Ball Handler,Left P&R,Side,Dribble Off Pick,,3,100.0,1.667,83.3,0.0,0.0,1,100.0,,,66.7,,3,83.3,0.0,,,2,1,,3,0.0,66.7,2,1,1,50.0,1,0,0.33,5
Teddy Allen,Winnipeg Sea Bears,2026-2027,defense,P&R ball handler,To Basket,6,Dribble Off Pick,P&R Including Passes > P&R Ball Handler > Left P&R > Side > Dribble Off Pick > To Basket,P&R Including Passes,P&R Ball Handler,Left P&R,Side,Dribble Off Pick,To Basket,2,66.7,1.0,50.0,0.0,0.0,0,,,,50.0,,2,50.0,0.0,,,1,1,,2,0.0,50.0,2,1,1,50.0,0,0,0.0,2
Teddy Allen,Winnipeg Sea Bears,2026-2027,defense,P&R ball handler,Dribble Jumper,6,Dribble Off Pick,P&R Including Passes > P&R Ball Handler > Left P&R > Side > Dribble Off Pick > Dribble Jumper,P&R Including Passes,P&R Ball Handler,Left P&R,Side,Dribble Off Pick,Dribble Jumper,1,33.3,3.0,150.0,0.0,0.0,1,100.0,,,100.0,,1,150.0,0.0,,,1,0,,1,0.0,100.0,0,0,0,,1,0,1.0,3
Teddy Allen,Winnipeg Sea Bears,2026-2027,defense,P&R ball handler,Baseline,4,Left P&R,P&R Including Passes > P&R Ball Handler > Left P&R > Baseline,P&R Including Passes,P&R Ball Handler,Left P&R,Baseline,,,2,40.0,1.0,50.0,0.0,0.0,1,0.0,,,50.0,,2,50.0,0.0,,,1,1,,2,0.0,50.0,1,1,0,100.0,0,1,0.5,2
Teddy Allen,Winnipeg Sea Bears,2026-2027,defense,P&R ball handler,Dribble Off Pick,5,Baseline,P&R Including Passes > P&R Ball Handler > Left P&R > Baseline > Dribble Off Pick,P&R Including Passes,P&R Ball Handler,Left P&R,Baseline,Dribble Off Pick,,2,100.0,1.0,50.0,0.0,0.0,1,0.0,,,50.0,,2,50.0,0.0,,,1,1,,2,0.0,50.0,1,1,0,100.0,0,1,0.5,2
Teddy Allen,Winnipeg Sea Bears,2026-2027,defense,P&R ball handler,Dribble Jumper,6,Dribble Off Pick,P&R Including Passes > P&R Ball Handler > Left P&R > Baseline > Dribble Off Pick > Dribble Jumper,P&R Including Passes,P&R Ball Handler,Left P&R,Baseline,Dribble Off Pick,Dribble Jumper,1,50.0,0.0,0.0,0.0,0.0,1,0.0,,,0.0,,1,0.0,0.0,,,0,1,,1,0.0,0.0,0,0,0,,0,1,1.0,0
Teddy Allen,Winnipeg Sea Bears,2026-2027,defense,P&R ball handler,To Basket,6,Dribble Off Pick,P&R Including Passes > P&R Ball Handler > Left P&R > Baseline > Dribble Off Pick > To Basket,P&R Including Passes,P&R Ball Handler,Left P&R,Baseline,Dribble Off Pick,To Basket,1,50.0,2.0,100.0,0.0,0.0,0,,,,100.0,,1,100.0,0.0,,,1,0,,1,0.0,100.0,1,1,0,100.0,0,0,0.0,2
Teddy Allen,Winnipeg Sea Bears,2026-2027,defense,P&R ball handler,Spot-Up,2,P&R Including Passes,P&R Including Passes > Spot-Up,P&R Including Passes,Spot-Up,,,,,21,25.6,1.0,58.3,14.3,0.0,9,55.6,,,44.4,,18,58.3,0.0,,,8,10,,18,0.0,38.1,9,3,6,33.3,5,4,0.5,21
Teddy Allen,Winnipeg Sea Bears,2026-2027,defense,P&R ball handler,Drives Right,3,Spot-Up,P&R Including Passes > Spot-Up > Drives Right,P&R Including Passes,Spot-Up,Drives Right,,,,9,42.9,0.0,0.0,33.3,0.0,0,,,,0.0,,6,0.0,0.0,,,0,6,,6,0.0,0.0,6,0,6,0.0,0,0,0.0,0
Teddy Allen,Winnipeg Sea Bears,2026-2027,defense,P&R ball handler,To Basket,4,Drives Right,P&R Including Passes > Spot-Up > Drives Right > To Basket,P&R Including Passes,Spot-Up,Drives Right,To Basket,,,4,44.4,0.0,0.0,0.0,0.0,0,,,,0.0,,4,0.0,0.0,,,0,4,,4,0.0,0.0,4,0,4,0.0,0,0,0.0,0
Teddy Allen,Winnipeg Sea Bears,2026-2027,defense,P&R ball handler,Miss 2 Pts,5,To Basket,P&R Including Passes > Spot-Up > Drives Right > To Basket > Miss 2 Pts,P&R Including Passes,Spot-Up,Drives Right,To Basket,Miss 2 Pts,,4,100.0,0.0,0.0,0.0,0.0,0,,,,0.0,,4,0.0,0.0,,,0,4,,4,0.0,0.0,4,0,4,0.0,0,0,0.0,0
Teddy Allen,Winnipeg Sea Bears,2026-2027,defense,P&R ball handler,Turnover,4,Drives Right,P&R Including Passes > Spot-Up > Drives Right > Turnover,P&R Including Passes,Spot-Up,Drives Right,Turnover,,,3,33.3,0.0,,100.0,0.0,0,,,,,,0,,0.0,,,0,0,,0,,0.0,0,0,0,,0,0,,0
Teddy Allen,Winnipeg Sea Bears,2026-2027,defense,P&R ball handler,Dribble Jumper,4,Drives Right,P&R Including Passes > Spot-Up > Drives Right > Dribble Jumper,P&R Including Passes,Spot-Up,Drives Right,Dribble Jumper,,,2,22.2,0.0,0.0,0.0,0.0,0,,,,0.0,,2,0.0,0.0,,,0,2,,2,0.0,0.0,2,0,2,0.0,0,0,0.0,0
Teddy Allen,Winnipeg Sea Bears,2026-2027,defense,P&R ball handler,Short to < 17,5,Dribble Jumper,P&R Including Passes > Spot-Up > Drives Right > Dribble Jumper > Short to < 17,P&R Including Passes,Spot-Up,Drives Right,Dribble Jumper,Short to < 17,,2,100.0,0.0,0.0,0.0,0.0,0,,,,0.0,,2,0.0,0.0,,,0,2,,2,0.0,0.0,2,0,2,0.0,0,0,0.0,0
Teddy Allen,Winnipeg Sea Bears,2026-2027,defense,P&R ball handler,Miss 2 Pts,6,Short to < 17,P&R Including Passes > Spot-Up > Drives Right > Dribble Jumper > Short to < 17 > Miss 2 Pts,P&R Including Passes,Spot-Up,Drives Right,Dribble Jumper,Short to < 17,Miss 2 Pts,2,100.0,0.0,0.0,0.0,0.0,0,,,,0.0,,2,0.0,0.0,,,0,2,,2,0.0,0.0,2,0,2,0.0,0,0,0.0,0
Teddy Allen,Winnipeg Sea Bears,2026-2027,defense,P&R ball handler,No Dribble Jumper,3,Spot-Up,P&R Including Passes > Spot-Up > No Dribble Jumper,P&R Including Passes,Spot-Up,No Dribble Jumper,,,,9,42.9,1.667,83.3,0.0,0.0,9,55.6,,,55.6,,9,83.3,0.0,,,5,4,,9,0.0,55.6,0,0,0,,5,4,1.0,15
Teddy Allen,Winnipeg Sea Bears,2026-2027,defense,P&R ball handler,Open,4,No Dribble Jumper,P&R Including Passes > Spot-Up > No Dribble Jumper > Open,P&R Including Passes,Spot-Up,No Dribble Jumper,Open,,,6,66.7,1.5,75.0,0.0,0.0,6,50.0,,,50.0,,6,75.0,0.0,,,3,3,,6,0.0,50.0,0,0,0,,3,3,1.0,9
Teddy Allen,Winnipeg Sea Bears,2026-2027,defense,P&R ball handler,Long/3pt,5,Open,P&R Including Passes > Spot-Up > No Dribble Jumper > Open > Long/3pt,P&R Including Passes,Spot-Up,No Dribble Jumper,Open,Long/3pt,,6,100.0,1.5,75.0,0.0,0.0,6,50.0,,,50.0,,6,75.0,0.0,,,3,3,,6,0.0,50.0,0,0,0,,3,3,1.0,9
Teddy Allen,Winnipeg Sea Bears,2026-2027,defense,P&R ball handler,Miss 3 Pts,6,Long/3pt,P&R Including Passes > Spot-Up > No Dribble Jumper > Open > Long/3pt > Miss 3 Pts,P&R Including Passes,Spot-Up,No Dribble Jumper,Open,Long/3pt,Miss 3 Pts,3,50.0,0.0,0.0,0.0,0.0,3,0.0,,,0.0,,3,0.0,0.0,,,0,3,,3,0.0,0.0,0,0,0,,0,3,1.0,0
Teddy Allen,Winnipeg Sea Bears,2026-2027,defense,P&R ball handler,Make 3 Pts,6,Long/3pt,P&R Including Passes > Spot-Up > No Dribble Jumper > Open > Long/3pt > Make 3 Pts,P&R Including Passes,Spot-Up,No Dribble Jumper,Open,Long/3pt,Make 3 Pts,3,50.0,3.0,150.0,0.0,0.0,3,100.0,,,100.0,,3,150.0,0.0,,,3,0,,3,0.0,100.0,0,0,0,,3,0,1.0,9
Teddy Allen,Winnipeg Sea Bears,2026-2027,defense,P&R ball handler,Guarded,4,No Dribble Jumper,P&R Including Passes > Spot-Up > No Dribble Jumper > Guarded,P&R Including Passes,Spot-Up,No Dribble Jumper,Guarded,,,3,33.3,2.0,100.0,0.0,0.0,3,66.7,,,66.7,,3,100.0,0.0,,,2,1,,3,0.0,66.7,0,0,0,,2,1,1.0,6
Teddy Allen,Winnipeg Sea Bears,2026-2027,defense,P&R ball handler,Long/3pt,5,Guarded,P&R Including Passes > Spot-Up > No Dribble Jumper > Guarded > Long/3pt,P&R Including Passes,Spot-Up,No Dribble Jumper,Guarded,Long/3pt,,3,100.0,2.0,100.0,0.0,0.0,3,66.7,,,66.7,,3,100.0,0.0,,,2,1,,3,0.0,66.7,0,0,0,,2,1,1.0,6
Teddy Allen,Winnipeg Sea Bears,2026-2027,defense,P&R ball handler,Make 3 Pts,6,Long/3pt,P&R Including Passes > Spot-Up > No Dribble Jumper > Guarded > Long/3pt > Make 3 Pts,P&R Including Passes,Spot-Up,No Dribble Jumper,Guarded,Long/3pt,Make 3 Pts,2,66.7,3.0,150.0,0.0,0.0,2,100.0,,,100.0,,2,150.0,0.0,,,2,0,,2,0.0,100.0,0,0,0,,2,0,1.0,6
Teddy Allen,Winnipeg Sea Bears,2026-2027,defense,P&R ball handler,Miss 3 Pts,6,Long/3pt,P&R Including Passes > Spot-Up > No Dribble Jumper > Guarded > Long/3pt > Miss 3 Pts,P&R Including Passes,Spot-Up,No Dribble Jumper,Guarded,Long/3pt,Miss 3 Pts,1,33.3,0.0,0.0,0.0,0.0,1,0.0,,,0.0,,1,0.0,0.0,,,0,1,,1,0.0,0.0,0,0,0,,0,1,1.0,0
Teddy Allen,Winnipeg Sea Bears,2026-2027,defense,P&R ball handler,Drives Left,3,Spot-Up,P&R Including Passes > Spot-Up > Drives Left,P&R Including Passes,Spot-Up,Drives Left,,,,3,14.3,2.0,100.0,0.0,0.0,0,,,,100.0,,3,100.0,0.0,,,3,0,,3,0.0,100.0,3,3,0,100.0,0,0,0.0,6
Teddy Allen,Winnipeg Sea Bears,2026-2027,defense,P&R ball handler,To Basket,4,Drives Left,P&R Including Passes > Spot-Up > Drives Left > To Basket,P&R Including Passes,Spot-Up,Drives Left,To Basket,,,3,100.0,2.0,100.0,0.0,0.0,0,,,,100.0,,3,100.0,0.0,,,3,0,,3,0.0,100.0,3,3,0,100.0,0,0,0.0,6
Teddy Allen,Winnipeg Sea Bears,2026-2027,defense,P&R ball handler,Make 2 Pts,5,To Basket,P&R Including Passes > Spot-Up > Drives Left > To Basket > Make 2 Pts,P&R Including Passes,Spot-Up,Drives Left,To Basket,Make 2 Pts,,3,100.0,2.0,100.0,0.0,0.0,0,,,,100.0,,3,100.0,0.0,,,3,0,,3,0.0,100.0,3,3,0,100.0,0,0,0.0,6
Teddy Allen,Winnipeg Sea Bears,2026-2027,defense,P&R ball handler,P&R Roll Man,2,P&R Including Passes,P&R Including Passes > P&R Roll Man,P&R Including Passes,P&R Roll Man,,,,,7,8.5,1.286,65.4,0.0,14.3,3,33.3,,,50.0,,6,58.3,0.0,,,3,3,,7,0.33,57.1,3,2,1,66.7,1,2,0.5,9
Teddy Allen,Winnipeg Sea Bears,2026-2027,defense,P&R ball handler,Slips the Pick,3,P&R Roll Man,P&R Including Passes > P&R Roll Man > Slips the Pick,P&R Including Passes,P&R Roll Man,Slips the Pick,,,,7,100.0,1.286,65.4,0.0,14.3,3,33.3,,,50.0,,6,58.3,0.0,,,3,3,,7,0.33,57.1,3,2,1,66.7,1,2,0.5,9
Teddy Allen,Winnipeg Sea Bears,2026-2027,defense,P&R ball handler,To Basket,4,Slips the Pick,P&R Including Passes > P&R Roll Man > Slips the Pick > To Basket,P&R Including Passes,P&R Roll Man,Slips the Pick,To Basket,,,3,42.9,1.333,66.7,0.0,0.0,0,,,,66.7,,3,66.7,0.0,,,2,1,,3,0.0,66.7,3,2,1,66.7,0,0,0.0,4
Teddy Allen,Winnipeg Sea Bears,2026-2027,defense,P&R ball handler,Make 2 Pts,5,To Basket,P&R Including Passes > P&R Roll Man > Slips the Pick > To Basket > Make 2 Pts,P&R Including Passes,P&R Roll Man,Slips the Pick,To Basket,Make 2 Pts,,2,66.7,2.0,100.0,0.0,0.0,0,,,,100.0,,2,100.0,0.0,,,2,0,,2,0.0,100.0,2,2,0,100.0,0,0,0.0,4
Teddy Allen,Winnipeg Sea Bears,2026-2027,defense,P&R ball handler,Miss 2 Pts,5,To Basket,P&R Including Passes > P&R Roll Man > Slips the Pick > To Basket > Miss 2 Pts,P&R Including Passes,P&R Roll Man,Slips the Pick,To Basket,Miss 2 Pts,,1,33.3,0.0,0.0,0.0,0.0,0,,,,0.0,,1,0.0,0.0,,,0,1,,1,0.0,0.0,1,0,1,0.0,0,0,0.0,0
Teddy Allen,Winnipeg Sea Bears,2026-2027,defense,P&R ball handler,No Dribble Jumper,4,Slips the Pick,P&R Including Passes > P&R Roll Man > Slips the Pick > No Dribble Jumper,P&R Including Passes,P&R Roll Man,Slips the Pick,No Dribble Jumper,,,2,28.6,0.0,0.0,0.0,0.0,2,0.0,,,0.0,,2,0.0,0.0,,,0,2,,2,0.0,0.0,0,0,0,,0,2,1.0,0
Teddy Allen,Winnipeg Sea Bears,2026-2027,defense,P&R ball handler,Open,5,No Dribble Jumper,P&R Including Passes > P&R Roll Man > Slips the Pick > No Dribble Jumper > Open,P&R Including Passes,P&R Roll Man,Slips the Pick,No Dribble Jumper,Open,,2,100.0,0.0,0.0,0.0,0.0,2,0.0,,,0.0,,2,0.0,0.0,,,0,2,,2,0.0,0.0,0,0,0,,0,2,1.0,0
Teddy Allen,Winnipeg Sea Bears,2026-2027,defense,P&R ball handler,Long/3pt,6,Open,P&R Including Passes > P&R Roll Man > Slips the Pick > No Dribble Jumper > Open > Long/3pt,P&R Including Passes,P&R Roll Man,Slips the Pick,No Dribble Jumper,Open,Long/3pt,2,100.0,0.0,0.0,0.0,0.0,2,0.0,,,0.0,,2,0.0,0.0,,,0,2,,2,0.0,0.0,0,0,0,,0,2,1.0,0
Teddy Allen,Winnipeg Sea Bears,2026-2027,defense,P&R ball handler,Foul,4,Slips the Pick,P&R Including Passes > P&R Roll Man > Slips the Pick > Foul,P&R Including Passes,P&R Roll Man,Slips the Pick,Foul,,,1,14.3,2.0,113.6,0.0,100.0,0,,,,,,0,,0.0,,,0,0,,1,,100.0,0,0,0,,0,0,,2
Teddy Allen,Winnipeg Sea Bears,2026-2027,defense,P&R ball handler,Dribble Jumper,4,Slips the Pick,P&R Including Passes > P&R Roll Man > Slips the Pick > Dribble Jumper,P&R Including Passes,P&R Roll Man,Slips the Pick,Dribble Jumper,,,1,14.3,3.0,150.0,0.0,0.0,1,100.0,,,100.0,,1,150.0,0.0,,,1,0,,1,0.0,100.0,0,0,0,,1,0,1.0,3
Teddy Allen,Winnipeg Sea Bears,2026-2027,defense,P&R ball handler,Long/3pt,5,Dribble Jumper,P&R Including Passes > P&R Roll Man > Slips the Pick > Dribble Jumper > Long/3pt,P&R Including Passes,P&R Roll Man,Slips the Pick,Dribble Jumper,Long/3pt,,1,100.0,3.0,150.0,0.0,0.0,1,100.0,,,100.0,,1,150.0,0.0,,,1,0,,1,0.0,100.0,0,0,0,,1,0,1.0,3
Teddy Allen,Winnipeg Sea Bears,2026-2027,defense,P&R ball handler,Make 3 Pts,6,Long/3pt,P&R Including Passes > P&R Roll Man > Slips the Pick > Dribble Jumper > Long/3pt > Make 3 Pts,P&R Including Passes,P&R Roll Man,Slips the Pick,Dribble Jumper,Long/3pt,Make 3 Pts,1,100.0,3.0,150.0,0.0,0.0,1,100.0,,,100.0,,1,150.0,0.0,,,1,0,,1,0.0,100.0,0,0,0,,1,0,1.0,3
Teddy Allen,Winnipeg Sea Bears,2026-2027,defense,P&R ball handler,P&R BH - Defense Commits,1,,P&R BH - Defense Commits,P&R BH - Defense Commits,,,,,,32,14.6,0.938,60.3,21.9,3.1,12,50.0,Average,32.0,45.8,4.0,24,58.3,0.0,,,11,13,,25,0.08,37.5,12,5,7,41.7,6,6,0.5,30
Teddy Allen,Winnipeg Sea Bears,2026-2027,defense,P&R ball handler,Spot-Up,2,P&R BH - Defense Commits,P&R BH - Defense Commits > Spot-Up,P&R BH - Defense Commits,Spot-Up,,,,,21,65.6,1.0,58.3,14.3,0.0,9,55.6,,,44.4,,18,58.3,0.0,,,8,10,,18,0.0,38.1,9,3,6,33.3,5,4,0.5,21
Teddy Allen,Winnipeg Sea Bears,2026-2027,defense,P&R ball handler,Drives Right,3,Spot-Up,P&R BH - Defense Commits > Spot-Up > Drives Right,P&R BH - Defense Commits,Spot-Up,Drives Right,,,,9,42.9,0.0,0.0,33.3,0.0,0,,,,0.0,,6,0.0,0.0,,,0,6,,6,0.0,0.0,6,0,6,0.0,0,0,0.0,0
Teddy Allen,Winnipeg Sea Bears,2026-2027,defense,P&R ball handler,To Basket,4,Drives Right,P&R BH - Defense Commits > Spot-Up > Drives Right > To Basket,P&R BH - Defense Commits,Spot-Up,Drives Right,To Basket,,,4,44.4,0.0,0.0,0.0,0.0,0,,,,0.0,,4,0.0,0.0,,,0,4,,4,0.0,0.0,4,0,4,0.0,0,0,0.0,0
Teddy Allen,Winnipeg Sea Bears,2026-2027,defense,P&R ball handler,Miss 2 Pts,5,To Basket,P&R BH - Defense Commits > Spot-Up > Drives Right > To Basket > Miss 2 Pts,P&R BH - Defense Commits,Spot-Up,Drives Right,To Basket,Miss 2 Pts,,4,100.0,0.0,0.0,0.0,0.0,0,,,,0.0,,4,0.0,0.0,,,0,4,,4,0.0,0.0,4,0,4,0.0,0,0,0.0,0
Teddy Allen,Winnipeg Sea Bears,2026-2027,defense,P&R ball handler,Turnover,4,Drives Right,P&R BH - Defense Commits > Spot-Up > Drives Right > Turnover,P&R BH - Defense Commits,Spot-Up,Drives Right,Turnover,,,3,33.3,0.0,,100.0,0.0,0,,,,,,0,,0.0,,,0,0,,0,,0.0,0,0,0,,0,0,,0
Teddy Allen,Winnipeg Sea Bears,2026-2027,defense,P&R ball handler,Dribble Jumper,4,Drives Right,P&R BH - Defense Commits > Spot-Up > Drives Right > Dribble Jumper,P&R BH - Defense Commits,Spot-Up,Drives Right,Dribble Jumper,,,2,22.2,0.0,0.0,0.0,0.0,0,,,,0.0,,2,0.0,0.0,,,0,2,,2,0.0,0.0,2,0,2,0.0,0,0,0.0,0
Teddy Allen,Winnipeg Sea Bears,2026-2027,defense,P&R ball handler,Short to < 17,5,Dribble Jumper,P&R BH - Defense Commits > Spot-Up > Drives Right > Dribble Jumper > Short to < 17,P&R BH - Defense Commits,Spot-Up,Drives Right,Dribble Jumper,Short to < 17,,2,100.0,0.0,0.0,0.0,0.0,0,,,,0.0,,2,0.0,0.0,,,0,2,,2,0.0,0.0,2,0,2,0.0,0,0,0.0,0
Teddy Allen,Winnipeg Sea Bears,2026-2027,defense,P&R ball handler,Miss 2 Pts,6,Short to < 17,P&R BH - Defense Commits > Spot-Up > Drives Right > Dribble Jumper > Short to < 17 > Miss 2 Pts,P&R BH - Defense Commits,Spot-Up,Drives Right,Dribble Jumper,Short to < 17,Miss 2 Pts,2,100.0,0.0,0.0,0.0,0.0,0,,,,0.0,,2,0.0,0.0,,,0,2,,2,0.0,0.0,2,0,2,0.0,0,0,0.0,0
Teddy Allen,Winnipeg Sea Bears,2026-2027,defense,P&R ball handler,No Dribble Jumper,3,Spot-Up,P&R BH - Defense Commits > Spot-Up > No Dribble Jumper,P&R BH - Defense Commits,Spot-Up,No Dribble Jumper,,,,9,42.9,1.667,83.3,0.0,0.0,9,55.6,,,55.6,,9,83.3,0.0,,,5,4,,9,0.0,55.6,0,0,0,,5,4,1.0,15
Teddy Allen,Winnipeg Sea Bears,2026-2027,defense,P&R ball handler,Open,4,No Dribble Jumper,P&R BH - Defense Commits > Spot-Up > No Dribble Jumper > Open,P&R BH - Defense Commits,Spot-Up,No Dribble Jumper,Open,,,6,66.7,1.5,75.0,0.0,0.0,6,50.0,,,50.0,,6,75.0,0.0,,,3,3,,6,0.0,50.0,0,0,0,,3,3,1.0,9
Teddy Allen,Winnipeg Sea Bears,2026-2027,defense,P&R ball handler,Long/3pt,5,Open,P&R BH - Defense Commits > Spot-Up > No Dribble Jumper > Open > Long/3pt,P&R BH - Defense Commits,Spot-Up,No Dribble Jumper,Open,Long/3pt,,6,100.0,1.5,75.0,0.0,0.0,6,50.0,,,50.0,,6,75.0,0.0,,,3,3,,6,0.0,50.0,0,0,0,,3,3,1.0,9
Teddy Allen,Winnipeg Sea Bears,2026-2027,defense,P&R ball handler,Miss 3 Pts,6,Long/3pt,P&R BH - Defense Commits > Spot-Up > No Dribble Jumper > Open > Long/3pt > Miss 3 Pts,P&R BH - Defense Commits,Spot-Up,No Dribble Jumper,Open,Long/3pt,Miss 3 Pts,3,50.0,0.0,0.0,0.0,0.0,3,0.0,,,0.0,,3,0.0,0.0,,,0,3,,3,0.0,0.0,0,0,0,,0,3,1.0,0
Teddy Allen,Winnipeg Sea Bears,2026-2027,defense,P&R ball handler,Make 3 Pts,6,Long/3pt,P&R BH - Defense Commits > Spot-Up > No Dribble Jumper > Open > Long/3pt > Make 3 Pts,P&R BH - Defense Commits,Spot-Up,No Dribble Jumper,Open,Long/3pt,Make 3 Pts,3,50.0,3.0,150.0,0.0,0.0,3,100.0,,,100.0,,3,150.0,0.0,,,3,0,,3,0.0,100.0,0,0,0,,3,0,1.0,9
Teddy Allen,Winnipeg Sea Bears,2026-2027,defense,P&R ball handler,Guarded,4,No Dribble Jumper,P&R BH - Defense Commits > Spot-Up > No Dribble Jumper > Guarded,P&R BH - Defense Commits,Spot-Up,No Dribble Jumper,Guarded,,,3,33.3,2.0,100.0,0.0,0.0,3,66.7,,,66.7,,3,100.0,0.0,,,2,1,,3,0.0,66.7,0,0,0,,2,1,1.0,6
Teddy Allen,Winnipeg Sea Bears,2026-2027,defense,P&R ball handler,Long/3pt,5,Guarded,P&R BH - Defense Commits > Spot-Up > No Dribble Jumper > Guarded > Long/3pt,P&R BH - Defense Commits,Spot-Up,No Dribble Jumper,Guarded,Long/3pt,,3,100.0,2.0,100.0,0.0,0.0,3,66.7,,,66.7,,3,100.0,0.0,,,2,1,,3,0.0,66.7,0,0,0,,2,1,1.0,6
Teddy Allen,Winnipeg Sea Bears,2026-2027,defense,P&R ball handler,Make 3 Pts,6,Long/3pt,P&R BH - Defense Commits > Spot-Up > No Dribble Jumper > Guarded > Long/3pt > Make 3 Pts,P&R BH - Defense Commits,Spot-Up,No Dribble Jumper,Guarded,Long/3pt,Make 3 Pts,2,66.7,3.0,150.0,0.0,0.0,2,100.0,,,100.0,,2,150.0,0.0,,,2,0,,2,0.0,100.0,0,0,0,,2,0,1.0,6
Teddy Allen,Winnipeg Sea Bears,2026-2027,defense,P&R ball handler,Miss 3 Pts,6,Long/3pt,P&R BH - Defense Commits > Spot-Up > No Dribble Jumper > Guarded > Long/3pt > Miss 3 Pts,P&R BH - Defense Commits,Spot-Up,No Dribble Jumper,Guarded,Long/3pt,Miss 3 Pts,1,33.3,0.0,0.0,0.0,0.0,1,0.0,,,0.0,,1,0.0,0.0,,,0,1,,1,0.0,0.0,0,0,0,,0,1,1.0,0
Teddy Allen,Winnipeg Sea Bears,2026-2027,defense,P&R ball handler,Drives Left,3,Spot-Up,P&R BH - Defense Commits > Spot-Up > Drives Left,P&R BH - Defense Commits,Spot-Up,Drives Left,,,,3,14.3,2.0,100.0,0.0,0.0,0,,,,100.0,,3,100.0,0.0,,,3,0,,3,0.0,100.0,3,3,0,100.0,0,0,0.0,6
Teddy Allen,Winnipeg Sea Bears,2026-2027,defense,P&R ball handler,To Basket,4,Drives Left,P&R BH - Defense Commits > Spot-Up > Drives Left > To Basket,P&R BH - Defense Commits,Spot-Up,Drives Left,To Basket,,,3,100.0,2.0,100.0,0.0,0.0,0,,,,100.0,,3,100.0,0.0,,,3,0,,3,0.0,100.0,3,3,0,100.0,0,0,0.0,6
Teddy Allen,Winnipeg Sea Bears,2026-2027,defense,P&R ball handler,Make 2 Pts,5,To Basket,P&R BH - Defense Commits > Spot-Up > Drives Left > To Basket > Make 2 Pts,P&R BH - Defense Commits,Spot-Up,Drives Left,To Basket,Make 2 Pts,,3,100.0,2.0,100.0,0.0,0.0,0,,,,100.0,,3,100.0,0.0,,,3,0,,3,0.0,100.0,3,3,0,100.0,0,0,0.0,6
Teddy Allen,Winnipeg Sea Bears,2026-2027,defense,P&R ball handler,P&R Roll Man,2,P&R BH - Defense Commits,P&R BH - Defense Commits > P&R Roll Man,P&R BH - Defense Commits,P&R Roll Man,,,,,7,21.9,1.286,65.4,0.0,14.3,3,33.3,,,50.0,,6,58.3,0.0,,,3,3,,7,0.33,57.1,3,2,1,66.7,1,2,0.5,9
Teddy Allen,Winnipeg Sea Bears,2026-2027,defense,P&R ball handler,Slips the Pick,3,P&R Roll Man,P&R BH - Defense Commits > P&R Roll Man > Slips the Pick,P&R BH - Defense Commits,P&R Roll Man,Slips the Pick,,,,7,100.0,1.286,65.4,0.0,14.3,3,33.3,,,50.0,,6,58.3,0.0,,,3,3,,7,0.33,57.1,3,2,1,66.7,1,2,0.5,9
Teddy Allen,Winnipeg Sea Bears,2026-2027,defense,P&R ball handler,To Basket,4,Slips the Pick,P&R BH - Defense Commits > P&R Roll Man > Slips the Pick > To Basket,P&R BH - Defense Commits,P&R Roll Man,Slips the Pick,To Basket,,,3,42.9,1.333,66.7,0.0,0.0,0,,,,66.7,,3,66.7,0.0,,,2,1,,3,0.0,66.7,3,2,1,66.7,0,0,0.0,4
Teddy Allen,Winnipeg Sea Bears,2026-2027,defense,P&R ball handler,Make 2 Pts,5,To Basket,P&R BH - Defense Commits > P&R Roll Man > Slips the Pick > To Basket > Make 2 Pts,P&R BH - Defense Commits,P&R Roll Man,Slips the Pick,To Basket,Make 2 Pts,,2,66.7,2.0,100.0,0.0,0.0,0,,,,100.0,,2,100.0,0.0,,,2,0,,2,0.0,100.0,2,2,0,100.0,0,0,0.0,4
Teddy Allen,Winnipeg Sea Bears,2026-2027,defense,P&R ball handler,Miss 2 Pts,5,To Basket,P&R BH - Defense Commits > P&R Roll Man > Slips the Pick > To Basket > Miss 2 Pts,P&R BH - Defense Commits,P&R Roll Man,Slips the Pick,To Basket,Miss 2 Pts,,1,33.3,0.0,0.0,0.0,0.0,0,,,,0.0,,1,0.0,0.0,,,0,1,,1,0.0,0.0,1,0,1,0.0,0,0,0.0,0
Teddy Allen,Winnipeg Sea Bears,2026-2027,defense,P&R ball handler,No Dribble Jumper,4,Slips the Pick,P&R BH - Defense Commits > P&R Roll Man > Slips the Pick > No Dribble Jumper,P&R BH - Defense Commits,P&R Roll Man,Slips the Pick,No Dribble Jumper,,,2,28.6,0.0,0.0,0.0,0.0,2,0.0,,,0.0,,2,0.0,0.0,,,0,2,,2,0.0,0.0,0,0,0,,0,2,1.0,0
Teddy Allen,Winnipeg Sea Bears,2026-2027,defense,P&R ball handler,Open,5,No Dribble Jumper,P&R BH - Defense Commits > P&R Roll Man > Slips the Pick > No Dribble Jumper > Open,P&R BH - Defense Commits,P&R Roll Man,Slips the Pick,No Dribble Jumper,Open,,2,100.0,0.0,0.0,0.0,0.0,2,0.0,,,0.0,,2,0.0,0.0,,,0,2,,2,0.0,0.0,0,0,0,,0,2,1.0,0
Teddy Allen,Winnipeg Sea Bears,2026-2027,defense,P&R ball handler,Long/3pt,6,Open,P&R BH - Defense Commits > P&R Roll Man > Slips the Pick > No Dribble Jumper > Open > Long/3pt,P&R BH - Defense Commits,P&R Roll Man,Slips the Pick,No Dribble Jumper,Open,Long/3pt,2,100.0,0.0,0.0,0.0,0.0,2,0.0,,,0.0,,2,0.0,0.0,,,0,2,,2,0.0,0.0,0,0,0,,0,2,1.0,0
Teddy Allen,Winnipeg Sea Bears,2026-2027,defense,P&R ball handler,Foul,4,Slips the Pick,P&R BH - Defense Commits > P&R Roll Man > Slips the Pick > Foul,P&R BH - Defense Commits,P&R Roll Man,Slips the Pick,Foul,,,1,14.3,2.0,113.6,0.0,100.0,0,,,,,,0,,0.0,,,0,0,,1,,100.0,0,0,0,,0,0,,2
Teddy Allen,Winnipeg Sea Bears,2026-2027,defense,P&R ball handler,Dribble Jumper,4,Slips the Pick,P&R BH - Defense Commits > P&R Roll Man > Slips the Pick > Dribble Jumper,P&R BH - Defense Commits,P&R Roll Man,Slips the Pick,Dribble Jumper,,,1,14.3,3.0,150.0,0.0,0.0,1,100.0,,,100.0,,1,150.0,0.0,,,1,0,,1,0.0,100.0,0,0,0,,1,0,1.0,3
Teddy Allen,Winnipeg Sea Bears,2026-2027,defense,P&R ball handler,Long/3pt,5,Dribble Jumper,P&R BH - Defense Commits > P&R Roll Man > Slips the Pick > Dribble Jumper > Long/3pt,P&R BH - Defense Commits,P&R Roll Man,Slips the Pick,Dribble Jumper,Long/3pt,,1,100.0,3.0,150.0,0.0,0.0,1,100.0,,,100.0,,1,150.0,0.0,,,1,0,,1,0.0,100.0,0,0,0,,1,0,1.0,3
Teddy Allen,Winnipeg Sea Bears,2026-2027,defense,P&R ball handler,Make 3 Pts,6,Long/3pt,P&R BH - Defense Commits > P&R Roll Man > Slips the Pick > Dribble Jumper > Long/3pt > Make 3 Pts,P&R BH - Defense Commits,P&R Roll Man,Slips the Pick,Dribble Jumper,Long/3pt,Make 3 Pts,1,100.0,3.0,150.0,0.0,0.0,1,100.0,,,100.0,,1,150.0,0.0,,,1,0,,1,0.0,100.0,0,0,0,,1,0,1.0,3
Teddy Allen,Winnipeg Sea Bears,2026-2027,defense,P&R ball handler,P&R Ball Handler,2,P&R BH - Defense Commits,P&R BH - Defense Commits > P&R Ball Handler,P&R BH - Defense Commits,P&R Ball Handler,,,,,4,12.5,0.0,,100.0,0.0,0,,,,,,0,,0.0,,,0,0,,0,,0.0,0,0,0,,0,0,,0
Teddy Allen,Winnipeg Sea Bears,2026-2027,defense,P&R ball handler,Right P&R,3,P&R Ball Handler,P&R BH - Defense Commits > P&R Ball Handler > Right P&R,P&R BH - Defense Commits,P&R Ball Handler,Right P&R,,,,2,50.0,0.0,,100.0,0.0,0,,,,,,0,,0.0,,,0,0,,0,,0.0,0,0,0,,0,0,,0
Teddy Allen,Winnipeg Sea Bears,2026-2027,defense,P&R ball handler,Baseline,4,Right P&R,P&R BH - Defense Commits > P&R Ball Handler > Right P&R > Baseline,P&R BH - Defense Commits,P&R Ball Handler,Right P&R,Baseline,,,1,50.0,0.0,,100.0,0.0,0,,,,,,0,,0.0,,,0,0,,0,,0.0,0,0,0,,0,0,,0
Teddy Allen,Winnipeg Sea Bears,2026-2027,defense,P&R ball handler,Dribble Off Pick,5,Baseline,P&R BH - Defense Commits > P&R Ball Handler > Right P&R > Baseline > Dribble Off Pick,P&R BH - Defense Commits,P&R Ball Handler,Right P&R,Baseline,Dribble Off Pick,,1,100.0,0.0,,100.0,0.0,0,,,,,,0,,0.0,,,0,0,,0,,0.0,0,0,0,,0,0,,0
Teddy Allen,Winnipeg Sea Bears,2026-2027,defense,P&R ball handler,Defense Commits,6,Dribble Off Pick,P&R BH - Defense Commits > P&R Ball Handler > Right P&R > Baseline > Dribble Off Pick > Defense Commits,P&R BH - Defense Commits,P&R Ball Handler,Right P&R,Baseline,Dribble Off Pick,Defense Commits,1,100.0,0.0,,100.0,0.0,0,,,,,,0,,0.0,,,0,0,,0,,0.0,0,0,0,,0,0,,0
Teddy Allen,Winnipeg Sea Bears,2026-2027,defense,P&R ball handler,Side,4,Right P&R,P&R BH - Defense Commits > P&R Ball Handler > Right P&R > Side,P&R BH - Defense Commits,P&R Ball Handler,Right P&R,Side,,,1,50.0,0.0,,100.0,0.0,0,,,,,,0,,0.0,,,0,0,,0,,0.0,0,0,0,,0,0,,0
Teddy Allen,Winnipeg Sea Bears,2026-2027,defense,P&R ball handler,Dribble Off Pick,5,Side,P&R BH - Defense Commits > P&R Ball Handler > Right P&R > Side > Dribble Off Pick,P&R BH - Defense Commits,P&R Ball Handler,Right P&R,Side,Dribble Off Pick,,1,100.0,0.0,,100.0,0.0,0,,,,,,0,,0.0,,,0,0,,0,,0.0,0,0,0,,0,0,,0
Teddy Allen,Winnipeg Sea Bears,2026-2027,defense,P&R ball handler,Defense Commits,6,Dribble Off Pick,P&R BH - Defense Commits > P&R Ball Handler > Right P&R > Side > Dribble Off Pick > Defense Commits,P&R BH - Defense Commits,P&R Ball Handler,Right P&R,Side,Dribble Off Pick,Defense Commits,1,100.0,0.0,,100.0,0.0,0,,,,,,0,,0.0,,,0,0,,0,,0.0,0,0,0,,0,0,,0
Teddy Allen,Winnipeg Sea Bears,2026-2027,defense,P&R ball handler,High P&R,3,P&R Ball Handler,P&R BH - Defense Commits > P&R Ball Handler > High P&R,P&R BH - Defense Commits,P&R Ball Handler,High P&R,,,,2,50.0,0.0,,100.0,0.0,0,,,,,,0,,0.0,,,0,0,,0,,0.0,0,0,0,,0,0,,0
Teddy Allen,Winnipeg Sea Bears,2026-2027,defense,P&R ball handler,Dribble Off Pick,4,High P&R,P&R BH - Defense Commits > P&R Ball Handler > High P&R > Dribble Off Pick,P&R BH - Defense Commits,P&R Ball Handler,High P&R,Dribble Off Pick,,,2,100.0,0.0,,100.0,0.0,0,,,,,,0,,0.0,,,0,0,,0,,0.0,0,0,0,,0,0,,0
Teddy Allen,Winnipeg Sea Bears,2026-2027,defense,P&R ball handler,Defense Commits,5,Dribble Off Pick,P&R BH - Defense Commits > P&R Ball Handler > High P&R > Dribble Off Pick > Defense Commits,P&R BH - Defense Commits,P&R Ball Handler,High P&R,Dribble Off Pick,Defense Commits,,2,100.0,0.0,,100.0,0.0,0,,,,,,0,,0.0,,,0,0,,0,,0.0,0,0,0,,0,0,,0
Teddy Allen,Winnipeg Sea Bears,2026-2027,defense,P&R ball handler,Turnover,6,Defense Commits,P&R BH - Defense Commits > P&R Ball Handler > High P&R > Dribble Off Pick > Defense Commits > Turnover,P&R BH - Defense Commits,P&R Ball Handler,High P&R,Dribble Off Pick,Defense Commits,Turnover,2,100.0,0.0,,100.0,0.0,0,,,,,,0,,0.0,,,0,0,,0,,0.0,0,0,0,,0,0,,0
Teddy Allen,Winnipeg Sea Bears,2026-2027,defense,P&R ball handler,P&R BH - Traps,1,,P&R BH - Traps,P&R BH - Traps,,,,,,1,0.5,0.0,0.0,0.0,0.0,0,,,,0.0,,1,0.0,0.0,,,0,1,,1,0.0,0.0,1,0,1,0.0,0,0,0.0,0
Teddy Allen,Winnipeg Sea Bears,2026-2027,defense,P&R ball handler,High P&R,2,P&R BH - Traps,P&R BH - Traps > High P&R,P&R BH - Traps,High P&R,,,,,1,100.0,0.0,0.0,0.0,0.0,0,,,,0.0,,1,0.0,0.0,,,0,1,,1,0.0,0.0,1,0,1,0.0,0,0,0.0,0
Teddy Allen,Winnipeg Sea Bears,2026-2027,defense,P&R ball handler,Go Away from Pick,3,High P&R,P&R BH - Traps > High P&R > Go Away from Pick,P&R BH - Traps,High P&R,Go Away from Pick,,,,1,100.0,0.0,0.0,0.0,0.0,0,,,,0.0,,1,0.0,0.0,,,0,1,,1,0.0,0.0,1,0,1,0.0,0,0,0.0,0
Teddy Allen,Winnipeg Sea Bears,2026-2027,defense,P&R ball handler,To Basket,4,Go Away from Pick,P&R BH - Traps > High P&R > Go Away from Pick > To Basket,P&R BH - Traps,High P&R,Go Away from Pick,To Basket,,,1,100.0,0.0,0.0,0.0,0.0,0,,,,0.0,,1,0.0,0.0,,,0,1,,1,0.0,0.0,1,0,1,0.0,0,0,0.0,0
Teddy Allen,Winnipeg Sea Bears,2026-2027,defense,P&R ball handler,Miss 2 Pts,5,To Basket,P&R BH - Traps > High P&R > Go Away from Pick > To Basket > Miss 2 Pts,P&R BH - Traps,High P&R,Go Away from Pick,To Basket,Miss 2 Pts,,1,100.0,0.0,0.0,0.0,0.0,0,,,,0.0,,1,0.0,0.0,,,0,1,,1,0.0,0.0,1,0,1,0.0,0,0,0.0,0
Teddy Allen,Winnipeg Sea Bears,2026-2027,defense,Isolation,ISO Including Passes,1,,ISO Including Passes,ISO Including Passes,,,,,,34,15.5,0.971,49.9,2.9,8.8,15,26.7,Average,35.0,36.7,72.0,30,43.3,8.8,,,11,19,,33,0.23,41.2,15,7,8,46.7,4,11,0.5,33
Teddy Allen,Winnipeg Sea Bears,2026-2027,defense,Isolation,Isolation,2,ISO Including Passes,ISO Including Passes > Isolation,ISO Including Passes,Isolation,,,,,26,76.5,0.962,49.8,3.8,11.5,8,25.0,,,36.4,,22,40.9,11.5,,,8,14,,25,0.32,42.3,14,6,8,42.9,2,6,0.36,25
Teddy Allen,Winnipeg Sea Bears,2026-2027,defense,Isolation,Top,3,Isolation,ISO Including Passes > Isolation > Top,ISO Including Passes,Isolation,Top,,,,16,61.5,1.188,59.1,0.0,18.8,3,0.0,,,46.2,,13,46.2,18.8,,,6,7,,16,0.54,56.3,10,6,4,60.0,0,3,0.23,19
Teddy Allen,Winnipeg Sea Bears,2026-2027,defense,Isolation,Drives Left,4,Top,ISO Including Passes > Isolation > Top > Drives Left,ISO Including Passes,Isolation,Top,Drives Left,,,9,56.3,1.0,48.3,0.0,11.1,2,0.0,,,37.5,,8,37.5,11.1,,,3,5,,9,0.38,44.4,6,3,3,50.0,0,2,0.25,9
Teddy Allen,Winnipeg Sea Bears,2026-2027,defense,Isolation,To Basket,5,Drives Left,ISO Including Passes > Isolation > Top > Drives Left > To Basket,ISO Including Passes,Isolation,Top,Drives Left,To Basket,,5,55.6,1.2,60.0,0.0,0.0,0,,,,60.0,,5,60.0,0.0,,,3,2,,5,0.0,60.0,5,3,2,60.0,0,0,0.0,6
Teddy Allen,Winnipeg Sea Bears,2026-2027,defense,Isolation,Make 2 Pts,6,To Basket,ISO Including Passes > Isolation > Top > Drives Left > To Basket > Make 2 Pts,ISO Including Passes,Isolation,Top,Drives Left,To Basket,Make 2 Pts,3,60.0,2.0,100.0,0.0,0.0,0,,,,100.0,,3,100.0,0.0,,,3,0,,3,0.0,100.0,3,3,0,100.0,0,0,0.0,6
Teddy Allen,Winnipeg Sea Bears,2026-2027,defense,Isolation,Miss 2 Pts,6,To Basket,ISO Including Passes > Isolation > Top > Drives Left > To Basket > Miss 2 Pts,ISO Including Passes,Isolation,Top,Drives Left,To Basket,Miss 2 Pts,2,40.0,0.0,0.0,0.0,0.0,0,,,,0.0,,2,0.0,0.0,,,0,2,,2,0.0,0.0,2,0,2,0.0,0,0,0.0,0
Teddy Allen,Winnipeg Sea Bears,2026-2027,defense,Isolation,Dribble Jumper,5,Drives Left,ISO Including Passes > Isolation > Top > Drives Left > Dribble Jumper,ISO Including Passes,Isolation,Top,Drives Left,Dribble Jumper,,4,44.4,0.75,34.7,0.0,25.0,2,0.0,,,0.0,,3,0.0,25.0,,,0,3,,4,1.0,25.0,1,0,1,0.0,0,2,0.67,3
Teddy Allen,Winnipeg Sea Bears,2026-2027,defense,Isolation,Long/3pt,6,Dribble Jumper,ISO Including Passes > Isolation > Top > Drives Left > Dribble Jumper > Long/3pt,ISO Including Passes,Isolation,Top,Drives Left,Dribble Jumper,Long/3pt,3,75.0,1.0,45.2,0.0,33.3,2,0.0,,,0.0,,2,0.0,33.3,,,0,2,,3,1.5,33.3,0,0,0,,0,2,1.0,3
Teddy Allen,Winnipeg Sea Bears,2026-2027,defense,Isolation,Short to < 17,6,Dribble Jumper,ISO Including Passes > Isolation > Top > Drives Left > Dribble Jumper > Short to < 17,ISO Including Passes,Isolation,Top,Drives Left,Dribble Jumper,Short to < 17,1,25.0,0.0,0.0,0.0,0.0,0,,,,0.0,,1,0.0,0.0,,,0,1,,1,0.0,0.0,1,0,1,0.0,0,0,0.0,0
Teddy Allen,Winnipeg Sea Bears,2026-2027,defense,Isolation,Drives Right,4,Top,ISO Including Passes > Isolation > Top > Drives Right,ISO Including Passes,Isolation,Top,Drives Right,,,6,37.5,1.667,86.8,0.0,33.3,0,,,,75.0,,4,75.0,33.3,,,3,1,,6,1.0,83.3,4,3,1,75.0,0,0,0.0,10
Teddy Allen,Winnipeg Sea Bears,2026-2027,defense,Isolation,To Basket,5,Drives Right,ISO Including Passes > Isolation > Top > Drives Right > To Basket,ISO Including Passes,Isolation,Top,Drives Right,To Basket,,5,83.3,1.6,84.0,0.0,40.0,0,,,,66.7,,3,66.7,40.0,,,2,1,,5,1.33,80.0,3,2,1,66.7,0,0,0.0,8
Teddy Allen,Winnipeg Sea Bears,2026-2027,defense,Isolation,Foul,6,To Basket,ISO Including Passes > Isolation > Top > Drives Right > To Basket > Foul,ISO Including Passes,Isolation,Top,Drives Right,To Basket,Foul,2,40.0,2.0,113.6,0.0,100.0,0,,,,,,0,,100.0,,,0,0,,2,,100.0,0,0,0,,0,0,,4
Teddy Allen,Winnipeg Sea Bears,2026-2027,defense,Isolation,Make 2 Pts,6,To Basket,ISO Including Passes > Isolation > Top > Drives Right > To Basket > Make 2 Pts,ISO Including Passes,Isolation,Top,Drives Right,To Basket,Make 2 Pts,2,40.0,2.0,100.0,0.0,0.0,0,,,,100.0,,2,100.0,0.0,,,2,0,,2,0.0,100.0,2,2,0,100.0,0,0,0.0,4
Teddy Allen,Winnipeg Sea Bears,2026-2027,defense,Isolation,Miss 2 Pts,6,To Basket,ISO Including Passes > Isolation > Top > Drives Right > To Basket > Miss 2 Pts,ISO Including Passes,Isolation,Top,Drives Right,To Basket,Miss 2 Pts,1,20.0,0.0,0.0,0.0,0.0,0,,,,0.0,,1,0.0,0.0,,,0,1,,1,0.0,0.0,1,0,1,0.0,0,0,0.0,0
Teddy Allen,Winnipeg Sea Bears,2026-2027,defense,Isolation,Dribble Jumper,5,Drives Right,ISO Including Passes > Isolation > Top > Drives Right > Dribble Jumper,ISO Including Passes,Isolation,Top,Drives Right,Dribble Jumper,,1,16.7,2.0,100.0,0.0,0.0,0,,,,100.0,,1,100.0,0.0,,,1,0,,1,0.0,100.0,1,1,0,100.0,0,0,0.0,2
Teddy Allen,Winnipeg Sea Bears,2026-2027,defense,Isolation,Short to < 17,6,Dribble Jumper,ISO Including Passes > Isolation > Top > Drives Right > Dribble Jumper > Short to < 17,ISO Including Passes,Isolation,Top,Drives Right,Dribble Jumper,Short to < 17,1,100.0,2.0,100.0,0.0,0.0,0,,,,100.0,,1,100.0,0.0,,,1,0,,1,0.0,100.0,1,1,0,100.0,0,0,0.0,2
Teddy Allen,Winnipeg Sea Bears,2026-2027,defense,Isolation,Early Jumper,4,Top,ISO Including Passes > Isolation > Top > Early Jumper,ISO Including Passes,Isolation,Top,Early Jumper,,,1,6.3,0.0,0.0,0.0,0.0,1,0.0,,,0.0,,1,0.0,0.0,,,0,1,,1,0.0,0.0,0,0,0,,0,1,1.0,0
Teddy Allen,Winnipeg Sea Bears,2026-2027,defense,Isolation,Dribble Jumper,5,Early Jumper,ISO Including Passes > Isolation > Top > Early Jumper > Dribble Jumper,ISO Including Passes,Isolation,Top,Early Jumper,Dribble Jumper,,1,100.0,0.0,0.0,0.0,0.0,1,0.0,,,0.0,,1,0.0,0.0,,,0,1,,1,0.0,0.0,0,0,0,,0,1,1.0,0
Teddy Allen,Winnipeg Sea Bears,2026-2027,defense,Isolation,Long/3pt,6,Dribble Jumper,ISO Including Passes > Isolation > Top > Early Jumper > Dribble Jumper > Long/3pt,ISO Including Passes,Isolation,Top,Early Jumper,Dribble Jumper,Long/3pt,1,100.0,0.0,0.0,0.0,0.0,1,0.0,,,0.0,,1,0.0,0.0,,,0,1,,1,0.0,0.0,0,0,0,,0,1,1.0,0
Teddy Allen,Winnipeg Sea Bears,2026-2027,defense,Isolation,Right,3,Isolation,ISO Including Passes > Isolation > Right,ISO Including Passes,Isolation,Right,,,,6,23.1,0.5,25.0,0.0,0.0,3,33.3,,,16.7,,6,25.0,0.0,,,1,5,,6,0.0,16.7,3,0,3,0.0,1,2,0.5,3
Teddy Allen,Winnipeg Sea Bears,2026-2027,defense,Isolation,Early Jumper,4,Right,ISO Including Passes > Isolation > Right > Early Jumper,ISO Including Passes,Isolation,Right,Early Jumper,,,3,50.0,1.0,50.0,0.0,0.0,2,50.0,,,33.3,,3,50.0,0.0,,,1,2,,3,0.0,33.3,1,0,1,0.0,1,1,0.67,3
Teddy Allen,Winnipeg Sea Bears,2026-2027,defense,Isolation,Dribble Jumper,5,Early Jumper,ISO Including Passes > Isolation > Right > Early Jumper > Dribble Jumper,ISO Including Passes,Isolation,Right,Early Jumper,Dribble Jumper,,3,100.0,1.0,50.0,0.0,0.0,2,50.0,,,33.3,,3,50.0,0.0,,,1,2,,3,0.0,33.3,1,0,1,0.0,1,1,0.67,3
Teddy Allen,Winnipeg Sea Bears,2026-2027,defense,Isolation,Long/3pt,6,Dribble Jumper,ISO Including Passes > Isolation > Right > Early Jumper > Dribble Jumper > Long/3pt,ISO Including Passes,Isolation,Right,Early Jumper,Dribble Jumper,Long/3pt,2,66.7,1.5,75.0,0.0,0.0,2,50.0,,,50.0,,2,75.0,0.0,,,1,1,,2,0.0,50.0,0,0,0,,1,1,1.0,3
Teddy Allen,Winnipeg Sea Bears,2026-2027,defense,Isolation,Medium/17' to 3pt,6,Dribble Jumper,ISO Including Passes > Isolation > Right > Early Jumper > Dribble Jumper > Medium/17' to 3pt,ISO Including Passes,Isolation,Right,Early Jumper,Dribble Jumper,Medium/17' to 3pt,1,33.3,0.0,0.0,0.0,0.0,0,,,,0.0,,1,0.0,0.0,,,0,1,,1,0.0,0.0,1,0,1,0.0,0,0,0.0,0
Teddy Allen,Winnipeg Sea Bears,2026-2027,defense,Isolation,Drives Right,4,Right,ISO Including Passes > Isolation > Right > Drives Right,ISO Including Passes,Isolation,Right,Drives Right,,,2,33.3,0.0,0.0,0.0,0.0,1,0.0,,,0.0,,2,0.0,0.0,,,0,2,,2,0.0,0.0,1,0,1,0.0,0,1,0.5,0
Teddy Allen,Winnipeg Sea Bears,2026-2027,defense,Isolation,To Basket,5,Drives Right,ISO Including Passes > Isolation > Right > Drives Right > To Basket,ISO Including Passes,Isolation,Right,Drives Right,To Basket,,1,50.0,0.0,0.0,0.0,0.0,0,,,,0.0,,1,0.0,0.0,,,0,1,,1,0.0,0.0,1,0,1,0.0,0,0,0.0,0
Teddy Allen,Winnipeg Sea Bears,2026-2027,defense,Isolation,Miss 2 Pts,6,To Basket,ISO Including Passes > Isolation > Right > Drives Right > To Basket > Miss 2 Pts,ISO Including Passes,Isolation,Right,Drives Right,To Basket,Miss 2 Pts,1,100.0,0.0,0.0,0.0,0.0,0,,,,0.0,,1,0.0,0.0,,,0,1,,1,0.0,0.0,1,0,1,0.0,0,0,0.0,0
Teddy Allen,Winnipeg Sea Bears,2026-2027,defense,Isolation,Dribble Jumper,5,Drives Right,ISO Including Passes > Isolation > Right > Drives Right > Dribble Jumper,ISO Including Passes,Isolation,Right,Drives Right,Dribble Jumper,,1,50.0,0.0,0.0,0.0,0.0,1,0.0,,,0.0,,1,0.0,0.0,,,0,1,,1,0.0,0.0,0,0,0,,0,1,1.0,0
Teddy Allen,Winnipeg Sea Bears,2026-2027,defense,Isolation,Long/3pt,6,Dribble Jumper,ISO Including Passes > Isolation > Right > Drives Right > Dribble Jumper > Long/3pt,ISO Including Passes,Isolation,Right,Drives Right,Dribble Jumper,Long/3pt,1,100.0,0.0,0.0,0.0,0.0,1,0.0,,,0.0,,1,0.0,0.0,,,0,1,,1,0.0,0.0,0,0,0,,0,1,1.0,0
Teddy Allen,Winnipeg Sea Bears,2026-2027,defense,Isolation,Drives Left,4,Right,ISO Including Passes > Isolation > Right > Drives Left,ISO Including Passes,Isolation,Right,Drives Left,,,1,16.7,0.0,0.0,0.0,0.0,0,,,,0.0,,1,0.0,0.0,,,0,1,,1,0.0,0.0,1,0,1,0.0,0,0,0.0,0
Teddy Allen,Winnipeg Sea Bears,2026-2027,defense,Isolation,Dribble Jumper,5,Drives Left,ISO Including Passes > Isolation > Right > Drives Left > Dribble Jumper,ISO Including Passes,Isolation,Right,Drives Left,Dribble Jumper,,1,100.0,0.0,0.0,0.0,0.0,0,,,,0.0,,1,0.0,0.0,,,0,1,,1,0.0,0.0,1,0,1,0.0,0,0,0.0,0
Teddy Allen,Winnipeg Sea Bears,2026-2027,defense,Isolation,Short to < 17,6,Dribble Jumper,ISO Including Passes > Isolation > Right > Drives Left > Dribble Jumper > Short to < 17,ISO Including Passes,Isolation,Right,Drives Left,Dribble Jumper,Short to < 17,1,100.0,0.0,0.0,0.0,0.0,0,,,,0.0,,1,0.0,0.0,,,0,1,,1,0.0,0.0,1,0,1,0.0,0,0,0.0,0
Teddy Allen,Winnipeg Sea Bears,2026-2027,defense,Isolation,Left,3,Isolation,ISO Including Passes > Isolation > Left,ISO Including Passes,Isolation,Left,,,,4,15.4,0.75,50.0,25.0,0.0,2,50.0,,,33.3,,3,50.0,0.0,,,1,2,,3,0.0,25.0,1,0,1,0.0,1,1,0.67,3
Teddy Allen,Winnipeg Sea Bears,2026-2027,defense,Isolation,Drives Left,4,Left,ISO Including Passes > Isolation > Left > Drives Left,ISO Including Passes,Isolation,Left,Drives Left,,,2,50.0,0.0,0.0,50.0,0.0,0,,,,0.0,,1,0.0,0.0,,,0,1,,1,0.0,0.0,1,0,1,0.0,0,0,0.0,0
Teddy Allen,Winnipeg Sea Bears,2026-2027,defense,Isolation,Defense Commits,5,Drives Left,ISO Including Passes > Isolation > Left > Drives Left > Defense Commits,ISO Including Passes,Isolation,Left,Drives Left,Defense Commits,,1,50.0,0.0,,100.0,0.0,0,,,,,,0,,0.0,,,0,0,,0,,0.0,0,0,0,,0,0,,0
Teddy Allen,Winnipeg Sea Bears,2026-2027,defense,Isolation,Turnover,6,Defense Commits,ISO Including Passes > Isolation > Left > Drives Left > Defense Commits > Turnover,ISO Including Passes,Isolation,Left,Drives Left,Defense Commits,Turnover,1,100.0,0.0,,100.0,0.0,0,,,,,,0,,0.0,,,0,0,,0,,0.0,0,0,0,,0,0,,0
Teddy Allen,Winnipeg Sea Bears,2026-2027,defense,Isolation,Dribble Jumper,5,Drives Left,ISO Including Passes > Isolation > Left > Drives Left > Dribble Jumper,ISO Including Passes,Isolation,Left,Drives Left,Dribble Jumper,,1,50.0,0.0,0.0,0.0,0.0,0,,,,0.0,,1,0.0,0.0,,,0,1,,1,0.0,0.0,1,0,1,0.0,0,0,0.0,0
Teddy Allen,Winnipeg Sea Bears,2026-2027,defense,Isolation,Short to < 17,6,Dribble Jumper,ISO Including Passes > Isolation > Left > Drives Left > Dribble Jumper > Short to < 17,ISO Including Passes,Isolation,Left,Drives Left,Dribble Jumper,Short to < 17,1,100.0,0.0,0.0,0.0,0.0,0,,,,0.0,,1,0.0,0.0,,,0,1,,1,0.0,0.0,1,0,1,0.0,0,0,0.0,0
Teddy Allen,Winnipeg Sea Bears,2026-2027,defense,Isolation,Early Jumper,4,Left,ISO Including Passes > Isolation > Left > Early Jumper,ISO Including Passes,Isolation,Left,Early Jumper,,,2,50.0,1.5,75.0,0.0,0.0,2,50.0,,,50.0,,2,75.0,0.0,,,1,1,,2,0.0,50.0,0,0,0,,1,1,1.0,3
Teddy Allen,Winnipeg Sea Bears,2026-2027,defense,Isolation,Dribble Jumper,5,Early Jumper,ISO Including Passes > Isolation > Left > Early Jumper > Dribble Jumper,ISO Including Passes,Isolation,Left,Early Jumper,Dribble Jumper,,2,100.0,1.5,75.0,0.0,0.0,2,50.0,,,50.0,,2,75.0,0.0,,,1,1,,2,0.0,50.0,0,0,0,,1,1,1.0,3
Teddy Allen,Winnipeg Sea Bears,2026-2027,defense,Isolation,Long/3pt,6,Dribble Jumper,ISO Including Passes > Isolation > Left > Early Jumper > Dribble Jumper > Long/3pt,ISO Including Passes,Isolation,Left,Early Jumper,Dribble Jumper,Long/3pt,2,100.0,1.5,75.0,0.0,0.0,2,50.0,,,50.0,,2,75.0,0.0,,,1,1,,2,0.0,50.0,0,0,0,,1,1,1.0,3
Teddy Allen,Winnipeg Sea Bears,2026-2027,defense,Isolation,Spot-Up,2,ISO Including Passes,ISO Including Passes > Spot-Up,ISO Including Passes,Spot-Up,,,,,8,23.5,1.0,50.0,0.0,0.0,7,28.6,,,37.5,,8,50.0,0.0,,,3,5,,8,0.0,37.5,1,1,0,100.0,2,5,0.88,8
Teddy Allen,Winnipeg Sea Bears,2026-2027,defense,Isolation,No Dribble Jumper,3,Spot-Up,ISO Including Passes > Spot-Up > No Dribble Jumper,ISO Including Passes,Spot-Up,No Dribble Jumper,,,,6,75.0,1.0,50.0,0.0,0.0,6,33.3,,,33.3,,6,50.0,0.0,,,2,4,,6,0.0,33.3,0,0,0,,2,4,1.0,6
Teddy Allen,Winnipeg Sea Bears,2026-2027,defense,Isolation,Open,4,No Dribble Jumper,ISO Including Passes > Spot-Up > No Dribble Jumper > Open,ISO Including Passes,Spot-Up,No Dribble Jumper,Open,,,4,66.7,0.75,37.5,0.0,0.0,4,25.0,,,25.0,,4,37.5,0.0,,,1,3,,4,0.0,25.0,0,0,0,,1,3,1.0,3
Teddy Allen,Winnipeg Sea Bears,2026-2027,defense,Isolation,Long/3pt,5,Open,ISO Including Passes > Spot-Up > No Dribble Jumper > Open > Long/3pt,ISO Including Passes,Spot-Up,No Dribble Jumper,Open,Long/3pt,,4,100.0,0.75,37.5,0.0,0.0,4,25.0,,,25.0,,4,37.5,0.0,,,1,3,,4,0.0,25.0,0,0,0,,1,3,1.0,3
Teddy Allen,Winnipeg Sea Bears,2026-2027,defense,Isolation,Miss 3 Pts,6,Long/3pt,ISO Including Passes > Spot-Up > No Dribble Jumper > Open > Long/3pt > Miss 3 Pts,ISO Including Passes,Spot-Up,No Dribble Jumper,Open,Long/3pt,Miss 3 Pts,3,75.0,0.0,0.0,0.0,0.0,3,0.0,,,0.0,,3,0.0,0.0,,,0,3,,3,0.0,0.0,0,0,0,,0,3,1.0,0
Teddy Allen,Winnipeg Sea Bears,2026-2027,defense,Isolation,Make 3 Pts,6,Long/3pt,ISO Including Passes > Spot-Up > No Dribble Jumper > Open > Long/3pt > Make 3 Pts,ISO Including Passes,Spot-Up,No Dribble Jumper,Open,Long/3pt,Make 3 Pts,1,25.0,3.0,150.0,0.0,0.0,1,100.0,,,100.0,,1,150.0,0.0,,,1,0,,1,0.0,100.0,0,0,0,,1,0,1.0,3
Teddy Allen,Winnipeg Sea Bears,2026-2027,defense,Isolation,Guarded,4,No Dribble Jumper,ISO Including Passes > Spot-Up > No Dribble Jumper > Guarded,ISO Including Passes,Spot-Up,No Dribble Jumper,Guarded,,,2,33.3,1.5,75.0,0.0,0.0,2,50.0,,,50.0,,2,75.0,0.0,,,1,1,,2,0.0,50.0,0,0,0,,1,1,1.0,3
Teddy Allen,Winnipeg Sea Bears,2026-2027,defense,Isolation,Long/3pt,5,Guarded,ISO Including Passes > Spot-Up > No Dribble Jumper > Guarded > Long/3pt,ISO Including Passes,Spot-Up,No Dribble Jumper,Guarded,Long/3pt,,2,100.0,1.5,75.0,0.0,0.0,2,50.0,,,50.0,,2,75.0,0.0,,,1,1,,2,0.0,50.0,0,0,0,,1,1,1.0,3
Teddy Allen,Winnipeg Sea Bears,2026-2027,defense,Isolation,Make 3 Pts,6,Long/3pt,ISO Including Passes > Spot-Up > No Dribble Jumper > Guarded > Long/3pt > Make 3 Pts,ISO Including Passes,Spot-Up,No Dribble Jumper,Guarded,Long/3pt,Make 3 Pts,1,50.0,3.0,150.0,0.0,0.0,1,100.0,,,100.0,,1,150.0,0.0,,,1,0,,1,0.0,100.0,0,0,0,,1,0,1.0,3
Teddy Allen,Winnipeg Sea Bears,2026-2027,defense,Isolation,Miss 3 Pts,6,Long/3pt,ISO Including Passes > Spot-Up > No Dribble Jumper > Guarded > Long/3pt > Miss 3 Pts,ISO Including Passes,Spot-Up,No Dribble Jumper,Guarded,Long/3pt,Miss 3 Pts,1,50.0,0.0,0.0,0.0,0.0,1,0.0,,,0.0,,1,0.0,0.0,,,0,1,,1,0.0,0.0,0,0,0,,0,1,1.0,0
Teddy Allen,Winnipeg Sea Bears,2026-2027,defense,Isolation,Drives Left,3,Spot-Up,ISO Including Passes > Spot-Up > Drives Left,ISO Including Passes,Spot-Up,Drives Left,,,,2,25.0,1.0,50.0,0.0,0.0,1,0.0,,,50.0,,2,50.0,0.0,,,1,1,,2,0.0,50.0,1,1,0,100.0,0,1,0.5,2
Teddy Allen,Winnipeg Sea Bears,2026-2027,defense,Isolation,Dribble Jumper,4,Drives Left,ISO Including Passes > Spot-Up > Drives Left > Dribble Jumper,ISO Including Passes,Spot-Up,Drives Left,Dribble Jumper,,,2,100.0,1.0,50.0,0.0,0.0,1,0.0,,,50.0,,2,50.0,0.0,,,1,1,,2,0.0,50.0,1,1,0,100.0,0,1,0.5,2
Teddy Allen,Winnipeg Sea Bears,2026-2027,defense,Isolation,Medium/17' to 3pt,5,Dribble Jumper,ISO Including Passes > Spot-Up > Drives Left > Dribble Jumper > Medium/17' to 3pt,ISO Including Passes,Spot-Up,Drives Left,Dribble Jumper,Medium/17' to 3pt,,1,50.0,2.0,100.0,0.0,0.0,0,,,,100.0,,1,100.0,0.0,,,1,0,,1,0.0,100.0,1,1,0,100.0,0,0,0.0,2
Teddy Allen,Winnipeg Sea Bears,2026-2027,defense,Isolation,Make 2 Pts,6,Medium/17' to 3pt,ISO Including Passes > Spot-Up > Drives Left > Dribble Jumper > Medium/17' to 3pt > Make 2 Pts,ISO Including Passes,Spot-Up,Drives Left,Dribble Jumper,Medium/17' to 3pt,Make 2 Pts,1,100.0,2.0,100.0,0.0,0.0,0,,,,100.0,,1,100.0,0.0,,,1,0,,1,0.0,100.0,1,1,0,100.0,0,0,0.0,2
Teddy Allen,Winnipeg Sea Bears,2026-2027,defense,Isolation,Long/3pt,5,Dribble Jumper,ISO Including Passes > Spot-Up > Drives Left > Dribble Jumper > Long/3pt,ISO Including Passes,Spot-Up,Drives Left,Dribble Jumper,Long/3pt,,1,50.0,0.0,0.0,0.0,0.0,1,0.0,,,0.0,,1,0.0,0.0,,,0,1,,1,0.0,0.0,0,0,0,,0,1,1.0,0
Teddy Allen,Winnipeg Sea Bears,2026-2027,defense,Isolation,Miss 3 Pts,6,Long/3pt,ISO Including Passes > Spot-Up > Drives Left > Dribble Jumper > Long/3pt > Miss 3 Pts,ISO Including Passes,Spot-Up,Drives Left,Dribble Jumper,Long/3pt,Miss 3 Pts,1,100.0,0.0,0.0,0.0,0.0,1,0.0,,,0.0,,1,0.0,0.0,,,0,1,,1,0.0,0.0,0,0,0,,0,1,1.0,0
Teddy Allen,Winnipeg Sea Bears,2026-2027,defense,Isolation,ISO - Defense Commits,1,,ISO - Defense Commits,ISO - Defense Commits,,,,,,9,4.1,0.889,50.0,11.1,0.0,7,28.6,,,37.5,,8,50.0,0.0,,,3,5,,8,0.0,33.3,1,1,0,100.0,2,5,0.88,8
Teddy Allen,Winnipeg Sea Bears,2026-2027,defense,Isolation,Spot-Up,2,ISO - Defense Commits,ISO - Defense Commits > Spot-Up,ISO - Defense Commits,Spot-Up,,,,,8,88.9,1.0,50.0,0.0,0.0,7,28.6,,,37.5,,8,50.0,0.0,,,3,5,,8,0.0,37.5,1,1,0,100.0,2,5,0.88,8
Teddy Allen,Winnipeg Sea Bears,2026-2027,defense,Isolation,No Dribble Jumper,3,Spot-Up,ISO - Defense Commits > Spot-Up > No Dribble Jumper,ISO - Defense Commits,Spot-Up,No Dribble Jumper,,,,6,75.0,1.0,50.0,0.0,0.0,6,33.3,,,33.3,,6,50.0,0.0,,,2,4,,6,0.0,33.3,0,0,0,,2,4,1.0,6
Teddy Allen,Winnipeg Sea Bears,2026-2027,defense,Isolation,Open,4,No Dribble Jumper,ISO - Defense Commits > Spot-Up > No Dribble Jumper > Open,ISO - Defense Commits,Spot-Up,No Dribble Jumper,Open,,,4,66.7,0.75,37.5,0.0,0.0,4,25.0,,,25.0,,4,37.5,0.0,,,1,3,,4,0.0,25.0,0,0,0,,1,3,1.0,3
Teddy Allen,Winnipeg Sea Bears,2026-2027,defense,Isolation,Long/3pt,5,Open,ISO - Defense Commits > Spot-Up > No Dribble Jumper > Open > Long/3pt,ISO - Defense Commits,Spot-Up,No Dribble Jumper,Open,Long/3pt,,4,100.0,0.75,37.5,0.0,0.0,4,25.0,,,25.0,,4,37.5,0.0,,,1,3,,4,0.0,25.0,0,0,0,,1,3,1.0,3
Teddy Allen,Winnipeg Sea Bears,2026-2027,defense,Isolation,Miss 3 Pts,6,Long/3pt,ISO - Defense Commits > Spot-Up > No Dribble Jumper > Open > Long/3pt > Miss 3 Pts,ISO - Defense Commits,Spot-Up,No Dribble Jumper,Open,Long/3pt,Miss 3 Pts,3,75.0,0.0,0.0,0.0,0.0,3,0.0,,,0.0,,3,0.0,0.0,,,0,3,,3,0.0,0.0,0,0,0,,0,3,1.0,0
Teddy Allen,Winnipeg Sea Bears,2026-2027,defense,Isolation,Make 3 Pts,6,Long/3pt,ISO - Defense Commits > Spot-Up > No Dribble Jumper > Open > Long/3pt > Make 3 Pts,ISO - Defense Commits,Spot-Up,No Dribble Jumper,Open,Long/3pt,Make 3 Pts,1,25.0,3.0,150.0,0.0,0.0,1,100.0,,,100.0,,1,150.0,0.0,,,1,0,,1,0.0,100.0,0,0,0,,1,0,1.0,3
Teddy Allen,Winnipeg Sea Bears,2026-2027,defense,Isolation,Guarded,4,No Dribble Jumper,ISO - Defense Commits > Spot-Up > No Dribble Jumper > Guarded,ISO - Defense Commits,Spot-Up,No Dribble Jumper,Guarded,,,2,33.3,1.5,75.0,0.0,0.0,2,50.0,,,50.0,,2,75.0,0.0,,,1,1,,2,0.0,50.0,0,0,0,,1,1,1.0,3
Teddy Allen,Winnipeg Sea Bears,2026-2027,defense,Isolation,Long/3pt,5,Guarded,ISO - Defense Commits > Spot-Up > No Dribble Jumper > Guarded > Long/3pt,ISO - Defense Commits,Spot-Up,No Dribble Jumper,Guarded,Long/3pt,,2,100.0,1.5,75.0,0.0,0.0,2,50.0,,,50.0,,2,75.0,0.0,,,1,1,,2,0.0,50.0,0,0,0,,1,1,1.0,3
Teddy Allen,Winnipeg Sea Bears,2026-2027,defense,Isolation,Miss 3 Pts,6,Long/3pt,ISO - Defense Commits > Spot-Up > No Dribble Jumper > Guarded > Long/3pt > Miss 3 Pts,ISO - Defense Commits,Spot-Up,No Dribble Jumper,Guarded,Long/3pt,Miss 3 Pts,1,50.0,0.0,0.0,0.0,0.0,1,0.0,,,0.0,,1,0.0,0.0,,,0,1,,1,0.0,0.0,0,0,0,,0,1,1.0,0
Teddy Allen,Winnipeg Sea Bears,2026-2027,defense,Isolation,Make 3 Pts,6,Long/3pt,ISO - Defense Commits > Spot-Up > No Dribble Jumper > Guarded > Long/3pt > Make 3 Pts,ISO - Defense Commits,Spot-Up,No Dribble Jumper,Guarded,Long/3pt,Make 3 Pts,1,50.0,3.0,150.0,0.0,0.0,1,100.0,,,100.0,,1,150.0,0.0,,,1,0,,1,0.0,100.0,0,0,0,,1,0,1.0,3
Teddy Allen,Winnipeg Sea Bears,2026-2027,defense,Isolation,Drives Left,3,Spot-Up,ISO - Defense Commits > Spot-Up > Drives Left,ISO - Defense Commits,Spot-Up,Drives Left,,,,2,25.0,1.0,50.0,0.0,0.0,1,0.0,,,50.0,,2,50.0,0.0,,,1,1,,2,0.0,50.0,1,1,0,100.0,0,1,0.5,2
Teddy Allen,Winnipeg Sea Bears,2026-2027,defense,Isolation,Dribble Jumper,4,Drives Left,ISO - Defense Commits > Spot-Up > Drives Left > Dribble Jumper,ISO - Defense Commits,Spot-Up,Drives Left,Dribble Jumper,,,2,100.0,1.0,50.0,0.0,0.0,1,0.0,,,50.0,,2,50.0,0.0,,,1,1,,2,0.0,50.0,1,1,0,100.0,0,1,0.5,2
Teddy Allen,Winnipeg Sea Bears,2026-2027,defense,Isolation,Medium/17' to 3pt,5,Dribble Jumper,ISO - Defense Commits > Spot-Up > Drives Left > Dribble Jumper > Medium/17' to 3pt,ISO - Defense Commits,Spot-Up,Drives Left,Dribble Jumper,Medium/17' to 3pt,,1,50.0,2.0,100.0,0.0,0.0,0,,,,100.0,,1,100.0,0.0,,,1,0,,1,0.0,100.0,1,1,0,100.0,0,0,0.0,2
Teddy Allen,Winnipeg Sea Bears,2026-2027,defense,Isolation,Make 2 Pts,6,Medium/17' to 3pt,ISO - Defense Commits > Spot-Up > Drives Left > Dribble Jumper > Medium/17' to 3pt > Make 2 Pts,ISO - Defense Commits,Spot-Up,Drives Left,Dribble Jumper,Medium/17' to 3pt,Make 2 Pts,1,100.0,2.0,100.0,0.0,0.0,0,,,,100.0,,1,100.0,0.0,,,1,0,,1,0.0,100.0,1,1,0,100.0,0,0,0.0,2
Teddy Allen,Winnipeg Sea Bears,2026-2027,defense,Isolation,Long/3pt,5,Dribble Jumper,ISO - Defense Commits > Spot-Up > Drives Left > Dribble Jumper > Long/3pt,ISO - Defense Commits,Spot-Up,Drives Left,Dribble Jumper,Long/3pt,,1,50.0,0.0,0.0,0.0,0.0,1,0.0,,,0.0,,1,0.0,0.0,,,0,1,,1,0.0,0.0,0,0,0,,0,1,1.0,0
Teddy Allen,Winnipeg Sea Bears,2026-2027,defense,Isolation,Miss 3 Pts,6,Long/3pt,ISO - Defense Commits > Spot-Up > Drives Left > Dribble Jumper > Long/3pt > Miss 3 Pts,ISO - Defense Commits,Spot-Up,Drives Left,Dribble Jumper,Long/3pt,Miss 3 Pts,1,100.0,0.0,0.0,0.0,0.0,1,0.0,,,0.0,,1,0.0,0.0,,,0,1,,1,0.0,0.0,0,0,0,,0,1,1.0,0
Teddy Allen,Winnipeg Sea Bears,2026-2027,defense,Isolation,Isolation,2,ISO - Defense Commits,ISO - Defense Commits > Isolation,ISO - Defense Commits,Isolation,,,,,1,11.1,0.0,,100.0,0.0,0,,,,,,0,,0.0,,,0,0,,0,,0.0,0,0,0,,0,0,,0
Teddy Allen,Winnipeg Sea Bears,2026-2027,defense,Isolation,Left,3,Isolation,ISO - Defense Commits > Isolation > Left,ISO - Defense Commits,Isolation,Left,,,,1,100.0,0.0,,100.0,0.0,0,,,,,,0,,0.0,,,0,0,,0,,0.0,0,0,0,,0,0,,0
Teddy Allen,Winnipeg Sea Bears,2026-2027,defense,Isolation,Drives Left,4,Left,ISO - Defense Commits > Isolation > Left > Drives Left,ISO - Defense Commits,Isolation,Left,Drives Left,,,1,100.0,0.0,,100.0,0.0,0,,,,,,0,,0.0,,,0,0,,0,,0.0,0,0,0,,0,0,,0
Teddy Allen,Winnipeg Sea Bears,2026-2027,defense,Isolation,Defense Commits,5,Drives Left,ISO - Defense Commits > Isolation > Left > Drives Left > Defense Commits,ISO - Defense Commits,Isolation,Left,Drives Left,Defense Commits,,1,100.0,0.0,,100.0,0.0,0,,,,,,0,,0.0,,,0,0,,0,,0.0,0,0,0,,0,0,,0
Teddy Allen,Winnipeg Sea Bears,2026-2027,defense,Isolation,Turnover,6,Defense Commits,ISO - Defense Commits > Isolation > Left > Drives Left > Defense Commits > Turnover,ISO - Defense Commits,Isolation,Left,Drives Left,Defense Commits,Turnover,1,100.0,0.0,,100.0,0.0,0,,,,,,0,,0.0,,,0,0,,0,,0.0,0,0,0,,0,0,,0
Teddy Allen,Winnipeg Sea Bears,2026-2027,defense,Post up,Post-Ups Including Passes,1,,Post-Ups Including Passes,Post-Ups Including Passes,,,,,,13,5.9,1.231,90.1,30.8,7.7,2,100.0,Poor,15.0,75.0,6.0,8,87.5,7.7,,,6,2,,9,0.25,53.8,6,4,2,66.7,2,0,0.25,16
Teddy Allen,Winnipeg Sea Bears,2026-2027,defense,Post up,Post-Up,2,Post-Ups Including Passes,Post-Ups Including Passes > Post-Up,Post-Ups Including Passes,Post-Up,,,,,11,84.6,0.909,72.7,36.4,9.1,0,,,,66.7,,6,66.7,9.1,,,4,2,,7,0.33,45.5,6,4,2,66.7,0,0,0.0,10
Teddy Allen,Winnipeg Sea Bears,2026-2027,defense,Post up,Left Block,3,Post-Up,Post-Ups Including Passes > Post-Up > Left Block,Post-Ups Including Passes,Post-Up,Left Block,,,,7,63.6,0.857,75.0,42.9,0.0,0,,,,75.0,,4,75.0,0.0,,,3,1,,4,0.0,42.9,4,3,1,75.0,0,0,0.0,6
Teddy Allen,Winnipeg Sea Bears,2026-2027,defense,Post up,Left Shoulder,4,Left Block,Post-Ups Including Passes > Post-Up > Left Block > Left Shoulder,Post-Ups Including Passes,Post-Up,Left Block,Left Shoulder,,,5,71.4,0.8,66.7,40.0,0.0,0,,,,66.7,,3,66.7,0.0,,,2,1,,3,0.0,40.0,3,2,1,66.7,0,0,0.0,4
Teddy Allen,Winnipeg Sea Bears,2026-2027,defense,Post up,Dribble Move,5,Left Shoulder,Post-Ups Including Passes > Post-Up > Left Block > Left Shoulder > Dribble Move,Post-Ups Including Passes,Post-Up,Left Block,Left Shoulder,Dribble Move,,5,100.0,0.8,66.7,40.0,0.0,0,,,,66.7,,3,66.7,0.0,,,2,1,,3,0.0,40.0,3,2,1,66.7,0,0,0.0,4
Teddy Allen,Winnipeg Sea Bears,2026-2027,defense,Post up,To Basket,6,Dribble Move,Post-Ups Including Passes > Post-Up > Left Block > Left Shoulder > Dribble Move > To Basket,Post-Ups Including Passes,Post-Up,Left Block,Left Shoulder,Dribble Move,To Basket,2,40.0,0.0,0.0,50.0,0.0,0,,,,0.0,,1,0.0,0.0,,,0,1,,1,0.0,0.0,1,0,1,0.0,0,0,0.0,0
Teddy Allen,Winnipeg Sea Bears,2026-2027,defense,Post up,To Hook,6,Dribble Move,Post-Ups Including Passes > Post-Up > Left Block > Left Shoulder > Dribble Move > To Hook,Post-Ups Including Passes,Post-Up,Left Block,Left Shoulder,Dribble Move,To Hook,1,20.0,2.0,100.0,0.0,0.0,0,,,,100.0,,1,100.0,0.0,,,1,0,,1,0.0,100.0,1,1,0,100.0,0,0,0.0,2
Teddy Allen,Winnipeg Sea Bears,2026-2027,defense,Post up,To Jumper,6,Dribble Move,Post-Ups Including Passes > Post-Up > Left Block > Left Shoulder > Dribble Move > To Jumper,Post-Ups Including Passes,Post-Up,Left Block,Left Shoulder,Dribble Move,To Jumper,1,20.0,2.0,100.0,0.0,0.0,0,,,,100.0,,1,100.0,0.0,,,1,0,,1,0.0,100.0,1,1,0,100.0,0,0,0.0,2
Teddy Allen,Winnipeg Sea Bears,2026-2027,defense,Post up,Turnover,6,Dribble Move,Post-Ups Including Passes > Post-Up > Left Block > Left Shoulder > Dribble Move > Turnover,Post-Ups Including Passes,Post-Up,Left Block,Left Shoulder,Dribble Move,Turnover,1,20.0,0.0,,100.0,0.0,0,,,,,,0,,0.0,,,0,0,,0,,0.0,0,0,0,,0,0,,0
Teddy Allen,Winnipeg Sea Bears,2026-2027,defense,Post up,Right Shoulder,4,Left Block,Post-Ups Including Passes > Post-Up > Left Block > Right Shoulder,Post-Ups Including Passes,Post-Up,Left Block,Right Shoulder,,,1,14.3,2.0,100.0,0.0,0.0,0,,,,100.0,,1,100.0,0.0,,,1,0,,1,0.0,100.0,1,1,0,100.0,0,0,0.0,2
Teddy Allen,Winnipeg Sea Bears,2026-2027,defense,Post up,Dribble Move,5,Right Shoulder,Post-Ups Including Passes > Post-Up > Left Block > Right Shoulder > Dribble Move,Post-Ups Including Passes,Post-Up,Left Block,Right Shoulder,Dribble Move,,1,100.0,2.0,100.0,0.0,0.0,0,,,,100.0,,1,100.0,0.0,,,1,0,,1,0.0,100.0,1,1,0,100.0,0,0,0.0,2
Teddy Allen,Winnipeg Sea Bears,2026-2027,defense,Post up,To Jumper,6,Dribble Move,Post-Ups Including Passes > Post-Up > Left Block > Right Shoulder > Dribble Move > To Jumper,Post-Ups Including Passes,Post-Up,Left Block,Right Shoulder,Dribble Move,To Jumper,1,100.0,2.0,100.0,0.0,0.0,0,,,,100.0,,1,100.0,0.0,,,1,0,,1,0.0,100.0,1,1,0,100.0,0,0,0.0,2
Teddy Allen,Winnipeg Sea Bears,2026-2027,defense,Post up,Turnover,4,Left Block,Post-Ups Including Passes > Post-Up > Left Block > Turnover,Post-Ups Including Passes,Post-Up,Left Block,Turnover,,,1,14.3,0.0,,100.0,0.0,0,,,,,,0,,0.0,,,0,0,,0,,0.0,0,0,0,,0,0,,0
Teddy Allen,Winnipeg Sea Bears,2026-2027,defense,Post up,Right Block,3,Post-Up,Post-Ups Including Passes > Post-Up > Right Block,Post-Ups Including Passes,Post-Up,Right Block,,,,3,27.3,0.667,53.2,33.3,33.3,0,,,,0.0,,1,0.0,33.3,,,0,1,,2,2.0,33.3,1,0,1,0.0,0,0,0.0,2
Teddy Allen,Winnipeg Sea Bears,2026-2027,defense,Post up,Left Shoulder,4,Right Block,Post-Ups Including Passes > Post-Up > Right Block > Left Shoulder,Post-Ups Including Passes,Post-Up,Right Block,Left Shoulder,,,2,66.7,0.0,0.0,50.0,0.0,0,,,,0.0,,1,0.0,0.0,,,0,1,,1,0.0,0.0,1,0,1,0.0,0,0,0.0,0
Teddy Allen,Winnipeg Sea Bears,2026-2027,defense,Post up,Dribble Move,5,Left Shoulder,Post-Ups Including Passes > Post-Up > Right Block > Left Shoulder > Dribble Move,Post-Ups Including Passes,Post-Up,Right Block,Left Shoulder,Dribble Move,,2,100.0,0.0,0.0,50.0,0.0,0,,,,0.0,,1,0.0,0.0,,,0,1,,1,0.0,0.0,1,0,1,0.0,0,0,0.0,0
Teddy Allen,Winnipeg Sea Bears,2026-2027,defense,Post up,To Basket,6,Dribble Move,Post-Ups Including Passes > Post-Up > Right Block > Left Shoulder > Dribble Move > To Basket,Post-Ups Including Passes,Post-Up,Right Block,Left Shoulder,Dribble Move,To Basket,1,50.0,0.0,0.0,0.0,0.0,0,,,,0.0,,1,0.0,0.0,,,0,1,,1,0.0,0.0,1,0,1,0.0,0,0,0.0,0
Teddy Allen,Winnipeg Sea Bears,2026-2027,defense,Post up,Defense Commits,6,Dribble Move,Post-Ups Including Passes > Post-Up > Right Block > Left Shoulder > Dribble Move > Defense Commits,Post-Ups Including Passes,Post-Up,Right Block,Left Shoulder,Dribble Move,Defense Commits,1,50.0,0.0,,100.0,0.0,0,,,,,,0,,0.0,,,0,0,,0,,0.0,0,0,0,,0,0,,0
Teddy Allen,Winnipeg Sea Bears,2026-2027,defense,Post up,Right Shoulder,4,Right Block,Post-Ups Including Passes > Post-Up > Right Block > Right Shoulder,Post-Ups Including Passes,Post-Up,Right Block,Right Shoulder,,,1,33.3,2.0,113.6,0.0,100.0,0,,,,,,0,,100.0,,,0,0,,1,,100.0,0,0,0,,0,0,,2
Teddy Allen,Winnipeg Sea Bears,2026-2027,defense,Post up,Dribble Move,5,Right Shoulder,Post-Ups Including Passes > Post-Up > Right Block > Right Shoulder > Dribble Move,Post-Ups Including Passes,Post-Up,Right Block,Right Shoulder,Dribble Move,,1,100.0,2.0,113.6,0.0,100.0,0,,,,,,0,,100.0,,,0,0,,1,,100.0,0,0,0,,0,0,,2
Teddy Allen,Winnipeg Sea Bears,2026-2027,defense,Post up,To Basket,6,Dribble Move,Post-Ups Including Passes > Post-Up > Right Block > Right Shoulder > Dribble Move > To Basket,Post-Ups Including Passes,Post-Up,Right Block,Right Shoulder,Dribble Move,To Basket,1,100.0,2.0,113.6,0.0,100.0,0,,,,,,0,,100.0,,,0,0,,1,,100.0,0,0,0,,0,0,,2
Teddy Allen,Winnipeg Sea Bears,2026-2027,defense,Post up,Flash Middle,3,Post-Up,Post-Ups Including Passes > Post-Up > Flash Middle,Post-Ups Including Passes,Post-Up,Flash Middle,,,,1,9.1,2.0,100.0,0.0,0.0,0,,,,100.0,,1,100.0,0.0,,,1,0,,1,0.0,100.0,1,1,0,100.0,0,0,0.0,2
Teddy Allen,Winnipeg Sea Bears,2026-2027,defense,Post up,Right Shoulder,4,Flash Middle,Post-Ups Including Passes > Post-Up > Flash Middle > Right Shoulder,Post-Ups Including Passes,Post-Up,Flash Middle,Right Shoulder,,,1,100.0,2.0,100.0,0.0,0.0,0,,,,100.0,,1,100.0,0.0,,,1,0,,1,0.0,100.0,1,1,0,100.0,0,0,0.0,2
Teddy Allen,Winnipeg Sea Bears,2026-2027,defense,Post up,Dribble Move,5,Right Shoulder,Post-Ups Including Passes > Post-Up > Flash Middle > Right Shoulder > Dribble Move,Post-Ups Including Passes,Post-Up,Flash Middle,Right Shoulder,Dribble Move,,1,100.0,2.0,100.0,0.0,0.0,0,,,,100.0,,1,100.0,0.0,,,1,0,,1,0.0,100.0,1,1,0,100.0,0,0,0.0,2
Teddy Allen,Winnipeg Sea Bears,2026-2027,defense,Post up,To Jumper,6,Dribble Move,Post-Ups Including Passes > Post-Up > Flash Middle > Right Shoulder > Dribble Move > To Jumper,Post-Ups Including Passes,Post-Up,Flash Middle,Right Shoulder,Dribble Move,To Jumper,1,100.0,2.0,100.0,0.0,0.0,0,,,,100.0,,1,100.0,0.0,,,1,0,,1,0.0,100.0,1,1,0,100.0,0,0,0.0,2
Teddy Allen,Winnipeg Sea Bears,2026-2027,defense,Post up,Spot-Up,2,Post-Ups Including Passes,Post-Ups Including Passes > Spot-Up,Post-Ups Including Passes,Spot-Up,,,,,2,15.4,3.0,150.0,0.0,0.0,2,100.0,,,100.0,,2,150.0,0.0,,,2,0,,2,0.0,100.0,0,0,0,,2,0,1.0,6
Teddy Allen,Winnipeg Sea Bears,2026-2027,defense,Post up,No Dribble Jumper,3,Spot-Up,Post-Ups Including Passes > Spot-Up > No Dribble Jumper,Post-Ups Including Passes,Spot-Up,No Dribble Jumper,,,,2,100.0,3.0,150.0,0.0,0.0,2,100.0,,,100.0,,2,150.0,0.0,,,2,0,,2,0.0,100.0,0,0,0,,2,0,1.0,6
Teddy Allen,Winnipeg Sea Bears,2026-2027,defense,Post up,Open,4,No Dribble Jumper,Post-Ups Including Passes > Spot-Up > No Dribble Jumper > Open,Post-Ups Including Passes,Spot-Up,No Dribble Jumper,Open,,,2,100.0,3.0,150.0,0.0,0.0,2,100.0,,,100.0,,2,150.0,0.0,,,2,0,,2,0.0,100.0,0,0,0,,2,0,1.0,6
Teddy Allen,Winnipeg Sea Bears,2026-2027,defense,Post up,Long/3pt,5,Open,Post-Ups Including Passes > Spot-Up > No Dribble Jumper > Open > Long/3pt,Post-Ups Including Passes,Spot-Up,No Dribble Jumper,Open,Long/3pt,,2,100.0,3.0,150.0,0.0,0.0,2,100.0,,,100.0,,2,150.0,0.0,,,2,0,,2,0.0,100.0,0,0,0,,2,0,1.0,6
Teddy Allen,Winnipeg Sea Bears,2026-2027,defense,Post up,Make 3 Pts,6,Long/3pt,Post-Ups Including Passes > Spot-Up > No Dribble Jumper > Open > Long/3pt > Make 3 Pts,Post-Ups Including Passes,Spot-Up,No Dribble Jumper,Open,Long/3pt,Make 3 Pts,2,100.0,3.0,150.0,0.0,0.0,2,100.0,,,100.0,,2,150.0,0.0,,,2,0,,2,0.0,100.0,0,0,0,,2,0,1.0,6
Teddy Allen,Winnipeg Sea Bears,2026-2027,defense,Post up,Post-Up - Defense Commits,1,,Post-Up - Defense Commits,Post-Up - Defense Commits,,,,,,3,1.4,2.0,150.0,33.3,0.0,2,100.0,,,100.0,,2,150.0,0.0,,,2,0,,2,0.0,66.7,0,0,0,,2,0,1.0,6
Teddy Allen,Winnipeg Sea Bears,2026-2027,defense,Post up,Spot-Up,2,Post-Up - Defense Commits,Post-Up - Defense Commits > Spot-Up,Post-Up - Defense Commits,Spot-Up,,,,,2,66.7,3.0,150.0,0.0,0.0,2,100.0,,,100.0,,2,150.0,0.0,,,2,0,,2,0.0,100.0,0,0,0,,2,0,1.0,6
Teddy Allen,Winnipeg Sea Bears,2026-2027,defense,Post up,No Dribble Jumper,3,Spot-Up,Post-Up - Defense Commits > Spot-Up > No Dribble Jumper,Post-Up - Defense Commits,Spot-Up,No Dribble Jumper,,,,2,100.0,3.0,150.0,0.0,0.0,2,100.0,,,100.0,,2,150.0,0.0,,,2,0,,2,0.0,100.0,0,0,0,,2,0,1.0,6
Teddy Allen,Winnipeg Sea Bears,2026-2027,defense,Post up,Open,4,No Dribble Jumper,Post-Up - Defense Commits > Spot-Up > No Dribble Jumper > Open,Post-Up - Defense Commits,Spot-Up,No Dribble Jumper,Open,,,2,100.0,3.0,150.0,0.0,0.0,2,100.0,,,100.0,,2,150.0,0.0,,,2,0,,2,0.0,100.0,0,0,0,,2,0,1.0,6
Teddy Allen,Winnipeg Sea Bears,2026-2027,defense,Post up,Long/3pt,5,Open,Post-Up - Defense Commits > Spot-Up > No Dribble Jumper > Open > Long/3pt,Post-Up - Defense Commits,Spot-Up,No Dribble Jumper,Open,Long/3pt,,2,100.0,3.0,150.0,0.0,0.0,2,100.0,,,100.0,,2,150.0,0.0,,,2,0,,2,0.0,100.0,0,0,0,,2,0,1.0,6
Teddy Allen,Winnipeg Sea Bears,2026-2027,defense,Post up,Make 3 Pts,6,Long/3pt,Post-Up - Defense Commits > Spot-Up > No Dribble Jumper > Open > Long/3pt > Make 3 Pts,Post-Up - Defense Commits,Spot-Up,No Dribble Jumper,Open,Long/3pt,Make 3 Pts,2,100.0,3.0,150.0,0.0,0.0,2,100.0,,,100.0,,2,150.0,0.0,,,2,0,,2,0.0,100.0,0,0,0,,2,0,1.0,6
Teddy Allen,Winnipeg Sea Bears,2026-2027,defense,Post up,Post-Up,2,Post-Up - Defense Commits,Post-Up - Defense Commits > Post-Up,Post-Up - Defense Commits,Post-Up,,,,,1,33.3,0.0,,100.0,0.0,0,,,,,,0,,0.0,,,0,0,,0,,0.0,0,0,0,,0,0,,0
Teddy Allen,Winnipeg Sea Bears,2026-2027,defense,Post up,Right Block,3,Post-Up,Post-Up - Defense Commits > Post-Up > Right Block,Post-Up - Defense Commits,Post-Up,Right Block,,,,1,100.0,0.0,,100.0,0.0,0,,,,,,0,,0.0,,,0,0,,0,,0.0,0,0,0,,0,0,,0
Teddy Allen,Winnipeg Sea Bears,2026-2027,defense,Post up,Left Shoulder,4,Right Block,Post-Up - Defense Commits > Post-Up > Right Block > Left Shoulder,Post-Up - Defense Commits,Post-Up,Right Block,Left Shoulder,,,1,100.0,0.0,,100.0,0.0,0,,,,,,0,,0.0,,,0,0,,0,,0.0,0,0,0,,0,0,,0
Teddy Allen,Winnipeg Sea Bears,2026-2027,defense,Post up,Dribble Move,5,Left Shoulder,Post-Up - Defense Commits > Post-Up > Right Block > Left Shoulder > Dribble Move,Post-Up - Defense Commits,Post-Up,Right Block,Left Shoulder,Dribble Move,,1,100.0,0.0,,100.0,0.0,0,,,,,,0,,0.0,,,0,0,,0,,0.0,0,0,0,,0,0,,0
Teddy Allen,Winnipeg Sea Bears,2026-2027,defense,Post up,Defense Commits,6,Dribble Move,Post-Up - Defense Commits > Post-Up > Right Block > Left Shoulder > Dribble Move > Defense Commits,Post-Up - Defense Commits,Post-Up,Right Block,Left Shoulder,Dribble Move,Defense Commits,1,100.0,0.0,,100.0,0.0,0,,,,,,0,,0.0,,,0,0,,0,,0.0,0,0,0,,0,0,,0
Teddy Allen,Winnipeg Sea Bears,2026-2027,defense,Post up,Post-Up - Hard Double,1,,Post-Up - Hard Double,Post-Up - Hard Double,,,,,,0,0.0,,,,,0,,,,,,0,,,,,0,0,,0,,,0,0,0,,0,0,,0
