PLAYER,TEAM,SEASON,SIDE,TABLE,STAT,DEPTH,PARENT,PATH,LEVEL_1,LEVEL_2,LEVEL_3,LEVEL_4,LEVEL_5,LEVEL_6,POSS,%TIME,PPP,TS%,TO%,%FT,3FG ATT,3 FG%,PPP RATING,PPP RANK,FG%,%TIME RANK,FG ATT,EFG%,%SF,SSQ,PPS,FG MADE,FG MISS,SSM,TSA,FTA/FGA,SCORE%,2 FG ATT,2 FG MADE,2 FG MISS,2 FG%,3 FG MADE,3 FG MISS,3PA/FGA,PTS
Jalen Adaway,Scarborough Shooting Stars,2024-2025,offense,Play types,Transition,1,,Transition,Transition,,,,,,49,31.2,1.061,58.6,8.2,10.2,7,0.0,Average,48.0,60.0,95.0,40,60.0,8.2,,,24,16,,44.4,0.25,55.1,33,24,9,72.7,0,7,0.18,52
Jalen Adaway,Scarborough Shooting Stars,2024-2025,offense,Play types,Ballhandler,2,Transition,Transition > Ballhandler,Transition,Ballhandler,,,,,17,34.7,1.118,69.6,17.6,17.6,1,0.0,,,72.7,,11,72.7,11.8,,,8,3,,13.6,0.55,58.8,10,8,2,80.0,0,1,0.09,19
Jalen Adaway,Scarborough Shooting Stars,2024-2025,offense,Play types,To Basket,3,Ballhandler,Transition > Ballhandler > To Basket,Transition,Ballhandler,To Basket,,,,15,88.2,1.2,76.5,20.0,13.3,0,,,,80.0,,10,80.0,13.3,,,8,2,,11.8,0.4,60.0,10,8,2,80.0,0,0,0.0,18
Jalen Adaway,Scarborough Shooting Stars,2024-2025,offense,Play types,Make 2 Pts,4,To Basket,Transition > Ballhandler > To Basket > Make 2 Pts,Transition,Ballhandler,To Basket,Make 2 Pts,,,8,53.3,2.0,100.0,0.0,0.0,0,,,,100.0,,8,100.0,0.0,,,8,0,,8.0,0.0,100.0,8,8,0,100.0,0,0,0.0,16
Jalen Adaway,Scarborough Shooting Stars,2024-2025,offense,Play types,Turnover,4,To Basket,Transition > Ballhandler > To Basket > Turnover,Transition,Ballhandler,To Basket,Turnover,,,3,20.0,0.0,,100.0,0.0,0,,,,,,0,,0.0,,,0,0,,0.0,,0.0,0,0,0,,0,0,,0
Jalen Adaway,Scarborough Shooting Stars,2024-2025,offense,Play types,Foul,4,To Basket,Transition > Ballhandler > To Basket > Foul,Transition,Ballhandler,To Basket,Foul,,,2,13.3,1.0,56.8,0.0,100.0,0,,,,,,0,,100.0,,,0,0,,1.8,,50.0,0,0,0,,0,0,,2
Jalen Adaway,Scarborough Shooting Stars,2024-2025,offense,Play types,Miss 2 Pts,4,To Basket,Transition > Ballhandler > To Basket > Miss 2 Pts,Transition,Ballhandler,To Basket,Miss 2 Pts,,,2,13.3,0.0,0.0,0.0,0.0,0,,,,0.0,,2,0.0,0.0,,,0,2,,2.0,0.0,0.0,2,0,2,0.0,0,0,0.0,0
Jalen Adaway,Scarborough Shooting Stars,2024-2025,offense,Play types,Foul,3,Ballhandler,Transition > Ballhandler > Foul,Transition,Ballhandler,Foul,,,,1,5.9,1.0,56.8,0.0,100.0,0,,,,,,0,,0.0,,,0,0,,0.9,,100.0,0,0,0,,0,0,,1
Jalen Adaway,Scarborough Shooting Stars,2024-2025,offense,Play types,Dribble Jumper,3,Ballhandler,Transition > Ballhandler > Dribble Jumper,Transition,Ballhandler,Dribble Jumper,,,,1,5.9,0.0,0.0,0.0,0.0,1,0.0,,,0.0,,1,0.0,0.0,,,0,1,,1.0,0.0,0.0,0,0,0,,0,1,1.0,0
Jalen Adaway,Scarborough Shooting Stars,2024-2025,offense,Play types,Long/3pt,4,Dribble Jumper,Transition > Ballhandler > Dribble Jumper > Long/3pt,Transition,Ballhandler,Dribble Jumper,Long/3pt,,,1,100.0,0.0,0.0,0.0,0.0,1,0.0,,,0.0,,1,0.0,0.0,,,0,1,,1.0,0.0,0.0,0,0,0,,0,1,1.0,0
Jalen Adaway,Scarborough Shooting Stars,2024-2025,offense,Play types,Miss 3 Pts,5,Long/3pt,Transition > Ballhandler > Dribble Jumper > Long/3pt > Miss 3 Pts,Transition,Ballhandler,Dribble Jumper,Long/3pt,Miss 3 Pts,,1,100.0,0.0,0.0,0.0,0.0,1,0.0,,,0.0,,1,0.0,0.0,,,0,1,,1.0,0.0,0.0,0,0,0,,0,1,1.0,0
Jalen Adaway,Scarborough Shooting Stars,2024-2025,offense,Play types,Left Wing,2,Transition,Transition > Left Wing,Transition,Left Wing,,,,,10,20.4,1.0,50.6,0.0,10.0,2,0.0,,,55.6,,9,55.6,10.0,,,5,4,,9.9,0.22,50.0,7,5,2,71.4,0,2,0.22,10
Jalen Adaway,Scarborough Shooting Stars,2024-2025,offense,Play types,To Basket,3,Left Wing,Transition > Left Wing > To Basket,Transition,Left Wing,To Basket,,,,7,70.0,1.429,72.7,0.0,14.3,0,,,,83.3,,6,83.3,14.3,,,5,1,,6.9,0.33,71.4,6,5,1,83.3,0,0,0.0,10
Jalen Adaway,Scarborough Shooting Stars,2024-2025,offense,Play types,Make 2 Pts,4,To Basket,Transition > Left Wing > To Basket > Make 2 Pts,Transition,Left Wing,To Basket,Make 2 Pts,,,5,71.4,2.0,100.0,0.0,0.0,0,,,,100.0,,5,100.0,0.0,,,5,0,,5.0,0.0,100.0,5,5,0,100.0,0,0,0.0,10
Jalen Adaway,Scarborough Shooting Stars,2024-2025,offense,Play types,Foul,4,To Basket,Transition > Left Wing > To Basket > Foul,Transition,Left Wing,To Basket,Foul,,,1,14.3,0.0,0.0,0.0,100.0,0,,,,,,0,,100.0,,,0,0,,0.9,,0.0,0,0,0,,0,0,,0
Jalen Adaway,Scarborough Shooting Stars,2024-2025,offense,Play types,Miss 2 Pts,4,To Basket,Transition > Left Wing > To Basket > Miss 2 Pts,Transition,Left Wing,To Basket,Miss 2 Pts,,,1,14.3,0.0,0.0,0.0,0.0,0,,,,0.0,,1,0.0,0.0,,,0,1,,1.0,0.0,0.0,1,0,1,0.0,0,0,0.0,0
Jalen Adaway,Scarborough Shooting Stars,2024-2025,offense,Play types,Dribble Jumper,3,Left Wing,Transition > Left Wing > Dribble Jumper,Transition,Left Wing,Dribble Jumper,,,,2,20.0,0.0,0.0,0.0,0.0,1,0.0,,,0.0,,2,0.0,0.0,,,0,2,,2.0,0.0,0.0,1,0,1,0.0,0,1,0.5,0
Jalen Adaway,Scarborough Shooting Stars,2024-2025,offense,Play types,Short to < 17,4,Dribble Jumper,Transition > Left Wing > Dribble Jumper > Short to < 17,Transition,Left Wing,Dribble Jumper,Short to < 17,,,1,50.0,0.0,0.0,0.0,0.0,0,,,,0.0,,1,0.0,0.0,,,0,1,,1.0,0.0,0.0,1,0,1,0.0,0,0,0.0,0
Jalen Adaway,Scarborough Shooting Stars,2024-2025,offense,Play types,Miss 2 Pts,5,Short to < 17,Transition > Left Wing > Dribble Jumper > Short to < 17 > Miss 2 Pts,Transition,Left Wing,Dribble Jumper,Short to < 17,Miss 2 Pts,,1,100.0,0.0,0.0,0.0,0.0,0,,,,0.0,,1,0.0,0.0,,,0,1,,1.0,0.0,0.0,1,0,1,0.0,0,0,0.0,0
Jalen Adaway,Scarborough Shooting Stars,2024-2025,offense,Play types,Long/3pt,4,Dribble Jumper,Transition > Left Wing > Dribble Jumper > Long/3pt,Transition,Left Wing,Dribble Jumper,Long/3pt,,,1,50.0,0.0,0.0,0.0,0.0,1,0.0,,,0.0,,1,0.0,0.0,,,0,1,,1.0,0.0,0.0,0,0,0,,0,1,1.0,0
Jalen Adaway,Scarborough Shooting Stars,2024-2025,offense,Play types,Miss 3 Pts,5,Long/3pt,Transition > Left Wing > Dribble Jumper > Long/3pt > Miss 3 Pts,Transition,Left Wing,Dribble Jumper,Long/3pt,Miss 3 Pts,,1,100.0,0.0,0.0,0.0,0.0,1,0.0,,,0.0,,1,0.0,0.0,,,0,1,,1.0,0.0,0.0,0,0,0,,0,1,1.0,0
Jalen Adaway,Scarborough Shooting Stars,2024-2025,offense,Play types,No Dribble Jumper,3,Left Wing,Transition > Left Wing > No Dribble Jumper,Transition,Left Wing,No Dribble Jumper,,,,1,10.0,0.0,0.0,0.0,0.0,1,0.0,,,0.0,,1,0.0,0.0,,,0,1,,1.0,0.0,0.0,0,0,0,,0,1,1.0,0
Jalen Adaway,Scarborough Shooting Stars,2024-2025,offense,Play types,Guarded,4,No Dribble Jumper,Transition > Left Wing > No Dribble Jumper > Guarded,Transition,Left Wing,No Dribble Jumper,Guarded,,,1,100.0,0.0,0.0,0.0,0.0,1,0.0,,,0.0,,1,0.0,0.0,,,0,1,,1.0,0.0,0.0,0,0,0,,0,1,1.0,0
Jalen Adaway,Scarborough Shooting Stars,2024-2025,offense,Play types,Long/3pt,5,Guarded,Transition > Left Wing > No Dribble Jumper > Guarded > Long/3pt,Transition,Left Wing,No Dribble Jumper,Guarded,Long/3pt,,1,100.0,0.0,0.0,0.0,0.0,1,0.0,,,0.0,,1,0.0,0.0,,,0,1,,1.0,0.0,0.0,0,0,0,,0,1,1.0,0
Jalen Adaway,Scarborough Shooting Stars,2024-2025,offense,Play types,Right Wing,2,Transition,Transition > Right Wing,Transition,Right Wing,,,,,10,20.4,0.9,45.5,0.0,10.0,3,0.0,,,44.4,,9,44.4,10.0,,,4,5,,9.9,0.22,50.0,6,4,2,66.7,0,3,0.33,9
Jalen Adaway,Scarborough Shooting Stars,2024-2025,offense,Play types,To Basket,3,Right Wing,Transition > Right Wing > To Basket,Transition,Right Wing,To Basket,,,,6,60.0,1.5,76.5,0.0,16.7,0,,,,80.0,,5,80.0,16.7,,,4,1,,5.9,0.4,83.3,5,4,1,80.0,0,0,0.0,9
Jalen Adaway,Scarborough Shooting Stars,2024-2025,offense,Play types,Make 2 Pts,4,To Basket,Transition > Right Wing > To Basket > Make 2 Pts,Transition,Right Wing,To Basket,Make 2 Pts,,,4,66.7,2.0,100.0,0.0,0.0,0,,,,100.0,,4,100.0,0.0,,,4,0,,4.0,0.0,100.0,4,4,0,100.0,0,0,0.0,8
Jalen Adaway,Scarborough Shooting Stars,2024-2025,offense,Play types,Foul,4,To Basket,Transition > Right Wing > To Basket > Foul,Transition,Right Wing,To Basket,Foul,,,1,16.7,1.0,56.8,0.0,100.0,0,,,,,,0,,100.0,,,0,0,,0.9,,100.0,0,0,0,,0,0,,1
Jalen Adaway,Scarborough Shooting Stars,2024-2025,offense,Play types,Miss 2 Pts,4,To Basket,Transition > Right Wing > To Basket > Miss 2 Pts,Transition,Right Wing,To Basket,Miss 2 Pts,,,1,16.7,0.0,0.0,0.0,0.0,0,,,,0.0,,1,0.0,0.0,,,0,1,,1.0,0.0,0.0,1,0,1,0.0,0,0,0.0,0
Jalen Adaway,Scarborough Shooting Stars,2024-2025,offense,Play types,No Dribble Jumper,3,Right Wing,Transition > Right Wing > No Dribble Jumper,Transition,Right Wing,No Dribble Jumper,,,,4,40.0,0.0,0.0,0.0,0.0,3,0.0,,,0.0,,4,0.0,0.0,,,0,4,,4.0,0.0,0.0,1,0,1,0.0,0,3,0.75,0
Jalen Adaway,Scarborough Shooting Stars,2024-2025,offense,Play types,Open,4,No Dribble Jumper,Transition > Right Wing > No Dribble Jumper > Open,Transition,Right Wing,No Dribble Jumper,Open,,,3,75.0,0.0,0.0,0.0,0.0,2,0.0,,,0.0,,3,0.0,0.0,,,0,3,,3.0,0.0,0.0,1,0,1,0.0,0,2,0.67,0
Jalen Adaway,Scarborough Shooting Stars,2024-2025,offense,Play types,Long/3pt,5,Open,Transition > Right Wing > No Dribble Jumper > Open > Long/3pt,Transition,Right Wing,No Dribble Jumper,Open,Long/3pt,,2,66.7,0.0,0.0,0.0,0.0,2,0.0,,,0.0,,2,0.0,0.0,,,0,2,,2.0,0.0,0.0,0,0,0,,0,2,1.0,0
Jalen Adaway,Scarborough Shooting Stars,2024-2025,offense,Play types,Medium/17' to 3pt,5,Open,Transition > Right Wing > No Dribble Jumper > Open > Medium/17' to 3pt,Transition,Right Wing,No Dribble Jumper,Open,Medium/17' to 3pt,,1,33.3,0.0,0.0,0.0,0.0,0,,,,0.0,,1,0.0,0.0,,,0,1,,1.0,0.0,0.0,1,0,1,0.0,0,0,0.0,0
Jalen Adaway,Scarborough Shooting Stars,2024-2025,offense,Play types,Guarded,4,No Dribble Jumper,Transition > Right Wing > No Dribble Jumper > Guarded,Transition,Right Wing,No Dribble Jumper,Guarded,,,1,25.0,0.0,0.0,0.0,0.0,1,0.0,,,0.0,,1,0.0,0.0,,,0,1,,1.0,0.0,0.0,0,0,0,,0,1,1.0,0
Jalen Adaway,Scarborough Shooting Stars,2024-2025,offense,Play types,Long/3pt,5,Guarded,Transition > Right Wing > No Dribble Jumper > Guarded > Long/3pt,Transition,Right Wing,No Dribble Jumper,Guarded,Long/3pt,,1,100.0,0.0,0.0,0.0,0.0,1,0.0,,,0.0,,1,0.0,0.0,,,0,1,,1.0,0.0,0.0,0,0,0,,0,1,1.0,0
Jalen Adaway,Scarborough Shooting Stars,2024-2025,offense,Play types,First Middle,2,Transition,Transition > First Middle,Transition,First Middle,,,,,5,10.2,0.4,25.0,20.0,0.0,1,0.0,,,25.0,,4,25.0,0.0,,,1,3,,4.0,0.0,20.0,3,1,2,33.3,0,1,0.25,2
Jalen Adaway,Scarborough Shooting Stars,2024-2025,offense,Play types,To Basket,3,First Middle,Transition > First Middle > To Basket,Transition,First Middle,To Basket,,,,3,60.0,0.667,33.3,0.0,0.0,0,,,,33.3,,3,33.3,0.0,,,1,2,,3.0,0.0,33.3,3,1,2,33.3,0,0,0.0,2
Jalen Adaway,Scarborough Shooting Stars,2024-2025,offense,Play types,Miss 2 Pts,4,To Basket,Transition > First Middle > To Basket > Miss 2 Pts,Transition,First Middle,To Basket,Miss 2 Pts,,,2,66.7,0.0,0.0,0.0,0.0,0,,,,0.0,,2,0.0,0.0,,,0,2,,2.0,0.0,0.0,2,0,2,0.0,0,0,0.0,0
Jalen Adaway,Scarborough Shooting Stars,2024-2025,offense,Play types,Make 2 Pts,4,To Basket,Transition > First Middle > To Basket > Make 2 Pts,Transition,First Middle,To Basket,Make 2 Pts,,,1,33.3,2.0,100.0,0.0,0.0,0,,,,100.0,,1,100.0,0.0,,,1,0,,1.0,0.0,100.0,1,1,0,100.0,0,0,0.0,2
Jalen Adaway,Scarborough Shooting Stars,2024-2025,offense,Play types,No Dribble Jumper,3,First Middle,Transition > First Middle > No Dribble Jumper,Transition,First Middle,No Dribble Jumper,,,,1,20.0,0.0,0.0,0.0,0.0,1,0.0,,,0.0,,1,0.0,0.0,,,0,1,,1.0,0.0,0.0,0,0,0,,0,1,1.0,0
Jalen Adaway,Scarborough Shooting Stars,2024-2025,offense,Play types,Open,4,No Dribble Jumper,Transition > First Middle > No Dribble Jumper > Open,Transition,First Middle,No Dribble Jumper,Open,,,1,100.0,0.0,0.0,0.0,0.0,1,0.0,,,0.0,,1,0.0,0.0,,,0,1,,1.0,0.0,0.0,0,0,0,,0,1,1.0,0
Jalen Adaway,Scarborough Shooting Stars,2024-2025,offense,Play types,Long/3pt,5,Open,Transition > First Middle > No Dribble Jumper > Open > Long/3pt,Transition,First Middle,No Dribble Jumper,Open,Long/3pt,,1,100.0,0.0,0.0,0.0,0.0,1,0.0,,,0.0,,1,0.0,0.0,,,0,1,,1.0,0.0,0.0,0,0,0,,0,1,1.0,0
Jalen Adaway,Scarborough Shooting Stars,2024-2025,offense,Play types,Turnover,3,First Middle,Transition > First Middle > Turnover,Transition,First Middle,Turnover,,,,1,20.0,0.0,,100.0,0.0,0,,,,,,0,,0.0,,,0,0,,0.0,,0.0,0,0,0,,0,0,,0
Jalen Adaway,Scarborough Shooting Stars,2024-2025,offense,Play types,Leak Outs,2,Transition,Transition > Leak Outs,Transition,Leak Outs,,,,,5,10.2,2.0,100.0,0.0,0.0,0,,,,100.0,,5,100.0,0.0,,,5,0,,5.0,0.0,100.0,5,5,0,100.0,0,0,0.0,10
Jalen Adaway,Scarborough Shooting Stars,2024-2025,offense,Play types,To Basket,3,Leak Outs,Transition > Leak Outs > To Basket,Transition,Leak Outs,To Basket,,,,5,100.0,2.0,100.0,0.0,0.0,0,,,,100.0,,5,100.0,0.0,,,5,0,,5.0,0.0,100.0,5,5,0,100.0,0,0,0.0,10
Jalen Adaway,Scarborough Shooting Stars,2024-2025,offense,Play types,Make 2 Pts,4,To Basket,Transition > Leak Outs > To Basket > Make 2 Pts,Transition,Leak Outs,To Basket,Make 2 Pts,,,5,100.0,2.0,100.0,0.0,0.0,0,,,,100.0,,5,100.0,0.0,,,5,0,,5.0,0.0,100.0,5,5,0,100.0,0,0,0.0,10
Jalen Adaway,Scarborough Shooting Stars,2024-2025,offense,Play types,Trailer,2,Transition,Transition > Trailer,Transition,Trailer,,,,,2,4.1,1.0,50.0,0.0,0.0,0,,,,50.0,,2,50.0,0.0,,,1,1,,2.0,0.0,50.0,2,1,1,50.0,0,0,0.0,2
Jalen Adaway,Scarborough Shooting Stars,2024-2025,offense,Play types,To Basket,3,Trailer,Transition > Trailer > To Basket,Transition,Trailer,To Basket,,,,2,100.0,1.0,50.0,0.0,0.0,0,,,,50.0,,2,50.0,0.0,,,1,1,,2.0,0.0,50.0,2,1,1,50.0,0,0,0.0,2
Jalen Adaway,Scarborough Shooting Stars,2024-2025,offense,Play types,Make 2 Pts,4,To Basket,Transition > Trailer > To Basket > Make 2 Pts,Transition,Trailer,To Basket,Make 2 Pts,,,1,50.0,2.0,100.0,0.0,0.0,0,,,,100.0,,1,100.0,0.0,,,1,0,,1.0,0.0,100.0,1,1,0,100.0,0,0,0.0,2
Jalen Adaway,Scarborough Shooting Stars,2024-2025,offense,Play types,Miss 2 Pts,4,To Basket,Transition > Trailer > To Basket > Miss 2 Pts,Transition,Trailer,To Basket,Miss 2 Pts,,,1,50.0,0.0,0.0,0.0,0.0,0,,,,0.0,,1,0.0,0.0,,,0,1,,1.0,0.0,0.0,1,0,1,0.0,0,0,0.0,0
Jalen Adaway,Scarborough Shooting Stars,2024-2025,offense,Play types,Spot Up,1,,Spot Up,Spot Up,,,,,,46,29.3,1.283,68.8,6.5,2.2,26,50.0,Excellent,91.0,52.4,57.0,42,67.9,2.2,,,22,20,,42.9,0.05,50.0,16,9,7,56.3,13,13,0.62,59
Jalen Adaway,Scarborough Shooting Stars,2024-2025,offense,Play types,No Dribble Jumper,2,Spot Up,Spot Up > No Dribble Jumper,Spot Up,No Dribble Jumper,,,,,22,47.8,1.364,68.2,0.0,0.0,21,47.6,,,45.5,,22,68.2,0.0,,,10,12,,22.0,0.0,45.5,1,0,1,0.0,10,11,0.95,30
Jalen Adaway,Scarborough Shooting Stars,2024-2025,offense,Play types,Guarded,3,No Dribble Jumper,Spot Up > No Dribble Jumper > Guarded,Spot Up,No Dribble Jumper,Guarded,,,,12,54.5,1.25,62.5,0.0,0.0,12,41.7,,,41.7,,12,62.5,0.0,,,5,7,,12.0,0.0,41.7,0,0,0,,5,7,1.0,15
Jalen Adaway,Scarborough Shooting Stars,2024-2025,offense,Play types,Long/3pt,4,Guarded,Spot Up > No Dribble Jumper > Guarded > Long/3pt,Spot Up,No Dribble Jumper,Guarded,Long/3pt,,,12,100.0,1.25,62.5,0.0,0.0,12,41.7,,,41.7,,12,62.5,0.0,,,5,7,,12.0,0.0,41.7,0,0,0,,5,7,1.0,15
Jalen Adaway,Scarborough Shooting Stars,2024-2025,offense,Play types,Miss 3 Pts,5,Long/3pt,Spot Up > No Dribble Jumper > Guarded > Long/3pt > Miss 3 Pts,Spot Up,No Dribble Jumper,Guarded,Long/3pt,Miss 3 Pts,,7,58.3,0.0,0.0,0.0,0.0,7,0.0,,,0.0,,7,0.0,0.0,,,0,7,,7.0,0.0,0.0,0,0,0,,0,7,1.0,0
Jalen Adaway,Scarborough Shooting Stars,2024-2025,offense,Play types,Make 3 Pts,5,Long/3pt,Spot Up > No Dribble Jumper > Guarded > Long/3pt > Make 3 Pts,Spot Up,No Dribble Jumper,Guarded,Long/3pt,Make 3 Pts,,5,41.7,3.0,150.0,0.0,0.0,5,100.0,,,100.0,,5,150.0,0.0,,,5,0,,5.0,0.0,100.0,0,0,0,,5,0,1.0,15
Jalen Adaway,Scarborough Shooting Stars,2024-2025,offense,Play types,Open,3,No Dribble Jumper,Spot Up > No Dribble Jumper > Open,Spot Up,No Dribble Jumper,Open,,,,10,45.5,1.5,75.0,0.0,0.0,9,55.6,,,50.0,,10,75.0,0.0,,,5,5,,10.0,0.0,50.0,1,0,1,0.0,5,4,0.9,15
Jalen Adaway,Scarborough Shooting Stars,2024-2025,offense,Play types,Long/3pt,4,Open,Spot Up > No Dribble Jumper > Open > Long/3pt,Spot Up,No Dribble Jumper,Open,Long/3pt,,,9,90.0,1.667,83.3,0.0,0.0,9,55.6,,,55.6,,9,83.3,0.0,,,5,4,,9.0,0.0,55.6,0,0,0,,5,4,1.0,15
Jalen Adaway,Scarborough Shooting Stars,2024-2025,offense,Play types,Make 3 Pts,5,Long/3pt,Spot Up > No Dribble Jumper > Open > Long/3pt > Make 3 Pts,Spot Up,No Dribble Jumper,Open,Long/3pt,Make 3 Pts,,5,55.6,3.0,150.0,0.0,0.0,5,100.0,,,100.0,,5,150.0,0.0,,,5,0,,5.0,0.0,100.0,0,0,0,,5,0,1.0,15
Jalen Adaway,Scarborough Shooting Stars,2024-2025,offense,Play types,Miss 3 Pts,5,Long/3pt,Spot Up > No Dribble Jumper > Open > Long/3pt > Miss 3 Pts,Spot Up,No Dribble Jumper,Open,Long/3pt,Miss 3 Pts,,4,44.4,0.0,0.0,0.0,0.0,4,0.0,,,0.0,,4,0.0,0.0,,,0,4,,4.0,0.0,0.0,0,0,0,,0,4,1.0,0
Jalen Adaway,Scarborough Shooting Stars,2024-2025,offense,Play types,Medium/17' to 3pt,4,Open,Spot Up > No Dribble Jumper > Open > Medium/17' to 3pt,Spot Up,No Dribble Jumper,Open,Medium/17' to 3pt,,,1,10.0,0.0,0.0,0.0,0.0,0,,,,0.0,,1,0.0,0.0,,,0,1,,1.0,0.0,0.0,1,0,1,0.0,0,0,0.0,0
Jalen Adaway,Scarborough Shooting Stars,2024-2025,offense,Play types,Miss 2 Pts,5,Medium/17' to 3pt,Spot Up > No Dribble Jumper > Open > Medium/17' to 3pt > Miss 2 Pts,Spot Up,No Dribble Jumper,Open,Medium/17' to 3pt,Miss 2 Pts,,1,100.0,0.0,0.0,0.0,0.0,0,,,,0.0,,1,0.0,0.0,,,0,1,,1.0,0.0,0.0,1,0,1,0.0,0,0,0.0,0
Jalen Adaway,Scarborough Shooting Stars,2024-2025,offense,Play types,Drives Right,2,Spot Up,Spot Up > Drives Right,Spot Up,Drives Right,,,,,11,23.9,0.818,50.0,18.2,0.0,2,50.0,,,44.4,,9,50.0,0.0,,,4,5,,9.0,0.0,36.4,7,3,4,42.9,1,1,0.22,9
Jalen Adaway,Scarborough Shooting Stars,2024-2025,offense,Play types,To Basket,3,Drives Right,Spot Up > Drives Right > To Basket,Spot Up,Drives Right,To Basket,,,,5,45.5,0.4,25.0,20.0,0.0,0,,,,25.0,,4,25.0,0.0,,,1,3,,4.0,0.0,20.0,4,1,3,25.0,0,0,0.0,2
Jalen Adaway,Scarborough Shooting Stars,2024-2025,offense,Play types,Miss 2 Pts,4,To Basket,Spot Up > Drives Right > To Basket > Miss 2 Pts,Spot Up,Drives Right,To Basket,Miss 2 Pts,,,3,60.0,0.0,0.0,0.0,0.0,0,,,,0.0,,3,0.0,0.0,,,0,3,,3.0,0.0,0.0,3,0,3,0.0,0,0,0.0,0
Jalen Adaway,Scarborough Shooting Stars,2024-2025,offense,Play types,Make 2 Pts,4,To Basket,Spot Up > Drives Right > To Basket > Make 2 Pts,Spot Up,Drives Right,To Basket,Make 2 Pts,,,1,20.0,2.0,100.0,0.0,0.0,0,,,,100.0,,1,100.0,0.0,,,1,0,,1.0,0.0,100.0,1,1,0,100.0,0,0,0.0,2
Jalen Adaway,Scarborough Shooting Stars,2024-2025,offense,Play types,Turnover,4,To Basket,Spot Up > Drives Right > To Basket > Turnover,Spot Up,Drives Right,To Basket,Turnover,,,1,20.0,0.0,,100.0,0.0,0,,,,,,0,,0.0,,,0,0,,0.0,,0.0,0,0,0,,0,0,,0
Jalen Adaway,Scarborough Shooting Stars,2024-2025,offense,Play types,Dribble Jumper,3,Drives Right,Spot Up > Drives Right > Dribble Jumper,Spot Up,Drives Right,Dribble Jumper,,,,5,45.5,1.4,70.0,0.0,0.0,2,50.0,,,60.0,,5,70.0,0.0,,,3,2,,5.0,0.0,60.0,3,2,1,66.7,1,1,0.4,7
Jalen Adaway,Scarborough Shooting Stars,2024-2025,offense,Play types,Short to < 17,4,Dribble Jumper,Spot Up > Drives Right > Dribble Jumper > Short to < 17,Spot Up,Drives Right,Dribble Jumper,Short to < 17,,,3,60.0,1.333,66.7,0.0,0.0,0,,,,66.7,,3,66.7,0.0,,,2,1,,3.0,0.0,66.7,3,2,1,66.7,0,0,0.0,4
Jalen Adaway,Scarborough Shooting Stars,2024-2025,offense,Play types,Make 2 Pts,5,Short to < 17,Spot Up > Drives Right > Dribble Jumper > Short to < 17 > Make 2 Pts,Spot Up,Drives Right,Dribble Jumper,Short to < 17,Make 2 Pts,,2,66.7,2.0,100.0,0.0,0.0,0,,,,100.0,,2,100.0,0.0,,,2,0,,2.0,0.0,100.0,2,2,0,100.0,0,0,0.0,4
Jalen Adaway,Scarborough Shooting Stars,2024-2025,offense,Play types,Miss 2 Pts,5,Short to < 17,Spot Up > Drives Right > Dribble Jumper > Short to < 17 > Miss 2 Pts,Spot Up,Drives Right,Dribble Jumper,Short to < 17,Miss 2 Pts,,1,33.3,0.0,0.0,0.0,0.0,0,,,,0.0,,1,0.0,0.0,,,0,1,,1.0,0.0,0.0,1,0,1,0.0,0,0,0.0,0
Jalen Adaway,Scarborough Shooting Stars,2024-2025,offense,Play types,Long/3pt,4,Dribble Jumper,Spot Up > Drives Right > Dribble Jumper > Long/3pt,Spot Up,Drives Right,Dribble Jumper,Long/3pt,,,2,40.0,1.5,75.0,0.0,0.0,2,50.0,,,50.0,,2,75.0,0.0,,,1,1,,2.0,0.0,50.0,0,0,0,,1,1,1.0,3
Jalen Adaway,Scarborough Shooting Stars,2024-2025,offense,Play types,Miss 3 Pts,5,Long/3pt,Spot Up > Drives Right > Dribble Jumper > Long/3pt > Miss 3 Pts,Spot Up,Drives Right,Dribble Jumper,Long/3pt,Miss 3 Pts,,1,50.0,0.0,0.0,0.0,0.0,1,0.0,,,0.0,,1,0.0,0.0,,,0,1,,1.0,0.0,0.0,0,0,0,,0,1,1.0,0
Jalen Adaway,Scarborough Shooting Stars,2024-2025,offense,Play types,Make 3 Pts,5,Long/3pt,Spot Up > Drives Right > Dribble Jumper > Long/3pt > Make 3 Pts,Spot Up,Drives Right,Dribble Jumper,Long/3pt,Make 3 Pts,,1,50.0,3.0,150.0,0.0,0.0,1,100.0,,,100.0,,1,150.0,0.0,,,1,0,,1.0,0.0,100.0,0,0,0,,1,0,1.0,3
Jalen Adaway,Scarborough Shooting Stars,2024-2025,offense,Play types,Turnover,3,Drives Right,Spot Up > Drives Right > Turnover,Spot Up,Drives Right,Turnover,,,,1,9.1,0.0,,100.0,0.0,0,,,,,,0,,0.0,,,0,0,,0.0,,0.0,0,0,0,,0,0,,0
Jalen Adaway,Scarborough Shooting Stars,2024-2025,offense,Play types,Drives Left,2,Spot Up,Spot Up > Drives Left,Spot Up,Drives Left,,,,,11,23.9,1.273,70.9,9.1,9.1,1,0.0,,,66.7,,9,66.7,9.1,,,6,3,,9.9,0.22,63.6,8,6,2,75.0,0,1,0.11,14
Jalen Adaway,Scarborough Shooting Stars,2024-2025,offense,Play types,Dribble Jumper,3,Drives Left,Spot Up > Drives Left > Dribble Jumper,Spot Up,Drives Left,Dribble Jumper,,,,5,45.5,1.2,60.0,0.0,0.0,1,0.0,,,60.0,,5,60.0,0.0,,,3,2,,5.0,0.0,60.0,4,3,1,75.0,0,1,0.2,6
Jalen Adaway,Scarborough Shooting Stars,2024-2025,offense,Play types,Short to < 17,4,Dribble Jumper,Spot Up > Drives Left > Dribble Jumper > Short to < 17,Spot Up,Drives Left,Dribble Jumper,Short to < 17,,,3,60.0,1.333,66.7,0.0,0.0,0,,,,66.7,,3,66.7,0.0,,,2,1,,3.0,0.0,66.7,3,2,1,66.7,0,0,0.0,4
Jalen Adaway,Scarborough Shooting Stars,2024-2025,offense,Play types,Make 2 Pts,5,Short to < 17,Spot Up > Drives Left > Dribble Jumper > Short to < 17 > Make 2 Pts,Spot Up,Drives Left,Dribble Jumper,Short to < 17,Make 2 Pts,,2,66.7,2.0,100.0,0.0,0.0,0,,,,100.0,,2,100.0,0.0,,,2,0,,2.0,0.0,100.0,2,2,0,100.0,0,0,0.0,4
Jalen Adaway,Scarborough Shooting Stars,2024-2025,offense,Play types,Miss 2 Pts,5,Short to < 17,Spot Up > Drives Left > Dribble Jumper > Short to < 17 > Miss 2 Pts,Spot Up,Drives Left,Dribble Jumper,Short to < 17,Miss 2 Pts,,1,33.3,0.0,0.0,0.0,0.0,0,,,,0.0,,1,0.0,0.0,,,0,1,,1.0,0.0,0.0,1,0,1,0.0,0,0,0.0,0
Jalen Adaway,Scarborough Shooting Stars,2024-2025,offense,Play types,Medium/17' to 3pt,4,Dribble Jumper,Spot Up > Drives Left > Dribble Jumper > Medium/17' to 3pt,Spot Up,Drives Left,Dribble Jumper,Medium/17' to 3pt,,,1,20.0,2.0,100.0,0.0,0.0,0,,,,100.0,,1,100.0,0.0,,,1,0,,1.0,0.0,100.0,1,1,0,100.0,0,0,0.0,2
Jalen Adaway,Scarborough Shooting Stars,2024-2025,offense,Play types,Make 2 Pts,5,Medium/17' to 3pt,Spot Up > Drives Left > Dribble Jumper > Medium/17' to 3pt > Make 2 Pts,Spot Up,Drives Left,Dribble Jumper,Medium/17' to 3pt,Make 2 Pts,,1,100.0,2.0,100.0,0.0,0.0,0,,,,100.0,,1,100.0,0.0,,,1,0,,1.0,0.0,100.0,1,1,0,100.0,0,0,0.0,2
Jalen Adaway,Scarborough Shooting Stars,2024-2025,offense,Play types,Long/3pt,4,Dribble Jumper,Spot Up > Drives Left > Dribble Jumper > Long/3pt,Spot Up,Drives Left,Dribble Jumper,Long/3pt,,,1,20.0,0.0,0.0,0.0,0.0,1,0.0,,,0.0,,1,0.0,0.0,,,0,1,,1.0,0.0,0.0,0,0,0,,0,1,1.0,0
Jalen Adaway,Scarborough Shooting Stars,2024-2025,offense,Play types,Miss 3 Pts,5,Long/3pt,Spot Up > Drives Left > Dribble Jumper > Long/3pt > Miss 3 Pts,Spot Up,Drives Left,Dribble Jumper,Long/3pt,Miss 3 Pts,,1,100.0,0.0,0.0,0.0,0.0,1,0.0,,,0.0,,1,0.0,0.0,,,0,1,,1.0,0.0,0.0,0,0,0,,0,1,1.0,0
Jalen Adaway,Scarborough Shooting Stars,2024-2025,offense,Play types,To Basket,3,Drives Left,Spot Up > Drives Left > To Basket,Spot Up,Drives Left,To Basket,,,,5,45.5,1.6,82.0,0.0,20.0,0,,,,75.0,,4,75.0,20.0,,,3,1,,4.9,0.5,80.0,4,3,1,75.0,0,0,0.0,8
Jalen Adaway,Scarborough Shooting Stars,2024-2025,offense,Play types,Make 2 Pts,4,To Basket,Spot Up > Drives Left > To Basket > Make 2 Pts,Spot Up,Drives Left,To Basket,Make 2 Pts,,,3,60.0,2.0,100.0,0.0,0.0,0,,,,100.0,,3,100.0,0.0,,,3,0,,3.0,0.0,100.0,3,3,0,100.0,0,0,0.0,6
Jalen Adaway,Scarborough Shooting Stars,2024-2025,offense,Play types,Miss 2 Pts,4,To Basket,Spot Up > Drives Left > To Basket > Miss 2 Pts,Spot Up,Drives Left,To Basket,Miss 2 Pts,,,1,20.0,0.0,0.0,0.0,0.0,0,,,,0.0,,1,0.0,0.0,,,0,1,,1.0,0.0,0.0,1,0,1,0.0,0,0,0.0,0
Jalen Adaway,Scarborough Shooting Stars,2024-2025,offense,Play types,Foul,4,To Basket,Spot Up > Drives Left > To Basket > Foul,Spot Up,Drives Left,To Basket,Foul,,,1,20.0,2.0,113.6,0.0,100.0,0,,,,,,0,,100.0,,,0,0,,0.9,,100.0,0,0,0,,0,0,,2
Jalen Adaway,Scarborough Shooting Stars,2024-2025,offense,Play types,Turnover,3,Drives Left,Spot Up > Drives Left > Turnover,Spot Up,Drives Left,Turnover,,,,1,9.1,0.0,,100.0,0.0,0,,,,,,0,,0.0,,,0,0,,0.0,,0.0,0,0,0,,0,0,,0
Jalen Adaway,Scarborough Shooting Stars,2024-2025,offense,Play types,Drives Straight,2,Spot Up,Spot Up > Drives Straight,Spot Up,Drives Straight,,,,,2,4.3,3.0,150.0,0.0,0.0,2,100.0,,,100.0,,2,150.0,0.0,,,2,0,,2.0,0.0,100.0,0,0,0,,2,0,1.0,6
Jalen Adaway,Scarborough Shooting Stars,2024-2025,offense,Play types,Dribble Jumper,3,Drives Straight,Spot Up > Drives Straight > Dribble Jumper,Spot Up,Drives Straight,Dribble Jumper,,,,2,100.0,3.0,150.0,0.0,0.0,2,100.0,,,100.0,,2,150.0,0.0,,,2,0,,2.0,0.0,100.0,0,0,0,,2,0,1.0,6
Jalen Adaway,Scarborough Shooting Stars,2024-2025,offense,Play types,Long/3pt,4,Dribble Jumper,Spot Up > Drives Straight > Dribble Jumper > Long/3pt,Spot Up,Drives Straight,Dribble Jumper,Long/3pt,,,2,100.0,3.0,150.0,0.0,0.0,2,100.0,,,100.0,,2,150.0,0.0,,,2,0,,2.0,0.0,100.0,0,0,0,,2,0,1.0,6
Jalen Adaway,Scarborough Shooting Stars,2024-2025,offense,Play types,Make 3 Pts,5,Long/3pt,Spot Up > Drives Straight > Dribble Jumper > Long/3pt > Make 3 Pts,Spot Up,Drives Straight,Dribble Jumper,Long/3pt,Make 3 Pts,,2,100.0,3.0,150.0,0.0,0.0,2,100.0,,,100.0,,2,150.0,0.0,,,2,0,,2.0,0.0,100.0,0,0,0,,2,0,1.0,6
Jalen Adaway,Scarborough Shooting Stars,2024-2025,offense,Play types,P&R Ball Handler,1,,P&R Ball Handler,P&R Ball Handler,,,,,,12,7.6,0.667,35.0,8.3,8.3,5,20.0,Below Average,17.0,27.3,6.0,11,31.8,8.3,,,3,8,,11.4,0.09,25.0,6,2,4,33.3,1,4,0.45,8
Jalen Adaway,Scarborough Shooting Stars,2024-2025,offense,Play types,P&R Ball Handler - Overall,2,P&R Ball Handler,P&R Ball Handler > P&R Ball Handler - Overall,P&R Ball Handler,P&R Ball Handler - Overall,,,,,12,100.0,0.667,35.0,8.3,8.3,5,20.0,,,27.3,,11,31.8,8.3,,,3,8,,11.4,0.09,25.0,6,2,4,33.3,1,4,0.45,8
Jalen Adaway,Scarborough Shooting Stars,2024-2025,offense,Play types,Dribble Off Pick,3,P&R Ball Handler - Overall,P&R Ball Handler > P&R Ball Handler - Overall > Dribble Off Pick,P&R Ball Handler,P&R Ball Handler - Overall,Dribble Off Pick,,,,12,100.0,0.667,35.0,8.3,8.3,5,20.0,,,27.3,,11,31.8,8.3,,,3,8,,11.4,0.09,25.0,6,2,4,33.3,1,4,0.45,8
Jalen Adaway,Scarborough Shooting Stars,2024-2025,offense,Play types,High P&R,2,P&R Ball Handler,P&R Ball Handler > High P&R,P&R Ball Handler,High P&R,,,,,8,66.7,1.0,47.4,0.0,12.5,5,20.0,,,37.5,,8,43.8,12.5,,,3,5,,8.4,0.13,37.5,3,2,1,66.7,1,4,0.63,8
Jalen Adaway,Scarborough Shooting Stars,2024-2025,offense,Play types,Dribble Off Pick,3,High P&R,P&R Ball Handler > High P&R > Dribble Off Pick,P&R Ball Handler,High P&R,Dribble Off Pick,,,,8,100.0,1.0,47.4,0.0,12.5,5,20.0,,,37.5,,8,43.8,12.5,,,3,5,,8.4,0.13,37.5,3,2,1,66.7,1,4,0.63,8
Jalen Adaway,Scarborough Shooting Stars,2024-2025,offense,Play types,Dribble Jumper,4,Dribble Off Pick,P&R Ball Handler > High P&R > Dribble Off Pick > Dribble Jumper,P&R Ball Handler,High P&R,Dribble Off Pick,Dribble Jumper,,,6,75.0,0.833,41.7,0.0,0.0,5,20.0,,,33.3,,6,41.7,0.0,,,2,4,,6.0,0.0,33.3,1,1,0,100.0,1,4,0.83,5
Jalen Adaway,Scarborough Shooting Stars,2024-2025,offense,Play types,Long/3pt,5,Dribble Jumper,P&R Ball Handler > High P&R > Dribble Off Pick > Dribble Jumper > Long/3pt,P&R Ball Handler,High P&R,Dribble Off Pick,Dribble Jumper,Long/3pt,,5,83.3,0.6,30.0,0.0,0.0,5,20.0,,,20.0,,5,30.0,0.0,,,1,4,,5.0,0.0,20.0,0,0,0,,1,4,1.0,3
Jalen Adaway,Scarborough Shooting Stars,2024-2025,offense,Play types,Medium/17' to 3pt,5,Dribble Jumper,P&R Ball Handler > High P&R > Dribble Off Pick > Dribble Jumper > Medium/17' to 3pt,P&R Ball Handler,High P&R,Dribble Off Pick,Dribble Jumper,Medium/17' to 3pt,,1,16.7,2.0,100.0,0.0,0.0,0,,,,100.0,,1,100.0,0.0,,,1,0,,1.0,0.0,100.0,1,1,0,100.0,0,0,0.0,2
Jalen Adaway,Scarborough Shooting Stars,2024-2025,offense,Play types,To Basket,4,Dribble Off Pick,P&R Ball Handler > High P&R > Dribble Off Pick > To Basket,P&R Ball Handler,High P&R,Dribble Off Pick,To Basket,,,2,25.0,1.5,61.5,0.0,50.0,0,,,,50.0,,2,50.0,50.0,,,1,1,,2.4,0.5,50.0,2,1,1,50.0,0,0,0.0,3
Jalen Adaway,Scarborough Shooting Stars,2024-2025,offense,Play types,Make 2 Pts Foul,5,To Basket,P&R Ball Handler > High P&R > Dribble Off Pick > To Basket > Make 2 Pts Foul,P&R Ball Handler,High P&R,Dribble Off Pick,To Basket,Make 2 Pts Foul,,1,50.0,3.0,104.2,0.0,100.0,0,,,,100.0,,1,100.0,100.0,,,1,0,,1.4,1.0,100.0,1,1,0,100.0,0,0,0.0,3
Jalen Adaway,Scarborough Shooting Stars,2024-2025,offense,Play types,Miss 2 Pts,5,To Basket,P&R Ball Handler > High P&R > Dribble Off Pick > To Basket > Miss 2 Pts,P&R Ball Handler,High P&R,Dribble Off Pick,To Basket,Miss 2 Pts,,1,50.0,0.0,0.0,0.0,0.0,0,,,,0.0,,1,0.0,0.0,,,0,1,,1.0,0.0,0.0,1,0,1,0.0,0,0,0.0,0
Jalen Adaway,Scarborough Shooting Stars,2024-2025,offense,Play types,Left P&R,2,P&R Ball Handler,P&R Ball Handler > Left P&R,P&R Ball Handler,Left P&R,,,,,4,33.3,0.0,0.0,25.0,0.0,0,,,,0.0,,3,0.0,0.0,,,0,3,,3.0,0.0,0.0,3,0,3,0.0,0,0,0.0,0
Jalen Adaway,Scarborough Shooting Stars,2024-2025,offense,Play types,Baseline,3,Left P&R,P&R Ball Handler > Left P&R > Baseline,P&R Ball Handler,Left P&R,Baseline,,,,2,50.0,0.0,0.0,50.0,0.0,0,,,,0.0,,1,0.0,0.0,,,0,1,,1.0,0.0,0.0,1,0,1,0.0,0,0,0.0,0
Jalen Adaway,Scarborough Shooting Stars,2024-2025,offense,Play types,Dribble Off Pick,4,Baseline,P&R Ball Handler > Left P&R > Baseline > Dribble Off Pick,P&R Ball Handler,Left P&R,Baseline,Dribble Off Pick,,,2,100.0,0.0,0.0,50.0,0.0,0,,,,0.0,,1,0.0,0.0,,,0,1,,1.0,0.0,0.0,1,0,1,0.0,0,0,0.0,0
Jalen Adaway,Scarborough Shooting Stars,2024-2025,offense,Play types,Defense Commits,5,Dribble Off Pick,P&R Ball Handler > Left P&R > Baseline > Dribble Off Pick > Defense Commits,P&R Ball Handler,Left P&R,Baseline,Dribble Off Pick,Defense Commits,,1,50.0,0.0,,100.0,0.0,0,,,,,,0,,0.0,,,0,0,,0.0,,0.0,0,0,0,,0,0,,0
Jalen Adaway,Scarborough Shooting Stars,2024-2025,offense,Play types,To Basket,5,Dribble Off Pick,P&R Ball Handler > Left P&R > Baseline > Dribble Off Pick > To Basket,P&R Ball Handler,Left P&R,Baseline,Dribble Off Pick,To Basket,,1,50.0,0.0,0.0,0.0,0.0,0,,,,0.0,,1,0.0,0.0,,,0,1,,1.0,0.0,0.0,1,0,1,0.0,0,0,0.0,0
Jalen Adaway,Scarborough Shooting Stars,2024-2025,offense,Play types,Side,3,Left P&R,P&R Ball Handler > Left P&R > Side,P&R Ball Handler,Left P&R,Side,,,,2,50.0,0.0,0.0,0.0,0.0,0,,,,0.0,,2,0.0,0.0,,,0,2,,2.0,0.0,0.0,2,0,2,0.0,0,0,0.0,0
Jalen Adaway,Scarborough Shooting Stars,2024-2025,offense,Play types,Dribble Off Pick,4,Side,P&R Ball Handler > Left P&R > Side > Dribble Off Pick,P&R Ball Handler,Left P&R,Side,Dribble Off Pick,,,2,100.0,0.0,0.0,0.0,0.0,0,,,,0.0,,2,0.0,0.0,,,0,2,,2.0,0.0,0.0,2,0,2,0.0,0,0,0.0,0
Jalen Adaway,Scarborough Shooting Stars,2024-2025,offense,Play types,To Basket,5,Dribble Off Pick,P&R Ball Handler > Left P&R > Side > Dribble Off Pick > To Basket,P&R Ball Handler,Left P&R,Side,Dribble Off Pick,To Basket,,1,50.0,0.0,0.0,0.0,0.0,0,,,,0.0,,1,0.0,0.0,,,0,1,,1.0,0.0,0.0,1,0,1,0.0,0,0,0.0,0
Jalen Adaway,Scarborough Shooting Stars,2024-2025,offense,Play types,Dribble Jumper,5,Dribble Off Pick,P&R Ball Handler > Left P&R > Side > Dribble Off Pick > Dribble Jumper,P&R Ball Handler,Left P&R,Side,Dribble Off Pick,Dribble Jumper,,1,50.0,0.0,0.0,0.0,0.0,0,,,,0.0,,1,0.0,0.0,,,0,1,,1.0,0.0,0.0,1,0,1,0.0,0,0,0.0,0
Jalen Adaway,Scarborough Shooting Stars,2024-2025,offense,Play types,Handoffs,1,,Handoffs,Handoffs,,,,,,12,7.6,0.833,55.6,25.0,0.0,6,33.3,Good,53.0,44.4,66.0,9,55.6,0.0,,,4,5,,9.0,0.0,33.3,3,2,1,66.7,2,4,0.67,10
Jalen Adaway,Scarborough Shooting Stars,2024-2025,offense,Play types,From Dribble,2,Handoffs,Handoffs > From Dribble,Handoffs,From Dribble,,,,,10,83.3,1.0,62.5,20.0,0.0,6,33.3,,,50.0,,8,62.5,0.0,,,4,4,,8.0,0.0,40.0,2,2,0,100.0,2,4,0.75,10
Jalen Adaway,Scarborough Shooting Stars,2024-2025,offense,Play types,Left,3,From Dribble,Handoffs > From Dribble > Left,Handoffs,From Dribble,Left,,,,6,60.0,0.833,62.5,33.3,0.0,3,33.3,,,50.0,,4,62.5,0.0,,,2,2,,4.0,0.0,33.3,1,1,0,100.0,1,2,0.75,5
Jalen Adaway,Scarborough Shooting Stars,2024-2025,offense,Play types,No Dribble Jumper,4,Left,Handoffs > From Dribble > Left > No Dribble Jumper,Handoffs,From Dribble,Left,No Dribble Jumper,,,3,50.0,1.0,50.0,0.0,0.0,3,33.3,,,33.3,,3,50.0,0.0,,,1,2,,3.0,0.0,33.3,0,0,0,,1,2,1.0,3
Jalen Adaway,Scarborough Shooting Stars,2024-2025,offense,Play types,Guarded,5,No Dribble Jumper,Handoffs > From Dribble > Left > No Dribble Jumper > Guarded,Handoffs,From Dribble,Left,No Dribble Jumper,Guarded,,3,100.0,1.0,50.0,0.0,0.0,3,33.3,,,33.3,,3,50.0,0.0,,,1,2,,3.0,0.0,33.3,0,0,0,,1,2,1.0,3
Jalen Adaway,Scarborough Shooting Stars,2024-2025,offense,Play types,To Basket,4,Left,Handoffs > From Dribble > Left > To Basket,Handoffs,From Dribble,Left,To Basket,,,2,33.3,1.0,100.0,50.0,0.0,0,,,,100.0,,1,100.0,0.0,,,1,0,,1.0,0.0,50.0,1,1,0,100.0,0,0,0.0,2
Jalen Adaway,Scarborough Shooting Stars,2024-2025,offense,Play types,Turnover,5,To Basket,Handoffs > From Dribble > Left > To Basket > Turnover,Handoffs,From Dribble,Left,To Basket,Turnover,,1,50.0,0.0,,100.0,0.0,0,,,,,,0,,0.0,,,0,0,,0.0,,0.0,0,0,0,,0,0,,0
Jalen Adaway,Scarborough Shooting Stars,2024-2025,offense,Play types,Make 2 Pts,5,To Basket,Handoffs > From Dribble > Left > To Basket > Make 2 Pts,Handoffs,From Dribble,Left,To Basket,Make 2 Pts,,1,50.0,2.0,100.0,0.0,0.0,0,,,,100.0,,1,100.0,0.0,,,1,0,,1.0,0.0,100.0,1,1,0,100.0,0,0,0.0,2
Jalen Adaway,Scarborough Shooting Stars,2024-2025,offense,Play types,Turnover,4,Left,Handoffs > From Dribble > Left > Turnover,Handoffs,From Dribble,Left,Turnover,,,1,16.7,0.0,,100.0,0.0,0,,,,,,0,,0.0,,,0,0,,0.0,,0.0,0,0,0,,0,0,,0
Jalen Adaway,Scarborough Shooting Stars,2024-2025,offense,Play types,Top,3,From Dribble,Handoffs > From Dribble > Top,Handoffs,From Dribble,Top,,,,2,20.0,1.0,50.0,0.0,0.0,1,0.0,,,50.0,,2,50.0,0.0,,,1,1,,2.0,0.0,50.0,1,1,0,100.0,0,1,0.5,2
Jalen Adaway,Scarborough Shooting Stars,2024-2025,offense,Play types,No Dribble Jumper,4,Top,Handoffs > From Dribble > Top > No Dribble Jumper,Handoffs,From Dribble,Top,No Dribble Jumper,,,1,50.0,0.0,0.0,0.0,0.0,1,0.0,,,0.0,,1,0.0,0.0,,,0,1,,1.0,0.0,0.0,0,0,0,,0,1,1.0,0
Jalen Adaway,Scarborough Shooting Stars,2024-2025,offense,Play types,Guarded,5,No Dribble Jumper,Handoffs > From Dribble > Top > No Dribble Jumper > Guarded,Handoffs,From Dribble,Top,No Dribble Jumper,Guarded,,1,100.0,0.0,0.0,0.0,0.0,1,0.0,,,0.0,,1,0.0,0.0,,,0,1,,1.0,0.0,0.0,0,0,0,,0,1,1.0,0
Jalen Adaway,Scarborough Shooting Stars,2024-2025,offense,Play types,To Basket,4,Top,Handoffs > From Dribble > Top > To Basket,Handoffs,From Dribble,Top,To Basket,,,1,50.0,2.0,100.0,0.0,0.0,0,,,,100.0,,1,100.0,0.0,,,1,0,,1.0,0.0,100.0,1,1,0,100.0,0,0,0.0,2
Jalen Adaway,Scarborough Shooting Stars,2024-2025,offense,Play types,Make 2 Pts,5,To Basket,Handoffs > From Dribble > Top > To Basket > Make 2 Pts,Handoffs,From Dribble,Top,To Basket,Make 2 Pts,,1,100.0,2.0,100.0,0.0,0.0,0,,,,100.0,,1,100.0,0.0,,,1,0,,1.0,0.0,100.0,1,1,0,100.0,0,0,0.0,2
Jalen Adaway,Scarborough Shooting Stars,2024-2025,offense,Play types,Right,3,From Dribble,Handoffs > From Dribble > Right,Handoffs,From Dribble,Right,,,,2,20.0,1.5,75.0,0.0,0.0,2,50.0,,,50.0,,2,75.0,0.0,,,1,1,,2.0,0.0,50.0,0,0,0,,1,1,1.0,3
Jalen Adaway,Scarborough Shooting Stars,2024-2025,offense,Play types,No Dribble Jumper,4,Right,Handoffs > From Dribble > Right > No Dribble Jumper,Handoffs,From Dribble,Right,No Dribble Jumper,,,1,50.0,0.0,0.0,0.0,0.0,1,0.0,,,0.0,,1,0.0,0.0,,,0,1,,1.0,0.0,0.0,0,0,0,,0,1,1.0,0
Jalen Adaway,Scarborough Shooting Stars,2024-2025,offense,Play types,Open,5,No Dribble Jumper,Handoffs > From Dribble > Right > No Dribble Jumper > Open,Handoffs,From Dribble,Right,No Dribble Jumper,Open,,1,100.0,0.0,0.0,0.0,0.0,1,0.0,,,0.0,,1,0.0,0.0,,,0,1,,1.0,0.0,0.0,0,0,0,,0,1,1.0,0
Jalen Adaway,Scarborough Shooting Stars,2024-2025,offense,Play types,Dribble Jumper,4,Right,Handoffs > From Dribble > Right > Dribble Jumper,Handoffs,From Dribble,Right,Dribble Jumper,,,1,50.0,3.0,150.0,0.0,0.0,1,100.0,,,100.0,,1,150.0,0.0,,,1,0,,1.0,0.0,100.0,0,0,0,,1,0,1.0,3
Jalen Adaway,Scarborough Shooting Stars,2024-2025,offense,Play types,Long/3pt,5,Dribble Jumper,Handoffs > From Dribble > Right > Dribble Jumper > Long/3pt,Handoffs,From Dribble,Right,Dribble Jumper,Long/3pt,,1,100.0,3.0,150.0,0.0,0.0,1,100.0,,,100.0,,1,150.0,0.0,,,1,0,,1.0,0.0,100.0,0,0,0,,1,0,1.0,3
Jalen Adaway,Scarborough Shooting Stars,2024-2025,offense,Play types,From Stationary,2,Handoffs,Handoffs > From Stationary,Handoffs,From Stationary,,,,,2,16.7,0.0,0.0,50.0,0.0,0,,,,0.0,,1,0.0,0.0,,,0,1,,1.0,0.0,0.0,1,0,1,0.0,0,0,0.0,0
Jalen Adaway,Scarborough Shooting Stars,2024-2025,offense,Play types,Top,3,From Stationary,Handoffs > From Stationary > Top,Handoffs,From Stationary,Top,,,,2,100.0,0.0,0.0,50.0,0.0,0,,,,0.0,,1,0.0,0.0,,,0,1,,1.0,0.0,0.0,1,0,1,0.0,0,0,0.0,0
Jalen Adaway,Scarborough Shooting Stars,2024-2025,offense,Play types,To Basket,4,Top,Handoffs > From Stationary > Top > To Basket,Handoffs,From Stationary,Top,To Basket,,,1,50.0,0.0,0.0,0.0,0.0,0,,,,0.0,,1,0.0,0.0,,,0,1,,1.0,0.0,0.0,1,0,1,0.0,0,0,0.0,0
Jalen Adaway,Scarborough Shooting Stars,2024-2025,offense,Play types,Miss 2 Pts,5,To Basket,Handoffs > From Stationary > Top > To Basket > Miss 2 Pts,Handoffs,From Stationary,Top,To Basket,Miss 2 Pts,,1,100.0,0.0,0.0,0.0,0.0,0,,,,0.0,,1,0.0,0.0,,,0,1,,1.0,0.0,0.0,1,0,1,0.0,0,0,0.0,0
Jalen Adaway,Scarborough Shooting Stars,2024-2025,offense,Play types,Turnover,4,Top,Handoffs > From Stationary > Top > Turnover,Handoffs,From Stationary,Top,Turnover,,,1,50.0,0.0,,100.0,0.0,0,,,,,,0,,0.0,,,0,0,,0.0,,0.0,0,0,0,,0,0,,0
Jalen Adaway,Scarborough Shooting Stars,2024-2025,offense,Play types,Isolation,1,,Isolation,Isolation,,,,,,8,5.1,0.75,37.5,0.0,0.0,3,0.0,,,37.5,,8,37.5,0.0,,,3,5,,8.0,0.0,37.5,5,3,2,60.0,0,3,0.38,6
Jalen Adaway,Scarborough Shooting Stars,2024-2025,offense,Play types,Isolation - Overall,2,Isolation,Isolation > Isolation - Overall,Isolation,Isolation - Overall,,,,,8,100.0,0.75,37.5,0.0,0.0,3,0.0,,,37.5,,8,37.5,0.0,,,3,5,,8.0,0.0,37.5,5,3,2,60.0,0,3,0.38,6
Jalen Adaway,Scarborough Shooting Stars,2024-2025,offense,Play types,Drives Right,3,Isolation - Overall,Isolation > Isolation - Overall > Drives Right,Isolation,Isolation - Overall,Drives Right,,,,4,50.0,1.0,50.0,0.0,0.0,0,,,,50.0,,4,50.0,0.0,,,2,2,,4.0,0.0,50.0,4,2,2,50.0,0,0,0.0,4
Jalen Adaway,Scarborough Shooting Stars,2024-2025,offense,Play types,Early Jumper,3,Isolation - Overall,Isolation > Isolation - Overall > Early Jumper,Isolation,Isolation - Overall,Early Jumper,,,,3,37.5,0.0,0.0,0.0,0.0,3,0.0,,,0.0,,3,0.0,0.0,,,0,3,,3.0,0.0,0.0,0,0,0,,0,3,1.0,0
Jalen Adaway,Scarborough Shooting Stars,2024-2025,offense,Play types,Drives Left,3,Isolation - Overall,Isolation > Isolation - Overall > Drives Left,Isolation,Isolation - Overall,Drives Left,,,,1,12.5,2.0,100.0,0.0,0.0,0,,,,100.0,,1,100.0,0.0,,,1,0,,1.0,0.0,100.0,1,1,0,100.0,0,0,0.0,2
Jalen Adaway,Scarborough Shooting Stars,2024-2025,offense,Play types,Top,2,Isolation,Isolation > Top,Isolation,Top,,,,,5,62.5,0.8,40.0,0.0,0.0,2,0.0,,,40.0,,5,40.0,0.0,,,2,3,,5.0,0.0,40.0,3,2,1,66.7,0,2,0.4,4
Jalen Adaway,Scarborough Shooting Stars,2024-2025,offense,Play types,Drives Right,3,Top,Isolation > Top > Drives Right,Isolation,Top,Drives Right,,,,2,40.0,1.0,50.0,0.0,0.0,0,,,,50.0,,2,50.0,0.0,,,1,1,,2.0,0.0,50.0,2,1,1,50.0,0,0,0.0,2
Jalen Adaway,Scarborough Shooting Stars,2024-2025,offense,Play types,Dribble Jumper,4,Drives Right,Isolation > Top > Drives Right > Dribble Jumper,Isolation,Top,Drives Right,Dribble Jumper,,,1,50.0,0.0,0.0,0.0,0.0,0,,,,0.0,,1,0.0,0.0,,,0,1,,1.0,0.0,0.0,1,0,1,0.0,0,0,0.0,0
Jalen Adaway,Scarborough Shooting Stars,2024-2025,offense,Play types,Short to < 17,5,Dribble Jumper,Isolation > Top > Drives Right > Dribble Jumper > Short to < 17,Isolation,Top,Drives Right,Dribble Jumper,Short to < 17,,1,100.0,0.0,0.0,0.0,0.0,0,,,,0.0,,1,0.0,0.0,,,0,1,,1.0,0.0,0.0,1,0,1,0.0,0,0,0.0,0
Jalen Adaway,Scarborough Shooting Stars,2024-2025,offense,Play types,To Basket,4,Drives Right,Isolation > Top > Drives Right > To Basket,Isolation,Top,Drives Right,To Basket,,,1,50.0,2.0,100.0,0.0,0.0,0,,,,100.0,,1,100.0,0.0,,,1,0,,1.0,0.0,100.0,1,1,0,100.0,0,0,0.0,2
Jalen Adaway,Scarborough Shooting Stars,2024-2025,offense,Play types,Make 2 Pts,5,To Basket,Isolation > Top > Drives Right > To Basket > Make 2 Pts,Isolation,Top,Drives Right,To Basket,Make 2 Pts,,1,100.0,2.0,100.0,0.0,0.0,0,,,,100.0,,1,100.0,0.0,,,1,0,,1.0,0.0,100.0,1,1,0,100.0,0,0,0.0,2
Jalen Adaway,Scarborough Shooting Stars,2024-2025,offense,Play types,Early Jumper,3,Top,Isolation > Top > Early Jumper,Isolation,Top,Early Jumper,,,,2,40.0,0.0,0.0,0.0,0.0,2,0.0,,,0.0,,2,0.0,0.0,,,0,2,,2.0,0.0,0.0,0,0,0,,0,2,1.0,0
Jalen Adaway,Scarborough Shooting Stars,2024-2025,offense,Play types,Dribble Jumper,4,Early Jumper,Isolation > Top > Early Jumper > Dribble Jumper,Isolation,Top,Early Jumper,Dribble Jumper,,,2,100.0,0.0,0.0,0.0,0.0,2,0.0,,,0.0,,2,0.0,0.0,,,0,2,,2.0,0.0,0.0,0,0,0,,0,2,1.0,0
Jalen Adaway,Scarborough Shooting Stars,2024-2025,offense,Play types,Long/3pt,5,Dribble Jumper,Isolation > Top > Early Jumper > Dribble Jumper > Long/3pt,Isolation,Top,Early Jumper,Dribble Jumper,Long/3pt,,2,100.0,0.0,0.0,0.0,0.0,2,0.0,,,0.0,,2,0.0,0.0,,,0,2,,2.0,0.0,0.0,0,0,0,,0,2,1.0,0
Jalen Adaway,Scarborough Shooting Stars,2024-2025,offense,Play types,Drives Left,3,Top,Isolation > Top > Drives Left,Isolation,Top,Drives Left,,,,1,20.0,2.0,100.0,0.0,0.0,0,,,,100.0,,1,100.0,0.0,,,1,0,,1.0,0.0,100.0,1,1,0,100.0,0,0,0.0,2
Jalen Adaway,Scarborough Shooting Stars,2024-2025,offense,Play types,To Basket,4,Drives Left,Isolation > Top > Drives Left > To Basket,Isolation,Top,Drives Left,To Basket,,,1,100.0,2.0,100.0,0.0,0.0,0,,,,100.0,,1,100.0,0.0,,,1,0,,1.0,0.0,100.0,1,1,0,100.0,0,0,0.0,2
Jalen Adaway,Scarborough Shooting Stars,2024-2025,offense,Play types,Make 2 Pts,5,To Basket,Isolation > Top > Drives Left > To Basket > Make 2 Pts,Isolation,Top,Drives Left,To Basket,Make 2 Pts,,1,100.0,2.0,100.0,0.0,0.0,0,,,,100.0,,1,100.0,0.0,,,1,0,,1.0,0.0,100.0,1,1,0,100.0,0,0,0.0,2
Jalen Adaway,Scarborough Shooting Stars,2024-2025,offense,Play types,Right,2,Isolation,Isolation > Right,Isolation,Right,,,,,2,25.0,0.0,0.0,0.0,0.0,1,0.0,,,0.0,,2,0.0,0.0,,,0,2,,2.0,0.0,0.0,1,0,1,0.0,0,1,0.5,0
Jalen Adaway,Scarborough Shooting Stars,2024-2025,offense,Play types,Drives Right,3,Right,Isolation > Right > Drives Right,Isolation,Right,Drives Right,,,,1,50.0,0.0,0.0,0.0,0.0,0,,,,0.0,,1,0.0,0.0,,,0,1,,1.0,0.0,0.0,1,0,1,0.0,0,0,0.0,0
Jalen Adaway,Scarborough Shooting Stars,2024-2025,offense,Play types,Dribble Jumper,4,Drives Right,Isolation > Right > Drives Right > Dribble Jumper,Isolation,Right,Drives Right,Dribble Jumper,,,1,100.0,0.0,0.0,0.0,0.0,0,,,,0.0,,1,0.0,0.0,,,0,1,,1.0,0.0,0.0,1,0,1,0.0,0,0,0.0,0
Jalen Adaway,Scarborough Shooting Stars,2024-2025,offense,Play types,Short to < 17,5,Dribble Jumper,Isolation > Right > Drives Right > Dribble Jumper > Short to < 17,Isolation,Right,Drives Right,Dribble Jumper,Short to < 17,,1,100.0,0.0,0.0,0.0,0.0,0,,,,0.0,,1,0.0,0.0,,,0,1,,1.0,0.0,0.0,1,0,1,0.0,0,0,0.0,0
Jalen Adaway,Scarborough Shooting Stars,2024-2025,offense,Play types,Early Jumper,3,Right,Isolation > Right > Early Jumper,Isolation,Right,Early Jumper,,,,1,50.0,0.0,0.0,0.0,0.0,1,0.0,,,0.0,,1,0.0,0.0,,,0,1,,1.0,0.0,0.0,0,0,0,,0,1,1.0,0
Jalen Adaway,Scarborough Shooting Stars,2024-2025,offense,Play types,No Dribble Jumper,4,Early Jumper,Isolation > Right > Early Jumper > No Dribble Jumper,Isolation,Right,Early Jumper,No Dribble Jumper,,,1,100.0,0.0,0.0,0.0,0.0,1,0.0,,,0.0,,1,0.0,0.0,,,0,1,,1.0,0.0,0.0,0,0,0,,0,1,1.0,0
Jalen Adaway,Scarborough Shooting Stars,2024-2025,offense,Play types,Guarded,5,No Dribble Jumper,Isolation > Right > Early Jumper > No Dribble Jumper > Guarded,Isolation,Right,Early Jumper,No Dribble Jumper,Guarded,,1,100.0,0.0,0.0,0.0,0.0,1,0.0,,,0.0,,1,0.0,0.0,,,0,1,,1.0,0.0,0.0,0,0,0,,0,1,1.0,0
Jalen Adaway,Scarborough Shooting Stars,2024-2025,offense,Play types,Left,2,Isolation,Isolation > Left,Isolation,Left,,,,,1,12.5,2.0,100.0,0.0,0.0,0,,,,100.0,,1,100.0,0.0,,,1,0,,1.0,0.0,100.0,1,1,0,100.0,0,0,0.0,2
Jalen Adaway,Scarborough Shooting Stars,2024-2025,offense,Play types,Drives Right,3,Left,Isolation > Left > Drives Right,Isolation,Left,Drives Right,,,,1,100.0,2.0,100.0,0.0,0.0,0,,,,100.0,,1,100.0,0.0,,,1,0,,1.0,0.0,100.0,1,1,0,100.0,0,0,0.0,2
Jalen Adaway,Scarborough Shooting Stars,2024-2025,offense,Play types,Dribble Jumper,4,Drives Right,Isolation > Left > Drives Right > Dribble Jumper,Isolation,Left,Drives Right,Dribble Jumper,,,1,100.0,2.0,100.0,0.0,0.0,0,,,,100.0,,1,100.0,0.0,,,1,0,,1.0,0.0,100.0,1,1,0,100.0,0,0,0.0,2
Jalen Adaway,Scarborough Shooting Stars,2024-2025,offense,Play types,Short to < 17,5,Dribble Jumper,Isolation > Left > Drives Right > Dribble Jumper > Short to < 17,Isolation,Left,Drives Right,Dribble Jumper,Short to < 17,,1,100.0,2.0,100.0,0.0,0.0,0,,,,100.0,,1,100.0,0.0,,,1,0,,1.0,0.0,100.0,1,1,0,100.0,0,0,0.0,2
Jalen Adaway,Scarborough Shooting Stars,2024-2025,offense,Play types,Cut,1,,Cut,Cut,,,,,,8,5.1,1.5,75.0,0.0,0.0,0,,,,75.0,,8,75.0,0.0,,,6,2,,8.0,0.0,75.0,8,6,2,75.0,0,0,0.0,12
Jalen Adaway,Scarborough Shooting Stars,2024-2025,offense,Play types,Basket,2,Cut,Cut > Basket,Cut,Basket,,,,,7,87.5,1.429,71.4,0.0,0.0,0,,,,71.4,,7,71.4,0.0,,,5,2,,7.0,0.0,71.4,7,5,2,71.4,0,0,0.0,10
Jalen Adaway,Scarborough Shooting Stars,2024-2025,offense,Play types,Make 2 Pts,3,Basket,Cut > Basket > Make 2 Pts,Cut,Basket,Make 2 Pts,,,,5,71.4,2.0,100.0,0.0,0.0,0,,,,100.0,,5,100.0,0.0,,,5,0,,5.0,0.0,100.0,5,5,0,100.0,0,0,0.0,10
Jalen Adaway,Scarborough Shooting Stars,2024-2025,offense,Play types,Miss 2 Pts,3,Basket,Cut > Basket > Miss 2 Pts,Cut,Basket,Miss 2 Pts,,,,2,28.6,0.0,0.0,0.0,0.0,0,,,,0.0,,2,0.0,0.0,,,0,2,,2.0,0.0,0.0,2,0,2,0.0,0,0,0.0,0
Jalen Adaway,Scarborough Shooting Stars,2024-2025,offense,Play types,Flash,2,Cut,Cut > Flash,Cut,Flash,,,,,1,12.5,2.0,100.0,0.0,0.0,0,,,,100.0,,1,100.0,0.0,,,1,0,,1.0,0.0,100.0,1,1,0,100.0,0,0,0.0,2
Jalen Adaway,Scarborough Shooting Stars,2024-2025,offense,Play types,Make 2 Pts,3,Flash,Cut > Flash > Make 2 Pts,Cut,Flash,Make 2 Pts,,,,1,100.0,2.0,100.0,0.0,0.0,0,,,,100.0,,1,100.0,0.0,,,1,0,,1.0,0.0,100.0,1,1,0,100.0,0,0,0.0,2
Jalen Adaway,Scarborough Shooting Stars,2024-2025,offense,Play types,Offensive Rebounds (Put Backs),1,,Offensive Rebounds (Put Backs),Offensive Rebounds (Put Backs),,,,,,8,5.1,0.625,31.7,0.0,12.5,0,,,,28.6,,7,28.6,12.5,,,2,5,,7.9,0.29,37.5,7,2,5,28.6,0,0,0.0,5
Jalen Adaway,Scarborough Shooting Stars,2024-2025,offense,Play types,Short,2,Offensive Rebounds (Put Backs),Offensive Rebounds (Put Backs) > Short,Offensive Rebounds (Put Backs),Short,,,,,7,87.5,0.714,36.3,0.0,14.3,0,,,,33.3,,6,33.3,14.3,,,2,4,,6.9,0.33,42.9,6,2,4,33.3,0,0,0.0,5
Jalen Adaway,Scarborough Shooting Stars,2024-2025,offense,Play types,Scoring Attempt,3,Short,Offensive Rebounds (Put Backs) > Short > Scoring Attempt,Offensive Rebounds (Put Backs),Short,Scoring Attempt,,,,7,100.0,0.714,36.3,0.0,14.3,0,,,,33.3,,6,33.3,14.3,,,2,4,,6.9,0.33,42.9,6,2,4,33.3,0,0,0.0,5
Jalen Adaway,Scarborough Shooting Stars,2024-2025,offense,Play types,At Basket,4,Scoring Attempt,Offensive Rebounds (Put Backs) > Short > Scoring Attempt > At Basket,Offensive Rebounds (Put Backs),Short,Scoring Attempt,At Basket,,,4,57.1,0.5,25.0,0.0,0.0,0,,,,25.0,,4,25.0,0.0,,,1,3,,4.0,0.0,25.0,4,1,3,25.0,0,0,0.0,2
Jalen Adaway,Scarborough Shooting Stars,2024-2025,offense,Play types,Miss 2 Pts,5,At Basket,Offensive Rebounds (Put Backs) > Short > Scoring Attempt > At Basket > Miss 2 Pts,Offensive Rebounds (Put Backs),Short,Scoring Attempt,At Basket,Miss 2 Pts,,3,75.0,0.0,0.0,0.0,0.0,0,,,,0.0,,3,0.0,0.0,,,0,3,,3.0,0.0,0.0,3,0,3,0.0,0,0,0.0,0
Jalen Adaway,Scarborough Shooting Stars,2024-2025,offense,Play types,Make 2 Pts,5,At Basket,Offensive Rebounds (Put Backs) > Short > Scoring Attempt > At Basket > Make 2 Pts,Offensive Rebounds (Put Backs),Short,Scoring Attempt,At Basket,Make 2 Pts,,1,25.0,2.0,100.0,0.0,0.0,0,,,,100.0,,1,100.0,0.0,,,1,0,,1.0,0.0,100.0,1,1,0,100.0,0,0,0.0,2
Jalen Adaway,Scarborough Shooting Stars,2024-2025,offense,Play types,Short to < 17,4,Scoring Attempt,Offensive Rebounds (Put Backs) > Short > Scoring Attempt > Short to < 17,Offensive Rebounds (Put Backs),Short,Scoring Attempt,Short to < 17,,,3,42.9,1.0,52.1,0.0,33.3,0,,,,50.0,,2,50.0,33.3,,,1,1,,2.9,1.0,66.7,2,1,1,50.0,0,0,0.0,3
Jalen Adaway,Scarborough Shooting Stars,2024-2025,offense,Play types,Make 2 Pts,5,Short to < 17,Offensive Rebounds (Put Backs) > Short > Scoring Attempt > Short to < 17 > Make 2 Pts,Offensive Rebounds (Put Backs),Short,Scoring Attempt,Short to < 17,Make 2 Pts,,1,33.3,2.0,100.0,0.0,0.0,0,,,,100.0,,1,100.0,0.0,,,1,0,,1.0,0.0,100.0,1,1,0,100.0,0,0,0.0,2
Jalen Adaway,Scarborough Shooting Stars,2024-2025,offense,Play types,Miss 2 Pts,5,Short to < 17,Offensive Rebounds (Put Backs) > Short > Scoring Attempt > Short to < 17 > Miss 2 Pts,Offensive Rebounds (Put Backs),Short,Scoring Attempt,Short to < 17,Miss 2 Pts,,1,33.3,0.0,0.0,0.0,0.0,0,,,,0.0,,1,0.0,0.0,,,0,1,,1.0,0.0,0.0,1,0,1,0.0,0,0,0.0,0
Jalen Adaway,Scarborough Shooting Stars,2024-2025,offense,Play types,Foul,5,Short to < 17,Offensive Rebounds (Put Backs) > Short > Scoring Attempt > Short to < 17 > Foul,Offensive Rebounds (Put Backs),Short,Scoring Attempt,Short to < 17,Foul,,1,33.3,1.0,56.8,0.0,100.0,0,,,,,,0,,100.0,,,0,0,,0.9,,100.0,0,0,0,,0,0,,1
Jalen Adaway,Scarborough Shooting Stars,2024-2025,offense,Play types,Long,2,Offensive Rebounds (Put Backs),Offensive Rebounds (Put Backs) > Long,Offensive Rebounds (Put Backs),Long,,,,,1,12.5,0.0,0.0,0.0,0.0,0,,,,0.0,,1,0.0,0.0,,,0,1,,1.0,0.0,0.0,1,0,1,0.0,0,0,0.0,0
Jalen Adaway,Scarborough Shooting Stars,2024-2025,offense,Play types,Scoring Attempt,3,Long,Offensive Rebounds (Put Backs) > Long > Scoring Attempt,Offensive Rebounds (Put Backs),Long,Scoring Attempt,,,,1,100.0,0.0,0.0,0.0,0.0,0,,,,0.0,,1,0.0,0.0,,,0,1,,1.0,0.0,0.0,1,0,1,0.0,0,0,0.0,0
Jalen Adaway,Scarborough Shooting Stars,2024-2025,offense,Play types,Short to < 17,4,Scoring Attempt,Offensive Rebounds (Put Backs) > Long > Scoring Attempt > Short to < 17,Offensive Rebounds (Put Backs),Long,Scoring Attempt,Short to < 17,,,1,100.0,0.0,0.0,0.0,0.0,0,,,,0.0,,1,0.0,0.0,,,0,1,,1.0,0.0,0.0,1,0,1,0.0,0,0,0.0,0
Jalen Adaway,Scarborough Shooting Stars,2024-2025,offense,Play types,Miss 2 Pts,5,Short to < 17,Offensive Rebounds (Put Backs) > Long > Scoring Attempt > Short to < 17 > Miss 2 Pts,Offensive Rebounds (Put Backs),Long,Scoring Attempt,Short to < 17,Miss 2 Pts,,1,100.0,0.0,0.0,0.0,0.0,0,,,,0.0,,1,0.0,0.0,,,0,1,,1.0,0.0,0.0,1,0,1,0.0,0,0,0.0,0
Jalen Adaway,Scarborough Shooting Stars,2024-2025,offense,Play types,Miscellaneous Plays,1,,Miscellaneous Plays,Miscellaneous Plays,,,,,,6,3.8,0.333,25.8,33.3,16.7,2,0.0,,,0.0,,3,0.0,16.7,,,0,3,,3.9,0.67,16.7,1,0,1,0.0,0,2,0.67,2
Jalen Adaway,Scarborough Shooting Stars,2024-2025,offense,Play types,To Basket,2,Miscellaneous Plays,Miscellaneous Plays > To Basket,Miscellaneous Plays,To Basket,,,,,2,33.3,1.0,53.2,0.0,50.0,0,,,,0.0,,1,0.0,50.0,,,0,1,,1.9,2.0,50.0,1,0,1,0.0,0,0,0.0,2
Jalen Adaway,Scarborough Shooting Stars,2024-2025,offense,Play types,Miss 2 Pts,3,To Basket,Miscellaneous Plays > To Basket > Miss 2 Pts,Miscellaneous Plays,To Basket,Miss 2 Pts,,,,1,50.0,0.0,0.0,0.0,0.0,0,,,,0.0,,1,0.0,0.0,,,0,1,,1.0,0.0,0.0,1,0,1,0.0,0,0,0.0,0
Jalen Adaway,Scarborough Shooting Stars,2024-2025,offense,Play types,Foul,3,To Basket,Miscellaneous Plays > To Basket > Foul,Miscellaneous Plays,To Basket,Foul,,,,1,50.0,2.0,113.6,0.0,100.0,0,,,,,,0,,100.0,,,0,0,,0.9,,100.0,0,0,0,,0,0,,2
Jalen Adaway,Scarborough Shooting Stars,2024-2025,offense,Play types,Turnover,2,Miscellaneous Plays,Miscellaneous Plays > Turnover,Miscellaneous Plays,Turnover,,,,,2,33.3,0.0,,100.0,0.0,0,,,,,,0,,0.0,,,0,0,,0.0,,0.0,0,0,0,,0,0,,0
Jalen Adaway,Scarborough Shooting Stars,2024-2025,offense,Play types,No Dribble Jumper,2,Miscellaneous Plays,Miscellaneous Plays > No Dribble Jumper,Miscellaneous Plays,No Dribble Jumper,,,,,1,16.7,0.0,0.0,0.0,0.0,1,0.0,,,0.0,,1,0.0,0.0,,,0,1,,1.0,0.0,0.0,0,0,0,,0,1,1.0,0
Jalen Adaway,Scarborough Shooting Stars,2024-2025,offense,Play types,Guarded,3,No Dribble Jumper,Miscellaneous Plays > No Dribble Jumper > Guarded,Miscellaneous Plays,No Dribble Jumper,Guarded,,,,1,100.0,0.0,0.0,0.0,0.0,1,0.0,,,0.0,,1,0.0,0.0,,,0,1,,1.0,0.0,0.0,0,0,0,,0,1,1.0,0
Jalen Adaway,Scarborough Shooting Stars,2024-2025,offense,Play types,Long/3pt,4,Guarded,Miscellaneous Plays > No Dribble Jumper > Guarded > Long/3pt,Miscellaneous Plays,No Dribble Jumper,Guarded,Long/3pt,,,1,100.0,0.0,0.0,0.0,0.0,1,0.0,,,0.0,,1,0.0,0.0,,,0,1,,1.0,0.0,0.0,0,0,0,,0,1,1.0,0
Jalen Adaway,Scarborough Shooting Stars,2024-2025,offense,Play types,Miss 3 Pts,5,Long/3pt,Miscellaneous Plays > No Dribble Jumper > Guarded > Long/3pt > Miss 3 Pts,Miscellaneous Plays,No Dribble Jumper,Guarded,Long/3pt,Miss 3 Pts,,1,100.0,0.0,0.0,0.0,0.0,1,0.0,,,0.0,,1,0.0,0.0,,,0,1,,1.0,0.0,0.0,0,0,0,,0,1,1.0,0
Jalen Adaway,Scarborough Shooting Stars,2024-2025,offense,Play types,Dribble Jumper,2,Miscellaneous Plays,Miscellaneous Plays > Dribble Jumper,Miscellaneous Plays,Dribble Jumper,,,,,1,16.7,0.0,0.0,0.0,0.0,1,0.0,,,0.0,,1,0.0,0.0,,,0,1,,1.0,0.0,0.0,0,0,0,,0,1,1.0,0
Jalen Adaway,Scarborough Shooting Stars,2024-2025,offense,Play types,Long/3pt,3,Dribble Jumper,Miscellaneous Plays > Dribble Jumper > Long/3pt,Miscellaneous Plays,Dribble Jumper,Long/3pt,,,,1,100.0,0.0,0.0,0.0,0.0,1,0.0,,,0.0,,1,0.0,0.0,,,0,1,,1.0,0.0,0.0,0,0,0,,0,1,1.0,0
Jalen Adaway,Scarborough Shooting Stars,2024-2025,offense,Play types,Miss 3 Pts,4,Long/3pt,Miscellaneous Plays > Dribble Jumper > Long/3pt > Miss 3 Pts,Miscellaneous Plays,Dribble Jumper,Long/3pt,Miss 3 Pts,,,1,100.0,0.0,0.0,0.0,0.0,1,0.0,,,0.0,,1,0.0,0.0,,,0,1,,1.0,0.0,0.0,0,0,0,,0,1,1.0,0
Jalen Adaway,Scarborough Shooting Stars,2024-2025,offense,Play types,P&R Roll Man,1,,P&R Roll Man,P&R Roll Man,,,,,,4,2.5,0.0,0.0,0.0,0.0,1,0.0,,,0.0,,4,0.0,0.0,,,0,4,,4.0,0.0,0.0,3,0,3,0.0,0,1,0.25,0
Jalen Adaway,Scarborough Shooting Stars,2024-2025,offense,Play types,Pick and Pops,2,P&R Roll Man,P&R Roll Man > Pick and Pops,P&R Roll Man,Pick and Pops,,,,,2,50.0,0.0,0.0,0.0,0.0,0,,,,0.0,,2,0.0,0.0,,,0,2,,2.0,0.0,0.0,2,0,2,0.0,0,0,0.0,0
Jalen Adaway,Scarborough Shooting Stars,2024-2025,offense,Play types,Drives Right,3,Pick and Pops,P&R Roll Man > Pick and Pops > Drives Right,P&R Roll Man,Pick and Pops,Drives Right,,,,1,50.0,0.0,0.0,0.0,0.0,0,,,,0.0,,1,0.0,0.0,,,0,1,,1.0,0.0,0.0,1,0,1,0.0,0,0,0.0,0
Jalen Adaway,Scarborough Shooting Stars,2024-2025,offense,Play types,To Basket,4,Drives Right,P&R Roll Man > Pick and Pops > Drives Right > To Basket,P&R Roll Man,Pick and Pops,Drives Right,To Basket,,,1,100.0,0.0,0.0,0.0,0.0,0,,,,0.0,,1,0.0,0.0,,,0,1,,1.0,0.0,0.0,1,0,1,0.0,0,0,0.0,0
Jalen Adaway,Scarborough Shooting Stars,2024-2025,offense,Play types,Miss 2 Pts,5,To Basket,P&R Roll Man > Pick and Pops > Drives Right > To Basket > Miss 2 Pts,P&R Roll Man,Pick and Pops,Drives Right,To Basket,Miss 2 Pts,,1,100.0,0.0,0.0,0.0,0.0,0,,,,0.0,,1,0.0,0.0,,,0,1,,1.0,0.0,0.0,1,0,1,0.0,0,0,0.0,0
Jalen Adaway,Scarborough Shooting Stars,2024-2025,offense,Play types,No Dribble Jumper,3,Pick and Pops,P&R Roll Man > Pick and Pops > No Dribble Jumper,P&R Roll Man,Pick and Pops,No Dribble Jumper,,,,1,50.0,0.0,0.0,0.0,0.0,0,,,,0.0,,1,0.0,0.0,,,0,1,,1.0,0.0,0.0,1,0,1,0.0,0,0,0.0,0
Jalen Adaway,Scarborough Shooting Stars,2024-2025,offense,Play types,Guarded,4,No Dribble Jumper,P&R Roll Man > Pick and Pops > No Dribble Jumper > Guarded,P&R Roll Man,Pick and Pops,No Dribble Jumper,Guarded,,,1,100.0,0.0,0.0,0.0,0.0,0,,,,0.0,,1,0.0,0.0,,,0,1,,1.0,0.0,0.0,1,0,1,0.0,0,0,0.0,0
Jalen Adaway,Scarborough Shooting Stars,2024-2025,offense,Play types,Medium/17' to 3pt,5,Guarded,P&R Roll Man > Pick and Pops > No Dribble Jumper > Guarded > Medium/17' to 3pt,P&R Roll Man,Pick and Pops,No Dribble Jumper,Guarded,Medium/17' to 3pt,,1,100.0,0.0,0.0,0.0,0.0,0,,,,0.0,,1,0.0,0.0,,,0,1,,1.0,0.0,0.0,1,0,1,0.0,0,0,0.0,0
Jalen Adaway,Scarborough Shooting Stars,2024-2025,offense,Play types,Slips the Pick,2,P&R Roll Man,P&R Roll Man > Slips the Pick,P&R Roll Man,Slips the Pick,,,,,2,50.0,0.0,0.0,0.0,0.0,1,0.0,,,0.0,,2,0.0,0.0,,,0,2,,2.0,0.0,0.0,1,0,1,0.0,0,1,0.5,0
Jalen Adaway,Scarborough Shooting Stars,2024-2025,offense,Play types,No Dribble Jumper,3,Slips the Pick,P&R Roll Man > Slips the Pick > No Dribble Jumper,P&R Roll Man,Slips the Pick,No Dribble Jumper,,,,2,100.0,0.0,0.0,0.0,0.0,1,0.0,,,0.0,,2,0.0,0.0,,,0,2,,2.0,0.0,0.0,1,0,1,0.0,0,1,0.5,0
Jalen Adaway,Scarborough Shooting Stars,2024-2025,offense,Play types,Open,4,No Dribble Jumper,P&R Roll Man > Slips the Pick > No Dribble Jumper > Open,P&R Roll Man,Slips the Pick,No Dribble Jumper,Open,,,1,50.0,0.0,0.0,0.0,0.0,1,0.0,,,0.0,,1,0.0,0.0,,,0,1,,1.0,0.0,0.0,0,0,0,,0,1,1.0,0
Jalen Adaway,Scarborough Shooting Stars,2024-2025,offense,Play types,Long/3pt,5,Open,P&R Roll Man > Slips the Pick > No Dribble Jumper > Open > Long/3pt,P&R Roll Man,Slips the Pick,No Dribble Jumper,Open,Long/3pt,,1,100.0,0.0,0.0,0.0,0.0,1,0.0,,,0.0,,1,0.0,0.0,,,0,1,,1.0,0.0,0.0,0,0,0,,0,1,1.0,0
Jalen Adaway,Scarborough Shooting Stars,2024-2025,offense,Play types,Guarded,4,No Dribble Jumper,P&R Roll Man > Slips the Pick > No Dribble Jumper > Guarded,P&R Roll Man,Slips the Pick,No Dribble Jumper,Guarded,,,1,50.0,0.0,0.0,0.0,0.0,0,,,,0.0,,1,0.0,0.0,,,0,1,,1.0,0.0,0.0,1,0,1,0.0,0,0,0.0,0
Jalen Adaway,Scarborough Shooting Stars,2024-2025,offense,Play types,Medium/17' to 3pt,5,Guarded,P&R Roll Man > Slips the Pick > No Dribble Jumper > Guarded > Medium/17' to 3pt,P&R Roll Man,Slips the Pick,No Dribble Jumper,Guarded,Medium/17' to 3pt,,1,100.0,0.0,0.0,0.0,0.0,0,,,,0.0,,1,0.0,0.0,,,0,1,,1.0,0.0,0.0,1,0,1,0.0,0,0,0.0,0
Jalen Adaway,Scarborough Shooting Stars,2024-2025,offense,Play types,Off Screen,1,,Off Screen,Off Screen,,,,,,4,2.5,0.75,37.5,0.0,0.0,1,100.0,,,25.0,,4,37.5,0.0,,,1,3,,4.0,0.0,25.0,3,0,3,0.0,1,0,0.25,3
Jalen Adaway,Scarborough Shooting Stars,2024-2025,offense,Play types,To Shooter's Right,2,Off Screen,Off Screen > To Shooter's Right,Off Screen,To Shooter's Right,,,,,3,75.0,0.0,0.0,0.0,0.0,0,,,,0.0,,3,0.0,0.0,,,0,3,,3.0,0.0,0.0,3,0,3,0.0,0,0,0.0,0
Jalen Adaway,Scarborough Shooting Stars,2024-2025,offense,Play types,Straight,3,To Shooter's Right,Off Screen > To Shooter's Right > Straight,Off Screen,To Shooter's Right,Straight,,,,2,66.7,0.0,0.0,0.0,0.0,0,,,,0.0,,2,0.0,0.0,,,0,2,,2.0,0.0,0.0,2,0,2,0.0,0,0,0.0,0
Jalen Adaway,Scarborough Shooting Stars,2024-2025,offense,Play types,Dribble Jumper,4,Straight,Off Screen > To Shooter's Right > Straight > Dribble Jumper,Off Screen,To Shooter's Right,Straight,Dribble Jumper,,,1,50.0,0.0,0.0,0.0,0.0,0,,,,0.0,,1,0.0,0.0,,,0,1,,1.0,0.0,0.0,1,0,1,0.0,0,0,0.0,0
Jalen Adaway,Scarborough Shooting Stars,2024-2025,offense,Play types,Short to < 17,5,Dribble Jumper,Off Screen > To Shooter's Right > Straight > Dribble Jumper > Short to < 17,Off Screen,To Shooter's Right,Straight,Dribble Jumper,Short to < 17,,1,100.0,0.0,0.0,0.0,0.0,0,,,,0.0,,1,0.0,0.0,,,0,1,,1.0,0.0,0.0,1,0,1,0.0,0,0,0.0,0
Jalen Adaway,Scarborough Shooting Stars,2024-2025,offense,Play types,To Basket,4,Straight,Off Screen > To Shooter's Right > Straight > To Basket,Off Screen,To Shooter's Right,Straight,To Basket,,,1,50.0,0.0,0.0,0.0,0.0,0,,,,0.0,,1,0.0,0.0,,,0,1,,1.0,0.0,0.0,1,0,1,0.0,0,0,0.0,0
Jalen Adaway,Scarborough Shooting Stars,2024-2025,offense,Play types,Miss 2 Pts,5,To Basket,Off Screen > To Shooter's Right > Straight > To Basket > Miss 2 Pts,Off Screen,To Shooter's Right,Straight,To Basket,Miss 2 Pts,,1,100.0,0.0,0.0,0.0,0.0,0,,,,0.0,,1,0.0,0.0,,,0,1,,1.0,0.0,0.0,1,0,1,0.0,0,0,0.0,0
Jalen Adaway,Scarborough Shooting Stars,2024-2025,offense,Play types,Flare,3,To Shooter's Right,Off Screen > To Shooter's Right > Flare,Off Screen,To Shooter's Right,Flare,,,,1,33.3,0.0,0.0,0.0,0.0,0,,,,0.0,,1,0.0,0.0,,,0,1,,1.0,0.0,0.0,1,0,1,0.0,0,0,0.0,0
Jalen Adaway,Scarborough Shooting Stars,2024-2025,offense,Play types,Dribble Jumper,4,Flare,Off Screen > To Shooter's Right > Flare > Dribble Jumper,Off Screen,To Shooter's Right,Flare,Dribble Jumper,,,1,100.0,0.0,0.0,0.0,0.0,0,,,,0.0,,1,0.0,0.0,,,0,1,,1.0,0.0,0.0,1,0,1,0.0,0,0,0.0,0
Jalen Adaway,Scarborough Shooting Stars,2024-2025,offense,Play types,Short to < 17,5,Dribble Jumper,Off Screen > To Shooter's Right > Flare > Dribble Jumper > Short to < 17,Off Screen,To Shooter's Right,Flare,Dribble Jumper,Short to < 17,,1,100.0,0.0,0.0,0.0,0.0,0,,,,0.0,,1,0.0,0.0,,,0,1,,1.0,0.0,0.0,1,0,1,0.0,0,0,0.0,0
Jalen Adaway,Scarborough Shooting Stars,2024-2025,offense,Play types,To Shooter's Left,2,Off Screen,Off Screen > To Shooter's Left,Off Screen,To Shooter's Left,,,,,1,25.0,3.0,150.0,0.0,0.0,1,100.0,,,100.0,,1,150.0,0.0,,,1,0,,1.0,0.0,100.0,0,0,0,,1,0,1.0,3
Jalen Adaway,Scarborough Shooting Stars,2024-2025,offense,Play types,Straight,3,To Shooter's Left,Off Screen > To Shooter's Left > Straight,Off Screen,To Shooter's Left,Straight,,,,1,100.0,3.0,150.0,0.0,0.0,1,100.0,,,100.0,,1,150.0,0.0,,,1,0,,1.0,0.0,100.0,0,0,0,,1,0,1.0,3
Jalen Adaway,Scarborough Shooting Stars,2024-2025,offense,Play types,No Dribble Jumper,4,Straight,Off Screen > To Shooter's Left > Straight > No Dribble Jumper,Off Screen,To Shooter's Left,Straight,No Dribble Jumper,,,1,100.0,3.0,150.0,0.0,0.0,1,100.0,,,100.0,,1,150.0,0.0,,,1,0,,1.0,0.0,100.0,0,0,0,,1,0,1.0,3
Jalen Adaway,Scarborough Shooting Stars,2024-2025,offense,Play types,Open,5,No Dribble Jumper,Off Screen > To Shooter's Left > Straight > No Dribble Jumper > Open,Off Screen,To Shooter's Left,Straight,No Dribble Jumper,Open,,1,100.0,3.0,150.0,0.0,0.0,1,100.0,,,100.0,,1,150.0,0.0,,,1,0,,1.0,0.0,100.0,0,0,0,,1,0,1.0,3
Jalen Adaway,Scarborough Shooting Stars,2024-2025,offense,Play types,Post-Up,1,,Post-Up,Post-Up,,,,,,0,0.0,,,,,0,,,,,,0,,,,,0,0,,0.0,,,0,0,0,,0,0,,0
Jalen Adaway,Scarborough Shooting Stars,2024-2025,offense,Overall Drive Direction,Overall,1,,Overall,Overall,,,,,,30,19.1,1.167,65.1,10.0,3.3,5,60.0,,,57.7,,26,63.5,3.3,,,15,11,,26.9,0.08,53.3,21,12,9,57.1,3,2,0.19,35
Jalen Adaway,Scarborough Shooting Stars,2024-2025,offense,Overall Drive Direction,Drives Right,2,Overall,Overall > Drives Right,Overall,Drives Right,,,,,16,53.3,0.813,46.4,12.5,0.0,2,50.0,,,42.9,,14,46.4,0.0,,,6,8,,14.0,0.0,37.5,12,5,7,41.7,1,1,0.14,13
Jalen Adaway,Scarborough Shooting Stars,2024-2025,offense,Overall Drive Direction,Dribble Jumper,3,Drives Right,Overall > Drives Right > Dribble Jumper,Overall,Drives Right,Dribble Jumper,,,,8,50.0,1.125,56.3,0.0,0.0,2,50.0,,,50.0,,8,56.3,0.0,,,4,4,,8.0,0.0,50.0,6,3,3,50.0,1,1,0.25,9
Jalen Adaway,Scarborough Shooting Stars,2024-2025,offense,Overall Drive Direction,To Basket,3,Drives Right,Overall > Drives Right > To Basket,Overall,Drives Right,To Basket,,,,7,43.8,0.571,33.3,14.3,0.0,0,,,,33.3,,6,33.3,0.0,,,2,4,,6.0,0.0,28.6,6,2,4,33.3,0,0,0.0,4
Jalen Adaway,Scarborough Shooting Stars,2024-2025,offense,Overall Drive Direction,Turnover,3,Drives Right,Overall > Drives Right > Turnover,Overall,Drives Right,Turnover,,,,1,6.3,0.0,,100.0,0.0,0,,,,,,0,,0.0,,,0,0,,0.0,,0.0,0,0,0,,0,0,,0
Jalen Adaway,Scarborough Shooting Stars,2024-2025,offense,Overall Drive Direction,Foul,3,Drives Right,Overall > Drives Right > Foul,Overall,Drives Right,Foul,,,,0,0.0,,,,,0,,,,,,0,,,,,0,0,,0.0,,,0,0,0,,0,0,,0
Jalen Adaway,Scarborough Shooting Stars,2024-2025,offense,Overall Drive Direction,Defense Commits,3,Drives Right,Overall > Drives Right > Defense Commits,Overall,Drives Right,Defense Commits,,,,0,0.0,,,,,0,,,,,,0,,,,,0,0,,0.0,,,0,0,0,,0,0,,0
Jalen Adaway,Scarborough Shooting Stars,2024-2025,offense,Overall Drive Direction,Drives Left,2,Overall,Overall > Drives Left,Overall,Drives Left,,,,,12,40.0,1.333,73.5,8.3,8.3,1,0.0,,,70.0,,10,70.0,8.3,,,7,3,,10.9,0.2,66.7,9,7,2,77.8,0,1,0.1,16
Jalen Adaway,Scarborough Shooting Stars,2024-2025,offense,Overall Drive Direction,To Basket,3,Drives Left,Overall > Drives Left > To Basket,Overall,Drives Left,To Basket,,,,6,50.0,1.667,85.0,0.0,16.7,0,,,,80.0,,5,80.0,16.7,,,4,1,,5.9,0.4,83.3,5,4,1,80.0,0,0,0.0,10
Jalen Adaway,Scarborough Shooting Stars,2024-2025,offense,Overall Drive Direction,Dribble Jumper,3,Drives Left,Overall > Drives Left > Dribble Jumper,Overall,Drives Left,Dribble Jumper,,,,5,41.7,1.2,60.0,0.0,0.0,1,0.0,,,60.0,,5,60.0,0.0,,,3,2,,5.0,0.0,60.0,4,3,1,75.0,0,1,0.2,6
Jalen Adaway,Scarborough Shooting Stars,2024-2025,offense,Overall Drive Direction,Turnover,3,Drives Left,Overall > Drives Left > Turnover,Overall,Drives Left,Turnover,,,,1,8.3,0.0,,100.0,0.0,0,,,,,,0,,0.0,,,0,0,,0.0,,0.0,0,0,0,,0,0,,0
Jalen Adaway,Scarborough Shooting Stars,2024-2025,offense,Overall Drive Direction,Foul,3,Drives Left,Overall > Drives Left > Foul,Overall,Drives Left,Foul,,,,0,0.0,,,,,0,,,,,,0,,,,,0,0,,0.0,,,0,0,0,,0,0,,0
Jalen Adaway,Scarborough Shooting Stars,2024-2025,offense,Overall Drive Direction,Defense Commits,3,Drives Left,Overall > Drives Left > Defense Commits,Overall,Drives Left,Defense Commits,,,,0,0.0,,,,,0,,,,,,0,,,,,0,0,,0.0,,,0,0,0,,0,0,,0
Jalen Adaway,Scarborough Shooting Stars,2024-2025,offense,Overall Drive Direction,Drives Straight,2,Overall,Overall > Drives Straight,Overall,Drives Straight,,,,,2,6.7,3.0,150.0,0.0,0.0,2,100.0,,,100.0,,2,150.0,0.0,,,2,0,,2.0,0.0,100.0,0,0,0,,2,0,1.0,6
Jalen Adaway,Scarborough Shooting Stars,2024-2025,offense,Overall Drive Direction,Dribble Jumper,3,Drives Straight,Overall > Drives Straight > Dribble Jumper,Overall,Drives Straight,Dribble Jumper,,,,2,100.0,3.0,150.0,0.0,0.0,2,100.0,,,100.0,,2,150.0,0.0,,,2,0,,2.0,0.0,100.0,0,0,0,,2,0,1.0,6
Jalen Adaway,Scarborough Shooting Stars,2024-2025,offense,Overall Drive Direction,To Basket,3,Drives Straight,Overall > Drives Straight > To Basket,Overall,Drives Straight,To Basket,,,,0,0.0,,,,,0,,,,,,0,,,,,0,0,,0.0,,,0,0,0,,0,0,,0
Jalen Adaway,Scarborough Shooting Stars,2024-2025,offense,Overall Drive Direction,Turnover,3,Drives Straight,Overall > Drives Straight > Turnover,Overall,Drives Straight,Turnover,,,,0,0.0,,,,,0,,,,,,0,,,,,0,0,,0.0,,,0,0,0,,0,0,,0
Jalen Adaway,Scarborough Shooting Stars,2024-2025,offense,Overall Drive Direction,Foul,3,Drives Straight,Overall > Drives Straight > Foul,Overall,Drives Straight,Foul,,,,0,0.0,,,,,0,,,,,,0,,,,,0,0,,0.0,,,0,0,0,,0,0,,0
Jalen Adaway,Scarborough Shooting Stars,2024-2025,offense,Overall Drive Direction,Defense Commits,3,Drives Straight,Overall > Drives Straight > Defense Commits,Overall,Drives Straight,Defense Commits,,,,0,0.0,,,,,0,,,,,,0,,,,,0,0,,0.0,,,0,0,0,,0,0,,0
Jalen Adaway,Scarborough Shooting Stars,2024-2025,offense,P&R ball handler,P&R Including Passes,1,,P&R Including Passes,P&R Including Passes,,,,,,32,20.8,0.938,51.4,9.4,9.4,12,25.0,Good,55.0,40.7,16.0,27,46.3,9.4,,,11,16,,29.2,0.19,40.6,15,8,7,53.3,3,9,0.44,30
Jalen Adaway,Scarborough Shooting Stars,2024-2025,offense,P&R ball handler,P&R Ball Handler,2,P&R Including Passes,P&R Including Passes > P&R Ball Handler,P&R Including Passes,P&R Ball Handler,,,,,12,37.5,0.667,35.0,8.3,8.3,5,20.0,,,27.3,,11,31.8,8.3,,,3,8,,11.4,0.09,25.0,6,2,4,33.3,1,4,0.45,8
Jalen Adaway,Scarborough Shooting Stars,2024-2025,offense,P&R ball handler,High P&R,3,P&R Ball Handler,P&R Including Passes > P&R Ball Handler > High P&R,P&R Including Passes,P&R Ball Handler,High P&R,,,,8,66.7,1.0,47.4,0.0,12.5,5,20.0,,,37.5,,8,43.8,12.5,,,3,5,,8.4,0.13,37.5,3,2,1,66.7,1,4,0.63,8
Jalen Adaway,Scarborough Shooting Stars,2024-2025,offense,P&R ball handler,Dribble Off Pick,4,High P&R,P&R Including Passes > P&R Ball Handler > High P&R > Dribble Off Pick,P&R Including Passes,P&R Ball Handler,High P&R,Dribble Off Pick,,,8,100.0,1.0,47.4,0.0,12.5,5,20.0,,,37.5,,8,43.8,12.5,,,3,5,,8.4,0.13,37.5,3,2,1,66.7,1,4,0.63,8
Jalen Adaway,Scarborough Shooting Stars,2024-2025,offense,P&R ball handler,Dribble Jumper,5,Dribble Off Pick,P&R Including Passes > P&R Ball Handler > High P&R > Dribble Off Pick > Dribble Jumper,P&R Including Passes,P&R Ball Handler,High P&R,Dribble Off Pick,Dribble Jumper,,6,75.0,0.833,41.7,0.0,0.0,5,20.0,,,33.3,,6,41.7,0.0,,,2,4,,6.0,0.0,33.3,1,1,0,100.0,1,4,0.83,5
Jalen Adaway,Scarborough Shooting Stars,2024-2025,offense,P&R ball handler,Long/3pt,6,Dribble Jumper,P&R Including Passes > P&R Ball Handler > High P&R > Dribble Off Pick > Dribble Jumper > Long/3pt,P&R Including Passes,P&R Ball Handler,High P&R,Dribble Off Pick,Dribble Jumper,Long/3pt,5,83.3,0.6,30.0,0.0,0.0,5,20.0,,,20.0,,5,30.0,0.0,,,1,4,,5.0,0.0,20.0,0,0,0,,1,4,1.0,3
Jalen Adaway,Scarborough Shooting Stars,2024-2025,offense,P&R ball handler,Medium/17' to 3pt,6,Dribble Jumper,P&R Including Passes > P&R Ball Handler > High P&R > Dribble Off Pick > Dribble Jumper > Medium/17' to 3pt,P&R Including Passes,P&R Ball Handler,High P&R,Dribble Off Pick,Dribble Jumper,Medium/17' to 3pt,1,16.7,2.0,100.0,0.0,0.0,0,,,,100.0,,1,100.0,0.0,,,1,0,,1.0,0.0,100.0,1,1,0,100.0,0,0,0.0,2
Jalen Adaway,Scarborough Shooting Stars,2024-2025,offense,P&R ball handler,To Basket,5,Dribble Off Pick,P&R Including Passes > P&R Ball Handler > High P&R > Dribble Off Pick > To Basket,P&R Including Passes,P&R Ball Handler,High P&R,Dribble Off Pick,To Basket,,2,25.0,1.5,61.5,0.0,50.0,0,,,,50.0,,2,50.0,50.0,,,1,1,,2.4,0.5,50.0,2,1,1,50.0,0,0,0.0,3
Jalen Adaway,Scarborough Shooting Stars,2024-2025,offense,P&R ball handler,Miss 2 Pts,6,To Basket,P&R Including Passes > P&R Ball Handler > High P&R > Dribble Off Pick > To Basket > Miss 2 Pts,P&R Including Passes,P&R Ball Handler,High P&R,Dribble Off Pick,To Basket,Miss 2 Pts,1,50.0,0.0,0.0,0.0,0.0,0,,,,0.0,,1,0.0,0.0,,,0,1,,1.0,0.0,0.0,1,0,1,0.0,0,0,0.0,0
Jalen Adaway,Scarborough Shooting Stars,2024-2025,offense,P&R ball handler,Make 2 Pts Foul,6,To Basket,P&R Including Passes > P&R Ball Handler > High P&R > Dribble Off Pick > To Basket > Make 2 Pts Foul,P&R Including Passes,P&R Ball Handler,High P&R,Dribble Off Pick,To Basket,Make 2 Pts Foul,1,50.0,3.0,104.2,0.0,100.0,0,,,,100.0,,1,100.0,100.0,,,1,0,,1.4,1.0,100.0,1,1,0,100.0,0,0,0.0,3
Jalen Adaway,Scarborough Shooting Stars,2024-2025,offense,P&R ball handler,Left P&R,3,P&R Ball Handler,P&R Including Passes > P&R Ball Handler > Left P&R,P&R Including Passes,P&R Ball Handler,Left P&R,,,,4,33.3,0.0,0.0,25.0,0.0,0,,,,0.0,,3,0.0,0.0,,,0,3,,3.0,0.0,0.0,3,0,3,0.0,0,0,0.0,0
Jalen Adaway,Scarborough Shooting Stars,2024-2025,offense,P&R ball handler,Baseline,4,Left P&R,P&R Including Passes > P&R Ball Handler > Left P&R > Baseline,P&R Including Passes,P&R Ball Handler,Left P&R,Baseline,,,2,50.0,0.0,0.0,50.0,0.0,0,,,,0.0,,1,0.0,0.0,,,0,1,,1.0,0.0,0.0,1,0,1,0.0,0,0,0.0,0
Jalen Adaway,Scarborough Shooting Stars,2024-2025,offense,P&R ball handler,Dribble Off Pick,5,Baseline,P&R Including Passes > P&R Ball Handler > Left P&R > Baseline > Dribble Off Pick,P&R Including Passes,P&R Ball Handler,Left P&R,Baseline,Dribble Off Pick,,2,100.0,0.0,0.0,50.0,0.0,0,,,,0.0,,1,0.0,0.0,,,0,1,,1.0,0.0,0.0,1,0,1,0.0,0,0,0.0,0
Jalen Adaway,Scarborough Shooting Stars,2024-2025,offense,P&R ball handler,To Basket,6,Dribble Off Pick,P&R Including Passes > P&R Ball Handler > Left P&R > Baseline > Dribble Off Pick > To Basket,P&R Including Passes,P&R Ball Handler,Left P&R,Baseline,Dribble Off Pick,To Basket,1,50.0,0.0,0.0,0.0,0.0,0,,,,0.0,,1,0.0,0.0,,,0,1,,1.0,0.0,0.0,1,0,1,0.0,0,0,0.0,0
Jalen Adaway,Scarborough Shooting Stars,2024-2025,offense,P&R ball handler,Defense Commits,6,Dribble Off Pick,P&R Including Passes > P&R Ball Handler > Left P&R > Baseline > Dribble Off Pick > Defense Commits,P&R Including Passes,P&R Ball Handler,Left P&R,Baseline,Dribble Off Pick,Defense Commits,1,50.0,0.0,,100.0,0.0,0,,,,,,0,,0.0,,,0,0,,0.0,,0.0,0,0,0,,0,0,,0
Jalen Adaway,Scarborough Shooting Stars,2024-2025,offense,P&R ball handler,Side,4,Left P&R,P&R Including Passes > P&R Ball Handler > Left P&R > Side,P&R Including Passes,P&R Ball Handler,Left P&R,Side,,,2,50.0,0.0,0.0,0.0,0.0,0,,,,0.0,,2,0.0,0.0,,,0,2,,2.0,0.0,0.0,2,0,2,0.0,0,0,0.0,0
Jalen Adaway,Scarborough Shooting Stars,2024-2025,offense,P&R ball handler,Dribble Off Pick,5,Side,P&R Including Passes > P&R Ball Handler > Left P&R > Side > Dribble Off Pick,P&R Including Passes,P&R Ball Handler,Left P&R,Side,Dribble Off Pick,,2,100.0,0.0,0.0,0.0,0.0,0,,,,0.0,,2,0.0,0.0,,,0,2,,2.0,0.0,0.0,2,0,2,0.0,0,0,0.0,0
Jalen Adaway,Scarborough Shooting Stars,2024-2025,offense,P&R ball handler,Dribble Jumper,6,Dribble Off Pick,P&R Including Passes > P&R Ball Handler > Left P&R > Side > Dribble Off Pick > Dribble Jumper,P&R Including Passes,P&R Ball Handler,Left P&R,Side,Dribble Off Pick,Dribble Jumper,1,50.0,0.0,0.0,0.0,0.0,0,,,,0.0,,1,0.0,0.0,,,0,1,,1.0,0.0,0.0,1,0,1,0.0,0,0,0.0,0
Jalen Adaway,Scarborough Shooting Stars,2024-2025,offense,P&R ball handler,To Basket,6,Dribble Off Pick,P&R Including Passes > P&R Ball Handler > Left P&R > Side > Dribble Off Pick > To Basket,P&R Including Passes,P&R Ball Handler,Left P&R,Side,Dribble Off Pick,To Basket,1,50.0,0.0,0.0,0.0,0.0,0,,,,0.0,,1,0.0,0.0,,,0,1,,1.0,0.0,0.0,1,0,1,0.0,0,0,0.0,0
Jalen Adaway,Scarborough Shooting Stars,2024-2025,offense,P&R ball handler,Spot-Up,2,P&R Including Passes,P&R Including Passes > Spot-Up,P&R Including Passes,Spot-Up,,,,,10,31.3,1.0,56.3,10.0,10.0,6,33.3,,,37.5,,8,50.0,10.0,,,3,5,,8.9,0.25,40.0,2,1,1,50.0,2,4,0.75,10
Jalen Adaway,Scarborough Shooting Stars,2024-2025,offense,P&R ball handler,No Dribble Jumper,3,Spot-Up,P&R Including Passes > Spot-Up > No Dribble Jumper,P&R Including Passes,Spot-Up,No Dribble Jumper,,,,5,50.0,1.2,60.0,0.0,0.0,5,40.0,,,40.0,,5,60.0,0.0,,,2,3,,5.0,0.0,40.0,0,0,0,,2,3,1.0,6
Jalen Adaway,Scarborough Shooting Stars,2024-2025,offense,P&R ball handler,Guarded,4,No Dribble Jumper,P&R Including Passes > Spot-Up > No Dribble Jumper > Guarded,P&R Including Passes,Spot-Up,No Dribble Jumper,Guarded,,,3,60.0,1.0,50.0,0.0,0.0,3,33.3,,,33.3,,3,50.0,0.0,,,1,2,,3.0,0.0,33.3,0,0,0,,1,2,1.0,3
Jalen Adaway,Scarborough Shooting Stars,2024-2025,offense,P&R ball handler,Long/3pt,5,Guarded,P&R Including Passes > Spot-Up > No Dribble Jumper > Guarded > Long/3pt,P&R Including Passes,Spot-Up,No Dribble Jumper,Guarded,Long/3pt,,3,100.0,1.0,50.0,0.0,0.0,3,33.3,,,33.3,,3,50.0,0.0,,,1,2,,3.0,0.0,33.3,0,0,0,,1,2,1.0,3
Jalen Adaway,Scarborough Shooting Stars,2024-2025,offense,P&R ball handler,Miss 3 Pts,6,Long/3pt,P&R Including Passes > Spot-Up > No Dribble Jumper > Guarded > Long/3pt > Miss 3 Pts,P&R Including Passes,Spot-Up,No Dribble Jumper,Guarded,Long/3pt,Miss 3 Pts,2,66.7,0.0,0.0,0.0,0.0,2,0.0,,,0.0,,2,0.0,0.0,,,0,2,,2.0,0.0,0.0,0,0,0,,0,2,1.0,0
Jalen Adaway,Scarborough Shooting Stars,2024-2025,offense,P&R ball handler,Make 3 Pts,6,Long/3pt,P&R Including Passes > Spot-Up > No Dribble Jumper > Guarded > Long/3pt > Make 3 Pts,P&R Including Passes,Spot-Up,No Dribble Jumper,Guarded,Long/3pt,Make 3 Pts,1,33.3,3.0,150.0,0.0,0.0,1,100.0,,,100.0,,1,150.0,0.0,,,1,0,,1.0,0.0,100.0,0,0,0,,1,0,1.0,3
Jalen Adaway,Scarborough Shooting Stars,2024-2025,offense,P&R ball handler,Open,4,No Dribble Jumper,P&R Including Passes > Spot-Up > No Dribble Jumper > Open,P&R Including Passes,Spot-Up,No Dribble Jumper,Open,,,2,40.0,1.5,75.0,0.0,0.0,2,50.0,,,50.0,,2,75.0,0.0,,,1,1,,2.0,0.0,50.0,0,0,0,,1,1,1.0,3
Jalen Adaway,Scarborough Shooting Stars,2024-2025,offense,P&R ball handler,Long/3pt,5,Open,P&R Including Passes > Spot-Up > No Dribble Jumper > Open > Long/3pt,P&R Including Passes,Spot-Up,No Dribble Jumper,Open,Long/3pt,,2,100.0,1.5,75.0,0.0,0.0,2,50.0,,,50.0,,2,75.0,0.0,,,1,1,,2.0,0.0,50.0,0,0,0,,1,1,1.0,3
Jalen Adaway,Scarborough Shooting Stars,2024-2025,offense,P&R ball handler,Miss 3 Pts,6,Long/3pt,P&R Including Passes > Spot-Up > No Dribble Jumper > Open > Long/3pt > Miss 3 Pts,P&R Including Passes,Spot-Up,No Dribble Jumper,Open,Long/3pt,Miss 3 Pts,1,50.0,0.0,0.0,0.0,0.0,1,0.0,,,0.0,,1,0.0,0.0,,,0,1,,1.0,0.0,0.0,0,0,0,,0,1,1.0,0
Jalen Adaway,Scarborough Shooting Stars,2024-2025,offense,P&R ball handler,Make 3 Pts,6,Long/3pt,P&R Including Passes > Spot-Up > No Dribble Jumper > Open > Long/3pt > Make 3 Pts,P&R Including Passes,Spot-Up,No Dribble Jumper,Open,Long/3pt,Make 3 Pts,1,50.0,3.0,150.0,0.0,0.0,1,100.0,,,100.0,,1,150.0,0.0,,,1,0,,1.0,0.0,100.0,0,0,0,,1,0,1.0,3
Jalen Adaway,Scarborough Shooting Stars,2024-2025,offense,P&R ball handler,Drives Right,3,Spot-Up,P&R Including Passes > Spot-Up > Drives Right,P&R Including Passes,Spot-Up,Drives Right,,,,4,40.0,1.0,69.4,25.0,25.0,0,,,,50.0,,2,50.0,25.0,,,1,1,,2.9,1.0,50.0,2,1,1,50.0,0,0,0.0,4
Jalen Adaway,Scarborough Shooting Stars,2024-2025,offense,P&R ball handler,To Basket,4,Drives Right,P&R Including Passes > Spot-Up > Drives Right > To Basket,P&R Including Passes,Spot-Up,Drives Right,To Basket,,,2,50.0,1.0,53.2,0.0,50.0,0,,,,0.0,,1,0.0,50.0,,,0,1,,1.9,2.0,50.0,1,0,1,0.0,0,0,0.0,2
Jalen Adaway,Scarborough Shooting Stars,2024-2025,offense,P&R ball handler,Miss 2 Pts,5,To Basket,P&R Including Passes > Spot-Up > Drives Right > To Basket > Miss 2 Pts,P&R Including Passes,Spot-Up,Drives Right,To Basket,Miss 2 Pts,,1,50.0,0.0,0.0,0.0,0.0,0,,,,0.0,,1,0.0,0.0,,,0,1,,1.0,0.0,0.0,1,0,1,0.0,0,0,0.0,0
Jalen Adaway,Scarborough Shooting Stars,2024-2025,offense,P&R ball handler,Foul,5,To Basket,P&R Including Passes > Spot-Up > Drives Right > To Basket > Foul,P&R Including Passes,Spot-Up,Drives Right,To Basket,Foul,,1,50.0,2.0,113.6,0.0,100.0,0,,,,,,0,,100.0,,,0,0,,0.9,,100.0,0,0,0,,0,0,,2
Jalen Adaway,Scarborough Shooting Stars,2024-2025,offense,P&R ball handler,Turnover,4,Drives Right,P&R Including Passes > Spot-Up > Drives Right > Turnover,P&R Including Passes,Spot-Up,Drives Right,Turnover,,,1,25.0,0.0,,100.0,0.0,0,,,,,,0,,0.0,,,0,0,,0.0,,0.0,0,0,0,,0,0,,0
Jalen Adaway,Scarborough Shooting Stars,2024-2025,offense,P&R ball handler,Dribble Jumper,4,Drives Right,P&R Including Passes > Spot-Up > Drives Right > Dribble Jumper,P&R Including Passes,Spot-Up,Drives Right,Dribble Jumper,,,1,25.0,2.0,100.0,0.0,0.0,0,,,,100.0,,1,100.0,0.0,,,1,0,,1.0,0.0,100.0,1,1,0,100.0,0,0,0.0,2
Jalen Adaway,Scarborough Shooting Stars,2024-2025,offense,P&R ball handler,Short to < 17,5,Dribble Jumper,P&R Including Passes > Spot-Up > Drives Right > Dribble Jumper > Short to < 17,P&R Including Passes,Spot-Up,Drives Right,Dribble Jumper,Short to < 17,,1,100.0,2.0,100.0,0.0,0.0,0,,,,100.0,,1,100.0,0.0,,,1,0,,1.0,0.0,100.0,1,1,0,100.0,0,0,0.0,2
Jalen Adaway,Scarborough Shooting Stars,2024-2025,offense,P&R ball handler,Make 2 Pts,6,Short to < 17,P&R Including Passes > Spot-Up > Drives Right > Dribble Jumper > Short to < 17 > Make 2 Pts,P&R Including Passes,Spot-Up,Drives Right,Dribble Jumper,Short to < 17,Make 2 Pts,1,100.0,2.0,100.0,0.0,0.0,0,,,,100.0,,1,100.0,0.0,,,1,0,,1.0,0.0,100.0,1,1,0,100.0,0,0,0.0,2
Jalen Adaway,Scarborough Shooting Stars,2024-2025,offense,P&R ball handler,Drives Left,3,Spot-Up,P&R Including Passes > Spot-Up > Drives Left,P&R Including Passes,Spot-Up,Drives Left,,,,1,10.0,0.0,0.0,0.0,0.0,1,0.0,,,0.0,,1,0.0,0.0,,,0,1,,1.0,0.0,0.0,0,0,0,,0,1,1.0,0
Jalen Adaway,Scarborough Shooting Stars,2024-2025,offense,P&R ball handler,Dribble Jumper,4,Drives Left,P&R Including Passes > Spot-Up > Drives Left > Dribble Jumper,P&R Including Passes,Spot-Up,Drives Left,Dribble Jumper,,,1,100.0,0.0,0.0,0.0,0.0,1,0.0,,,0.0,,1,0.0,0.0,,,0,1,,1.0,0.0,0.0,0,0,0,,0,1,1.0,0
Jalen Adaway,Scarborough Shooting Stars,2024-2025,offense,P&R ball handler,Long/3pt,5,Dribble Jumper,P&R Including Passes > Spot-Up > Drives Left > Dribble Jumper > Long/3pt,P&R Including Passes,Spot-Up,Drives Left,Dribble Jumper,Long/3pt,,1,100.0,0.0,0.0,0.0,0.0,1,0.0,,,0.0,,1,0.0,0.0,,,0,1,,1.0,0.0,0.0,0,0,0,,0,1,1.0,0
Jalen Adaway,Scarborough Shooting Stars,2024-2025,offense,P&R ball handler,Miss 3 Pts,6,Long/3pt,P&R Including Passes > Spot-Up > Drives Left > Dribble Jumper > Long/3pt > Miss 3 Pts,P&R Including Passes,Spot-Up,Drives Left,Dribble Jumper,Long/3pt,Miss 3 Pts,1,100.0,0.0,0.0,0.0,0.0,1,0.0,,,0.0,,1,0.0,0.0,,,0,1,,1.0,0.0,0.0,0,0,0,,0,1,1.0,0
Jalen Adaway,Scarborough Shooting Stars,2024-2025,offense,P&R ball handler,P&R Roll Man,2,P&R Including Passes,P&R Including Passes > P&R Roll Man,P&R Including Passes,P&R Roll Man,,,,,9,28.1,1.111,63.5,11.1,11.1,1,0.0,,,57.1,,7,57.1,11.1,,,4,3,,7.9,0.29,55.6,6,4,2,66.7,0,1,0.14,10
Jalen Adaway,Scarborough Shooting Stars,2024-2025,offense,P&R ball handler,Pick and Pops,3,P&R Roll Man,P&R Including Passes > P&R Roll Man > Pick and Pops,P&R Including Passes,P&R Roll Man,Pick and Pops,,,,4,44.4,1.0,51.5,0.0,25.0,1,0.0,,,33.3,,3,33.3,25.0,,,1,2,,3.9,0.67,50.0,2,1,1,50.0,0,1,0.33,4
Jalen Adaway,Scarborough Shooting Stars,2024-2025,offense,P&R ball handler,Drives Right,4,Pick and Pops,P&R Including Passes > P&R Roll Man > Pick and Pops > Drives Right,P&R Including Passes,P&R Roll Man,Pick and Pops,Drives Right,,,2,50.0,1.0,53.2,0.0,50.0,0,,,,0.0,,1,0.0,50.0,,,0,1,,1.9,2.0,50.0,1,0,1,0.0,0,0,0.0,2
Jalen Adaway,Scarborough Shooting Stars,2024-2025,offense,P&R ball handler,To Basket,5,Drives Right,P&R Including Passes > P&R Roll Man > Pick and Pops > Drives Right > To Basket,P&R Including Passes,P&R Roll Man,Pick and Pops,Drives Right,To Basket,,2,100.0,1.0,53.2,0.0,50.0,0,,,,0.0,,1,0.0,50.0,,,0,1,,1.9,2.0,50.0,1,0,1,0.0,0,0,0.0,2
Jalen Adaway,Scarborough Shooting Stars,2024-2025,offense,P&R ball handler,Foul,6,To Basket,P&R Including Passes > P&R Roll Man > Pick and Pops > Drives Right > To Basket > Foul,P&R Including Passes,P&R Roll Man,Pick and Pops,Drives Right,To Basket,Foul,1,50.0,2.0,113.6,0.0,100.0,0,,,,,,0,,100.0,,,0,0,,0.9,,100.0,0,0,0,,0,0,,2
Jalen Adaway,Scarborough Shooting Stars,2024-2025,offense,P&R ball handler,Miss 2 Pts,6,To Basket,P&R Including Passes > P&R Roll Man > Pick and Pops > Drives Right > To Basket > Miss 2 Pts,P&R Including Passes,P&R Roll Man,Pick and Pops,Drives Right,To Basket,Miss 2 Pts,1,50.0,0.0,0.0,0.0,0.0,0,,,,0.0,,1,0.0,0.0,,,0,1,,1.0,0.0,0.0,1,0,1,0.0,0,0,0.0,0
Jalen Adaway,Scarborough Shooting Stars,2024-2025,offense,P&R ball handler,Drives Left,4,Pick and Pops,P&R Including Passes > P&R Roll Man > Pick and Pops > Drives Left,P&R Including Passes,P&R Roll Man,Pick and Pops,Drives Left,,,1,25.0,2.0,100.0,0.0,0.0,0,,,,100.0,,1,100.0,0.0,,,1,0,,1.0,0.0,100.0,1,1,0,100.0,0,0,0.0,2
Jalen Adaway,Scarborough Shooting Stars,2024-2025,offense,P&R ball handler,To Basket,5,Drives Left,P&R Including Passes > P&R Roll Man > Pick and Pops > Drives Left > To Basket,P&R Including Passes,P&R Roll Man,Pick and Pops,Drives Left,To Basket,,1,100.0,2.0,100.0,0.0,0.0,0,,,,100.0,,1,100.0,0.0,,,1,0,,1.0,0.0,100.0,1,1,0,100.0,0,0,0.0,2
Jalen Adaway,Scarborough Shooting Stars,2024-2025,offense,P&R ball handler,Make 2 Pts,6,To Basket,P&R Including Passes > P&R Roll Man > Pick and Pops > Drives Left > To Basket > Make 2 Pts,P&R Including Passes,P&R Roll Man,Pick and Pops,Drives Left,To Basket,Make 2 Pts,1,100.0,2.0,100.0,0.0,0.0,0,,,,100.0,,1,100.0,0.0,,,1,0,,1.0,0.0,100.0,1,1,0,100.0,0,0,0.0,2
Jalen Adaway,Scarborough Shooting Stars,2024-2025,offense,P&R ball handler,No Dribble Jumper,4,Pick and Pops,P&R Including Passes > P&R Roll Man > Pick and Pops > No Dribble Jumper,P&R Including Passes,P&R Roll Man,Pick and Pops,No Dribble Jumper,,,1,25.0,0.0,0.0,0.0,0.0,1,0.0,,,0.0,,1,0.0,0.0,,,0,1,,1.0,0.0,0.0,0,0,0,,0,1,1.0,0
Jalen Adaway,Scarborough Shooting Stars,2024-2025,offense,P&R ball handler,Open,5,No Dribble Jumper,P&R Including Passes > P&R Roll Man > Pick and Pops > No Dribble Jumper > Open,P&R Including Passes,P&R Roll Man,Pick and Pops,No Dribble Jumper,Open,,1,100.0,0.0,0.0,0.0,0.0,1,0.0,,,0.0,,1,0.0,0.0,,,0,1,,1.0,0.0,0.0,0,0,0,,0,1,1.0,0
Jalen Adaway,Scarborough Shooting Stars,2024-2025,offense,P&R ball handler,Long/3pt,6,Open,P&R Including Passes > P&R Roll Man > Pick and Pops > No Dribble Jumper > Open > Long/3pt,P&R Including Passes,P&R Roll Man,Pick and Pops,No Dribble Jumper,Open,Long/3pt,1,100.0,0.0,0.0,0.0,0.0,1,0.0,,,0.0,,1,0.0,0.0,,,0,1,,1.0,0.0,0.0,0,0,0,,0,1,1.0,0
Jalen Adaway,Scarborough Shooting Stars,2024-2025,offense,P&R ball handler,Rolls to Basket,3,P&R Roll Man,P&R Including Passes > P&R Roll Man > Rolls to Basket,P&R Including Passes,P&R Roll Man,Rolls to Basket,,,,3,33.3,1.333,66.7,0.0,0.0,0,,,,66.7,,3,66.7,0.0,,,2,1,,3.0,0.0,66.7,3,2,1,66.7,0,0,0.0,4
Jalen Adaway,Scarborough Shooting Stars,2024-2025,offense,P&R ball handler,Make 2 Pts,4,Rolls to Basket,P&R Including Passes > P&R Roll Man > Rolls to Basket > Make 2 Pts,P&R Including Passes,P&R Roll Man,Rolls to Basket,Make 2 Pts,,,2,66.7,2.0,100.0,0.0,0.0,0,,,,100.0,,2,100.0,0.0,,,2,0,,2.0,0.0,100.0,2,2,0,100.0,0,0,0.0,4
Jalen Adaway,Scarborough Shooting Stars,2024-2025,offense,P&R ball handler,Miss 2 Pts,4,Rolls to Basket,P&R Including Passes > P&R Roll Man > Rolls to Basket > Miss 2 Pts,P&R Including Passes,P&R Roll Man,Rolls to Basket,Miss 2 Pts,,,1,33.3,0.0,0.0,0.0,0.0,0,,,,0.0,,1,0.0,0.0,,,0,1,,1.0,0.0,0.0,1,0,1,0.0,0,0,0.0,0
Jalen Adaway,Scarborough Shooting Stars,2024-2025,offense,P&R ball handler,Slips the Pick,3,P&R Roll Man,P&R Including Passes > P&R Roll Man > Slips the Pick,P&R Including Passes,P&R Roll Man,Slips the Pick,,,,2,22.2,1.0,100.0,50.0,0.0,0,,,,100.0,,1,100.0,0.0,,,1,0,,1.0,0.0,50.0,1,1,0,100.0,0,0,0.0,2
Jalen Adaway,Scarborough Shooting Stars,2024-2025,offense,P&R ball handler,To Basket,4,Slips the Pick,P&R Including Passes > P&R Roll Man > Slips the Pick > To Basket,P&R Including Passes,P&R Roll Man,Slips the Pick,To Basket,,,2,100.0,1.0,100.0,50.0,0.0,0,,,,100.0,,1,100.0,0.0,,,1,0,,1.0,0.0,50.0,1,1,0,100.0,0,0,0.0,2
Jalen Adaway,Scarborough Shooting Stars,2024-2025,offense,P&R ball handler,Turnover,5,To Basket,P&R Including Passes > P&R Roll Man > Slips the Pick > To Basket > Turnover,P&R Including Passes,P&R Roll Man,Slips the Pick,To Basket,Turnover,,1,50.0,0.0,,100.0,0.0,0,,,,,,0,,0.0,,,0,0,,0.0,,0.0,0,0,0,,0,0,,0
Jalen Adaway,Scarborough Shooting Stars,2024-2025,offense,P&R ball handler,Make 2 Pts,5,To Basket,P&R Including Passes > P&R Roll Man > Slips the Pick > To Basket > Make 2 Pts,P&R Including Passes,P&R Roll Man,Slips the Pick,To Basket,Make 2 Pts,,1,50.0,2.0,100.0,0.0,0.0,0,,,,100.0,,1,100.0,0.0,,,1,0,,1.0,0.0,100.0,1,1,0,100.0,0,0,0.0,2
Jalen Adaway,Scarborough Shooting Stars,2024-2025,offense,P&R ball handler,Cut,2,P&R Including Passes,P&R Including Passes > Cut,P&R Including Passes,Cut,,,,,1,3.1,2.0,100.0,0.0,0.0,0,,,,100.0,,1,100.0,0.0,,,1,0,,1.0,0.0,100.0,1,1,0,100.0,0,0,0.0,2
Jalen Adaway,Scarborough Shooting Stars,2024-2025,offense,P&R ball handler,Basket,3,Cut,P&R Including Passes > Cut > Basket,P&R Including Passes,Cut,Basket,,,,1,100.0,2.0,100.0,0.0,0.0,0,,,,100.0,,1,100.0,0.0,,,1,0,,1.0,0.0,100.0,1,1,0,100.0,0,0,0.0,2
Jalen Adaway,Scarborough Shooting Stars,2024-2025,offense,P&R ball handler,Make 2 Pts,4,Basket,P&R Including Passes > Cut > Basket > Make 2 Pts,P&R Including Passes,Cut,Basket,Make 2 Pts,,,1,100.0,2.0,100.0,0.0,0.0,0,,,,100.0,,1,100.0,0.0,,,1,0,,1.0,0.0,100.0,1,1,0,100.0,0,0,0.0,2
Jalen Adaway,Scarborough Shooting Stars,2024-2025,offense,P&R ball handler,P&R BH - Defense Commits,1,,P&R BH - Defense Commits,P&R BH - Defense Commits,,,,,,21,13.6,1.048,61.9,14.3,9.5,7,28.6,Excellent,83.0,50.0,20.0,16,56.3,9.5,,,8,8,,17.8,0.25,47.6,9,6,3,66.7,2,5,0.44,22
Jalen Adaway,Scarborough Shooting Stars,2024-2025,offense,P&R ball handler,Spot-Up,2,P&R BH - Defense Commits,P&R BH - Defense Commits > Spot-Up,P&R BH - Defense Commits,Spot-Up,,,,,10,47.6,1.0,56.3,10.0,10.0,6,33.3,,,37.5,,8,50.0,10.0,,,3,5,,8.9,0.25,40.0,2,1,1,50.0,2,4,0.75,10
Jalen Adaway,Scarborough Shooting Stars,2024-2025,offense,P&R ball handler,No Dribble Jumper,3,Spot-Up,P&R BH - Defense Commits > Spot-Up > No Dribble Jumper,P&R BH - Defense Commits,Spot-Up,No Dribble Jumper,,,,5,50.0,1.2,60.0,0.0,0.0,5,40.0,,,40.0,,5,60.0,0.0,,,2,3,,5.0,0.0,40.0,0,0,0,,2,3,1.0,6
Jalen Adaway,Scarborough Shooting Stars,2024-2025,offense,P&R ball handler,Guarded,4,No Dribble Jumper,P&R BH - Defense Commits > Spot-Up > No Dribble Jumper > Guarded,P&R BH - Defense Commits,Spot-Up,No Dribble Jumper,Guarded,,,3,60.0,1.0,50.0,0.0,0.0,3,33.3,,,33.3,,3,50.0,0.0,,,1,2,,3.0,0.0,33.3,0,0,0,,1,2,1.0,3
Jalen Adaway,Scarborough Shooting Stars,2024-2025,offense,P&R ball handler,Long/3pt,5,Guarded,P&R BH - Defense Commits > Spot-Up > No Dribble Jumper > Guarded > Long/3pt,P&R BH - Defense Commits,Spot-Up,No Dribble Jumper,Guarded,Long/3pt,,3,100.0,1.0,50.0,0.0,0.0,3,33.3,,,33.3,,3,50.0,0.0,,,1,2,,3.0,0.0,33.3,0,0,0,,1,2,1.0,3
Jalen Adaway,Scarborough Shooting Stars,2024-2025,offense,P&R ball handler,Miss 3 Pts,6,Long/3pt,P&R BH - Defense Commits > Spot-Up > No Dribble Jumper > Guarded > Long/3pt > Miss 3 Pts,P&R BH - Defense Commits,Spot-Up,No Dribble Jumper,Guarded,Long/3pt,Miss 3 Pts,2,66.7,0.0,0.0,0.0,0.0,2,0.0,,,0.0,,2,0.0,0.0,,,0,2,,2.0,0.0,0.0,0,0,0,,0,2,1.0,0
Jalen Adaway,Scarborough Shooting Stars,2024-2025,offense,P&R ball handler,Make 3 Pts,6,Long/3pt,P&R BH - Defense Commits > Spot-Up > No Dribble Jumper > Guarded > Long/3pt > Make 3 Pts,P&R BH - Defense Commits,Spot-Up,No Dribble Jumper,Guarded,Long/3pt,Make 3 Pts,1,33.3,3.0,150.0,0.0,0.0,1,100.0,,,100.0,,1,150.0,0.0,,,1,0,,1.0,0.0,100.0,0,0,0,,1,0,1.0,3
Jalen Adaway,Scarborough Shooting Stars,2024-2025,offense,P&R ball handler,Open,4,No Dribble Jumper,P&R BH - Defense Commits > Spot-Up > No Dribble Jumper > Open,P&R BH - Defense Commits,Spot-Up,No Dribble Jumper,Open,,,2,40.0,1.5,75.0,0.0,0.0,2,50.0,,,50.0,,2,75.0,0.0,,,1,1,,2.0,0.0,50.0,0,0,0,,1,1,1.0,3
Jalen Adaway,Scarborough Shooting Stars,2024-2025,offense,P&R ball handler,Long/3pt,5,Open,P&R BH - Defense Commits > Spot-Up > No Dribble Jumper > Open > Long/3pt,P&R BH - Defense Commits,Spot-Up,No Dribble Jumper,Open,Long/3pt,,2,100.0,1.5,75.0,0.0,0.0,2,50.0,,,50.0,,2,75.0,0.0,,,1,1,,2.0,0.0,50.0,0,0,0,,1,1,1.0,3
Jalen Adaway,Scarborough Shooting Stars,2024-2025,offense,P&R ball handler,Make 3 Pts,6,Long/3pt,P&R BH - Defense Commits > Spot-Up > No Dribble Jumper > Open > Long/3pt > Make 3 Pts,P&R BH - Defense Commits,Spot-Up,No Dribble Jumper,Open,Long/3pt,Make 3 Pts,1,50.0,3.0,150.0,0.0,0.0,1,100.0,,,100.0,,1,150.0,0.0,,,1,0,,1.0,0.0,100.0,0,0,0,,1,0,1.0,3
Jalen Adaway,Scarborough Shooting Stars,2024-2025,offense,P&R ball handler,Miss 3 Pts,6,Long/3pt,P&R BH - Defense Commits > Spot-Up > No Dribble Jumper > Open > Long/3pt > Miss 3 Pts,P&R BH - Defense Commits,Spot-Up,No Dribble Jumper,Open,Long/3pt,Miss 3 Pts,1,50.0,0.0,0.0,0.0,0.0,1,0.0,,,0.0,,1,0.0,0.0,,,0,1,,1.0,0.0,0.0,0,0,0,,0,1,1.0,0
Jalen Adaway,Scarborough Shooting Stars,2024-2025,offense,P&R ball handler,Drives Right,3,Spot-Up,P&R BH - Defense Commits > Spot-Up > Drives Right,P&R BH - Defense Commits,Spot-Up,Drives Right,,,,4,40.0,1.0,69.4,25.0,25.0,0,,,,50.0,,2,50.0,25.0,,,1,1,,2.9,1.0,50.0,2,1,1,50.0,0,0,0.0,4
Jalen Adaway,Scarborough Shooting Stars,2024-2025,offense,P&R ball handler,To Basket,4,Drives Right,P&R BH - Defense Commits > Spot-Up > Drives Right > To Basket,P&R BH - Defense Commits,Spot-Up,Drives Right,To Basket,,,2,50.0,1.0,53.2,0.0,50.0,0,,,,0.0,,1,0.0,50.0,,,0,1,,1.9,2.0,50.0,1,0,1,0.0,0,0,0.0,2
Jalen Adaway,Scarborough Shooting Stars,2024-2025,offense,P&R ball handler,Miss 2 Pts,5,To Basket,P&R BH - Defense Commits > Spot-Up > Drives Right > To Basket > Miss 2 Pts,P&R BH - Defense Commits,Spot-Up,Drives Right,To Basket,Miss 2 Pts,,1,50.0,0.0,0.0,0.0,0.0,0,,,,0.0,,1,0.0,0.0,,,0,1,,1.0,0.0,0.0,1,0,1,0.0,0,0,0.0,0
Jalen Adaway,Scarborough Shooting Stars,2024-2025,offense,P&R ball handler,Foul,5,To Basket,P&R BH - Defense Commits > Spot-Up > Drives Right > To Basket > Foul,P&R BH - Defense Commits,Spot-Up,Drives Right,To Basket,Foul,,1,50.0,2.0,113.6,0.0,100.0,0,,,,,,0,,100.0,,,0,0,,0.9,,100.0,0,0,0,,0,0,,2
Jalen Adaway,Scarborough Shooting Stars,2024-2025,offense,P&R ball handler,Turnover,4,Drives Right,P&R BH - Defense Commits > Spot-Up > Drives Right > Turnover,P&R BH - Defense Commits,Spot-Up,Drives Right,Turnover,,,1,25.0,0.0,,100.0,0.0,0,,,,,,0,,0.0,,,0,0,,0.0,,0.0,0,0,0,,0,0,,0
Jalen Adaway,Scarborough Shooting Stars,2024-2025,offense,P&R ball handler,Dribble Jumper,4,Drives Right,P&R BH - Defense Commits > Spot-Up > Drives Right > Dribble Jumper,P&R BH - Defense Commits,Spot-Up,Drives Right,Dribble Jumper,,,1,25.0,2.0,100.0,0.0,0.0,0,,,,100.0,,1,100.0,0.0,,,1,0,,1.0,0.0,100.0,1,1,0,100.0,0,0,0.0,2
Jalen Adaway,Scarborough Shooting Stars,2024-2025,offense,P&R ball handler,Short to < 17,5,Dribble Jumper,P&R BH - Defense Commits > Spot-Up > Drives Right > Dribble Jumper > Short to < 17,P&R BH - Defense Commits,Spot-Up,Drives Right,Dribble Jumper,Short to < 17,,1,100.0,2.0,100.0,0.0,0.0,0,,,,100.0,,1,100.0,0.0,,,1,0,,1.0,0.0,100.0,1,1,0,100.0,0,0,0.0,2
Jalen Adaway,Scarborough Shooting Stars,2024-2025,offense,P&R ball handler,Make 2 Pts,6,Short to < 17,P&R BH - Defense Commits > Spot-Up > Drives Right > Dribble Jumper > Short to < 17 > Make 2 Pts,P&R BH - Defense Commits,Spot-Up,Drives Right,Dribble Jumper,Short to < 17,Make 2 Pts,1,100.0,2.0,100.0,0.0,0.0,0,,,,100.0,,1,100.0,0.0,,,1,0,,1.0,0.0,100.0,1,1,0,100.0,0,0,0.0,2
Jalen Adaway,Scarborough Shooting Stars,2024-2025,offense,P&R ball handler,Drives Left,3,Spot-Up,P&R BH - Defense Commits > Spot-Up > Drives Left,P&R BH - Defense Commits,Spot-Up,Drives Left,,,,1,10.0,0.0,0.0,0.0,0.0,1,0.0,,,0.0,,1,0.0,0.0,,,0,1,,1.0,0.0,0.0,0,0,0,,0,1,1.0,0
Jalen Adaway,Scarborough Shooting Stars,2024-2025,offense,P&R ball handler,Dribble Jumper,4,Drives Left,P&R BH - Defense Commits > Spot-Up > Drives Left > Dribble Jumper,P&R BH - Defense Commits,Spot-Up,Drives Left,Dribble Jumper,,,1,100.0,0.0,0.0,0.0,0.0,1,0.0,,,0.0,,1,0.0,0.0,,,0,1,,1.0,0.0,0.0,0,0,0,,0,1,1.0,0
Jalen Adaway,Scarborough Shooting Stars,2024-2025,offense,P&R ball handler,Long/3pt,5,Dribble Jumper,P&R BH - Defense Commits > Spot-Up > Drives Left > Dribble Jumper > Long/3pt,P&R BH - Defense Commits,Spot-Up,Drives Left,Dribble Jumper,Long/3pt,,1,100.0,0.0,0.0,0.0,0.0,1,0.0,,,0.0,,1,0.0,0.0,,,0,1,,1.0,0.0,0.0,0,0,0,,0,1,1.0,0
Jalen Adaway,Scarborough Shooting Stars,2024-2025,offense,P&R ball handler,Miss 3 Pts,6,Long/3pt,P&R BH - Defense Commits > Spot-Up > Drives Left > Dribble Jumper > Long/3pt > Miss 3 Pts,P&R BH - Defense Commits,Spot-Up,Drives Left,Dribble Jumper,Long/3pt,Miss 3 Pts,1,100.0,0.0,0.0,0.0,0.0,1,0.0,,,0.0,,1,0.0,0.0,,,0,1,,1.0,0.0,0.0,0,0,0,,0,1,1.0,0
Jalen Adaway,Scarborough Shooting Stars,2024-2025,offense,P&R ball handler,P&R Roll Man,2,P&R BH - Defense Commits,P&R BH - Defense Commits > P&R Roll Man,P&R BH - Defense Commits,P&R Roll Man,,,,,9,42.9,1.111,63.5,11.1,11.1,1,0.0,,,57.1,,7,57.1,11.1,,,4,3,,7.9,0.29,55.6,6,4,2,66.7,0,1,0.14,10
Jalen Adaway,Scarborough Shooting Stars,2024-2025,offense,P&R ball handler,Pick and Pops,3,P&R Roll Man,P&R BH - Defense Commits > P&R Roll Man > Pick and Pops,P&R BH - Defense Commits,P&R Roll Man,Pick and Pops,,,,4,44.4,1.0,51.5,0.0,25.0,1,0.0,,,33.3,,3,33.3,25.0,,,1,2,,3.9,0.67,50.0,2,1,1,50.0,0,1,0.33,4
Jalen Adaway,Scarborough Shooting Stars,2024-2025,offense,P&R ball handler,Drives Right,4,Pick and Pops,P&R BH - Defense Commits > P&R Roll Man > Pick and Pops > Drives Right,P&R BH - Defense Commits,P&R Roll Man,Pick and Pops,Drives Right,,,2,50.0,1.0,53.2,0.0,50.0,0,,,,0.0,,1,0.0,50.0,,,0,1,,1.9,2.0,50.0,1,0,1,0.0,0,0,0.0,2
Jalen Adaway,Scarborough Shooting Stars,2024-2025,offense,P&R ball handler,To Basket,5,Drives Right,P&R BH - Defense Commits > P&R Roll Man > Pick and Pops > Drives Right > To Basket,P&R BH - Defense Commits,P&R Roll Man,Pick and Pops,Drives Right,To Basket,,2,100.0,1.0,53.2,0.0,50.0,0,,,,0.0,,1,0.0,50.0,,,0,1,,1.9,2.0,50.0,1,0,1,0.0,0,0,0.0,2
Jalen Adaway,Scarborough Shooting Stars,2024-2025,offense,P&R ball handler,Miss 2 Pts,6,To Basket,P&R BH - Defense Commits > P&R Roll Man > Pick and Pops > Drives Right > To Basket > Miss 2 Pts,P&R BH - Defense Commits,P&R Roll Man,Pick and Pops,Drives Right,To Basket,Miss 2 Pts,1,50.0,0.0,0.0,0.0,0.0,0,,,,0.0,,1,0.0,0.0,,,0,1,,1.0,0.0,0.0,1,0,1,0.0,0,0,0.0,0
Jalen Adaway,Scarborough Shooting Stars,2024-2025,offense,P&R ball handler,Foul,6,To Basket,P&R BH - Defense Commits > P&R Roll Man > Pick and Pops > Drives Right > To Basket > Foul,P&R BH - Defense Commits,P&R Roll Man,Pick and Pops,Drives Right,To Basket,Foul,1,50.0,2.0,113.6,0.0,100.0,0,,,,,,0,,100.0,,,0,0,,0.9,,100.0,0,0,0,,0,0,,2
Jalen Adaway,Scarborough Shooting Stars,2024-2025,offense,P&R ball handler,Drives Left,4,Pick and Pops,P&R BH - Defense Commits > P&R Roll Man > Pick and Pops > Drives Left,P&R BH - Defense Commits,P&R Roll Man,Pick and Pops,Drives Left,,,1,25.0,2.0,100.0,0.0,0.0,0,,,,100.0,,1,100.0,0.0,,,1,0,,1.0,0.0,100.0,1,1,0,100.0,0,0,0.0,2
Jalen Adaway,Scarborough Shooting Stars,2024-2025,offense,P&R ball handler,To Basket,5,Drives Left,P&R BH - Defense Commits > P&R Roll Man > Pick and Pops > Drives Left > To Basket,P&R BH - Defense Commits,P&R Roll Man,Pick and Pops,Drives Left,To Basket,,1,100.0,2.0,100.0,0.0,0.0,0,,,,100.0,,1,100.0,0.0,,,1,0,,1.0,0.0,100.0,1,1,0,100.0,0,0,0.0,2
Jalen Adaway,Scarborough Shooting Stars,2024-2025,offense,P&R ball handler,Make 2 Pts,6,To Basket,P&R BH - Defense Commits > P&R Roll Man > Pick and Pops > Drives Left > To Basket > Make 2 Pts,P&R BH - Defense Commits,P&R Roll Man,Pick and Pops,Drives Left,To Basket,Make 2 Pts,1,100.0,2.0,100.0,0.0,0.0,0,,,,100.0,,1,100.0,0.0,,,1,0,,1.0,0.0,100.0,1,1,0,100.0,0,0,0.0,2
Jalen Adaway,Scarborough Shooting Stars,2024-2025,offense,P&R ball handler,No Dribble Jumper,4,Pick and Pops,P&R BH - Defense Commits > P&R Roll Man > Pick and Pops > No Dribble Jumper,P&R BH - Defense Commits,P&R Roll Man,Pick and Pops,No Dribble Jumper,,,1,25.0,0.0,0.0,0.0,0.0,1,0.0,,,0.0,,1,0.0,0.0,,,0,1,,1.0,0.0,0.0,0,0,0,,0,1,1.0,0
Jalen Adaway,Scarborough Shooting Stars,2024-2025,offense,P&R ball handler,Open,5,No Dribble Jumper,P&R BH - Defense Commits > P&R Roll Man > Pick and Pops > No Dribble Jumper > Open,P&R BH - Defense Commits,P&R Roll Man,Pick and Pops,No Dribble Jumper,Open,,1,100.0,0.0,0.0,0.0,0.0,1,0.0,,,0.0,,1,0.0,0.0,,,0,1,,1.0,0.0,0.0,0,0,0,,0,1,1.0,0
Jalen Adaway,Scarborough Shooting Stars,2024-2025,offense,P&R ball handler,Long/3pt,6,Open,P&R BH - Defense Commits > P&R Roll Man > Pick and Pops > No Dribble Jumper > Open > Long/3pt,P&R BH - Defense Commits,P&R Roll Man,Pick and Pops,No Dribble Jumper,Open,Long/3pt,1,100.0,0.0,0.0,0.0,0.0,1,0.0,,,0.0,,1,0.0,0.0,,,0,1,,1.0,0.0,0.0,0,0,0,,0,1,1.0,0
Jalen Adaway,Scarborough Shooting Stars,2024-2025,offense,P&R ball handler,Rolls to Basket,3,P&R Roll Man,P&R BH - Defense Commits > P&R Roll Man > Rolls to Basket,P&R BH - Defense Commits,P&R Roll Man,Rolls to Basket,,,,3,33.3,1.333,66.7,0.0,0.0,0,,,,66.7,,3,66.7,0.0,,,2,1,,3.0,0.0,66.7,3,2,1,66.7,0,0,0.0,4
Jalen Adaway,Scarborough Shooting Stars,2024-2025,offense,P&R ball handler,Make 2 Pts,4,Rolls to Basket,P&R BH - Defense Commits > P&R Roll Man > Rolls to Basket > Make 2 Pts,P&R BH - Defense Commits,P&R Roll Man,Rolls to Basket,Make 2 Pts,,,2,66.7,2.0,100.0,0.0,0.0,0,,,,100.0,,2,100.0,0.0,,,2,0,,2.0,0.0,100.0,2,2,0,100.0,0,0,0.0,4
Jalen Adaway,Scarborough Shooting Stars,2024-2025,offense,P&R ball handler,Miss 2 Pts,4,Rolls to Basket,P&R BH - Defense Commits > P&R Roll Man > Rolls to Basket > Miss 2 Pts,P&R BH - Defense Commits,P&R Roll Man,Rolls to Basket,Miss 2 Pts,,,1,33.3,0.0,0.0,0.0,0.0,0,,,,0.0,,1,0.0,0.0,,,0,1,,1.0,0.0,0.0,1,0,1,0.0,0,0,0.0,0
Jalen Adaway,Scarborough Shooting Stars,2024-2025,offense,P&R ball handler,Slips the Pick,3,P&R Roll Man,P&R BH - Defense Commits > P&R Roll Man > Slips the Pick,P&R BH - Defense Commits,P&R Roll Man,Slips the Pick,,,,2,22.2,1.0,100.0,50.0,0.0,0,,,,100.0,,1,100.0,0.0,,,1,0,,1.0,0.0,50.0,1,1,0,100.0,0,0,0.0,2
Jalen Adaway,Scarborough Shooting Stars,2024-2025,offense,P&R ball handler,To Basket,4,Slips the Pick,P&R BH - Defense Commits > P&R Roll Man > Slips the Pick > To Basket,P&R BH - Defense Commits,P&R Roll Man,Slips the Pick,To Basket,,,2,100.0,1.0,100.0,50.0,0.0,0,,,,100.0,,1,100.0,0.0,,,1,0,,1.0,0.0,50.0,1,1,0,100.0,0,0,0.0,2
Jalen Adaway,Scarborough Shooting Stars,2024-2025,offense,P&R ball handler,Turnover,5,To Basket,P&R BH - Defense Commits > P&R Roll Man > Slips the Pick > To Basket > Turnover,P&R BH - Defense Commits,P&R Roll Man,Slips the Pick,To Basket,Turnover,,1,50.0,0.0,,100.0,0.0,0,,,,,,0,,0.0,,,0,0,,0.0,,0.0,0,0,0,,0,0,,0
Jalen Adaway,Scarborough Shooting Stars,2024-2025,offense,P&R ball handler,Make 2 Pts,5,To Basket,P&R BH - Defense Commits > P&R Roll Man > Slips the Pick > To Basket > Make 2 Pts,P&R BH - Defense Commits,P&R Roll Man,Slips the Pick,To Basket,Make 2 Pts,,1,50.0,2.0,100.0,0.0,0.0,0,,,,100.0,,1,100.0,0.0,,,1,0,,1.0,0.0,100.0,1,1,0,100.0,0,0,0.0,2
Jalen Adaway,Scarborough Shooting Stars,2024-2025,offense,P&R ball handler,Cut,2,P&R BH - Defense Commits,P&R BH - Defense Commits > Cut,P&R BH - Defense Commits,Cut,,,,,1,4.8,2.0,100.0,0.0,0.0,0,,,,100.0,,1,100.0,0.0,,,1,0,,1.0,0.0,100.0,1,1,0,100.0,0,0,0.0,2
Jalen Adaway,Scarborough Shooting Stars,2024-2025,offense,P&R ball handler,Basket,3,Cut,P&R BH - Defense Commits > Cut > Basket,P&R BH - Defense Commits,Cut,Basket,,,,1,100.0,2.0,100.0,0.0,0.0,0,,,,100.0,,1,100.0,0.0,,,1,0,,1.0,0.0,100.0,1,1,0,100.0,0,0,0.0,2
Jalen Adaway,Scarborough Shooting Stars,2024-2025,offense,P&R ball handler,Make 2 Pts,4,Basket,P&R BH - Defense Commits > Cut > Basket > Make 2 Pts,P&R BH - Defense Commits,Cut,Basket,Make 2 Pts,,,1,100.0,2.0,100.0,0.0,0.0,0,,,,100.0,,1,100.0,0.0,,,1,0,,1.0,0.0,100.0,1,1,0,100.0,0,0,0.0,2
Jalen Adaway,Scarborough Shooting Stars,2024-2025,offense,P&R ball handler,P&R Ball Handler,2,P&R BH - Defense Commits,P&R BH - Defense Commits > P&R Ball Handler,P&R BH - Defense Commits,P&R Ball Handler,,,,,1,4.8,0.0,,100.0,0.0,0,,,,,,0,,0.0,,,0,0,,0.0,,0.0,0,0,0,,0,0,,0
Jalen Adaway,Scarborough Shooting Stars,2024-2025,offense,P&R ball handler,Left P&R,3,P&R Ball Handler,P&R BH - Defense Commits > P&R Ball Handler > Left P&R,P&R BH - Defense Commits,P&R Ball Handler,Left P&R,,,,1,100.0,0.0,,100.0,0.0,0,,,,,,0,,0.0,,,0,0,,0.0,,0.0,0,0,0,,0,0,,0
Jalen Adaway,Scarborough Shooting Stars,2024-2025,offense,P&R ball handler,Baseline,4,Left P&R,P&R BH - Defense Commits > P&R Ball Handler > Left P&R > Baseline,P&R BH - Defense Commits,P&R Ball Handler,Left P&R,Baseline,,,1,100.0,0.0,,100.0,0.0,0,,,,,,0,,0.0,,,0,0,,0.0,,0.0,0,0,0,,0,0,,0
Jalen Adaway,Scarborough Shooting Stars,2024-2025,offense,P&R ball handler,Dribble Off Pick,5,Baseline,P&R BH - Defense Commits > P&R Ball Handler > Left P&R > Baseline > Dribble Off Pick,P&R BH - Defense Commits,P&R Ball Handler,Left P&R,Baseline,Dribble Off Pick,,1,100.0,0.0,,100.0,0.0,0,,,,,,0,,0.0,,,0,0,,0.0,,0.0,0,0,0,,0,0,,0
Jalen Adaway,Scarborough Shooting Stars,2024-2025,offense,P&R ball handler,Defense Commits,6,Dribble Off Pick,P&R BH - Defense Commits > P&R Ball Handler > Left P&R > Baseline > Dribble Off Pick > Defense Commits,P&R BH - Defense Commits,P&R Ball Handler,Left P&R,Baseline,Dribble Off Pick,Defense Commits,1,100.0,0.0,,100.0,0.0,0,,,,,,0,,0.0,,,0,0,,0.0,,0.0,0,0,0,,0,0,,0
Jalen Adaway,Scarborough Shooting Stars,2024-2025,offense,P&R ball handler,P&R BH - Traps,1,,P&R BH - Traps,P&R BH - Traps,,,,,,0,0.0,,,,,0,,,,,,0,,,,,0,0,,0.0,,,0,0,0,,0,0,,0
Jalen Adaway,Scarborough Shooting Stars,2024-2025,offense,Isolation,ISO Including Passes,1,,ISO Including Passes,ISO Including Passes,,,,,,11,7.1,0.545,27.3,0.0,0.0,4,0.0,Poor,12.0,27.3,29.0,11,27.3,0.0,,,3,8,,11.0,0.0,27.3,7,3,4,42.9,0,4,0.36,6
Jalen Adaway,Scarborough Shooting Stars,2024-2025,offense,Isolation,Isolation,2,ISO Including Passes,ISO Including Passes > Isolation,ISO Including Passes,Isolation,,,,,8,72.7,0.75,37.5,0.0,0.0,3,0.0,,,37.5,,8,37.5,0.0,,,3,5,,8.0,0.0,37.5,5,3,2,60.0,0,3,0.38,6
Jalen Adaway,Scarborough Shooting Stars,2024-2025,offense,Isolation,Top,3,Isolation,ISO Including Passes > Isolation > Top,ISO Including Passes,Isolation,Top,,,,5,62.5,0.8,40.0,0.0,0.0,2,0.0,,,40.0,,5,40.0,0.0,,,2,3,,5.0,0.0,40.0,3,2,1,66.7,0,2,0.4,4
Jalen Adaway,Scarborough Shooting Stars,2024-2025,offense,Isolation,Drives Right,4,Top,ISO Including Passes > Isolation > Top > Drives Right,ISO Including Passes,Isolation,Top,Drives Right,,,2,40.0,1.0,50.0,0.0,0.0,0,,,,50.0,,2,50.0,0.0,,,1,1,,2.0,0.0,50.0,2,1,1,50.0,0,0,0.0,2
Jalen Adaway,Scarborough Shooting Stars,2024-2025,offense,Isolation,Dribble Jumper,5,Drives Right,ISO Including Passes > Isolation > Top > Drives Right > Dribble Jumper,ISO Including Passes,Isolation,Top,Drives Right,Dribble Jumper,,1,50.0,0.0,0.0,0.0,0.0,0,,,,0.0,,1,0.0,0.0,,,0,1,,1.0,0.0,0.0,1,0,1,0.0,0,0,0.0,0
Jalen Adaway,Scarborough Shooting Stars,2024-2025,offense,Isolation,Short to < 17,6,Dribble Jumper,ISO Including Passes > Isolation > Top > Drives Right > Dribble Jumper > Short to < 17,ISO Including Passes,Isolation,Top,Drives Right,Dribble Jumper,Short to < 17,1,100.0,0.0,0.0,0.0,0.0,0,,,,0.0,,1,0.0,0.0,,,0,1,,1.0,0.0,0.0,1,0,1,0.0,0,0,0.0,0
Jalen Adaway,Scarborough Shooting Stars,2024-2025,offense,Isolation,To Basket,5,Drives Right,ISO Including Passes > Isolation > Top > Drives Right > To Basket,ISO Including Passes,Isolation,Top,Drives Right,To Basket,,1,50.0,2.0,100.0,0.0,0.0,0,,,,100.0,,1,100.0,0.0,,,1,0,,1.0,0.0,100.0,1,1,0,100.0,0,0,0.0,2
Jalen Adaway,Scarborough Shooting Stars,2024-2025,offense,Isolation,Make 2 Pts,6,To Basket,ISO Including Passes > Isolation > Top > Drives Right > To Basket > Make 2 Pts,ISO Including Passes,Isolation,Top,Drives Right,To Basket,Make 2 Pts,1,100.0,2.0,100.0,0.0,0.0,0,,,,100.0,,1,100.0,0.0,,,1,0,,1.0,0.0,100.0,1,1,0,100.0,0,0,0.0,2
Jalen Adaway,Scarborough Shooting Stars,2024-2025,offense,Isolation,Early Jumper,4,Top,ISO Including Passes > Isolation > Top > Early Jumper,ISO Including Passes,Isolation,Top,Early Jumper,,,2,40.0,0.0,0.0,0.0,0.0,2,0.0,,,0.0,,2,0.0,0.0,,,0,2,,2.0,0.0,0.0,0,0,0,,0,2,1.0,0
Jalen Adaway,Scarborough Shooting Stars,2024-2025,offense,Isolation,Dribble Jumper,5,Early Jumper,ISO Including Passes > Isolation > Top > Early Jumper > Dribble Jumper,ISO Including Passes,Isolation,Top,Early Jumper,Dribble Jumper,,2,100.0,0.0,0.0,0.0,0.0,2,0.0,,,0.0,,2,0.0,0.0,,,0,2,,2.0,0.0,0.0,0,0,0,,0,2,1.0,0
Jalen Adaway,Scarborough Shooting Stars,2024-2025,offense,Isolation,Long/3pt,6,Dribble Jumper,ISO Including Passes > Isolation > Top > Early Jumper > Dribble Jumper > Long/3pt,ISO Including Passes,Isolation,Top,Early Jumper,Dribble Jumper,Long/3pt,2,100.0,0.0,0.0,0.0,0.0,2,0.0,,,0.0,,2,0.0,0.0,,,0,2,,2.0,0.0,0.0,0,0,0,,0,2,1.0,0
Jalen Adaway,Scarborough Shooting Stars,2024-2025,offense,Isolation,Drives Left,4,Top,ISO Including Passes > Isolation > Top > Drives Left,ISO Including Passes,Isolation,Top,Drives Left,,,1,20.0,2.0,100.0,0.0,0.0,0,,,,100.0,,1,100.0,0.0,,,1,0,,1.0,0.0,100.0,1,1,0,100.0,0,0,0.0,2
Jalen Adaway,Scarborough Shooting Stars,2024-2025,offense,Isolation,To Basket,5,Drives Left,ISO Including Passes > Isolation > Top > Drives Left > To Basket,ISO Including Passes,Isolation,Top,Drives Left,To Basket,,1,100.0,2.0,100.0,0.0,0.0,0,,,,100.0,,1,100.0,0.0,,,1,0,,1.0,0.0,100.0,1,1,0,100.0,0,0,0.0,2
Jalen Adaway,Scarborough Shooting Stars,2024-2025,offense,Isolation,Make 2 Pts,6,To Basket,ISO Including Passes > Isolation > Top > Drives Left > To Basket > Make 2 Pts,ISO Including Passes,Isolation,Top,Drives Left,To Basket,Make 2 Pts,1,100.0,2.0,100.0,0.0,0.0,0,,,,100.0,,1,100.0,0.0,,,1,0,,1.0,0.0,100.0,1,1,0,100.0,0,0,0.0,2
Jalen Adaway,Scarborough Shooting Stars,2024-2025,offense,Isolation,Right,3,Isolation,ISO Including Passes > Isolation > Right,ISO Including Passes,Isolation,Right,,,,2,25.0,0.0,0.0,0.0,0.0,1,0.0,,,0.0,,2,0.0,0.0,,,0,2,,2.0,0.0,0.0,1,0,1,0.0,0,1,0.5,0
Jalen Adaway,Scarborough Shooting Stars,2024-2025,offense,Isolation,Drives Right,4,Right,ISO Including Passes > Isolation > Right > Drives Right,ISO Including Passes,Isolation,Right,Drives Right,,,1,50.0,0.0,0.0,0.0,0.0,0,,,,0.0,,1,0.0,0.0,,,0,1,,1.0,0.0,0.0,1,0,1,0.0,0,0,0.0,0
Jalen Adaway,Scarborough Shooting Stars,2024-2025,offense,Isolation,Dribble Jumper,5,Drives Right,ISO Including Passes > Isolation > Right > Drives Right > Dribble Jumper,ISO Including Passes,Isolation,Right,Drives Right,Dribble Jumper,,1,100.0,0.0,0.0,0.0,0.0,0,,,,0.0,,1,0.0,0.0,,,0,1,,1.0,0.0,0.0,1,0,1,0.0,0,0,0.0,0
Jalen Adaway,Scarborough Shooting Stars,2024-2025,offense,Isolation,Short to < 17,6,Dribble Jumper,ISO Including Passes > Isolation > Right > Drives Right > Dribble Jumper > Short to < 17,ISO Including Passes,Isolation,Right,Drives Right,Dribble Jumper,Short to < 17,1,100.0,0.0,0.0,0.0,0.0,0,,,,0.0,,1,0.0,0.0,,,0,1,,1.0,0.0,0.0,1,0,1,0.0,0,0,0.0,0
Jalen Adaway,Scarborough Shooting Stars,2024-2025,offense,Isolation,Early Jumper,4,Right,ISO Including Passes > Isolation > Right > Early Jumper,ISO Including Passes,Isolation,Right,Early Jumper,,,1,50.0,0.0,0.0,0.0,0.0,1,0.0,,,0.0,,1,0.0,0.0,,,0,1,,1.0,0.0,0.0,0,0,0,,0,1,1.0,0
Jalen Adaway,Scarborough Shooting Stars,2024-2025,offense,Isolation,No Dribble Jumper,5,Early Jumper,ISO Including Passes > Isolation > Right > Early Jumper > No Dribble Jumper,ISO Including Passes,Isolation,Right,Early Jumper,No Dribble Jumper,,1,100.0,0.0,0.0,0.0,0.0,1,0.0,,,0.0,,1,0.0,0.0,,,0,1,,1.0,0.0,0.0,0,0,0,,0,1,1.0,0
Jalen Adaway,Scarborough Shooting Stars,2024-2025,offense,Isolation,Guarded,6,No Dribble Jumper,ISO Including Passes > Isolation > Right > Early Jumper > No Dribble Jumper > Guarded,ISO Including Passes,Isolation,Right,Early Jumper,No Dribble Jumper,Guarded,1,100.0,0.0,0.0,0.0,0.0,1,0.0,,,0.0,,1,0.0,0.0,,,0,1,,1.0,0.0,0.0,0,0,0,,0,1,1.0,0
Jalen Adaway,Scarborough Shooting Stars,2024-2025,offense,Isolation,Left,3,Isolation,ISO Including Passes > Isolation > Left,ISO Including Passes,Isolation,Left,,,,1,12.5,2.0,100.0,0.0,0.0,0,,,,100.0,,1,100.0,0.0,,,1,0,,1.0,0.0,100.0,1,1,0,100.0,0,0,0.0,2
Jalen Adaway,Scarborough Shooting Stars,2024-2025,offense,Isolation,Drives Right,4,Left,ISO Including Passes > Isolation > Left > Drives Right,ISO Including Passes,Isolation,Left,Drives Right,,,1,100.0,2.0,100.0,0.0,0.0,0,,,,100.0,,1,100.0,0.0,,,1,0,,1.0,0.0,100.0,1,1,0,100.0,0,0,0.0,2
Jalen Adaway,Scarborough Shooting Stars,2024-2025,offense,Isolation,Dribble Jumper,5,Drives Right,ISO Including Passes > Isolation > Left > Drives Right > Dribble Jumper,ISO Including Passes,Isolation,Left,Drives Right,Dribble Jumper,,1,100.0,2.0,100.0,0.0,0.0,0,,,,100.0,,1,100.0,0.0,,,1,0,,1.0,0.0,100.0,1,1,0,100.0,0,0,0.0,2
Jalen Adaway,Scarborough Shooting Stars,2024-2025,offense,Isolation,Short to < 17,6,Dribble Jumper,ISO Including Passes > Isolation > Left > Drives Right > Dribble Jumper > Short to < 17,ISO Including Passes,Isolation,Left,Drives Right,Dribble Jumper,Short to < 17,1,100.0,2.0,100.0,0.0,0.0,0,,,,100.0,,1,100.0,0.0,,,1,0,,1.0,0.0,100.0,1,1,0,100.0,0,0,0.0,2
Jalen Adaway,Scarborough Shooting Stars,2024-2025,offense,Isolation,Spot-Up,2,ISO Including Passes,ISO Including Passes > Spot-Up,ISO Including Passes,Spot-Up,,,,,3,27.3,0.0,0.0,0.0,0.0,1,0.0,,,0.0,,3,0.0,0.0,,,0,3,,3.0,0.0,0.0,2,0,2,0.0,0,1,0.33,0
Jalen Adaway,Scarborough Shooting Stars,2024-2025,offense,Isolation,Drives Left,3,Spot-Up,ISO Including Passes > Spot-Up > Drives Left,ISO Including Passes,Spot-Up,Drives Left,,,,1,33.3,0.0,0.0,0.0,0.0,0,,,,0.0,,1,0.0,0.0,,,0,1,,1.0,0.0,0.0,1,0,1,0.0,0,0,0.0,0
Jalen Adaway,Scarborough Shooting Stars,2024-2025,offense,Isolation,Dribble Jumper,4,Drives Left,ISO Including Passes > Spot-Up > Drives Left > Dribble Jumper,ISO Including Passes,Spot-Up,Drives Left,Dribble Jumper,,,1,100.0,0.0,0.0,0.0,0.0,0,,,,0.0,,1,0.0,0.0,,,0,1,,1.0,0.0,0.0,1,0,1,0.0,0,0,0.0,0
Jalen Adaway,Scarborough Shooting Stars,2024-2025,offense,Isolation,Medium/17' to 3pt,5,Dribble Jumper,ISO Including Passes > Spot-Up > Drives Left > Dribble Jumper > Medium/17' to 3pt,ISO Including Passes,Spot-Up,Drives Left,Dribble Jumper,Medium/17' to 3pt,,1,100.0,0.0,0.0,0.0,0.0,0,,,,0.0,,1,0.0,0.0,,,0,1,,1.0,0.0,0.0,1,0,1,0.0,0,0,0.0,0
Jalen Adaway,Scarborough Shooting Stars,2024-2025,offense,Isolation,Miss 2 Pts,6,Medium/17' to 3pt,ISO Including Passes > Spot-Up > Drives Left > Dribble Jumper > Medium/17' to 3pt > Miss 2 Pts,ISO Including Passes,Spot-Up,Drives Left,Dribble Jumper,Medium/17' to 3pt,Miss 2 Pts,1,100.0,0.0,0.0,0.0,0.0,0,,,,0.0,,1,0.0,0.0,,,0,1,,1.0,0.0,0.0,1,0,1,0.0,0,0,0.0,0
Jalen Adaway,Scarborough Shooting Stars,2024-2025,offense,Isolation,Drives Right,3,Spot-Up,ISO Including Passes > Spot-Up > Drives Right,ISO Including Passes,Spot-Up,Drives Right,,,,1,33.3,0.0,0.0,0.0,0.0,0,,,,0.0,,1,0.0,0.0,,,0,1,,1.0,0.0,0.0,1,0,1,0.0,0,0,0.0,0
Jalen Adaway,Scarborough Shooting Stars,2024-2025,offense,Isolation,To Basket,4,Drives Right,ISO Including Passes > Spot-Up > Drives Right > To Basket,ISO Including Passes,Spot-Up,Drives Right,To Basket,,,1,100.0,0.0,0.0,0.0,0.0,0,,,,0.0,,1,0.0,0.0,,,0,1,,1.0,0.0,0.0,1,0,1,0.0,0,0,0.0,0
Jalen Adaway,Scarborough Shooting Stars,2024-2025,offense,Isolation,Miss 2 Pts,5,To Basket,ISO Including Passes > Spot-Up > Drives Right > To Basket > Miss 2 Pts,ISO Including Passes,Spot-Up,Drives Right,To Basket,Miss 2 Pts,,1,100.0,0.0,0.0,0.0,0.0,0,,,,0.0,,1,0.0,0.0,,,0,1,,1.0,0.0,0.0,1,0,1,0.0,0,0,0.0,0
Jalen Adaway,Scarborough Shooting Stars,2024-2025,offense,Isolation,No Dribble Jumper,3,Spot-Up,ISO Including Passes > Spot-Up > No Dribble Jumper,ISO Including Passes,Spot-Up,No Dribble Jumper,,,,1,33.3,0.0,0.0,0.0,0.0,1,0.0,,,0.0,,1,0.0,0.0,,,0,1,,1.0,0.0,0.0,0,0,0,,0,1,1.0,0
Jalen Adaway,Scarborough Shooting Stars,2024-2025,offense,Isolation,Guarded,4,No Dribble Jumper,ISO Including Passes > Spot-Up > No Dribble Jumper > Guarded,ISO Including Passes,Spot-Up,No Dribble Jumper,Guarded,,,1,100.0,0.0,0.0,0.0,0.0,1,0.0,,,0.0,,1,0.0,0.0,,,0,1,,1.0,0.0,0.0,0,0,0,,0,1,1.0,0
Jalen Adaway,Scarborough Shooting Stars,2024-2025,offense,Isolation,Long/3pt,5,Guarded,ISO Including Passes > Spot-Up > No Dribble Jumper > Guarded > Long/3pt,ISO Including Passes,Spot-Up,No Dribble Jumper,Guarded,Long/3pt,,1,100.0,0.0,0.0,0.0,0.0,1,0.0,,,0.0,,1,0.0,0.0,,,0,1,,1.0,0.0,0.0,0,0,0,,0,1,1.0,0
Jalen Adaway,Scarborough Shooting Stars,2024-2025,offense,Isolation,Miss 3 Pts,6,Long/3pt,ISO Including Passes > Spot-Up > No Dribble Jumper > Guarded > Long/3pt > Miss 3 Pts,ISO Including Passes,Spot-Up,No Dribble Jumper,Guarded,Long/3pt,Miss 3 Pts,1,100.0,0.0,0.0,0.0,0.0,1,0.0,,,0.0,,1,0.0,0.0,,,0,1,,1.0,0.0,0.0,0,0,0,,0,1,1.0,0
Jalen Adaway,Scarborough Shooting Stars,2024-2025,offense,Isolation,ISO - Defense Commits,1,,ISO - Defense Commits,ISO - Defense Commits,,,,,,3,1.9,0.0,0.0,0.0,0.0,1,0.0,,,0.0,,3,0.0,0.0,,,0,3,,3.0,0.0,0.0,2,0,2,0.0,0,1,0.33,0
Jalen Adaway,Scarborough Shooting Stars,2024-2025,offense,Isolation,Drives Right,2,ISO - Defense Commits,ISO - Defense Commits > Drives Right,ISO - Defense Commits,Drives Right,,,,,1,33.3,0.0,0.0,0.0,0.0,0,,,,0.0,,1,0.0,0.0,,,0,1,,1.0,0.0,0.0,1,0,1,0.0,0,0,0.0,0
Jalen Adaway,Scarborough Shooting Stars,2024-2025,offense,Isolation,To Basket,3,Drives Right,ISO - Defense Commits > Drives Right > To Basket,ISO - Defense Commits,Drives Right,To Basket,,,,1,100.0,0.0,0.0,0.0,0.0,0,,,,0.0,,1,0.0,0.0,,,0,1,,1.0,0.0,0.0,1,0,1,0.0,0,0,0.0,0
Jalen Adaway,Scarborough Shooting Stars,2024-2025,offense,Isolation,Miss 2 Pts,4,To Basket,ISO - Defense Commits > Drives Right > To Basket > Miss 2 Pts,ISO - Defense Commits,Drives Right,To Basket,Miss 2 Pts,,,1,100.0,0.0,0.0,0.0,0.0,0,,,,0.0,,1,0.0,0.0,,,0,1,,1.0,0.0,0.0,1,0,1,0.0,0,0,0.0,0
Jalen Adaway,Scarborough Shooting Stars,2024-2025,offense,Isolation,Drives Left,2,ISO - Defense Commits,ISO - Defense Commits > Drives Left,ISO - Defense Commits,Drives Left,,,,,1,33.3,0.0,0.0,0.0,0.0,0,,,,0.0,,1,0.0,0.0,,,0,1,,1.0,0.0,0.0,1,0,1,0.0,0,0,0.0,0
Jalen Adaway,Scarborough Shooting Stars,2024-2025,offense,Isolation,Dribble Jumper,3,Drives Left,ISO - Defense Commits > Drives Left > Dribble Jumper,ISO - Defense Commits,Drives Left,Dribble Jumper,,,,1,100.0,0.0,0.0,0.0,0.0,0,,,,0.0,,1,0.0,0.0,,,0,1,,1.0,0.0,0.0,1,0,1,0.0,0,0,0.0,0
Jalen Adaway,Scarborough Shooting Stars,2024-2025,offense,Isolation,Medium/17' to 3pt,4,Dribble Jumper,ISO - Defense Commits > Drives Left > Dribble Jumper > Medium/17' to 3pt,ISO - Defense Commits,Drives Left,Dribble Jumper,Medium/17' to 3pt,,,1,100.0,0.0,0.0,0.0,0.0,0,,,,0.0,,1,0.0,0.0,,,0,1,,1.0,0.0,0.0,1,0,1,0.0,0,0,0.0,0
Jalen Adaway,Scarborough Shooting Stars,2024-2025,offense,Isolation,Miss 2 Pts,5,Medium/17' to 3pt,ISO - Defense Commits > Drives Left > Dribble Jumper > Medium/17' to 3pt > Miss 2 Pts,ISO - Defense Commits,Drives Left,Dribble Jumper,Medium/17' to 3pt,Miss 2 Pts,,1,100.0,0.0,0.0,0.0,0.0,0,,,,0.0,,1,0.0,0.0,,,0,1,,1.0,0.0,0.0,1,0,1,0.0,0,0,0.0,0
Jalen Adaway,Scarborough Shooting Stars,2024-2025,offense,Isolation,No Dribble Jumper,2,ISO - Defense Commits,ISO - Defense Commits > No Dribble Jumper,ISO - Defense Commits,No Dribble Jumper,,,,,1,33.3,0.0,0.0,0.0,0.0,1,0.0,,,0.0,,1,0.0,0.0,,,0,1,,1.0,0.0,0.0,0,0,0,,0,1,1.0,0
Jalen Adaway,Scarborough Shooting Stars,2024-2025,offense,Isolation,Guarded,3,No Dribble Jumper,ISO - Defense Commits > No Dribble Jumper > Guarded,ISO - Defense Commits,No Dribble Jumper,Guarded,,,,1,100.0,0.0,0.0,0.0,0.0,1,0.0,,,0.0,,1,0.0,0.0,,,0,1,,1.0,0.0,0.0,0,0,0,,0,1,1.0,0
Jalen Adaway,Scarborough Shooting Stars,2024-2025,offense,Isolation,Long/3pt,4,Guarded,ISO - Defense Commits > No Dribble Jumper > Guarded > Long/3pt,ISO - Defense Commits,No Dribble Jumper,Guarded,Long/3pt,,,1,100.0,0.0,0.0,0.0,0.0,1,0.0,,,0.0,,1,0.0,0.0,,,0,1,,1.0,0.0,0.0,0,0,0,,0,1,1.0,0
Jalen Adaway,Scarborough Shooting Stars,2024-2025,offense,Isolation,Miss 3 Pts,5,Long/3pt,ISO - Defense Commits > No Dribble Jumper > Guarded > Long/3pt > Miss 3 Pts,ISO - Defense Commits,No Dribble Jumper,Guarded,Long/3pt,Miss 3 Pts,,1,100.0,0.0,0.0,0.0,0.0,1,0.0,,,0.0,,1,0.0,0.0,,,0,1,,1.0,0.0,0.0,0,0,0,,0,1,1.0,0
Jalen Adaway,Scarborough Shooting Stars,2024-2025,offense,Post up,Post-Ups Including Passes,1,,Post-Ups Including Passes,Post-Ups Including Passes,,,,,,1,0.6,0.0,0.0,0.0,0.0,0,,,,0.0,,1,0.0,0.0,,,0,1,,1.0,0.0,0.0,1,0,1,0.0,0,0,0.0,0
Jalen Adaway,Scarborough Shooting Stars,2024-2025,offense,Post up,Flash,2,Post-Ups Including Passes,Post-Ups Including Passes > Flash,Post-Ups Including Passes,Flash,,,,,1,100.0,0.0,0.0,0.0,0.0,0,,,,0.0,,1,0.0,0.0,,,0,1,,1.0,0.0,0.0,1,0,1,0.0,0,0,0.0,0
Jalen Adaway,Scarborough Shooting Stars,2024-2025,offense,Post up,Miss 2 Pts,3,Flash,Post-Ups Including Passes > Flash > Miss 2 Pts,Post-Ups Including Passes,Flash,Miss 2 Pts,,,,1,100.0,0.0,0.0,0.0,0.0,0,,,,0.0,,1,0.0,0.0,,,0,1,,1.0,0.0,0.0,1,0,1,0.0,0,0,0.0,0
Jalen Adaway,Scarborough Shooting Stars,2024-2025,offense,Post up,Post-Up - Defense Commits,1,,Post-Up - Defense Commits,Post-Up - Defense Commits,,,,,,1,0.6,0.0,0.0,0.0,0.0,0,,,,0.0,,1,0.0,0.0,,,0,1,,1.0,0.0,0.0,1,0,1,0.0,0,0,0.0,0
Jalen Adaway,Scarborough Shooting Stars,2024-2025,offense,Post up,Flash,2,Post-Up - Defense Commits,Post-Up - Defense Commits > Flash,Post-Up - Defense Commits,Flash,,,,,1,100.0,0.0,0.0,0.0,0.0,0,,,,0.0,,1,0.0,0.0,,,0,1,,1.0,0.0,0.0,1,0,1,0.0,0,0,0.0,0
Jalen Adaway,Scarborough Shooting Stars,2024-2025,offense,Post up,Miss 2 Pts,3,Flash,Post-Up - Defense Commits > Flash > Miss 2 Pts,Post-Up - Defense Commits,Flash,Miss 2 Pts,,,,1,100.0,0.0,0.0,0.0,0.0,0,,,,0.0,,1,0.0,0.0,,,0,1,,1.0,0.0,0.0,1,0,1,0.0,0,0,0.0,0
Jalen Adaway,Scarborough Shooting Stars,2024-2025,offense,Post up,Post-Up - Hard Double,1,,Post-Up - Hard Double,Post-Up - Hard Double,,,,,,0,0.0,,,,,0,,,,,,0,,,,,0,0,,0.0,,,0,0,0,,0,0,,0
