PLAYER,TEAM,SEASON,SIDE,TABLE,STAT,DEPTH,PARENT,PATH,LEVEL_1,LEVEL_2,LEVEL_3,LEVEL_4,LEVEL_5,LEVEL_6,POSS,%TIME,PPP,TS%,TO%,%FT,3FG ATT,3 FG%,PPP RATING,PPP RANK,FG%,%TIME RANK,FG ATT,EFG%,%SF,SSQ,PPS,FG MADE,FG MISS,SSM,TSA,FTA/FGA,SCORE%,2 FG ATT,2 FG MADE,2 FG MISS,2 FG%,3 FG MADE,3 FG MISS,3PA/FGA,PTS
Nick Hornsby,Edmonton Stingers,2025-2026,defense,Play types,Spot Up,1,,Spot Up,Spot Up,,,,,,104,47.1,0.99,52.4,5.8,2.9,69,33.3,Average,45.0,39.6,86.0,96,51.6,2.9,,,38,58,,98.2,0.05,38.5,27,15,12,55.6,23,46,0.72,103
Nick Hornsby,Edmonton Stingers,2025-2026,defense,Play types,No Dribble Jumper,2,Spot Up,Spot Up > No Dribble Jumper,Spot Up,No Dribble Jumper,,,,,68,65.4,1.0,50.0,0.0,0.0,65,33.8,,,33.8,,68,50.0,0.0,,,23,45,,68.0,0.0,33.8,3,1,2,33.3,22,43,0.96,68
Nick Hornsby,Edmonton Stingers,2025-2026,defense,Play types,Open,3,No Dribble Jumper,Spot Up > No Dribble Jumper > Open,Spot Up,No Dribble Jumper,Open,,,,36,52.9,1.139,56.9,0.0,0.0,34,38.2,,,38.9,,36,56.9,0.0,,,14,22,,36.0,0.0,38.9,2,1,1,50.0,13,21,0.94,41
Nick Hornsby,Edmonton Stingers,2025-2026,defense,Play types,Long/3pt,4,Open,Spot Up > No Dribble Jumper > Open > Long/3pt,Spot Up,No Dribble Jumper,Open,Long/3pt,,,34,94.4,1.147,57.4,0.0,0.0,34,38.2,,,38.2,,34,57.4,0.0,,,13,21,,34.0,0.0,38.2,0,0,0,,13,21,1.0,39
Nick Hornsby,Edmonton Stingers,2025-2026,defense,Play types,Miss 3 Pts,5,Long/3pt,Spot Up > No Dribble Jumper > Open > Long/3pt > Miss 3 Pts,Spot Up,No Dribble Jumper,Open,Long/3pt,Miss 3 Pts,,21,61.8,0.0,0.0,0.0,0.0,21,0.0,,,0.0,,21,0.0,0.0,,,0,21,,21.0,0.0,0.0,0,0,0,,0,21,1.0,0
Nick Hornsby,Edmonton Stingers,2025-2026,defense,Play types,Make 3 Pts,5,Long/3pt,Spot Up > No Dribble Jumper > Open > Long/3pt > Make 3 Pts,Spot Up,No Dribble Jumper,Open,Long/3pt,Make 3 Pts,,13,38.2,3.0,150.0,0.0,0.0,13,100.0,,,100.0,,13,150.0,0.0,,,13,0,,13.0,0.0,100.0,0,0,0,,13,0,1.0,39
Nick Hornsby,Edmonton Stingers,2025-2026,defense,Play types,Medium/17' to 3pt,4,Open,Spot Up > No Dribble Jumper > Open > Medium/17' to 3pt,Spot Up,No Dribble Jumper,Open,Medium/17' to 3pt,,,2,5.6,1.0,50.0,0.0,0.0,0,,,,50.0,,2,50.0,0.0,,,1,1,,2.0,0.0,50.0,2,1,1,50.0,0,0,0.0,2
Nick Hornsby,Edmonton Stingers,2025-2026,defense,Play types,Make 2 Pts,5,Medium/17' to 3pt,Spot Up > No Dribble Jumper > Open > Medium/17' to 3pt > Make 2 Pts,Spot Up,No Dribble Jumper,Open,Medium/17' to 3pt,Make 2 Pts,,1,50.0,2.0,100.0,0.0,0.0,0,,,,100.0,,1,100.0,0.0,,,1,0,,1.0,0.0,100.0,1,1,0,100.0,0,0,0.0,2
Nick Hornsby,Edmonton Stingers,2025-2026,defense,Play types,Miss 2 Pts,5,Medium/17' to 3pt,Spot Up > No Dribble Jumper > Open > Medium/17' to 3pt > Miss 2 Pts,Spot Up,No Dribble Jumper,Open,Medium/17' to 3pt,Miss 2 Pts,,1,50.0,0.0,0.0,0.0,0.0,0,,,,0.0,,1,0.0,0.0,,,0,1,,1.0,0.0,0.0,1,0,1,0.0,0,0,0.0,0
Nick Hornsby,Edmonton Stingers,2025-2026,defense,Play types,Guarded,3,No Dribble Jumper,Spot Up > No Dribble Jumper > Guarded,Spot Up,No Dribble Jumper,Guarded,,,,32,47.1,0.844,42.2,0.0,0.0,31,29.0,,,28.1,,32,42.2,0.0,,,9,23,,32.0,0.0,28.1,1,0,1,0.0,9,22,0.97,27
Nick Hornsby,Edmonton Stingers,2025-2026,defense,Play types,Long/3pt,4,Guarded,Spot Up > No Dribble Jumper > Guarded > Long/3pt,Spot Up,No Dribble Jumper,Guarded,Long/3pt,,,31,96.9,0.871,43.5,0.0,0.0,31,29.0,,,29.0,,31,43.5,0.0,,,9,22,,31.0,0.0,29.0,0,0,0,,9,22,1.0,27
Nick Hornsby,Edmonton Stingers,2025-2026,defense,Play types,Miss 3 Pts,5,Long/3pt,Spot Up > No Dribble Jumper > Guarded > Long/3pt > Miss 3 Pts,Spot Up,No Dribble Jumper,Guarded,Long/3pt,Miss 3 Pts,,22,71.0,0.0,0.0,0.0,0.0,22,0.0,,,0.0,,22,0.0,0.0,,,0,22,,22.0,0.0,0.0,0,0,0,,0,22,1.0,0
Nick Hornsby,Edmonton Stingers,2025-2026,defense,Play types,Make 3 Pts,5,Long/3pt,Spot Up > No Dribble Jumper > Guarded > Long/3pt > Make 3 Pts,Spot Up,No Dribble Jumper,Guarded,Long/3pt,Make 3 Pts,,9,29.0,3.0,150.0,0.0,0.0,9,100.0,,,100.0,,9,150.0,0.0,,,9,0,,9.0,0.0,100.0,0,0,0,,9,0,1.0,27
Nick Hornsby,Edmonton Stingers,2025-2026,defense,Play types,Medium/17' to 3pt,4,Guarded,Spot Up > No Dribble Jumper > Guarded > Medium/17' to 3pt,Spot Up,No Dribble Jumper,Guarded,Medium/17' to 3pt,,,1,3.1,0.0,0.0,0.0,0.0,0,,,,0.0,,1,0.0,0.0,,,0,1,,1.0,0.0,0.0,1,0,1,0.0,0,0,0.0,0
Nick Hornsby,Edmonton Stingers,2025-2026,defense,Play types,Miss 2 Pts,5,Medium/17' to 3pt,Spot Up > No Dribble Jumper > Guarded > Medium/17' to 3pt > Miss 2 Pts,Spot Up,No Dribble Jumper,Guarded,Medium/17' to 3pt,Miss 2 Pts,,1,100.0,0.0,0.0,0.0,0.0,0,,,,0.0,,1,0.0,0.0,,,0,1,,1.0,0.0,0.0,1,0,1,0.0,0,0,0.0,0
Nick Hornsby,Edmonton Stingers,2025-2026,defense,Play types,Drives Right,2,Spot Up,Spot Up > Drives Right,Spot Up,Drives Right,,,,,16,15.4,0.938,63.8,25.0,12.5,0,,,,60.0,,10,60.0,12.5,,,6,4,,11.8,0.4,50.0,10,6,4,60.0,0,0,0.0,15
Nick Hornsby,Edmonton Stingers,2025-2026,defense,Play types,To Basket,3,Drives Right,Spot Up > Drives Right > To Basket,Spot Up,Drives Right,To Basket,,,,12,75.0,1.25,69.7,8.3,16.7,0,,,,66.7,,9,66.7,16.7,,,6,3,,10.8,0.44,66.7,9,6,3,66.7,0,0,0.0,15
Nick Hornsby,Edmonton Stingers,2025-2026,defense,Play types,Make 2 Pts,4,To Basket,Spot Up > Drives Right > To Basket > Make 2 Pts,Spot Up,Drives Right,To Basket,Make 2 Pts,,,6,50.0,2.0,100.0,0.0,0.0,0,,,,100.0,,6,100.0,0.0,,,6,0,,6.0,0.0,100.0,6,6,0,100.0,0,0,0.0,12
Nick Hornsby,Edmonton Stingers,2025-2026,defense,Play types,Miss 2 Pts,4,To Basket,Spot Up > Drives Right > To Basket > Miss 2 Pts,Spot Up,Drives Right,To Basket,Miss 2 Pts,,,3,25.0,0.0,0.0,0.0,0.0,0,,,,0.0,,3,0.0,0.0,,,0,3,,3.0,0.0,0.0,3,0,3,0.0,0,0,0.0,0
Nick Hornsby,Edmonton Stingers,2025-2026,defense,Play types,Foul,4,To Basket,Spot Up > Drives Right > To Basket > Foul,Spot Up,Drives Right,To Basket,Foul,,,2,16.7,1.5,85.2,0.0,100.0,0,,,,,,0,,100.0,,,0,0,,1.8,,100.0,0,0,0,,0,0,,3
Nick Hornsby,Edmonton Stingers,2025-2026,defense,Play types,Turnover,4,To Basket,Spot Up > Drives Right > To Basket > Turnover,Spot Up,Drives Right,To Basket,Turnover,,,1,8.3,0.0,,100.0,0.0,0,,,,,,0,,0.0,,,0,0,,0.0,,0.0,0,0,0,,0,0,,0
Nick Hornsby,Edmonton Stingers,2025-2026,defense,Play types,Turnover,3,Drives Right,Spot Up > Drives Right > Turnover,Spot Up,Drives Right,Turnover,,,,3,18.8,0.0,,100.0,0.0,0,,,,,,0,,0.0,,,0,0,,0.0,,0.0,0,0,0,,0,0,,0
Nick Hornsby,Edmonton Stingers,2025-2026,defense,Play types,Dribble Jumper,3,Drives Right,Spot Up > Drives Right > Dribble Jumper,Spot Up,Drives Right,Dribble Jumper,,,,1,6.3,0.0,0.0,0.0,0.0,0,,,,0.0,,1,0.0,0.0,,,0,1,,1.0,0.0,0.0,1,0,1,0.0,0,0,0.0,0
Nick Hornsby,Edmonton Stingers,2025-2026,defense,Play types,Medium/17' to 3pt,4,Dribble Jumper,Spot Up > Drives Right > Dribble Jumper > Medium/17' to 3pt,Spot Up,Drives Right,Dribble Jumper,Medium/17' to 3pt,,,1,100.0,0.0,0.0,0.0,0.0,0,,,,0.0,,1,0.0,0.0,,,0,1,,1.0,0.0,0.0,1,0,1,0.0,0,0,0.0,0
Nick Hornsby,Edmonton Stingers,2025-2026,defense,Play types,Miss 2 Pts,5,Medium/17' to 3pt,Spot Up > Drives Right > Dribble Jumper > Medium/17' to 3pt > Miss 2 Pts,Spot Up,Drives Right,Dribble Jumper,Medium/17' to 3pt,Miss 2 Pts,,1,100.0,0.0,0.0,0.0,0.0,0,,,,0.0,,1,0.0,0.0,,,0,1,,1.0,0.0,0.0,1,0,1,0.0,0,0,0.0,0
Nick Hornsby,Edmonton Stingers,2025-2026,defense,Play types,Drives Left,2,Spot Up,Spot Up > Drives Left,Spot Up,Drives Left,,,,,15,14.4,0.867,50.0,13.3,0.0,2,50.0,,,46.2,,13,50.0,0.0,,,6,7,,13.0,0.0,40.0,11,5,6,45.5,1,1,0.15,13
Nick Hornsby,Edmonton Stingers,2025-2026,defense,Play types,To Basket,3,Drives Left,Spot Up > Drives Left > To Basket,Spot Up,Drives Left,To Basket,,,,9,60.0,0.889,50.0,11.1,0.0,0,,,,50.0,,8,50.0,0.0,,,4,4,,8.0,0.0,44.4,8,4,4,50.0,0,0,0.0,8
Nick Hornsby,Edmonton Stingers,2025-2026,defense,Play types,Make 2 Pts,4,To Basket,Spot Up > Drives Left > To Basket > Make 2 Pts,Spot Up,Drives Left,To Basket,Make 2 Pts,,,4,44.4,2.0,100.0,0.0,0.0,0,,,,100.0,,4,100.0,0.0,,,4,0,,4.0,0.0,100.0,4,4,0,100.0,0,0,0.0,8
Nick Hornsby,Edmonton Stingers,2025-2026,defense,Play types,Miss 2 Pts,4,To Basket,Spot Up > Drives Left > To Basket > Miss 2 Pts,Spot Up,Drives Left,To Basket,Miss 2 Pts,,,4,44.4,0.0,0.0,0.0,0.0,0,,,,0.0,,4,0.0,0.0,,,0,4,,4.0,0.0,0.0,4,0,4,0.0,0,0,0.0,0
Nick Hornsby,Edmonton Stingers,2025-2026,defense,Play types,Turnover,4,To Basket,Spot Up > Drives Left > To Basket > Turnover,Spot Up,Drives Left,To Basket,Turnover,,,1,11.1,0.0,,100.0,0.0,0,,,,,,0,,0.0,,,0,0,,0.0,,0.0,0,0,0,,0,0,,0
Nick Hornsby,Edmonton Stingers,2025-2026,defense,Play types,Dribble Jumper,3,Drives Left,Spot Up > Drives Left > Dribble Jumper,Spot Up,Drives Left,Dribble Jumper,,,,5,33.3,1.0,50.0,0.0,0.0,2,50.0,,,40.0,,5,50.0,0.0,,,2,3,,5.0,0.0,40.0,3,1,2,33.3,1,1,0.4,5
Nick Hornsby,Edmonton Stingers,2025-2026,defense,Play types,Long/3pt,4,Dribble Jumper,Spot Up > Drives Left > Dribble Jumper > Long/3pt,Spot Up,Drives Left,Dribble Jumper,Long/3pt,,,2,40.0,1.5,75.0,0.0,0.0,2,50.0,,,50.0,,2,75.0,0.0,,,1,1,,2.0,0.0,50.0,0,0,0,,1,1,1.0,3
Nick Hornsby,Edmonton Stingers,2025-2026,defense,Play types,Miss 3 Pts,5,Long/3pt,Spot Up > Drives Left > Dribble Jumper > Long/3pt > Miss 3 Pts,Spot Up,Drives Left,Dribble Jumper,Long/3pt,Miss 3 Pts,,1,50.0,0.0,0.0,0.0,0.0,1,0.0,,,0.0,,1,0.0,0.0,,,0,1,,1.0,0.0,0.0,0,0,0,,0,1,1.0,0
Nick Hornsby,Edmonton Stingers,2025-2026,defense,Play types,Make 3 Pts,5,Long/3pt,Spot Up > Drives Left > Dribble Jumper > Long/3pt > Make 3 Pts,Spot Up,Drives Left,Dribble Jumper,Long/3pt,Make 3 Pts,,1,50.0,3.0,150.0,0.0,0.0,1,100.0,,,100.0,,1,150.0,0.0,,,1,0,,1.0,0.0,100.0,0,0,0,,1,0,1.0,3
Nick Hornsby,Edmonton Stingers,2025-2026,defense,Play types,Short to < 17,4,Dribble Jumper,Spot Up > Drives Left > Dribble Jumper > Short to < 17,Spot Up,Drives Left,Dribble Jumper,Short to < 17,,,2,40.0,0.0,0.0,0.0,0.0,0,,,,0.0,,2,0.0,0.0,,,0,2,,2.0,0.0,0.0,2,0,2,0.0,0,0,0.0,0
Nick Hornsby,Edmonton Stingers,2025-2026,defense,Play types,Miss 2 Pts,5,Short to < 17,Spot Up > Drives Left > Dribble Jumper > Short to < 17 > Miss 2 Pts,Spot Up,Drives Left,Dribble Jumper,Short to < 17,Miss 2 Pts,,2,100.0,0.0,0.0,0.0,0.0,0,,,,0.0,,2,0.0,0.0,,,0,2,,2.0,0.0,0.0,2,0,2,0.0,0,0,0.0,0
Nick Hornsby,Edmonton Stingers,2025-2026,defense,Play types,Medium/17' to 3pt,4,Dribble Jumper,Spot Up > Drives Left > Dribble Jumper > Medium/17' to 3pt,Spot Up,Drives Left,Dribble Jumper,Medium/17' to 3pt,,,1,20.0,2.0,100.0,0.0,0.0,0,,,,100.0,,1,100.0,0.0,,,1,0,,1.0,0.0,100.0,1,1,0,100.0,0,0,0.0,2
Nick Hornsby,Edmonton Stingers,2025-2026,defense,Play types,Make 2 Pts,5,Medium/17' to 3pt,Spot Up > Drives Left > Dribble Jumper > Medium/17' to 3pt > Make 2 Pts,Spot Up,Drives Left,Dribble Jumper,Medium/17' to 3pt,Make 2 Pts,,1,100.0,2.0,100.0,0.0,0.0,0,,,,100.0,,1,100.0,0.0,,,1,0,,1.0,0.0,100.0,1,1,0,100.0,0,0,0.0,2
Nick Hornsby,Edmonton Stingers,2025-2026,defense,Play types,Turnover,3,Drives Left,Spot Up > Drives Left > Turnover,Spot Up,Drives Left,Turnover,,,,1,6.7,0.0,,100.0,0.0,0,,,,,,0,,0.0,,,0,0,,0.0,,0.0,0,0,0,,0,0,,0
Nick Hornsby,Edmonton Stingers,2025-2026,defense,Play types,Drives Straight,2,Spot Up,Spot Up > Drives Straight,Spot Up,Drives Straight,,,,,5,4.8,1.4,64.3,0.0,20.0,2,0.0,,,60.0,,5,60.0,20.0,,,3,2,,5.4,0.2,60.0,3,3,0,100.0,0,2,0.4,7
Nick Hornsby,Edmonton Stingers,2025-2026,defense,Play types,Dribble Jumper,3,Drives Straight,Spot Up > Drives Straight > Dribble Jumper,Spot Up,Drives Straight,Dribble Jumper,,,,3,60.0,0.667,33.3,0.0,0.0,2,0.0,,,33.3,,3,33.3,0.0,,,1,2,,3.0,0.0,33.3,1,1,0,100.0,0,2,0.67,2
Nick Hornsby,Edmonton Stingers,2025-2026,defense,Play types,Long/3pt,4,Dribble Jumper,Spot Up > Drives Straight > Dribble Jumper > Long/3pt,Spot Up,Drives Straight,Dribble Jumper,Long/3pt,,,2,66.7,0.0,0.0,0.0,0.0,2,0.0,,,0.0,,2,0.0,0.0,,,0,2,,2.0,0.0,0.0,0,0,0,,0,2,1.0,0
Nick Hornsby,Edmonton Stingers,2025-2026,defense,Play types,Miss 3 Pts,5,Long/3pt,Spot Up > Drives Straight > Dribble Jumper > Long/3pt > Miss 3 Pts,Spot Up,Drives Straight,Dribble Jumper,Long/3pt,Miss 3 Pts,,2,100.0,0.0,0.0,0.0,0.0,2,0.0,,,0.0,,2,0.0,0.0,,,0,2,,2.0,0.0,0.0,0,0,0,,0,2,1.0,0
Nick Hornsby,Edmonton Stingers,2025-2026,defense,Play types,Medium/17' to 3pt,4,Dribble Jumper,Spot Up > Drives Straight > Dribble Jumper > Medium/17' to 3pt,Spot Up,Drives Straight,Dribble Jumper,Medium/17' to 3pt,,,1,33.3,2.0,100.0,0.0,0.0,0,,,,100.0,,1,100.0,0.0,,,1,0,,1.0,0.0,100.0,1,1,0,100.0,0,0,0.0,2
Nick Hornsby,Edmonton Stingers,2025-2026,defense,Play types,Make 2 Pts,5,Medium/17' to 3pt,Spot Up > Drives Straight > Dribble Jumper > Medium/17' to 3pt > Make 2 Pts,Spot Up,Drives Straight,Dribble Jumper,Medium/17' to 3pt,Make 2 Pts,,1,100.0,2.0,100.0,0.0,0.0,0,,,,100.0,,1,100.0,0.0,,,1,0,,1.0,0.0,100.0,1,1,0,100.0,0,0,0.0,2
Nick Hornsby,Edmonton Stingers,2025-2026,defense,Play types,To Basket,3,Drives Straight,Spot Up > Drives Straight > To Basket,Spot Up,Drives Straight,To Basket,,,,2,40.0,2.5,102.5,0.0,50.0,0,,,,100.0,,2,100.0,50.0,,,2,0,,2.4,0.5,100.0,2,2,0,100.0,0,0,0.0,5
Nick Hornsby,Edmonton Stingers,2025-2026,defense,Play types,Make 2 Pts,4,To Basket,Spot Up > Drives Straight > To Basket > Make 2 Pts,Spot Up,Drives Straight,To Basket,Make 2 Pts,,,1,50.0,2.0,100.0,0.0,0.0,0,,,,100.0,,1,100.0,0.0,,,1,0,,1.0,0.0,100.0,1,1,0,100.0,0,0,0.0,2
Nick Hornsby,Edmonton Stingers,2025-2026,defense,Play types,Make 2 Pts Foul,4,To Basket,Spot Up > Drives Straight > To Basket > Make 2 Pts Foul,Spot Up,Drives Straight,To Basket,Make 2 Pts Foul,,,1,50.0,3.0,104.2,0.0,100.0,0,,,,100.0,,1,100.0,100.0,,,1,0,,1.4,1.0,100.0,1,1,0,100.0,0,0,0.0,3
Nick Hornsby,Edmonton Stingers,2025-2026,defense,Play types,1 Pts,5,Make 2 Pts Foul,Spot Up > Drives Straight > To Basket > Make 2 Pts Foul > 1 Pts,Spot Up,Drives Straight,To Basket,Make 2 Pts Foul,1 Pts,,1,100.0,3.0,104.2,0.0,100.0,0,,,,100.0,,1,100.0,100.0,,,1,0,,1.4,1.0,100.0,1,1,0,100.0,0,0,0.0,3
Nick Hornsby,Edmonton Stingers,2025-2026,defense,Play types,Post-Up,1,,Post-Up,Post-Up,,,,,,31,14.0,0.613,37.5,19.4,6.5,0,,Very Good,79.0,33.3,77.0,24,33.3,6.5,,,8,16,,25.3,0.13,29.0,24,8,16,33.3,0,0,0.0,19
Nick Hornsby,Edmonton Stingers,2025-2026,defense,Play types,Post-Up - Overall,2,Post-Up,Post-Up > Post-Up - Overall,Post-Up,Post-Up - Overall,,,,,31,100.0,0.613,37.5,19.4,6.5,0,,,,33.3,,24,33.3,6.5,,,8,16,,25.3,0.13,29.0,24,8,16,33.3,0,0,0.0,19
Nick Hornsby,Edmonton Stingers,2025-2026,defense,Play types,Right Shoulder,3,Post-Up - Overall,Post-Up > Post-Up - Overall > Right Shoulder,Post-Up,Post-Up - Overall,Right Shoulder,,,,15,48.4,1.0,60.9,20.0,13.3,0,,,,54.5,,11,54.5,13.3,,,6,5,,12.3,0.27,46.7,11,6,5,54.5,0,0,0.0,15
Nick Hornsby,Edmonton Stingers,2025-2026,defense,Play types,Left Shoulder,3,Post-Up - Overall,Post-Up > Post-Up - Overall > Left Shoulder,Post-Up,Post-Up - Overall,Left Shoulder,,,,12,38.7,0.167,11.1,25.0,0.0,0,,,,11.1,,9,11.1,0.0,,,1,8,,9.0,0.0,8.3,9,1,8,11.1,0,0,0.0,2
Nick Hornsby,Edmonton Stingers,2025-2026,defense,Play types,Face-Up,3,Post-Up - Overall,Post-Up > Post-Up - Overall > Face-Up,Post-Up,Post-Up - Overall,Face-Up,,,,3,9.7,0.0,0.0,0.0,0.0,0,,,,0.0,,3,0.0,0.0,,,0,3,,3.0,0.0,0.0,3,0,3,0.0,0,0,0.0,0
Nick Hornsby,Edmonton Stingers,2025-2026,defense,Play types,Post Pin,3,Post-Up - Overall,Post-Up > Post-Up - Overall > Post Pin,Post-Up,Post-Up - Overall,Post Pin,,,,1,3.2,2.0,100.0,0.0,0.0,0,,,,100.0,,1,100.0,0.0,,,1,0,,1.0,0.0,100.0,1,1,0,100.0,0,0,0.0,2
Nick Hornsby,Edmonton Stingers,2025-2026,defense,Play types,Left Block,2,Post-Up,Post-Up > Left Block,Post-Up,Left Block,,,,,15,48.4,0.733,40.9,13.3,6.7,0,,,,38.5,,13,38.5,6.7,,,5,8,,13.4,0.08,33.3,13,5,8,38.5,0,0,0.0,11
Nick Hornsby,Edmonton Stingers,2025-2026,defense,Play types,Left Shoulder,3,Left Block,Post-Up > Left Block > Left Shoulder,Post-Up,Left Block,Left Shoulder,,,,8,53.3,0.25,16.7,25.0,0.0,0,,,,16.7,,6,16.7,0.0,,,1,5,,6.0,0.0,12.5,6,1,5,16.7,0,0,0.0,2
Nick Hornsby,Edmonton Stingers,2025-2026,defense,Play types,Dribble Move,4,Left Shoulder,Post-Up > Left Block > Left Shoulder > Dribble Move,Post-Up,Left Block,Left Shoulder,Dribble Move,,,8,100.0,0.25,16.7,25.0,0.0,0,,,,16.7,,6,16.7,0.0,,,1,5,,6.0,0.0,12.5,6,1,5,16.7,0,0,0.0,2
Nick Hornsby,Edmonton Stingers,2025-2026,defense,Play types,To Hook,5,Dribble Move,Post-Up > Left Block > Left Shoulder > Dribble Move > To Hook,Post-Up,Left Block,Left Shoulder,Dribble Move,To Hook,,4,50.0,0.5,25.0,0.0,0.0,0,,,,25.0,,4,25.0,0.0,,,1,3,,4.0,0.0,25.0,4,1,3,25.0,0,0,0.0,2
Nick Hornsby,Edmonton Stingers,2025-2026,defense,Play types,To Basket,5,Dribble Move,Post-Up > Left Block > Left Shoulder > Dribble Move > To Basket,Post-Up,Left Block,Left Shoulder,Dribble Move,To Basket,,1,12.5,0.0,0.0,0.0,0.0,0,,,,0.0,,1,0.0,0.0,,,0,1,,1.0,0.0,0.0,1,0,1,0.0,0,0,0.0,0
Nick Hornsby,Edmonton Stingers,2025-2026,defense,Play types,To Jumper,5,Dribble Move,Post-Up > Left Block > Left Shoulder > Dribble Move > To Jumper,Post-Up,Left Block,Left Shoulder,Dribble Move,To Jumper,,1,12.5,0.0,0.0,0.0,0.0,0,,,,0.0,,1,0.0,0.0,,,0,1,,1.0,0.0,0.0,1,0,1,0.0,0,0,0.0,0
Nick Hornsby,Edmonton Stingers,2025-2026,defense,Play types,Turnover,5,Dribble Move,Post-Up > Left Block > Left Shoulder > Dribble Move > Turnover,Post-Up,Left Block,Left Shoulder,Dribble Move,Turnover,,1,12.5,0.0,,100.0,0.0,0,,,,,,0,,0.0,,,0,0,,0.0,,0.0,0,0,0,,0,0,,0
Nick Hornsby,Edmonton Stingers,2025-2026,defense,Play types,Defense Commits,5,Dribble Move,Post-Up > Left Block > Left Shoulder > Dribble Move > Defense Commits,Post-Up,Left Block,Left Shoulder,Dribble Move,Defense Commits,,1,12.5,0.0,,100.0,0.0,0,,,,,,0,,0.0,,,0,0,,0.0,,0.0,0,0,0,,0,0,,0
Nick Hornsby,Edmonton Stingers,2025-2026,defense,Play types,Right Shoulder,3,Left Block,Post-Up > Left Block > Right Shoulder,Post-Up,Left Block,Right Shoulder,,,,6,40.0,1.5,69.9,0.0,16.7,0,,,,66.7,,6,66.7,16.7,,,4,2,,6.4,0.17,66.7,6,4,2,66.7,0,0,0.0,9
Nick Hornsby,Edmonton Stingers,2025-2026,defense,Play types,Dribble Move,4,Right Shoulder,Post-Up > Left Block > Right Shoulder > Dribble Move,Post-Up,Left Block,Right Shoulder,Dribble Move,,,6,100.0,1.5,69.9,0.0,16.7,0,,,,66.7,,6,66.7,16.7,,,4,2,,6.4,0.17,66.7,6,4,2,66.7,0,0,0.0,9
Nick Hornsby,Edmonton Stingers,2025-2026,defense,Play types,To Drop Step,5,Dribble Move,Post-Up > Left Block > Right Shoulder > Dribble Move > To Drop Step,Post-Up,Left Block,Right Shoulder,Dribble Move,To Drop Step,,3,50.0,2.333,101.7,0.0,33.3,0,,,,100.0,,3,100.0,33.3,,,3,0,,3.4,0.33,100.0,3,3,0,100.0,0,0,0.0,7
Nick Hornsby,Edmonton Stingers,2025-2026,defense,Play types,To Hook,5,Dribble Move,Post-Up > Left Block > Right Shoulder > Dribble Move > To Hook,Post-Up,Left Block,Right Shoulder,Dribble Move,To Hook,,2,33.3,1.0,50.0,0.0,0.0,0,,,,50.0,,2,50.0,0.0,,,1,1,,2.0,0.0,50.0,2,1,1,50.0,0,0,0.0,2
Nick Hornsby,Edmonton Stingers,2025-2026,defense,Play types,To Up and Under,5,Dribble Move,Post-Up > Left Block > Right Shoulder > Dribble Move > To Up and Under,Post-Up,Left Block,Right Shoulder,Dribble Move,To Up and Under,,1,16.7,0.0,0.0,0.0,0.0,0,,,,0.0,,1,0.0,0.0,,,0,1,,1.0,0.0,0.0,1,0,1,0.0,0,0,0.0,0
Nick Hornsby,Edmonton Stingers,2025-2026,defense,Play types,Face-up,3,Left Block,Post-Up > Left Block > Face-up,Post-Up,Left Block,Face-up,,,,1,6.7,0.0,0.0,0.0,0.0,0,,,,0.0,,1,0.0,0.0,,,0,1,,1.0,0.0,0.0,1,0,1,0.0,0,0,0.0,0
Nick Hornsby,Edmonton Stingers,2025-2026,defense,Play types,Drive Middle,4,Face-up,Post-Up > Left Block > Face-up > Drive Middle,Post-Up,Left Block,Face-up,Drive Middle,,,1,100.0,0.0,0.0,0.0,0.0,0,,,,0.0,,1,0.0,0.0,,,0,1,,1.0,0.0,0.0,1,0,1,0.0,0,0,0.0,0
Nick Hornsby,Edmonton Stingers,2025-2026,defense,Play types,Miss 2 Pts,5,Drive Middle,Post-Up > Left Block > Face-up > Drive Middle > Miss 2 Pts,Post-Up,Left Block,Face-up,Drive Middle,Miss 2 Pts,,1,100.0,0.0,0.0,0.0,0.0,0,,,,0.0,,1,0.0,0.0,,,0,1,,1.0,0.0,0.0,1,0,1,0.0,0,0,0.0,0
Nick Hornsby,Edmonton Stingers,2025-2026,defense,Play types,Right Block,2,Post-Up,Post-Up > Right Block,Post-Up,Right Block,,,,,11,35.5,0.182,12.5,27.3,0.0,0,,,,12.5,,8,12.5,0.0,,,1,7,,8.0,0.0,9.1,8,1,7,12.5,0,0,0.0,2
Nick Hornsby,Edmonton Stingers,2025-2026,defense,Play types,Right Shoulder,3,Right Block,Post-Up > Right Block > Right Shoulder,Post-Up,Right Block,Right Shoulder,,,,5,45.5,0.0,0.0,40.0,0.0,0,,,,0.0,,3,0.0,0.0,,,0,3,,3.0,0.0,0.0,3,0,3,0.0,0,0,0.0,0
Nick Hornsby,Edmonton Stingers,2025-2026,defense,Play types,Dribble Move,4,Right Shoulder,Post-Up > Right Block > Right Shoulder > Dribble Move,Post-Up,Right Block,Right Shoulder,Dribble Move,,,5,100.0,0.0,0.0,40.0,0.0,0,,,,0.0,,3,0.0,0.0,,,0,3,,3.0,0.0,0.0,3,0,3,0.0,0,0,0.0,0
Nick Hornsby,Edmonton Stingers,2025-2026,defense,Play types,To Hook,5,Dribble Move,Post-Up > Right Block > Right Shoulder > Dribble Move > To Hook,Post-Up,Right Block,Right Shoulder,Dribble Move,To Hook,,2,40.0,0.0,0.0,0.0,0.0,0,,,,0.0,,2,0.0,0.0,,,0,2,,2.0,0.0,0.0,2,0,2,0.0,0,0,0.0,0
Nick Hornsby,Edmonton Stingers,2025-2026,defense,Play types,Turnover,5,Dribble Move,Post-Up > Right Block > Right Shoulder > Dribble Move > Turnover,Post-Up,Right Block,Right Shoulder,Dribble Move,Turnover,,2,40.0,0.0,,100.0,0.0,0,,,,,,0,,0.0,,,0,0,,0.0,,0.0,0,0,0,,0,0,,0
Nick Hornsby,Edmonton Stingers,2025-2026,defense,Play types,To Up and Under,5,Dribble Move,Post-Up > Right Block > Right Shoulder > Dribble Move > To Up and Under,Post-Up,Right Block,Right Shoulder,Dribble Move,To Up and Under,,1,20.0,0.0,0.0,0.0,0.0,0,,,,0.0,,1,0.0,0.0,,,0,1,,1.0,0.0,0.0,1,0,1,0.0,0,0,0.0,0
Nick Hornsby,Edmonton Stingers,2025-2026,defense,Play types,Left Shoulder,3,Right Block,Post-Up > Right Block > Left Shoulder,Post-Up,Right Block,Left Shoulder,,,,3,27.3,0.0,0.0,33.3,0.0,0,,,,0.0,,2,0.0,0.0,,,0,2,,2.0,0.0,0.0,2,0,2,0.0,0,0,0.0,0
Nick Hornsby,Edmonton Stingers,2025-2026,defense,Play types,Dribble Move,4,Left Shoulder,Post-Up > Right Block > Left Shoulder > Dribble Move,Post-Up,Right Block,Left Shoulder,Dribble Move,,,3,100.0,0.0,0.0,33.3,0.0,0,,,,0.0,,2,0.0,0.0,,,0,2,,2.0,0.0,0.0,2,0,2,0.0,0,0,0.0,0
Nick Hornsby,Edmonton Stingers,2025-2026,defense,Play types,To Basket,5,Dribble Move,Post-Up > Right Block > Left Shoulder > Dribble Move > To Basket,Post-Up,Right Block,Left Shoulder,Dribble Move,To Basket,,1,33.3,0.0,0.0,0.0,0.0,0,,,,0.0,,1,0.0,0.0,,,0,1,,1.0,0.0,0.0,1,0,1,0.0,0,0,0.0,0
Nick Hornsby,Edmonton Stingers,2025-2026,defense,Play types,To Jumper,5,Dribble Move,Post-Up > Right Block > Left Shoulder > Dribble Move > To Jumper,Post-Up,Right Block,Left Shoulder,Dribble Move,To Jumper,,1,33.3,0.0,0.0,0.0,0.0,0,,,,0.0,,1,0.0,0.0,,,0,1,,1.0,0.0,0.0,1,0,1,0.0,0,0,0.0,0
Nick Hornsby,Edmonton Stingers,2025-2026,defense,Play types,Defense Commits,5,Dribble Move,Post-Up > Right Block > Left Shoulder > Dribble Move > Defense Commits,Post-Up,Right Block,Left Shoulder,Dribble Move,Defense Commits,,1,33.3,0.0,,100.0,0.0,0,,,,,,0,,0.0,,,0,0,,0.0,,0.0,0,0,0,,0,0,,0
Nick Hornsby,Edmonton Stingers,2025-2026,defense,Play types,Face-up,3,Right Block,Post-Up > Right Block > Face-up,Post-Up,Right Block,Face-up,,,,2,18.2,0.0,0.0,0.0,0.0,0,,,,0.0,,2,0.0,0.0,,,0,2,,2.0,0.0,0.0,2,0,2,0.0,0,0,0.0,0
Nick Hornsby,Edmonton Stingers,2025-2026,defense,Play types,Jumper,4,Face-up,Post-Up > Right Block > Face-up > Jumper,Post-Up,Right Block,Face-up,Jumper,,,2,100.0,0.0,0.0,0.0,0.0,0,,,,0.0,,2,0.0,0.0,,,0,2,,2.0,0.0,0.0,2,0,2,0.0,0,0,0.0,0
Nick Hornsby,Edmonton Stingers,2025-2026,defense,Play types,Miss 2 Pts,5,Jumper,Post-Up > Right Block > Face-up > Jumper > Miss 2 Pts,Post-Up,Right Block,Face-up,Jumper,Miss 2 Pts,,2,100.0,0.0,0.0,0.0,0.0,0,,,,0.0,,2,0.0,0.0,,,0,2,,2.0,0.0,0.0,2,0,2,0.0,0,0,0.0,0
Nick Hornsby,Edmonton Stingers,2025-2026,defense,Play types,Post Pin,3,Right Block,Post-Up > Right Block > Post Pin,Post-Up,Right Block,Post Pin,,,,1,9.1,2.0,100.0,0.0,0.0,0,,,,100.0,,1,100.0,0.0,,,1,0,,1.0,0.0,100.0,1,1,0,100.0,0,0,0.0,2
Nick Hornsby,Edmonton Stingers,2025-2026,defense,Play types,No Dribble Move,4,Post Pin,Post-Up > Right Block > Post Pin > No Dribble Move,Post-Up,Right Block,Post Pin,No Dribble Move,,,1,100.0,2.0,100.0,0.0,0.0,0,,,,100.0,,1,100.0,0.0,,,1,0,,1.0,0.0,100.0,1,1,0,100.0,0,0,0.0,2
Nick Hornsby,Edmonton Stingers,2025-2026,defense,Play types,To Basket,5,No Dribble Move,Post-Up > Right Block > Post Pin > No Dribble Move > To Basket,Post-Up,Right Block,Post Pin,No Dribble Move,To Basket,,1,100.0,2.0,100.0,0.0,0.0,0,,,,100.0,,1,100.0,0.0,,,1,0,,1.0,0.0,100.0,1,1,0,100.0,0,0,0.0,2
Nick Hornsby,Edmonton Stingers,2025-2026,defense,Play types,Flash Middle,2,Post-Up,Post-Up > Flash Middle,Post-Up,Flash Middle,,,,,5,16.1,1.2,77.3,20.0,20.0,0,,,,66.7,,3,66.7,20.0,,,2,1,,3.9,0.67,60.0,3,2,1,66.7,0,0,0.0,6
Nick Hornsby,Edmonton Stingers,2025-2026,defense,Play types,Right Shoulder,3,Flash Middle,Post-Up > Flash Middle > Right Shoulder,Post-Up,Flash Middle,Right Shoulder,,,,4,80.0,1.5,104.2,25.0,25.0,0,,,,100.0,,2,100.0,25.0,,,2,0,,2.9,1.0,75.0,2,2,0,100.0,0,0,0.0,6
Nick Hornsby,Edmonton Stingers,2025-2026,defense,Play types,Dribble Move,4,Right Shoulder,Post-Up > Flash Middle > Right Shoulder > Dribble Move,Post-Up,Flash Middle,Right Shoulder,Dribble Move,,,4,100.0,1.5,104.2,25.0,25.0,0,,,,100.0,,2,100.0,25.0,,,2,0,,2.9,1.0,75.0,2,2,0,100.0,0,0,0.0,6
Nick Hornsby,Edmonton Stingers,2025-2026,defense,Play types,To Basket,5,Dribble Move,Post-Up > Flash Middle > Right Shoulder > Dribble Move > To Basket,Post-Up,Flash Middle,Right Shoulder,Dribble Move,To Basket,,2,50.0,1.0,100.0,50.0,0.0,0,,,,100.0,,1,100.0,0.0,,,1,0,,1.0,0.0,50.0,1,1,0,100.0,0,0,0.0,2
Nick Hornsby,Edmonton Stingers,2025-2026,defense,Play types,To Hook,5,Dribble Move,Post-Up > Flash Middle > Right Shoulder > Dribble Move > To Hook,Post-Up,Flash Middle,Right Shoulder,Dribble Move,To Hook,,1,25.0,2.0,100.0,0.0,0.0,0,,,,100.0,,1,100.0,0.0,,,1,0,,1.0,0.0,100.0,1,1,0,100.0,0,0,0.0,2
Nick Hornsby,Edmonton Stingers,2025-2026,defense,Play types,To Drop Step,5,Dribble Move,Post-Up > Flash Middle > Right Shoulder > Dribble Move > To Drop Step,Post-Up,Flash Middle,Right Shoulder,Dribble Move,To Drop Step,,1,25.0,2.0,113.6,0.0,100.0,0,,,,,,0,,100.0,,,0,0,,0.9,,100.0,0,0,0,,0,0,,2
Nick Hornsby,Edmonton Stingers,2025-2026,defense,Play types,Left Shoulder,3,Flash Middle,Post-Up > Flash Middle > Left Shoulder,Post-Up,Flash Middle,Left Shoulder,,,,1,20.0,0.0,0.0,0.0,0.0,0,,,,0.0,,1,0.0,0.0,,,0,1,,1.0,0.0,0.0,1,0,1,0.0,0,0,0.0,0
Nick Hornsby,Edmonton Stingers,2025-2026,defense,Play types,Dribble Move,4,Left Shoulder,Post-Up > Flash Middle > Left Shoulder > Dribble Move,Post-Up,Flash Middle,Left Shoulder,Dribble Move,,,1,100.0,0.0,0.0,0.0,0.0,0,,,,0.0,,1,0.0,0.0,,,0,1,,1.0,0.0,0.0,1,0,1,0.0,0,0,0.0,0
Nick Hornsby,Edmonton Stingers,2025-2026,defense,Play types,To Basket,5,Dribble Move,Post-Up > Flash Middle > Left Shoulder > Dribble Move > To Basket,Post-Up,Flash Middle,Left Shoulder,Dribble Move,To Basket,,1,100.0,0.0,0.0,0.0,0.0,0,,,,0.0,,1,0.0,0.0,,,0,1,,1.0,0.0,0.0,1,0,1,0.0,0,0,0.0,0
Nick Hornsby,Edmonton Stingers,2025-2026,defense,Play types,P&R Ball Handler,1,,P&R Ball Handler,P&R Ball Handler,,,,,,25,11.3,1.0,51.7,4.0,12.0,12,41.7,Below Average,24.0,36.4,1.0,22,47.7,12.0,,,8,14,,24.2,0.23,40.0,10,3,7,30.0,5,7,0.55,25
Nick Hornsby,Edmonton Stingers,2025-2026,defense,Play types,P&R Ball Handler - Overall,2,P&R Ball Handler,P&R Ball Handler > P&R Ball Handler - Overall,P&R Ball Handler,P&R Ball Handler - Overall,,,,,25,100.0,1.0,51.7,4.0,12.0,12,41.7,,,36.4,,22,47.7,12.0,,,8,14,,24.2,0.23,40.0,10,3,7,30.0,5,7,0.55,25
Nick Hornsby,Edmonton Stingers,2025-2026,defense,Play types,High P&R,2,P&R Ball Handler,P&R Ball Handler > High P&R,P&R Ball Handler,High P&R,,,,,17,68.0,1.118,57.8,5.9,5.9,10,50.0,,,43.8,,16,59.4,5.9,,,7,9,,16.4,0.06,41.2,6,2,4,33.3,5,5,0.63,19
Nick Hornsby,Edmonton Stingers,2025-2026,defense,Play types,Dribble Off Pick,3,High P&R,P&R Ball Handler > High P&R > Dribble Off Pick,P&R Ball Handler,High P&R,Dribble Off Pick,,,,13,76.5,1.231,64.3,7.7,7.7,8,50.0,,,50.0,,12,66.7,7.7,,,6,6,,12.4,0.08,46.2,4,2,2,50.0,4,4,0.67,16
Nick Hornsby,Edmonton Stingers,2025-2026,defense,Play types,Dribble Jumper,4,Dribble Off Pick,P&R Ball Handler > High P&R > Dribble Off Pick > Dribble Jumper,P&R Ball Handler,High P&R,Dribble Off Pick,Dribble Jumper,,,8,61.5,1.5,75.0,0.0,0.0,8,50.0,,,50.0,,8,75.0,0.0,,,4,4,,8.0,0.0,50.0,0,0,0,,4,4,1.0,12
Nick Hornsby,Edmonton Stingers,2025-2026,defense,Play types,Long/3pt,5,Dribble Jumper,P&R Ball Handler > High P&R > Dribble Off Pick > Dribble Jumper > Long/3pt,P&R Ball Handler,High P&R,Dribble Off Pick,Dribble Jumper,Long/3pt,,8,100.0,1.5,75.0,0.0,0.0,8,50.0,,,50.0,,8,75.0,0.0,,,4,4,,8.0,0.0,50.0,0,0,0,,4,4,1.0,12
Nick Hornsby,Edmonton Stingers,2025-2026,defense,Play types,To Basket,4,Dribble Off Pick,P&R Ball Handler > High P&R > Dribble Off Pick > To Basket,P&R Ball Handler,High P&R,Dribble Off Pick,To Basket,,,4,30.8,1.0,45.0,0.0,25.0,0,,,,50.0,,4,50.0,25.0,,,2,2,,4.4,0.25,50.0,4,2,2,50.0,0,0,0.0,4
Nick Hornsby,Edmonton Stingers,2025-2026,defense,Play types,Miss 2 Pts,5,To Basket,P&R Ball Handler > High P&R > Dribble Off Pick > To Basket > Miss 2 Pts,P&R Ball Handler,High P&R,Dribble Off Pick,To Basket,Miss 2 Pts,,2,50.0,0.0,0.0,0.0,0.0,0,,,,0.0,,2,0.0,0.0,,,0,2,,2.0,0.0,0.0,2,0,2,0.0,0,0,0.0,0
Nick Hornsby,Edmonton Stingers,2025-2026,defense,Play types,Make 2 Pts Foul,5,To Basket,P&R Ball Handler > High P&R > Dribble Off Pick > To Basket > Make 2 Pts Foul,P&R Ball Handler,High P&R,Dribble Off Pick,To Basket,Make 2 Pts Foul,,1,25.0,2.0,69.4,0.0,100.0,0,,,,100.0,,1,100.0,100.0,,,1,0,,1.4,1.0,100.0,1,1,0,100.0,0,0,0.0,2
Nick Hornsby,Edmonton Stingers,2025-2026,defense,Play types,Make 2 Pts,5,To Basket,P&R Ball Handler > High P&R > Dribble Off Pick > To Basket > Make 2 Pts,P&R Ball Handler,High P&R,Dribble Off Pick,To Basket,Make 2 Pts,,1,25.0,2.0,100.0,0.0,0.0,0,,,,100.0,,1,100.0,0.0,,,1,0,,1.0,0.0,100.0,1,1,0,100.0,0,0,0.0,2
Nick Hornsby,Edmonton Stingers,2025-2026,defense,Play types,Defense Commits,4,Dribble Off Pick,P&R Ball Handler > High P&R > Dribble Off Pick > Defense Commits,P&R Ball Handler,High P&R,Dribble Off Pick,Defense Commits,,,1,7.7,0.0,,100.0,0.0,0,,,,,,0,,0.0,,,0,0,,0.0,,0.0,0,0,0,,0,0,,0
Nick Hornsby,Edmonton Stingers,2025-2026,defense,Play types,Turnover,5,Defense Commits,P&R Ball Handler > High P&R > Dribble Off Pick > Defense Commits > Turnover,P&R Ball Handler,High P&R,Dribble Off Pick,Defense Commits,Turnover,,1,100.0,0.0,,100.0,0.0,0,,,,,,0,,0.0,,,0,0,,0.0,,0.0,0,0,0,,0,0,,0
Nick Hornsby,Edmonton Stingers,2025-2026,defense,Play types,Takes Early Jump Shot,3,High P&R,P&R Ball Handler > High P&R > Takes Early Jump Shot,P&R Ball Handler,High P&R,Takes Early Jump Shot,,,,2,11.8,1.5,75.0,0.0,0.0,2,50.0,,,50.0,,2,75.0,0.0,,,1,1,,2.0,0.0,50.0,0,0,0,,1,1,1.0,3
Nick Hornsby,Edmonton Stingers,2025-2026,defense,Play types,Dribble Jumper,4,Takes Early Jump Shot,P&R Ball Handler > High P&R > Takes Early Jump Shot > Dribble Jumper,P&R Ball Handler,High P&R,Takes Early Jump Shot,Dribble Jumper,,,2,100.0,1.5,75.0,0.0,0.0,2,50.0,,,50.0,,2,75.0,0.0,,,1,1,,2.0,0.0,50.0,0,0,0,,1,1,1.0,3
Nick Hornsby,Edmonton Stingers,2025-2026,defense,Play types,Long/3pt,5,Dribble Jumper,P&R Ball Handler > High P&R > Takes Early Jump Shot > Dribble Jumper > Long/3pt,P&R Ball Handler,High P&R,Takes Early Jump Shot,Dribble Jumper,Long/3pt,,2,100.0,1.5,75.0,0.0,0.0,2,50.0,,,50.0,,2,75.0,0.0,,,1,1,,2.0,0.0,50.0,0,0,0,,1,1,1.0,3
Nick Hornsby,Edmonton Stingers,2025-2026,defense,Play types,Go Away from Pick,3,High P&R,P&R Ball Handler > High P&R > Go Away from Pick,P&R Ball Handler,High P&R,Go Away from Pick,,,,2,11.8,0.0,0.0,0.0,0.0,0,,,,0.0,,2,0.0,0.0,,,0,2,,2.0,0.0,0.0,2,0,2,0.0,0,0,0.0,0
Nick Hornsby,Edmonton Stingers,2025-2026,defense,Play types,Dribble Jumper,4,Go Away from Pick,P&R Ball Handler > High P&R > Go Away from Pick > Dribble Jumper,P&R Ball Handler,High P&R,Go Away from Pick,Dribble Jumper,,,2,100.0,0.0,0.0,0.0,0.0,0,,,,0.0,,2,0.0,0.0,,,0,2,,2.0,0.0,0.0,2,0,2,0.0,0,0,0.0,0
Nick Hornsby,Edmonton Stingers,2025-2026,defense,Play types,Medium/17' to 3pt,5,Dribble Jumper,P&R Ball Handler > High P&R > Go Away from Pick > Dribble Jumper > Medium/17' to 3pt,P&R Ball Handler,High P&R,Go Away from Pick,Dribble Jumper,Medium/17' to 3pt,,1,50.0,0.0,0.0,0.0,0.0,0,,,,0.0,,1,0.0,0.0,,,0,1,,1.0,0.0,0.0,1,0,1,0.0,0,0,0.0,0
Nick Hornsby,Edmonton Stingers,2025-2026,defense,Play types,Short to < 17,5,Dribble Jumper,P&R Ball Handler > High P&R > Go Away from Pick > Dribble Jumper > Short to < 17,P&R Ball Handler,High P&R,Go Away from Pick,Dribble Jumper,Short to < 17,,1,50.0,0.0,0.0,0.0,0.0,0,,,,0.0,,1,0.0,0.0,,,0,1,,1.0,0.0,0.0,1,0,1,0.0,0,0,0.0,0
Nick Hornsby,Edmonton Stingers,2025-2026,defense,Play types,Left P&R,2,P&R Ball Handler,P&R Ball Handler > Left P&R,P&R Ball Handler,Left P&R,,,,,5,20.0,1.2,63.0,0.0,40.0,1,0.0,,,33.3,,3,33.3,40.0,,,1,2,,4.8,1.33,60.0,2,1,1,50.0,0,1,0.33,6
Nick Hornsby,Edmonton Stingers,2025-2026,defense,Play types,Side,3,Left P&R,P&R Ball Handler > Left P&R > Side,P&R Ball Handler,Left P&R,Side,,,,3,60.0,1.333,69.4,0.0,33.3,0,,,,50.0,,2,50.0,33.3,,,1,1,,2.9,1.0,66.7,2,1,1,50.0,0,0,0.0,4
Nick Hornsby,Edmonton Stingers,2025-2026,defense,Play types,Go Away from Pick,4,Side,P&R Ball Handler > Left P&R > Side > Go Away from Pick,P&R Ball Handler,Left P&R,Side,Go Away from Pick,,,2,66.7,1.0,50.0,0.0,0.0,0,,,,50.0,,2,50.0,0.0,,,1,1,,2.0,0.0,50.0,2,1,1,50.0,0,0,0.0,2
Nick Hornsby,Edmonton Stingers,2025-2026,defense,Play types,Dribble Jumper,5,Go Away from Pick,P&R Ball Handler > Left P&R > Side > Go Away from Pick > Dribble Jumper,P&R Ball Handler,Left P&R,Side,Go Away from Pick,Dribble Jumper,,1,50.0,2.0,100.0,0.0,0.0,0,,,,100.0,,1,100.0,0.0,,,1,0,,1.0,0.0,100.0,1,1,0,100.0,0,0,0.0,2
Nick Hornsby,Edmonton Stingers,2025-2026,defense,Play types,To Basket,5,Go Away from Pick,P&R Ball Handler > Left P&R > Side > Go Away from Pick > To Basket,P&R Ball Handler,Left P&R,Side,Go Away from Pick,To Basket,,1,50.0,0.0,0.0,0.0,0.0,0,,,,0.0,,1,0.0,0.0,,,0,1,,1.0,0.0,0.0,1,0,1,0.0,0,0,0.0,0
Nick Hornsby,Edmonton Stingers,2025-2026,defense,Play types,Dribble Off Pick,4,Side,P&R Ball Handler > Left P&R > Side > Dribble Off Pick,P&R Ball Handler,Left P&R,Side,Dribble Off Pick,,,1,33.3,2.0,113.6,0.0,100.0,0,,,,,,0,,100.0,,,0,0,,0.9,,100.0,0,0,0,,0,0,,2
Nick Hornsby,Edmonton Stingers,2025-2026,defense,Play types,To Basket,5,Dribble Off Pick,P&R Ball Handler > Left P&R > Side > Dribble Off Pick > To Basket,P&R Ball Handler,Left P&R,Side,Dribble Off Pick,To Basket,,1,100.0,2.0,113.6,0.0,100.0,0,,,,,,0,,100.0,,,0,0,,0.9,,100.0,0,0,0,,0,0,,2
Nick Hornsby,Edmonton Stingers,2025-2026,defense,Play types,Baseline,3,Left P&R,P&R Ball Handler > Left P&R > Baseline,P&R Ball Handler,Left P&R,Baseline,,,,2,40.0,1.0,53.2,0.0,50.0,1,0.0,,,0.0,,1,0.0,50.0,,,0,1,,1.9,2.0,50.0,0,0,0,,0,1,1.0,2
Nick Hornsby,Edmonton Stingers,2025-2026,defense,Play types,Dribble Off Pick,4,Baseline,P&R Ball Handler > Left P&R > Baseline > Dribble Off Pick,P&R Ball Handler,Left P&R,Baseline,Dribble Off Pick,,,1,50.0,0.0,0.0,0.0,0.0,1,0.0,,,0.0,,1,0.0,0.0,,,0,1,,1.0,0.0,0.0,0,0,0,,0,1,1.0,0
Nick Hornsby,Edmonton Stingers,2025-2026,defense,Play types,Dribble Jumper,5,Dribble Off Pick,P&R Ball Handler > Left P&R > Baseline > Dribble Off Pick > Dribble Jumper,P&R Ball Handler,Left P&R,Baseline,Dribble Off Pick,Dribble Jumper,,1,100.0,0.0,0.0,0.0,0.0,1,0.0,,,0.0,,1,0.0,0.0,,,0,1,,1.0,0.0,0.0,0,0,0,,0,1,1.0,0
Nick Hornsby,Edmonton Stingers,2025-2026,defense,Play types,Go Away from Pick,4,Baseline,P&R Ball Handler > Left P&R > Baseline > Go Away from Pick,P&R Ball Handler,Left P&R,Baseline,Go Away from Pick,,,1,50.0,2.0,113.6,0.0,100.0,0,,,,,,0,,100.0,,,0,0,,0.9,,100.0,0,0,0,,0,0,,2
Nick Hornsby,Edmonton Stingers,2025-2026,defense,Play types,To Basket,5,Go Away from Pick,P&R Ball Handler > Left P&R > Baseline > Go Away from Pick > To Basket,P&R Ball Handler,Left P&R,Baseline,Go Away from Pick,To Basket,,1,100.0,2.0,113.6,0.0,100.0,0,,,,,,0,,100.0,,,0,0,,0.9,,100.0,0,0,0,,0,0,,2
Nick Hornsby,Edmonton Stingers,2025-2026,defense,Play types,Right P&R,2,P&R Ball Handler,P&R Ball Handler > Right P&R,P&R Ball Handler,Right P&R,,,,,3,12.0,0.0,0.0,0.0,0.0,1,0.0,,,0.0,,3,0.0,0.0,,,0,3,,3.0,0.0,0.0,2,0,2,0.0,0,1,0.33,0
Nick Hornsby,Edmonton Stingers,2025-2026,defense,Play types,Side,3,Right P&R,P&R Ball Handler > Right P&R > Side,P&R Ball Handler,Right P&R,Side,,,,3,100.0,0.0,0.0,0.0,0.0,1,0.0,,,0.0,,3,0.0,0.0,,,0,3,,3.0,0.0,0.0,2,0,2,0.0,0,1,0.33,0
Nick Hornsby,Edmonton Stingers,2025-2026,defense,Play types,Takes Early Jump Shot,4,Side,P&R Ball Handler > Right P&R > Side > Takes Early Jump Shot,P&R Ball Handler,Right P&R,Side,Takes Early Jump Shot,,,1,33.3,0.0,0.0,0.0,0.0,1,0.0,,,0.0,,1,0.0,0.0,,,0,1,,1.0,0.0,0.0,0,0,0,,0,1,1.0,0
Nick Hornsby,Edmonton Stingers,2025-2026,defense,Play types,Dribble Jumper,5,Takes Early Jump Shot,P&R Ball Handler > Right P&R > Side > Takes Early Jump Shot > Dribble Jumper,P&R Ball Handler,Right P&R,Side,Takes Early Jump Shot,Dribble Jumper,,1,100.0,0.0,0.0,0.0,0.0,1,0.0,,,0.0,,1,0.0,0.0,,,0,1,,1.0,0.0,0.0,0,0,0,,0,1,1.0,0
Nick Hornsby,Edmonton Stingers,2025-2026,defense,Play types,Go Away from Pick,4,Side,P&R Ball Handler > Right P&R > Side > Go Away from Pick,P&R Ball Handler,Right P&R,Side,Go Away from Pick,,,1,33.3,0.0,0.0,0.0,0.0,0,,,,0.0,,1,0.0,0.0,,,0,1,,1.0,0.0,0.0,1,0,1,0.0,0,0,0.0,0
Nick Hornsby,Edmonton Stingers,2025-2026,defense,Play types,To Basket,5,Go Away from Pick,P&R Ball Handler > Right P&R > Side > Go Away from Pick > To Basket,P&R Ball Handler,Right P&R,Side,Go Away from Pick,To Basket,,1,100.0,0.0,0.0,0.0,0.0,0,,,,0.0,,1,0.0,0.0,,,0,1,,1.0,0.0,0.0,1,0,1,0.0,0,0,0.0,0
Nick Hornsby,Edmonton Stingers,2025-2026,defense,Play types,Dribble Off Pick,4,Side,P&R Ball Handler > Right P&R > Side > Dribble Off Pick,P&R Ball Handler,Right P&R,Side,Dribble Off Pick,,,1,33.3,0.0,0.0,0.0,0.0,0,,,,0.0,,1,0.0,0.0,,,0,1,,1.0,0.0,0.0,1,0,1,0.0,0,0,0.0,0
Nick Hornsby,Edmonton Stingers,2025-2026,defense,Play types,To Basket,5,Dribble Off Pick,P&R Ball Handler > Right P&R > Side > Dribble Off Pick > To Basket,P&R Ball Handler,Right P&R,Side,Dribble Off Pick,To Basket,,1,100.0,0.0,0.0,0.0,0.0,0,,,,0.0,,1,0.0,0.0,,,0,1,,1.0,0.0,0.0,1,0,1,0.0,0,0,0.0,0
Nick Hornsby,Edmonton Stingers,2025-2026,defense,Play types,Isolation,1,,Isolation,Isolation,,,,,,23,10.4,1.043,62.1,17.4,4.3,3,33.3,Below Average,23.0,55.6,35.0,18,58.3,4.3,,,10,8,,19.3,0.17,47.8,15,9,6,60.0,1,2,0.17,24
Nick Hornsby,Edmonton Stingers,2025-2026,defense,Play types,Isolation - Overall,2,Isolation,Isolation > Isolation - Overall,Isolation,Isolation - Overall,,,,,23,100.0,1.043,62.1,17.4,4.3,3,33.3,,,55.6,,18,58.3,4.3,,,10,8,,19.3,0.17,47.8,15,9,6,60.0,1,2,0.17,24
Nick Hornsby,Edmonton Stingers,2025-2026,defense,Play types,Drives Right,3,Isolation - Overall,Isolation > Isolation - Overall > Drives Right,Isolation,Isolation - Overall,Drives Right,,,,11,47.8,1.091,66.7,18.2,0.0,0,,,,66.7,,9,66.7,0.0,,,6,3,,9.0,0.0,54.5,9,6,3,66.7,0,0,0.0,12
Nick Hornsby,Edmonton Stingers,2025-2026,defense,Play types,Drives Left,3,Isolation - Overall,Isolation > Isolation - Overall > Drives Left,Isolation,Isolation - Overall,Drives Left,,,,9,39.1,0.667,42.9,22.2,0.0,1,0.0,,,42.9,,7,42.9,0.0,,,3,4,,7.0,0.0,33.3,6,3,3,50.0,0,1,0.14,6
Nick Hornsby,Edmonton Stingers,2025-2026,defense,Play types,Early Jumper,3,Isolation - Overall,Isolation > Isolation - Overall > Early Jumper,Isolation,Isolation - Overall,Early Jumper,,,,3,13.0,2.0,90.4,0.0,33.3,2,50.0,,,50.0,,2,75.0,33.3,,,1,1,,3.3,1.5,66.7,0,0,0,,1,1,1.0,6
Nick Hornsby,Edmonton Stingers,2025-2026,defense,Play types,Left,2,Isolation,Isolation > Left,Isolation,Left,,,,,10,43.5,1.0,60.1,20.0,10.0,3,33.3,,,42.9,,7,50.0,10.0,,,3,4,,8.3,0.43,40.0,4,2,2,50.0,1,2,0.43,10
Nick Hornsby,Edmonton Stingers,2025-2026,defense,Play types,Drives Right,3,Left,Isolation > Left > Drives Right,Isolation,Left,Drives Right,,,,4,40.0,1.0,66.7,25.0,0.0,0,,,,66.7,,3,66.7,0.0,,,2,1,,3.0,0.0,50.0,3,2,1,66.7,0,0,0.0,4
Nick Hornsby,Edmonton Stingers,2025-2026,defense,Play types,To Basket,4,Drives Right,Isolation > Left > Drives Right > To Basket,Isolation,Left,Drives Right,To Basket,,,2,50.0,2.0,100.0,0.0,0.0,0,,,,100.0,,2,100.0,0.0,,,2,0,,2.0,0.0,100.0,2,2,0,100.0,0,0,0.0,4
Nick Hornsby,Edmonton Stingers,2025-2026,defense,Play types,Make 2 Pts,5,To Basket,Isolation > Left > Drives Right > To Basket > Make 2 Pts,Isolation,Left,Drives Right,To Basket,Make 2 Pts,,2,100.0,2.0,100.0,0.0,0.0,0,,,,100.0,,2,100.0,0.0,,,2,0,,2.0,0.0,100.0,2,2,0,100.0,0,0,0.0,4
Nick Hornsby,Edmonton Stingers,2025-2026,defense,Play types,Defense Commits,4,Drives Right,Isolation > Left > Drives Right > Defense Commits,Isolation,Left,Drives Right,Defense Commits,,,1,25.0,0.0,,100.0,0.0,0,,,,,,0,,0.0,,,0,0,,0.0,,0.0,0,0,0,,0,0,,0
Nick Hornsby,Edmonton Stingers,2025-2026,defense,Play types,Turnover,5,Defense Commits,Isolation > Left > Drives Right > Defense Commits > Turnover,Isolation,Left,Drives Right,Defense Commits,Turnover,,1,100.0,0.0,,100.0,0.0,0,,,,,,0,,0.0,,,0,0,,0.0,,0.0,0,0,0,,0,0,,0
Nick Hornsby,Edmonton Stingers,2025-2026,defense,Play types,Dribble Jumper,4,Drives Right,Isolation > Left > Drives Right > Dribble Jumper,Isolation,Left,Drives Right,Dribble Jumper,,,1,25.0,0.0,0.0,0.0,0.0,0,,,,0.0,,1,0.0,0.0,,,0,1,,1.0,0.0,0.0,1,0,1,0.0,0,0,0.0,0
Nick Hornsby,Edmonton Stingers,2025-2026,defense,Play types,Short to < 17,5,Dribble Jumper,Isolation > Left > Drives Right > Dribble Jumper > Short to < 17,Isolation,Left,Drives Right,Dribble Jumper,Short to < 17,,1,100.0,0.0,0.0,0.0,0.0,0,,,,0.0,,1,0.0,0.0,,,0,1,,1.0,0.0,0.0,1,0,1,0.0,0,0,0.0,0
Nick Hornsby,Edmonton Stingers,2025-2026,defense,Play types,Early Jumper,3,Left,Isolation > Left > Early Jumper,Isolation,Left,Early Jumper,,,,3,30.0,2.0,90.4,0.0,33.3,2,50.0,,,50.0,,2,75.0,33.3,,,1,1,,3.3,1.5,66.7,0,0,0,,1,1,1.0,6
Nick Hornsby,Edmonton Stingers,2025-2026,defense,Play types,Dribble Jumper,4,Early Jumper,Isolation > Left > Early Jumper > Dribble Jumper,Isolation,Left,Early Jumper,Dribble Jumper,,,3,100.0,2.0,90.4,0.0,33.3,2,50.0,,,50.0,,2,75.0,33.3,,,1,1,,3.3,1.5,66.7,0,0,0,,1,1,1.0,6
Nick Hornsby,Edmonton Stingers,2025-2026,defense,Play types,Long/3pt,5,Dribble Jumper,Isolation > Left > Early Jumper > Dribble Jumper > Long/3pt,Isolation,Left,Early Jumper,Dribble Jumper,Long/3pt,,3,100.0,2.0,90.4,0.0,33.3,2,50.0,,,50.0,,2,75.0,33.3,,,1,1,,3.3,1.5,66.7,0,0,0,,1,1,1.0,6
Nick Hornsby,Edmonton Stingers,2025-2026,defense,Play types,Drives Left,3,Left,Isolation > Left > Drives Left,Isolation,Left,Drives Left,,,,3,30.0,0.0,0.0,33.3,0.0,1,0.0,,,0.0,,2,0.0,0.0,,,0,2,,2.0,0.0,0.0,1,0,1,0.0,0,1,0.5,0
Nick Hornsby,Edmonton Stingers,2025-2026,defense,Play types,To Basket,4,Drives Left,Isolation > Left > Drives Left > To Basket,Isolation,Left,Drives Left,To Basket,,,2,66.7,0.0,0.0,50.0,0.0,0,,,,0.0,,1,0.0,0.0,,,0,1,,1.0,0.0,0.0,1,0,1,0.0,0,0,0.0,0
Nick Hornsby,Edmonton Stingers,2025-2026,defense,Play types,Miss 2 Pts,5,To Basket,Isolation > Left > Drives Left > To Basket > Miss 2 Pts,Isolation,Left,Drives Left,To Basket,Miss 2 Pts,,1,50.0,0.0,0.0,0.0,0.0,0,,,,0.0,,1,0.0,0.0,,,0,1,,1.0,0.0,0.0,1,0,1,0.0,0,0,0.0,0
Nick Hornsby,Edmonton Stingers,2025-2026,defense,Play types,Turnover,5,To Basket,Isolation > Left > Drives Left > To Basket > Turnover,Isolation,Left,Drives Left,To Basket,Turnover,,1,50.0,0.0,,100.0,0.0,0,,,,,,0,,0.0,,,0,0,,0.0,,0.0,0,0,0,,0,0,,0
Nick Hornsby,Edmonton Stingers,2025-2026,defense,Play types,Dribble Jumper,4,Drives Left,Isolation > Left > Drives Left > Dribble Jumper,Isolation,Left,Drives Left,Dribble Jumper,,,1,33.3,0.0,0.0,0.0,0.0,1,0.0,,,0.0,,1,0.0,0.0,,,0,1,,1.0,0.0,0.0,0,0,0,,0,1,1.0,0
Nick Hornsby,Edmonton Stingers,2025-2026,defense,Play types,Long/3pt,5,Dribble Jumper,Isolation > Left > Drives Left > Dribble Jumper > Long/3pt,Isolation,Left,Drives Left,Dribble Jumper,Long/3pt,,1,100.0,0.0,0.0,0.0,0.0,1,0.0,,,0.0,,1,0.0,0.0,,,0,1,,1.0,0.0,0.0,0,0,0,,0,1,1.0,0
Nick Hornsby,Edmonton Stingers,2025-2026,defense,Play types,Top,2,Isolation,Isolation > Top,Isolation,Top,,,,,8,34.8,1.0,66.7,25.0,0.0,0,,,,66.7,,6,66.7,0.0,,,4,2,,6.0,0.0,50.0,6,4,2,66.7,0,0,0.0,8
Nick Hornsby,Edmonton Stingers,2025-2026,defense,Play types,Drives Right,3,Top,Isolation > Top > Drives Right,Isolation,Top,Drives Right,,,,4,50.0,1.0,66.7,25.0,0.0,0,,,,66.7,,3,66.7,0.0,,,2,1,,3.0,0.0,50.0,3,2,1,66.7,0,0,0.0,4
Nick Hornsby,Edmonton Stingers,2025-2026,defense,Play types,To Basket,4,Drives Right,Isolation > Top > Drives Right > To Basket,Isolation,Top,Drives Right,To Basket,,,2,50.0,1.0,50.0,0.0,0.0,0,,,,50.0,,2,50.0,0.0,,,1,1,,2.0,0.0,50.0,2,1,1,50.0,0,0,0.0,2
Nick Hornsby,Edmonton Stingers,2025-2026,defense,Play types,Make 2 Pts,5,To Basket,Isolation > Top > Drives Right > To Basket > Make 2 Pts,Isolation,Top,Drives Right,To Basket,Make 2 Pts,,1,50.0,2.0,100.0,0.0,0.0,0,,,,100.0,,1,100.0,0.0,,,1,0,,1.0,0.0,100.0,1,1,0,100.0,0,0,0.0,2
Nick Hornsby,Edmonton Stingers,2025-2026,defense,Play types,Miss 2 Pts,5,To Basket,Isolation > Top > Drives Right > To Basket > Miss 2 Pts,Isolation,Top,Drives Right,To Basket,Miss 2 Pts,,1,50.0,0.0,0.0,0.0,0.0,0,,,,0.0,,1,0.0,0.0,,,0,1,,1.0,0.0,0.0,1,0,1,0.0,0,0,0.0,0
Nick Hornsby,Edmonton Stingers,2025-2026,defense,Play types,Dribble Jumper,4,Drives Right,Isolation > Top > Drives Right > Dribble Jumper,Isolation,Top,Drives Right,Dribble Jumper,,,1,25.0,2.0,100.0,0.0,0.0,0,,,,100.0,,1,100.0,0.0,,,1,0,,1.0,0.0,100.0,1,1,0,100.0,0,0,0.0,2
Nick Hornsby,Edmonton Stingers,2025-2026,defense,Play types,Short to < 17,5,Dribble Jumper,Isolation > Top > Drives Right > Dribble Jumper > Short to < 17,Isolation,Top,Drives Right,Dribble Jumper,Short to < 17,,1,100.0,2.0,100.0,0.0,0.0,0,,,,100.0,,1,100.0,0.0,,,1,0,,1.0,0.0,100.0,1,1,0,100.0,0,0,0.0,2
Nick Hornsby,Edmonton Stingers,2025-2026,defense,Play types,Defense Commits,4,Drives Right,Isolation > Top > Drives Right > Defense Commits,Isolation,Top,Drives Right,Defense Commits,,,1,25.0,0.0,,100.0,0.0,0,,,,,,0,,0.0,,,0,0,,0.0,,0.0,0,0,0,,0,0,,0
Nick Hornsby,Edmonton Stingers,2025-2026,defense,Play types,Turnover,5,Defense Commits,Isolation > Top > Drives Right > Defense Commits > Turnover,Isolation,Top,Drives Right,Defense Commits,Turnover,,1,100.0,0.0,,100.0,0.0,0,,,,,,0,,0.0,,,0,0,,0.0,,0.0,0,0,0,,0,0,,0
Nick Hornsby,Edmonton Stingers,2025-2026,defense,Play types,Drives Left,3,Top,Isolation > Top > Drives Left,Isolation,Top,Drives Left,,,,4,50.0,1.0,66.7,25.0,0.0,0,,,,66.7,,3,66.7,0.0,,,2,1,,3.0,0.0,50.0,3,2,1,66.7,0,0,0.0,4
Nick Hornsby,Edmonton Stingers,2025-2026,defense,Play types,To Basket,4,Drives Left,Isolation > Top > Drives Left > To Basket,Isolation,Top,Drives Left,To Basket,,,3,75.0,1.333,100.0,33.3,0.0,0,,,,100.0,,2,100.0,0.0,,,2,0,,2.0,0.0,66.7,2,2,0,100.0,0,0,0.0,4
Nick Hornsby,Edmonton Stingers,2025-2026,defense,Play types,Make 2 Pts,5,To Basket,Isolation > Top > Drives Left > To Basket > Make 2 Pts,Isolation,Top,Drives Left,To Basket,Make 2 Pts,,2,66.7,2.0,100.0,0.0,0.0,0,,,,100.0,,2,100.0,0.0,,,2,0,,2.0,0.0,100.0,2,2,0,100.0,0,0,0.0,4
Nick Hornsby,Edmonton Stingers,2025-2026,defense,Play types,Turnover,5,To Basket,Isolation > Top > Drives Left > To Basket > Turnover,Isolation,Top,Drives Left,To Basket,Turnover,,1,33.3,0.0,,100.0,0.0,0,,,,,,0,,0.0,,,0,0,,0.0,,0.0,0,0,0,,0,0,,0
Nick Hornsby,Edmonton Stingers,2025-2026,defense,Play types,Dribble Jumper,4,Drives Left,Isolation > Top > Drives Left > Dribble Jumper,Isolation,Top,Drives Left,Dribble Jumper,,,1,25.0,0.0,0.0,0.0,0.0,0,,,,0.0,,1,0.0,0.0,,,0,1,,1.0,0.0,0.0,1,0,1,0.0,0,0,0.0,0
Nick Hornsby,Edmonton Stingers,2025-2026,defense,Play types,Short to < 17,5,Dribble Jumper,Isolation > Top > Drives Left > Dribble Jumper > Short to < 17,Isolation,Top,Drives Left,Dribble Jumper,Short to < 17,,1,100.0,0.0,0.0,0.0,0.0,0,,,,0.0,,1,0.0,0.0,,,0,1,,1.0,0.0,0.0,1,0,1,0.0,0,0,0.0,0
Nick Hornsby,Edmonton Stingers,2025-2026,defense,Play types,Right,2,Isolation,Isolation > Right,Isolation,Right,,,,,5,21.7,1.2,60.0,0.0,0.0,0,,,,60.0,,5,60.0,0.0,,,3,2,,5.0,0.0,60.0,5,3,2,60.0,0,0,0.0,6
Nick Hornsby,Edmonton Stingers,2025-2026,defense,Play types,Drives Right,3,Right,Isolation > Right > Drives Right,Isolation,Right,Drives Right,,,,3,60.0,1.333,66.7,0.0,0.0,0,,,,66.7,,3,66.7,0.0,,,2,1,,3.0,0.0,66.7,3,2,1,66.7,0,0,0.0,4
Nick Hornsby,Edmonton Stingers,2025-2026,defense,Play types,Dribble Jumper,4,Drives Right,Isolation > Right > Drives Right > Dribble Jumper,Isolation,Right,Drives Right,Dribble Jumper,,,2,66.7,1.0,50.0,0.0,0.0,0,,,,50.0,,2,50.0,0.0,,,1,1,,2.0,0.0,50.0,2,1,1,50.0,0,0,0.0,2
Nick Hornsby,Edmonton Stingers,2025-2026,defense,Play types,Short to < 17,5,Dribble Jumper,Isolation > Right > Drives Right > Dribble Jumper > Short to < 17,Isolation,Right,Drives Right,Dribble Jumper,Short to < 17,,1,50.0,2.0,100.0,0.0,0.0,0,,,,100.0,,1,100.0,0.0,,,1,0,,1.0,0.0,100.0,1,1,0,100.0,0,0,0.0,2
Nick Hornsby,Edmonton Stingers,2025-2026,defense,Play types,Medium/17' to 3pt,5,Dribble Jumper,Isolation > Right > Drives Right > Dribble Jumper > Medium/17' to 3pt,Isolation,Right,Drives Right,Dribble Jumper,Medium/17' to 3pt,,1,50.0,0.0,0.0,0.0,0.0,0,,,,0.0,,1,0.0,0.0,,,0,1,,1.0,0.0,0.0,1,0,1,0.0,0,0,0.0,0
Nick Hornsby,Edmonton Stingers,2025-2026,defense,Play types,To Basket,4,Drives Right,Isolation > Right > Drives Right > To Basket,Isolation,Right,Drives Right,To Basket,,,1,33.3,2.0,100.0,0.0,0.0,0,,,,100.0,,1,100.0,0.0,,,1,0,,1.0,0.0,100.0,1,1,0,100.0,0,0,0.0,2
Nick Hornsby,Edmonton Stingers,2025-2026,defense,Play types,Make 2 Pts,5,To Basket,Isolation > Right > Drives Right > To Basket > Make 2 Pts,Isolation,Right,Drives Right,To Basket,Make 2 Pts,,1,100.0,2.0,100.0,0.0,0.0,0,,,,100.0,,1,100.0,0.0,,,1,0,,1.0,0.0,100.0,1,1,0,100.0,0,0,0.0,2
Nick Hornsby,Edmonton Stingers,2025-2026,defense,Play types,Drives Left,3,Right,Isolation > Right > Drives Left,Isolation,Right,Drives Left,,,,2,40.0,1.0,50.0,0.0,0.0,0,,,,50.0,,2,50.0,0.0,,,1,1,,2.0,0.0,50.0,2,1,1,50.0,0,0,0.0,2
Nick Hornsby,Edmonton Stingers,2025-2026,defense,Play types,To Basket,4,Drives Left,Isolation > Right > Drives Left > To Basket,Isolation,Right,Drives Left,To Basket,,,1,50.0,0.0,0.0,0.0,0.0,0,,,,0.0,,1,0.0,0.0,,,0,1,,1.0,0.0,0.0,1,0,1,0.0,0,0,0.0,0
Nick Hornsby,Edmonton Stingers,2025-2026,defense,Play types,Miss 2 Pts,5,To Basket,Isolation > Right > Drives Left > To Basket > Miss 2 Pts,Isolation,Right,Drives Left,To Basket,Miss 2 Pts,,1,100.0,0.0,0.0,0.0,0.0,0,,,,0.0,,1,0.0,0.0,,,0,1,,1.0,0.0,0.0,1,0,1,0.0,0,0,0.0,0
Nick Hornsby,Edmonton Stingers,2025-2026,defense,Play types,Dribble Jumper,4,Drives Left,Isolation > Right > Drives Left > Dribble Jumper,Isolation,Right,Drives Left,Dribble Jumper,,,1,50.0,2.0,100.0,0.0,0.0,0,,,,100.0,,1,100.0,0.0,,,1,0,,1.0,0.0,100.0,1,1,0,100.0,0,0,0.0,2
Nick Hornsby,Edmonton Stingers,2025-2026,defense,Play types,Medium/17' to 3pt,5,Dribble Jumper,Isolation > Right > Drives Left > Dribble Jumper > Medium/17' to 3pt,Isolation,Right,Drives Left,Dribble Jumper,Medium/17' to 3pt,,1,100.0,2.0,100.0,0.0,0.0,0,,,,100.0,,1,100.0,0.0,,,1,0,,1.0,0.0,100.0,1,1,0,100.0,0,0,0.0,2
Nick Hornsby,Edmonton Stingers,2025-2026,defense,Play types,Handoffs,1,,Handoffs,Handoffs,,,,,,15,6.8,0.533,26.7,0.0,0.0,9,22.2,Excellent,84.0,20.0,16.0,15,26.7,0.0,,,3,12,,15.0,0.0,20.0,6,1,5,16.7,2,7,0.6,8
Nick Hornsby,Edmonton Stingers,2025-2026,defense,Play types,From Dribble,2,Handoffs,Handoffs > From Dribble,Handoffs,From Dribble,,,,,12,80.0,0.667,33.3,0.0,0.0,6,33.3,,,25.0,,12,33.3,0.0,,,3,9,,12.0,0.0,25.0,6,1,5,16.7,2,4,0.5,8
Nick Hornsby,Edmonton Stingers,2025-2026,defense,Play types,Left,3,From Dribble,Handoffs > From Dribble > Left,Handoffs,From Dribble,Left,,,,6,50.0,0.833,41.7,0.0,0.0,3,33.3,,,33.3,,6,41.7,0.0,,,2,4,,6.0,0.0,33.3,3,1,2,33.3,1,2,0.5,5
Nick Hornsby,Edmonton Stingers,2025-2026,defense,Play types,To Basket,4,Left,Handoffs > From Dribble > Left > To Basket,Handoffs,From Dribble,Left,To Basket,,,3,50.0,0.667,33.3,0.0,0.0,0,,,,33.3,,3,33.3,0.0,,,1,2,,3.0,0.0,33.3,3,1,2,33.3,0,0,0.0,2
Nick Hornsby,Edmonton Stingers,2025-2026,defense,Play types,Miss 2 Pts,5,To Basket,Handoffs > From Dribble > Left > To Basket > Miss 2 Pts,Handoffs,From Dribble,Left,To Basket,Miss 2 Pts,,2,66.7,0.0,0.0,0.0,0.0,0,,,,0.0,,2,0.0,0.0,,,0,2,,2.0,0.0,0.0,2,0,2,0.0,0,0,0.0,0
Nick Hornsby,Edmonton Stingers,2025-2026,defense,Play types,Make 2 Pts,5,To Basket,Handoffs > From Dribble > Left > To Basket > Make 2 Pts,Handoffs,From Dribble,Left,To Basket,Make 2 Pts,,1,33.3,2.0,100.0,0.0,0.0,0,,,,100.0,,1,100.0,0.0,,,1,0,,1.0,0.0,100.0,1,1,0,100.0,0,0,0.0,2
Nick Hornsby,Edmonton Stingers,2025-2026,defense,Play types,No Dribble Jumper,4,Left,Handoffs > From Dribble > Left > No Dribble Jumper,Handoffs,From Dribble,Left,No Dribble Jumper,,,3,50.0,1.0,50.0,0.0,0.0,3,33.3,,,33.3,,3,50.0,0.0,,,1,2,,3.0,0.0,33.3,0,0,0,,1,2,1.0,3
Nick Hornsby,Edmonton Stingers,2025-2026,defense,Play types,Guarded,5,No Dribble Jumper,Handoffs > From Dribble > Left > No Dribble Jumper > Guarded,Handoffs,From Dribble,Left,No Dribble Jumper,Guarded,,2,66.7,1.5,75.0,0.0,0.0,2,50.0,,,50.0,,2,75.0,0.0,,,1,1,,2.0,0.0,50.0,0,0,0,,1,1,1.0,3
Nick Hornsby,Edmonton Stingers,2025-2026,defense,Play types,Open,5,No Dribble Jumper,Handoffs > From Dribble > Left > No Dribble Jumper > Open,Handoffs,From Dribble,Left,No Dribble Jumper,Open,,1,33.3,0.0,0.0,0.0,0.0,1,0.0,,,0.0,,1,0.0,0.0,,,0,1,,1.0,0.0,0.0,0,0,0,,0,1,1.0,0
Nick Hornsby,Edmonton Stingers,2025-2026,defense,Play types,Top,3,From Dribble,Handoffs > From Dribble > Top,Handoffs,From Dribble,Top,,,,4,33.3,0.0,0.0,0.0,0.0,1,0.0,,,0.0,,4,0.0,0.0,,,0,4,,4.0,0.0,0.0,3,0,3,0.0,0,1,0.25,0
Nick Hornsby,Edmonton Stingers,2025-2026,defense,Play types,To Basket,4,Top,Handoffs > From Dribble > Top > To Basket,Handoffs,From Dribble,Top,To Basket,,,2,50.0,0.0,0.0,0.0,0.0,0,,,,0.0,,2,0.0,0.0,,,0,2,,2.0,0.0,0.0,2,0,2,0.0,0,0,0.0,0
Nick Hornsby,Edmonton Stingers,2025-2026,defense,Play types,Miss 2 Pts,5,To Basket,Handoffs > From Dribble > Top > To Basket > Miss 2 Pts,Handoffs,From Dribble,Top,To Basket,Miss 2 Pts,,2,100.0,0.0,0.0,0.0,0.0,0,,,,0.0,,2,0.0,0.0,,,0,2,,2.0,0.0,0.0,2,0,2,0.0,0,0,0.0,0
Nick Hornsby,Edmonton Stingers,2025-2026,defense,Play types,Dribble Jumper,4,Top,Handoffs > From Dribble > Top > Dribble Jumper,Handoffs,From Dribble,Top,Dribble Jumper,,,1,25.0,0.0,0.0,0.0,0.0,0,,,,0.0,,1,0.0,0.0,,,0,1,,1.0,0.0,0.0,1,0,1,0.0,0,0,0.0,0
Nick Hornsby,Edmonton Stingers,2025-2026,defense,Play types,Medium/17' to 3pt,5,Dribble Jumper,Handoffs > From Dribble > Top > Dribble Jumper > Medium/17' to 3pt,Handoffs,From Dribble,Top,Dribble Jumper,Medium/17' to 3pt,,1,100.0,0.0,0.0,0.0,0.0,0,,,,0.0,,1,0.0,0.0,,,0,1,,1.0,0.0,0.0,1,0,1,0.0,0,0,0.0,0
Nick Hornsby,Edmonton Stingers,2025-2026,defense,Play types,No Dribble Jumper,4,Top,Handoffs > From Dribble > Top > No Dribble Jumper,Handoffs,From Dribble,Top,No Dribble Jumper,,,1,25.0,0.0,0.0,0.0,0.0,1,0.0,,,0.0,,1,0.0,0.0,,,0,1,,1.0,0.0,0.0,0,0,0,,0,1,1.0,0
Nick Hornsby,Edmonton Stingers,2025-2026,defense,Play types,Open,5,No Dribble Jumper,Handoffs > From Dribble > Top > No Dribble Jumper > Open,Handoffs,From Dribble,Top,No Dribble Jumper,Open,,1,100.0,0.0,0.0,0.0,0.0,1,0.0,,,0.0,,1,0.0,0.0,,,0,1,,1.0,0.0,0.0,0,0,0,,0,1,1.0,0
Nick Hornsby,Edmonton Stingers,2025-2026,defense,Play types,Right,3,From Dribble,Handoffs > From Dribble > Right,Handoffs,From Dribble,Right,,,,2,16.7,1.5,75.0,0.0,0.0,2,50.0,,,50.0,,2,75.0,0.0,,,1,1,,2.0,0.0,50.0,0,0,0,,1,1,1.0,3
Nick Hornsby,Edmonton Stingers,2025-2026,defense,Play types,No Dribble Jumper,4,Right,Handoffs > From Dribble > Right > No Dribble Jumper,Handoffs,From Dribble,Right,No Dribble Jumper,,,2,100.0,1.5,75.0,0.0,0.0,2,50.0,,,50.0,,2,75.0,0.0,,,1,1,,2.0,0.0,50.0,0,0,0,,1,1,1.0,3
Nick Hornsby,Edmonton Stingers,2025-2026,defense,Play types,Open,5,No Dribble Jumper,Handoffs > From Dribble > Right > No Dribble Jumper > Open,Handoffs,From Dribble,Right,No Dribble Jumper,Open,,2,100.0,1.5,75.0,0.0,0.0,2,50.0,,,50.0,,2,75.0,0.0,,,1,1,,2.0,0.0,50.0,0,0,0,,1,1,1.0,3
Nick Hornsby,Edmonton Stingers,2025-2026,defense,Play types,From Stationary,2,Handoffs,Handoffs > From Stationary,Handoffs,From Stationary,,,,,3,20.0,0.0,0.0,0.0,0.0,3,0.0,,,0.0,,3,0.0,0.0,,,0,3,,3.0,0.0,0.0,0,0,0,,0,3,1.0,0
Nick Hornsby,Edmonton Stingers,2025-2026,defense,Play types,Left,3,From Stationary,Handoffs > From Stationary > Left,Handoffs,From Stationary,Left,,,,2,66.7,0.0,0.0,0.0,0.0,2,0.0,,,0.0,,2,0.0,0.0,,,0,2,,2.0,0.0,0.0,0,0,0,,0,2,1.0,0
Nick Hornsby,Edmonton Stingers,2025-2026,defense,Play types,Dribble Jumper,4,Left,Handoffs > From Stationary > Left > Dribble Jumper,Handoffs,From Stationary,Left,Dribble Jumper,,,1,50.0,0.0,0.0,0.0,0.0,1,0.0,,,0.0,,1,0.0,0.0,,,0,1,,1.0,0.0,0.0,0,0,0,,0,1,1.0,0
Nick Hornsby,Edmonton Stingers,2025-2026,defense,Play types,Long/3pt,5,Dribble Jumper,Handoffs > From Stationary > Left > Dribble Jumper > Long/3pt,Handoffs,From Stationary,Left,Dribble Jumper,Long/3pt,,1,100.0,0.0,0.0,0.0,0.0,1,0.0,,,0.0,,1,0.0,0.0,,,0,1,,1.0,0.0,0.0,0,0,0,,0,1,1.0,0
Nick Hornsby,Edmonton Stingers,2025-2026,defense,Play types,No Dribble Jumper,4,Left,Handoffs > From Stationary > Left > No Dribble Jumper,Handoffs,From Stationary,Left,No Dribble Jumper,,,1,50.0,0.0,0.0,0.0,0.0,1,0.0,,,0.0,,1,0.0,0.0,,,0,1,,1.0,0.0,0.0,0,0,0,,0,1,1.0,0
Nick Hornsby,Edmonton Stingers,2025-2026,defense,Play types,Guarded,5,No Dribble Jumper,Handoffs > From Stationary > Left > No Dribble Jumper > Guarded,Handoffs,From Stationary,Left,No Dribble Jumper,Guarded,,1,100.0,0.0,0.0,0.0,0.0,1,0.0,,,0.0,,1,0.0,0.0,,,0,1,,1.0,0.0,0.0,0,0,0,,0,1,1.0,0
Nick Hornsby,Edmonton Stingers,2025-2026,defense,Play types,Top,3,From Stationary,Handoffs > From Stationary > Top,Handoffs,From Stationary,Top,,,,1,33.3,0.0,0.0,0.0,0.0,1,0.0,,,0.0,,1,0.0,0.0,,,0,1,,1.0,0.0,0.0,0,0,0,,0,1,1.0,0
Nick Hornsby,Edmonton Stingers,2025-2026,defense,Play types,No Dribble Jumper,4,Top,Handoffs > From Stationary > Top > No Dribble Jumper,Handoffs,From Stationary,Top,No Dribble Jumper,,,1,100.0,0.0,0.0,0.0,0.0,1,0.0,,,0.0,,1,0.0,0.0,,,0,1,,1.0,0.0,0.0,0,0,0,,0,1,1.0,0
Nick Hornsby,Edmonton Stingers,2025-2026,defense,Play types,Guarded,5,No Dribble Jumper,Handoffs > From Stationary > Top > No Dribble Jumper > Guarded,Handoffs,From Stationary,Top,No Dribble Jumper,Guarded,,1,100.0,0.0,0.0,0.0,0.0,1,0.0,,,0.0,,1,0.0,0.0,,,0,1,,1.0,0.0,0.0,0,0,0,,0,1,1.0,0
Nick Hornsby,Edmonton Stingers,2025-2026,defense,Play types,Off Screen,1,,Off Screen,Off Screen,,,,,,14,6.3,1.071,58.8,7.1,14.3,8,50.0,Average,35.0,45.5,29.0,11,63.6,14.3,,,5,6,,12.8,0.36,42.9,3,1,2,33.3,4,4,0.73,15
Nick Hornsby,Edmonton Stingers,2025-2026,defense,Play types,To Shooter's Left,2,Off Screen,Off Screen > To Shooter's Left,Off Screen,To Shooter's Left,,,,,9,64.3,0.667,34.2,0.0,22.2,4,25.0,,,28.6,,7,35.7,22.2,,,2,5,,8.8,0.57,33.3,3,1,2,33.3,1,3,0.57,6
Nick Hornsby,Edmonton Stingers,2025-2026,defense,Play types,Straight,3,To Shooter's Left,Off Screen > To Shooter's Left > Straight,Off Screen,To Shooter's Left,Straight,,,,8,88.9,0.5,25.8,0.0,25.0,4,25.0,,,16.7,,6,25.0,25.0,,,1,5,,7.8,0.67,25.0,2,0,2,0.0,1,3,0.67,4
Nick Hornsby,Edmonton Stingers,2025-2026,defense,Play types,No Dribble Jumper,4,Straight,Off Screen > To Shooter's Left > Straight > No Dribble Jumper,Off Screen,To Shooter's Left,Straight,No Dribble Jumper,,,3,37.5,1.0,50.0,0.0,0.0,3,33.3,,,33.3,,3,50.0,0.0,,,1,2,,3.0,0.0,33.3,0,0,0,,1,2,1.0,3
Nick Hornsby,Edmonton Stingers,2025-2026,defense,Play types,Open,5,No Dribble Jumper,Off Screen > To Shooter's Left > Straight > No Dribble Jumper > Open,Off Screen,To Shooter's Left,Straight,No Dribble Jumper,Open,,2,66.7,1.5,75.0,0.0,0.0,2,50.0,,,50.0,,2,75.0,0.0,,,1,1,,2.0,0.0,50.0,0,0,0,,1,1,1.0,3
Nick Hornsby,Edmonton Stingers,2025-2026,defense,Play types,Guarded,5,No Dribble Jumper,Off Screen > To Shooter's Left > Straight > No Dribble Jumper > Guarded,Off Screen,To Shooter's Left,Straight,No Dribble Jumper,Guarded,,1,33.3,0.0,0.0,0.0,0.0,1,0.0,,,0.0,,1,0.0,0.0,,,0,1,,1.0,0.0,0.0,0,0,0,,0,1,1.0,0
Nick Hornsby,Edmonton Stingers,2025-2026,defense,Play types,To Basket,4,Straight,Off Screen > To Shooter's Left > Straight > To Basket,Off Screen,To Shooter's Left,Straight,To Basket,,,3,37.5,0.333,18.1,0.0,66.7,0,,,,0.0,,1,0.0,66.7,,,0,1,,2.8,4.0,33.3,1,0,1,0.0,0,0,0.0,1
Nick Hornsby,Edmonton Stingers,2025-2026,defense,Play types,Foul,5,To Basket,Off Screen > To Shooter's Left > Straight > To Basket > Foul,Off Screen,To Shooter's Left,Straight,To Basket,Foul,,2,66.7,0.5,28.4,0.0,100.0,0,,,,,,0,,100.0,,,0,0,,1.8,,50.0,0,0,0,,0,0,,1
Nick Hornsby,Edmonton Stingers,2025-2026,defense,Play types,Miss 2 Pts,5,To Basket,Off Screen > To Shooter's Left > Straight > To Basket > Miss 2 Pts,Off Screen,To Shooter's Left,Straight,To Basket,Miss 2 Pts,,1,33.3,0.0,0.0,0.0,0.0,0,,,,0.0,,1,0.0,0.0,,,0,1,,1.0,0.0,0.0,1,0,1,0.0,0,0,0.0,0
Nick Hornsby,Edmonton Stingers,2025-2026,defense,Play types,Dribble Jumper,4,Straight,Off Screen > To Shooter's Left > Straight > Dribble Jumper,Off Screen,To Shooter's Left,Straight,Dribble Jumper,,,2,25.0,0.0,0.0,0.0,0.0,1,0.0,,,0.0,,2,0.0,0.0,,,0,2,,2.0,0.0,0.0,1,0,1,0.0,0,1,0.5,0
Nick Hornsby,Edmonton Stingers,2025-2026,defense,Play types,Short to < 17,5,Dribble Jumper,Off Screen > To Shooter's Left > Straight > Dribble Jumper > Short to < 17,Off Screen,To Shooter's Left,Straight,Dribble Jumper,Short to < 17,,1,50.0,0.0,0.0,0.0,0.0,0,,,,0.0,,1,0.0,0.0,,,0,1,,1.0,0.0,0.0,1,0,1,0.0,0,0,0.0,0
Nick Hornsby,Edmonton Stingers,2025-2026,defense,Play types,Long/3pt,5,Dribble Jumper,Off Screen > To Shooter's Left > Straight > Dribble Jumper > Long/3pt,Off Screen,To Shooter's Left,Straight,Dribble Jumper,Long/3pt,,1,50.0,0.0,0.0,0.0,0.0,1,0.0,,,0.0,,1,0.0,0.0,,,0,1,,1.0,0.0,0.0,0,0,0,,0,1,1.0,0
Nick Hornsby,Edmonton Stingers,2025-2026,defense,Play types,Flare,3,To Shooter's Left,Off Screen > To Shooter's Left > Flare,Off Screen,To Shooter's Left,Flare,,,,1,11.1,2.0,100.0,0.0,0.0,0,,,,100.0,,1,100.0,0.0,,,1,0,,1.0,0.0,100.0,1,1,0,100.0,0,0,0.0,2
Nick Hornsby,Edmonton Stingers,2025-2026,defense,Play types,To Basket,4,Flare,Off Screen > To Shooter's Left > Flare > To Basket,Off Screen,To Shooter's Left,Flare,To Basket,,,1,100.0,2.0,100.0,0.0,0.0,0,,,,100.0,,1,100.0,0.0,,,1,0,,1.0,0.0,100.0,1,1,0,100.0,0,0,0.0,2
Nick Hornsby,Edmonton Stingers,2025-2026,defense,Play types,Make 2 Pts,5,To Basket,Off Screen > To Shooter's Left > Flare > To Basket > Make 2 Pts,Off Screen,To Shooter's Left,Flare,To Basket,Make 2 Pts,,1,100.0,2.0,100.0,0.0,0.0,0,,,,100.0,,1,100.0,0.0,,,1,0,,1.0,0.0,100.0,1,1,0,100.0,0,0,0.0,2
Nick Hornsby,Edmonton Stingers,2025-2026,defense,Play types,To Shooter's Right,2,Off Screen,Off Screen > To Shooter's Right,Off Screen,To Shooter's Right,,,,,5,35.7,1.8,112.5,20.0,0.0,4,75.0,,,75.0,,4,112.5,0.0,,,3,1,,4.0,0.0,60.0,0,0,0,,3,1,1.0,9
Nick Hornsby,Edmonton Stingers,2025-2026,defense,Play types,Straight,3,To Shooter's Right,Off Screen > To Shooter's Right > Straight,Off Screen,To Shooter's Right,Straight,,,,5,100.0,1.8,112.5,20.0,0.0,4,75.0,,,75.0,,4,112.5,0.0,,,3,1,,4.0,0.0,60.0,0,0,0,,3,1,1.0,9
Nick Hornsby,Edmonton Stingers,2025-2026,defense,Play types,No Dribble Jumper,4,Straight,Off Screen > To Shooter's Right > Straight > No Dribble Jumper,Off Screen,To Shooter's Right,Straight,No Dribble Jumper,,,3,60.0,2.0,100.0,0.0,0.0,3,66.7,,,66.7,,3,100.0,0.0,,,2,1,,3.0,0.0,66.7,0,0,0,,2,1,1.0,6
Nick Hornsby,Edmonton Stingers,2025-2026,defense,Play types,Guarded,5,No Dribble Jumper,Off Screen > To Shooter's Right > Straight > No Dribble Jumper > Guarded,Off Screen,To Shooter's Right,Straight,No Dribble Jumper,Guarded,,2,66.7,1.5,75.0,0.0,0.0,2,50.0,,,50.0,,2,75.0,0.0,,,1,1,,2.0,0.0,50.0,0,0,0,,1,1,1.0,3
Nick Hornsby,Edmonton Stingers,2025-2026,defense,Play types,Open,5,No Dribble Jumper,Off Screen > To Shooter's Right > Straight > No Dribble Jumper > Open,Off Screen,To Shooter's Right,Straight,No Dribble Jumper,Open,,1,33.3,3.0,150.0,0.0,0.0,1,100.0,,,100.0,,1,150.0,0.0,,,1,0,,1.0,0.0,100.0,0,0,0,,1,0,1.0,3
Nick Hornsby,Edmonton Stingers,2025-2026,defense,Play types,To Basket,4,Straight,Off Screen > To Shooter's Right > Straight > To Basket,Off Screen,To Shooter's Right,Straight,To Basket,,,1,20.0,0.0,,100.0,0.0,0,,,,,,0,,0.0,,,0,0,,0.0,,0.0,0,0,0,,0,0,,0
Nick Hornsby,Edmonton Stingers,2025-2026,defense,Play types,Turnover,5,To Basket,Off Screen > To Shooter's Right > Straight > To Basket > Turnover,Off Screen,To Shooter's Right,Straight,To Basket,Turnover,,1,100.0,0.0,,100.0,0.0,0,,,,,,0,,0.0,,,0,0,,0.0,,0.0,0,0,0,,0,0,,0
Nick Hornsby,Edmonton Stingers,2025-2026,defense,Play types,Dribble Jumper,4,Straight,Off Screen > To Shooter's Right > Straight > Dribble Jumper,Off Screen,To Shooter's Right,Straight,Dribble Jumper,,,1,20.0,3.0,150.0,0.0,0.0,1,100.0,,,100.0,,1,150.0,0.0,,,1,0,,1.0,0.0,100.0,0,0,0,,1,0,1.0,3
Nick Hornsby,Edmonton Stingers,2025-2026,defense,Play types,Long/3pt,5,Dribble Jumper,Off Screen > To Shooter's Right > Straight > Dribble Jumper > Long/3pt,Off Screen,To Shooter's Right,Straight,Dribble Jumper,Long/3pt,,1,100.0,3.0,150.0,0.0,0.0,1,100.0,,,100.0,,1,150.0,0.0,,,1,0,,1.0,0.0,100.0,0,0,0,,1,0,1.0,3
Nick Hornsby,Edmonton Stingers,2025-2026,defense,Play types,P&R Roll Man,1,,P&R Roll Man,P&R Roll Man,,,,,,9,4.1,1.0,57.1,11.1,11.1,5,40.0,,,42.9,,7,57.1,11.1,,,3,4,,7.9,0.29,44.4,2,1,1,50.0,2,3,0.71,9
Nick Hornsby,Edmonton Stingers,2025-2026,defense,Play types,Pick and Pops,2,P&R Roll Man,P&R Roll Man > Pick and Pops,P&R Roll Man,Pick and Pops,,,,,7,77.8,0.857,50.0,14.3,0.0,5,40.0,,,33.3,,6,50.0,0.0,,,2,4,,6.0,0.0,28.6,1,0,1,0.0,2,3,0.83,6
Nick Hornsby,Edmonton Stingers,2025-2026,defense,Play types,No Dribble Jumper,3,Pick and Pops,P&R Roll Man > Pick and Pops > No Dribble Jumper,P&R Roll Man,Pick and Pops,No Dribble Jumper,,,,4,57.1,0.75,37.5,0.0,0.0,4,25.0,,,25.0,,4,37.5,0.0,,,1,3,,4.0,0.0,25.0,0,0,0,,1,3,1.0,3
Nick Hornsby,Edmonton Stingers,2025-2026,defense,Play types,Guarded,4,No Dribble Jumper,P&R Roll Man > Pick and Pops > No Dribble Jumper > Guarded,P&R Roll Man,Pick and Pops,No Dribble Jumper,Guarded,,,2,50.0,1.5,75.0,0.0,0.0,2,50.0,,,50.0,,2,75.0,0.0,,,1,1,,2.0,0.0,50.0,0,0,0,,1,1,1.0,3
Nick Hornsby,Edmonton Stingers,2025-2026,defense,Play types,Long/3pt,5,Guarded,P&R Roll Man > Pick and Pops > No Dribble Jumper > Guarded > Long/3pt,P&R Roll Man,Pick and Pops,No Dribble Jumper,Guarded,Long/3pt,,2,100.0,1.5,75.0,0.0,0.0,2,50.0,,,50.0,,2,75.0,0.0,,,1,1,,2.0,0.0,50.0,0,0,0,,1,1,1.0,3
Nick Hornsby,Edmonton Stingers,2025-2026,defense,Play types,Open,4,No Dribble Jumper,P&R Roll Man > Pick and Pops > No Dribble Jumper > Open,P&R Roll Man,Pick and Pops,No Dribble Jumper,Open,,,2,50.0,0.0,0.0,0.0,0.0,2,0.0,,,0.0,,2,0.0,0.0,,,0,2,,2.0,0.0,0.0,0,0,0,,0,2,1.0,0
Nick Hornsby,Edmonton Stingers,2025-2026,defense,Play types,Long/3pt,5,Open,P&R Roll Man > Pick and Pops > No Dribble Jumper > Open > Long/3pt,P&R Roll Man,Pick and Pops,No Dribble Jumper,Open,Long/3pt,,2,100.0,0.0,0.0,0.0,0.0,2,0.0,,,0.0,,2,0.0,0.0,,,0,2,,2.0,0.0,0.0,0,0,0,,0,2,1.0,0
Nick Hornsby,Edmonton Stingers,2025-2026,defense,Play types,Drives Right,3,Pick and Pops,P&R Roll Man > Pick and Pops > Drives Right,P&R Roll Man,Pick and Pops,Drives Right,,,,1,14.3,0.0,,100.0,0.0,0,,,,,,0,,0.0,,,0,0,,0.0,,0.0,0,0,0,,0,0,,0
Nick Hornsby,Edmonton Stingers,2025-2026,defense,Play types,To Basket,4,Drives Right,P&R Roll Man > Pick and Pops > Drives Right > To Basket,P&R Roll Man,Pick and Pops,Drives Right,To Basket,,,1,100.0,0.0,,100.0,0.0,0,,,,,,0,,0.0,,,0,0,,0.0,,0.0,0,0,0,,0,0,,0
Nick Hornsby,Edmonton Stingers,2025-2026,defense,Play types,Turnover,5,To Basket,P&R Roll Man > Pick and Pops > Drives Right > To Basket > Turnover,P&R Roll Man,Pick and Pops,Drives Right,To Basket,Turnover,,1,100.0,0.0,,100.0,0.0,0,,,,,,0,,0.0,,,0,0,,0.0,,0.0,0,0,0,,0,0,,0
Nick Hornsby,Edmonton Stingers,2025-2026,defense,Play types,Drives Straight,3,Pick and Pops,P&R Roll Man > Pick and Pops > Drives Straight,P&R Roll Man,Pick and Pops,Drives Straight,,,,1,14.3,3.0,150.0,0.0,0.0,1,100.0,,,100.0,,1,150.0,0.0,,,1,0,,1.0,0.0,100.0,0,0,0,,1,0,1.0,3
Nick Hornsby,Edmonton Stingers,2025-2026,defense,Play types,Dribble Jumper,4,Drives Straight,P&R Roll Man > Pick and Pops > Drives Straight > Dribble Jumper,P&R Roll Man,Pick and Pops,Drives Straight,Dribble Jumper,,,1,100.0,3.0,150.0,0.0,0.0,1,100.0,,,100.0,,1,150.0,0.0,,,1,0,,1.0,0.0,100.0,0,0,0,,1,0,1.0,3
Nick Hornsby,Edmonton Stingers,2025-2026,defense,Play types,Long/3pt,5,Dribble Jumper,P&R Roll Man > Pick and Pops > Drives Straight > Dribble Jumper > Long/3pt,P&R Roll Man,Pick and Pops,Drives Straight,Dribble Jumper,Long/3pt,,1,100.0,3.0,150.0,0.0,0.0,1,100.0,,,100.0,,1,150.0,0.0,,,1,0,,1.0,0.0,100.0,0,0,0,,1,0,1.0,3
Nick Hornsby,Edmonton Stingers,2025-2026,defense,Play types,Drives Left,3,Pick and Pops,P&R Roll Man > Pick and Pops > Drives Left,P&R Roll Man,Pick and Pops,Drives Left,,,,1,14.3,0.0,0.0,0.0,0.0,0,,,,0.0,,1,0.0,0.0,,,0,1,,1.0,0.0,0.0,1,0,1,0.0,0,0,0.0,0
Nick Hornsby,Edmonton Stingers,2025-2026,defense,Play types,To Basket,4,Drives Left,P&R Roll Man > Pick and Pops > Drives Left > To Basket,P&R Roll Man,Pick and Pops,Drives Left,To Basket,,,1,100.0,0.0,0.0,0.0,0.0,0,,,,0.0,,1,0.0,0.0,,,0,1,,1.0,0.0,0.0,1,0,1,0.0,0,0,0.0,0
Nick Hornsby,Edmonton Stingers,2025-2026,defense,Play types,Miss 2 Pts,5,To Basket,P&R Roll Man > Pick and Pops > Drives Left > To Basket > Miss 2 Pts,P&R Roll Man,Pick and Pops,Drives Left,To Basket,Miss 2 Pts,,1,100.0,0.0,0.0,0.0,0.0,0,,,,0.0,,1,0.0,0.0,,,0,1,,1.0,0.0,0.0,1,0,1,0.0,0,0,0.0,0
Nick Hornsby,Edmonton Stingers,2025-2026,defense,Play types,Slips the Pick,2,P&R Roll Man,P&R Roll Man > Slips the Pick,P&R Roll Man,Slips the Pick,,,,,2,22.2,1.5,79.8,0.0,50.0,0,,,,100.0,,1,100.0,50.0,,,1,0,,1.9,2.0,100.0,1,1,0,100.0,0,0,0.0,3
Nick Hornsby,Edmonton Stingers,2025-2026,defense,Play types,To Basket,3,Slips the Pick,P&R Roll Man > Slips the Pick > To Basket,P&R Roll Man,Slips the Pick,To Basket,,,,2,100.0,1.5,79.8,0.0,50.0,0,,,,100.0,,1,100.0,50.0,,,1,0,,1.9,2.0,100.0,1,1,0,100.0,0,0,0.0,3
Nick Hornsby,Edmonton Stingers,2025-2026,defense,Play types,Make 2 Pts,4,To Basket,P&R Roll Man > Slips the Pick > To Basket > Make 2 Pts,P&R Roll Man,Slips the Pick,To Basket,Make 2 Pts,,,1,50.0,2.0,100.0,0.0,0.0,0,,,,100.0,,1,100.0,0.0,,,1,0,,1.0,0.0,100.0,1,1,0,100.0,0,0,0.0,2
Nick Hornsby,Edmonton Stingers,2025-2026,defense,Play types,Foul,4,To Basket,P&R Roll Man > Slips the Pick > To Basket > Foul,P&R Roll Man,Slips the Pick,To Basket,Foul,,,1,50.0,1.0,56.8,0.0,100.0,0,,,,,,0,,100.0,,,0,0,,0.9,,100.0,0,0,0,,0,0,,1
Nick Hornsby,Edmonton Stingers,2025-2026,defense,Play types,Transition,1,,Transition,Transition,,,,,,0,0.0,,,,,0,,,,,,0,,,,,0,0,,0.0,,,0,0,0,,0,0,,0
Nick Hornsby,Edmonton Stingers,2025-2026,defense,Play types,Cut,1,,Cut,Cut,,,,,,0,0.0,,,,,0,,,,,,0,,,,,0,0,,0.0,,,0,0,0,,0,0,,0
Nick Hornsby,Edmonton Stingers,2025-2026,defense,Play types,Offensive Rebounds (Put Backs),1,,Offensive Rebounds (Put Backs),Offensive Rebounds (Put Backs),,,,,,0,0.0,,,,,0,,,,,,0,,,,,0,0,,0.0,,,0,0,0,,0,0,,0
Nick Hornsby,Edmonton Stingers,2025-2026,defense,Play types,Miscellaneous Plays,1,,Miscellaneous Plays,Miscellaneous Plays,,,,,,0,0.0,,,,,0,,,,,,0,,,,,0,0,,0.0,,,0,0,0,,0,0,,0
Nick Hornsby,Edmonton Stingers,2025-2026,defense,Overall Drive Direction,Overall,1,,Overall,Overall,,,,,,59,26.7,0.949,58.1,18.6,5.1,6,33.3,,,54.3,,46,56.5,5.1,,,25,21,,48.2,0.11,45.8,40,23,17,57.5,2,4,0.13,56
Nick Hornsby,Edmonton Stingers,2025-2026,defense,Overall Drive Direction,Drives Right,2,Overall,Overall > Drives Right,Overall,Drives Right,,,,,28,47.5,0.964,65.0,25.0,7.1,0,,,,63.2,,19,63.2,7.1,,,12,7,,20.8,0.21,50.0,19,12,7,63.2,0,0,0.0,27
Nick Hornsby,Edmonton Stingers,2025-2026,defense,Overall Drive Direction,To Basket,3,Drives Right,Overall > Drives Right > To Basket,Overall,Drives Right,To Basket,,,,18,64.3,1.278,73.0,11.1,11.1,0,,,,71.4,,14,71.4,11.1,,,10,4,,15.8,0.29,66.7,14,10,4,71.4,0,0,0.0,23
Nick Hornsby,Edmonton Stingers,2025-2026,defense,Overall Drive Direction,Dribble Jumper,3,Drives Right,Overall > Drives Right > Dribble Jumper,Overall,Drives Right,Dribble Jumper,,,,5,17.9,0.8,40.0,0.0,0.0,0,,,,40.0,,5,40.0,0.0,,,2,3,,5.0,0.0,40.0,5,2,3,40.0,0,0,0.0,4
Nick Hornsby,Edmonton Stingers,2025-2026,defense,Overall Drive Direction,Turnover,3,Drives Right,Overall > Drives Right > Turnover,Overall,Drives Right,Turnover,,,,3,10.7,0.0,,100.0,0.0,0,,,,,,0,,0.0,,,0,0,,0.0,,0.0,0,0,0,,0,0,,0
Nick Hornsby,Edmonton Stingers,2025-2026,defense,Overall Drive Direction,Defense Commits,3,Drives Right,Overall > Drives Right > Defense Commits,Overall,Drives Right,Defense Commits,,,,2,7.1,0.0,,100.0,0.0,0,,,,,,0,,0.0,,,0,0,,0.0,,0.0,0,0,0,,0,0,,0
Nick Hornsby,Edmonton Stingers,2025-2026,defense,Overall Drive Direction,Foul,3,Drives Right,Overall > Drives Right > Foul,Overall,Drives Right,Foul,,,,0,0.0,,,,,0,,,,,,0,,,,,0,0,,0.0,,,0,0,0,,0,0,,0
Nick Hornsby,Edmonton Stingers,2025-2026,defense,Overall Drive Direction,Drives Left,2,Overall,Overall > Drives Left,Overall,Drives Left,,,,,25,42.4,0.76,45.2,16.0,0.0,3,33.3,,,42.9,,21,45.2,0.0,,,9,12,,21.0,0.0,36.0,18,8,10,44.4,1,2,0.14,19
Nick Hornsby,Edmonton Stingers,2025-2026,defense,Overall Drive Direction,To Basket,3,Drives Left,Overall > Drives Left > To Basket,Overall,Drives Left,To Basket,,,,16,64.0,0.75,46.2,18.8,0.0,0,,,,46.2,,13,46.2,0.0,,,6,7,,13.0,0.0,37.5,13,6,7,46.2,0,0,0.0,12
Nick Hornsby,Edmonton Stingers,2025-2026,defense,Overall Drive Direction,Dribble Jumper,3,Drives Left,Overall > Drives Left > Dribble Jumper,Overall,Drives Left,Dribble Jumper,,,,8,32.0,0.875,43.8,0.0,0.0,3,33.3,,,37.5,,8,43.8,0.0,,,3,5,,8.0,0.0,37.5,5,2,3,40.0,1,2,0.38,7
Nick Hornsby,Edmonton Stingers,2025-2026,defense,Overall Drive Direction,Turnover,3,Drives Left,Overall > Drives Left > Turnover,Overall,Drives Left,Turnover,,,,1,4.0,0.0,,100.0,0.0,0,,,,,,0,,0.0,,,0,0,,0.0,,0.0,0,0,0,,0,0,,0
Nick Hornsby,Edmonton Stingers,2025-2026,defense,Overall Drive Direction,Foul,3,Drives Left,Overall > Drives Left > Foul,Overall,Drives Left,Foul,,,,0,0.0,,,,,0,,,,,,0,,,,,0,0,,0.0,,,0,0,0,,0,0,,0
Nick Hornsby,Edmonton Stingers,2025-2026,defense,Overall Drive Direction,Defense Commits,3,Drives Left,Overall > Drives Left > Defense Commits,Overall,Drives Left,Defense Commits,,,,0,0.0,,,,,0,,,,,,0,,,,,0,0,,0.0,,,0,0,0,,0,0,,0
Nick Hornsby,Edmonton Stingers,2025-2026,defense,Overall Drive Direction,Drives Straight,2,Overall,Overall > Drives Straight,Overall,Drives Straight,,,,,6,10.2,1.667,77.6,0.0,16.7,3,33.3,,,66.7,,6,75.0,16.7,,,4,2,,6.4,0.17,66.7,3,3,0,100.0,1,2,0.5,10
Nick Hornsby,Edmonton Stingers,2025-2026,defense,Overall Drive Direction,Dribble Jumper,3,Drives Straight,Overall > Drives Straight > Dribble Jumper,Overall,Drives Straight,Dribble Jumper,,,,4,66.7,1.25,62.5,0.0,0.0,3,33.3,,,50.0,,4,62.5,0.0,,,2,2,,4.0,0.0,50.0,1,1,0,100.0,1,2,0.75,5
Nick Hornsby,Edmonton Stingers,2025-2026,defense,Overall Drive Direction,To Basket,3,Drives Straight,Overall > Drives Straight > To Basket,Overall,Drives Straight,To Basket,,,,2,33.3,2.5,102.5,0.0,50.0,0,,,,100.0,,2,100.0,50.0,,,2,0,,2.4,0.5,100.0,2,2,0,100.0,0,0,0.0,5
Nick Hornsby,Edmonton Stingers,2025-2026,defense,Overall Drive Direction,Turnover,3,Drives Straight,Overall > Drives Straight > Turnover,Overall,Drives Straight,Turnover,,,,0,0.0,,,,,0,,,,,,0,,,,,0,0,,0.0,,,0,0,0,,0,0,,0
Nick Hornsby,Edmonton Stingers,2025-2026,defense,Overall Drive Direction,Foul,3,Drives Straight,Overall > Drives Straight > Foul,Overall,Drives Straight,Foul,,,,0,0.0,,,,,0,,,,,,0,,,,,0,0,,0.0,,,0,0,0,,0,0,,0
Nick Hornsby,Edmonton Stingers,2025-2026,defense,Overall Drive Direction,Defense Commits,3,Drives Straight,Overall > Drives Straight > Defense Commits,Overall,Drives Straight,Defense Commits,,,,0,0.0,,,,,0,,,,,,0,,,,,0,0,,0.0,,,0,0,0,,0,0,,0
Nick Hornsby,Edmonton Stingers,2025-2026,defense,P&R ball handler,P&R Including Passes,1,,P&R Including Passes,P&R Including Passes,,,,,,72,32.6,0.833,46.2,9.7,6.9,40,30.0,Good,59.0,34.4,14.0,61,44.3,6.9,,,21,40,,65.0,0.15,34.7,21,9,12,42.9,12,28,0.66,60
Nick Hornsby,Edmonton Stingers,2025-2026,defense,P&R ball handler,Spot-Up,2,P&R Including Passes,P&R Including Passes > Spot-Up,P&R Including Passes,Spot-Up,,,,,38,52.8,0.684,39.5,13.2,2.6,23,21.7,,,31.3,,32,39.1,2.6,,,10,22,,32.9,0.06,28.9,9,5,4,55.6,5,18,0.72,26
Nick Hornsby,Edmonton Stingers,2025-2026,defense,P&R ball handler,No Dribble Jumper,3,Spot-Up,P&R Including Passes > Spot-Up > No Dribble Jumper,P&R Including Passes,Spot-Up,No Dribble Jumper,,,,22,57.9,0.773,38.6,0.0,0.0,21,23.8,,,27.3,,22,38.6,0.0,,,6,16,,22.0,0.0,27.3,1,1,0,100.0,5,16,0.95,17
Nick Hornsby,Edmonton Stingers,2025-2026,defense,P&R ball handler,Guarded,4,No Dribble Jumper,P&R Including Passes > Spot-Up > No Dribble Jumper > Guarded,P&R Including Passes,Spot-Up,No Dribble Jumper,Guarded,,,12,54.5,0.25,12.5,0.0,0.0,12,8.3,,,8.3,,12,12.5,0.0,,,1,11,,12.0,0.0,8.3,0,0,0,,1,11,1.0,3
Nick Hornsby,Edmonton Stingers,2025-2026,defense,P&R ball handler,Long/3pt,5,Guarded,P&R Including Passes > Spot-Up > No Dribble Jumper > Guarded > Long/3pt,P&R Including Passes,Spot-Up,No Dribble Jumper,Guarded,Long/3pt,,12,100.0,0.25,12.5,0.0,0.0,12,8.3,,,8.3,,12,12.5,0.0,,,1,11,,12.0,0.0,8.3,0,0,0,,1,11,1.0,3
Nick Hornsby,Edmonton Stingers,2025-2026,defense,P&R ball handler,Miss 3 Pts,6,Long/3pt,P&R Including Passes > Spot-Up > No Dribble Jumper > Guarded > Long/3pt > Miss 3 Pts,P&R Including Passes,Spot-Up,No Dribble Jumper,Guarded,Long/3pt,Miss 3 Pts,11,91.7,0.0,0.0,0.0,0.0,11,0.0,,,0.0,,11,0.0,0.0,,,0,11,,11.0,0.0,0.0,0,0,0,,0,11,1.0,0
Nick Hornsby,Edmonton Stingers,2025-2026,defense,P&R ball handler,Make 3 Pts,6,Long/3pt,P&R Including Passes > Spot-Up > No Dribble Jumper > Guarded > Long/3pt > Make 3 Pts,P&R Including Passes,Spot-Up,No Dribble Jumper,Guarded,Long/3pt,Make 3 Pts,1,8.3,3.0,150.0,0.0,0.0,1,100.0,,,100.0,,1,150.0,0.0,,,1,0,,1.0,0.0,100.0,0,0,0,,1,0,1.0,3
Nick Hornsby,Edmonton Stingers,2025-2026,defense,P&R ball handler,Open,4,No Dribble Jumper,P&R Including Passes > Spot-Up > No Dribble Jumper > Open,P&R Including Passes,Spot-Up,No Dribble Jumper,Open,,,10,45.5,1.4,70.0,0.0,0.0,9,44.4,,,50.0,,10,70.0,0.0,,,5,5,,10.0,0.0,50.0,1,1,0,100.0,4,5,0.9,14
Nick Hornsby,Edmonton Stingers,2025-2026,defense,P&R ball handler,Long/3pt,5,Open,P&R Including Passes > Spot-Up > No Dribble Jumper > Open > Long/3pt,P&R Including Passes,Spot-Up,No Dribble Jumper,Open,Long/3pt,,9,90.0,1.333,66.7,0.0,0.0,9,44.4,,,44.4,,9,66.7,0.0,,,4,5,,9.0,0.0,44.4,0,0,0,,4,5,1.0,12
Nick Hornsby,Edmonton Stingers,2025-2026,defense,P&R ball handler,Miss 3 Pts,6,Long/3pt,P&R Including Passes > Spot-Up > No Dribble Jumper > Open > Long/3pt > Miss 3 Pts,P&R Including Passes,Spot-Up,No Dribble Jumper,Open,Long/3pt,Miss 3 Pts,5,55.6,0.0,0.0,0.0,0.0,5,0.0,,,0.0,,5,0.0,0.0,,,0,5,,5.0,0.0,0.0,0,0,0,,0,5,1.0,0
Nick Hornsby,Edmonton Stingers,2025-2026,defense,P&R ball handler,Make 3 Pts,6,Long/3pt,P&R Including Passes > Spot-Up > No Dribble Jumper > Open > Long/3pt > Make 3 Pts,P&R Including Passes,Spot-Up,No Dribble Jumper,Open,Long/3pt,Make 3 Pts,4,44.4,3.0,150.0,0.0,0.0,4,100.0,,,100.0,,4,150.0,0.0,,,4,0,,4.0,0.0,100.0,0,0,0,,4,0,1.0,12
Nick Hornsby,Edmonton Stingers,2025-2026,defense,P&R ball handler,Medium/17' to 3pt,5,Open,P&R Including Passes > Spot-Up > No Dribble Jumper > Open > Medium/17' to 3pt,P&R Including Passes,Spot-Up,No Dribble Jumper,Open,Medium/17' to 3pt,,1,10.0,2.0,100.0,0.0,0.0,0,,,,100.0,,1,100.0,0.0,,,1,0,,1.0,0.0,100.0,1,1,0,100.0,0,0,0.0,2
Nick Hornsby,Edmonton Stingers,2025-2026,defense,P&R ball handler,Make 2 Pts,6,Medium/17' to 3pt,P&R Including Passes > Spot-Up > No Dribble Jumper > Open > Medium/17' to 3pt > Make 2 Pts,P&R Including Passes,Spot-Up,No Dribble Jumper,Open,Medium/17' to 3pt,Make 2 Pts,1,100.0,2.0,100.0,0.0,0.0,0,,,,100.0,,1,100.0,0.0,,,1,0,,1.0,0.0,100.0,1,1,0,100.0,0,0,0.0,2
Nick Hornsby,Edmonton Stingers,2025-2026,defense,P&R ball handler,Drives Right,3,Spot-Up,P&R Including Passes > Spot-Up > Drives Right,P&R Including Passes,Spot-Up,Drives Right,,,,9,23.7,0.778,59.5,33.3,11.1,0,,,,60.0,,5,60.0,11.1,,,3,2,,5.9,0.4,44.4,5,3,2,60.0,0,0,0.0,7
Nick Hornsby,Edmonton Stingers,2025-2026,defense,P&R ball handler,To Basket,4,Drives Right,P&R Including Passes > Spot-Up > Drives Right > To Basket,P&R Including Passes,Spot-Up,Drives Right,To Basket,,,7,77.8,1.0,59.5,14.3,14.3,0,,,,60.0,,5,60.0,14.3,,,3,2,,5.9,0.4,57.1,5,3,2,60.0,0,0,0.0,7
Nick Hornsby,Edmonton Stingers,2025-2026,defense,P&R ball handler,Make 2 Pts,5,To Basket,P&R Including Passes > Spot-Up > Drives Right > To Basket > Make 2 Pts,P&R Including Passes,Spot-Up,Drives Right,To Basket,Make 2 Pts,,3,42.9,2.0,100.0,0.0,0.0,0,,,,100.0,,3,100.0,0.0,,,3,0,,3.0,0.0,100.0,3,3,0,100.0,0,0,0.0,6
Nick Hornsby,Edmonton Stingers,2025-2026,defense,P&R ball handler,Miss 2 Pts,5,To Basket,P&R Including Passes > Spot-Up > Drives Right > To Basket > Miss 2 Pts,P&R Including Passes,Spot-Up,Drives Right,To Basket,Miss 2 Pts,,2,28.6,0.0,0.0,0.0,0.0,0,,,,0.0,,2,0.0,0.0,,,0,2,,2.0,0.0,0.0,2,0,2,0.0,0,0,0.0,0
Nick Hornsby,Edmonton Stingers,2025-2026,defense,P&R ball handler,Foul,5,To Basket,P&R Including Passes > Spot-Up > Drives Right > To Basket > Foul,P&R Including Passes,Spot-Up,Drives Right,To Basket,Foul,,1,14.3,1.0,56.8,0.0,100.0,0,,,,,,0,,100.0,,,0,0,,0.9,,100.0,0,0,0,,0,0,,1
Nick Hornsby,Edmonton Stingers,2025-2026,defense,P&R ball handler,Turnover,5,To Basket,P&R Including Passes > Spot-Up > Drives Right > To Basket > Turnover,P&R Including Passes,Spot-Up,Drives Right,To Basket,Turnover,,1,14.3,0.0,,100.0,0.0,0,,,,,,0,,0.0,,,0,0,,0.0,,0.0,0,0,0,,0,0,,0
Nick Hornsby,Edmonton Stingers,2025-2026,defense,P&R ball handler,Turnover,4,Drives Right,P&R Including Passes > Spot-Up > Drives Right > Turnover,P&R Including Passes,Spot-Up,Drives Right,Turnover,,,2,22.2,0.0,,100.0,0.0,0,,,,,,0,,0.0,,,0,0,,0.0,,0.0,0,0,0,,0,0,,0
Nick Hornsby,Edmonton Stingers,2025-2026,defense,P&R ball handler,Drives Left,3,Spot-Up,P&R Including Passes > Spot-Up > Drives Left,P&R Including Passes,Spot-Up,Drives Left,,,,5,13.2,0.0,0.0,40.0,0.0,1,0.0,,,0.0,,3,0.0,0.0,,,0,3,,3.0,0.0,0.0,2,0,2,0.0,0,1,0.33,0
Nick Hornsby,Edmonton Stingers,2025-2026,defense,P&R ball handler,Dribble Jumper,4,Drives Left,P&R Including Passes > Spot-Up > Drives Left > Dribble Jumper,P&R Including Passes,Spot-Up,Drives Left,Dribble Jumper,,,2,40.0,0.0,0.0,0.0,0.0,1,0.0,,,0.0,,2,0.0,0.0,,,0,2,,2.0,0.0,0.0,1,0,1,0.0,0,1,0.5,0
Nick Hornsby,Edmonton Stingers,2025-2026,defense,P&R ball handler,Long/3pt,5,Dribble Jumper,P&R Including Passes > Spot-Up > Drives Left > Dribble Jumper > Long/3pt,P&R Including Passes,Spot-Up,Drives Left,Dribble Jumper,Long/3pt,,1,50.0,0.0,0.0,0.0,0.0,1,0.0,,,0.0,,1,0.0,0.0,,,0,1,,1.0,0.0,0.0,0,0,0,,0,1,1.0,0
Nick Hornsby,Edmonton Stingers,2025-2026,defense,P&R ball handler,Miss 3 Pts,6,Long/3pt,P&R Including Passes > Spot-Up > Drives Left > Dribble Jumper > Long/3pt > Miss 3 Pts,P&R Including Passes,Spot-Up,Drives Left,Dribble Jumper,Long/3pt,Miss 3 Pts,1,100.0,0.0,0.0,0.0,0.0,1,0.0,,,0.0,,1,0.0,0.0,,,0,1,,1.0,0.0,0.0,0,0,0,,0,1,1.0,0
Nick Hornsby,Edmonton Stingers,2025-2026,defense,P&R ball handler,Short to < 17,5,Dribble Jumper,P&R Including Passes > Spot-Up > Drives Left > Dribble Jumper > Short to < 17,P&R Including Passes,Spot-Up,Drives Left,Dribble Jumper,Short to < 17,,1,50.0,0.0,0.0,0.0,0.0,0,,,,0.0,,1,0.0,0.0,,,0,1,,1.0,0.0,0.0,1,0,1,0.0,0,0,0.0,0
Nick Hornsby,Edmonton Stingers,2025-2026,defense,P&R ball handler,Miss 2 Pts,6,Short to < 17,P&R Including Passes > Spot-Up > Drives Left > Dribble Jumper > Short to < 17 > Miss 2 Pts,P&R Including Passes,Spot-Up,Drives Left,Dribble Jumper,Short to < 17,Miss 2 Pts,1,100.0,0.0,0.0,0.0,0.0,0,,,,0.0,,1,0.0,0.0,,,0,1,,1.0,0.0,0.0,1,0,1,0.0,0,0,0.0,0
Nick Hornsby,Edmonton Stingers,2025-2026,defense,P&R ball handler,To Basket,4,Drives Left,P&R Including Passes > Spot-Up > Drives Left > To Basket,P&R Including Passes,Spot-Up,Drives Left,To Basket,,,2,40.0,0.0,0.0,50.0,0.0,0,,,,0.0,,1,0.0,0.0,,,0,1,,1.0,0.0,0.0,1,0,1,0.0,0,0,0.0,0
Nick Hornsby,Edmonton Stingers,2025-2026,defense,P&R ball handler,Miss 2 Pts,5,To Basket,P&R Including Passes > Spot-Up > Drives Left > To Basket > Miss 2 Pts,P&R Including Passes,Spot-Up,Drives Left,To Basket,Miss 2 Pts,,1,50.0,0.0,0.0,0.0,0.0,0,,,,0.0,,1,0.0,0.0,,,0,1,,1.0,0.0,0.0,1,0,1,0.0,0,0,0.0,0
Nick Hornsby,Edmonton Stingers,2025-2026,defense,P&R ball handler,Turnover,5,To Basket,P&R Including Passes > Spot-Up > Drives Left > To Basket > Turnover,P&R Including Passes,Spot-Up,Drives Left,To Basket,Turnover,,1,50.0,0.0,,100.0,0.0,0,,,,,,0,,0.0,,,0,0,,0.0,,0.0,0,0,0,,0,0,,0
Nick Hornsby,Edmonton Stingers,2025-2026,defense,P&R ball handler,Turnover,4,Drives Left,P&R Including Passes > Spot-Up > Drives Left > Turnover,P&R Including Passes,Spot-Up,Drives Left,Turnover,,,1,20.0,0.0,,100.0,0.0,0,,,,,,0,,0.0,,,0,0,,0.0,,0.0,0,0,0,,0,0,,0
Nick Hornsby,Edmonton Stingers,2025-2026,defense,P&R ball handler,Drives Straight,3,Spot-Up,P&R Including Passes > Spot-Up > Drives Straight,P&R Including Passes,Spot-Up,Drives Straight,,,,2,5.3,1.0,50.0,0.0,0.0,1,0.0,,,50.0,,2,50.0,0.0,,,1,1,,2.0,0.0,50.0,1,1,0,100.0,0,1,0.5,2
Nick Hornsby,Edmonton Stingers,2025-2026,defense,P&R ball handler,Dribble Jumper,4,Drives Straight,P&R Including Passes > Spot-Up > Drives Straight > Dribble Jumper,P&R Including Passes,Spot-Up,Drives Straight,Dribble Jumper,,,1,50.0,0.0,0.0,0.0,0.0,1,0.0,,,0.0,,1,0.0,0.0,,,0,1,,1.0,0.0,0.0,0,0,0,,0,1,1.0,0
Nick Hornsby,Edmonton Stingers,2025-2026,defense,P&R ball handler,Long/3pt,5,Dribble Jumper,P&R Including Passes > Spot-Up > Drives Straight > Dribble Jumper > Long/3pt,P&R Including Passes,Spot-Up,Drives Straight,Dribble Jumper,Long/3pt,,1,100.0,0.0,0.0,0.0,0.0,1,0.0,,,0.0,,1,0.0,0.0,,,0,1,,1.0,0.0,0.0,0,0,0,,0,1,1.0,0
Nick Hornsby,Edmonton Stingers,2025-2026,defense,P&R ball handler,Miss 3 Pts,6,Long/3pt,P&R Including Passes > Spot-Up > Drives Straight > Dribble Jumper > Long/3pt > Miss 3 Pts,P&R Including Passes,Spot-Up,Drives Straight,Dribble Jumper,Long/3pt,Miss 3 Pts,1,100.0,0.0,0.0,0.0,0.0,1,0.0,,,0.0,,1,0.0,0.0,,,0,1,,1.0,0.0,0.0,0,0,0,,0,1,1.0,0
Nick Hornsby,Edmonton Stingers,2025-2026,defense,P&R ball handler,To Basket,4,Drives Straight,P&R Including Passes > Spot-Up > Drives Straight > To Basket,P&R Including Passes,Spot-Up,Drives Straight,To Basket,,,1,50.0,2.0,100.0,0.0,0.0,0,,,,100.0,,1,100.0,0.0,,,1,0,,1.0,0.0,100.0,1,1,0,100.0,0,0,0.0,2
Nick Hornsby,Edmonton Stingers,2025-2026,defense,P&R ball handler,Make 2 Pts,5,To Basket,P&R Including Passes > Spot-Up > Drives Straight > To Basket > Make 2 Pts,P&R Including Passes,Spot-Up,Drives Straight,To Basket,Make 2 Pts,,1,100.0,2.0,100.0,0.0,0.0,0,,,,100.0,,1,100.0,0.0,,,1,0,,1.0,0.0,100.0,1,1,0,100.0,0,0,0.0,2
Nick Hornsby,Edmonton Stingers,2025-2026,defense,P&R ball handler,P&R Ball Handler,2,P&R Including Passes,P&R Including Passes > P&R Ball Handler,P&R Including Passes,P&R Ball Handler,,,,,25,34.7,1.0,51.7,4.0,12.0,12,41.7,,,36.4,,22,47.7,12.0,,,8,14,,24.2,0.23,40.0,10,3,7,30.0,5,7,0.55,25
Nick Hornsby,Edmonton Stingers,2025-2026,defense,P&R ball handler,High P&R,3,P&R Ball Handler,P&R Including Passes > P&R Ball Handler > High P&R,P&R Including Passes,P&R Ball Handler,High P&R,,,,17,68.0,1.118,57.8,5.9,5.9,10,50.0,,,43.8,,16,59.4,5.9,,,7,9,,16.4,0.06,41.2,6,2,4,33.3,5,5,0.63,19
Nick Hornsby,Edmonton Stingers,2025-2026,defense,P&R ball handler,Dribble Off Pick,4,High P&R,P&R Including Passes > P&R Ball Handler > High P&R > Dribble Off Pick,P&R Including Passes,P&R Ball Handler,High P&R,Dribble Off Pick,,,13,76.5,1.231,64.3,7.7,7.7,8,50.0,,,50.0,,12,66.7,7.7,,,6,6,,12.4,0.08,46.2,4,2,2,50.0,4,4,0.67,16
Nick Hornsby,Edmonton Stingers,2025-2026,defense,P&R ball handler,Dribble Jumper,5,Dribble Off Pick,P&R Including Passes > P&R Ball Handler > High P&R > Dribble Off Pick > Dribble Jumper,P&R Including Passes,P&R Ball Handler,High P&R,Dribble Off Pick,Dribble Jumper,,8,61.5,1.5,75.0,0.0,0.0,8,50.0,,,50.0,,8,75.0,0.0,,,4,4,,8.0,0.0,50.0,0,0,0,,4,4,1.0,12
Nick Hornsby,Edmonton Stingers,2025-2026,defense,P&R ball handler,Long/3pt,6,Dribble Jumper,P&R Including Passes > P&R Ball Handler > High P&R > Dribble Off Pick > Dribble Jumper > Long/3pt,P&R Including Passes,P&R Ball Handler,High P&R,Dribble Off Pick,Dribble Jumper,Long/3pt,8,100.0,1.5,75.0,0.0,0.0,8,50.0,,,50.0,,8,75.0,0.0,,,4,4,,8.0,0.0,50.0,0,0,0,,4,4,1.0,12
Nick Hornsby,Edmonton Stingers,2025-2026,defense,P&R ball handler,To Basket,5,Dribble Off Pick,P&R Including Passes > P&R Ball Handler > High P&R > Dribble Off Pick > To Basket,P&R Including Passes,P&R Ball Handler,High P&R,Dribble Off Pick,To Basket,,4,30.8,1.0,45.0,0.0,25.0,0,,,,50.0,,4,50.0,25.0,,,2,2,,4.4,0.25,50.0,4,2,2,50.0,0,0,0.0,4
Nick Hornsby,Edmonton Stingers,2025-2026,defense,P&R ball handler,Miss 2 Pts,6,To Basket,P&R Including Passes > P&R Ball Handler > High P&R > Dribble Off Pick > To Basket > Miss 2 Pts,P&R Including Passes,P&R Ball Handler,High P&R,Dribble Off Pick,To Basket,Miss 2 Pts,2,50.0,0.0,0.0,0.0,0.0,0,,,,0.0,,2,0.0,0.0,,,0,2,,2.0,0.0,0.0,2,0,2,0.0,0,0,0.0,0
Nick Hornsby,Edmonton Stingers,2025-2026,defense,P&R ball handler,Make 2 Pts,6,To Basket,P&R Including Passes > P&R Ball Handler > High P&R > Dribble Off Pick > To Basket > Make 2 Pts,P&R Including Passes,P&R Ball Handler,High P&R,Dribble Off Pick,To Basket,Make 2 Pts,1,25.0,2.0,100.0,0.0,0.0,0,,,,100.0,,1,100.0,0.0,,,1,0,,1.0,0.0,100.0,1,1,0,100.0,0,0,0.0,2
Nick Hornsby,Edmonton Stingers,2025-2026,defense,P&R ball handler,Make 2 Pts Foul,6,To Basket,P&R Including Passes > P&R Ball Handler > High P&R > Dribble Off Pick > To Basket > Make 2 Pts Foul,P&R Including Passes,P&R Ball Handler,High P&R,Dribble Off Pick,To Basket,Make 2 Pts Foul,1,25.0,2.0,69.4,0.0,100.0,0,,,,100.0,,1,100.0,100.0,,,1,0,,1.4,1.0,100.0,1,1,0,100.0,0,0,0.0,2
Nick Hornsby,Edmonton Stingers,2025-2026,defense,P&R ball handler,Defense Commits,5,Dribble Off Pick,P&R Including Passes > P&R Ball Handler > High P&R > Dribble Off Pick > Defense Commits,P&R Including Passes,P&R Ball Handler,High P&R,Dribble Off Pick,Defense Commits,,1,7.7,0.0,,100.0,0.0,0,,,,,,0,,0.0,,,0,0,,0.0,,0.0,0,0,0,,0,0,,0
Nick Hornsby,Edmonton Stingers,2025-2026,defense,P&R ball handler,Turnover,6,Defense Commits,P&R Including Passes > P&R Ball Handler > High P&R > Dribble Off Pick > Defense Commits > Turnover,P&R Including Passes,P&R Ball Handler,High P&R,Dribble Off Pick,Defense Commits,Turnover,1,100.0,0.0,,100.0,0.0,0,,,,,,0,,0.0,,,0,0,,0.0,,0.0,0,0,0,,0,0,,0
Nick Hornsby,Edmonton Stingers,2025-2026,defense,P&R ball handler,Go Away from Pick,4,High P&R,P&R Including Passes > P&R Ball Handler > High P&R > Go Away from Pick,P&R Including Passes,P&R Ball Handler,High P&R,Go Away from Pick,,,2,11.8,0.0,0.0,0.0,0.0,0,,,,0.0,,2,0.0,0.0,,,0,2,,2.0,0.0,0.0,2,0,2,0.0,0,0,0.0,0
Nick Hornsby,Edmonton Stingers,2025-2026,defense,P&R ball handler,Dribble Jumper,5,Go Away from Pick,P&R Including Passes > P&R Ball Handler > High P&R > Go Away from Pick > Dribble Jumper,P&R Including Passes,P&R Ball Handler,High P&R,Go Away from Pick,Dribble Jumper,,2,100.0,0.0,0.0,0.0,0.0,0,,,,0.0,,2,0.0,0.0,,,0,2,,2.0,0.0,0.0,2,0,2,0.0,0,0,0.0,0
Nick Hornsby,Edmonton Stingers,2025-2026,defense,P&R ball handler,Medium/17' to 3pt,6,Dribble Jumper,P&R Including Passes > P&R Ball Handler > High P&R > Go Away from Pick > Dribble Jumper > Medium/17' to 3pt,P&R Including Passes,P&R Ball Handler,High P&R,Go Away from Pick,Dribble Jumper,Medium/17' to 3pt,1,50.0,0.0,0.0,0.0,0.0,0,,,,0.0,,1,0.0,0.0,,,0,1,,1.0,0.0,0.0,1,0,1,0.0,0,0,0.0,0
Nick Hornsby,Edmonton Stingers,2025-2026,defense,P&R ball handler,Short to < 17,6,Dribble Jumper,P&R Including Passes > P&R Ball Handler > High P&R > Go Away from Pick > Dribble Jumper > Short to < 17,P&R Including Passes,P&R Ball Handler,High P&R,Go Away from Pick,Dribble Jumper,Short to < 17,1,50.0,0.0,0.0,0.0,0.0,0,,,,0.0,,1,0.0,0.0,,,0,1,,1.0,0.0,0.0,1,0,1,0.0,0,0,0.0,0
Nick Hornsby,Edmonton Stingers,2025-2026,defense,P&R ball handler,Takes Early Jump Shot,4,High P&R,P&R Including Passes > P&R Ball Handler > High P&R > Takes Early Jump Shot,P&R Including Passes,P&R Ball Handler,High P&R,Takes Early Jump Shot,,,2,11.8,1.5,75.0,0.0,0.0,2,50.0,,,50.0,,2,75.0,0.0,,,1,1,,2.0,0.0,50.0,0,0,0,,1,1,1.0,3
Nick Hornsby,Edmonton Stingers,2025-2026,defense,P&R ball handler,Dribble Jumper,5,Takes Early Jump Shot,P&R Including Passes > P&R Ball Handler > High P&R > Takes Early Jump Shot > Dribble Jumper,P&R Including Passes,P&R Ball Handler,High P&R,Takes Early Jump Shot,Dribble Jumper,,2,100.0,1.5,75.0,0.0,0.0,2,50.0,,,50.0,,2,75.0,0.0,,,1,1,,2.0,0.0,50.0,0,0,0,,1,1,1.0,3
Nick Hornsby,Edmonton Stingers,2025-2026,defense,P&R ball handler,Long/3pt,6,Dribble Jumper,P&R Including Passes > P&R Ball Handler > High P&R > Takes Early Jump Shot > Dribble Jumper > Long/3pt,P&R Including Passes,P&R Ball Handler,High P&R,Takes Early Jump Shot,Dribble Jumper,Long/3pt,2,100.0,1.5,75.0,0.0,0.0,2,50.0,,,50.0,,2,75.0,0.0,,,1,1,,2.0,0.0,50.0,0,0,0,,1,1,1.0,3
Nick Hornsby,Edmonton Stingers,2025-2026,defense,P&R ball handler,Left P&R,3,P&R Ball Handler,P&R Including Passes > P&R Ball Handler > Left P&R,P&R Including Passes,P&R Ball Handler,Left P&R,,,,5,20.0,1.2,63.0,0.0,40.0,1,0.0,,,33.3,,3,33.3,40.0,,,1,2,,4.8,1.33,60.0,2,1,1,50.0,0,1,0.33,6
Nick Hornsby,Edmonton Stingers,2025-2026,defense,P&R ball handler,Side,4,Left P&R,P&R Including Passes > P&R Ball Handler > Left P&R > Side,P&R Including Passes,P&R Ball Handler,Left P&R,Side,,,3,60.0,1.333,69.4,0.0,33.3,0,,,,50.0,,2,50.0,33.3,,,1,1,,2.9,1.0,66.7,2,1,1,50.0,0,0,0.0,4
Nick Hornsby,Edmonton Stingers,2025-2026,defense,P&R ball handler,Go Away from Pick,5,Side,P&R Including Passes > P&R Ball Handler > Left P&R > Side > Go Away from Pick,P&R Including Passes,P&R Ball Handler,Left P&R,Side,Go Away from Pick,,2,66.7,1.0,50.0,0.0,0.0,0,,,,50.0,,2,50.0,0.0,,,1,1,,2.0,0.0,50.0,2,1,1,50.0,0,0,0.0,2
Nick Hornsby,Edmonton Stingers,2025-2026,defense,P&R ball handler,To Basket,6,Go Away from Pick,P&R Including Passes > P&R Ball Handler > Left P&R > Side > Go Away from Pick > To Basket,P&R Including Passes,P&R Ball Handler,Left P&R,Side,Go Away from Pick,To Basket,1,50.0,0.0,0.0,0.0,0.0,0,,,,0.0,,1,0.0,0.0,,,0,1,,1.0,0.0,0.0,1,0,1,0.0,0,0,0.0,0
Nick Hornsby,Edmonton Stingers,2025-2026,defense,P&R ball handler,Dribble Jumper,6,Go Away from Pick,P&R Including Passes > P&R Ball Handler > Left P&R > Side > Go Away from Pick > Dribble Jumper,P&R Including Passes,P&R Ball Handler,Left P&R,Side,Go Away from Pick,Dribble Jumper,1,50.0,2.0,100.0,0.0,0.0,0,,,,100.0,,1,100.0,0.0,,,1,0,,1.0,0.0,100.0,1,1,0,100.0,0,0,0.0,2
Nick Hornsby,Edmonton Stingers,2025-2026,defense,P&R ball handler,Dribble Off Pick,5,Side,P&R Including Passes > P&R Ball Handler > Left P&R > Side > Dribble Off Pick,P&R Including Passes,P&R Ball Handler,Left P&R,Side,Dribble Off Pick,,1,33.3,2.0,113.6,0.0,100.0,0,,,,,,0,,100.0,,,0,0,,0.9,,100.0,0,0,0,,0,0,,2
Nick Hornsby,Edmonton Stingers,2025-2026,defense,P&R ball handler,To Basket,6,Dribble Off Pick,P&R Including Passes > P&R Ball Handler > Left P&R > Side > Dribble Off Pick > To Basket,P&R Including Passes,P&R Ball Handler,Left P&R,Side,Dribble Off Pick,To Basket,1,100.0,2.0,113.6,0.0,100.0,0,,,,,,0,,100.0,,,0,0,,0.9,,100.0,0,0,0,,0,0,,2
Nick Hornsby,Edmonton Stingers,2025-2026,defense,P&R ball handler,Baseline,4,Left P&R,P&R Including Passes > P&R Ball Handler > Left P&R > Baseline,P&R Including Passes,P&R Ball Handler,Left P&R,Baseline,,,2,40.0,1.0,53.2,0.0,50.0,1,0.0,,,0.0,,1,0.0,50.0,,,0,1,,1.9,2.0,50.0,0,0,0,,0,1,1.0,2
Nick Hornsby,Edmonton Stingers,2025-2026,defense,P&R ball handler,Dribble Off Pick,5,Baseline,P&R Including Passes > P&R Ball Handler > Left P&R > Baseline > Dribble Off Pick,P&R Including Passes,P&R Ball Handler,Left P&R,Baseline,Dribble Off Pick,,1,50.0,0.0,0.0,0.0,0.0,1,0.0,,,0.0,,1,0.0,0.0,,,0,1,,1.0,0.0,0.0,0,0,0,,0,1,1.0,0
Nick Hornsby,Edmonton Stingers,2025-2026,defense,P&R ball handler,Dribble Jumper,6,Dribble Off Pick,P&R Including Passes > P&R Ball Handler > Left P&R > Baseline > Dribble Off Pick > Dribble Jumper,P&R Including Passes,P&R Ball Handler,Left P&R,Baseline,Dribble Off Pick,Dribble Jumper,1,100.0,0.0,0.0,0.0,0.0,1,0.0,,,0.0,,1,0.0,0.0,,,0,1,,1.0,0.0,0.0,0,0,0,,0,1,1.0,0
Nick Hornsby,Edmonton Stingers,2025-2026,defense,P&R ball handler,Go Away from Pick,5,Baseline,P&R Including Passes > P&R Ball Handler > Left P&R > Baseline > Go Away from Pick,P&R Including Passes,P&R Ball Handler,Left P&R,Baseline,Go Away from Pick,,1,50.0,2.0,113.6,0.0,100.0,0,,,,,,0,,100.0,,,0,0,,0.9,,100.0,0,0,0,,0,0,,2
Nick Hornsby,Edmonton Stingers,2025-2026,defense,P&R ball handler,To Basket,6,Go Away from Pick,P&R Including Passes > P&R Ball Handler > Left P&R > Baseline > Go Away from Pick > To Basket,P&R Including Passes,P&R Ball Handler,Left P&R,Baseline,Go Away from Pick,To Basket,1,100.0,2.0,113.6,0.0,100.0,0,,,,,,0,,100.0,,,0,0,,0.9,,100.0,0,0,0,,0,0,,2
Nick Hornsby,Edmonton Stingers,2025-2026,defense,P&R ball handler,Right P&R,3,P&R Ball Handler,P&R Including Passes > P&R Ball Handler > Right P&R,P&R Including Passes,P&R Ball Handler,Right P&R,,,,3,12.0,0.0,0.0,0.0,0.0,1,0.0,,,0.0,,3,0.0,0.0,,,0,3,,3.0,0.0,0.0,2,0,2,0.0,0,1,0.33,0
Nick Hornsby,Edmonton Stingers,2025-2026,defense,P&R ball handler,Side,4,Right P&R,P&R Including Passes > P&R Ball Handler > Right P&R > Side,P&R Including Passes,P&R Ball Handler,Right P&R,Side,,,3,100.0,0.0,0.0,0.0,0.0,1,0.0,,,0.0,,3,0.0,0.0,,,0,3,,3.0,0.0,0.0,2,0,2,0.0,0,1,0.33,0
Nick Hornsby,Edmonton Stingers,2025-2026,defense,P&R ball handler,Dribble Off Pick,5,Side,P&R Including Passes > P&R Ball Handler > Right P&R > Side > Dribble Off Pick,P&R Including Passes,P&R Ball Handler,Right P&R,Side,Dribble Off Pick,,1,33.3,0.0,0.0,0.0,0.0,0,,,,0.0,,1,0.0,0.0,,,0,1,,1.0,0.0,0.0,1,0,1,0.0,0,0,0.0,0
Nick Hornsby,Edmonton Stingers,2025-2026,defense,P&R ball handler,To Basket,6,Dribble Off Pick,P&R Including Passes > P&R Ball Handler > Right P&R > Side > Dribble Off Pick > To Basket,P&R Including Passes,P&R Ball Handler,Right P&R,Side,Dribble Off Pick,To Basket,1,100.0,0.0,0.0,0.0,0.0,0,,,,0.0,,1,0.0,0.0,,,0,1,,1.0,0.0,0.0,1,0,1,0.0,0,0,0.0,0
Nick Hornsby,Edmonton Stingers,2025-2026,defense,P&R ball handler,Takes Early Jump Shot,5,Side,P&R Including Passes > P&R Ball Handler > Right P&R > Side > Takes Early Jump Shot,P&R Including Passes,P&R Ball Handler,Right P&R,Side,Takes Early Jump Shot,,1,33.3,0.0,0.0,0.0,0.0,1,0.0,,,0.0,,1,0.0,0.0,,,0,1,,1.0,0.0,0.0,0,0,0,,0,1,1.0,0
Nick Hornsby,Edmonton Stingers,2025-2026,defense,P&R ball handler,Dribble Jumper,6,Takes Early Jump Shot,P&R Including Passes > P&R Ball Handler > Right P&R > Side > Takes Early Jump Shot > Dribble Jumper,P&R Including Passes,P&R Ball Handler,Right P&R,Side,Takes Early Jump Shot,Dribble Jumper,1,100.0,0.0,0.0,0.0,0.0,1,0.0,,,0.0,,1,0.0,0.0,,,0,1,,1.0,0.0,0.0,0,0,0,,0,1,1.0,0
Nick Hornsby,Edmonton Stingers,2025-2026,defense,P&R ball handler,Go Away from Pick,5,Side,P&R Including Passes > P&R Ball Handler > Right P&R > Side > Go Away from Pick,P&R Including Passes,P&R Ball Handler,Right P&R,Side,Go Away from Pick,,1,33.3,0.0,0.0,0.0,0.0,0,,,,0.0,,1,0.0,0.0,,,0,1,,1.0,0.0,0.0,1,0,1,0.0,0,0,0.0,0
Nick Hornsby,Edmonton Stingers,2025-2026,defense,P&R ball handler,To Basket,6,Go Away from Pick,P&R Including Passes > P&R Ball Handler > Right P&R > Side > Go Away from Pick > To Basket,P&R Including Passes,P&R Ball Handler,Right P&R,Side,Go Away from Pick,To Basket,1,100.0,0.0,0.0,0.0,0.0,0,,,,0.0,,1,0.0,0.0,,,0,1,,1.0,0.0,0.0,1,0,1,0.0,0,0,0.0,0
Nick Hornsby,Edmonton Stingers,2025-2026,defense,P&R ball handler,P&R Roll Man,2,P&R Including Passes,P&R Including Passes > P&R Roll Man,P&R Including Passes,P&R Roll Man,,,,,9,12.5,1.0,57.1,11.1,11.1,5,40.0,,,42.9,,7,57.1,11.1,,,3,4,,7.9,0.29,44.4,2,1,1,50.0,2,3,0.71,9
Nick Hornsby,Edmonton Stingers,2025-2026,defense,P&R ball handler,Pick and Pops,3,P&R Roll Man,P&R Including Passes > P&R Roll Man > Pick and Pops,P&R Including Passes,P&R Roll Man,Pick and Pops,,,,7,77.8,0.857,50.0,14.3,0.0,5,40.0,,,33.3,,6,50.0,0.0,,,2,4,,6.0,0.0,28.6,1,0,1,0.0,2,3,0.83,6
Nick Hornsby,Edmonton Stingers,2025-2026,defense,P&R ball handler,No Dribble Jumper,4,Pick and Pops,P&R Including Passes > P&R Roll Man > Pick and Pops > No Dribble Jumper,P&R Including Passes,P&R Roll Man,Pick and Pops,No Dribble Jumper,,,4,57.1,0.75,37.5,0.0,0.0,4,25.0,,,25.0,,4,37.5,0.0,,,1,3,,4.0,0.0,25.0,0,0,0,,1,3,1.0,3
Nick Hornsby,Edmonton Stingers,2025-2026,defense,P&R ball handler,Guarded,5,No Dribble Jumper,P&R Including Passes > P&R Roll Man > Pick and Pops > No Dribble Jumper > Guarded,P&R Including Passes,P&R Roll Man,Pick and Pops,No Dribble Jumper,Guarded,,2,50.0,1.5,75.0,0.0,0.0,2,50.0,,,50.0,,2,75.0,0.0,,,1,1,,2.0,0.0,50.0,0,0,0,,1,1,1.0,3
Nick Hornsby,Edmonton Stingers,2025-2026,defense,P&R ball handler,Long/3pt,6,Guarded,P&R Including Passes > P&R Roll Man > Pick and Pops > No Dribble Jumper > Guarded > Long/3pt,P&R Including Passes,P&R Roll Man,Pick and Pops,No Dribble Jumper,Guarded,Long/3pt,2,100.0,1.5,75.0,0.0,0.0,2,50.0,,,50.0,,2,75.0,0.0,,,1,1,,2.0,0.0,50.0,0,0,0,,1,1,1.0,3
Nick Hornsby,Edmonton Stingers,2025-2026,defense,P&R ball handler,Open,5,No Dribble Jumper,P&R Including Passes > P&R Roll Man > Pick and Pops > No Dribble Jumper > Open,P&R Including Passes,P&R Roll Man,Pick and Pops,No Dribble Jumper,Open,,2,50.0,0.0,0.0,0.0,0.0,2,0.0,,,0.0,,2,0.0,0.0,,,0,2,,2.0,0.0,0.0,0,0,0,,0,2,1.0,0
Nick Hornsby,Edmonton Stingers,2025-2026,defense,P&R ball handler,Long/3pt,6,Open,P&R Including Passes > P&R Roll Man > Pick and Pops > No Dribble Jumper > Open > Long/3pt,P&R Including Passes,P&R Roll Man,Pick and Pops,No Dribble Jumper,Open,Long/3pt,2,100.0,0.0,0.0,0.0,0.0,2,0.0,,,0.0,,2,0.0,0.0,,,0,2,,2.0,0.0,0.0,0,0,0,,0,2,1.0,0
Nick Hornsby,Edmonton Stingers,2025-2026,defense,P&R ball handler,Drives Straight,4,Pick and Pops,P&R Including Passes > P&R Roll Man > Pick and Pops > Drives Straight,P&R Including Passes,P&R Roll Man,Pick and Pops,Drives Straight,,,1,14.3,3.0,150.0,0.0,0.0,1,100.0,,,100.0,,1,150.0,0.0,,,1,0,,1.0,0.0,100.0,0,0,0,,1,0,1.0,3
Nick Hornsby,Edmonton Stingers,2025-2026,defense,P&R ball handler,Dribble Jumper,5,Drives Straight,P&R Including Passes > P&R Roll Man > Pick and Pops > Drives Straight > Dribble Jumper,P&R Including Passes,P&R Roll Man,Pick and Pops,Drives Straight,Dribble Jumper,,1,100.0,3.0,150.0,0.0,0.0,1,100.0,,,100.0,,1,150.0,0.0,,,1,0,,1.0,0.0,100.0,0,0,0,,1,0,1.0,3
Nick Hornsby,Edmonton Stingers,2025-2026,defense,P&R ball handler,Long/3pt,6,Dribble Jumper,P&R Including Passes > P&R Roll Man > Pick and Pops > Drives Straight > Dribble Jumper > Long/3pt,P&R Including Passes,P&R Roll Man,Pick and Pops,Drives Straight,Dribble Jumper,Long/3pt,1,100.0,3.0,150.0,0.0,0.0,1,100.0,,,100.0,,1,150.0,0.0,,,1,0,,1.0,0.0,100.0,0,0,0,,1,0,1.0,3
Nick Hornsby,Edmonton Stingers,2025-2026,defense,P&R ball handler,Drives Left,4,Pick and Pops,P&R Including Passes > P&R Roll Man > Pick and Pops > Drives Left,P&R Including Passes,P&R Roll Man,Pick and Pops,Drives Left,,,1,14.3,0.0,0.0,0.0,0.0,0,,,,0.0,,1,0.0,0.0,,,0,1,,1.0,0.0,0.0,1,0,1,0.0,0,0,0.0,0
Nick Hornsby,Edmonton Stingers,2025-2026,defense,P&R ball handler,To Basket,5,Drives Left,P&R Including Passes > P&R Roll Man > Pick and Pops > Drives Left > To Basket,P&R Including Passes,P&R Roll Man,Pick and Pops,Drives Left,To Basket,,1,100.0,0.0,0.0,0.0,0.0,0,,,,0.0,,1,0.0,0.0,,,0,1,,1.0,0.0,0.0,1,0,1,0.0,0,0,0.0,0
Nick Hornsby,Edmonton Stingers,2025-2026,defense,P&R ball handler,Miss 2 Pts,6,To Basket,P&R Including Passes > P&R Roll Man > Pick and Pops > Drives Left > To Basket > Miss 2 Pts,P&R Including Passes,P&R Roll Man,Pick and Pops,Drives Left,To Basket,Miss 2 Pts,1,100.0,0.0,0.0,0.0,0.0,0,,,,0.0,,1,0.0,0.0,,,0,1,,1.0,0.0,0.0,1,0,1,0.0,0,0,0.0,0
Nick Hornsby,Edmonton Stingers,2025-2026,defense,P&R ball handler,Drives Right,4,Pick and Pops,P&R Including Passes > P&R Roll Man > Pick and Pops > Drives Right,P&R Including Passes,P&R Roll Man,Pick and Pops,Drives Right,,,1,14.3,0.0,,100.0,0.0,0,,,,,,0,,0.0,,,0,0,,0.0,,0.0,0,0,0,,0,0,,0
Nick Hornsby,Edmonton Stingers,2025-2026,defense,P&R ball handler,To Basket,5,Drives Right,P&R Including Passes > P&R Roll Man > Pick and Pops > Drives Right > To Basket,P&R Including Passes,P&R Roll Man,Pick and Pops,Drives Right,To Basket,,1,100.0,0.0,,100.0,0.0,0,,,,,,0,,0.0,,,0,0,,0.0,,0.0,0,0,0,,0,0,,0
Nick Hornsby,Edmonton Stingers,2025-2026,defense,P&R ball handler,Turnover,6,To Basket,P&R Including Passes > P&R Roll Man > Pick and Pops > Drives Right > To Basket > Turnover,P&R Including Passes,P&R Roll Man,Pick and Pops,Drives Right,To Basket,Turnover,1,100.0,0.0,,100.0,0.0,0,,,,,,0,,0.0,,,0,0,,0.0,,0.0,0,0,0,,0,0,,0
Nick Hornsby,Edmonton Stingers,2025-2026,defense,P&R ball handler,Slips the Pick,3,P&R Roll Man,P&R Including Passes > P&R Roll Man > Slips the Pick,P&R Including Passes,P&R Roll Man,Slips the Pick,,,,2,22.2,1.5,79.8,0.0,50.0,0,,,,100.0,,1,100.0,50.0,,,1,0,,1.9,2.0,100.0,1,1,0,100.0,0,0,0.0,3
Nick Hornsby,Edmonton Stingers,2025-2026,defense,P&R ball handler,To Basket,4,Slips the Pick,P&R Including Passes > P&R Roll Man > Slips the Pick > To Basket,P&R Including Passes,P&R Roll Man,Slips the Pick,To Basket,,,2,100.0,1.5,79.8,0.0,50.0,0,,,,100.0,,1,100.0,50.0,,,1,0,,1.9,2.0,100.0,1,1,0,100.0,0,0,0.0,3
Nick Hornsby,Edmonton Stingers,2025-2026,defense,P&R ball handler,Make 2 Pts,5,To Basket,P&R Including Passes > P&R Roll Man > Slips the Pick > To Basket > Make 2 Pts,P&R Including Passes,P&R Roll Man,Slips the Pick,To Basket,Make 2 Pts,,1,50.0,2.0,100.0,0.0,0.0,0,,,,100.0,,1,100.0,0.0,,,1,0,,1.0,0.0,100.0,1,1,0,100.0,0,0,0.0,2
Nick Hornsby,Edmonton Stingers,2025-2026,defense,P&R ball handler,Foul,5,To Basket,P&R Including Passes > P&R Roll Man > Slips the Pick > To Basket > Foul,P&R Including Passes,P&R Roll Man,Slips the Pick,To Basket,Foul,,1,50.0,1.0,56.8,0.0,100.0,0,,,,,,0,,100.0,,,0,0,,0.9,,100.0,0,0,0,,0,0,,1
Nick Hornsby,Edmonton Stingers,2025-2026,defense,P&R ball handler,P&R BH - Defense Commits,1,,P&R BH - Defense Commits,P&R BH - Defense Commits,,,,,,48,21.7,0.729,42.9,14.6,4.2,28,25.0,Good,56.0,33.3,43.0,39,42.3,4.2,,,13,26,,40.8,0.1,31.3,11,6,5,54.5,7,21,0.72,35
Nick Hornsby,Edmonton Stingers,2025-2026,defense,P&R ball handler,Spot-Up,2,P&R BH - Defense Commits,P&R BH - Defense Commits > Spot-Up,P&R BH - Defense Commits,Spot-Up,,,,,38,79.2,0.684,39.5,13.2,2.6,23,21.7,,,31.3,,32,39.1,2.6,,,10,22,,32.9,0.06,28.9,9,5,4,55.6,5,18,0.72,26
Nick Hornsby,Edmonton Stingers,2025-2026,defense,P&R ball handler,No Dribble Jumper,3,Spot-Up,P&R BH - Defense Commits > Spot-Up > No Dribble Jumper,P&R BH - Defense Commits,Spot-Up,No Dribble Jumper,,,,22,57.9,0.773,38.6,0.0,0.0,21,23.8,,,27.3,,22,38.6,0.0,,,6,16,,22.0,0.0,27.3,1,1,0,100.0,5,16,0.95,17
Nick Hornsby,Edmonton Stingers,2025-2026,defense,P&R ball handler,Guarded,4,No Dribble Jumper,P&R BH - Defense Commits > Spot-Up > No Dribble Jumper > Guarded,P&R BH - Defense Commits,Spot-Up,No Dribble Jumper,Guarded,,,12,54.5,0.25,12.5,0.0,0.0,12,8.3,,,8.3,,12,12.5,0.0,,,1,11,,12.0,0.0,8.3,0,0,0,,1,11,1.0,3
Nick Hornsby,Edmonton Stingers,2025-2026,defense,P&R ball handler,Long/3pt,5,Guarded,P&R BH - Defense Commits > Spot-Up > No Dribble Jumper > Guarded > Long/3pt,P&R BH - Defense Commits,Spot-Up,No Dribble Jumper,Guarded,Long/3pt,,12,100.0,0.25,12.5,0.0,0.0,12,8.3,,,8.3,,12,12.5,0.0,,,1,11,,12.0,0.0,8.3,0,0,0,,1,11,1.0,3
Nick Hornsby,Edmonton Stingers,2025-2026,defense,P&R ball handler,Miss 3 Pts,6,Long/3pt,P&R BH - Defense Commits > Spot-Up > No Dribble Jumper > Guarded > Long/3pt > Miss 3 Pts,P&R BH - Defense Commits,Spot-Up,No Dribble Jumper,Guarded,Long/3pt,Miss 3 Pts,11,91.7,0.0,0.0,0.0,0.0,11,0.0,,,0.0,,11,0.0,0.0,,,0,11,,11.0,0.0,0.0,0,0,0,,0,11,1.0,0
Nick Hornsby,Edmonton Stingers,2025-2026,defense,P&R ball handler,Make 3 Pts,6,Long/3pt,P&R BH - Defense Commits > Spot-Up > No Dribble Jumper > Guarded > Long/3pt > Make 3 Pts,P&R BH - Defense Commits,Spot-Up,No Dribble Jumper,Guarded,Long/3pt,Make 3 Pts,1,8.3,3.0,150.0,0.0,0.0,1,100.0,,,100.0,,1,150.0,0.0,,,1,0,,1.0,0.0,100.0,0,0,0,,1,0,1.0,3
Nick Hornsby,Edmonton Stingers,2025-2026,defense,P&R ball handler,Open,4,No Dribble Jumper,P&R BH - Defense Commits > Spot-Up > No Dribble Jumper > Open,P&R BH - Defense Commits,Spot-Up,No Dribble Jumper,Open,,,10,45.5,1.4,70.0,0.0,0.0,9,44.4,,,50.0,,10,70.0,0.0,,,5,5,,10.0,0.0,50.0,1,1,0,100.0,4,5,0.9,14
Nick Hornsby,Edmonton Stingers,2025-2026,defense,P&R ball handler,Long/3pt,5,Open,P&R BH - Defense Commits > Spot-Up > No Dribble Jumper > Open > Long/3pt,P&R BH - Defense Commits,Spot-Up,No Dribble Jumper,Open,Long/3pt,,9,90.0,1.333,66.7,0.0,0.0,9,44.4,,,44.4,,9,66.7,0.0,,,4,5,,9.0,0.0,44.4,0,0,0,,4,5,1.0,12
Nick Hornsby,Edmonton Stingers,2025-2026,defense,P&R ball handler,Miss 3 Pts,6,Long/3pt,P&R BH - Defense Commits > Spot-Up > No Dribble Jumper > Open > Long/3pt > Miss 3 Pts,P&R BH - Defense Commits,Spot-Up,No Dribble Jumper,Open,Long/3pt,Miss 3 Pts,5,55.6,0.0,0.0,0.0,0.0,5,0.0,,,0.0,,5,0.0,0.0,,,0,5,,5.0,0.0,0.0,0,0,0,,0,5,1.0,0
Nick Hornsby,Edmonton Stingers,2025-2026,defense,P&R ball handler,Make 3 Pts,6,Long/3pt,P&R BH - Defense Commits > Spot-Up > No Dribble Jumper > Open > Long/3pt > Make 3 Pts,P&R BH - Defense Commits,Spot-Up,No Dribble Jumper,Open,Long/3pt,Make 3 Pts,4,44.4,3.0,150.0,0.0,0.0,4,100.0,,,100.0,,4,150.0,0.0,,,4,0,,4.0,0.0,100.0,0,0,0,,4,0,1.0,12
Nick Hornsby,Edmonton Stingers,2025-2026,defense,P&R ball handler,Medium/17' to 3pt,5,Open,P&R BH - Defense Commits > Spot-Up > No Dribble Jumper > Open > Medium/17' to 3pt,P&R BH - Defense Commits,Spot-Up,No Dribble Jumper,Open,Medium/17' to 3pt,,1,10.0,2.0,100.0,0.0,0.0,0,,,,100.0,,1,100.0,0.0,,,1,0,,1.0,0.0,100.0,1,1,0,100.0,0,0,0.0,2
Nick Hornsby,Edmonton Stingers,2025-2026,defense,P&R ball handler,Make 2 Pts,6,Medium/17' to 3pt,P&R BH - Defense Commits > Spot-Up > No Dribble Jumper > Open > Medium/17' to 3pt > Make 2 Pts,P&R BH - Defense Commits,Spot-Up,No Dribble Jumper,Open,Medium/17' to 3pt,Make 2 Pts,1,100.0,2.0,100.0,0.0,0.0,0,,,,100.0,,1,100.0,0.0,,,1,0,,1.0,0.0,100.0,1,1,0,100.0,0,0,0.0,2
Nick Hornsby,Edmonton Stingers,2025-2026,defense,P&R ball handler,Drives Right,3,Spot-Up,P&R BH - Defense Commits > Spot-Up > Drives Right,P&R BH - Defense Commits,Spot-Up,Drives Right,,,,9,23.7,0.778,59.5,33.3,11.1,0,,,,60.0,,5,60.0,11.1,,,3,2,,5.9,0.4,44.4,5,3,2,60.0,0,0,0.0,7
Nick Hornsby,Edmonton Stingers,2025-2026,defense,P&R ball handler,To Basket,4,Drives Right,P&R BH - Defense Commits > Spot-Up > Drives Right > To Basket,P&R BH - Defense Commits,Spot-Up,Drives Right,To Basket,,,7,77.8,1.0,59.5,14.3,14.3,0,,,,60.0,,5,60.0,14.3,,,3,2,,5.9,0.4,57.1,5,3,2,60.0,0,0,0.0,7
Nick Hornsby,Edmonton Stingers,2025-2026,defense,P&R ball handler,Make 2 Pts,5,To Basket,P&R BH - Defense Commits > Spot-Up > Drives Right > To Basket > Make 2 Pts,P&R BH - Defense Commits,Spot-Up,Drives Right,To Basket,Make 2 Pts,,3,42.9,2.0,100.0,0.0,0.0,0,,,,100.0,,3,100.0,0.0,,,3,0,,3.0,0.0,100.0,3,3,0,100.0,0,0,0.0,6
Nick Hornsby,Edmonton Stingers,2025-2026,defense,P&R ball handler,Miss 2 Pts,5,To Basket,P&R BH - Defense Commits > Spot-Up > Drives Right > To Basket > Miss 2 Pts,P&R BH - Defense Commits,Spot-Up,Drives Right,To Basket,Miss 2 Pts,,2,28.6,0.0,0.0,0.0,0.0,0,,,,0.0,,2,0.0,0.0,,,0,2,,2.0,0.0,0.0,2,0,2,0.0,0,0,0.0,0
Nick Hornsby,Edmonton Stingers,2025-2026,defense,P&R ball handler,Foul,5,To Basket,P&R BH - Defense Commits > Spot-Up > Drives Right > To Basket > Foul,P&R BH - Defense Commits,Spot-Up,Drives Right,To Basket,Foul,,1,14.3,1.0,56.8,0.0,100.0,0,,,,,,0,,100.0,,,0,0,,0.9,,100.0,0,0,0,,0,0,,1
Nick Hornsby,Edmonton Stingers,2025-2026,defense,P&R ball handler,Turnover,5,To Basket,P&R BH - Defense Commits > Spot-Up > Drives Right > To Basket > Turnover,P&R BH - Defense Commits,Spot-Up,Drives Right,To Basket,Turnover,,1,14.3,0.0,,100.0,0.0,0,,,,,,0,,0.0,,,0,0,,0.0,,0.0,0,0,0,,0,0,,0
Nick Hornsby,Edmonton Stingers,2025-2026,defense,P&R ball handler,Turnover,4,Drives Right,P&R BH - Defense Commits > Spot-Up > Drives Right > Turnover,P&R BH - Defense Commits,Spot-Up,Drives Right,Turnover,,,2,22.2,0.0,,100.0,0.0,0,,,,,,0,,0.0,,,0,0,,0.0,,0.0,0,0,0,,0,0,,0
Nick Hornsby,Edmonton Stingers,2025-2026,defense,P&R ball handler,Drives Left,3,Spot-Up,P&R BH - Defense Commits > Spot-Up > Drives Left,P&R BH - Defense Commits,Spot-Up,Drives Left,,,,5,13.2,0.0,0.0,40.0,0.0,1,0.0,,,0.0,,3,0.0,0.0,,,0,3,,3.0,0.0,0.0,2,0,2,0.0,0,1,0.33,0
Nick Hornsby,Edmonton Stingers,2025-2026,defense,P&R ball handler,To Basket,4,Drives Left,P&R BH - Defense Commits > Spot-Up > Drives Left > To Basket,P&R BH - Defense Commits,Spot-Up,Drives Left,To Basket,,,2,40.0,0.0,0.0,50.0,0.0,0,,,,0.0,,1,0.0,0.0,,,0,1,,1.0,0.0,0.0,1,0,1,0.0,0,0,0.0,0
Nick Hornsby,Edmonton Stingers,2025-2026,defense,P&R ball handler,Turnover,5,To Basket,P&R BH - Defense Commits > Spot-Up > Drives Left > To Basket > Turnover,P&R BH - Defense Commits,Spot-Up,Drives Left,To Basket,Turnover,,1,50.0,0.0,,100.0,0.0,0,,,,,,0,,0.0,,,0,0,,0.0,,0.0,0,0,0,,0,0,,0
Nick Hornsby,Edmonton Stingers,2025-2026,defense,P&R ball handler,Miss 2 Pts,5,To Basket,P&R BH - Defense Commits > Spot-Up > Drives Left > To Basket > Miss 2 Pts,P&R BH - Defense Commits,Spot-Up,Drives Left,To Basket,Miss 2 Pts,,1,50.0,0.0,0.0,0.0,0.0,0,,,,0.0,,1,0.0,0.0,,,0,1,,1.0,0.0,0.0,1,0,1,0.0,0,0,0.0,0
Nick Hornsby,Edmonton Stingers,2025-2026,defense,P&R ball handler,Dribble Jumper,4,Drives Left,P&R BH - Defense Commits > Spot-Up > Drives Left > Dribble Jumper,P&R BH - Defense Commits,Spot-Up,Drives Left,Dribble Jumper,,,2,40.0,0.0,0.0,0.0,0.0,1,0.0,,,0.0,,2,0.0,0.0,,,0,2,,2.0,0.0,0.0,1,0,1,0.0,0,1,0.5,0
Nick Hornsby,Edmonton Stingers,2025-2026,defense,P&R ball handler,Long/3pt,5,Dribble Jumper,P&R BH - Defense Commits > Spot-Up > Drives Left > Dribble Jumper > Long/3pt,P&R BH - Defense Commits,Spot-Up,Drives Left,Dribble Jumper,Long/3pt,,1,50.0,0.0,0.0,0.0,0.0,1,0.0,,,0.0,,1,0.0,0.0,,,0,1,,1.0,0.0,0.0,0,0,0,,0,1,1.0,0
Nick Hornsby,Edmonton Stingers,2025-2026,defense,P&R ball handler,Miss 3 Pts,6,Long/3pt,P&R BH - Defense Commits > Spot-Up > Drives Left > Dribble Jumper > Long/3pt > Miss 3 Pts,P&R BH - Defense Commits,Spot-Up,Drives Left,Dribble Jumper,Long/3pt,Miss 3 Pts,1,100.0,0.0,0.0,0.0,0.0,1,0.0,,,0.0,,1,0.0,0.0,,,0,1,,1.0,0.0,0.0,0,0,0,,0,1,1.0,0
Nick Hornsby,Edmonton Stingers,2025-2026,defense,P&R ball handler,Short to < 17,5,Dribble Jumper,P&R BH - Defense Commits > Spot-Up > Drives Left > Dribble Jumper > Short to < 17,P&R BH - Defense Commits,Spot-Up,Drives Left,Dribble Jumper,Short to < 17,,1,50.0,0.0,0.0,0.0,0.0,0,,,,0.0,,1,0.0,0.0,,,0,1,,1.0,0.0,0.0,1,0,1,0.0,0,0,0.0,0
Nick Hornsby,Edmonton Stingers,2025-2026,defense,P&R ball handler,Miss 2 Pts,6,Short to < 17,P&R BH - Defense Commits > Spot-Up > Drives Left > Dribble Jumper > Short to < 17 > Miss 2 Pts,P&R BH - Defense Commits,Spot-Up,Drives Left,Dribble Jumper,Short to < 17,Miss 2 Pts,1,100.0,0.0,0.0,0.0,0.0,0,,,,0.0,,1,0.0,0.0,,,0,1,,1.0,0.0,0.0,1,0,1,0.0,0,0,0.0,0
Nick Hornsby,Edmonton Stingers,2025-2026,defense,P&R ball handler,Turnover,4,Drives Left,P&R BH - Defense Commits > Spot-Up > Drives Left > Turnover,P&R BH - Defense Commits,Spot-Up,Drives Left,Turnover,,,1,20.0,0.0,,100.0,0.0,0,,,,,,0,,0.0,,,0,0,,0.0,,0.0,0,0,0,,0,0,,0
Nick Hornsby,Edmonton Stingers,2025-2026,defense,P&R ball handler,Drives Straight,3,Spot-Up,P&R BH - Defense Commits > Spot-Up > Drives Straight,P&R BH - Defense Commits,Spot-Up,Drives Straight,,,,2,5.3,1.0,50.0,0.0,0.0,1,0.0,,,50.0,,2,50.0,0.0,,,1,1,,2.0,0.0,50.0,1,1,0,100.0,0,1,0.5,2
Nick Hornsby,Edmonton Stingers,2025-2026,defense,P&R ball handler,Dribble Jumper,4,Drives Straight,P&R BH - Defense Commits > Spot-Up > Drives Straight > Dribble Jumper,P&R BH - Defense Commits,Spot-Up,Drives Straight,Dribble Jumper,,,1,50.0,0.0,0.0,0.0,0.0,1,0.0,,,0.0,,1,0.0,0.0,,,0,1,,1.0,0.0,0.0,0,0,0,,0,1,1.0,0
Nick Hornsby,Edmonton Stingers,2025-2026,defense,P&R ball handler,Long/3pt,5,Dribble Jumper,P&R BH - Defense Commits > Spot-Up > Drives Straight > Dribble Jumper > Long/3pt,P&R BH - Defense Commits,Spot-Up,Drives Straight,Dribble Jumper,Long/3pt,,1,100.0,0.0,0.0,0.0,0.0,1,0.0,,,0.0,,1,0.0,0.0,,,0,1,,1.0,0.0,0.0,0,0,0,,0,1,1.0,0
Nick Hornsby,Edmonton Stingers,2025-2026,defense,P&R ball handler,Miss 3 Pts,6,Long/3pt,P&R BH - Defense Commits > Spot-Up > Drives Straight > Dribble Jumper > Long/3pt > Miss 3 Pts,P&R BH - Defense Commits,Spot-Up,Drives Straight,Dribble Jumper,Long/3pt,Miss 3 Pts,1,100.0,0.0,0.0,0.0,0.0,1,0.0,,,0.0,,1,0.0,0.0,,,0,1,,1.0,0.0,0.0,0,0,0,,0,1,1.0,0
Nick Hornsby,Edmonton Stingers,2025-2026,defense,P&R ball handler,To Basket,4,Drives Straight,P&R BH - Defense Commits > Spot-Up > Drives Straight > To Basket,P&R BH - Defense Commits,Spot-Up,Drives Straight,To Basket,,,1,50.0,2.0,100.0,0.0,0.0,0,,,,100.0,,1,100.0,0.0,,,1,0,,1.0,0.0,100.0,1,1,0,100.0,0,0,0.0,2
Nick Hornsby,Edmonton Stingers,2025-2026,defense,P&R ball handler,Make 2 Pts,5,To Basket,P&R BH - Defense Commits > Spot-Up > Drives Straight > To Basket > Make 2 Pts,P&R BH - Defense Commits,Spot-Up,Drives Straight,To Basket,Make 2 Pts,,1,100.0,2.0,100.0,0.0,0.0,0,,,,100.0,,1,100.0,0.0,,,1,0,,1.0,0.0,100.0,1,1,0,100.0,0,0,0.0,2
Nick Hornsby,Edmonton Stingers,2025-2026,defense,P&R ball handler,P&R Roll Man,2,P&R BH - Defense Commits,P&R BH - Defense Commits > P&R Roll Man,P&R BH - Defense Commits,P&R Roll Man,,,,,9,18.8,1.0,57.1,11.1,11.1,5,40.0,,,42.9,,7,57.1,11.1,,,3,4,,7.9,0.29,44.4,2,1,1,50.0,2,3,0.71,9
Nick Hornsby,Edmonton Stingers,2025-2026,defense,P&R ball handler,Pick and Pops,3,P&R Roll Man,P&R BH - Defense Commits > P&R Roll Man > Pick and Pops,P&R BH - Defense Commits,P&R Roll Man,Pick and Pops,,,,7,77.8,0.857,50.0,14.3,0.0,5,40.0,,,33.3,,6,50.0,0.0,,,2,4,,6.0,0.0,28.6,1,0,1,0.0,2,3,0.83,6
Nick Hornsby,Edmonton Stingers,2025-2026,defense,P&R ball handler,No Dribble Jumper,4,Pick and Pops,P&R BH - Defense Commits > P&R Roll Man > Pick and Pops > No Dribble Jumper,P&R BH - Defense Commits,P&R Roll Man,Pick and Pops,No Dribble Jumper,,,4,57.1,0.75,37.5,0.0,0.0,4,25.0,,,25.0,,4,37.5,0.0,,,1,3,,4.0,0.0,25.0,0,0,0,,1,3,1.0,3
Nick Hornsby,Edmonton Stingers,2025-2026,defense,P&R ball handler,Open,5,No Dribble Jumper,P&R BH - Defense Commits > P&R Roll Man > Pick and Pops > No Dribble Jumper > Open,P&R BH - Defense Commits,P&R Roll Man,Pick and Pops,No Dribble Jumper,Open,,2,50.0,0.0,0.0,0.0,0.0,2,0.0,,,0.0,,2,0.0,0.0,,,0,2,,2.0,0.0,0.0,0,0,0,,0,2,1.0,0
Nick Hornsby,Edmonton Stingers,2025-2026,defense,P&R ball handler,Long/3pt,6,Open,P&R BH - Defense Commits > P&R Roll Man > Pick and Pops > No Dribble Jumper > Open > Long/3pt,P&R BH - Defense Commits,P&R Roll Man,Pick and Pops,No Dribble Jumper,Open,Long/3pt,2,100.0,0.0,0.0,0.0,0.0,2,0.0,,,0.0,,2,0.0,0.0,,,0,2,,2.0,0.0,0.0,0,0,0,,0,2,1.0,0
Nick Hornsby,Edmonton Stingers,2025-2026,defense,P&R ball handler,Guarded,5,No Dribble Jumper,P&R BH - Defense Commits > P&R Roll Man > Pick and Pops > No Dribble Jumper > Guarded,P&R BH - Defense Commits,P&R Roll Man,Pick and Pops,No Dribble Jumper,Guarded,,2,50.0,1.5,75.0,0.0,0.0,2,50.0,,,50.0,,2,75.0,0.0,,,1,1,,2.0,0.0,50.0,0,0,0,,1,1,1.0,3
Nick Hornsby,Edmonton Stingers,2025-2026,defense,P&R ball handler,Long/3pt,6,Guarded,P&R BH - Defense Commits > P&R Roll Man > Pick and Pops > No Dribble Jumper > Guarded > Long/3pt,P&R BH - Defense Commits,P&R Roll Man,Pick and Pops,No Dribble Jumper,Guarded,Long/3pt,2,100.0,1.5,75.0,0.0,0.0,2,50.0,,,50.0,,2,75.0,0.0,,,1,1,,2.0,0.0,50.0,0,0,0,,1,1,1.0,3
Nick Hornsby,Edmonton Stingers,2025-2026,defense,P&R ball handler,Drives Left,4,Pick and Pops,P&R BH - Defense Commits > P&R Roll Man > Pick and Pops > Drives Left,P&R BH - Defense Commits,P&R Roll Man,Pick and Pops,Drives Left,,,1,14.3,0.0,0.0,0.0,0.0,0,,,,0.0,,1,0.0,0.0,,,0,1,,1.0,0.0,0.0,1,0,1,0.0,0,0,0.0,0
Nick Hornsby,Edmonton Stingers,2025-2026,defense,P&R ball handler,To Basket,5,Drives Left,P&R BH - Defense Commits > P&R Roll Man > Pick and Pops > Drives Left > To Basket,P&R BH - Defense Commits,P&R Roll Man,Pick and Pops,Drives Left,To Basket,,1,100.0,0.0,0.0,0.0,0.0,0,,,,0.0,,1,0.0,0.0,,,0,1,,1.0,0.0,0.0,1,0,1,0.0,0,0,0.0,0
Nick Hornsby,Edmonton Stingers,2025-2026,defense,P&R ball handler,Miss 2 Pts,6,To Basket,P&R BH - Defense Commits > P&R Roll Man > Pick and Pops > Drives Left > To Basket > Miss 2 Pts,P&R BH - Defense Commits,P&R Roll Man,Pick and Pops,Drives Left,To Basket,Miss 2 Pts,1,100.0,0.0,0.0,0.0,0.0,0,,,,0.0,,1,0.0,0.0,,,0,1,,1.0,0.0,0.0,1,0,1,0.0,0,0,0.0,0
Nick Hornsby,Edmonton Stingers,2025-2026,defense,P&R ball handler,Drives Right,4,Pick and Pops,P&R BH - Defense Commits > P&R Roll Man > Pick and Pops > Drives Right,P&R BH - Defense Commits,P&R Roll Man,Pick and Pops,Drives Right,,,1,14.3,0.0,,100.0,0.0,0,,,,,,0,,0.0,,,0,0,,0.0,,0.0,0,0,0,,0,0,,0
Nick Hornsby,Edmonton Stingers,2025-2026,defense,P&R ball handler,To Basket,5,Drives Right,P&R BH - Defense Commits > P&R Roll Man > Pick and Pops > Drives Right > To Basket,P&R BH - Defense Commits,P&R Roll Man,Pick and Pops,Drives Right,To Basket,,1,100.0,0.0,,100.0,0.0,0,,,,,,0,,0.0,,,0,0,,0.0,,0.0,0,0,0,,0,0,,0
Nick Hornsby,Edmonton Stingers,2025-2026,defense,P&R ball handler,Turnover,6,To Basket,P&R BH - Defense Commits > P&R Roll Man > Pick and Pops > Drives Right > To Basket > Turnover,P&R BH - Defense Commits,P&R Roll Man,Pick and Pops,Drives Right,To Basket,Turnover,1,100.0,0.0,,100.0,0.0,0,,,,,,0,,0.0,,,0,0,,0.0,,0.0,0,0,0,,0,0,,0
Nick Hornsby,Edmonton Stingers,2025-2026,defense,P&R ball handler,Drives Straight,4,Pick and Pops,P&R BH - Defense Commits > P&R Roll Man > Pick and Pops > Drives Straight,P&R BH - Defense Commits,P&R Roll Man,Pick and Pops,Drives Straight,,,1,14.3,3.0,150.0,0.0,0.0,1,100.0,,,100.0,,1,150.0,0.0,,,1,0,,1.0,0.0,100.0,0,0,0,,1,0,1.0,3
Nick Hornsby,Edmonton Stingers,2025-2026,defense,P&R ball handler,Dribble Jumper,5,Drives Straight,P&R BH - Defense Commits > P&R Roll Man > Pick and Pops > Drives Straight > Dribble Jumper,P&R BH - Defense Commits,P&R Roll Man,Pick and Pops,Drives Straight,Dribble Jumper,,1,100.0,3.0,150.0,0.0,0.0,1,100.0,,,100.0,,1,150.0,0.0,,,1,0,,1.0,0.0,100.0,0,0,0,,1,0,1.0,3
Nick Hornsby,Edmonton Stingers,2025-2026,defense,P&R ball handler,Long/3pt,6,Dribble Jumper,P&R BH - Defense Commits > P&R Roll Man > Pick and Pops > Drives Straight > Dribble Jumper > Long/3pt,P&R BH - Defense Commits,P&R Roll Man,Pick and Pops,Drives Straight,Dribble Jumper,Long/3pt,1,100.0,3.0,150.0,0.0,0.0,1,100.0,,,100.0,,1,150.0,0.0,,,1,0,,1.0,0.0,100.0,0,0,0,,1,0,1.0,3
Nick Hornsby,Edmonton Stingers,2025-2026,defense,P&R ball handler,Slips the Pick,3,P&R Roll Man,P&R BH - Defense Commits > P&R Roll Man > Slips the Pick,P&R BH - Defense Commits,P&R Roll Man,Slips the Pick,,,,2,22.2,1.5,79.8,0.0,50.0,0,,,,100.0,,1,100.0,50.0,,,1,0,,1.9,2.0,100.0,1,1,0,100.0,0,0,0.0,3
Nick Hornsby,Edmonton Stingers,2025-2026,defense,P&R ball handler,To Basket,4,Slips the Pick,P&R BH - Defense Commits > P&R Roll Man > Slips the Pick > To Basket,P&R BH - Defense Commits,P&R Roll Man,Slips the Pick,To Basket,,,2,100.0,1.5,79.8,0.0,50.0,0,,,,100.0,,1,100.0,50.0,,,1,0,,1.9,2.0,100.0,1,1,0,100.0,0,0,0.0,3
Nick Hornsby,Edmonton Stingers,2025-2026,defense,P&R ball handler,Foul,5,To Basket,P&R BH - Defense Commits > P&R Roll Man > Slips the Pick > To Basket > Foul,P&R BH - Defense Commits,P&R Roll Man,Slips the Pick,To Basket,Foul,,1,50.0,1.0,56.8,0.0,100.0,0,,,,,,0,,100.0,,,0,0,,0.9,,100.0,0,0,0,,0,0,,1
Nick Hornsby,Edmonton Stingers,2025-2026,defense,P&R ball handler,Make 2 Pts,5,To Basket,P&R BH - Defense Commits > P&R Roll Man > Slips the Pick > To Basket > Make 2 Pts,P&R BH - Defense Commits,P&R Roll Man,Slips the Pick,To Basket,Make 2 Pts,,1,50.0,2.0,100.0,0.0,0.0,0,,,,100.0,,1,100.0,0.0,,,1,0,,1.0,0.0,100.0,1,1,0,100.0,0,0,0.0,2
Nick Hornsby,Edmonton Stingers,2025-2026,defense,P&R ball handler,P&R Ball Handler,2,P&R BH - Defense Commits,P&R BH - Defense Commits > P&R Ball Handler,P&R BH - Defense Commits,P&R Ball Handler,,,,,1,2.1,0.0,,100.0,0.0,0,,,,,,0,,0.0,,,0,0,,0.0,,0.0,0,0,0,,0,0,,0
Nick Hornsby,Edmonton Stingers,2025-2026,defense,P&R ball handler,High P&R,3,P&R Ball Handler,P&R BH - Defense Commits > P&R Ball Handler > High P&R,P&R BH - Defense Commits,P&R Ball Handler,High P&R,,,,1,100.0,0.0,,100.0,0.0,0,,,,,,0,,0.0,,,0,0,,0.0,,0.0,0,0,0,,0,0,,0
Nick Hornsby,Edmonton Stingers,2025-2026,defense,P&R ball handler,Dribble Off Pick,4,High P&R,P&R BH - Defense Commits > P&R Ball Handler > High P&R > Dribble Off Pick,P&R BH - Defense Commits,P&R Ball Handler,High P&R,Dribble Off Pick,,,1,100.0,0.0,,100.0,0.0,0,,,,,,0,,0.0,,,0,0,,0.0,,0.0,0,0,0,,0,0,,0
Nick Hornsby,Edmonton Stingers,2025-2026,defense,P&R ball handler,Defense Commits,5,Dribble Off Pick,P&R BH - Defense Commits > P&R Ball Handler > High P&R > Dribble Off Pick > Defense Commits,P&R BH - Defense Commits,P&R Ball Handler,High P&R,Dribble Off Pick,Defense Commits,,1,100.0,0.0,,100.0,0.0,0,,,,,,0,,0.0,,,0,0,,0.0,,0.0,0,0,0,,0,0,,0
Nick Hornsby,Edmonton Stingers,2025-2026,defense,P&R ball handler,Turnover,6,Defense Commits,P&R BH - Defense Commits > P&R Ball Handler > High P&R > Dribble Off Pick > Defense Commits > Turnover,P&R BH - Defense Commits,P&R Ball Handler,High P&R,Dribble Off Pick,Defense Commits,Turnover,1,100.0,0.0,,100.0,0.0,0,,,,,,0,,0.0,,,0,0,,0.0,,0.0,0,0,0,,0,0,,0
Nick Hornsby,Edmonton Stingers,2025-2026,defense,P&R ball handler,P&R BH - Traps,1,,P&R BH - Traps,P&R BH - Traps,,,,,,0,0.0,,,,,0,,,,,,0,,,,,0,0,,0.0,,,0,0,0,,0,0,,0
Nick Hornsby,Edmonton Stingers,2025-2026,defense,Isolation,ISO Including Passes,1,,ISO Including Passes,ISO Including Passes,,,,,,30,13.6,1.2,68.4,13.3,3.3,9,55.6,Poor,9.0,56.0,46.0,25,66.0,3.3,,,14,11,,26.3,0.12,50.0,16,9,7,56.3,5,4,0.36,36
Nick Hornsby,Edmonton Stingers,2025-2026,defense,Isolation,Isolation,2,ISO Including Passes,ISO Including Passes > Isolation,ISO Including Passes,Isolation,,,,,23,76.7,1.043,62.1,17.4,4.3,3,33.3,,,55.6,,18,58.3,4.3,,,10,8,,19.3,0.17,47.8,15,9,6,60.0,1,2,0.17,24
Nick Hornsby,Edmonton Stingers,2025-2026,defense,Isolation,Left,3,Isolation,ISO Including Passes > Isolation > Left,ISO Including Passes,Isolation,Left,,,,10,43.5,1.0,60.1,20.0,10.0,3,33.3,,,42.9,,7,50.0,10.0,,,3,4,,8.3,0.43,40.0,4,2,2,50.0,1,2,0.43,10
Nick Hornsby,Edmonton Stingers,2025-2026,defense,Isolation,Drives Right,4,Left,ISO Including Passes > Isolation > Left > Drives Right,ISO Including Passes,Isolation,Left,Drives Right,,,4,40.0,1.0,66.7,25.0,0.0,0,,,,66.7,,3,66.7,0.0,,,2,1,,3.0,0.0,50.0,3,2,1,66.7,0,0,0.0,4
Nick Hornsby,Edmonton Stingers,2025-2026,defense,Isolation,To Basket,5,Drives Right,ISO Including Passes > Isolation > Left > Drives Right > To Basket,ISO Including Passes,Isolation,Left,Drives Right,To Basket,,2,50.0,2.0,100.0,0.0,0.0,0,,,,100.0,,2,100.0,0.0,,,2,0,,2.0,0.0,100.0,2,2,0,100.0,0,0,0.0,4
Nick Hornsby,Edmonton Stingers,2025-2026,defense,Isolation,Make 2 Pts,6,To Basket,ISO Including Passes > Isolation > Left > Drives Right > To Basket > Make 2 Pts,ISO Including Passes,Isolation,Left,Drives Right,To Basket,Make 2 Pts,2,100.0,2.0,100.0,0.0,0.0,0,,,,100.0,,2,100.0,0.0,,,2,0,,2.0,0.0,100.0,2,2,0,100.0,0,0,0.0,4
Nick Hornsby,Edmonton Stingers,2025-2026,defense,Isolation,Dribble Jumper,5,Drives Right,ISO Including Passes > Isolation > Left > Drives Right > Dribble Jumper,ISO Including Passes,Isolation,Left,Drives Right,Dribble Jumper,,1,25.0,0.0,0.0,0.0,0.0,0,,,,0.0,,1,0.0,0.0,,,0,1,,1.0,0.0,0.0,1,0,1,0.0,0,0,0.0,0
Nick Hornsby,Edmonton Stingers,2025-2026,defense,Isolation,Short to < 17,6,Dribble Jumper,ISO Including Passes > Isolation > Left > Drives Right > Dribble Jumper > Short to < 17,ISO Including Passes,Isolation,Left,Drives Right,Dribble Jumper,Short to < 17,1,100.0,0.0,0.0,0.0,0.0,0,,,,0.0,,1,0.0,0.0,,,0,1,,1.0,0.0,0.0,1,0,1,0.0,0,0,0.0,0
Nick Hornsby,Edmonton Stingers,2025-2026,defense,Isolation,Defense Commits,5,Drives Right,ISO Including Passes > Isolation > Left > Drives Right > Defense Commits,ISO Including Passes,Isolation,Left,Drives Right,Defense Commits,,1,25.0,0.0,,100.0,0.0,0,,,,,,0,,0.0,,,0,0,,0.0,,0.0,0,0,0,,0,0,,0
Nick Hornsby,Edmonton Stingers,2025-2026,defense,Isolation,Turnover,6,Defense Commits,ISO Including Passes > Isolation > Left > Drives Right > Defense Commits > Turnover,ISO Including Passes,Isolation,Left,Drives Right,Defense Commits,Turnover,1,100.0,0.0,,100.0,0.0,0,,,,,,0,,0.0,,,0,0,,0.0,,0.0,0,0,0,,0,0,,0
Nick Hornsby,Edmonton Stingers,2025-2026,defense,Isolation,Drives Left,4,Left,ISO Including Passes > Isolation > Left > Drives Left,ISO Including Passes,Isolation,Left,Drives Left,,,3,30.0,0.0,0.0,33.3,0.0,1,0.0,,,0.0,,2,0.0,0.0,,,0,2,,2.0,0.0,0.0,1,0,1,0.0,0,1,0.5,0
Nick Hornsby,Edmonton Stingers,2025-2026,defense,Isolation,To Basket,5,Drives Left,ISO Including Passes > Isolation > Left > Drives Left > To Basket,ISO Including Passes,Isolation,Left,Drives Left,To Basket,,2,66.7,0.0,0.0,50.0,0.0,0,,,,0.0,,1,0.0,0.0,,,0,1,,1.0,0.0,0.0,1,0,1,0.0,0,0,0.0,0
Nick Hornsby,Edmonton Stingers,2025-2026,defense,Isolation,Miss 2 Pts,6,To Basket,ISO Including Passes > Isolation > Left > Drives Left > To Basket > Miss 2 Pts,ISO Including Passes,Isolation,Left,Drives Left,To Basket,Miss 2 Pts,1,50.0,0.0,0.0,0.0,0.0,0,,,,0.0,,1,0.0,0.0,,,0,1,,1.0,0.0,0.0,1,0,1,0.0,0,0,0.0,0
Nick Hornsby,Edmonton Stingers,2025-2026,defense,Isolation,Turnover,6,To Basket,ISO Including Passes > Isolation > Left > Drives Left > To Basket > Turnover,ISO Including Passes,Isolation,Left,Drives Left,To Basket,Turnover,1,50.0,0.0,,100.0,0.0,0,,,,,,0,,0.0,,,0,0,,0.0,,0.0,0,0,0,,0,0,,0
Nick Hornsby,Edmonton Stingers,2025-2026,defense,Isolation,Dribble Jumper,5,Drives Left,ISO Including Passes > Isolation > Left > Drives Left > Dribble Jumper,ISO Including Passes,Isolation,Left,Drives Left,Dribble Jumper,,1,33.3,0.0,0.0,0.0,0.0,1,0.0,,,0.0,,1,0.0,0.0,,,0,1,,1.0,0.0,0.0,0,0,0,,0,1,1.0,0
Nick Hornsby,Edmonton Stingers,2025-2026,defense,Isolation,Long/3pt,6,Dribble Jumper,ISO Including Passes > Isolation > Left > Drives Left > Dribble Jumper > Long/3pt,ISO Including Passes,Isolation,Left,Drives Left,Dribble Jumper,Long/3pt,1,100.0,0.0,0.0,0.0,0.0,1,0.0,,,0.0,,1,0.0,0.0,,,0,1,,1.0,0.0,0.0,0,0,0,,0,1,1.0,0
Nick Hornsby,Edmonton Stingers,2025-2026,defense,Isolation,Early Jumper,4,Left,ISO Including Passes > Isolation > Left > Early Jumper,ISO Including Passes,Isolation,Left,Early Jumper,,,3,30.0,2.0,90.4,0.0,33.3,2,50.0,,,50.0,,2,75.0,33.3,,,1,1,,3.3,1.5,66.7,0,0,0,,1,1,1.0,6
Nick Hornsby,Edmonton Stingers,2025-2026,defense,Isolation,Dribble Jumper,5,Early Jumper,ISO Including Passes > Isolation > Left > Early Jumper > Dribble Jumper,ISO Including Passes,Isolation,Left,Early Jumper,Dribble Jumper,,3,100.0,2.0,90.4,0.0,33.3,2,50.0,,,50.0,,2,75.0,33.3,,,1,1,,3.3,1.5,66.7,0,0,0,,1,1,1.0,6
Nick Hornsby,Edmonton Stingers,2025-2026,defense,Isolation,Long/3pt,6,Dribble Jumper,ISO Including Passes > Isolation > Left > Early Jumper > Dribble Jumper > Long/3pt,ISO Including Passes,Isolation,Left,Early Jumper,Dribble Jumper,Long/3pt,3,100.0,2.0,90.4,0.0,33.3,2,50.0,,,50.0,,2,75.0,33.3,,,1,1,,3.3,1.5,66.7,0,0,0,,1,1,1.0,6
Nick Hornsby,Edmonton Stingers,2025-2026,defense,Isolation,Top,3,Isolation,ISO Including Passes > Isolation > Top,ISO Including Passes,Isolation,Top,,,,8,34.8,1.0,66.7,25.0,0.0,0,,,,66.7,,6,66.7,0.0,,,4,2,,6.0,0.0,50.0,6,4,2,66.7,0,0,0.0,8
Nick Hornsby,Edmonton Stingers,2025-2026,defense,Isolation,Drives Left,4,Top,ISO Including Passes > Isolation > Top > Drives Left,ISO Including Passes,Isolation,Top,Drives Left,,,4,50.0,1.0,66.7,25.0,0.0,0,,,,66.7,,3,66.7,0.0,,,2,1,,3.0,0.0,50.0,3,2,1,66.7,0,0,0.0,4
Nick Hornsby,Edmonton Stingers,2025-2026,defense,Isolation,To Basket,5,Drives Left,ISO Including Passes > Isolation > Top > Drives Left > To Basket,ISO Including Passes,Isolation,Top,Drives Left,To Basket,,3,75.0,1.333,100.0,33.3,0.0,0,,,,100.0,,2,100.0,0.0,,,2,0,,2.0,0.0,66.7,2,2,0,100.0,0,0,0.0,4
Nick Hornsby,Edmonton Stingers,2025-2026,defense,Isolation,Make 2 Pts,6,To Basket,ISO Including Passes > Isolation > Top > Drives Left > To Basket > Make 2 Pts,ISO Including Passes,Isolation,Top,Drives Left,To Basket,Make 2 Pts,2,66.7,2.0,100.0,0.0,0.0,0,,,,100.0,,2,100.0,0.0,,,2,0,,2.0,0.0,100.0,2,2,0,100.0,0,0,0.0,4
Nick Hornsby,Edmonton Stingers,2025-2026,defense,Isolation,Turnover,6,To Basket,ISO Including Passes > Isolation > Top > Drives Left > To Basket > Turnover,ISO Including Passes,Isolation,Top,Drives Left,To Basket,Turnover,1,33.3,0.0,,100.0,0.0,0,,,,,,0,,0.0,,,0,0,,0.0,,0.0,0,0,0,,0,0,,0
Nick Hornsby,Edmonton Stingers,2025-2026,defense,Isolation,Dribble Jumper,5,Drives Left,ISO Including Passes > Isolation > Top > Drives Left > Dribble Jumper,ISO Including Passes,Isolation,Top,Drives Left,Dribble Jumper,,1,25.0,0.0,0.0,0.0,0.0,0,,,,0.0,,1,0.0,0.0,,,0,1,,1.0,0.0,0.0,1,0,1,0.0,0,0,0.0,0
Nick Hornsby,Edmonton Stingers,2025-2026,defense,Isolation,Short to < 17,6,Dribble Jumper,ISO Including Passes > Isolation > Top > Drives Left > Dribble Jumper > Short to < 17,ISO Including Passes,Isolation,Top,Drives Left,Dribble Jumper,Short to < 17,1,100.0,0.0,0.0,0.0,0.0,0,,,,0.0,,1,0.0,0.0,,,0,1,,1.0,0.0,0.0,1,0,1,0.0,0,0,0.0,0
Nick Hornsby,Edmonton Stingers,2025-2026,defense,Isolation,Drives Right,4,Top,ISO Including Passes > Isolation > Top > Drives Right,ISO Including Passes,Isolation,Top,Drives Right,,,4,50.0,1.0,66.7,25.0,0.0,0,,,,66.7,,3,66.7,0.0,,,2,1,,3.0,0.0,50.0,3,2,1,66.7,0,0,0.0,4
Nick Hornsby,Edmonton Stingers,2025-2026,defense,Isolation,To Basket,5,Drives Right,ISO Including Passes > Isolation > Top > Drives Right > To Basket,ISO Including Passes,Isolation,Top,Drives Right,To Basket,,2,50.0,1.0,50.0,0.0,0.0,0,,,,50.0,,2,50.0,0.0,,,1,1,,2.0,0.0,50.0,2,1,1,50.0,0,0,0.0,2
Nick Hornsby,Edmonton Stingers,2025-2026,defense,Isolation,Miss 2 Pts,6,To Basket,ISO Including Passes > Isolation > Top > Drives Right > To Basket > Miss 2 Pts,ISO Including Passes,Isolation,Top,Drives Right,To Basket,Miss 2 Pts,1,50.0,0.0,0.0,0.0,0.0,0,,,,0.0,,1,0.0,0.0,,,0,1,,1.0,0.0,0.0,1,0,1,0.0,0,0,0.0,0
Nick Hornsby,Edmonton Stingers,2025-2026,defense,Isolation,Make 2 Pts,6,To Basket,ISO Including Passes > Isolation > Top > Drives Right > To Basket > Make 2 Pts,ISO Including Passes,Isolation,Top,Drives Right,To Basket,Make 2 Pts,1,50.0,2.0,100.0,0.0,0.0,0,,,,100.0,,1,100.0,0.0,,,1,0,,1.0,0.0,100.0,1,1,0,100.0,0,0,0.0,2
Nick Hornsby,Edmonton Stingers,2025-2026,defense,Isolation,Defense Commits,5,Drives Right,ISO Including Passes > Isolation > Top > Drives Right > Defense Commits,ISO Including Passes,Isolation,Top,Drives Right,Defense Commits,,1,25.0,0.0,,100.0,0.0,0,,,,,,0,,0.0,,,0,0,,0.0,,0.0,0,0,0,,0,0,,0
Nick Hornsby,Edmonton Stingers,2025-2026,defense,Isolation,Turnover,6,Defense Commits,ISO Including Passes > Isolation > Top > Drives Right > Defense Commits > Turnover,ISO Including Passes,Isolation,Top,Drives Right,Defense Commits,Turnover,1,100.0,0.0,,100.0,0.0,0,,,,,,0,,0.0,,,0,0,,0.0,,0.0,0,0,0,,0,0,,0
Nick Hornsby,Edmonton Stingers,2025-2026,defense,Isolation,Dribble Jumper,5,Drives Right,ISO Including Passes > Isolation > Top > Drives Right > Dribble Jumper,ISO Including Passes,Isolation,Top,Drives Right,Dribble Jumper,,1,25.0,2.0,100.0,0.0,0.0,0,,,,100.0,,1,100.0,0.0,,,1,0,,1.0,0.0,100.0,1,1,0,100.0,0,0,0.0,2
Nick Hornsby,Edmonton Stingers,2025-2026,defense,Isolation,Short to < 17,6,Dribble Jumper,ISO Including Passes > Isolation > Top > Drives Right > Dribble Jumper > Short to < 17,ISO Including Passes,Isolation,Top,Drives Right,Dribble Jumper,Short to < 17,1,100.0,2.0,100.0,0.0,0.0,0,,,,100.0,,1,100.0,0.0,,,1,0,,1.0,0.0,100.0,1,1,0,100.0,0,0,0.0,2
Nick Hornsby,Edmonton Stingers,2025-2026,defense,Isolation,Right,3,Isolation,ISO Including Passes > Isolation > Right,ISO Including Passes,Isolation,Right,,,,5,21.7,1.2,60.0,0.0,0.0,0,,,,60.0,,5,60.0,0.0,,,3,2,,5.0,0.0,60.0,5,3,2,60.0,0,0,0.0,6
Nick Hornsby,Edmonton Stingers,2025-2026,defense,Isolation,Drives Right,4,Right,ISO Including Passes > Isolation > Right > Drives Right,ISO Including Passes,Isolation,Right,Drives Right,,,3,60.0,1.333,66.7,0.0,0.0,0,,,,66.7,,3,66.7,0.0,,,2,1,,3.0,0.0,66.7,3,2,1,66.7,0,0,0.0,4
Nick Hornsby,Edmonton Stingers,2025-2026,defense,Isolation,Dribble Jumper,5,Drives Right,ISO Including Passes > Isolation > Right > Drives Right > Dribble Jumper,ISO Including Passes,Isolation,Right,Drives Right,Dribble Jumper,,2,66.7,1.0,50.0,0.0,0.0,0,,,,50.0,,2,50.0,0.0,,,1,1,,2.0,0.0,50.0,2,1,1,50.0,0,0,0.0,2
Nick Hornsby,Edmonton Stingers,2025-2026,defense,Isolation,Short to < 17,6,Dribble Jumper,ISO Including Passes > Isolation > Right > Drives Right > Dribble Jumper > Short to < 17,ISO Including Passes,Isolation,Right,Drives Right,Dribble Jumper,Short to < 17,1,50.0,2.0,100.0,0.0,0.0,0,,,,100.0,,1,100.0,0.0,,,1,0,,1.0,0.0,100.0,1,1,0,100.0,0,0,0.0,2
Nick Hornsby,Edmonton Stingers,2025-2026,defense,Isolation,Medium/17' to 3pt,6,Dribble Jumper,ISO Including Passes > Isolation > Right > Drives Right > Dribble Jumper > Medium/17' to 3pt,ISO Including Passes,Isolation,Right,Drives Right,Dribble Jumper,Medium/17' to 3pt,1,50.0,0.0,0.0,0.0,0.0,0,,,,0.0,,1,0.0,0.0,,,0,1,,1.0,0.0,0.0,1,0,1,0.0,0,0,0.0,0
Nick Hornsby,Edmonton Stingers,2025-2026,defense,Isolation,To Basket,5,Drives Right,ISO Including Passes > Isolation > Right > Drives Right > To Basket,ISO Including Passes,Isolation,Right,Drives Right,To Basket,,1,33.3,2.0,100.0,0.0,0.0,0,,,,100.0,,1,100.0,0.0,,,1,0,,1.0,0.0,100.0,1,1,0,100.0,0,0,0.0,2
Nick Hornsby,Edmonton Stingers,2025-2026,defense,Isolation,Make 2 Pts,6,To Basket,ISO Including Passes > Isolation > Right > Drives Right > To Basket > Make 2 Pts,ISO Including Passes,Isolation,Right,Drives Right,To Basket,Make 2 Pts,1,100.0,2.0,100.0,0.0,0.0,0,,,,100.0,,1,100.0,0.0,,,1,0,,1.0,0.0,100.0,1,1,0,100.0,0,0,0.0,2
Nick Hornsby,Edmonton Stingers,2025-2026,defense,Isolation,Drives Left,4,Right,ISO Including Passes > Isolation > Right > Drives Left,ISO Including Passes,Isolation,Right,Drives Left,,,2,40.0,1.0,50.0,0.0,0.0,0,,,,50.0,,2,50.0,0.0,,,1,1,,2.0,0.0,50.0,2,1,1,50.0,0,0,0.0,2
Nick Hornsby,Edmonton Stingers,2025-2026,defense,Isolation,Dribble Jumper,5,Drives Left,ISO Including Passes > Isolation > Right > Drives Left > Dribble Jumper,ISO Including Passes,Isolation,Right,Drives Left,Dribble Jumper,,1,50.0,2.0,100.0,0.0,0.0,0,,,,100.0,,1,100.0,0.0,,,1,0,,1.0,0.0,100.0,1,1,0,100.0,0,0,0.0,2
Nick Hornsby,Edmonton Stingers,2025-2026,defense,Isolation,Medium/17' to 3pt,6,Dribble Jumper,ISO Including Passes > Isolation > Right > Drives Left > Dribble Jumper > Medium/17' to 3pt,ISO Including Passes,Isolation,Right,Drives Left,Dribble Jumper,Medium/17' to 3pt,1,100.0,2.0,100.0,0.0,0.0,0,,,,100.0,,1,100.0,0.0,,,1,0,,1.0,0.0,100.0,1,1,0,100.0,0,0,0.0,2
Nick Hornsby,Edmonton Stingers,2025-2026,defense,Isolation,To Basket,5,Drives Left,ISO Including Passes > Isolation > Right > Drives Left > To Basket,ISO Including Passes,Isolation,Right,Drives Left,To Basket,,1,50.0,0.0,0.0,0.0,0.0,0,,,,0.0,,1,0.0,0.0,,,0,1,,1.0,0.0,0.0,1,0,1,0.0,0,0,0.0,0
Nick Hornsby,Edmonton Stingers,2025-2026,defense,Isolation,Miss 2 Pts,6,To Basket,ISO Including Passes > Isolation > Right > Drives Left > To Basket > Miss 2 Pts,ISO Including Passes,Isolation,Right,Drives Left,To Basket,Miss 2 Pts,1,100.0,0.0,0.0,0.0,0.0,0,,,,0.0,,1,0.0,0.0,,,0,1,,1.0,0.0,0.0,1,0,1,0.0,0,0,0.0,0
Nick Hornsby,Edmonton Stingers,2025-2026,defense,Isolation,Spot-Up,2,ISO Including Passes,ISO Including Passes > Spot-Up,ISO Including Passes,Spot-Up,,,,,7,23.3,1.714,85.7,0.0,0.0,6,66.7,,,57.1,,7,85.7,0.0,,,4,3,,7.0,0.0,57.1,1,0,1,0.0,4,2,0.86,12
Nick Hornsby,Edmonton Stingers,2025-2026,defense,Isolation,No Dribble Jumper,3,Spot-Up,ISO Including Passes > Spot-Up > No Dribble Jumper,ISO Including Passes,Spot-Up,No Dribble Jumper,,,,6,85.7,2.0,100.0,0.0,0.0,6,66.7,,,66.7,,6,100.0,0.0,,,4,2,,6.0,0.0,66.7,0,0,0,,4,2,1.0,12
Nick Hornsby,Edmonton Stingers,2025-2026,defense,Isolation,Guarded,4,No Dribble Jumper,ISO Including Passes > Spot-Up > No Dribble Jumper > Guarded,ISO Including Passes,Spot-Up,No Dribble Jumper,Guarded,,,4,66.7,2.25,112.5,0.0,0.0,4,75.0,,,75.0,,4,112.5,0.0,,,3,1,,4.0,0.0,75.0,0,0,0,,3,1,1.0,9
Nick Hornsby,Edmonton Stingers,2025-2026,defense,Isolation,Long/3pt,5,Guarded,ISO Including Passes > Spot-Up > No Dribble Jumper > Guarded > Long/3pt,ISO Including Passes,Spot-Up,No Dribble Jumper,Guarded,Long/3pt,,4,100.0,2.25,112.5,0.0,0.0,4,75.0,,,75.0,,4,112.5,0.0,,,3,1,,4.0,0.0,75.0,0,0,0,,3,1,1.0,9
Nick Hornsby,Edmonton Stingers,2025-2026,defense,Isolation,Make 3 Pts,6,Long/3pt,ISO Including Passes > Spot-Up > No Dribble Jumper > Guarded > Long/3pt > Make 3 Pts,ISO Including Passes,Spot-Up,No Dribble Jumper,Guarded,Long/3pt,Make 3 Pts,3,75.0,3.0,150.0,0.0,0.0,3,100.0,,,100.0,,3,150.0,0.0,,,3,0,,3.0,0.0,100.0,0,0,0,,3,0,1.0,9
Nick Hornsby,Edmonton Stingers,2025-2026,defense,Isolation,Miss 3 Pts,6,Long/3pt,ISO Including Passes > Spot-Up > No Dribble Jumper > Guarded > Long/3pt > Miss 3 Pts,ISO Including Passes,Spot-Up,No Dribble Jumper,Guarded,Long/3pt,Miss 3 Pts,1,25.0,0.0,0.0,0.0,0.0,1,0.0,,,0.0,,1,0.0,0.0,,,0,1,,1.0,0.0,0.0,0,0,0,,0,1,1.0,0
Nick Hornsby,Edmonton Stingers,2025-2026,defense,Isolation,Open,4,No Dribble Jumper,ISO Including Passes > Spot-Up > No Dribble Jumper > Open,ISO Including Passes,Spot-Up,No Dribble Jumper,Open,,,2,33.3,1.5,75.0,0.0,0.0,2,50.0,,,50.0,,2,75.0,0.0,,,1,1,,2.0,0.0,50.0,0,0,0,,1,1,1.0,3
Nick Hornsby,Edmonton Stingers,2025-2026,defense,Isolation,Long/3pt,5,Open,ISO Including Passes > Spot-Up > No Dribble Jumper > Open > Long/3pt,ISO Including Passes,Spot-Up,No Dribble Jumper,Open,Long/3pt,,2,100.0,1.5,75.0,0.0,0.0,2,50.0,,,50.0,,2,75.0,0.0,,,1,1,,2.0,0.0,50.0,0,0,0,,1,1,1.0,3
Nick Hornsby,Edmonton Stingers,2025-2026,defense,Isolation,Miss 3 Pts,6,Long/3pt,ISO Including Passes > Spot-Up > No Dribble Jumper > Open > Long/3pt > Miss 3 Pts,ISO Including Passes,Spot-Up,No Dribble Jumper,Open,Long/3pt,Miss 3 Pts,1,50.0,0.0,0.0,0.0,0.0,1,0.0,,,0.0,,1,0.0,0.0,,,0,1,,1.0,0.0,0.0,0,0,0,,0,1,1.0,0
Nick Hornsby,Edmonton Stingers,2025-2026,defense,Isolation,Make 3 Pts,6,Long/3pt,ISO Including Passes > Spot-Up > No Dribble Jumper > Open > Long/3pt > Make 3 Pts,ISO Including Passes,Spot-Up,No Dribble Jumper,Open,Long/3pt,Make 3 Pts,1,50.0,3.0,150.0,0.0,0.0,1,100.0,,,100.0,,1,150.0,0.0,,,1,0,,1.0,0.0,100.0,0,0,0,,1,0,1.0,3
Nick Hornsby,Edmonton Stingers,2025-2026,defense,Isolation,Drives Left,3,Spot-Up,ISO Including Passes > Spot-Up > Drives Left,ISO Including Passes,Spot-Up,Drives Left,,,,1,14.3,0.0,0.0,0.0,0.0,0,,,,0.0,,1,0.0,0.0,,,0,1,,1.0,0.0,0.0,1,0,1,0.0,0,0,0.0,0
Nick Hornsby,Edmonton Stingers,2025-2026,defense,Isolation,To Basket,4,Drives Left,ISO Including Passes > Spot-Up > Drives Left > To Basket,ISO Including Passes,Spot-Up,Drives Left,To Basket,,,1,100.0,0.0,0.0,0.0,0.0,0,,,,0.0,,1,0.0,0.0,,,0,1,,1.0,0.0,0.0,1,0,1,0.0,0,0,0.0,0
Nick Hornsby,Edmonton Stingers,2025-2026,defense,Isolation,Miss 2 Pts,5,To Basket,ISO Including Passes > Spot-Up > Drives Left > To Basket > Miss 2 Pts,ISO Including Passes,Spot-Up,Drives Left,To Basket,Miss 2 Pts,,1,100.0,0.0,0.0,0.0,0.0,0,,,,0.0,,1,0.0,0.0,,,0,1,,1.0,0.0,0.0,1,0,1,0.0,0,0,0.0,0
Nick Hornsby,Edmonton Stingers,2025-2026,defense,Isolation,ISO - Defense Commits,1,,ISO - Defense Commits,ISO - Defense Commits,,,,,,9,4.1,1.333,85.7,22.2,0.0,6,66.7,,,57.1,,7,85.7,0.0,,,4,3,,7.0,0.0,44.4,1,0,1,0.0,4,2,0.86,12
Nick Hornsby,Edmonton Stingers,2025-2026,defense,Isolation,Spot-Up,2,ISO - Defense Commits,ISO - Defense Commits > Spot-Up,ISO - Defense Commits,Spot-Up,,,,,7,77.8,1.714,85.7,0.0,0.0,6,66.7,,,57.1,,7,85.7,0.0,,,4,3,,7.0,0.0,57.1,1,0,1,0.0,4,2,0.86,12
Nick Hornsby,Edmonton Stingers,2025-2026,defense,Isolation,No Dribble Jumper,3,Spot-Up,ISO - Defense Commits > Spot-Up > No Dribble Jumper,ISO - Defense Commits,Spot-Up,No Dribble Jumper,,,,6,85.7,2.0,100.0,0.0,0.0,6,66.7,,,66.7,,6,100.0,0.0,,,4,2,,6.0,0.0,66.7,0,0,0,,4,2,1.0,12
Nick Hornsby,Edmonton Stingers,2025-2026,defense,Isolation,Guarded,4,No Dribble Jumper,ISO - Defense Commits > Spot-Up > No Dribble Jumper > Guarded,ISO - Defense Commits,Spot-Up,No Dribble Jumper,Guarded,,,4,66.7,2.25,112.5,0.0,0.0,4,75.0,,,75.0,,4,112.5,0.0,,,3,1,,4.0,0.0,75.0,0,0,0,,3,1,1.0,9
Nick Hornsby,Edmonton Stingers,2025-2026,defense,Isolation,Long/3pt,5,Guarded,ISO - Defense Commits > Spot-Up > No Dribble Jumper > Guarded > Long/3pt,ISO - Defense Commits,Spot-Up,No Dribble Jumper,Guarded,Long/3pt,,4,100.0,2.25,112.5,0.0,0.0,4,75.0,,,75.0,,4,112.5,0.0,,,3,1,,4.0,0.0,75.0,0,0,0,,3,1,1.0,9
Nick Hornsby,Edmonton Stingers,2025-2026,defense,Isolation,Make 3 Pts,6,Long/3pt,ISO - Defense Commits > Spot-Up > No Dribble Jumper > Guarded > Long/3pt > Make 3 Pts,ISO - Defense Commits,Spot-Up,No Dribble Jumper,Guarded,Long/3pt,Make 3 Pts,3,75.0,3.0,150.0,0.0,0.0,3,100.0,,,100.0,,3,150.0,0.0,,,3,0,,3.0,0.0,100.0,0,0,0,,3,0,1.0,9
Nick Hornsby,Edmonton Stingers,2025-2026,defense,Isolation,Miss 3 Pts,6,Long/3pt,ISO - Defense Commits > Spot-Up > No Dribble Jumper > Guarded > Long/3pt > Miss 3 Pts,ISO - Defense Commits,Spot-Up,No Dribble Jumper,Guarded,Long/3pt,Miss 3 Pts,1,25.0,0.0,0.0,0.0,0.0,1,0.0,,,0.0,,1,0.0,0.0,,,0,1,,1.0,0.0,0.0,0,0,0,,0,1,1.0,0
Nick Hornsby,Edmonton Stingers,2025-2026,defense,Isolation,Open,4,No Dribble Jumper,ISO - Defense Commits > Spot-Up > No Dribble Jumper > Open,ISO - Defense Commits,Spot-Up,No Dribble Jumper,Open,,,2,33.3,1.5,75.0,0.0,0.0,2,50.0,,,50.0,,2,75.0,0.0,,,1,1,,2.0,0.0,50.0,0,0,0,,1,1,1.0,3
Nick Hornsby,Edmonton Stingers,2025-2026,defense,Isolation,Long/3pt,5,Open,ISO - Defense Commits > Spot-Up > No Dribble Jumper > Open > Long/3pt,ISO - Defense Commits,Spot-Up,No Dribble Jumper,Open,Long/3pt,,2,100.0,1.5,75.0,0.0,0.0,2,50.0,,,50.0,,2,75.0,0.0,,,1,1,,2.0,0.0,50.0,0,0,0,,1,1,1.0,3
Nick Hornsby,Edmonton Stingers,2025-2026,defense,Isolation,Miss 3 Pts,6,Long/3pt,ISO - Defense Commits > Spot-Up > No Dribble Jumper > Open > Long/3pt > Miss 3 Pts,ISO - Defense Commits,Spot-Up,No Dribble Jumper,Open,Long/3pt,Miss 3 Pts,1,50.0,0.0,0.0,0.0,0.0,1,0.0,,,0.0,,1,0.0,0.0,,,0,1,,1.0,0.0,0.0,0,0,0,,0,1,1.0,0
Nick Hornsby,Edmonton Stingers,2025-2026,defense,Isolation,Make 3 Pts,6,Long/3pt,ISO - Defense Commits > Spot-Up > No Dribble Jumper > Open > Long/3pt > Make 3 Pts,ISO - Defense Commits,Spot-Up,No Dribble Jumper,Open,Long/3pt,Make 3 Pts,1,50.0,3.0,150.0,0.0,0.0,1,100.0,,,100.0,,1,150.0,0.0,,,1,0,,1.0,0.0,100.0,0,0,0,,1,0,1.0,3
Nick Hornsby,Edmonton Stingers,2025-2026,defense,Isolation,Drives Left,3,Spot-Up,ISO - Defense Commits > Spot-Up > Drives Left,ISO - Defense Commits,Spot-Up,Drives Left,,,,1,14.3,0.0,0.0,0.0,0.0,0,,,,0.0,,1,0.0,0.0,,,0,1,,1.0,0.0,0.0,1,0,1,0.0,0,0,0.0,0
Nick Hornsby,Edmonton Stingers,2025-2026,defense,Isolation,To Basket,4,Drives Left,ISO - Defense Commits > Spot-Up > Drives Left > To Basket,ISO - Defense Commits,Spot-Up,Drives Left,To Basket,,,1,100.0,0.0,0.0,0.0,0.0,0,,,,0.0,,1,0.0,0.0,,,0,1,,1.0,0.0,0.0,1,0,1,0.0,0,0,0.0,0
Nick Hornsby,Edmonton Stingers,2025-2026,defense,Isolation,Miss 2 Pts,5,To Basket,ISO - Defense Commits > Spot-Up > Drives Left > To Basket > Miss 2 Pts,ISO - Defense Commits,Spot-Up,Drives Left,To Basket,Miss 2 Pts,,1,100.0,0.0,0.0,0.0,0.0,0,,,,0.0,,1,0.0,0.0,,,0,1,,1.0,0.0,0.0,1,0,1,0.0,0,0,0.0,0
Nick Hornsby,Edmonton Stingers,2025-2026,defense,Isolation,Isolation,2,ISO - Defense Commits,ISO - Defense Commits > Isolation,ISO - Defense Commits,Isolation,,,,,2,22.2,0.0,,100.0,0.0,0,,,,,,0,,0.0,,,0,0,,0.0,,0.0,0,0,0,,0,0,,0
Nick Hornsby,Edmonton Stingers,2025-2026,defense,Isolation,Left,3,Isolation,ISO - Defense Commits > Isolation > Left,ISO - Defense Commits,Isolation,Left,,,,1,50.0,0.0,,100.0,0.0,0,,,,,,0,,0.0,,,0,0,,0.0,,0.0,0,0,0,,0,0,,0
Nick Hornsby,Edmonton Stingers,2025-2026,defense,Isolation,Drives Right,4,Left,ISO - Defense Commits > Isolation > Left > Drives Right,ISO - Defense Commits,Isolation,Left,Drives Right,,,1,100.0,0.0,,100.0,0.0,0,,,,,,0,,0.0,,,0,0,,0.0,,0.0,0,0,0,,0,0,,0
Nick Hornsby,Edmonton Stingers,2025-2026,defense,Isolation,Defense Commits,5,Drives Right,ISO - Defense Commits > Isolation > Left > Drives Right > Defense Commits,ISO - Defense Commits,Isolation,Left,Drives Right,Defense Commits,,1,100.0,0.0,,100.0,0.0,0,,,,,,0,,0.0,,,0,0,,0.0,,0.0,0,0,0,,0,0,,0
Nick Hornsby,Edmonton Stingers,2025-2026,defense,Isolation,Turnover,6,Defense Commits,ISO - Defense Commits > Isolation > Left > Drives Right > Defense Commits > Turnover,ISO - Defense Commits,Isolation,Left,Drives Right,Defense Commits,Turnover,1,100.0,0.0,,100.0,0.0,0,,,,,,0,,0.0,,,0,0,,0.0,,0.0,0,0,0,,0,0,,0
Nick Hornsby,Edmonton Stingers,2025-2026,defense,Isolation,Top,3,Isolation,ISO - Defense Commits > Isolation > Top,ISO - Defense Commits,Isolation,Top,,,,1,50.0,0.0,,100.0,0.0,0,,,,,,0,,0.0,,,0,0,,0.0,,0.0,0,0,0,,0,0,,0
Nick Hornsby,Edmonton Stingers,2025-2026,defense,Isolation,Drives Right,4,Top,ISO - Defense Commits > Isolation > Top > Drives Right,ISO - Defense Commits,Isolation,Top,Drives Right,,,1,100.0,0.0,,100.0,0.0,0,,,,,,0,,0.0,,,0,0,,0.0,,0.0,0,0,0,,0,0,,0
Nick Hornsby,Edmonton Stingers,2025-2026,defense,Isolation,Defense Commits,5,Drives Right,ISO - Defense Commits > Isolation > Top > Drives Right > Defense Commits,ISO - Defense Commits,Isolation,Top,Drives Right,Defense Commits,,1,100.0,0.0,,100.0,0.0,0,,,,,,0,,0.0,,,0,0,,0.0,,0.0,0,0,0,,0,0,,0
Nick Hornsby,Edmonton Stingers,2025-2026,defense,Isolation,Turnover,6,Defense Commits,ISO - Defense Commits > Isolation > Top > Drives Right > Defense Commits > Turnover,ISO - Defense Commits,Isolation,Top,Drives Right,Defense Commits,Turnover,1,100.0,0.0,,100.0,0.0,0,,,,,,0,,0.0,,,0,0,,0.0,,0.0,0,0,0,,0,0,,0
Nick Hornsby,Edmonton Stingers,2025-2026,defense,Post up,Post-Ups Including Passes,1,,Post-Ups Including Passes,Post-Ups Including Passes,,,,,,36,16.3,0.667,39.6,16.7,5.6,4,25.0,Very Good,70.0,34.5,76.0,29,36.2,5.6,,,10,19,,30.3,0.1,30.6,25,9,16,36.0,1,3,0.14,24
Nick Hornsby,Edmonton Stingers,2025-2026,defense,Post up,Post-Up,2,Post-Ups Including Passes,Post-Ups Including Passes > Post-Up,Post-Ups Including Passes,Post-Up,,,,,31,86.1,0.613,37.5,19.4,6.5,0,,,,33.3,,24,33.3,6.5,,,8,16,,25.3,0.13,29.0,24,8,16,33.3,0,0,0.0,19
Nick Hornsby,Edmonton Stingers,2025-2026,defense,Post up,Left Block,3,Post-Up,Post-Ups Including Passes > Post-Up > Left Block,Post-Ups Including Passes,Post-Up,Left Block,,,,15,48.4,0.733,40.9,13.3,6.7,0,,,,38.5,,13,38.5,6.7,,,5,8,,13.4,0.08,33.3,13,5,8,38.5,0,0,0.0,11
Nick Hornsby,Edmonton Stingers,2025-2026,defense,Post up,Left Shoulder,4,Left Block,Post-Ups Including Passes > Post-Up > Left Block > Left Shoulder,Post-Ups Including Passes,Post-Up,Left Block,Left Shoulder,,,8,53.3,0.25,16.7,25.0,0.0,0,,,,16.7,,6,16.7,0.0,,,1,5,,6.0,0.0,12.5,6,1,5,16.7,0,0,0.0,2
Nick Hornsby,Edmonton Stingers,2025-2026,defense,Post up,Dribble Move,5,Left Shoulder,Post-Ups Including Passes > Post-Up > Left Block > Left Shoulder > Dribble Move,Post-Ups Including Passes,Post-Up,Left Block,Left Shoulder,Dribble Move,,8,100.0,0.25,16.7,25.0,0.0,0,,,,16.7,,6,16.7,0.0,,,1,5,,6.0,0.0,12.5,6,1,5,16.7,0,0,0.0,2
Nick Hornsby,Edmonton Stingers,2025-2026,defense,Post up,To Hook,6,Dribble Move,Post-Ups Including Passes > Post-Up > Left Block > Left Shoulder > Dribble Move > To Hook,Post-Ups Including Passes,Post-Up,Left Block,Left Shoulder,Dribble Move,To Hook,4,50.0,0.5,25.0,0.0,0.0,0,,,,25.0,,4,25.0,0.0,,,1,3,,4.0,0.0,25.0,4,1,3,25.0,0,0,0.0,2
Nick Hornsby,Edmonton Stingers,2025-2026,defense,Post up,Turnover,6,Dribble Move,Post-Ups Including Passes > Post-Up > Left Block > Left Shoulder > Dribble Move > Turnover,Post-Ups Including Passes,Post-Up,Left Block,Left Shoulder,Dribble Move,Turnover,1,12.5,0.0,,100.0,0.0,0,,,,,,0,,0.0,,,0,0,,0.0,,0.0,0,0,0,,0,0,,0
Nick Hornsby,Edmonton Stingers,2025-2026,defense,Post up,Defense Commits,6,Dribble Move,Post-Ups Including Passes > Post-Up > Left Block > Left Shoulder > Dribble Move > Defense Commits,Post-Ups Including Passes,Post-Up,Left Block,Left Shoulder,Dribble Move,Defense Commits,1,12.5,0.0,,100.0,0.0,0,,,,,,0,,0.0,,,0,0,,0.0,,0.0,0,0,0,,0,0,,0
Nick Hornsby,Edmonton Stingers,2025-2026,defense,Post up,To Basket,6,Dribble Move,Post-Ups Including Passes > Post-Up > Left Block > Left Shoulder > Dribble Move > To Basket,Post-Ups Including Passes,Post-Up,Left Block,Left Shoulder,Dribble Move,To Basket,1,12.5,0.0,0.0,0.0,0.0,0,,,,0.0,,1,0.0,0.0,,,0,1,,1.0,0.0,0.0,1,0,1,0.0,0,0,0.0,0
Nick Hornsby,Edmonton Stingers,2025-2026,defense,Post up,To Jumper,6,Dribble Move,Post-Ups Including Passes > Post-Up > Left Block > Left Shoulder > Dribble Move > To Jumper,Post-Ups Including Passes,Post-Up,Left Block,Left Shoulder,Dribble Move,To Jumper,1,12.5,0.0,0.0,0.0,0.0,0,,,,0.0,,1,0.0,0.0,,,0,1,,1.0,0.0,0.0,1,0,1,0.0,0,0,0.0,0
Nick Hornsby,Edmonton Stingers,2025-2026,defense,Post up,Right Shoulder,4,Left Block,Post-Ups Including Passes > Post-Up > Left Block > Right Shoulder,Post-Ups Including Passes,Post-Up,Left Block,Right Shoulder,,,6,40.0,1.5,69.9,0.0,16.7,0,,,,66.7,,6,66.7,16.7,,,4,2,,6.4,0.17,66.7,6,4,2,66.7,0,0,0.0,9
Nick Hornsby,Edmonton Stingers,2025-2026,defense,Post up,Dribble Move,5,Right Shoulder,Post-Ups Including Passes > Post-Up > Left Block > Right Shoulder > Dribble Move,Post-Ups Including Passes,Post-Up,Left Block,Right Shoulder,Dribble Move,,6,100.0,1.5,69.9,0.0,16.7,0,,,,66.7,,6,66.7,16.7,,,4,2,,6.4,0.17,66.7,6,4,2,66.7,0,0,0.0,9
Nick Hornsby,Edmonton Stingers,2025-2026,defense,Post up,To Drop Step,6,Dribble Move,Post-Ups Including Passes > Post-Up > Left Block > Right Shoulder > Dribble Move > To Drop Step,Post-Ups Including Passes,Post-Up,Left Block,Right Shoulder,Dribble Move,To Drop Step,3,50.0,2.333,101.7,0.0,33.3,0,,,,100.0,,3,100.0,33.3,,,3,0,,3.4,0.33,100.0,3,3,0,100.0,0,0,0.0,7
Nick Hornsby,Edmonton Stingers,2025-2026,defense,Post up,To Hook,6,Dribble Move,Post-Ups Including Passes > Post-Up > Left Block > Right Shoulder > Dribble Move > To Hook,Post-Ups Including Passes,Post-Up,Left Block,Right Shoulder,Dribble Move,To Hook,2,33.3,1.0,50.0,0.0,0.0,0,,,,50.0,,2,50.0,0.0,,,1,1,,2.0,0.0,50.0,2,1,1,50.0,0,0,0.0,2
Nick Hornsby,Edmonton Stingers,2025-2026,defense,Post up,To Up and Under,6,Dribble Move,Post-Ups Including Passes > Post-Up > Left Block > Right Shoulder > Dribble Move > To Up and Under,Post-Ups Including Passes,Post-Up,Left Block,Right Shoulder,Dribble Move,To Up and Under,1,16.7,0.0,0.0,0.0,0.0,0,,,,0.0,,1,0.0,0.0,,,0,1,,1.0,0.0,0.0,1,0,1,0.0,0,0,0.0,0
Nick Hornsby,Edmonton Stingers,2025-2026,defense,Post up,Face-up,4,Left Block,Post-Ups Including Passes > Post-Up > Left Block > Face-up,Post-Ups Including Passes,Post-Up,Left Block,Face-up,,,1,6.7,0.0,0.0,0.0,0.0,0,,,,0.0,,1,0.0,0.0,,,0,1,,1.0,0.0,0.0,1,0,1,0.0,0,0,0.0,0
Nick Hornsby,Edmonton Stingers,2025-2026,defense,Post up,Drive Middle,5,Face-up,Post-Ups Including Passes > Post-Up > Left Block > Face-up > Drive Middle,Post-Ups Including Passes,Post-Up,Left Block,Face-up,Drive Middle,,1,100.0,0.0,0.0,0.0,0.0,0,,,,0.0,,1,0.0,0.0,,,0,1,,1.0,0.0,0.0,1,0,1,0.0,0,0,0.0,0
Nick Hornsby,Edmonton Stingers,2025-2026,defense,Post up,Miss 2 Pts,6,Drive Middle,Post-Ups Including Passes > Post-Up > Left Block > Face-up > Drive Middle > Miss 2 Pts,Post-Ups Including Passes,Post-Up,Left Block,Face-up,Drive Middle,Miss 2 Pts,1,100.0,0.0,0.0,0.0,0.0,0,,,,0.0,,1,0.0,0.0,,,0,1,,1.0,0.0,0.0,1,0,1,0.0,0,0,0.0,0
Nick Hornsby,Edmonton Stingers,2025-2026,defense,Post up,Right Block,3,Post-Up,Post-Ups Including Passes > Post-Up > Right Block,Post-Ups Including Passes,Post-Up,Right Block,,,,11,35.5,0.182,12.5,27.3,0.0,0,,,,12.5,,8,12.5,0.0,,,1,7,,8.0,0.0,9.1,8,1,7,12.5,0,0,0.0,2
Nick Hornsby,Edmonton Stingers,2025-2026,defense,Post up,Right Shoulder,4,Right Block,Post-Ups Including Passes > Post-Up > Right Block > Right Shoulder,Post-Ups Including Passes,Post-Up,Right Block,Right Shoulder,,,5,45.5,0.0,0.0,40.0,0.0,0,,,,0.0,,3,0.0,0.0,,,0,3,,3.0,0.0,0.0,3,0,3,0.0,0,0,0.0,0
Nick Hornsby,Edmonton Stingers,2025-2026,defense,Post up,Dribble Move,5,Right Shoulder,Post-Ups Including Passes > Post-Up > Right Block > Right Shoulder > Dribble Move,Post-Ups Including Passes,Post-Up,Right Block,Right Shoulder,Dribble Move,,5,100.0,0.0,0.0,40.0,0.0,0,,,,0.0,,3,0.0,0.0,,,0,3,,3.0,0.0,0.0,3,0,3,0.0,0,0,0.0,0
Nick Hornsby,Edmonton Stingers,2025-2026,defense,Post up,Turnover,6,Dribble Move,Post-Ups Including Passes > Post-Up > Right Block > Right Shoulder > Dribble Move > Turnover,Post-Ups Including Passes,Post-Up,Right Block,Right Shoulder,Dribble Move,Turnover,2,40.0,0.0,,100.0,0.0,0,,,,,,0,,0.0,,,0,0,,0.0,,0.0,0,0,0,,0,0,,0
Nick Hornsby,Edmonton Stingers,2025-2026,defense,Post up,To Hook,6,Dribble Move,Post-Ups Including Passes > Post-Up > Right Block > Right Shoulder > Dribble Move > To Hook,Post-Ups Including Passes,Post-Up,Right Block,Right Shoulder,Dribble Move,To Hook,2,40.0,0.0,0.0,0.0,0.0,0,,,,0.0,,2,0.0,0.0,,,0,2,,2.0,0.0,0.0,2,0,2,0.0,0,0,0.0,0
Nick Hornsby,Edmonton Stingers,2025-2026,defense,Post up,To Up and Under,6,Dribble Move,Post-Ups Including Passes > Post-Up > Right Block > Right Shoulder > Dribble Move > To Up and Under,Post-Ups Including Passes,Post-Up,Right Block,Right Shoulder,Dribble Move,To Up and Under,1,20.0,0.0,0.0,0.0,0.0,0,,,,0.0,,1,0.0,0.0,,,0,1,,1.0,0.0,0.0,1,0,1,0.0,0,0,0.0,0
Nick Hornsby,Edmonton Stingers,2025-2026,defense,Post up,Left Shoulder,4,Right Block,Post-Ups Including Passes > Post-Up > Right Block > Left Shoulder,Post-Ups Including Passes,Post-Up,Right Block,Left Shoulder,,,3,27.3,0.0,0.0,33.3,0.0,0,,,,0.0,,2,0.0,0.0,,,0,2,,2.0,0.0,0.0,2,0,2,0.0,0,0,0.0,0
Nick Hornsby,Edmonton Stingers,2025-2026,defense,Post up,Dribble Move,5,Left Shoulder,Post-Ups Including Passes > Post-Up > Right Block > Left Shoulder > Dribble Move,Post-Ups Including Passes,Post-Up,Right Block,Left Shoulder,Dribble Move,,3,100.0,0.0,0.0,33.3,0.0,0,,,,0.0,,2,0.0,0.0,,,0,2,,2.0,0.0,0.0,2,0,2,0.0,0,0,0.0,0
Nick Hornsby,Edmonton Stingers,2025-2026,defense,Post up,To Basket,6,Dribble Move,Post-Ups Including Passes > Post-Up > Right Block > Left Shoulder > Dribble Move > To Basket,Post-Ups Including Passes,Post-Up,Right Block,Left Shoulder,Dribble Move,To Basket,1,33.3,0.0,0.0,0.0,0.0,0,,,,0.0,,1,0.0,0.0,,,0,1,,1.0,0.0,0.0,1,0,1,0.0,0,0,0.0,0
Nick Hornsby,Edmonton Stingers,2025-2026,defense,Post up,Defense Commits,6,Dribble Move,Post-Ups Including Passes > Post-Up > Right Block > Left Shoulder > Dribble Move > Defense Commits,Post-Ups Including Passes,Post-Up,Right Block,Left Shoulder,Dribble Move,Defense Commits,1,33.3,0.0,,100.0,0.0,0,,,,,,0,,0.0,,,0,0,,0.0,,0.0,0,0,0,,0,0,,0
Nick Hornsby,Edmonton Stingers,2025-2026,defense,Post up,To Jumper,6,Dribble Move,Post-Ups Including Passes > Post-Up > Right Block > Left Shoulder > Dribble Move > To Jumper,Post-Ups Including Passes,Post-Up,Right Block,Left Shoulder,Dribble Move,To Jumper,1,33.3,0.0,0.0,0.0,0.0,0,,,,0.0,,1,0.0,0.0,,,0,1,,1.0,0.0,0.0,1,0,1,0.0,0,0,0.0,0
Nick Hornsby,Edmonton Stingers,2025-2026,defense,Post up,Face-up,4,Right Block,Post-Ups Including Passes > Post-Up > Right Block > Face-up,Post-Ups Including Passes,Post-Up,Right Block,Face-up,,,2,18.2,0.0,0.0,0.0,0.0,0,,,,0.0,,2,0.0,0.0,,,0,2,,2.0,0.0,0.0,2,0,2,0.0,0,0,0.0,0
Nick Hornsby,Edmonton Stingers,2025-2026,defense,Post up,Jumper,5,Face-up,Post-Ups Including Passes > Post-Up > Right Block > Face-up > Jumper,Post-Ups Including Passes,Post-Up,Right Block,Face-up,Jumper,,2,100.0,0.0,0.0,0.0,0.0,0,,,,0.0,,2,0.0,0.0,,,0,2,,2.0,0.0,0.0,2,0,2,0.0,0,0,0.0,0
Nick Hornsby,Edmonton Stingers,2025-2026,defense,Post up,Miss 2 Pts,6,Jumper,Post-Ups Including Passes > Post-Up > Right Block > Face-up > Jumper > Miss 2 Pts,Post-Ups Including Passes,Post-Up,Right Block,Face-up,Jumper,Miss 2 Pts,2,100.0,0.0,0.0,0.0,0.0,0,,,,0.0,,2,0.0,0.0,,,0,2,,2.0,0.0,0.0,2,0,2,0.0,0,0,0.0,0
Nick Hornsby,Edmonton Stingers,2025-2026,defense,Post up,Post Pin,4,Right Block,Post-Ups Including Passes > Post-Up > Right Block > Post Pin,Post-Ups Including Passes,Post-Up,Right Block,Post Pin,,,1,9.1,2.0,100.0,0.0,0.0,0,,,,100.0,,1,100.0,0.0,,,1,0,,1.0,0.0,100.0,1,1,0,100.0,0,0,0.0,2
Nick Hornsby,Edmonton Stingers,2025-2026,defense,Post up,No Dribble Move,5,Post Pin,Post-Ups Including Passes > Post-Up > Right Block > Post Pin > No Dribble Move,Post-Ups Including Passes,Post-Up,Right Block,Post Pin,No Dribble Move,,1,100.0,2.0,100.0,0.0,0.0,0,,,,100.0,,1,100.0,0.0,,,1,0,,1.0,0.0,100.0,1,1,0,100.0,0,0,0.0,2
Nick Hornsby,Edmonton Stingers,2025-2026,defense,Post up,To Basket,6,No Dribble Move,Post-Ups Including Passes > Post-Up > Right Block > Post Pin > No Dribble Move > To Basket,Post-Ups Including Passes,Post-Up,Right Block,Post Pin,No Dribble Move,To Basket,1,100.0,2.0,100.0,0.0,0.0,0,,,,100.0,,1,100.0,0.0,,,1,0,,1.0,0.0,100.0,1,1,0,100.0,0,0,0.0,2
Nick Hornsby,Edmonton Stingers,2025-2026,defense,Post up,Flash Middle,3,Post-Up,Post-Ups Including Passes > Post-Up > Flash Middle,Post-Ups Including Passes,Post-Up,Flash Middle,,,,5,16.1,1.2,77.3,20.0,20.0,0,,,,66.7,,3,66.7,20.0,,,2,1,,3.9,0.67,60.0,3,2,1,66.7,0,0,0.0,6
Nick Hornsby,Edmonton Stingers,2025-2026,defense,Post up,Right Shoulder,4,Flash Middle,Post-Ups Including Passes > Post-Up > Flash Middle > Right Shoulder,Post-Ups Including Passes,Post-Up,Flash Middle,Right Shoulder,,,4,80.0,1.5,104.2,25.0,25.0,0,,,,100.0,,2,100.0,25.0,,,2,0,,2.9,1.0,75.0,2,2,0,100.0,0,0,0.0,6
Nick Hornsby,Edmonton Stingers,2025-2026,defense,Post up,Dribble Move,5,Right Shoulder,Post-Ups Including Passes > Post-Up > Flash Middle > Right Shoulder > Dribble Move,Post-Ups Including Passes,Post-Up,Flash Middle,Right Shoulder,Dribble Move,,4,100.0,1.5,104.2,25.0,25.0,0,,,,100.0,,2,100.0,25.0,,,2,0,,2.9,1.0,75.0,2,2,0,100.0,0,0,0.0,6
Nick Hornsby,Edmonton Stingers,2025-2026,defense,Post up,To Basket,6,Dribble Move,Post-Ups Including Passes > Post-Up > Flash Middle > Right Shoulder > Dribble Move > To Basket,Post-Ups Including Passes,Post-Up,Flash Middle,Right Shoulder,Dribble Move,To Basket,2,50.0,1.0,100.0,50.0,0.0,0,,,,100.0,,1,100.0,0.0,,,1,0,,1.0,0.0,50.0,1,1,0,100.0,0,0,0.0,2
Nick Hornsby,Edmonton Stingers,2025-2026,defense,Post up,To Drop Step,6,Dribble Move,Post-Ups Including Passes > Post-Up > Flash Middle > Right Shoulder > Dribble Move > To Drop Step,Post-Ups Including Passes,Post-Up,Flash Middle,Right Shoulder,Dribble Move,To Drop Step,1,25.0,2.0,113.6,0.0,100.0,0,,,,,,0,,100.0,,,0,0,,0.9,,100.0,0,0,0,,0,0,,2
Nick Hornsby,Edmonton Stingers,2025-2026,defense,Post up,To Hook,6,Dribble Move,Post-Ups Including Passes > Post-Up > Flash Middle > Right Shoulder > Dribble Move > To Hook,Post-Ups Including Passes,Post-Up,Flash Middle,Right Shoulder,Dribble Move,To Hook,1,25.0,2.0,100.0,0.0,0.0,0,,,,100.0,,1,100.0,0.0,,,1,0,,1.0,0.0,100.0,1,1,0,100.0,0,0,0.0,2
Nick Hornsby,Edmonton Stingers,2025-2026,defense,Post up,Left Shoulder,4,Flash Middle,Post-Ups Including Passes > Post-Up > Flash Middle > Left Shoulder,Post-Ups Including Passes,Post-Up,Flash Middle,Left Shoulder,,,1,20.0,0.0,0.0,0.0,0.0,0,,,,0.0,,1,0.0,0.0,,,0,1,,1.0,0.0,0.0,1,0,1,0.0,0,0,0.0,0
Nick Hornsby,Edmonton Stingers,2025-2026,defense,Post up,Dribble Move,5,Left Shoulder,Post-Ups Including Passes > Post-Up > Flash Middle > Left Shoulder > Dribble Move,Post-Ups Including Passes,Post-Up,Flash Middle,Left Shoulder,Dribble Move,,1,100.0,0.0,0.0,0.0,0.0,0,,,,0.0,,1,0.0,0.0,,,0,1,,1.0,0.0,0.0,1,0,1,0.0,0,0,0.0,0
Nick Hornsby,Edmonton Stingers,2025-2026,defense,Post up,To Basket,6,Dribble Move,Post-Ups Including Passes > Post-Up > Flash Middle > Left Shoulder > Dribble Move > To Basket,Post-Ups Including Passes,Post-Up,Flash Middle,Left Shoulder,Dribble Move,To Basket,1,100.0,0.0,0.0,0.0,0.0,0,,,,0.0,,1,0.0,0.0,,,0,1,,1.0,0.0,0.0,1,0,1,0.0,0,0,0.0,0
Nick Hornsby,Edmonton Stingers,2025-2026,defense,Post up,Spot-Up,2,Post-Ups Including Passes,Post-Ups Including Passes > Spot-Up,Post-Ups Including Passes,Spot-Up,,,,,5,13.9,1.0,50.0,0.0,0.0,4,25.0,,,40.0,,5,50.0,0.0,,,2,3,,5.0,0.0,40.0,1,1,0,100.0,1,3,0.8,5
Nick Hornsby,Edmonton Stingers,2025-2026,defense,Post up,No Dribble Jumper,3,Spot-Up,Post-Ups Including Passes > Spot-Up > No Dribble Jumper,Post-Ups Including Passes,Spot-Up,No Dribble Jumper,,,,4,80.0,0.75,37.5,0.0,0.0,4,25.0,,,25.0,,4,37.5,0.0,,,1,3,,4.0,0.0,25.0,0,0,0,,1,3,1.0,3
Nick Hornsby,Edmonton Stingers,2025-2026,defense,Post up,Open,4,No Dribble Jumper,Post-Ups Including Passes > Spot-Up > No Dribble Jumper > Open,Post-Ups Including Passes,Spot-Up,No Dribble Jumper,Open,,,3,75.0,1.0,50.0,0.0,0.0,3,33.3,,,33.3,,3,50.0,0.0,,,1,2,,3.0,0.0,33.3,0,0,0,,1,2,1.0,3
Nick Hornsby,Edmonton Stingers,2025-2026,defense,Post up,Long/3pt,5,Open,Post-Ups Including Passes > Spot-Up > No Dribble Jumper > Open > Long/3pt,Post-Ups Including Passes,Spot-Up,No Dribble Jumper,Open,Long/3pt,,3,100.0,1.0,50.0,0.0,0.0,3,33.3,,,33.3,,3,50.0,0.0,,,1,2,,3.0,0.0,33.3,0,0,0,,1,2,1.0,3
Nick Hornsby,Edmonton Stingers,2025-2026,defense,Post up,Miss 3 Pts,6,Long/3pt,Post-Ups Including Passes > Spot-Up > No Dribble Jumper > Open > Long/3pt > Miss 3 Pts,Post-Ups Including Passes,Spot-Up,No Dribble Jumper,Open,Long/3pt,Miss 3 Pts,2,66.7,0.0,0.0,0.0,0.0,2,0.0,,,0.0,,2,0.0,0.0,,,0,2,,2.0,0.0,0.0,0,0,0,,0,2,1.0,0
Nick Hornsby,Edmonton Stingers,2025-2026,defense,Post up,Make 3 Pts,6,Long/3pt,Post-Ups Including Passes > Spot-Up > No Dribble Jumper > Open > Long/3pt > Make 3 Pts,Post-Ups Including Passes,Spot-Up,No Dribble Jumper,Open,Long/3pt,Make 3 Pts,1,33.3,3.0,150.0,0.0,0.0,1,100.0,,,100.0,,1,150.0,0.0,,,1,0,,1.0,0.0,100.0,0,0,0,,1,0,1.0,3
Nick Hornsby,Edmonton Stingers,2025-2026,defense,Post up,Guarded,4,No Dribble Jumper,Post-Ups Including Passes > Spot-Up > No Dribble Jumper > Guarded,Post-Ups Including Passes,Spot-Up,No Dribble Jumper,Guarded,,,1,25.0,0.0,0.0,0.0,0.0,1,0.0,,,0.0,,1,0.0,0.0,,,0,1,,1.0,0.0,0.0,0,0,0,,0,1,1.0,0
Nick Hornsby,Edmonton Stingers,2025-2026,defense,Post up,Long/3pt,5,Guarded,Post-Ups Including Passes > Spot-Up > No Dribble Jumper > Guarded > Long/3pt,Post-Ups Including Passes,Spot-Up,No Dribble Jumper,Guarded,Long/3pt,,1,100.0,0.0,0.0,0.0,0.0,1,0.0,,,0.0,,1,0.0,0.0,,,0,1,,1.0,0.0,0.0,0,0,0,,0,1,1.0,0
Nick Hornsby,Edmonton Stingers,2025-2026,defense,Post up,Miss 3 Pts,6,Long/3pt,Post-Ups Including Passes > Spot-Up > No Dribble Jumper > Guarded > Long/3pt > Miss 3 Pts,Post-Ups Including Passes,Spot-Up,No Dribble Jumper,Guarded,Long/3pt,Miss 3 Pts,1,100.0,0.0,0.0,0.0,0.0,1,0.0,,,0.0,,1,0.0,0.0,,,0,1,,1.0,0.0,0.0,0,0,0,,0,1,1.0,0
Nick Hornsby,Edmonton Stingers,2025-2026,defense,Post up,Drives Left,3,Spot-Up,Post-Ups Including Passes > Spot-Up > Drives Left,Post-Ups Including Passes,Spot-Up,Drives Left,,,,1,20.0,2.0,100.0,0.0,0.0,0,,,,100.0,,1,100.0,0.0,,,1,0,,1.0,0.0,100.0,1,1,0,100.0,0,0,0.0,2
Nick Hornsby,Edmonton Stingers,2025-2026,defense,Post up,To Basket,4,Drives Left,Post-Ups Including Passes > Spot-Up > Drives Left > To Basket,Post-Ups Including Passes,Spot-Up,Drives Left,To Basket,,,1,100.0,2.0,100.0,0.0,0.0,0,,,,100.0,,1,100.0,0.0,,,1,0,,1.0,0.0,100.0,1,1,0,100.0,0,0,0.0,2
Nick Hornsby,Edmonton Stingers,2025-2026,defense,Post up,Make 2 Pts,5,To Basket,Post-Ups Including Passes > Spot-Up > Drives Left > To Basket > Make 2 Pts,Post-Ups Including Passes,Spot-Up,Drives Left,To Basket,Make 2 Pts,,1,100.0,2.0,100.0,0.0,0.0,0,,,,100.0,,1,100.0,0.0,,,1,0,,1.0,0.0,100.0,1,1,0,100.0,0,0,0.0,2
Nick Hornsby,Edmonton Stingers,2025-2026,defense,Post up,Post-Up - Defense Commits,1,,Post-Up - Defense Commits,Post-Up - Defense Commits,,,,,,7,3.2,0.714,50.0,28.6,0.0,4,25.0,,,40.0,,5,50.0,0.0,,,2,3,,5.0,0.0,28.6,1,1,0,100.0,1,3,0.8,5
Nick Hornsby,Edmonton Stingers,2025-2026,defense,Post up,Spot-Up,2,Post-Up - Defense Commits,Post-Up - Defense Commits > Spot-Up,Post-Up - Defense Commits,Spot-Up,,,,,5,71.4,1.0,50.0,0.0,0.0,4,25.0,,,40.0,,5,50.0,0.0,,,2,3,,5.0,0.0,40.0,1,1,0,100.0,1,3,0.8,5
Nick Hornsby,Edmonton Stingers,2025-2026,defense,Post up,No Dribble Jumper,3,Spot-Up,Post-Up - Defense Commits > Spot-Up > No Dribble Jumper,Post-Up - Defense Commits,Spot-Up,No Dribble Jumper,,,,4,80.0,0.75,37.5,0.0,0.0,4,25.0,,,25.0,,4,37.5,0.0,,,1,3,,4.0,0.0,25.0,0,0,0,,1,3,1.0,3
Nick Hornsby,Edmonton Stingers,2025-2026,defense,Post up,Open,4,No Dribble Jumper,Post-Up - Defense Commits > Spot-Up > No Dribble Jumper > Open,Post-Up - Defense Commits,Spot-Up,No Dribble Jumper,Open,,,3,75.0,1.0,50.0,0.0,0.0,3,33.3,,,33.3,,3,50.0,0.0,,,1,2,,3.0,0.0,33.3,0,0,0,,1,2,1.0,3
Nick Hornsby,Edmonton Stingers,2025-2026,defense,Post up,Long/3pt,5,Open,Post-Up - Defense Commits > Spot-Up > No Dribble Jumper > Open > Long/3pt,Post-Up - Defense Commits,Spot-Up,No Dribble Jumper,Open,Long/3pt,,3,100.0,1.0,50.0,0.0,0.0,3,33.3,,,33.3,,3,50.0,0.0,,,1,2,,3.0,0.0,33.3,0,0,0,,1,2,1.0,3
Nick Hornsby,Edmonton Stingers,2025-2026,defense,Post up,Miss 3 Pts,6,Long/3pt,Post-Up - Defense Commits > Spot-Up > No Dribble Jumper > Open > Long/3pt > Miss 3 Pts,Post-Up - Defense Commits,Spot-Up,No Dribble Jumper,Open,Long/3pt,Miss 3 Pts,2,66.7,0.0,0.0,0.0,0.0,2,0.0,,,0.0,,2,0.0,0.0,,,0,2,,2.0,0.0,0.0,0,0,0,,0,2,1.0,0
Nick Hornsby,Edmonton Stingers,2025-2026,defense,Post up,Make 3 Pts,6,Long/3pt,Post-Up - Defense Commits > Spot-Up > No Dribble Jumper > Open > Long/3pt > Make 3 Pts,Post-Up - Defense Commits,Spot-Up,No Dribble Jumper,Open,Long/3pt,Make 3 Pts,1,33.3,3.0,150.0,0.0,0.0,1,100.0,,,100.0,,1,150.0,0.0,,,1,0,,1.0,0.0,100.0,0,0,0,,1,0,1.0,3
Nick Hornsby,Edmonton Stingers,2025-2026,defense,Post up,Guarded,4,No Dribble Jumper,Post-Up - Defense Commits > Spot-Up > No Dribble Jumper > Guarded,Post-Up - Defense Commits,Spot-Up,No Dribble Jumper,Guarded,,,1,25.0,0.0,0.0,0.0,0.0,1,0.0,,,0.0,,1,0.0,0.0,,,0,1,,1.0,0.0,0.0,0,0,0,,0,1,1.0,0
Nick Hornsby,Edmonton Stingers,2025-2026,defense,Post up,Long/3pt,5,Guarded,Post-Up - Defense Commits > Spot-Up > No Dribble Jumper > Guarded > Long/3pt,Post-Up - Defense Commits,Spot-Up,No Dribble Jumper,Guarded,Long/3pt,,1,100.0,0.0,0.0,0.0,0.0,1,0.0,,,0.0,,1,0.0,0.0,,,0,1,,1.0,0.0,0.0,0,0,0,,0,1,1.0,0
Nick Hornsby,Edmonton Stingers,2025-2026,defense,Post up,Miss 3 Pts,6,Long/3pt,Post-Up - Defense Commits > Spot-Up > No Dribble Jumper > Guarded > Long/3pt > Miss 3 Pts,Post-Up - Defense Commits,Spot-Up,No Dribble Jumper,Guarded,Long/3pt,Miss 3 Pts,1,100.0,0.0,0.0,0.0,0.0,1,0.0,,,0.0,,1,0.0,0.0,,,0,1,,1.0,0.0,0.0,0,0,0,,0,1,1.0,0
Nick Hornsby,Edmonton Stingers,2025-2026,defense,Post up,Drives Left,3,Spot-Up,Post-Up - Defense Commits > Spot-Up > Drives Left,Post-Up - Defense Commits,Spot-Up,Drives Left,,,,1,20.0,2.0,100.0,0.0,0.0,0,,,,100.0,,1,100.0,0.0,,,1,0,,1.0,0.0,100.0,1,1,0,100.0,0,0,0.0,2
Nick Hornsby,Edmonton Stingers,2025-2026,defense,Post up,To Basket,4,Drives Left,Post-Up - Defense Commits > Spot-Up > Drives Left > To Basket,Post-Up - Defense Commits,Spot-Up,Drives Left,To Basket,,,1,100.0,2.0,100.0,0.0,0.0,0,,,,100.0,,1,100.0,0.0,,,1,0,,1.0,0.0,100.0,1,1,0,100.0,0,0,0.0,2
Nick Hornsby,Edmonton Stingers,2025-2026,defense,Post up,Make 2 Pts,5,To Basket,Post-Up - Defense Commits > Spot-Up > Drives Left > To Basket > Make 2 Pts,Post-Up - Defense Commits,Spot-Up,Drives Left,To Basket,Make 2 Pts,,1,100.0,2.0,100.0,0.0,0.0,0,,,,100.0,,1,100.0,0.0,,,1,0,,1.0,0.0,100.0,1,1,0,100.0,0,0,0.0,2
Nick Hornsby,Edmonton Stingers,2025-2026,defense,Post up,Post-Up,2,Post-Up - Defense Commits,Post-Up - Defense Commits > Post-Up,Post-Up - Defense Commits,Post-Up,,,,,2,28.6,0.0,,100.0,0.0,0,,,,,,0,,0.0,,,0,0,,0.0,,0.0,0,0,0,,0,0,,0
Nick Hornsby,Edmonton Stingers,2025-2026,defense,Post up,Left Block,3,Post-Up,Post-Up - Defense Commits > Post-Up > Left Block,Post-Up - Defense Commits,Post-Up,Left Block,,,,1,50.0,0.0,,100.0,0.0,0,,,,,,0,,0.0,,,0,0,,0.0,,0.0,0,0,0,,0,0,,0
Nick Hornsby,Edmonton Stingers,2025-2026,defense,Post up,Left Shoulder,4,Left Block,Post-Up - Defense Commits > Post-Up > Left Block > Left Shoulder,Post-Up - Defense Commits,Post-Up,Left Block,Left Shoulder,,,1,100.0,0.0,,100.0,0.0,0,,,,,,0,,0.0,,,0,0,,0.0,,0.0,0,0,0,,0,0,,0
Nick Hornsby,Edmonton Stingers,2025-2026,defense,Post up,Dribble Move,5,Left Shoulder,Post-Up - Defense Commits > Post-Up > Left Block > Left Shoulder > Dribble Move,Post-Up - Defense Commits,Post-Up,Left Block,Left Shoulder,Dribble Move,,1,100.0,0.0,,100.0,0.0,0,,,,,,0,,0.0,,,0,0,,0.0,,0.0,0,0,0,,0,0,,0
Nick Hornsby,Edmonton Stingers,2025-2026,defense,Post up,Defense Commits,6,Dribble Move,Post-Up - Defense Commits > Post-Up > Left Block > Left Shoulder > Dribble Move > Defense Commits,Post-Up - Defense Commits,Post-Up,Left Block,Left Shoulder,Dribble Move,Defense Commits,1,100.0,0.0,,100.0,0.0,0,,,,,,0,,0.0,,,0,0,,0.0,,0.0,0,0,0,,0,0,,0
Nick Hornsby,Edmonton Stingers,2025-2026,defense,Post up,Right Block,3,Post-Up,Post-Up - Defense Commits > Post-Up > Right Block,Post-Up - Defense Commits,Post-Up,Right Block,,,,1,50.0,0.0,,100.0,0.0,0,,,,,,0,,0.0,,,0,0,,0.0,,0.0,0,0,0,,0,0,,0
Nick Hornsby,Edmonton Stingers,2025-2026,defense,Post up,Left Shoulder,4,Right Block,Post-Up - Defense Commits > Post-Up > Right Block > Left Shoulder,Post-Up - Defense Commits,Post-Up,Right Block,Left Shoulder,,,1,100.0,0.0,,100.0,0.0,0,,,,,,0,,0.0,,,0,0,,0.0,,0.0,0,0,0,,0,0,,0
Nick Hornsby,Edmonton Stingers,2025-2026,defense,Post up,Dribble Move,5,Left Shoulder,Post-Up - Defense Commits > Post-Up > Right Block > Left Shoulder > Dribble Move,Post-Up - Defense Commits,Post-Up,Right Block,Left Shoulder,Dribble Move,,1,100.0,0.0,,100.0,0.0,0,,,,,,0,,0.0,,,0,0,,0.0,,0.0,0,0,0,,0,0,,0
Nick Hornsby,Edmonton Stingers,2025-2026,defense,Post up,Defense Commits,6,Dribble Move,Post-Up - Defense Commits > Post-Up > Right Block > Left Shoulder > Dribble Move > Defense Commits,Post-Up - Defense Commits,Post-Up,Right Block,Left Shoulder,Dribble Move,Defense Commits,1,100.0,0.0,,100.0,0.0,0,,,,,,0,,0.0,,,0,0,,0.0,,0.0,0,0,0,,0,0,,0
Nick Hornsby,Edmonton Stingers,2025-2026,defense,Post up,Post-Up - Hard Double,1,,Post-Up - Hard Double,Post-Up - Hard Double,,,,,,1,0.5,2.0,100.0,0.0,0.0,0,,,,100.0,,1,100.0,0.0,,,1,0,,1.0,0.0,100.0,1,1,0,100.0,0,0,0.0,2
Nick Hornsby,Edmonton Stingers,2025-2026,defense,Post up,Drives Left,2,Post-Up - Hard Double,Post-Up - Hard Double > Drives Left,Post-Up - Hard Double,Drives Left,,,,,1,100.0,2.0,100.0,0.0,0.0,0,,,,100.0,,1,100.0,0.0,,,1,0,,1.0,0.0,100.0,1,1,0,100.0,0,0,0.0,2
Nick Hornsby,Edmonton Stingers,2025-2026,defense,Post up,To Basket,3,Drives Left,Post-Up - Hard Double > Drives Left > To Basket,Post-Up - Hard Double,Drives Left,To Basket,,,,1,100.0,2.0,100.0,0.0,0.0,0,,,,100.0,,1,100.0,0.0,,,1,0,,1.0,0.0,100.0,1,1,0,100.0,0,0,0.0,2
Nick Hornsby,Edmonton Stingers,2025-2026,defense,Post up,Make 2 Pts,4,To Basket,Post-Up - Hard Double > Drives Left > To Basket > Make 2 Pts,Post-Up - Hard Double,Drives Left,To Basket,Make 2 Pts,,,1,100.0,2.0,100.0,0.0,0.0,0,,,,100.0,,1,100.0,0.0,,,1,0,,1.0,0.0,100.0,1,1,0,100.0,0,0,0.0,2
