PLAYER,TEAM,SEASON,SIDE,TABLE,STAT,DEPTH,PARENT,PATH,LEVEL_1,LEVEL_2,LEVEL_3,LEVEL_4,LEVEL_5,LEVEL_6,POSS,%TIME,PPP,TS%,TO%,%FT,3FG ATT,3 FG%,PPP RATING,PPP RANK,FG%,%TIME RANK,FG ATT,EFG%,%SF,SSQ,PPS,FG MADE,FG MISS,SSM,TSA,FTA/FGA,SCORE%,2 FG ATT,2 FG MADE,2 FG MISS,2 FG%,3 FG MADE,3 FG MISS,3PA/FGA,PTS
Zach Copeland,Vancouver Bandits,2025-2026,defense,Play types,P&R Ball Handler,1,,P&R Ball Handler,P&R Ball Handler,,,,,,65,46.8,0.554,36.1,23.1,9.2,13,7.7,Excellent,93.0,28.9,94.0,45,30.0,7.7,,,13,32,,49.8,0.24,27.7,32,12,20,37.5,1,12,0.29,36
Zach Copeland,Vancouver Bandits,2025-2026,defense,Play types,P&R Ball Handler - Overall,2,P&R Ball Handler,P&R Ball Handler > P&R Ball Handler - Overall,P&R Ball Handler,P&R Ball Handler - Overall,,,,,65,100.0,0.554,36.1,23.1,9.2,13,7.7,,,28.9,,45,30.0,7.7,,,13,32,,49.8,0.24,27.7,32,12,20,37.5,1,12,0.29,36
Zach Copeland,Vancouver Bandits,2025-2026,defense,Play types,High P&R,2,P&R Ball Handler,P&R Ball Handler > High P&R,P&R Ball Handler,High P&R,,,,,37,56.9,0.595,36.3,18.9,5.4,12,8.3,,,31.0,,29,32.8,5.4,,,9,20,,30.3,0.1,27.0,17,8,9,47.1,1,11,0.41,22
Zach Copeland,Vancouver Bandits,2025-2026,defense,Play types,Dribble Off Pick,3,High P&R,P&R Ball Handler > High P&R > Dribble Off Pick,P&R Ball Handler,High P&R,Dribble Off Pick,,,,32,86.5,0.438,27.5,21.9,3.1,12,8.3,,,24.0,,25,26.0,3.1,,,6,19,,25.4,0.04,18.8,13,5,8,38.5,1,11,0.48,14
Zach Copeland,Vancouver Bandits,2025-2026,defense,Play types,Dribble Jumper,4,Dribble Off Pick,P&R Ball Handler > High P&R > Dribble Off Pick > Dribble Jumper,P&R Ball Handler,High P&R,Dribble Off Pick,Dribble Jumper,,,15,46.9,0.2,10.0,0.0,0.0,12,8.3,,,6.7,,15,10.0,0.0,,,1,14,,15.0,0.0,6.7,3,0,3,0.0,1,11,0.8,3
Zach Copeland,Vancouver Bandits,2025-2026,defense,Play types,Long/3pt,5,Dribble Jumper,P&R Ball Handler > High P&R > Dribble Off Pick > Dribble Jumper > Long/3pt,P&R Ball Handler,High P&R,Dribble Off Pick,Dribble Jumper,Long/3pt,,12,80.0,0.25,12.5,0.0,0.0,12,8.3,,,8.3,,12,12.5,0.0,,,1,11,,12.0,0.0,8.3,0,0,0,,1,11,1.0,3
Zach Copeland,Vancouver Bandits,2025-2026,defense,Play types,Medium/17' to 3pt,5,Dribble Jumper,P&R Ball Handler > High P&R > Dribble Off Pick > Dribble Jumper > Medium/17' to 3pt,P&R Ball Handler,High P&R,Dribble Off Pick,Dribble Jumper,Medium/17' to 3pt,,2,13.3,0.0,0.0,0.0,0.0,0,,,,0.0,,2,0.0,0.0,,,0,2,,2.0,0.0,0.0,2,0,2,0.0,0,0,0.0,0
Zach Copeland,Vancouver Bandits,2025-2026,defense,Play types,Short to < 17,5,Dribble Jumper,P&R Ball Handler > High P&R > Dribble Off Pick > Dribble Jumper > Short to < 17,P&R Ball Handler,High P&R,Dribble Off Pick,Dribble Jumper,Short to < 17,,1,6.7,0.0,0.0,0.0,0.0,0,,,,0.0,,1,0.0,0.0,,,0,1,,1.0,0.0,0.0,1,0,1,0.0,0,0,0.0,0
Zach Copeland,Vancouver Bandits,2025-2026,defense,Play types,To Basket,4,Dribble Off Pick,P&R Ball Handler > High P&R > Dribble Off Pick > To Basket,P&R Ball Handler,High P&R,Dribble Off Pick,To Basket,,,11,34.4,1.0,52.7,9.1,9.1,0,,,,50.0,,10,50.0,9.1,,,5,5,,10.4,0.1,45.5,10,5,5,50.0,0,0,0.0,11
Zach Copeland,Vancouver Bandits,2025-2026,defense,Play types,Miss 2 Pts,5,To Basket,P&R Ball Handler > High P&R > Dribble Off Pick > To Basket > Miss 2 Pts,P&R Ball Handler,High P&R,Dribble Off Pick,To Basket,Miss 2 Pts,,5,45.5,0.0,0.0,0.0,0.0,0,,,,0.0,,5,0.0,0.0,,,0,5,,5.0,0.0,0.0,5,0,5,0.0,0,0,0.0,0
Zach Copeland,Vancouver Bandits,2025-2026,defense,Play types,Make 2 Pts,5,To Basket,P&R Ball Handler > High P&R > Dribble Off Pick > To Basket > Make 2 Pts,P&R Ball Handler,High P&R,Dribble Off Pick,To Basket,Make 2 Pts,,4,36.4,2.0,100.0,0.0,0.0,0,,,,100.0,,4,100.0,0.0,,,4,0,,4.0,0.0,100.0,4,4,0,100.0,0,0,0.0,8
Zach Copeland,Vancouver Bandits,2025-2026,defense,Play types,Make 2 Pts Foul,5,To Basket,P&R Ball Handler > High P&R > Dribble Off Pick > To Basket > Make 2 Pts Foul,P&R Ball Handler,High P&R,Dribble Off Pick,To Basket,Make 2 Pts Foul,,1,9.1,3.0,104.2,0.0,100.0,0,,,,100.0,,1,100.0,100.0,,,1,0,,1.4,1.0,100.0,1,1,0,100.0,0,0,0.0,3
Zach Copeland,Vancouver Bandits,2025-2026,defense,Play types,Turnover,5,To Basket,P&R Ball Handler > High P&R > Dribble Off Pick > To Basket > Turnover,P&R Ball Handler,High P&R,Dribble Off Pick,To Basket,Turnover,,1,9.1,0.0,,100.0,0.0,0,,,,,,0,,0.0,,,0,0,,0.0,,0.0,0,0,0,,0,0,,0
Zach Copeland,Vancouver Bandits,2025-2026,defense,Play types,Defense Commits,4,Dribble Off Pick,P&R Ball Handler > High P&R > Dribble Off Pick > Defense Commits,P&R Ball Handler,High P&R,Dribble Off Pick,Defense Commits,,,5,15.6,0.0,,100.0,0.0,0,,,,,,0,,0.0,,,0,0,,0.0,,0.0,0,0,0,,0,0,,0
Zach Copeland,Vancouver Bandits,2025-2026,defense,Play types,Turnover,5,Defense Commits,P&R Ball Handler > High P&R > Dribble Off Pick > Defense Commits > Turnover,P&R Ball Handler,High P&R,Dribble Off Pick,Defense Commits,Turnover,,5,100.0,0.0,,100.0,0.0,0,,,,,,0,,0.0,,,0,0,,0.0,,0.0,0,0,0,,0,0,,0
Zach Copeland,Vancouver Bandits,2025-2026,defense,Play types,Turnover,4,Dribble Off Pick,P&R Ball Handler > High P&R > Dribble Off Pick > Turnover,P&R Ball Handler,High P&R,Dribble Off Pick,Turnover,,,1,3.1,0.0,,100.0,0.0,0,,,,,,0,,0.0,,,0,0,,0.0,,0.0,0,0,0,,0,0,,0
Zach Copeland,Vancouver Bandits,2025-2026,defense,Play types,Go Away from Pick,3,High P&R,P&R Ball Handler > High P&R > Go Away from Pick,P&R Ball Handler,High P&R,Go Away from Pick,,,,4,10.8,1.5,77.3,0.0,25.0,0,,,,66.7,,3,66.7,25.0,,,2,1,,3.9,0.67,75.0,3,2,1,66.7,0,0,0.0,6
Zach Copeland,Vancouver Bandits,2025-2026,defense,Play types,To Basket,4,Go Away from Pick,P&R Ball Handler > High P&R > Go Away from Pick > To Basket,P&R Ball Handler,High P&R,Go Away from Pick,To Basket,,,3,75.0,1.333,69.4,0.0,33.3,0,,,,50.0,,2,50.0,33.3,,,1,1,,2.9,1.0,66.7,2,1,1,50.0,0,0,0.0,4
Zach Copeland,Vancouver Bandits,2025-2026,defense,Play types,Miss 2 Pts,5,To Basket,P&R Ball Handler > High P&R > Go Away from Pick > To Basket > Miss 2 Pts,P&R Ball Handler,High P&R,Go Away from Pick,To Basket,Miss 2 Pts,,1,33.3,0.0,0.0,0.0,0.0,0,,,,0.0,,1,0.0,0.0,,,0,1,,1.0,0.0,0.0,1,0,1,0.0,0,0,0.0,0
Zach Copeland,Vancouver Bandits,2025-2026,defense,Play types,Foul,5,To Basket,P&R Ball Handler > High P&R > Go Away from Pick > To Basket > Foul,P&R Ball Handler,High P&R,Go Away from Pick,To Basket,Foul,,1,33.3,2.0,113.6,0.0,100.0,0,,,,,,0,,100.0,,,0,0,,0.9,,100.0,0,0,0,,0,0,,2
Zach Copeland,Vancouver Bandits,2025-2026,defense,Play types,Make 2 Pts,5,To Basket,P&R Ball Handler > High P&R > Go Away from Pick > To Basket > Make 2 Pts,P&R Ball Handler,High P&R,Go Away from Pick,To Basket,Make 2 Pts,,1,33.3,2.0,100.0,0.0,0.0,0,,,,100.0,,1,100.0,0.0,,,1,0,,1.0,0.0,100.0,1,1,0,100.0,0,0,0.0,2
Zach Copeland,Vancouver Bandits,2025-2026,defense,Play types,Dribble Jumper,4,Go Away from Pick,P&R Ball Handler > High P&R > Go Away from Pick > Dribble Jumper,P&R Ball Handler,High P&R,Go Away from Pick,Dribble Jumper,,,1,25.0,2.0,100.0,0.0,0.0,0,,,,100.0,,1,100.0,0.0,,,1,0,,1.0,0.0,100.0,1,1,0,100.0,0,0,0.0,2
Zach Copeland,Vancouver Bandits,2025-2026,defense,Play types,Medium/17' to 3pt,5,Dribble Jumper,P&R Ball Handler > High P&R > Go Away from Pick > Dribble Jumper > Medium/17' to 3pt,P&R Ball Handler,High P&R,Go Away from Pick,Dribble Jumper,Medium/17' to 3pt,,1,100.0,2.0,100.0,0.0,0.0,0,,,,100.0,,1,100.0,0.0,,,1,0,,1.0,0.0,100.0,1,1,0,100.0,0,0,0.0,2
Zach Copeland,Vancouver Bandits,2025-2026,defense,Play types,Split,3,High P&R,P&R Ball Handler > High P&R > Split,P&R Ball Handler,High P&R,Split,,,,1,2.7,2.0,100.0,0.0,0.0,0,,,,100.0,,1,100.0,0.0,,,1,0,,1.0,0.0,100.0,1,1,0,100.0,0,0,0.0,2
Zach Copeland,Vancouver Bandits,2025-2026,defense,Play types,To Basket,4,Split,P&R Ball Handler > High P&R > Split > To Basket,P&R Ball Handler,High P&R,Split,To Basket,,,1,100.0,2.0,100.0,0.0,0.0,0,,,,100.0,,1,100.0,0.0,,,1,0,,1.0,0.0,100.0,1,1,0,100.0,0,0,0.0,2
Zach Copeland,Vancouver Bandits,2025-2026,defense,Play types,Make 2 Pts,5,To Basket,P&R Ball Handler > High P&R > Split > To Basket > Make 2 Pts,P&R Ball Handler,High P&R,Split,To Basket,Make 2 Pts,,1,100.0,2.0,100.0,0.0,0.0,0,,,,100.0,,1,100.0,0.0,,,1,0,,1.0,0.0,100.0,1,1,0,100.0,0,0,0.0,2
Zach Copeland,Vancouver Bandits,2025-2026,defense,Play types,Left P&R,2,P&R Ball Handler,P&R Ball Handler > Left P&R,P&R Ball Handler,Left P&R,,,,,15,23.1,0.467,35.9,33.3,13.3,0,,,,25.0,,8,25.0,13.3,,,2,6,,9.8,0.5,26.7,8,2,6,25.0,0,0,0.0,7
Zach Copeland,Vancouver Bandits,2025-2026,defense,Play types,Side,3,Left P&R,P&R Ball Handler > Left P&R > Side,P&R Ball Handler,Left P&R,Side,,,,8,53.3,0.625,43.4,25.0,25.0,0,,,,25.0,,4,25.0,25.0,,,1,3,,5.8,1.0,37.5,4,1,3,25.0,0,0,0.0,5
Zach Copeland,Vancouver Bandits,2025-2026,defense,Play types,Dribble Off Pick,4,Side,P&R Ball Handler > Left P&R > Side > Dribble Off Pick,P&R Ball Handler,Left P&R,Side,Dribble Off Pick,,,6,75.0,0.333,25.0,33.3,0.0,0,,,,25.0,,4,25.0,0.0,,,1,3,,4.0,0.0,16.7,4,1,3,25.0,0,0,0.0,2
Zach Copeland,Vancouver Bandits,2025-2026,defense,Play types,To Basket,5,Dribble Off Pick,P&R Ball Handler > Left P&R > Side > Dribble Off Pick > To Basket,P&R Ball Handler,Left P&R,Side,Dribble Off Pick,To Basket,,2,33.3,0.0,0.0,0.0,0.0,0,,,,0.0,,2,0.0,0.0,,,0,2,,2.0,0.0,0.0,2,0,2,0.0,0,0,0.0,0
Zach Copeland,Vancouver Bandits,2025-2026,defense,Play types,Defense Commits,5,Dribble Off Pick,P&R Ball Handler > Left P&R > Side > Dribble Off Pick > Defense Commits,P&R Ball Handler,Left P&R,Side,Dribble Off Pick,Defense Commits,,2,33.3,0.0,,100.0,0.0,0,,,,,,0,,0.0,,,0,0,,0.0,,0.0,0,0,0,,0,0,,0
Zach Copeland,Vancouver Bandits,2025-2026,defense,Play types,Dribble Jumper,5,Dribble Off Pick,P&R Ball Handler > Left P&R > Side > Dribble Off Pick > Dribble Jumper,P&R Ball Handler,Left P&R,Side,Dribble Off Pick,Dribble Jumper,,2,33.3,1.0,50.0,0.0,0.0,0,,,,50.0,,2,50.0,0.0,,,1,1,,2.0,0.0,50.0,2,1,1,50.0,0,0,0.0,2
Zach Copeland,Vancouver Bandits,2025-2026,defense,Play types,Go Away from Pick,4,Side,P&R Ball Handler > Left P&R > Side > Go Away from Pick,P&R Ball Handler,Left P&R,Side,Go Away from Pick,,,2,25.0,1.5,85.2,0.0,100.0,0,,,,,,0,,100.0,,,0,0,,1.8,,100.0,0,0,0,,0,0,,3
Zach Copeland,Vancouver Bandits,2025-2026,defense,Play types,To Basket,5,Go Away from Pick,P&R Ball Handler > Left P&R > Side > Go Away from Pick > To Basket,P&R Ball Handler,Left P&R,Side,Go Away from Pick,To Basket,,2,100.0,1.5,85.2,0.0,100.0,0,,,,,,0,,100.0,,,0,0,,1.8,,100.0,0,0,0,,0,0,,3
Zach Copeland,Vancouver Bandits,2025-2026,defense,Play types,Baseline,3,Left P&R,P&R Ball Handler > Left P&R > Baseline,P&R Ball Handler,Left P&R,Baseline,,,,7,46.7,0.286,25.0,42.9,0.0,0,,,,25.0,,4,25.0,0.0,,,1,3,,4.0,0.0,14.3,4,1,3,25.0,0,0,0.0,2
Zach Copeland,Vancouver Bandits,2025-2026,defense,Play types,Dribble Off Pick,4,Baseline,P&R Ball Handler > Left P&R > Baseline > Dribble Off Pick,P&R Ball Handler,Left P&R,Baseline,Dribble Off Pick,,,6,85.7,0.333,25.0,33.3,0.0,0,,,,25.0,,4,25.0,0.0,,,1,3,,4.0,0.0,16.7,4,1,3,25.0,0,0,0.0,2
Zach Copeland,Vancouver Bandits,2025-2026,defense,Play types,To Basket,5,Dribble Off Pick,P&R Ball Handler > Left P&R > Baseline > Dribble Off Pick > To Basket,P&R Ball Handler,Left P&R,Baseline,Dribble Off Pick,To Basket,,3,50.0,0.667,50.0,33.3,0.0,0,,,,50.0,,2,50.0,0.0,,,1,1,,2.0,0.0,33.3,2,1,1,50.0,0,0,0.0,2
Zach Copeland,Vancouver Bandits,2025-2026,defense,Play types,Dribble Jumper,5,Dribble Off Pick,P&R Ball Handler > Left P&R > Baseline > Dribble Off Pick > Dribble Jumper,P&R Ball Handler,Left P&R,Baseline,Dribble Off Pick,Dribble Jumper,,2,33.3,0.0,0.0,0.0,0.0,0,,,,0.0,,2,0.0,0.0,,,0,2,,2.0,0.0,0.0,2,0,2,0.0,0,0,0.0,0
Zach Copeland,Vancouver Bandits,2025-2026,defense,Play types,Defense Commits,5,Dribble Off Pick,P&R Ball Handler > Left P&R > Baseline > Dribble Off Pick > Defense Commits,P&R Ball Handler,Left P&R,Baseline,Dribble Off Pick,Defense Commits,,1,16.7,0.0,,100.0,0.0,0,,,,,,0,,0.0,,,0,0,,0.0,,0.0,0,0,0,,0,0,,0
Zach Copeland,Vancouver Bandits,2025-2026,defense,Play types,Go Away from Pick,4,Baseline,P&R Ball Handler > Left P&R > Baseline > Go Away from Pick,P&R Ball Handler,Left P&R,Baseline,Go Away from Pick,,,1,14.3,0.0,,100.0,0.0,0,,,,,,0,,0.0,,,0,0,,0.0,,0.0,0,0,0,,0,0,,0
Zach Copeland,Vancouver Bandits,2025-2026,defense,Play types,Turnover,5,Go Away from Pick,P&R Ball Handler > Left P&R > Baseline > Go Away from Pick > Turnover,P&R Ball Handler,Left P&R,Baseline,Go Away from Pick,Turnover,,1,100.0,0.0,,100.0,0.0,0,,,,,,0,,0.0,,,0,0,,0.0,,0.0,0,0,0,,0,0,,0
Zach Copeland,Vancouver Bandits,2025-2026,defense,Play types,Right P&R,2,P&R Ball Handler,P&R Ball Handler > Right P&R,P&R Ball Handler,Right P&R,,,,,13,20.0,0.538,35.9,23.1,15.4,1,0.0,,,25.0,,8,25.0,7.7,,,2,6,,9.8,0.5,30.8,7,2,5,28.6,0,1,0.13,7
Zach Copeland,Vancouver Bandits,2025-2026,defense,Play types,Side,3,Right P&R,P&R Ball Handler > Right P&R > Side,P&R Ball Handler,Right P&R,Side,,,,7,53.8,0.714,52.5,28.6,28.6,1,0.0,,,33.3,,3,33.3,14.3,,,1,2,,4.8,1.33,42.9,2,1,1,50.0,0,1,0.33,5
Zach Copeland,Vancouver Bandits,2025-2026,defense,Play types,Dribble Off Pick,4,Side,P&R Ball Handler > Right P&R > Side > Dribble Off Pick,P&R Ball Handler,Right P&R,Side,Dribble Off Pick,,,6,85.7,0.5,38.7,33.3,16.7,1,0.0,,,33.3,,3,33.3,16.7,,,1,2,,3.9,0.67,33.3,2,1,1,50.0,0,1,0.33,3
Zach Copeland,Vancouver Bandits,2025-2026,defense,Play types,To Basket,5,Dribble Off Pick,P&R Ball Handler > Right P&R > Side > Dribble Off Pick > To Basket,P&R Ball Handler,Right P&R,Side,Dribble Off Pick,To Basket,,3,50.0,1.0,52.1,0.0,33.3,0,,,,50.0,,2,50.0,33.3,,,1,1,,2.9,1.0,66.7,2,1,1,50.0,0,0,0.0,3
Zach Copeland,Vancouver Bandits,2025-2026,defense,Play types,Defense Commits,5,Dribble Off Pick,P&R Ball Handler > Right P&R > Side > Dribble Off Pick > Defense Commits,P&R Ball Handler,Right P&R,Side,Dribble Off Pick,Defense Commits,,2,33.3,0.0,,100.0,0.0,0,,,,,,0,,0.0,,,0,0,,0.0,,0.0,0,0,0,,0,0,,0
Zach Copeland,Vancouver Bandits,2025-2026,defense,Play types,Dribble Jumper,5,Dribble Off Pick,P&R Ball Handler > Right P&R > Side > Dribble Off Pick > Dribble Jumper,P&R Ball Handler,Right P&R,Side,Dribble Off Pick,Dribble Jumper,,1,16.7,0.0,0.0,0.0,0.0,1,0.0,,,0.0,,1,0.0,0.0,,,0,1,,1.0,0.0,0.0,0,0,0,,0,1,1.0,0
Zach Copeland,Vancouver Bandits,2025-2026,defense,Play types,Go Away from Pick,4,Side,P&R Ball Handler > Right P&R > Side > Go Away from Pick,P&R Ball Handler,Right P&R,Side,Go Away from Pick,,,1,14.3,2.0,113.6,0.0,100.0,0,,,,,,0,,0.0,,,0,0,,0.9,,100.0,0,0,0,,0,0,,2
Zach Copeland,Vancouver Bandits,2025-2026,defense,Play types,Foul,5,Go Away from Pick,P&R Ball Handler > Right P&R > Side > Go Away from Pick > Foul,P&R Ball Handler,Right P&R,Side,Go Away from Pick,Foul,,1,100.0,2.0,113.6,0.0,100.0,0,,,,,,0,,0.0,,,0,0,,0.9,,100.0,0,0,0,,0,0,,2
Zach Copeland,Vancouver Bandits,2025-2026,defense,Play types,Baseline,3,Right P&R,P&R Ball Handler > Right P&R > Baseline,P&R Ball Handler,Right P&R,Baseline,,,,6,46.2,0.333,20.0,16.7,0.0,0,,,,20.0,,5,20.0,0.0,,,1,4,,5.0,0.0,16.7,5,1,4,20.0,0,0,0.0,2
Zach Copeland,Vancouver Bandits,2025-2026,defense,Play types,Dribble Off Pick,4,Baseline,P&R Ball Handler > Right P&R > Baseline > Dribble Off Pick,P&R Ball Handler,Right P&R,Baseline,Dribble Off Pick,,,6,100.0,0.333,20.0,16.7,0.0,0,,,,20.0,,5,20.0,0.0,,,1,4,,5.0,0.0,16.7,5,1,4,20.0,0,0,0.0,2
Zach Copeland,Vancouver Bandits,2025-2026,defense,Play types,To Basket,5,Dribble Off Pick,P&R Ball Handler > Right P&R > Baseline > Dribble Off Pick > To Basket,P&R Ball Handler,Right P&R,Baseline,Dribble Off Pick,To Basket,,3,50.0,0.667,33.3,0.0,0.0,0,,,,33.3,,3,33.3,0.0,,,1,2,,3.0,0.0,33.3,3,1,2,33.3,0,0,0.0,2
Zach Copeland,Vancouver Bandits,2025-2026,defense,Play types,Dribble Jumper,5,Dribble Off Pick,P&R Ball Handler > Right P&R > Baseline > Dribble Off Pick > Dribble Jumper,P&R Ball Handler,Right P&R,Baseline,Dribble Off Pick,Dribble Jumper,,2,33.3,0.0,0.0,0.0,0.0,0,,,,0.0,,2,0.0,0.0,,,0,2,,2.0,0.0,0.0,2,0,2,0.0,0,0,0.0,0
Zach Copeland,Vancouver Bandits,2025-2026,defense,Play types,Defense Commits,5,Dribble Off Pick,P&R Ball Handler > Right P&R > Baseline > Dribble Off Pick > Defense Commits,P&R Ball Handler,Right P&R,Baseline,Dribble Off Pick,Defense Commits,,1,16.7,0.0,,100.0,0.0,0,,,,,,0,,0.0,,,0,0,,0.0,,0.0,0,0,0,,0,0,,0
Zach Copeland,Vancouver Bandits,2025-2026,defense,Play types,Spot Up,1,,Spot Up,Spot Up,,,,,,37,26.6,0.73,37.6,2.7,2.7,27,29.6,Excellent,86.0,25.7,8.0,35,37.1,0.0,,,9,26,,35.9,0.06,27.0,8,1,7,12.5,8,19,0.77,27
Zach Copeland,Vancouver Bandits,2025-2026,defense,Play types,No Dribble Jumper,2,Spot Up,Spot Up > No Dribble Jumper,Spot Up,No Dribble Jumper,,,,,24,64.9,0.75,37.5,0.0,0.0,24,25.0,,,25.0,,24,37.5,0.0,,,6,18,,24.0,0.0,25.0,0,0,0,,6,18,1.0,18
Zach Copeland,Vancouver Bandits,2025-2026,defense,Play types,Guarded,3,No Dribble Jumper,Spot Up > No Dribble Jumper > Guarded,Spot Up,No Dribble Jumper,Guarded,,,,12,50.0,0.5,25.0,0.0,0.0,12,16.7,,,16.7,,12,25.0,0.0,,,2,10,,12.0,0.0,16.7,0,0,0,,2,10,1.0,6
Zach Copeland,Vancouver Bandits,2025-2026,defense,Play types,Long/3pt,4,Guarded,Spot Up > No Dribble Jumper > Guarded > Long/3pt,Spot Up,No Dribble Jumper,Guarded,Long/3pt,,,12,100.0,0.5,25.0,0.0,0.0,12,16.7,,,16.7,,12,25.0,0.0,,,2,10,,12.0,0.0,16.7,0,0,0,,2,10,1.0,6
Zach Copeland,Vancouver Bandits,2025-2026,defense,Play types,Miss 3 Pts,5,Long/3pt,Spot Up > No Dribble Jumper > Guarded > Long/3pt > Miss 3 Pts,Spot Up,No Dribble Jumper,Guarded,Long/3pt,Miss 3 Pts,,10,83.3,0.0,0.0,0.0,0.0,10,0.0,,,0.0,,10,0.0,0.0,,,0,10,,10.0,0.0,0.0,0,0,0,,0,10,1.0,0
Zach Copeland,Vancouver Bandits,2025-2026,defense,Play types,Make 3 Pts,5,Long/3pt,Spot Up > No Dribble Jumper > Guarded > Long/3pt > Make 3 Pts,Spot Up,No Dribble Jumper,Guarded,Long/3pt,Make 3 Pts,,2,16.7,3.0,150.0,0.0,0.0,2,100.0,,,100.0,,2,150.0,0.0,,,2,0,,2.0,0.0,100.0,0,0,0,,2,0,1.0,6
Zach Copeland,Vancouver Bandits,2025-2026,defense,Play types,Open,3,No Dribble Jumper,Spot Up > No Dribble Jumper > Open,Spot Up,No Dribble Jumper,Open,,,,12,50.0,1.0,50.0,0.0,0.0,12,33.3,,,33.3,,12,50.0,0.0,,,4,8,,12.0,0.0,33.3,0,0,0,,4,8,1.0,12
Zach Copeland,Vancouver Bandits,2025-2026,defense,Play types,Long/3pt,4,Open,Spot Up > No Dribble Jumper > Open > Long/3pt,Spot Up,No Dribble Jumper,Open,Long/3pt,,,12,100.0,1.0,50.0,0.0,0.0,12,33.3,,,33.3,,12,50.0,0.0,,,4,8,,12.0,0.0,33.3,0,0,0,,4,8,1.0,12
Zach Copeland,Vancouver Bandits,2025-2026,defense,Play types,Miss 3 Pts,5,Long/3pt,Spot Up > No Dribble Jumper > Open > Long/3pt > Miss 3 Pts,Spot Up,No Dribble Jumper,Open,Long/3pt,Miss 3 Pts,,8,66.7,0.0,0.0,0.0,0.0,8,0.0,,,0.0,,8,0.0,0.0,,,0,8,,8.0,0.0,0.0,0,0,0,,0,8,1.0,0
Zach Copeland,Vancouver Bandits,2025-2026,defense,Play types,Make 3 Pts,5,Long/3pt,Spot Up > No Dribble Jumper > Open > Long/3pt > Make 3 Pts,Spot Up,No Dribble Jumper,Open,Long/3pt,Make 3 Pts,,4,33.3,3.0,150.0,0.0,0.0,4,100.0,,,100.0,,4,150.0,0.0,,,4,0,,4.0,0.0,100.0,0,0,0,,4,0,1.0,12
Zach Copeland,Vancouver Bandits,2025-2026,defense,Play types,Drives Left,2,Spot Up,Spot Up > Drives Left,Spot Up,Drives Left,,,,,6,16.2,0.833,41.7,0.0,0.0,1,100.0,,,33.3,,6,41.7,0.0,,,2,4,,6.0,0.0,33.3,5,1,4,20.0,1,0,0.17,5
Zach Copeland,Vancouver Bandits,2025-2026,defense,Play types,To Basket,3,Drives Left,Spot Up > Drives Left > To Basket,Spot Up,Drives Left,To Basket,,,,5,83.3,0.4,20.0,0.0,0.0,0,,,,20.0,,5,20.0,0.0,,,1,4,,5.0,0.0,20.0,5,1,4,20.0,0,0,0.0,2
Zach Copeland,Vancouver Bandits,2025-2026,defense,Play types,Miss 2 Pts,4,To Basket,Spot Up > Drives Left > To Basket > Miss 2 Pts,Spot Up,Drives Left,To Basket,Miss 2 Pts,,,4,80.0,0.0,0.0,0.0,0.0,0,,,,0.0,,4,0.0,0.0,,,0,4,,4.0,0.0,0.0,4,0,4,0.0,0,0,0.0,0
Zach Copeland,Vancouver Bandits,2025-2026,defense,Play types,Make 2 Pts,4,To Basket,Spot Up > Drives Left > To Basket > Make 2 Pts,Spot Up,Drives Left,To Basket,Make 2 Pts,,,1,20.0,2.0,100.0,0.0,0.0,0,,,,100.0,,1,100.0,0.0,,,1,0,,1.0,0.0,100.0,1,1,0,100.0,0,0,0.0,2
Zach Copeland,Vancouver Bandits,2025-2026,defense,Play types,Dribble Jumper,3,Drives Left,Spot Up > Drives Left > Dribble Jumper,Spot Up,Drives Left,Dribble Jumper,,,,1,16.7,3.0,150.0,0.0,0.0,1,100.0,,,100.0,,1,150.0,0.0,,,1,0,,1.0,0.0,100.0,0,0,0,,1,0,1.0,3
Zach Copeland,Vancouver Bandits,2025-2026,defense,Play types,Long/3pt,4,Dribble Jumper,Spot Up > Drives Left > Dribble Jumper > Long/3pt,Spot Up,Drives Left,Dribble Jumper,Long/3pt,,,1,100.0,3.0,150.0,0.0,0.0,1,100.0,,,100.0,,1,150.0,0.0,,,1,0,,1.0,0.0,100.0,0,0,0,,1,0,1.0,3
Zach Copeland,Vancouver Bandits,2025-2026,defense,Play types,Make 3 Pts,5,Long/3pt,Spot Up > Drives Left > Dribble Jumper > Long/3pt > Make 3 Pts,Spot Up,Drives Left,Dribble Jumper,Long/3pt,Make 3 Pts,,1,100.0,3.0,150.0,0.0,0.0,1,100.0,,,100.0,,1,150.0,0.0,,,1,0,,1.0,0.0,100.0,0,0,0,,1,0,1.0,3
Zach Copeland,Vancouver Bandits,2025-2026,defense,Play types,Drives Right,2,Spot Up,Spot Up > Drives Right,Spot Up,Drives Right,,,,,3,8.1,0.0,0.0,0.0,0.0,0,,,,0.0,,3,0.0,0.0,,,0,3,,3.0,0.0,0.0,3,0,3,0.0,0,0,0.0,0
Zach Copeland,Vancouver Bandits,2025-2026,defense,Play types,To Basket,3,Drives Right,Spot Up > Drives Right > To Basket,Spot Up,Drives Right,To Basket,,,,3,100.0,0.0,0.0,0.0,0.0,0,,,,0.0,,3,0.0,0.0,,,0,3,,3.0,0.0,0.0,3,0,3,0.0,0,0,0.0,0
Zach Copeland,Vancouver Bandits,2025-2026,defense,Play types,Miss 2 Pts,4,To Basket,Spot Up > Drives Right > To Basket > Miss 2 Pts,Spot Up,Drives Right,To Basket,Miss 2 Pts,,,3,100.0,0.0,0.0,0.0,0.0,0,,,,0.0,,3,0.0,0.0,,,0,3,,3.0,0.0,0.0,3,0,3,0.0,0,0,0.0,0
Zach Copeland,Vancouver Bandits,2025-2026,defense,Play types,Drives Straight,2,Spot Up,Spot Up > Drives Straight,Spot Up,Drives Straight,,,,,2,5.4,1.5,75.0,0.0,0.0,2,50.0,,,50.0,,2,75.0,0.0,,,1,1,,2.0,0.0,50.0,0,0,0,,1,1,1.0,3
Zach Copeland,Vancouver Bandits,2025-2026,defense,Play types,Dribble Jumper,3,Drives Straight,Spot Up > Drives Straight > Dribble Jumper,Spot Up,Drives Straight,Dribble Jumper,,,,2,100.0,1.5,75.0,0.0,0.0,2,50.0,,,50.0,,2,75.0,0.0,,,1,1,,2.0,0.0,50.0,0,0,0,,1,1,1.0,3
Zach Copeland,Vancouver Bandits,2025-2026,defense,Play types,Long/3pt,4,Dribble Jumper,Spot Up > Drives Straight > Dribble Jumper > Long/3pt,Spot Up,Drives Straight,Dribble Jumper,Long/3pt,,,2,100.0,1.5,75.0,0.0,0.0,2,50.0,,,50.0,,2,75.0,0.0,,,1,1,,2.0,0.0,50.0,0,0,0,,1,1,1.0,3
Zach Copeland,Vancouver Bandits,2025-2026,defense,Play types,Miss 3 Pts,5,Long/3pt,Spot Up > Drives Straight > Dribble Jumper > Long/3pt > Miss 3 Pts,Spot Up,Drives Straight,Dribble Jumper,Long/3pt,Miss 3 Pts,,1,50.0,0.0,0.0,0.0,0.0,1,0.0,,,0.0,,1,0.0,0.0,,,0,1,,1.0,0.0,0.0,0,0,0,,0,1,1.0,0
Zach Copeland,Vancouver Bandits,2025-2026,defense,Play types,Make 3 Pts,5,Long/3pt,Spot Up > Drives Straight > Dribble Jumper > Long/3pt > Make 3 Pts,Spot Up,Drives Straight,Dribble Jumper,Long/3pt,Make 3 Pts,,1,50.0,3.0,150.0,0.0,0.0,1,100.0,,,100.0,,1,150.0,0.0,,,1,0,,1.0,0.0,100.0,0,0,0,,1,0,1.0,3
Zach Copeland,Vancouver Bandits,2025-2026,defense,Play types,Foul,2,Spot Up,Spot Up > Foul,Spot Up,Foul,,,,,1,2.7,1.0,56.8,0.0,100.0,0,,,,,,0,,0.0,,,0,0,,0.9,,100.0,0,0,0,,0,0,,1
Zach Copeland,Vancouver Bandits,2025-2026,defense,Play types,Turnover,2,Spot Up,Spot Up > Turnover,Spot Up,Turnover,,,,,1,2.7,0.0,,100.0,0.0,0,,,,,,0,,0.0,,,0,0,,0.0,,0.0,0,0,0,,0,0,,0
Zach Copeland,Vancouver Bandits,2025-2026,defense,Play types,Isolation,1,,Isolation,Isolation,,,,,,11,7.9,0.727,54.6,36.4,18.2,1,0.0,Good,61.0,50.0,7.0,6,50.0,9.1,,,3,3,,7.3,0.5,36.4,5,3,2,60.0,0,1,0.17,8
Zach Copeland,Vancouver Bandits,2025-2026,defense,Play types,Isolation - Overall,2,Isolation,Isolation > Isolation - Overall,Isolation,Isolation - Overall,,,,,11,100.0,0.727,54.6,36.4,18.2,1,0.0,,,50.0,,6,50.0,9.1,,,3,3,,7.3,0.5,36.4,5,3,2,60.0,0,1,0.17,8
Zach Copeland,Vancouver Bandits,2025-2026,defense,Play types,Drives Left,3,Isolation - Overall,Isolation > Isolation - Overall > Drives Left,Isolation,Isolation - Overall,Drives Left,,,,6,54.5,0.5,52.1,50.0,16.7,0,,,,50.0,,2,50.0,0.0,,,1,1,,2.9,1.0,33.3,2,1,1,50.0,0,0,0.0,3
Zach Copeland,Vancouver Bandits,2025-2026,defense,Play types,Drives Right,3,Isolation - Overall,Isolation > Isolation - Overall > Drives Right,Isolation,Isolation - Overall,Drives Right,,,,4,36.4,1.25,72.7,25.0,25.0,0,,,,66.7,,3,66.7,25.0,,,2,1,,3.4,0.33,50.0,3,2,1,66.7,0,0,0.0,5
Zach Copeland,Vancouver Bandits,2025-2026,defense,Play types,Early Jumper,3,Isolation - Overall,Isolation > Isolation - Overall > Early Jumper,Isolation,Isolation - Overall,Early Jumper,,,,1,9.1,0.0,0.0,0.0,0.0,1,0.0,,,0.0,,1,0.0,0.0,,,0,1,,1.0,0.0,0.0,0,0,0,,0,1,1.0,0
Zach Copeland,Vancouver Bandits,2025-2026,defense,Play types,Top,2,Isolation,Isolation > Top,Isolation,Top,,,,,6,54.5,0.667,46.3,33.3,33.3,0,,,,33.3,,3,33.3,16.7,,,1,2,,4.3,1.0,33.3,3,1,2,33.3,0,0,0.0,4
Zach Copeland,Vancouver Bandits,2025-2026,defense,Play types,Drives Left,3,Top,Isolation > Top > Drives Left,Isolation,Top,Drives Left,,,,3,50.0,0.333,26.6,33.3,33.3,0,,,,0.0,,1,0.0,0.0,,,0,1,,1.9,2.0,33.3,1,0,1,0.0,0,0,0.0,1
Zach Copeland,Vancouver Bandits,2025-2026,defense,Play types,Defense Commits,4,Drives Left,Isolation > Top > Drives Left > Defense Commits,Isolation,Top,Drives Left,Defense Commits,,,1,33.3,0.0,,100.0,0.0,0,,,,,,0,,0.0,,,0,0,,0.0,,0.0,0,0,0,,0,0,,0
Zach Copeland,Vancouver Bandits,2025-2026,defense,Play types,Turnover,5,Defense Commits,Isolation > Top > Drives Left > Defense Commits > Turnover,Isolation,Top,Drives Left,Defense Commits,Turnover,,1,100.0,0.0,,100.0,0.0,0,,,,,,0,,0.0,,,0,0,,0.0,,0.0,0,0,0,,0,0,,0
Zach Copeland,Vancouver Bandits,2025-2026,defense,Play types,To Basket,4,Drives Left,Isolation > Top > Drives Left > To Basket,Isolation,Top,Drives Left,To Basket,,,1,33.3,0.0,0.0,0.0,0.0,0,,,,0.0,,1,0.0,0.0,,,0,1,,1.0,0.0,0.0,1,0,1,0.0,0,0,0.0,0
Zach Copeland,Vancouver Bandits,2025-2026,defense,Play types,Miss 2 Pts,5,To Basket,Isolation > Top > Drives Left > To Basket > Miss 2 Pts,Isolation,Top,Drives Left,To Basket,Miss 2 Pts,,1,100.0,0.0,0.0,0.0,0.0,0,,,,0.0,,1,0.0,0.0,,,0,1,,1.0,0.0,0.0,1,0,1,0.0,0,0,0.0,0
Zach Copeland,Vancouver Bandits,2025-2026,defense,Play types,Foul,4,Drives Left,Isolation > Top > Drives Left > Foul,Isolation,Top,Drives Left,Foul,,,1,33.3,1.0,56.8,0.0,100.0,0,,,,,,0,,0.0,,,0,0,,0.9,,100.0,0,0,0,,0,0,,1
Zach Copeland,Vancouver Bandits,2025-2026,defense,Play types,Drives Right,3,Top,Isolation > Top > Drives Right,Isolation,Top,Drives Right,,,,3,50.0,1.0,61.5,33.3,33.3,0,,,,50.0,,2,50.0,33.3,,,1,1,,2.4,0.5,33.3,2,1,1,50.0,0,0,0.0,3
Zach Copeland,Vancouver Bandits,2025-2026,defense,Play types,To Basket,4,Drives Right,Isolation > Top > Drives Right > To Basket,Isolation,Top,Drives Right,To Basket,,,2,66.7,1.5,61.5,0.0,50.0,0,,,,50.0,,2,50.0,50.0,,,1,1,,2.4,0.5,50.0,2,1,1,50.0,0,0,0.0,3
Zach Copeland,Vancouver Bandits,2025-2026,defense,Play types,Make 2 Pts Foul,5,To Basket,Isolation > Top > Drives Right > To Basket > Make 2 Pts Foul,Isolation,Top,Drives Right,To Basket,Make 2 Pts Foul,,1,50.0,3.0,104.2,0.0,100.0,0,,,,100.0,,1,100.0,100.0,,,1,0,,1.4,1.0,100.0,1,1,0,100.0,0,0,0.0,3
Zach Copeland,Vancouver Bandits,2025-2026,defense,Play types,Miss 2 Pts,5,To Basket,Isolation > Top > Drives Right > To Basket > Miss 2 Pts,Isolation,Top,Drives Right,To Basket,Miss 2 Pts,,1,50.0,0.0,0.0,0.0,0.0,0,,,,0.0,,1,0.0,0.0,,,0,1,,1.0,0.0,0.0,1,0,1,0.0,0,0,0.0,0
Zach Copeland,Vancouver Bandits,2025-2026,defense,Play types,Defense Commits,4,Drives Right,Isolation > Top > Drives Right > Defense Commits,Isolation,Top,Drives Right,Defense Commits,,,1,33.3,0.0,,100.0,0.0,0,,,,,,0,,0.0,,,0,0,,0.0,,0.0,0,0,0,,0,0,,0
Zach Copeland,Vancouver Bandits,2025-2026,defense,Play types,Turnover,5,Defense Commits,Isolation > Top > Drives Right > Defense Commits > Turnover,Isolation,Top,Drives Right,Defense Commits,Turnover,,1,100.0,0.0,,100.0,0.0,0,,,,,,0,,0.0,,,0,0,,0.0,,0.0,0,0,0,,0,0,,0
Zach Copeland,Vancouver Bandits,2025-2026,defense,Play types,Right,2,Isolation,Isolation > Right,Isolation,Right,,,,,4,36.4,1.0,100.0,50.0,0.0,0,,,,100.0,,2,100.0,0.0,,,2,0,,2.0,0.0,50.0,2,2,0,100.0,0,0,0.0,4
Zach Copeland,Vancouver Bandits,2025-2026,defense,Play types,Drives Left,3,Right,Isolation > Right > Drives Left,Isolation,Right,Drives Left,,,,3,75.0,0.667,100.0,66.7,0.0,0,,,,100.0,,1,100.0,0.0,,,1,0,,1.0,0.0,33.3,1,1,0,100.0,0,0,0.0,2
Zach Copeland,Vancouver Bandits,2025-2026,defense,Play types,Defense Commits,4,Drives Left,Isolation > Right > Drives Left > Defense Commits,Isolation,Right,Drives Left,Defense Commits,,,1,33.3,0.0,,100.0,0.0,0,,,,,,0,,0.0,,,0,0,,0.0,,0.0,0,0,0,,0,0,,0
Zach Copeland,Vancouver Bandits,2025-2026,defense,Play types,Turnover,5,Defense Commits,Isolation > Right > Drives Left > Defense Commits > Turnover,Isolation,Right,Drives Left,Defense Commits,Turnover,,1,100.0,0.0,,100.0,0.0,0,,,,,,0,,0.0,,,0,0,,0.0,,0.0,0,0,0,,0,0,,0
Zach Copeland,Vancouver Bandits,2025-2026,defense,Play types,Turnover,4,Drives Left,Isolation > Right > Drives Left > Turnover,Isolation,Right,Drives Left,Turnover,,,1,33.3,0.0,,100.0,0.0,0,,,,,,0,,0.0,,,0,0,,0.0,,0.0,0,0,0,,0,0,,0
Zach Copeland,Vancouver Bandits,2025-2026,defense,Play types,Dribble Jumper,4,Drives Left,Isolation > Right > Drives Left > Dribble Jumper,Isolation,Right,Drives Left,Dribble Jumper,,,1,33.3,2.0,100.0,0.0,0.0,0,,,,100.0,,1,100.0,0.0,,,1,0,,1.0,0.0,100.0,1,1,0,100.0,0,0,0.0,2
Zach Copeland,Vancouver Bandits,2025-2026,defense,Play types,Short to < 17,5,Dribble Jumper,Isolation > Right > Drives Left > Dribble Jumper > Short to < 17,Isolation,Right,Drives Left,Dribble Jumper,Short to < 17,,1,100.0,2.0,100.0,0.0,0.0,0,,,,100.0,,1,100.0,0.0,,,1,0,,1.0,0.0,100.0,1,1,0,100.0,0,0,0.0,2
Zach Copeland,Vancouver Bandits,2025-2026,defense,Play types,Drives Right,3,Right,Isolation > Right > Drives Right,Isolation,Right,Drives Right,,,,1,25.0,2.0,100.0,0.0,0.0,0,,,,100.0,,1,100.0,0.0,,,1,0,,1.0,0.0,100.0,1,1,0,100.0,0,0,0.0,2
Zach Copeland,Vancouver Bandits,2025-2026,defense,Play types,Dribble Jumper,4,Drives Right,Isolation > Right > Drives Right > Dribble Jumper,Isolation,Right,Drives Right,Dribble Jumper,,,1,100.0,2.0,100.0,0.0,0.0,0,,,,100.0,,1,100.0,0.0,,,1,0,,1.0,0.0,100.0,1,1,0,100.0,0,0,0.0,2
Zach Copeland,Vancouver Bandits,2025-2026,defense,Play types,Short to < 17,5,Dribble Jumper,Isolation > Right > Drives Right > Dribble Jumper > Short to < 17,Isolation,Right,Drives Right,Dribble Jumper,Short to < 17,,1,100.0,2.0,100.0,0.0,0.0,0,,,,100.0,,1,100.0,0.0,,,1,0,,1.0,0.0,100.0,1,1,0,100.0,0,0,0.0,2
Zach Copeland,Vancouver Bandits,2025-2026,defense,Play types,Left,2,Isolation,Isolation > Left,Isolation,Left,,,,,1,9.1,0.0,0.0,0.0,0.0,1,0.0,,,0.0,,1,0.0,0.0,,,0,1,,1.0,0.0,0.0,0,0,0,,0,1,1.0,0
Zach Copeland,Vancouver Bandits,2025-2026,defense,Play types,Early Jumper,3,Left,Isolation > Left > Early Jumper,Isolation,Left,Early Jumper,,,,1,100.0,0.0,0.0,0.0,0.0,1,0.0,,,0.0,,1,0.0,0.0,,,0,1,,1.0,0.0,0.0,0,0,0,,0,1,1.0,0
Zach Copeland,Vancouver Bandits,2025-2026,defense,Play types,Dribble Jumper,4,Early Jumper,Isolation > Left > Early Jumper > Dribble Jumper,Isolation,Left,Early Jumper,Dribble Jumper,,,1,100.0,0.0,0.0,0.0,0.0,1,0.0,,,0.0,,1,0.0,0.0,,,0,1,,1.0,0.0,0.0,0,0,0,,0,1,1.0,0
Zach Copeland,Vancouver Bandits,2025-2026,defense,Play types,Long/3pt,5,Dribble Jumper,Isolation > Left > Early Jumper > Dribble Jumper > Long/3pt,Isolation,Left,Early Jumper,Dribble Jumper,Long/3pt,,1,100.0,0.0,0.0,0.0,0.0,1,0.0,,,0.0,,1,0.0,0.0,,,0,1,,1.0,0.0,0.0,0,0,0,,0,1,1.0,0
Zach Copeland,Vancouver Bandits,2025-2026,defense,Play types,Off Screen,1,,Off Screen,Off Screen,,,,,,10,7.2,1.4,65.1,0.0,20.0,6,33.3,Poor,3.0,44.4,52.0,9,55.6,20.0,,,4,5,,10.8,0.44,50.0,3,2,1,66.7,2,4,0.67,14
Zach Copeland,Vancouver Bandits,2025-2026,defense,Play types,To Shooter's Left,2,Off Screen,Off Screen > To Shooter's Left,Off Screen,To Shooter's Left,,,,,7,70.0,1.143,53.8,0.0,14.3,4,25.0,,,42.9,,7,50.0,14.3,,,3,4,,7.4,0.14,42.9,3,2,1,66.7,1,3,0.57,8
Zach Copeland,Vancouver Bandits,2025-2026,defense,Play types,Straight,3,To Shooter's Left,Off Screen > To Shooter's Left > Straight,Off Screen,To Shooter's Left,Straight,,,,5,71.4,1.0,46.0,0.0,20.0,3,0.0,,,40.0,,5,40.0,20.0,,,2,3,,5.4,0.2,40.0,2,2,0,100.0,0,3,0.6,5
Zach Copeland,Vancouver Bandits,2025-2026,defense,Play types,No Dribble Jumper,4,Straight,Off Screen > To Shooter's Left > Straight > No Dribble Jumper,Off Screen,To Shooter's Left,Straight,No Dribble Jumper,,,3,60.0,0.0,0.0,0.0,0.0,3,0.0,,,0.0,,3,0.0,0.0,,,0,3,,3.0,0.0,0.0,0,0,0,,0,3,1.0,0
Zach Copeland,Vancouver Bandits,2025-2026,defense,Play types,Guarded,5,No Dribble Jumper,Off Screen > To Shooter's Left > Straight > No Dribble Jumper > Guarded,Off Screen,To Shooter's Left,Straight,No Dribble Jumper,Guarded,,2,66.7,0.0,0.0,0.0,0.0,2,0.0,,,0.0,,2,0.0,0.0,,,0,2,,2.0,0.0,0.0,0,0,0,,0,2,1.0,0
Zach Copeland,Vancouver Bandits,2025-2026,defense,Play types,Open,5,No Dribble Jumper,Off Screen > To Shooter's Left > Straight > No Dribble Jumper > Open,Off Screen,To Shooter's Left,Straight,No Dribble Jumper,Open,,1,33.3,0.0,0.0,0.0,0.0,1,0.0,,,0.0,,1,0.0,0.0,,,0,1,,1.0,0.0,0.0,0,0,0,,0,1,1.0,0
Zach Copeland,Vancouver Bandits,2025-2026,defense,Play types,To Basket,4,Straight,Off Screen > To Shooter's Left > Straight > To Basket,Off Screen,To Shooter's Left,Straight,To Basket,,,1,20.0,3.0,104.2,0.0,100.0,0,,,,100.0,,1,100.0,100.0,,,1,0,,1.4,1.0,100.0,1,1,0,100.0,0,0,0.0,3
Zach Copeland,Vancouver Bandits,2025-2026,defense,Play types,Make 2 Pts Foul,5,To Basket,Off Screen > To Shooter's Left > Straight > To Basket > Make 2 Pts Foul,Off Screen,To Shooter's Left,Straight,To Basket,Make 2 Pts Foul,,1,100.0,3.0,104.2,0.0,100.0,0,,,,100.0,,1,100.0,100.0,,,1,0,,1.4,1.0,100.0,1,1,0,100.0,0,0,0.0,3
Zach Copeland,Vancouver Bandits,2025-2026,defense,Play types,Dribble Jumper,4,Straight,Off Screen > To Shooter's Left > Straight > Dribble Jumper,Off Screen,To Shooter's Left,Straight,Dribble Jumper,,,1,20.0,2.0,100.0,0.0,0.0,0,,,,100.0,,1,100.0,0.0,,,1,0,,1.0,0.0,100.0,1,1,0,100.0,0,0,0.0,2
Zach Copeland,Vancouver Bandits,2025-2026,defense,Play types,Short to < 17,5,Dribble Jumper,Off Screen > To Shooter's Left > Straight > Dribble Jumper > Short to < 17,Off Screen,To Shooter's Left,Straight,Dribble Jumper,Short to < 17,,1,100.0,2.0,100.0,0.0,0.0,0,,,,100.0,,1,100.0,0.0,,,1,0,,1.0,0.0,100.0,1,1,0,100.0,0,0,0.0,2
Zach Copeland,Vancouver Bandits,2025-2026,defense,Play types,Flare,3,To Shooter's Left,Off Screen > To Shooter's Left > Flare,Off Screen,To Shooter's Left,Flare,,,,2,28.6,1.5,75.0,0.0,0.0,1,100.0,,,50.0,,2,75.0,0.0,,,1,1,,2.0,0.0,50.0,1,0,1,0.0,1,0,0.5,3
Zach Copeland,Vancouver Bandits,2025-2026,defense,Play types,To Basket,4,Flare,Off Screen > To Shooter's Left > Flare > To Basket,Off Screen,To Shooter's Left,Flare,To Basket,,,1,50.0,0.0,0.0,0.0,0.0,0,,,,0.0,,1,0.0,0.0,,,0,1,,1.0,0.0,0.0,1,0,1,0.0,0,0,0.0,0
Zach Copeland,Vancouver Bandits,2025-2026,defense,Play types,Miss 2 Pts,5,To Basket,Off Screen > To Shooter's Left > Flare > To Basket > Miss 2 Pts,Off Screen,To Shooter's Left,Flare,To Basket,Miss 2 Pts,,1,100.0,0.0,0.0,0.0,0.0,0,,,,0.0,,1,0.0,0.0,,,0,1,,1.0,0.0,0.0,1,0,1,0.0,0,0,0.0,0
Zach Copeland,Vancouver Bandits,2025-2026,defense,Play types,No Dribble Jumper,4,Flare,Off Screen > To Shooter's Left > Flare > No Dribble Jumper,Off Screen,To Shooter's Left,Flare,No Dribble Jumper,,,1,50.0,3.0,150.0,0.0,0.0,1,100.0,,,100.0,,1,150.0,0.0,,,1,0,,1.0,0.0,100.0,0,0,0,,1,0,1.0,3
Zach Copeland,Vancouver Bandits,2025-2026,defense,Play types,Open,5,No Dribble Jumper,Off Screen > To Shooter's Left > Flare > No Dribble Jumper > Open,Off Screen,To Shooter's Left,Flare,No Dribble Jumper,Open,,1,100.0,3.0,150.0,0.0,0.0,1,100.0,,,100.0,,1,150.0,0.0,,,1,0,,1.0,0.0,100.0,0,0,0,,1,0,1.0,3
Zach Copeland,Vancouver Bandits,2025-2026,defense,Play types,To Shooter's Right,2,Off Screen,Off Screen > To Shooter's Right,Off Screen,To Shooter's Right,,,,,3,30.0,2.0,90.4,0.0,33.3,2,50.0,,,50.0,,2,75.0,33.3,,,1,1,,3.3,1.5,66.7,0,0,0,,1,1,1.0,6
Zach Copeland,Vancouver Bandits,2025-2026,defense,Play types,Straight,3,To Shooter's Right,Off Screen > To Shooter's Right > Straight,Off Screen,To Shooter's Right,Straight,,,,3,100.0,2.0,90.4,0.0,33.3,2,50.0,,,50.0,,2,75.0,33.3,,,1,1,,3.3,1.5,66.7,0,0,0,,1,1,1.0,6
Zach Copeland,Vancouver Bandits,2025-2026,defense,Play types,Dribble Jumper,4,Straight,Off Screen > To Shooter's Right > Straight > Dribble Jumper,Off Screen,To Shooter's Right,Straight,Dribble Jumper,,,2,66.7,1.5,64.7,0.0,50.0,1,0.0,,,0.0,,1,0.0,50.0,,,0,1,,2.3,3.0,50.0,0,0,0,,0,1,1.0,3
Zach Copeland,Vancouver Bandits,2025-2026,defense,Play types,Long/3pt,5,Dribble Jumper,Off Screen > To Shooter's Right > Straight > Dribble Jumper > Long/3pt,Off Screen,To Shooter's Right,Straight,Dribble Jumper,Long/3pt,,2,100.0,1.5,64.7,0.0,50.0,1,0.0,,,0.0,,1,0.0,50.0,,,0,1,,2.3,3.0,50.0,0,0,0,,0,1,1.0,3
Zach Copeland,Vancouver Bandits,2025-2026,defense,Play types,No Dribble Jumper,4,Straight,Off Screen > To Shooter's Right > Straight > No Dribble Jumper,Off Screen,To Shooter's Right,Straight,No Dribble Jumper,,,1,33.3,3.0,150.0,0.0,0.0,1,100.0,,,100.0,,1,150.0,0.0,,,1,0,,1.0,0.0,100.0,0,0,0,,1,0,1.0,3
Zach Copeland,Vancouver Bandits,2025-2026,defense,Play types,Guarded,5,No Dribble Jumper,Off Screen > To Shooter's Right > Straight > No Dribble Jumper > Guarded,Off Screen,To Shooter's Right,Straight,No Dribble Jumper,Guarded,,1,100.0,3.0,150.0,0.0,0.0,1,100.0,,,100.0,,1,150.0,0.0,,,1,0,,1.0,0.0,100.0,0,0,0,,1,0,1.0,3
Zach Copeland,Vancouver Bandits,2025-2026,defense,Play types,Handoffs,1,,Handoffs,Handoffs,,,,,,8,5.8,1.125,65.4,12.5,12.5,4,25.0,,,50.0,,6,58.3,0.0,,,3,3,,6.9,0.33,50.0,2,2,0,100.0,1,3,0.67,9
Zach Copeland,Vancouver Bandits,2025-2026,defense,Play types,From Dribble,2,Handoffs,Handoffs > From Dribble,Handoffs,From Dribble,,,,,6,75.0,1.167,71.7,16.7,16.7,3,33.3,,,50.0,,4,62.5,0.0,,,2,2,,4.9,0.5,50.0,1,1,0,100.0,1,2,0.75,7
Zach Copeland,Vancouver Bandits,2025-2026,defense,Play types,Left,3,From Dribble,Handoffs > From Dribble > Left,Handoffs,From Dribble,Left,,,,3,50.0,1.0,75.0,33.3,0.0,2,50.0,,,50.0,,2,75.0,0.0,,,1,1,,2.0,0.0,33.3,0,0,0,,1,1,1.0,3
Zach Copeland,Vancouver Bandits,2025-2026,defense,Play types,Dribble Jumper,4,Left,Handoffs > From Dribble > Left > Dribble Jumper,Handoffs,From Dribble,Left,Dribble Jumper,,,1,33.3,0.0,0.0,0.0,0.0,1,0.0,,,0.0,,1,0.0,0.0,,,0,1,,1.0,0.0,0.0,0,0,0,,0,1,1.0,0
Zach Copeland,Vancouver Bandits,2025-2026,defense,Play types,Long/3pt,5,Dribble Jumper,Handoffs > From Dribble > Left > Dribble Jumper > Long/3pt,Handoffs,From Dribble,Left,Dribble Jumper,Long/3pt,,1,100.0,0.0,0.0,0.0,0.0,1,0.0,,,0.0,,1,0.0,0.0,,,0,1,,1.0,0.0,0.0,0,0,0,,0,1,1.0,0
Zach Copeland,Vancouver Bandits,2025-2026,defense,Play types,No Dribble Jumper,4,Left,Handoffs > From Dribble > Left > No Dribble Jumper,Handoffs,From Dribble,Left,No Dribble Jumper,,,1,33.3,3.0,150.0,0.0,0.0,1,100.0,,,100.0,,1,150.0,0.0,,,1,0,,1.0,0.0,100.0,0,0,0,,1,0,1.0,3
Zach Copeland,Vancouver Bandits,2025-2026,defense,Play types,Open,5,No Dribble Jumper,Handoffs > From Dribble > Left > No Dribble Jumper > Open,Handoffs,From Dribble,Left,No Dribble Jumper,Open,,1,100.0,3.0,150.0,0.0,0.0,1,100.0,,,100.0,,1,150.0,0.0,,,1,0,,1.0,0.0,100.0,0,0,0,,1,0,1.0,3
Zach Copeland,Vancouver Bandits,2025-2026,defense,Play types,Turnover,4,Left,Handoffs > From Dribble > Left > Turnover,Handoffs,From Dribble,Left,Turnover,,,1,33.3,0.0,,100.0,0.0,0,,,,,,0,,0.0,,,0,0,,0.0,,0.0,0,0,0,,0,0,,0
Zach Copeland,Vancouver Bandits,2025-2026,defense,Play types,Top,3,From Dribble,Handoffs > From Dribble > Top,Handoffs,From Dribble,Top,,,,2,33.3,1.0,50.0,0.0,0.0,1,0.0,,,50.0,,2,50.0,0.0,,,1,1,,2.0,0.0,50.0,1,1,0,100.0,0,1,0.5,2
Zach Copeland,Vancouver Bandits,2025-2026,defense,Play types,No Dribble Jumper,4,Top,Handoffs > From Dribble > Top > No Dribble Jumper,Handoffs,From Dribble,Top,No Dribble Jumper,,,1,50.0,0.0,0.0,0.0,0.0,1,0.0,,,0.0,,1,0.0,0.0,,,0,1,,1.0,0.0,0.0,0,0,0,,0,1,1.0,0
Zach Copeland,Vancouver Bandits,2025-2026,defense,Play types,Open,5,No Dribble Jumper,Handoffs > From Dribble > Top > No Dribble Jumper > Open,Handoffs,From Dribble,Top,No Dribble Jumper,Open,,1,100.0,0.0,0.0,0.0,0.0,1,0.0,,,0.0,,1,0.0,0.0,,,0,1,,1.0,0.0,0.0,0,0,0,,0,1,1.0,0
Zach Copeland,Vancouver Bandits,2025-2026,defense,Play types,To Basket,4,Top,Handoffs > From Dribble > Top > To Basket,Handoffs,From Dribble,Top,To Basket,,,1,50.0,2.0,100.0,0.0,0.0,0,,,,100.0,,1,100.0,0.0,,,1,0,,1.0,0.0,100.0,1,1,0,100.0,0,0,0.0,2
Zach Copeland,Vancouver Bandits,2025-2026,defense,Play types,Make 2 Pts,5,To Basket,Handoffs > From Dribble > Top > To Basket > Make 2 Pts,Handoffs,From Dribble,Top,To Basket,Make 2 Pts,,1,100.0,2.0,100.0,0.0,0.0,0,,,,100.0,,1,100.0,0.0,,,1,0,,1.0,0.0,100.0,1,1,0,100.0,0,0,0.0,2
Zach Copeland,Vancouver Bandits,2025-2026,defense,Play types,Right,3,From Dribble,Handoffs > From Dribble > Right,Handoffs,From Dribble,Right,,,,1,16.7,2.0,113.6,0.0,100.0,0,,,,,,0,,0.0,,,0,0,,0.9,,100.0,0,0,0,,0,0,,2
Zach Copeland,Vancouver Bandits,2025-2026,defense,Play types,Foul,4,Right,Handoffs > From Dribble > Right > Foul,Handoffs,From Dribble,Right,Foul,,,1,100.0,2.0,113.6,0.0,100.0,0,,,,,,0,,0.0,,,0,0,,0.9,,100.0,0,0,0,,0,0,,2
Zach Copeland,Vancouver Bandits,2025-2026,defense,Play types,From Stationary,2,Handoffs,Handoffs > From Stationary,Handoffs,From Stationary,,,,,2,25.0,1.0,50.0,0.0,0.0,1,0.0,,,50.0,,2,50.0,0.0,,,1,1,,2.0,0.0,50.0,1,1,0,100.0,0,1,0.5,2
Zach Copeland,Vancouver Bandits,2025-2026,defense,Play types,Right,3,From Stationary,Handoffs > From Stationary > Right,Handoffs,From Stationary,Right,,,,2,100.0,1.0,50.0,0.0,0.0,1,0.0,,,50.0,,2,50.0,0.0,,,1,1,,2.0,0.0,50.0,1,1,0,100.0,0,1,0.5,2
Zach Copeland,Vancouver Bandits,2025-2026,defense,Play types,To Basket,4,Right,Handoffs > From Stationary > Right > To Basket,Handoffs,From Stationary,Right,To Basket,,,1,50.0,2.0,100.0,0.0,0.0,0,,,,100.0,,1,100.0,0.0,,,1,0,,1.0,0.0,100.0,1,1,0,100.0,0,0,0.0,2
Zach Copeland,Vancouver Bandits,2025-2026,defense,Play types,Make 2 Pts,5,To Basket,Handoffs > From Stationary > Right > To Basket > Make 2 Pts,Handoffs,From Stationary,Right,To Basket,Make 2 Pts,,1,100.0,2.0,100.0,0.0,0.0,0,,,,100.0,,1,100.0,0.0,,,1,0,,1.0,0.0,100.0,1,1,0,100.0,0,0,0.0,2
Zach Copeland,Vancouver Bandits,2025-2026,defense,Play types,No Dribble Jumper,4,Right,Handoffs > From Stationary > Right > No Dribble Jumper,Handoffs,From Stationary,Right,No Dribble Jumper,,,1,50.0,0.0,0.0,0.0,0.0,1,0.0,,,0.0,,1,0.0,0.0,,,0,1,,1.0,0.0,0.0,0,0,0,,0,1,1.0,0
Zach Copeland,Vancouver Bandits,2025-2026,defense,Play types,Open,5,No Dribble Jumper,Handoffs > From Stationary > Right > No Dribble Jumper > Open,Handoffs,From Stationary,Right,No Dribble Jumper,Open,,1,100.0,0.0,0.0,0.0,0.0,1,0.0,,,0.0,,1,0.0,0.0,,,0,1,,1.0,0.0,0.0,0,0,0,,0,1,1.0,0
Zach Copeland,Vancouver Bandits,2025-2026,defense,Play types,P&R Roll Man,1,,P&R Roll Man,P&R Roll Man,,,,,,4,2.9,1.25,62.5,0.0,0.0,3,33.3,,,50.0,,4,62.5,0.0,,,2,2,,4.0,0.0,50.0,1,1,0,100.0,1,2,0.75,5
Zach Copeland,Vancouver Bandits,2025-2026,defense,Play types,Pick and Pops,2,P&R Roll Man,P&R Roll Man > Pick and Pops,P&R Roll Man,Pick and Pops,,,,,2,50.0,1.0,50.0,0.0,0.0,1,0.0,,,50.0,,2,50.0,0.0,,,1,1,,2.0,0.0,50.0,1,1,0,100.0,0,1,0.5,2
Zach Copeland,Vancouver Bandits,2025-2026,defense,Play types,Drives Left,3,Pick and Pops,P&R Roll Man > Pick and Pops > Drives Left,P&R Roll Man,Pick and Pops,Drives Left,,,,1,50.0,2.0,100.0,0.0,0.0,0,,,,100.0,,1,100.0,0.0,,,1,0,,1.0,0.0,100.0,1,1,0,100.0,0,0,0.0,2
Zach Copeland,Vancouver Bandits,2025-2026,defense,Play types,Dribble Jumper,4,Drives Left,P&R Roll Man > Pick and Pops > Drives Left > Dribble Jumper,P&R Roll Man,Pick and Pops,Drives Left,Dribble Jumper,,,1,100.0,2.0,100.0,0.0,0.0,0,,,,100.0,,1,100.0,0.0,,,1,0,,1.0,0.0,100.0,1,1,0,100.0,0,0,0.0,2
Zach Copeland,Vancouver Bandits,2025-2026,defense,Play types,Medium/17' to 3pt,5,Dribble Jumper,P&R Roll Man > Pick and Pops > Drives Left > Dribble Jumper > Medium/17' to 3pt,P&R Roll Man,Pick and Pops,Drives Left,Dribble Jumper,Medium/17' to 3pt,,1,100.0,2.0,100.0,0.0,0.0,0,,,,100.0,,1,100.0,0.0,,,1,0,,1.0,0.0,100.0,1,1,0,100.0,0,0,0.0,2
Zach Copeland,Vancouver Bandits,2025-2026,defense,Play types,No Dribble Jumper,3,Pick and Pops,P&R Roll Man > Pick and Pops > No Dribble Jumper,P&R Roll Man,Pick and Pops,No Dribble Jumper,,,,1,50.0,0.0,0.0,0.0,0.0,1,0.0,,,0.0,,1,0.0,0.0,,,0,1,,1.0,0.0,0.0,0,0,0,,0,1,1.0,0
Zach Copeland,Vancouver Bandits,2025-2026,defense,Play types,Open,4,No Dribble Jumper,P&R Roll Man > Pick and Pops > No Dribble Jumper > Open,P&R Roll Man,Pick and Pops,No Dribble Jumper,Open,,,1,100.0,0.0,0.0,0.0,0.0,1,0.0,,,0.0,,1,0.0,0.0,,,0,1,,1.0,0.0,0.0,0,0,0,,0,1,1.0,0
Zach Copeland,Vancouver Bandits,2025-2026,defense,Play types,Long/3pt,5,Open,P&R Roll Man > Pick and Pops > No Dribble Jumper > Open > Long/3pt,P&R Roll Man,Pick and Pops,No Dribble Jumper,Open,Long/3pt,,1,100.0,0.0,0.0,0.0,0.0,1,0.0,,,0.0,,1,0.0,0.0,,,0,1,,1.0,0.0,0.0,0,0,0,,0,1,1.0,0
Zach Copeland,Vancouver Bandits,2025-2026,defense,Play types,Slips the Pick,2,P&R Roll Man,P&R Roll Man > Slips the Pick,P&R Roll Man,Slips the Pick,,,,,2,50.0,1.5,75.0,0.0,0.0,2,50.0,,,50.0,,2,75.0,0.0,,,1,1,,2.0,0.0,50.0,0,0,0,,1,1,1.0,3
Zach Copeland,Vancouver Bandits,2025-2026,defense,Play types,No Dribble Jumper,3,Slips the Pick,P&R Roll Man > Slips the Pick > No Dribble Jumper,P&R Roll Man,Slips the Pick,No Dribble Jumper,,,,2,100.0,1.5,75.0,0.0,0.0,2,50.0,,,50.0,,2,75.0,0.0,,,1,1,,2.0,0.0,50.0,0,0,0,,1,1,1.0,3
Zach Copeland,Vancouver Bandits,2025-2026,defense,Play types,Open,4,No Dribble Jumper,P&R Roll Man > Slips the Pick > No Dribble Jumper > Open,P&R Roll Man,Slips the Pick,No Dribble Jumper,Open,,,1,50.0,3.0,150.0,0.0,0.0,1,100.0,,,100.0,,1,150.0,0.0,,,1,0,,1.0,0.0,100.0,0,0,0,,1,0,1.0,3
Zach Copeland,Vancouver Bandits,2025-2026,defense,Play types,Long/3pt,5,Open,P&R Roll Man > Slips the Pick > No Dribble Jumper > Open > Long/3pt,P&R Roll Man,Slips the Pick,No Dribble Jumper,Open,Long/3pt,,1,100.0,3.0,150.0,0.0,0.0,1,100.0,,,100.0,,1,150.0,0.0,,,1,0,,1.0,0.0,100.0,0,0,0,,1,0,1.0,3
Zach Copeland,Vancouver Bandits,2025-2026,defense,Play types,Guarded,4,No Dribble Jumper,P&R Roll Man > Slips the Pick > No Dribble Jumper > Guarded,P&R Roll Man,Slips the Pick,No Dribble Jumper,Guarded,,,1,50.0,0.0,0.0,0.0,0.0,1,0.0,,,0.0,,1,0.0,0.0,,,0,1,,1.0,0.0,0.0,0,0,0,,0,1,1.0,0
Zach Copeland,Vancouver Bandits,2025-2026,defense,Play types,Long/3pt,5,Guarded,P&R Roll Man > Slips the Pick > No Dribble Jumper > Guarded > Long/3pt,P&R Roll Man,Slips the Pick,No Dribble Jumper,Guarded,Long/3pt,,1,100.0,0.0,0.0,0.0,0.0,1,0.0,,,0.0,,1,0.0,0.0,,,0,1,,1.0,0.0,0.0,0,0,0,,0,1,1.0,0
Zach Copeland,Vancouver Bandits,2025-2026,defense,Play types,Post-Up,1,,Post-Up,Post-Up,,,,,,4,2.9,1.5,77.3,0.0,25.0,0,,,,66.7,,3,66.7,25.0,,,2,1,,3.9,0.67,75.0,3,2,1,66.7,0,0,0.0,6
Zach Copeland,Vancouver Bandits,2025-2026,defense,Play types,Post-Up - Overall,2,Post-Up,Post-Up > Post-Up - Overall,Post-Up,Post-Up - Overall,,,,,4,100.0,1.5,77.3,0.0,25.0,0,,,,66.7,,3,66.7,25.0,,,2,1,,3.9,0.67,75.0,3,2,1,66.7,0,0,0.0,6
Zach Copeland,Vancouver Bandits,2025-2026,defense,Play types,Face-Up,3,Post-Up - Overall,Post-Up > Post-Up - Overall > Face-Up,Post-Up,Post-Up - Overall,Face-Up,,,,2,50.0,1.0,50.0,0.0,0.0,0,,,,50.0,,2,50.0,0.0,,,1,1,,2.0,0.0,50.0,2,1,1,50.0,0,0,0.0,2
Zach Copeland,Vancouver Bandits,2025-2026,defense,Play types,Right Shoulder,3,Post-Up - Overall,Post-Up > Post-Up - Overall > Right Shoulder,Post-Up,Post-Up - Overall,Right Shoulder,,,,1,25.0,2.0,100.0,0.0,0.0,0,,,,100.0,,1,100.0,0.0,,,1,0,,1.0,0.0,100.0,1,1,0,100.0,0,0,0.0,2
Zach Copeland,Vancouver Bandits,2025-2026,defense,Play types,Post Pin,3,Post-Up - Overall,Post-Up > Post-Up - Overall > Post Pin,Post-Up,Post-Up - Overall,Post Pin,,,,1,25.0,2.0,113.6,0.0,100.0,0,,,,,,0,,100.0,,,0,0,,0.9,,100.0,0,0,0,,0,0,,2
Zach Copeland,Vancouver Bandits,2025-2026,defense,Play types,Right Block,2,Post-Up,Post-Up > Right Block,Post-Up,Right Block,,,,,3,75.0,1.333,66.7,0.0,0.0,0,,,,66.7,,3,66.7,0.0,,,2,1,,3.0,0.0,66.7,3,2,1,66.7,0,0,0.0,4
Zach Copeland,Vancouver Bandits,2025-2026,defense,Play types,Face-up,3,Right Block,Post-Up > Right Block > Face-up,Post-Up,Right Block,Face-up,,,,2,66.7,1.0,50.0,0.0,0.0,0,,,,50.0,,2,50.0,0.0,,,1,1,,2.0,0.0,50.0,2,1,1,50.0,0,0,0.0,2
Zach Copeland,Vancouver Bandits,2025-2026,defense,Play types,Jumper,4,Face-up,Post-Up > Right Block > Face-up > Jumper,Post-Up,Right Block,Face-up,Jumper,,,1,50.0,0.0,0.0,0.0,0.0,0,,,,0.0,,1,0.0,0.0,,,0,1,,1.0,0.0,0.0,1,0,1,0.0,0,0,0.0,0
Zach Copeland,Vancouver Bandits,2025-2026,defense,Play types,Miss 2 Pts,5,Jumper,Post-Up > Right Block > Face-up > Jumper > Miss 2 Pts,Post-Up,Right Block,Face-up,Jumper,Miss 2 Pts,,1,100.0,0.0,0.0,0.0,0.0,0,,,,0.0,,1,0.0,0.0,,,0,1,,1.0,0.0,0.0,1,0,1,0.0,0,0,0.0,0
Zach Copeland,Vancouver Bandits,2025-2026,defense,Play types,Drive Baseline,4,Face-up,Post-Up > Right Block > Face-up > Drive Baseline,Post-Up,Right Block,Face-up,Drive Baseline,,,1,50.0,2.0,100.0,0.0,0.0,0,,,,100.0,,1,100.0,0.0,,,1,0,,1.0,0.0,100.0,1,1,0,100.0,0,0,0.0,2
Zach Copeland,Vancouver Bandits,2025-2026,defense,Play types,Make 2 Pts,5,Drive Baseline,Post-Up > Right Block > Face-up > Drive Baseline > Make 2 Pts,Post-Up,Right Block,Face-up,Drive Baseline,Make 2 Pts,,1,100.0,2.0,100.0,0.0,0.0,0,,,,100.0,,1,100.0,0.0,,,1,0,,1.0,0.0,100.0,1,1,0,100.0,0,0,0.0,2
Zach Copeland,Vancouver Bandits,2025-2026,defense,Play types,Right Shoulder,3,Right Block,Post-Up > Right Block > Right Shoulder,Post-Up,Right Block,Right Shoulder,,,,1,33.3,2.0,100.0,0.0,0.0,0,,,,100.0,,1,100.0,0.0,,,1,0,,1.0,0.0,100.0,1,1,0,100.0,0,0,0.0,2
Zach Copeland,Vancouver Bandits,2025-2026,defense,Play types,Dribble Move,4,Right Shoulder,Post-Up > Right Block > Right Shoulder > Dribble Move,Post-Up,Right Block,Right Shoulder,Dribble Move,,,1,100.0,2.0,100.0,0.0,0.0,0,,,,100.0,,1,100.0,0.0,,,1,0,,1.0,0.0,100.0,1,1,0,100.0,0,0,0.0,2
Zach Copeland,Vancouver Bandits,2025-2026,defense,Play types,To Jumper,5,Dribble Move,Post-Up > Right Block > Right Shoulder > Dribble Move > To Jumper,Post-Up,Right Block,Right Shoulder,Dribble Move,To Jumper,,1,100.0,2.0,100.0,0.0,0.0,0,,,,100.0,,1,100.0,0.0,,,1,0,,1.0,0.0,100.0,1,1,0,100.0,0,0,0.0,2
Zach Copeland,Vancouver Bandits,2025-2026,defense,Play types,Flash Middle,2,Post-Up,Post-Up > Flash Middle,Post-Up,Flash Middle,,,,,1,25.0,2.0,113.6,0.0,100.0,0,,,,,,0,,100.0,,,0,0,,0.9,,100.0,0,0,0,,0,0,,2
Zach Copeland,Vancouver Bandits,2025-2026,defense,Play types,Post Pin,3,Flash Middle,Post-Up > Flash Middle > Post Pin,Post-Up,Flash Middle,Post Pin,,,,1,100.0,2.0,113.6,0.0,100.0,0,,,,,,0,,100.0,,,0,0,,0.9,,100.0,0,0,0,,0,0,,2
Zach Copeland,Vancouver Bandits,2025-2026,defense,Play types,No Dribble Move,4,Post Pin,Post-Up > Flash Middle > Post Pin > No Dribble Move,Post-Up,Flash Middle,Post Pin,No Dribble Move,,,1,100.0,2.0,113.6,0.0,100.0,0,,,,,,0,,100.0,,,0,0,,0.9,,100.0,0,0,0,,0,0,,2
Zach Copeland,Vancouver Bandits,2025-2026,defense,Play types,To Basket,5,No Dribble Move,Post-Up > Flash Middle > Post Pin > No Dribble Move > To Basket,Post-Up,Flash Middle,Post Pin,No Dribble Move,To Basket,,1,100.0,2.0,113.6,0.0,100.0,0,,,,,,0,,100.0,,,0,0,,0.9,,100.0,0,0,0,,0,0,,2
Zach Copeland,Vancouver Bandits,2025-2026,defense,Play types,Transition,1,,Transition,Transition,,,,,,0,0.0,,,,,0,,,,,,0,,,,,0,0,,0.0,,,0,0,0,,0,0,,0
Zach Copeland,Vancouver Bandits,2025-2026,defense,Play types,Cut,1,,Cut,Cut,,,,,,0,0.0,,,,,0,,,,,,0,,,,,0,0,,0.0,,,0,0,0,,0,0,,0
Zach Copeland,Vancouver Bandits,2025-2026,defense,Play types,Offensive Rebounds (Put Backs),1,,Offensive Rebounds (Put Backs),Offensive Rebounds (Put Backs),,,,,,0,0.0,,,,,0,,,,,,0,,,,,0,0,,0.0,,,0,0,0,,0,0,,0
Zach Copeland,Vancouver Bandits,2025-2026,defense,Play types,Miscellaneous Plays,1,,Miscellaneous Plays,Miscellaneous Plays,,,,,,0,0.0,,,,,0,,,,,,0,,,,,0,0,,0.0,,,0,0,0,,0,0,,0
Zach Copeland,Vancouver Bandits,2025-2026,defense,Overall Drive Direction,Overall,1,,Overall,Overall,,,,,,22,15.8,0.818,49.1,18.2,9.1,3,66.7,,,41.2,,17,47.1,4.5,,,7,10,,18.3,0.18,36.4,14,5,9,35.7,2,1,0.18,18
Zach Copeland,Vancouver Bandits,2025-2026,defense,Overall Drive Direction,Drives Left,2,Overall,Overall > Drives Left,Overall,Drives Left,,,,,13,59.1,0.769,50.6,23.1,7.7,1,100.0,,,44.4,,9,50.0,0.0,,,4,5,,9.9,0.22,38.5,8,3,5,37.5,1,0,0.11,10
Zach Copeland,Vancouver Bandits,2025-2026,defense,Overall Drive Direction,To Basket,3,Drives Left,Overall > Drives Left > To Basket,Overall,Drives Left,To Basket,,,,6,46.2,0.333,16.7,0.0,0.0,0,,,,16.7,,6,16.7,0.0,,,1,5,,6.0,0.0,16.7,6,1,5,16.7,0,0,0.0,2
Zach Copeland,Vancouver Bandits,2025-2026,defense,Overall Drive Direction,Dribble Jumper,3,Drives Left,Overall > Drives Left > Dribble Jumper,Overall,Drives Left,Dribble Jumper,,,,3,23.1,2.333,116.7,0.0,0.0,1,100.0,,,100.0,,3,116.7,0.0,,,3,0,,3.0,0.0,100.0,2,2,0,100.0,1,0,0.33,7
Zach Copeland,Vancouver Bandits,2025-2026,defense,Overall Drive Direction,Defense Commits,3,Drives Left,Overall > Drives Left > Defense Commits,Overall,Drives Left,Defense Commits,,,,2,15.4,0.0,,100.0,0.0,0,,,,,,0,,0.0,,,0,0,,0.0,,0.0,0,0,0,,0,0,,0
Zach Copeland,Vancouver Bandits,2025-2026,defense,Overall Drive Direction,Turnover,3,Drives Left,Overall > Drives Left > Turnover,Overall,Drives Left,Turnover,,,,1,7.7,0.0,,100.0,0.0,0,,,,,,0,,0.0,,,0,0,,0.0,,0.0,0,0,0,,0,0,,0
Zach Copeland,Vancouver Bandits,2025-2026,defense,Overall Drive Direction,Foul,3,Drives Left,Overall > Drives Left > Foul,Overall,Drives Left,Foul,,,,1,7.7,1.0,56.8,0.0,100.0,0,,,,,,0,,0.0,,,0,0,,0.9,,100.0,0,0,0,,0,0,,1
Zach Copeland,Vancouver Bandits,2025-2026,defense,Overall Drive Direction,Drives Right,2,Overall,Overall > Drives Right,Overall,Drives Right,,,,,7,31.8,0.714,38.8,14.3,14.3,0,,,,33.3,,6,33.3,14.3,,,2,4,,6.4,0.17,28.6,6,2,4,33.3,0,0,0.0,5
Zach Copeland,Vancouver Bandits,2025-2026,defense,Overall Drive Direction,To Basket,3,Drives Right,Overall > Drives Right > To Basket,Overall,Drives Right,To Basket,,,,5,71.4,0.6,27.6,0.0,20.0,0,,,,20.0,,5,20.0,20.0,,,1,4,,5.4,0.2,20.0,5,1,4,20.0,0,0,0.0,3
Zach Copeland,Vancouver Bandits,2025-2026,defense,Overall Drive Direction,Dribble Jumper,3,Drives Right,Overall > Drives Right > Dribble Jumper,Overall,Drives Right,Dribble Jumper,,,,1,14.3,2.0,100.0,0.0,0.0,0,,,,100.0,,1,100.0,0.0,,,1,0,,1.0,0.0,100.0,1,1,0,100.0,0,0,0.0,2
Zach Copeland,Vancouver Bandits,2025-2026,defense,Overall Drive Direction,Defense Commits,3,Drives Right,Overall > Drives Right > Defense Commits,Overall,Drives Right,Defense Commits,,,,1,14.3,0.0,,100.0,0.0,0,,,,,,0,,0.0,,,0,0,,0.0,,0.0,0,0,0,,0,0,,0
Zach Copeland,Vancouver Bandits,2025-2026,defense,Overall Drive Direction,Turnover,3,Drives Right,Overall > Drives Right > Turnover,Overall,Drives Right,Turnover,,,,0,0.0,,,,,0,,,,,,0,,,,,0,0,,0.0,,,0,0,0,,0,0,,0
Zach Copeland,Vancouver Bandits,2025-2026,defense,Overall Drive Direction,Foul,3,Drives Right,Overall > Drives Right > Foul,Overall,Drives Right,Foul,,,,0,0.0,,,,,0,,,,,,0,,,,,0,0,,0.0,,,0,0,0,,0,0,,0
Zach Copeland,Vancouver Bandits,2025-2026,defense,Overall Drive Direction,Drives Straight,2,Overall,Overall > Drives Straight,Overall,Drives Straight,,,,,2,9.1,1.5,75.0,0.0,0.0,2,50.0,,,50.0,,2,75.0,0.0,,,1,1,,2.0,0.0,50.0,0,0,0,,1,1,1.0,3
Zach Copeland,Vancouver Bandits,2025-2026,defense,Overall Drive Direction,Dribble Jumper,3,Drives Straight,Overall > Drives Straight > Dribble Jumper,Overall,Drives Straight,Dribble Jumper,,,,2,100.0,1.5,75.0,0.0,0.0,2,50.0,,,50.0,,2,75.0,0.0,,,1,1,,2.0,0.0,50.0,0,0,0,,1,1,1.0,3
Zach Copeland,Vancouver Bandits,2025-2026,defense,Overall Drive Direction,To Basket,3,Drives Straight,Overall > Drives Straight > To Basket,Overall,Drives Straight,To Basket,,,,0,0.0,,,,,0,,,,,,0,,,,,0,0,,0.0,,,0,0,0,,0,0,,0
Zach Copeland,Vancouver Bandits,2025-2026,defense,Overall Drive Direction,Turnover,3,Drives Straight,Overall > Drives Straight > Turnover,Overall,Drives Straight,Turnover,,,,0,0.0,,,,,0,,,,,,0,,,,,0,0,,0.0,,,0,0,0,,0,0,,0
Zach Copeland,Vancouver Bandits,2025-2026,defense,Overall Drive Direction,Foul,3,Drives Straight,Overall > Drives Straight > Foul,Overall,Drives Straight,Foul,,,,0,0.0,,,,,0,,,,,,0,,,,,0,0,,0.0,,,0,0,0,,0,0,,0
Zach Copeland,Vancouver Bandits,2025-2026,defense,Overall Drive Direction,Defense Commits,3,Drives Straight,Overall > Drives Straight > Defense Commits,Overall,Drives Straight,Defense Commits,,,,0,0.0,,,,,0,,,,,,0,,,,,0,0,,0.0,,,0,0,0,,0,0,,0
Zach Copeland,Vancouver Bandits,2025-2026,defense,P&R ball handler,P&R Including Passes,1,,P&R Including Passes,P&R Including Passes,,,,,,85,61.2,0.635,39.3,18.8,8.2,27,22.2,Excellent,93.0,30.2,98.0,63,34.9,5.9,,,19,44,,68.7,0.21,29.4,36,13,23,36.1,6,21,0.43,54
Zach Copeland,Vancouver Bandits,2025-2026,defense,P&R ball handler,P&R Ball Handler,2,P&R Including Passes,P&R Including Passes > P&R Ball Handler,P&R Including Passes,P&R Ball Handler,,,,,65,76.5,0.554,36.1,23.1,9.2,13,7.7,,,28.9,,45,30.0,7.7,,,13,32,,49.8,0.24,27.7,32,12,20,37.5,1,12,0.29,36
Zach Copeland,Vancouver Bandits,2025-2026,defense,P&R ball handler,High P&R,3,P&R Ball Handler,P&R Including Passes > P&R Ball Handler > High P&R,P&R Including Passes,P&R Ball Handler,High P&R,,,,37,56.9,0.595,36.3,18.9,5.4,12,8.3,,,31.0,,29,32.8,5.4,,,9,20,,30.3,0.1,27.0,17,8,9,47.1,1,11,0.41,22
Zach Copeland,Vancouver Bandits,2025-2026,defense,P&R ball handler,Dribble Off Pick,4,High P&R,P&R Including Passes > P&R Ball Handler > High P&R > Dribble Off Pick,P&R Including Passes,P&R Ball Handler,High P&R,Dribble Off Pick,,,32,86.5,0.438,27.5,21.9,3.1,12,8.3,,,24.0,,25,26.0,3.1,,,6,19,,25.4,0.04,18.8,13,5,8,38.5,1,11,0.48,14
Zach Copeland,Vancouver Bandits,2025-2026,defense,P&R ball handler,Dribble Jumper,5,Dribble Off Pick,P&R Including Passes > P&R Ball Handler > High P&R > Dribble Off Pick > Dribble Jumper,P&R Including Passes,P&R Ball Handler,High P&R,Dribble Off Pick,Dribble Jumper,,15,46.9,0.2,10.0,0.0,0.0,12,8.3,,,6.7,,15,10.0,0.0,,,1,14,,15.0,0.0,6.7,3,0,3,0.0,1,11,0.8,3
Zach Copeland,Vancouver Bandits,2025-2026,defense,P&R ball handler,Long/3pt,6,Dribble Jumper,P&R Including Passes > P&R Ball Handler > High P&R > Dribble Off Pick > Dribble Jumper > Long/3pt,P&R Including Passes,P&R Ball Handler,High P&R,Dribble Off Pick,Dribble Jumper,Long/3pt,12,80.0,0.25,12.5,0.0,0.0,12,8.3,,,8.3,,12,12.5,0.0,,,1,11,,12.0,0.0,8.3,0,0,0,,1,11,1.0,3
Zach Copeland,Vancouver Bandits,2025-2026,defense,P&R ball handler,Medium/17' to 3pt,6,Dribble Jumper,P&R Including Passes > P&R Ball Handler > High P&R > Dribble Off Pick > Dribble Jumper > Medium/17' to 3pt,P&R Including Passes,P&R Ball Handler,High P&R,Dribble Off Pick,Dribble Jumper,Medium/17' to 3pt,2,13.3,0.0,0.0,0.0,0.0,0,,,,0.0,,2,0.0,0.0,,,0,2,,2.0,0.0,0.0,2,0,2,0.0,0,0,0.0,0
Zach Copeland,Vancouver Bandits,2025-2026,defense,P&R ball handler,Short to < 17,6,Dribble Jumper,P&R Including Passes > P&R Ball Handler > High P&R > Dribble Off Pick > Dribble Jumper > Short to < 17,P&R Including Passes,P&R Ball Handler,High P&R,Dribble Off Pick,Dribble Jumper,Short to < 17,1,6.7,0.0,0.0,0.0,0.0,0,,,,0.0,,1,0.0,0.0,,,0,1,,1.0,0.0,0.0,1,0,1,0.0,0,0,0.0,0
Zach Copeland,Vancouver Bandits,2025-2026,defense,P&R ball handler,To Basket,5,Dribble Off Pick,P&R Including Passes > P&R Ball Handler > High P&R > Dribble Off Pick > To Basket,P&R Including Passes,P&R Ball Handler,High P&R,Dribble Off Pick,To Basket,,11,34.4,1.0,52.7,9.1,9.1,0,,,,50.0,,10,50.0,9.1,,,5,5,,10.4,0.1,45.5,10,5,5,50.0,0,0,0.0,11
Zach Copeland,Vancouver Bandits,2025-2026,defense,P&R ball handler,Miss 2 Pts,6,To Basket,P&R Including Passes > P&R Ball Handler > High P&R > Dribble Off Pick > To Basket > Miss 2 Pts,P&R Including Passes,P&R Ball Handler,High P&R,Dribble Off Pick,To Basket,Miss 2 Pts,5,45.5,0.0,0.0,0.0,0.0,0,,,,0.0,,5,0.0,0.0,,,0,5,,5.0,0.0,0.0,5,0,5,0.0,0,0,0.0,0
Zach Copeland,Vancouver Bandits,2025-2026,defense,P&R ball handler,Make 2 Pts,6,To Basket,P&R Including Passes > P&R Ball Handler > High P&R > Dribble Off Pick > To Basket > Make 2 Pts,P&R Including Passes,P&R Ball Handler,High P&R,Dribble Off Pick,To Basket,Make 2 Pts,4,36.4,2.0,100.0,0.0,0.0,0,,,,100.0,,4,100.0,0.0,,,4,0,,4.0,0.0,100.0,4,4,0,100.0,0,0,0.0,8
Zach Copeland,Vancouver Bandits,2025-2026,defense,P&R ball handler,Turnover,6,To Basket,P&R Including Passes > P&R Ball Handler > High P&R > Dribble Off Pick > To Basket > Turnover,P&R Including Passes,P&R Ball Handler,High P&R,Dribble Off Pick,To Basket,Turnover,1,9.1,0.0,,100.0,0.0,0,,,,,,0,,0.0,,,0,0,,0.0,,0.0,0,0,0,,0,0,,0
Zach Copeland,Vancouver Bandits,2025-2026,defense,P&R ball handler,Make 2 Pts Foul,6,To Basket,P&R Including Passes > P&R Ball Handler > High P&R > Dribble Off Pick > To Basket > Make 2 Pts Foul,P&R Including Passes,P&R Ball Handler,High P&R,Dribble Off Pick,To Basket,Make 2 Pts Foul,1,9.1,3.0,104.2,0.0,100.0,0,,,,100.0,,1,100.0,100.0,,,1,0,,1.4,1.0,100.0,1,1,0,100.0,0,0,0.0,3
Zach Copeland,Vancouver Bandits,2025-2026,defense,P&R ball handler,Defense Commits,5,Dribble Off Pick,P&R Including Passes > P&R Ball Handler > High P&R > Dribble Off Pick > Defense Commits,P&R Including Passes,P&R Ball Handler,High P&R,Dribble Off Pick,Defense Commits,,5,15.6,0.0,,100.0,0.0,0,,,,,,0,,0.0,,,0,0,,0.0,,0.0,0,0,0,,0,0,,0
Zach Copeland,Vancouver Bandits,2025-2026,defense,P&R ball handler,Turnover,6,Defense Commits,P&R Including Passes > P&R Ball Handler > High P&R > Dribble Off Pick > Defense Commits > Turnover,P&R Including Passes,P&R Ball Handler,High P&R,Dribble Off Pick,Defense Commits,Turnover,5,100.0,0.0,,100.0,0.0,0,,,,,,0,,0.0,,,0,0,,0.0,,0.0,0,0,0,,0,0,,0
Zach Copeland,Vancouver Bandits,2025-2026,defense,P&R ball handler,Turnover,5,Dribble Off Pick,P&R Including Passes > P&R Ball Handler > High P&R > Dribble Off Pick > Turnover,P&R Including Passes,P&R Ball Handler,High P&R,Dribble Off Pick,Turnover,,1,3.1,0.0,,100.0,0.0,0,,,,,,0,,0.0,,,0,0,,0.0,,0.0,0,0,0,,0,0,,0
Zach Copeland,Vancouver Bandits,2025-2026,defense,P&R ball handler,Go Away from Pick,4,High P&R,P&R Including Passes > P&R Ball Handler > High P&R > Go Away from Pick,P&R Including Passes,P&R Ball Handler,High P&R,Go Away from Pick,,,4,10.8,1.5,77.3,0.0,25.0,0,,,,66.7,,3,66.7,25.0,,,2,1,,3.9,0.67,75.0,3,2,1,66.7,0,0,0.0,6
Zach Copeland,Vancouver Bandits,2025-2026,defense,P&R ball handler,To Basket,5,Go Away from Pick,P&R Including Passes > P&R Ball Handler > High P&R > Go Away from Pick > To Basket,P&R Including Passes,P&R Ball Handler,High P&R,Go Away from Pick,To Basket,,3,75.0,1.333,69.4,0.0,33.3,0,,,,50.0,,2,50.0,33.3,,,1,1,,2.9,1.0,66.7,2,1,1,50.0,0,0,0.0,4
Zach Copeland,Vancouver Bandits,2025-2026,defense,P&R ball handler,Miss 2 Pts,6,To Basket,P&R Including Passes > P&R Ball Handler > High P&R > Go Away from Pick > To Basket > Miss 2 Pts,P&R Including Passes,P&R Ball Handler,High P&R,Go Away from Pick,To Basket,Miss 2 Pts,1,33.3,0.0,0.0,0.0,0.0,0,,,,0.0,,1,0.0,0.0,,,0,1,,1.0,0.0,0.0,1,0,1,0.0,0,0,0.0,0
Zach Copeland,Vancouver Bandits,2025-2026,defense,P&R ball handler,Make 2 Pts,6,To Basket,P&R Including Passes > P&R Ball Handler > High P&R > Go Away from Pick > To Basket > Make 2 Pts,P&R Including Passes,P&R Ball Handler,High P&R,Go Away from Pick,To Basket,Make 2 Pts,1,33.3,2.0,100.0,0.0,0.0,0,,,,100.0,,1,100.0,0.0,,,1,0,,1.0,0.0,100.0,1,1,0,100.0,0,0,0.0,2
Zach Copeland,Vancouver Bandits,2025-2026,defense,P&R ball handler,Foul,6,To Basket,P&R Including Passes > P&R Ball Handler > High P&R > Go Away from Pick > To Basket > Foul,P&R Including Passes,P&R Ball Handler,High P&R,Go Away from Pick,To Basket,Foul,1,33.3,2.0,113.6,0.0,100.0,0,,,,,,0,,100.0,,,0,0,,0.9,,100.0,0,0,0,,0,0,,2
Zach Copeland,Vancouver Bandits,2025-2026,defense,P&R ball handler,Dribble Jumper,5,Go Away from Pick,P&R Including Passes > P&R Ball Handler > High P&R > Go Away from Pick > Dribble Jumper,P&R Including Passes,P&R Ball Handler,High P&R,Go Away from Pick,Dribble Jumper,,1,25.0,2.0,100.0,0.0,0.0,0,,,,100.0,,1,100.0,0.0,,,1,0,,1.0,0.0,100.0,1,1,0,100.0,0,0,0.0,2
Zach Copeland,Vancouver Bandits,2025-2026,defense,P&R ball handler,Medium/17' to 3pt,6,Dribble Jumper,P&R Including Passes > P&R Ball Handler > High P&R > Go Away from Pick > Dribble Jumper > Medium/17' to 3pt,P&R Including Passes,P&R Ball Handler,High P&R,Go Away from Pick,Dribble Jumper,Medium/17' to 3pt,1,100.0,2.0,100.0,0.0,0.0,0,,,,100.0,,1,100.0,0.0,,,1,0,,1.0,0.0,100.0,1,1,0,100.0,0,0,0.0,2
Zach Copeland,Vancouver Bandits,2025-2026,defense,P&R ball handler,Split,4,High P&R,P&R Including Passes > P&R Ball Handler > High P&R > Split,P&R Including Passes,P&R Ball Handler,High P&R,Split,,,1,2.7,2.0,100.0,0.0,0.0,0,,,,100.0,,1,100.0,0.0,,,1,0,,1.0,0.0,100.0,1,1,0,100.0,0,0,0.0,2
Zach Copeland,Vancouver Bandits,2025-2026,defense,P&R ball handler,To Basket,5,Split,P&R Including Passes > P&R Ball Handler > High P&R > Split > To Basket,P&R Including Passes,P&R Ball Handler,High P&R,Split,To Basket,,1,100.0,2.0,100.0,0.0,0.0,0,,,,100.0,,1,100.0,0.0,,,1,0,,1.0,0.0,100.0,1,1,0,100.0,0,0,0.0,2
Zach Copeland,Vancouver Bandits,2025-2026,defense,P&R ball handler,Make 2 Pts,6,To Basket,P&R Including Passes > P&R Ball Handler > High P&R > Split > To Basket > Make 2 Pts,P&R Including Passes,P&R Ball Handler,High P&R,Split,To Basket,Make 2 Pts,1,100.0,2.0,100.0,0.0,0.0,0,,,,100.0,,1,100.0,0.0,,,1,0,,1.0,0.0,100.0,1,1,0,100.0,0,0,0.0,2
Zach Copeland,Vancouver Bandits,2025-2026,defense,P&R ball handler,Left P&R,3,P&R Ball Handler,P&R Including Passes > P&R Ball Handler > Left P&R,P&R Including Passes,P&R Ball Handler,Left P&R,,,,15,23.1,0.467,35.9,33.3,13.3,0,,,,25.0,,8,25.0,13.3,,,2,6,,9.8,0.5,26.7,8,2,6,25.0,0,0,0.0,7
Zach Copeland,Vancouver Bandits,2025-2026,defense,P&R ball handler,Side,4,Left P&R,P&R Including Passes > P&R Ball Handler > Left P&R > Side,P&R Including Passes,P&R Ball Handler,Left P&R,Side,,,8,53.3,0.625,43.4,25.0,25.0,0,,,,25.0,,4,25.0,25.0,,,1,3,,5.8,1.0,37.5,4,1,3,25.0,0,0,0.0,5
Zach Copeland,Vancouver Bandits,2025-2026,defense,P&R ball handler,Dribble Off Pick,5,Side,P&R Including Passes > P&R Ball Handler > Left P&R > Side > Dribble Off Pick,P&R Including Passes,P&R Ball Handler,Left P&R,Side,Dribble Off Pick,,6,75.0,0.333,25.0,33.3,0.0,0,,,,25.0,,4,25.0,0.0,,,1,3,,4.0,0.0,16.7,4,1,3,25.0,0,0,0.0,2
Zach Copeland,Vancouver Bandits,2025-2026,defense,P&R ball handler,Defense Commits,6,Dribble Off Pick,P&R Including Passes > P&R Ball Handler > Left P&R > Side > Dribble Off Pick > Defense Commits,P&R Including Passes,P&R Ball Handler,Left P&R,Side,Dribble Off Pick,Defense Commits,2,33.3,0.0,,100.0,0.0,0,,,,,,0,,0.0,,,0,0,,0.0,,0.0,0,0,0,,0,0,,0
Zach Copeland,Vancouver Bandits,2025-2026,defense,P&R ball handler,To Basket,6,Dribble Off Pick,P&R Including Passes > P&R Ball Handler > Left P&R > Side > Dribble Off Pick > To Basket,P&R Including Passes,P&R Ball Handler,Left P&R,Side,Dribble Off Pick,To Basket,2,33.3,0.0,0.0,0.0,0.0,0,,,,0.0,,2,0.0,0.0,,,0,2,,2.0,0.0,0.0,2,0,2,0.0,0,0,0.0,0
Zach Copeland,Vancouver Bandits,2025-2026,defense,P&R ball handler,Dribble Jumper,6,Dribble Off Pick,P&R Including Passes > P&R Ball Handler > Left P&R > Side > Dribble Off Pick > Dribble Jumper,P&R Including Passes,P&R Ball Handler,Left P&R,Side,Dribble Off Pick,Dribble Jumper,2,33.3,1.0,50.0,0.0,0.0,0,,,,50.0,,2,50.0,0.0,,,1,1,,2.0,0.0,50.0,2,1,1,50.0,0,0,0.0,2
Zach Copeland,Vancouver Bandits,2025-2026,defense,P&R ball handler,Go Away from Pick,5,Side,P&R Including Passes > P&R Ball Handler > Left P&R > Side > Go Away from Pick,P&R Including Passes,P&R Ball Handler,Left P&R,Side,Go Away from Pick,,2,25.0,1.5,85.2,0.0,100.0,0,,,,,,0,,100.0,,,0,0,,1.8,,100.0,0,0,0,,0,0,,3
Zach Copeland,Vancouver Bandits,2025-2026,defense,P&R ball handler,To Basket,6,Go Away from Pick,P&R Including Passes > P&R Ball Handler > Left P&R > Side > Go Away from Pick > To Basket,P&R Including Passes,P&R Ball Handler,Left P&R,Side,Go Away from Pick,To Basket,2,100.0,1.5,85.2,0.0,100.0,0,,,,,,0,,100.0,,,0,0,,1.8,,100.0,0,0,0,,0,0,,3
Zach Copeland,Vancouver Bandits,2025-2026,defense,P&R ball handler,Baseline,4,Left P&R,P&R Including Passes > P&R Ball Handler > Left P&R > Baseline,P&R Including Passes,P&R Ball Handler,Left P&R,Baseline,,,7,46.7,0.286,25.0,42.9,0.0,0,,,,25.0,,4,25.0,0.0,,,1,3,,4.0,0.0,14.3,4,1,3,25.0,0,0,0.0,2
Zach Copeland,Vancouver Bandits,2025-2026,defense,P&R ball handler,Dribble Off Pick,5,Baseline,P&R Including Passes > P&R Ball Handler > Left P&R > Baseline > Dribble Off Pick,P&R Including Passes,P&R Ball Handler,Left P&R,Baseline,Dribble Off Pick,,6,85.7,0.333,25.0,33.3,0.0,0,,,,25.0,,4,25.0,0.0,,,1,3,,4.0,0.0,16.7,4,1,3,25.0,0,0,0.0,2
Zach Copeland,Vancouver Bandits,2025-2026,defense,P&R ball handler,To Basket,6,Dribble Off Pick,P&R Including Passes > P&R Ball Handler > Left P&R > Baseline > Dribble Off Pick > To Basket,P&R Including Passes,P&R Ball Handler,Left P&R,Baseline,Dribble Off Pick,To Basket,3,50.0,0.667,50.0,33.3,0.0,0,,,,50.0,,2,50.0,0.0,,,1,1,,2.0,0.0,33.3,2,1,1,50.0,0,0,0.0,2
Zach Copeland,Vancouver Bandits,2025-2026,defense,P&R ball handler,Dribble Jumper,6,Dribble Off Pick,P&R Including Passes > P&R Ball Handler > Left P&R > Baseline > Dribble Off Pick > Dribble Jumper,P&R Including Passes,P&R Ball Handler,Left P&R,Baseline,Dribble Off Pick,Dribble Jumper,2,33.3,0.0,0.0,0.0,0.0,0,,,,0.0,,2,0.0,0.0,,,0,2,,2.0,0.0,0.0,2,0,2,0.0,0,0,0.0,0
Zach Copeland,Vancouver Bandits,2025-2026,defense,P&R ball handler,Defense Commits,6,Dribble Off Pick,P&R Including Passes > P&R Ball Handler > Left P&R > Baseline > Dribble Off Pick > Defense Commits,P&R Including Passes,P&R Ball Handler,Left P&R,Baseline,Dribble Off Pick,Defense Commits,1,16.7,0.0,,100.0,0.0,0,,,,,,0,,0.0,,,0,0,,0.0,,0.0,0,0,0,,0,0,,0
Zach Copeland,Vancouver Bandits,2025-2026,defense,P&R ball handler,Go Away from Pick,5,Baseline,P&R Including Passes > P&R Ball Handler > Left P&R > Baseline > Go Away from Pick,P&R Including Passes,P&R Ball Handler,Left P&R,Baseline,Go Away from Pick,,1,14.3,0.0,,100.0,0.0,0,,,,,,0,,0.0,,,0,0,,0.0,,0.0,0,0,0,,0,0,,0
Zach Copeland,Vancouver Bandits,2025-2026,defense,P&R ball handler,Turnover,6,Go Away from Pick,P&R Including Passes > P&R Ball Handler > Left P&R > Baseline > Go Away from Pick > Turnover,P&R Including Passes,P&R Ball Handler,Left P&R,Baseline,Go Away from Pick,Turnover,1,100.0,0.0,,100.0,0.0,0,,,,,,0,,0.0,,,0,0,,0.0,,0.0,0,0,0,,0,0,,0
Zach Copeland,Vancouver Bandits,2025-2026,defense,P&R ball handler,Right P&R,3,P&R Ball Handler,P&R Including Passes > P&R Ball Handler > Right P&R,P&R Including Passes,P&R Ball Handler,Right P&R,,,,13,20.0,0.538,35.9,23.1,15.4,1,0.0,,,25.0,,8,25.0,7.7,,,2,6,,9.8,0.5,30.8,7,2,5,28.6,0,1,0.13,7
Zach Copeland,Vancouver Bandits,2025-2026,defense,P&R ball handler,Side,4,Right P&R,P&R Including Passes > P&R Ball Handler > Right P&R > Side,P&R Including Passes,P&R Ball Handler,Right P&R,Side,,,7,53.8,0.714,52.5,28.6,28.6,1,0.0,,,33.3,,3,33.3,14.3,,,1,2,,4.8,1.33,42.9,2,1,1,50.0,0,1,0.33,5
Zach Copeland,Vancouver Bandits,2025-2026,defense,P&R ball handler,Dribble Off Pick,5,Side,P&R Including Passes > P&R Ball Handler > Right P&R > Side > Dribble Off Pick,P&R Including Passes,P&R Ball Handler,Right P&R,Side,Dribble Off Pick,,6,85.7,0.5,38.7,33.3,16.7,1,0.0,,,33.3,,3,33.3,16.7,,,1,2,,3.9,0.67,33.3,2,1,1,50.0,0,1,0.33,3
Zach Copeland,Vancouver Bandits,2025-2026,defense,P&R ball handler,To Basket,6,Dribble Off Pick,P&R Including Passes > P&R Ball Handler > Right P&R > Side > Dribble Off Pick > To Basket,P&R Including Passes,P&R Ball Handler,Right P&R,Side,Dribble Off Pick,To Basket,3,50.0,1.0,52.1,0.0,33.3,0,,,,50.0,,2,50.0,33.3,,,1,1,,2.9,1.0,66.7,2,1,1,50.0,0,0,0.0,3
Zach Copeland,Vancouver Bandits,2025-2026,defense,P&R ball handler,Defense Commits,6,Dribble Off Pick,P&R Including Passes > P&R Ball Handler > Right P&R > Side > Dribble Off Pick > Defense Commits,P&R Including Passes,P&R Ball Handler,Right P&R,Side,Dribble Off Pick,Defense Commits,2,33.3,0.0,,100.0,0.0,0,,,,,,0,,0.0,,,0,0,,0.0,,0.0,0,0,0,,0,0,,0
Zach Copeland,Vancouver Bandits,2025-2026,defense,P&R ball handler,Dribble Jumper,6,Dribble Off Pick,P&R Including Passes > P&R Ball Handler > Right P&R > Side > Dribble Off Pick > Dribble Jumper,P&R Including Passes,P&R Ball Handler,Right P&R,Side,Dribble Off Pick,Dribble Jumper,1,16.7,0.0,0.0,0.0,0.0,1,0.0,,,0.0,,1,0.0,0.0,,,0,1,,1.0,0.0,0.0,0,0,0,,0,1,1.0,0
Zach Copeland,Vancouver Bandits,2025-2026,defense,P&R ball handler,Go Away from Pick,5,Side,P&R Including Passes > P&R Ball Handler > Right P&R > Side > Go Away from Pick,P&R Including Passes,P&R Ball Handler,Right P&R,Side,Go Away from Pick,,1,14.3,2.0,113.6,0.0,100.0,0,,,,,,0,,0.0,,,0,0,,0.9,,100.0,0,0,0,,0,0,,2
Zach Copeland,Vancouver Bandits,2025-2026,defense,P&R ball handler,Foul,6,Go Away from Pick,P&R Including Passes > P&R Ball Handler > Right P&R > Side > Go Away from Pick > Foul,P&R Including Passes,P&R Ball Handler,Right P&R,Side,Go Away from Pick,Foul,1,100.0,2.0,113.6,0.0,100.0,0,,,,,,0,,0.0,,,0,0,,0.9,,100.0,0,0,0,,0,0,,2
Zach Copeland,Vancouver Bandits,2025-2026,defense,P&R ball handler,Baseline,4,Right P&R,P&R Including Passes > P&R Ball Handler > Right P&R > Baseline,P&R Including Passes,P&R Ball Handler,Right P&R,Baseline,,,6,46.2,0.333,20.0,16.7,0.0,0,,,,20.0,,5,20.0,0.0,,,1,4,,5.0,0.0,16.7,5,1,4,20.0,0,0,0.0,2
Zach Copeland,Vancouver Bandits,2025-2026,defense,P&R ball handler,Dribble Off Pick,5,Baseline,P&R Including Passes > P&R Ball Handler > Right P&R > Baseline > Dribble Off Pick,P&R Including Passes,P&R Ball Handler,Right P&R,Baseline,Dribble Off Pick,,6,100.0,0.333,20.0,16.7,0.0,0,,,,20.0,,5,20.0,0.0,,,1,4,,5.0,0.0,16.7,5,1,4,20.0,0,0,0.0,2
Zach Copeland,Vancouver Bandits,2025-2026,defense,P&R ball handler,To Basket,6,Dribble Off Pick,P&R Including Passes > P&R Ball Handler > Right P&R > Baseline > Dribble Off Pick > To Basket,P&R Including Passes,P&R Ball Handler,Right P&R,Baseline,Dribble Off Pick,To Basket,3,50.0,0.667,33.3,0.0,0.0,0,,,,33.3,,3,33.3,0.0,,,1,2,,3.0,0.0,33.3,3,1,2,33.3,0,0,0.0,2
Zach Copeland,Vancouver Bandits,2025-2026,defense,P&R ball handler,Dribble Jumper,6,Dribble Off Pick,P&R Including Passes > P&R Ball Handler > Right P&R > Baseline > Dribble Off Pick > Dribble Jumper,P&R Including Passes,P&R Ball Handler,Right P&R,Baseline,Dribble Off Pick,Dribble Jumper,2,33.3,0.0,0.0,0.0,0.0,0,,,,0.0,,2,0.0,0.0,,,0,2,,2.0,0.0,0.0,2,0,2,0.0,0,0,0.0,0
Zach Copeland,Vancouver Bandits,2025-2026,defense,P&R ball handler,Defense Commits,6,Dribble Off Pick,P&R Including Passes > P&R Ball Handler > Right P&R > Baseline > Dribble Off Pick > Defense Commits,P&R Including Passes,P&R Ball Handler,Right P&R,Baseline,Dribble Off Pick,Defense Commits,1,16.7,0.0,,100.0,0.0,0,,,,,,0,,0.0,,,0,0,,0.0,,0.0,0,0,0,,0,0,,0
Zach Copeland,Vancouver Bandits,2025-2026,defense,P&R ball handler,Spot-Up,2,P&R Including Passes,P&R Including Passes > Spot-Up,P&R Including Passes,Spot-Up,,,,,16,18.8,0.813,43.7,6.3,6.3,11,36.4,,,28.6,,14,42.9,0.0,,,4,10,,14.9,0.14,31.3,3,0,3,0.0,4,7,0.79,13
Zach Copeland,Vancouver Bandits,2025-2026,defense,P&R ball handler,No Dribble Jumper,3,Spot-Up,P&R Including Passes > Spot-Up > No Dribble Jumper,P&R Including Passes,Spot-Up,No Dribble Jumper,,,,9,56.3,1.0,50.0,0.0,0.0,9,33.3,,,33.3,,9,50.0,0.0,,,3,6,,9.0,0.0,33.3,0,0,0,,3,6,1.0,9
Zach Copeland,Vancouver Bandits,2025-2026,defense,P&R ball handler,Guarded,4,No Dribble Jumper,P&R Including Passes > Spot-Up > No Dribble Jumper > Guarded,P&R Including Passes,Spot-Up,No Dribble Jumper,Guarded,,,5,55.6,0.6,30.0,0.0,0.0,5,20.0,,,20.0,,5,30.0,0.0,,,1,4,,5.0,0.0,20.0,0,0,0,,1,4,1.0,3
Zach Copeland,Vancouver Bandits,2025-2026,defense,P&R ball handler,Long/3pt,5,Guarded,P&R Including Passes > Spot-Up > No Dribble Jumper > Guarded > Long/3pt,P&R Including Passes,Spot-Up,No Dribble Jumper,Guarded,Long/3pt,,5,100.0,0.6,30.0,0.0,0.0,5,20.0,,,20.0,,5,30.0,0.0,,,1,4,,5.0,0.0,20.0,0,0,0,,1,4,1.0,3
Zach Copeland,Vancouver Bandits,2025-2026,defense,P&R ball handler,Miss 3 Pts,6,Long/3pt,P&R Including Passes > Spot-Up > No Dribble Jumper > Guarded > Long/3pt > Miss 3 Pts,P&R Including Passes,Spot-Up,No Dribble Jumper,Guarded,Long/3pt,Miss 3 Pts,4,80.0,0.0,0.0,0.0,0.0,4,0.0,,,0.0,,4,0.0,0.0,,,0,4,,4.0,0.0,0.0,0,0,0,,0,4,1.0,0
Zach Copeland,Vancouver Bandits,2025-2026,defense,P&R ball handler,Make 3 Pts,6,Long/3pt,P&R Including Passes > Spot-Up > No Dribble Jumper > Guarded > Long/3pt > Make 3 Pts,P&R Including Passes,Spot-Up,No Dribble Jumper,Guarded,Long/3pt,Make 3 Pts,1,20.0,3.0,150.0,0.0,0.0,1,100.0,,,100.0,,1,150.0,0.0,,,1,0,,1.0,0.0,100.0,0,0,0,,1,0,1.0,3
Zach Copeland,Vancouver Bandits,2025-2026,defense,P&R ball handler,Open,4,No Dribble Jumper,P&R Including Passes > Spot-Up > No Dribble Jumper > Open,P&R Including Passes,Spot-Up,No Dribble Jumper,Open,,,4,44.4,1.5,75.0,0.0,0.0,4,50.0,,,50.0,,4,75.0,0.0,,,2,2,,4.0,0.0,50.0,0,0,0,,2,2,1.0,6
Zach Copeland,Vancouver Bandits,2025-2026,defense,P&R ball handler,Long/3pt,5,Open,P&R Including Passes > Spot-Up > No Dribble Jumper > Open > Long/3pt,P&R Including Passes,Spot-Up,No Dribble Jumper,Open,Long/3pt,,4,100.0,1.5,75.0,0.0,0.0,4,50.0,,,50.0,,4,75.0,0.0,,,2,2,,4.0,0.0,50.0,0,0,0,,2,2,1.0,6
Zach Copeland,Vancouver Bandits,2025-2026,defense,P&R ball handler,Miss 3 Pts,6,Long/3pt,P&R Including Passes > Spot-Up > No Dribble Jumper > Open > Long/3pt > Miss 3 Pts,P&R Including Passes,Spot-Up,No Dribble Jumper,Open,Long/3pt,Miss 3 Pts,2,50.0,0.0,0.0,0.0,0.0,2,0.0,,,0.0,,2,0.0,0.0,,,0,2,,2.0,0.0,0.0,0,0,0,,0,2,1.0,0
Zach Copeland,Vancouver Bandits,2025-2026,defense,P&R ball handler,Make 3 Pts,6,Long/3pt,P&R Including Passes > Spot-Up > No Dribble Jumper > Open > Long/3pt > Make 3 Pts,P&R Including Passes,Spot-Up,No Dribble Jumper,Open,Long/3pt,Make 3 Pts,2,50.0,3.0,150.0,0.0,0.0,2,100.0,,,100.0,,2,150.0,0.0,,,2,0,,2.0,0.0,100.0,0,0,0,,2,0,1.0,6
Zach Copeland,Vancouver Bandits,2025-2026,defense,P&R ball handler,Drives Straight,3,Spot-Up,P&R Including Passes > Spot-Up > Drives Straight,P&R Including Passes,Spot-Up,Drives Straight,,,,2,12.5,1.5,75.0,0.0,0.0,2,50.0,,,50.0,,2,75.0,0.0,,,1,1,,2.0,0.0,50.0,0,0,0,,1,1,1.0,3
Zach Copeland,Vancouver Bandits,2025-2026,defense,P&R ball handler,Dribble Jumper,4,Drives Straight,P&R Including Passes > Spot-Up > Drives Straight > Dribble Jumper,P&R Including Passes,Spot-Up,Drives Straight,Dribble Jumper,,,2,100.0,1.5,75.0,0.0,0.0,2,50.0,,,50.0,,2,75.0,0.0,,,1,1,,2.0,0.0,50.0,0,0,0,,1,1,1.0,3
Zach Copeland,Vancouver Bandits,2025-2026,defense,P&R ball handler,Long/3pt,5,Dribble Jumper,P&R Including Passes > Spot-Up > Drives Straight > Dribble Jumper > Long/3pt,P&R Including Passes,Spot-Up,Drives Straight,Dribble Jumper,Long/3pt,,2,100.0,1.5,75.0,0.0,0.0,2,50.0,,,50.0,,2,75.0,0.0,,,1,1,,2.0,0.0,50.0,0,0,0,,1,1,1.0,3
Zach Copeland,Vancouver Bandits,2025-2026,defense,P&R ball handler,Make 3 Pts,6,Long/3pt,P&R Including Passes > Spot-Up > Drives Straight > Dribble Jumper > Long/3pt > Make 3 Pts,P&R Including Passes,Spot-Up,Drives Straight,Dribble Jumper,Long/3pt,Make 3 Pts,1,50.0,3.0,150.0,0.0,0.0,1,100.0,,,100.0,,1,150.0,0.0,,,1,0,,1.0,0.0,100.0,0,0,0,,1,0,1.0,3
Zach Copeland,Vancouver Bandits,2025-2026,defense,P&R ball handler,Miss 3 Pts,6,Long/3pt,P&R Including Passes > Spot-Up > Drives Straight > Dribble Jumper > Long/3pt > Miss 3 Pts,P&R Including Passes,Spot-Up,Drives Straight,Dribble Jumper,Long/3pt,Miss 3 Pts,1,50.0,0.0,0.0,0.0,0.0,1,0.0,,,0.0,,1,0.0,0.0,,,0,1,,1.0,0.0,0.0,0,0,0,,0,1,1.0,0
Zach Copeland,Vancouver Bandits,2025-2026,defense,P&R ball handler,Drives Right,3,Spot-Up,P&R Including Passes > Spot-Up > Drives Right,P&R Including Passes,Spot-Up,Drives Right,,,,2,12.5,0.0,0.0,0.0,0.0,0,,,,0.0,,2,0.0,0.0,,,0,2,,2.0,0.0,0.0,2,0,2,0.0,0,0,0.0,0
Zach Copeland,Vancouver Bandits,2025-2026,defense,P&R ball handler,To Basket,4,Drives Right,P&R Including Passes > Spot-Up > Drives Right > To Basket,P&R Including Passes,Spot-Up,Drives Right,To Basket,,,2,100.0,0.0,0.0,0.0,0.0,0,,,,0.0,,2,0.0,0.0,,,0,2,,2.0,0.0,0.0,2,0,2,0.0,0,0,0.0,0
Zach Copeland,Vancouver Bandits,2025-2026,defense,P&R ball handler,Miss 2 Pts,5,To Basket,P&R Including Passes > Spot-Up > Drives Right > To Basket > Miss 2 Pts,P&R Including Passes,Spot-Up,Drives Right,To Basket,Miss 2 Pts,,2,100.0,0.0,0.0,0.0,0.0,0,,,,0.0,,2,0.0,0.0,,,0,2,,2.0,0.0,0.0,2,0,2,0.0,0,0,0.0,0
Zach Copeland,Vancouver Bandits,2025-2026,defense,P&R ball handler,Foul,3,Spot-Up,P&R Including Passes > Spot-Up > Foul,P&R Including Passes,Spot-Up,Foul,,,,1,6.3,1.0,56.8,0.0,100.0,0,,,,,,0,,0.0,,,0,0,,0.9,,100.0,0,0,0,,0,0,,1
Zach Copeland,Vancouver Bandits,2025-2026,defense,P&R ball handler,Turnover,3,Spot-Up,P&R Including Passes > Spot-Up > Turnover,P&R Including Passes,Spot-Up,Turnover,,,,1,6.3,0.0,,100.0,0.0,0,,,,,,0,,0.0,,,0,0,,0.0,,0.0,0,0,0,,0,0,,0
Zach Copeland,Vancouver Bandits,2025-2026,defense,P&R ball handler,Drives Left,3,Spot-Up,P&R Including Passes > Spot-Up > Drives Left,P&R Including Passes,Spot-Up,Drives Left,,,,1,6.3,0.0,0.0,0.0,0.0,0,,,,0.0,,1,0.0,0.0,,,0,1,,1.0,0.0,0.0,1,0,1,0.0,0,0,0.0,0
Zach Copeland,Vancouver Bandits,2025-2026,defense,P&R ball handler,To Basket,4,Drives Left,P&R Including Passes > Spot-Up > Drives Left > To Basket,P&R Including Passes,Spot-Up,Drives Left,To Basket,,,1,100.0,0.0,0.0,0.0,0.0,0,,,,0.0,,1,0.0,0.0,,,0,1,,1.0,0.0,0.0,1,0,1,0.0,0,0,0.0,0
Zach Copeland,Vancouver Bandits,2025-2026,defense,P&R ball handler,Miss 2 Pts,5,To Basket,P&R Including Passes > Spot-Up > Drives Left > To Basket > Miss 2 Pts,P&R Including Passes,Spot-Up,Drives Left,To Basket,Miss 2 Pts,,1,100.0,0.0,0.0,0.0,0.0,0,,,,0.0,,1,0.0,0.0,,,0,1,,1.0,0.0,0.0,1,0,1,0.0,0,0,0.0,0
Zach Copeland,Vancouver Bandits,2025-2026,defense,P&R ball handler,P&R Roll Man,2,P&R Including Passes,P&R Including Passes > P&R Roll Man,P&R Including Passes,P&R Roll Man,,,,,4,4.7,1.25,62.5,0.0,0.0,3,33.3,,,50.0,,4,62.5,0.0,,,2,2,,4.0,0.0,50.0,1,1,0,100.0,1,2,0.75,5
Zach Copeland,Vancouver Bandits,2025-2026,defense,P&R ball handler,Slips the Pick,3,P&R Roll Man,P&R Including Passes > P&R Roll Man > Slips the Pick,P&R Including Passes,P&R Roll Man,Slips the Pick,,,,2,50.0,1.5,75.0,0.0,0.0,2,50.0,,,50.0,,2,75.0,0.0,,,1,1,,2.0,0.0,50.0,0,0,0,,1,1,1.0,3
Zach Copeland,Vancouver Bandits,2025-2026,defense,P&R ball handler,No Dribble Jumper,4,Slips the Pick,P&R Including Passes > P&R Roll Man > Slips the Pick > No Dribble Jumper,P&R Including Passes,P&R Roll Man,Slips the Pick,No Dribble Jumper,,,2,100.0,1.5,75.0,0.0,0.0,2,50.0,,,50.0,,2,75.0,0.0,,,1,1,,2.0,0.0,50.0,0,0,0,,1,1,1.0,3
Zach Copeland,Vancouver Bandits,2025-2026,defense,P&R ball handler,Guarded,5,No Dribble Jumper,P&R Including Passes > P&R Roll Man > Slips the Pick > No Dribble Jumper > Guarded,P&R Including Passes,P&R Roll Man,Slips the Pick,No Dribble Jumper,Guarded,,1,50.0,0.0,0.0,0.0,0.0,1,0.0,,,0.0,,1,0.0,0.0,,,0,1,,1.0,0.0,0.0,0,0,0,,0,1,1.0,0
Zach Copeland,Vancouver Bandits,2025-2026,defense,P&R ball handler,Long/3pt,6,Guarded,P&R Including Passes > P&R Roll Man > Slips the Pick > No Dribble Jumper > Guarded > Long/3pt,P&R Including Passes,P&R Roll Man,Slips the Pick,No Dribble Jumper,Guarded,Long/3pt,1,100.0,0.0,0.0,0.0,0.0,1,0.0,,,0.0,,1,0.0,0.0,,,0,1,,1.0,0.0,0.0,0,0,0,,0,1,1.0,0
Zach Copeland,Vancouver Bandits,2025-2026,defense,P&R ball handler,Open,5,No Dribble Jumper,P&R Including Passes > P&R Roll Man > Slips the Pick > No Dribble Jumper > Open,P&R Including Passes,P&R Roll Man,Slips the Pick,No Dribble Jumper,Open,,1,50.0,3.0,150.0,0.0,0.0,1,100.0,,,100.0,,1,150.0,0.0,,,1,0,,1.0,0.0,100.0,0,0,0,,1,0,1.0,3
Zach Copeland,Vancouver Bandits,2025-2026,defense,P&R ball handler,Long/3pt,6,Open,P&R Including Passes > P&R Roll Man > Slips the Pick > No Dribble Jumper > Open > Long/3pt,P&R Including Passes,P&R Roll Man,Slips the Pick,No Dribble Jumper,Open,Long/3pt,1,100.0,3.0,150.0,0.0,0.0,1,100.0,,,100.0,,1,150.0,0.0,,,1,0,,1.0,0.0,100.0,0,0,0,,1,0,1.0,3
Zach Copeland,Vancouver Bandits,2025-2026,defense,P&R ball handler,Pick and Pops,3,P&R Roll Man,P&R Including Passes > P&R Roll Man > Pick and Pops,P&R Including Passes,P&R Roll Man,Pick and Pops,,,,2,50.0,1.0,50.0,0.0,0.0,1,0.0,,,50.0,,2,50.0,0.0,,,1,1,,2.0,0.0,50.0,1,1,0,100.0,0,1,0.5,2
Zach Copeland,Vancouver Bandits,2025-2026,defense,P&R ball handler,No Dribble Jumper,4,Pick and Pops,P&R Including Passes > P&R Roll Man > Pick and Pops > No Dribble Jumper,P&R Including Passes,P&R Roll Man,Pick and Pops,No Dribble Jumper,,,1,50.0,0.0,0.0,0.0,0.0,1,0.0,,,0.0,,1,0.0,0.0,,,0,1,,1.0,0.0,0.0,0,0,0,,0,1,1.0,0
Zach Copeland,Vancouver Bandits,2025-2026,defense,P&R ball handler,Open,5,No Dribble Jumper,P&R Including Passes > P&R Roll Man > Pick and Pops > No Dribble Jumper > Open,P&R Including Passes,P&R Roll Man,Pick and Pops,No Dribble Jumper,Open,,1,100.0,0.0,0.0,0.0,0.0,1,0.0,,,0.0,,1,0.0,0.0,,,0,1,,1.0,0.0,0.0,0,0,0,,0,1,1.0,0
Zach Copeland,Vancouver Bandits,2025-2026,defense,P&R ball handler,Long/3pt,6,Open,P&R Including Passes > P&R Roll Man > Pick and Pops > No Dribble Jumper > Open > Long/3pt,P&R Including Passes,P&R Roll Man,Pick and Pops,No Dribble Jumper,Open,Long/3pt,1,100.0,0.0,0.0,0.0,0.0,1,0.0,,,0.0,,1,0.0,0.0,,,0,1,,1.0,0.0,0.0,0,0,0,,0,1,1.0,0
Zach Copeland,Vancouver Bandits,2025-2026,defense,P&R ball handler,Drives Left,4,Pick and Pops,P&R Including Passes > P&R Roll Man > Pick and Pops > Drives Left,P&R Including Passes,P&R Roll Man,Pick and Pops,Drives Left,,,1,50.0,2.0,100.0,0.0,0.0,0,,,,100.0,,1,100.0,0.0,,,1,0,,1.0,0.0,100.0,1,1,0,100.0,0,0,0.0,2
Zach Copeland,Vancouver Bandits,2025-2026,defense,P&R ball handler,Dribble Jumper,5,Drives Left,P&R Including Passes > P&R Roll Man > Pick and Pops > Drives Left > Dribble Jumper,P&R Including Passes,P&R Roll Man,Pick and Pops,Drives Left,Dribble Jumper,,1,100.0,2.0,100.0,0.0,0.0,0,,,,100.0,,1,100.0,0.0,,,1,0,,1.0,0.0,100.0,1,1,0,100.0,0,0,0.0,2
Zach Copeland,Vancouver Bandits,2025-2026,defense,P&R ball handler,Medium/17' to 3pt,6,Dribble Jumper,P&R Including Passes > P&R Roll Man > Pick and Pops > Drives Left > Dribble Jumper > Medium/17' to 3pt,P&R Including Passes,P&R Roll Man,Pick and Pops,Drives Left,Dribble Jumper,Medium/17' to 3pt,1,100.0,2.0,100.0,0.0,0.0,0,,,,100.0,,1,100.0,0.0,,,1,0,,1.0,0.0,100.0,1,1,0,100.0,0,0,0.0,2
Zach Copeland,Vancouver Bandits,2025-2026,defense,P&R ball handler,P&R BH - Defense Commits,1,,P&R BH - Defense Commits,P&R BH - Defense Commits,,,,,,31,22.3,0.581,47.7,38.7,3.2,14,35.7,Very Good,74.0,33.3,48.0,18,47.2,0.0,,,6,12,,18.9,0.11,22.6,4,1,3,25.0,5,9,0.78,18
Zach Copeland,Vancouver Bandits,2025-2026,defense,P&R ball handler,Spot-Up,2,P&R BH - Defense Commits,P&R BH - Defense Commits > Spot-Up,P&R BH - Defense Commits,Spot-Up,,,,,16,51.6,0.813,43.7,6.3,6.3,11,36.4,,,28.6,,14,42.9,0.0,,,4,10,,14.9,0.14,31.3,3,0,3,0.0,4,7,0.79,13
Zach Copeland,Vancouver Bandits,2025-2026,defense,P&R ball handler,No Dribble Jumper,3,Spot-Up,P&R BH - Defense Commits > Spot-Up > No Dribble Jumper,P&R BH - Defense Commits,Spot-Up,No Dribble Jumper,,,,9,56.3,1.0,50.0,0.0,0.0,9,33.3,,,33.3,,9,50.0,0.0,,,3,6,,9.0,0.0,33.3,0,0,0,,3,6,1.0,9
Zach Copeland,Vancouver Bandits,2025-2026,defense,P&R ball handler,Guarded,4,No Dribble Jumper,P&R BH - Defense Commits > Spot-Up > No Dribble Jumper > Guarded,P&R BH - Defense Commits,Spot-Up,No Dribble Jumper,Guarded,,,5,55.6,0.6,30.0,0.0,0.0,5,20.0,,,20.0,,5,30.0,0.0,,,1,4,,5.0,0.0,20.0,0,0,0,,1,4,1.0,3
Zach Copeland,Vancouver Bandits,2025-2026,defense,P&R ball handler,Long/3pt,5,Guarded,P&R BH - Defense Commits > Spot-Up > No Dribble Jumper > Guarded > Long/3pt,P&R BH - Defense Commits,Spot-Up,No Dribble Jumper,Guarded,Long/3pt,,5,100.0,0.6,30.0,0.0,0.0,5,20.0,,,20.0,,5,30.0,0.0,,,1,4,,5.0,0.0,20.0,0,0,0,,1,4,1.0,3
Zach Copeland,Vancouver Bandits,2025-2026,defense,P&R ball handler,Miss 3 Pts,6,Long/3pt,P&R BH - Defense Commits > Spot-Up > No Dribble Jumper > Guarded > Long/3pt > Miss 3 Pts,P&R BH - Defense Commits,Spot-Up,No Dribble Jumper,Guarded,Long/3pt,Miss 3 Pts,4,80.0,0.0,0.0,0.0,0.0,4,0.0,,,0.0,,4,0.0,0.0,,,0,4,,4.0,0.0,0.0,0,0,0,,0,4,1.0,0
Zach Copeland,Vancouver Bandits,2025-2026,defense,P&R ball handler,Make 3 Pts,6,Long/3pt,P&R BH - Defense Commits > Spot-Up > No Dribble Jumper > Guarded > Long/3pt > Make 3 Pts,P&R BH - Defense Commits,Spot-Up,No Dribble Jumper,Guarded,Long/3pt,Make 3 Pts,1,20.0,3.0,150.0,0.0,0.0,1,100.0,,,100.0,,1,150.0,0.0,,,1,0,,1.0,0.0,100.0,0,0,0,,1,0,1.0,3
Zach Copeland,Vancouver Bandits,2025-2026,defense,P&R ball handler,Open,4,No Dribble Jumper,P&R BH - Defense Commits > Spot-Up > No Dribble Jumper > Open,P&R BH - Defense Commits,Spot-Up,No Dribble Jumper,Open,,,4,44.4,1.5,75.0,0.0,0.0,4,50.0,,,50.0,,4,75.0,0.0,,,2,2,,4.0,0.0,50.0,0,0,0,,2,2,1.0,6
Zach Copeland,Vancouver Bandits,2025-2026,defense,P&R ball handler,Long/3pt,5,Open,P&R BH - Defense Commits > Spot-Up > No Dribble Jumper > Open > Long/3pt,P&R BH - Defense Commits,Spot-Up,No Dribble Jumper,Open,Long/3pt,,4,100.0,1.5,75.0,0.0,0.0,4,50.0,,,50.0,,4,75.0,0.0,,,2,2,,4.0,0.0,50.0,0,0,0,,2,2,1.0,6
Zach Copeland,Vancouver Bandits,2025-2026,defense,P&R ball handler,Make 3 Pts,6,Long/3pt,P&R BH - Defense Commits > Spot-Up > No Dribble Jumper > Open > Long/3pt > Make 3 Pts,P&R BH - Defense Commits,Spot-Up,No Dribble Jumper,Open,Long/3pt,Make 3 Pts,2,50.0,3.0,150.0,0.0,0.0,2,100.0,,,100.0,,2,150.0,0.0,,,2,0,,2.0,0.0,100.0,0,0,0,,2,0,1.0,6
Zach Copeland,Vancouver Bandits,2025-2026,defense,P&R ball handler,Miss 3 Pts,6,Long/3pt,P&R BH - Defense Commits > Spot-Up > No Dribble Jumper > Open > Long/3pt > Miss 3 Pts,P&R BH - Defense Commits,Spot-Up,No Dribble Jumper,Open,Long/3pt,Miss 3 Pts,2,50.0,0.0,0.0,0.0,0.0,2,0.0,,,0.0,,2,0.0,0.0,,,0,2,,2.0,0.0,0.0,0,0,0,,0,2,1.0,0
Zach Copeland,Vancouver Bandits,2025-2026,defense,P&R ball handler,Drives Right,3,Spot-Up,P&R BH - Defense Commits > Spot-Up > Drives Right,P&R BH - Defense Commits,Spot-Up,Drives Right,,,,2,12.5,0.0,0.0,0.0,0.0,0,,,,0.0,,2,0.0,0.0,,,0,2,,2.0,0.0,0.0,2,0,2,0.0,0,0,0.0,0
Zach Copeland,Vancouver Bandits,2025-2026,defense,P&R ball handler,To Basket,4,Drives Right,P&R BH - Defense Commits > Spot-Up > Drives Right > To Basket,P&R BH - Defense Commits,Spot-Up,Drives Right,To Basket,,,2,100.0,0.0,0.0,0.0,0.0,0,,,,0.0,,2,0.0,0.0,,,0,2,,2.0,0.0,0.0,2,0,2,0.0,0,0,0.0,0
Zach Copeland,Vancouver Bandits,2025-2026,defense,P&R ball handler,Miss 2 Pts,5,To Basket,P&R BH - Defense Commits > Spot-Up > Drives Right > To Basket > Miss 2 Pts,P&R BH - Defense Commits,Spot-Up,Drives Right,To Basket,Miss 2 Pts,,2,100.0,0.0,0.0,0.0,0.0,0,,,,0.0,,2,0.0,0.0,,,0,2,,2.0,0.0,0.0,2,0,2,0.0,0,0,0.0,0
Zach Copeland,Vancouver Bandits,2025-2026,defense,P&R ball handler,Drives Straight,3,Spot-Up,P&R BH - Defense Commits > Spot-Up > Drives Straight,P&R BH - Defense Commits,Spot-Up,Drives Straight,,,,2,12.5,1.5,75.0,0.0,0.0,2,50.0,,,50.0,,2,75.0,0.0,,,1,1,,2.0,0.0,50.0,0,0,0,,1,1,1.0,3
Zach Copeland,Vancouver Bandits,2025-2026,defense,P&R ball handler,Dribble Jumper,4,Drives Straight,P&R BH - Defense Commits > Spot-Up > Drives Straight > Dribble Jumper,P&R BH - Defense Commits,Spot-Up,Drives Straight,Dribble Jumper,,,2,100.0,1.5,75.0,0.0,0.0,2,50.0,,,50.0,,2,75.0,0.0,,,1,1,,2.0,0.0,50.0,0,0,0,,1,1,1.0,3
Zach Copeland,Vancouver Bandits,2025-2026,defense,P&R ball handler,Long/3pt,5,Dribble Jumper,P&R BH - Defense Commits > Spot-Up > Drives Straight > Dribble Jumper > Long/3pt,P&R BH - Defense Commits,Spot-Up,Drives Straight,Dribble Jumper,Long/3pt,,2,100.0,1.5,75.0,0.0,0.0,2,50.0,,,50.0,,2,75.0,0.0,,,1,1,,2.0,0.0,50.0,0,0,0,,1,1,1.0,3
Zach Copeland,Vancouver Bandits,2025-2026,defense,P&R ball handler,Miss 3 Pts,6,Long/3pt,P&R BH - Defense Commits > Spot-Up > Drives Straight > Dribble Jumper > Long/3pt > Miss 3 Pts,P&R BH - Defense Commits,Spot-Up,Drives Straight,Dribble Jumper,Long/3pt,Miss 3 Pts,1,50.0,0.0,0.0,0.0,0.0,1,0.0,,,0.0,,1,0.0,0.0,,,0,1,,1.0,0.0,0.0,0,0,0,,0,1,1.0,0
Zach Copeland,Vancouver Bandits,2025-2026,defense,P&R ball handler,Make 3 Pts,6,Long/3pt,P&R BH - Defense Commits > Spot-Up > Drives Straight > Dribble Jumper > Long/3pt > Make 3 Pts,P&R BH - Defense Commits,Spot-Up,Drives Straight,Dribble Jumper,Long/3pt,Make 3 Pts,1,50.0,3.0,150.0,0.0,0.0,1,100.0,,,100.0,,1,150.0,0.0,,,1,0,,1.0,0.0,100.0,0,0,0,,1,0,1.0,3
Zach Copeland,Vancouver Bandits,2025-2026,defense,P&R ball handler,Foul,3,Spot-Up,P&R BH - Defense Commits > Spot-Up > Foul,P&R BH - Defense Commits,Spot-Up,Foul,,,,1,6.3,1.0,56.8,0.0,100.0,0,,,,,,0,,0.0,,,0,0,,0.9,,100.0,0,0,0,,0,0,,1
Zach Copeland,Vancouver Bandits,2025-2026,defense,P&R ball handler,Drives Left,3,Spot-Up,P&R BH - Defense Commits > Spot-Up > Drives Left,P&R BH - Defense Commits,Spot-Up,Drives Left,,,,1,6.3,0.0,0.0,0.0,0.0,0,,,,0.0,,1,0.0,0.0,,,0,1,,1.0,0.0,0.0,1,0,1,0.0,0,0,0.0,0
Zach Copeland,Vancouver Bandits,2025-2026,defense,P&R ball handler,To Basket,4,Drives Left,P&R BH - Defense Commits > Spot-Up > Drives Left > To Basket,P&R BH - Defense Commits,Spot-Up,Drives Left,To Basket,,,1,100.0,0.0,0.0,0.0,0.0,0,,,,0.0,,1,0.0,0.0,,,0,1,,1.0,0.0,0.0,1,0,1,0.0,0,0,0.0,0
Zach Copeland,Vancouver Bandits,2025-2026,defense,P&R ball handler,Miss 2 Pts,5,To Basket,P&R BH - Defense Commits > Spot-Up > Drives Left > To Basket > Miss 2 Pts,P&R BH - Defense Commits,Spot-Up,Drives Left,To Basket,Miss 2 Pts,,1,100.0,0.0,0.0,0.0,0.0,0,,,,0.0,,1,0.0,0.0,,,0,1,,1.0,0.0,0.0,1,0,1,0.0,0,0,0.0,0
Zach Copeland,Vancouver Bandits,2025-2026,defense,P&R ball handler,Turnover,3,Spot-Up,P&R BH - Defense Commits > Spot-Up > Turnover,P&R BH - Defense Commits,Spot-Up,Turnover,,,,1,6.3,0.0,,100.0,0.0,0,,,,,,0,,0.0,,,0,0,,0.0,,0.0,0,0,0,,0,0,,0
Zach Copeland,Vancouver Bandits,2025-2026,defense,P&R ball handler,P&R Ball Handler,2,P&R BH - Defense Commits,P&R BH - Defense Commits > P&R Ball Handler,P&R BH - Defense Commits,P&R Ball Handler,,,,,11,35.5,0.0,,100.0,0.0,0,,,,,,0,,0.0,,,0,0,,0.0,,0.0,0,0,0,,0,0,,0
Zach Copeland,Vancouver Bandits,2025-2026,defense,P&R ball handler,High P&R,3,P&R Ball Handler,P&R BH - Defense Commits > P&R Ball Handler > High P&R,P&R BH - Defense Commits,P&R Ball Handler,High P&R,,,,5,45.5,0.0,,100.0,0.0,0,,,,,,0,,0.0,,,0,0,,0.0,,0.0,0,0,0,,0,0,,0
Zach Copeland,Vancouver Bandits,2025-2026,defense,P&R ball handler,Dribble Off Pick,4,High P&R,P&R BH - Defense Commits > P&R Ball Handler > High P&R > Dribble Off Pick,P&R BH - Defense Commits,P&R Ball Handler,High P&R,Dribble Off Pick,,,5,100.0,0.0,,100.0,0.0,0,,,,,,0,,0.0,,,0,0,,0.0,,0.0,0,0,0,,0,0,,0
Zach Copeland,Vancouver Bandits,2025-2026,defense,P&R ball handler,Defense Commits,5,Dribble Off Pick,P&R BH - Defense Commits > P&R Ball Handler > High P&R > Dribble Off Pick > Defense Commits,P&R BH - Defense Commits,P&R Ball Handler,High P&R,Dribble Off Pick,Defense Commits,,5,100.0,0.0,,100.0,0.0,0,,,,,,0,,0.0,,,0,0,,0.0,,0.0,0,0,0,,0,0,,0
Zach Copeland,Vancouver Bandits,2025-2026,defense,P&R ball handler,Turnover,6,Defense Commits,P&R BH - Defense Commits > P&R Ball Handler > High P&R > Dribble Off Pick > Defense Commits > Turnover,P&R BH - Defense Commits,P&R Ball Handler,High P&R,Dribble Off Pick,Defense Commits,Turnover,5,100.0,0.0,,100.0,0.0,0,,,,,,0,,0.0,,,0,0,,0.0,,0.0,0,0,0,,0,0,,0
Zach Copeland,Vancouver Bandits,2025-2026,defense,P&R ball handler,Right P&R,3,P&R Ball Handler,P&R BH - Defense Commits > P&R Ball Handler > Right P&R,P&R BH - Defense Commits,P&R Ball Handler,Right P&R,,,,3,27.3,0.0,,100.0,0.0,0,,,,,,0,,0.0,,,0,0,,0.0,,0.0,0,0,0,,0,0,,0
Zach Copeland,Vancouver Bandits,2025-2026,defense,P&R ball handler,Side,4,Right P&R,P&R BH - Defense Commits > P&R Ball Handler > Right P&R > Side,P&R BH - Defense Commits,P&R Ball Handler,Right P&R,Side,,,2,66.7,0.0,,100.0,0.0,0,,,,,,0,,0.0,,,0,0,,0.0,,0.0,0,0,0,,0,0,,0
Zach Copeland,Vancouver Bandits,2025-2026,defense,P&R ball handler,Dribble Off Pick,5,Side,P&R BH - Defense Commits > P&R Ball Handler > Right P&R > Side > Dribble Off Pick,P&R BH - Defense Commits,P&R Ball Handler,Right P&R,Side,Dribble Off Pick,,2,100.0,0.0,,100.0,0.0,0,,,,,,0,,0.0,,,0,0,,0.0,,0.0,0,0,0,,0,0,,0
Zach Copeland,Vancouver Bandits,2025-2026,defense,P&R ball handler,Defense Commits,6,Dribble Off Pick,P&R BH - Defense Commits > P&R Ball Handler > Right P&R > Side > Dribble Off Pick > Defense Commits,P&R BH - Defense Commits,P&R Ball Handler,Right P&R,Side,Dribble Off Pick,Defense Commits,2,100.0,0.0,,100.0,0.0,0,,,,,,0,,0.0,,,0,0,,0.0,,0.0,0,0,0,,0,0,,0
Zach Copeland,Vancouver Bandits,2025-2026,defense,P&R ball handler,Baseline,4,Right P&R,P&R BH - Defense Commits > P&R Ball Handler > Right P&R > Baseline,P&R BH - Defense Commits,P&R Ball Handler,Right P&R,Baseline,,,1,33.3,0.0,,100.0,0.0,0,,,,,,0,,0.0,,,0,0,,0.0,,0.0,0,0,0,,0,0,,0
Zach Copeland,Vancouver Bandits,2025-2026,defense,P&R ball handler,Dribble Off Pick,5,Baseline,P&R BH - Defense Commits > P&R Ball Handler > Right P&R > Baseline > Dribble Off Pick,P&R BH - Defense Commits,P&R Ball Handler,Right P&R,Baseline,Dribble Off Pick,,1,100.0,0.0,,100.0,0.0,0,,,,,,0,,0.0,,,0,0,,0.0,,0.0,0,0,0,,0,0,,0
Zach Copeland,Vancouver Bandits,2025-2026,defense,P&R ball handler,Defense Commits,6,Dribble Off Pick,P&R BH - Defense Commits > P&R Ball Handler > Right P&R > Baseline > Dribble Off Pick > Defense Commits,P&R BH - Defense Commits,P&R Ball Handler,Right P&R,Baseline,Dribble Off Pick,Defense Commits,1,100.0,0.0,,100.0,0.0,0,,,,,,0,,0.0,,,0,0,,0.0,,0.0,0,0,0,,0,0,,0
Zach Copeland,Vancouver Bandits,2025-2026,defense,P&R ball handler,Left P&R,3,P&R Ball Handler,P&R BH - Defense Commits > P&R Ball Handler > Left P&R,P&R BH - Defense Commits,P&R Ball Handler,Left P&R,,,,3,27.3,0.0,,100.0,0.0,0,,,,,,0,,0.0,,,0,0,,0.0,,0.0,0,0,0,,0,0,,0
Zach Copeland,Vancouver Bandits,2025-2026,defense,P&R ball handler,Side,4,Left P&R,P&R BH - Defense Commits > P&R Ball Handler > Left P&R > Side,P&R BH - Defense Commits,P&R Ball Handler,Left P&R,Side,,,2,66.7,0.0,,100.0,0.0,0,,,,,,0,,0.0,,,0,0,,0.0,,0.0,0,0,0,,0,0,,0
Zach Copeland,Vancouver Bandits,2025-2026,defense,P&R ball handler,Dribble Off Pick,5,Side,P&R BH - Defense Commits > P&R Ball Handler > Left P&R > Side > Dribble Off Pick,P&R BH - Defense Commits,P&R Ball Handler,Left P&R,Side,Dribble Off Pick,,2,100.0,0.0,,100.0,0.0,0,,,,,,0,,0.0,,,0,0,,0.0,,0.0,0,0,0,,0,0,,0
Zach Copeland,Vancouver Bandits,2025-2026,defense,P&R ball handler,Defense Commits,6,Dribble Off Pick,P&R BH - Defense Commits > P&R Ball Handler > Left P&R > Side > Dribble Off Pick > Defense Commits,P&R BH - Defense Commits,P&R Ball Handler,Left P&R,Side,Dribble Off Pick,Defense Commits,2,100.0,0.0,,100.0,0.0,0,,,,,,0,,0.0,,,0,0,,0.0,,0.0,0,0,0,,0,0,,0
Zach Copeland,Vancouver Bandits,2025-2026,defense,P&R ball handler,Baseline,4,Left P&R,P&R BH - Defense Commits > P&R Ball Handler > Left P&R > Baseline,P&R BH - Defense Commits,P&R Ball Handler,Left P&R,Baseline,,,1,33.3,0.0,,100.0,0.0,0,,,,,,0,,0.0,,,0,0,,0.0,,0.0,0,0,0,,0,0,,0
Zach Copeland,Vancouver Bandits,2025-2026,defense,P&R ball handler,Dribble Off Pick,5,Baseline,P&R BH - Defense Commits > P&R Ball Handler > Left P&R > Baseline > Dribble Off Pick,P&R BH - Defense Commits,P&R Ball Handler,Left P&R,Baseline,Dribble Off Pick,,1,100.0,0.0,,100.0,0.0,0,,,,,,0,,0.0,,,0,0,,0.0,,0.0,0,0,0,,0,0,,0
Zach Copeland,Vancouver Bandits,2025-2026,defense,P&R ball handler,Defense Commits,6,Dribble Off Pick,P&R BH - Defense Commits > P&R Ball Handler > Left P&R > Baseline > Dribble Off Pick > Defense Commits,P&R BH - Defense Commits,P&R Ball Handler,Left P&R,Baseline,Dribble Off Pick,Defense Commits,1,100.0,0.0,,100.0,0.0,0,,,,,,0,,0.0,,,0,0,,0.0,,0.0,0,0,0,,0,0,,0
Zach Copeland,Vancouver Bandits,2025-2026,defense,P&R ball handler,P&R Roll Man,2,P&R BH - Defense Commits,P&R BH - Defense Commits > P&R Roll Man,P&R BH - Defense Commits,P&R Roll Man,,,,,4,12.9,1.25,62.5,0.0,0.0,3,33.3,,,50.0,,4,62.5,0.0,,,2,2,,4.0,0.0,50.0,1,1,0,100.0,1,2,0.75,5
Zach Copeland,Vancouver Bandits,2025-2026,defense,P&R ball handler,Pick and Pops,3,P&R Roll Man,P&R BH - Defense Commits > P&R Roll Man > Pick and Pops,P&R BH - Defense Commits,P&R Roll Man,Pick and Pops,,,,2,50.0,1.0,50.0,0.0,0.0,1,0.0,,,50.0,,2,50.0,0.0,,,1,1,,2.0,0.0,50.0,1,1,0,100.0,0,1,0.5,2
Zach Copeland,Vancouver Bandits,2025-2026,defense,P&R ball handler,No Dribble Jumper,4,Pick and Pops,P&R BH - Defense Commits > P&R Roll Man > Pick and Pops > No Dribble Jumper,P&R BH - Defense Commits,P&R Roll Man,Pick and Pops,No Dribble Jumper,,,1,50.0,0.0,0.0,0.0,0.0,1,0.0,,,0.0,,1,0.0,0.0,,,0,1,,1.0,0.0,0.0,0,0,0,,0,1,1.0,0
Zach Copeland,Vancouver Bandits,2025-2026,defense,P&R ball handler,Open,5,No Dribble Jumper,P&R BH - Defense Commits > P&R Roll Man > Pick and Pops > No Dribble Jumper > Open,P&R BH - Defense Commits,P&R Roll Man,Pick and Pops,No Dribble Jumper,Open,,1,100.0,0.0,0.0,0.0,0.0,1,0.0,,,0.0,,1,0.0,0.0,,,0,1,,1.0,0.0,0.0,0,0,0,,0,1,1.0,0
Zach Copeland,Vancouver Bandits,2025-2026,defense,P&R ball handler,Long/3pt,6,Open,P&R BH - Defense Commits > P&R Roll Man > Pick and Pops > No Dribble Jumper > Open > Long/3pt,P&R BH - Defense Commits,P&R Roll Man,Pick and Pops,No Dribble Jumper,Open,Long/3pt,1,100.0,0.0,0.0,0.0,0.0,1,0.0,,,0.0,,1,0.0,0.0,,,0,1,,1.0,0.0,0.0,0,0,0,,0,1,1.0,0
Zach Copeland,Vancouver Bandits,2025-2026,defense,P&R ball handler,Drives Left,4,Pick and Pops,P&R BH - Defense Commits > P&R Roll Man > Pick and Pops > Drives Left,P&R BH - Defense Commits,P&R Roll Man,Pick and Pops,Drives Left,,,1,50.0,2.0,100.0,0.0,0.0,0,,,,100.0,,1,100.0,0.0,,,1,0,,1.0,0.0,100.0,1,1,0,100.0,0,0,0.0,2
Zach Copeland,Vancouver Bandits,2025-2026,defense,P&R ball handler,Dribble Jumper,5,Drives Left,P&R BH - Defense Commits > P&R Roll Man > Pick and Pops > Drives Left > Dribble Jumper,P&R BH - Defense Commits,P&R Roll Man,Pick and Pops,Drives Left,Dribble Jumper,,1,100.0,2.0,100.0,0.0,0.0,0,,,,100.0,,1,100.0,0.0,,,1,0,,1.0,0.0,100.0,1,1,0,100.0,0,0,0.0,2
Zach Copeland,Vancouver Bandits,2025-2026,defense,P&R ball handler,Medium/17' to 3pt,6,Dribble Jumper,P&R BH - Defense Commits > P&R Roll Man > Pick and Pops > Drives Left > Dribble Jumper > Medium/17' to 3pt,P&R BH - Defense Commits,P&R Roll Man,Pick and Pops,Drives Left,Dribble Jumper,Medium/17' to 3pt,1,100.0,2.0,100.0,0.0,0.0,0,,,,100.0,,1,100.0,0.0,,,1,0,,1.0,0.0,100.0,1,1,0,100.0,0,0,0.0,2
Zach Copeland,Vancouver Bandits,2025-2026,defense,P&R ball handler,Slips the Pick,3,P&R Roll Man,P&R BH - Defense Commits > P&R Roll Man > Slips the Pick,P&R BH - Defense Commits,P&R Roll Man,Slips the Pick,,,,2,50.0,1.5,75.0,0.0,0.0,2,50.0,,,50.0,,2,75.0,0.0,,,1,1,,2.0,0.0,50.0,0,0,0,,1,1,1.0,3
Zach Copeland,Vancouver Bandits,2025-2026,defense,P&R ball handler,No Dribble Jumper,4,Slips the Pick,P&R BH - Defense Commits > P&R Roll Man > Slips the Pick > No Dribble Jumper,P&R BH - Defense Commits,P&R Roll Man,Slips the Pick,No Dribble Jumper,,,2,100.0,1.5,75.0,0.0,0.0,2,50.0,,,50.0,,2,75.0,0.0,,,1,1,,2.0,0.0,50.0,0,0,0,,1,1,1.0,3
Zach Copeland,Vancouver Bandits,2025-2026,defense,P&R ball handler,Open,5,No Dribble Jumper,P&R BH - Defense Commits > P&R Roll Man > Slips the Pick > No Dribble Jumper > Open,P&R BH - Defense Commits,P&R Roll Man,Slips the Pick,No Dribble Jumper,Open,,1,50.0,3.0,150.0,0.0,0.0,1,100.0,,,100.0,,1,150.0,0.0,,,1,0,,1.0,0.0,100.0,0,0,0,,1,0,1.0,3
Zach Copeland,Vancouver Bandits,2025-2026,defense,P&R ball handler,Long/3pt,6,Open,P&R BH - Defense Commits > P&R Roll Man > Slips the Pick > No Dribble Jumper > Open > Long/3pt,P&R BH - Defense Commits,P&R Roll Man,Slips the Pick,No Dribble Jumper,Open,Long/3pt,1,100.0,3.0,150.0,0.0,0.0,1,100.0,,,100.0,,1,150.0,0.0,,,1,0,,1.0,0.0,100.0,0,0,0,,1,0,1.0,3
Zach Copeland,Vancouver Bandits,2025-2026,defense,P&R ball handler,Guarded,5,No Dribble Jumper,P&R BH - Defense Commits > P&R Roll Man > Slips the Pick > No Dribble Jumper > Guarded,P&R BH - Defense Commits,P&R Roll Man,Slips the Pick,No Dribble Jumper,Guarded,,1,50.0,0.0,0.0,0.0,0.0,1,0.0,,,0.0,,1,0.0,0.0,,,0,1,,1.0,0.0,0.0,0,0,0,,0,1,1.0,0
Zach Copeland,Vancouver Bandits,2025-2026,defense,P&R ball handler,Long/3pt,6,Guarded,P&R BH - Defense Commits > P&R Roll Man > Slips the Pick > No Dribble Jumper > Guarded > Long/3pt,P&R BH - Defense Commits,P&R Roll Man,Slips the Pick,No Dribble Jumper,Guarded,Long/3pt,1,100.0,0.0,0.0,0.0,0.0,1,0.0,,,0.0,,1,0.0,0.0,,,0,1,,1.0,0.0,0.0,0,0,0,,0,1,1.0,0
Zach Copeland,Vancouver Bandits,2025-2026,defense,P&R ball handler,P&R BH - Traps,1,,P&R BH - Traps,P&R BH - Traps,,,,,,1,0.7,0.0,,100.0,0.0,0,,,,,,0,,0.0,,,0,0,,0.0,,0.0,0,0,0,,0,0,,0
Zach Copeland,Vancouver Bandits,2025-2026,defense,P&R ball handler,High P&R,2,P&R BH - Traps,P&R BH - Traps > High P&R,P&R BH - Traps,High P&R,,,,,1,100.0,0.0,,100.0,0.0,0,,,,,,0,,0.0,,,0,0,,0.0,,0.0,0,0,0,,0,0,,0
Zach Copeland,Vancouver Bandits,2025-2026,defense,P&R ball handler,Dribble Off Pick,3,High P&R,P&R BH - Traps > High P&R > Dribble Off Pick,P&R BH - Traps,High P&R,Dribble Off Pick,,,,1,100.0,0.0,,100.0,0.0,0,,,,,,0,,0.0,,,0,0,,0.0,,0.0,0,0,0,,0,0,,0
Zach Copeland,Vancouver Bandits,2025-2026,defense,P&R ball handler,Defense Commits,4,Dribble Off Pick,P&R BH - Traps > High P&R > Dribble Off Pick > Defense Commits,P&R BH - Traps,High P&R,Dribble Off Pick,Defense Commits,,,1,100.0,0.0,,100.0,0.0,0,,,,,,0,,0.0,,,0,0,,0.0,,0.0,0,0,0,,0,0,,0
Zach Copeland,Vancouver Bandits,2025-2026,defense,P&R ball handler,Turnover,5,Defense Commits,P&R BH - Traps > High P&R > Dribble Off Pick > Defense Commits > Turnover,P&R BH - Traps,High P&R,Dribble Off Pick,Defense Commits,Turnover,,1,100.0,0.0,,100.0,0.0,0,,,,,,0,,0.0,,,0,0,,0.0,,0.0,0,0,0,,0,0,,0
Zach Copeland,Vancouver Bandits,2025-2026,defense,Isolation,ISO Including Passes,1,,ISO Including Passes,ISO Including Passes,,,,,,16,11.5,0.875,56.8,25.0,12.5,5,40.0,Average,42.0,45.5,26.0,11,54.5,6.3,,,5,6,,12.3,0.27,37.5,6,3,3,50.0,2,3,0.45,14
Zach Copeland,Vancouver Bandits,2025-2026,defense,Isolation,Isolation,2,ISO Including Passes,ISO Including Passes > Isolation,ISO Including Passes,Isolation,,,,,11,68.8,0.727,54.6,36.4,18.2,1,0.0,,,50.0,,6,50.0,9.1,,,3,3,,7.3,0.5,36.4,5,3,2,60.0,0,1,0.17,8
Zach Copeland,Vancouver Bandits,2025-2026,defense,Isolation,Top,3,Isolation,ISO Including Passes > Isolation > Top,ISO Including Passes,Isolation,Top,,,,6,54.5,0.667,46.3,33.3,33.3,0,,,,33.3,,3,33.3,16.7,,,1,2,,4.3,1.0,33.3,3,1,2,33.3,0,0,0.0,4
Zach Copeland,Vancouver Bandits,2025-2026,defense,Isolation,Drives Left,4,Top,ISO Including Passes > Isolation > Top > Drives Left,ISO Including Passes,Isolation,Top,Drives Left,,,3,50.0,0.333,26.6,33.3,33.3,0,,,,0.0,,1,0.0,0.0,,,0,1,,1.9,2.0,33.3,1,0,1,0.0,0,0,0.0,1
Zach Copeland,Vancouver Bandits,2025-2026,defense,Isolation,To Basket,5,Drives Left,ISO Including Passes > Isolation > Top > Drives Left > To Basket,ISO Including Passes,Isolation,Top,Drives Left,To Basket,,1,33.3,0.0,0.0,0.0,0.0,0,,,,0.0,,1,0.0,0.0,,,0,1,,1.0,0.0,0.0,1,0,1,0.0,0,0,0.0,0
Zach Copeland,Vancouver Bandits,2025-2026,defense,Isolation,Miss 2 Pts,6,To Basket,ISO Including Passes > Isolation > Top > Drives Left > To Basket > Miss 2 Pts,ISO Including Passes,Isolation,Top,Drives Left,To Basket,Miss 2 Pts,1,100.0,0.0,0.0,0.0,0.0,0,,,,0.0,,1,0.0,0.0,,,0,1,,1.0,0.0,0.0,1,0,1,0.0,0,0,0.0,0
Zach Copeland,Vancouver Bandits,2025-2026,defense,Isolation,Defense Commits,5,Drives Left,ISO Including Passes > Isolation > Top > Drives Left > Defense Commits,ISO Including Passes,Isolation,Top,Drives Left,Defense Commits,,1,33.3,0.0,,100.0,0.0,0,,,,,,0,,0.0,,,0,0,,0.0,,0.0,0,0,0,,0,0,,0
Zach Copeland,Vancouver Bandits,2025-2026,defense,Isolation,Turnover,6,Defense Commits,ISO Including Passes > Isolation > Top > Drives Left > Defense Commits > Turnover,ISO Including Passes,Isolation,Top,Drives Left,Defense Commits,Turnover,1,100.0,0.0,,100.0,0.0,0,,,,,,0,,0.0,,,0,0,,0.0,,0.0,0,0,0,,0,0,,0
Zach Copeland,Vancouver Bandits,2025-2026,defense,Isolation,Foul,5,Drives Left,ISO Including Passes > Isolation > Top > Drives Left > Foul,ISO Including Passes,Isolation,Top,Drives Left,Foul,,1,33.3,1.0,56.8,0.0,100.0,0,,,,,,0,,0.0,,,0,0,,0.9,,100.0,0,0,0,,0,0,,1
Zach Copeland,Vancouver Bandits,2025-2026,defense,Isolation,Drives Right,4,Top,ISO Including Passes > Isolation > Top > Drives Right,ISO Including Passes,Isolation,Top,Drives Right,,,3,50.0,1.0,61.5,33.3,33.3,0,,,,50.0,,2,50.0,33.3,,,1,1,,2.4,0.5,33.3,2,1,1,50.0,0,0,0.0,3
Zach Copeland,Vancouver Bandits,2025-2026,defense,Isolation,To Basket,5,Drives Right,ISO Including Passes > Isolation > Top > Drives Right > To Basket,ISO Including Passes,Isolation,Top,Drives Right,To Basket,,2,66.7,1.5,61.5,0.0,50.0,0,,,,50.0,,2,50.0,50.0,,,1,1,,2.4,0.5,50.0,2,1,1,50.0,0,0,0.0,3
Zach Copeland,Vancouver Bandits,2025-2026,defense,Isolation,Miss 2 Pts,6,To Basket,ISO Including Passes > Isolation > Top > Drives Right > To Basket > Miss 2 Pts,ISO Including Passes,Isolation,Top,Drives Right,To Basket,Miss 2 Pts,1,50.0,0.0,0.0,0.0,0.0,0,,,,0.0,,1,0.0,0.0,,,0,1,,1.0,0.0,0.0,1,0,1,0.0,0,0,0.0,0
Zach Copeland,Vancouver Bandits,2025-2026,defense,Isolation,Make 2 Pts Foul,6,To Basket,ISO Including Passes > Isolation > Top > Drives Right > To Basket > Make 2 Pts Foul,ISO Including Passes,Isolation,Top,Drives Right,To Basket,Make 2 Pts Foul,1,50.0,3.0,104.2,0.0,100.0,0,,,,100.0,,1,100.0,100.0,,,1,0,,1.4,1.0,100.0,1,1,0,100.0,0,0,0.0,3
Zach Copeland,Vancouver Bandits,2025-2026,defense,Isolation,Defense Commits,5,Drives Right,ISO Including Passes > Isolation > Top > Drives Right > Defense Commits,ISO Including Passes,Isolation,Top,Drives Right,Defense Commits,,1,33.3,0.0,,100.0,0.0,0,,,,,,0,,0.0,,,0,0,,0.0,,0.0,0,0,0,,0,0,,0
Zach Copeland,Vancouver Bandits,2025-2026,defense,Isolation,Turnover,6,Defense Commits,ISO Including Passes > Isolation > Top > Drives Right > Defense Commits > Turnover,ISO Including Passes,Isolation,Top,Drives Right,Defense Commits,Turnover,1,100.0,0.0,,100.0,0.0,0,,,,,,0,,0.0,,,0,0,,0.0,,0.0,0,0,0,,0,0,,0
Zach Copeland,Vancouver Bandits,2025-2026,defense,Isolation,Right,3,Isolation,ISO Including Passes > Isolation > Right,ISO Including Passes,Isolation,Right,,,,4,36.4,1.0,100.0,50.0,0.0,0,,,,100.0,,2,100.0,0.0,,,2,0,,2.0,0.0,50.0,2,2,0,100.0,0,0,0.0,4
Zach Copeland,Vancouver Bandits,2025-2026,defense,Isolation,Drives Left,4,Right,ISO Including Passes > Isolation > Right > Drives Left,ISO Including Passes,Isolation,Right,Drives Left,,,3,75.0,0.667,100.0,66.7,0.0,0,,,,100.0,,1,100.0,0.0,,,1,0,,1.0,0.0,33.3,1,1,0,100.0,0,0,0.0,2
Zach Copeland,Vancouver Bandits,2025-2026,defense,Isolation,Defense Commits,5,Drives Left,ISO Including Passes > Isolation > Right > Drives Left > Defense Commits,ISO Including Passes,Isolation,Right,Drives Left,Defense Commits,,1,33.3,0.0,,100.0,0.0,0,,,,,,0,,0.0,,,0,0,,0.0,,0.0,0,0,0,,0,0,,0
Zach Copeland,Vancouver Bandits,2025-2026,defense,Isolation,Turnover,6,Defense Commits,ISO Including Passes > Isolation > Right > Drives Left > Defense Commits > Turnover,ISO Including Passes,Isolation,Right,Drives Left,Defense Commits,Turnover,1,100.0,0.0,,100.0,0.0,0,,,,,,0,,0.0,,,0,0,,0.0,,0.0,0,0,0,,0,0,,0
Zach Copeland,Vancouver Bandits,2025-2026,defense,Isolation,Dribble Jumper,5,Drives Left,ISO Including Passes > Isolation > Right > Drives Left > Dribble Jumper,ISO Including Passes,Isolation,Right,Drives Left,Dribble Jumper,,1,33.3,2.0,100.0,0.0,0.0,0,,,,100.0,,1,100.0,0.0,,,1,0,,1.0,0.0,100.0,1,1,0,100.0,0,0,0.0,2
Zach Copeland,Vancouver Bandits,2025-2026,defense,Isolation,Short to < 17,6,Dribble Jumper,ISO Including Passes > Isolation > Right > Drives Left > Dribble Jumper > Short to < 17,ISO Including Passes,Isolation,Right,Drives Left,Dribble Jumper,Short to < 17,1,100.0,2.0,100.0,0.0,0.0,0,,,,100.0,,1,100.0,0.0,,,1,0,,1.0,0.0,100.0,1,1,0,100.0,0,0,0.0,2
Zach Copeland,Vancouver Bandits,2025-2026,defense,Isolation,Turnover,5,Drives Left,ISO Including Passes > Isolation > Right > Drives Left > Turnover,ISO Including Passes,Isolation,Right,Drives Left,Turnover,,1,33.3,0.0,,100.0,0.0,0,,,,,,0,,0.0,,,0,0,,0.0,,0.0,0,0,0,,0,0,,0
Zach Copeland,Vancouver Bandits,2025-2026,defense,Isolation,Drives Right,4,Right,ISO Including Passes > Isolation > Right > Drives Right,ISO Including Passes,Isolation,Right,Drives Right,,,1,25.0,2.0,100.0,0.0,0.0,0,,,,100.0,,1,100.0,0.0,,,1,0,,1.0,0.0,100.0,1,1,0,100.0,0,0,0.0,2
Zach Copeland,Vancouver Bandits,2025-2026,defense,Isolation,Dribble Jumper,5,Drives Right,ISO Including Passes > Isolation > Right > Drives Right > Dribble Jumper,ISO Including Passes,Isolation,Right,Drives Right,Dribble Jumper,,1,100.0,2.0,100.0,0.0,0.0,0,,,,100.0,,1,100.0,0.0,,,1,0,,1.0,0.0,100.0,1,1,0,100.0,0,0,0.0,2
Zach Copeland,Vancouver Bandits,2025-2026,defense,Isolation,Short to < 17,6,Dribble Jumper,ISO Including Passes > Isolation > Right > Drives Right > Dribble Jumper > Short to < 17,ISO Including Passes,Isolation,Right,Drives Right,Dribble Jumper,Short to < 17,1,100.0,2.0,100.0,0.0,0.0,0,,,,100.0,,1,100.0,0.0,,,1,0,,1.0,0.0,100.0,1,1,0,100.0,0,0,0.0,2
Zach Copeland,Vancouver Bandits,2025-2026,defense,Isolation,Left,3,Isolation,ISO Including Passes > Isolation > Left,ISO Including Passes,Isolation,Left,,,,1,9.1,0.0,0.0,0.0,0.0,1,0.0,,,0.0,,1,0.0,0.0,,,0,1,,1.0,0.0,0.0,0,0,0,,0,1,1.0,0
Zach Copeland,Vancouver Bandits,2025-2026,defense,Isolation,Early Jumper,4,Left,ISO Including Passes > Isolation > Left > Early Jumper,ISO Including Passes,Isolation,Left,Early Jumper,,,1,100.0,0.0,0.0,0.0,0.0,1,0.0,,,0.0,,1,0.0,0.0,,,0,1,,1.0,0.0,0.0,0,0,0,,0,1,1.0,0
Zach Copeland,Vancouver Bandits,2025-2026,defense,Isolation,Dribble Jumper,5,Early Jumper,ISO Including Passes > Isolation > Left > Early Jumper > Dribble Jumper,ISO Including Passes,Isolation,Left,Early Jumper,Dribble Jumper,,1,100.0,0.0,0.0,0.0,0.0,1,0.0,,,0.0,,1,0.0,0.0,,,0,1,,1.0,0.0,0.0,0,0,0,,0,1,1.0,0
Zach Copeland,Vancouver Bandits,2025-2026,defense,Isolation,Long/3pt,6,Dribble Jumper,ISO Including Passes > Isolation > Left > Early Jumper > Dribble Jumper > Long/3pt,ISO Including Passes,Isolation,Left,Early Jumper,Dribble Jumper,Long/3pt,1,100.0,0.0,0.0,0.0,0.0,1,0.0,,,0.0,,1,0.0,0.0,,,0,1,,1.0,0.0,0.0,0,0,0,,0,1,1.0,0
Zach Copeland,Vancouver Bandits,2025-2026,defense,Isolation,Spot-Up,2,ISO Including Passes,ISO Including Passes > Spot-Up,ISO Including Passes,Spot-Up,,,,,5,31.3,1.2,60.0,0.0,0.0,4,50.0,,,40.0,,5,60.0,0.0,,,2,3,,5.0,0.0,40.0,1,0,1,0.0,2,2,0.8,6
Zach Copeland,Vancouver Bandits,2025-2026,defense,Isolation,No Dribble Jumper,3,Spot-Up,ISO Including Passes > Spot-Up > No Dribble Jumper,ISO Including Passes,Spot-Up,No Dribble Jumper,,,,4,80.0,1.5,75.0,0.0,0.0,4,50.0,,,50.0,,4,75.0,0.0,,,2,2,,4.0,0.0,50.0,0,0,0,,2,2,1.0,6
Zach Copeland,Vancouver Bandits,2025-2026,defense,Isolation,Open,4,No Dribble Jumper,ISO Including Passes > Spot-Up > No Dribble Jumper > Open,ISO Including Passes,Spot-Up,No Dribble Jumper,Open,,,2,50.0,1.5,75.0,0.0,0.0,2,50.0,,,50.0,,2,75.0,0.0,,,1,1,,2.0,0.0,50.0,0,0,0,,1,1,1.0,3
Zach Copeland,Vancouver Bandits,2025-2026,defense,Isolation,Long/3pt,5,Open,ISO Including Passes > Spot-Up > No Dribble Jumper > Open > Long/3pt,ISO Including Passes,Spot-Up,No Dribble Jumper,Open,Long/3pt,,2,100.0,1.5,75.0,0.0,0.0,2,50.0,,,50.0,,2,75.0,0.0,,,1,1,,2.0,0.0,50.0,0,0,0,,1,1,1.0,3
Zach Copeland,Vancouver Bandits,2025-2026,defense,Isolation,Miss 3 Pts,6,Long/3pt,ISO Including Passes > Spot-Up > No Dribble Jumper > Open > Long/3pt > Miss 3 Pts,ISO Including Passes,Spot-Up,No Dribble Jumper,Open,Long/3pt,Miss 3 Pts,1,50.0,0.0,0.0,0.0,0.0,1,0.0,,,0.0,,1,0.0,0.0,,,0,1,,1.0,0.0,0.0,0,0,0,,0,1,1.0,0
Zach Copeland,Vancouver Bandits,2025-2026,defense,Isolation,Make 3 Pts,6,Long/3pt,ISO Including Passes > Spot-Up > No Dribble Jumper > Open > Long/3pt > Make 3 Pts,ISO Including Passes,Spot-Up,No Dribble Jumper,Open,Long/3pt,Make 3 Pts,1,50.0,3.0,150.0,0.0,0.0,1,100.0,,,100.0,,1,150.0,0.0,,,1,0,,1.0,0.0,100.0,0,0,0,,1,0,1.0,3
Zach Copeland,Vancouver Bandits,2025-2026,defense,Isolation,Guarded,4,No Dribble Jumper,ISO Including Passes > Spot-Up > No Dribble Jumper > Guarded,ISO Including Passes,Spot-Up,No Dribble Jumper,Guarded,,,2,50.0,1.5,75.0,0.0,0.0,2,50.0,,,50.0,,2,75.0,0.0,,,1,1,,2.0,0.0,50.0,0,0,0,,1,1,1.0,3
Zach Copeland,Vancouver Bandits,2025-2026,defense,Isolation,Long/3pt,5,Guarded,ISO Including Passes > Spot-Up > No Dribble Jumper > Guarded > Long/3pt,ISO Including Passes,Spot-Up,No Dribble Jumper,Guarded,Long/3pt,,2,100.0,1.5,75.0,0.0,0.0,2,50.0,,,50.0,,2,75.0,0.0,,,1,1,,2.0,0.0,50.0,0,0,0,,1,1,1.0,3
Zach Copeland,Vancouver Bandits,2025-2026,defense,Isolation,Miss 3 Pts,6,Long/3pt,ISO Including Passes > Spot-Up > No Dribble Jumper > Guarded > Long/3pt > Miss 3 Pts,ISO Including Passes,Spot-Up,No Dribble Jumper,Guarded,Long/3pt,Miss 3 Pts,1,50.0,0.0,0.0,0.0,0.0,1,0.0,,,0.0,,1,0.0,0.0,,,0,1,,1.0,0.0,0.0,0,0,0,,0,1,1.0,0
Zach Copeland,Vancouver Bandits,2025-2026,defense,Isolation,Make 3 Pts,6,Long/3pt,ISO Including Passes > Spot-Up > No Dribble Jumper > Guarded > Long/3pt > Make 3 Pts,ISO Including Passes,Spot-Up,No Dribble Jumper,Guarded,Long/3pt,Make 3 Pts,1,50.0,3.0,150.0,0.0,0.0,1,100.0,,,100.0,,1,150.0,0.0,,,1,0,,1.0,0.0,100.0,0,0,0,,1,0,1.0,3
Zach Copeland,Vancouver Bandits,2025-2026,defense,Isolation,Drives Left,3,Spot-Up,ISO Including Passes > Spot-Up > Drives Left,ISO Including Passes,Spot-Up,Drives Left,,,,1,20.0,0.0,0.0,0.0,0.0,0,,,,0.0,,1,0.0,0.0,,,0,1,,1.0,0.0,0.0,1,0,1,0.0,0,0,0.0,0
Zach Copeland,Vancouver Bandits,2025-2026,defense,Isolation,To Basket,4,Drives Left,ISO Including Passes > Spot-Up > Drives Left > To Basket,ISO Including Passes,Spot-Up,Drives Left,To Basket,,,1,100.0,0.0,0.0,0.0,0.0,0,,,,0.0,,1,0.0,0.0,,,0,1,,1.0,0.0,0.0,1,0,1,0.0,0,0,0.0,0
Zach Copeland,Vancouver Bandits,2025-2026,defense,Isolation,Miss 2 Pts,5,To Basket,ISO Including Passes > Spot-Up > Drives Left > To Basket > Miss 2 Pts,ISO Including Passes,Spot-Up,Drives Left,To Basket,Miss 2 Pts,,1,100.0,0.0,0.0,0.0,0.0,0,,,,0.0,,1,0.0,0.0,,,0,1,,1.0,0.0,0.0,1,0,1,0.0,0,0,0.0,0
Zach Copeland,Vancouver Bandits,2025-2026,defense,Isolation,ISO - Defense Commits,1,,ISO - Defense Commits,ISO - Defense Commits,,,,,,8,5.8,0.75,60.0,37.5,0.0,4,50.0,,,40.0,,5,60.0,0.0,,,2,3,,5.0,0.0,25.0,1,0,1,0.0,2,2,0.8,6
Zach Copeland,Vancouver Bandits,2025-2026,defense,Isolation,Spot-Up,2,ISO - Defense Commits,ISO - Defense Commits > Spot-Up,ISO - Defense Commits,Spot-Up,,,,,5,62.5,1.2,60.0,0.0,0.0,4,50.0,,,40.0,,5,60.0,0.0,,,2,3,,5.0,0.0,40.0,1,0,1,0.0,2,2,0.8,6
Zach Copeland,Vancouver Bandits,2025-2026,defense,Isolation,No Dribble Jumper,3,Spot-Up,ISO - Defense Commits > Spot-Up > No Dribble Jumper,ISO - Defense Commits,Spot-Up,No Dribble Jumper,,,,4,80.0,1.5,75.0,0.0,0.0,4,50.0,,,50.0,,4,75.0,0.0,,,2,2,,4.0,0.0,50.0,0,0,0,,2,2,1.0,6
Zach Copeland,Vancouver Bandits,2025-2026,defense,Isolation,Open,4,No Dribble Jumper,ISO - Defense Commits > Spot-Up > No Dribble Jumper > Open,ISO - Defense Commits,Spot-Up,No Dribble Jumper,Open,,,2,50.0,1.5,75.0,0.0,0.0,2,50.0,,,50.0,,2,75.0,0.0,,,1,1,,2.0,0.0,50.0,0,0,0,,1,1,1.0,3
Zach Copeland,Vancouver Bandits,2025-2026,defense,Isolation,Long/3pt,5,Open,ISO - Defense Commits > Spot-Up > No Dribble Jumper > Open > Long/3pt,ISO - Defense Commits,Spot-Up,No Dribble Jumper,Open,Long/3pt,,2,100.0,1.5,75.0,0.0,0.0,2,50.0,,,50.0,,2,75.0,0.0,,,1,1,,2.0,0.0,50.0,0,0,0,,1,1,1.0,3
Zach Copeland,Vancouver Bandits,2025-2026,defense,Isolation,Make 3 Pts,6,Long/3pt,ISO - Defense Commits > Spot-Up > No Dribble Jumper > Open > Long/3pt > Make 3 Pts,ISO - Defense Commits,Spot-Up,No Dribble Jumper,Open,Long/3pt,Make 3 Pts,1,50.0,3.0,150.0,0.0,0.0,1,100.0,,,100.0,,1,150.0,0.0,,,1,0,,1.0,0.0,100.0,0,0,0,,1,0,1.0,3
Zach Copeland,Vancouver Bandits,2025-2026,defense,Isolation,Miss 3 Pts,6,Long/3pt,ISO - Defense Commits > Spot-Up > No Dribble Jumper > Open > Long/3pt > Miss 3 Pts,ISO - Defense Commits,Spot-Up,No Dribble Jumper,Open,Long/3pt,Miss 3 Pts,1,50.0,0.0,0.0,0.0,0.0,1,0.0,,,0.0,,1,0.0,0.0,,,0,1,,1.0,0.0,0.0,0,0,0,,0,1,1.0,0
Zach Copeland,Vancouver Bandits,2025-2026,defense,Isolation,Guarded,4,No Dribble Jumper,ISO - Defense Commits > Spot-Up > No Dribble Jumper > Guarded,ISO - Defense Commits,Spot-Up,No Dribble Jumper,Guarded,,,2,50.0,1.5,75.0,0.0,0.0,2,50.0,,,50.0,,2,75.0,0.0,,,1,1,,2.0,0.0,50.0,0,0,0,,1,1,1.0,3
Zach Copeland,Vancouver Bandits,2025-2026,defense,Isolation,Long/3pt,5,Guarded,ISO - Defense Commits > Spot-Up > No Dribble Jumper > Guarded > Long/3pt,ISO - Defense Commits,Spot-Up,No Dribble Jumper,Guarded,Long/3pt,,2,100.0,1.5,75.0,0.0,0.0,2,50.0,,,50.0,,2,75.0,0.0,,,1,1,,2.0,0.0,50.0,0,0,0,,1,1,1.0,3
Zach Copeland,Vancouver Bandits,2025-2026,defense,Isolation,Make 3 Pts,6,Long/3pt,ISO - Defense Commits > Spot-Up > No Dribble Jumper > Guarded > Long/3pt > Make 3 Pts,ISO - Defense Commits,Spot-Up,No Dribble Jumper,Guarded,Long/3pt,Make 3 Pts,1,50.0,3.0,150.0,0.0,0.0,1,100.0,,,100.0,,1,150.0,0.0,,,1,0,,1.0,0.0,100.0,0,0,0,,1,0,1.0,3
Zach Copeland,Vancouver Bandits,2025-2026,defense,Isolation,Miss 3 Pts,6,Long/3pt,ISO - Defense Commits > Spot-Up > No Dribble Jumper > Guarded > Long/3pt > Miss 3 Pts,ISO - Defense Commits,Spot-Up,No Dribble Jumper,Guarded,Long/3pt,Miss 3 Pts,1,50.0,0.0,0.0,0.0,0.0,1,0.0,,,0.0,,1,0.0,0.0,,,0,1,,1.0,0.0,0.0,0,0,0,,0,1,1.0,0
Zach Copeland,Vancouver Bandits,2025-2026,defense,Isolation,Drives Left,3,Spot-Up,ISO - Defense Commits > Spot-Up > Drives Left,ISO - Defense Commits,Spot-Up,Drives Left,,,,1,20.0,0.0,0.0,0.0,0.0,0,,,,0.0,,1,0.0,0.0,,,0,1,,1.0,0.0,0.0,1,0,1,0.0,0,0,0.0,0
Zach Copeland,Vancouver Bandits,2025-2026,defense,Isolation,To Basket,4,Drives Left,ISO - Defense Commits > Spot-Up > Drives Left > To Basket,ISO - Defense Commits,Spot-Up,Drives Left,To Basket,,,1,100.0,0.0,0.0,0.0,0.0,0,,,,0.0,,1,0.0,0.0,,,0,1,,1.0,0.0,0.0,1,0,1,0.0,0,0,0.0,0
Zach Copeland,Vancouver Bandits,2025-2026,defense,Isolation,Miss 2 Pts,5,To Basket,ISO - Defense Commits > Spot-Up > Drives Left > To Basket > Miss 2 Pts,ISO - Defense Commits,Spot-Up,Drives Left,To Basket,Miss 2 Pts,,1,100.0,0.0,0.0,0.0,0.0,0,,,,0.0,,1,0.0,0.0,,,0,1,,1.0,0.0,0.0,1,0,1,0.0,0,0,0.0,0
Zach Copeland,Vancouver Bandits,2025-2026,defense,Isolation,Isolation,2,ISO - Defense Commits,ISO - Defense Commits > Isolation,ISO - Defense Commits,Isolation,,,,,3,37.5,0.0,,100.0,0.0,0,,,,,,0,,0.0,,,0,0,,0.0,,0.0,0,0,0,,0,0,,0
Zach Copeland,Vancouver Bandits,2025-2026,defense,Isolation,Top,3,Isolation,ISO - Defense Commits > Isolation > Top,ISO - Defense Commits,Isolation,Top,,,,2,66.7,0.0,,100.0,0.0,0,,,,,,0,,0.0,,,0,0,,0.0,,0.0,0,0,0,,0,0,,0
Zach Copeland,Vancouver Bandits,2025-2026,defense,Isolation,Drives Left,4,Top,ISO - Defense Commits > Isolation > Top > Drives Left,ISO - Defense Commits,Isolation,Top,Drives Left,,,1,50.0,0.0,,100.0,0.0,0,,,,,,0,,0.0,,,0,0,,0.0,,0.0,0,0,0,,0,0,,0
Zach Copeland,Vancouver Bandits,2025-2026,defense,Isolation,Defense Commits,5,Drives Left,ISO - Defense Commits > Isolation > Top > Drives Left > Defense Commits,ISO - Defense Commits,Isolation,Top,Drives Left,Defense Commits,,1,100.0,0.0,,100.0,0.0,0,,,,,,0,,0.0,,,0,0,,0.0,,0.0,0,0,0,,0,0,,0
Zach Copeland,Vancouver Bandits,2025-2026,defense,Isolation,Turnover,6,Defense Commits,ISO - Defense Commits > Isolation > Top > Drives Left > Defense Commits > Turnover,ISO - Defense Commits,Isolation,Top,Drives Left,Defense Commits,Turnover,1,100.0,0.0,,100.0,0.0,0,,,,,,0,,0.0,,,0,0,,0.0,,0.0,0,0,0,,0,0,,0
Zach Copeland,Vancouver Bandits,2025-2026,defense,Isolation,Drives Right,4,Top,ISO - Defense Commits > Isolation > Top > Drives Right,ISO - Defense Commits,Isolation,Top,Drives Right,,,1,50.0,0.0,,100.0,0.0,0,,,,,,0,,0.0,,,0,0,,0.0,,0.0,0,0,0,,0,0,,0
Zach Copeland,Vancouver Bandits,2025-2026,defense,Isolation,Defense Commits,5,Drives Right,ISO - Defense Commits > Isolation > Top > Drives Right > Defense Commits,ISO - Defense Commits,Isolation,Top,Drives Right,Defense Commits,,1,100.0,0.0,,100.0,0.0,0,,,,,,0,,0.0,,,0,0,,0.0,,0.0,0,0,0,,0,0,,0
Zach Copeland,Vancouver Bandits,2025-2026,defense,Isolation,Turnover,6,Defense Commits,ISO - Defense Commits > Isolation > Top > Drives Right > Defense Commits > Turnover,ISO - Defense Commits,Isolation,Top,Drives Right,Defense Commits,Turnover,1,100.0,0.0,,100.0,0.0,0,,,,,,0,,0.0,,,0,0,,0.0,,0.0,0,0,0,,0,0,,0
Zach Copeland,Vancouver Bandits,2025-2026,defense,Isolation,Right,3,Isolation,ISO - Defense Commits > Isolation > Right,ISO - Defense Commits,Isolation,Right,,,,1,33.3,0.0,,100.0,0.0,0,,,,,,0,,0.0,,,0,0,,0.0,,0.0,0,0,0,,0,0,,0
Zach Copeland,Vancouver Bandits,2025-2026,defense,Isolation,Drives Left,4,Right,ISO - Defense Commits > Isolation > Right > Drives Left,ISO - Defense Commits,Isolation,Right,Drives Left,,,1,100.0,0.0,,100.0,0.0,0,,,,,,0,,0.0,,,0,0,,0.0,,0.0,0,0,0,,0,0,,0
Zach Copeland,Vancouver Bandits,2025-2026,defense,Isolation,Defense Commits,5,Drives Left,ISO - Defense Commits > Isolation > Right > Drives Left > Defense Commits,ISO - Defense Commits,Isolation,Right,Drives Left,Defense Commits,,1,100.0,0.0,,100.0,0.0,0,,,,,,0,,0.0,,,0,0,,0.0,,0.0,0,0,0,,0,0,,0
Zach Copeland,Vancouver Bandits,2025-2026,defense,Isolation,Turnover,6,Defense Commits,ISO - Defense Commits > Isolation > Right > Drives Left > Defense Commits > Turnover,ISO - Defense Commits,Isolation,Right,Drives Left,Defense Commits,Turnover,1,100.0,0.0,,100.0,0.0,0,,,,,,0,,0.0,,,0,0,,0.0,,0.0,0,0,0,,0,0,,0
Zach Copeland,Vancouver Bandits,2025-2026,defense,Post up,Post-Ups Including Passes,1,,Post-Ups Including Passes,Post-Ups Including Passes,,,,,,9,6.5,1.222,61.9,0.0,11.1,3,33.3,,,50.0,,8,56.3,11.1,,,4,4,,8.9,0.25,55.6,5,3,2,60.0,1,2,0.38,11
Zach Copeland,Vancouver Bandits,2025-2026,defense,Post up,Spot-Up,2,Post-Ups Including Passes,Post-Ups Including Passes > Spot-Up,Post-Ups Including Passes,Spot-Up,,,,,5,55.6,1.0,50.0,0.0,0.0,3,33.3,,,40.0,,5,50.0,0.0,,,2,3,,5.0,0.0,40.0,2,1,1,50.0,1,2,0.6,5
Zach Copeland,Vancouver Bandits,2025-2026,defense,Post up,No Dribble Jumper,3,Spot-Up,Post-Ups Including Passes > Spot-Up > No Dribble Jumper,Post-Ups Including Passes,Spot-Up,No Dribble Jumper,,,,3,60.0,1.0,50.0,0.0,0.0,3,33.3,,,33.3,,3,50.0,0.0,,,1,2,,3.0,0.0,33.3,0,0,0,,1,2,1.0,3
Zach Copeland,Vancouver Bandits,2025-2026,defense,Post up,Open,4,No Dribble Jumper,Post-Ups Including Passes > Spot-Up > No Dribble Jumper > Open,Post-Ups Including Passes,Spot-Up,No Dribble Jumper,Open,,,2,66.7,1.5,75.0,0.0,0.0,2,50.0,,,50.0,,2,75.0,0.0,,,1,1,,2.0,0.0,50.0,0,0,0,,1,1,1.0,3
Zach Copeland,Vancouver Bandits,2025-2026,defense,Post up,Long/3pt,5,Open,Post-Ups Including Passes > Spot-Up > No Dribble Jumper > Open > Long/3pt,Post-Ups Including Passes,Spot-Up,No Dribble Jumper,Open,Long/3pt,,2,100.0,1.5,75.0,0.0,0.0,2,50.0,,,50.0,,2,75.0,0.0,,,1,1,,2.0,0.0,50.0,0,0,0,,1,1,1.0,3
Zach Copeland,Vancouver Bandits,2025-2026,defense,Post up,Make 3 Pts,6,Long/3pt,Post-Ups Including Passes > Spot-Up > No Dribble Jumper > Open > Long/3pt > Make 3 Pts,Post-Ups Including Passes,Spot-Up,No Dribble Jumper,Open,Long/3pt,Make 3 Pts,1,50.0,3.0,150.0,0.0,0.0,1,100.0,,,100.0,,1,150.0,0.0,,,1,0,,1.0,0.0,100.0,0,0,0,,1,0,1.0,3
Zach Copeland,Vancouver Bandits,2025-2026,defense,Post up,Miss 3 Pts,6,Long/3pt,Post-Ups Including Passes > Spot-Up > No Dribble Jumper > Open > Long/3pt > Miss 3 Pts,Post-Ups Including Passes,Spot-Up,No Dribble Jumper,Open,Long/3pt,Miss 3 Pts,1,50.0,0.0,0.0,0.0,0.0,1,0.0,,,0.0,,1,0.0,0.0,,,0,1,,1.0,0.0,0.0,0,0,0,,0,1,1.0,0
Zach Copeland,Vancouver Bandits,2025-2026,defense,Post up,Guarded,4,No Dribble Jumper,Post-Ups Including Passes > Spot-Up > No Dribble Jumper > Guarded,Post-Ups Including Passes,Spot-Up,No Dribble Jumper,Guarded,,,1,33.3,0.0,0.0,0.0,0.0,1,0.0,,,0.0,,1,0.0,0.0,,,0,1,,1.0,0.0,0.0,0,0,0,,0,1,1.0,0
Zach Copeland,Vancouver Bandits,2025-2026,defense,Post up,Long/3pt,5,Guarded,Post-Ups Including Passes > Spot-Up > No Dribble Jumper > Guarded > Long/3pt,Post-Ups Including Passes,Spot-Up,No Dribble Jumper,Guarded,Long/3pt,,1,100.0,0.0,0.0,0.0,0.0,1,0.0,,,0.0,,1,0.0,0.0,,,0,1,,1.0,0.0,0.0,0,0,0,,0,1,1.0,0
Zach Copeland,Vancouver Bandits,2025-2026,defense,Post up,Miss 3 Pts,6,Long/3pt,Post-Ups Including Passes > Spot-Up > No Dribble Jumper > Guarded > Long/3pt > Miss 3 Pts,Post-Ups Including Passes,Spot-Up,No Dribble Jumper,Guarded,Long/3pt,Miss 3 Pts,1,100.0,0.0,0.0,0.0,0.0,1,0.0,,,0.0,,1,0.0,0.0,,,0,1,,1.0,0.0,0.0,0,0,0,,0,1,1.0,0
Zach Copeland,Vancouver Bandits,2025-2026,defense,Post up,Drives Left,3,Spot-Up,Post-Ups Including Passes > Spot-Up > Drives Left,Post-Ups Including Passes,Spot-Up,Drives Left,,,,2,40.0,1.0,50.0,0.0,0.0,0,,,,50.0,,2,50.0,0.0,,,1,1,,2.0,0.0,50.0,2,1,1,50.0,0,0,0.0,2
Zach Copeland,Vancouver Bandits,2025-2026,defense,Post up,To Basket,4,Drives Left,Post-Ups Including Passes > Spot-Up > Drives Left > To Basket,Post-Ups Including Passes,Spot-Up,Drives Left,To Basket,,,2,100.0,1.0,50.0,0.0,0.0,0,,,,50.0,,2,50.0,0.0,,,1,1,,2.0,0.0,50.0,2,1,1,50.0,0,0,0.0,2
Zach Copeland,Vancouver Bandits,2025-2026,defense,Post up,Make 2 Pts,5,To Basket,Post-Ups Including Passes > Spot-Up > Drives Left > To Basket > Make 2 Pts,Post-Ups Including Passes,Spot-Up,Drives Left,To Basket,Make 2 Pts,,1,50.0,2.0,100.0,0.0,0.0,0,,,,100.0,,1,100.0,0.0,,,1,0,,1.0,0.0,100.0,1,1,0,100.0,0,0,0.0,2
Zach Copeland,Vancouver Bandits,2025-2026,defense,Post up,Miss 2 Pts,5,To Basket,Post-Ups Including Passes > Spot-Up > Drives Left > To Basket > Miss 2 Pts,Post-Ups Including Passes,Spot-Up,Drives Left,To Basket,Miss 2 Pts,,1,50.0,0.0,0.0,0.0,0.0,0,,,,0.0,,1,0.0,0.0,,,0,1,,1.0,0.0,0.0,1,0,1,0.0,0,0,0.0,0
Zach Copeland,Vancouver Bandits,2025-2026,defense,Post up,Post-Up,2,Post-Ups Including Passes,Post-Ups Including Passes > Post-Up,Post-Ups Including Passes,Post-Up,,,,,4,44.4,1.5,77.3,0.0,25.0,0,,,,66.7,,3,66.7,25.0,,,2,1,,3.9,0.67,75.0,3,2,1,66.7,0,0,0.0,6
Zach Copeland,Vancouver Bandits,2025-2026,defense,Post up,Right Block,3,Post-Up,Post-Ups Including Passes > Post-Up > Right Block,Post-Ups Including Passes,Post-Up,Right Block,,,,3,75.0,1.333,66.7,0.0,0.0,0,,,,66.7,,3,66.7,0.0,,,2,1,,3.0,0.0,66.7,3,2,1,66.7,0,0,0.0,4
Zach Copeland,Vancouver Bandits,2025-2026,defense,Post up,Face-up,4,Right Block,Post-Ups Including Passes > Post-Up > Right Block > Face-up,Post-Ups Including Passes,Post-Up,Right Block,Face-up,,,2,66.7,1.0,50.0,0.0,0.0,0,,,,50.0,,2,50.0,0.0,,,1,1,,2.0,0.0,50.0,2,1,1,50.0,0,0,0.0,2
Zach Copeland,Vancouver Bandits,2025-2026,defense,Post up,Drive Baseline,5,Face-up,Post-Ups Including Passes > Post-Up > Right Block > Face-up > Drive Baseline,Post-Ups Including Passes,Post-Up,Right Block,Face-up,Drive Baseline,,1,50.0,2.0,100.0,0.0,0.0,0,,,,100.0,,1,100.0,0.0,,,1,0,,1.0,0.0,100.0,1,1,0,100.0,0,0,0.0,2
Zach Copeland,Vancouver Bandits,2025-2026,defense,Post up,Make 2 Pts,6,Drive Baseline,Post-Ups Including Passes > Post-Up > Right Block > Face-up > Drive Baseline > Make 2 Pts,Post-Ups Including Passes,Post-Up,Right Block,Face-up,Drive Baseline,Make 2 Pts,1,100.0,2.0,100.0,0.0,0.0,0,,,,100.0,,1,100.0,0.0,,,1,0,,1.0,0.0,100.0,1,1,0,100.0,0,0,0.0,2
Zach Copeland,Vancouver Bandits,2025-2026,defense,Post up,Jumper,5,Face-up,Post-Ups Including Passes > Post-Up > Right Block > Face-up > Jumper,Post-Ups Including Passes,Post-Up,Right Block,Face-up,Jumper,,1,50.0,0.0,0.0,0.0,0.0,0,,,,0.0,,1,0.0,0.0,,,0,1,,1.0,0.0,0.0,1,0,1,0.0,0,0,0.0,0
Zach Copeland,Vancouver Bandits,2025-2026,defense,Post up,Miss 2 Pts,6,Jumper,Post-Ups Including Passes > Post-Up > Right Block > Face-up > Jumper > Miss 2 Pts,Post-Ups Including Passes,Post-Up,Right Block,Face-up,Jumper,Miss 2 Pts,1,100.0,0.0,0.0,0.0,0.0,0,,,,0.0,,1,0.0,0.0,,,0,1,,1.0,0.0,0.0,1,0,1,0.0,0,0,0.0,0
Zach Copeland,Vancouver Bandits,2025-2026,defense,Post up,Right Shoulder,4,Right Block,Post-Ups Including Passes > Post-Up > Right Block > Right Shoulder,Post-Ups Including Passes,Post-Up,Right Block,Right Shoulder,,,1,33.3,2.0,100.0,0.0,0.0,0,,,,100.0,,1,100.0,0.0,,,1,0,,1.0,0.0,100.0,1,1,0,100.0,0,0,0.0,2
Zach Copeland,Vancouver Bandits,2025-2026,defense,Post up,Dribble Move,5,Right Shoulder,Post-Ups Including Passes > Post-Up > Right Block > Right Shoulder > Dribble Move,Post-Ups Including Passes,Post-Up,Right Block,Right Shoulder,Dribble Move,,1,100.0,2.0,100.0,0.0,0.0,0,,,,100.0,,1,100.0,0.0,,,1,0,,1.0,0.0,100.0,1,1,0,100.0,0,0,0.0,2
Zach Copeland,Vancouver Bandits,2025-2026,defense,Post up,To Jumper,6,Dribble Move,Post-Ups Including Passes > Post-Up > Right Block > Right Shoulder > Dribble Move > To Jumper,Post-Ups Including Passes,Post-Up,Right Block,Right Shoulder,Dribble Move,To Jumper,1,100.0,2.0,100.0,0.0,0.0,0,,,,100.0,,1,100.0,0.0,,,1,0,,1.0,0.0,100.0,1,1,0,100.0,0,0,0.0,2
Zach Copeland,Vancouver Bandits,2025-2026,defense,Post up,Flash Middle,3,Post-Up,Post-Ups Including Passes > Post-Up > Flash Middle,Post-Ups Including Passes,Post-Up,Flash Middle,,,,1,25.0,2.0,113.6,0.0,100.0,0,,,,,,0,,100.0,,,0,0,,0.9,,100.0,0,0,0,,0,0,,2
Zach Copeland,Vancouver Bandits,2025-2026,defense,Post up,Post Pin,4,Flash Middle,Post-Ups Including Passes > Post-Up > Flash Middle > Post Pin,Post-Ups Including Passes,Post-Up,Flash Middle,Post Pin,,,1,100.0,2.0,113.6,0.0,100.0,0,,,,,,0,,100.0,,,0,0,,0.9,,100.0,0,0,0,,0,0,,2
Zach Copeland,Vancouver Bandits,2025-2026,defense,Post up,No Dribble Move,5,Post Pin,Post-Ups Including Passes > Post-Up > Flash Middle > Post Pin > No Dribble Move,Post-Ups Including Passes,Post-Up,Flash Middle,Post Pin,No Dribble Move,,1,100.0,2.0,113.6,0.0,100.0,0,,,,,,0,,100.0,,,0,0,,0.9,,100.0,0,0,0,,0,0,,2
Zach Copeland,Vancouver Bandits,2025-2026,defense,Post up,To Basket,6,No Dribble Move,Post-Ups Including Passes > Post-Up > Flash Middle > Post Pin > No Dribble Move > To Basket,Post-Ups Including Passes,Post-Up,Flash Middle,Post Pin,No Dribble Move,To Basket,1,100.0,2.0,113.6,0.0,100.0,0,,,,,,0,,100.0,,,0,0,,0.9,,100.0,0,0,0,,0,0,,2
Zach Copeland,Vancouver Bandits,2025-2026,defense,Post up,Post-Up - Defense Commits,1,,Post-Up - Defense Commits,Post-Up - Defense Commits,,,,,,5,3.6,1.0,50.0,0.0,0.0,3,33.3,,,40.0,,5,50.0,0.0,,,2,3,,5.0,0.0,40.0,2,1,1,50.0,1,2,0.6,5
Zach Copeland,Vancouver Bandits,2025-2026,defense,Post up,No Dribble Jumper,2,Post-Up - Defense Commits,Post-Up - Defense Commits > No Dribble Jumper,Post-Up - Defense Commits,No Dribble Jumper,,,,,3,60.0,1.0,50.0,0.0,0.0,3,33.3,,,33.3,,3,50.0,0.0,,,1,2,,3.0,0.0,33.3,0,0,0,,1,2,1.0,3
Zach Copeland,Vancouver Bandits,2025-2026,defense,Post up,Open,3,No Dribble Jumper,Post-Up - Defense Commits > No Dribble Jumper > Open,Post-Up - Defense Commits,No Dribble Jumper,Open,,,,2,66.7,1.5,75.0,0.0,0.0,2,50.0,,,50.0,,2,75.0,0.0,,,1,1,,2.0,0.0,50.0,0,0,0,,1,1,1.0,3
Zach Copeland,Vancouver Bandits,2025-2026,defense,Post up,Long/3pt,4,Open,Post-Up - Defense Commits > No Dribble Jumper > Open > Long/3pt,Post-Up - Defense Commits,No Dribble Jumper,Open,Long/3pt,,,2,100.0,1.5,75.0,0.0,0.0,2,50.0,,,50.0,,2,75.0,0.0,,,1,1,,2.0,0.0,50.0,0,0,0,,1,1,1.0,3
Zach Copeland,Vancouver Bandits,2025-2026,defense,Post up,Miss 3 Pts,5,Long/3pt,Post-Up - Defense Commits > No Dribble Jumper > Open > Long/3pt > Miss 3 Pts,Post-Up - Defense Commits,No Dribble Jumper,Open,Long/3pt,Miss 3 Pts,,1,50.0,0.0,0.0,0.0,0.0,1,0.0,,,0.0,,1,0.0,0.0,,,0,1,,1.0,0.0,0.0,0,0,0,,0,1,1.0,0
Zach Copeland,Vancouver Bandits,2025-2026,defense,Post up,Make 3 Pts,5,Long/3pt,Post-Up - Defense Commits > No Dribble Jumper > Open > Long/3pt > Make 3 Pts,Post-Up - Defense Commits,No Dribble Jumper,Open,Long/3pt,Make 3 Pts,,1,50.0,3.0,150.0,0.0,0.0,1,100.0,,,100.0,,1,150.0,0.0,,,1,0,,1.0,0.0,100.0,0,0,0,,1,0,1.0,3
Zach Copeland,Vancouver Bandits,2025-2026,defense,Post up,Guarded,3,No Dribble Jumper,Post-Up - Defense Commits > No Dribble Jumper > Guarded,Post-Up - Defense Commits,No Dribble Jumper,Guarded,,,,1,33.3,0.0,0.0,0.0,0.0,1,0.0,,,0.0,,1,0.0,0.0,,,0,1,,1.0,0.0,0.0,0,0,0,,0,1,1.0,0
Zach Copeland,Vancouver Bandits,2025-2026,defense,Post up,Long/3pt,4,Guarded,Post-Up - Defense Commits > No Dribble Jumper > Guarded > Long/3pt,Post-Up - Defense Commits,No Dribble Jumper,Guarded,Long/3pt,,,1,100.0,0.0,0.0,0.0,0.0,1,0.0,,,0.0,,1,0.0,0.0,,,0,1,,1.0,0.0,0.0,0,0,0,,0,1,1.0,0
Zach Copeland,Vancouver Bandits,2025-2026,defense,Post up,Miss 3 Pts,5,Long/3pt,Post-Up - Defense Commits > No Dribble Jumper > Guarded > Long/3pt > Miss 3 Pts,Post-Up - Defense Commits,No Dribble Jumper,Guarded,Long/3pt,Miss 3 Pts,,1,100.0,0.0,0.0,0.0,0.0,1,0.0,,,0.0,,1,0.0,0.0,,,0,1,,1.0,0.0,0.0,0,0,0,,0,1,1.0,0
Zach Copeland,Vancouver Bandits,2025-2026,defense,Post up,Drives Left,2,Post-Up - Defense Commits,Post-Up - Defense Commits > Drives Left,Post-Up - Defense Commits,Drives Left,,,,,2,40.0,1.0,50.0,0.0,0.0,0,,,,50.0,,2,50.0,0.0,,,1,1,,2.0,0.0,50.0,2,1,1,50.0,0,0,0.0,2
Zach Copeland,Vancouver Bandits,2025-2026,defense,Post up,To Basket,3,Drives Left,Post-Up - Defense Commits > Drives Left > To Basket,Post-Up - Defense Commits,Drives Left,To Basket,,,,2,100.0,1.0,50.0,0.0,0.0,0,,,,50.0,,2,50.0,0.0,,,1,1,,2.0,0.0,50.0,2,1,1,50.0,0,0,0.0,2
Zach Copeland,Vancouver Bandits,2025-2026,defense,Post up,Make 2 Pts,4,To Basket,Post-Up - Defense Commits > Drives Left > To Basket > Make 2 Pts,Post-Up - Defense Commits,Drives Left,To Basket,Make 2 Pts,,,1,50.0,2.0,100.0,0.0,0.0,0,,,,100.0,,1,100.0,0.0,,,1,0,,1.0,0.0,100.0,1,1,0,100.0,0,0,0.0,2
Zach Copeland,Vancouver Bandits,2025-2026,defense,Post up,Miss 2 Pts,4,To Basket,Post-Up - Defense Commits > Drives Left > To Basket > Miss 2 Pts,Post-Up - Defense Commits,Drives Left,To Basket,Miss 2 Pts,,,1,50.0,0.0,0.0,0.0,0.0,0,,,,0.0,,1,0.0,0.0,,,0,1,,1.0,0.0,0.0,1,0,1,0.0,0,0,0.0,0
Zach Copeland,Vancouver Bandits,2025-2026,defense,Post up,Post-Up - Hard Double,1,,Post-Up - Hard Double,Post-Up - Hard Double,,,,,,2,1.4,1.0,50.0,0.0,0.0,1,0.0,,,50.0,,2,50.0,0.0,,,1,1,,2.0,0.0,50.0,1,1,0,100.0,0,1,0.5,2
Zach Copeland,Vancouver Bandits,2025-2026,defense,Post up,Drives Left,2,Post-Up - Hard Double,Post-Up - Hard Double > Drives Left,Post-Up - Hard Double,Drives Left,,,,,1,50.0,2.0,100.0,0.0,0.0,0,,,,100.0,,1,100.0,0.0,,,1,0,,1.0,0.0,100.0,1,1,0,100.0,0,0,0.0,2
Zach Copeland,Vancouver Bandits,2025-2026,defense,Post up,To Basket,3,Drives Left,Post-Up - Hard Double > Drives Left > To Basket,Post-Up - Hard Double,Drives Left,To Basket,,,,1,100.0,2.0,100.0,0.0,0.0,0,,,,100.0,,1,100.0,0.0,,,1,0,,1.0,0.0,100.0,1,1,0,100.0,0,0,0.0,2
Zach Copeland,Vancouver Bandits,2025-2026,defense,Post up,Make 2 Pts,4,To Basket,Post-Up - Hard Double > Drives Left > To Basket > Make 2 Pts,Post-Up - Hard Double,Drives Left,To Basket,Make 2 Pts,,,1,100.0,2.0,100.0,0.0,0.0,0,,,,100.0,,1,100.0,0.0,,,1,0,,1.0,0.0,100.0,1,1,0,100.0,0,0,0.0,2
Zach Copeland,Vancouver Bandits,2025-2026,defense,Post up,No Dribble Jumper,2,Post-Up - Hard Double,Post-Up - Hard Double > No Dribble Jumper,Post-Up - Hard Double,No Dribble Jumper,,,,,1,50.0,0.0,0.0,0.0,0.0,1,0.0,,,0.0,,1,0.0,0.0,,,0,1,,1.0,0.0,0.0,0,0,0,,0,1,1.0,0
Zach Copeland,Vancouver Bandits,2025-2026,defense,Post up,Open,3,No Dribble Jumper,Post-Up - Hard Double > No Dribble Jumper > Open,Post-Up - Hard Double,No Dribble Jumper,Open,,,,1,100.0,0.0,0.0,0.0,0.0,1,0.0,,,0.0,,1,0.0,0.0,,,0,1,,1.0,0.0,0.0,0,0,0,,0,1,1.0,0
Zach Copeland,Vancouver Bandits,2025-2026,defense,Post up,Long/3pt,4,Open,Post-Up - Hard Double > No Dribble Jumper > Open > Long/3pt,Post-Up - Hard Double,No Dribble Jumper,Open,Long/3pt,,,1,100.0,0.0,0.0,0.0,0.0,1,0.0,,,0.0,,1,0.0,0.0,,,0,1,,1.0,0.0,0.0,0,0,0,,0,1,1.0,0
Zach Copeland,Vancouver Bandits,2025-2026,defense,Post up,Miss 3 Pts,5,Long/3pt,Post-Up - Hard Double > No Dribble Jumper > Open > Long/3pt > Miss 3 Pts,Post-Up - Hard Double,No Dribble Jumper,Open,Long/3pt,Miss 3 Pts,,1,100.0,0.0,0.0,0.0,0.0,1,0.0,,,0.0,,1,0.0,0.0,,,0,1,,1.0,0.0,0.0,0,0,0,,0,1,1.0,0
