PLAYER,TEAM,SEASON,SIDE,TABLE,STAT,DEPTH,PARENT,PATH,LEVEL_1,LEVEL_2,LEVEL_3,LEVEL_4,LEVEL_5,LEVEL_6,POSS,%TIME,PPP,TS%,TO%,%FT,3FG ATT,3 FG%,PPP RATING,PPP RANK,FG%,%TIME RANK,FG ATT,EFG%,%SF,SSQ,PPS,FG MADE,FG MISS,SSM,TSA,FTA/FGA,SCORE%,2 FG ATT,2 FG MADE,2 FG MISS,2 FG%,3 FG MADE,3 FG MISS,3PA/FGA,PTS
Simi Shittu,Winnipeg Sea Bears,2025-2026,defense,Play types,Spot Up,1,,Spot Up,Spot Up,,,,,,34,34.0,1.118,62.4,11.8,2.9,18,38.9,Below Average,25.0,50.0,41.0,30,61.7,2.9,,,15,15,,30.4,0.03,44.1,12,8,4,66.7,7,11,0.6,38
Simi Shittu,Winnipeg Sea Bears,2025-2026,defense,Play types,No Dribble Jumper,2,Spot Up,Spot Up > No Dribble Jumper,Spot Up,No Dribble Jumper,,,,,18,52.9,1.111,55.6,0.0,0.0,16,37.5,,,38.9,,18,55.6,0.0,,,7,11,,18.0,0.0,38.9,2,1,1,50.0,6,10,0.89,20
Simi Shittu,Winnipeg Sea Bears,2025-2026,defense,Play types,Guarded,3,No Dribble Jumper,Spot Up > No Dribble Jumper > Guarded,Spot Up,No Dribble Jumper,Guarded,,,,13,72.2,1.077,53.8,0.0,0.0,12,33.3,,,38.5,,13,53.8,0.0,,,5,8,,13.0,0.0,38.5,1,1,0,100.0,4,8,0.92,14
Simi Shittu,Winnipeg Sea Bears,2025-2026,defense,Play types,Long/3pt,4,Guarded,Spot Up > No Dribble Jumper > Guarded > Long/3pt,Spot Up,No Dribble Jumper,Guarded,Long/3pt,,,12,92.3,1.0,50.0,0.0,0.0,12,33.3,,,33.3,,12,50.0,0.0,,,4,8,,12.0,0.0,33.3,0,0,0,,4,8,1.0,12
Simi Shittu,Winnipeg Sea Bears,2025-2026,defense,Play types,Miss 3 Pts,5,Long/3pt,Spot Up > No Dribble Jumper > Guarded > Long/3pt > Miss 3 Pts,Spot Up,No Dribble Jumper,Guarded,Long/3pt,Miss 3 Pts,,8,66.7,0.0,0.0,0.0,0.0,8,0.0,,,0.0,,8,0.0,0.0,,,0,8,,8.0,0.0,0.0,0,0,0,,0,8,1.0,0
Simi Shittu,Winnipeg Sea Bears,2025-2026,defense,Play types,Make 3 Pts,5,Long/3pt,Spot Up > No Dribble Jumper > Guarded > Long/3pt > Make 3 Pts,Spot Up,No Dribble Jumper,Guarded,Long/3pt,Make 3 Pts,,4,33.3,3.0,150.0,0.0,0.0,4,100.0,,,100.0,,4,150.0,0.0,,,4,0,,4.0,0.0,100.0,0,0,0,,4,0,1.0,12
Simi Shittu,Winnipeg Sea Bears,2025-2026,defense,Play types,Medium/17' to 3pt,4,Guarded,Spot Up > No Dribble Jumper > Guarded > Medium/17' to 3pt,Spot Up,No Dribble Jumper,Guarded,Medium/17' to 3pt,,,1,7.7,2.0,100.0,0.0,0.0,0,,,,100.0,,1,100.0,0.0,,,1,0,,1.0,0.0,100.0,1,1,0,100.0,0,0,0.0,2
Simi Shittu,Winnipeg Sea Bears,2025-2026,defense,Play types,Make 2 Pts,5,Medium/17' to 3pt,Spot Up > No Dribble Jumper > Guarded > Medium/17' to 3pt > Make 2 Pts,Spot Up,No Dribble Jumper,Guarded,Medium/17' to 3pt,Make 2 Pts,,1,100.0,2.0,100.0,0.0,0.0,0,,,,100.0,,1,100.0,0.0,,,1,0,,1.0,0.0,100.0,1,1,0,100.0,0,0,0.0,2
Simi Shittu,Winnipeg Sea Bears,2025-2026,defense,Play types,Open,3,No Dribble Jumper,Spot Up > No Dribble Jumper > Open,Spot Up,No Dribble Jumper,Open,,,,5,27.8,1.2,60.0,0.0,0.0,4,50.0,,,40.0,,5,60.0,0.0,,,2,3,,5.0,0.0,40.0,1,0,1,0.0,2,2,0.8,6
Simi Shittu,Winnipeg Sea Bears,2025-2026,defense,Play types,Long/3pt,4,Open,Spot Up > No Dribble Jumper > Open > Long/3pt,Spot Up,No Dribble Jumper,Open,Long/3pt,,,4,80.0,1.5,75.0,0.0,0.0,4,50.0,,,50.0,,4,75.0,0.0,,,2,2,,4.0,0.0,50.0,0,0,0,,2,2,1.0,6
Simi Shittu,Winnipeg Sea Bears,2025-2026,defense,Play types,Miss 3 Pts,5,Long/3pt,Spot Up > No Dribble Jumper > Open > Long/3pt > Miss 3 Pts,Spot Up,No Dribble Jumper,Open,Long/3pt,Miss 3 Pts,,2,50.0,0.0,0.0,0.0,0.0,2,0.0,,,0.0,,2,0.0,0.0,,,0,2,,2.0,0.0,0.0,0,0,0,,0,2,1.0,0
Simi Shittu,Winnipeg Sea Bears,2025-2026,defense,Play types,Make 3 Pts,5,Long/3pt,Spot Up > No Dribble Jumper > Open > Long/3pt > Make 3 Pts,Spot Up,No Dribble Jumper,Open,Long/3pt,Make 3 Pts,,2,50.0,3.0,150.0,0.0,0.0,2,100.0,,,100.0,,2,150.0,0.0,,,2,0,,2.0,0.0,100.0,0,0,0,,2,0,1.0,6
Simi Shittu,Winnipeg Sea Bears,2025-2026,defense,Play types,Medium/17' to 3pt,4,Open,Spot Up > No Dribble Jumper > Open > Medium/17' to 3pt,Spot Up,No Dribble Jumper,Open,Medium/17' to 3pt,,,1,20.0,0.0,0.0,0.0,0.0,0,,,,0.0,,1,0.0,0.0,,,0,1,,1.0,0.0,0.0,1,0,1,0.0,0,0,0.0,0
Simi Shittu,Winnipeg Sea Bears,2025-2026,defense,Play types,Miss 2 Pts,5,Medium/17' to 3pt,Spot Up > No Dribble Jumper > Open > Medium/17' to 3pt > Miss 2 Pts,Spot Up,No Dribble Jumper,Open,Medium/17' to 3pt,Miss 2 Pts,,1,100.0,0.0,0.0,0.0,0.0,0,,,,0.0,,1,0.0,0.0,,,0,1,,1.0,0.0,0.0,1,0,1,0.0,0,0,0.0,0
Simi Shittu,Winnipeg Sea Bears,2025-2026,defense,Play types,Drives Right,2,Spot Up,Spot Up > Drives Right,Spot Up,Drives Right,,,,,7,20.6,0.857,75.0,42.9,0.0,0,,,,75.0,,4,75.0,0.0,,,3,1,,4.0,0.0,42.9,4,3,1,75.0,0,0,0.0,6
Simi Shittu,Winnipeg Sea Bears,2025-2026,defense,Play types,To Basket,3,Drives Right,Spot Up > Drives Right > To Basket,Spot Up,Drives Right,To Basket,,,,6,85.7,1.0,75.0,33.3,0.0,0,,,,75.0,,4,75.0,0.0,,,3,1,,4.0,0.0,50.0,4,3,1,75.0,0,0,0.0,6
Simi Shittu,Winnipeg Sea Bears,2025-2026,defense,Play types,Make 2 Pts,4,To Basket,Spot Up > Drives Right > To Basket > Make 2 Pts,Spot Up,Drives Right,To Basket,Make 2 Pts,,,3,50.0,2.0,100.0,0.0,0.0,0,,,,100.0,,3,100.0,0.0,,,3,0,,3.0,0.0,100.0,3,3,0,100.0,0,0,0.0,6
Simi Shittu,Winnipeg Sea Bears,2025-2026,defense,Play types,Turnover,4,To Basket,Spot Up > Drives Right > To Basket > Turnover,Spot Up,Drives Right,To Basket,Turnover,,,2,33.3,0.0,,100.0,0.0,0,,,,,,0,,0.0,,,0,0,,0.0,,0.0,0,0,0,,0,0,,0
Simi Shittu,Winnipeg Sea Bears,2025-2026,defense,Play types,Miss 2 Pts,4,To Basket,Spot Up > Drives Right > To Basket > Miss 2 Pts,Spot Up,Drives Right,To Basket,Miss 2 Pts,,,1,16.7,0.0,0.0,0.0,0.0,0,,,,0.0,,1,0.0,0.0,,,0,1,,1.0,0.0,0.0,1,0,1,0.0,0,0,0.0,0
Simi Shittu,Winnipeg Sea Bears,2025-2026,defense,Play types,Turnover,3,Drives Right,Spot Up > Drives Right > Turnover,Spot Up,Drives Right,Turnover,,,,1,14.3,0.0,,100.0,0.0,0,,,,,,0,,0.0,,,0,0,,0.0,,0.0,0,0,0,,0,0,,0
Simi Shittu,Winnipeg Sea Bears,2025-2026,defense,Play types,Drives Left,2,Spot Up,Spot Up > Drives Left,Spot Up,Drives Left,,,,,6,17.6,0.667,40.0,16.7,0.0,1,0.0,,,40.0,,5,40.0,0.0,,,2,3,,5.0,0.0,33.3,4,2,2,50.0,0,1,0.2,4
Simi Shittu,Winnipeg Sea Bears,2025-2026,defense,Play types,To Basket,3,Drives Left,Spot Up > Drives Left > To Basket,Spot Up,Drives Left,To Basket,,,,4,66.7,1.0,50.0,0.0,0.0,0,,,,50.0,,4,50.0,0.0,,,2,2,,4.0,0.0,50.0,4,2,2,50.0,0,0,0.0,4
Simi Shittu,Winnipeg Sea Bears,2025-2026,defense,Play types,Miss 2 Pts,4,To Basket,Spot Up > Drives Left > To Basket > Miss 2 Pts,Spot Up,Drives Left,To Basket,Miss 2 Pts,,,2,50.0,0.0,0.0,0.0,0.0,0,,,,0.0,,2,0.0,0.0,,,0,2,,2.0,0.0,0.0,2,0,2,0.0,0,0,0.0,0
Simi Shittu,Winnipeg Sea Bears,2025-2026,defense,Play types,Make 2 Pts,4,To Basket,Spot Up > Drives Left > To Basket > Make 2 Pts,Spot Up,Drives Left,To Basket,Make 2 Pts,,,2,50.0,2.0,100.0,0.0,0.0,0,,,,100.0,,2,100.0,0.0,,,2,0,,2.0,0.0,100.0,2,2,0,100.0,0,0,0.0,4
Simi Shittu,Winnipeg Sea Bears,2025-2026,defense,Play types,Dribble Jumper,3,Drives Left,Spot Up > Drives Left > Dribble Jumper,Spot Up,Drives Left,Dribble Jumper,,,,1,16.7,0.0,0.0,0.0,0.0,1,0.0,,,0.0,,1,0.0,0.0,,,0,1,,1.0,0.0,0.0,0,0,0,,0,1,1.0,0
Simi Shittu,Winnipeg Sea Bears,2025-2026,defense,Play types,Long/3pt,4,Dribble Jumper,Spot Up > Drives Left > Dribble Jumper > Long/3pt,Spot Up,Drives Left,Dribble Jumper,Long/3pt,,,1,100.0,0.0,0.0,0.0,0.0,1,0.0,,,0.0,,1,0.0,0.0,,,0,1,,1.0,0.0,0.0,0,0,0,,0,1,1.0,0
Simi Shittu,Winnipeg Sea Bears,2025-2026,defense,Play types,Miss 3 Pts,5,Long/3pt,Spot Up > Drives Left > Dribble Jumper > Long/3pt > Miss 3 Pts,Spot Up,Drives Left,Dribble Jumper,Long/3pt,Miss 3 Pts,,1,100.0,0.0,0.0,0.0,0.0,1,0.0,,,0.0,,1,0.0,0.0,,,0,1,,1.0,0.0,0.0,0,0,0,,0,1,1.0,0
Simi Shittu,Winnipeg Sea Bears,2025-2026,defense,Play types,Turnover,3,Drives Left,Spot Up > Drives Left > Turnover,Spot Up,Drives Left,Turnover,,,,1,16.7,0.0,,100.0,0.0,0,,,,,,0,,0.0,,,0,0,,0.0,,0.0,0,0,0,,0,0,,0
Simi Shittu,Winnipeg Sea Bears,2025-2026,defense,Play types,Drives Straight,2,Spot Up,Spot Up > Drives Straight,Spot Up,Drives Straight,,,,,3,8.8,2.667,116.3,0.0,33.3,1,100.0,,,100.0,,3,116.7,33.3,,,3,0,,3.4,0.33,100.0,2,2,0,100.0,1,0,0.33,8
Simi Shittu,Winnipeg Sea Bears,2025-2026,defense,Play types,Dribble Jumper,3,Drives Straight,Spot Up > Drives Straight > Dribble Jumper,Spot Up,Drives Straight,Dribble Jumper,,,,2,66.7,2.5,125.0,0.0,0.0,1,100.0,,,100.0,,2,125.0,0.0,,,2,0,,2.0,0.0,100.0,1,1,0,100.0,1,0,0.5,5
Simi Shittu,Winnipeg Sea Bears,2025-2026,defense,Play types,Long/3pt,4,Dribble Jumper,Spot Up > Drives Straight > Dribble Jumper > Long/3pt,Spot Up,Drives Straight,Dribble Jumper,Long/3pt,,,1,50.0,3.0,150.0,0.0,0.0,1,100.0,,,100.0,,1,150.0,0.0,,,1,0,,1.0,0.0,100.0,0,0,0,,1,0,1.0,3
Simi Shittu,Winnipeg Sea Bears,2025-2026,defense,Play types,Make 3 Pts,5,Long/3pt,Spot Up > Drives Straight > Dribble Jumper > Long/3pt > Make 3 Pts,Spot Up,Drives Straight,Dribble Jumper,Long/3pt,Make 3 Pts,,1,100.0,3.0,150.0,0.0,0.0,1,100.0,,,100.0,,1,150.0,0.0,,,1,0,,1.0,0.0,100.0,0,0,0,,1,0,1.0,3
Simi Shittu,Winnipeg Sea Bears,2025-2026,defense,Play types,Medium/17' to 3pt,4,Dribble Jumper,Spot Up > Drives Straight > Dribble Jumper > Medium/17' to 3pt,Spot Up,Drives Straight,Dribble Jumper,Medium/17' to 3pt,,,1,50.0,2.0,100.0,0.0,0.0,0,,,,100.0,,1,100.0,0.0,,,1,0,,1.0,0.0,100.0,1,1,0,100.0,0,0,0.0,2
Simi Shittu,Winnipeg Sea Bears,2025-2026,defense,Play types,Make 2 Pts,5,Medium/17' to 3pt,Spot Up > Drives Straight > Dribble Jumper > Medium/17' to 3pt > Make 2 Pts,Spot Up,Drives Straight,Dribble Jumper,Medium/17' to 3pt,Make 2 Pts,,1,100.0,2.0,100.0,0.0,0.0,0,,,,100.0,,1,100.0,0.0,,,1,0,,1.0,0.0,100.0,1,1,0,100.0,0,0,0.0,2
Simi Shittu,Winnipeg Sea Bears,2025-2026,defense,Play types,To Basket,3,Drives Straight,Spot Up > Drives Straight > To Basket,Spot Up,Drives Straight,To Basket,,,,1,33.3,3.0,104.2,0.0,100.0,0,,,,100.0,,1,100.0,100.0,,,1,0,,1.4,1.0,100.0,1,1,0,100.0,0,0,0.0,3
Simi Shittu,Winnipeg Sea Bears,2025-2026,defense,Play types,Make 2 Pts Foul,4,To Basket,Spot Up > Drives Straight > To Basket > Make 2 Pts Foul,Spot Up,Drives Straight,To Basket,Make 2 Pts Foul,,,1,100.0,3.0,104.2,0.0,100.0,0,,,,100.0,,1,100.0,100.0,,,1,0,,1.4,1.0,100.0,1,1,0,100.0,0,0,0.0,3
Simi Shittu,Winnipeg Sea Bears,2025-2026,defense,Play types,1 Pts,5,Make 2 Pts Foul,Spot Up > Drives Straight > To Basket > Make 2 Pts Foul > 1 Pts,Spot Up,Drives Straight,To Basket,Make 2 Pts Foul,1 Pts,,1,100.0,3.0,104.2,0.0,100.0,0,,,,100.0,,1,100.0,100.0,,,1,0,,1.4,1.0,100.0,1,1,0,100.0,0,0,0.0,3
Simi Shittu,Winnipeg Sea Bears,2025-2026,defense,Play types,Isolation,1,,Isolation,Isolation,,,,,,23,23.0,0.696,36.8,8.7,13.0,5,20.0,Very Good,68.0,35.0,85.0,20,37.5,13.0,,,7,13,,21.8,0.2,30.4,15,6,9,40.0,1,4,0.25,16
Simi Shittu,Winnipeg Sea Bears,2025-2026,defense,Play types,Isolation - Overall,2,Isolation,Isolation > Isolation - Overall,Isolation,Isolation - Overall,,,,,23,100.0,0.696,36.8,8.7,13.0,5,20.0,,,35.0,,20,37.5,13.0,,,7,13,,21.8,0.2,30.4,15,6,9,40.0,1,4,0.25,16
Simi Shittu,Winnipeg Sea Bears,2025-2026,defense,Play types,Drives Left,3,Isolation - Overall,Isolation > Isolation - Overall > Drives Left,Isolation,Isolation - Overall,Drives Left,,,,9,39.1,0.667,35.5,11.1,11.1,0,,,,37.5,,8,37.5,11.1,,,3,5,,8.4,0.13,33.3,8,3,5,37.5,0,0,0.0,6
Simi Shittu,Winnipeg Sea Bears,2025-2026,defense,Play types,Drives Right,3,Isolation - Overall,Isolation > Isolation - Overall > Drives Right,Isolation,Isolation - Overall,Drives Right,,,,9,39.1,0.778,42.1,11.1,22.2,0,,,,42.9,,7,42.9,22.2,,,3,4,,8.3,0.43,33.3,7,3,4,42.9,0,0,0.0,7
Simi Shittu,Winnipeg Sea Bears,2025-2026,defense,Play types,Early Jumper,3,Isolation - Overall,Isolation > Isolation - Overall > Early Jumper,Isolation,Isolation - Overall,Early Jumper,,,,5,21.7,0.6,30.0,0.0,0.0,5,20.0,,,20.0,,5,30.0,0.0,,,1,4,,5.0,0.0,20.0,0,0,0,,1,4,1.0,3
Simi Shittu,Winnipeg Sea Bears,2025-2026,defense,Play types,Top,2,Isolation,Isolation > Top,Isolation,Top,,,,,13,56.5,0.538,27.4,7.7,23.1,3,0.0,,,27.3,,11,27.3,23.1,,,3,8,,12.8,0.36,23.1,8,3,5,37.5,0,3,0.27,7
Simi Shittu,Winnipeg Sea Bears,2025-2026,defense,Play types,Drives Left,3,Top,Isolation > Top > Drives Left,Isolation,Top,Drives Left,,,,6,46.2,0.333,18.4,16.7,16.7,0,,,,20.0,,5,20.0,16.7,,,1,4,,5.4,0.2,16.7,5,1,4,20.0,0,0,0.0,2
Simi Shittu,Winnipeg Sea Bears,2025-2026,defense,Play types,Dribble Jumper,4,Drives Left,Isolation > Top > Drives Left > Dribble Jumper,Isolation,Top,Drives Left,Dribble Jumper,,,3,50.0,0.667,29.1,0.0,33.3,0,,,,33.3,,3,33.3,33.3,,,1,2,,3.4,0.33,33.3,3,1,2,33.3,0,0,0.0,2
Simi Shittu,Winnipeg Sea Bears,2025-2026,defense,Play types,Medium/17' to 3pt,5,Dribble Jumper,Isolation > Top > Drives Left > Dribble Jumper > Medium/17' to 3pt,Isolation,Top,Drives Left,Dribble Jumper,Medium/17' to 3pt,,2,66.7,1.0,41.0,0.0,50.0,0,,,,50.0,,2,50.0,50.0,,,1,1,,2.4,0.5,50.0,2,1,1,50.0,0,0,0.0,2
Simi Shittu,Winnipeg Sea Bears,2025-2026,defense,Play types,Short to < 17,5,Dribble Jumper,Isolation > Top > Drives Left > Dribble Jumper > Short to < 17,Isolation,Top,Drives Left,Dribble Jumper,Short to < 17,,1,33.3,0.0,0.0,0.0,0.0,0,,,,0.0,,1,0.0,0.0,,,0,1,,1.0,0.0,0.0,1,0,1,0.0,0,0,0.0,0
Simi Shittu,Winnipeg Sea Bears,2025-2026,defense,Play types,To Basket,4,Drives Left,Isolation > Top > Drives Left > To Basket,Isolation,Top,Drives Left,To Basket,,,2,33.3,0.0,0.0,0.0,0.0,0,,,,0.0,,2,0.0,0.0,,,0,2,,2.0,0.0,0.0,2,0,2,0.0,0,0,0.0,0
Simi Shittu,Winnipeg Sea Bears,2025-2026,defense,Play types,Miss 2 Pts,5,To Basket,Isolation > Top > Drives Left > To Basket > Miss 2 Pts,Isolation,Top,Drives Left,To Basket,Miss 2 Pts,,2,100.0,0.0,0.0,0.0,0.0,0,,,,0.0,,2,0.0,0.0,,,0,2,,2.0,0.0,0.0,2,0,2,0.0,0,0,0.0,0
Simi Shittu,Winnipeg Sea Bears,2025-2026,defense,Play types,Turnover,4,Drives Left,Isolation > Top > Drives Left > Turnover,Isolation,Top,Drives Left,Turnover,,,1,16.7,0.0,,100.0,0.0,0,,,,,,0,,0.0,,,0,0,,0.0,,0.0,0,0,0,,0,0,,0
Simi Shittu,Winnipeg Sea Bears,2025-2026,defense,Play types,Drives Right,3,Top,Isolation > Top > Drives Right,Isolation,Top,Drives Right,,,,4,30.8,1.25,57.9,0.0,50.0,0,,,,66.7,,3,66.7,50.0,,,2,1,,4.3,1.0,50.0,3,2,1,66.7,0,0,0.0,5
Simi Shittu,Winnipeg Sea Bears,2025-2026,defense,Play types,To Basket,4,Drives Right,Isolation > Top > Drives Right > To Basket,Isolation,Top,Drives Right,To Basket,,,4,100.0,1.25,57.9,0.0,50.0,0,,,,66.7,,3,66.7,50.0,,,2,1,,4.3,1.0,50.0,3,2,1,66.7,0,0,0.0,5
Simi Shittu,Winnipeg Sea Bears,2025-2026,defense,Play types,Miss 2 Pts,5,To Basket,Isolation > Top > Drives Right > To Basket > Miss 2 Pts,Isolation,Top,Drives Right,To Basket,Miss 2 Pts,,1,25.0,0.0,0.0,0.0,0.0,0,,,,0.0,,1,0.0,0.0,,,0,1,,1.0,0.0,0.0,1,0,1,0.0,0,0,0.0,0
Simi Shittu,Winnipeg Sea Bears,2025-2026,defense,Play types,Foul,5,To Basket,Isolation > Top > Drives Right > To Basket > Foul,Isolation,Top,Drives Right,To Basket,Foul,,1,25.0,0.0,0.0,0.0,100.0,0,,,,,,0,,100.0,,,0,0,,0.9,,0.0,0,0,0,,0,0,,0
Simi Shittu,Winnipeg Sea Bears,2025-2026,defense,Play types,Make 2 Pts,5,To Basket,Isolation > Top > Drives Right > To Basket > Make 2 Pts,Isolation,Top,Drives Right,To Basket,Make 2 Pts,,1,25.0,2.0,100.0,0.0,0.0,0,,,,100.0,,1,100.0,0.0,,,1,0,,1.0,0.0,100.0,1,1,0,100.0,0,0,0.0,2
Simi Shittu,Winnipeg Sea Bears,2025-2026,defense,Play types,Make 2 Pts Foul,5,To Basket,Isolation > Top > Drives Right > To Basket > Make 2 Pts Foul,Isolation,Top,Drives Right,To Basket,Make 2 Pts Foul,,1,25.0,3.0,104.2,0.0,100.0,0,,,,100.0,,1,100.0,100.0,,,1,0,,1.4,1.0,100.0,1,1,0,100.0,0,0,0.0,3
Simi Shittu,Winnipeg Sea Bears,2025-2026,defense,Play types,Early Jumper,3,Top,Isolation > Top > Early Jumper,Isolation,Top,Early Jumper,,,,3,23.1,0.0,0.0,0.0,0.0,3,0.0,,,0.0,,3,0.0,0.0,,,0,3,,3.0,0.0,0.0,0,0,0,,0,3,1.0,0
Simi Shittu,Winnipeg Sea Bears,2025-2026,defense,Play types,Dribble Jumper,4,Early Jumper,Isolation > Top > Early Jumper > Dribble Jumper,Isolation,Top,Early Jumper,Dribble Jumper,,,3,100.0,0.0,0.0,0.0,0.0,3,0.0,,,0.0,,3,0.0,0.0,,,0,3,,3.0,0.0,0.0,0,0,0,,0,3,1.0,0
Simi Shittu,Winnipeg Sea Bears,2025-2026,defense,Play types,Long/3pt,5,Dribble Jumper,Isolation > Top > Early Jumper > Dribble Jumper > Long/3pt,Isolation,Top,Early Jumper,Dribble Jumper,Long/3pt,,3,100.0,0.0,0.0,0.0,0.0,3,0.0,,,0.0,,3,0.0,0.0,,,0,3,,3.0,0.0,0.0,0,0,0,,0,3,1.0,0
Simi Shittu,Winnipeg Sea Bears,2025-2026,defense,Play types,Right,2,Isolation,Isolation > Right,Isolation,Right,,,,,5,21.7,0.4,25.0,20.0,0.0,0,,,,25.0,,4,25.0,0.0,,,1,3,,4.0,0.0,20.0,4,1,3,25.0,0,0,0.0,2
Simi Shittu,Winnipeg Sea Bears,2025-2026,defense,Play types,Drives Right,3,Right,Isolation > Right > Drives Right,Isolation,Right,Drives Right,,,,3,60.0,0.0,0.0,33.3,0.0,0,,,,0.0,,2,0.0,0.0,,,0,2,,2.0,0.0,0.0,2,0,2,0.0,0,0,0.0,0
Simi Shittu,Winnipeg Sea Bears,2025-2026,defense,Play types,Defense Commits,4,Drives Right,Isolation > Right > Drives Right > Defense Commits,Isolation,Right,Drives Right,Defense Commits,,,1,33.3,0.0,,100.0,0.0,0,,,,,,0,,0.0,,,0,0,,0.0,,0.0,0,0,0,,0,0,,0
Simi Shittu,Winnipeg Sea Bears,2025-2026,defense,Play types,Turnover,5,Defense Commits,Isolation > Right > Drives Right > Defense Commits > Turnover,Isolation,Right,Drives Right,Defense Commits,Turnover,,1,100.0,0.0,,100.0,0.0,0,,,,,,0,,0.0,,,0,0,,0.0,,0.0,0,0,0,,0,0,,0
Simi Shittu,Winnipeg Sea Bears,2025-2026,defense,Play types,Dribble Jumper,4,Drives Right,Isolation > Right > Drives Right > Dribble Jumper,Isolation,Right,Drives Right,Dribble Jumper,,,1,33.3,0.0,0.0,0.0,0.0,0,,,,0.0,,1,0.0,0.0,,,0,1,,1.0,0.0,0.0,1,0,1,0.0,0,0,0.0,0
Simi Shittu,Winnipeg Sea Bears,2025-2026,defense,Play types,Short to < 17,5,Dribble Jumper,Isolation > Right > Drives Right > Dribble Jumper > Short to < 17,Isolation,Right,Drives Right,Dribble Jumper,Short to < 17,,1,100.0,0.0,0.0,0.0,0.0,0,,,,0.0,,1,0.0,0.0,,,0,1,,1.0,0.0,0.0,1,0,1,0.0,0,0,0.0,0
Simi Shittu,Winnipeg Sea Bears,2025-2026,defense,Play types,To Basket,4,Drives Right,Isolation > Right > Drives Right > To Basket,Isolation,Right,Drives Right,To Basket,,,1,33.3,0.0,0.0,0.0,0.0,0,,,,0.0,,1,0.0,0.0,,,0,1,,1.0,0.0,0.0,1,0,1,0.0,0,0,0.0,0
Simi Shittu,Winnipeg Sea Bears,2025-2026,defense,Play types,Miss 2 Pts,5,To Basket,Isolation > Right > Drives Right > To Basket > Miss 2 Pts,Isolation,Right,Drives Right,To Basket,Miss 2 Pts,,1,100.0,0.0,0.0,0.0,0.0,0,,,,0.0,,1,0.0,0.0,,,0,1,,1.0,0.0,0.0,1,0,1,0.0,0,0,0.0,0
Simi Shittu,Winnipeg Sea Bears,2025-2026,defense,Play types,Drives Left,3,Right,Isolation > Right > Drives Left,Isolation,Right,Drives Left,,,,2,40.0,1.0,50.0,0.0,0.0,0,,,,50.0,,2,50.0,0.0,,,1,1,,2.0,0.0,50.0,2,1,1,50.0,0,0,0.0,2
Simi Shittu,Winnipeg Sea Bears,2025-2026,defense,Play types,Dribble Jumper,4,Drives Left,Isolation > Right > Drives Left > Dribble Jumper,Isolation,Right,Drives Left,Dribble Jumper,,,2,100.0,1.0,50.0,0.0,0.0,0,,,,50.0,,2,50.0,0.0,,,1,1,,2.0,0.0,50.0,2,1,1,50.0,0,0,0.0,2
Simi Shittu,Winnipeg Sea Bears,2025-2026,defense,Play types,Short to < 17,5,Dribble Jumper,Isolation > Right > Drives Left > Dribble Jumper > Short to < 17,Isolation,Right,Drives Left,Dribble Jumper,Short to < 17,,2,100.0,1.0,50.0,0.0,0.0,0,,,,50.0,,2,50.0,0.0,,,1,1,,2.0,0.0,50.0,2,1,1,50.0,0,0,0.0,2
Simi Shittu,Winnipeg Sea Bears,2025-2026,defense,Play types,Left,2,Isolation,Isolation > Left,Isolation,Left,,,,,5,21.7,1.4,70.0,0.0,0.0,2,50.0,,,60.0,,5,70.0,0.0,,,3,2,,5.0,0.0,60.0,3,2,1,66.7,1,1,0.4,7
Simi Shittu,Winnipeg Sea Bears,2025-2026,defense,Play types,Drives Right,3,Left,Isolation > Left > Drives Right,Isolation,Left,Drives Right,,,,2,40.0,1.0,50.0,0.0,0.0,0,,,,50.0,,2,50.0,0.0,,,1,1,,2.0,0.0,50.0,2,1,1,50.0,0,0,0.0,2
Simi Shittu,Winnipeg Sea Bears,2025-2026,defense,Play types,To Basket,4,Drives Right,Isolation > Left > Drives Right > To Basket,Isolation,Left,Drives Right,To Basket,,,2,100.0,1.0,50.0,0.0,0.0,0,,,,50.0,,2,50.0,0.0,,,1,1,,2.0,0.0,50.0,2,1,1,50.0,0,0,0.0,2
Simi Shittu,Winnipeg Sea Bears,2025-2026,defense,Play types,Miss 2 Pts,5,To Basket,Isolation > Left > Drives Right > To Basket > Miss 2 Pts,Isolation,Left,Drives Right,To Basket,Miss 2 Pts,,1,50.0,0.0,0.0,0.0,0.0,0,,,,0.0,,1,0.0,0.0,,,0,1,,1.0,0.0,0.0,1,0,1,0.0,0,0,0.0,0
Simi Shittu,Winnipeg Sea Bears,2025-2026,defense,Play types,Make 2 Pts,5,To Basket,Isolation > Left > Drives Right > To Basket > Make 2 Pts,Isolation,Left,Drives Right,To Basket,Make 2 Pts,,1,50.0,2.0,100.0,0.0,0.0,0,,,,100.0,,1,100.0,0.0,,,1,0,,1.0,0.0,100.0,1,1,0,100.0,0,0,0.0,2
Simi Shittu,Winnipeg Sea Bears,2025-2026,defense,Play types,Early Jumper,3,Left,Isolation > Left > Early Jumper,Isolation,Left,Early Jumper,,,,2,40.0,1.5,75.0,0.0,0.0,2,50.0,,,50.0,,2,75.0,0.0,,,1,1,,2.0,0.0,50.0,0,0,0,,1,1,1.0,3
Simi Shittu,Winnipeg Sea Bears,2025-2026,defense,Play types,Dribble Jumper,4,Early Jumper,Isolation > Left > Early Jumper > Dribble Jumper,Isolation,Left,Early Jumper,Dribble Jumper,,,2,100.0,1.5,75.0,0.0,0.0,2,50.0,,,50.0,,2,75.0,0.0,,,1,1,,2.0,0.0,50.0,0,0,0,,1,1,1.0,3
Simi Shittu,Winnipeg Sea Bears,2025-2026,defense,Play types,Long/3pt,5,Dribble Jumper,Isolation > Left > Early Jumper > Dribble Jumper > Long/3pt,Isolation,Left,Early Jumper,Dribble Jumper,Long/3pt,,2,100.0,1.5,75.0,0.0,0.0,2,50.0,,,50.0,,2,75.0,0.0,,,1,1,,2.0,0.0,50.0,0,0,0,,1,1,1.0,3
Simi Shittu,Winnipeg Sea Bears,2025-2026,defense,Play types,Drives Left,3,Left,Isolation > Left > Drives Left,Isolation,Left,Drives Left,,,,1,20.0,2.0,100.0,0.0,0.0,0,,,,100.0,,1,100.0,0.0,,,1,0,,1.0,0.0,100.0,1,1,0,100.0,0,0,0.0,2
Simi Shittu,Winnipeg Sea Bears,2025-2026,defense,Play types,Dribble Jumper,4,Drives Left,Isolation > Left > Drives Left > Dribble Jumper,Isolation,Left,Drives Left,Dribble Jumper,,,1,100.0,2.0,100.0,0.0,0.0,0,,,,100.0,,1,100.0,0.0,,,1,0,,1.0,0.0,100.0,1,1,0,100.0,0,0,0.0,2
Simi Shittu,Winnipeg Sea Bears,2025-2026,defense,Play types,Short to < 17,5,Dribble Jumper,Isolation > Left > Drives Left > Dribble Jumper > Short to < 17,Isolation,Left,Drives Left,Dribble Jumper,Short to < 17,,1,100.0,2.0,100.0,0.0,0.0,0,,,,100.0,,1,100.0,0.0,,,1,0,,1.0,0.0,100.0,1,1,0,100.0,0,0,0.0,2
Simi Shittu,Winnipeg Sea Bears,2025-2026,defense,Play types,Post-Up,1,,Post-Up,Post-Up,,,,,,20,20.0,0.6,31.6,5.0,0.0,0,,Excellent,83.0,31.6,88.0,19,31.6,0.0,,,6,13,,19.0,0.0,30.0,19,6,13,31.6,0,0,0.0,12
Simi Shittu,Winnipeg Sea Bears,2025-2026,defense,Play types,Post-Up - Overall,2,Post-Up,Post-Up > Post-Up - Overall,Post-Up,Post-Up - Overall,,,,,20,100.0,0.6,31.6,5.0,0.0,0,,,,31.6,,19,31.6,0.0,,,6,13,,19.0,0.0,30.0,19,6,13,31.6,0,0,0.0,12
Simi Shittu,Winnipeg Sea Bears,2025-2026,defense,Play types,Left Shoulder,3,Post-Up - Overall,Post-Up > Post-Up - Overall > Left Shoulder,Post-Up,Post-Up - Overall,Left Shoulder,,,,12,60.0,0.667,36.4,8.3,0.0,0,,,,36.4,,11,36.4,0.0,,,4,7,,11.0,0.0,33.3,11,4,7,36.4,0,0,0.0,8
Simi Shittu,Winnipeg Sea Bears,2025-2026,defense,Play types,Right Shoulder,3,Post-Up - Overall,Post-Up > Post-Up - Overall > Right Shoulder,Post-Up,Post-Up - Overall,Right Shoulder,,,,5,25.0,0.4,20.0,0.0,0.0,0,,,,20.0,,5,20.0,0.0,,,1,4,,5.0,0.0,20.0,5,1,4,20.0,0,0,0.0,2
Simi Shittu,Winnipeg Sea Bears,2025-2026,defense,Play types,Face-Up,3,Post-Up - Overall,Post-Up > Post-Up - Overall > Face-Up,Post-Up,Post-Up - Overall,Face-Up,,,,3,15.0,0.667,33.3,0.0,0.0,0,,,,33.3,,3,33.3,0.0,,,1,2,,3.0,0.0,33.3,3,1,2,33.3,0,0,0.0,2
Simi Shittu,Winnipeg Sea Bears,2025-2026,defense,Play types,Right Block,2,Post-Up,Post-Up > Right Block,Post-Up,Right Block,,,,,9,45.0,0.667,37.5,11.1,0.0,0,,,,37.5,,8,37.5,0.0,,,3,5,,8.0,0.0,33.3,8,3,5,37.5,0,0,0.0,6
Simi Shittu,Winnipeg Sea Bears,2025-2026,defense,Play types,Left Shoulder,3,Right Block,Post-Up > Right Block > Left Shoulder,Post-Up,Right Block,Left Shoulder,,,,5,55.6,0.8,50.0,20.0,0.0,0,,,,50.0,,4,50.0,0.0,,,2,2,,4.0,0.0,40.0,4,2,2,50.0,0,0,0.0,4
Simi Shittu,Winnipeg Sea Bears,2025-2026,defense,Play types,Dribble Move,4,Left Shoulder,Post-Up > Right Block > Left Shoulder > Dribble Move,Post-Up,Right Block,Left Shoulder,Dribble Move,,,5,100.0,0.8,50.0,20.0,0.0,0,,,,50.0,,4,50.0,0.0,,,2,2,,4.0,0.0,40.0,4,2,2,50.0,0,0,0.0,4
Simi Shittu,Winnipeg Sea Bears,2025-2026,defense,Play types,To Basket,5,Dribble Move,Post-Up > Right Block > Left Shoulder > Dribble Move > To Basket,Post-Up,Right Block,Left Shoulder,Dribble Move,To Basket,,2,40.0,1.0,100.0,50.0,0.0,0,,,,100.0,,1,100.0,0.0,,,1,0,,1.0,0.0,50.0,1,1,0,100.0,0,0,0.0,2
Simi Shittu,Winnipeg Sea Bears,2025-2026,defense,Play types,To Drop Step,5,Dribble Move,Post-Up > Right Block > Left Shoulder > Dribble Move > To Drop Step,Post-Up,Right Block,Left Shoulder,Dribble Move,To Drop Step,,2,40.0,1.0,50.0,0.0,0.0,0,,,,50.0,,2,50.0,0.0,,,1,1,,2.0,0.0,50.0,2,1,1,50.0,0,0,0.0,2
Simi Shittu,Winnipeg Sea Bears,2025-2026,defense,Play types,To Hook,5,Dribble Move,Post-Up > Right Block > Left Shoulder > Dribble Move > To Hook,Post-Up,Right Block,Left Shoulder,Dribble Move,To Hook,,1,20.0,0.0,0.0,0.0,0.0,0,,,,0.0,,1,0.0,0.0,,,0,1,,1.0,0.0,0.0,1,0,1,0.0,0,0,0.0,0
Simi Shittu,Winnipeg Sea Bears,2025-2026,defense,Play types,Right Shoulder,3,Right Block,Post-Up > Right Block > Right Shoulder,Post-Up,Right Block,Right Shoulder,,,,2,22.2,0.0,0.0,0.0,0.0,0,,,,0.0,,2,0.0,0.0,,,0,2,,2.0,0.0,0.0,2,0,2,0.0,0,0,0.0,0
Simi Shittu,Winnipeg Sea Bears,2025-2026,defense,Play types,Dribble Move,4,Right Shoulder,Post-Up > Right Block > Right Shoulder > Dribble Move,Post-Up,Right Block,Right Shoulder,Dribble Move,,,2,100.0,0.0,0.0,0.0,0.0,0,,,,0.0,,2,0.0,0.0,,,0,2,,2.0,0.0,0.0,2,0,2,0.0,0,0,0.0,0
Simi Shittu,Winnipeg Sea Bears,2025-2026,defense,Play types,To Jumper,5,Dribble Move,Post-Up > Right Block > Right Shoulder > Dribble Move > To Jumper,Post-Up,Right Block,Right Shoulder,Dribble Move,To Jumper,,1,50.0,0.0,0.0,0.0,0.0,0,,,,0.0,,1,0.0,0.0,,,0,1,,1.0,0.0,0.0,1,0,1,0.0,0,0,0.0,0
Simi Shittu,Winnipeg Sea Bears,2025-2026,defense,Play types,To Hook,5,Dribble Move,Post-Up > Right Block > Right Shoulder > Dribble Move > To Hook,Post-Up,Right Block,Right Shoulder,Dribble Move,To Hook,,1,50.0,0.0,0.0,0.0,0.0,0,,,,0.0,,1,0.0,0.0,,,0,1,,1.0,0.0,0.0,1,0,1,0.0,0,0,0.0,0
Simi Shittu,Winnipeg Sea Bears,2025-2026,defense,Play types,Face-up,3,Right Block,Post-Up > Right Block > Face-up,Post-Up,Right Block,Face-up,,,,2,22.2,1.0,50.0,0.0,0.0,0,,,,50.0,,2,50.0,0.0,,,1,1,,2.0,0.0,50.0,2,1,1,50.0,0,0,0.0,2
Simi Shittu,Winnipeg Sea Bears,2025-2026,defense,Play types,Jumper,4,Face-up,Post-Up > Right Block > Face-up > Jumper,Post-Up,Right Block,Face-up,Jumper,,,1,50.0,2.0,100.0,0.0,0.0,0,,,,100.0,,1,100.0,0.0,,,1,0,,1.0,0.0,100.0,1,1,0,100.0,0,0,0.0,2
Simi Shittu,Winnipeg Sea Bears,2025-2026,defense,Play types,Make 2 Pts,5,Jumper,Post-Up > Right Block > Face-up > Jumper > Make 2 Pts,Post-Up,Right Block,Face-up,Jumper,Make 2 Pts,,1,100.0,2.0,100.0,0.0,0.0,0,,,,100.0,,1,100.0,0.0,,,1,0,,1.0,0.0,100.0,1,1,0,100.0,0,0,0.0,2
Simi Shittu,Winnipeg Sea Bears,2025-2026,defense,Play types,Drive Baseline,4,Face-up,Post-Up > Right Block > Face-up > Drive Baseline,Post-Up,Right Block,Face-up,Drive Baseline,,,1,50.0,0.0,0.0,0.0,0.0,0,,,,0.0,,1,0.0,0.0,,,0,1,,1.0,0.0,0.0,1,0,1,0.0,0,0,0.0,0
Simi Shittu,Winnipeg Sea Bears,2025-2026,defense,Play types,Miss 2 Pts,5,Drive Baseline,Post-Up > Right Block > Face-up > Drive Baseline > Miss 2 Pts,Post-Up,Right Block,Face-up,Drive Baseline,Miss 2 Pts,,1,100.0,0.0,0.0,0.0,0.0,0,,,,0.0,,1,0.0,0.0,,,0,1,,1.0,0.0,0.0,1,0,1,0.0,0,0,0.0,0
Simi Shittu,Winnipeg Sea Bears,2025-2026,defense,Play types,Left Block,2,Post-Up,Post-Up > Left Block,Post-Up,Left Block,,,,,8,40.0,0.5,25.0,0.0,0.0,0,,,,25.0,,8,25.0,0.0,,,2,6,,8.0,0.0,25.0,8,2,6,25.0,0,0,0.0,4
Simi Shittu,Winnipeg Sea Bears,2025-2026,defense,Play types,Left Shoulder,3,Left Block,Post-Up > Left Block > Left Shoulder,Post-Up,Left Block,Left Shoulder,,,,5,62.5,0.4,20.0,0.0,0.0,0,,,,20.0,,5,20.0,0.0,,,1,4,,5.0,0.0,20.0,5,1,4,20.0,0,0,0.0,2
Simi Shittu,Winnipeg Sea Bears,2025-2026,defense,Play types,Dribble Move,4,Left Shoulder,Post-Up > Left Block > Left Shoulder > Dribble Move,Post-Up,Left Block,Left Shoulder,Dribble Move,,,5,100.0,0.4,20.0,0.0,0.0,0,,,,20.0,,5,20.0,0.0,,,1,4,,5.0,0.0,20.0,5,1,4,20.0,0,0,0.0,2
Simi Shittu,Winnipeg Sea Bears,2025-2026,defense,Play types,To Hook,5,Dribble Move,Post-Up > Left Block > Left Shoulder > Dribble Move > To Hook,Post-Up,Left Block,Left Shoulder,Dribble Move,To Hook,,5,100.0,0.4,20.0,0.0,0.0,0,,,,20.0,,5,20.0,0.0,,,1,4,,5.0,0.0,20.0,5,1,4,20.0,0,0,0.0,2
Simi Shittu,Winnipeg Sea Bears,2025-2026,defense,Play types,Right Shoulder,3,Left Block,Post-Up > Left Block > Right Shoulder,Post-Up,Left Block,Right Shoulder,,,,2,25.0,1.0,50.0,0.0,0.0,0,,,,50.0,,2,50.0,0.0,,,1,1,,2.0,0.0,50.0,2,1,1,50.0,0,0,0.0,2
Simi Shittu,Winnipeg Sea Bears,2025-2026,defense,Play types,Dribble Move,4,Right Shoulder,Post-Up > Left Block > Right Shoulder > Dribble Move,Post-Up,Left Block,Right Shoulder,Dribble Move,,,2,100.0,1.0,50.0,0.0,0.0,0,,,,50.0,,2,50.0,0.0,,,1,1,,2.0,0.0,50.0,2,1,1,50.0,0,0,0.0,2
Simi Shittu,Winnipeg Sea Bears,2025-2026,defense,Play types,To Basket,5,Dribble Move,Post-Up > Left Block > Right Shoulder > Dribble Move > To Basket,Post-Up,Left Block,Right Shoulder,Dribble Move,To Basket,,1,50.0,2.0,100.0,0.0,0.0,0,,,,100.0,,1,100.0,0.0,,,1,0,,1.0,0.0,100.0,1,1,0,100.0,0,0,0.0,2
Simi Shittu,Winnipeg Sea Bears,2025-2026,defense,Play types,To Drop Step,5,Dribble Move,Post-Up > Left Block > Right Shoulder > Dribble Move > To Drop Step,Post-Up,Left Block,Right Shoulder,Dribble Move,To Drop Step,,1,50.0,0.0,0.0,0.0,0.0,0,,,,0.0,,1,0.0,0.0,,,0,1,,1.0,0.0,0.0,1,0,1,0.0,0,0,0.0,0
Simi Shittu,Winnipeg Sea Bears,2025-2026,defense,Play types,Face-up,3,Left Block,Post-Up > Left Block > Face-up,Post-Up,Left Block,Face-up,,,,1,12.5,0.0,0.0,0.0,0.0,0,,,,0.0,,1,0.0,0.0,,,0,1,,1.0,0.0,0.0,1,0,1,0.0,0,0,0.0,0
Simi Shittu,Winnipeg Sea Bears,2025-2026,defense,Play types,Drive Middle,4,Face-up,Post-Up > Left Block > Face-up > Drive Middle,Post-Up,Left Block,Face-up,Drive Middle,,,1,100.0,0.0,0.0,0.0,0.0,0,,,,0.0,,1,0.0,0.0,,,0,1,,1.0,0.0,0.0,1,0,1,0.0,0,0,0.0,0
Simi Shittu,Winnipeg Sea Bears,2025-2026,defense,Play types,Miss 2 Pts,5,Drive Middle,Post-Up > Left Block > Face-up > Drive Middle > Miss 2 Pts,Post-Up,Left Block,Face-up,Drive Middle,Miss 2 Pts,,1,100.0,0.0,0.0,0.0,0.0,0,,,,0.0,,1,0.0,0.0,,,0,1,,1.0,0.0,0.0,1,0,1,0.0,0,0,0.0,0
Simi Shittu,Winnipeg Sea Bears,2025-2026,defense,Play types,Flash Middle,2,Post-Up,Post-Up > Flash Middle,Post-Up,Flash Middle,,,,,3,15.0,0.667,33.3,0.0,0.0,0,,,,33.3,,3,33.3,0.0,,,1,2,,3.0,0.0,33.3,3,1,2,33.3,0,0,0.0,2
Simi Shittu,Winnipeg Sea Bears,2025-2026,defense,Play types,Left Shoulder,3,Flash Middle,Post-Up > Flash Middle > Left Shoulder,Post-Up,Flash Middle,Left Shoulder,,,,2,66.7,1.0,50.0,0.0,0.0,0,,,,50.0,,2,50.0,0.0,,,1,1,,2.0,0.0,50.0,2,1,1,50.0,0,0,0.0,2
Simi Shittu,Winnipeg Sea Bears,2025-2026,defense,Play types,Dribble Move,4,Left Shoulder,Post-Up > Flash Middle > Left Shoulder > Dribble Move,Post-Up,Flash Middle,Left Shoulder,Dribble Move,,,1,50.0,2.0,100.0,0.0,0.0,0,,,,100.0,,1,100.0,0.0,,,1,0,,1.0,0.0,100.0,1,1,0,100.0,0,0,0.0,2
Simi Shittu,Winnipeg Sea Bears,2025-2026,defense,Play types,To Basket,5,Dribble Move,Post-Up > Flash Middle > Left Shoulder > Dribble Move > To Basket,Post-Up,Flash Middle,Left Shoulder,Dribble Move,To Basket,,1,100.0,2.0,100.0,0.0,0.0,0,,,,100.0,,1,100.0,0.0,,,1,0,,1.0,0.0,100.0,1,1,0,100.0,0,0,0.0,2
Simi Shittu,Winnipeg Sea Bears,2025-2026,defense,Play types,No Dribble Move,4,Left Shoulder,Post-Up > Flash Middle > Left Shoulder > No Dribble Move,Post-Up,Flash Middle,Left Shoulder,No Dribble Move,,,1,50.0,0.0,0.0,0.0,0.0,0,,,,0.0,,1,0.0,0.0,,,0,1,,1.0,0.0,0.0,1,0,1,0.0,0,0,0.0,0
Simi Shittu,Winnipeg Sea Bears,2025-2026,defense,Play types,To Hook,5,No Dribble Move,Post-Up > Flash Middle > Left Shoulder > No Dribble Move > To Hook,Post-Up,Flash Middle,Left Shoulder,No Dribble Move,To Hook,,1,100.0,0.0,0.0,0.0,0.0,0,,,,0.0,,1,0.0,0.0,,,0,1,,1.0,0.0,0.0,1,0,1,0.0,0,0,0.0,0
Simi Shittu,Winnipeg Sea Bears,2025-2026,defense,Play types,Right Shoulder,3,Flash Middle,Post-Up > Flash Middle > Right Shoulder,Post-Up,Flash Middle,Right Shoulder,,,,1,33.3,0.0,0.0,0.0,0.0,0,,,,0.0,,1,0.0,0.0,,,0,1,,1.0,0.0,0.0,1,0,1,0.0,0,0,0.0,0
Simi Shittu,Winnipeg Sea Bears,2025-2026,defense,Play types,Dribble Move,4,Right Shoulder,Post-Up > Flash Middle > Right Shoulder > Dribble Move,Post-Up,Flash Middle,Right Shoulder,Dribble Move,,,1,100.0,0.0,0.0,0.0,0.0,0,,,,0.0,,1,0.0,0.0,,,0,1,,1.0,0.0,0.0,1,0,1,0.0,0,0,0.0,0
Simi Shittu,Winnipeg Sea Bears,2025-2026,defense,Play types,To Drop Step,5,Dribble Move,Post-Up > Flash Middle > Right Shoulder > Dribble Move > To Drop Step,Post-Up,Flash Middle,Right Shoulder,Dribble Move,To Drop Step,,1,100.0,0.0,0.0,0.0,0.0,0,,,,0.0,,1,0.0,0.0,,,0,1,,1.0,0.0,0.0,1,0,1,0.0,0,0,0.0,0
Simi Shittu,Winnipeg Sea Bears,2025-2026,defense,Play types,P&R Roll Man,1,,P&R Roll Man,P&R Roll Man,,,,,,10,10.0,0.8,44.4,10.0,0.0,6,33.3,Very Good,71.0,33.3,36.0,9,44.4,0.0,,,3,6,,9.0,0.0,30.0,3,1,2,33.3,2,4,0.67,8
Simi Shittu,Winnipeg Sea Bears,2025-2026,defense,Play types,Pick and Pops,2,P&R Roll Man,P&R Roll Man > Pick and Pops,P&R Roll Man,Pick and Pops,,,,,7,70.0,0.714,35.7,0.0,0.0,5,20.0,,,28.6,,7,35.7,0.0,,,2,5,,7.0,0.0,28.6,2,1,1,50.0,1,4,0.71,5
Simi Shittu,Winnipeg Sea Bears,2025-2026,defense,Play types,No Dribble Jumper,3,Pick and Pops,P&R Roll Man > Pick and Pops > No Dribble Jumper,P&R Roll Man,Pick and Pops,No Dribble Jumper,,,,6,85.7,0.833,41.7,0.0,0.0,5,20.0,,,33.3,,6,41.7,0.0,,,2,4,,6.0,0.0,33.3,1,1,0,100.0,1,4,0.83,5
Simi Shittu,Winnipeg Sea Bears,2025-2026,defense,Play types,Open,4,No Dribble Jumper,P&R Roll Man > Pick and Pops > No Dribble Jumper > Open,P&R Roll Man,Pick and Pops,No Dribble Jumper,Open,,,4,66.7,1.25,62.5,0.0,0.0,3,33.3,,,50.0,,4,62.5,0.0,,,2,2,,4.0,0.0,50.0,1,1,0,100.0,1,2,0.75,5
Simi Shittu,Winnipeg Sea Bears,2025-2026,defense,Play types,Long/3pt,5,Open,P&R Roll Man > Pick and Pops > No Dribble Jumper > Open > Long/3pt,P&R Roll Man,Pick and Pops,No Dribble Jumper,Open,Long/3pt,,3,75.0,1.0,50.0,0.0,0.0,3,33.3,,,33.3,,3,50.0,0.0,,,1,2,,3.0,0.0,33.3,0,0,0,,1,2,1.0,3
Simi Shittu,Winnipeg Sea Bears,2025-2026,defense,Play types,Medium/17' to 3pt,5,Open,P&R Roll Man > Pick and Pops > No Dribble Jumper > Open > Medium/17' to 3pt,P&R Roll Man,Pick and Pops,No Dribble Jumper,Open,Medium/17' to 3pt,,1,25.0,2.0,100.0,0.0,0.0,0,,,,100.0,,1,100.0,0.0,,,1,0,,1.0,0.0,100.0,1,1,0,100.0,0,0,0.0,2
Simi Shittu,Winnipeg Sea Bears,2025-2026,defense,Play types,Guarded,4,No Dribble Jumper,P&R Roll Man > Pick and Pops > No Dribble Jumper > Guarded,P&R Roll Man,Pick and Pops,No Dribble Jumper,Guarded,,,2,33.3,0.0,0.0,0.0,0.0,2,0.0,,,0.0,,2,0.0,0.0,,,0,2,,2.0,0.0,0.0,0,0,0,,0,2,1.0,0
Simi Shittu,Winnipeg Sea Bears,2025-2026,defense,Play types,Long/3pt,5,Guarded,P&R Roll Man > Pick and Pops > No Dribble Jumper > Guarded > Long/3pt,P&R Roll Man,Pick and Pops,No Dribble Jumper,Guarded,Long/3pt,,2,100.0,0.0,0.0,0.0,0.0,2,0.0,,,0.0,,2,0.0,0.0,,,0,2,,2.0,0.0,0.0,0,0,0,,0,2,1.0,0
Simi Shittu,Winnipeg Sea Bears,2025-2026,defense,Play types,Drives Straight,3,Pick and Pops,P&R Roll Man > Pick and Pops > Drives Straight,P&R Roll Man,Pick and Pops,Drives Straight,,,,1,14.3,0.0,0.0,0.0,0.0,0,,,,0.0,,1,0.0,0.0,,,0,1,,1.0,0.0,0.0,1,0,1,0.0,0,0,0.0,0
Simi Shittu,Winnipeg Sea Bears,2025-2026,defense,Play types,Dribble Jumper,4,Drives Straight,P&R Roll Man > Pick and Pops > Drives Straight > Dribble Jumper,P&R Roll Man,Pick and Pops,Drives Straight,Dribble Jumper,,,1,100.0,0.0,0.0,0.0,0.0,0,,,,0.0,,1,0.0,0.0,,,0,1,,1.0,0.0,0.0,1,0,1,0.0,0,0,0.0,0
Simi Shittu,Winnipeg Sea Bears,2025-2026,defense,Play types,Medium/17' to 3pt,5,Dribble Jumper,P&R Roll Man > Pick and Pops > Drives Straight > Dribble Jumper > Medium/17' to 3pt,P&R Roll Man,Pick and Pops,Drives Straight,Dribble Jumper,Medium/17' to 3pt,,1,100.0,0.0,0.0,0.0,0.0,0,,,,0.0,,1,0.0,0.0,,,0,1,,1.0,0.0,0.0,1,0,1,0.0,0,0,0.0,0
Simi Shittu,Winnipeg Sea Bears,2025-2026,defense,Play types,Slips the Pick,2,P&R Roll Man,P&R Roll Man > Slips the Pick,P&R Roll Man,Slips the Pick,,,,,3,30.0,1.0,75.0,33.3,0.0,1,100.0,,,50.0,,2,75.0,0.0,,,1,1,,2.0,0.0,33.3,1,0,1,0.0,1,0,0.5,3
Simi Shittu,Winnipeg Sea Bears,2025-2026,defense,Play types,Dribble Jumper,3,Slips the Pick,P&R Roll Man > Slips the Pick > Dribble Jumper,P&R Roll Man,Slips the Pick,Dribble Jumper,,,,1,33.3,3.0,150.0,0.0,0.0,1,100.0,,,100.0,,1,150.0,0.0,,,1,0,,1.0,0.0,100.0,0,0,0,,1,0,1.0,3
Simi Shittu,Winnipeg Sea Bears,2025-2026,defense,Play types,Long/3pt,4,Dribble Jumper,P&R Roll Man > Slips the Pick > Dribble Jumper > Long/3pt,P&R Roll Man,Slips the Pick,Dribble Jumper,Long/3pt,,,1,100.0,3.0,150.0,0.0,0.0,1,100.0,,,100.0,,1,150.0,0.0,,,1,0,,1.0,0.0,100.0,0,0,0,,1,0,1.0,3
Simi Shittu,Winnipeg Sea Bears,2025-2026,defense,Play types,Make 3 Pts,5,Long/3pt,P&R Roll Man > Slips the Pick > Dribble Jumper > Long/3pt > Make 3 Pts,P&R Roll Man,Slips the Pick,Dribble Jumper,Long/3pt,Make 3 Pts,,1,100.0,3.0,150.0,0.0,0.0,1,100.0,,,100.0,,1,150.0,0.0,,,1,0,,1.0,0.0,100.0,0,0,0,,1,0,1.0,3
Simi Shittu,Winnipeg Sea Bears,2025-2026,defense,Play types,To Basket,3,Slips the Pick,P&R Roll Man > Slips the Pick > To Basket,P&R Roll Man,Slips the Pick,To Basket,,,,1,33.3,0.0,0.0,0.0,0.0,0,,,,0.0,,1,0.0,0.0,,,0,1,,1.0,0.0,0.0,1,0,1,0.0,0,0,0.0,0
Simi Shittu,Winnipeg Sea Bears,2025-2026,defense,Play types,Miss 2 Pts,4,To Basket,P&R Roll Man > Slips the Pick > To Basket > Miss 2 Pts,P&R Roll Man,Slips the Pick,To Basket,Miss 2 Pts,,,1,100.0,0.0,0.0,0.0,0.0,0,,,,0.0,,1,0.0,0.0,,,0,1,,1.0,0.0,0.0,1,0,1,0.0,0,0,0.0,0
Simi Shittu,Winnipeg Sea Bears,2025-2026,defense,Play types,Turnover,3,Slips the Pick,P&R Roll Man > Slips the Pick > Turnover,P&R Roll Man,Slips the Pick,Turnover,,,,1,33.3,0.0,,100.0,0.0,0,,,,,,0,,0.0,,,0,0,,0.0,,0.0,0,0,0,,0,0,,0
Simi Shittu,Winnipeg Sea Bears,2025-2026,defense,Play types,P&R Ball Handler,1,,P&R Ball Handler,P&R Ball Handler,,,,,,8,8.0,0.5,25.4,0.0,12.5,3,0.0,,,14.3,,7,14.3,12.5,,,1,6,,7.9,0.29,25.0,4,1,3,25.0,0,3,0.43,4
Simi Shittu,Winnipeg Sea Bears,2025-2026,defense,Play types,P&R Ball Handler - Overall,2,P&R Ball Handler,P&R Ball Handler > P&R Ball Handler - Overall,P&R Ball Handler,P&R Ball Handler - Overall,,,,,8,100.0,0.5,25.4,0.0,12.5,3,0.0,,,14.3,,7,14.3,12.5,,,1,6,,7.9,0.29,25.0,4,1,3,25.0,0,3,0.43,4
Simi Shittu,Winnipeg Sea Bears,2025-2026,defense,Play types,High P&R,2,P&R Ball Handler,P&R Ball Handler > High P&R,P&R Ball Handler,High P&R,,,,,6,75.0,0.667,34.0,0.0,16.7,2,0.0,,,20.0,,5,20.0,16.7,,,1,4,,5.9,0.4,33.3,3,1,2,33.3,0,2,0.4,4
Simi Shittu,Winnipeg Sea Bears,2025-2026,defense,Play types,Dribble Off Pick,3,High P&R,P&R Ball Handler > High P&R > Dribble Off Pick,P&R Ball Handler,High P&R,Dribble Off Pick,,,,4,66.7,0.5,25.8,0.0,25.0,1,0.0,,,0.0,,3,0.0,25.0,,,0,3,,3.9,0.67,25.0,2,0,2,0.0,0,1,0.33,2
Simi Shittu,Winnipeg Sea Bears,2025-2026,defense,Play types,To Basket,4,Dribble Off Pick,P&R Ball Handler > High P&R > Dribble Off Pick > To Basket,P&R Ball Handler,High P&R,Dribble Off Pick,To Basket,,,3,75.0,0.667,34.7,0.0,33.3,0,,,,0.0,,2,0.0,33.3,,,0,2,,2.9,1.0,33.3,2,0,2,0.0,0,0,0.0,2
Simi Shittu,Winnipeg Sea Bears,2025-2026,defense,Play types,Miss 2 Pts,5,To Basket,P&R Ball Handler > High P&R > Dribble Off Pick > To Basket > Miss 2 Pts,P&R Ball Handler,High P&R,Dribble Off Pick,To Basket,Miss 2 Pts,,2,66.7,0.0,0.0,0.0,0.0,0,,,,0.0,,2,0.0,0.0,,,0,2,,2.0,0.0,0.0,2,0,2,0.0,0,0,0.0,0
Simi Shittu,Winnipeg Sea Bears,2025-2026,defense,Play types,Foul,5,To Basket,P&R Ball Handler > High P&R > Dribble Off Pick > To Basket > Foul,P&R Ball Handler,High P&R,Dribble Off Pick,To Basket,Foul,,1,33.3,2.0,113.6,0.0,100.0,0,,,,,,0,,100.0,,,0,0,,0.9,,100.0,0,0,0,,0,0,,2
Simi Shittu,Winnipeg Sea Bears,2025-2026,defense,Play types,Dribble Jumper,4,Dribble Off Pick,P&R Ball Handler > High P&R > Dribble Off Pick > Dribble Jumper,P&R Ball Handler,High P&R,Dribble Off Pick,Dribble Jumper,,,1,25.0,0.0,0.0,0.0,0.0,1,0.0,,,0.0,,1,0.0,0.0,,,0,1,,1.0,0.0,0.0,0,0,0,,0,1,1.0,0
Simi Shittu,Winnipeg Sea Bears,2025-2026,defense,Play types,Long/3pt,5,Dribble Jumper,P&R Ball Handler > High P&R > Dribble Off Pick > Dribble Jumper > Long/3pt,P&R Ball Handler,High P&R,Dribble Off Pick,Dribble Jumper,Long/3pt,,1,100.0,0.0,0.0,0.0,0.0,1,0.0,,,0.0,,1,0.0,0.0,,,0,1,,1.0,0.0,0.0,0,0,0,,0,1,1.0,0
Simi Shittu,Winnipeg Sea Bears,2025-2026,defense,Play types,Go Away from Pick,3,High P&R,P&R Ball Handler > High P&R > Go Away from Pick,P&R Ball Handler,High P&R,Go Away from Pick,,,,1,16.7,2.0,100.0,0.0,0.0,0,,,,100.0,,1,100.0,0.0,,,1,0,,1.0,0.0,100.0,1,1,0,100.0,0,0,0.0,2
Simi Shittu,Winnipeg Sea Bears,2025-2026,defense,Play types,Dribble Jumper,4,Go Away from Pick,P&R Ball Handler > High P&R > Go Away from Pick > Dribble Jumper,P&R Ball Handler,High P&R,Go Away from Pick,Dribble Jumper,,,1,100.0,2.0,100.0,0.0,0.0,0,,,,100.0,,1,100.0,0.0,,,1,0,,1.0,0.0,100.0,1,1,0,100.0,0,0,0.0,2
Simi Shittu,Winnipeg Sea Bears,2025-2026,defense,Play types,Short to < 17,5,Dribble Jumper,P&R Ball Handler > High P&R > Go Away from Pick > Dribble Jumper > Short to < 17,P&R Ball Handler,High P&R,Go Away from Pick,Dribble Jumper,Short to < 17,,1,100.0,2.0,100.0,0.0,0.0,0,,,,100.0,,1,100.0,0.0,,,1,0,,1.0,0.0,100.0,1,1,0,100.0,0,0,0.0,2
Simi Shittu,Winnipeg Sea Bears,2025-2026,defense,Play types,Takes Early Jump Shot,3,High P&R,P&R Ball Handler > High P&R > Takes Early Jump Shot,P&R Ball Handler,High P&R,Takes Early Jump Shot,,,,1,16.7,0.0,0.0,0.0,0.0,1,0.0,,,0.0,,1,0.0,0.0,,,0,1,,1.0,0.0,0.0,0,0,0,,0,1,1.0,0
Simi Shittu,Winnipeg Sea Bears,2025-2026,defense,Play types,Dribble Jumper,4,Takes Early Jump Shot,P&R Ball Handler > High P&R > Takes Early Jump Shot > Dribble Jumper,P&R Ball Handler,High P&R,Takes Early Jump Shot,Dribble Jumper,,,1,100.0,0.0,0.0,0.0,0.0,1,0.0,,,0.0,,1,0.0,0.0,,,0,1,,1.0,0.0,0.0,0,0,0,,0,1,1.0,0
Simi Shittu,Winnipeg Sea Bears,2025-2026,defense,Play types,Long/3pt,5,Dribble Jumper,P&R Ball Handler > High P&R > Takes Early Jump Shot > Dribble Jumper > Long/3pt,P&R Ball Handler,High P&R,Takes Early Jump Shot,Dribble Jumper,Long/3pt,,1,100.0,0.0,0.0,0.0,0.0,1,0.0,,,0.0,,1,0.0,0.0,,,0,1,,1.0,0.0,0.0,0,0,0,,0,1,1.0,0
Simi Shittu,Winnipeg Sea Bears,2025-2026,defense,Play types,Right P&R,2,P&R Ball Handler,P&R Ball Handler > Right P&R,P&R Ball Handler,Right P&R,,,,,2,25.0,0.0,0.0,0.0,0.0,1,0.0,,,0.0,,2,0.0,0.0,,,0,2,,2.0,0.0,0.0,1,0,1,0.0,0,1,0.5,0
Simi Shittu,Winnipeg Sea Bears,2025-2026,defense,Play types,Baseline,3,Right P&R,P&R Ball Handler > Right P&R > Baseline,P&R Ball Handler,Right P&R,Baseline,,,,2,100.0,0.0,0.0,0.0,0.0,1,0.0,,,0.0,,2,0.0,0.0,,,0,2,,2.0,0.0,0.0,1,0,1,0.0,0,1,0.5,0
Simi Shittu,Winnipeg Sea Bears,2025-2026,defense,Play types,Takes Early Jump Shot,4,Baseline,P&R Ball Handler > Right P&R > Baseline > Takes Early Jump Shot,P&R Ball Handler,Right P&R,Baseline,Takes Early Jump Shot,,,1,50.0,0.0,0.0,0.0,0.0,1,0.0,,,0.0,,1,0.0,0.0,,,0,1,,1.0,0.0,0.0,0,0,0,,0,1,1.0,0
Simi Shittu,Winnipeg Sea Bears,2025-2026,defense,Play types,Dribble Jumper,5,Takes Early Jump Shot,P&R Ball Handler > Right P&R > Baseline > Takes Early Jump Shot > Dribble Jumper,P&R Ball Handler,Right P&R,Baseline,Takes Early Jump Shot,Dribble Jumper,,1,100.0,0.0,0.0,0.0,0.0,1,0.0,,,0.0,,1,0.0,0.0,,,0,1,,1.0,0.0,0.0,0,0,0,,0,1,1.0,0
Simi Shittu,Winnipeg Sea Bears,2025-2026,defense,Play types,Dribble Off Pick,4,Baseline,P&R Ball Handler > Right P&R > Baseline > Dribble Off Pick,P&R Ball Handler,Right P&R,Baseline,Dribble Off Pick,,,1,50.0,0.0,0.0,0.0,0.0,0,,,,0.0,,1,0.0,0.0,,,0,1,,1.0,0.0,0.0,1,0,1,0.0,0,0,0.0,0
Simi Shittu,Winnipeg Sea Bears,2025-2026,defense,Play types,To Basket,5,Dribble Off Pick,P&R Ball Handler > Right P&R > Baseline > Dribble Off Pick > To Basket,P&R Ball Handler,Right P&R,Baseline,Dribble Off Pick,To Basket,,1,100.0,0.0,0.0,0.0,0.0,0,,,,0.0,,1,0.0,0.0,,,0,1,,1.0,0.0,0.0,1,0,1,0.0,0,0,0.0,0
Simi Shittu,Winnipeg Sea Bears,2025-2026,defense,Play types,Handoffs,1,,Handoffs,Handoffs,,,,,,3,3.0,0.667,33.3,0.0,0.0,1,0.0,,,33.3,,3,33.3,0.0,,,1,2,,3.0,0.0,33.3,2,1,1,50.0,0,1,0.33,2
Simi Shittu,Winnipeg Sea Bears,2025-2026,defense,Play types,From Dribble,2,Handoffs,Handoffs > From Dribble,Handoffs,From Dribble,,,,,2,66.7,1.0,50.0,0.0,0.0,1,0.0,,,50.0,,2,50.0,0.0,,,1,1,,2.0,0.0,50.0,1,1,0,100.0,0,1,0.5,2
Simi Shittu,Winnipeg Sea Bears,2025-2026,defense,Play types,Left,3,From Dribble,Handoffs > From Dribble > Left,Handoffs,From Dribble,Left,,,,1,50.0,0.0,0.0,0.0,0.0,1,0.0,,,0.0,,1,0.0,0.0,,,0,1,,1.0,0.0,0.0,0,0,0,,0,1,1.0,0
Simi Shittu,Winnipeg Sea Bears,2025-2026,defense,Play types,No Dribble Jumper,4,Left,Handoffs > From Dribble > Left > No Dribble Jumper,Handoffs,From Dribble,Left,No Dribble Jumper,,,1,100.0,0.0,0.0,0.0,0.0,1,0.0,,,0.0,,1,0.0,0.0,,,0,1,,1.0,0.0,0.0,0,0,0,,0,1,1.0,0
Simi Shittu,Winnipeg Sea Bears,2025-2026,defense,Play types,Guarded,5,No Dribble Jumper,Handoffs > From Dribble > Left > No Dribble Jumper > Guarded,Handoffs,From Dribble,Left,No Dribble Jumper,Guarded,,1,100.0,0.0,0.0,0.0,0.0,1,0.0,,,0.0,,1,0.0,0.0,,,0,1,,1.0,0.0,0.0,0,0,0,,0,1,1.0,0
Simi Shittu,Winnipeg Sea Bears,2025-2026,defense,Play types,Right,3,From Dribble,Handoffs > From Dribble > Right,Handoffs,From Dribble,Right,,,,1,50.0,2.0,100.0,0.0,0.0,0,,,,100.0,,1,100.0,0.0,,,1,0,,1.0,0.0,100.0,1,1,0,100.0,0,0,0.0,2
Simi Shittu,Winnipeg Sea Bears,2025-2026,defense,Play types,To Basket,4,Right,Handoffs > From Dribble > Right > To Basket,Handoffs,From Dribble,Right,To Basket,,,1,100.0,2.0,100.0,0.0,0.0,0,,,,100.0,,1,100.0,0.0,,,1,0,,1.0,0.0,100.0,1,1,0,100.0,0,0,0.0,2
Simi Shittu,Winnipeg Sea Bears,2025-2026,defense,Play types,Make 2 Pts,5,To Basket,Handoffs > From Dribble > Right > To Basket > Make 2 Pts,Handoffs,From Dribble,Right,To Basket,Make 2 Pts,,1,100.0,2.0,100.0,0.0,0.0,0,,,,100.0,,1,100.0,0.0,,,1,0,,1.0,0.0,100.0,1,1,0,100.0,0,0,0.0,2
Simi Shittu,Winnipeg Sea Bears,2025-2026,defense,Play types,From Stationary,2,Handoffs,Handoffs > From Stationary,Handoffs,From Stationary,,,,,1,33.3,0.0,0.0,0.0,0.0,0,,,,0.0,,1,0.0,0.0,,,0,1,,1.0,0.0,0.0,1,0,1,0.0,0,0,0.0,0
Simi Shittu,Winnipeg Sea Bears,2025-2026,defense,Play types,Right,3,From Stationary,Handoffs > From Stationary > Right,Handoffs,From Stationary,Right,,,,1,100.0,0.0,0.0,0.0,0.0,0,,,,0.0,,1,0.0,0.0,,,0,1,,1.0,0.0,0.0,1,0,1,0.0,0,0,0.0,0
Simi Shittu,Winnipeg Sea Bears,2025-2026,defense,Play types,To Basket,4,Right,Handoffs > From Stationary > Right > To Basket,Handoffs,From Stationary,Right,To Basket,,,1,100.0,0.0,0.0,0.0,0.0,0,,,,0.0,,1,0.0,0.0,,,0,1,,1.0,0.0,0.0,1,0,1,0.0,0,0,0.0,0
Simi Shittu,Winnipeg Sea Bears,2025-2026,defense,Play types,Miss 2 Pts,5,To Basket,Handoffs > From Stationary > Right > To Basket > Miss 2 Pts,Handoffs,From Stationary,Right,To Basket,Miss 2 Pts,,1,100.0,0.0,0.0,0.0,0.0,0,,,,0.0,,1,0.0,0.0,,,0,1,,1.0,0.0,0.0,1,0,1,0.0,0,0,0.0,0
Simi Shittu,Winnipeg Sea Bears,2025-2026,defense,Play types,Off Screen,1,,Off Screen,Off Screen,,,,,,2,2.0,2.5,125.0,0.0,0.0,1,100.0,,,100.0,,2,125.0,0.0,,,2,0,,2.0,0.0,100.0,1,1,0,100.0,1,0,0.5,5
Simi Shittu,Winnipeg Sea Bears,2025-2026,defense,Play types,To Shooter's Left,2,Off Screen,Off Screen > To Shooter's Left,Off Screen,To Shooter's Left,,,,,2,100.0,2.5,125.0,0.0,0.0,1,100.0,,,100.0,,2,125.0,0.0,,,2,0,,2.0,0.0,100.0,1,1,0,100.0,1,0,0.5,5
Simi Shittu,Winnipeg Sea Bears,2025-2026,defense,Play types,Straight,3,To Shooter's Left,Off Screen > To Shooter's Left > Straight,Off Screen,To Shooter's Left,Straight,,,,2,100.0,2.5,125.0,0.0,0.0,1,100.0,,,100.0,,2,125.0,0.0,,,2,0,,2.0,0.0,100.0,1,1,0,100.0,1,0,0.5,5
Simi Shittu,Winnipeg Sea Bears,2025-2026,defense,Play types,To Basket,4,Straight,Off Screen > To Shooter's Left > Straight > To Basket,Off Screen,To Shooter's Left,Straight,To Basket,,,1,50.0,2.0,100.0,0.0,0.0,0,,,,100.0,,1,100.0,0.0,,,1,0,,1.0,0.0,100.0,1,1,0,100.0,0,0,0.0,2
Simi Shittu,Winnipeg Sea Bears,2025-2026,defense,Play types,Make 2 Pts,5,To Basket,Off Screen > To Shooter's Left > Straight > To Basket > Make 2 Pts,Off Screen,To Shooter's Left,Straight,To Basket,Make 2 Pts,,1,100.0,2.0,100.0,0.0,0.0,0,,,,100.0,,1,100.0,0.0,,,1,0,,1.0,0.0,100.0,1,1,0,100.0,0,0,0.0,2
Simi Shittu,Winnipeg Sea Bears,2025-2026,defense,Play types,Dribble Jumper,4,Straight,Off Screen > To Shooter's Left > Straight > Dribble Jumper,Off Screen,To Shooter's Left,Straight,Dribble Jumper,,,1,50.0,3.0,150.0,0.0,0.0,1,100.0,,,100.0,,1,150.0,0.0,,,1,0,,1.0,0.0,100.0,0,0,0,,1,0,1.0,3
Simi Shittu,Winnipeg Sea Bears,2025-2026,defense,Play types,Long/3pt,5,Dribble Jumper,Off Screen > To Shooter's Left > Straight > Dribble Jumper > Long/3pt,Off Screen,To Shooter's Left,Straight,Dribble Jumper,Long/3pt,,1,100.0,3.0,150.0,0.0,0.0,1,100.0,,,100.0,,1,150.0,0.0,,,1,0,,1.0,0.0,100.0,0,0,0,,1,0,1.0,3
Simi Shittu,Winnipeg Sea Bears,2025-2026,defense,Play types,Transition,1,,Transition,Transition,,,,,,0,0.0,,,,,0,,,,,,0,,,,,0,0,,0.0,,,0,0,0,,0,0,,0
Simi Shittu,Winnipeg Sea Bears,2025-2026,defense,Play types,Cut,1,,Cut,Cut,,,,,,0,0.0,,,,,0,,,,,,0,,,,,0,0,,0.0,,,0,0,0,,0,0,,0
Simi Shittu,Winnipeg Sea Bears,2025-2026,defense,Play types,Offensive Rebounds (Put Backs),1,,Offensive Rebounds (Put Backs),Offensive Rebounds (Put Backs),,,,,,0,0.0,,,,,0,,,,,,0,,,,,0,0,,0.0,,,0,0,0,,0,0,,0
Simi Shittu,Winnipeg Sea Bears,2025-2026,defense,Play types,Miscellaneous Plays,1,,Miscellaneous Plays,Miscellaneous Plays,,,,,,0,0.0,,,,,0,,,,,,0,,,,,0,0,,0.0,,,0,0,0,,0,0,,0
Simi Shittu,Winnipeg Sea Bears,2025-2026,defense,Overall Drive Direction,Overall,1,,Overall,Overall,,,,,,35,35.0,0.886,51.3,17.1,11.4,2,50.0,,,50.0,,28,51.8,11.4,,,14,14,,30.2,0.18,40.0,26,13,13,50.0,1,1,0.07,31
Simi Shittu,Winnipeg Sea Bears,2025-2026,defense,Overall Drive Direction,Drives Right,2,Overall,Overall > Drives Right,Overall,Drives Right,,,,,16,45.7,0.813,52.8,25.0,12.5,0,,,,54.5,,11,54.5,12.5,,,6,5,,12.3,0.27,37.5,11,6,5,54.5,0,0,0.0,13
Simi Shittu,Winnipeg Sea Bears,2025-2026,defense,Overall Drive Direction,To Basket,3,Drives Right,Overall > Drives Right > To Basket,Overall,Drives Right,To Basket,,,,13,81.3,1.0,57.4,15.4,15.4,0,,,,60.0,,10,60.0,15.4,,,6,4,,11.3,0.3,46.2,10,6,4,60.0,0,0,0.0,13
Simi Shittu,Winnipeg Sea Bears,2025-2026,defense,Overall Drive Direction,Turnover,3,Drives Right,Overall > Drives Right > Turnover,Overall,Drives Right,Turnover,,,,1,6.3,0.0,,100.0,0.0,0,,,,,,0,,0.0,,,0,0,,0.0,,0.0,0,0,0,,0,0,,0
Simi Shittu,Winnipeg Sea Bears,2025-2026,defense,Overall Drive Direction,Dribble Jumper,3,Drives Right,Overall > Drives Right > Dribble Jumper,Overall,Drives Right,Dribble Jumper,,,,1,6.3,0.0,0.0,0.0,0.0,0,,,,0.0,,1,0.0,0.0,,,0,1,,1.0,0.0,0.0,1,0,1,0.0,0,0,0.0,0
Simi Shittu,Winnipeg Sea Bears,2025-2026,defense,Overall Drive Direction,Defense Commits,3,Drives Right,Overall > Drives Right > Defense Commits,Overall,Drives Right,Defense Commits,,,,1,6.3,0.0,,100.0,0.0,0,,,,,,0,,0.0,,,0,0,,0.0,,0.0,0,0,0,,0,0,,0
Simi Shittu,Winnipeg Sea Bears,2025-2026,defense,Overall Drive Direction,Foul,3,Drives Right,Overall > Drives Right > Foul,Overall,Drives Right,Foul,,,,0,0.0,,,,,0,,,,,,0,,,,,0,0,,0.0,,,0,0,0,,0,0,,0
Simi Shittu,Winnipeg Sea Bears,2025-2026,defense,Overall Drive Direction,Drives Left,2,Overall,Overall > Drives Left,Overall,Drives Left,,,,,15,42.9,0.667,37.2,13.3,6.7,1,0.0,,,38.5,,13,38.5,6.7,,,5,8,,13.4,0.08,33.3,12,5,7,41.7,0,1,0.08,10
Simi Shittu,Winnipeg Sea Bears,2025-2026,defense,Overall Drive Direction,Dribble Jumper,3,Drives Left,Overall > Drives Left > Dribble Jumper,Overall,Drives Left,Dribble Jumper,,,,7,46.7,0.857,40.3,0.0,14.3,1,0.0,,,42.9,,7,42.9,14.3,,,3,4,,7.4,0.14,42.9,6,3,3,50.0,0,1,0.14,6
Simi Shittu,Winnipeg Sea Bears,2025-2026,defense,Overall Drive Direction,To Basket,3,Drives Left,Overall > Drives Left > To Basket,Overall,Drives Left,To Basket,,,,6,40.0,0.667,33.3,0.0,0.0,0,,,,33.3,,6,33.3,0.0,,,2,4,,6.0,0.0,33.3,6,2,4,33.3,0,0,0.0,4
Simi Shittu,Winnipeg Sea Bears,2025-2026,defense,Overall Drive Direction,Turnover,3,Drives Left,Overall > Drives Left > Turnover,Overall,Drives Left,Turnover,,,,2,13.3,0.0,,100.0,0.0,0,,,,,,0,,0.0,,,0,0,,0.0,,0.0,0,0,0,,0,0,,0
Simi Shittu,Winnipeg Sea Bears,2025-2026,defense,Overall Drive Direction,Foul,3,Drives Left,Overall > Drives Left > Foul,Overall,Drives Left,Foul,,,,0,0.0,,,,,0,,,,,,0,,,,,0,0,,0.0,,,0,0,0,,0,0,,0
Simi Shittu,Winnipeg Sea Bears,2025-2026,defense,Overall Drive Direction,Defense Commits,3,Drives Left,Overall > Drives Left > Defense Commits,Overall,Drives Left,Defense Commits,,,,0,0.0,,,,,0,,,,,,0,,,,,0,0,,0.0,,,0,0,0,,0,0,,0
Simi Shittu,Winnipeg Sea Bears,2025-2026,defense,Overall Drive Direction,Drives Straight,2,Overall,Overall > Drives Straight,Overall,Drives Straight,,,,,4,11.4,2.0,90.1,0.0,25.0,1,100.0,,,75.0,,4,87.5,25.0,,,3,1,,4.4,0.25,75.0,3,2,1,66.7,1,0,0.25,8
Simi Shittu,Winnipeg Sea Bears,2025-2026,defense,Overall Drive Direction,Dribble Jumper,3,Drives Straight,Overall > Drives Straight > Dribble Jumper,Overall,Drives Straight,Dribble Jumper,,,,3,75.0,1.667,83.3,0.0,0.0,1,100.0,,,66.7,,3,83.3,0.0,,,2,1,,3.0,0.0,66.7,2,1,1,50.0,1,0,0.33,5
Simi Shittu,Winnipeg Sea Bears,2025-2026,defense,Overall Drive Direction,To Basket,3,Drives Straight,Overall > Drives Straight > To Basket,Overall,Drives Straight,To Basket,,,,1,25.0,3.0,104.2,0.0,100.0,0,,,,100.0,,1,100.0,100.0,,,1,0,,1.4,1.0,100.0,1,1,0,100.0,0,0,0.0,3
Simi Shittu,Winnipeg Sea Bears,2025-2026,defense,Overall Drive Direction,Turnover,3,Drives Straight,Overall > Drives Straight > Turnover,Overall,Drives Straight,Turnover,,,,0,0.0,,,,,0,,,,,,0,,,,,0,0,,0.0,,,0,0,0,,0,0,,0
Simi Shittu,Winnipeg Sea Bears,2025-2026,defense,Overall Drive Direction,Foul,3,Drives Straight,Overall > Drives Straight > Foul,Overall,Drives Straight,Foul,,,,0,0.0,,,,,0,,,,,,0,,,,,0,0,,0.0,,,0,0,0,,0,0,,0
Simi Shittu,Winnipeg Sea Bears,2025-2026,defense,Overall Drive Direction,Defense Commits,3,Drives Straight,Overall > Drives Straight > Defense Commits,Overall,Drives Straight,Defense Commits,,,,0,0.0,,,,,0,,,,,,0,,,,,0,0,,0.0,,,0,0,0,,0,0,,0
Simi Shittu,Winnipeg Sea Bears,2025-2026,defense,P&R ball handler,P&R Including Passes,1,,P&R Including Passes,P&R Including Passes,,,,,,26,26.0,0.846,44.2,3.8,3.8,14,28.6,Good,56.0,33.3,5.0,24,41.7,3.8,,,8,16,,24.9,0.08,34.6,10,4,6,40.0,4,10,0.58,22
Simi Shittu,Winnipeg Sea Bears,2025-2026,defense,P&R ball handler,P&R Roll Man,2,P&R Including Passes,P&R Including Passes > P&R Roll Man,P&R Including Passes,P&R Roll Man,,,,,10,38.5,0.8,44.4,10.0,0.0,6,33.3,,,33.3,,9,44.4,0.0,,,3,6,,9.0,0.0,30.0,3,1,2,33.3,2,4,0.67,8
Simi Shittu,Winnipeg Sea Bears,2025-2026,defense,P&R ball handler,Pick and Pops,3,P&R Roll Man,P&R Including Passes > P&R Roll Man > Pick and Pops,P&R Including Passes,P&R Roll Man,Pick and Pops,,,,7,70.0,0.714,35.7,0.0,0.0,5,20.0,,,28.6,,7,35.7,0.0,,,2,5,,7.0,0.0,28.6,2,1,1,50.0,1,4,0.71,5
Simi Shittu,Winnipeg Sea Bears,2025-2026,defense,P&R ball handler,No Dribble Jumper,4,Pick and Pops,P&R Including Passes > P&R Roll Man > Pick and Pops > No Dribble Jumper,P&R Including Passes,P&R Roll Man,Pick and Pops,No Dribble Jumper,,,6,85.7,0.833,41.7,0.0,0.0,5,20.0,,,33.3,,6,41.7,0.0,,,2,4,,6.0,0.0,33.3,1,1,0,100.0,1,4,0.83,5
Simi Shittu,Winnipeg Sea Bears,2025-2026,defense,P&R ball handler,Open,5,No Dribble Jumper,P&R Including Passes > P&R Roll Man > Pick and Pops > No Dribble Jumper > Open,P&R Including Passes,P&R Roll Man,Pick and Pops,No Dribble Jumper,Open,,4,66.7,1.25,62.5,0.0,0.0,3,33.3,,,50.0,,4,62.5,0.0,,,2,2,,4.0,0.0,50.0,1,1,0,100.0,1,2,0.75,5
Simi Shittu,Winnipeg Sea Bears,2025-2026,defense,P&R ball handler,Long/3pt,6,Open,P&R Including Passes > P&R Roll Man > Pick and Pops > No Dribble Jumper > Open > Long/3pt,P&R Including Passes,P&R Roll Man,Pick and Pops,No Dribble Jumper,Open,Long/3pt,3,75.0,1.0,50.0,0.0,0.0,3,33.3,,,33.3,,3,50.0,0.0,,,1,2,,3.0,0.0,33.3,0,0,0,,1,2,1.0,3
Simi Shittu,Winnipeg Sea Bears,2025-2026,defense,P&R ball handler,Medium/17' to 3pt,6,Open,P&R Including Passes > P&R Roll Man > Pick and Pops > No Dribble Jumper > Open > Medium/17' to 3pt,P&R Including Passes,P&R Roll Man,Pick and Pops,No Dribble Jumper,Open,Medium/17' to 3pt,1,25.0,2.0,100.0,0.0,0.0,0,,,,100.0,,1,100.0,0.0,,,1,0,,1.0,0.0,100.0,1,1,0,100.0,0,0,0.0,2
Simi Shittu,Winnipeg Sea Bears,2025-2026,defense,P&R ball handler,Guarded,5,No Dribble Jumper,P&R Including Passes > P&R Roll Man > Pick and Pops > No Dribble Jumper > Guarded,P&R Including Passes,P&R Roll Man,Pick and Pops,No Dribble Jumper,Guarded,,2,33.3,0.0,0.0,0.0,0.0,2,0.0,,,0.0,,2,0.0,0.0,,,0,2,,2.0,0.0,0.0,0,0,0,,0,2,1.0,0
Simi Shittu,Winnipeg Sea Bears,2025-2026,defense,P&R ball handler,Long/3pt,6,Guarded,P&R Including Passes > P&R Roll Man > Pick and Pops > No Dribble Jumper > Guarded > Long/3pt,P&R Including Passes,P&R Roll Man,Pick and Pops,No Dribble Jumper,Guarded,Long/3pt,2,100.0,0.0,0.0,0.0,0.0,2,0.0,,,0.0,,2,0.0,0.0,,,0,2,,2.0,0.0,0.0,0,0,0,,0,2,1.0,0
Simi Shittu,Winnipeg Sea Bears,2025-2026,defense,P&R ball handler,Drives Straight,4,Pick and Pops,P&R Including Passes > P&R Roll Man > Pick and Pops > Drives Straight,P&R Including Passes,P&R Roll Man,Pick and Pops,Drives Straight,,,1,14.3,0.0,0.0,0.0,0.0,0,,,,0.0,,1,0.0,0.0,,,0,1,,1.0,0.0,0.0,1,0,1,0.0,0,0,0.0,0
Simi Shittu,Winnipeg Sea Bears,2025-2026,defense,P&R ball handler,Dribble Jumper,5,Drives Straight,P&R Including Passes > P&R Roll Man > Pick and Pops > Drives Straight > Dribble Jumper,P&R Including Passes,P&R Roll Man,Pick and Pops,Drives Straight,Dribble Jumper,,1,100.0,0.0,0.0,0.0,0.0,0,,,,0.0,,1,0.0,0.0,,,0,1,,1.0,0.0,0.0,1,0,1,0.0,0,0,0.0,0
Simi Shittu,Winnipeg Sea Bears,2025-2026,defense,P&R ball handler,Medium/17' to 3pt,6,Dribble Jumper,P&R Including Passes > P&R Roll Man > Pick and Pops > Drives Straight > Dribble Jumper > Medium/17' to 3pt,P&R Including Passes,P&R Roll Man,Pick and Pops,Drives Straight,Dribble Jumper,Medium/17' to 3pt,1,100.0,0.0,0.0,0.0,0.0,0,,,,0.0,,1,0.0,0.0,,,0,1,,1.0,0.0,0.0,1,0,1,0.0,0,0,0.0,0
Simi Shittu,Winnipeg Sea Bears,2025-2026,defense,P&R ball handler,Slips the Pick,3,P&R Roll Man,P&R Including Passes > P&R Roll Man > Slips the Pick,P&R Including Passes,P&R Roll Man,Slips the Pick,,,,3,30.0,1.0,75.0,33.3,0.0,1,100.0,,,50.0,,2,75.0,0.0,,,1,1,,2.0,0.0,33.3,1,0,1,0.0,1,0,0.5,3
Simi Shittu,Winnipeg Sea Bears,2025-2026,defense,P&R ball handler,Dribble Jumper,4,Slips the Pick,P&R Including Passes > P&R Roll Man > Slips the Pick > Dribble Jumper,P&R Including Passes,P&R Roll Man,Slips the Pick,Dribble Jumper,,,1,33.3,3.0,150.0,0.0,0.0,1,100.0,,,100.0,,1,150.0,0.0,,,1,0,,1.0,0.0,100.0,0,0,0,,1,0,1.0,3
Simi Shittu,Winnipeg Sea Bears,2025-2026,defense,P&R ball handler,Long/3pt,5,Dribble Jumper,P&R Including Passes > P&R Roll Man > Slips the Pick > Dribble Jumper > Long/3pt,P&R Including Passes,P&R Roll Man,Slips the Pick,Dribble Jumper,Long/3pt,,1,100.0,3.0,150.0,0.0,0.0,1,100.0,,,100.0,,1,150.0,0.0,,,1,0,,1.0,0.0,100.0,0,0,0,,1,0,1.0,3
Simi Shittu,Winnipeg Sea Bears,2025-2026,defense,P&R ball handler,Make 3 Pts,6,Long/3pt,P&R Including Passes > P&R Roll Man > Slips the Pick > Dribble Jumper > Long/3pt > Make 3 Pts,P&R Including Passes,P&R Roll Man,Slips the Pick,Dribble Jumper,Long/3pt,Make 3 Pts,1,100.0,3.0,150.0,0.0,0.0,1,100.0,,,100.0,,1,150.0,0.0,,,1,0,,1.0,0.0,100.0,0,0,0,,1,0,1.0,3
Simi Shittu,Winnipeg Sea Bears,2025-2026,defense,P&R ball handler,Turnover,4,Slips the Pick,P&R Including Passes > P&R Roll Man > Slips the Pick > Turnover,P&R Including Passes,P&R Roll Man,Slips the Pick,Turnover,,,1,33.3,0.0,,100.0,0.0,0,,,,,,0,,0.0,,,0,0,,0.0,,0.0,0,0,0,,0,0,,0
Simi Shittu,Winnipeg Sea Bears,2025-2026,defense,P&R ball handler,To Basket,4,Slips the Pick,P&R Including Passes > P&R Roll Man > Slips the Pick > To Basket,P&R Including Passes,P&R Roll Man,Slips the Pick,To Basket,,,1,33.3,0.0,0.0,0.0,0.0,0,,,,0.0,,1,0.0,0.0,,,0,1,,1.0,0.0,0.0,1,0,1,0.0,0,0,0.0,0
Simi Shittu,Winnipeg Sea Bears,2025-2026,defense,P&R ball handler,Miss 2 Pts,5,To Basket,P&R Including Passes > P&R Roll Man > Slips the Pick > To Basket > Miss 2 Pts,P&R Including Passes,P&R Roll Man,Slips the Pick,To Basket,Miss 2 Pts,,1,100.0,0.0,0.0,0.0,0.0,0,,,,0.0,,1,0.0,0.0,,,0,1,,1.0,0.0,0.0,1,0,1,0.0,0,0,0.0,0
Simi Shittu,Winnipeg Sea Bears,2025-2026,defense,P&R ball handler,P&R Ball Handler,2,P&R Including Passes,P&R Including Passes > P&R Ball Handler,P&R Including Passes,P&R Ball Handler,,,,,8,30.8,0.5,25.4,0.0,12.5,3,0.0,,,14.3,,7,14.3,12.5,,,1,6,,7.9,0.29,25.0,4,1,3,25.0,0,3,0.43,4
Simi Shittu,Winnipeg Sea Bears,2025-2026,defense,P&R ball handler,High P&R,3,P&R Ball Handler,P&R Including Passes > P&R Ball Handler > High P&R,P&R Including Passes,P&R Ball Handler,High P&R,,,,6,75.0,0.667,34.0,0.0,16.7,2,0.0,,,20.0,,5,20.0,16.7,,,1,4,,5.9,0.4,33.3,3,1,2,33.3,0,2,0.4,4
Simi Shittu,Winnipeg Sea Bears,2025-2026,defense,P&R ball handler,Dribble Off Pick,4,High P&R,P&R Including Passes > P&R Ball Handler > High P&R > Dribble Off Pick,P&R Including Passes,P&R Ball Handler,High P&R,Dribble Off Pick,,,4,66.7,0.5,25.8,0.0,25.0,1,0.0,,,0.0,,3,0.0,25.0,,,0,3,,3.9,0.67,25.0,2,0,2,0.0,0,1,0.33,2
Simi Shittu,Winnipeg Sea Bears,2025-2026,defense,P&R ball handler,To Basket,5,Dribble Off Pick,P&R Including Passes > P&R Ball Handler > High P&R > Dribble Off Pick > To Basket,P&R Including Passes,P&R Ball Handler,High P&R,Dribble Off Pick,To Basket,,3,75.0,0.667,34.7,0.0,33.3,0,,,,0.0,,2,0.0,33.3,,,0,2,,2.9,1.0,33.3,2,0,2,0.0,0,0,0.0,2
Simi Shittu,Winnipeg Sea Bears,2025-2026,defense,P&R ball handler,Miss 2 Pts,6,To Basket,P&R Including Passes > P&R Ball Handler > High P&R > Dribble Off Pick > To Basket > Miss 2 Pts,P&R Including Passes,P&R Ball Handler,High P&R,Dribble Off Pick,To Basket,Miss 2 Pts,2,66.7,0.0,0.0,0.0,0.0,0,,,,0.0,,2,0.0,0.0,,,0,2,,2.0,0.0,0.0,2,0,2,0.0,0,0,0.0,0
Simi Shittu,Winnipeg Sea Bears,2025-2026,defense,P&R ball handler,Foul,6,To Basket,P&R Including Passes > P&R Ball Handler > High P&R > Dribble Off Pick > To Basket > Foul,P&R Including Passes,P&R Ball Handler,High P&R,Dribble Off Pick,To Basket,Foul,1,33.3,2.0,113.6,0.0,100.0,0,,,,,,0,,100.0,,,0,0,,0.9,,100.0,0,0,0,,0,0,,2
Simi Shittu,Winnipeg Sea Bears,2025-2026,defense,P&R ball handler,Dribble Jumper,5,Dribble Off Pick,P&R Including Passes > P&R Ball Handler > High P&R > Dribble Off Pick > Dribble Jumper,P&R Including Passes,P&R Ball Handler,High P&R,Dribble Off Pick,Dribble Jumper,,1,25.0,0.0,0.0,0.0,0.0,1,0.0,,,0.0,,1,0.0,0.0,,,0,1,,1.0,0.0,0.0,0,0,0,,0,1,1.0,0
Simi Shittu,Winnipeg Sea Bears,2025-2026,defense,P&R ball handler,Long/3pt,6,Dribble Jumper,P&R Including Passes > P&R Ball Handler > High P&R > Dribble Off Pick > Dribble Jumper > Long/3pt,P&R Including Passes,P&R Ball Handler,High P&R,Dribble Off Pick,Dribble Jumper,Long/3pt,1,100.0,0.0,0.0,0.0,0.0,1,0.0,,,0.0,,1,0.0,0.0,,,0,1,,1.0,0.0,0.0,0,0,0,,0,1,1.0,0
Simi Shittu,Winnipeg Sea Bears,2025-2026,defense,P&R ball handler,Takes Early Jump Shot,4,High P&R,P&R Including Passes > P&R Ball Handler > High P&R > Takes Early Jump Shot,P&R Including Passes,P&R Ball Handler,High P&R,Takes Early Jump Shot,,,1,16.7,0.0,0.0,0.0,0.0,1,0.0,,,0.0,,1,0.0,0.0,,,0,1,,1.0,0.0,0.0,0,0,0,,0,1,1.0,0
Simi Shittu,Winnipeg Sea Bears,2025-2026,defense,P&R ball handler,Dribble Jumper,5,Takes Early Jump Shot,P&R Including Passes > P&R Ball Handler > High P&R > Takes Early Jump Shot > Dribble Jumper,P&R Including Passes,P&R Ball Handler,High P&R,Takes Early Jump Shot,Dribble Jumper,,1,100.0,0.0,0.0,0.0,0.0,1,0.0,,,0.0,,1,0.0,0.0,,,0,1,,1.0,0.0,0.0,0,0,0,,0,1,1.0,0
Simi Shittu,Winnipeg Sea Bears,2025-2026,defense,P&R ball handler,Long/3pt,6,Dribble Jumper,P&R Including Passes > P&R Ball Handler > High P&R > Takes Early Jump Shot > Dribble Jumper > Long/3pt,P&R Including Passes,P&R Ball Handler,High P&R,Takes Early Jump Shot,Dribble Jumper,Long/3pt,1,100.0,0.0,0.0,0.0,0.0,1,0.0,,,0.0,,1,0.0,0.0,,,0,1,,1.0,0.0,0.0,0,0,0,,0,1,1.0,0
Simi Shittu,Winnipeg Sea Bears,2025-2026,defense,P&R ball handler,Go Away from Pick,4,High P&R,P&R Including Passes > P&R Ball Handler > High P&R > Go Away from Pick,P&R Including Passes,P&R Ball Handler,High P&R,Go Away from Pick,,,1,16.7,2.0,100.0,0.0,0.0,0,,,,100.0,,1,100.0,0.0,,,1,0,,1.0,0.0,100.0,1,1,0,100.0,0,0,0.0,2
Simi Shittu,Winnipeg Sea Bears,2025-2026,defense,P&R ball handler,Dribble Jumper,5,Go Away from Pick,P&R Including Passes > P&R Ball Handler > High P&R > Go Away from Pick > Dribble Jumper,P&R Including Passes,P&R Ball Handler,High P&R,Go Away from Pick,Dribble Jumper,,1,100.0,2.0,100.0,0.0,0.0,0,,,,100.0,,1,100.0,0.0,,,1,0,,1.0,0.0,100.0,1,1,0,100.0,0,0,0.0,2
Simi Shittu,Winnipeg Sea Bears,2025-2026,defense,P&R ball handler,Short to < 17,6,Dribble Jumper,P&R Including Passes > P&R Ball Handler > High P&R > Go Away from Pick > Dribble Jumper > Short to < 17,P&R Including Passes,P&R Ball Handler,High P&R,Go Away from Pick,Dribble Jumper,Short to < 17,1,100.0,2.0,100.0,0.0,0.0,0,,,,100.0,,1,100.0,0.0,,,1,0,,1.0,0.0,100.0,1,1,0,100.0,0,0,0.0,2
Simi Shittu,Winnipeg Sea Bears,2025-2026,defense,P&R ball handler,Right P&R,3,P&R Ball Handler,P&R Including Passes > P&R Ball Handler > Right P&R,P&R Including Passes,P&R Ball Handler,Right P&R,,,,2,25.0,0.0,0.0,0.0,0.0,1,0.0,,,0.0,,2,0.0,0.0,,,0,2,,2.0,0.0,0.0,1,0,1,0.0,0,1,0.5,0
Simi Shittu,Winnipeg Sea Bears,2025-2026,defense,P&R ball handler,Baseline,4,Right P&R,P&R Including Passes > P&R Ball Handler > Right P&R > Baseline,P&R Including Passes,P&R Ball Handler,Right P&R,Baseline,,,2,100.0,0.0,0.0,0.0,0.0,1,0.0,,,0.0,,2,0.0,0.0,,,0,2,,2.0,0.0,0.0,1,0,1,0.0,0,1,0.5,0
Simi Shittu,Winnipeg Sea Bears,2025-2026,defense,P&R ball handler,Dribble Off Pick,5,Baseline,P&R Including Passes > P&R Ball Handler > Right P&R > Baseline > Dribble Off Pick,P&R Including Passes,P&R Ball Handler,Right P&R,Baseline,Dribble Off Pick,,1,50.0,0.0,0.0,0.0,0.0,0,,,,0.0,,1,0.0,0.0,,,0,1,,1.0,0.0,0.0,1,0,1,0.0,0,0,0.0,0
Simi Shittu,Winnipeg Sea Bears,2025-2026,defense,P&R ball handler,To Basket,6,Dribble Off Pick,P&R Including Passes > P&R Ball Handler > Right P&R > Baseline > Dribble Off Pick > To Basket,P&R Including Passes,P&R Ball Handler,Right P&R,Baseline,Dribble Off Pick,To Basket,1,100.0,0.0,0.0,0.0,0.0,0,,,,0.0,,1,0.0,0.0,,,0,1,,1.0,0.0,0.0,1,0,1,0.0,0,0,0.0,0
Simi Shittu,Winnipeg Sea Bears,2025-2026,defense,P&R ball handler,Takes Early Jump Shot,5,Baseline,P&R Including Passes > P&R Ball Handler > Right P&R > Baseline > Takes Early Jump Shot,P&R Including Passes,P&R Ball Handler,Right P&R,Baseline,Takes Early Jump Shot,,1,50.0,0.0,0.0,0.0,0.0,1,0.0,,,0.0,,1,0.0,0.0,,,0,1,,1.0,0.0,0.0,0,0,0,,0,1,1.0,0
Simi Shittu,Winnipeg Sea Bears,2025-2026,defense,P&R ball handler,Dribble Jumper,6,Takes Early Jump Shot,P&R Including Passes > P&R Ball Handler > Right P&R > Baseline > Takes Early Jump Shot > Dribble Jumper,P&R Including Passes,P&R Ball Handler,Right P&R,Baseline,Takes Early Jump Shot,Dribble Jumper,1,100.0,0.0,0.0,0.0,0.0,1,0.0,,,0.0,,1,0.0,0.0,,,0,1,,1.0,0.0,0.0,0,0,0,,0,1,1.0,0
Simi Shittu,Winnipeg Sea Bears,2025-2026,defense,P&R ball handler,Spot-Up,2,P&R Including Passes,P&R Including Passes > Spot-Up,P&R Including Passes,Spot-Up,,,,,8,30.8,1.25,62.5,0.0,0.0,5,40.0,,,50.0,,8,62.5,0.0,,,4,4,,8.0,0.0,50.0,3,2,1,66.7,2,3,0.63,10
Simi Shittu,Winnipeg Sea Bears,2025-2026,defense,P&R ball handler,No Dribble Jumper,3,Spot-Up,P&R Including Passes > Spot-Up > No Dribble Jumper,P&R Including Passes,Spot-Up,No Dribble Jumper,,,,5,62.5,1.2,60.0,0.0,0.0,4,50.0,,,40.0,,5,60.0,0.0,,,2,3,,5.0,0.0,40.0,1,0,1,0.0,2,2,0.8,6
Simi Shittu,Winnipeg Sea Bears,2025-2026,defense,P&R ball handler,Guarded,4,No Dribble Jumper,P&R Including Passes > Spot-Up > No Dribble Jumper > Guarded,P&R Including Passes,Spot-Up,No Dribble Jumper,Guarded,,,4,80.0,1.5,75.0,0.0,0.0,4,50.0,,,50.0,,4,75.0,0.0,,,2,2,,4.0,0.0,50.0,0,0,0,,2,2,1.0,6
Simi Shittu,Winnipeg Sea Bears,2025-2026,defense,P&R ball handler,Long/3pt,5,Guarded,P&R Including Passes > Spot-Up > No Dribble Jumper > Guarded > Long/3pt,P&R Including Passes,Spot-Up,No Dribble Jumper,Guarded,Long/3pt,,4,100.0,1.5,75.0,0.0,0.0,4,50.0,,,50.0,,4,75.0,0.0,,,2,2,,4.0,0.0,50.0,0,0,0,,2,2,1.0,6
Simi Shittu,Winnipeg Sea Bears,2025-2026,defense,P&R ball handler,Miss 3 Pts,6,Long/3pt,P&R Including Passes > Spot-Up > No Dribble Jumper > Guarded > Long/3pt > Miss 3 Pts,P&R Including Passes,Spot-Up,No Dribble Jumper,Guarded,Long/3pt,Miss 3 Pts,2,50.0,0.0,0.0,0.0,0.0,2,0.0,,,0.0,,2,0.0,0.0,,,0,2,,2.0,0.0,0.0,0,0,0,,0,2,1.0,0
Simi Shittu,Winnipeg Sea Bears,2025-2026,defense,P&R ball handler,Make 3 Pts,6,Long/3pt,P&R Including Passes > Spot-Up > No Dribble Jumper > Guarded > Long/3pt > Make 3 Pts,P&R Including Passes,Spot-Up,No Dribble Jumper,Guarded,Long/3pt,Make 3 Pts,2,50.0,3.0,150.0,0.0,0.0,2,100.0,,,100.0,,2,150.0,0.0,,,2,0,,2.0,0.0,100.0,0,0,0,,2,0,1.0,6
Simi Shittu,Winnipeg Sea Bears,2025-2026,defense,P&R ball handler,Open,4,No Dribble Jumper,P&R Including Passes > Spot-Up > No Dribble Jumper > Open,P&R Including Passes,Spot-Up,No Dribble Jumper,Open,,,1,20.0,0.0,0.0,0.0,0.0,0,,,,0.0,,1,0.0,0.0,,,0,1,,1.0,0.0,0.0,1,0,1,0.0,0,0,0.0,0
Simi Shittu,Winnipeg Sea Bears,2025-2026,defense,P&R ball handler,Medium/17' to 3pt,5,Open,P&R Including Passes > Spot-Up > No Dribble Jumper > Open > Medium/17' to 3pt,P&R Including Passes,Spot-Up,No Dribble Jumper,Open,Medium/17' to 3pt,,1,100.0,0.0,0.0,0.0,0.0,0,,,,0.0,,1,0.0,0.0,,,0,1,,1.0,0.0,0.0,1,0,1,0.0,0,0,0.0,0
Simi Shittu,Winnipeg Sea Bears,2025-2026,defense,P&R ball handler,Miss 2 Pts,6,Medium/17' to 3pt,P&R Including Passes > Spot-Up > No Dribble Jumper > Open > Medium/17' to 3pt > Miss 2 Pts,P&R Including Passes,Spot-Up,No Dribble Jumper,Open,Medium/17' to 3pt,Miss 2 Pts,1,100.0,0.0,0.0,0.0,0.0,0,,,,0.0,,1,0.0,0.0,,,0,1,,1.0,0.0,0.0,1,0,1,0.0,0,0,0.0,0
Simi Shittu,Winnipeg Sea Bears,2025-2026,defense,P&R ball handler,Drives Right,3,Spot-Up,P&R Including Passes > Spot-Up > Drives Right,P&R Including Passes,Spot-Up,Drives Right,,,,2,25.0,2.0,100.0,0.0,0.0,0,,,,100.0,,2,100.0,0.0,,,2,0,,2.0,0.0,100.0,2,2,0,100.0,0,0,0.0,4
Simi Shittu,Winnipeg Sea Bears,2025-2026,defense,P&R ball handler,To Basket,4,Drives Right,P&R Including Passes > Spot-Up > Drives Right > To Basket,P&R Including Passes,Spot-Up,Drives Right,To Basket,,,2,100.0,2.0,100.0,0.0,0.0,0,,,,100.0,,2,100.0,0.0,,,2,0,,2.0,0.0,100.0,2,2,0,100.0,0,0,0.0,4
Simi Shittu,Winnipeg Sea Bears,2025-2026,defense,P&R ball handler,Make 2 Pts,5,To Basket,P&R Including Passes > Spot-Up > Drives Right > To Basket > Make 2 Pts,P&R Including Passes,Spot-Up,Drives Right,To Basket,Make 2 Pts,,2,100.0,2.0,100.0,0.0,0.0,0,,,,100.0,,2,100.0,0.0,,,2,0,,2.0,0.0,100.0,2,2,0,100.0,0,0,0.0,4
Simi Shittu,Winnipeg Sea Bears,2025-2026,defense,P&R ball handler,Drives Left,3,Spot-Up,P&R Including Passes > Spot-Up > Drives Left,P&R Including Passes,Spot-Up,Drives Left,,,,1,12.5,0.0,0.0,0.0,0.0,1,0.0,,,0.0,,1,0.0,0.0,,,0,1,,1.0,0.0,0.0,0,0,0,,0,1,1.0,0
Simi Shittu,Winnipeg Sea Bears,2025-2026,defense,P&R ball handler,Dribble Jumper,4,Drives Left,P&R Including Passes > Spot-Up > Drives Left > Dribble Jumper,P&R Including Passes,Spot-Up,Drives Left,Dribble Jumper,,,1,100.0,0.0,0.0,0.0,0.0,1,0.0,,,0.0,,1,0.0,0.0,,,0,1,,1.0,0.0,0.0,0,0,0,,0,1,1.0,0
Simi Shittu,Winnipeg Sea Bears,2025-2026,defense,P&R ball handler,Long/3pt,5,Dribble Jumper,P&R Including Passes > Spot-Up > Drives Left > Dribble Jumper > Long/3pt,P&R Including Passes,Spot-Up,Drives Left,Dribble Jumper,Long/3pt,,1,100.0,0.0,0.0,0.0,0.0,1,0.0,,,0.0,,1,0.0,0.0,,,0,1,,1.0,0.0,0.0,0,0,0,,0,1,1.0,0
Simi Shittu,Winnipeg Sea Bears,2025-2026,defense,P&R ball handler,Miss 3 Pts,6,Long/3pt,P&R Including Passes > Spot-Up > Drives Left > Dribble Jumper > Long/3pt > Miss 3 Pts,P&R Including Passes,Spot-Up,Drives Left,Dribble Jumper,Long/3pt,Miss 3 Pts,1,100.0,0.0,0.0,0.0,0.0,1,0.0,,,0.0,,1,0.0,0.0,,,0,1,,1.0,0.0,0.0,0,0,0,,0,1,1.0,0
Simi Shittu,Winnipeg Sea Bears,2025-2026,defense,P&R ball handler,P&R BH - Defense Commits,1,,P&R BH - Defense Commits,P&R BH - Defense Commits,,,,,,18,18.0,1.0,52.9,5.6,0.0,11,36.4,Below Average,23.0,41.2,15.0,17,52.9,0.0,,,7,10,,17.0,0.0,38.9,6,3,3,50.0,4,7,0.65,18
Simi Shittu,Winnipeg Sea Bears,2025-2026,defense,P&R ball handler,P&R Roll Man,2,P&R BH - Defense Commits,P&R BH - Defense Commits > P&R Roll Man,P&R BH - Defense Commits,P&R Roll Man,,,,,10,55.6,0.8,44.4,10.0,0.0,6,33.3,,,33.3,,9,44.4,0.0,,,3,6,,9.0,0.0,30.0,3,1,2,33.3,2,4,0.67,8
Simi Shittu,Winnipeg Sea Bears,2025-2026,defense,P&R ball handler,Pick and Pops,3,P&R Roll Man,P&R BH - Defense Commits > P&R Roll Man > Pick and Pops,P&R BH - Defense Commits,P&R Roll Man,Pick and Pops,,,,7,70.0,0.714,35.7,0.0,0.0,5,20.0,,,28.6,,7,35.7,0.0,,,2,5,,7.0,0.0,28.6,2,1,1,50.0,1,4,0.71,5
Simi Shittu,Winnipeg Sea Bears,2025-2026,defense,P&R ball handler,No Dribble Jumper,4,Pick and Pops,P&R BH - Defense Commits > P&R Roll Man > Pick and Pops > No Dribble Jumper,P&R BH - Defense Commits,P&R Roll Man,Pick and Pops,No Dribble Jumper,,,6,85.7,0.833,41.7,0.0,0.0,5,20.0,,,33.3,,6,41.7,0.0,,,2,4,,6.0,0.0,33.3,1,1,0,100.0,1,4,0.83,5
Simi Shittu,Winnipeg Sea Bears,2025-2026,defense,P&R ball handler,Open,5,No Dribble Jumper,P&R BH - Defense Commits > P&R Roll Man > Pick and Pops > No Dribble Jumper > Open,P&R BH - Defense Commits,P&R Roll Man,Pick and Pops,No Dribble Jumper,Open,,4,66.7,1.25,62.5,0.0,0.0,3,33.3,,,50.0,,4,62.5,0.0,,,2,2,,4.0,0.0,50.0,1,1,0,100.0,1,2,0.75,5
Simi Shittu,Winnipeg Sea Bears,2025-2026,defense,P&R ball handler,Long/3pt,6,Open,P&R BH - Defense Commits > P&R Roll Man > Pick and Pops > No Dribble Jumper > Open > Long/3pt,P&R BH - Defense Commits,P&R Roll Man,Pick and Pops,No Dribble Jumper,Open,Long/3pt,3,75.0,1.0,50.0,0.0,0.0,3,33.3,,,33.3,,3,50.0,0.0,,,1,2,,3.0,0.0,33.3,0,0,0,,1,2,1.0,3
Simi Shittu,Winnipeg Sea Bears,2025-2026,defense,P&R ball handler,Medium/17' to 3pt,6,Open,P&R BH - Defense Commits > P&R Roll Man > Pick and Pops > No Dribble Jumper > Open > Medium/17' to 3pt,P&R BH - Defense Commits,P&R Roll Man,Pick and Pops,No Dribble Jumper,Open,Medium/17' to 3pt,1,25.0,2.0,100.0,0.0,0.0,0,,,,100.0,,1,100.0,0.0,,,1,0,,1.0,0.0,100.0,1,1,0,100.0,0,0,0.0,2
Simi Shittu,Winnipeg Sea Bears,2025-2026,defense,P&R ball handler,Guarded,5,No Dribble Jumper,P&R BH - Defense Commits > P&R Roll Man > Pick and Pops > No Dribble Jumper > Guarded,P&R BH - Defense Commits,P&R Roll Man,Pick and Pops,No Dribble Jumper,Guarded,,2,33.3,0.0,0.0,0.0,0.0,2,0.0,,,0.0,,2,0.0,0.0,,,0,2,,2.0,0.0,0.0,0,0,0,,0,2,1.0,0
Simi Shittu,Winnipeg Sea Bears,2025-2026,defense,P&R ball handler,Long/3pt,6,Guarded,P&R BH - Defense Commits > P&R Roll Man > Pick and Pops > No Dribble Jumper > Guarded > Long/3pt,P&R BH - Defense Commits,P&R Roll Man,Pick and Pops,No Dribble Jumper,Guarded,Long/3pt,2,100.0,0.0,0.0,0.0,0.0,2,0.0,,,0.0,,2,0.0,0.0,,,0,2,,2.0,0.0,0.0,0,0,0,,0,2,1.0,0
Simi Shittu,Winnipeg Sea Bears,2025-2026,defense,P&R ball handler,Drives Straight,4,Pick and Pops,P&R BH - Defense Commits > P&R Roll Man > Pick and Pops > Drives Straight,P&R BH - Defense Commits,P&R Roll Man,Pick and Pops,Drives Straight,,,1,14.3,0.0,0.0,0.0,0.0,0,,,,0.0,,1,0.0,0.0,,,0,1,,1.0,0.0,0.0,1,0,1,0.0,0,0,0.0,0
Simi Shittu,Winnipeg Sea Bears,2025-2026,defense,P&R ball handler,Dribble Jumper,5,Drives Straight,P&R BH - Defense Commits > P&R Roll Man > Pick and Pops > Drives Straight > Dribble Jumper,P&R BH - Defense Commits,P&R Roll Man,Pick and Pops,Drives Straight,Dribble Jumper,,1,100.0,0.0,0.0,0.0,0.0,0,,,,0.0,,1,0.0,0.0,,,0,1,,1.0,0.0,0.0,1,0,1,0.0,0,0,0.0,0
Simi Shittu,Winnipeg Sea Bears,2025-2026,defense,P&R ball handler,Medium/17' to 3pt,6,Dribble Jumper,P&R BH - Defense Commits > P&R Roll Man > Pick and Pops > Drives Straight > Dribble Jumper > Medium/17' to 3pt,P&R BH - Defense Commits,P&R Roll Man,Pick and Pops,Drives Straight,Dribble Jumper,Medium/17' to 3pt,1,100.0,0.0,0.0,0.0,0.0,0,,,,0.0,,1,0.0,0.0,,,0,1,,1.0,0.0,0.0,1,0,1,0.0,0,0,0.0,0
Simi Shittu,Winnipeg Sea Bears,2025-2026,defense,P&R ball handler,Slips the Pick,3,P&R Roll Man,P&R BH - Defense Commits > P&R Roll Man > Slips the Pick,P&R BH - Defense Commits,P&R Roll Man,Slips the Pick,,,,3,30.0,1.0,75.0,33.3,0.0,1,100.0,,,50.0,,2,75.0,0.0,,,1,1,,2.0,0.0,33.3,1,0,1,0.0,1,0,0.5,3
Simi Shittu,Winnipeg Sea Bears,2025-2026,defense,P&R ball handler,To Basket,4,Slips the Pick,P&R BH - Defense Commits > P&R Roll Man > Slips the Pick > To Basket,P&R BH - Defense Commits,P&R Roll Man,Slips the Pick,To Basket,,,1,33.3,0.0,0.0,0.0,0.0,0,,,,0.0,,1,0.0,0.0,,,0,1,,1.0,0.0,0.0,1,0,1,0.0,0,0,0.0,0
Simi Shittu,Winnipeg Sea Bears,2025-2026,defense,P&R ball handler,Miss 2 Pts,5,To Basket,P&R BH - Defense Commits > P&R Roll Man > Slips the Pick > To Basket > Miss 2 Pts,P&R BH - Defense Commits,P&R Roll Man,Slips the Pick,To Basket,Miss 2 Pts,,1,100.0,0.0,0.0,0.0,0.0,0,,,,0.0,,1,0.0,0.0,,,0,1,,1.0,0.0,0.0,1,0,1,0.0,0,0,0.0,0
Simi Shittu,Winnipeg Sea Bears,2025-2026,defense,P&R ball handler,Dribble Jumper,4,Slips the Pick,P&R BH - Defense Commits > P&R Roll Man > Slips the Pick > Dribble Jumper,P&R BH - Defense Commits,P&R Roll Man,Slips the Pick,Dribble Jumper,,,1,33.3,3.0,150.0,0.0,0.0,1,100.0,,,100.0,,1,150.0,0.0,,,1,0,,1.0,0.0,100.0,0,0,0,,1,0,1.0,3
Simi Shittu,Winnipeg Sea Bears,2025-2026,defense,P&R ball handler,Long/3pt,5,Dribble Jumper,P&R BH - Defense Commits > P&R Roll Man > Slips the Pick > Dribble Jumper > Long/3pt,P&R BH - Defense Commits,P&R Roll Man,Slips the Pick,Dribble Jumper,Long/3pt,,1,100.0,3.0,150.0,0.0,0.0,1,100.0,,,100.0,,1,150.0,0.0,,,1,0,,1.0,0.0,100.0,0,0,0,,1,0,1.0,3
Simi Shittu,Winnipeg Sea Bears,2025-2026,defense,P&R ball handler,Make 3 Pts,6,Long/3pt,P&R BH - Defense Commits > P&R Roll Man > Slips the Pick > Dribble Jumper > Long/3pt > Make 3 Pts,P&R BH - Defense Commits,P&R Roll Man,Slips the Pick,Dribble Jumper,Long/3pt,Make 3 Pts,1,100.0,3.0,150.0,0.0,0.0,1,100.0,,,100.0,,1,150.0,0.0,,,1,0,,1.0,0.0,100.0,0,0,0,,1,0,1.0,3
Simi Shittu,Winnipeg Sea Bears,2025-2026,defense,P&R ball handler,Turnover,4,Slips the Pick,P&R BH - Defense Commits > P&R Roll Man > Slips the Pick > Turnover,P&R BH - Defense Commits,P&R Roll Man,Slips the Pick,Turnover,,,1,33.3,0.0,,100.0,0.0,0,,,,,,0,,0.0,,,0,0,,0.0,,0.0,0,0,0,,0,0,,0
Simi Shittu,Winnipeg Sea Bears,2025-2026,defense,P&R ball handler,Spot-Up,2,P&R BH - Defense Commits,P&R BH - Defense Commits > Spot-Up,P&R BH - Defense Commits,Spot-Up,,,,,8,44.4,1.25,62.5,0.0,0.0,5,40.0,,,50.0,,8,62.5,0.0,,,4,4,,8.0,0.0,50.0,3,2,1,66.7,2,3,0.63,10
Simi Shittu,Winnipeg Sea Bears,2025-2026,defense,P&R ball handler,No Dribble Jumper,3,Spot-Up,P&R BH - Defense Commits > Spot-Up > No Dribble Jumper,P&R BH - Defense Commits,Spot-Up,No Dribble Jumper,,,,5,62.5,1.2,60.0,0.0,0.0,4,50.0,,,40.0,,5,60.0,0.0,,,2,3,,5.0,0.0,40.0,1,0,1,0.0,2,2,0.8,6
Simi Shittu,Winnipeg Sea Bears,2025-2026,defense,P&R ball handler,Guarded,4,No Dribble Jumper,P&R BH - Defense Commits > Spot-Up > No Dribble Jumper > Guarded,P&R BH - Defense Commits,Spot-Up,No Dribble Jumper,Guarded,,,4,80.0,1.5,75.0,0.0,0.0,4,50.0,,,50.0,,4,75.0,0.0,,,2,2,,4.0,0.0,50.0,0,0,0,,2,2,1.0,6
Simi Shittu,Winnipeg Sea Bears,2025-2026,defense,P&R ball handler,Long/3pt,5,Guarded,P&R BH - Defense Commits > Spot-Up > No Dribble Jumper > Guarded > Long/3pt,P&R BH - Defense Commits,Spot-Up,No Dribble Jumper,Guarded,Long/3pt,,4,100.0,1.5,75.0,0.0,0.0,4,50.0,,,50.0,,4,75.0,0.0,,,2,2,,4.0,0.0,50.0,0,0,0,,2,2,1.0,6
Simi Shittu,Winnipeg Sea Bears,2025-2026,defense,P&R ball handler,Miss 3 Pts,6,Long/3pt,P&R BH - Defense Commits > Spot-Up > No Dribble Jumper > Guarded > Long/3pt > Miss 3 Pts,P&R BH - Defense Commits,Spot-Up,No Dribble Jumper,Guarded,Long/3pt,Miss 3 Pts,2,50.0,0.0,0.0,0.0,0.0,2,0.0,,,0.0,,2,0.0,0.0,,,0,2,,2.0,0.0,0.0,0,0,0,,0,2,1.0,0
Simi Shittu,Winnipeg Sea Bears,2025-2026,defense,P&R ball handler,Make 3 Pts,6,Long/3pt,P&R BH - Defense Commits > Spot-Up > No Dribble Jumper > Guarded > Long/3pt > Make 3 Pts,P&R BH - Defense Commits,Spot-Up,No Dribble Jumper,Guarded,Long/3pt,Make 3 Pts,2,50.0,3.0,150.0,0.0,0.0,2,100.0,,,100.0,,2,150.0,0.0,,,2,0,,2.0,0.0,100.0,0,0,0,,2,0,1.0,6
Simi Shittu,Winnipeg Sea Bears,2025-2026,defense,P&R ball handler,Open,4,No Dribble Jumper,P&R BH - Defense Commits > Spot-Up > No Dribble Jumper > Open,P&R BH - Defense Commits,Spot-Up,No Dribble Jumper,Open,,,1,20.0,0.0,0.0,0.0,0.0,0,,,,0.0,,1,0.0,0.0,,,0,1,,1.0,0.0,0.0,1,0,1,0.0,0,0,0.0,0
Simi Shittu,Winnipeg Sea Bears,2025-2026,defense,P&R ball handler,Medium/17' to 3pt,5,Open,P&R BH - Defense Commits > Spot-Up > No Dribble Jumper > Open > Medium/17' to 3pt,P&R BH - Defense Commits,Spot-Up,No Dribble Jumper,Open,Medium/17' to 3pt,,1,100.0,0.0,0.0,0.0,0.0,0,,,,0.0,,1,0.0,0.0,,,0,1,,1.0,0.0,0.0,1,0,1,0.0,0,0,0.0,0
Simi Shittu,Winnipeg Sea Bears,2025-2026,defense,P&R ball handler,Miss 2 Pts,6,Medium/17' to 3pt,P&R BH - Defense Commits > Spot-Up > No Dribble Jumper > Open > Medium/17' to 3pt > Miss 2 Pts,P&R BH - Defense Commits,Spot-Up,No Dribble Jumper,Open,Medium/17' to 3pt,Miss 2 Pts,1,100.0,0.0,0.0,0.0,0.0,0,,,,0.0,,1,0.0,0.0,,,0,1,,1.0,0.0,0.0,1,0,1,0.0,0,0,0.0,0
Simi Shittu,Winnipeg Sea Bears,2025-2026,defense,P&R ball handler,Drives Right,3,Spot-Up,P&R BH - Defense Commits > Spot-Up > Drives Right,P&R BH - Defense Commits,Spot-Up,Drives Right,,,,2,25.0,2.0,100.0,0.0,0.0,0,,,,100.0,,2,100.0,0.0,,,2,0,,2.0,0.0,100.0,2,2,0,100.0,0,0,0.0,4
Simi Shittu,Winnipeg Sea Bears,2025-2026,defense,P&R ball handler,To Basket,4,Drives Right,P&R BH - Defense Commits > Spot-Up > Drives Right > To Basket,P&R BH - Defense Commits,Spot-Up,Drives Right,To Basket,,,2,100.0,2.0,100.0,0.0,0.0,0,,,,100.0,,2,100.0,0.0,,,2,0,,2.0,0.0,100.0,2,2,0,100.0,0,0,0.0,4
Simi Shittu,Winnipeg Sea Bears,2025-2026,defense,P&R ball handler,Make 2 Pts,5,To Basket,P&R BH - Defense Commits > Spot-Up > Drives Right > To Basket > Make 2 Pts,P&R BH - Defense Commits,Spot-Up,Drives Right,To Basket,Make 2 Pts,,2,100.0,2.0,100.0,0.0,0.0,0,,,,100.0,,2,100.0,0.0,,,2,0,,2.0,0.0,100.0,2,2,0,100.0,0,0,0.0,4
Simi Shittu,Winnipeg Sea Bears,2025-2026,defense,P&R ball handler,Drives Left,3,Spot-Up,P&R BH - Defense Commits > Spot-Up > Drives Left,P&R BH - Defense Commits,Spot-Up,Drives Left,,,,1,12.5,0.0,0.0,0.0,0.0,1,0.0,,,0.0,,1,0.0,0.0,,,0,1,,1.0,0.0,0.0,0,0,0,,0,1,1.0,0
Simi Shittu,Winnipeg Sea Bears,2025-2026,defense,P&R ball handler,Dribble Jumper,4,Drives Left,P&R BH - Defense Commits > Spot-Up > Drives Left > Dribble Jumper,P&R BH - Defense Commits,Spot-Up,Drives Left,Dribble Jumper,,,1,100.0,0.0,0.0,0.0,0.0,1,0.0,,,0.0,,1,0.0,0.0,,,0,1,,1.0,0.0,0.0,0,0,0,,0,1,1.0,0
Simi Shittu,Winnipeg Sea Bears,2025-2026,defense,P&R ball handler,Long/3pt,5,Dribble Jumper,P&R BH - Defense Commits > Spot-Up > Drives Left > Dribble Jumper > Long/3pt,P&R BH - Defense Commits,Spot-Up,Drives Left,Dribble Jumper,Long/3pt,,1,100.0,0.0,0.0,0.0,0.0,1,0.0,,,0.0,,1,0.0,0.0,,,0,1,,1.0,0.0,0.0,0,0,0,,0,1,1.0,0
Simi Shittu,Winnipeg Sea Bears,2025-2026,defense,P&R ball handler,Miss 3 Pts,6,Long/3pt,P&R BH - Defense Commits > Spot-Up > Drives Left > Dribble Jumper > Long/3pt > Miss 3 Pts,P&R BH - Defense Commits,Spot-Up,Drives Left,Dribble Jumper,Long/3pt,Miss 3 Pts,1,100.0,0.0,0.0,0.0,0.0,1,0.0,,,0.0,,1,0.0,0.0,,,0,1,,1.0,0.0,0.0,0,0,0,,0,1,1.0,0
Simi Shittu,Winnipeg Sea Bears,2025-2026,defense,P&R ball handler,P&R BH - Traps,1,,P&R BH - Traps,P&R BH - Traps,,,,,,0,0.0,,,,,0,,,,,,0,,,,,0,0,,0.0,,,0,0,0,,0,0,,0
Simi Shittu,Winnipeg Sea Bears,2025-2026,defense,Isolation,ISO Including Passes,1,,ISO Including Passes,ISO Including Passes,,,,,,25,25.0,0.72,37.9,8.0,12.0,6,16.7,Very Good,69.0,36.4,87.0,22,38.6,12.0,,,8,14,,23.8,0.18,32.0,16,7,9,43.8,1,5,0.27,18
Simi Shittu,Winnipeg Sea Bears,2025-2026,defense,Isolation,Isolation,2,ISO Including Passes,ISO Including Passes > Isolation,ISO Including Passes,Isolation,,,,,23,92.0,0.696,36.8,8.7,13.0,5,20.0,,,35.0,,20,37.5,13.0,,,7,13,,21.8,0.2,30.4,15,6,9,40.0,1,4,0.25,16
Simi Shittu,Winnipeg Sea Bears,2025-2026,defense,Isolation,Top,3,Isolation,ISO Including Passes > Isolation > Top,ISO Including Passes,Isolation,Top,,,,13,56.5,0.538,27.4,7.7,23.1,3,0.0,,,27.3,,11,27.3,23.1,,,3,8,,12.8,0.36,23.1,8,3,5,37.5,0,3,0.27,7
Simi Shittu,Winnipeg Sea Bears,2025-2026,defense,Isolation,Drives Left,4,Top,ISO Including Passes > Isolation > Top > Drives Left,ISO Including Passes,Isolation,Top,Drives Left,,,6,46.2,0.333,18.4,16.7,16.7,0,,,,20.0,,5,20.0,16.7,,,1,4,,5.4,0.2,16.7,5,1,4,20.0,0,0,0.0,2
Simi Shittu,Winnipeg Sea Bears,2025-2026,defense,Isolation,Dribble Jumper,5,Drives Left,ISO Including Passes > Isolation > Top > Drives Left > Dribble Jumper,ISO Including Passes,Isolation,Top,Drives Left,Dribble Jumper,,3,50.0,0.667,29.1,0.0,33.3,0,,,,33.3,,3,33.3,33.3,,,1,2,,3.4,0.33,33.3,3,1,2,33.3,0,0,0.0,2
Simi Shittu,Winnipeg Sea Bears,2025-2026,defense,Isolation,Medium/17' to 3pt,6,Dribble Jumper,ISO Including Passes > Isolation > Top > Drives Left > Dribble Jumper > Medium/17' to 3pt,ISO Including Passes,Isolation,Top,Drives Left,Dribble Jumper,Medium/17' to 3pt,2,66.7,1.0,41.0,0.0,50.0,0,,,,50.0,,2,50.0,50.0,,,1,1,,2.4,0.5,50.0,2,1,1,50.0,0,0,0.0,2
Simi Shittu,Winnipeg Sea Bears,2025-2026,defense,Isolation,Short to < 17,6,Dribble Jumper,ISO Including Passes > Isolation > Top > Drives Left > Dribble Jumper > Short to < 17,ISO Including Passes,Isolation,Top,Drives Left,Dribble Jumper,Short to < 17,1,33.3,0.0,0.0,0.0,0.0,0,,,,0.0,,1,0.0,0.0,,,0,1,,1.0,0.0,0.0,1,0,1,0.0,0,0,0.0,0
Simi Shittu,Winnipeg Sea Bears,2025-2026,defense,Isolation,To Basket,5,Drives Left,ISO Including Passes > Isolation > Top > Drives Left > To Basket,ISO Including Passes,Isolation,Top,Drives Left,To Basket,,2,33.3,0.0,0.0,0.0,0.0,0,,,,0.0,,2,0.0,0.0,,,0,2,,2.0,0.0,0.0,2,0,2,0.0,0,0,0.0,0
Simi Shittu,Winnipeg Sea Bears,2025-2026,defense,Isolation,Miss 2 Pts,6,To Basket,ISO Including Passes > Isolation > Top > Drives Left > To Basket > Miss 2 Pts,ISO Including Passes,Isolation,Top,Drives Left,To Basket,Miss 2 Pts,2,100.0,0.0,0.0,0.0,0.0,0,,,,0.0,,2,0.0,0.0,,,0,2,,2.0,0.0,0.0,2,0,2,0.0,0,0,0.0,0
Simi Shittu,Winnipeg Sea Bears,2025-2026,defense,Isolation,Turnover,5,Drives Left,ISO Including Passes > Isolation > Top > Drives Left > Turnover,ISO Including Passes,Isolation,Top,Drives Left,Turnover,,1,16.7,0.0,,100.0,0.0,0,,,,,,0,,0.0,,,0,0,,0.0,,0.0,0,0,0,,0,0,,0
Simi Shittu,Winnipeg Sea Bears,2025-2026,defense,Isolation,Drives Right,4,Top,ISO Including Passes > Isolation > Top > Drives Right,ISO Including Passes,Isolation,Top,Drives Right,,,4,30.8,1.25,57.9,0.0,50.0,0,,,,66.7,,3,66.7,50.0,,,2,1,,4.3,1.0,50.0,3,2,1,66.7,0,0,0.0,5
Simi Shittu,Winnipeg Sea Bears,2025-2026,defense,Isolation,To Basket,5,Drives Right,ISO Including Passes > Isolation > Top > Drives Right > To Basket,ISO Including Passes,Isolation,Top,Drives Right,To Basket,,4,100.0,1.25,57.9,0.0,50.0,0,,,,66.7,,3,66.7,50.0,,,2,1,,4.3,1.0,50.0,3,2,1,66.7,0,0,0.0,5
Simi Shittu,Winnipeg Sea Bears,2025-2026,defense,Isolation,Miss 2 Pts,6,To Basket,ISO Including Passes > Isolation > Top > Drives Right > To Basket > Miss 2 Pts,ISO Including Passes,Isolation,Top,Drives Right,To Basket,Miss 2 Pts,1,25.0,0.0,0.0,0.0,0.0,0,,,,0.0,,1,0.0,0.0,,,0,1,,1.0,0.0,0.0,1,0,1,0.0,0,0,0.0,0
Simi Shittu,Winnipeg Sea Bears,2025-2026,defense,Isolation,Foul,6,To Basket,ISO Including Passes > Isolation > Top > Drives Right > To Basket > Foul,ISO Including Passes,Isolation,Top,Drives Right,To Basket,Foul,1,25.0,0.0,0.0,0.0,100.0,0,,,,,,0,,100.0,,,0,0,,0.9,,0.0,0,0,0,,0,0,,0
Simi Shittu,Winnipeg Sea Bears,2025-2026,defense,Isolation,Make 2 Pts,6,To Basket,ISO Including Passes > Isolation > Top > Drives Right > To Basket > Make 2 Pts,ISO Including Passes,Isolation,Top,Drives Right,To Basket,Make 2 Pts,1,25.0,2.0,100.0,0.0,0.0,0,,,,100.0,,1,100.0,0.0,,,1,0,,1.0,0.0,100.0,1,1,0,100.0,0,0,0.0,2
Simi Shittu,Winnipeg Sea Bears,2025-2026,defense,Isolation,Make 2 Pts Foul,6,To Basket,ISO Including Passes > Isolation > Top > Drives Right > To Basket > Make 2 Pts Foul,ISO Including Passes,Isolation,Top,Drives Right,To Basket,Make 2 Pts Foul,1,25.0,3.0,104.2,0.0,100.0,0,,,,100.0,,1,100.0,100.0,,,1,0,,1.4,1.0,100.0,1,1,0,100.0,0,0,0.0,3
Simi Shittu,Winnipeg Sea Bears,2025-2026,defense,Isolation,Early Jumper,4,Top,ISO Including Passes > Isolation > Top > Early Jumper,ISO Including Passes,Isolation,Top,Early Jumper,,,3,23.1,0.0,0.0,0.0,0.0,3,0.0,,,0.0,,3,0.0,0.0,,,0,3,,3.0,0.0,0.0,0,0,0,,0,3,1.0,0
Simi Shittu,Winnipeg Sea Bears,2025-2026,defense,Isolation,Dribble Jumper,5,Early Jumper,ISO Including Passes > Isolation > Top > Early Jumper > Dribble Jumper,ISO Including Passes,Isolation,Top,Early Jumper,Dribble Jumper,,3,100.0,0.0,0.0,0.0,0.0,3,0.0,,,0.0,,3,0.0,0.0,,,0,3,,3.0,0.0,0.0,0,0,0,,0,3,1.0,0
Simi Shittu,Winnipeg Sea Bears,2025-2026,defense,Isolation,Long/3pt,6,Dribble Jumper,ISO Including Passes > Isolation > Top > Early Jumper > Dribble Jumper > Long/3pt,ISO Including Passes,Isolation,Top,Early Jumper,Dribble Jumper,Long/3pt,3,100.0,0.0,0.0,0.0,0.0,3,0.0,,,0.0,,3,0.0,0.0,,,0,3,,3.0,0.0,0.0,0,0,0,,0,3,1.0,0
Simi Shittu,Winnipeg Sea Bears,2025-2026,defense,Isolation,Left,3,Isolation,ISO Including Passes > Isolation > Left,ISO Including Passes,Isolation,Left,,,,5,21.7,1.4,70.0,0.0,0.0,2,50.0,,,60.0,,5,70.0,0.0,,,3,2,,5.0,0.0,60.0,3,2,1,66.7,1,1,0.4,7
Simi Shittu,Winnipeg Sea Bears,2025-2026,defense,Isolation,Drives Right,4,Left,ISO Including Passes > Isolation > Left > Drives Right,ISO Including Passes,Isolation,Left,Drives Right,,,2,40.0,1.0,50.0,0.0,0.0,0,,,,50.0,,2,50.0,0.0,,,1,1,,2.0,0.0,50.0,2,1,1,50.0,0,0,0.0,2
Simi Shittu,Winnipeg Sea Bears,2025-2026,defense,Isolation,To Basket,5,Drives Right,ISO Including Passes > Isolation > Left > Drives Right > To Basket,ISO Including Passes,Isolation,Left,Drives Right,To Basket,,2,100.0,1.0,50.0,0.0,0.0,0,,,,50.0,,2,50.0,0.0,,,1,1,,2.0,0.0,50.0,2,1,1,50.0,0,0,0.0,2
Simi Shittu,Winnipeg Sea Bears,2025-2026,defense,Isolation,Miss 2 Pts,6,To Basket,ISO Including Passes > Isolation > Left > Drives Right > To Basket > Miss 2 Pts,ISO Including Passes,Isolation,Left,Drives Right,To Basket,Miss 2 Pts,1,50.0,0.0,0.0,0.0,0.0,0,,,,0.0,,1,0.0,0.0,,,0,1,,1.0,0.0,0.0,1,0,1,0.0,0,0,0.0,0
Simi Shittu,Winnipeg Sea Bears,2025-2026,defense,Isolation,Make 2 Pts,6,To Basket,ISO Including Passes > Isolation > Left > Drives Right > To Basket > Make 2 Pts,ISO Including Passes,Isolation,Left,Drives Right,To Basket,Make 2 Pts,1,50.0,2.0,100.0,0.0,0.0,0,,,,100.0,,1,100.0,0.0,,,1,0,,1.0,0.0,100.0,1,1,0,100.0,0,0,0.0,2
Simi Shittu,Winnipeg Sea Bears,2025-2026,defense,Isolation,Early Jumper,4,Left,ISO Including Passes > Isolation > Left > Early Jumper,ISO Including Passes,Isolation,Left,Early Jumper,,,2,40.0,1.5,75.0,0.0,0.0,2,50.0,,,50.0,,2,75.0,0.0,,,1,1,,2.0,0.0,50.0,0,0,0,,1,1,1.0,3
Simi Shittu,Winnipeg Sea Bears,2025-2026,defense,Isolation,Dribble Jumper,5,Early Jumper,ISO Including Passes > Isolation > Left > Early Jumper > Dribble Jumper,ISO Including Passes,Isolation,Left,Early Jumper,Dribble Jumper,,2,100.0,1.5,75.0,0.0,0.0,2,50.0,,,50.0,,2,75.0,0.0,,,1,1,,2.0,0.0,50.0,0,0,0,,1,1,1.0,3
Simi Shittu,Winnipeg Sea Bears,2025-2026,defense,Isolation,Long/3pt,6,Dribble Jumper,ISO Including Passes > Isolation > Left > Early Jumper > Dribble Jumper > Long/3pt,ISO Including Passes,Isolation,Left,Early Jumper,Dribble Jumper,Long/3pt,2,100.0,1.5,75.0,0.0,0.0,2,50.0,,,50.0,,2,75.0,0.0,,,1,1,,2.0,0.0,50.0,0,0,0,,1,1,1.0,3
Simi Shittu,Winnipeg Sea Bears,2025-2026,defense,Isolation,Drives Left,4,Left,ISO Including Passes > Isolation > Left > Drives Left,ISO Including Passes,Isolation,Left,Drives Left,,,1,20.0,2.0,100.0,0.0,0.0,0,,,,100.0,,1,100.0,0.0,,,1,0,,1.0,0.0,100.0,1,1,0,100.0,0,0,0.0,2
Simi Shittu,Winnipeg Sea Bears,2025-2026,defense,Isolation,Dribble Jumper,5,Drives Left,ISO Including Passes > Isolation > Left > Drives Left > Dribble Jumper,ISO Including Passes,Isolation,Left,Drives Left,Dribble Jumper,,1,100.0,2.0,100.0,0.0,0.0,0,,,,100.0,,1,100.0,0.0,,,1,0,,1.0,0.0,100.0,1,1,0,100.0,0,0,0.0,2
Simi Shittu,Winnipeg Sea Bears,2025-2026,defense,Isolation,Short to < 17,6,Dribble Jumper,ISO Including Passes > Isolation > Left > Drives Left > Dribble Jumper > Short to < 17,ISO Including Passes,Isolation,Left,Drives Left,Dribble Jumper,Short to < 17,1,100.0,2.0,100.0,0.0,0.0,0,,,,100.0,,1,100.0,0.0,,,1,0,,1.0,0.0,100.0,1,1,0,100.0,0,0,0.0,2
Simi Shittu,Winnipeg Sea Bears,2025-2026,defense,Isolation,Right,3,Isolation,ISO Including Passes > Isolation > Right,ISO Including Passes,Isolation,Right,,,,5,21.7,0.4,25.0,20.0,0.0,0,,,,25.0,,4,25.0,0.0,,,1,3,,4.0,0.0,20.0,4,1,3,25.0,0,0,0.0,2
Simi Shittu,Winnipeg Sea Bears,2025-2026,defense,Isolation,Drives Right,4,Right,ISO Including Passes > Isolation > Right > Drives Right,ISO Including Passes,Isolation,Right,Drives Right,,,3,60.0,0.0,0.0,33.3,0.0,0,,,,0.0,,2,0.0,0.0,,,0,2,,2.0,0.0,0.0,2,0,2,0.0,0,0,0.0,0
Simi Shittu,Winnipeg Sea Bears,2025-2026,defense,Isolation,Dribble Jumper,5,Drives Right,ISO Including Passes > Isolation > Right > Drives Right > Dribble Jumper,ISO Including Passes,Isolation,Right,Drives Right,Dribble Jumper,,1,33.3,0.0,0.0,0.0,0.0,0,,,,0.0,,1,0.0,0.0,,,0,1,,1.0,0.0,0.0,1,0,1,0.0,0,0,0.0,0
Simi Shittu,Winnipeg Sea Bears,2025-2026,defense,Isolation,Short to < 17,6,Dribble Jumper,ISO Including Passes > Isolation > Right > Drives Right > Dribble Jumper > Short to < 17,ISO Including Passes,Isolation,Right,Drives Right,Dribble Jumper,Short to < 17,1,100.0,0.0,0.0,0.0,0.0,0,,,,0.0,,1,0.0,0.0,,,0,1,,1.0,0.0,0.0,1,0,1,0.0,0,0,0.0,0
Simi Shittu,Winnipeg Sea Bears,2025-2026,defense,Isolation,To Basket,5,Drives Right,ISO Including Passes > Isolation > Right > Drives Right > To Basket,ISO Including Passes,Isolation,Right,Drives Right,To Basket,,1,33.3,0.0,0.0,0.0,0.0,0,,,,0.0,,1,0.0,0.0,,,0,1,,1.0,0.0,0.0,1,0,1,0.0,0,0,0.0,0
Simi Shittu,Winnipeg Sea Bears,2025-2026,defense,Isolation,Miss 2 Pts,6,To Basket,ISO Including Passes > Isolation > Right > Drives Right > To Basket > Miss 2 Pts,ISO Including Passes,Isolation,Right,Drives Right,To Basket,Miss 2 Pts,1,100.0,0.0,0.0,0.0,0.0,0,,,,0.0,,1,0.0,0.0,,,0,1,,1.0,0.0,0.0,1,0,1,0.0,0,0,0.0,0
Simi Shittu,Winnipeg Sea Bears,2025-2026,defense,Isolation,Defense Commits,5,Drives Right,ISO Including Passes > Isolation > Right > Drives Right > Defense Commits,ISO Including Passes,Isolation,Right,Drives Right,Defense Commits,,1,33.3,0.0,,100.0,0.0,0,,,,,,0,,0.0,,,0,0,,0.0,,0.0,0,0,0,,0,0,,0
Simi Shittu,Winnipeg Sea Bears,2025-2026,defense,Isolation,Turnover,6,Defense Commits,ISO Including Passes > Isolation > Right > Drives Right > Defense Commits > Turnover,ISO Including Passes,Isolation,Right,Drives Right,Defense Commits,Turnover,1,100.0,0.0,,100.0,0.0,0,,,,,,0,,0.0,,,0,0,,0.0,,0.0,0,0,0,,0,0,,0
Simi Shittu,Winnipeg Sea Bears,2025-2026,defense,Isolation,Drives Left,4,Right,ISO Including Passes > Isolation > Right > Drives Left,ISO Including Passes,Isolation,Right,Drives Left,,,2,40.0,1.0,50.0,0.0,0.0,0,,,,50.0,,2,50.0,0.0,,,1,1,,2.0,0.0,50.0,2,1,1,50.0,0,0,0.0,2
Simi Shittu,Winnipeg Sea Bears,2025-2026,defense,Isolation,Dribble Jumper,5,Drives Left,ISO Including Passes > Isolation > Right > Drives Left > Dribble Jumper,ISO Including Passes,Isolation,Right,Drives Left,Dribble Jumper,,2,100.0,1.0,50.0,0.0,0.0,0,,,,50.0,,2,50.0,0.0,,,1,1,,2.0,0.0,50.0,2,1,1,50.0,0,0,0.0,2
Simi Shittu,Winnipeg Sea Bears,2025-2026,defense,Isolation,Short to < 17,6,Dribble Jumper,ISO Including Passes > Isolation > Right > Drives Left > Dribble Jumper > Short to < 17,ISO Including Passes,Isolation,Right,Drives Left,Dribble Jumper,Short to < 17,2,100.0,1.0,50.0,0.0,0.0,0,,,,50.0,,2,50.0,0.0,,,1,1,,2.0,0.0,50.0,2,1,1,50.0,0,0,0.0,2
Simi Shittu,Winnipeg Sea Bears,2025-2026,defense,Isolation,Spot-Up,2,ISO Including Passes,ISO Including Passes > Spot-Up,ISO Including Passes,Spot-Up,,,,,2,8.0,1.0,50.0,0.0,0.0,1,0.0,,,50.0,,2,50.0,0.0,,,1,1,,2.0,0.0,50.0,1,1,0,100.0,0,1,0.5,2
Simi Shittu,Winnipeg Sea Bears,2025-2026,defense,Isolation,No Dribble Jumper,3,Spot-Up,ISO Including Passes > Spot-Up > No Dribble Jumper,ISO Including Passes,Spot-Up,No Dribble Jumper,,,,1,50.0,0.0,0.0,0.0,0.0,1,0.0,,,0.0,,1,0.0,0.0,,,0,1,,1.0,0.0,0.0,0,0,0,,0,1,1.0,0
Simi Shittu,Winnipeg Sea Bears,2025-2026,defense,Isolation,Guarded,4,No Dribble Jumper,ISO Including Passes > Spot-Up > No Dribble Jumper > Guarded,ISO Including Passes,Spot-Up,No Dribble Jumper,Guarded,,,1,100.0,0.0,0.0,0.0,0.0,1,0.0,,,0.0,,1,0.0,0.0,,,0,1,,1.0,0.0,0.0,0,0,0,,0,1,1.0,0
Simi Shittu,Winnipeg Sea Bears,2025-2026,defense,Isolation,Long/3pt,5,Guarded,ISO Including Passes > Spot-Up > No Dribble Jumper > Guarded > Long/3pt,ISO Including Passes,Spot-Up,No Dribble Jumper,Guarded,Long/3pt,,1,100.0,0.0,0.0,0.0,0.0,1,0.0,,,0.0,,1,0.0,0.0,,,0,1,,1.0,0.0,0.0,0,0,0,,0,1,1.0,0
Simi Shittu,Winnipeg Sea Bears,2025-2026,defense,Isolation,Miss 3 Pts,6,Long/3pt,ISO Including Passes > Spot-Up > No Dribble Jumper > Guarded > Long/3pt > Miss 3 Pts,ISO Including Passes,Spot-Up,No Dribble Jumper,Guarded,Long/3pt,Miss 3 Pts,1,100.0,0.0,0.0,0.0,0.0,1,0.0,,,0.0,,1,0.0,0.0,,,0,1,,1.0,0.0,0.0,0,0,0,,0,1,1.0,0
Simi Shittu,Winnipeg Sea Bears,2025-2026,defense,Isolation,Drives Left,3,Spot-Up,ISO Including Passes > Spot-Up > Drives Left,ISO Including Passes,Spot-Up,Drives Left,,,,1,50.0,2.0,100.0,0.0,0.0,0,,,,100.0,,1,100.0,0.0,,,1,0,,1.0,0.0,100.0,1,1,0,100.0,0,0,0.0,2
Simi Shittu,Winnipeg Sea Bears,2025-2026,defense,Isolation,To Basket,4,Drives Left,ISO Including Passes > Spot-Up > Drives Left > To Basket,ISO Including Passes,Spot-Up,Drives Left,To Basket,,,1,100.0,2.0,100.0,0.0,0.0,0,,,,100.0,,1,100.0,0.0,,,1,0,,1.0,0.0,100.0,1,1,0,100.0,0,0,0.0,2
Simi Shittu,Winnipeg Sea Bears,2025-2026,defense,Isolation,Make 2 Pts,5,To Basket,ISO Including Passes > Spot-Up > Drives Left > To Basket > Make 2 Pts,ISO Including Passes,Spot-Up,Drives Left,To Basket,Make 2 Pts,,1,100.0,2.0,100.0,0.0,0.0,0,,,,100.0,,1,100.0,0.0,,,1,0,,1.0,0.0,100.0,1,1,0,100.0,0,0,0.0,2
Simi Shittu,Winnipeg Sea Bears,2025-2026,defense,Isolation,ISO - Defense Commits,1,,ISO - Defense Commits,ISO - Defense Commits,,,,,,3,3.0,0.667,50.0,33.3,0.0,1,0.0,,,50.0,,2,50.0,0.0,,,1,1,,2.0,0.0,33.3,1,1,0,100.0,0,1,0.5,2
Simi Shittu,Winnipeg Sea Bears,2025-2026,defense,Isolation,Spot-Up,2,ISO - Defense Commits,ISO - Defense Commits > Spot-Up,ISO - Defense Commits,Spot-Up,,,,,2,66.7,1.0,50.0,0.0,0.0,1,0.0,,,50.0,,2,50.0,0.0,,,1,1,,2.0,0.0,50.0,1,1,0,100.0,0,1,0.5,2
Simi Shittu,Winnipeg Sea Bears,2025-2026,defense,Isolation,No Dribble Jumper,3,Spot-Up,ISO - Defense Commits > Spot-Up > No Dribble Jumper,ISO - Defense Commits,Spot-Up,No Dribble Jumper,,,,1,50.0,0.0,0.0,0.0,0.0,1,0.0,,,0.0,,1,0.0,0.0,,,0,1,,1.0,0.0,0.0,0,0,0,,0,1,1.0,0
Simi Shittu,Winnipeg Sea Bears,2025-2026,defense,Isolation,Guarded,4,No Dribble Jumper,ISO - Defense Commits > Spot-Up > No Dribble Jumper > Guarded,ISO - Defense Commits,Spot-Up,No Dribble Jumper,Guarded,,,1,100.0,0.0,0.0,0.0,0.0,1,0.0,,,0.0,,1,0.0,0.0,,,0,1,,1.0,0.0,0.0,0,0,0,,0,1,1.0,0
Simi Shittu,Winnipeg Sea Bears,2025-2026,defense,Isolation,Long/3pt,5,Guarded,ISO - Defense Commits > Spot-Up > No Dribble Jumper > Guarded > Long/3pt,ISO - Defense Commits,Spot-Up,No Dribble Jumper,Guarded,Long/3pt,,1,100.0,0.0,0.0,0.0,0.0,1,0.0,,,0.0,,1,0.0,0.0,,,0,1,,1.0,0.0,0.0,0,0,0,,0,1,1.0,0
Simi Shittu,Winnipeg Sea Bears,2025-2026,defense,Isolation,Miss 3 Pts,6,Long/3pt,ISO - Defense Commits > Spot-Up > No Dribble Jumper > Guarded > Long/3pt > Miss 3 Pts,ISO - Defense Commits,Spot-Up,No Dribble Jumper,Guarded,Long/3pt,Miss 3 Pts,1,100.0,0.0,0.0,0.0,0.0,1,0.0,,,0.0,,1,0.0,0.0,,,0,1,,1.0,0.0,0.0,0,0,0,,0,1,1.0,0
Simi Shittu,Winnipeg Sea Bears,2025-2026,defense,Isolation,Drives Left,3,Spot-Up,ISO - Defense Commits > Spot-Up > Drives Left,ISO - Defense Commits,Spot-Up,Drives Left,,,,1,50.0,2.0,100.0,0.0,0.0,0,,,,100.0,,1,100.0,0.0,,,1,0,,1.0,0.0,100.0,1,1,0,100.0,0,0,0.0,2
Simi Shittu,Winnipeg Sea Bears,2025-2026,defense,Isolation,To Basket,4,Drives Left,ISO - Defense Commits > Spot-Up > Drives Left > To Basket,ISO - Defense Commits,Spot-Up,Drives Left,To Basket,,,1,100.0,2.0,100.0,0.0,0.0,0,,,,100.0,,1,100.0,0.0,,,1,0,,1.0,0.0,100.0,1,1,0,100.0,0,0,0.0,2
Simi Shittu,Winnipeg Sea Bears,2025-2026,defense,Isolation,Make 2 Pts,5,To Basket,ISO - Defense Commits > Spot-Up > Drives Left > To Basket > Make 2 Pts,ISO - Defense Commits,Spot-Up,Drives Left,To Basket,Make 2 Pts,,1,100.0,2.0,100.0,0.0,0.0,0,,,,100.0,,1,100.0,0.0,,,1,0,,1.0,0.0,100.0,1,1,0,100.0,0,0,0.0,2
Simi Shittu,Winnipeg Sea Bears,2025-2026,defense,Isolation,Isolation,2,ISO - Defense Commits,ISO - Defense Commits > Isolation,ISO - Defense Commits,Isolation,,,,,1,33.3,0.0,,100.0,0.0,0,,,,,,0,,0.0,,,0,0,,0.0,,0.0,0,0,0,,0,0,,0
Simi Shittu,Winnipeg Sea Bears,2025-2026,defense,Isolation,Right,3,Isolation,ISO - Defense Commits > Isolation > Right,ISO - Defense Commits,Isolation,Right,,,,1,100.0,0.0,,100.0,0.0,0,,,,,,0,,0.0,,,0,0,,0.0,,0.0,0,0,0,,0,0,,0
Simi Shittu,Winnipeg Sea Bears,2025-2026,defense,Isolation,Drives Right,4,Right,ISO - Defense Commits > Isolation > Right > Drives Right,ISO - Defense Commits,Isolation,Right,Drives Right,,,1,100.0,0.0,,100.0,0.0,0,,,,,,0,,0.0,,,0,0,,0.0,,0.0,0,0,0,,0,0,,0
Simi Shittu,Winnipeg Sea Bears,2025-2026,defense,Isolation,Defense Commits,5,Drives Right,ISO - Defense Commits > Isolation > Right > Drives Right > Defense Commits,ISO - Defense Commits,Isolation,Right,Drives Right,Defense Commits,,1,100.0,0.0,,100.0,0.0,0,,,,,,0,,0.0,,,0,0,,0.0,,0.0,0,0,0,,0,0,,0
Simi Shittu,Winnipeg Sea Bears,2025-2026,defense,Isolation,Turnover,6,Defense Commits,ISO - Defense Commits > Isolation > Right > Drives Right > Defense Commits > Turnover,ISO - Defense Commits,Isolation,Right,Drives Right,Defense Commits,Turnover,1,100.0,0.0,,100.0,0.0,0,,,,,,0,,0.0,,,0,0,,0.0,,0.0,0,0,0,,0,0,,0
Simi Shittu,Winnipeg Sea Bears,2025-2026,defense,Post up,Post-Ups Including Passes,1,,Post-Ups Including Passes,Post-Ups Including Passes,,,,,,21,21.0,0.571,30.0,4.8,0.0,1,0.0,Very Good,83.0,30.0,84.0,20,30.0,0.0,,,6,14,,20.0,0.0,28.6,19,6,13,31.6,0,1,0.05,12
Simi Shittu,Winnipeg Sea Bears,2025-2026,defense,Post up,Post-Up,2,Post-Ups Including Passes,Post-Ups Including Passes > Post-Up,Post-Ups Including Passes,Post-Up,,,,,20,95.2,0.6,31.6,5.0,0.0,0,,,,31.6,,19,31.6,0.0,,,6,13,,19.0,0.0,30.0,19,6,13,31.6,0,0,0.0,12
Simi Shittu,Winnipeg Sea Bears,2025-2026,defense,Post up,Right Block,3,Post-Up,Post-Ups Including Passes > Post-Up > Right Block,Post-Ups Including Passes,Post-Up,Right Block,,,,9,45.0,0.667,37.5,11.1,0.0,0,,,,37.5,,8,37.5,0.0,,,3,5,,8.0,0.0,33.3,8,3,5,37.5,0,0,0.0,6
Simi Shittu,Winnipeg Sea Bears,2025-2026,defense,Post up,Left Shoulder,4,Right Block,Post-Ups Including Passes > Post-Up > Right Block > Left Shoulder,Post-Ups Including Passes,Post-Up,Right Block,Left Shoulder,,,5,55.6,0.8,50.0,20.0,0.0,0,,,,50.0,,4,50.0,0.0,,,2,2,,4.0,0.0,40.0,4,2,2,50.0,0,0,0.0,4
Simi Shittu,Winnipeg Sea Bears,2025-2026,defense,Post up,Dribble Move,5,Left Shoulder,Post-Ups Including Passes > Post-Up > Right Block > Left Shoulder > Dribble Move,Post-Ups Including Passes,Post-Up,Right Block,Left Shoulder,Dribble Move,,5,100.0,0.8,50.0,20.0,0.0,0,,,,50.0,,4,50.0,0.0,,,2,2,,4.0,0.0,40.0,4,2,2,50.0,0,0,0.0,4
Simi Shittu,Winnipeg Sea Bears,2025-2026,defense,Post up,To Drop Step,6,Dribble Move,Post-Ups Including Passes > Post-Up > Right Block > Left Shoulder > Dribble Move > To Drop Step,Post-Ups Including Passes,Post-Up,Right Block,Left Shoulder,Dribble Move,To Drop Step,2,40.0,1.0,50.0,0.0,0.0,0,,,,50.0,,2,50.0,0.0,,,1,1,,2.0,0.0,50.0,2,1,1,50.0,0,0,0.0,2
Simi Shittu,Winnipeg Sea Bears,2025-2026,defense,Post up,To Basket,6,Dribble Move,Post-Ups Including Passes > Post-Up > Right Block > Left Shoulder > Dribble Move > To Basket,Post-Ups Including Passes,Post-Up,Right Block,Left Shoulder,Dribble Move,To Basket,2,40.0,1.0,100.0,50.0,0.0,0,,,,100.0,,1,100.0,0.0,,,1,0,,1.0,0.0,50.0,1,1,0,100.0,0,0,0.0,2
Simi Shittu,Winnipeg Sea Bears,2025-2026,defense,Post up,To Hook,6,Dribble Move,Post-Ups Including Passes > Post-Up > Right Block > Left Shoulder > Dribble Move > To Hook,Post-Ups Including Passes,Post-Up,Right Block,Left Shoulder,Dribble Move,To Hook,1,20.0,0.0,0.0,0.0,0.0,0,,,,0.0,,1,0.0,0.0,,,0,1,,1.0,0.0,0.0,1,0,1,0.0,0,0,0.0,0
Simi Shittu,Winnipeg Sea Bears,2025-2026,defense,Post up,Right Shoulder,4,Right Block,Post-Ups Including Passes > Post-Up > Right Block > Right Shoulder,Post-Ups Including Passes,Post-Up,Right Block,Right Shoulder,,,2,22.2,0.0,0.0,0.0,0.0,0,,,,0.0,,2,0.0,0.0,,,0,2,,2.0,0.0,0.0,2,0,2,0.0,0,0,0.0,0
Simi Shittu,Winnipeg Sea Bears,2025-2026,defense,Post up,Dribble Move,5,Right Shoulder,Post-Ups Including Passes > Post-Up > Right Block > Right Shoulder > Dribble Move,Post-Ups Including Passes,Post-Up,Right Block,Right Shoulder,Dribble Move,,2,100.0,0.0,0.0,0.0,0.0,0,,,,0.0,,2,0.0,0.0,,,0,2,,2.0,0.0,0.0,2,0,2,0.0,0,0,0.0,0
Simi Shittu,Winnipeg Sea Bears,2025-2026,defense,Post up,To Hook,6,Dribble Move,Post-Ups Including Passes > Post-Up > Right Block > Right Shoulder > Dribble Move > To Hook,Post-Ups Including Passes,Post-Up,Right Block,Right Shoulder,Dribble Move,To Hook,1,50.0,0.0,0.0,0.0,0.0,0,,,,0.0,,1,0.0,0.0,,,0,1,,1.0,0.0,0.0,1,0,1,0.0,0,0,0.0,0
Simi Shittu,Winnipeg Sea Bears,2025-2026,defense,Post up,To Jumper,6,Dribble Move,Post-Ups Including Passes > Post-Up > Right Block > Right Shoulder > Dribble Move > To Jumper,Post-Ups Including Passes,Post-Up,Right Block,Right Shoulder,Dribble Move,To Jumper,1,50.0,0.0,0.0,0.0,0.0,0,,,,0.0,,1,0.0,0.0,,,0,1,,1.0,0.0,0.0,1,0,1,0.0,0,0,0.0,0
Simi Shittu,Winnipeg Sea Bears,2025-2026,defense,Post up,Face-up,4,Right Block,Post-Ups Including Passes > Post-Up > Right Block > Face-up,Post-Ups Including Passes,Post-Up,Right Block,Face-up,,,2,22.2,1.0,50.0,0.0,0.0,0,,,,50.0,,2,50.0,0.0,,,1,1,,2.0,0.0,50.0,2,1,1,50.0,0,0,0.0,2
Simi Shittu,Winnipeg Sea Bears,2025-2026,defense,Post up,Drive Baseline,5,Face-up,Post-Ups Including Passes > Post-Up > Right Block > Face-up > Drive Baseline,Post-Ups Including Passes,Post-Up,Right Block,Face-up,Drive Baseline,,1,50.0,0.0,0.0,0.0,0.0,0,,,,0.0,,1,0.0,0.0,,,0,1,,1.0,0.0,0.0,1,0,1,0.0,0,0,0.0,0
Simi Shittu,Winnipeg Sea Bears,2025-2026,defense,Post up,Miss 2 Pts,6,Drive Baseline,Post-Ups Including Passes > Post-Up > Right Block > Face-up > Drive Baseline > Miss 2 Pts,Post-Ups Including Passes,Post-Up,Right Block,Face-up,Drive Baseline,Miss 2 Pts,1,100.0,0.0,0.0,0.0,0.0,0,,,,0.0,,1,0.0,0.0,,,0,1,,1.0,0.0,0.0,1,0,1,0.0,0,0,0.0,0
Simi Shittu,Winnipeg Sea Bears,2025-2026,defense,Post up,Jumper,5,Face-up,Post-Ups Including Passes > Post-Up > Right Block > Face-up > Jumper,Post-Ups Including Passes,Post-Up,Right Block,Face-up,Jumper,,1,50.0,2.0,100.0,0.0,0.0,0,,,,100.0,,1,100.0,0.0,,,1,0,,1.0,0.0,100.0,1,1,0,100.0,0,0,0.0,2
Simi Shittu,Winnipeg Sea Bears,2025-2026,defense,Post up,Make 2 Pts,6,Jumper,Post-Ups Including Passes > Post-Up > Right Block > Face-up > Jumper > Make 2 Pts,Post-Ups Including Passes,Post-Up,Right Block,Face-up,Jumper,Make 2 Pts,1,100.0,2.0,100.0,0.0,0.0,0,,,,100.0,,1,100.0,0.0,,,1,0,,1.0,0.0,100.0,1,1,0,100.0,0,0,0.0,2
Simi Shittu,Winnipeg Sea Bears,2025-2026,defense,Post up,Left Block,3,Post-Up,Post-Ups Including Passes > Post-Up > Left Block,Post-Ups Including Passes,Post-Up,Left Block,,,,8,40.0,0.5,25.0,0.0,0.0,0,,,,25.0,,8,25.0,0.0,,,2,6,,8.0,0.0,25.0,8,2,6,25.0,0,0,0.0,4
Simi Shittu,Winnipeg Sea Bears,2025-2026,defense,Post up,Left Shoulder,4,Left Block,Post-Ups Including Passes > Post-Up > Left Block > Left Shoulder,Post-Ups Including Passes,Post-Up,Left Block,Left Shoulder,,,5,62.5,0.4,20.0,0.0,0.0,0,,,,20.0,,5,20.0,0.0,,,1,4,,5.0,0.0,20.0,5,1,4,20.0,0,0,0.0,2
Simi Shittu,Winnipeg Sea Bears,2025-2026,defense,Post up,Dribble Move,5,Left Shoulder,Post-Ups Including Passes > Post-Up > Left Block > Left Shoulder > Dribble Move,Post-Ups Including Passes,Post-Up,Left Block,Left Shoulder,Dribble Move,,5,100.0,0.4,20.0,0.0,0.0,0,,,,20.0,,5,20.0,0.0,,,1,4,,5.0,0.0,20.0,5,1,4,20.0,0,0,0.0,2
Simi Shittu,Winnipeg Sea Bears,2025-2026,defense,Post up,To Hook,6,Dribble Move,Post-Ups Including Passes > Post-Up > Left Block > Left Shoulder > Dribble Move > To Hook,Post-Ups Including Passes,Post-Up,Left Block,Left Shoulder,Dribble Move,To Hook,5,100.0,0.4,20.0,0.0,0.0,0,,,,20.0,,5,20.0,0.0,,,1,4,,5.0,0.0,20.0,5,1,4,20.0,0,0,0.0,2
Simi Shittu,Winnipeg Sea Bears,2025-2026,defense,Post up,Right Shoulder,4,Left Block,Post-Ups Including Passes > Post-Up > Left Block > Right Shoulder,Post-Ups Including Passes,Post-Up,Left Block,Right Shoulder,,,2,25.0,1.0,50.0,0.0,0.0,0,,,,50.0,,2,50.0,0.0,,,1,1,,2.0,0.0,50.0,2,1,1,50.0,0,0,0.0,2
Simi Shittu,Winnipeg Sea Bears,2025-2026,defense,Post up,Dribble Move,5,Right Shoulder,Post-Ups Including Passes > Post-Up > Left Block > Right Shoulder > Dribble Move,Post-Ups Including Passes,Post-Up,Left Block,Right Shoulder,Dribble Move,,2,100.0,1.0,50.0,0.0,0.0,0,,,,50.0,,2,50.0,0.0,,,1,1,,2.0,0.0,50.0,2,1,1,50.0,0,0,0.0,2
Simi Shittu,Winnipeg Sea Bears,2025-2026,defense,Post up,To Basket,6,Dribble Move,Post-Ups Including Passes > Post-Up > Left Block > Right Shoulder > Dribble Move > To Basket,Post-Ups Including Passes,Post-Up,Left Block,Right Shoulder,Dribble Move,To Basket,1,50.0,2.0,100.0,0.0,0.0,0,,,,100.0,,1,100.0,0.0,,,1,0,,1.0,0.0,100.0,1,1,0,100.0,0,0,0.0,2
Simi Shittu,Winnipeg Sea Bears,2025-2026,defense,Post up,To Drop Step,6,Dribble Move,Post-Ups Including Passes > Post-Up > Left Block > Right Shoulder > Dribble Move > To Drop Step,Post-Ups Including Passes,Post-Up,Left Block,Right Shoulder,Dribble Move,To Drop Step,1,50.0,0.0,0.0,0.0,0.0,0,,,,0.0,,1,0.0,0.0,,,0,1,,1.0,0.0,0.0,1,0,1,0.0,0,0,0.0,0
Simi Shittu,Winnipeg Sea Bears,2025-2026,defense,Post up,Face-up,4,Left Block,Post-Ups Including Passes > Post-Up > Left Block > Face-up,Post-Ups Including Passes,Post-Up,Left Block,Face-up,,,1,12.5,0.0,0.0,0.0,0.0,0,,,,0.0,,1,0.0,0.0,,,0,1,,1.0,0.0,0.0,1,0,1,0.0,0,0,0.0,0
Simi Shittu,Winnipeg Sea Bears,2025-2026,defense,Post up,Drive Middle,5,Face-up,Post-Ups Including Passes > Post-Up > Left Block > Face-up > Drive Middle,Post-Ups Including Passes,Post-Up,Left Block,Face-up,Drive Middle,,1,100.0,0.0,0.0,0.0,0.0,0,,,,0.0,,1,0.0,0.0,,,0,1,,1.0,0.0,0.0,1,0,1,0.0,0,0,0.0,0
Simi Shittu,Winnipeg Sea Bears,2025-2026,defense,Post up,Miss 2 Pts,6,Drive Middle,Post-Ups Including Passes > Post-Up > Left Block > Face-up > Drive Middle > Miss 2 Pts,Post-Ups Including Passes,Post-Up,Left Block,Face-up,Drive Middle,Miss 2 Pts,1,100.0,0.0,0.0,0.0,0.0,0,,,,0.0,,1,0.0,0.0,,,0,1,,1.0,0.0,0.0,1,0,1,0.0,0,0,0.0,0
Simi Shittu,Winnipeg Sea Bears,2025-2026,defense,Post up,Flash Middle,3,Post-Up,Post-Ups Including Passes > Post-Up > Flash Middle,Post-Ups Including Passes,Post-Up,Flash Middle,,,,3,15.0,0.667,33.3,0.0,0.0,0,,,,33.3,,3,33.3,0.0,,,1,2,,3.0,0.0,33.3,3,1,2,33.3,0,0,0.0,2
Simi Shittu,Winnipeg Sea Bears,2025-2026,defense,Post up,Left Shoulder,4,Flash Middle,Post-Ups Including Passes > Post-Up > Flash Middle > Left Shoulder,Post-Ups Including Passes,Post-Up,Flash Middle,Left Shoulder,,,2,66.7,1.0,50.0,0.0,0.0,0,,,,50.0,,2,50.0,0.0,,,1,1,,2.0,0.0,50.0,2,1,1,50.0,0,0,0.0,2
Simi Shittu,Winnipeg Sea Bears,2025-2026,defense,Post up,Dribble Move,5,Left Shoulder,Post-Ups Including Passes > Post-Up > Flash Middle > Left Shoulder > Dribble Move,Post-Ups Including Passes,Post-Up,Flash Middle,Left Shoulder,Dribble Move,,1,50.0,2.0,100.0,0.0,0.0,0,,,,100.0,,1,100.0,0.0,,,1,0,,1.0,0.0,100.0,1,1,0,100.0,0,0,0.0,2
Simi Shittu,Winnipeg Sea Bears,2025-2026,defense,Post up,To Basket,6,Dribble Move,Post-Ups Including Passes > Post-Up > Flash Middle > Left Shoulder > Dribble Move > To Basket,Post-Ups Including Passes,Post-Up,Flash Middle,Left Shoulder,Dribble Move,To Basket,1,100.0,2.0,100.0,0.0,0.0,0,,,,100.0,,1,100.0,0.0,,,1,0,,1.0,0.0,100.0,1,1,0,100.0,0,0,0.0,2
Simi Shittu,Winnipeg Sea Bears,2025-2026,defense,Post up,No Dribble Move,5,Left Shoulder,Post-Ups Including Passes > Post-Up > Flash Middle > Left Shoulder > No Dribble Move,Post-Ups Including Passes,Post-Up,Flash Middle,Left Shoulder,No Dribble Move,,1,50.0,0.0,0.0,0.0,0.0,0,,,,0.0,,1,0.0,0.0,,,0,1,,1.0,0.0,0.0,1,0,1,0.0,0,0,0.0,0
Simi Shittu,Winnipeg Sea Bears,2025-2026,defense,Post up,To Hook,6,No Dribble Move,Post-Ups Including Passes > Post-Up > Flash Middle > Left Shoulder > No Dribble Move > To Hook,Post-Ups Including Passes,Post-Up,Flash Middle,Left Shoulder,No Dribble Move,To Hook,1,100.0,0.0,0.0,0.0,0.0,0,,,,0.0,,1,0.0,0.0,,,0,1,,1.0,0.0,0.0,1,0,1,0.0,0,0,0.0,0
Simi Shittu,Winnipeg Sea Bears,2025-2026,defense,Post up,Right Shoulder,4,Flash Middle,Post-Ups Including Passes > Post-Up > Flash Middle > Right Shoulder,Post-Ups Including Passes,Post-Up,Flash Middle,Right Shoulder,,,1,33.3,0.0,0.0,0.0,0.0,0,,,,0.0,,1,0.0,0.0,,,0,1,,1.0,0.0,0.0,1,0,1,0.0,0,0,0.0,0
Simi Shittu,Winnipeg Sea Bears,2025-2026,defense,Post up,Dribble Move,5,Right Shoulder,Post-Ups Including Passes > Post-Up > Flash Middle > Right Shoulder > Dribble Move,Post-Ups Including Passes,Post-Up,Flash Middle,Right Shoulder,Dribble Move,,1,100.0,0.0,0.0,0.0,0.0,0,,,,0.0,,1,0.0,0.0,,,0,1,,1.0,0.0,0.0,1,0,1,0.0,0,0,0.0,0
Simi Shittu,Winnipeg Sea Bears,2025-2026,defense,Post up,To Drop Step,6,Dribble Move,Post-Ups Including Passes > Post-Up > Flash Middle > Right Shoulder > Dribble Move > To Drop Step,Post-Ups Including Passes,Post-Up,Flash Middle,Right Shoulder,Dribble Move,To Drop Step,1,100.0,0.0,0.0,0.0,0.0,0,,,,0.0,,1,0.0,0.0,,,0,1,,1.0,0.0,0.0,1,0,1,0.0,0,0,0.0,0
Simi Shittu,Winnipeg Sea Bears,2025-2026,defense,Post up,Spot-Up,2,Post-Ups Including Passes,Post-Ups Including Passes > Spot-Up,Post-Ups Including Passes,Spot-Up,,,,,1,4.8,0.0,0.0,0.0,0.0,1,0.0,,,0.0,,1,0.0,0.0,,,0,1,,1.0,0.0,0.0,0,0,0,,0,1,1.0,0
Simi Shittu,Winnipeg Sea Bears,2025-2026,defense,Post up,No Dribble Jumper,3,Spot-Up,Post-Ups Including Passes > Spot-Up > No Dribble Jumper,Post-Ups Including Passes,Spot-Up,No Dribble Jumper,,,,1,100.0,0.0,0.0,0.0,0.0,1,0.0,,,0.0,,1,0.0,0.0,,,0,1,,1.0,0.0,0.0,0,0,0,,0,1,1.0,0
Simi Shittu,Winnipeg Sea Bears,2025-2026,defense,Post up,Guarded,4,No Dribble Jumper,Post-Ups Including Passes > Spot-Up > No Dribble Jumper > Guarded,Post-Ups Including Passes,Spot-Up,No Dribble Jumper,Guarded,,,1,100.0,0.0,0.0,0.0,0.0,1,0.0,,,0.0,,1,0.0,0.0,,,0,1,,1.0,0.0,0.0,0,0,0,,0,1,1.0,0
Simi Shittu,Winnipeg Sea Bears,2025-2026,defense,Post up,Long/3pt,5,Guarded,Post-Ups Including Passes > Spot-Up > No Dribble Jumper > Guarded > Long/3pt,Post-Ups Including Passes,Spot-Up,No Dribble Jumper,Guarded,Long/3pt,,1,100.0,0.0,0.0,0.0,0.0,1,0.0,,,0.0,,1,0.0,0.0,,,0,1,,1.0,0.0,0.0,0,0,0,,0,1,1.0,0
Simi Shittu,Winnipeg Sea Bears,2025-2026,defense,Post up,Miss 3 Pts,6,Long/3pt,Post-Ups Including Passes > Spot-Up > No Dribble Jumper > Guarded > Long/3pt > Miss 3 Pts,Post-Ups Including Passes,Spot-Up,No Dribble Jumper,Guarded,Long/3pt,Miss 3 Pts,1,100.0,0.0,0.0,0.0,0.0,1,0.0,,,0.0,,1,0.0,0.0,,,0,1,,1.0,0.0,0.0,0,0,0,,0,1,1.0,0
Simi Shittu,Winnipeg Sea Bears,2025-2026,defense,Post up,Post-Up - Defense Commits,1,,Post-Up - Defense Commits,Post-Up - Defense Commits,,,,,,1,1.0,0.0,0.0,0.0,0.0,1,0.0,,,0.0,,1,0.0,0.0,,,0,1,,1.0,0.0,0.0,0,0,0,,0,1,1.0,0
Simi Shittu,Winnipeg Sea Bears,2025-2026,defense,Post up,No Dribble Jumper,2,Post-Up - Defense Commits,Post-Up - Defense Commits > No Dribble Jumper,Post-Up - Defense Commits,No Dribble Jumper,,,,,1,100.0,0.0,0.0,0.0,0.0,1,0.0,,,0.0,,1,0.0,0.0,,,0,1,,1.0,0.0,0.0,0,0,0,,0,1,1.0,0
Simi Shittu,Winnipeg Sea Bears,2025-2026,defense,Post up,Guarded,3,No Dribble Jumper,Post-Up - Defense Commits > No Dribble Jumper > Guarded,Post-Up - Defense Commits,No Dribble Jumper,Guarded,,,,1,100.0,0.0,0.0,0.0,0.0,1,0.0,,,0.0,,1,0.0,0.0,,,0,1,,1.0,0.0,0.0,0,0,0,,0,1,1.0,0
Simi Shittu,Winnipeg Sea Bears,2025-2026,defense,Post up,Long/3pt,4,Guarded,Post-Up - Defense Commits > No Dribble Jumper > Guarded > Long/3pt,Post-Up - Defense Commits,No Dribble Jumper,Guarded,Long/3pt,,,1,100.0,0.0,0.0,0.0,0.0,1,0.0,,,0.0,,1,0.0,0.0,,,0,1,,1.0,0.0,0.0,0,0,0,,0,1,1.0,0
Simi Shittu,Winnipeg Sea Bears,2025-2026,defense,Post up,Miss 3 Pts,5,Long/3pt,Post-Up - Defense Commits > No Dribble Jumper > Guarded > Long/3pt > Miss 3 Pts,Post-Up - Defense Commits,No Dribble Jumper,Guarded,Long/3pt,Miss 3 Pts,,1,100.0,0.0,0.0,0.0,0.0,1,0.0,,,0.0,,1,0.0,0.0,,,0,1,,1.0,0.0,0.0,0,0,0,,0,1,1.0,0
Simi Shittu,Winnipeg Sea Bears,2025-2026,defense,Post up,Post-Up - Hard Double,1,,Post-Up - Hard Double,Post-Up - Hard Double,,,,,,2,2.0,0.0,0.0,0.0,0.0,1,0.0,,,0.0,,2,0.0,0.0,,,0,2,,2.0,0.0,0.0,1,0,1,0.0,0,1,0.5,0
Simi Shittu,Winnipeg Sea Bears,2025-2026,defense,Post up,Post-Up,2,Post-Up - Hard Double,Post-Up - Hard Double > Post-Up,Post-Up - Hard Double,Post-Up,,,,,1,50.0,0.0,0.0,0.0,0.0,0,,,,0.0,,1,0.0,0.0,,,0,1,,1.0,0.0,0.0,1,0,1,0.0,0,0,0.0,0
Simi Shittu,Winnipeg Sea Bears,2025-2026,defense,Post up,Right Block,3,Post-Up,Post-Up - Hard Double > Post-Up > Right Block,Post-Up - Hard Double,Post-Up,Right Block,,,,1,100.0,0.0,0.0,0.0,0.0,0,,,,0.0,,1,0.0,0.0,,,0,1,,1.0,0.0,0.0,1,0,1,0.0,0,0,0.0,0
Simi Shittu,Winnipeg Sea Bears,2025-2026,defense,Post up,Face-up,4,Right Block,Post-Up - Hard Double > Post-Up > Right Block > Face-up,Post-Up - Hard Double,Post-Up,Right Block,Face-up,,,1,100.0,0.0,0.0,0.0,0.0,0,,,,0.0,,1,0.0,0.0,,,0,1,,1.0,0.0,0.0,1,0,1,0.0,0,0,0.0,0
Simi Shittu,Winnipeg Sea Bears,2025-2026,defense,Post up,Drive Baseline,5,Face-up,Post-Up - Hard Double > Post-Up > Right Block > Face-up > Drive Baseline,Post-Up - Hard Double,Post-Up,Right Block,Face-up,Drive Baseline,,1,100.0,0.0,0.0,0.0,0.0,0,,,,0.0,,1,0.0,0.0,,,0,1,,1.0,0.0,0.0,1,0,1,0.0,0,0,0.0,0
Simi Shittu,Winnipeg Sea Bears,2025-2026,defense,Post up,Miss 2 Pts,6,Drive Baseline,Post-Up - Hard Double > Post-Up > Right Block > Face-up > Drive Baseline > Miss 2 Pts,Post-Up - Hard Double,Post-Up,Right Block,Face-up,Drive Baseline,Miss 2 Pts,1,100.0,0.0,0.0,0.0,0.0,0,,,,0.0,,1,0.0,0.0,,,0,1,,1.0,0.0,0.0,1,0,1,0.0,0,0,0.0,0
Simi Shittu,Winnipeg Sea Bears,2025-2026,defense,Post up,Spot-Up,2,Post-Up - Hard Double,Post-Up - Hard Double > Spot-Up,Post-Up - Hard Double,Spot-Up,,,,,1,50.0,0.0,0.0,0.0,0.0,1,0.0,,,0.0,,1,0.0,0.0,,,0,1,,1.0,0.0,0.0,0,0,0,,0,1,1.0,0
Simi Shittu,Winnipeg Sea Bears,2025-2026,defense,Post up,No Dribble Jumper,3,Spot-Up,Post-Up - Hard Double > Spot-Up > No Dribble Jumper,Post-Up - Hard Double,Spot-Up,No Dribble Jumper,,,,1,100.0,0.0,0.0,0.0,0.0,1,0.0,,,0.0,,1,0.0,0.0,,,0,1,,1.0,0.0,0.0,0,0,0,,0,1,1.0,0
Simi Shittu,Winnipeg Sea Bears,2025-2026,defense,Post up,Guarded,4,No Dribble Jumper,Post-Up - Hard Double > Spot-Up > No Dribble Jumper > Guarded,Post-Up - Hard Double,Spot-Up,No Dribble Jumper,Guarded,,,1,100.0,0.0,0.0,0.0,0.0,1,0.0,,,0.0,,1,0.0,0.0,,,0,1,,1.0,0.0,0.0,0,0,0,,0,1,1.0,0
Simi Shittu,Winnipeg Sea Bears,2025-2026,defense,Post up,Long/3pt,5,Guarded,Post-Up - Hard Double > Spot-Up > No Dribble Jumper > Guarded > Long/3pt,Post-Up - Hard Double,Spot-Up,No Dribble Jumper,Guarded,Long/3pt,,1,100.0,0.0,0.0,0.0,0.0,1,0.0,,,0.0,,1,0.0,0.0,,,0,1,,1.0,0.0,0.0,0,0,0,,0,1,1.0,0
Simi Shittu,Winnipeg Sea Bears,2025-2026,defense,Post up,Miss 3 Pts,6,Long/3pt,Post-Up - Hard Double > Spot-Up > No Dribble Jumper > Guarded > Long/3pt > Miss 3 Pts,Post-Up - Hard Double,Spot-Up,No Dribble Jumper,Guarded,Long/3pt,Miss 3 Pts,1,100.0,0.0,0.0,0.0,0.0,1,0.0,,,0.0,,1,0.0,0.0,,,0,1,,1.0,0.0,0.0,0,0,0,,0,1,1.0,0
