PLAYER,TEAM,SEASON,SIDE,TABLE,STAT,DEPTH,PARENT,PATH,LEVEL_1,LEVEL_2,LEVEL_3,LEVEL_4,LEVEL_5,LEVEL_6,POSS,%TIME,PPP,TS%,TO%,%FT,3FG ATT,3 FG%,PPP RATING,PPP RANK,FG%,%TIME RANK,FG ATT,EFG%,%SF,SSQ,PPS,FG MADE,FG MISS,SSM,TSA,FTA/FGA,SCORE%,2 FG ATT,2 FG MADE,2 FG MISS,2 FG%,3 FG MADE,3 FG MISS,3PA/FGA,PTS
Abdul Mohamed,Montreal Alliance,2025-2026,offense,Play types,Spot Up,1,,Spot Up,Spot Up,,,,,,47,28.5,0.766,41.0,6.4,2.1,33,27.3,Below Average,21.0,30.2,63.0,43,40.7,0.0,,,13,30,,43.9,0.05,29.8,10,4,6,40.0,9,24,0.77,36
Abdul Mohamed,Montreal Alliance,2025-2026,offense,Play types,No Dribble Jumper,2,Spot Up,Spot Up > No Dribble Jumper,Spot Up,No Dribble Jumper,,,,,30,63.8,0.9,45.0,0.0,0.0,30,30.0,,,30.0,,30,45.0,0.0,,,9,21,,30.0,0.0,30.0,0,0,0,,9,21,1.0,27
Abdul Mohamed,Montreal Alliance,2025-2026,offense,Play types,Guarded,3,No Dribble Jumper,Spot Up > No Dribble Jumper > Guarded,Spot Up,No Dribble Jumper,Guarded,,,,18,60.0,0.833,41.7,0.0,0.0,18,27.8,,,27.8,,18,41.7,0.0,,,5,13,,18.0,0.0,27.8,0,0,0,,5,13,1.0,15
Abdul Mohamed,Montreal Alliance,2025-2026,offense,Play types,Long/3pt,4,Guarded,Spot Up > No Dribble Jumper > Guarded > Long/3pt,Spot Up,No Dribble Jumper,Guarded,Long/3pt,,,18,100.0,0.833,41.7,0.0,0.0,18,27.8,,,27.8,,18,41.7,0.0,,,5,13,,18.0,0.0,27.8,0,0,0,,5,13,1.0,15
Abdul Mohamed,Montreal Alliance,2025-2026,offense,Play types,Miss 3 Pts,5,Long/3pt,Spot Up > No Dribble Jumper > Guarded > Long/3pt > Miss 3 Pts,Spot Up,No Dribble Jumper,Guarded,Long/3pt,Miss 3 Pts,,13,72.2,0.0,0.0,0.0,0.0,13,0.0,,,0.0,,13,0.0,0.0,,,0,13,,13.0,0.0,0.0,0,0,0,,0,13,1.0,0
Abdul Mohamed,Montreal Alliance,2025-2026,offense,Play types,Make 3 Pts,5,Long/3pt,Spot Up > No Dribble Jumper > Guarded > Long/3pt > Make 3 Pts,Spot Up,No Dribble Jumper,Guarded,Long/3pt,Make 3 Pts,,5,27.8,3.0,150.0,0.0,0.0,5,100.0,,,100.0,,5,150.0,0.0,,,5,0,,5.0,0.0,100.0,0,0,0,,5,0,1.0,15
Abdul Mohamed,Montreal Alliance,2025-2026,offense,Play types,Open,3,No Dribble Jumper,Spot Up > No Dribble Jumper > Open,Spot Up,No Dribble Jumper,Open,,,,12,40.0,1.0,50.0,0.0,0.0,12,33.3,,,33.3,,12,50.0,0.0,,,4,8,,12.0,0.0,33.3,0,0,0,,4,8,1.0,12
Abdul Mohamed,Montreal Alliance,2025-2026,offense,Play types,Long/3pt,4,Open,Spot Up > No Dribble Jumper > Open > Long/3pt,Spot Up,No Dribble Jumper,Open,Long/3pt,,,12,100.0,1.0,50.0,0.0,0.0,12,33.3,,,33.3,,12,50.0,0.0,,,4,8,,12.0,0.0,33.3,0,0,0,,4,8,1.0,12
Abdul Mohamed,Montreal Alliance,2025-2026,offense,Play types,Miss 3 Pts,5,Long/3pt,Spot Up > No Dribble Jumper > Open > Long/3pt > Miss 3 Pts,Spot Up,No Dribble Jumper,Open,Long/3pt,Miss 3 Pts,,8,66.7,0.0,0.0,0.0,0.0,8,0.0,,,0.0,,8,0.0,0.0,,,0,8,,8.0,0.0,0.0,0,0,0,,0,8,1.0,0
Abdul Mohamed,Montreal Alliance,2025-2026,offense,Play types,Make 3 Pts,5,Long/3pt,Spot Up > No Dribble Jumper > Open > Long/3pt > Make 3 Pts,Spot Up,No Dribble Jumper,Open,Long/3pt,Make 3 Pts,,4,33.3,3.0,150.0,0.0,0.0,4,100.0,,,100.0,,4,150.0,0.0,,,4,0,,4.0,0.0,100.0,0,0,0,,4,0,1.0,12
Abdul Mohamed,Montreal Alliance,2025-2026,offense,Play types,Drives Left,2,Spot Up,Spot Up > Drives Left,Spot Up,Drives Left,,,,,9,19.1,0.667,42.9,22.2,0.0,0,,,,42.9,,7,42.9,0.0,,,3,4,,7.0,0.0,33.3,7,3,4,42.9,0,0,0.0,6
Abdul Mohamed,Montreal Alliance,2025-2026,offense,Play types,To Basket,3,Drives Left,Spot Up > Drives Left > To Basket,Spot Up,Drives Left,To Basket,,,,7,77.8,0.857,42.9,0.0,0.0,0,,,,42.9,,7,42.9,0.0,,,3,4,,7.0,0.0,42.9,7,3,4,42.9,0,0,0.0,6
Abdul Mohamed,Montreal Alliance,2025-2026,offense,Play types,Miss 2 Pts,4,To Basket,Spot Up > Drives Left > To Basket > Miss 2 Pts,Spot Up,Drives Left,To Basket,Miss 2 Pts,,,4,57.1,0.0,0.0,0.0,0.0,0,,,,0.0,,4,0.0,0.0,,,0,4,,4.0,0.0,0.0,4,0,4,0.0,0,0,0.0,0
Abdul Mohamed,Montreal Alliance,2025-2026,offense,Play types,Make 2 Pts,4,To Basket,Spot Up > Drives Left > To Basket > Make 2 Pts,Spot Up,Drives Left,To Basket,Make 2 Pts,,,3,42.9,2.0,100.0,0.0,0.0,0,,,,100.0,,3,100.0,0.0,,,3,0,,3.0,0.0,100.0,3,3,0,100.0,0,0,0.0,6
Abdul Mohamed,Montreal Alliance,2025-2026,offense,Play types,Turnover,3,Drives Left,Spot Up > Drives Left > Turnover,Spot Up,Drives Left,Turnover,,,,2,22.2,0.0,,100.0,0.0,0,,,,,,0,,0.0,,,0,0,,0.0,,0.0,0,0,0,,0,0,,0
Abdul Mohamed,Montreal Alliance,2025-2026,offense,Play types,Drives Right,2,Spot Up,Spot Up > Drives Right,Spot Up,Drives Right,,,,,6,12.8,0.5,30.7,16.7,16.7,1,0.0,,,25.0,,4,25.0,0.0,,,1,3,,4.9,0.5,33.3,3,1,2,33.3,0,1,0.25,3
Abdul Mohamed,Montreal Alliance,2025-2026,offense,Play types,To Basket,3,Drives Right,Spot Up > Drives Right > To Basket,Spot Up,Drives Right,To Basket,,,,3,50.0,0.667,33.3,0.0,0.0,0,,,,33.3,,3,33.3,0.0,,,1,2,,3.0,0.0,33.3,3,1,2,33.3,0,0,0.0,2
Abdul Mohamed,Montreal Alliance,2025-2026,offense,Play types,Miss 2 Pts,4,To Basket,Spot Up > Drives Right > To Basket > Miss 2 Pts,Spot Up,Drives Right,To Basket,Miss 2 Pts,,,2,66.7,0.0,0.0,0.0,0.0,0,,,,0.0,,2,0.0,0.0,,,0,2,,2.0,0.0,0.0,2,0,2,0.0,0,0,0.0,0
Abdul Mohamed,Montreal Alliance,2025-2026,offense,Play types,Make 2 Pts,4,To Basket,Spot Up > Drives Right > To Basket > Make 2 Pts,Spot Up,Drives Right,To Basket,Make 2 Pts,,,1,33.3,2.0,100.0,0.0,0.0,0,,,,100.0,,1,100.0,0.0,,,1,0,,1.0,0.0,100.0,1,1,0,100.0,0,0,0.0,2
Abdul Mohamed,Montreal Alliance,2025-2026,offense,Play types,Turnover,3,Drives Right,Spot Up > Drives Right > Turnover,Spot Up,Drives Right,Turnover,,,,1,16.7,0.0,,100.0,0.0,0,,,,,,0,,0.0,,,0,0,,0.0,,0.0,0,0,0,,0,0,,0
Abdul Mohamed,Montreal Alliance,2025-2026,offense,Play types,Dribble Jumper,3,Drives Right,Spot Up > Drives Right > Dribble Jumper,Spot Up,Drives Right,Dribble Jumper,,,,1,16.7,0.0,0.0,0.0,0.0,1,0.0,,,0.0,,1,0.0,0.0,,,0,1,,1.0,0.0,0.0,0,0,0,,0,1,1.0,0
Abdul Mohamed,Montreal Alliance,2025-2026,offense,Play types,Long/3pt,4,Dribble Jumper,Spot Up > Drives Right > Dribble Jumper > Long/3pt,Spot Up,Drives Right,Dribble Jumper,Long/3pt,,,1,100.0,0.0,0.0,0.0,0.0,1,0.0,,,0.0,,1,0.0,0.0,,,0,1,,1.0,0.0,0.0,0,0,0,,0,1,1.0,0
Abdul Mohamed,Montreal Alliance,2025-2026,offense,Play types,Miss 3 Pts,5,Long/3pt,Spot Up > Drives Right > Dribble Jumper > Long/3pt > Miss 3 Pts,Spot Up,Drives Right,Dribble Jumper,Long/3pt,Miss 3 Pts,,1,100.0,0.0,0.0,0.0,0.0,1,0.0,,,0.0,,1,0.0,0.0,,,0,1,,1.0,0.0,0.0,0,0,0,,0,1,1.0,0
Abdul Mohamed,Montreal Alliance,2025-2026,offense,Play types,Foul,3,Drives Right,Spot Up > Drives Right > Foul,Spot Up,Drives Right,Foul,,,,1,16.7,1.0,56.8,0.0,100.0,0,,,,,,0,,0.0,,,0,0,,0.9,,100.0,0,0,0,,0,0,,1
Abdul Mohamed,Montreal Alliance,2025-2026,offense,Play types,Drives Straight,2,Spot Up,Spot Up > Drives Straight,Spot Up,Drives Straight,,,,,2,4.3,0.0,0.0,0.0,0.0,2,0.0,,,0.0,,2,0.0,0.0,,,0,2,,2.0,0.0,0.0,0,0,0,,0,2,1.0,0
Abdul Mohamed,Montreal Alliance,2025-2026,offense,Play types,Dribble Jumper,3,Drives Straight,Spot Up > Drives Straight > Dribble Jumper,Spot Up,Drives Straight,Dribble Jumper,,,,2,100.0,0.0,0.0,0.0,0.0,2,0.0,,,0.0,,2,0.0,0.0,,,0,2,,2.0,0.0,0.0,0,0,0,,0,2,1.0,0
Abdul Mohamed,Montreal Alliance,2025-2026,offense,Play types,Long/3pt,4,Dribble Jumper,Spot Up > Drives Straight > Dribble Jumper > Long/3pt,Spot Up,Drives Straight,Dribble Jumper,Long/3pt,,,2,100.0,0.0,0.0,0.0,0.0,2,0.0,,,0.0,,2,0.0,0.0,,,0,2,,2.0,0.0,0.0,0,0,0,,0,2,1.0,0
Abdul Mohamed,Montreal Alliance,2025-2026,offense,Play types,Miss 3 Pts,5,Long/3pt,Spot Up > Drives Straight > Dribble Jumper > Long/3pt > Miss 3 Pts,Spot Up,Drives Straight,Dribble Jumper,Long/3pt,Miss 3 Pts,,2,100.0,0.0,0.0,0.0,0.0,2,0.0,,,0.0,,2,0.0,0.0,,,0,2,,2.0,0.0,0.0,0,0,0,,0,2,1.0,0
Abdul Mohamed,Montreal Alliance,2025-2026,offense,Play types,Transition,1,,Transition,Transition,,,,,,38,23.0,1.132,60.7,7.9,10.5,19,42.1,Very Good,71.0,45.2,56.0,31,58.1,10.5,,,14,17,,35.4,0.32,47.4,12,6,6,50.0,8,11,0.61,43
Abdul Mohamed,Montreal Alliance,2025-2026,offense,Play types,Left Wing,2,Transition,Transition > Left Wing,Transition,Left Wing,,,,,15,39.5,1.067,53.1,0.0,20.0,9,44.4,,,33.3,,12,50.0,20.0,,,4,8,,15.1,0.58,46.7,3,0,3,0.0,4,5,0.75,16
Abdul Mohamed,Montreal Alliance,2025-2026,offense,Play types,No Dribble Jumper,3,Left Wing,Transition > Left Wing > No Dribble Jumper,Transition,Left Wing,No Dribble Jumper,,,,9,60.0,1.444,69.7,0.0,11.1,8,50.0,,,50.0,,8,75.0,11.1,,,4,4,,9.3,0.38,55.6,0,0,0,,4,4,1.0,13
Abdul Mohamed,Montreal Alliance,2025-2026,offense,Play types,Open,4,No Dribble Jumper,Transition > Left Wing > No Dribble Jumper > Open,Transition,Left Wing,No Dribble Jumper,Open,,,6,66.7,1.5,75.0,0.0,0.0,6,50.0,,,50.0,,6,75.0,0.0,,,3,3,,6.0,0.0,50.0,0,0,0,,3,3,1.0,9
Abdul Mohamed,Montreal Alliance,2025-2026,offense,Play types,Long/3pt,5,Open,Transition > Left Wing > No Dribble Jumper > Open > Long/3pt,Transition,Left Wing,No Dribble Jumper,Open,Long/3pt,,6,100.0,1.5,75.0,0.0,0.0,6,50.0,,,50.0,,6,75.0,0.0,,,3,3,,6.0,0.0,50.0,0,0,0,,3,3,1.0,9
Abdul Mohamed,Montreal Alliance,2025-2026,offense,Play types,Guarded,4,No Dribble Jumper,Transition > Left Wing > No Dribble Jumper > Guarded,Transition,Left Wing,No Dribble Jumper,Guarded,,,3,33.3,1.333,60.2,0.0,33.3,2,50.0,,,50.0,,2,75.0,33.3,,,1,1,,3.3,1.5,66.7,0,0,0,,1,1,1.0,4
Abdul Mohamed,Montreal Alliance,2025-2026,offense,Play types,Long/3pt,5,Guarded,Transition > Left Wing > No Dribble Jumper > Guarded > Long/3pt,Transition,Left Wing,No Dribble Jumper,Guarded,Long/3pt,,3,100.0,1.333,60.2,0.0,33.3,2,50.0,,,50.0,,2,75.0,33.3,,,1,1,,3.3,1.5,66.7,0,0,0,,1,1,1.0,4
Abdul Mohamed,Montreal Alliance,2025-2026,offense,Play types,To Basket,3,Left Wing,Transition > Left Wing > To Basket,Transition,Left Wing,To Basket,,,,4,26.7,0.75,39.9,0.0,50.0,0,,,,0.0,,2,0.0,50.0,,,0,2,,3.8,2.0,50.0,2,0,2,0.0,0,0,0.0,3
Abdul Mohamed,Montreal Alliance,2025-2026,offense,Play types,Miss 2 Pts,4,To Basket,Transition > Left Wing > To Basket > Miss 2 Pts,Transition,Left Wing,To Basket,Miss 2 Pts,,,2,50.0,0.0,0.0,0.0,0.0,0,,,,0.0,,2,0.0,0.0,,,0,2,,2.0,0.0,0.0,2,0,2,0.0,0,0,0.0,0
Abdul Mohamed,Montreal Alliance,2025-2026,offense,Play types,Foul,4,To Basket,Transition > Left Wing > To Basket > Foul,Transition,Left Wing,To Basket,Foul,,,2,50.0,1.5,85.2,0.0,100.0,0,,,,,,0,,100.0,,,0,0,,1.8,,100.0,0,0,0,,0,0,,3
Abdul Mohamed,Montreal Alliance,2025-2026,offense,Play types,Dribble Jumper,3,Left Wing,Transition > Left Wing > Dribble Jumper,Transition,Left Wing,Dribble Jumper,,,,2,13.3,0.0,0.0,0.0,0.0,1,0.0,,,0.0,,2,0.0,0.0,,,0,2,,2.0,0.0,0.0,1,0,1,0.0,0,1,0.5,0
Abdul Mohamed,Montreal Alliance,2025-2026,offense,Play types,Short to < 17,4,Dribble Jumper,Transition > Left Wing > Dribble Jumper > Short to < 17,Transition,Left Wing,Dribble Jumper,Short to < 17,,,1,50.0,0.0,0.0,0.0,0.0,0,,,,0.0,,1,0.0,0.0,,,0,1,,1.0,0.0,0.0,1,0,1,0.0,0,0,0.0,0
Abdul Mohamed,Montreal Alliance,2025-2026,offense,Play types,Miss 2 Pts,5,Short to < 17,Transition > Left Wing > Dribble Jumper > Short to < 17 > Miss 2 Pts,Transition,Left Wing,Dribble Jumper,Short to < 17,Miss 2 Pts,,1,100.0,0.0,0.0,0.0,0.0,0,,,,0.0,,1,0.0,0.0,,,0,1,,1.0,0.0,0.0,1,0,1,0.0,0,0,0.0,0
Abdul Mohamed,Montreal Alliance,2025-2026,offense,Play types,Long/3pt,4,Dribble Jumper,Transition > Left Wing > Dribble Jumper > Long/3pt,Transition,Left Wing,Dribble Jumper,Long/3pt,,,1,50.0,0.0,0.0,0.0,0.0,1,0.0,,,0.0,,1,0.0,0.0,,,0,1,,1.0,0.0,0.0,0,0,0,,0,1,1.0,0
Abdul Mohamed,Montreal Alliance,2025-2026,offense,Play types,Miss 3 Pts,5,Long/3pt,Transition > Left Wing > Dribble Jumper > Long/3pt > Miss 3 Pts,Transition,Left Wing,Dribble Jumper,Long/3pt,Miss 3 Pts,,1,100.0,0.0,0.0,0.0,0.0,1,0.0,,,0.0,,1,0.0,0.0,,,0,1,,1.0,0.0,0.0,0,0,0,,0,1,1.0,0
Abdul Mohamed,Montreal Alliance,2025-2026,offense,Play types,Right Wing,2,Transition,Transition > Right Wing,Transition,Right Wing,,,,,10,26.3,1.1,59.0,10.0,10.0,6,33.3,,,37.5,,8,50.0,10.0,,,3,5,,9.3,0.38,40.0,2,1,1,50.0,2,4,0.75,11
Abdul Mohamed,Montreal Alliance,2025-2026,offense,Play types,No Dribble Jumper,3,Right Wing,Transition > Right Wing > No Dribble Jumper,Transition,Right Wing,No Dribble Jumper,,,,7,70.0,1.286,61.5,0.0,14.3,6,33.3,,,33.3,,6,50.0,14.3,,,2,4,,7.3,0.5,42.9,0,0,0,,2,4,1.0,9
Abdul Mohamed,Montreal Alliance,2025-2026,offense,Play types,Guarded,4,No Dribble Jumper,Transition > Right Wing > No Dribble Jumper > Guarded,Transition,Right Wing,No Dribble Jumper,Guarded,,,4,57.1,1.5,75.0,0.0,0.0,4,50.0,,,50.0,,4,75.0,0.0,,,2,2,,4.0,0.0,50.0,0,0,0,,2,2,1.0,6
Abdul Mohamed,Montreal Alliance,2025-2026,offense,Play types,Long/3pt,5,Guarded,Transition > Right Wing > No Dribble Jumper > Guarded > Long/3pt,Transition,Right Wing,No Dribble Jumper,Guarded,Long/3pt,,4,100.0,1.5,75.0,0.0,0.0,4,50.0,,,50.0,,4,75.0,0.0,,,2,2,,4.0,0.0,50.0,0,0,0,,2,2,1.0,6
Abdul Mohamed,Montreal Alliance,2025-2026,offense,Play types,Open,4,No Dribble Jumper,Transition > Right Wing > No Dribble Jumper > Open,Transition,Right Wing,No Dribble Jumper,Open,,,3,42.9,1.0,45.2,0.0,33.3,2,0.0,,,0.0,,2,0.0,33.3,,,0,2,,3.3,1.5,33.3,0,0,0,,0,2,1.0,3
Abdul Mohamed,Montreal Alliance,2025-2026,offense,Play types,Long/3pt,5,Open,Transition > Right Wing > No Dribble Jumper > Open > Long/3pt,Transition,Right Wing,No Dribble Jumper,Open,Long/3pt,,3,100.0,1.0,45.2,0.0,33.3,2,0.0,,,0.0,,2,0.0,33.3,,,0,2,,3.3,1.5,33.3,0,0,0,,0,2,1.0,3
Abdul Mohamed,Montreal Alliance,2025-2026,offense,Play types,To Basket,3,Right Wing,Transition > Right Wing > To Basket,Transition,Right Wing,To Basket,,,,2,20.0,1.0,50.0,0.0,0.0,0,,,,50.0,,2,50.0,0.0,,,1,1,,2.0,0.0,50.0,2,1,1,50.0,0,0,0.0,2
Abdul Mohamed,Montreal Alliance,2025-2026,offense,Play types,Miss 2 Pts,4,To Basket,Transition > Right Wing > To Basket > Miss 2 Pts,Transition,Right Wing,To Basket,Miss 2 Pts,,,1,50.0,0.0,0.0,0.0,0.0,0,,,,0.0,,1,0.0,0.0,,,0,1,,1.0,0.0,0.0,1,0,1,0.0,0,0,0.0,0
Abdul Mohamed,Montreal Alliance,2025-2026,offense,Play types,Make 2 Pts,4,To Basket,Transition > Right Wing > To Basket > Make 2 Pts,Transition,Right Wing,To Basket,Make 2 Pts,,,1,50.0,2.0,100.0,0.0,0.0,0,,,,100.0,,1,100.0,0.0,,,1,0,,1.0,0.0,100.0,1,1,0,100.0,0,0,0.0,2
Abdul Mohamed,Montreal Alliance,2025-2026,offense,Play types,Turnover,3,Right Wing,Transition > Right Wing > Turnover,Transition,Right Wing,Turnover,,,,1,10.0,0.0,,100.0,0.0,0,,,,,,0,,0.0,,,0,0,,0.0,,0.0,0,0,0,,0,0,,0
Abdul Mohamed,Montreal Alliance,2025-2026,offense,Play types,Ballhandler,2,Transition,Transition > Ballhandler,Transition,Ballhandler,,,,,5,13.2,1.0,62.5,20.0,0.0,2,50.0,,,50.0,,4,62.5,0.0,,,2,2,,4.0,0.0,40.0,2,1,1,50.0,1,1,0.5,5
Abdul Mohamed,Montreal Alliance,2025-2026,offense,Play types,Dribble Jumper,3,Ballhandler,Transition > Ballhandler > Dribble Jumper,Transition,Ballhandler,Dribble Jumper,,,,2,40.0,1.5,75.0,0.0,0.0,2,50.0,,,50.0,,2,75.0,0.0,,,1,1,,2.0,0.0,50.0,0,0,0,,1,1,1.0,3
Abdul Mohamed,Montreal Alliance,2025-2026,offense,Play types,Long/3pt,4,Dribble Jumper,Transition > Ballhandler > Dribble Jumper > Long/3pt,Transition,Ballhandler,Dribble Jumper,Long/3pt,,,2,100.0,1.5,75.0,0.0,0.0,2,50.0,,,50.0,,2,75.0,0.0,,,1,1,,2.0,0.0,50.0,0,0,0,,1,1,1.0,3
Abdul Mohamed,Montreal Alliance,2025-2026,offense,Play types,Make 3 Pts,5,Long/3pt,Transition > Ballhandler > Dribble Jumper > Long/3pt > Make 3 Pts,Transition,Ballhandler,Dribble Jumper,Long/3pt,Make 3 Pts,,1,50.0,3.0,150.0,0.0,0.0,1,100.0,,,100.0,,1,150.0,0.0,,,1,0,,1.0,0.0,100.0,0,0,0,,1,0,1.0,3
Abdul Mohamed,Montreal Alliance,2025-2026,offense,Play types,Miss 3 Pts,5,Long/3pt,Transition > Ballhandler > Dribble Jumper > Long/3pt > Miss 3 Pts,Transition,Ballhandler,Dribble Jumper,Long/3pt,Miss 3 Pts,,1,50.0,0.0,0.0,0.0,0.0,1,0.0,,,0.0,,1,0.0,0.0,,,0,1,,1.0,0.0,0.0,0,0,0,,0,1,1.0,0
Abdul Mohamed,Montreal Alliance,2025-2026,offense,Play types,To Basket,3,Ballhandler,Transition > Ballhandler > To Basket,Transition,Ballhandler,To Basket,,,,2,40.0,1.0,50.0,0.0,0.0,0,,,,50.0,,2,50.0,0.0,,,1,1,,2.0,0.0,50.0,2,1,1,50.0,0,0,0.0,2
Abdul Mohamed,Montreal Alliance,2025-2026,offense,Play types,Make 2 Pts,4,To Basket,Transition > Ballhandler > To Basket > Make 2 Pts,Transition,Ballhandler,To Basket,Make 2 Pts,,,1,50.0,2.0,100.0,0.0,0.0,0,,,,100.0,,1,100.0,0.0,,,1,0,,1.0,0.0,100.0,1,1,0,100.0,0,0,0.0,2
Abdul Mohamed,Montreal Alliance,2025-2026,offense,Play types,Miss 2 Pts,4,To Basket,Transition > Ballhandler > To Basket > Miss 2 Pts,Transition,Ballhandler,To Basket,Miss 2 Pts,,,1,50.0,0.0,0.0,0.0,0.0,0,,,,0.0,,1,0.0,0.0,,,0,1,,1.0,0.0,0.0,1,0,1,0.0,0,0,0.0,0
Abdul Mohamed,Montreal Alliance,2025-2026,offense,Play types,Turnover,3,Ballhandler,Transition > Ballhandler > Turnover,Transition,Ballhandler,Turnover,,,,1,20.0,0.0,,100.0,0.0,0,,,,,,0,,0.0,,,0,0,,0.0,,0.0,0,0,0,,0,0,,0
Abdul Mohamed,Montreal Alliance,2025-2026,offense,Play types,Leak Outs,2,Transition,Transition > Leak Outs,Transition,Leak Outs,,,,,4,10.5,1.5,75.0,0.0,0.0,0,,,,75.0,,4,75.0,0.0,,,3,1,,4.0,0.0,75.0,4,3,1,75.0,0,0,0.0,6
Abdul Mohamed,Montreal Alliance,2025-2026,offense,Play types,To Basket,3,Leak Outs,Transition > Leak Outs > To Basket,Transition,Leak Outs,To Basket,,,,4,100.0,1.5,75.0,0.0,0.0,0,,,,75.0,,4,75.0,0.0,,,3,1,,4.0,0.0,75.0,4,3,1,75.0,0,0,0.0,6
Abdul Mohamed,Montreal Alliance,2025-2026,offense,Play types,Make 2 Pts,4,To Basket,Transition > Leak Outs > To Basket > Make 2 Pts,Transition,Leak Outs,To Basket,Make 2 Pts,,,3,75.0,2.0,100.0,0.0,0.0,0,,,,100.0,,3,100.0,0.0,,,3,0,,3.0,0.0,100.0,3,3,0,100.0,0,0,0.0,6
Abdul Mohamed,Montreal Alliance,2025-2026,offense,Play types,Miss 2 Pts,4,To Basket,Transition > Leak Outs > To Basket > Miss 2 Pts,Transition,Leak Outs,To Basket,Miss 2 Pts,,,1,25.0,0.0,0.0,0.0,0.0,0,,,,0.0,,1,0.0,0.0,,,0,1,,1.0,0.0,0.0,1,0,1,0.0,0,0,0.0,0
Abdul Mohamed,Montreal Alliance,2025-2026,offense,Play types,Trailer,2,Transition,Transition > Trailer,Transition,Trailer,,,,,2,5.3,1.5,75.0,0.0,0.0,2,50.0,,,50.0,,2,75.0,0.0,,,1,1,,2.0,0.0,50.0,0,0,0,,1,1,1.0,3
Abdul Mohamed,Montreal Alliance,2025-2026,offense,Play types,No Dribble Jumper,3,Trailer,Transition > Trailer > No Dribble Jumper,Transition,Trailer,No Dribble Jumper,,,,2,100.0,1.5,75.0,0.0,0.0,2,50.0,,,50.0,,2,75.0,0.0,,,1,1,,2.0,0.0,50.0,0,0,0,,1,1,1.0,3
Abdul Mohamed,Montreal Alliance,2025-2026,offense,Play types,Open,4,No Dribble Jumper,Transition > Trailer > No Dribble Jumper > Open,Transition,Trailer,No Dribble Jumper,Open,,,2,100.0,1.5,75.0,0.0,0.0,2,50.0,,,50.0,,2,75.0,0.0,,,1,1,,2.0,0.0,50.0,0,0,0,,1,1,1.0,3
Abdul Mohamed,Montreal Alliance,2025-2026,offense,Play types,Long/3pt,5,Open,Transition > Trailer > No Dribble Jumper > Open > Long/3pt,Transition,Trailer,No Dribble Jumper,Open,Long/3pt,,2,100.0,1.5,75.0,0.0,0.0,2,50.0,,,50.0,,2,75.0,0.0,,,1,1,,2.0,0.0,50.0,0,0,0,,1,1,1.0,3
Abdul Mohamed,Montreal Alliance,2025-2026,offense,Play types,First Middle,2,Transition,Transition > First Middle,Transition,First Middle,,,,,2,5.3,1.0,100.0,50.0,0.0,0,,,,100.0,,1,100.0,0.0,,,1,0,,1.0,0.0,50.0,1,1,0,100.0,0,0,0.0,2
Abdul Mohamed,Montreal Alliance,2025-2026,offense,Play types,Turnover,3,First Middle,Transition > First Middle > Turnover,Transition,First Middle,Turnover,,,,1,50.0,0.0,,100.0,0.0,0,,,,,,0,,0.0,,,0,0,,0.0,,0.0,0,0,0,,0,0,,0
Abdul Mohamed,Montreal Alliance,2025-2026,offense,Play types,To Basket,3,First Middle,Transition > First Middle > To Basket,Transition,First Middle,To Basket,,,,1,50.0,2.0,100.0,0.0,0.0,0,,,,100.0,,1,100.0,0.0,,,1,0,,1.0,0.0,100.0,1,1,0,100.0,0,0,0.0,2
Abdul Mohamed,Montreal Alliance,2025-2026,offense,Play types,Make 2 Pts,4,To Basket,Transition > First Middle > To Basket > Make 2 Pts,Transition,First Middle,To Basket,Make 2 Pts,,,1,100.0,2.0,100.0,0.0,0.0,0,,,,100.0,,1,100.0,0.0,,,1,0,,1.0,0.0,100.0,1,1,0,100.0,0,0,0.0,2
Abdul Mohamed,Montreal Alliance,2025-2026,offense,Play types,Offensive Rebounds (Put Backs),1,,Offensive Rebounds (Put Backs),Offensive Rebounds (Put Backs),,,,,,17,10.3,0.765,46.8,17.6,5.9,1,100.0,Poor,6.0,38.5,40.0,13,42.3,5.9,,,5,8,,13.9,0.15,35.3,12,4,8,33.3,1,0,0.08,13
Abdul Mohamed,Montreal Alliance,2025-2026,offense,Play types,Short,2,Offensive Rebounds (Put Backs),Offensive Rebounds (Put Backs) > Short,Offensive Rebounds (Put Backs),Short,,,,,16,94.1,0.625,38.8,18.8,6.3,0,,,,33.3,,12,33.3,6.3,,,4,8,,12.9,0.17,31.3,12,4,8,33.3,0,0,0.0,10
Abdul Mohamed,Montreal Alliance,2025-2026,offense,Play types,Scoring Attempt,3,Short,Offensive Rebounds (Put Backs) > Short > Scoring Attempt,Offensive Rebounds (Put Backs),Short,Scoring Attempt,,,,13,81.3,0.769,38.8,0.0,7.7,0,,,,33.3,,12,33.3,7.7,,,4,8,,12.9,0.17,38.5,12,4,8,33.3,0,0,0.0,10
Abdul Mohamed,Montreal Alliance,2025-2026,offense,Play types,At Basket,4,Scoring Attempt,Offensive Rebounds (Put Backs) > Short > Scoring Attempt > At Basket,Offensive Rebounds (Put Backs),Short,Scoring Attempt,At Basket,,,12,92.3,0.833,42.1,0.0,8.3,0,,,,36.4,,11,36.4,8.3,,,4,7,,11.9,0.18,41.7,11,4,7,36.4,0,0,0.0,10
Abdul Mohamed,Montreal Alliance,2025-2026,offense,Play types,Miss 2 Pts,5,At Basket,Offensive Rebounds (Put Backs) > Short > Scoring Attempt > At Basket > Miss 2 Pts,Offensive Rebounds (Put Backs),Short,Scoring Attempt,At Basket,Miss 2 Pts,,7,58.3,0.0,0.0,0.0,0.0,0,,,,0.0,,7,0.0,0.0,,,0,7,,7.0,0.0,0.0,7,0,7,0.0,0,0,0.0,0
Abdul Mohamed,Montreal Alliance,2025-2026,offense,Play types,Make 2 Pts,5,At Basket,Offensive Rebounds (Put Backs) > Short > Scoring Attempt > At Basket > Make 2 Pts,Offensive Rebounds (Put Backs),Short,Scoring Attempt,At Basket,Make 2 Pts,,4,33.3,2.0,100.0,0.0,0.0,0,,,,100.0,,4,100.0,0.0,,,4,0,,4.0,0.0,100.0,4,4,0,100.0,0,0,0.0,8
Abdul Mohamed,Montreal Alliance,2025-2026,offense,Play types,Foul,5,At Basket,Offensive Rebounds (Put Backs) > Short > Scoring Attempt > At Basket > Foul,Offensive Rebounds (Put Backs),Short,Scoring Attempt,At Basket,Foul,,1,8.3,2.0,113.6,0.0,100.0,0,,,,,,0,,100.0,,,0,0,,0.9,,100.0,0,0,0,,0,0,,2
Abdul Mohamed,Montreal Alliance,2025-2026,offense,Play types,Short to < 17,4,Scoring Attempt,Offensive Rebounds (Put Backs) > Short > Scoring Attempt > Short to < 17,Offensive Rebounds (Put Backs),Short,Scoring Attempt,Short to < 17,,,1,7.7,0.0,0.0,0.0,0.0,0,,,,0.0,,1,0.0,0.0,,,0,1,,1.0,0.0,0.0,1,0,1,0.0,0,0,0.0,0
Abdul Mohamed,Montreal Alliance,2025-2026,offense,Play types,Miss 2 Pts,5,Short to < 17,Offensive Rebounds (Put Backs) > Short > Scoring Attempt > Short to < 17 > Miss 2 Pts,Offensive Rebounds (Put Backs),Short,Scoring Attempt,Short to < 17,Miss 2 Pts,,1,100.0,0.0,0.0,0.0,0.0,0,,,,0.0,,1,0.0,0.0,,,0,1,,1.0,0.0,0.0,1,0,1,0.0,0,0,0.0,0
Abdul Mohamed,Montreal Alliance,2025-2026,offense,Play types,Turnover,3,Short,Offensive Rebounds (Put Backs) > Short > Turnover,Offensive Rebounds (Put Backs),Short,Turnover,,,,3,18.8,0.0,,100.0,0.0,0,,,,,,0,,0.0,,,0,0,,0.0,,0.0,0,0,0,,0,0,,0
Abdul Mohamed,Montreal Alliance,2025-2026,offense,Play types,Long,2,Offensive Rebounds (Put Backs),Offensive Rebounds (Put Backs) > Long,Offensive Rebounds (Put Backs),Long,,,,,1,5.9,3.0,150.0,0.0,0.0,1,100.0,,,100.0,,1,150.0,0.0,,,1,0,,1.0,0.0,100.0,0,0,0,,1,0,1.0,3
Abdul Mohamed,Montreal Alliance,2025-2026,offense,Play types,Scoring Attempt,3,Long,Offensive Rebounds (Put Backs) > Long > Scoring Attempt,Offensive Rebounds (Put Backs),Long,Scoring Attempt,,,,1,100.0,3.0,150.0,0.0,0.0,1,100.0,,,100.0,,1,150.0,0.0,,,1,0,,1.0,0.0,100.0,0,0,0,,1,0,1.0,3
Abdul Mohamed,Montreal Alliance,2025-2026,offense,Play types,Long/3pt,4,Scoring Attempt,Offensive Rebounds (Put Backs) > Long > Scoring Attempt > Long/3pt,Offensive Rebounds (Put Backs),Long,Scoring Attempt,Long/3pt,,,1,100.0,3.0,150.0,0.0,0.0,1,100.0,,,100.0,,1,150.0,0.0,,,1,0,,1.0,0.0,100.0,0,0,0,,1,0,1.0,3
Abdul Mohamed,Montreal Alliance,2025-2026,offense,Play types,Make 3 Pts,5,Long/3pt,Offensive Rebounds (Put Backs) > Long > Scoring Attempt > Long/3pt > Make 3 Pts,Offensive Rebounds (Put Backs),Long,Scoring Attempt,Long/3pt,Make 3 Pts,,1,100.0,3.0,150.0,0.0,0.0,1,100.0,,,100.0,,1,150.0,0.0,,,1,0,,1.0,0.0,100.0,0,0,0,,1,0,1.0,3
Abdul Mohamed,Montreal Alliance,2025-2026,offense,Play types,Miscellaneous Plays,1,,Miscellaneous Plays,Miscellaneous Plays,,,,,,15,9.1,0.4,44.4,53.3,13.3,5,20.0,Average,50.0,20.0,77.0,5,30.0,0.0,,,1,4,,6.8,0.8,20.0,0,0,0,,1,4,1.0,6
Abdul Mohamed,Montreal Alliance,2025-2026,offense,Play types,Turnover,2,Miscellaneous Plays,Miscellaneous Plays > Turnover,Miscellaneous Plays,Turnover,,,,,8,53.3,0.0,,100.0,0.0,0,,,,,,0,,0.0,,,0,0,,0.0,,0.0,0,0,0,,0,0,,0
Abdul Mohamed,Montreal Alliance,2025-2026,offense,Play types,Dribble Jumper,2,Miscellaneous Plays,Miscellaneous Plays > Dribble Jumper,Miscellaneous Plays,Dribble Jumper,,,,,4,26.7,0.75,37.5,0.0,0.0,4,25.0,,,25.0,,4,37.5,0.0,,,1,3,,4.0,0.0,25.0,0,0,0,,1,3,1.0,3
Abdul Mohamed,Montreal Alliance,2025-2026,offense,Play types,Long/3pt,3,Dribble Jumper,Miscellaneous Plays > Dribble Jumper > Long/3pt,Miscellaneous Plays,Dribble Jumper,Long/3pt,,,,4,100.0,0.75,37.5,0.0,0.0,4,25.0,,,25.0,,4,37.5,0.0,,,1,3,,4.0,0.0,25.0,0,0,0,,1,3,1.0,3
Abdul Mohamed,Montreal Alliance,2025-2026,offense,Play types,Miss 3 Pts,4,Long/3pt,Miscellaneous Plays > Dribble Jumper > Long/3pt > Miss 3 Pts,Miscellaneous Plays,Dribble Jumper,Long/3pt,Miss 3 Pts,,,3,75.0,0.0,0.0,0.0,0.0,3,0.0,,,0.0,,3,0.0,0.0,,,0,3,,3.0,0.0,0.0,0,0,0,,0,3,1.0,0
Abdul Mohamed,Montreal Alliance,2025-2026,offense,Play types,Make 3 Pts,4,Long/3pt,Miscellaneous Plays > Dribble Jumper > Long/3pt > Make 3 Pts,Miscellaneous Plays,Dribble Jumper,Long/3pt,Make 3 Pts,,,1,25.0,3.0,150.0,0.0,0.0,1,100.0,,,100.0,,1,150.0,0.0,,,1,0,,1.0,0.0,100.0,0,0,0,,1,0,1.0,3
Abdul Mohamed,Montreal Alliance,2025-2026,offense,Play types,Foul,2,Miscellaneous Plays,Miscellaneous Plays > Foul,Miscellaneous Plays,Foul,,,,,2,13.3,1.5,85.2,0.0,100.0,0,,,,,,0,,0.0,,,0,0,,1.8,,100.0,0,0,0,,0,0,,3
Abdul Mohamed,Montreal Alliance,2025-2026,offense,Play types,No Dribble Jumper,2,Miscellaneous Plays,Miscellaneous Plays > No Dribble Jumper,Miscellaneous Plays,No Dribble Jumper,,,,,1,6.7,0.0,0.0,0.0,0.0,1,0.0,,,0.0,,1,0.0,0.0,,,0,1,,1.0,0.0,0.0,0,0,0,,0,1,1.0,0
Abdul Mohamed,Montreal Alliance,2025-2026,offense,Play types,Guarded,3,No Dribble Jumper,Miscellaneous Plays > No Dribble Jumper > Guarded,Miscellaneous Plays,No Dribble Jumper,Guarded,,,,1,100.0,0.0,0.0,0.0,0.0,1,0.0,,,0.0,,1,0.0,0.0,,,0,1,,1.0,0.0,0.0,0,0,0,,0,1,1.0,0
Abdul Mohamed,Montreal Alliance,2025-2026,offense,Play types,Long/3pt,4,Guarded,Miscellaneous Plays > No Dribble Jumper > Guarded > Long/3pt,Miscellaneous Plays,No Dribble Jumper,Guarded,Long/3pt,,,1,100.0,0.0,0.0,0.0,0.0,1,0.0,,,0.0,,1,0.0,0.0,,,0,1,,1.0,0.0,0.0,0,0,0,,0,1,1.0,0
Abdul Mohamed,Montreal Alliance,2025-2026,offense,Play types,Miss 3 Pts,5,Long/3pt,Miscellaneous Plays > No Dribble Jumper > Guarded > Long/3pt > Miss 3 Pts,Miscellaneous Plays,No Dribble Jumper,Guarded,Long/3pt,Miss 3 Pts,,1,100.0,0.0,0.0,0.0,0.0,1,0.0,,,0.0,,1,0.0,0.0,,,0,1,,1.0,0.0,0.0,0,0,0,,0,1,1.0,0
Abdul Mohamed,Montreal Alliance,2025-2026,offense,Play types,Cut,1,,Cut,Cut,,,,,,13,7.9,0.923,47.0,0.0,15.4,0,,Poor,12.0,36.4,29.0,11,36.4,15.4,,,4,7,,12.8,0.36,46.2,11,4,7,36.4,0,0,0.0,12
Abdul Mohamed,Montreal Alliance,2025-2026,offense,Play types,Basket,2,Cut,Cut > Basket,Cut,Basket,,,,,9,69.2,1.111,57.1,0.0,22.2,0,,,,42.9,,7,42.9,22.2,,,3,4,,8.8,0.57,55.6,7,3,4,42.9,0,0,0.0,10
Abdul Mohamed,Montreal Alliance,2025-2026,offense,Play types,Miss 2 Pts,3,Basket,Cut > Basket > Miss 2 Pts,Cut,Basket,Miss 2 Pts,,,,4,44.4,0.0,0.0,0.0,0.0,0,,,,0.0,,4,0.0,0.0,,,0,4,,4.0,0.0,0.0,4,0,4,0.0,0,0,0.0,0
Abdul Mohamed,Montreal Alliance,2025-2026,offense,Play types,Make 2 Pts,3,Basket,Cut > Basket > Make 2 Pts,Cut,Basket,Make 2 Pts,,,,3,33.3,2.0,100.0,0.0,0.0,0,,,,100.0,,3,100.0,0.0,,,3,0,,3.0,0.0,100.0,3,3,0,100.0,0,0,0.0,6
Abdul Mohamed,Montreal Alliance,2025-2026,offense,Play types,Foul,3,Basket,Cut > Basket > Foul,Cut,Basket,Foul,,,,2,22.2,2.0,113.6,0.0,100.0,0,,,,,,0,,100.0,,,0,0,,1.8,,100.0,0,0,0,,0,0,,4
Abdul Mohamed,Montreal Alliance,2025-2026,offense,Play types,Flash,2,Cut,Cut > Flash,Cut,Flash,,,,,2,15.4,0.0,0.0,0.0,0.0,0,,,,0.0,,2,0.0,0.0,,,0,2,,2.0,0.0,0.0,2,0,2,0.0,0,0,0.0,0
Abdul Mohamed,Montreal Alliance,2025-2026,offense,Play types,Miss 2 Pts,3,Flash,Cut > Flash > Miss 2 Pts,Cut,Flash,Miss 2 Pts,,,,2,100.0,0.0,0.0,0.0,0.0,0,,,,0.0,,2,0.0,0.0,,,0,2,,2.0,0.0,0.0,2,0,2,0.0,0,0,0.0,0
Abdul Mohamed,Montreal Alliance,2025-2026,offense,Play types,Screen,2,Cut,Cut > Screen,Cut,Screen,,,,,2,15.4,1.0,50.0,0.0,0.0,0,,,,50.0,,2,50.0,0.0,,,1,1,,2.0,0.0,50.0,2,1,1,50.0,0,0,0.0,2
Abdul Mohamed,Montreal Alliance,2025-2026,offense,Play types,Miss 2 Pts,3,Screen,Cut > Screen > Miss 2 Pts,Cut,Screen,Miss 2 Pts,,,,1,50.0,0.0,0.0,0.0,0.0,0,,,,0.0,,1,0.0,0.0,,,0,1,,1.0,0.0,0.0,1,0,1,0.0,0,0,0.0,0
Abdul Mohamed,Montreal Alliance,2025-2026,offense,Play types,Make 2 Pts,3,Screen,Cut > Screen > Make 2 Pts,Cut,Screen,Make 2 Pts,,,,1,50.0,2.0,100.0,0.0,0.0,0,,,,100.0,,1,100.0,0.0,,,1,0,,1.0,0.0,100.0,1,1,0,100.0,0,0,0.0,2
Abdul Mohamed,Montreal Alliance,2025-2026,offense,Play types,P&R Ball Handler,1,,P&R Ball Handler,P&R Ball Handler,,,,,,10,6.1,0.5,42.5,40.0,10.0,4,25.0,Poor,12.0,20.0,3.0,5,30.0,10.0,,,1,4,,5.9,0.4,20.0,1,0,1,0.0,1,3,0.8,5
Abdul Mohamed,Montreal Alliance,2025-2026,offense,Play types,P&R Ball Handler - Overall,2,P&R Ball Handler,P&R Ball Handler > P&R Ball Handler - Overall,P&R Ball Handler,P&R Ball Handler - Overall,,,,,10,100.0,0.5,42.5,40.0,10.0,4,25.0,,,20.0,,5,30.0,10.0,,,1,4,,5.9,0.4,20.0,1,0,1,0.0,1,3,0.8,5
Abdul Mohamed,Montreal Alliance,2025-2026,offense,Play types,Dribble Off Pick,3,P&R Ball Handler - Overall,P&R Ball Handler > P&R Ball Handler - Overall > Dribble Off Pick,P&R Ball Handler,P&R Ball Handler - Overall,Dribble Off Pick,,,,7,70.0,0.0,0.0,57.1,0.0,2,0.0,,,0.0,,3,0.0,0.0,,,0,3,,3.0,0.0,0.0,1,0,1,0.0,0,2,0.67,0
Abdul Mohamed,Montreal Alliance,2025-2026,offense,Play types,Takes Early Jump Shot,3,P&R Ball Handler - Overall,P&R Ball Handler > P&R Ball Handler - Overall > Takes Early Jump Shot,P&R Ball Handler,P&R Ball Handler - Overall,Takes Early Jump Shot,,,,2,20.0,1.5,75.0,0.0,0.0,2,50.0,,,50.0,,2,75.0,0.0,,,1,1,,2.0,0.0,50.0,0,0,0,,1,1,1.0,3
Abdul Mohamed,Montreal Alliance,2025-2026,offense,Play types,Go Away from Pick,3,P&R Ball Handler - Overall,P&R Ball Handler > P&R Ball Handler - Overall > Go Away from Pick,P&R Ball Handler,P&R Ball Handler - Overall,Go Away from Pick,,,,1,10.0,2.0,113.6,0.0,100.0,0,,,,,,0,,100.0,,,0,0,,0.9,,100.0,0,0,0,,0,0,,2
Abdul Mohamed,Montreal Alliance,2025-2026,offense,Play types,High P&R,2,P&R Ball Handler,P&R Ball Handler > High P&R,P&R Ball Handler,High P&R,,,,,4,40.0,0.0,0.0,50.0,0.0,2,0.0,,,0.0,,2,0.0,0.0,,,0,2,,2.0,0.0,0.0,0,0,0,,0,2,1.0,0
Abdul Mohamed,Montreal Alliance,2025-2026,offense,Play types,Dribble Off Pick,3,High P&R,P&R Ball Handler > High P&R > Dribble Off Pick,P&R Ball Handler,High P&R,Dribble Off Pick,,,,3,75.0,0.0,0.0,66.7,0.0,1,0.0,,,0.0,,1,0.0,0.0,,,0,1,,1.0,0.0,0.0,0,0,0,,0,1,1.0,0
Abdul Mohamed,Montreal Alliance,2025-2026,offense,Play types,Defense Commits,4,Dribble Off Pick,P&R Ball Handler > High P&R > Dribble Off Pick > Defense Commits,P&R Ball Handler,High P&R,Dribble Off Pick,Defense Commits,,,2,66.7,0.0,,100.0,0.0,0,,,,,,0,,0.0,,,0,0,,0.0,,0.0,0,0,0,,0,0,,0
Abdul Mohamed,Montreal Alliance,2025-2026,offense,Play types,Turnover,5,Defense Commits,P&R Ball Handler > High P&R > Dribble Off Pick > Defense Commits > Turnover,P&R Ball Handler,High P&R,Dribble Off Pick,Defense Commits,Turnover,,2,100.0,0.0,,100.0,0.0,0,,,,,,0,,0.0,,,0,0,,0.0,,0.0,0,0,0,,0,0,,0
Abdul Mohamed,Montreal Alliance,2025-2026,offense,Play types,Dribble Jumper,4,Dribble Off Pick,P&R Ball Handler > High P&R > Dribble Off Pick > Dribble Jumper,P&R Ball Handler,High P&R,Dribble Off Pick,Dribble Jumper,,,1,33.3,0.0,0.0,0.0,0.0,1,0.0,,,0.0,,1,0.0,0.0,,,0,1,,1.0,0.0,0.0,0,0,0,,0,1,1.0,0
Abdul Mohamed,Montreal Alliance,2025-2026,offense,Play types,Long/3pt,5,Dribble Jumper,P&R Ball Handler > High P&R > Dribble Off Pick > Dribble Jumper > Long/3pt,P&R Ball Handler,High P&R,Dribble Off Pick,Dribble Jumper,Long/3pt,,1,100.0,0.0,0.0,0.0,0.0,1,0.0,,,0.0,,1,0.0,0.0,,,0,1,,1.0,0.0,0.0,0,0,0,,0,1,1.0,0
Abdul Mohamed,Montreal Alliance,2025-2026,offense,Play types,Takes Early Jump Shot,3,High P&R,P&R Ball Handler > High P&R > Takes Early Jump Shot,P&R Ball Handler,High P&R,Takes Early Jump Shot,,,,1,25.0,0.0,0.0,0.0,0.0,1,0.0,,,0.0,,1,0.0,0.0,,,0,1,,1.0,0.0,0.0,0,0,0,,0,1,1.0,0
Abdul Mohamed,Montreal Alliance,2025-2026,offense,Play types,Dribble Jumper,4,Takes Early Jump Shot,P&R Ball Handler > High P&R > Takes Early Jump Shot > Dribble Jumper,P&R Ball Handler,High P&R,Takes Early Jump Shot,Dribble Jumper,,,1,100.0,0.0,0.0,0.0,0.0,1,0.0,,,0.0,,1,0.0,0.0,,,0,1,,1.0,0.0,0.0,0,0,0,,0,1,1.0,0
Abdul Mohamed,Montreal Alliance,2025-2026,offense,Play types,Long/3pt,5,Dribble Jumper,P&R Ball Handler > High P&R > Takes Early Jump Shot > Dribble Jumper > Long/3pt,P&R Ball Handler,High P&R,Takes Early Jump Shot,Dribble Jumper,Long/3pt,,1,100.0,0.0,0.0,0.0,0.0,1,0.0,,,0.0,,1,0.0,0.0,,,0,1,,1.0,0.0,0.0,0,0,0,,0,1,1.0,0
Abdul Mohamed,Montreal Alliance,2025-2026,offense,Play types,Left P&R,2,P&R Ball Handler,P&R Ball Handler > Left P&R,P&R Ball Handler,Left P&R,,,,,3,30.0,1.667,133.0,33.3,33.3,1,100.0,,,100.0,,1,150.0,33.3,,,1,0,,1.9,2.0,66.7,0,0,0,,1,0,1.0,5
Abdul Mohamed,Montreal Alliance,2025-2026,offense,Play types,Baseline,3,Left P&R,P&R Ball Handler > Left P&R > Baseline,P&R Ball Handler,Left P&R,Baseline,,,,2,66.7,1.5,150.0,50.0,0.0,1,100.0,,,100.0,,1,150.0,0.0,,,1,0,,1.0,0.0,50.0,0,0,0,,1,0,1.0,3
Abdul Mohamed,Montreal Alliance,2025-2026,offense,Play types,Takes Early Jump Shot,4,Baseline,P&R Ball Handler > Left P&R > Baseline > Takes Early Jump Shot,P&R Ball Handler,Left P&R,Baseline,Takes Early Jump Shot,,,1,50.0,3.0,150.0,0.0,0.0,1,100.0,,,100.0,,1,150.0,0.0,,,1,0,,1.0,0.0,100.0,0,0,0,,1,0,1.0,3
Abdul Mohamed,Montreal Alliance,2025-2026,offense,Play types,No Dribble Jumper,5,Takes Early Jump Shot,P&R Ball Handler > Left P&R > Baseline > Takes Early Jump Shot > No Dribble Jumper,P&R Ball Handler,Left P&R,Baseline,Takes Early Jump Shot,No Dribble Jumper,,1,100.0,3.0,150.0,0.0,0.0,1,100.0,,,100.0,,1,150.0,0.0,,,1,0,,1.0,0.0,100.0,0,0,0,,1,0,1.0,3
Abdul Mohamed,Montreal Alliance,2025-2026,offense,Play types,Dribble Off Pick,4,Baseline,P&R Ball Handler > Left P&R > Baseline > Dribble Off Pick,P&R Ball Handler,Left P&R,Baseline,Dribble Off Pick,,,1,50.0,0.0,,100.0,0.0,0,,,,,,0,,0.0,,,0,0,,0.0,,0.0,0,0,0,,0,0,,0
Abdul Mohamed,Montreal Alliance,2025-2026,offense,Play types,Defense Commits,5,Dribble Off Pick,P&R Ball Handler > Left P&R > Baseline > Dribble Off Pick > Defense Commits,P&R Ball Handler,Left P&R,Baseline,Dribble Off Pick,Defense Commits,,1,100.0,0.0,,100.0,0.0,0,,,,,,0,,0.0,,,0,0,,0.0,,0.0,0,0,0,,0,0,,0
Abdul Mohamed,Montreal Alliance,2025-2026,offense,Play types,Side,3,Left P&R,P&R Ball Handler > Left P&R > Side,P&R Ball Handler,Left P&R,Side,,,,1,33.3,2.0,113.6,0.0,100.0,0,,,,,,0,,100.0,,,0,0,,0.9,,100.0,0,0,0,,0,0,,2
Abdul Mohamed,Montreal Alliance,2025-2026,offense,Play types,Go Away from Pick,4,Side,P&R Ball Handler > Left P&R > Side > Go Away from Pick,P&R Ball Handler,Left P&R,Side,Go Away from Pick,,,1,100.0,2.0,113.6,0.0,100.0,0,,,,,,0,,100.0,,,0,0,,0.9,,100.0,0,0,0,,0,0,,2
Abdul Mohamed,Montreal Alliance,2025-2026,offense,Play types,To Basket,5,Go Away from Pick,P&R Ball Handler > Left P&R > Side > Go Away from Pick > To Basket,P&R Ball Handler,Left P&R,Side,Go Away from Pick,To Basket,,1,100.0,2.0,113.6,0.0,100.0,0,,,,,,0,,100.0,,,0,0,,0.9,,100.0,0,0,0,,0,0,,2
Abdul Mohamed,Montreal Alliance,2025-2026,offense,Play types,Right P&R,2,P&R Ball Handler,P&R Ball Handler > Right P&R,P&R Ball Handler,Right P&R,,,,,3,30.0,0.0,0.0,33.3,0.0,1,0.0,,,0.0,,2,0.0,0.0,,,0,2,,2.0,0.0,0.0,1,0,1,0.0,0,1,0.5,0
Abdul Mohamed,Montreal Alliance,2025-2026,offense,Play types,Side,3,Right P&R,P&R Ball Handler > Right P&R > Side,P&R Ball Handler,Right P&R,Side,,,,3,100.0,0.0,0.0,33.3,0.0,1,0.0,,,0.0,,2,0.0,0.0,,,0,2,,2.0,0.0,0.0,1,0,1,0.0,0,1,0.5,0
Abdul Mohamed,Montreal Alliance,2025-2026,offense,Play types,Dribble Off Pick,4,Side,P&R Ball Handler > Right P&R > Side > Dribble Off Pick,P&R Ball Handler,Right P&R,Side,Dribble Off Pick,,,3,100.0,0.0,0.0,33.3,0.0,1,0.0,,,0.0,,2,0.0,0.0,,,0,2,,2.0,0.0,0.0,1,0,1,0.0,0,1,0.5,0
Abdul Mohamed,Montreal Alliance,2025-2026,offense,Play types,Dribble Jumper,5,Dribble Off Pick,P&R Ball Handler > Right P&R > Side > Dribble Off Pick > Dribble Jumper,P&R Ball Handler,Right P&R,Side,Dribble Off Pick,Dribble Jumper,,1,33.3,0.0,0.0,0.0,0.0,1,0.0,,,0.0,,1,0.0,0.0,,,0,1,,1.0,0.0,0.0,0,0,0,,0,1,1.0,0
Abdul Mohamed,Montreal Alliance,2025-2026,offense,Play types,Defense Commits,5,Dribble Off Pick,P&R Ball Handler > Right P&R > Side > Dribble Off Pick > Defense Commits,P&R Ball Handler,Right P&R,Side,Dribble Off Pick,Defense Commits,,1,33.3,0.0,,100.0,0.0,0,,,,,,0,,0.0,,,0,0,,0.0,,0.0,0,0,0,,0,0,,0
Abdul Mohamed,Montreal Alliance,2025-2026,offense,Play types,To Basket,5,Dribble Off Pick,P&R Ball Handler > Right P&R > Side > Dribble Off Pick > To Basket,P&R Ball Handler,Right P&R,Side,Dribble Off Pick,To Basket,,1,33.3,0.0,0.0,0.0,0.0,0,,,,0.0,,1,0.0,0.0,,,0,1,,1.0,0.0,0.0,1,0,1,0.0,0,0,0.0,0
Abdul Mohamed,Montreal Alliance,2025-2026,offense,Play types,Isolation,1,,Isolation,Isolation,,,,,,10,6.1,0.4,25.0,20.0,0.0,1,0.0,Poor,4.0,25.0,13.0,8,25.0,0.0,,,2,6,,8.0,0.0,20.0,7,2,5,28.6,0,1,0.13,4
Abdul Mohamed,Montreal Alliance,2025-2026,offense,Play types,Isolation - Overall,2,Isolation,Isolation > Isolation - Overall,Isolation,Isolation - Overall,,,,,10,100.0,0.4,25.0,20.0,0.0,1,0.0,,,25.0,,8,25.0,0.0,,,2,6,,8.0,0.0,20.0,7,2,5,28.6,0,1,0.13,4
Abdul Mohamed,Montreal Alliance,2025-2026,offense,Play types,Drives Left,3,Isolation - Overall,Isolation > Isolation - Overall > Drives Left,Isolation,Isolation - Overall,Drives Left,,,,7,70.0,0.286,16.7,14.3,0.0,0,,,,16.7,,6,16.7,0.0,,,1,5,,6.0,0.0,14.3,6,1,5,16.7,0,0,0.0,2
Abdul Mohamed,Montreal Alliance,2025-2026,offense,Play types,Early Jumper,3,Isolation - Overall,Isolation > Isolation - Overall > Early Jumper,Isolation,Isolation - Overall,Early Jumper,,,,2,20.0,1.0,50.0,0.0,0.0,1,0.0,,,50.0,,2,50.0,0.0,,,1,1,,2.0,0.0,50.0,1,1,0,100.0,0,1,0.5,2
Abdul Mohamed,Montreal Alliance,2025-2026,offense,Play types,Turnover,3,Isolation - Overall,Isolation > Isolation - Overall > Turnover,Isolation,Isolation - Overall,Turnover,,,,1,10.0,0.0,,100.0,0.0,0,,,,,,0,,0.0,,,0,0,,0.0,,0.0,0,0,0,,0,0,,0
Abdul Mohamed,Montreal Alliance,2025-2026,offense,Play types,Top,2,Isolation,Isolation > Top,Isolation,Top,,,,,5,50.0,0.8,50.0,20.0,0.0,0,,,,50.0,,4,50.0,0.0,,,2,2,,4.0,0.0,40.0,4,2,2,50.0,0,0,0.0,4
Abdul Mohamed,Montreal Alliance,2025-2026,offense,Play types,Drives Left,3,Top,Isolation > Top > Drives Left,Isolation,Top,Drives Left,,,,4,80.0,0.5,33.3,25.0,0.0,0,,,,33.3,,3,33.3,0.0,,,1,2,,3.0,0.0,25.0,3,1,2,33.3,0,0,0.0,2
Abdul Mohamed,Montreal Alliance,2025-2026,offense,Play types,Dribble Jumper,4,Drives Left,Isolation > Top > Drives Left > Dribble Jumper,Isolation,Top,Drives Left,Dribble Jumper,,,2,50.0,0.0,0.0,0.0,0.0,0,,,,0.0,,2,0.0,0.0,,,0,2,,2.0,0.0,0.0,2,0,2,0.0,0,0,0.0,0
Abdul Mohamed,Montreal Alliance,2025-2026,offense,Play types,Short to < 17,5,Dribble Jumper,Isolation > Top > Drives Left > Dribble Jumper > Short to < 17,Isolation,Top,Drives Left,Dribble Jumper,Short to < 17,,2,100.0,0.0,0.0,0.0,0.0,0,,,,0.0,,2,0.0,0.0,,,0,2,,2.0,0.0,0.0,2,0,2,0.0,0,0,0.0,0
Abdul Mohamed,Montreal Alliance,2025-2026,offense,Play types,Defense Commits,4,Drives Left,Isolation > Top > Drives Left > Defense Commits,Isolation,Top,Drives Left,Defense Commits,,,1,25.0,0.0,,100.0,0.0,0,,,,,,0,,0.0,,,0,0,,0.0,,0.0,0,0,0,,0,0,,0
Abdul Mohamed,Montreal Alliance,2025-2026,offense,Play types,Turnover,5,Defense Commits,Isolation > Top > Drives Left > Defense Commits > Turnover,Isolation,Top,Drives Left,Defense Commits,Turnover,,1,100.0,0.0,,100.0,0.0,0,,,,,,0,,0.0,,,0,0,,0.0,,0.0,0,0,0,,0,0,,0
Abdul Mohamed,Montreal Alliance,2025-2026,offense,Play types,To Basket,4,Drives Left,Isolation > Top > Drives Left > To Basket,Isolation,Top,Drives Left,To Basket,,,1,25.0,2.0,100.0,0.0,0.0,0,,,,100.0,,1,100.0,0.0,,,1,0,,1.0,0.0,100.0,1,1,0,100.0,0,0,0.0,2
Abdul Mohamed,Montreal Alliance,2025-2026,offense,Play types,Make 2 Pts,5,To Basket,Isolation > Top > Drives Left > To Basket > Make 2 Pts,Isolation,Top,Drives Left,To Basket,Make 2 Pts,,1,100.0,2.0,100.0,0.0,0.0,0,,,,100.0,,1,100.0,0.0,,,1,0,,1.0,0.0,100.0,1,1,0,100.0,0,0,0.0,2
Abdul Mohamed,Montreal Alliance,2025-2026,offense,Play types,Early Jumper,3,Top,Isolation > Top > Early Jumper,Isolation,Top,Early Jumper,,,,1,20.0,2.0,100.0,0.0,0.0,0,,,,100.0,,1,100.0,0.0,,,1,0,,1.0,0.0,100.0,1,1,0,100.0,0,0,0.0,2
Abdul Mohamed,Montreal Alliance,2025-2026,offense,Play types,No Dribble Jumper,4,Early Jumper,Isolation > Top > Early Jumper > No Dribble Jumper,Isolation,Top,Early Jumper,No Dribble Jumper,,,1,100.0,2.0,100.0,0.0,0.0,0,,,,100.0,,1,100.0,0.0,,,1,0,,1.0,0.0,100.0,1,1,0,100.0,0,0,0.0,2
Abdul Mohamed,Montreal Alliance,2025-2026,offense,Play types,Guarded,5,No Dribble Jumper,Isolation > Top > Early Jumper > No Dribble Jumper > Guarded,Isolation,Top,Early Jumper,No Dribble Jumper,Guarded,,1,100.0,2.0,100.0,0.0,0.0,0,,,,100.0,,1,100.0,0.0,,,1,0,,1.0,0.0,100.0,1,1,0,100.0,0,0,0.0,2
Abdul Mohamed,Montreal Alliance,2025-2026,offense,Play types,Right,2,Isolation,Isolation > Right,Isolation,Right,,,,,3,30.0,0.0,0.0,33.3,0.0,0,,,,0.0,,2,0.0,0.0,,,0,2,,2.0,0.0,0.0,2,0,2,0.0,0,0,0.0,0
Abdul Mohamed,Montreal Alliance,2025-2026,offense,Play types,Drives Left,3,Right,Isolation > Right > Drives Left,Isolation,Right,Drives Left,,,,2,66.7,0.0,0.0,0.0,0.0,0,,,,0.0,,2,0.0,0.0,,,0,2,,2.0,0.0,0.0,2,0,2,0.0,0,0,0.0,0
Abdul Mohamed,Montreal Alliance,2025-2026,offense,Play types,To Basket,4,Drives Left,Isolation > Right > Drives Left > To Basket,Isolation,Right,Drives Left,To Basket,,,2,100.0,0.0,0.0,0.0,0.0,0,,,,0.0,,2,0.0,0.0,,,0,2,,2.0,0.0,0.0,2,0,2,0.0,0,0,0.0,0
Abdul Mohamed,Montreal Alliance,2025-2026,offense,Play types,Miss 2 Pts,5,To Basket,Isolation > Right > Drives Left > To Basket > Miss 2 Pts,Isolation,Right,Drives Left,To Basket,Miss 2 Pts,,2,100.0,0.0,0.0,0.0,0.0,0,,,,0.0,,2,0.0,0.0,,,0,2,,2.0,0.0,0.0,2,0,2,0.0,0,0,0.0,0
Abdul Mohamed,Montreal Alliance,2025-2026,offense,Play types,Turnover,3,Right,Isolation > Right > Turnover,Isolation,Right,Turnover,,,,1,33.3,0.0,,100.0,0.0,0,,,,,,0,,0.0,,,0,0,,0.0,,0.0,0,0,0,,0,0,,0
Abdul Mohamed,Montreal Alliance,2025-2026,offense,Play types,Left,2,Isolation,Isolation > Left,Isolation,Left,,,,,2,20.0,0.0,0.0,0.0,0.0,1,0.0,,,0.0,,2,0.0,0.0,,,0,2,,2.0,0.0,0.0,1,0,1,0.0,0,1,0.5,0
Abdul Mohamed,Montreal Alliance,2025-2026,offense,Play types,Drives Left,3,Left,Isolation > Left > Drives Left,Isolation,Left,Drives Left,,,,1,50.0,0.0,0.0,0.0,0.0,0,,,,0.0,,1,0.0,0.0,,,0,1,,1.0,0.0,0.0,1,0,1,0.0,0,0,0.0,0
Abdul Mohamed,Montreal Alliance,2025-2026,offense,Play types,To Basket,4,Drives Left,Isolation > Left > Drives Left > To Basket,Isolation,Left,Drives Left,To Basket,,,1,100.0,0.0,0.0,0.0,0.0,0,,,,0.0,,1,0.0,0.0,,,0,1,,1.0,0.0,0.0,1,0,1,0.0,0,0,0.0,0
Abdul Mohamed,Montreal Alliance,2025-2026,offense,Play types,Miss 2 Pts,5,To Basket,Isolation > Left > Drives Left > To Basket > Miss 2 Pts,Isolation,Left,Drives Left,To Basket,Miss 2 Pts,,1,100.0,0.0,0.0,0.0,0.0,0,,,,0.0,,1,0.0,0.0,,,0,1,,1.0,0.0,0.0,1,0,1,0.0,0,0,0.0,0
Abdul Mohamed,Montreal Alliance,2025-2026,offense,Play types,Early Jumper,3,Left,Isolation > Left > Early Jumper,Isolation,Left,Early Jumper,,,,1,50.0,0.0,0.0,0.0,0.0,1,0.0,,,0.0,,1,0.0,0.0,,,0,1,,1.0,0.0,0.0,0,0,0,,0,1,1.0,0
Abdul Mohamed,Montreal Alliance,2025-2026,offense,Play types,No Dribble Jumper,4,Early Jumper,Isolation > Left > Early Jumper > No Dribble Jumper,Isolation,Left,Early Jumper,No Dribble Jumper,,,1,100.0,0.0,0.0,0.0,0.0,1,0.0,,,0.0,,1,0.0,0.0,,,0,1,,1.0,0.0,0.0,0,0,0,,0,1,1.0,0
Abdul Mohamed,Montreal Alliance,2025-2026,offense,Play types,Open,5,No Dribble Jumper,Isolation > Left > Early Jumper > No Dribble Jumper > Open,Isolation,Left,Early Jumper,No Dribble Jumper,Open,,1,100.0,0.0,0.0,0.0,0.0,1,0.0,,,0.0,,1,0.0,0.0,,,0,1,,1.0,0.0,0.0,0,0,0,,0,1,1.0,0
Abdul Mohamed,Montreal Alliance,2025-2026,offense,Play types,Post-Up,1,,Post-Up,Post-Up,,,,,,8,4.8,0.5,40.0,37.5,0.0,0,,,,40.0,,5,40.0,0.0,,,2,3,,5.0,0.0,25.0,5,2,3,40.0,0,0,0.0,4
Abdul Mohamed,Montreal Alliance,2025-2026,offense,Play types,Post-Up - Overall,2,Post-Up,Post-Up > Post-Up - Overall,Post-Up,Post-Up - Overall,,,,,8,100.0,0.5,40.0,37.5,0.0,0,,,,40.0,,5,40.0,0.0,,,2,3,,5.0,0.0,25.0,5,2,3,40.0,0,0,0.0,4
Abdul Mohamed,Montreal Alliance,2025-2026,offense,Play types,Right Shoulder,3,Post-Up - Overall,Post-Up > Post-Up - Overall > Right Shoulder,Post-Up,Post-Up - Overall,Right Shoulder,,,,5,62.5,0.4,33.3,40.0,0.0,0,,,,33.3,,3,33.3,0.0,,,1,2,,3.0,0.0,20.0,3,1,2,33.3,0,0,0.0,2
Abdul Mohamed,Montreal Alliance,2025-2026,offense,Play types,Left Shoulder,3,Post-Up - Overall,Post-Up > Post-Up - Overall > Left Shoulder,Post-Up,Post-Up - Overall,Left Shoulder,,,,3,37.5,0.667,50.0,33.3,0.0,0,,,,50.0,,2,50.0,0.0,,,1,1,,2.0,0.0,33.3,2,1,1,50.0,0,0,0.0,2
Abdul Mohamed,Montreal Alliance,2025-2026,offense,Play types,Right Block,2,Post-Up,Post-Up > Right Block,Post-Up,Right Block,,,,,4,50.0,0.5,33.3,25.0,0.0,0,,,,33.3,,3,33.3,0.0,,,1,2,,3.0,0.0,25.0,3,1,2,33.3,0,0,0.0,2
Abdul Mohamed,Montreal Alliance,2025-2026,offense,Play types,Left Shoulder,3,Right Block,Post-Up > Right Block > Left Shoulder,Post-Up,Right Block,Left Shoulder,,,,2,50.0,1.0,50.0,0.0,0.0,0,,,,50.0,,2,50.0,0.0,,,1,1,,2.0,0.0,50.0,2,1,1,50.0,0,0,0.0,2
Abdul Mohamed,Montreal Alliance,2025-2026,offense,Play types,Dribble Move,4,Left Shoulder,Post-Up > Right Block > Left Shoulder > Dribble Move,Post-Up,Right Block,Left Shoulder,Dribble Move,,,2,100.0,1.0,50.0,0.0,0.0,0,,,,50.0,,2,50.0,0.0,,,1,1,,2.0,0.0,50.0,2,1,1,50.0,0,0,0.0,2
Abdul Mohamed,Montreal Alliance,2025-2026,offense,Play types,To Drop Step,5,Dribble Move,Post-Up > Right Block > Left Shoulder > Dribble Move > To Drop Step,Post-Up,Right Block,Left Shoulder,Dribble Move,To Drop Step,,2,100.0,1.0,50.0,0.0,0.0,0,,,,50.0,,2,50.0,0.0,,,1,1,,2.0,0.0,50.0,2,1,1,50.0,0,0,0.0,2
Abdul Mohamed,Montreal Alliance,2025-2026,offense,Play types,Right Shoulder,3,Right Block,Post-Up > Right Block > Right Shoulder,Post-Up,Right Block,Right Shoulder,,,,2,50.0,0.0,0.0,50.0,0.0,0,,,,0.0,,1,0.0,0.0,,,0,1,,1.0,0.0,0.0,1,0,1,0.0,0,0,0.0,0
Abdul Mohamed,Montreal Alliance,2025-2026,offense,Play types,Dribble Move,4,Right Shoulder,Post-Up > Right Block > Right Shoulder > Dribble Move,Post-Up,Right Block,Right Shoulder,Dribble Move,,,2,100.0,0.0,0.0,50.0,0.0,0,,,,0.0,,1,0.0,0.0,,,0,1,,1.0,0.0,0.0,1,0,1,0.0,0,0,0.0,0
Abdul Mohamed,Montreal Alliance,2025-2026,offense,Play types,To Jumper,5,Dribble Move,Post-Up > Right Block > Right Shoulder > Dribble Move > To Jumper,Post-Up,Right Block,Right Shoulder,Dribble Move,To Jumper,,1,50.0,0.0,0.0,0.0,0.0,0,,,,0.0,,1,0.0,0.0,,,0,1,,1.0,0.0,0.0,1,0,1,0.0,0,0,0.0,0
Abdul Mohamed,Montreal Alliance,2025-2026,offense,Play types,Turnover,5,Dribble Move,Post-Up > Right Block > Right Shoulder > Dribble Move > Turnover,Post-Up,Right Block,Right Shoulder,Dribble Move,Turnover,,1,50.0,0.0,,100.0,0.0,0,,,,,,0,,0.0,,,0,0,,0.0,,0.0,0,0,0,,0,0,,0
Abdul Mohamed,Montreal Alliance,2025-2026,offense,Play types,Left Block,2,Post-Up,Post-Up > Left Block,Post-Up,Left Block,,,,,4,50.0,0.5,50.0,50.0,0.0,0,,,,50.0,,2,50.0,0.0,,,1,1,,2.0,0.0,25.0,2,1,1,50.0,0,0,0.0,2
Abdul Mohamed,Montreal Alliance,2025-2026,offense,Play types,Right Shoulder,3,Left Block,Post-Up > Left Block > Right Shoulder,Post-Up,Left Block,Right Shoulder,,,,3,75.0,0.667,50.0,33.3,0.0,0,,,,50.0,,2,50.0,0.0,,,1,1,,2.0,0.0,33.3,2,1,1,50.0,0,0,0.0,2
Abdul Mohamed,Montreal Alliance,2025-2026,offense,Play types,Dribble Move,4,Right Shoulder,Post-Up > Left Block > Right Shoulder > Dribble Move,Post-Up,Left Block,Right Shoulder,Dribble Move,,,3,100.0,0.667,50.0,33.3,0.0,0,,,,50.0,,2,50.0,0.0,,,1,1,,2.0,0.0,33.3,2,1,1,50.0,0,0,0.0,2
Abdul Mohamed,Montreal Alliance,2025-2026,offense,Play types,To Drop Step,5,Dribble Move,Post-Up > Left Block > Right Shoulder > Dribble Move > To Drop Step,Post-Up,Left Block,Right Shoulder,Dribble Move,To Drop Step,,1,33.3,2.0,100.0,0.0,0.0,0,,,,100.0,,1,100.0,0.0,,,1,0,,1.0,0.0,100.0,1,1,0,100.0,0,0,0.0,2
Abdul Mohamed,Montreal Alliance,2025-2026,offense,Play types,To Jumper,5,Dribble Move,Post-Up > Left Block > Right Shoulder > Dribble Move > To Jumper,Post-Up,Left Block,Right Shoulder,Dribble Move,To Jumper,,1,33.3,0.0,0.0,0.0,0.0,0,,,,0.0,,1,0.0,0.0,,,0,1,,1.0,0.0,0.0,1,0,1,0.0,0,0,0.0,0
Abdul Mohamed,Montreal Alliance,2025-2026,offense,Play types,Defense Commits,5,Dribble Move,Post-Up > Left Block > Right Shoulder > Dribble Move > Defense Commits,Post-Up,Left Block,Right Shoulder,Dribble Move,Defense Commits,,1,33.3,0.0,,100.0,0.0,0,,,,,,0,,0.0,,,0,0,,0.0,,0.0,0,0,0,,0,0,,0
Abdul Mohamed,Montreal Alliance,2025-2026,offense,Play types,Left Shoulder,3,Left Block,Post-Up > Left Block > Left Shoulder,Post-Up,Left Block,Left Shoulder,,,,1,25.0,0.0,,100.0,0.0,0,,,,,,0,,0.0,,,0,0,,0.0,,0.0,0,0,0,,0,0,,0
Abdul Mohamed,Montreal Alliance,2025-2026,offense,Play types,Dribble Move,4,Left Shoulder,Post-Up > Left Block > Left Shoulder > Dribble Move,Post-Up,Left Block,Left Shoulder,Dribble Move,,,1,100.0,0.0,,100.0,0.0,0,,,,,,0,,0.0,,,0,0,,0.0,,0.0,0,0,0,,0,0,,0
Abdul Mohamed,Montreal Alliance,2025-2026,offense,Play types,Defense Commits,5,Dribble Move,Post-Up > Left Block > Left Shoulder > Dribble Move > Defense Commits,Post-Up,Left Block,Left Shoulder,Dribble Move,Defense Commits,,1,100.0,0.0,,100.0,0.0,0,,,,,,0,,0.0,,,0,0,,0.0,,0.0,0,0,0,,0,0,,0
Abdul Mohamed,Montreal Alliance,2025-2026,offense,Play types,P&R Roll Man,1,,P&R Roll Man,P&R Roll Man,,,,,,5,3.0,1.0,83.3,40.0,0.0,2,50.0,,,66.7,,3,83.3,0.0,,,2,1,,3.0,0.0,40.0,1,1,0,100.0,1,1,0.67,5
Abdul Mohamed,Montreal Alliance,2025-2026,offense,Play types,Pick and Pops,2,P&R Roll Man,P&R Roll Man > Pick and Pops,P&R Roll Man,Pick and Pops,,,,,3,60.0,1.0,75.0,33.3,0.0,2,50.0,,,50.0,,2,75.0,0.0,,,1,1,,2.0,0.0,33.3,0,0,0,,1,1,1.0,3
Abdul Mohamed,Montreal Alliance,2025-2026,offense,Play types,No Dribble Jumper,3,Pick and Pops,P&R Roll Man > Pick and Pops > No Dribble Jumper,P&R Roll Man,Pick and Pops,No Dribble Jumper,,,,2,66.7,1.5,75.0,0.0,0.0,2,50.0,,,50.0,,2,75.0,0.0,,,1,1,,2.0,0.0,50.0,0,0,0,,1,1,1.0,3
Abdul Mohamed,Montreal Alliance,2025-2026,offense,Play types,Open,4,No Dribble Jumper,P&R Roll Man > Pick and Pops > No Dribble Jumper > Open,P&R Roll Man,Pick and Pops,No Dribble Jumper,Open,,,2,100.0,1.5,75.0,0.0,0.0,2,50.0,,,50.0,,2,75.0,0.0,,,1,1,,2.0,0.0,50.0,0,0,0,,1,1,1.0,3
Abdul Mohamed,Montreal Alliance,2025-2026,offense,Play types,Long/3pt,5,Open,P&R Roll Man > Pick and Pops > No Dribble Jumper > Open > Long/3pt,P&R Roll Man,Pick and Pops,No Dribble Jumper,Open,Long/3pt,,2,100.0,1.5,75.0,0.0,0.0,2,50.0,,,50.0,,2,75.0,0.0,,,1,1,,2.0,0.0,50.0,0,0,0,,1,1,1.0,3
Abdul Mohamed,Montreal Alliance,2025-2026,offense,Play types,Drives Left,3,Pick and Pops,P&R Roll Man > Pick and Pops > Drives Left,P&R Roll Man,Pick and Pops,Drives Left,,,,1,33.3,0.0,,100.0,0.0,0,,,,,,0,,0.0,,,0,0,,0.0,,0.0,0,0,0,,0,0,,0
Abdul Mohamed,Montreal Alliance,2025-2026,offense,Play types,Turnover,4,Drives Left,P&R Roll Man > Pick and Pops > Drives Left > Turnover,P&R Roll Man,Pick and Pops,Drives Left,Turnover,,,1,100.0,0.0,,100.0,0.0,0,,,,,,0,,0.0,,,0,0,,0.0,,0.0,0,0,0,,0,0,,0
Abdul Mohamed,Montreal Alliance,2025-2026,offense,Play types,Slips the Pick,2,P&R Roll Man,P&R Roll Man > Slips the Pick,P&R Roll Man,Slips the Pick,,,,,1,20.0,2.0,100.0,0.0,0.0,0,,,,100.0,,1,100.0,0.0,,,1,0,,1.0,0.0,100.0,1,1,0,100.0,0,0,0.0,2
Abdul Mohamed,Montreal Alliance,2025-2026,offense,Play types,To Basket,3,Slips the Pick,P&R Roll Man > Slips the Pick > To Basket,P&R Roll Man,Slips the Pick,To Basket,,,,1,100.0,2.0,100.0,0.0,0.0,0,,,,100.0,,1,100.0,0.0,,,1,0,,1.0,0.0,100.0,1,1,0,100.0,0,0,0.0,2
Abdul Mohamed,Montreal Alliance,2025-2026,offense,Play types,Make 2 Pts,4,To Basket,P&R Roll Man > Slips the Pick > To Basket > Make 2 Pts,P&R Roll Man,Slips the Pick,To Basket,Make 2 Pts,,,1,100.0,2.0,100.0,0.0,0.0,0,,,,100.0,,1,100.0,0.0,,,1,0,,1.0,0.0,100.0,1,1,0,100.0,0,0,0.0,2
Abdul Mohamed,Montreal Alliance,2025-2026,offense,Play types,Rolls to Basket,2,P&R Roll Man,P&R Roll Man > Rolls to Basket,P&R Roll Man,Rolls to Basket,,,,,1,20.0,0.0,,100.0,0.0,0,,,,,,0,,0.0,,,0,0,,0.0,,0.0,0,0,0,,0,0,,0
Abdul Mohamed,Montreal Alliance,2025-2026,offense,Play types,Turnover,3,Rolls to Basket,P&R Roll Man > Rolls to Basket > Turnover,P&R Roll Man,Rolls to Basket,Turnover,,,,1,100.0,0.0,,100.0,0.0,0,,,,,,0,,0.0,,,0,0,,0.0,,0.0,0,0,0,,0,0,,0
Abdul Mohamed,Montreal Alliance,2025-2026,offense,Play types,Handoffs,1,,Handoffs,Handoffs,,,,,,2,1.2,0.0,0.0,50.0,0.0,1,0.0,,,0.0,,1,0.0,0.0,,,0,1,,1.0,0.0,0.0,0,0,0,,0,1,1.0,0
Abdul Mohamed,Montreal Alliance,2025-2026,offense,Play types,From Dribble,2,Handoffs,Handoffs > From Dribble,Handoffs,From Dribble,,,,,2,100.0,0.0,0.0,50.0,0.0,1,0.0,,,0.0,,1,0.0,0.0,,,0,1,,1.0,0.0,0.0,0,0,0,,0,1,1.0,0
Abdul Mohamed,Montreal Alliance,2025-2026,offense,Play types,Right,3,From Dribble,Handoffs > From Dribble > Right,Handoffs,From Dribble,Right,,,,1,50.0,0.0,,100.0,0.0,0,,,,,,0,,0.0,,,0,0,,0.0,,0.0,0,0,0,,0,0,,0
Abdul Mohamed,Montreal Alliance,2025-2026,offense,Play types,Turnover,4,Right,Handoffs > From Dribble > Right > Turnover,Handoffs,From Dribble,Right,Turnover,,,1,100.0,0.0,,100.0,0.0,0,,,,,,0,,0.0,,,0,0,,0.0,,0.0,0,0,0,,0,0,,0
Abdul Mohamed,Montreal Alliance,2025-2026,offense,Play types,Top,3,From Dribble,Handoffs > From Dribble > Top,Handoffs,From Dribble,Top,,,,1,50.0,0.0,0.0,0.0,0.0,1,0.0,,,0.0,,1,0.0,0.0,,,0,1,,1.0,0.0,0.0,0,0,0,,0,1,1.0,0
Abdul Mohamed,Montreal Alliance,2025-2026,offense,Play types,Dribble Jumper,4,Top,Handoffs > From Dribble > Top > Dribble Jumper,Handoffs,From Dribble,Top,Dribble Jumper,,,1,100.0,0.0,0.0,0.0,0.0,1,0.0,,,0.0,,1,0.0,0.0,,,0,1,,1.0,0.0,0.0,0,0,0,,0,1,1.0,0
Abdul Mohamed,Montreal Alliance,2025-2026,offense,Play types,Long/3pt,5,Dribble Jumper,Handoffs > From Dribble > Top > Dribble Jumper > Long/3pt,Handoffs,From Dribble,Top,Dribble Jumper,Long/3pt,,1,100.0,0.0,0.0,0.0,0.0,1,0.0,,,0.0,,1,0.0,0.0,,,0,1,,1.0,0.0,0.0,0,0,0,,0,1,1.0,0
Abdul Mohamed,Montreal Alliance,2025-2026,offense,Play types,Off Screen,1,,Off Screen,Off Screen,,,,,,0,0.0,,,,,0,,,,,,0,,,,,0,0,,0.0,,,0,0,0,,0,0,,0
Abdul Mohamed,Montreal Alliance,2025-2026,offense,Overall Drive Direction,Overall,1,,Overall,Overall,,,,,,25,15.2,0.44,27.7,20.0,4.0,3,0.0,,,26.3,,19,26.3,0.0,,,5,14,,19.9,0.11,24.0,16,5,11,31.3,0,3,0.16,11
Abdul Mohamed,Montreal Alliance,2025-2026,offense,Overall Drive Direction,Drives Left,2,Overall,Overall > Drives Left,Overall,Drives Left,,,,,17,68.0,0.471,30.8,23.5,0.0,0,,,,30.8,,13,30.8,0.0,,,4,9,,13.0,0.0,23.5,13,4,9,30.8,0,0,0.0,8
Abdul Mohamed,Montreal Alliance,2025-2026,offense,Overall Drive Direction,To Basket,3,Drives Left,Overall > Drives Left > To Basket,Overall,Drives Left,To Basket,,,,11,64.7,0.727,36.4,0.0,0.0,0,,,,36.4,,11,36.4,0.0,,,4,7,,11.0,0.0,36.4,11,4,7,36.4,0,0,0.0,8
Abdul Mohamed,Montreal Alliance,2025-2026,offense,Overall Drive Direction,Turnover,3,Drives Left,Overall > Drives Left > Turnover,Overall,Drives Left,Turnover,,,,3,17.6,0.0,,100.0,0.0,0,,,,,,0,,0.0,,,0,0,,0.0,,0.0,0,0,0,,0,0,,0
Abdul Mohamed,Montreal Alliance,2025-2026,offense,Overall Drive Direction,Dribble Jumper,3,Drives Left,Overall > Drives Left > Dribble Jumper,Overall,Drives Left,Dribble Jumper,,,,2,11.8,0.0,0.0,0.0,0.0,0,,,,0.0,,2,0.0,0.0,,,0,2,,2.0,0.0,0.0,2,0,2,0.0,0,0,0.0,0
Abdul Mohamed,Montreal Alliance,2025-2026,offense,Overall Drive Direction,Defense Commits,3,Drives Left,Overall > Drives Left > Defense Commits,Overall,Drives Left,Defense Commits,,,,1,5.9,0.0,,100.0,0.0,0,,,,,,0,,0.0,,,0,0,,0.0,,0.0,0,0,0,,0,0,,0
Abdul Mohamed,Montreal Alliance,2025-2026,offense,Overall Drive Direction,Foul,3,Drives Left,Overall > Drives Left > Foul,Overall,Drives Left,Foul,,,,0,0.0,,,,,0,,,,,,0,,,,,0,0,,0.0,,,0,0,0,,0,0,,0
Abdul Mohamed,Montreal Alliance,2025-2026,offense,Overall Drive Direction,Drives Right,2,Overall,Overall > Drives Right,Overall,Drives Right,,,,,6,24.0,0.5,30.7,16.7,16.7,1,0.0,,,25.0,,4,25.0,0.0,,,1,3,,4.9,0.5,33.3,3,1,2,33.3,0,1,0.25,3
Abdul Mohamed,Montreal Alliance,2025-2026,offense,Overall Drive Direction,To Basket,3,Drives Right,Overall > Drives Right > To Basket,Overall,Drives Right,To Basket,,,,3,50.0,0.667,33.3,0.0,0.0,0,,,,33.3,,3,33.3,0.0,,,1,2,,3.0,0.0,33.3,3,1,2,33.3,0,0,0.0,2
Abdul Mohamed,Montreal Alliance,2025-2026,offense,Overall Drive Direction,Turnover,3,Drives Right,Overall > Drives Right > Turnover,Overall,Drives Right,Turnover,,,,1,16.7,0.0,,100.0,0.0,0,,,,,,0,,0.0,,,0,0,,0.0,,0.0,0,0,0,,0,0,,0
Abdul Mohamed,Montreal Alliance,2025-2026,offense,Overall Drive Direction,Dribble Jumper,3,Drives Right,Overall > Drives Right > Dribble Jumper,Overall,Drives Right,Dribble Jumper,,,,1,16.7,0.0,0.0,0.0,0.0,1,0.0,,,0.0,,1,0.0,0.0,,,0,1,,1.0,0.0,0.0,0,0,0,,0,1,1.0,0
Abdul Mohamed,Montreal Alliance,2025-2026,offense,Overall Drive Direction,Foul,3,Drives Right,Overall > Drives Right > Foul,Overall,Drives Right,Foul,,,,1,16.7,1.0,56.8,0.0,100.0,0,,,,,,0,,0.0,,,0,0,,0.9,,100.0,0,0,0,,0,0,,1
Abdul Mohamed,Montreal Alliance,2025-2026,offense,Overall Drive Direction,Defense Commits,3,Drives Right,Overall > Drives Right > Defense Commits,Overall,Drives Right,Defense Commits,,,,0,0.0,,,,,0,,,,,,0,,,,,0,0,,0.0,,,0,0,0,,0,0,,0
Abdul Mohamed,Montreal Alliance,2025-2026,offense,Overall Drive Direction,Drives Straight,2,Overall,Overall > Drives Straight,Overall,Drives Straight,,,,,2,8.0,0.0,0.0,0.0,0.0,2,0.0,,,0.0,,2,0.0,0.0,,,0,2,,2.0,0.0,0.0,0,0,0,,0,2,1.0,0
Abdul Mohamed,Montreal Alliance,2025-2026,offense,Overall Drive Direction,Dribble Jumper,3,Drives Straight,Overall > Drives Straight > Dribble Jumper,Overall,Drives Straight,Dribble Jumper,,,,2,100.0,0.0,0.0,0.0,0.0,2,0.0,,,0.0,,2,0.0,0.0,,,0,2,,2.0,0.0,0.0,0,0,0,,0,2,1.0,0
Abdul Mohamed,Montreal Alliance,2025-2026,offense,Overall Drive Direction,To Basket,3,Drives Straight,Overall > Drives Straight > To Basket,Overall,Drives Straight,To Basket,,,,0,0.0,,,,,0,,,,,,0,,,,,0,0,,0.0,,,0,0,0,,0,0,,0
Abdul Mohamed,Montreal Alliance,2025-2026,offense,Overall Drive Direction,Turnover,3,Drives Straight,Overall > Drives Straight > Turnover,Overall,Drives Straight,Turnover,,,,0,0.0,,,,,0,,,,,,0,,,,,0,0,,0.0,,,0,0,0,,0,0,,0
Abdul Mohamed,Montreal Alliance,2025-2026,offense,Overall Drive Direction,Foul,3,Drives Straight,Overall > Drives Straight > Foul,Overall,Drives Straight,Foul,,,,0,0.0,,,,,0,,,,,,0,,,,,0,0,,0.0,,,0,0,0,,0,0,,0
Abdul Mohamed,Montreal Alliance,2025-2026,offense,Overall Drive Direction,Defense Commits,3,Drives Straight,Overall > Drives Straight > Defense Commits,Overall,Drives Straight,Defense Commits,,,,0,0.0,,,,,0,,,,,,0,,,,,0,0,,0.0,,,0,0,0,,0,0,,0
Abdul Mohamed,Montreal Alliance,2025-2026,offense,P&R ball handler,P&R Including Passes,1,,P&R Including Passes,P&R Including Passes,,,,,,17,11.9,0.647,50.6,35.3,5.9,7,42.9,Poor,11.0,30.0,8.0,10,45.0,5.9,,,3,7,,10.9,0.2,23.5,3,0,3,0.0,3,4,0.7,11
Abdul Mohamed,Montreal Alliance,2025-2026,offense,P&R ball handler,P&R Ball Handler,2,P&R Including Passes,P&R Including Passes > P&R Ball Handler,P&R Including Passes,P&R Ball Handler,,,,,10,58.8,0.5,42.5,40.0,10.0,4,25.0,,,20.0,,5,30.0,10.0,,,1,4,,5.9,0.4,20.0,1,0,1,0.0,1,3,0.8,5
Abdul Mohamed,Montreal Alliance,2025-2026,offense,P&R ball handler,High P&R,3,P&R Ball Handler,P&R Including Passes > P&R Ball Handler > High P&R,P&R Including Passes,P&R Ball Handler,High P&R,,,,4,40.0,0.0,0.0,50.0,0.0,2,0.0,,,0.0,,2,0.0,0.0,,,0,2,,2.0,0.0,0.0,0,0,0,,0,2,1.0,0
Abdul Mohamed,Montreal Alliance,2025-2026,offense,P&R ball handler,Dribble Off Pick,4,High P&R,P&R Including Passes > P&R Ball Handler > High P&R > Dribble Off Pick,P&R Including Passes,P&R Ball Handler,High P&R,Dribble Off Pick,,,3,75.0,0.0,0.0,66.7,0.0,1,0.0,,,0.0,,1,0.0,0.0,,,0,1,,1.0,0.0,0.0,0,0,0,,0,1,1.0,0
Abdul Mohamed,Montreal Alliance,2025-2026,offense,P&R ball handler,Defense Commits,5,Dribble Off Pick,P&R Including Passes > P&R Ball Handler > High P&R > Dribble Off Pick > Defense Commits,P&R Including Passes,P&R Ball Handler,High P&R,Dribble Off Pick,Defense Commits,,2,66.7,0.0,,100.0,0.0,0,,,,,,0,,0.0,,,0,0,,0.0,,0.0,0,0,0,,0,0,,0
Abdul Mohamed,Montreal Alliance,2025-2026,offense,P&R ball handler,Turnover,6,Defense Commits,P&R Including Passes > P&R Ball Handler > High P&R > Dribble Off Pick > Defense Commits > Turnover,P&R Including Passes,P&R Ball Handler,High P&R,Dribble Off Pick,Defense Commits,Turnover,2,100.0,0.0,,100.0,0.0,0,,,,,,0,,0.0,,,0,0,,0.0,,0.0,0,0,0,,0,0,,0
Abdul Mohamed,Montreal Alliance,2025-2026,offense,P&R ball handler,Dribble Jumper,5,Dribble Off Pick,P&R Including Passes > P&R Ball Handler > High P&R > Dribble Off Pick > Dribble Jumper,P&R Including Passes,P&R Ball Handler,High P&R,Dribble Off Pick,Dribble Jumper,,1,33.3,0.0,0.0,0.0,0.0,1,0.0,,,0.0,,1,0.0,0.0,,,0,1,,1.0,0.0,0.0,0,0,0,,0,1,1.0,0
Abdul Mohamed,Montreal Alliance,2025-2026,offense,P&R ball handler,Long/3pt,6,Dribble Jumper,P&R Including Passes > P&R Ball Handler > High P&R > Dribble Off Pick > Dribble Jumper > Long/3pt,P&R Including Passes,P&R Ball Handler,High P&R,Dribble Off Pick,Dribble Jumper,Long/3pt,1,100.0,0.0,0.0,0.0,0.0,1,0.0,,,0.0,,1,0.0,0.0,,,0,1,,1.0,0.0,0.0,0,0,0,,0,1,1.0,0
Abdul Mohamed,Montreal Alliance,2025-2026,offense,P&R ball handler,Takes Early Jump Shot,4,High P&R,P&R Including Passes > P&R Ball Handler > High P&R > Takes Early Jump Shot,P&R Including Passes,P&R Ball Handler,High P&R,Takes Early Jump Shot,,,1,25.0,0.0,0.0,0.0,0.0,1,0.0,,,0.0,,1,0.0,0.0,,,0,1,,1.0,0.0,0.0,0,0,0,,0,1,1.0,0
Abdul Mohamed,Montreal Alliance,2025-2026,offense,P&R ball handler,Dribble Jumper,5,Takes Early Jump Shot,P&R Including Passes > P&R Ball Handler > High P&R > Takes Early Jump Shot > Dribble Jumper,P&R Including Passes,P&R Ball Handler,High P&R,Takes Early Jump Shot,Dribble Jumper,,1,100.0,0.0,0.0,0.0,0.0,1,0.0,,,0.0,,1,0.0,0.0,,,0,1,,1.0,0.0,0.0,0,0,0,,0,1,1.0,0
Abdul Mohamed,Montreal Alliance,2025-2026,offense,P&R ball handler,Long/3pt,6,Dribble Jumper,P&R Including Passes > P&R Ball Handler > High P&R > Takes Early Jump Shot > Dribble Jumper > Long/3pt,P&R Including Passes,P&R Ball Handler,High P&R,Takes Early Jump Shot,Dribble Jumper,Long/3pt,1,100.0,0.0,0.0,0.0,0.0,1,0.0,,,0.0,,1,0.0,0.0,,,0,1,,1.0,0.0,0.0,0,0,0,,0,1,1.0,0
Abdul Mohamed,Montreal Alliance,2025-2026,offense,P&R ball handler,Right P&R,3,P&R Ball Handler,P&R Including Passes > P&R Ball Handler > Right P&R,P&R Including Passes,P&R Ball Handler,Right P&R,,,,3,30.0,0.0,0.0,33.3,0.0,1,0.0,,,0.0,,2,0.0,0.0,,,0,2,,2.0,0.0,0.0,1,0,1,0.0,0,1,0.5,0
Abdul Mohamed,Montreal Alliance,2025-2026,offense,P&R ball handler,Side,4,Right P&R,P&R Including Passes > P&R Ball Handler > Right P&R > Side,P&R Including Passes,P&R Ball Handler,Right P&R,Side,,,3,100.0,0.0,0.0,33.3,0.0,1,0.0,,,0.0,,2,0.0,0.0,,,0,2,,2.0,0.0,0.0,1,0,1,0.0,0,1,0.5,0
Abdul Mohamed,Montreal Alliance,2025-2026,offense,P&R ball handler,Dribble Off Pick,5,Side,P&R Including Passes > P&R Ball Handler > Right P&R > Side > Dribble Off Pick,P&R Including Passes,P&R Ball Handler,Right P&R,Side,Dribble Off Pick,,3,100.0,0.0,0.0,33.3,0.0,1,0.0,,,0.0,,2,0.0,0.0,,,0,2,,2.0,0.0,0.0,1,0,1,0.0,0,1,0.5,0
Abdul Mohamed,Montreal Alliance,2025-2026,offense,P&R ball handler,Dribble Jumper,6,Dribble Off Pick,P&R Including Passes > P&R Ball Handler > Right P&R > Side > Dribble Off Pick > Dribble Jumper,P&R Including Passes,P&R Ball Handler,Right P&R,Side,Dribble Off Pick,Dribble Jumper,1,33.3,0.0,0.0,0.0,0.0,1,0.0,,,0.0,,1,0.0,0.0,,,0,1,,1.0,0.0,0.0,0,0,0,,0,1,1.0,0
Abdul Mohamed,Montreal Alliance,2025-2026,offense,P&R ball handler,Defense Commits,6,Dribble Off Pick,P&R Including Passes > P&R Ball Handler > Right P&R > Side > Dribble Off Pick > Defense Commits,P&R Including Passes,P&R Ball Handler,Right P&R,Side,Dribble Off Pick,Defense Commits,1,33.3,0.0,,100.0,0.0,0,,,,,,0,,0.0,,,0,0,,0.0,,0.0,0,0,0,,0,0,,0
Abdul Mohamed,Montreal Alliance,2025-2026,offense,P&R ball handler,To Basket,6,Dribble Off Pick,P&R Including Passes > P&R Ball Handler > Right P&R > Side > Dribble Off Pick > To Basket,P&R Including Passes,P&R Ball Handler,Right P&R,Side,Dribble Off Pick,To Basket,1,33.3,0.0,0.0,0.0,0.0,0,,,,0.0,,1,0.0,0.0,,,0,1,,1.0,0.0,0.0,1,0,1,0.0,0,0,0.0,0
Abdul Mohamed,Montreal Alliance,2025-2026,offense,P&R ball handler,Left P&R,3,P&R Ball Handler,P&R Including Passes > P&R Ball Handler > Left P&R,P&R Including Passes,P&R Ball Handler,Left P&R,,,,3,30.0,1.667,133.0,33.3,33.3,1,100.0,,,100.0,,1,150.0,33.3,,,1,0,,1.9,2.0,66.7,0,0,0,,1,0,1.0,5
Abdul Mohamed,Montreal Alliance,2025-2026,offense,P&R ball handler,Baseline,4,Left P&R,P&R Including Passes > P&R Ball Handler > Left P&R > Baseline,P&R Including Passes,P&R Ball Handler,Left P&R,Baseline,,,2,66.7,1.5,150.0,50.0,0.0,1,100.0,,,100.0,,1,150.0,0.0,,,1,0,,1.0,0.0,50.0,0,0,0,,1,0,1.0,3
Abdul Mohamed,Montreal Alliance,2025-2026,offense,P&R ball handler,Dribble Off Pick,5,Baseline,P&R Including Passes > P&R Ball Handler > Left P&R > Baseline > Dribble Off Pick,P&R Including Passes,P&R Ball Handler,Left P&R,Baseline,Dribble Off Pick,,1,50.0,0.0,,100.0,0.0,0,,,,,,0,,0.0,,,0,0,,0.0,,0.0,0,0,0,,0,0,,0
Abdul Mohamed,Montreal Alliance,2025-2026,offense,P&R ball handler,Defense Commits,6,Dribble Off Pick,P&R Including Passes > P&R Ball Handler > Left P&R > Baseline > Dribble Off Pick > Defense Commits,P&R Including Passes,P&R Ball Handler,Left P&R,Baseline,Dribble Off Pick,Defense Commits,1,100.0,0.0,,100.0,0.0,0,,,,,,0,,0.0,,,0,0,,0.0,,0.0,0,0,0,,0,0,,0
Abdul Mohamed,Montreal Alliance,2025-2026,offense,P&R ball handler,Takes Early Jump Shot,5,Baseline,P&R Including Passes > P&R Ball Handler > Left P&R > Baseline > Takes Early Jump Shot,P&R Including Passes,P&R Ball Handler,Left P&R,Baseline,Takes Early Jump Shot,,1,50.0,3.0,150.0,0.0,0.0,1,100.0,,,100.0,,1,150.0,0.0,,,1,0,,1.0,0.0,100.0,0,0,0,,1,0,1.0,3
Abdul Mohamed,Montreal Alliance,2025-2026,offense,P&R ball handler,No Dribble Jumper,6,Takes Early Jump Shot,P&R Including Passes > P&R Ball Handler > Left P&R > Baseline > Takes Early Jump Shot > No Dribble Jumper,P&R Including Passes,P&R Ball Handler,Left P&R,Baseline,Takes Early Jump Shot,No Dribble Jumper,1,100.0,3.0,150.0,0.0,0.0,1,100.0,,,100.0,,1,150.0,0.0,,,1,0,,1.0,0.0,100.0,0,0,0,,1,0,1.0,3
Abdul Mohamed,Montreal Alliance,2025-2026,offense,P&R ball handler,Side,4,Left P&R,P&R Including Passes > P&R Ball Handler > Left P&R > Side,P&R Including Passes,P&R Ball Handler,Left P&R,Side,,,1,33.3,2.0,113.6,0.0,100.0,0,,,,,,0,,100.0,,,0,0,,0.9,,100.0,0,0,0,,0,0,,2
Abdul Mohamed,Montreal Alliance,2025-2026,offense,P&R ball handler,Go Away from Pick,5,Side,P&R Including Passes > P&R Ball Handler > Left P&R > Side > Go Away from Pick,P&R Including Passes,P&R Ball Handler,Left P&R,Side,Go Away from Pick,,1,100.0,2.0,113.6,0.0,100.0,0,,,,,,0,,100.0,,,0,0,,0.9,,100.0,0,0,0,,0,0,,2
Abdul Mohamed,Montreal Alliance,2025-2026,offense,P&R ball handler,To Basket,6,Go Away from Pick,P&R Including Passes > P&R Ball Handler > Left P&R > Side > Go Away from Pick > To Basket,P&R Including Passes,P&R Ball Handler,Left P&R,Side,Go Away from Pick,To Basket,1,100.0,2.0,113.6,0.0,100.0,0,,,,,,0,,100.0,,,0,0,,0.9,,100.0,0,0,0,,0,0,,2
Abdul Mohamed,Montreal Alliance,2025-2026,offense,P&R ball handler,Spot-Up,2,P&R Including Passes,P&R Including Passes > Spot-Up,P&R Including Passes,Spot-Up,,,,,5,29.4,1.2,75.0,20.0,0.0,2,100.0,,,50.0,,4,75.0,0.0,,,2,2,,4.0,0.0,40.0,2,0,2,0.0,2,0,0.5,6
Abdul Mohamed,Montreal Alliance,2025-2026,offense,P&R ball handler,Drives Left,3,Spot-Up,P&R Including Passes > Spot-Up > Drives Left,P&R Including Passes,Spot-Up,Drives Left,,,,3,60.0,0.0,0.0,33.3,0.0,0,,,,0.0,,2,0.0,0.0,,,0,2,,2.0,0.0,0.0,2,0,2,0.0,0,0,0.0,0
Abdul Mohamed,Montreal Alliance,2025-2026,offense,P&R ball handler,Turnover,4,Drives Left,P&R Including Passes > Spot-Up > Drives Left > Turnover,P&R Including Passes,Spot-Up,Drives Left,Turnover,,,1,33.3,0.0,,100.0,0.0,0,,,,,,0,,0.0,,,0,0,,0.0,,0.0,0,0,0,,0,0,,0
Abdul Mohamed,Montreal Alliance,2025-2026,offense,P&R ball handler,To Basket,4,Drives Left,P&R Including Passes > Spot-Up > Drives Left > To Basket,P&R Including Passes,Spot-Up,Drives Left,To Basket,,,1,33.3,0.0,0.0,0.0,0.0,0,,,,0.0,,1,0.0,0.0,,,0,1,,1.0,0.0,0.0,1,0,1,0.0,0,0,0.0,0
Abdul Mohamed,Montreal Alliance,2025-2026,offense,P&R ball handler,Miss 2 Pts,5,To Basket,P&R Including Passes > Spot-Up > Drives Left > To Basket > Miss 2 Pts,P&R Including Passes,Spot-Up,Drives Left,To Basket,Miss 2 Pts,,1,100.0,0.0,0.0,0.0,0.0,0,,,,0.0,,1,0.0,0.0,,,0,1,,1.0,0.0,0.0,1,0,1,0.0,0,0,0.0,0
Abdul Mohamed,Montreal Alliance,2025-2026,offense,P&R ball handler,Dribble Jumper,4,Drives Left,P&R Including Passes > Spot-Up > Drives Left > Dribble Jumper,P&R Including Passes,Spot-Up,Drives Left,Dribble Jumper,,,1,33.3,0.0,0.0,0.0,0.0,0,,,,0.0,,1,0.0,0.0,,,0,1,,1.0,0.0,0.0,1,0,1,0.0,0,0,0.0,0
Abdul Mohamed,Montreal Alliance,2025-2026,offense,P&R ball handler,Short to < 17,5,Dribble Jumper,P&R Including Passes > Spot-Up > Drives Left > Dribble Jumper > Short to < 17,P&R Including Passes,Spot-Up,Drives Left,Dribble Jumper,Short to < 17,,1,100.0,0.0,0.0,0.0,0.0,0,,,,0.0,,1,0.0,0.0,,,0,1,,1.0,0.0,0.0,1,0,1,0.0,0,0,0.0,0
Abdul Mohamed,Montreal Alliance,2025-2026,offense,P&R ball handler,Miss 2 Pts,6,Short to < 17,P&R Including Passes > Spot-Up > Drives Left > Dribble Jumper > Short to < 17 > Miss 2 Pts,P&R Including Passes,Spot-Up,Drives Left,Dribble Jumper,Short to < 17,Miss 2 Pts,1,100.0,0.0,0.0,0.0,0.0,0,,,,0.0,,1,0.0,0.0,,,0,1,,1.0,0.0,0.0,1,0,1,0.0,0,0,0.0,0
Abdul Mohamed,Montreal Alliance,2025-2026,offense,P&R ball handler,No Dribble Jumper,3,Spot-Up,P&R Including Passes > Spot-Up > No Dribble Jumper,P&R Including Passes,Spot-Up,No Dribble Jumper,,,,2,40.0,3.0,150.0,0.0,0.0,2,100.0,,,100.0,,2,150.0,0.0,,,2,0,,2.0,0.0,100.0,0,0,0,,2,0,1.0,6
Abdul Mohamed,Montreal Alliance,2025-2026,offense,P&R ball handler,Guarded,4,No Dribble Jumper,P&R Including Passes > Spot-Up > No Dribble Jumper > Guarded,P&R Including Passes,Spot-Up,No Dribble Jumper,Guarded,,,2,100.0,3.0,150.0,0.0,0.0,2,100.0,,,100.0,,2,150.0,0.0,,,2,0,,2.0,0.0,100.0,0,0,0,,2,0,1.0,6
Abdul Mohamed,Montreal Alliance,2025-2026,offense,P&R ball handler,Long/3pt,5,Guarded,P&R Including Passes > Spot-Up > No Dribble Jumper > Guarded > Long/3pt,P&R Including Passes,Spot-Up,No Dribble Jumper,Guarded,Long/3pt,,2,100.0,3.0,150.0,0.0,0.0,2,100.0,,,100.0,,2,150.0,0.0,,,2,0,,2.0,0.0,100.0,0,0,0,,2,0,1.0,6
Abdul Mohamed,Montreal Alliance,2025-2026,offense,P&R ball handler,Make 3 Pts,6,Long/3pt,P&R Including Passes > Spot-Up > No Dribble Jumper > Guarded > Long/3pt > Make 3 Pts,P&R Including Passes,Spot-Up,No Dribble Jumper,Guarded,Long/3pt,Make 3 Pts,2,100.0,3.0,150.0,0.0,0.0,2,100.0,,,100.0,,2,150.0,0.0,,,2,0,,2.0,0.0,100.0,0,0,0,,2,0,1.0,6
Abdul Mohamed,Montreal Alliance,2025-2026,offense,P&R ball handler,P&R Roll Man,2,P&R Including Passes,P&R Including Passes > P&R Roll Man,P&R Including Passes,P&R Roll Man,,,,,2,11.8,0.0,0.0,50.0,0.0,1,0.0,,,0.0,,1,0.0,0.0,,,0,1,,1.0,0.0,0.0,0,0,0,,0,1,1.0,0
Abdul Mohamed,Montreal Alliance,2025-2026,offense,P&R ball handler,Rolls to Basket,3,P&R Roll Man,P&R Including Passes > P&R Roll Man > Rolls to Basket,P&R Including Passes,P&R Roll Man,Rolls to Basket,,,,1,50.0,0.0,,100.0,0.0,0,,,,,,0,,0.0,,,0,0,,0.0,,0.0,0,0,0,,0,0,,0
Abdul Mohamed,Montreal Alliance,2025-2026,offense,P&R ball handler,Turnover,4,Rolls to Basket,P&R Including Passes > P&R Roll Man > Rolls to Basket > Turnover,P&R Including Passes,P&R Roll Man,Rolls to Basket,Turnover,,,1,100.0,0.0,,100.0,0.0,0,,,,,,0,,0.0,,,0,0,,0.0,,0.0,0,0,0,,0,0,,0
Abdul Mohamed,Montreal Alliance,2025-2026,offense,P&R ball handler,Slips the Pick,3,P&R Roll Man,P&R Including Passes > P&R Roll Man > Slips the Pick,P&R Including Passes,P&R Roll Man,Slips the Pick,,,,1,50.0,0.0,0.0,0.0,0.0,1,0.0,,,0.0,,1,0.0,0.0,,,0,1,,1.0,0.0,0.0,0,0,0,,0,1,1.0,0
Abdul Mohamed,Montreal Alliance,2025-2026,offense,P&R ball handler,Dribble Jumper,4,Slips the Pick,P&R Including Passes > P&R Roll Man > Slips the Pick > Dribble Jumper,P&R Including Passes,P&R Roll Man,Slips the Pick,Dribble Jumper,,,1,100.0,0.0,0.0,0.0,0.0,1,0.0,,,0.0,,1,0.0,0.0,,,0,1,,1.0,0.0,0.0,0,0,0,,0,1,1.0,0
Abdul Mohamed,Montreal Alliance,2025-2026,offense,P&R ball handler,Long/3pt,5,Dribble Jumper,P&R Including Passes > P&R Roll Man > Slips the Pick > Dribble Jumper > Long/3pt,P&R Including Passes,P&R Roll Man,Slips the Pick,Dribble Jumper,Long/3pt,,1,100.0,0.0,0.0,0.0,0.0,1,0.0,,,0.0,,1,0.0,0.0,,,0,1,,1.0,0.0,0.0,0,0,0,,0,1,1.0,0
Abdul Mohamed,Montreal Alliance,2025-2026,offense,P&R ball handler,Miss 3 Pts,6,Long/3pt,P&R Including Passes > P&R Roll Man > Slips the Pick > Dribble Jumper > Long/3pt > Miss 3 Pts,P&R Including Passes,P&R Roll Man,Slips the Pick,Dribble Jumper,Long/3pt,Miss 3 Pts,1,100.0,0.0,0.0,0.0,0.0,1,0.0,,,0.0,,1,0.0,0.0,,,0,1,,1.0,0.0,0.0,0,0,0,,0,1,1.0,0
Abdul Mohamed,Montreal Alliance,2025-2026,offense,P&R ball handler,P&R BH - Defense Commits,1,,P&R BH - Defense Commits,P&R BH - Defense Commits,,,,,,11,7.7,0.545,60.0,54.5,0.0,3,66.7,Poor,9.0,40.0,7.0,5,60.0,0.0,,,2,3,,5.0,0.0,18.2,2,0,2,0.0,2,1,0.6,6
Abdul Mohamed,Montreal Alliance,2025-2026,offense,P&R ball handler,Spot-Up,2,P&R BH - Defense Commits,P&R BH - Defense Commits > Spot-Up,P&R BH - Defense Commits,Spot-Up,,,,,5,45.5,1.2,75.0,20.0,0.0,2,100.0,,,50.0,,4,75.0,0.0,,,2,2,,4.0,0.0,40.0,2,0,2,0.0,2,0,0.5,6
Abdul Mohamed,Montreal Alliance,2025-2026,offense,P&R ball handler,Drives Left,3,Spot-Up,P&R BH - Defense Commits > Spot-Up > Drives Left,P&R BH - Defense Commits,Spot-Up,Drives Left,,,,3,60.0,0.0,0.0,33.3,0.0,0,,,,0.0,,2,0.0,0.0,,,0,2,,2.0,0.0,0.0,2,0,2,0.0,0,0,0.0,0
Abdul Mohamed,Montreal Alliance,2025-2026,offense,P&R ball handler,Turnover,4,Drives Left,P&R BH - Defense Commits > Spot-Up > Drives Left > Turnover,P&R BH - Defense Commits,Spot-Up,Drives Left,Turnover,,,1,33.3,0.0,,100.0,0.0,0,,,,,,0,,0.0,,,0,0,,0.0,,0.0,0,0,0,,0,0,,0
Abdul Mohamed,Montreal Alliance,2025-2026,offense,P&R ball handler,Dribble Jumper,4,Drives Left,P&R BH - Defense Commits > Spot-Up > Drives Left > Dribble Jumper,P&R BH - Defense Commits,Spot-Up,Drives Left,Dribble Jumper,,,1,33.3,0.0,0.0,0.0,0.0,0,,,,0.0,,1,0.0,0.0,,,0,1,,1.0,0.0,0.0,1,0,1,0.0,0,0,0.0,0
Abdul Mohamed,Montreal Alliance,2025-2026,offense,P&R ball handler,Short to < 17,5,Dribble Jumper,P&R BH - Defense Commits > Spot-Up > Drives Left > Dribble Jumper > Short to < 17,P&R BH - Defense Commits,Spot-Up,Drives Left,Dribble Jumper,Short to < 17,,1,100.0,0.0,0.0,0.0,0.0,0,,,,0.0,,1,0.0,0.0,,,0,1,,1.0,0.0,0.0,1,0,1,0.0,0,0,0.0,0
Abdul Mohamed,Montreal Alliance,2025-2026,offense,P&R ball handler,Miss 2 Pts,6,Short to < 17,P&R BH - Defense Commits > Spot-Up > Drives Left > Dribble Jumper > Short to < 17 > Miss 2 Pts,P&R BH - Defense Commits,Spot-Up,Drives Left,Dribble Jumper,Short to < 17,Miss 2 Pts,1,100.0,0.0,0.0,0.0,0.0,0,,,,0.0,,1,0.0,0.0,,,0,1,,1.0,0.0,0.0,1,0,1,0.0,0,0,0.0,0
Abdul Mohamed,Montreal Alliance,2025-2026,offense,P&R ball handler,To Basket,4,Drives Left,P&R BH - Defense Commits > Spot-Up > Drives Left > To Basket,P&R BH - Defense Commits,Spot-Up,Drives Left,To Basket,,,1,33.3,0.0,0.0,0.0,0.0,0,,,,0.0,,1,0.0,0.0,,,0,1,,1.0,0.0,0.0,1,0,1,0.0,0,0,0.0,0
Abdul Mohamed,Montreal Alliance,2025-2026,offense,P&R ball handler,Miss 2 Pts,5,To Basket,P&R BH - Defense Commits > Spot-Up > Drives Left > To Basket > Miss 2 Pts,P&R BH - Defense Commits,Spot-Up,Drives Left,To Basket,Miss 2 Pts,,1,100.0,0.0,0.0,0.0,0.0,0,,,,0.0,,1,0.0,0.0,,,0,1,,1.0,0.0,0.0,1,0,1,0.0,0,0,0.0,0
Abdul Mohamed,Montreal Alliance,2025-2026,offense,P&R ball handler,No Dribble Jumper,3,Spot-Up,P&R BH - Defense Commits > Spot-Up > No Dribble Jumper,P&R BH - Defense Commits,Spot-Up,No Dribble Jumper,,,,2,40.0,3.0,150.0,0.0,0.0,2,100.0,,,100.0,,2,150.0,0.0,,,2,0,,2.0,0.0,100.0,0,0,0,,2,0,1.0,6
Abdul Mohamed,Montreal Alliance,2025-2026,offense,P&R ball handler,Guarded,4,No Dribble Jumper,P&R BH - Defense Commits > Spot-Up > No Dribble Jumper > Guarded,P&R BH - Defense Commits,Spot-Up,No Dribble Jumper,Guarded,,,2,100.0,3.0,150.0,0.0,0.0,2,100.0,,,100.0,,2,150.0,0.0,,,2,0,,2.0,0.0,100.0,0,0,0,,2,0,1.0,6
Abdul Mohamed,Montreal Alliance,2025-2026,offense,P&R ball handler,Long/3pt,5,Guarded,P&R BH - Defense Commits > Spot-Up > No Dribble Jumper > Guarded > Long/3pt,P&R BH - Defense Commits,Spot-Up,No Dribble Jumper,Guarded,Long/3pt,,2,100.0,3.0,150.0,0.0,0.0,2,100.0,,,100.0,,2,150.0,0.0,,,2,0,,2.0,0.0,100.0,0,0,0,,2,0,1.0,6
Abdul Mohamed,Montreal Alliance,2025-2026,offense,P&R ball handler,Make 3 Pts,6,Long/3pt,P&R BH - Defense Commits > Spot-Up > No Dribble Jumper > Guarded > Long/3pt > Make 3 Pts,P&R BH - Defense Commits,Spot-Up,No Dribble Jumper,Guarded,Long/3pt,Make 3 Pts,2,100.0,3.0,150.0,0.0,0.0,2,100.0,,,100.0,,2,150.0,0.0,,,2,0,,2.0,0.0,100.0,0,0,0,,2,0,1.0,6
Abdul Mohamed,Montreal Alliance,2025-2026,offense,P&R ball handler,P&R Ball Handler,2,P&R BH - Defense Commits,P&R BH - Defense Commits > P&R Ball Handler,P&R BH - Defense Commits,P&R Ball Handler,,,,,4,36.4,0.0,,100.0,0.0,0,,,,,,0,,0.0,,,0,0,,0.0,,0.0,0,0,0,,0,0,,0
Abdul Mohamed,Montreal Alliance,2025-2026,offense,P&R ball handler,High P&R,3,P&R Ball Handler,P&R BH - Defense Commits > P&R Ball Handler > High P&R,P&R BH - Defense Commits,P&R Ball Handler,High P&R,,,,2,50.0,0.0,,100.0,0.0,0,,,,,,0,,0.0,,,0,0,,0.0,,0.0,0,0,0,,0,0,,0
Abdul Mohamed,Montreal Alliance,2025-2026,offense,P&R ball handler,Dribble Off Pick,4,High P&R,P&R BH - Defense Commits > P&R Ball Handler > High P&R > Dribble Off Pick,P&R BH - Defense Commits,P&R Ball Handler,High P&R,Dribble Off Pick,,,2,100.0,0.0,,100.0,0.0,0,,,,,,0,,0.0,,,0,0,,0.0,,0.0,0,0,0,,0,0,,0
Abdul Mohamed,Montreal Alliance,2025-2026,offense,P&R ball handler,Defense Commits,5,Dribble Off Pick,P&R BH - Defense Commits > P&R Ball Handler > High P&R > Dribble Off Pick > Defense Commits,P&R BH - Defense Commits,P&R Ball Handler,High P&R,Dribble Off Pick,Defense Commits,,2,100.0,0.0,,100.0,0.0,0,,,,,,0,,0.0,,,0,0,,0.0,,0.0,0,0,0,,0,0,,0
Abdul Mohamed,Montreal Alliance,2025-2026,offense,P&R ball handler,Turnover,6,Defense Commits,P&R BH - Defense Commits > P&R Ball Handler > High P&R > Dribble Off Pick > Defense Commits > Turnover,P&R BH - Defense Commits,P&R Ball Handler,High P&R,Dribble Off Pick,Defense Commits,Turnover,2,100.0,0.0,,100.0,0.0,0,,,,,,0,,0.0,,,0,0,,0.0,,0.0,0,0,0,,0,0,,0
Abdul Mohamed,Montreal Alliance,2025-2026,offense,P&R ball handler,Right P&R,3,P&R Ball Handler,P&R BH - Defense Commits > P&R Ball Handler > Right P&R,P&R BH - Defense Commits,P&R Ball Handler,Right P&R,,,,1,25.0,0.0,,100.0,0.0,0,,,,,,0,,0.0,,,0,0,,0.0,,0.0,0,0,0,,0,0,,0
Abdul Mohamed,Montreal Alliance,2025-2026,offense,P&R ball handler,Side,4,Right P&R,P&R BH - Defense Commits > P&R Ball Handler > Right P&R > Side,P&R BH - Defense Commits,P&R Ball Handler,Right P&R,Side,,,1,100.0,0.0,,100.0,0.0,0,,,,,,0,,0.0,,,0,0,,0.0,,0.0,0,0,0,,0,0,,0
Abdul Mohamed,Montreal Alliance,2025-2026,offense,P&R ball handler,Dribble Off Pick,5,Side,P&R BH - Defense Commits > P&R Ball Handler > Right P&R > Side > Dribble Off Pick,P&R BH - Defense Commits,P&R Ball Handler,Right P&R,Side,Dribble Off Pick,,1,100.0,0.0,,100.0,0.0,0,,,,,,0,,0.0,,,0,0,,0.0,,0.0,0,0,0,,0,0,,0
Abdul Mohamed,Montreal Alliance,2025-2026,offense,P&R ball handler,Defense Commits,6,Dribble Off Pick,P&R BH - Defense Commits > P&R Ball Handler > Right P&R > Side > Dribble Off Pick > Defense Commits,P&R BH - Defense Commits,P&R Ball Handler,Right P&R,Side,Dribble Off Pick,Defense Commits,1,100.0,0.0,,100.0,0.0,0,,,,,,0,,0.0,,,0,0,,0.0,,0.0,0,0,0,,0,0,,0
Abdul Mohamed,Montreal Alliance,2025-2026,offense,P&R ball handler,Left P&R,3,P&R Ball Handler,P&R BH - Defense Commits > P&R Ball Handler > Left P&R,P&R BH - Defense Commits,P&R Ball Handler,Left P&R,,,,1,25.0,0.0,,100.0,0.0,0,,,,,,0,,0.0,,,0,0,,0.0,,0.0,0,0,0,,0,0,,0
Abdul Mohamed,Montreal Alliance,2025-2026,offense,P&R ball handler,Baseline,4,Left P&R,P&R BH - Defense Commits > P&R Ball Handler > Left P&R > Baseline,P&R BH - Defense Commits,P&R Ball Handler,Left P&R,Baseline,,,1,100.0,0.0,,100.0,0.0,0,,,,,,0,,0.0,,,0,0,,0.0,,0.0,0,0,0,,0,0,,0
Abdul Mohamed,Montreal Alliance,2025-2026,offense,P&R ball handler,Dribble Off Pick,5,Baseline,P&R BH - Defense Commits > P&R Ball Handler > Left P&R > Baseline > Dribble Off Pick,P&R BH - Defense Commits,P&R Ball Handler,Left P&R,Baseline,Dribble Off Pick,,1,100.0,0.0,,100.0,0.0,0,,,,,,0,,0.0,,,0,0,,0.0,,0.0,0,0,0,,0,0,,0
Abdul Mohamed,Montreal Alliance,2025-2026,offense,P&R ball handler,Defense Commits,6,Dribble Off Pick,P&R BH - Defense Commits > P&R Ball Handler > Left P&R > Baseline > Dribble Off Pick > Defense Commits,P&R BH - Defense Commits,P&R Ball Handler,Left P&R,Baseline,Dribble Off Pick,Defense Commits,1,100.0,0.0,,100.0,0.0,0,,,,,,0,,0.0,,,0,0,,0.0,,0.0,0,0,0,,0,0,,0
Abdul Mohamed,Montreal Alliance,2025-2026,offense,P&R ball handler,P&R Roll Man,2,P&R BH - Defense Commits,P&R BH - Defense Commits > P&R Roll Man,P&R BH - Defense Commits,P&R Roll Man,,,,,2,18.2,0.0,0.0,50.0,0.0,1,0.0,,,0.0,,1,0.0,0.0,,,0,1,,1.0,0.0,0.0,0,0,0,,0,1,1.0,0
Abdul Mohamed,Montreal Alliance,2025-2026,offense,P&R ball handler,Rolls to Basket,3,P&R Roll Man,P&R BH - Defense Commits > P&R Roll Man > Rolls to Basket,P&R BH - Defense Commits,P&R Roll Man,Rolls to Basket,,,,1,50.0,0.0,,100.0,0.0,0,,,,,,0,,0.0,,,0,0,,0.0,,0.0,0,0,0,,0,0,,0
Abdul Mohamed,Montreal Alliance,2025-2026,offense,P&R ball handler,Turnover,4,Rolls to Basket,P&R BH - Defense Commits > P&R Roll Man > Rolls to Basket > Turnover,P&R BH - Defense Commits,P&R Roll Man,Rolls to Basket,Turnover,,,1,100.0,0.0,,100.0,0.0,0,,,,,,0,,0.0,,,0,0,,0.0,,0.0,0,0,0,,0,0,,0
Abdul Mohamed,Montreal Alliance,2025-2026,offense,P&R ball handler,Slips the Pick,3,P&R Roll Man,P&R BH - Defense Commits > P&R Roll Man > Slips the Pick,P&R BH - Defense Commits,P&R Roll Man,Slips the Pick,,,,1,50.0,0.0,0.0,0.0,0.0,1,0.0,,,0.0,,1,0.0,0.0,,,0,1,,1.0,0.0,0.0,0,0,0,,0,1,1.0,0
Abdul Mohamed,Montreal Alliance,2025-2026,offense,P&R ball handler,Dribble Jumper,4,Slips the Pick,P&R BH - Defense Commits > P&R Roll Man > Slips the Pick > Dribble Jumper,P&R BH - Defense Commits,P&R Roll Man,Slips the Pick,Dribble Jumper,,,1,100.0,0.0,0.0,0.0,0.0,1,0.0,,,0.0,,1,0.0,0.0,,,0,1,,1.0,0.0,0.0,0,0,0,,0,1,1.0,0
Abdul Mohamed,Montreal Alliance,2025-2026,offense,P&R ball handler,Long/3pt,5,Dribble Jumper,P&R BH - Defense Commits > P&R Roll Man > Slips the Pick > Dribble Jumper > Long/3pt,P&R BH - Defense Commits,P&R Roll Man,Slips the Pick,Dribble Jumper,Long/3pt,,1,100.0,0.0,0.0,0.0,0.0,1,0.0,,,0.0,,1,0.0,0.0,,,0,1,,1.0,0.0,0.0,0,0,0,,0,1,1.0,0
Abdul Mohamed,Montreal Alliance,2025-2026,offense,P&R ball handler,Miss 3 Pts,6,Long/3pt,P&R BH - Defense Commits > P&R Roll Man > Slips the Pick > Dribble Jumper > Long/3pt > Miss 3 Pts,P&R BH - Defense Commits,P&R Roll Man,Slips the Pick,Dribble Jumper,Long/3pt,Miss 3 Pts,1,100.0,0.0,0.0,0.0,0.0,1,0.0,,,0.0,,1,0.0,0.0,,,0,1,,1.0,0.0,0.0,0,0,0,,0,1,1.0,0
Abdul Mohamed,Montreal Alliance,2025-2026,offense,P&R ball handler,P&R BH - Traps,1,,P&R BH - Traps,P&R BH - Traps,,,,,,0,0.0,,,,,0,,,,,,0,,,,,0,0,,0.0,,,0,0,0,,0,0,,0
Abdul Mohamed,Montreal Alliance,2025-2026,offense,Isolation,ISO Including Passes,1,,ISO Including Passes,ISO Including Passes,,,,,,11,7.7,0.364,22.2,18.2,0.0,2,0.0,Poor,2.0,22.2,24.0,9,22.2,0.0,,,2,7,,9.0,0.0,18.2,7,2,5,28.6,0,2,0.22,4
Abdul Mohamed,Montreal Alliance,2025-2026,offense,Isolation,Isolation,2,ISO Including Passes,ISO Including Passes > Isolation,ISO Including Passes,Isolation,,,,,10,90.9,0.4,25.0,20.0,0.0,1,0.0,,,25.0,,8,25.0,0.0,,,2,6,,8.0,0.0,20.0,7,2,5,28.6,0,1,0.13,4
Abdul Mohamed,Montreal Alliance,2025-2026,offense,Isolation,Top,3,Isolation,ISO Including Passes > Isolation > Top,ISO Including Passes,Isolation,Top,,,,5,50.0,0.8,50.0,20.0,0.0,0,,,,50.0,,4,50.0,0.0,,,2,2,,4.0,0.0,40.0,4,2,2,50.0,0,0,0.0,4
Abdul Mohamed,Montreal Alliance,2025-2026,offense,Isolation,Drives Left,4,Top,ISO Including Passes > Isolation > Top > Drives Left,ISO Including Passes,Isolation,Top,Drives Left,,,4,80.0,0.5,33.3,25.0,0.0,0,,,,33.3,,3,33.3,0.0,,,1,2,,3.0,0.0,25.0,3,1,2,33.3,0,0,0.0,2
Abdul Mohamed,Montreal Alliance,2025-2026,offense,Isolation,Dribble Jumper,5,Drives Left,ISO Including Passes > Isolation > Top > Drives Left > Dribble Jumper,ISO Including Passes,Isolation,Top,Drives Left,Dribble Jumper,,2,50.0,0.0,0.0,0.0,0.0,0,,,,0.0,,2,0.0,0.0,,,0,2,,2.0,0.0,0.0,2,0,2,0.0,0,0,0.0,0
Abdul Mohamed,Montreal Alliance,2025-2026,offense,Isolation,Short to < 17,6,Dribble Jumper,ISO Including Passes > Isolation > Top > Drives Left > Dribble Jumper > Short to < 17,ISO Including Passes,Isolation,Top,Drives Left,Dribble Jumper,Short to < 17,2,100.0,0.0,0.0,0.0,0.0,0,,,,0.0,,2,0.0,0.0,,,0,2,,2.0,0.0,0.0,2,0,2,0.0,0,0,0.0,0
Abdul Mohamed,Montreal Alliance,2025-2026,offense,Isolation,Defense Commits,5,Drives Left,ISO Including Passes > Isolation > Top > Drives Left > Defense Commits,ISO Including Passes,Isolation,Top,Drives Left,Defense Commits,,1,25.0,0.0,,100.0,0.0,0,,,,,,0,,0.0,,,0,0,,0.0,,0.0,0,0,0,,0,0,,0
Abdul Mohamed,Montreal Alliance,2025-2026,offense,Isolation,Turnover,6,Defense Commits,ISO Including Passes > Isolation > Top > Drives Left > Defense Commits > Turnover,ISO Including Passes,Isolation,Top,Drives Left,Defense Commits,Turnover,1,100.0,0.0,,100.0,0.0,0,,,,,,0,,0.0,,,0,0,,0.0,,0.0,0,0,0,,0,0,,0
Abdul Mohamed,Montreal Alliance,2025-2026,offense,Isolation,To Basket,5,Drives Left,ISO Including Passes > Isolation > Top > Drives Left > To Basket,ISO Including Passes,Isolation,Top,Drives Left,To Basket,,1,25.0,2.0,100.0,0.0,0.0,0,,,,100.0,,1,100.0,0.0,,,1,0,,1.0,0.0,100.0,1,1,0,100.0,0,0,0.0,2
Abdul Mohamed,Montreal Alliance,2025-2026,offense,Isolation,Make 2 Pts,6,To Basket,ISO Including Passes > Isolation > Top > Drives Left > To Basket > Make 2 Pts,ISO Including Passes,Isolation,Top,Drives Left,To Basket,Make 2 Pts,1,100.0,2.0,100.0,0.0,0.0,0,,,,100.0,,1,100.0,0.0,,,1,0,,1.0,0.0,100.0,1,1,0,100.0,0,0,0.0,2
Abdul Mohamed,Montreal Alliance,2025-2026,offense,Isolation,Early Jumper,4,Top,ISO Including Passes > Isolation > Top > Early Jumper,ISO Including Passes,Isolation,Top,Early Jumper,,,1,20.0,2.0,100.0,0.0,0.0,0,,,,100.0,,1,100.0,0.0,,,1,0,,1.0,0.0,100.0,1,1,0,100.0,0,0,0.0,2
Abdul Mohamed,Montreal Alliance,2025-2026,offense,Isolation,No Dribble Jumper,5,Early Jumper,ISO Including Passes > Isolation > Top > Early Jumper > No Dribble Jumper,ISO Including Passes,Isolation,Top,Early Jumper,No Dribble Jumper,,1,100.0,2.0,100.0,0.0,0.0,0,,,,100.0,,1,100.0,0.0,,,1,0,,1.0,0.0,100.0,1,1,0,100.0,0,0,0.0,2
Abdul Mohamed,Montreal Alliance,2025-2026,offense,Isolation,Guarded,6,No Dribble Jumper,ISO Including Passes > Isolation > Top > Early Jumper > No Dribble Jumper > Guarded,ISO Including Passes,Isolation,Top,Early Jumper,No Dribble Jumper,Guarded,1,100.0,2.0,100.0,0.0,0.0,0,,,,100.0,,1,100.0,0.0,,,1,0,,1.0,0.0,100.0,1,1,0,100.0,0,0,0.0,2
Abdul Mohamed,Montreal Alliance,2025-2026,offense,Isolation,Right,3,Isolation,ISO Including Passes > Isolation > Right,ISO Including Passes,Isolation,Right,,,,3,30.0,0.0,0.0,33.3,0.0,0,,,,0.0,,2,0.0,0.0,,,0,2,,2.0,0.0,0.0,2,0,2,0.0,0,0,0.0,0
Abdul Mohamed,Montreal Alliance,2025-2026,offense,Isolation,Drives Left,4,Right,ISO Including Passes > Isolation > Right > Drives Left,ISO Including Passes,Isolation,Right,Drives Left,,,2,66.7,0.0,0.0,0.0,0.0,0,,,,0.0,,2,0.0,0.0,,,0,2,,2.0,0.0,0.0,2,0,2,0.0,0,0,0.0,0
Abdul Mohamed,Montreal Alliance,2025-2026,offense,Isolation,To Basket,5,Drives Left,ISO Including Passes > Isolation > Right > Drives Left > To Basket,ISO Including Passes,Isolation,Right,Drives Left,To Basket,,2,100.0,0.0,0.0,0.0,0.0,0,,,,0.0,,2,0.0,0.0,,,0,2,,2.0,0.0,0.0,2,0,2,0.0,0,0,0.0,0
Abdul Mohamed,Montreal Alliance,2025-2026,offense,Isolation,Miss 2 Pts,6,To Basket,ISO Including Passes > Isolation > Right > Drives Left > To Basket > Miss 2 Pts,ISO Including Passes,Isolation,Right,Drives Left,To Basket,Miss 2 Pts,2,100.0,0.0,0.0,0.0,0.0,0,,,,0.0,,2,0.0,0.0,,,0,2,,2.0,0.0,0.0,2,0,2,0.0,0,0,0.0,0
Abdul Mohamed,Montreal Alliance,2025-2026,offense,Isolation,Turnover,4,Right,ISO Including Passes > Isolation > Right > Turnover,ISO Including Passes,Isolation,Right,Turnover,,,1,33.3,0.0,,100.0,0.0,0,,,,,,0,,0.0,,,0,0,,0.0,,0.0,0,0,0,,0,0,,0
Abdul Mohamed,Montreal Alliance,2025-2026,offense,Isolation,Left,3,Isolation,ISO Including Passes > Isolation > Left,ISO Including Passes,Isolation,Left,,,,2,20.0,0.0,0.0,0.0,0.0,1,0.0,,,0.0,,2,0.0,0.0,,,0,2,,2.0,0.0,0.0,1,0,1,0.0,0,1,0.5,0
Abdul Mohamed,Montreal Alliance,2025-2026,offense,Isolation,Early Jumper,4,Left,ISO Including Passes > Isolation > Left > Early Jumper,ISO Including Passes,Isolation,Left,Early Jumper,,,1,50.0,0.0,0.0,0.0,0.0,1,0.0,,,0.0,,1,0.0,0.0,,,0,1,,1.0,0.0,0.0,0,0,0,,0,1,1.0,0
Abdul Mohamed,Montreal Alliance,2025-2026,offense,Isolation,No Dribble Jumper,5,Early Jumper,ISO Including Passes > Isolation > Left > Early Jumper > No Dribble Jumper,ISO Including Passes,Isolation,Left,Early Jumper,No Dribble Jumper,,1,100.0,0.0,0.0,0.0,0.0,1,0.0,,,0.0,,1,0.0,0.0,,,0,1,,1.0,0.0,0.0,0,0,0,,0,1,1.0,0
Abdul Mohamed,Montreal Alliance,2025-2026,offense,Isolation,Open,6,No Dribble Jumper,ISO Including Passes > Isolation > Left > Early Jumper > No Dribble Jumper > Open,ISO Including Passes,Isolation,Left,Early Jumper,No Dribble Jumper,Open,1,100.0,0.0,0.0,0.0,0.0,1,0.0,,,0.0,,1,0.0,0.0,,,0,1,,1.0,0.0,0.0,0,0,0,,0,1,1.0,0
Abdul Mohamed,Montreal Alliance,2025-2026,offense,Isolation,Drives Left,4,Left,ISO Including Passes > Isolation > Left > Drives Left,ISO Including Passes,Isolation,Left,Drives Left,,,1,50.0,0.0,0.0,0.0,0.0,0,,,,0.0,,1,0.0,0.0,,,0,1,,1.0,0.0,0.0,1,0,1,0.0,0,0,0.0,0
Abdul Mohamed,Montreal Alliance,2025-2026,offense,Isolation,To Basket,5,Drives Left,ISO Including Passes > Isolation > Left > Drives Left > To Basket,ISO Including Passes,Isolation,Left,Drives Left,To Basket,,1,100.0,0.0,0.0,0.0,0.0,0,,,,0.0,,1,0.0,0.0,,,0,1,,1.0,0.0,0.0,1,0,1,0.0,0,0,0.0,0
Abdul Mohamed,Montreal Alliance,2025-2026,offense,Isolation,Miss 2 Pts,6,To Basket,ISO Including Passes > Isolation > Left > Drives Left > To Basket > Miss 2 Pts,ISO Including Passes,Isolation,Left,Drives Left,To Basket,Miss 2 Pts,1,100.0,0.0,0.0,0.0,0.0,0,,,,0.0,,1,0.0,0.0,,,0,1,,1.0,0.0,0.0,1,0,1,0.0,0,0,0.0,0
Abdul Mohamed,Montreal Alliance,2025-2026,offense,Isolation,Spot-Up,2,ISO Including Passes,ISO Including Passes > Spot-Up,ISO Including Passes,Spot-Up,,,,,1,9.1,0.0,0.0,0.0,0.0,1,0.0,,,0.0,,1,0.0,0.0,,,0,1,,1.0,0.0,0.0,0,0,0,,0,1,1.0,0
Abdul Mohamed,Montreal Alliance,2025-2026,offense,Isolation,No Dribble Jumper,3,Spot-Up,ISO Including Passes > Spot-Up > No Dribble Jumper,ISO Including Passes,Spot-Up,No Dribble Jumper,,,,1,100.0,0.0,0.0,0.0,0.0,1,0.0,,,0.0,,1,0.0,0.0,,,0,1,,1.0,0.0,0.0,0,0,0,,0,1,1.0,0
Abdul Mohamed,Montreal Alliance,2025-2026,offense,Isolation,Open,4,No Dribble Jumper,ISO Including Passes > Spot-Up > No Dribble Jumper > Open,ISO Including Passes,Spot-Up,No Dribble Jumper,Open,,,1,100.0,0.0,0.0,0.0,0.0,1,0.0,,,0.0,,1,0.0,0.0,,,0,1,,1.0,0.0,0.0,0,0,0,,0,1,1.0,0
Abdul Mohamed,Montreal Alliance,2025-2026,offense,Isolation,Long/3pt,5,Open,ISO Including Passes > Spot-Up > No Dribble Jumper > Open > Long/3pt,ISO Including Passes,Spot-Up,No Dribble Jumper,Open,Long/3pt,,1,100.0,0.0,0.0,0.0,0.0,1,0.0,,,0.0,,1,0.0,0.0,,,0,1,,1.0,0.0,0.0,0,0,0,,0,1,1.0,0
Abdul Mohamed,Montreal Alliance,2025-2026,offense,Isolation,Miss 3 Pts,6,Long/3pt,ISO Including Passes > Spot-Up > No Dribble Jumper > Open > Long/3pt > Miss 3 Pts,ISO Including Passes,Spot-Up,No Dribble Jumper,Open,Long/3pt,Miss 3 Pts,1,100.0,0.0,0.0,0.0,0.0,1,0.0,,,0.0,,1,0.0,0.0,,,0,1,,1.0,0.0,0.0,0,0,0,,0,1,1.0,0
Abdul Mohamed,Montreal Alliance,2025-2026,offense,Isolation,ISO - Defense Commits,1,,ISO - Defense Commits,ISO - Defense Commits,,,,,,2,1.4,0.0,0.0,50.0,0.0,1,0.0,,,0.0,,1,0.0,0.0,,,0,1,,1.0,0.0,0.0,0,0,0,,0,1,1.0,0
Abdul Mohamed,Montreal Alliance,2025-2026,offense,Isolation,Spot-Up,2,ISO - Defense Commits,ISO - Defense Commits > Spot-Up,ISO - Defense Commits,Spot-Up,,,,,1,50.0,0.0,0.0,0.0,0.0,1,0.0,,,0.0,,1,0.0,0.0,,,0,1,,1.0,0.0,0.0,0,0,0,,0,1,1.0,0
Abdul Mohamed,Montreal Alliance,2025-2026,offense,Isolation,No Dribble Jumper,3,Spot-Up,ISO - Defense Commits > Spot-Up > No Dribble Jumper,ISO - Defense Commits,Spot-Up,No Dribble Jumper,,,,1,100.0,0.0,0.0,0.0,0.0,1,0.0,,,0.0,,1,0.0,0.0,,,0,1,,1.0,0.0,0.0,0,0,0,,0,1,1.0,0
Abdul Mohamed,Montreal Alliance,2025-2026,offense,Isolation,Open,4,No Dribble Jumper,ISO - Defense Commits > Spot-Up > No Dribble Jumper > Open,ISO - Defense Commits,Spot-Up,No Dribble Jumper,Open,,,1,100.0,0.0,0.0,0.0,0.0,1,0.0,,,0.0,,1,0.0,0.0,,,0,1,,1.0,0.0,0.0,0,0,0,,0,1,1.0,0
Abdul Mohamed,Montreal Alliance,2025-2026,offense,Isolation,Long/3pt,5,Open,ISO - Defense Commits > Spot-Up > No Dribble Jumper > Open > Long/3pt,ISO - Defense Commits,Spot-Up,No Dribble Jumper,Open,Long/3pt,,1,100.0,0.0,0.0,0.0,0.0,1,0.0,,,0.0,,1,0.0,0.0,,,0,1,,1.0,0.0,0.0,0,0,0,,0,1,1.0,0
Abdul Mohamed,Montreal Alliance,2025-2026,offense,Isolation,Miss 3 Pts,6,Long/3pt,ISO - Defense Commits > Spot-Up > No Dribble Jumper > Open > Long/3pt > Miss 3 Pts,ISO - Defense Commits,Spot-Up,No Dribble Jumper,Open,Long/3pt,Miss 3 Pts,1,100.0,0.0,0.0,0.0,0.0,1,0.0,,,0.0,,1,0.0,0.0,,,0,1,,1.0,0.0,0.0,0,0,0,,0,1,1.0,0
Abdul Mohamed,Montreal Alliance,2025-2026,offense,Isolation,Isolation,2,ISO - Defense Commits,ISO - Defense Commits > Isolation,ISO - Defense Commits,Isolation,,,,,1,50.0,0.0,,100.0,0.0,0,,,,,,0,,0.0,,,0,0,,0.0,,0.0,0,0,0,,0,0,,0
Abdul Mohamed,Montreal Alliance,2025-2026,offense,Isolation,Top,3,Isolation,ISO - Defense Commits > Isolation > Top,ISO - Defense Commits,Isolation,Top,,,,1,100.0,0.0,,100.0,0.0,0,,,,,,0,,0.0,,,0,0,,0.0,,0.0,0,0,0,,0,0,,0
Abdul Mohamed,Montreal Alliance,2025-2026,offense,Isolation,Drives Left,4,Top,ISO - Defense Commits > Isolation > Top > Drives Left,ISO - Defense Commits,Isolation,Top,Drives Left,,,1,100.0,0.0,,100.0,0.0,0,,,,,,0,,0.0,,,0,0,,0.0,,0.0,0,0,0,,0,0,,0
Abdul Mohamed,Montreal Alliance,2025-2026,offense,Isolation,Defense Commits,5,Drives Left,ISO - Defense Commits > Isolation > Top > Drives Left > Defense Commits,ISO - Defense Commits,Isolation,Top,Drives Left,Defense Commits,,1,100.0,0.0,,100.0,0.0,0,,,,,,0,,0.0,,,0,0,,0.0,,0.0,0,0,0,,0,0,,0
Abdul Mohamed,Montreal Alliance,2025-2026,offense,Isolation,Turnover,6,Defense Commits,ISO - Defense Commits > Isolation > Top > Drives Left > Defense Commits > Turnover,ISO - Defense Commits,Isolation,Top,Drives Left,Defense Commits,Turnover,1,100.0,0.0,,100.0,0.0,0,,,,,,0,,0.0,,,0,0,,0.0,,0.0,0,0,0,,0,0,,0
Abdul Mohamed,Montreal Alliance,2025-2026,offense,Post up,Post-Ups Including Passes,1,,Post-Ups Including Passes,Post-Ups Including Passes,,,,,,13,9.1,0.615,40.5,23.1,7.7,3,33.3,Below Average,23.0,33.3,21.0,9,38.9,7.7,,,3,6,,9.9,0.22,30.8,6,2,4,33.3,1,2,0.33,8
Abdul Mohamed,Montreal Alliance,2025-2026,offense,Post up,Post-Up,2,Post-Ups Including Passes,Post-Ups Including Passes > Post-Up,Post-Ups Including Passes,Post-Up,,,,,8,61.5,0.5,40.0,37.5,0.0,0,,,,40.0,,5,40.0,0.0,,,2,3,,5.0,0.0,25.0,5,2,3,40.0,0,0,0.0,4
Abdul Mohamed,Montreal Alliance,2025-2026,offense,Post up,Right Block,3,Post-Up,Post-Ups Including Passes > Post-Up > Right Block,Post-Ups Including Passes,Post-Up,Right Block,,,,4,50.0,0.5,33.3,25.0,0.0,0,,,,33.3,,3,33.3,0.0,,,1,2,,3.0,0.0,25.0,3,1,2,33.3,0,0,0.0,2
Abdul Mohamed,Montreal Alliance,2025-2026,offense,Post up,Left Shoulder,4,Right Block,Post-Ups Including Passes > Post-Up > Right Block > Left Shoulder,Post-Ups Including Passes,Post-Up,Right Block,Left Shoulder,,,2,50.0,1.0,50.0,0.0,0.0,0,,,,50.0,,2,50.0,0.0,,,1,1,,2.0,0.0,50.0,2,1,1,50.0,0,0,0.0,2
Abdul Mohamed,Montreal Alliance,2025-2026,offense,Post up,Dribble Move,5,Left Shoulder,Post-Ups Including Passes > Post-Up > Right Block > Left Shoulder > Dribble Move,Post-Ups Including Passes,Post-Up,Right Block,Left Shoulder,Dribble Move,,2,100.0,1.0,50.0,0.0,0.0,0,,,,50.0,,2,50.0,0.0,,,1,1,,2.0,0.0,50.0,2,1,1,50.0,0,0,0.0,2
Abdul Mohamed,Montreal Alliance,2025-2026,offense,Post up,To Drop Step,6,Dribble Move,Post-Ups Including Passes > Post-Up > Right Block > Left Shoulder > Dribble Move > To Drop Step,Post-Ups Including Passes,Post-Up,Right Block,Left Shoulder,Dribble Move,To Drop Step,2,100.0,1.0,50.0,0.0,0.0,0,,,,50.0,,2,50.0,0.0,,,1,1,,2.0,0.0,50.0,2,1,1,50.0,0,0,0.0,2
Abdul Mohamed,Montreal Alliance,2025-2026,offense,Post up,Right Shoulder,4,Right Block,Post-Ups Including Passes > Post-Up > Right Block > Right Shoulder,Post-Ups Including Passes,Post-Up,Right Block,Right Shoulder,,,2,50.0,0.0,0.0,50.0,0.0,0,,,,0.0,,1,0.0,0.0,,,0,1,,1.0,0.0,0.0,1,0,1,0.0,0,0,0.0,0
Abdul Mohamed,Montreal Alliance,2025-2026,offense,Post up,Dribble Move,5,Right Shoulder,Post-Ups Including Passes > Post-Up > Right Block > Right Shoulder > Dribble Move,Post-Ups Including Passes,Post-Up,Right Block,Right Shoulder,Dribble Move,,2,100.0,0.0,0.0,50.0,0.0,0,,,,0.0,,1,0.0,0.0,,,0,1,,1.0,0.0,0.0,1,0,1,0.0,0,0,0.0,0
Abdul Mohamed,Montreal Alliance,2025-2026,offense,Post up,To Jumper,6,Dribble Move,Post-Ups Including Passes > Post-Up > Right Block > Right Shoulder > Dribble Move > To Jumper,Post-Ups Including Passes,Post-Up,Right Block,Right Shoulder,Dribble Move,To Jumper,1,50.0,0.0,0.0,0.0,0.0,0,,,,0.0,,1,0.0,0.0,,,0,1,,1.0,0.0,0.0,1,0,1,0.0,0,0,0.0,0
Abdul Mohamed,Montreal Alliance,2025-2026,offense,Post up,Turnover,6,Dribble Move,Post-Ups Including Passes > Post-Up > Right Block > Right Shoulder > Dribble Move > Turnover,Post-Ups Including Passes,Post-Up,Right Block,Right Shoulder,Dribble Move,Turnover,1,50.0,0.0,,100.0,0.0,0,,,,,,0,,0.0,,,0,0,,0.0,,0.0,0,0,0,,0,0,,0
Abdul Mohamed,Montreal Alliance,2025-2026,offense,Post up,Left Block,3,Post-Up,Post-Ups Including Passes > Post-Up > Left Block,Post-Ups Including Passes,Post-Up,Left Block,,,,4,50.0,0.5,50.0,50.0,0.0,0,,,,50.0,,2,50.0,0.0,,,1,1,,2.0,0.0,25.0,2,1,1,50.0,0,0,0.0,2
Abdul Mohamed,Montreal Alliance,2025-2026,offense,Post up,Right Shoulder,4,Left Block,Post-Ups Including Passes > Post-Up > Left Block > Right Shoulder,Post-Ups Including Passes,Post-Up,Left Block,Right Shoulder,,,3,75.0,0.667,50.0,33.3,0.0,0,,,,50.0,,2,50.0,0.0,,,1,1,,2.0,0.0,33.3,2,1,1,50.0,0,0,0.0,2
Abdul Mohamed,Montreal Alliance,2025-2026,offense,Post up,Dribble Move,5,Right Shoulder,Post-Ups Including Passes > Post-Up > Left Block > Right Shoulder > Dribble Move,Post-Ups Including Passes,Post-Up,Left Block,Right Shoulder,Dribble Move,,3,100.0,0.667,50.0,33.3,0.0,0,,,,50.0,,2,50.0,0.0,,,1,1,,2.0,0.0,33.3,2,1,1,50.0,0,0,0.0,2
Abdul Mohamed,Montreal Alliance,2025-2026,offense,Post up,To Jumper,6,Dribble Move,Post-Ups Including Passes > Post-Up > Left Block > Right Shoulder > Dribble Move > To Jumper,Post-Ups Including Passes,Post-Up,Left Block,Right Shoulder,Dribble Move,To Jumper,1,33.3,0.0,0.0,0.0,0.0,0,,,,0.0,,1,0.0,0.0,,,0,1,,1.0,0.0,0.0,1,0,1,0.0,0,0,0.0,0
Abdul Mohamed,Montreal Alliance,2025-2026,offense,Post up,Defense Commits,6,Dribble Move,Post-Ups Including Passes > Post-Up > Left Block > Right Shoulder > Dribble Move > Defense Commits,Post-Ups Including Passes,Post-Up,Left Block,Right Shoulder,Dribble Move,Defense Commits,1,33.3,0.0,,100.0,0.0,0,,,,,,0,,0.0,,,0,0,,0.0,,0.0,0,0,0,,0,0,,0
Abdul Mohamed,Montreal Alliance,2025-2026,offense,Post up,To Drop Step,6,Dribble Move,Post-Ups Including Passes > Post-Up > Left Block > Right Shoulder > Dribble Move > To Drop Step,Post-Ups Including Passes,Post-Up,Left Block,Right Shoulder,Dribble Move,To Drop Step,1,33.3,2.0,100.0,0.0,0.0,0,,,,100.0,,1,100.0,0.0,,,1,0,,1.0,0.0,100.0,1,1,0,100.0,0,0,0.0,2
Abdul Mohamed,Montreal Alliance,2025-2026,offense,Post up,Left Shoulder,4,Left Block,Post-Ups Including Passes > Post-Up > Left Block > Left Shoulder,Post-Ups Including Passes,Post-Up,Left Block,Left Shoulder,,,1,25.0,0.0,,100.0,0.0,0,,,,,,0,,0.0,,,0,0,,0.0,,0.0,0,0,0,,0,0,,0
Abdul Mohamed,Montreal Alliance,2025-2026,offense,Post up,Dribble Move,5,Left Shoulder,Post-Ups Including Passes > Post-Up > Left Block > Left Shoulder > Dribble Move,Post-Ups Including Passes,Post-Up,Left Block,Left Shoulder,Dribble Move,,1,100.0,0.0,,100.0,0.0,0,,,,,,0,,0.0,,,0,0,,0.0,,0.0,0,0,0,,0,0,,0
Abdul Mohamed,Montreal Alliance,2025-2026,offense,Post up,Defense Commits,6,Dribble Move,Post-Ups Including Passes > Post-Up > Left Block > Left Shoulder > Dribble Move > Defense Commits,Post-Ups Including Passes,Post-Up,Left Block,Left Shoulder,Dribble Move,Defense Commits,1,100.0,0.0,,100.0,0.0,0,,,,,,0,,0.0,,,0,0,,0.0,,0.0,0,0,0,,0,0,,0
Abdul Mohamed,Montreal Alliance,2025-2026,offense,Post up,Spot-Up,2,Post-Ups Including Passes,Post-Ups Including Passes > Spot-Up,Post-Ups Including Passes,Spot-Up,,,,,3,23.1,1.0,50.0,0.0,0.0,3,33.3,,,33.3,,3,50.0,0.0,,,1,2,,3.0,0.0,33.3,0,0,0,,1,2,1.0,3
Abdul Mohamed,Montreal Alliance,2025-2026,offense,Post up,No Dribble Jumper,3,Spot-Up,Post-Ups Including Passes > Spot-Up > No Dribble Jumper,Post-Ups Including Passes,Spot-Up,No Dribble Jumper,,,,3,100.0,1.0,50.0,0.0,0.0,3,33.3,,,33.3,,3,50.0,0.0,,,1,2,,3.0,0.0,33.3,0,0,0,,1,2,1.0,3
Abdul Mohamed,Montreal Alliance,2025-2026,offense,Post up,Guarded,4,No Dribble Jumper,Post-Ups Including Passes > Spot-Up > No Dribble Jumper > Guarded,Post-Ups Including Passes,Spot-Up,No Dribble Jumper,Guarded,,,2,66.7,0.0,0.0,0.0,0.0,2,0.0,,,0.0,,2,0.0,0.0,,,0,2,,2.0,0.0,0.0,0,0,0,,0,2,1.0,0
Abdul Mohamed,Montreal Alliance,2025-2026,offense,Post up,Long/3pt,5,Guarded,Post-Ups Including Passes > Spot-Up > No Dribble Jumper > Guarded > Long/3pt,Post-Ups Including Passes,Spot-Up,No Dribble Jumper,Guarded,Long/3pt,,2,100.0,0.0,0.0,0.0,0.0,2,0.0,,,0.0,,2,0.0,0.0,,,0,2,,2.0,0.0,0.0,0,0,0,,0,2,1.0,0
Abdul Mohamed,Montreal Alliance,2025-2026,offense,Post up,Miss 3 Pts,6,Long/3pt,Post-Ups Including Passes > Spot-Up > No Dribble Jumper > Guarded > Long/3pt > Miss 3 Pts,Post-Ups Including Passes,Spot-Up,No Dribble Jumper,Guarded,Long/3pt,Miss 3 Pts,2,100.0,0.0,0.0,0.0,0.0,2,0.0,,,0.0,,2,0.0,0.0,,,0,2,,2.0,0.0,0.0,0,0,0,,0,2,1.0,0
Abdul Mohamed,Montreal Alliance,2025-2026,offense,Post up,Open,4,No Dribble Jumper,Post-Ups Including Passes > Spot-Up > No Dribble Jumper > Open,Post-Ups Including Passes,Spot-Up,No Dribble Jumper,Open,,,1,33.3,3.0,150.0,0.0,0.0,1,100.0,,,100.0,,1,150.0,0.0,,,1,0,,1.0,0.0,100.0,0,0,0,,1,0,1.0,3
Abdul Mohamed,Montreal Alliance,2025-2026,offense,Post up,Long/3pt,5,Open,Post-Ups Including Passes > Spot-Up > No Dribble Jumper > Open > Long/3pt,Post-Ups Including Passes,Spot-Up,No Dribble Jumper,Open,Long/3pt,,1,100.0,3.0,150.0,0.0,0.0,1,100.0,,,100.0,,1,150.0,0.0,,,1,0,,1.0,0.0,100.0,0,0,0,,1,0,1.0,3
Abdul Mohamed,Montreal Alliance,2025-2026,offense,Post up,Make 3 Pts,6,Long/3pt,Post-Ups Including Passes > Spot-Up > No Dribble Jumper > Open > Long/3pt > Make 3 Pts,Post-Ups Including Passes,Spot-Up,No Dribble Jumper,Open,Long/3pt,Make 3 Pts,1,100.0,3.0,150.0,0.0,0.0,1,100.0,,,100.0,,1,150.0,0.0,,,1,0,,1.0,0.0,100.0,0,0,0,,1,0,1.0,3
Abdul Mohamed,Montreal Alliance,2025-2026,offense,Post up,Cut,2,Post-Ups Including Passes,Post-Ups Including Passes > Cut,Post-Ups Including Passes,Cut,,,,,2,15.4,0.5,26.6,0.0,50.0,0,,,,0.0,,1,0.0,50.0,,,0,1,,1.9,2.0,50.0,1,0,1,0.0,0,0,0.0,1
Abdul Mohamed,Montreal Alliance,2025-2026,offense,Post up,Basket,3,Cut,Post-Ups Including Passes > Cut > Basket,Post-Ups Including Passes,Cut,Basket,,,,2,100.0,0.5,26.6,0.0,50.0,0,,,,0.0,,1,0.0,50.0,,,0,1,,1.9,2.0,50.0,1,0,1,0.0,0,0,0.0,1
Abdul Mohamed,Montreal Alliance,2025-2026,offense,Post up,Foul,4,Basket,Post-Ups Including Passes > Cut > Basket > Foul,Post-Ups Including Passes,Cut,Basket,Foul,,,1,50.0,1.0,56.8,0.0,100.0,0,,,,,,0,,100.0,,,0,0,,0.9,,100.0,0,0,0,,0,0,,1
Abdul Mohamed,Montreal Alliance,2025-2026,offense,Post up,Miss 2 Pts,4,Basket,Post-Ups Including Passes > Cut > Basket > Miss 2 Pts,Post-Ups Including Passes,Cut,Basket,Miss 2 Pts,,,1,50.0,0.0,0.0,0.0,0.0,0,,,,0.0,,1,0.0,0.0,,,0,1,,1.0,0.0,0.0,1,0,1,0.0,0,0,0.0,0
Abdul Mohamed,Montreal Alliance,2025-2026,offense,Post up,Post-Up - Defense Commits,1,,Post-Up - Defense Commits,Post-Up - Defense Commits,,,,,,7,4.9,0.571,41.0,28.6,14.3,3,33.3,,,25.0,,4,37.5,14.3,,,1,3,,4.9,0.5,28.6,1,0,1,0.0,1,2,0.75,4
Abdul Mohamed,Montreal Alliance,2025-2026,offense,Post up,Spot-Up,2,Post-Up - Defense Commits,Post-Up - Defense Commits > Spot-Up,Post-Up - Defense Commits,Spot-Up,,,,,3,42.9,1.0,50.0,0.0,0.0,3,33.3,,,33.3,,3,50.0,0.0,,,1,2,,3.0,0.0,33.3,0,0,0,,1,2,1.0,3
Abdul Mohamed,Montreal Alliance,2025-2026,offense,Post up,No Dribble Jumper,3,Spot-Up,Post-Up - Defense Commits > Spot-Up > No Dribble Jumper,Post-Up - Defense Commits,Spot-Up,No Dribble Jumper,,,,3,100.0,1.0,50.0,0.0,0.0,3,33.3,,,33.3,,3,50.0,0.0,,,1,2,,3.0,0.0,33.3,0,0,0,,1,2,1.0,3
Abdul Mohamed,Montreal Alliance,2025-2026,offense,Post up,Guarded,4,No Dribble Jumper,Post-Up - Defense Commits > Spot-Up > No Dribble Jumper > Guarded,Post-Up - Defense Commits,Spot-Up,No Dribble Jumper,Guarded,,,2,66.7,0.0,0.0,0.0,0.0,2,0.0,,,0.0,,2,0.0,0.0,,,0,2,,2.0,0.0,0.0,0,0,0,,0,2,1.0,0
Abdul Mohamed,Montreal Alliance,2025-2026,offense,Post up,Long/3pt,5,Guarded,Post-Up - Defense Commits > Spot-Up > No Dribble Jumper > Guarded > Long/3pt,Post-Up - Defense Commits,Spot-Up,No Dribble Jumper,Guarded,Long/3pt,,2,100.0,0.0,0.0,0.0,0.0,2,0.0,,,0.0,,2,0.0,0.0,,,0,2,,2.0,0.0,0.0,0,0,0,,0,2,1.0,0
Abdul Mohamed,Montreal Alliance,2025-2026,offense,Post up,Miss 3 Pts,6,Long/3pt,Post-Up - Defense Commits > Spot-Up > No Dribble Jumper > Guarded > Long/3pt > Miss 3 Pts,Post-Up - Defense Commits,Spot-Up,No Dribble Jumper,Guarded,Long/3pt,Miss 3 Pts,2,100.0,0.0,0.0,0.0,0.0,2,0.0,,,0.0,,2,0.0,0.0,,,0,2,,2.0,0.0,0.0,0,0,0,,0,2,1.0,0
Abdul Mohamed,Montreal Alliance,2025-2026,offense,Post up,Open,4,No Dribble Jumper,Post-Up - Defense Commits > Spot-Up > No Dribble Jumper > Open,Post-Up - Defense Commits,Spot-Up,No Dribble Jumper,Open,,,1,33.3,3.0,150.0,0.0,0.0,1,100.0,,,100.0,,1,150.0,0.0,,,1,0,,1.0,0.0,100.0,0,0,0,,1,0,1.0,3
Abdul Mohamed,Montreal Alliance,2025-2026,offense,Post up,Long/3pt,5,Open,Post-Up - Defense Commits > Spot-Up > No Dribble Jumper > Open > Long/3pt,Post-Up - Defense Commits,Spot-Up,No Dribble Jumper,Open,Long/3pt,,1,100.0,3.0,150.0,0.0,0.0,1,100.0,,,100.0,,1,150.0,0.0,,,1,0,,1.0,0.0,100.0,0,0,0,,1,0,1.0,3
Abdul Mohamed,Montreal Alliance,2025-2026,offense,Post up,Make 3 Pts,6,Long/3pt,Post-Up - Defense Commits > Spot-Up > No Dribble Jumper > Open > Long/3pt > Make 3 Pts,Post-Up - Defense Commits,Spot-Up,No Dribble Jumper,Open,Long/3pt,Make 3 Pts,1,100.0,3.0,150.0,0.0,0.0,1,100.0,,,100.0,,1,150.0,0.0,,,1,0,,1.0,0.0,100.0,0,0,0,,1,0,1.0,3
Abdul Mohamed,Montreal Alliance,2025-2026,offense,Post up,Post-Up,2,Post-Up - Defense Commits,Post-Up - Defense Commits > Post-Up,Post-Up - Defense Commits,Post-Up,,,,,2,28.6,0.0,,100.0,0.0,0,,,,,,0,,0.0,,,0,0,,0.0,,0.0,0,0,0,,0,0,,0
Abdul Mohamed,Montreal Alliance,2025-2026,offense,Post up,Left Block,3,Post-Up,Post-Up - Defense Commits > Post-Up > Left Block,Post-Up - Defense Commits,Post-Up,Left Block,,,,2,100.0,0.0,,100.0,0.0,0,,,,,,0,,0.0,,,0,0,,0.0,,0.0,0,0,0,,0,0,,0
Abdul Mohamed,Montreal Alliance,2025-2026,offense,Post up,Right Shoulder,4,Left Block,Post-Up - Defense Commits > Post-Up > Left Block > Right Shoulder,Post-Up - Defense Commits,Post-Up,Left Block,Right Shoulder,,,1,50.0,0.0,,100.0,0.0,0,,,,,,0,,0.0,,,0,0,,0.0,,0.0,0,0,0,,0,0,,0
Abdul Mohamed,Montreal Alliance,2025-2026,offense,Post up,Dribble Move,5,Right Shoulder,Post-Up - Defense Commits > Post-Up > Left Block > Right Shoulder > Dribble Move,Post-Up - Defense Commits,Post-Up,Left Block,Right Shoulder,Dribble Move,,1,100.0,0.0,,100.0,0.0,0,,,,,,0,,0.0,,,0,0,,0.0,,0.0,0,0,0,,0,0,,0
Abdul Mohamed,Montreal Alliance,2025-2026,offense,Post up,Defense Commits,6,Dribble Move,Post-Up - Defense Commits > Post-Up > Left Block > Right Shoulder > Dribble Move > Defense Commits,Post-Up - Defense Commits,Post-Up,Left Block,Right Shoulder,Dribble Move,Defense Commits,1,100.0,0.0,,100.0,0.0,0,,,,,,0,,0.0,,,0,0,,0.0,,0.0,0,0,0,,0,0,,0
Abdul Mohamed,Montreal Alliance,2025-2026,offense,Post up,Left Shoulder,4,Left Block,Post-Up - Defense Commits > Post-Up > Left Block > Left Shoulder,Post-Up - Defense Commits,Post-Up,Left Block,Left Shoulder,,,1,50.0,0.0,,100.0,0.0,0,,,,,,0,,0.0,,,0,0,,0.0,,0.0,0,0,0,,0,0,,0
Abdul Mohamed,Montreal Alliance,2025-2026,offense,Post up,Dribble Move,5,Left Shoulder,Post-Up - Defense Commits > Post-Up > Left Block > Left Shoulder > Dribble Move,Post-Up - Defense Commits,Post-Up,Left Block,Left Shoulder,Dribble Move,,1,100.0,0.0,,100.0,0.0,0,,,,,,0,,0.0,,,0,0,,0.0,,0.0,0,0,0,,0,0,,0
Abdul Mohamed,Montreal Alliance,2025-2026,offense,Post up,Defense Commits,6,Dribble Move,Post-Up - Defense Commits > Post-Up > Left Block > Left Shoulder > Dribble Move > Defense Commits,Post-Up - Defense Commits,Post-Up,Left Block,Left Shoulder,Dribble Move,Defense Commits,1,100.0,0.0,,100.0,0.0,0,,,,,,0,,0.0,,,0,0,,0.0,,0.0,0,0,0,,0,0,,0
Abdul Mohamed,Montreal Alliance,2025-2026,offense,Post up,Cut,2,Post-Up - Defense Commits,Post-Up - Defense Commits > Cut,Post-Up - Defense Commits,Cut,,,,,2,28.6,0.5,26.6,0.0,50.0,0,,,,0.0,,1,0.0,50.0,,,0,1,,1.9,2.0,50.0,1,0,1,0.0,0,0,0.0,1
Abdul Mohamed,Montreal Alliance,2025-2026,offense,Post up,Basket,3,Cut,Post-Up - Defense Commits > Cut > Basket,Post-Up - Defense Commits,Cut,Basket,,,,2,100.0,0.5,26.6,0.0,50.0,0,,,,0.0,,1,0.0,50.0,,,0,1,,1.9,2.0,50.0,1,0,1,0.0,0,0,0.0,1
Abdul Mohamed,Montreal Alliance,2025-2026,offense,Post up,Foul,4,Basket,Post-Up - Defense Commits > Cut > Basket > Foul,Post-Up - Defense Commits,Cut,Basket,Foul,,,1,50.0,1.0,56.8,0.0,100.0,0,,,,,,0,,100.0,,,0,0,,0.9,,100.0,0,0,0,,0,0,,1
Abdul Mohamed,Montreal Alliance,2025-2026,offense,Post up,Miss 2 Pts,4,Basket,Post-Up - Defense Commits > Cut > Basket > Miss 2 Pts,Post-Up - Defense Commits,Cut,Basket,Miss 2 Pts,,,1,50.0,0.0,0.0,0.0,0.0,0,,,,0.0,,1,0.0,0.0,,,0,1,,1.0,0.0,0.0,1,0,1,0.0,0,0,0.0,0
Abdul Mohamed,Montreal Alliance,2025-2026,offense,Post up,Post-Up - Hard Double,1,,Post-Up - Hard Double,Post-Up - Hard Double,,,,,,1,0.7,1.0,56.8,0.0,100.0,0,,,,,,0,,100.0,,,0,0,,0.9,,100.0,0,0,0,,0,0,,1
Abdul Mohamed,Montreal Alliance,2025-2026,offense,Post up,Basket,2,Post-Up - Hard Double,Post-Up - Hard Double > Basket,Post-Up - Hard Double,Basket,,,,,1,100.0,1.0,56.8,0.0,100.0,0,,,,,,0,,100.0,,,0,0,,0.9,,100.0,0,0,0,,0,0,,1
Abdul Mohamed,Montreal Alliance,2025-2026,offense,Post up,Foul,3,Basket,Post-Up - Hard Double > Basket > Foul,Post-Up - Hard Double,Basket,Foul,,,,1,100.0,1.0,56.8,0.0,100.0,0,,,,,,0,,100.0,,,0,0,,0.9,,100.0,0,0,0,,0,0,,1
