PLAYER,TEAM,SEASON,SIDE,TABLE,STAT,DEPTH,PARENT,PATH,LEVEL_1,LEVEL_2,LEVEL_3,LEVEL_4,LEVEL_5,LEVEL_6,POSS,%TIME,PPP,TS%,TO%,%FT,3FG ATT,3 FG%,PPP RATING,PPP RANK,FG%,%TIME RANK,FG ATT,EFG%,%SF,SSQ,PPS,FG MADE,FG MISS,SSM,TSA,FTA/FGA,SCORE%,2 FG ATT,2 FG MADE,2 FG MISS,2 FG%,3 FG MADE,3 FG MISS,3PA/FGA,PTS
Shakur Daniel,Ottawa Blackjacks,2025-2026,offense,Play types,Spot Up,1,,Spot Up,Spot Up,,,,,,47,43.5,0.787,43.1,8.5,2.1,27,29.6,Below Average,24.0,33.3,93.0,42,42.9,2.1,,,14,28,,42.9,0.05,31.9,15,6,9,40.0,8,19,0.64,37
Shakur Daniel,Ottawa Blackjacks,2025-2026,offense,Play types,No Dribble Jumper,2,Spot Up,Spot Up > No Dribble Jumper,Spot Up,No Dribble Jumper,,,,,27,57.4,0.889,44.4,0.0,0.0,27,29.6,,,29.6,,27,44.4,0.0,,,8,19,,27.0,0.0,29.6,0,0,0,,8,19,1.0,24
Shakur Daniel,Ottawa Blackjacks,2025-2026,offense,Play types,Open,3,No Dribble Jumper,Spot Up > No Dribble Jumper > Open,Spot Up,No Dribble Jumper,Open,,,,14,51.9,1.071,53.6,0.0,0.0,14,35.7,,,35.7,,14,53.6,0.0,,,5,9,,14.0,0.0,35.7,0,0,0,,5,9,1.0,15
Shakur Daniel,Ottawa Blackjacks,2025-2026,offense,Play types,Long/3pt,4,Open,Spot Up > No Dribble Jumper > Open > Long/3pt,Spot Up,No Dribble Jumper,Open,Long/3pt,,,14,100.0,1.071,53.6,0.0,0.0,14,35.7,,,35.7,,14,53.6,0.0,,,5,9,,14.0,0.0,35.7,0,0,0,,5,9,1.0,15
Shakur Daniel,Ottawa Blackjacks,2025-2026,offense,Play types,Miss 3 Pts,5,Long/3pt,Spot Up > No Dribble Jumper > Open > Long/3pt > Miss 3 Pts,Spot Up,No Dribble Jumper,Open,Long/3pt,Miss 3 Pts,,9,64.3,0.0,0.0,0.0,0.0,9,0.0,,,0.0,,9,0.0,0.0,,,0,9,,9.0,0.0,0.0,0,0,0,,0,9,1.0,0
Shakur Daniel,Ottawa Blackjacks,2025-2026,offense,Play types,Make 3 Pts,5,Long/3pt,Spot Up > No Dribble Jumper > Open > Long/3pt > Make 3 Pts,Spot Up,No Dribble Jumper,Open,Long/3pt,Make 3 Pts,,5,35.7,3.0,150.0,0.0,0.0,5,100.0,,,100.0,,5,150.0,0.0,,,5,0,,5.0,0.0,100.0,0,0,0,,5,0,1.0,15
Shakur Daniel,Ottawa Blackjacks,2025-2026,offense,Play types,Guarded,3,No Dribble Jumper,Spot Up > No Dribble Jumper > Guarded,Spot Up,No Dribble Jumper,Guarded,,,,13,48.1,0.692,34.6,0.0,0.0,13,23.1,,,23.1,,13,34.6,0.0,,,3,10,,13.0,0.0,23.1,0,0,0,,3,10,1.0,9
Shakur Daniel,Ottawa Blackjacks,2025-2026,offense,Play types,Long/3pt,4,Guarded,Spot Up > No Dribble Jumper > Guarded > Long/3pt,Spot Up,No Dribble Jumper,Guarded,Long/3pt,,,13,100.0,0.692,34.6,0.0,0.0,13,23.1,,,23.1,,13,34.6,0.0,,,3,10,,13.0,0.0,23.1,0,0,0,,3,10,1.0,9
Shakur Daniel,Ottawa Blackjacks,2025-2026,offense,Play types,Miss 3 Pts,5,Long/3pt,Spot Up > No Dribble Jumper > Guarded > Long/3pt > Miss 3 Pts,Spot Up,No Dribble Jumper,Guarded,Long/3pt,Miss 3 Pts,,10,76.9,0.0,0.0,0.0,0.0,10,0.0,,,0.0,,10,0.0,0.0,,,0,10,,10.0,0.0,0.0,0,0,0,,0,10,1.0,0
Shakur Daniel,Ottawa Blackjacks,2025-2026,offense,Play types,Make 3 Pts,5,Long/3pt,Spot Up > No Dribble Jumper > Guarded > Long/3pt > Make 3 Pts,Spot Up,No Dribble Jumper,Guarded,Long/3pt,Make 3 Pts,,3,23.1,3.0,150.0,0.0,0.0,3,100.0,,,100.0,,3,150.0,0.0,,,3,0,,3.0,0.0,100.0,0,0,0,,3,0,1.0,9
Shakur Daniel,Ottawa Blackjacks,2025-2026,offense,Play types,Drives Right,2,Spot Up,Spot Up > Drives Right,Spot Up,Drives Right,,,,,10,21.3,0.7,44.4,20.0,10.0,0,,,,42.9,,7,42.9,10.0,,,3,4,,7.9,0.29,40.0,7,3,4,42.9,0,0,0.0,7
Shakur Daniel,Ottawa Blackjacks,2025-2026,offense,Play types,To Basket,3,Drives Right,Spot Up > Drives Right > To Basket,Spot Up,Drives Right,To Basket,,,,4,40.0,0.0,0.0,0.0,0.0,0,,,,0.0,,4,0.0,0.0,,,0,4,,4.0,0.0,0.0,4,0,4,0.0,0,0,0.0,0
Shakur Daniel,Ottawa Blackjacks,2025-2026,offense,Play types,Miss 2 Pts,4,To Basket,Spot Up > Drives Right > To Basket > Miss 2 Pts,Spot Up,Drives Right,To Basket,Miss 2 Pts,,,4,100.0,0.0,0.0,0.0,0.0,0,,,,0.0,,4,0.0,0.0,,,0,4,,4.0,0.0,0.0,4,0,4,0.0,0,0,0.0,0
Shakur Daniel,Ottawa Blackjacks,2025-2026,offense,Play types,Dribble Jumper,3,Drives Right,Spot Up > Drives Right > Dribble Jumper,Spot Up,Drives Right,Dribble Jumper,,,,4,40.0,1.75,90.2,0.0,25.0,0,,,,100.0,,3,100.0,25.0,,,3,0,,3.9,0.67,100.0,3,3,0,100.0,0,0,0.0,7
Shakur Daniel,Ottawa Blackjacks,2025-2026,offense,Play types,Short to < 17,4,Dribble Jumper,Spot Up > Drives Right > Dribble Jumper > Short to < 17,Spot Up,Drives Right,Dribble Jumper,Short to < 17,,,2,50.0,2.0,100.0,0.0,0.0,0,,,,100.0,,2,100.0,0.0,,,2,0,,2.0,0.0,100.0,2,2,0,100.0,0,0,0.0,4
Shakur Daniel,Ottawa Blackjacks,2025-2026,offense,Play types,Make 2 Pts,5,Short to < 17,Spot Up > Drives Right > Dribble Jumper > Short to < 17 > Make 2 Pts,Spot Up,Drives Right,Dribble Jumper,Short to < 17,Make 2 Pts,,2,100.0,2.0,100.0,0.0,0.0,0,,,,100.0,,2,100.0,0.0,,,2,0,,2.0,0.0,100.0,2,2,0,100.0,0,0,0.0,4
Shakur Daniel,Ottawa Blackjacks,2025-2026,offense,Play types,Medium/17' to 3pt,4,Dribble Jumper,Spot Up > Drives Right > Dribble Jumper > Medium/17' to 3pt,Spot Up,Drives Right,Dribble Jumper,Medium/17' to 3pt,,,2,50.0,1.5,79.8,0.0,50.0,0,,,,100.0,,1,100.0,50.0,,,1,0,,1.9,2.0,100.0,1,1,0,100.0,0,0,0.0,3
Shakur Daniel,Ottawa Blackjacks,2025-2026,offense,Play types,Make 2 Pts,5,Medium/17' to 3pt,Spot Up > Drives Right > Dribble Jumper > Medium/17' to 3pt > Make 2 Pts,Spot Up,Drives Right,Dribble Jumper,Medium/17' to 3pt,Make 2 Pts,,1,50.0,2.0,100.0,0.0,0.0,0,,,,100.0,,1,100.0,0.0,,,1,0,,1.0,0.0,100.0,1,1,0,100.0,0,0,0.0,2
Shakur Daniel,Ottawa Blackjacks,2025-2026,offense,Play types,Foul,5,Medium/17' to 3pt,Spot Up > Drives Right > Dribble Jumper > Medium/17' to 3pt > Foul,Spot Up,Drives Right,Dribble Jumper,Medium/17' to 3pt,Foul,,1,50.0,1.0,56.8,0.0,100.0,0,,,,,,0,,100.0,,,0,0,,0.9,,100.0,0,0,0,,0,0,,1
Shakur Daniel,Ottawa Blackjacks,2025-2026,offense,Play types,Turnover,3,Drives Right,Spot Up > Drives Right > Turnover,Spot Up,Drives Right,Turnover,,,,2,20.0,0.0,,100.0,0.0,0,,,,,,0,,0.0,,,0,0,,0.0,,0.0,0,0,0,,0,0,,0
Shakur Daniel,Ottawa Blackjacks,2025-2026,offense,Play types,Drives Left,2,Spot Up,Spot Up > Drives Left,Spot Up,Drives Left,,,,,9,19.1,0.444,28.6,22.2,0.0,0,,,,28.6,,7,28.6,0.0,,,2,5,,7.0,0.0,22.2,7,2,5,28.6,0,0,0.0,4
Shakur Daniel,Ottawa Blackjacks,2025-2026,offense,Play types,To Basket,3,Drives Left,Spot Up > Drives Left > To Basket,Spot Up,Drives Left,To Basket,,,,4,44.4,1.0,50.0,0.0,0.0,0,,,,50.0,,4,50.0,0.0,,,2,2,,4.0,0.0,50.0,4,2,2,50.0,0,0,0.0,4
Shakur Daniel,Ottawa Blackjacks,2025-2026,offense,Play types,Make 2 Pts,4,To Basket,Spot Up > Drives Left > To Basket > Make 2 Pts,Spot Up,Drives Left,To Basket,Make 2 Pts,,,2,50.0,2.0,100.0,0.0,0.0,0,,,,100.0,,2,100.0,0.0,,,2,0,,2.0,0.0,100.0,2,2,0,100.0,0,0,0.0,4
Shakur Daniel,Ottawa Blackjacks,2025-2026,offense,Play types,Miss 2 Pts,4,To Basket,Spot Up > Drives Left > To Basket > Miss 2 Pts,Spot Up,Drives Left,To Basket,Miss 2 Pts,,,2,50.0,0.0,0.0,0.0,0.0,0,,,,0.0,,2,0.0,0.0,,,0,2,,2.0,0.0,0.0,2,0,2,0.0,0,0,0.0,0
Shakur Daniel,Ottawa Blackjacks,2025-2026,offense,Play types,Dribble Jumper,3,Drives Left,Spot Up > Drives Left > Dribble Jumper,Spot Up,Drives Left,Dribble Jumper,,,,3,33.3,0.0,0.0,0.0,0.0,0,,,,0.0,,3,0.0,0.0,,,0,3,,3.0,0.0,0.0,3,0,3,0.0,0,0,0.0,0
Shakur Daniel,Ottawa Blackjacks,2025-2026,offense,Play types,Short to < 17,4,Dribble Jumper,Spot Up > Drives Left > Dribble Jumper > Short to < 17,Spot Up,Drives Left,Dribble Jumper,Short to < 17,,,2,66.7,0.0,0.0,0.0,0.0,0,,,,0.0,,2,0.0,0.0,,,0,2,,2.0,0.0,0.0,2,0,2,0.0,0,0,0.0,0
Shakur Daniel,Ottawa Blackjacks,2025-2026,offense,Play types,Miss 2 Pts,5,Short to < 17,Spot Up > Drives Left > Dribble Jumper > Short to < 17 > Miss 2 Pts,Spot Up,Drives Left,Dribble Jumper,Short to < 17,Miss 2 Pts,,2,100.0,0.0,0.0,0.0,0.0,0,,,,0.0,,2,0.0,0.0,,,0,2,,2.0,0.0,0.0,2,0,2,0.0,0,0,0.0,0
Shakur Daniel,Ottawa Blackjacks,2025-2026,offense,Play types,Medium/17' to 3pt,4,Dribble Jumper,Spot Up > Drives Left > Dribble Jumper > Medium/17' to 3pt,Spot Up,Drives Left,Dribble Jumper,Medium/17' to 3pt,,,1,33.3,0.0,0.0,0.0,0.0,0,,,,0.0,,1,0.0,0.0,,,0,1,,1.0,0.0,0.0,1,0,1,0.0,0,0,0.0,0
Shakur Daniel,Ottawa Blackjacks,2025-2026,offense,Play types,Miss 2 Pts,5,Medium/17' to 3pt,Spot Up > Drives Left > Dribble Jumper > Medium/17' to 3pt > Miss 2 Pts,Spot Up,Drives Left,Dribble Jumper,Medium/17' to 3pt,Miss 2 Pts,,1,100.0,0.0,0.0,0.0,0.0,0,,,,0.0,,1,0.0,0.0,,,0,1,,1.0,0.0,0.0,1,0,1,0.0,0,0,0.0,0
Shakur Daniel,Ottawa Blackjacks,2025-2026,offense,Play types,Turnover,3,Drives Left,Spot Up > Drives Left > Turnover,Spot Up,Drives Left,Turnover,,,,2,22.2,0.0,,100.0,0.0,0,,,,,,0,,0.0,,,0,0,,0.0,,0.0,0,0,0,,0,0,,0
Shakur Daniel,Ottawa Blackjacks,2025-2026,offense,Play types,Drives Straight,2,Spot Up,Spot Up > Drives Straight,Spot Up,Drives Straight,,,,,1,2.1,2.0,100.0,0.0,0.0,0,,,,100.0,,1,100.0,0.0,,,1,0,,1.0,0.0,100.0,1,1,0,100.0,0,0,0.0,2
Shakur Daniel,Ottawa Blackjacks,2025-2026,offense,Play types,Dribble Jumper,3,Drives Straight,Spot Up > Drives Straight > Dribble Jumper,Spot Up,Drives Straight,Dribble Jumper,,,,1,100.0,2.0,100.0,0.0,0.0,0,,,,100.0,,1,100.0,0.0,,,1,0,,1.0,0.0,100.0,1,1,0,100.0,0,0,0.0,2
Shakur Daniel,Ottawa Blackjacks,2025-2026,offense,Play types,Medium/17' to 3pt,4,Dribble Jumper,Spot Up > Drives Straight > Dribble Jumper > Medium/17' to 3pt,Spot Up,Drives Straight,Dribble Jumper,Medium/17' to 3pt,,,1,100.0,2.0,100.0,0.0,0.0,0,,,,100.0,,1,100.0,0.0,,,1,0,,1.0,0.0,100.0,1,1,0,100.0,0,0,0.0,2
Shakur Daniel,Ottawa Blackjacks,2025-2026,offense,Play types,Make 2 Pts,5,Medium/17' to 3pt,Spot Up > Drives Straight > Dribble Jumper > Medium/17' to 3pt > Make 2 Pts,Spot Up,Drives Straight,Dribble Jumper,Medium/17' to 3pt,Make 2 Pts,,1,100.0,2.0,100.0,0.0,0.0,0,,,,100.0,,1,100.0,0.0,,,1,0,,1.0,0.0,100.0,1,1,0,100.0,0,0,0.0,2
Shakur Daniel,Ottawa Blackjacks,2025-2026,offense,Play types,Transition,1,,Transition,Transition,,,,,,18,16.7,1.0,60.5,16.7,5.6,8,50.0,Good,52.0,42.9,21.0,14,57.1,0.0,,,6,8,,14.9,0.14,38.9,6,2,4,33.3,4,4,0.57,18
Shakur Daniel,Ottawa Blackjacks,2025-2026,offense,Play types,Ballhandler,2,Transition,Transition > Ballhandler,Transition,Ballhandler,,,,,5,27.8,0.4,34.7,40.0,20.0,0,,,,0.0,,2,0.0,0.0,,,0,2,,2.9,1.0,20.0,2,0,2,0.0,0,0,0.0,2
Shakur Daniel,Ottawa Blackjacks,2025-2026,offense,Play types,Turnover,3,Ballhandler,Transition > Ballhandler > Turnover,Transition,Ballhandler,Turnover,,,,2,40.0,0.0,,100.0,0.0,0,,,,,,0,,0.0,,,0,0,,0.0,,0.0,0,0,0,,0,0,,0
Shakur Daniel,Ottawa Blackjacks,2025-2026,offense,Play types,To Basket,3,Ballhandler,Transition > Ballhandler > To Basket,Transition,Ballhandler,To Basket,,,,1,20.0,0.0,0.0,0.0,0.0,0,,,,0.0,,1,0.0,0.0,,,0,1,,1.0,0.0,0.0,1,0,1,0.0,0,0,0.0,0
Shakur Daniel,Ottawa Blackjacks,2025-2026,offense,Play types,Miss 2 Pts,4,To Basket,Transition > Ballhandler > To Basket > Miss 2 Pts,Transition,Ballhandler,To Basket,Miss 2 Pts,,,1,100.0,0.0,0.0,0.0,0.0,0,,,,0.0,,1,0.0,0.0,,,0,1,,1.0,0.0,0.0,1,0,1,0.0,0,0,0.0,0
Shakur Daniel,Ottawa Blackjacks,2025-2026,offense,Play types,Dribble Jumper,3,Ballhandler,Transition > Ballhandler > Dribble Jumper,Transition,Ballhandler,Dribble Jumper,,,,1,20.0,0.0,0.0,0.0,0.0,0,,,,0.0,,1,0.0,0.0,,,0,1,,1.0,0.0,0.0,1,0,1,0.0,0,0,0.0,0
Shakur Daniel,Ottawa Blackjacks,2025-2026,offense,Play types,Medium/17' to 3pt,4,Dribble Jumper,Transition > Ballhandler > Dribble Jumper > Medium/17' to 3pt,Transition,Ballhandler,Dribble Jumper,Medium/17' to 3pt,,,1,100.0,0.0,0.0,0.0,0.0,0,,,,0.0,,1,0.0,0.0,,,0,1,,1.0,0.0,0.0,1,0,1,0.0,0,0,0.0,0
Shakur Daniel,Ottawa Blackjacks,2025-2026,offense,Play types,Miss 2 Pts,5,Medium/17' to 3pt,Transition > Ballhandler > Dribble Jumper > Medium/17' to 3pt > Miss 2 Pts,Transition,Ballhandler,Dribble Jumper,Medium/17' to 3pt,Miss 2 Pts,,1,100.0,0.0,0.0,0.0,0.0,0,,,,0.0,,1,0.0,0.0,,,0,1,,1.0,0.0,0.0,1,0,1,0.0,0,0,0.0,0
Shakur Daniel,Ottawa Blackjacks,2025-2026,offense,Play types,Foul,3,Ballhandler,Transition > Ballhandler > Foul,Transition,Ballhandler,Foul,,,,1,20.0,2.0,113.6,0.0,100.0,0,,,,,,0,,0.0,,,0,0,,0.9,,100.0,0,0,0,,0,0,,2
Shakur Daniel,Ottawa Blackjacks,2025-2026,offense,Play types,Left Wing,2,Transition,Transition > Left Wing,Transition,Left Wing,,,,,5,27.8,1.4,70.0,0.0,0.0,2,50.0,,,60.0,,5,70.0,0.0,,,3,2,,5.0,0.0,60.0,3,2,1,66.7,1,1,0.4,7
Shakur Daniel,Ottawa Blackjacks,2025-2026,offense,Play types,No Dribble Jumper,3,Left Wing,Transition > Left Wing > No Dribble Jumper,Transition,Left Wing,No Dribble Jumper,,,,3,60.0,1.0,50.0,0.0,0.0,2,50.0,,,33.3,,3,50.0,0.0,,,1,2,,3.0,0.0,33.3,1,0,1,0.0,1,1,0.67,3
Shakur Daniel,Ottawa Blackjacks,2025-2026,offense,Play types,Guarded,4,No Dribble Jumper,Transition > Left Wing > No Dribble Jumper > Guarded,Transition,Left Wing,No Dribble Jumper,Guarded,,,3,100.0,1.0,50.0,0.0,0.0,2,50.0,,,33.3,,3,50.0,0.0,,,1,2,,3.0,0.0,33.3,1,0,1,0.0,1,1,0.67,3
Shakur Daniel,Ottawa Blackjacks,2025-2026,offense,Play types,Long/3pt,5,Guarded,Transition > Left Wing > No Dribble Jumper > Guarded > Long/3pt,Transition,Left Wing,No Dribble Jumper,Guarded,Long/3pt,,2,66.7,1.5,75.0,0.0,0.0,2,50.0,,,50.0,,2,75.0,0.0,,,1,1,,2.0,0.0,50.0,0,0,0,,1,1,1.0,3
Shakur Daniel,Ottawa Blackjacks,2025-2026,offense,Play types,Medium/17' to 3pt,5,Guarded,Transition > Left Wing > No Dribble Jumper > Guarded > Medium/17' to 3pt,Transition,Left Wing,No Dribble Jumper,Guarded,Medium/17' to 3pt,,1,33.3,0.0,0.0,0.0,0.0,0,,,,0.0,,1,0.0,0.0,,,0,1,,1.0,0.0,0.0,1,0,1,0.0,0,0,0.0,0
Shakur Daniel,Ottawa Blackjacks,2025-2026,offense,Play types,Dribble Jumper,3,Left Wing,Transition > Left Wing > Dribble Jumper,Transition,Left Wing,Dribble Jumper,,,,2,40.0,2.0,100.0,0.0,0.0,0,,,,100.0,,2,100.0,0.0,,,2,0,,2.0,0.0,100.0,2,2,0,100.0,0,0,0.0,4
Shakur Daniel,Ottawa Blackjacks,2025-2026,offense,Play types,Short to < 17,4,Dribble Jumper,Transition > Left Wing > Dribble Jumper > Short to < 17,Transition,Left Wing,Dribble Jumper,Short to < 17,,,1,50.0,2.0,100.0,0.0,0.0,0,,,,100.0,,1,100.0,0.0,,,1,0,,1.0,0.0,100.0,1,1,0,100.0,0,0,0.0,2
Shakur Daniel,Ottawa Blackjacks,2025-2026,offense,Play types,Make 2 Pts,5,Short to < 17,Transition > Left Wing > Dribble Jumper > Short to < 17 > Make 2 Pts,Transition,Left Wing,Dribble Jumper,Short to < 17,Make 2 Pts,,1,100.0,2.0,100.0,0.0,0.0,0,,,,100.0,,1,100.0,0.0,,,1,0,,1.0,0.0,100.0,1,1,0,100.0,0,0,0.0,2
Shakur Daniel,Ottawa Blackjacks,2025-2026,offense,Play types,Medium/17' to 3pt,4,Dribble Jumper,Transition > Left Wing > Dribble Jumper > Medium/17' to 3pt,Transition,Left Wing,Dribble Jumper,Medium/17' to 3pt,,,1,50.0,2.0,100.0,0.0,0.0,0,,,,100.0,,1,100.0,0.0,,,1,0,,1.0,0.0,100.0,1,1,0,100.0,0,0,0.0,2
Shakur Daniel,Ottawa Blackjacks,2025-2026,offense,Play types,Make 2 Pts,5,Medium/17' to 3pt,Transition > Left Wing > Dribble Jumper > Medium/17' to 3pt > Make 2 Pts,Transition,Left Wing,Dribble Jumper,Medium/17' to 3pt,Make 2 Pts,,1,100.0,2.0,100.0,0.0,0.0,0,,,,100.0,,1,100.0,0.0,,,1,0,,1.0,0.0,100.0,1,1,0,100.0,0,0,0.0,2
Shakur Daniel,Ottawa Blackjacks,2025-2026,offense,Play types,Right Wing,2,Transition,Transition > Right Wing,Transition,Right Wing,,,,,4,22.2,0.75,37.5,0.0,0.0,4,25.0,,,25.0,,4,37.5,0.0,,,1,3,,4.0,0.0,25.0,0,0,0,,1,3,1.0,3
Shakur Daniel,Ottawa Blackjacks,2025-2026,offense,Play types,No Dribble Jumper,3,Right Wing,Transition > Right Wing > No Dribble Jumper,Transition,Right Wing,No Dribble Jumper,,,,4,100.0,0.75,37.5,0.0,0.0,4,25.0,,,25.0,,4,37.5,0.0,,,1,3,,4.0,0.0,25.0,0,0,0,,1,3,1.0,3
Shakur Daniel,Ottawa Blackjacks,2025-2026,offense,Play types,Open,4,No Dribble Jumper,Transition > Right Wing > No Dribble Jumper > Open,Transition,Right Wing,No Dribble Jumper,Open,,,3,75.0,1.0,50.0,0.0,0.0,3,33.3,,,33.3,,3,50.0,0.0,,,1,2,,3.0,0.0,33.3,0,0,0,,1,2,1.0,3
Shakur Daniel,Ottawa Blackjacks,2025-2026,offense,Play types,Long/3pt,5,Open,Transition > Right Wing > No Dribble Jumper > Open > Long/3pt,Transition,Right Wing,No Dribble Jumper,Open,Long/3pt,,3,100.0,1.0,50.0,0.0,0.0,3,33.3,,,33.3,,3,50.0,0.0,,,1,2,,3.0,0.0,33.3,0,0,0,,1,2,1.0,3
Shakur Daniel,Ottawa Blackjacks,2025-2026,offense,Play types,Guarded,4,No Dribble Jumper,Transition > Right Wing > No Dribble Jumper > Guarded,Transition,Right Wing,No Dribble Jumper,Guarded,,,1,25.0,0.0,0.0,0.0,0.0,1,0.0,,,0.0,,1,0.0,0.0,,,0,1,,1.0,0.0,0.0,0,0,0,,0,1,1.0,0
Shakur Daniel,Ottawa Blackjacks,2025-2026,offense,Play types,Long/3pt,5,Guarded,Transition > Right Wing > No Dribble Jumper > Guarded > Long/3pt,Transition,Right Wing,No Dribble Jumper,Guarded,Long/3pt,,1,100.0,0.0,0.0,0.0,0.0,1,0.0,,,0.0,,1,0.0,0.0,,,0,1,,1.0,0.0,0.0,0,0,0,,0,1,1.0,0
Shakur Daniel,Ottawa Blackjacks,2025-2026,offense,Play types,Trailer,2,Transition,Transition > Trailer,Transition,Trailer,,,,,4,22.2,1.5,100.0,25.0,0.0,2,100.0,,,66.7,,3,100.0,0.0,,,2,1,,3.0,0.0,50.0,1,0,1,0.0,2,0,0.67,6
Shakur Daniel,Ottawa Blackjacks,2025-2026,offense,Play types,Dribble Jumper,3,Trailer,Transition > Trailer > Dribble Jumper,Transition,Trailer,Dribble Jumper,,,,2,50.0,1.5,75.0,0.0,0.0,1,100.0,,,50.0,,2,75.0,0.0,,,1,1,,2.0,0.0,50.0,1,0,1,0.0,1,0,0.5,3
Shakur Daniel,Ottawa Blackjacks,2025-2026,offense,Play types,Medium/17' to 3pt,4,Dribble Jumper,Transition > Trailer > Dribble Jumper > Medium/17' to 3pt,Transition,Trailer,Dribble Jumper,Medium/17' to 3pt,,,1,50.0,0.0,0.0,0.0,0.0,0,,,,0.0,,1,0.0,0.0,,,0,1,,1.0,0.0,0.0,1,0,1,0.0,0,0,0.0,0
Shakur Daniel,Ottawa Blackjacks,2025-2026,offense,Play types,Miss 2 Pts,5,Medium/17' to 3pt,Transition > Trailer > Dribble Jumper > Medium/17' to 3pt > Miss 2 Pts,Transition,Trailer,Dribble Jumper,Medium/17' to 3pt,Miss 2 Pts,,1,100.0,0.0,0.0,0.0,0.0,0,,,,0.0,,1,0.0,0.0,,,0,1,,1.0,0.0,0.0,1,0,1,0.0,0,0,0.0,0
Shakur Daniel,Ottawa Blackjacks,2025-2026,offense,Play types,Long/3pt,4,Dribble Jumper,Transition > Trailer > Dribble Jumper > Long/3pt,Transition,Trailer,Dribble Jumper,Long/3pt,,,1,50.0,3.0,150.0,0.0,0.0,1,100.0,,,100.0,,1,150.0,0.0,,,1,0,,1.0,0.0,100.0,0,0,0,,1,0,1.0,3
Shakur Daniel,Ottawa Blackjacks,2025-2026,offense,Play types,Make 3 Pts,5,Long/3pt,Transition > Trailer > Dribble Jumper > Long/3pt > Make 3 Pts,Transition,Trailer,Dribble Jumper,Long/3pt,Make 3 Pts,,1,100.0,3.0,150.0,0.0,0.0,1,100.0,,,100.0,,1,150.0,0.0,,,1,0,,1.0,0.0,100.0,0,0,0,,1,0,1.0,3
Shakur Daniel,Ottawa Blackjacks,2025-2026,offense,Play types,No Dribble Jumper,3,Trailer,Transition > Trailer > No Dribble Jumper,Transition,Trailer,No Dribble Jumper,,,,1,25.0,3.0,150.0,0.0,0.0,1,100.0,,,100.0,,1,150.0,0.0,,,1,0,,1.0,0.0,100.0,0,0,0,,1,0,1.0,3
Shakur Daniel,Ottawa Blackjacks,2025-2026,offense,Play types,Open,4,No Dribble Jumper,Transition > Trailer > No Dribble Jumper > Open,Transition,Trailer,No Dribble Jumper,Open,,,1,100.0,3.0,150.0,0.0,0.0,1,100.0,,,100.0,,1,150.0,0.0,,,1,0,,1.0,0.0,100.0,0,0,0,,1,0,1.0,3
Shakur Daniel,Ottawa Blackjacks,2025-2026,offense,Play types,Long/3pt,5,Open,Transition > Trailer > No Dribble Jumper > Open > Long/3pt,Transition,Trailer,No Dribble Jumper,Open,Long/3pt,,1,100.0,3.0,150.0,0.0,0.0,1,100.0,,,100.0,,1,150.0,0.0,,,1,0,,1.0,0.0,100.0,0,0,0,,1,0,1.0,3
Shakur Daniel,Ottawa Blackjacks,2025-2026,offense,Play types,Turnover,3,Trailer,Transition > Trailer > Turnover,Transition,Trailer,Turnover,,,,1,25.0,0.0,,100.0,0.0,0,,,,,,0,,0.0,,,0,0,,0.0,,0.0,0,0,0,,0,0,,0
Shakur Daniel,Ottawa Blackjacks,2025-2026,offense,Play types,P&R Ball Handler,1,,P&R Ball Handler,P&R Ball Handler,,,,,,17,15.7,0.706,38.4,5.9,17.6,1,0.0,Average,34.0,30.8,28.0,13,30.8,11.8,,,4,9,,15.6,0.46,41.2,12,4,8,33.3,0,1,0.08,12
Shakur Daniel,Ottawa Blackjacks,2025-2026,offense,Play types,P&R Ball Handler - Overall,2,P&R Ball Handler,P&R Ball Handler > P&R Ball Handler - Overall,P&R Ball Handler,P&R Ball Handler - Overall,,,,,17,100.0,0.706,38.4,5.9,17.6,1,0.0,,,30.8,,13,30.8,11.8,,,4,9,,15.6,0.46,41.2,12,4,8,33.3,0,1,0.08,12
Shakur Daniel,Ottawa Blackjacks,2025-2026,offense,Play types,Dribble Off Pick,3,P&R Ball Handler - Overall,P&R Ball Handler > P&R Ball Handler - Overall > Dribble Off Pick,P&R Ball Handler,P&R Ball Handler - Overall,Dribble Off Pick,,,,15,88.2,0.6,32.7,6.7,13.3,1,0.0,,,25.0,,12,25.0,13.3,,,3,9,,13.8,0.33,33.3,11,3,8,27.3,0,1,0.08,9
Shakur Daniel,Ottawa Blackjacks,2025-2026,offense,Play types,Go Away from Pick,3,P&R Ball Handler - Overall,P&R Ball Handler > P&R Ball Handler - Overall > Go Away from Pick,P&R Ball Handler,P&R Ball Handler - Overall,Go Away from Pick,,,,2,11.8,1.5,79.8,0.0,50.0,0,,,,100.0,,1,100.0,0.0,,,1,0,,1.9,2.0,100.0,1,1,0,100.0,0,0,0.0,3
Shakur Daniel,Ottawa Blackjacks,2025-2026,offense,Play types,High P&R,2,P&R Ball Handler,P&R Ball Handler > High P&R,P&R Ball Handler,High P&R,,,,,7,41.2,0.571,33.3,14.3,0.0,0,,,,33.3,,6,33.3,0.0,,,2,4,,6.0,0.0,28.6,6,2,4,33.3,0,0,0.0,4
Shakur Daniel,Ottawa Blackjacks,2025-2026,offense,Play types,Dribble Off Pick,3,High P&R,P&R Ball Handler > High P&R > Dribble Off Pick,P&R Ball Handler,High P&R,Dribble Off Pick,,,,6,85.7,0.333,20.0,16.7,0.0,0,,,,20.0,,5,20.0,0.0,,,1,4,,5.0,0.0,16.7,5,1,4,20.0,0,0,0.0,2
Shakur Daniel,Ottawa Blackjacks,2025-2026,offense,Play types,Dribble Jumper,4,Dribble Off Pick,P&R Ball Handler > High P&R > Dribble Off Pick > Dribble Jumper,P&R Ball Handler,High P&R,Dribble Off Pick,Dribble Jumper,,,4,66.7,0.5,25.0,0.0,0.0,0,,,,25.0,,4,25.0,0.0,,,1,3,,4.0,0.0,25.0,4,1,3,25.0,0,0,0.0,2
Shakur Daniel,Ottawa Blackjacks,2025-2026,offense,Play types,Medium/17' to 3pt,5,Dribble Jumper,P&R Ball Handler > High P&R > Dribble Off Pick > Dribble Jumper > Medium/17' to 3pt,P&R Ball Handler,High P&R,Dribble Off Pick,Dribble Jumper,Medium/17' to 3pt,,2,50.0,1.0,50.0,0.0,0.0,0,,,,50.0,,2,50.0,0.0,,,1,1,,2.0,0.0,50.0,2,1,1,50.0,0,0,0.0,2
Shakur Daniel,Ottawa Blackjacks,2025-2026,offense,Play types,Short to < 17,5,Dribble Jumper,P&R Ball Handler > High P&R > Dribble Off Pick > Dribble Jumper > Short to < 17,P&R Ball Handler,High P&R,Dribble Off Pick,Dribble Jumper,Short to < 17,,2,50.0,0.0,0.0,0.0,0.0,0,,,,0.0,,2,0.0,0.0,,,0,2,,2.0,0.0,0.0,2,0,2,0.0,0,0,0.0,0
Shakur Daniel,Ottawa Blackjacks,2025-2026,offense,Play types,Defense Commits,4,Dribble Off Pick,P&R Ball Handler > High P&R > Dribble Off Pick > Defense Commits,P&R Ball Handler,High P&R,Dribble Off Pick,Defense Commits,,,1,16.7,0.0,,100.0,0.0,0,,,,,,0,,0.0,,,0,0,,0.0,,0.0,0,0,0,,0,0,,0
Shakur Daniel,Ottawa Blackjacks,2025-2026,offense,Play types,Turnover,5,Defense Commits,P&R Ball Handler > High P&R > Dribble Off Pick > Defense Commits > Turnover,P&R Ball Handler,High P&R,Dribble Off Pick,Defense Commits,Turnover,,1,100.0,0.0,,100.0,0.0,0,,,,,,0,,0.0,,,0,0,,0.0,,0.0,0,0,0,,0,0,,0
Shakur Daniel,Ottawa Blackjacks,2025-2026,offense,Play types,To Basket,4,Dribble Off Pick,P&R Ball Handler > High P&R > Dribble Off Pick > To Basket,P&R Ball Handler,High P&R,Dribble Off Pick,To Basket,,,1,16.7,0.0,0.0,0.0,0.0,0,,,,0.0,,1,0.0,0.0,,,0,1,,1.0,0.0,0.0,1,0,1,0.0,0,0,0.0,0
Shakur Daniel,Ottawa Blackjacks,2025-2026,offense,Play types,Miss 2 Pts,5,To Basket,P&R Ball Handler > High P&R > Dribble Off Pick > To Basket > Miss 2 Pts,P&R Ball Handler,High P&R,Dribble Off Pick,To Basket,Miss 2 Pts,,1,100.0,0.0,0.0,0.0,0.0,0,,,,0.0,,1,0.0,0.0,,,0,1,,1.0,0.0,0.0,1,0,1,0.0,0,0,0.0,0
Shakur Daniel,Ottawa Blackjacks,2025-2026,offense,Play types,Go Away from Pick,3,High P&R,P&R Ball Handler > High P&R > Go Away from Pick,P&R Ball Handler,High P&R,Go Away from Pick,,,,1,14.3,2.0,100.0,0.0,0.0,0,,,,100.0,,1,100.0,0.0,,,1,0,,1.0,0.0,100.0,1,1,0,100.0,0,0,0.0,2
Shakur Daniel,Ottawa Blackjacks,2025-2026,offense,Play types,Dribble Jumper,4,Go Away from Pick,P&R Ball Handler > High P&R > Go Away from Pick > Dribble Jumper,P&R Ball Handler,High P&R,Go Away from Pick,Dribble Jumper,,,1,100.0,2.0,100.0,0.0,0.0,0,,,,100.0,,1,100.0,0.0,,,1,0,,1.0,0.0,100.0,1,1,0,100.0,0,0,0.0,2
Shakur Daniel,Ottawa Blackjacks,2025-2026,offense,Play types,Short to < 17,5,Dribble Jumper,P&R Ball Handler > High P&R > Go Away from Pick > Dribble Jumper > Short to < 17,P&R Ball Handler,High P&R,Go Away from Pick,Dribble Jumper,Short to < 17,,1,100.0,2.0,100.0,0.0,0.0,0,,,,100.0,,1,100.0,0.0,,,1,0,,1.0,0.0,100.0,1,1,0,100.0,0,0,0.0,2
Shakur Daniel,Ottawa Blackjacks,2025-2026,offense,Play types,Right P&R,2,P&R Ball Handler,P&R Ball Handler > Right P&R,P&R Ball Handler,Right P&R,,,,,6,35.3,1.0,53.2,0.0,50.0,0,,,,33.3,,3,33.3,33.3,,,1,2,,5.6,2.0,66.7,3,1,2,33.3,0,0,0.0,6
Shakur Daniel,Ottawa Blackjacks,2025-2026,offense,Play types,Side,3,Right P&R,P&R Ball Handler > Right P&R > Side,P&R Ball Handler,Right P&R,Side,,,,5,83.3,1.2,64.7,0.0,60.0,0,,,,50.0,,2,50.0,40.0,,,1,1,,4.6,3.0,80.0,2,1,1,50.0,0,0,0.0,6
Shakur Daniel,Ottawa Blackjacks,2025-2026,offense,Play types,Dribble Off Pick,4,Side,P&R Ball Handler > Right P&R > Side > Dribble Off Pick,P&R Ball Handler,Right P&R,Side,Dribble Off Pick,,,4,80.0,1.25,66.5,0.0,50.0,0,,,,50.0,,2,50.0,50.0,,,1,1,,3.8,2.0,75.0,2,1,1,50.0,0,0,0.0,5
Shakur Daniel,Ottawa Blackjacks,2025-2026,offense,Play types,Dribble Jumper,5,Dribble Off Pick,P&R Ball Handler > Right P&R > Side > Dribble Off Pick > Dribble Jumper,P&R Ball Handler,Right P&R,Side,Dribble Off Pick,Dribble Jumper,,2,50.0,1.0,50.0,0.0,0.0,0,,,,50.0,,2,50.0,0.0,,,1,1,,2.0,0.0,50.0,2,1,1,50.0,0,0,0.0,2
Shakur Daniel,Ottawa Blackjacks,2025-2026,offense,Play types,To Basket,5,Dribble Off Pick,P&R Ball Handler > Right P&R > Side > Dribble Off Pick > To Basket,P&R Ball Handler,Right P&R,Side,Dribble Off Pick,To Basket,,2,50.0,1.5,85.2,0.0,100.0,0,,,,,,0,,100.0,,,0,0,,1.8,,100.0,0,0,0,,0,0,,3
Shakur Daniel,Ottawa Blackjacks,2025-2026,offense,Play types,Go Away from Pick,4,Side,P&R Ball Handler > Right P&R > Side > Go Away from Pick,P&R Ball Handler,Right P&R,Side,Go Away from Pick,,,1,20.0,1.0,56.8,0.0,100.0,0,,,,,,0,,0.0,,,0,0,,0.9,,100.0,0,0,0,,0,0,,1
Shakur Daniel,Ottawa Blackjacks,2025-2026,offense,Play types,To Basket,5,Go Away from Pick,P&R Ball Handler > Right P&R > Side > Go Away from Pick > To Basket,P&R Ball Handler,Right P&R,Side,Go Away from Pick,To Basket,,1,100.0,1.0,56.8,0.0,100.0,0,,,,,,0,,0.0,,,0,0,,0.9,,100.0,0,0,0,,0,0,,1
Shakur Daniel,Ottawa Blackjacks,2025-2026,offense,Play types,Baseline,3,Right P&R,P&R Ball Handler > Right P&R > Baseline,P&R Ball Handler,Right P&R,Baseline,,,,1,16.7,0.0,0.0,0.0,0.0,0,,,,0.0,,1,0.0,0.0,,,0,1,,1.0,0.0,0.0,1,0,1,0.0,0,0,0.0,0
Shakur Daniel,Ottawa Blackjacks,2025-2026,offense,Play types,Dribble Off Pick,4,Baseline,P&R Ball Handler > Right P&R > Baseline > Dribble Off Pick,P&R Ball Handler,Right P&R,Baseline,Dribble Off Pick,,,1,100.0,0.0,0.0,0.0,0.0,0,,,,0.0,,1,0.0,0.0,,,0,1,,1.0,0.0,0.0,1,0,1,0.0,0,0,0.0,0
Shakur Daniel,Ottawa Blackjacks,2025-2026,offense,Play types,Dribble Jumper,5,Dribble Off Pick,P&R Ball Handler > Right P&R > Baseline > Dribble Off Pick > Dribble Jumper,P&R Ball Handler,Right P&R,Baseline,Dribble Off Pick,Dribble Jumper,,1,100.0,0.0,0.0,0.0,0.0,0,,,,0.0,,1,0.0,0.0,,,0,1,,1.0,0.0,0.0,1,0,1,0.0,0,0,0.0,0
Shakur Daniel,Ottawa Blackjacks,2025-2026,offense,Play types,Left P&R,2,P&R Ball Handler,P&R Ball Handler > Left P&R,P&R Ball Handler,Left P&R,,,,,4,23.5,0.5,25.0,0.0,0.0,1,0.0,,,25.0,,4,25.0,0.0,,,1,3,,4.0,0.0,25.0,3,1,2,33.3,0,1,0.25,2
Shakur Daniel,Ottawa Blackjacks,2025-2026,offense,Play types,Side,3,Left P&R,P&R Ball Handler > Left P&R > Side,P&R Ball Handler,Left P&R,Side,,,,2,50.0,0.0,0.0,0.0,0.0,1,0.0,,,0.0,,2,0.0,0.0,,,0,2,,2.0,0.0,0.0,1,0,1,0.0,0,1,0.5,0
Shakur Daniel,Ottawa Blackjacks,2025-2026,offense,Play types,Dribble Off Pick,4,Side,P&R Ball Handler > Left P&R > Side > Dribble Off Pick,P&R Ball Handler,Left P&R,Side,Dribble Off Pick,,,2,100.0,0.0,0.0,0.0,0.0,1,0.0,,,0.0,,2,0.0,0.0,,,0,2,,2.0,0.0,0.0,1,0,1,0.0,0,1,0.5,0
Shakur Daniel,Ottawa Blackjacks,2025-2026,offense,Play types,Dribble Jumper,5,Dribble Off Pick,P&R Ball Handler > Left P&R > Side > Dribble Off Pick > Dribble Jumper,P&R Ball Handler,Left P&R,Side,Dribble Off Pick,Dribble Jumper,,2,100.0,0.0,0.0,0.0,0.0,1,0.0,,,0.0,,2,0.0,0.0,,,0,2,,2.0,0.0,0.0,1,0,1,0.0,0,1,0.5,0
Shakur Daniel,Ottawa Blackjacks,2025-2026,offense,Play types,Baseline,3,Left P&R,P&R Ball Handler > Left P&R > Baseline,P&R Ball Handler,Left P&R,Baseline,,,,2,50.0,1.0,50.0,0.0,0.0,0,,,,50.0,,2,50.0,0.0,,,1,1,,2.0,0.0,50.0,2,1,1,50.0,0,0,0.0,2
Shakur Daniel,Ottawa Blackjacks,2025-2026,offense,Play types,Dribble Off Pick,4,Baseline,P&R Ball Handler > Left P&R > Baseline > Dribble Off Pick,P&R Ball Handler,Left P&R,Baseline,Dribble Off Pick,,,2,100.0,1.0,50.0,0.0,0.0,0,,,,50.0,,2,50.0,0.0,,,1,1,,2.0,0.0,50.0,2,1,1,50.0,0,0,0.0,2
Shakur Daniel,Ottawa Blackjacks,2025-2026,offense,Play types,Dribble Jumper,5,Dribble Off Pick,P&R Ball Handler > Left P&R > Baseline > Dribble Off Pick > Dribble Jumper,P&R Ball Handler,Left P&R,Baseline,Dribble Off Pick,Dribble Jumper,,2,100.0,1.0,50.0,0.0,0.0,0,,,,50.0,,2,50.0,0.0,,,1,1,,2.0,0.0,50.0,2,1,1,50.0,0,0,0.0,2
Shakur Daniel,Ottawa Blackjacks,2025-2026,offense,Play types,Offensive Rebounds (Put Backs),1,,Offensive Rebounds (Put Backs),Offensive Rebounds (Put Backs),,,,,,7,6.5,0.429,21.8,0.0,14.3,0,,,,16.7,,6,16.7,14.3,,,1,5,,6.9,0.33,28.6,6,1,5,16.7,0,0,0.0,3
Shakur Daniel,Ottawa Blackjacks,2025-2026,offense,Play types,Short,2,Offensive Rebounds (Put Backs),Offensive Rebounds (Put Backs) > Short,Offensive Rebounds (Put Backs),Short,,,,,7,100.0,0.429,21.8,0.0,14.3,0,,,,16.7,,6,16.7,14.3,,,1,5,,6.9,0.33,28.6,6,1,5,16.7,0,0,0.0,3
Shakur Daniel,Ottawa Blackjacks,2025-2026,offense,Play types,Scoring Attempt,3,Short,Offensive Rebounds (Put Backs) > Short > Scoring Attempt,Offensive Rebounds (Put Backs),Short,Scoring Attempt,,,,7,100.0,0.429,21.8,0.0,14.3,0,,,,16.7,,6,16.7,14.3,,,1,5,,6.9,0.33,28.6,6,1,5,16.7,0,0,0.0,3
Shakur Daniel,Ottawa Blackjacks,2025-2026,offense,Play types,At Basket,4,Scoring Attempt,Offensive Rebounds (Put Backs) > Short > Scoring Attempt > At Basket,Offensive Rebounds (Put Backs),Short,Scoring Attempt,At Basket,,,7,100.0,0.429,21.8,0.0,14.3,0,,,,16.7,,6,16.7,14.3,,,1,5,,6.9,0.33,28.6,6,1,5,16.7,0,0,0.0,3
Shakur Daniel,Ottawa Blackjacks,2025-2026,offense,Play types,Miss 2 Pts,5,At Basket,Offensive Rebounds (Put Backs) > Short > Scoring Attempt > At Basket > Miss 2 Pts,Offensive Rebounds (Put Backs),Short,Scoring Attempt,At Basket,Miss 2 Pts,,5,71.4,0.0,0.0,0.0,0.0,0,,,,0.0,,5,0.0,0.0,,,0,5,,5.0,0.0,0.0,5,0,5,0.0,0,0,0.0,0
Shakur Daniel,Ottawa Blackjacks,2025-2026,offense,Play types,Make 2 Pts,5,At Basket,Offensive Rebounds (Put Backs) > Short > Scoring Attempt > At Basket > Make 2 Pts,Offensive Rebounds (Put Backs),Short,Scoring Attempt,At Basket,Make 2 Pts,,1,14.3,2.0,100.0,0.0,0.0,0,,,,100.0,,1,100.0,0.0,,,1,0,,1.0,0.0,100.0,1,1,0,100.0,0,0,0.0,2
Shakur Daniel,Ottawa Blackjacks,2025-2026,offense,Play types,Foul,5,At Basket,Offensive Rebounds (Put Backs) > Short > Scoring Attempt > At Basket > Foul,Offensive Rebounds (Put Backs),Short,Scoring Attempt,At Basket,Foul,,1,14.3,1.0,56.8,0.0,100.0,0,,,,,,0,,100.0,,,0,0,,0.9,,100.0,0,0,0,,0,0,,1
Shakur Daniel,Ottawa Blackjacks,2025-2026,offense,Play types,Cut,1,,Cut,Cut,,,,,,6,5.6,0.667,36.8,16.7,16.7,0,,,,40.0,,5,40.0,16.7,,,2,3,,5.4,0.2,33.3,5,2,3,40.0,0,0,0.0,4
Shakur Daniel,Ottawa Blackjacks,2025-2026,offense,Play types,Flash,2,Cut,Cut > Flash,Cut,Flash,,,,,3,50.0,0.0,0.0,33.3,0.0,0,,,,0.0,,2,0.0,0.0,,,0,2,,2.0,0.0,0.0,2,0,2,0.0,0,0,0.0,0
Shakur Daniel,Ottawa Blackjacks,2025-2026,offense,Play types,Miss 2 Pts,3,Flash,Cut > Flash > Miss 2 Pts,Cut,Flash,Miss 2 Pts,,,,2,66.7,0.0,0.0,0.0,0.0,0,,,,0.0,,2,0.0,0.0,,,0,2,,2.0,0.0,0.0,2,0,2,0.0,0,0,0.0,0
Shakur Daniel,Ottawa Blackjacks,2025-2026,offense,Play types,Turnover,3,Flash,Cut > Flash > Turnover,Cut,Flash,Turnover,,,,1,33.3,0.0,,100.0,0.0,0,,,,,,0,,0.0,,,0,0,,0.0,,0.0,0,0,0,,0,0,,0
Shakur Daniel,Ottawa Blackjacks,2025-2026,offense,Play types,Basket,2,Cut,Cut > Basket,Cut,Basket,,,,,3,50.0,1.333,58.1,0.0,33.3,0,,,,66.7,,3,66.7,33.3,,,2,1,,3.4,0.33,66.7,3,2,1,66.7,0,0,0.0,4
Shakur Daniel,Ottawa Blackjacks,2025-2026,offense,Play types,Make 2 Pts,3,Basket,Cut > Basket > Make 2 Pts,Cut,Basket,Make 2 Pts,,,,1,33.3,2.0,100.0,0.0,0.0,0,,,,100.0,,1,100.0,0.0,,,1,0,,1.0,0.0,100.0,1,1,0,100.0,0,0,0.0,2
Shakur Daniel,Ottawa Blackjacks,2025-2026,offense,Play types,Miss 2 Pts,3,Basket,Cut > Basket > Miss 2 Pts,Cut,Basket,Miss 2 Pts,,,,1,33.3,0.0,0.0,0.0,0.0,0,,,,0.0,,1,0.0,0.0,,,0,1,,1.0,0.0,0.0,1,0,1,0.0,0,0,0.0,0
Shakur Daniel,Ottawa Blackjacks,2025-2026,offense,Play types,Make 2 Pts Foul,3,Basket,Cut > Basket > Make 2 Pts Foul,Cut,Basket,Make 2 Pts Foul,,,,1,33.3,2.0,69.4,0.0,100.0,0,,,,100.0,,1,100.0,100.0,,,1,0,,1.4,1.0,100.0,1,1,0,100.0,0,0,0.0,2
Shakur Daniel,Ottawa Blackjacks,2025-2026,offense,Play types,Isolation,1,,Isolation,Isolation,,,,,,5,4.6,1.0,47.0,0.0,40.0,0,,,,25.0,,4,25.0,40.0,,,1,3,,5.3,0.75,40.0,4,1,3,25.0,0,0,0.0,5
Shakur Daniel,Ottawa Blackjacks,2025-2026,offense,Play types,Isolation - Overall,2,Isolation,Isolation > Isolation - Overall,Isolation,Isolation - Overall,,,,,5,100.0,1.0,47.0,0.0,40.0,0,,,,25.0,,4,25.0,40.0,,,1,3,,5.3,0.75,40.0,4,1,3,25.0,0,0,0.0,5
Shakur Daniel,Ottawa Blackjacks,2025-2026,offense,Play types,Drives Left,3,Isolation - Overall,Isolation > Isolation - Overall > Drives Left,Isolation,Isolation - Overall,Drives Left,,,,4,80.0,1.25,57.9,0.0,50.0,0,,,,33.3,,3,33.3,50.0,,,1,2,,4.3,1.0,50.0,3,1,2,33.3,0,0,0.0,5
Shakur Daniel,Ottawa Blackjacks,2025-2026,offense,Play types,Drives Right,3,Isolation - Overall,Isolation > Isolation - Overall > Drives Right,Isolation,Isolation - Overall,Drives Right,,,,1,20.0,0.0,0.0,0.0,0.0,0,,,,0.0,,1,0.0,0.0,,,0,1,,1.0,0.0,0.0,1,0,1,0.0,0,0,0.0,0
Shakur Daniel,Ottawa Blackjacks,2025-2026,offense,Play types,Top,2,Isolation,Isolation > Top,Isolation,Top,,,,,2,40.0,2.5,107.8,0.0,100.0,0,,,,100.0,,1,100.0,100.0,,,1,0,,2.3,3.0,100.0,1,1,0,100.0,0,0,0.0,5
Shakur Daniel,Ottawa Blackjacks,2025-2026,offense,Play types,Drives Left,3,Top,Isolation > Top > Drives Left,Isolation,Top,Drives Left,,,,2,100.0,2.5,107.8,0.0,100.0,0,,,,100.0,,1,100.0,100.0,,,1,0,,2.3,3.0,100.0,1,1,0,100.0,0,0,0.0,5
Shakur Daniel,Ottawa Blackjacks,2025-2026,offense,Play types,To Basket,4,Drives Left,Isolation > Top > Drives Left > To Basket,Isolation,Top,Drives Left,To Basket,,,2,100.0,2.5,107.8,0.0,100.0,0,,,,100.0,,1,100.0,100.0,,,1,0,,2.3,3.0,100.0,1,1,0,100.0,0,0,0.0,5
Shakur Daniel,Ottawa Blackjacks,2025-2026,offense,Play types,Foul,5,To Basket,Isolation > Top > Drives Left > To Basket > Foul,Isolation,Top,Drives Left,To Basket,Foul,,1,50.0,2.0,113.6,0.0,100.0,0,,,,,,0,,100.0,,,0,0,,0.9,,100.0,0,0,0,,0,0,,2
Shakur Daniel,Ottawa Blackjacks,2025-2026,offense,Play types,Make 2 Pts Foul,5,To Basket,Isolation > Top > Drives Left > To Basket > Make 2 Pts Foul,Isolation,Top,Drives Left,To Basket,Make 2 Pts Foul,,1,50.0,3.0,104.2,0.0,100.0,0,,,,100.0,,1,100.0,100.0,,,1,0,,1.4,1.0,100.0,1,1,0,100.0,0,0,0.0,3
Shakur Daniel,Ottawa Blackjacks,2025-2026,offense,Play types,Right,2,Isolation,Isolation > Right,Isolation,Right,,,,,2,40.0,0.0,0.0,0.0,0.0,0,,,,0.0,,2,0.0,0.0,,,0,2,,2.0,0.0,0.0,2,0,2,0.0,0,0,0.0,0
Shakur Daniel,Ottawa Blackjacks,2025-2026,offense,Play types,Drives Left,3,Right,Isolation > Right > Drives Left,Isolation,Right,Drives Left,,,,1,50.0,0.0,0.0,0.0,0.0,0,,,,0.0,,1,0.0,0.0,,,0,1,,1.0,0.0,0.0,1,0,1,0.0,0,0,0.0,0
Shakur Daniel,Ottawa Blackjacks,2025-2026,offense,Play types,Dribble Jumper,4,Drives Left,Isolation > Right > Drives Left > Dribble Jumper,Isolation,Right,Drives Left,Dribble Jumper,,,1,100.0,0.0,0.0,0.0,0.0,0,,,,0.0,,1,0.0,0.0,,,0,1,,1.0,0.0,0.0,1,0,1,0.0,0,0,0.0,0
Shakur Daniel,Ottawa Blackjacks,2025-2026,offense,Play types,Short to < 17,5,Dribble Jumper,Isolation > Right > Drives Left > Dribble Jumper > Short to < 17,Isolation,Right,Drives Left,Dribble Jumper,Short to < 17,,1,100.0,0.0,0.0,0.0,0.0,0,,,,0.0,,1,0.0,0.0,,,0,1,,1.0,0.0,0.0,1,0,1,0.0,0,0,0.0,0
Shakur Daniel,Ottawa Blackjacks,2025-2026,offense,Play types,Drives Right,3,Right,Isolation > Right > Drives Right,Isolation,Right,Drives Right,,,,1,50.0,0.0,0.0,0.0,0.0,0,,,,0.0,,1,0.0,0.0,,,0,1,,1.0,0.0,0.0,1,0,1,0.0,0,0,0.0,0
Shakur Daniel,Ottawa Blackjacks,2025-2026,offense,Play types,Dribble Jumper,4,Drives Right,Isolation > Right > Drives Right > Dribble Jumper,Isolation,Right,Drives Right,Dribble Jumper,,,1,100.0,0.0,0.0,0.0,0.0,0,,,,0.0,,1,0.0,0.0,,,0,1,,1.0,0.0,0.0,1,0,1,0.0,0,0,0.0,0
Shakur Daniel,Ottawa Blackjacks,2025-2026,offense,Play types,Short to < 17,5,Dribble Jumper,Isolation > Right > Drives Right > Dribble Jumper > Short to < 17,Isolation,Right,Drives Right,Dribble Jumper,Short to < 17,,1,100.0,0.0,0.0,0.0,0.0,0,,,,0.0,,1,0.0,0.0,,,0,1,,1.0,0.0,0.0,1,0,1,0.0,0,0,0.0,0
Shakur Daniel,Ottawa Blackjacks,2025-2026,offense,Play types,Left,2,Isolation,Isolation > Left,Isolation,Left,,,,,1,20.0,0.0,0.0,0.0,0.0,0,,,,0.0,,1,0.0,0.0,,,0,1,,1.0,0.0,0.0,1,0,1,0.0,0,0,0.0,0
Shakur Daniel,Ottawa Blackjacks,2025-2026,offense,Play types,Drives Left,3,Left,Isolation > Left > Drives Left,Isolation,Left,Drives Left,,,,1,100.0,0.0,0.0,0.0,0.0,0,,,,0.0,,1,0.0,0.0,,,0,1,,1.0,0.0,0.0,1,0,1,0.0,0,0,0.0,0
Shakur Daniel,Ottawa Blackjacks,2025-2026,offense,Play types,To Basket,4,Drives Left,Isolation > Left > Drives Left > To Basket,Isolation,Left,Drives Left,To Basket,,,1,100.0,0.0,0.0,0.0,0.0,0,,,,0.0,,1,0.0,0.0,,,0,1,,1.0,0.0,0.0,1,0,1,0.0,0,0,0.0,0
Shakur Daniel,Ottawa Blackjacks,2025-2026,offense,Play types,Miss 2 Pts,5,To Basket,Isolation > Left > Drives Left > To Basket > Miss 2 Pts,Isolation,Left,Drives Left,To Basket,Miss 2 Pts,,1,100.0,0.0,0.0,0.0,0.0,0,,,,0.0,,1,0.0,0.0,,,0,1,,1.0,0.0,0.0,1,0,1,0.0,0,0,0.0,0
Shakur Daniel,Ottawa Blackjacks,2025-2026,offense,Play types,P&R Roll Man,1,,P&R Roll Man,P&R Roll Man,,,,,,2,1.9,1.0,53.2,0.0,50.0,1,0.0,,,0.0,,1,0.0,50.0,,,0,1,,1.9,2.0,50.0,0,0,0,,0,1,1.0,2
Shakur Daniel,Ottawa Blackjacks,2025-2026,offense,Play types,Pick and Pops,2,P&R Roll Man,P&R Roll Man > Pick and Pops,P&R Roll Man,Pick and Pops,,,,,2,100.0,1.0,53.2,0.0,50.0,1,0.0,,,0.0,,1,0.0,50.0,,,0,1,,1.9,2.0,50.0,0,0,0,,0,1,1.0,2
Shakur Daniel,Ottawa Blackjacks,2025-2026,offense,Play types,Drives Left,3,Pick and Pops,P&R Roll Man > Pick and Pops > Drives Left,P&R Roll Man,Pick and Pops,Drives Left,,,,1,50.0,2.0,113.6,0.0,100.0,0,,,,,,0,,100.0,,,0,0,,0.9,,100.0,0,0,0,,0,0,,2
Shakur Daniel,Ottawa Blackjacks,2025-2026,offense,Play types,To Basket,4,Drives Left,P&R Roll Man > Pick and Pops > Drives Left > To Basket,P&R Roll Man,Pick and Pops,Drives Left,To Basket,,,1,100.0,2.0,113.6,0.0,100.0,0,,,,,,0,,100.0,,,0,0,,0.9,,100.0,0,0,0,,0,0,,2
Shakur Daniel,Ottawa Blackjacks,2025-2026,offense,Play types,Foul,5,To Basket,P&R Roll Man > Pick and Pops > Drives Left > To Basket > Foul,P&R Roll Man,Pick and Pops,Drives Left,To Basket,Foul,,1,100.0,2.0,113.6,0.0,100.0,0,,,,,,0,,100.0,,,0,0,,0.9,,100.0,0,0,0,,0,0,,2
Shakur Daniel,Ottawa Blackjacks,2025-2026,offense,Play types,No Dribble Jumper,3,Pick and Pops,P&R Roll Man > Pick and Pops > No Dribble Jumper,P&R Roll Man,Pick and Pops,No Dribble Jumper,,,,1,50.0,0.0,0.0,0.0,0.0,1,0.0,,,0.0,,1,0.0,0.0,,,0,1,,1.0,0.0,0.0,0,0,0,,0,1,1.0,0
Shakur Daniel,Ottawa Blackjacks,2025-2026,offense,Play types,Guarded,4,No Dribble Jumper,P&R Roll Man > Pick and Pops > No Dribble Jumper > Guarded,P&R Roll Man,Pick and Pops,No Dribble Jumper,Guarded,,,1,100.0,0.0,0.0,0.0,0.0,1,0.0,,,0.0,,1,0.0,0.0,,,0,1,,1.0,0.0,0.0,0,0,0,,0,1,1.0,0
Shakur Daniel,Ottawa Blackjacks,2025-2026,offense,Play types,Long/3pt,5,Guarded,P&R Roll Man > Pick and Pops > No Dribble Jumper > Guarded > Long/3pt,P&R Roll Man,Pick and Pops,No Dribble Jumper,Guarded,Long/3pt,,1,100.0,0.0,0.0,0.0,0.0,1,0.0,,,0.0,,1,0.0,0.0,,,0,1,,1.0,0.0,0.0,0,0,0,,0,1,1.0,0
Shakur Daniel,Ottawa Blackjacks,2025-2026,offense,Play types,Handoffs,1,,Handoffs,Handoffs,,,,,,2,1.9,1.0,100.0,50.0,0.0,0,,,,100.0,,1,100.0,0.0,,,1,0,,1.0,0.0,50.0,1,1,0,100.0,0,0,0.0,2
Shakur Daniel,Ottawa Blackjacks,2025-2026,offense,Play types,From Dribble,2,Handoffs,Handoffs > From Dribble,Handoffs,From Dribble,,,,,2,100.0,1.0,100.0,50.0,0.0,0,,,,100.0,,1,100.0,0.0,,,1,0,,1.0,0.0,50.0,1,1,0,100.0,0,0,0.0,2
Shakur Daniel,Ottawa Blackjacks,2025-2026,offense,Play types,Left,3,From Dribble,Handoffs > From Dribble > Left,Handoffs,From Dribble,Left,,,,1,50.0,0.0,,100.0,0.0,0,,,,,,0,,0.0,,,0,0,,0.0,,0.0,0,0,0,,0,0,,0
Shakur Daniel,Ottawa Blackjacks,2025-2026,offense,Play types,Turnover,4,Left,Handoffs > From Dribble > Left > Turnover,Handoffs,From Dribble,Left,Turnover,,,1,100.0,0.0,,100.0,0.0,0,,,,,,0,,0.0,,,0,0,,0.0,,0.0,0,0,0,,0,0,,0
Shakur Daniel,Ottawa Blackjacks,2025-2026,offense,Play types,Top,3,From Dribble,Handoffs > From Dribble > Top,Handoffs,From Dribble,Top,,,,1,50.0,2.0,100.0,0.0,0.0,0,,,,100.0,,1,100.0,0.0,,,1,0,,1.0,0.0,100.0,1,1,0,100.0,0,0,0.0,2
Shakur Daniel,Ottawa Blackjacks,2025-2026,offense,Play types,Dribble Jumper,4,Top,Handoffs > From Dribble > Top > Dribble Jumper,Handoffs,From Dribble,Top,Dribble Jumper,,,1,100.0,2.0,100.0,0.0,0.0,0,,,,100.0,,1,100.0,0.0,,,1,0,,1.0,0.0,100.0,1,1,0,100.0,0,0,0.0,2
Shakur Daniel,Ottawa Blackjacks,2025-2026,offense,Play types,Medium/17' to 3pt,5,Dribble Jumper,Handoffs > From Dribble > Top > Dribble Jumper > Medium/17' to 3pt,Handoffs,From Dribble,Top,Dribble Jumper,Medium/17' to 3pt,,1,100.0,2.0,100.0,0.0,0.0,0,,,,100.0,,1,100.0,0.0,,,1,0,,1.0,0.0,100.0,1,1,0,100.0,0,0,0.0,2
Shakur Daniel,Ottawa Blackjacks,2025-2026,offense,Play types,Miscellaneous Plays,1,,Miscellaneous Plays,Miscellaneous Plays,,,,,,2,1.9,0.0,0.0,50.0,0.0,1,0.0,,,0.0,,1,0.0,0.0,,,0,1,,1.0,0.0,0.0,0,0,0,,0,1,1.0,0
Shakur Daniel,Ottawa Blackjacks,2025-2026,offense,Play types,Turnover,2,Miscellaneous Plays,Miscellaneous Plays > Turnover,Miscellaneous Plays,Turnover,,,,,1,50.0,0.0,,100.0,0.0,0,,,,,,0,,0.0,,,0,0,,0.0,,0.0,0,0,0,,0,0,,0
Shakur Daniel,Ottawa Blackjacks,2025-2026,offense,Play types,Dribble Jumper,2,Miscellaneous Plays,Miscellaneous Plays > Dribble Jumper,Miscellaneous Plays,Dribble Jumper,,,,,1,50.0,0.0,0.0,0.0,0.0,1,0.0,,,0.0,,1,0.0,0.0,,,0,1,,1.0,0.0,0.0,0,0,0,,0,1,1.0,0
Shakur Daniel,Ottawa Blackjacks,2025-2026,offense,Play types,Long/3pt,3,Dribble Jumper,Miscellaneous Plays > Dribble Jumper > Long/3pt,Miscellaneous Plays,Dribble Jumper,Long/3pt,,,,1,100.0,0.0,0.0,0.0,0.0,1,0.0,,,0.0,,1,0.0,0.0,,,0,1,,1.0,0.0,0.0,0,0,0,,0,1,1.0,0
Shakur Daniel,Ottawa Blackjacks,2025-2026,offense,Play types,Miss 3 Pts,4,Long/3pt,Miscellaneous Plays > Dribble Jumper > Long/3pt > Miss 3 Pts,Miscellaneous Plays,Dribble Jumper,Long/3pt,Miss 3 Pts,,,1,100.0,0.0,0.0,0.0,0.0,1,0.0,,,0.0,,1,0.0,0.0,,,0,1,,1.0,0.0,0.0,0,0,0,,0,1,1.0,0
Shakur Daniel,Ottawa Blackjacks,2025-2026,offense,Play types,Post-Up,1,,Post-Up,Post-Up,,,,,,1,0.9,1.0,56.8,0.0,100.0,0,,,,,,0,,100.0,,,0,0,,0.9,,100.0,0,0,0,,0,0,,1
Shakur Daniel,Ottawa Blackjacks,2025-2026,offense,Play types,Post-Up - Overall,2,Post-Up,Post-Up > Post-Up - Overall,Post-Up,Post-Up - Overall,,,,,1,100.0,1.0,56.8,0.0,100.0,0,,,,,,0,,100.0,,,0,0,,0.9,,100.0,0,0,0,,0,0,,1
Shakur Daniel,Ottawa Blackjacks,2025-2026,offense,Play types,Right Shoulder,3,Post-Up - Overall,Post-Up > Post-Up - Overall > Right Shoulder,Post-Up,Post-Up - Overall,Right Shoulder,,,,1,100.0,1.0,56.8,0.0,100.0,0,,,,,,0,,100.0,,,0,0,,0.9,,100.0,0,0,0,,0,0,,1
Shakur Daniel,Ottawa Blackjacks,2025-2026,offense,Play types,Left Block,2,Post-Up,Post-Up > Left Block,Post-Up,Left Block,,,,,1,100.0,1.0,56.8,0.0,100.0,0,,,,,,0,,100.0,,,0,0,,0.9,,100.0,0,0,0,,0,0,,1
Shakur Daniel,Ottawa Blackjacks,2025-2026,offense,Play types,Right Shoulder,3,Left Block,Post-Up > Left Block > Right Shoulder,Post-Up,Left Block,Right Shoulder,,,,1,100.0,1.0,56.8,0.0,100.0,0,,,,,,0,,100.0,,,0,0,,0.9,,100.0,0,0,0,,0,0,,1
Shakur Daniel,Ottawa Blackjacks,2025-2026,offense,Play types,Dribble Move,4,Right Shoulder,Post-Up > Left Block > Right Shoulder > Dribble Move,Post-Up,Left Block,Right Shoulder,Dribble Move,,,1,100.0,1.0,56.8,0.0,100.0,0,,,,,,0,,100.0,,,0,0,,0.9,,100.0,0,0,0,,0,0,,1
Shakur Daniel,Ottawa Blackjacks,2025-2026,offense,Play types,To Drop Step,5,Dribble Move,Post-Up > Left Block > Right Shoulder > Dribble Move > To Drop Step,Post-Up,Left Block,Right Shoulder,Dribble Move,To Drop Step,,1,100.0,1.0,56.8,0.0,100.0,0,,,,,,0,,100.0,,,0,0,,0.9,,100.0,0,0,0,,0,0,,1
Shakur Daniel,Ottawa Blackjacks,2025-2026,offense,Play types,Off Screen,1,,Off Screen,Off Screen,,,,,,1,0.9,0.0,0.0,0.0,0.0,1,0.0,,,0.0,,1,0.0,0.0,,,0,1,,1.0,0.0,0.0,0,0,0,,0,1,1.0,0
Shakur Daniel,Ottawa Blackjacks,2025-2026,offense,Play types,To Shooter's Left,2,Off Screen,Off Screen > To Shooter's Left,Off Screen,To Shooter's Left,,,,,1,100.0,0.0,0.0,0.0,0.0,1,0.0,,,0.0,,1,0.0,0.0,,,0,1,,1.0,0.0,0.0,0,0,0,,0,1,1.0,0
Shakur Daniel,Ottawa Blackjacks,2025-2026,offense,Play types,Flare,3,To Shooter's Left,Off Screen > To Shooter's Left > Flare,Off Screen,To Shooter's Left,Flare,,,,1,100.0,0.0,0.0,0.0,0.0,1,0.0,,,0.0,,1,0.0,0.0,,,0,1,,1.0,0.0,0.0,0,0,0,,0,1,1.0,0
Shakur Daniel,Ottawa Blackjacks,2025-2026,offense,Play types,No Dribble Jumper,4,Flare,Off Screen > To Shooter's Left > Flare > No Dribble Jumper,Off Screen,To Shooter's Left,Flare,No Dribble Jumper,,,1,100.0,0.0,0.0,0.0,0.0,1,0.0,,,0.0,,1,0.0,0.0,,,0,1,,1.0,0.0,0.0,0,0,0,,0,1,1.0,0
Shakur Daniel,Ottawa Blackjacks,2025-2026,offense,Play types,Guarded,5,No Dribble Jumper,Off Screen > To Shooter's Left > Flare > No Dribble Jumper > Guarded,Off Screen,To Shooter's Left,Flare,No Dribble Jumper,Guarded,,1,100.0,0.0,0.0,0.0,0.0,1,0.0,,,0.0,,1,0.0,0.0,,,0,1,,1.0,0.0,0.0,0,0,0,,0,1,1.0,0
Shakur Daniel,Ottawa Blackjacks,2025-2026,offense,Overall Drive Direction,Overall,1,,Overall,Overall,,,,,,26,24.1,0.769,45.3,15.4,15.4,0,,,,36.8,,19,36.8,15.4,,,7,12,,22.1,0.37,38.5,19,7,12,36.8,0,0,0.0,20
Shakur Daniel,Ottawa Blackjacks,2025-2026,offense,Overall Drive Direction,Drives Left,2,Overall,Overall > Drives Left,Overall,Drives Left,,,,,14,53.8,0.786,45.1,14.3,21.4,0,,,,30.0,,10,30.0,21.4,,,3,7,,12.2,0.5,35.7,10,3,7,30.0,0,0,0.0,11
Shakur Daniel,Ottawa Blackjacks,2025-2026,offense,Overall Drive Direction,To Basket,3,Drives Left,Overall > Drives Left > To Basket,Overall,Drives Left,To Basket,,,,8,57.1,1.375,67.1,0.0,37.5,0,,,,50.0,,6,50.0,37.5,,,3,3,,8.2,0.83,62.5,6,3,3,50.0,0,0,0.0,11
Shakur Daniel,Ottawa Blackjacks,2025-2026,offense,Overall Drive Direction,Dribble Jumper,3,Drives Left,Overall > Drives Left > Dribble Jumper,Overall,Drives Left,Dribble Jumper,,,,4,28.6,0.0,0.0,0.0,0.0,0,,,,0.0,,4,0.0,0.0,,,0,4,,4.0,0.0,0.0,4,0,4,0.0,0,0,0.0,0
Shakur Daniel,Ottawa Blackjacks,2025-2026,offense,Overall Drive Direction,Turnover,3,Drives Left,Overall > Drives Left > Turnover,Overall,Drives Left,Turnover,,,,2,14.3,0.0,,100.0,0.0,0,,,,,,0,,0.0,,,0,0,,0.0,,0.0,0,0,0,,0,0,,0
Shakur Daniel,Ottawa Blackjacks,2025-2026,offense,Overall Drive Direction,Foul,3,Drives Left,Overall > Drives Left > Foul,Overall,Drives Left,Foul,,,,0,0.0,,,,,0,,,,,,0,,,,,0,0,,0.0,,,0,0,0,,0,0,,0
Shakur Daniel,Ottawa Blackjacks,2025-2026,offense,Overall Drive Direction,Defense Commits,3,Drives Left,Overall > Drives Left > Defense Commits,Overall,Drives Left,Defense Commits,,,,0,0.0,,,,,0,,,,,,0,,,,,0,0,,0.0,,,0,0,0,,0,0,,0
Shakur Daniel,Ottawa Blackjacks,2025-2026,offense,Overall Drive Direction,Drives Right,2,Overall,Overall > Drives Right,Overall,Drives Right,,,,,11,42.3,0.636,39.4,18.2,9.1,0,,,,37.5,,8,37.5,9.1,,,3,5,,8.9,0.25,36.4,8,3,5,37.5,0,0,0.0,7
Shakur Daniel,Ottawa Blackjacks,2025-2026,offense,Overall Drive Direction,Dribble Jumper,3,Drives Right,Overall > Drives Right > Dribble Jumper,Overall,Drives Right,Dribble Jumper,,,,5,45.5,1.4,71.7,0.0,20.0,0,,,,75.0,,4,75.0,20.0,,,3,1,,4.9,0.5,80.0,4,3,1,75.0,0,0,0.0,7
Shakur Daniel,Ottawa Blackjacks,2025-2026,offense,Overall Drive Direction,To Basket,3,Drives Right,Overall > Drives Right > To Basket,Overall,Drives Right,To Basket,,,,4,36.4,0.0,0.0,0.0,0.0,0,,,,0.0,,4,0.0,0.0,,,0,4,,4.0,0.0,0.0,4,0,4,0.0,0,0,0.0,0
Shakur Daniel,Ottawa Blackjacks,2025-2026,offense,Overall Drive Direction,Turnover,3,Drives Right,Overall > Drives Right > Turnover,Overall,Drives Right,Turnover,,,,2,18.2,0.0,,100.0,0.0,0,,,,,,0,,0.0,,,0,0,,0.0,,0.0,0,0,0,,0,0,,0
Shakur Daniel,Ottawa Blackjacks,2025-2026,offense,Overall Drive Direction,Foul,3,Drives Right,Overall > Drives Right > Foul,Overall,Drives Right,Foul,,,,0,0.0,,,,,0,,,,,,0,,,,,0,0,,0.0,,,0,0,0,,0,0,,0
Shakur Daniel,Ottawa Blackjacks,2025-2026,offense,Overall Drive Direction,Defense Commits,3,Drives Right,Overall > Drives Right > Defense Commits,Overall,Drives Right,Defense Commits,,,,0,0.0,,,,,0,,,,,,0,,,,,0,0,,0.0,,,0,0,0,,0,0,,0
Shakur Daniel,Ottawa Blackjacks,2025-2026,offense,Overall Drive Direction,Drives Straight,2,Overall,Overall > Drives Straight,Overall,Drives Straight,,,,,1,3.8,2.0,100.0,0.0,0.0,0,,,,100.0,,1,100.0,0.0,,,1,0,,1.0,0.0,100.0,1,1,0,100.0,0,0,0.0,2
Shakur Daniel,Ottawa Blackjacks,2025-2026,offense,Overall Drive Direction,Dribble Jumper,3,Drives Straight,Overall > Drives Straight > Dribble Jumper,Overall,Drives Straight,Dribble Jumper,,,,1,100.0,2.0,100.0,0.0,0.0,0,,,,100.0,,1,100.0,0.0,,,1,0,,1.0,0.0,100.0,1,1,0,100.0,0,0,0.0,2
Shakur Daniel,Ottawa Blackjacks,2025-2026,offense,Overall Drive Direction,To Basket,3,Drives Straight,Overall > Drives Straight > To Basket,Overall,Drives Straight,To Basket,,,,0,0.0,,,,,0,,,,,,0,,,,,0,0,,0.0,,,0,0,0,,0,0,,0
Shakur Daniel,Ottawa Blackjacks,2025-2026,offense,Overall Drive Direction,Turnover,3,Drives Straight,Overall > Drives Straight > Turnover,Overall,Drives Straight,Turnover,,,,0,0.0,,,,,0,,,,,,0,,,,,0,0,,0.0,,,0,0,0,,0,0,,0
Shakur Daniel,Ottawa Blackjacks,2025-2026,offense,Overall Drive Direction,Foul,3,Drives Straight,Overall > Drives Straight > Foul,Overall,Drives Straight,Foul,,,,0,0.0,,,,,0,,,,,,0,,,,,0,0,,0.0,,,0,0,0,,0,0,,0
Shakur Daniel,Ottawa Blackjacks,2025-2026,offense,Overall Drive Direction,Defense Commits,3,Drives Straight,Overall > Drives Straight > Defense Commits,Overall,Drives Straight,Defense Commits,,,,0,0.0,,,,,0,,,,,,0,,,,,0,0,,0.0,,,0,0,0,,0,0,,0
Shakur Daniel,Ottawa Blackjacks,2025-2026,offense,P&R ball handler,P&R Including Passes,1,,P&R Including Passes,P&R Including Passes,,,,,,36,36.4,0.944,53.9,11.1,11.1,8,62.5,Very Good,65.0,42.9,44.0,28,51.8,8.3,,,12,16,,31.5,0.29,44.4,20,7,13,35.0,5,3,0.29,34
Shakur Daniel,Ottawa Blackjacks,2025-2026,offense,P&R ball handler,P&R Ball Handler,2,P&R Including Passes,P&R Including Passes > P&R Ball Handler,P&R Including Passes,P&R Ball Handler,,,,,17,47.2,0.706,38.4,5.9,17.6,1,0.0,,,30.8,,13,30.8,11.8,,,4,9,,15.6,0.46,41.2,12,4,8,33.3,0,1,0.08,12
Shakur Daniel,Ottawa Blackjacks,2025-2026,offense,P&R ball handler,High P&R,3,P&R Ball Handler,P&R Including Passes > P&R Ball Handler > High P&R,P&R Including Passes,P&R Ball Handler,High P&R,,,,7,41.2,0.571,33.3,14.3,0.0,0,,,,33.3,,6,33.3,0.0,,,2,4,,6.0,0.0,28.6,6,2,4,33.3,0,0,0.0,4
Shakur Daniel,Ottawa Blackjacks,2025-2026,offense,P&R ball handler,Dribble Off Pick,4,High P&R,P&R Including Passes > P&R Ball Handler > High P&R > Dribble Off Pick,P&R Including Passes,P&R Ball Handler,High P&R,Dribble Off Pick,,,6,85.7,0.333,20.0,16.7,0.0,0,,,,20.0,,5,20.0,0.0,,,1,4,,5.0,0.0,16.7,5,1,4,20.0,0,0,0.0,2
Shakur Daniel,Ottawa Blackjacks,2025-2026,offense,P&R ball handler,Dribble Jumper,5,Dribble Off Pick,P&R Including Passes > P&R Ball Handler > High P&R > Dribble Off Pick > Dribble Jumper,P&R Including Passes,P&R Ball Handler,High P&R,Dribble Off Pick,Dribble Jumper,,4,66.7,0.5,25.0,0.0,0.0,0,,,,25.0,,4,25.0,0.0,,,1,3,,4.0,0.0,25.0,4,1,3,25.0,0,0,0.0,2
Shakur Daniel,Ottawa Blackjacks,2025-2026,offense,P&R ball handler,Medium/17' to 3pt,6,Dribble Jumper,P&R Including Passes > P&R Ball Handler > High P&R > Dribble Off Pick > Dribble Jumper > Medium/17' to 3pt,P&R Including Passes,P&R Ball Handler,High P&R,Dribble Off Pick,Dribble Jumper,Medium/17' to 3pt,2,50.0,1.0,50.0,0.0,0.0,0,,,,50.0,,2,50.0,0.0,,,1,1,,2.0,0.0,50.0,2,1,1,50.0,0,0,0.0,2
Shakur Daniel,Ottawa Blackjacks,2025-2026,offense,P&R ball handler,Short to < 17,6,Dribble Jumper,P&R Including Passes > P&R Ball Handler > High P&R > Dribble Off Pick > Dribble Jumper > Short to < 17,P&R Including Passes,P&R Ball Handler,High P&R,Dribble Off Pick,Dribble Jumper,Short to < 17,2,50.0,0.0,0.0,0.0,0.0,0,,,,0.0,,2,0.0,0.0,,,0,2,,2.0,0.0,0.0,2,0,2,0.0,0,0,0.0,0
Shakur Daniel,Ottawa Blackjacks,2025-2026,offense,P&R ball handler,Defense Commits,5,Dribble Off Pick,P&R Including Passes > P&R Ball Handler > High P&R > Dribble Off Pick > Defense Commits,P&R Including Passes,P&R Ball Handler,High P&R,Dribble Off Pick,Defense Commits,,1,16.7,0.0,,100.0,0.0,0,,,,,,0,,0.0,,,0,0,,0.0,,0.0,0,0,0,,0,0,,0
Shakur Daniel,Ottawa Blackjacks,2025-2026,offense,P&R ball handler,Turnover,6,Defense Commits,P&R Including Passes > P&R Ball Handler > High P&R > Dribble Off Pick > Defense Commits > Turnover,P&R Including Passes,P&R Ball Handler,High P&R,Dribble Off Pick,Defense Commits,Turnover,1,100.0,0.0,,100.0,0.0,0,,,,,,0,,0.0,,,0,0,,0.0,,0.0,0,0,0,,0,0,,0
Shakur Daniel,Ottawa Blackjacks,2025-2026,offense,P&R ball handler,To Basket,5,Dribble Off Pick,P&R Including Passes > P&R Ball Handler > High P&R > Dribble Off Pick > To Basket,P&R Including Passes,P&R Ball Handler,High P&R,Dribble Off Pick,To Basket,,1,16.7,0.0,0.0,0.0,0.0,0,,,,0.0,,1,0.0,0.0,,,0,1,,1.0,0.0,0.0,1,0,1,0.0,0,0,0.0,0
Shakur Daniel,Ottawa Blackjacks,2025-2026,offense,P&R ball handler,Miss 2 Pts,6,To Basket,P&R Including Passes > P&R Ball Handler > High P&R > Dribble Off Pick > To Basket > Miss 2 Pts,P&R Including Passes,P&R Ball Handler,High P&R,Dribble Off Pick,To Basket,Miss 2 Pts,1,100.0,0.0,0.0,0.0,0.0,0,,,,0.0,,1,0.0,0.0,,,0,1,,1.0,0.0,0.0,1,0,1,0.0,0,0,0.0,0
Shakur Daniel,Ottawa Blackjacks,2025-2026,offense,P&R ball handler,Go Away from Pick,4,High P&R,P&R Including Passes > P&R Ball Handler > High P&R > Go Away from Pick,P&R Including Passes,P&R Ball Handler,High P&R,Go Away from Pick,,,1,14.3,2.0,100.0,0.0,0.0,0,,,,100.0,,1,100.0,0.0,,,1,0,,1.0,0.0,100.0,1,1,0,100.0,0,0,0.0,2
Shakur Daniel,Ottawa Blackjacks,2025-2026,offense,P&R ball handler,Dribble Jumper,5,Go Away from Pick,P&R Including Passes > P&R Ball Handler > High P&R > Go Away from Pick > Dribble Jumper,P&R Including Passes,P&R Ball Handler,High P&R,Go Away from Pick,Dribble Jumper,,1,100.0,2.0,100.0,0.0,0.0,0,,,,100.0,,1,100.0,0.0,,,1,0,,1.0,0.0,100.0,1,1,0,100.0,0,0,0.0,2
Shakur Daniel,Ottawa Blackjacks,2025-2026,offense,P&R ball handler,Short to < 17,6,Dribble Jumper,P&R Including Passes > P&R Ball Handler > High P&R > Go Away from Pick > Dribble Jumper > Short to < 17,P&R Including Passes,P&R Ball Handler,High P&R,Go Away from Pick,Dribble Jumper,Short to < 17,1,100.0,2.0,100.0,0.0,0.0,0,,,,100.0,,1,100.0,0.0,,,1,0,,1.0,0.0,100.0,1,1,0,100.0,0,0,0.0,2
Shakur Daniel,Ottawa Blackjacks,2025-2026,offense,P&R ball handler,Right P&R,3,P&R Ball Handler,P&R Including Passes > P&R Ball Handler > Right P&R,P&R Including Passes,P&R Ball Handler,Right P&R,,,,6,35.3,1.0,53.2,0.0,50.0,0,,,,33.3,,3,33.3,33.3,,,1,2,,5.6,2.0,66.7,3,1,2,33.3,0,0,0.0,6
Shakur Daniel,Ottawa Blackjacks,2025-2026,offense,P&R ball handler,Side,4,Right P&R,P&R Including Passes > P&R Ball Handler > Right P&R > Side,P&R Including Passes,P&R Ball Handler,Right P&R,Side,,,5,83.3,1.2,64.7,0.0,60.0,0,,,,50.0,,2,50.0,40.0,,,1,1,,4.6,3.0,80.0,2,1,1,50.0,0,0,0.0,6
Shakur Daniel,Ottawa Blackjacks,2025-2026,offense,P&R ball handler,Dribble Off Pick,5,Side,P&R Including Passes > P&R Ball Handler > Right P&R > Side > Dribble Off Pick,P&R Including Passes,P&R Ball Handler,Right P&R,Side,Dribble Off Pick,,4,80.0,1.25,66.5,0.0,50.0,0,,,,50.0,,2,50.0,50.0,,,1,1,,3.8,2.0,75.0,2,1,1,50.0,0,0,0.0,5
Shakur Daniel,Ottawa Blackjacks,2025-2026,offense,P&R ball handler,To Basket,6,Dribble Off Pick,P&R Including Passes > P&R Ball Handler > Right P&R > Side > Dribble Off Pick > To Basket,P&R Including Passes,P&R Ball Handler,Right P&R,Side,Dribble Off Pick,To Basket,2,50.0,1.5,85.2,0.0,100.0,0,,,,,,0,,100.0,,,0,0,,1.8,,100.0,0,0,0,,0,0,,3
Shakur Daniel,Ottawa Blackjacks,2025-2026,offense,P&R ball handler,Dribble Jumper,6,Dribble Off Pick,P&R Including Passes > P&R Ball Handler > Right P&R > Side > Dribble Off Pick > Dribble Jumper,P&R Including Passes,P&R Ball Handler,Right P&R,Side,Dribble Off Pick,Dribble Jumper,2,50.0,1.0,50.0,0.0,0.0,0,,,,50.0,,2,50.0,0.0,,,1,1,,2.0,0.0,50.0,2,1,1,50.0,0,0,0.0,2
Shakur Daniel,Ottawa Blackjacks,2025-2026,offense,P&R ball handler,Go Away from Pick,5,Side,P&R Including Passes > P&R Ball Handler > Right P&R > Side > Go Away from Pick,P&R Including Passes,P&R Ball Handler,Right P&R,Side,Go Away from Pick,,1,20.0,1.0,56.8,0.0,100.0,0,,,,,,0,,0.0,,,0,0,,0.9,,100.0,0,0,0,,0,0,,1
Shakur Daniel,Ottawa Blackjacks,2025-2026,offense,P&R ball handler,To Basket,6,Go Away from Pick,P&R Including Passes > P&R Ball Handler > Right P&R > Side > Go Away from Pick > To Basket,P&R Including Passes,P&R Ball Handler,Right P&R,Side,Go Away from Pick,To Basket,1,100.0,1.0,56.8,0.0,100.0,0,,,,,,0,,0.0,,,0,0,,0.9,,100.0,0,0,0,,0,0,,1
Shakur Daniel,Ottawa Blackjacks,2025-2026,offense,P&R ball handler,Baseline,4,Right P&R,P&R Including Passes > P&R Ball Handler > Right P&R > Baseline,P&R Including Passes,P&R Ball Handler,Right P&R,Baseline,,,1,16.7,0.0,0.0,0.0,0.0,0,,,,0.0,,1,0.0,0.0,,,0,1,,1.0,0.0,0.0,1,0,1,0.0,0,0,0.0,0
Shakur Daniel,Ottawa Blackjacks,2025-2026,offense,P&R ball handler,Dribble Off Pick,5,Baseline,P&R Including Passes > P&R Ball Handler > Right P&R > Baseline > Dribble Off Pick,P&R Including Passes,P&R Ball Handler,Right P&R,Baseline,Dribble Off Pick,,1,100.0,0.0,0.0,0.0,0.0,0,,,,0.0,,1,0.0,0.0,,,0,1,,1.0,0.0,0.0,1,0,1,0.0,0,0,0.0,0
Shakur Daniel,Ottawa Blackjacks,2025-2026,offense,P&R ball handler,Dribble Jumper,6,Dribble Off Pick,P&R Including Passes > P&R Ball Handler > Right P&R > Baseline > Dribble Off Pick > Dribble Jumper,P&R Including Passes,P&R Ball Handler,Right P&R,Baseline,Dribble Off Pick,Dribble Jumper,1,100.0,0.0,0.0,0.0,0.0,0,,,,0.0,,1,0.0,0.0,,,0,1,,1.0,0.0,0.0,1,0,1,0.0,0,0,0.0,0
Shakur Daniel,Ottawa Blackjacks,2025-2026,offense,P&R ball handler,Left P&R,3,P&R Ball Handler,P&R Including Passes > P&R Ball Handler > Left P&R,P&R Including Passes,P&R Ball Handler,Left P&R,,,,4,23.5,0.5,25.0,0.0,0.0,1,0.0,,,25.0,,4,25.0,0.0,,,1,3,,4.0,0.0,25.0,3,1,2,33.3,0,1,0.25,2
Shakur Daniel,Ottawa Blackjacks,2025-2026,offense,P&R ball handler,Side,4,Left P&R,P&R Including Passes > P&R Ball Handler > Left P&R > Side,P&R Including Passes,P&R Ball Handler,Left P&R,Side,,,2,50.0,0.0,0.0,0.0,0.0,1,0.0,,,0.0,,2,0.0,0.0,,,0,2,,2.0,0.0,0.0,1,0,1,0.0,0,1,0.5,0
Shakur Daniel,Ottawa Blackjacks,2025-2026,offense,P&R ball handler,Dribble Off Pick,5,Side,P&R Including Passes > P&R Ball Handler > Left P&R > Side > Dribble Off Pick,P&R Including Passes,P&R Ball Handler,Left P&R,Side,Dribble Off Pick,,2,100.0,0.0,0.0,0.0,0.0,1,0.0,,,0.0,,2,0.0,0.0,,,0,2,,2.0,0.0,0.0,1,0,1,0.0,0,1,0.5,0
Shakur Daniel,Ottawa Blackjacks,2025-2026,offense,P&R ball handler,Dribble Jumper,6,Dribble Off Pick,P&R Including Passes > P&R Ball Handler > Left P&R > Side > Dribble Off Pick > Dribble Jumper,P&R Including Passes,P&R Ball Handler,Left P&R,Side,Dribble Off Pick,Dribble Jumper,2,100.0,0.0,0.0,0.0,0.0,1,0.0,,,0.0,,2,0.0,0.0,,,0,2,,2.0,0.0,0.0,1,0,1,0.0,0,1,0.5,0
Shakur Daniel,Ottawa Blackjacks,2025-2026,offense,P&R ball handler,Baseline,4,Left P&R,P&R Including Passes > P&R Ball Handler > Left P&R > Baseline,P&R Including Passes,P&R Ball Handler,Left P&R,Baseline,,,2,50.0,1.0,50.0,0.0,0.0,0,,,,50.0,,2,50.0,0.0,,,1,1,,2.0,0.0,50.0,2,1,1,50.0,0,0,0.0,2
Shakur Daniel,Ottawa Blackjacks,2025-2026,offense,P&R ball handler,Dribble Off Pick,5,Baseline,P&R Including Passes > P&R Ball Handler > Left P&R > Baseline > Dribble Off Pick,P&R Including Passes,P&R Ball Handler,Left P&R,Baseline,Dribble Off Pick,,2,100.0,1.0,50.0,0.0,0.0,0,,,,50.0,,2,50.0,0.0,,,1,1,,2.0,0.0,50.0,2,1,1,50.0,0,0,0.0,2
Shakur Daniel,Ottawa Blackjacks,2025-2026,offense,P&R ball handler,Dribble Jumper,6,Dribble Off Pick,P&R Including Passes > P&R Ball Handler > Left P&R > Baseline > Dribble Off Pick > Dribble Jumper,P&R Including Passes,P&R Ball Handler,Left P&R,Baseline,Dribble Off Pick,Dribble Jumper,2,100.0,1.0,50.0,0.0,0.0,0,,,,50.0,,2,50.0,0.0,,,1,1,,2.0,0.0,50.0,2,1,1,50.0,0,0,0.0,2
Shakur Daniel,Ottawa Blackjacks,2025-2026,offense,P&R ball handler,Spot-Up,2,P&R Including Passes,P&R Including Passes > Spot-Up,P&R Including Passes,Spot-Up,,,,,14,38.9,1.0,58.9,14.3,7.1,5,60.0,,,45.5,,11,59.1,7.1,,,5,6,,11.9,0.18,42.9,6,2,4,33.3,3,2,0.45,14
Shakur Daniel,Ottawa Blackjacks,2025-2026,offense,P&R ball handler,No Dribble Jumper,3,Spot-Up,P&R Including Passes > Spot-Up > No Dribble Jumper,P&R Including Passes,Spot-Up,No Dribble Jumper,,,,6,42.9,1.5,75.0,0.0,0.0,5,60.0,,,50.0,,6,75.0,0.0,,,3,3,,6.0,0.0,50.0,1,0,1,0.0,3,2,0.83,9
Shakur Daniel,Ottawa Blackjacks,2025-2026,offense,P&R ball handler,Open,4,No Dribble Jumper,P&R Including Passes > Spot-Up > No Dribble Jumper > Open,P&R Including Passes,Spot-Up,No Dribble Jumper,Open,,,3,50.0,1.0,50.0,0.0,0.0,3,33.3,,,33.3,,3,50.0,0.0,,,1,2,,3.0,0.0,33.3,0,0,0,,1,2,1.0,3
Shakur Daniel,Ottawa Blackjacks,2025-2026,offense,P&R ball handler,Long/3pt,5,Open,P&R Including Passes > Spot-Up > No Dribble Jumper > Open > Long/3pt,P&R Including Passes,Spot-Up,No Dribble Jumper,Open,Long/3pt,,3,100.0,1.0,50.0,0.0,0.0,3,33.3,,,33.3,,3,50.0,0.0,,,1,2,,3.0,0.0,33.3,0,0,0,,1,2,1.0,3
Shakur Daniel,Ottawa Blackjacks,2025-2026,offense,P&R ball handler,Miss 3 Pts,6,Long/3pt,P&R Including Passes > Spot-Up > No Dribble Jumper > Open > Long/3pt > Miss 3 Pts,P&R Including Passes,Spot-Up,No Dribble Jumper,Open,Long/3pt,Miss 3 Pts,2,66.7,0.0,0.0,0.0,0.0,2,0.0,,,0.0,,2,0.0,0.0,,,0,2,,2.0,0.0,0.0,0,0,0,,0,2,1.0,0
Shakur Daniel,Ottawa Blackjacks,2025-2026,offense,P&R ball handler,Make 3 Pts,6,Long/3pt,P&R Including Passes > Spot-Up > No Dribble Jumper > Open > Long/3pt > Make 3 Pts,P&R Including Passes,Spot-Up,No Dribble Jumper,Open,Long/3pt,Make 3 Pts,1,33.3,3.0,150.0,0.0,0.0,1,100.0,,,100.0,,1,150.0,0.0,,,1,0,,1.0,0.0,100.0,0,0,0,,1,0,1.0,3
Shakur Daniel,Ottawa Blackjacks,2025-2026,offense,P&R ball handler,Guarded,4,No Dribble Jumper,P&R Including Passes > Spot-Up > No Dribble Jumper > Guarded,P&R Including Passes,Spot-Up,No Dribble Jumper,Guarded,,,3,50.0,2.0,100.0,0.0,0.0,2,100.0,,,66.7,,3,100.0,0.0,,,2,1,,3.0,0.0,66.7,1,0,1,0.0,2,0,0.67,6
Shakur Daniel,Ottawa Blackjacks,2025-2026,offense,P&R ball handler,Long/3pt,5,Guarded,P&R Including Passes > Spot-Up > No Dribble Jumper > Guarded > Long/3pt,P&R Including Passes,Spot-Up,No Dribble Jumper,Guarded,Long/3pt,,2,66.7,3.0,150.0,0.0,0.0,2,100.0,,,100.0,,2,150.0,0.0,,,2,0,,2.0,0.0,100.0,0,0,0,,2,0,1.0,6
Shakur Daniel,Ottawa Blackjacks,2025-2026,offense,P&R ball handler,Make 3 Pts,6,Long/3pt,P&R Including Passes > Spot-Up > No Dribble Jumper > Guarded > Long/3pt > Make 3 Pts,P&R Including Passes,Spot-Up,No Dribble Jumper,Guarded,Long/3pt,Make 3 Pts,2,100.0,3.0,150.0,0.0,0.0,2,100.0,,,100.0,,2,150.0,0.0,,,2,0,,2.0,0.0,100.0,0,0,0,,2,0,1.0,6
Shakur Daniel,Ottawa Blackjacks,2025-2026,offense,P&R ball handler,Medium/17' to 3pt,5,Guarded,P&R Including Passes > Spot-Up > No Dribble Jumper > Guarded > Medium/17' to 3pt,P&R Including Passes,Spot-Up,No Dribble Jumper,Guarded,Medium/17' to 3pt,,1,33.3,0.0,0.0,0.0,0.0,0,,,,0.0,,1,0.0,0.0,,,0,1,,1.0,0.0,0.0,1,0,1,0.0,0,0,0.0,0
Shakur Daniel,Ottawa Blackjacks,2025-2026,offense,P&R ball handler,Miss 2 Pts,6,Medium/17' to 3pt,P&R Including Passes > Spot-Up > No Dribble Jumper > Guarded > Medium/17' to 3pt > Miss 2 Pts,P&R Including Passes,Spot-Up,No Dribble Jumper,Guarded,Medium/17' to 3pt,Miss 2 Pts,1,100.0,0.0,0.0,0.0,0.0,0,,,,0.0,,1,0.0,0.0,,,0,1,,1.0,0.0,0.0,1,0,1,0.0,0,0,0.0,0
Shakur Daniel,Ottawa Blackjacks,2025-2026,offense,P&R ball handler,Drives Left,3,Spot-Up,P&R Including Passes > Spot-Up > Drives Left,P&R Including Passes,Spot-Up,Drives Left,,,,4,28.6,0.75,38.7,0.0,25.0,0,,,,33.3,,3,33.3,25.0,,,1,2,,3.9,0.67,50.0,3,1,2,33.3,0,0,0.0,3
Shakur Daniel,Ottawa Blackjacks,2025-2026,offense,P&R ball handler,To Basket,4,Drives Left,P&R Including Passes > Spot-Up > Drives Left > To Basket,P&R Including Passes,Spot-Up,Drives Left,To Basket,,,3,75.0,0.333,17.4,0.0,33.3,0,,,,0.0,,2,0.0,33.3,,,0,2,,2.9,1.0,33.3,2,0,2,0.0,0,0,0.0,1
Shakur Daniel,Ottawa Blackjacks,2025-2026,offense,P&R ball handler,Miss 2 Pts,5,To Basket,P&R Including Passes > Spot-Up > Drives Left > To Basket > Miss 2 Pts,P&R Including Passes,Spot-Up,Drives Left,To Basket,Miss 2 Pts,,2,66.7,0.0,0.0,0.0,0.0,0,,,,0.0,,2,0.0,0.0,,,0,2,,2.0,0.0,0.0,2,0,2,0.0,0,0,0.0,0
Shakur Daniel,Ottawa Blackjacks,2025-2026,offense,P&R ball handler,Foul,5,To Basket,P&R Including Passes > Spot-Up > Drives Left > To Basket > Foul,P&R Including Passes,Spot-Up,Drives Left,To Basket,Foul,,1,33.3,1.0,56.8,0.0,100.0,0,,,,,,0,,100.0,,,0,0,,0.9,,100.0,0,0,0,,0,0,,1
Shakur Daniel,Ottawa Blackjacks,2025-2026,offense,P&R ball handler,Dribble Jumper,4,Drives Left,P&R Including Passes > Spot-Up > Drives Left > Dribble Jumper,P&R Including Passes,Spot-Up,Drives Left,Dribble Jumper,,,1,25.0,2.0,100.0,0.0,0.0,0,,,,100.0,,1,100.0,0.0,,,1,0,,1.0,0.0,100.0,1,1,0,100.0,0,0,0.0,2
Shakur Daniel,Ottawa Blackjacks,2025-2026,offense,P&R ball handler,Medium/17' to 3pt,5,Dribble Jumper,P&R Including Passes > Spot-Up > Drives Left > Dribble Jumper > Medium/17' to 3pt,P&R Including Passes,Spot-Up,Drives Left,Dribble Jumper,Medium/17' to 3pt,,1,100.0,2.0,100.0,0.0,0.0,0,,,,100.0,,1,100.0,0.0,,,1,0,,1.0,0.0,100.0,1,1,0,100.0,0,0,0.0,2
Shakur Daniel,Ottawa Blackjacks,2025-2026,offense,P&R ball handler,Make 2 Pts,6,Medium/17' to 3pt,P&R Including Passes > Spot-Up > Drives Left > Dribble Jumper > Medium/17' to 3pt > Make 2 Pts,P&R Including Passes,Spot-Up,Drives Left,Dribble Jumper,Medium/17' to 3pt,Make 2 Pts,1,100.0,2.0,100.0,0.0,0.0,0,,,,100.0,,1,100.0,0.0,,,1,0,,1.0,0.0,100.0,1,1,0,100.0,0,0,0.0,2
Shakur Daniel,Ottawa Blackjacks,2025-2026,offense,P&R ball handler,Drives Right,3,Spot-Up,P&R Including Passes > Spot-Up > Drives Right,P&R Including Passes,Spot-Up,Drives Right,,,,3,21.4,0.667,50.0,33.3,0.0,0,,,,50.0,,2,50.0,0.0,,,1,1,,2.0,0.0,33.3,2,1,1,50.0,0,0,0.0,2
Shakur Daniel,Ottawa Blackjacks,2025-2026,offense,P&R ball handler,To Basket,4,Drives Right,P&R Including Passes > Spot-Up > Drives Right > To Basket,P&R Including Passes,Spot-Up,Drives Right,To Basket,,,2,66.7,1.0,50.0,0.0,0.0,0,,,,50.0,,2,50.0,0.0,,,1,1,,2.0,0.0,50.0,2,1,1,50.0,0,0,0.0,2
Shakur Daniel,Ottawa Blackjacks,2025-2026,offense,P&R ball handler,Make 2 Pts,5,To Basket,P&R Including Passes > Spot-Up > Drives Right > To Basket > Make 2 Pts,P&R Including Passes,Spot-Up,Drives Right,To Basket,Make 2 Pts,,1,50.0,2.0,100.0,0.0,0.0,0,,,,100.0,,1,100.0,0.0,,,1,0,,1.0,0.0,100.0,1,1,0,100.0,0,0,0.0,2
Shakur Daniel,Ottawa Blackjacks,2025-2026,offense,P&R ball handler,Miss 2 Pts,5,To Basket,P&R Including Passes > Spot-Up > Drives Right > To Basket > Miss 2 Pts,P&R Including Passes,Spot-Up,Drives Right,To Basket,Miss 2 Pts,,1,50.0,0.0,0.0,0.0,0.0,0,,,,0.0,,1,0.0,0.0,,,0,1,,1.0,0.0,0.0,1,0,1,0.0,0,0,0.0,0
Shakur Daniel,Ottawa Blackjacks,2025-2026,offense,P&R ball handler,Turnover,4,Drives Right,P&R Including Passes > Spot-Up > Drives Right > Turnover,P&R Including Passes,Spot-Up,Drives Right,Turnover,,,1,33.3,0.0,,100.0,0.0,0,,,,,,0,,0.0,,,0,0,,0.0,,0.0,0,0,0,,0,0,,0
Shakur Daniel,Ottawa Blackjacks,2025-2026,offense,P&R ball handler,Turnover,3,Spot-Up,P&R Including Passes > Spot-Up > Turnover,P&R Including Passes,Spot-Up,Turnover,,,,1,7.1,0.0,,100.0,0.0,0,,,,,,0,,0.0,,,0,0,,0.0,,0.0,0,0,0,,0,0,,0
Shakur Daniel,Ottawa Blackjacks,2025-2026,offense,P&R ball handler,P&R Roll Man,2,P&R Including Passes,P&R Including Passes > P&R Roll Man,P&R Including Passes,P&R Roll Man,,,,,3,8.3,2.0,150.0,33.3,0.0,2,100.0,,,100.0,,2,150.0,0.0,,,2,0,,2.0,0.0,66.7,0,0,0,,2,0,1.0,6
Shakur Daniel,Ottawa Blackjacks,2025-2026,offense,P&R ball handler,Pick and Pops,3,P&R Roll Man,P&R Including Passes > P&R Roll Man > Pick and Pops,P&R Including Passes,P&R Roll Man,Pick and Pops,,,,2,66.7,1.5,150.0,50.0,0.0,1,100.0,,,100.0,,1,150.0,0.0,,,1,0,,1.0,0.0,50.0,0,0,0,,1,0,1.0,3
Shakur Daniel,Ottawa Blackjacks,2025-2026,offense,P&R ball handler,Drives Right,4,Pick and Pops,P&R Including Passes > P&R Roll Man > Pick and Pops > Drives Right,P&R Including Passes,P&R Roll Man,Pick and Pops,Drives Right,,,2,100.0,1.5,150.0,50.0,0.0,1,100.0,,,100.0,,1,150.0,0.0,,,1,0,,1.0,0.0,50.0,0,0,0,,1,0,1.0,3
Shakur Daniel,Ottawa Blackjacks,2025-2026,offense,P&R ball handler,Dribble Jumper,5,Drives Right,P&R Including Passes > P&R Roll Man > Pick and Pops > Drives Right > Dribble Jumper,P&R Including Passes,P&R Roll Man,Pick and Pops,Drives Right,Dribble Jumper,,1,50.0,3.0,150.0,0.0,0.0,1,100.0,,,100.0,,1,150.0,0.0,,,1,0,,1.0,0.0,100.0,0,0,0,,1,0,1.0,3
Shakur Daniel,Ottawa Blackjacks,2025-2026,offense,P&R ball handler,Long/3pt,6,Dribble Jumper,P&R Including Passes > P&R Roll Man > Pick and Pops > Drives Right > Dribble Jumper > Long/3pt,P&R Including Passes,P&R Roll Man,Pick and Pops,Drives Right,Dribble Jumper,Long/3pt,1,100.0,3.0,150.0,0.0,0.0,1,100.0,,,100.0,,1,150.0,0.0,,,1,0,,1.0,0.0,100.0,0,0,0,,1,0,1.0,3
Shakur Daniel,Ottawa Blackjacks,2025-2026,offense,P&R ball handler,Turnover,5,Drives Right,P&R Including Passes > P&R Roll Man > Pick and Pops > Drives Right > Turnover,P&R Including Passes,P&R Roll Man,Pick and Pops,Drives Right,Turnover,,1,50.0,0.0,,100.0,0.0,0,,,,,,0,,0.0,,,0,0,,0.0,,0.0,0,0,0,,0,0,,0
Shakur Daniel,Ottawa Blackjacks,2025-2026,offense,P&R ball handler,Slips the Pick,3,P&R Roll Man,P&R Including Passes > P&R Roll Man > Slips the Pick,P&R Including Passes,P&R Roll Man,Slips the Pick,,,,1,33.3,3.0,150.0,0.0,0.0,1,100.0,,,100.0,,1,150.0,0.0,,,1,0,,1.0,0.0,100.0,0,0,0,,1,0,1.0,3
Shakur Daniel,Ottawa Blackjacks,2025-2026,offense,P&R ball handler,No Dribble Jumper,4,Slips the Pick,P&R Including Passes > P&R Roll Man > Slips the Pick > No Dribble Jumper,P&R Including Passes,P&R Roll Man,Slips the Pick,No Dribble Jumper,,,1,100.0,3.0,150.0,0.0,0.0,1,100.0,,,100.0,,1,150.0,0.0,,,1,0,,1.0,0.0,100.0,0,0,0,,1,0,1.0,3
Shakur Daniel,Ottawa Blackjacks,2025-2026,offense,P&R ball handler,Open,5,No Dribble Jumper,P&R Including Passes > P&R Roll Man > Slips the Pick > No Dribble Jumper > Open,P&R Including Passes,P&R Roll Man,Slips the Pick,No Dribble Jumper,Open,,1,100.0,3.0,150.0,0.0,0.0,1,100.0,,,100.0,,1,150.0,0.0,,,1,0,,1.0,0.0,100.0,0,0,0,,1,0,1.0,3
Shakur Daniel,Ottawa Blackjacks,2025-2026,offense,P&R ball handler,Long/3pt,6,Open,P&R Including Passes > P&R Roll Man > Slips the Pick > No Dribble Jumper > Open > Long/3pt,P&R Including Passes,P&R Roll Man,Slips the Pick,No Dribble Jumper,Open,Long/3pt,1,100.0,3.0,150.0,0.0,0.0,1,100.0,,,100.0,,1,150.0,0.0,,,1,0,,1.0,0.0,100.0,0,0,0,,1,0,1.0,3
Shakur Daniel,Ottawa Blackjacks,2025-2026,offense,P&R ball handler,Cut,2,P&R Including Passes,P&R Including Passes > Cut,P&R Including Passes,Cut,,,,,2,5.6,1.0,50.0,0.0,0.0,0,,,,50.0,,2,50.0,0.0,,,1,1,,2.0,0.0,50.0,2,1,1,50.0,0,0,0.0,2
Shakur Daniel,Ottawa Blackjacks,2025-2026,offense,P&R ball handler,Basket,3,Cut,P&R Including Passes > Cut > Basket,P&R Including Passes,Cut,Basket,,,,1,50.0,2.0,100.0,0.0,0.0,0,,,,100.0,,1,100.0,0.0,,,1,0,,1.0,0.0,100.0,1,1,0,100.0,0,0,0.0,2
Shakur Daniel,Ottawa Blackjacks,2025-2026,offense,P&R ball handler,Make 2 Pts,4,Basket,P&R Including Passes > Cut > Basket > Make 2 Pts,P&R Including Passes,Cut,Basket,Make 2 Pts,,,1,100.0,2.0,100.0,0.0,0.0,0,,,,100.0,,1,100.0,0.0,,,1,0,,1.0,0.0,100.0,1,1,0,100.0,0,0,0.0,2
Shakur Daniel,Ottawa Blackjacks,2025-2026,offense,P&R ball handler,Flash,3,Cut,P&R Including Passes > Cut > Flash,P&R Including Passes,Cut,Flash,,,,1,50.0,0.0,0.0,0.0,0.0,0,,,,0.0,,1,0.0,0.0,,,0,1,,1.0,0.0,0.0,1,0,1,0.0,0,0,0.0,0
Shakur Daniel,Ottawa Blackjacks,2025-2026,offense,P&R ball handler,Miss 2 Pts,4,Flash,P&R Including Passes > Cut > Flash > Miss 2 Pts,P&R Including Passes,Cut,Flash,Miss 2 Pts,,,1,100.0,0.0,0.0,0.0,0.0,0,,,,0.0,,1,0.0,0.0,,,0,1,,1.0,0.0,0.0,1,0,1,0.0,0,0,0.0,0
Shakur Daniel,Ottawa Blackjacks,2025-2026,offense,P&R ball handler,P&R BH - Defense Commits,1,,P&R BH - Defense Commits,P&R BH - Defense Commits,,,,,,20,20.2,1.1,69.3,20.0,5.0,7,71.4,Excellent,93.0,53.3,42.0,15,70.0,5.0,,,8,7,,15.9,0.13,45.0,8,3,5,37.5,5,2,0.47,22
Shakur Daniel,Ottawa Blackjacks,2025-2026,offense,P&R ball handler,Spot-Up,2,P&R BH - Defense Commits,P&R BH - Defense Commits > Spot-Up,P&R BH - Defense Commits,Spot-Up,,,,,14,70.0,1.0,58.9,14.3,7.1,5,60.0,,,45.5,,11,59.1,7.1,,,5,6,,11.9,0.18,42.9,6,2,4,33.3,3,2,0.45,14
Shakur Daniel,Ottawa Blackjacks,2025-2026,offense,P&R ball handler,No Dribble Jumper,3,Spot-Up,P&R BH - Defense Commits > Spot-Up > No Dribble Jumper,P&R BH - Defense Commits,Spot-Up,No Dribble Jumper,,,,6,42.9,1.5,75.0,0.0,0.0,5,60.0,,,50.0,,6,75.0,0.0,,,3,3,,6.0,0.0,50.0,1,0,1,0.0,3,2,0.83,9
Shakur Daniel,Ottawa Blackjacks,2025-2026,offense,P&R ball handler,Open,4,No Dribble Jumper,P&R BH - Defense Commits > Spot-Up > No Dribble Jumper > Open,P&R BH - Defense Commits,Spot-Up,No Dribble Jumper,Open,,,3,50.0,1.0,50.0,0.0,0.0,3,33.3,,,33.3,,3,50.0,0.0,,,1,2,,3.0,0.0,33.3,0,0,0,,1,2,1.0,3
Shakur Daniel,Ottawa Blackjacks,2025-2026,offense,P&R ball handler,Long/3pt,5,Open,P&R BH - Defense Commits > Spot-Up > No Dribble Jumper > Open > Long/3pt,P&R BH - Defense Commits,Spot-Up,No Dribble Jumper,Open,Long/3pt,,3,100.0,1.0,50.0,0.0,0.0,3,33.3,,,33.3,,3,50.0,0.0,,,1,2,,3.0,0.0,33.3,0,0,0,,1,2,1.0,3
Shakur Daniel,Ottawa Blackjacks,2025-2026,offense,P&R ball handler,Miss 3 Pts,6,Long/3pt,P&R BH - Defense Commits > Spot-Up > No Dribble Jumper > Open > Long/3pt > Miss 3 Pts,P&R BH - Defense Commits,Spot-Up,No Dribble Jumper,Open,Long/3pt,Miss 3 Pts,2,66.7,0.0,0.0,0.0,0.0,2,0.0,,,0.0,,2,0.0,0.0,,,0,2,,2.0,0.0,0.0,0,0,0,,0,2,1.0,0
Shakur Daniel,Ottawa Blackjacks,2025-2026,offense,P&R ball handler,Make 3 Pts,6,Long/3pt,P&R BH - Defense Commits > Spot-Up > No Dribble Jumper > Open > Long/3pt > Make 3 Pts,P&R BH - Defense Commits,Spot-Up,No Dribble Jumper,Open,Long/3pt,Make 3 Pts,1,33.3,3.0,150.0,0.0,0.0,1,100.0,,,100.0,,1,150.0,0.0,,,1,0,,1.0,0.0,100.0,0,0,0,,1,0,1.0,3
Shakur Daniel,Ottawa Blackjacks,2025-2026,offense,P&R ball handler,Guarded,4,No Dribble Jumper,P&R BH - Defense Commits > Spot-Up > No Dribble Jumper > Guarded,P&R BH - Defense Commits,Spot-Up,No Dribble Jumper,Guarded,,,3,50.0,2.0,100.0,0.0,0.0,2,100.0,,,66.7,,3,100.0,0.0,,,2,1,,3.0,0.0,66.7,1,0,1,0.0,2,0,0.67,6
Shakur Daniel,Ottawa Blackjacks,2025-2026,offense,P&R ball handler,Long/3pt,5,Guarded,P&R BH - Defense Commits > Spot-Up > No Dribble Jumper > Guarded > Long/3pt,P&R BH - Defense Commits,Spot-Up,No Dribble Jumper,Guarded,Long/3pt,,2,66.7,3.0,150.0,0.0,0.0,2,100.0,,,100.0,,2,150.0,0.0,,,2,0,,2.0,0.0,100.0,0,0,0,,2,0,1.0,6
Shakur Daniel,Ottawa Blackjacks,2025-2026,offense,P&R ball handler,Make 3 Pts,6,Long/3pt,P&R BH - Defense Commits > Spot-Up > No Dribble Jumper > Guarded > Long/3pt > Make 3 Pts,P&R BH - Defense Commits,Spot-Up,No Dribble Jumper,Guarded,Long/3pt,Make 3 Pts,2,100.0,3.0,150.0,0.0,0.0,2,100.0,,,100.0,,2,150.0,0.0,,,2,0,,2.0,0.0,100.0,0,0,0,,2,0,1.0,6
Shakur Daniel,Ottawa Blackjacks,2025-2026,offense,P&R ball handler,Medium/17' to 3pt,5,Guarded,P&R BH - Defense Commits > Spot-Up > No Dribble Jumper > Guarded > Medium/17' to 3pt,P&R BH - Defense Commits,Spot-Up,No Dribble Jumper,Guarded,Medium/17' to 3pt,,1,33.3,0.0,0.0,0.0,0.0,0,,,,0.0,,1,0.0,0.0,,,0,1,,1.0,0.0,0.0,1,0,1,0.0,0,0,0.0,0
Shakur Daniel,Ottawa Blackjacks,2025-2026,offense,P&R ball handler,Miss 2 Pts,6,Medium/17' to 3pt,P&R BH - Defense Commits > Spot-Up > No Dribble Jumper > Guarded > Medium/17' to 3pt > Miss 2 Pts,P&R BH - Defense Commits,Spot-Up,No Dribble Jumper,Guarded,Medium/17' to 3pt,Miss 2 Pts,1,100.0,0.0,0.0,0.0,0.0,0,,,,0.0,,1,0.0,0.0,,,0,1,,1.0,0.0,0.0,1,0,1,0.0,0,0,0.0,0
Shakur Daniel,Ottawa Blackjacks,2025-2026,offense,P&R ball handler,Drives Left,3,Spot-Up,P&R BH - Defense Commits > Spot-Up > Drives Left,P&R BH - Defense Commits,Spot-Up,Drives Left,,,,4,28.6,0.75,38.7,0.0,25.0,0,,,,33.3,,3,33.3,25.0,,,1,2,,3.9,0.67,50.0,3,1,2,33.3,0,0,0.0,3
Shakur Daniel,Ottawa Blackjacks,2025-2026,offense,P&R ball handler,To Basket,4,Drives Left,P&R BH - Defense Commits > Spot-Up > Drives Left > To Basket,P&R BH - Defense Commits,Spot-Up,Drives Left,To Basket,,,3,75.0,0.333,17.4,0.0,33.3,0,,,,0.0,,2,0.0,33.3,,,0,2,,2.9,1.0,33.3,2,0,2,0.0,0,0,0.0,1
Shakur Daniel,Ottawa Blackjacks,2025-2026,offense,P&R ball handler,Miss 2 Pts,5,To Basket,P&R BH - Defense Commits > Spot-Up > Drives Left > To Basket > Miss 2 Pts,P&R BH - Defense Commits,Spot-Up,Drives Left,To Basket,Miss 2 Pts,,2,66.7,0.0,0.0,0.0,0.0,0,,,,0.0,,2,0.0,0.0,,,0,2,,2.0,0.0,0.0,2,0,2,0.0,0,0,0.0,0
Shakur Daniel,Ottawa Blackjacks,2025-2026,offense,P&R ball handler,Foul,5,To Basket,P&R BH - Defense Commits > Spot-Up > Drives Left > To Basket > Foul,P&R BH - Defense Commits,Spot-Up,Drives Left,To Basket,Foul,,1,33.3,1.0,56.8,0.0,100.0,0,,,,,,0,,100.0,,,0,0,,0.9,,100.0,0,0,0,,0,0,,1
Shakur Daniel,Ottawa Blackjacks,2025-2026,offense,P&R ball handler,Dribble Jumper,4,Drives Left,P&R BH - Defense Commits > Spot-Up > Drives Left > Dribble Jumper,P&R BH - Defense Commits,Spot-Up,Drives Left,Dribble Jumper,,,1,25.0,2.0,100.0,0.0,0.0,0,,,,100.0,,1,100.0,0.0,,,1,0,,1.0,0.0,100.0,1,1,0,100.0,0,0,0.0,2
Shakur Daniel,Ottawa Blackjacks,2025-2026,offense,P&R ball handler,Medium/17' to 3pt,5,Dribble Jumper,P&R BH - Defense Commits > Spot-Up > Drives Left > Dribble Jumper > Medium/17' to 3pt,P&R BH - Defense Commits,Spot-Up,Drives Left,Dribble Jumper,Medium/17' to 3pt,,1,100.0,2.0,100.0,0.0,0.0,0,,,,100.0,,1,100.0,0.0,,,1,0,,1.0,0.0,100.0,1,1,0,100.0,0,0,0.0,2
Shakur Daniel,Ottawa Blackjacks,2025-2026,offense,P&R ball handler,Make 2 Pts,6,Medium/17' to 3pt,P&R BH - Defense Commits > Spot-Up > Drives Left > Dribble Jumper > Medium/17' to 3pt > Make 2 Pts,P&R BH - Defense Commits,Spot-Up,Drives Left,Dribble Jumper,Medium/17' to 3pt,Make 2 Pts,1,100.0,2.0,100.0,0.0,0.0,0,,,,100.0,,1,100.0,0.0,,,1,0,,1.0,0.0,100.0,1,1,0,100.0,0,0,0.0,2
Shakur Daniel,Ottawa Blackjacks,2025-2026,offense,P&R ball handler,Drives Right,3,Spot-Up,P&R BH - Defense Commits > Spot-Up > Drives Right,P&R BH - Defense Commits,Spot-Up,Drives Right,,,,3,21.4,0.667,50.0,33.3,0.0,0,,,,50.0,,2,50.0,0.0,,,1,1,,2.0,0.0,33.3,2,1,1,50.0,0,0,0.0,2
Shakur Daniel,Ottawa Blackjacks,2025-2026,offense,P&R ball handler,To Basket,4,Drives Right,P&R BH - Defense Commits > Spot-Up > Drives Right > To Basket,P&R BH - Defense Commits,Spot-Up,Drives Right,To Basket,,,2,66.7,1.0,50.0,0.0,0.0,0,,,,50.0,,2,50.0,0.0,,,1,1,,2.0,0.0,50.0,2,1,1,50.0,0,0,0.0,2
Shakur Daniel,Ottawa Blackjacks,2025-2026,offense,P&R ball handler,Miss 2 Pts,5,To Basket,P&R BH - Defense Commits > Spot-Up > Drives Right > To Basket > Miss 2 Pts,P&R BH - Defense Commits,Spot-Up,Drives Right,To Basket,Miss 2 Pts,,1,50.0,0.0,0.0,0.0,0.0,0,,,,0.0,,1,0.0,0.0,,,0,1,,1.0,0.0,0.0,1,0,1,0.0,0,0,0.0,0
Shakur Daniel,Ottawa Blackjacks,2025-2026,offense,P&R ball handler,Make 2 Pts,5,To Basket,P&R BH - Defense Commits > Spot-Up > Drives Right > To Basket > Make 2 Pts,P&R BH - Defense Commits,Spot-Up,Drives Right,To Basket,Make 2 Pts,,1,50.0,2.0,100.0,0.0,0.0,0,,,,100.0,,1,100.0,0.0,,,1,0,,1.0,0.0,100.0,1,1,0,100.0,0,0,0.0,2
Shakur Daniel,Ottawa Blackjacks,2025-2026,offense,P&R ball handler,Turnover,4,Drives Right,P&R BH - Defense Commits > Spot-Up > Drives Right > Turnover,P&R BH - Defense Commits,Spot-Up,Drives Right,Turnover,,,1,33.3,0.0,,100.0,0.0,0,,,,,,0,,0.0,,,0,0,,0.0,,0.0,0,0,0,,0,0,,0
Shakur Daniel,Ottawa Blackjacks,2025-2026,offense,P&R ball handler,Turnover,3,Spot-Up,P&R BH - Defense Commits > Spot-Up > Turnover,P&R BH - Defense Commits,Spot-Up,Turnover,,,,1,7.1,0.0,,100.0,0.0,0,,,,,,0,,0.0,,,0,0,,0.0,,0.0,0,0,0,,0,0,,0
Shakur Daniel,Ottawa Blackjacks,2025-2026,offense,P&R ball handler,P&R Roll Man,2,P&R BH - Defense Commits,P&R BH - Defense Commits > P&R Roll Man,P&R BH - Defense Commits,P&R Roll Man,,,,,3,15.0,2.0,150.0,33.3,0.0,2,100.0,,,100.0,,2,150.0,0.0,,,2,0,,2.0,0.0,66.7,0,0,0,,2,0,1.0,6
Shakur Daniel,Ottawa Blackjacks,2025-2026,offense,P&R ball handler,Pick and Pops,3,P&R Roll Man,P&R BH - Defense Commits > P&R Roll Man > Pick and Pops,P&R BH - Defense Commits,P&R Roll Man,Pick and Pops,,,,2,66.7,1.5,150.0,50.0,0.0,1,100.0,,,100.0,,1,150.0,0.0,,,1,0,,1.0,0.0,50.0,0,0,0,,1,0,1.0,3
Shakur Daniel,Ottawa Blackjacks,2025-2026,offense,P&R ball handler,Drives Right,4,Pick and Pops,P&R BH - Defense Commits > P&R Roll Man > Pick and Pops > Drives Right,P&R BH - Defense Commits,P&R Roll Man,Pick and Pops,Drives Right,,,2,100.0,1.5,150.0,50.0,0.0,1,100.0,,,100.0,,1,150.0,0.0,,,1,0,,1.0,0.0,50.0,0,0,0,,1,0,1.0,3
Shakur Daniel,Ottawa Blackjacks,2025-2026,offense,P&R ball handler,Dribble Jumper,5,Drives Right,P&R BH - Defense Commits > P&R Roll Man > Pick and Pops > Drives Right > Dribble Jumper,P&R BH - Defense Commits,P&R Roll Man,Pick and Pops,Drives Right,Dribble Jumper,,1,50.0,3.0,150.0,0.0,0.0,1,100.0,,,100.0,,1,150.0,0.0,,,1,0,,1.0,0.0,100.0,0,0,0,,1,0,1.0,3
Shakur Daniel,Ottawa Blackjacks,2025-2026,offense,P&R ball handler,Long/3pt,6,Dribble Jumper,P&R BH - Defense Commits > P&R Roll Man > Pick and Pops > Drives Right > Dribble Jumper > Long/3pt,P&R BH - Defense Commits,P&R Roll Man,Pick and Pops,Drives Right,Dribble Jumper,Long/3pt,1,100.0,3.0,150.0,0.0,0.0,1,100.0,,,100.0,,1,150.0,0.0,,,1,0,,1.0,0.0,100.0,0,0,0,,1,0,1.0,3
Shakur Daniel,Ottawa Blackjacks,2025-2026,offense,P&R ball handler,Turnover,5,Drives Right,P&R BH - Defense Commits > P&R Roll Man > Pick and Pops > Drives Right > Turnover,P&R BH - Defense Commits,P&R Roll Man,Pick and Pops,Drives Right,Turnover,,1,50.0,0.0,,100.0,0.0,0,,,,,,0,,0.0,,,0,0,,0.0,,0.0,0,0,0,,0,0,,0
Shakur Daniel,Ottawa Blackjacks,2025-2026,offense,P&R ball handler,Slips the Pick,3,P&R Roll Man,P&R BH - Defense Commits > P&R Roll Man > Slips the Pick,P&R BH - Defense Commits,P&R Roll Man,Slips the Pick,,,,1,33.3,3.0,150.0,0.0,0.0,1,100.0,,,100.0,,1,150.0,0.0,,,1,0,,1.0,0.0,100.0,0,0,0,,1,0,1.0,3
Shakur Daniel,Ottawa Blackjacks,2025-2026,offense,P&R ball handler,No Dribble Jumper,4,Slips the Pick,P&R BH - Defense Commits > P&R Roll Man > Slips the Pick > No Dribble Jumper,P&R BH - Defense Commits,P&R Roll Man,Slips the Pick,No Dribble Jumper,,,1,100.0,3.0,150.0,0.0,0.0,1,100.0,,,100.0,,1,150.0,0.0,,,1,0,,1.0,0.0,100.0,0,0,0,,1,0,1.0,3
Shakur Daniel,Ottawa Blackjacks,2025-2026,offense,P&R ball handler,Open,5,No Dribble Jumper,P&R BH - Defense Commits > P&R Roll Man > Slips the Pick > No Dribble Jumper > Open,P&R BH - Defense Commits,P&R Roll Man,Slips the Pick,No Dribble Jumper,Open,,1,100.0,3.0,150.0,0.0,0.0,1,100.0,,,100.0,,1,150.0,0.0,,,1,0,,1.0,0.0,100.0,0,0,0,,1,0,1.0,3
Shakur Daniel,Ottawa Blackjacks,2025-2026,offense,P&R ball handler,Long/3pt,6,Open,P&R BH - Defense Commits > P&R Roll Man > Slips the Pick > No Dribble Jumper > Open > Long/3pt,P&R BH - Defense Commits,P&R Roll Man,Slips the Pick,No Dribble Jumper,Open,Long/3pt,1,100.0,3.0,150.0,0.0,0.0,1,100.0,,,100.0,,1,150.0,0.0,,,1,0,,1.0,0.0,100.0,0,0,0,,1,0,1.0,3
Shakur Daniel,Ottawa Blackjacks,2025-2026,offense,P&R ball handler,Cut,2,P&R BH - Defense Commits,P&R BH - Defense Commits > Cut,P&R BH - Defense Commits,Cut,,,,,2,10.0,1.0,50.0,0.0,0.0,0,,,,50.0,,2,50.0,0.0,,,1,1,,2.0,0.0,50.0,2,1,1,50.0,0,0,0.0,2
Shakur Daniel,Ottawa Blackjacks,2025-2026,offense,P&R ball handler,Flash,3,Cut,P&R BH - Defense Commits > Cut > Flash,P&R BH - Defense Commits,Cut,Flash,,,,1,50.0,0.0,0.0,0.0,0.0,0,,,,0.0,,1,0.0,0.0,,,0,1,,1.0,0.0,0.0,1,0,1,0.0,0,0,0.0,0
Shakur Daniel,Ottawa Blackjacks,2025-2026,offense,P&R ball handler,Miss 2 Pts,4,Flash,P&R BH - Defense Commits > Cut > Flash > Miss 2 Pts,P&R BH - Defense Commits,Cut,Flash,Miss 2 Pts,,,1,100.0,0.0,0.0,0.0,0.0,0,,,,0.0,,1,0.0,0.0,,,0,1,,1.0,0.0,0.0,1,0,1,0.0,0,0,0.0,0
Shakur Daniel,Ottawa Blackjacks,2025-2026,offense,P&R ball handler,Basket,3,Cut,P&R BH - Defense Commits > Cut > Basket,P&R BH - Defense Commits,Cut,Basket,,,,1,50.0,2.0,100.0,0.0,0.0,0,,,,100.0,,1,100.0,0.0,,,1,0,,1.0,0.0,100.0,1,1,0,100.0,0,0,0.0,2
Shakur Daniel,Ottawa Blackjacks,2025-2026,offense,P&R ball handler,Make 2 Pts,4,Basket,P&R BH - Defense Commits > Cut > Basket > Make 2 Pts,P&R BH - Defense Commits,Cut,Basket,Make 2 Pts,,,1,100.0,2.0,100.0,0.0,0.0,0,,,,100.0,,1,100.0,0.0,,,1,0,,1.0,0.0,100.0,1,1,0,100.0,0,0,0.0,2
Shakur Daniel,Ottawa Blackjacks,2025-2026,offense,P&R ball handler,P&R Ball Handler,2,P&R BH - Defense Commits,P&R BH - Defense Commits > P&R Ball Handler,P&R BH - Defense Commits,P&R Ball Handler,,,,,1,5.0,0.0,,100.0,0.0,0,,,,,,0,,0.0,,,0,0,,0.0,,0.0,0,0,0,,0,0,,0
Shakur Daniel,Ottawa Blackjacks,2025-2026,offense,P&R ball handler,High P&R,3,P&R Ball Handler,P&R BH - Defense Commits > P&R Ball Handler > High P&R,P&R BH - Defense Commits,P&R Ball Handler,High P&R,,,,1,100.0,0.0,,100.0,0.0,0,,,,,,0,,0.0,,,0,0,,0.0,,0.0,0,0,0,,0,0,,0
Shakur Daniel,Ottawa Blackjacks,2025-2026,offense,P&R ball handler,Dribble Off Pick,4,High P&R,P&R BH - Defense Commits > P&R Ball Handler > High P&R > Dribble Off Pick,P&R BH - Defense Commits,P&R Ball Handler,High P&R,Dribble Off Pick,,,1,100.0,0.0,,100.0,0.0,0,,,,,,0,,0.0,,,0,0,,0.0,,0.0,0,0,0,,0,0,,0
Shakur Daniel,Ottawa Blackjacks,2025-2026,offense,P&R ball handler,Defense Commits,5,Dribble Off Pick,P&R BH - Defense Commits > P&R Ball Handler > High P&R > Dribble Off Pick > Defense Commits,P&R BH - Defense Commits,P&R Ball Handler,High P&R,Dribble Off Pick,Defense Commits,,1,100.0,0.0,,100.0,0.0,0,,,,,,0,,0.0,,,0,0,,0.0,,0.0,0,0,0,,0,0,,0
Shakur Daniel,Ottawa Blackjacks,2025-2026,offense,P&R ball handler,Turnover,6,Defense Commits,P&R BH - Defense Commits > P&R Ball Handler > High P&R > Dribble Off Pick > Defense Commits > Turnover,P&R BH - Defense Commits,P&R Ball Handler,High P&R,Dribble Off Pick,Defense Commits,Turnover,1,100.0,0.0,,100.0,0.0,0,,,,,,0,,0.0,,,0,0,,0.0,,0.0,0,0,0,,0,0,,0
Shakur Daniel,Ottawa Blackjacks,2025-2026,offense,P&R ball handler,P&R BH - Traps,1,,P&R BH - Traps,P&R BH - Traps,,,,,,0,0.0,,,,,0,,,,,,0,,,,,0,0,,0.0,,,0,0,0,,0,0,,0
Shakur Daniel,Ottawa Blackjacks,2025-2026,offense,Isolation,ISO Including Passes,1,,ISO Including Passes,ISO Including Passes,,,,,,9,9.1,0.556,30.0,11.1,22.2,2,0.0,,,14.3,,7,14.3,22.2,,,1,6,,8.3,0.43,22.2,5,1,4,20.0,0,2,0.29,5
Shakur Daniel,Ottawa Blackjacks,2025-2026,offense,Isolation,Isolation,2,ISO Including Passes,ISO Including Passes > Isolation,ISO Including Passes,Isolation,,,,,5,55.6,1.0,47.0,0.0,40.0,0,,,,25.0,,4,25.0,40.0,,,1,3,,5.3,0.75,40.0,4,1,3,25.0,0,0,0.0,5
Shakur Daniel,Ottawa Blackjacks,2025-2026,offense,Isolation,Right,3,Isolation,ISO Including Passes > Isolation > Right,ISO Including Passes,Isolation,Right,,,,2,40.0,0.0,0.0,0.0,0.0,0,,,,0.0,,2,0.0,0.0,,,0,2,,2.0,0.0,0.0,2,0,2,0.0,0,0,0.0,0
Shakur Daniel,Ottawa Blackjacks,2025-2026,offense,Isolation,Drives Right,4,Right,ISO Including Passes > Isolation > Right > Drives Right,ISO Including Passes,Isolation,Right,Drives Right,,,1,50.0,0.0,0.0,0.0,0.0,0,,,,0.0,,1,0.0,0.0,,,0,1,,1.0,0.0,0.0,1,0,1,0.0,0,0,0.0,0
Shakur Daniel,Ottawa Blackjacks,2025-2026,offense,Isolation,Dribble Jumper,5,Drives Right,ISO Including Passes > Isolation > Right > Drives Right > Dribble Jumper,ISO Including Passes,Isolation,Right,Drives Right,Dribble Jumper,,1,100.0,0.0,0.0,0.0,0.0,0,,,,0.0,,1,0.0,0.0,,,0,1,,1.0,0.0,0.0,1,0,1,0.0,0,0,0.0,0
Shakur Daniel,Ottawa Blackjacks,2025-2026,offense,Isolation,Short to < 17,6,Dribble Jumper,ISO Including Passes > Isolation > Right > Drives Right > Dribble Jumper > Short to < 17,ISO Including Passes,Isolation,Right,Drives Right,Dribble Jumper,Short to < 17,1,100.0,0.0,0.0,0.0,0.0,0,,,,0.0,,1,0.0,0.0,,,0,1,,1.0,0.0,0.0,1,0,1,0.0,0,0,0.0,0
Shakur Daniel,Ottawa Blackjacks,2025-2026,offense,Isolation,Drives Left,4,Right,ISO Including Passes > Isolation > Right > Drives Left,ISO Including Passes,Isolation,Right,Drives Left,,,1,50.0,0.0,0.0,0.0,0.0,0,,,,0.0,,1,0.0,0.0,,,0,1,,1.0,0.0,0.0,1,0,1,0.0,0,0,0.0,0
Shakur Daniel,Ottawa Blackjacks,2025-2026,offense,Isolation,Dribble Jumper,5,Drives Left,ISO Including Passes > Isolation > Right > Drives Left > Dribble Jumper,ISO Including Passes,Isolation,Right,Drives Left,Dribble Jumper,,1,100.0,0.0,0.0,0.0,0.0,0,,,,0.0,,1,0.0,0.0,,,0,1,,1.0,0.0,0.0,1,0,1,0.0,0,0,0.0,0
Shakur Daniel,Ottawa Blackjacks,2025-2026,offense,Isolation,Short to < 17,6,Dribble Jumper,ISO Including Passes > Isolation > Right > Drives Left > Dribble Jumper > Short to < 17,ISO Including Passes,Isolation,Right,Drives Left,Dribble Jumper,Short to < 17,1,100.0,0.0,0.0,0.0,0.0,0,,,,0.0,,1,0.0,0.0,,,0,1,,1.0,0.0,0.0,1,0,1,0.0,0,0,0.0,0
Shakur Daniel,Ottawa Blackjacks,2025-2026,offense,Isolation,Top,3,Isolation,ISO Including Passes > Isolation > Top,ISO Including Passes,Isolation,Top,,,,2,40.0,2.5,107.8,0.0,100.0,0,,,,100.0,,1,100.0,100.0,,,1,0,,2.3,3.0,100.0,1,1,0,100.0,0,0,0.0,5
Shakur Daniel,Ottawa Blackjacks,2025-2026,offense,Isolation,Drives Left,4,Top,ISO Including Passes > Isolation > Top > Drives Left,ISO Including Passes,Isolation,Top,Drives Left,,,2,100.0,2.5,107.8,0.0,100.0,0,,,,100.0,,1,100.0,100.0,,,1,0,,2.3,3.0,100.0,1,1,0,100.0,0,0,0.0,5
Shakur Daniel,Ottawa Blackjacks,2025-2026,offense,Isolation,To Basket,5,Drives Left,ISO Including Passes > Isolation > Top > Drives Left > To Basket,ISO Including Passes,Isolation,Top,Drives Left,To Basket,,2,100.0,2.5,107.8,0.0,100.0,0,,,,100.0,,1,100.0,100.0,,,1,0,,2.3,3.0,100.0,1,1,0,100.0,0,0,0.0,5
Shakur Daniel,Ottawa Blackjacks,2025-2026,offense,Isolation,Foul,6,To Basket,ISO Including Passes > Isolation > Top > Drives Left > To Basket > Foul,ISO Including Passes,Isolation,Top,Drives Left,To Basket,Foul,1,50.0,2.0,113.6,0.0,100.0,0,,,,,,0,,100.0,,,0,0,,0.9,,100.0,0,0,0,,0,0,,2
Shakur Daniel,Ottawa Blackjacks,2025-2026,offense,Isolation,Make 2 Pts Foul,6,To Basket,ISO Including Passes > Isolation > Top > Drives Left > To Basket > Make 2 Pts Foul,ISO Including Passes,Isolation,Top,Drives Left,To Basket,Make 2 Pts Foul,1,50.0,3.0,104.2,0.0,100.0,0,,,,100.0,,1,100.0,100.0,,,1,0,,1.4,1.0,100.0,1,1,0,100.0,0,0,0.0,3
Shakur Daniel,Ottawa Blackjacks,2025-2026,offense,Isolation,Left,3,Isolation,ISO Including Passes > Isolation > Left,ISO Including Passes,Isolation,Left,,,,1,20.0,0.0,0.0,0.0,0.0,0,,,,0.0,,1,0.0,0.0,,,0,1,,1.0,0.0,0.0,1,0,1,0.0,0,0,0.0,0
Shakur Daniel,Ottawa Blackjacks,2025-2026,offense,Isolation,Drives Left,4,Left,ISO Including Passes > Isolation > Left > Drives Left,ISO Including Passes,Isolation,Left,Drives Left,,,1,100.0,0.0,0.0,0.0,0.0,0,,,,0.0,,1,0.0,0.0,,,0,1,,1.0,0.0,0.0,1,0,1,0.0,0,0,0.0,0
Shakur Daniel,Ottawa Blackjacks,2025-2026,offense,Isolation,To Basket,5,Drives Left,ISO Including Passes > Isolation > Left > Drives Left > To Basket,ISO Including Passes,Isolation,Left,Drives Left,To Basket,,1,100.0,0.0,0.0,0.0,0.0,0,,,,0.0,,1,0.0,0.0,,,0,1,,1.0,0.0,0.0,1,0,1,0.0,0,0,0.0,0
Shakur Daniel,Ottawa Blackjacks,2025-2026,offense,Isolation,Miss 2 Pts,6,To Basket,ISO Including Passes > Isolation > Left > Drives Left > To Basket > Miss 2 Pts,ISO Including Passes,Isolation,Left,Drives Left,To Basket,Miss 2 Pts,1,100.0,0.0,0.0,0.0,0.0,0,,,,0.0,,1,0.0,0.0,,,0,1,,1.0,0.0,0.0,1,0,1,0.0,0,0,0.0,0
Shakur Daniel,Ottawa Blackjacks,2025-2026,offense,Isolation,Spot-Up,2,ISO Including Passes,ISO Including Passes > Spot-Up,ISO Including Passes,Spot-Up,,,,,4,44.4,0.0,0.0,25.0,0.0,2,0.0,,,0.0,,3,0.0,0.0,,,0,3,,3.0,0.0,0.0,1,0,1,0.0,0,2,0.67,0
Shakur Daniel,Ottawa Blackjacks,2025-2026,offense,Isolation,Drives Left,3,Spot-Up,ISO Including Passes > Spot-Up > Drives Left,ISO Including Passes,Spot-Up,Drives Left,,,,2,50.0,0.0,0.0,50.0,0.0,1,0.0,,,0.0,,1,0.0,0.0,,,0,1,,1.0,0.0,0.0,0,0,0,,0,1,1.0,0
Shakur Daniel,Ottawa Blackjacks,2025-2026,offense,Isolation,Dribble Jumper,4,Drives Left,ISO Including Passes > Spot-Up > Drives Left > Dribble Jumper,ISO Including Passes,Spot-Up,Drives Left,Dribble Jumper,,,1,50.0,0.0,0.0,0.0,0.0,1,0.0,,,0.0,,1,0.0,0.0,,,0,1,,1.0,0.0,0.0,0,0,0,,0,1,1.0,0
Shakur Daniel,Ottawa Blackjacks,2025-2026,offense,Isolation,Long/3pt,5,Dribble Jumper,ISO Including Passes > Spot-Up > Drives Left > Dribble Jumper > Long/3pt,ISO Including Passes,Spot-Up,Drives Left,Dribble Jumper,Long/3pt,,1,100.0,0.0,0.0,0.0,0.0,1,0.0,,,0.0,,1,0.0,0.0,,,0,1,,1.0,0.0,0.0,0,0,0,,0,1,1.0,0
Shakur Daniel,Ottawa Blackjacks,2025-2026,offense,Isolation,Miss 3 Pts,6,Long/3pt,ISO Including Passes > Spot-Up > Drives Left > Dribble Jumper > Long/3pt > Miss 3 Pts,ISO Including Passes,Spot-Up,Drives Left,Dribble Jumper,Long/3pt,Miss 3 Pts,1,100.0,0.0,0.0,0.0,0.0,1,0.0,,,0.0,,1,0.0,0.0,,,0,1,,1.0,0.0,0.0,0,0,0,,0,1,1.0,0
Shakur Daniel,Ottawa Blackjacks,2025-2026,offense,Isolation,Turnover,4,Drives Left,ISO Including Passes > Spot-Up > Drives Left > Turnover,ISO Including Passes,Spot-Up,Drives Left,Turnover,,,1,50.0,0.0,,100.0,0.0,0,,,,,,0,,0.0,,,0,0,,0.0,,0.0,0,0,0,,0,0,,0
Shakur Daniel,Ottawa Blackjacks,2025-2026,offense,Isolation,No Dribble Jumper,3,Spot-Up,ISO Including Passes > Spot-Up > No Dribble Jumper,ISO Including Passes,Spot-Up,No Dribble Jumper,,,,1,25.0,0.0,0.0,0.0,0.0,1,0.0,,,0.0,,1,0.0,0.0,,,0,1,,1.0,0.0,0.0,0,0,0,,0,1,1.0,0
Shakur Daniel,Ottawa Blackjacks,2025-2026,offense,Isolation,Guarded,4,No Dribble Jumper,ISO Including Passes > Spot-Up > No Dribble Jumper > Guarded,ISO Including Passes,Spot-Up,No Dribble Jumper,Guarded,,,1,100.0,0.0,0.0,0.0,0.0,1,0.0,,,0.0,,1,0.0,0.0,,,0,1,,1.0,0.0,0.0,0,0,0,,0,1,1.0,0
Shakur Daniel,Ottawa Blackjacks,2025-2026,offense,Isolation,Long/3pt,5,Guarded,ISO Including Passes > Spot-Up > No Dribble Jumper > Guarded > Long/3pt,ISO Including Passes,Spot-Up,No Dribble Jumper,Guarded,Long/3pt,,1,100.0,0.0,0.0,0.0,0.0,1,0.0,,,0.0,,1,0.0,0.0,,,0,1,,1.0,0.0,0.0,0,0,0,,0,1,1.0,0
Shakur Daniel,Ottawa Blackjacks,2025-2026,offense,Isolation,Miss 3 Pts,6,Long/3pt,ISO Including Passes > Spot-Up > No Dribble Jumper > Guarded > Long/3pt > Miss 3 Pts,ISO Including Passes,Spot-Up,No Dribble Jumper,Guarded,Long/3pt,Miss 3 Pts,1,100.0,0.0,0.0,0.0,0.0,1,0.0,,,0.0,,1,0.0,0.0,,,0,1,,1.0,0.0,0.0,0,0,0,,0,1,1.0,0
Shakur Daniel,Ottawa Blackjacks,2025-2026,offense,Isolation,Drives Right,3,Spot-Up,ISO Including Passes > Spot-Up > Drives Right,ISO Including Passes,Spot-Up,Drives Right,,,,1,25.0,0.0,0.0,0.0,0.0,0,,,,0.0,,1,0.0,0.0,,,0,1,,1.0,0.0,0.0,1,0,1,0.0,0,0,0.0,0
Shakur Daniel,Ottawa Blackjacks,2025-2026,offense,Isolation,To Basket,4,Drives Right,ISO Including Passes > Spot-Up > Drives Right > To Basket,ISO Including Passes,Spot-Up,Drives Right,To Basket,,,1,100.0,0.0,0.0,0.0,0.0,0,,,,0.0,,1,0.0,0.0,,,0,1,,1.0,0.0,0.0,1,0,1,0.0,0,0,0.0,0
Shakur Daniel,Ottawa Blackjacks,2025-2026,offense,Isolation,Miss 2 Pts,5,To Basket,ISO Including Passes > Spot-Up > Drives Right > To Basket > Miss 2 Pts,ISO Including Passes,Spot-Up,Drives Right,To Basket,Miss 2 Pts,,1,100.0,0.0,0.0,0.0,0.0,0,,,,0.0,,1,0.0,0.0,,,0,1,,1.0,0.0,0.0,1,0,1,0.0,0,0,0.0,0
Shakur Daniel,Ottawa Blackjacks,2025-2026,offense,Isolation,ISO - Defense Commits,1,,ISO - Defense Commits,ISO - Defense Commits,,,,,,4,4.0,0.0,0.0,25.0,0.0,2,0.0,,,0.0,,3,0.0,0.0,,,0,3,,3.0,0.0,0.0,1,0,1,0.0,0,2,0.67,0
Shakur Daniel,Ottawa Blackjacks,2025-2026,offense,Isolation,Drives Left,2,ISO - Defense Commits,ISO - Defense Commits > Drives Left,ISO - Defense Commits,Drives Left,,,,,2,50.0,0.0,0.0,50.0,0.0,1,0.0,,,0.0,,1,0.0,0.0,,,0,1,,1.0,0.0,0.0,0,0,0,,0,1,1.0,0
Shakur Daniel,Ottawa Blackjacks,2025-2026,offense,Isolation,Dribble Jumper,3,Drives Left,ISO - Defense Commits > Drives Left > Dribble Jumper,ISO - Defense Commits,Drives Left,Dribble Jumper,,,,1,50.0,0.0,0.0,0.0,0.0,1,0.0,,,0.0,,1,0.0,0.0,,,0,1,,1.0,0.0,0.0,0,0,0,,0,1,1.0,0
Shakur Daniel,Ottawa Blackjacks,2025-2026,offense,Isolation,Long/3pt,4,Dribble Jumper,ISO - Defense Commits > Drives Left > Dribble Jumper > Long/3pt,ISO - Defense Commits,Drives Left,Dribble Jumper,Long/3pt,,,1,100.0,0.0,0.0,0.0,0.0,1,0.0,,,0.0,,1,0.0,0.0,,,0,1,,1.0,0.0,0.0,0,0,0,,0,1,1.0,0
Shakur Daniel,Ottawa Blackjacks,2025-2026,offense,Isolation,Miss 3 Pts,5,Long/3pt,ISO - Defense Commits > Drives Left > Dribble Jumper > Long/3pt > Miss 3 Pts,ISO - Defense Commits,Drives Left,Dribble Jumper,Long/3pt,Miss 3 Pts,,1,100.0,0.0,0.0,0.0,0.0,1,0.0,,,0.0,,1,0.0,0.0,,,0,1,,1.0,0.0,0.0,0,0,0,,0,1,1.0,0
Shakur Daniel,Ottawa Blackjacks,2025-2026,offense,Isolation,Turnover,3,Drives Left,ISO - Defense Commits > Drives Left > Turnover,ISO - Defense Commits,Drives Left,Turnover,,,,1,50.0,0.0,,100.0,0.0,0,,,,,,0,,0.0,,,0,0,,0.0,,0.0,0,0,0,,0,0,,0
Shakur Daniel,Ottawa Blackjacks,2025-2026,offense,Isolation,Drives Right,2,ISO - Defense Commits,ISO - Defense Commits > Drives Right,ISO - Defense Commits,Drives Right,,,,,1,25.0,0.0,0.0,0.0,0.0,0,,,,0.0,,1,0.0,0.0,,,0,1,,1.0,0.0,0.0,1,0,1,0.0,0,0,0.0,0
Shakur Daniel,Ottawa Blackjacks,2025-2026,offense,Isolation,To Basket,3,Drives Right,ISO - Defense Commits > Drives Right > To Basket,ISO - Defense Commits,Drives Right,To Basket,,,,1,100.0,0.0,0.0,0.0,0.0,0,,,,0.0,,1,0.0,0.0,,,0,1,,1.0,0.0,0.0,1,0,1,0.0,0,0,0.0,0
Shakur Daniel,Ottawa Blackjacks,2025-2026,offense,Isolation,Miss 2 Pts,4,To Basket,ISO - Defense Commits > Drives Right > To Basket > Miss 2 Pts,ISO - Defense Commits,Drives Right,To Basket,Miss 2 Pts,,,1,100.0,0.0,0.0,0.0,0.0,0,,,,0.0,,1,0.0,0.0,,,0,1,,1.0,0.0,0.0,1,0,1,0.0,0,0,0.0,0
Shakur Daniel,Ottawa Blackjacks,2025-2026,offense,Isolation,No Dribble Jumper,2,ISO - Defense Commits,ISO - Defense Commits > No Dribble Jumper,ISO - Defense Commits,No Dribble Jumper,,,,,1,25.0,0.0,0.0,0.0,0.0,1,0.0,,,0.0,,1,0.0,0.0,,,0,1,,1.0,0.0,0.0,0,0,0,,0,1,1.0,0
Shakur Daniel,Ottawa Blackjacks,2025-2026,offense,Isolation,Guarded,3,No Dribble Jumper,ISO - Defense Commits > No Dribble Jumper > Guarded,ISO - Defense Commits,No Dribble Jumper,Guarded,,,,1,100.0,0.0,0.0,0.0,0.0,1,0.0,,,0.0,,1,0.0,0.0,,,0,1,,1.0,0.0,0.0,0,0,0,,0,1,1.0,0
Shakur Daniel,Ottawa Blackjacks,2025-2026,offense,Isolation,Long/3pt,4,Guarded,ISO - Defense Commits > No Dribble Jumper > Guarded > Long/3pt,ISO - Defense Commits,No Dribble Jumper,Guarded,Long/3pt,,,1,100.0,0.0,0.0,0.0,0.0,1,0.0,,,0.0,,1,0.0,0.0,,,0,1,,1.0,0.0,0.0,0,0,0,,0,1,1.0,0
Shakur Daniel,Ottawa Blackjacks,2025-2026,offense,Isolation,Miss 3 Pts,5,Long/3pt,ISO - Defense Commits > No Dribble Jumper > Guarded > Long/3pt > Miss 3 Pts,ISO - Defense Commits,No Dribble Jumper,Guarded,Long/3pt,Miss 3 Pts,,1,100.0,0.0,0.0,0.0,0.0,1,0.0,,,0.0,,1,0.0,0.0,,,0,1,,1.0,0.0,0.0,0,0,0,,0,1,1.0,0
Shakur Daniel,Ottawa Blackjacks,2025-2026,offense,Post up,Post-Ups Including Passes,1,,Post-Ups Including Passes,Post-Ups Including Passes,,,,,,1,1.0,1.0,56.8,0.0,100.0,0,,,,,,0,,100.0,,,0,0,,0.9,,100.0,0,0,0,,0,0,,1
Shakur Daniel,Ottawa Blackjacks,2025-2026,offense,Post up,Left Block,2,Post-Ups Including Passes,Post-Ups Including Passes > Left Block,Post-Ups Including Passes,Left Block,,,,,1,100.0,1.0,56.8,0.0,100.0,0,,,,,,0,,100.0,,,0,0,,0.9,,100.0,0,0,0,,0,0,,1
Shakur Daniel,Ottawa Blackjacks,2025-2026,offense,Post up,Right Shoulder,3,Left Block,Post-Ups Including Passes > Left Block > Right Shoulder,Post-Ups Including Passes,Left Block,Right Shoulder,,,,1,100.0,1.0,56.8,0.0,100.0,0,,,,,,0,,100.0,,,0,0,,0.9,,100.0,0,0,0,,0,0,,1
Shakur Daniel,Ottawa Blackjacks,2025-2026,offense,Post up,Dribble Move,4,Right Shoulder,Post-Ups Including Passes > Left Block > Right Shoulder > Dribble Move,Post-Ups Including Passes,Left Block,Right Shoulder,Dribble Move,,,1,100.0,1.0,56.8,0.0,100.0,0,,,,,,0,,100.0,,,0,0,,0.9,,100.0,0,0,0,,0,0,,1
Shakur Daniel,Ottawa Blackjacks,2025-2026,offense,Post up,To Drop Step,5,Dribble Move,Post-Ups Including Passes > Left Block > Right Shoulder > Dribble Move > To Drop Step,Post-Ups Including Passes,Left Block,Right Shoulder,Dribble Move,To Drop Step,,1,100.0,1.0,56.8,0.0,100.0,0,,,,,,0,,100.0,,,0,0,,0.9,,100.0,0,0,0,,0,0,,1
Shakur Daniel,Ottawa Blackjacks,2025-2026,offense,Post up,Post-Up - Defense Commits,1,,Post-Up - Defense Commits,Post-Up - Defense Commits,,,,,,0,0.0,,,,,0,,,,,,0,,,,,0,0,,0.0,,,0,0,0,,0,0,,0
Shakur Daniel,Ottawa Blackjacks,2025-2026,offense,Post up,Post-Up - Hard Double,1,,Post-Up - Hard Double,Post-Up - Hard Double,,,,,,1,1.0,1.0,56.8,0.0,100.0,0,,,,,,0,,100.0,,,0,0,,0.9,,100.0,0,0,0,,0,0,,1
Shakur Daniel,Ottawa Blackjacks,2025-2026,offense,Post up,Left Block,2,Post-Up - Hard Double,Post-Up - Hard Double > Left Block,Post-Up - Hard Double,Left Block,,,,,1,100.0,1.0,56.8,0.0,100.0,0,,,,,,0,,100.0,,,0,0,,0.9,,100.0,0,0,0,,0,0,,1
Shakur Daniel,Ottawa Blackjacks,2025-2026,offense,Post up,Right Shoulder,3,Left Block,Post-Up - Hard Double > Left Block > Right Shoulder,Post-Up - Hard Double,Left Block,Right Shoulder,,,,1,100.0,1.0,56.8,0.0,100.0,0,,,,,,0,,100.0,,,0,0,,0.9,,100.0,0,0,0,,0,0,,1
Shakur Daniel,Ottawa Blackjacks,2025-2026,offense,Post up,Dribble Move,4,Right Shoulder,Post-Up - Hard Double > Left Block > Right Shoulder > Dribble Move,Post-Up - Hard Double,Left Block,Right Shoulder,Dribble Move,,,1,100.0,1.0,56.8,0.0,100.0,0,,,,,,0,,100.0,,,0,0,,0.9,,100.0,0,0,0,,0,0,,1
Shakur Daniel,Ottawa Blackjacks,2025-2026,offense,Post up,To Drop Step,5,Dribble Move,Post-Up - Hard Double > Left Block > Right Shoulder > Dribble Move > To Drop Step,Post-Up - Hard Double,Left Block,Right Shoulder,Dribble Move,To Drop Step,,1,100.0,1.0,56.8,0.0,100.0,0,,,,,,0,,100.0,,,0,0,,0.9,,100.0,0,0,0,,0,0,,1
