PLAYER,TEAM,SEASON,SIDE,TABLE,STAT,DEPTH,PARENT,PATH,LEVEL_1,LEVEL_2,LEVEL_3,LEVEL_4,LEVEL_5,LEVEL_6,POSS,%TIME,PPP,TS%,TO%,%FT,3FG ATT,3 FG%,PPP RATING,PPP RANK,FG%,%TIME RANK,FG ATT,EFG%,%SF,SSQ,PPS,FG MADE,FG MISS,SSM,TSA,FTA/FGA,SCORE%,2 FG ATT,2 FG MADE,2 FG MISS,2 FG%,3 FG MADE,3 FG MISS,3PA/FGA,PTS
Keeshawn Barthelemy,Montréal Alliance,2026-2027,offense,Play types,P&R Ball Handler,1,,P&R Ball Handler,P&R Ball Handler,,,,,,33,25.6,0.909,51.9,12.1,3.0,11,36.4,Very Good,66.0,42.9,49.0,28,50.0,3.0,,,12,16,,29,0.07,39.4,17,8,9,47.1,4,7,0.39,30
Keeshawn Barthelemy,Montréal Alliance,2026-2027,offense,Play types,P&R Ball Handler - Overall,2,P&R Ball Handler,P&R Ball Handler > P&R Ball Handler - Overall,P&R Ball Handler,P&R Ball Handler - Overall,,,,,33,100.0,0.909,51.9,12.1,3.0,11,36.4,,,42.9,,28,50.0,3.0,,,12,16,,29,0.07,39.4,17,8,9,47.1,4,7,0.39,30
Keeshawn Barthelemy,Montréal Alliance,2026-2027,offense,Play types,Dribble Off Pick,3,P&R Ball Handler - Overall,P&R Ball Handler > P&R Ball Handler - Overall > Dribble Off Pick,P&R Ball Handler,P&R Ball Handler - Overall,Dribble Off Pick,,,,27,81.8,0.926,50.0,7.4,0.0,10,30.0,,,44.0,,25,50.0,0.0,,,11,14,,25,0.0,40.7,15,8,7,53.3,3,7,0.4,25
Keeshawn Barthelemy,Montréal Alliance,2026-2027,offense,Play types,Go Away from Pick,3,P&R Ball Handler - Overall,P&R Ball Handler > P&R Ball Handler - Overall > Go Away from Pick,P&R Ball Handler,P&R Ball Handler - Overall,Go Away from Pick,,,,5,15.2,1.0,64.4,20.0,20.0,1,100.0,,,33.3,,3,50.0,20.0,,,1,2,,4,0.67,40.0,2,0,2,0.0,1,0,0.33,5
Keeshawn Barthelemy,Montréal Alliance,2026-2027,offense,Play types,Turnover,3,P&R Ball Handler - Overall,P&R Ball Handler > P&R Ball Handler - Overall > Turnover,P&R Ball Handler,P&R Ball Handler - Overall,Turnover,,,,1,3.0,0.0,,100.0,0.0,0,,,,,,0,,0.0,,,0,0,,0,,0.0,0,0,0,,0,0,,0
Keeshawn Barthelemy,Montréal Alliance,2026-2027,offense,Play types,High P&R,2,P&R Ball Handler,P&R Ball Handler > High P&R,P&R Ball Handler,High P&R,,,,,24,72.7,0.875,50.0,12.5,0.0,7,42.9,,,42.9,,21,50.0,0.0,,,9,12,,21,0.0,37.5,14,6,8,42.9,3,4,0.33,21
Keeshawn Barthelemy,Montréal Alliance,2026-2027,offense,Play types,Dribble Off Pick,3,High P&R,P&R Ball Handler > High P&R > Dribble Off Pick,P&R Ball Handler,High P&R,Dribble Off Pick,,,,21,87.5,1.0,52.5,4.8,0.0,7,42.9,,,45.0,,20,52.5,0.0,,,9,11,,20,0.0,42.9,13,6,7,46.2,3,4,0.35,21
Keeshawn Barthelemy,Montréal Alliance,2026-2027,offense,Play types,Dribble Jumper,4,Dribble Off Pick,P&R Ball Handler > High P&R > Dribble Off Pick > Dribble Jumper,P&R Ball Handler,High P&R,Dribble Off Pick,Dribble Jumper,,,15,71.4,1.0,50.0,0.0,0.0,7,42.9,,,40.0,,15,50.0,0.0,,,6,9,,15,0.0,40.0,8,3,5,37.5,3,4,0.47,15
Keeshawn Barthelemy,Montréal Alliance,2026-2027,offense,Play types,Long/3pt,5,Dribble Jumper,P&R Ball Handler > High P&R > Dribble Off Pick > Dribble Jumper > Long/3pt,P&R Ball Handler,High P&R,Dribble Off Pick,Dribble Jumper,Long/3pt,,7,46.7,1.286,64.3,0.0,0.0,7,42.9,,,42.9,,7,64.3,0.0,,,3,4,,7,0.0,42.9,0,0,0,,3,4,1.0,9
Keeshawn Barthelemy,Montréal Alliance,2026-2027,offense,Play types,Short to < 17,5,Dribble Jumper,P&R Ball Handler > High P&R > Dribble Off Pick > Dribble Jumper > Short to < 17,P&R Ball Handler,High P&R,Dribble Off Pick,Dribble Jumper,Short to < 17,,6,40.0,1.0,50.0,0.0,0.0,0,,,,50.0,,6,50.0,0.0,,,3,3,,6,0.0,50.0,6,3,3,50.0,0,0,0.0,6
Keeshawn Barthelemy,Montréal Alliance,2026-2027,offense,Play types,Medium/17' to 3pt,5,Dribble Jumper,P&R Ball Handler > High P&R > Dribble Off Pick > Dribble Jumper > Medium/17' to 3pt,P&R Ball Handler,High P&R,Dribble Off Pick,Dribble Jumper,Medium/17' to 3pt,,2,13.3,0.0,0.0,0.0,0.0,0,,,,0.0,,2,0.0,0.0,,,0,2,,2,0.0,0.0,2,0,2,0.0,0,0,0.0,0
Keeshawn Barthelemy,Montréal Alliance,2026-2027,offense,Play types,To Basket,4,Dribble Off Pick,P&R Ball Handler > High P&R > Dribble Off Pick > To Basket,P&R Ball Handler,High P&R,Dribble Off Pick,To Basket,,,5,23.8,1.2,60.0,0.0,0.0,0,,,,60.0,,5,60.0,0.0,,,3,2,,5,0.0,60.0,5,3,2,60.0,0,0,0.0,6
Keeshawn Barthelemy,Montréal Alliance,2026-2027,offense,Play types,Make 2 Pts,5,To Basket,P&R Ball Handler > High P&R > Dribble Off Pick > To Basket > Make 2 Pts,P&R Ball Handler,High P&R,Dribble Off Pick,To Basket,Make 2 Pts,,3,60.0,2.0,100.0,0.0,0.0,0,,,,100.0,,3,100.0,0.0,,,3,0,,3,0.0,100.0,3,3,0,100.0,0,0,0.0,6
Keeshawn Barthelemy,Montréal Alliance,2026-2027,offense,Play types,Miss 2 Pts,5,To Basket,P&R Ball Handler > High P&R > Dribble Off Pick > To Basket > Miss 2 Pts,P&R Ball Handler,High P&R,Dribble Off Pick,To Basket,Miss 2 Pts,,2,40.0,0.0,0.0,0.0,0.0,0,,,,0.0,,2,0.0,0.0,,,0,2,,2,0.0,0.0,2,0,2,0.0,0,0,0.0,0
Keeshawn Barthelemy,Montréal Alliance,2026-2027,offense,Play types,Defense Commits,4,Dribble Off Pick,P&R Ball Handler > High P&R > Dribble Off Pick > Defense Commits,P&R Ball Handler,High P&R,Dribble Off Pick,Defense Commits,,,1,4.8,0.0,,100.0,0.0,0,,,,,,0,,0.0,,,0,0,,0,,0.0,0,0,0,,0,0,,0
Keeshawn Barthelemy,Montréal Alliance,2026-2027,offense,Play types,Turnover,5,Defense Commits,P&R Ball Handler > High P&R > Dribble Off Pick > Defense Commits > Turnover,P&R Ball Handler,High P&R,Dribble Off Pick,Defense Commits,Turnover,,1,100.0,0.0,,100.0,0.0,0,,,,,,0,,0.0,,,0,0,,0,,0.0,0,0,0,,0,0,,0
Keeshawn Barthelemy,Montréal Alliance,2026-2027,offense,Play types,Go Away from Pick,3,High P&R,P&R Ball Handler > High P&R > Go Away from Pick,P&R Ball Handler,High P&R,Go Away from Pick,,,,2,8.3,0.0,0.0,50.0,0.0,0,,,,0.0,,1,0.0,0.0,,,0,1,,1,0.0,0.0,1,0,1,0.0,0,0,0.0,0
Keeshawn Barthelemy,Montréal Alliance,2026-2027,offense,Play types,Defense Commits,4,Go Away from Pick,P&R Ball Handler > High P&R > Go Away from Pick > Defense Commits,P&R Ball Handler,High P&R,Go Away from Pick,Defense Commits,,,1,50.0,0.0,,100.0,0.0,0,,,,,,0,,0.0,,,0,0,,0,,0.0,0,0,0,,0,0,,0
Keeshawn Barthelemy,Montréal Alliance,2026-2027,offense,Play types,Turnover,5,Defense Commits,P&R Ball Handler > High P&R > Go Away from Pick > Defense Commits > Turnover,P&R Ball Handler,High P&R,Go Away from Pick,Defense Commits,Turnover,,1,100.0,0.0,,100.0,0.0,0,,,,,,0,,0.0,,,0,0,,0,,0.0,0,0,0,,0,0,,0
Keeshawn Barthelemy,Montréal Alliance,2026-2027,offense,Play types,To Basket,4,Go Away from Pick,P&R Ball Handler > High P&R > Go Away from Pick > To Basket,P&R Ball Handler,High P&R,Go Away from Pick,To Basket,,,1,50.0,0.0,0.0,0.0,0.0,0,,,,0.0,,1,0.0,0.0,,,0,1,,1,0.0,0.0,1,0,1,0.0,0,0,0.0,0
Keeshawn Barthelemy,Montréal Alliance,2026-2027,offense,Play types,Miss 2 Pts,5,To Basket,P&R Ball Handler > High P&R > Go Away from Pick > To Basket > Miss 2 Pts,P&R Ball Handler,High P&R,Go Away from Pick,To Basket,Miss 2 Pts,,1,100.0,0.0,0.0,0.0,0.0,0,,,,0.0,,1,0.0,0.0,,,0,1,,1,0.0,0.0,1,0,1,0.0,0,0,0.0,0
Keeshawn Barthelemy,Montréal Alliance,2026-2027,offense,Play types,Turnover,3,High P&R,P&R Ball Handler > High P&R > Turnover,P&R Ball Handler,High P&R,Turnover,,,,1,4.2,0.0,,100.0,0.0,0,,,,,,0,,0.0,,,0,0,,0,,0.0,0,0,0,,0,0,,0
Keeshawn Barthelemy,Montréal Alliance,2026-2027,offense,Play types,Left P&R,2,P&R Ball Handler,P&R Ball Handler > Left P&R,P&R Ball Handler,Left P&R,,,,,5,15.2,0.4,25.8,20.0,20.0,2,0.0,,,0.0,,3,0.0,20.0,,,0,3,,4,0.67,20.0,1,0,1,0.0,0,2,0.67,2
Keeshawn Barthelemy,Montréal Alliance,2026-2027,offense,Play types,Side,3,Left P&R,P&R Ball Handler > Left P&R > Side,P&R Ball Handler,Left P&R,Side,,,,4,80.0,0.5,34.7,25.0,25.0,1,0.0,,,0.0,,2,0.0,25.0,,,0,2,,3,1.0,25.0,1,0,1,0.0,0,1,0.5,2
Keeshawn Barthelemy,Montréal Alliance,2026-2027,offense,Play types,Go Away from Pick,4,Side,P&R Ball Handler > Left P&R > Side > Go Away from Pick,P&R Ball Handler,Left P&R,Side,Go Away from Pick,,,2,50.0,1.0,53.2,0.0,50.0,0,,,,0.0,,1,0.0,50.0,,,0,1,,2,2.0,50.0,1,0,1,0.0,0,0,0.0,2
Keeshawn Barthelemy,Montréal Alliance,2026-2027,offense,Play types,To Basket,5,Go Away from Pick,P&R Ball Handler > Left P&R > Side > Go Away from Pick > To Basket,P&R Ball Handler,Left P&R,Side,Go Away from Pick,To Basket,,2,100.0,1.0,53.2,0.0,50.0,0,,,,0.0,,1,0.0,50.0,,,0,1,,2,2.0,50.0,1,0,1,0.0,0,0,0.0,2
Keeshawn Barthelemy,Montréal Alliance,2026-2027,offense,Play types,Dribble Off Pick,4,Side,P&R Ball Handler > Left P&R > Side > Dribble Off Pick,P&R Ball Handler,Left P&R,Side,Dribble Off Pick,,,2,50.0,0.0,0.0,50.0,0.0,1,0.0,,,0.0,,1,0.0,0.0,,,0,1,,1,0.0,0.0,0,0,0,,0,1,1.0,0
Keeshawn Barthelemy,Montréal Alliance,2026-2027,offense,Play types,Defense Commits,5,Dribble Off Pick,P&R Ball Handler > Left P&R > Side > Dribble Off Pick > Defense Commits,P&R Ball Handler,Left P&R,Side,Dribble Off Pick,Defense Commits,,1,50.0,0.0,,100.0,0.0,0,,,,,,0,,0.0,,,0,0,,0,,0.0,0,0,0,,0,0,,0
Keeshawn Barthelemy,Montréal Alliance,2026-2027,offense,Play types,Dribble Jumper,5,Dribble Off Pick,P&R Ball Handler > Left P&R > Side > Dribble Off Pick > Dribble Jumper,P&R Ball Handler,Left P&R,Side,Dribble Off Pick,Dribble Jumper,,1,50.0,0.0,0.0,0.0,0.0,1,0.0,,,0.0,,1,0.0,0.0,,,0,1,,1,0.0,0.0,0,0,0,,0,1,1.0,0
Keeshawn Barthelemy,Montréal Alliance,2026-2027,offense,Play types,Baseline,3,Left P&R,P&R Ball Handler > Left P&R > Baseline,P&R Ball Handler,Left P&R,Baseline,,,,1,20.0,0.0,0.0,0.0,0.0,1,0.0,,,0.0,,1,0.0,0.0,,,0,1,,1,0.0,0.0,0,0,0,,0,1,1.0,0
Keeshawn Barthelemy,Montréal Alliance,2026-2027,offense,Play types,Dribble Off Pick,4,Baseline,P&R Ball Handler > Left P&R > Baseline > Dribble Off Pick,P&R Ball Handler,Left P&R,Baseline,Dribble Off Pick,,,1,100.0,0.0,0.0,0.0,0.0,1,0.0,,,0.0,,1,0.0,0.0,,,0,1,,1,0.0,0.0,0,0,0,,0,1,1.0,0
Keeshawn Barthelemy,Montréal Alliance,2026-2027,offense,Play types,Dribble Jumper,5,Dribble Off Pick,P&R Ball Handler > Left P&R > Baseline > Dribble Off Pick > Dribble Jumper,P&R Ball Handler,Left P&R,Baseline,Dribble Off Pick,Dribble Jumper,,1,100.0,0.0,0.0,0.0,0.0,1,0.0,,,0.0,,1,0.0,0.0,,,0,1,,1,0.0,0.0,0,0,0,,0,1,1.0,0
Keeshawn Barthelemy,Montréal Alliance,2026-2027,offense,Play types,Right P&R,2,P&R Ball Handler,P&R Ball Handler > Right P&R,P&R Ball Handler,Right P&R,,,,,4,12.1,1.75,87.5,0.0,0.0,2,50.0,,,75.0,,4,87.5,0.0,,,3,1,,4,0.0,75.0,2,2,0,100.0,1,1,0.5,7
Keeshawn Barthelemy,Montréal Alliance,2026-2027,offense,Play types,Side,3,Right P&R,P&R Ball Handler > Right P&R > Side,P&R Ball Handler,Right P&R,Side,,,,2,50.0,2.5,125.0,0.0,0.0,1,100.0,,,100.0,,2,125.0,0.0,,,2,0,,2,0.0,100.0,1,1,0,100.0,1,0,0.5,5
Keeshawn Barthelemy,Montréal Alliance,2026-2027,offense,Play types,Dribble Off Pick,4,Side,P&R Ball Handler > Right P&R > Side > Dribble Off Pick,P&R Ball Handler,Right P&R,Side,Dribble Off Pick,,,1,50.0,2.0,100.0,0.0,0.0,0,,,,100.0,,1,100.0,0.0,,,1,0,,1,0.0,100.0,1,1,0,100.0,0,0,0.0,2
Keeshawn Barthelemy,Montréal Alliance,2026-2027,offense,Play types,Dribble Jumper,5,Dribble Off Pick,P&R Ball Handler > Right P&R > Side > Dribble Off Pick > Dribble Jumper,P&R Ball Handler,Right P&R,Side,Dribble Off Pick,Dribble Jumper,,1,100.0,2.0,100.0,0.0,0.0,0,,,,100.0,,1,100.0,0.0,,,1,0,,1,0.0,100.0,1,1,0,100.0,0,0,0.0,2
Keeshawn Barthelemy,Montréal Alliance,2026-2027,offense,Play types,Go Away from Pick,4,Side,P&R Ball Handler > Right P&R > Side > Go Away from Pick,P&R Ball Handler,Right P&R,Side,Go Away from Pick,,,1,50.0,3.0,150.0,0.0,0.0,1,100.0,,,100.0,,1,150.0,0.0,,,1,0,,1,0.0,100.0,0,0,0,,1,0,1.0,3
Keeshawn Barthelemy,Montréal Alliance,2026-2027,offense,Play types,Dribble Jumper,5,Go Away from Pick,P&R Ball Handler > Right P&R > Side > Go Away from Pick > Dribble Jumper,P&R Ball Handler,Right P&R,Side,Go Away from Pick,Dribble Jumper,,1,100.0,3.0,150.0,0.0,0.0,1,100.0,,,100.0,,1,150.0,0.0,,,1,0,,1,0.0,100.0,0,0,0,,1,0,1.0,3
Keeshawn Barthelemy,Montréal Alliance,2026-2027,offense,Play types,Baseline,3,Right P&R,P&R Ball Handler > Right P&R > Baseline,P&R Ball Handler,Right P&R,Baseline,,,,2,50.0,1.0,50.0,0.0,0.0,1,0.0,,,50.0,,2,50.0,0.0,,,1,1,,2,0.0,50.0,1,1,0,100.0,0,1,0.5,2
Keeshawn Barthelemy,Montréal Alliance,2026-2027,offense,Play types,Dribble Off Pick,4,Baseline,P&R Ball Handler > Right P&R > Baseline > Dribble Off Pick,P&R Ball Handler,Right P&R,Baseline,Dribble Off Pick,,,2,100.0,1.0,50.0,0.0,0.0,1,0.0,,,50.0,,2,50.0,0.0,,,1,1,,2,0.0,50.0,1,1,0,100.0,0,1,0.5,2
Keeshawn Barthelemy,Montréal Alliance,2026-2027,offense,Play types,To Basket,5,Dribble Off Pick,P&R Ball Handler > Right P&R > Baseline > Dribble Off Pick > To Basket,P&R Ball Handler,Right P&R,Baseline,Dribble Off Pick,To Basket,,1,50.0,2.0,100.0,0.0,0.0,0,,,,100.0,,1,100.0,0.0,,,1,0,,1,0.0,100.0,1,1,0,100.0,0,0,0.0,2
Keeshawn Barthelemy,Montréal Alliance,2026-2027,offense,Play types,Dribble Jumper,5,Dribble Off Pick,P&R Ball Handler > Right P&R > Baseline > Dribble Off Pick > Dribble Jumper,P&R Ball Handler,Right P&R,Baseline,Dribble Off Pick,Dribble Jumper,,1,50.0,0.0,0.0,0.0,0.0,1,0.0,,,0.0,,1,0.0,0.0,,,0,1,,1,0.0,0.0,0,0,0,,0,1,1.0,0
Keeshawn Barthelemy,Montréal Alliance,2026-2027,offense,Play types,Spot Up,1,,Spot Up,Spot Up,,,,,,29,22.5,0.897,46.4,3.4,0.0,22,27.3,Average,42.0,35.7,36.0,28,46.4,0.0,,,10,18,,28,0.0,34.5,6,4,2,66.7,6,16,0.79,26
Keeshawn Barthelemy,Montréal Alliance,2026-2027,offense,Play types,No Dribble Jumper,2,Spot Up,Spot Up > No Dribble Jumper,Spot Up,No Dribble Jumper,,,,,20,69.0,0.75,37.5,0.0,0.0,19,26.3,,,25.0,,20,37.5,0.0,,,5,15,,20,0.0,25.0,1,0,1,0.0,5,14,0.95,15
Keeshawn Barthelemy,Montréal Alliance,2026-2027,offense,Play types,Guarded,3,No Dribble Jumper,Spot Up > No Dribble Jumper > Guarded,Spot Up,No Dribble Jumper,Guarded,,,,11,55.0,0.545,27.3,0.0,0.0,11,18.2,,,18.2,,11,27.3,0.0,,,2,9,,11,0.0,18.2,0,0,0,,2,9,1.0,6
Keeshawn Barthelemy,Montréal Alliance,2026-2027,offense,Play types,Long/3pt,4,Guarded,Spot Up > No Dribble Jumper > Guarded > Long/3pt,Spot Up,No Dribble Jumper,Guarded,Long/3pt,,,11,100.0,0.545,27.3,0.0,0.0,11,18.2,,,18.2,,11,27.3,0.0,,,2,9,,11,0.0,18.2,0,0,0,,2,9,1.0,6
Keeshawn Barthelemy,Montréal Alliance,2026-2027,offense,Play types,Miss 3 Pts,5,Long/3pt,Spot Up > No Dribble Jumper > Guarded > Long/3pt > Miss 3 Pts,Spot Up,No Dribble Jumper,Guarded,Long/3pt,Miss 3 Pts,,9,81.8,0.0,0.0,0.0,0.0,9,0.0,,,0.0,,9,0.0,0.0,,,0,9,,9,0.0,0.0,0,0,0,,0,9,1.0,0
Keeshawn Barthelemy,Montréal Alliance,2026-2027,offense,Play types,Make 3 Pts,5,Long/3pt,Spot Up > No Dribble Jumper > Guarded > Long/3pt > Make 3 Pts,Spot Up,No Dribble Jumper,Guarded,Long/3pt,Make 3 Pts,,2,18.2,3.0,150.0,0.0,0.0,2,100.0,,,100.0,,2,150.0,0.0,,,2,0,,2,0.0,100.0,0,0,0,,2,0,1.0,6
Keeshawn Barthelemy,Montréal Alliance,2026-2027,offense,Play types,Open,3,No Dribble Jumper,Spot Up > No Dribble Jumper > Open,Spot Up,No Dribble Jumper,Open,,,,9,45.0,1.0,50.0,0.0,0.0,8,37.5,,,33.3,,9,50.0,0.0,,,3,6,,9,0.0,33.3,1,0,1,0.0,3,5,0.89,9
Keeshawn Barthelemy,Montréal Alliance,2026-2027,offense,Play types,Long/3pt,4,Open,Spot Up > No Dribble Jumper > Open > Long/3pt,Spot Up,No Dribble Jumper,Open,Long/3pt,,,8,88.9,1.125,56.3,0.0,0.0,8,37.5,,,37.5,,8,56.3,0.0,,,3,5,,8,0.0,37.5,0,0,0,,3,5,1.0,9
Keeshawn Barthelemy,Montréal Alliance,2026-2027,offense,Play types,Miss 3 Pts,5,Long/3pt,Spot Up > No Dribble Jumper > Open > Long/3pt > Miss 3 Pts,Spot Up,No Dribble Jumper,Open,Long/3pt,Miss 3 Pts,,5,62.5,0.0,0.0,0.0,0.0,5,0.0,,,0.0,,5,0.0,0.0,,,0,5,,5,0.0,0.0,0,0,0,,0,5,1.0,0
Keeshawn Barthelemy,Montréal Alliance,2026-2027,offense,Play types,Make 3 Pts,5,Long/3pt,Spot Up > No Dribble Jumper > Open > Long/3pt > Make 3 Pts,Spot Up,No Dribble Jumper,Open,Long/3pt,Make 3 Pts,,3,37.5,3.0,150.0,0.0,0.0,3,100.0,,,100.0,,3,150.0,0.0,,,3,0,,3,0.0,100.0,0,0,0,,3,0,1.0,9
Keeshawn Barthelemy,Montréal Alliance,2026-2027,offense,Play types,Medium/17' to 3pt,4,Open,Spot Up > No Dribble Jumper > Open > Medium/17' to 3pt,Spot Up,No Dribble Jumper,Open,Medium/17' to 3pt,,,1,11.1,0.0,0.0,0.0,0.0,0,,,,0.0,,1,0.0,0.0,,,0,1,,1,0.0,0.0,1,0,1,0.0,0,0,0.0,0
Keeshawn Barthelemy,Montréal Alliance,2026-2027,offense,Play types,Miss 2 Pts,5,Medium/17' to 3pt,Spot Up > No Dribble Jumper > Open > Medium/17' to 3pt > Miss 2 Pts,Spot Up,No Dribble Jumper,Open,Medium/17' to 3pt,Miss 2 Pts,,1,100.0,0.0,0.0,0.0,0.0,0,,,,0.0,,1,0.0,0.0,,,0,1,,1,0.0,0.0,1,0,1,0.0,0,0,0.0,0
Keeshawn Barthelemy,Montréal Alliance,2026-2027,offense,Play types,Drives Right,2,Spot Up,Spot Up > Drives Right,Spot Up,Drives Right,,,,,4,13.8,1.5,75.0,0.0,0.0,0,,,,75.0,,4,75.0,0.0,,,3,1,,4,0.0,75.0,4,3,1,75.0,0,0,0.0,6
Keeshawn Barthelemy,Montréal Alliance,2026-2027,offense,Play types,Dribble Jumper,3,Drives Right,Spot Up > Drives Right > Dribble Jumper,Spot Up,Drives Right,Dribble Jumper,,,,2,50.0,2.0,100.0,0.0,0.0,0,,,,100.0,,2,100.0,0.0,,,2,0,,2,0.0,100.0,2,2,0,100.0,0,0,0.0,4
Keeshawn Barthelemy,Montréal Alliance,2026-2027,offense,Play types,Short to < 17,4,Dribble Jumper,Spot Up > Drives Right > Dribble Jumper > Short to < 17,Spot Up,Drives Right,Dribble Jumper,Short to < 17,,,2,100.0,2.0,100.0,0.0,0.0,0,,,,100.0,,2,100.0,0.0,,,2,0,,2,0.0,100.0,2,2,0,100.0,0,0,0.0,4
Keeshawn Barthelemy,Montréal Alliance,2026-2027,offense,Play types,Make 2 Pts,5,Short to < 17,Spot Up > Drives Right > Dribble Jumper > Short to < 17 > Make 2 Pts,Spot Up,Drives Right,Dribble Jumper,Short to < 17,Make 2 Pts,,2,100.0,2.0,100.0,0.0,0.0,0,,,,100.0,,2,100.0,0.0,,,2,0,,2,0.0,100.0,2,2,0,100.0,0,0,0.0,4
Keeshawn Barthelemy,Montréal Alliance,2026-2027,offense,Play types,To Basket,3,Drives Right,Spot Up > Drives Right > To Basket,Spot Up,Drives Right,To Basket,,,,2,50.0,1.0,50.0,0.0,0.0,0,,,,50.0,,2,50.0,0.0,,,1,1,,2,0.0,50.0,2,1,1,50.0,0,0,0.0,2
Keeshawn Barthelemy,Montréal Alliance,2026-2027,offense,Play types,Miss 2 Pts,4,To Basket,Spot Up > Drives Right > To Basket > Miss 2 Pts,Spot Up,Drives Right,To Basket,Miss 2 Pts,,,1,50.0,0.0,0.0,0.0,0.0,0,,,,0.0,,1,0.0,0.0,,,0,1,,1,0.0,0.0,1,0,1,0.0,0,0,0.0,0
Keeshawn Barthelemy,Montréal Alliance,2026-2027,offense,Play types,Make 2 Pts,4,To Basket,Spot Up > Drives Right > To Basket > Make 2 Pts,Spot Up,Drives Right,To Basket,Make 2 Pts,,,1,50.0,2.0,100.0,0.0,0.0,0,,,,100.0,,1,100.0,0.0,,,1,0,,1,0.0,100.0,1,1,0,100.0,0,0,0.0,2
Keeshawn Barthelemy,Montréal Alliance,2026-2027,offense,Play types,Drives Left,2,Spot Up,Spot Up > Drives Left,Spot Up,Drives Left,,,,,3,10.3,0.667,33.3,0.0,0.0,2,0.0,,,33.3,,3,33.3,0.0,,,1,2,,3,0.0,33.3,1,1,0,100.0,0,2,0.67,2
Keeshawn Barthelemy,Montréal Alliance,2026-2027,offense,Play types,Dribble Jumper,3,Drives Left,Spot Up > Drives Left > Dribble Jumper,Spot Up,Drives Left,Dribble Jumper,,,,2,66.7,0.0,0.0,0.0,0.0,2,0.0,,,0.0,,2,0.0,0.0,,,0,2,,2,0.0,0.0,0,0,0,,0,2,1.0,0
Keeshawn Barthelemy,Montréal Alliance,2026-2027,offense,Play types,Long/3pt,4,Dribble Jumper,Spot Up > Drives Left > Dribble Jumper > Long/3pt,Spot Up,Drives Left,Dribble Jumper,Long/3pt,,,2,100.0,0.0,0.0,0.0,0.0,2,0.0,,,0.0,,2,0.0,0.0,,,0,2,,2,0.0,0.0,0,0,0,,0,2,1.0,0
Keeshawn Barthelemy,Montréal Alliance,2026-2027,offense,Play types,Miss 3 Pts,5,Long/3pt,Spot Up > Drives Left > Dribble Jumper > Long/3pt > Miss 3 Pts,Spot Up,Drives Left,Dribble Jumper,Long/3pt,Miss 3 Pts,,2,100.0,0.0,0.0,0.0,0.0,2,0.0,,,0.0,,2,0.0,0.0,,,0,2,,2,0.0,0.0,0,0,0,,0,2,1.0,0
Keeshawn Barthelemy,Montréal Alliance,2026-2027,offense,Play types,To Basket,3,Drives Left,Spot Up > Drives Left > To Basket,Spot Up,Drives Left,To Basket,,,,1,33.3,2.0,100.0,0.0,0.0,0,,,,100.0,,1,100.0,0.0,,,1,0,,1,0.0,100.0,1,1,0,100.0,0,0,0.0,2
Keeshawn Barthelemy,Montréal Alliance,2026-2027,offense,Play types,Make 2 Pts,4,To Basket,Spot Up > Drives Left > To Basket > Make 2 Pts,Spot Up,Drives Left,To Basket,Make 2 Pts,,,1,100.0,2.0,100.0,0.0,0.0,0,,,,100.0,,1,100.0,0.0,,,1,0,,1,0.0,100.0,1,1,0,100.0,0,0,0.0,2
Keeshawn Barthelemy,Montréal Alliance,2026-2027,offense,Play types,Drives Straight,2,Spot Up,Spot Up > Drives Straight,Spot Up,Drives Straight,,,,,1,3.4,3.0,150.0,0.0,0.0,1,100.0,,,100.0,,1,150.0,0.0,,,1,0,,1,0.0,100.0,0,0,0,,1,0,1.0,3
Keeshawn Barthelemy,Montréal Alliance,2026-2027,offense,Play types,Dribble Jumper,3,Drives Straight,Spot Up > Drives Straight > Dribble Jumper,Spot Up,Drives Straight,Dribble Jumper,,,,1,100.0,3.0,150.0,0.0,0.0,1,100.0,,,100.0,,1,150.0,0.0,,,1,0,,1,0.0,100.0,0,0,0,,1,0,1.0,3
Keeshawn Barthelemy,Montréal Alliance,2026-2027,offense,Play types,Long/3pt,4,Dribble Jumper,Spot Up > Drives Straight > Dribble Jumper > Long/3pt,Spot Up,Drives Straight,Dribble Jumper,Long/3pt,,,1,100.0,3.0,150.0,0.0,0.0,1,100.0,,,100.0,,1,150.0,0.0,,,1,0,,1,0.0,100.0,0,0,0,,1,0,1.0,3
Keeshawn Barthelemy,Montréal Alliance,2026-2027,offense,Play types,Make 3 Pts,5,Long/3pt,Spot Up > Drives Straight > Dribble Jumper > Long/3pt > Make 3 Pts,Spot Up,Drives Straight,Dribble Jumper,Long/3pt,Make 3 Pts,,1,100.0,3.0,150.0,0.0,0.0,1,100.0,,,100.0,,1,150.0,0.0,,,1,0,,1,0.0,100.0,0,0,0,,1,0,1.0,3
Keeshawn Barthelemy,Montréal Alliance,2026-2027,offense,Play types,Turnover,2,Spot Up,Spot Up > Turnover,Spot Up,Turnover,,,,,1,3.4,0.0,,100.0,0.0,0,,,,,,0,,0.0,,,0,0,,0,,0.0,0,0,0,,0,0,,0
Keeshawn Barthelemy,Montréal Alliance,2026-2027,offense,Play types,Transition,1,,Transition,Transition,,,,,,25,19.4,1.2,60.0,0.0,0.0,11,36.4,Very Good,65.0,52.0,41.0,25,60.0,0.0,,,13,12,,25,0.0,52.0,14,9,5,64.3,4,7,0.44,30
Keeshawn Barthelemy,Montréal Alliance,2026-2027,offense,Play types,Ballhandler,2,Transition,Transition > Ballhandler,Transition,Ballhandler,,,,,12,48.0,1.333,66.7,0.0,0.0,3,66.7,,,58.3,,12,66.7,0.0,,,7,5,,12,0.0,58.3,9,5,4,55.6,2,1,0.25,16
Keeshawn Barthelemy,Montréal Alliance,2026-2027,offense,Play types,To Basket,3,Ballhandler,Transition > Ballhandler > To Basket,Transition,Ballhandler,To Basket,,,,9,75.0,1.111,55.6,0.0,0.0,0,,,,55.6,,9,55.6,0.0,,,5,4,,9,0.0,55.6,9,5,4,55.6,0,0,0.0,10
Keeshawn Barthelemy,Montréal Alliance,2026-2027,offense,Play types,Make 2 Pts,4,To Basket,Transition > Ballhandler > To Basket > Make 2 Pts,Transition,Ballhandler,To Basket,Make 2 Pts,,,5,55.6,2.0,100.0,0.0,0.0,0,,,,100.0,,5,100.0,0.0,,,5,0,,5,0.0,100.0,5,5,0,100.0,0,0,0.0,10
Keeshawn Barthelemy,Montréal Alliance,2026-2027,offense,Play types,Miss 2 Pts,4,To Basket,Transition > Ballhandler > To Basket > Miss 2 Pts,Transition,Ballhandler,To Basket,Miss 2 Pts,,,4,44.4,0.0,0.0,0.0,0.0,0,,,,0.0,,4,0.0,0.0,,,0,4,,4,0.0,0.0,4,0,4,0.0,0,0,0.0,0
Keeshawn Barthelemy,Montréal Alliance,2026-2027,offense,Play types,Dribble Jumper,3,Ballhandler,Transition > Ballhandler > Dribble Jumper,Transition,Ballhandler,Dribble Jumper,,,,3,25.0,2.0,100.0,0.0,0.0,3,66.7,,,66.7,,3,100.0,0.0,,,2,1,,3,0.0,66.7,0,0,0,,2,1,1.0,6
Keeshawn Barthelemy,Montréal Alliance,2026-2027,offense,Play types,Long/3pt,4,Dribble Jumper,Transition > Ballhandler > Dribble Jumper > Long/3pt,Transition,Ballhandler,Dribble Jumper,Long/3pt,,,3,100.0,2.0,100.0,0.0,0.0,3,66.7,,,66.7,,3,100.0,0.0,,,2,1,,3,0.0,66.7,0,0,0,,2,1,1.0,6
Keeshawn Barthelemy,Montréal Alliance,2026-2027,offense,Play types,Make 3 Pts,5,Long/3pt,Transition > Ballhandler > Dribble Jumper > Long/3pt > Make 3 Pts,Transition,Ballhandler,Dribble Jumper,Long/3pt,Make 3 Pts,,2,66.7,3.0,150.0,0.0,0.0,2,100.0,,,100.0,,2,150.0,0.0,,,2,0,,2,0.0,100.0,0,0,0,,2,0,1.0,6
Keeshawn Barthelemy,Montréal Alliance,2026-2027,offense,Play types,Miss 3 Pts,5,Long/3pt,Transition > Ballhandler > Dribble Jumper > Long/3pt > Miss 3 Pts,Transition,Ballhandler,Dribble Jumper,Long/3pt,Miss 3 Pts,,1,33.3,0.0,0.0,0.0,0.0,1,0.0,,,0.0,,1,0.0,0.0,,,0,1,,1,0.0,0.0,0,0,0,,0,1,1.0,0
Keeshawn Barthelemy,Montréal Alliance,2026-2027,offense,Play types,Left Wing,2,Transition,Transition > Left Wing,Transition,Left Wing,,,,,5,20.0,1.0,50.0,0.0,0.0,4,25.0,,,40.0,,5,50.0,0.0,,,2,3,,5,0.0,40.0,1,1,0,100.0,1,3,0.8,5
Keeshawn Barthelemy,Montréal Alliance,2026-2027,offense,Play types,No Dribble Jumper,3,Left Wing,Transition > Left Wing > No Dribble Jumper,Transition,Left Wing,No Dribble Jumper,,,,4,80.0,0.75,37.5,0.0,0.0,4,25.0,,,25.0,,4,37.5,0.0,,,1,3,,4,0.0,25.0,0,0,0,,1,3,1.0,3
Keeshawn Barthelemy,Montréal Alliance,2026-2027,offense,Play types,Open,4,No Dribble Jumper,Transition > Left Wing > No Dribble Jumper > Open,Transition,Left Wing,No Dribble Jumper,Open,,,2,50.0,0.0,0.0,0.0,0.0,2,0.0,,,0.0,,2,0.0,0.0,,,0,2,,2,0.0,0.0,0,0,0,,0,2,1.0,0
Keeshawn Barthelemy,Montréal Alliance,2026-2027,offense,Play types,Long/3pt,5,Open,Transition > Left Wing > No Dribble Jumper > Open > Long/3pt,Transition,Left Wing,No Dribble Jumper,Open,Long/3pt,,2,100.0,0.0,0.0,0.0,0.0,2,0.0,,,0.0,,2,0.0,0.0,,,0,2,,2,0.0,0.0,0,0,0,,0,2,1.0,0
Keeshawn Barthelemy,Montréal Alliance,2026-2027,offense,Play types,Guarded,4,No Dribble Jumper,Transition > Left Wing > No Dribble Jumper > Guarded,Transition,Left Wing,No Dribble Jumper,Guarded,,,2,50.0,1.5,75.0,0.0,0.0,2,50.0,,,50.0,,2,75.0,0.0,,,1,1,,2,0.0,50.0,0,0,0,,1,1,1.0,3
Keeshawn Barthelemy,Montréal Alliance,2026-2027,offense,Play types,Long/3pt,5,Guarded,Transition > Left Wing > No Dribble Jumper > Guarded > Long/3pt,Transition,Left Wing,No Dribble Jumper,Guarded,Long/3pt,,2,100.0,1.5,75.0,0.0,0.0,2,50.0,,,50.0,,2,75.0,0.0,,,1,1,,2,0.0,50.0,0,0,0,,1,1,1.0,3
Keeshawn Barthelemy,Montréal Alliance,2026-2027,offense,Play types,To Basket,3,Left Wing,Transition > Left Wing > To Basket,Transition,Left Wing,To Basket,,,,1,20.0,2.0,100.0,0.0,0.0,0,,,,100.0,,1,100.0,0.0,,,1,0,,1,0.0,100.0,1,1,0,100.0,0,0,0.0,2
Keeshawn Barthelemy,Montréal Alliance,2026-2027,offense,Play types,Make 2 Pts,4,To Basket,Transition > Left Wing > To Basket > Make 2 Pts,Transition,Left Wing,To Basket,Make 2 Pts,,,1,100.0,2.0,100.0,0.0,0.0,0,,,,100.0,,1,100.0,0.0,,,1,0,,1,0.0,100.0,1,1,0,100.0,0,0,0.0,2
Keeshawn Barthelemy,Montréal Alliance,2026-2027,offense,Play types,Right Wing,2,Transition,Transition > Right Wing,Transition,Right Wing,,,,,4,16.0,1.75,87.5,0.0,0.0,2,50.0,,,75.0,,4,87.5,0.0,,,3,1,,4,0.0,75.0,2,2,0,100.0,1,1,0.5,7
Keeshawn Barthelemy,Montréal Alliance,2026-2027,offense,Play types,No Dribble Jumper,3,Right Wing,Transition > Right Wing > No Dribble Jumper,Transition,Right Wing,No Dribble Jumper,,,,2,50.0,1.5,75.0,0.0,0.0,2,50.0,,,50.0,,2,75.0,0.0,,,1,1,,2,0.0,50.0,0,0,0,,1,1,1.0,3
Keeshawn Barthelemy,Montréal Alliance,2026-2027,offense,Play types,Open,4,No Dribble Jumper,Transition > Right Wing > No Dribble Jumper > Open,Transition,Right Wing,No Dribble Jumper,Open,,,2,100.0,1.5,75.0,0.0,0.0,2,50.0,,,50.0,,2,75.0,0.0,,,1,1,,2,0.0,50.0,0,0,0,,1,1,1.0,3
Keeshawn Barthelemy,Montréal Alliance,2026-2027,offense,Play types,Long/3pt,5,Open,Transition > Right Wing > No Dribble Jumper > Open > Long/3pt,Transition,Right Wing,No Dribble Jumper,Open,Long/3pt,,2,100.0,1.5,75.0,0.0,0.0,2,50.0,,,50.0,,2,75.0,0.0,,,1,1,,2,0.0,50.0,0,0,0,,1,1,1.0,3
Keeshawn Barthelemy,Montréal Alliance,2026-2027,offense,Play types,To Basket,3,Right Wing,Transition > Right Wing > To Basket,Transition,Right Wing,To Basket,,,,1,25.0,2.0,100.0,0.0,0.0,0,,,,100.0,,1,100.0,0.0,,,1,0,,1,0.0,100.0,1,1,0,100.0,0,0,0.0,2
Keeshawn Barthelemy,Montréal Alliance,2026-2027,offense,Play types,Make 2 Pts,4,To Basket,Transition > Right Wing > To Basket > Make 2 Pts,Transition,Right Wing,To Basket,Make 2 Pts,,,1,100.0,2.0,100.0,0.0,0.0,0,,,,100.0,,1,100.0,0.0,,,1,0,,1,0.0,100.0,1,1,0,100.0,0,0,0.0,2
Keeshawn Barthelemy,Montréal Alliance,2026-2027,offense,Play types,Dribble Jumper,3,Right Wing,Transition > Right Wing > Dribble Jumper,Transition,Right Wing,Dribble Jumper,,,,1,25.0,2.0,100.0,0.0,0.0,0,,,,100.0,,1,100.0,0.0,,,1,0,,1,0.0,100.0,1,1,0,100.0,0,0,0.0,2
Keeshawn Barthelemy,Montréal Alliance,2026-2027,offense,Play types,Short to < 17,4,Dribble Jumper,Transition > Right Wing > Dribble Jumper > Short to < 17,Transition,Right Wing,Dribble Jumper,Short to < 17,,,1,100.0,2.0,100.0,0.0,0.0,0,,,,100.0,,1,100.0,0.0,,,1,0,,1,0.0,100.0,1,1,0,100.0,0,0,0.0,2
Keeshawn Barthelemy,Montréal Alliance,2026-2027,offense,Play types,Make 2 Pts,5,Short to < 17,Transition > Right Wing > Dribble Jumper > Short to < 17 > Make 2 Pts,Transition,Right Wing,Dribble Jumper,Short to < 17,Make 2 Pts,,1,100.0,2.0,100.0,0.0,0.0,0,,,,100.0,,1,100.0,0.0,,,1,0,,1,0.0,100.0,1,1,0,100.0,0,0,0.0,2
Keeshawn Barthelemy,Montréal Alliance,2026-2027,offense,Play types,Trailer,2,Transition,Transition > Trailer,Transition,Trailer,,,,,3,12.0,0.667,33.3,0.0,0.0,2,0.0,,,33.3,,3,33.3,0.0,,,1,2,,3,0.0,33.3,1,1,0,100.0,0,2,0.67,2
Keeshawn Barthelemy,Montréal Alliance,2026-2027,offense,Play types,No Dribble Jumper,3,Trailer,Transition > Trailer > No Dribble Jumper,Transition,Trailer,No Dribble Jumper,,,,2,66.7,0.0,0.0,0.0,0.0,2,0.0,,,0.0,,2,0.0,0.0,,,0,2,,2,0.0,0.0,0,0,0,,0,2,1.0,0
Keeshawn Barthelemy,Montréal Alliance,2026-2027,offense,Play types,Guarded,4,No Dribble Jumper,Transition > Trailer > No Dribble Jumper > Guarded,Transition,Trailer,No Dribble Jumper,Guarded,,,1,50.0,0.0,0.0,0.0,0.0,1,0.0,,,0.0,,1,0.0,0.0,,,0,1,,1,0.0,0.0,0,0,0,,0,1,1.0,0
Keeshawn Barthelemy,Montréal Alliance,2026-2027,offense,Play types,Long/3pt,5,Guarded,Transition > Trailer > No Dribble Jumper > Guarded > Long/3pt,Transition,Trailer,No Dribble Jumper,Guarded,Long/3pt,,1,100.0,0.0,0.0,0.0,0.0,1,0.0,,,0.0,,1,0.0,0.0,,,0,1,,1,0.0,0.0,0,0,0,,0,1,1.0,0
Keeshawn Barthelemy,Montréal Alliance,2026-2027,offense,Play types,Open,4,No Dribble Jumper,Transition > Trailer > No Dribble Jumper > Open,Transition,Trailer,No Dribble Jumper,Open,,,1,50.0,0.0,0.0,0.0,0.0,1,0.0,,,0.0,,1,0.0,0.0,,,0,1,,1,0.0,0.0,0,0,0,,0,1,1.0,0
Keeshawn Barthelemy,Montréal Alliance,2026-2027,offense,Play types,Long/3pt,5,Open,Transition > Trailer > No Dribble Jumper > Open > Long/3pt,Transition,Trailer,No Dribble Jumper,Open,Long/3pt,,1,100.0,0.0,0.0,0.0,0.0,1,0.0,,,0.0,,1,0.0,0.0,,,0,1,,1,0.0,0.0,0,0,0,,0,1,1.0,0
Keeshawn Barthelemy,Montréal Alliance,2026-2027,offense,Play types,To Basket,3,Trailer,Transition > Trailer > To Basket,Transition,Trailer,To Basket,,,,1,33.3,2.0,100.0,0.0,0.0,0,,,,100.0,,1,100.0,0.0,,,1,0,,1,0.0,100.0,1,1,0,100.0,0,0,0.0,2
Keeshawn Barthelemy,Montréal Alliance,2026-2027,offense,Play types,Make 2 Pts,4,To Basket,Transition > Trailer > To Basket > Make 2 Pts,Transition,Trailer,To Basket,Make 2 Pts,,,1,100.0,2.0,100.0,0.0,0.0,0,,,,100.0,,1,100.0,0.0,,,1,0,,1,0.0,100.0,1,1,0,100.0,0,0,0.0,2
Keeshawn Barthelemy,Montréal Alliance,2026-2027,offense,Play types,First Middle,2,Transition,Transition > First Middle,Transition,First Middle,,,,,1,4.0,0.0,0.0,0.0,0.0,0,,,,0.0,,1,0.0,0.0,,,0,1,,1,0.0,0.0,1,0,1,0.0,0,0,0.0,0
Keeshawn Barthelemy,Montréal Alliance,2026-2027,offense,Play types,To Basket,3,First Middle,Transition > First Middle > To Basket,Transition,First Middle,To Basket,,,,1,100.0,0.0,0.0,0.0,0.0,0,,,,0.0,,1,0.0,0.0,,,0,1,,1,0.0,0.0,1,0,1,0.0,0,0,0.0,0
Keeshawn Barthelemy,Montréal Alliance,2026-2027,offense,Play types,Miss 2 Pts,4,To Basket,Transition > First Middle > To Basket > Miss 2 Pts,Transition,First Middle,To Basket,Miss 2 Pts,,,1,100.0,0.0,0.0,0.0,0.0,0,,,,0.0,,1,0.0,0.0,,,0,1,,1,0.0,0.0,1,0,1,0.0,0,0,0.0,0
Keeshawn Barthelemy,Montréal Alliance,2026-2027,offense,Play types,Off Screen,1,,Off Screen,Off Screen,,,,,,10,7.8,0.2,11.1,10.0,0.0,4,0.0,Poor,1.0,11.1,54.0,9,11.1,0.0,,,1,8,,9,0.0,10.0,5,1,4,20.0,0,4,0.44,2
Keeshawn Barthelemy,Montréal Alliance,2026-2027,offense,Play types,To Shooter's Left,2,Off Screen,Off Screen > To Shooter's Left,Off Screen,To Shooter's Left,,,,,6,60.0,0.0,0.0,0.0,0.0,3,0.0,,,0.0,,6,0.0,0.0,,,0,6,,6,0.0,0.0,3,0,3,0.0,0,3,0.5,0
Keeshawn Barthelemy,Montréal Alliance,2026-2027,offense,Play types,Straight,3,To Shooter's Left,Off Screen > To Shooter's Left > Straight,Off Screen,To Shooter's Left,Straight,,,,5,83.3,0.0,0.0,0.0,0.0,2,0.0,,,0.0,,5,0.0,0.0,,,0,5,,5,0.0,0.0,3,0,3,0.0,0,2,0.4,0
Keeshawn Barthelemy,Montréal Alliance,2026-2027,offense,Play types,Dribble Jumper,4,Straight,Off Screen > To Shooter's Left > Straight > Dribble Jumper,Off Screen,To Shooter's Left,Straight,Dribble Jumper,,,4,80.0,0.0,0.0,0.0,0.0,1,0.0,,,0.0,,4,0.0,0.0,,,0,4,,4,0.0,0.0,3,0,3,0.0,0,1,0.25,0
Keeshawn Barthelemy,Montréal Alliance,2026-2027,offense,Play types,Short to < 17,5,Dribble Jumper,Off Screen > To Shooter's Left > Straight > Dribble Jumper > Short to < 17,Off Screen,To Shooter's Left,Straight,Dribble Jumper,Short to < 17,,2,50.0,0.0,0.0,0.0,0.0,0,,,,0.0,,2,0.0,0.0,,,0,2,,2,0.0,0.0,2,0,2,0.0,0,0,0.0,0
Keeshawn Barthelemy,Montréal Alliance,2026-2027,offense,Play types,Medium/17' to 3pt,5,Dribble Jumper,Off Screen > To Shooter's Left > Straight > Dribble Jumper > Medium/17' to 3pt,Off Screen,To Shooter's Left,Straight,Dribble Jumper,Medium/17' to 3pt,,1,25.0,0.0,0.0,0.0,0.0,0,,,,0.0,,1,0.0,0.0,,,0,1,,1,0.0,0.0,1,0,1,0.0,0,0,0.0,0
Keeshawn Barthelemy,Montréal Alliance,2026-2027,offense,Play types,Long/3pt,5,Dribble Jumper,Off Screen > To Shooter's Left > Straight > Dribble Jumper > Long/3pt,Off Screen,To Shooter's Left,Straight,Dribble Jumper,Long/3pt,,1,25.0,0.0,0.0,0.0,0.0,1,0.0,,,0.0,,1,0.0,0.0,,,0,1,,1,0.0,0.0,0,0,0,,0,1,1.0,0
Keeshawn Barthelemy,Montréal Alliance,2026-2027,offense,Play types,No Dribble Jumper,4,Straight,Off Screen > To Shooter's Left > Straight > No Dribble Jumper,Off Screen,To Shooter's Left,Straight,No Dribble Jumper,,,1,20.0,0.0,0.0,0.0,0.0,1,0.0,,,0.0,,1,0.0,0.0,,,0,1,,1,0.0,0.0,0,0,0,,0,1,1.0,0
Keeshawn Barthelemy,Montréal Alliance,2026-2027,offense,Play types,Guarded,5,No Dribble Jumper,Off Screen > To Shooter's Left > Straight > No Dribble Jumper > Guarded,Off Screen,To Shooter's Left,Straight,No Dribble Jumper,Guarded,,1,100.0,0.0,0.0,0.0,0.0,1,0.0,,,0.0,,1,0.0,0.0,,,0,1,,1,0.0,0.0,0,0,0,,0,1,1.0,0
Keeshawn Barthelemy,Montréal Alliance,2026-2027,offense,Play types,Fade,3,To Shooter's Left,Off Screen > To Shooter's Left > Fade,Off Screen,To Shooter's Left,Fade,,,,1,16.7,0.0,0.0,0.0,0.0,1,0.0,,,0.0,,1,0.0,0.0,,,0,1,,1,0.0,0.0,0,0,0,,0,1,1.0,0
Keeshawn Barthelemy,Montréal Alliance,2026-2027,offense,Play types,No Dribble Jumper,4,Fade,Off Screen > To Shooter's Left > Fade > No Dribble Jumper,Off Screen,To Shooter's Left,Fade,No Dribble Jumper,,,1,100.0,0.0,0.0,0.0,0.0,1,0.0,,,0.0,,1,0.0,0.0,,,0,1,,1,0.0,0.0,0,0,0,,0,1,1.0,0
Keeshawn Barthelemy,Montréal Alliance,2026-2027,offense,Play types,Open,5,No Dribble Jumper,Off Screen > To Shooter's Left > Fade > No Dribble Jumper > Open,Off Screen,To Shooter's Left,Fade,No Dribble Jumper,Open,,1,100.0,0.0,0.0,0.0,0.0,1,0.0,,,0.0,,1,0.0,0.0,,,0,1,,1,0.0,0.0,0,0,0,,0,1,1.0,0
Keeshawn Barthelemy,Montréal Alliance,2026-2027,offense,Play types,To Shooter's Right,2,Off Screen,Off Screen > To Shooter's Right,Off Screen,To Shooter's Right,,,,,4,40.0,0.5,33.3,25.0,0.0,1,0.0,,,33.3,,3,33.3,0.0,,,1,2,,3,0.0,25.0,2,1,1,50.0,0,1,0.33,2
Keeshawn Barthelemy,Montréal Alliance,2026-2027,offense,Play types,Straight,3,To Shooter's Right,Off Screen > To Shooter's Right > Straight,Off Screen,To Shooter's Right,Straight,,,,3,75.0,0.667,50.0,33.3,0.0,1,0.0,,,50.0,,2,50.0,0.0,,,1,1,,2,0.0,33.3,1,1,0,100.0,0,1,0.5,2
Keeshawn Barthelemy,Montréal Alliance,2026-2027,offense,Play types,Turnover,4,Straight,Off Screen > To Shooter's Right > Straight > Turnover,Off Screen,To Shooter's Right,Straight,Turnover,,,1,33.3,0.0,,100.0,0.0,0,,,,,,0,,0.0,,,0,0,,0,,0.0,0,0,0,,0,0,,0
Keeshawn Barthelemy,Montréal Alliance,2026-2027,offense,Play types,No Dribble Jumper,4,Straight,Off Screen > To Shooter's Right > Straight > No Dribble Jumper,Off Screen,To Shooter's Right,Straight,No Dribble Jumper,,,1,33.3,0.0,0.0,0.0,0.0,1,0.0,,,0.0,,1,0.0,0.0,,,0,1,,1,0.0,0.0,0,0,0,,0,1,1.0,0
Keeshawn Barthelemy,Montréal Alliance,2026-2027,offense,Play types,Guarded,5,No Dribble Jumper,Off Screen > To Shooter's Right > Straight > No Dribble Jumper > Guarded,Off Screen,To Shooter's Right,Straight,No Dribble Jumper,Guarded,,1,100.0,0.0,0.0,0.0,0.0,1,0.0,,,0.0,,1,0.0,0.0,,,0,1,,1,0.0,0.0,0,0,0,,0,1,1.0,0
Keeshawn Barthelemy,Montréal Alliance,2026-2027,offense,Play types,To Basket,4,Straight,Off Screen > To Shooter's Right > Straight > To Basket,Off Screen,To Shooter's Right,Straight,To Basket,,,1,33.3,2.0,100.0,0.0,0.0,0,,,,100.0,,1,100.0,0.0,,,1,0,,1,0.0,100.0,1,1,0,100.0,0,0,0.0,2
Keeshawn Barthelemy,Montréal Alliance,2026-2027,offense,Play types,Make 2 Pts,5,To Basket,Off Screen > To Shooter's Right > Straight > To Basket > Make 2 Pts,Off Screen,To Shooter's Right,Straight,To Basket,Make 2 Pts,,1,100.0,2.0,100.0,0.0,0.0,0,,,,100.0,,1,100.0,0.0,,,1,0,,1,0.0,100.0,1,1,0,100.0,0,0,0.0,2
Keeshawn Barthelemy,Montréal Alliance,2026-2027,offense,Play types,Curl,3,To Shooter's Right,Off Screen > To Shooter's Right > Curl,Off Screen,To Shooter's Right,Curl,,,,1,25.0,0.0,0.0,0.0,0.0,0,,,,0.0,,1,0.0,0.0,,,0,1,,1,0.0,0.0,1,0,1,0.0,0,0,0.0,0
Keeshawn Barthelemy,Montréal Alliance,2026-2027,offense,Play types,No Dribble Jumper,4,Curl,Off Screen > To Shooter's Right > Curl > No Dribble Jumper,Off Screen,To Shooter's Right,Curl,No Dribble Jumper,,,1,100.0,0.0,0.0,0.0,0.0,0,,,,0.0,,1,0.0,0.0,,,0,1,,1,0.0,0.0,1,0,1,0.0,0,0,0.0,0
Keeshawn Barthelemy,Montréal Alliance,2026-2027,offense,Play types,Guarded,5,No Dribble Jumper,Off Screen > To Shooter's Right > Curl > No Dribble Jumper > Guarded,Off Screen,To Shooter's Right,Curl,No Dribble Jumper,Guarded,,1,100.0,0.0,0.0,0.0,0.0,0,,,,0.0,,1,0.0,0.0,,,0,1,,1,0.0,0.0,1,0,1,0.0,0,0,0.0,0
Keeshawn Barthelemy,Montréal Alliance,2026-2027,offense,Play types,Handoffs,1,,Handoffs,Handoffs,,,,,,9,7.0,0.889,51.5,11.1,22.2,2,0.0,,,33.3,,6,33.3,22.2,,,2,4,,8,0.67,44.4,4,2,2,50.0,0,2,0.33,8
Keeshawn Barthelemy,Montréal Alliance,2026-2027,offense,Play types,From Dribble,2,Handoffs,Handoffs > From Dribble,Handoffs,From Dribble,,,,,6,66.7,1.0,52.1,0.0,33.3,1,0.0,,,25.0,,4,25.0,33.3,,,1,3,,6,1.0,50.0,3,1,2,33.3,0,1,0.25,6
Keeshawn Barthelemy,Montréal Alliance,2026-2027,offense,Play types,Right,3,From Dribble,Handoffs > From Dribble > Right,Handoffs,From Dribble,Right,,,,3,50.0,0.667,34.7,0.0,33.3,1,0.0,,,0.0,,2,0.0,33.3,,,0,2,,3,1.0,33.3,1,0,1,0.0,0,1,0.5,2
Keeshawn Barthelemy,Montréal Alliance,2026-2027,offense,Play types,No Dribble Jumper,4,Right,Handoffs > From Dribble > Right > No Dribble Jumper,Handoffs,From Dribble,Right,No Dribble Jumper,,,2,66.7,0.0,0.0,0.0,0.0,1,0.0,,,0.0,,2,0.0,0.0,,,0,2,,2,0.0,0.0,1,0,1,0.0,0,1,0.5,0
Keeshawn Barthelemy,Montréal Alliance,2026-2027,offense,Play types,Open,5,No Dribble Jumper,Handoffs > From Dribble > Right > No Dribble Jumper > Open,Handoffs,From Dribble,Right,No Dribble Jumper,Open,,2,100.0,0.0,0.0,0.0,0.0,1,0.0,,,0.0,,2,0.0,0.0,,,0,2,,2,0.0,0.0,1,0,1,0.0,0,1,0.5,0
Keeshawn Barthelemy,Montréal Alliance,2026-2027,offense,Play types,To Basket,4,Right,Handoffs > From Dribble > Right > To Basket,Handoffs,From Dribble,Right,To Basket,,,1,33.3,2.0,113.6,0.0,100.0,0,,,,,,0,,100.0,,,0,0,,1,,100.0,0,0,0,,0,0,,2
Keeshawn Barthelemy,Montréal Alliance,2026-2027,offense,Play types,Foul,5,To Basket,Handoffs > From Dribble > Right > To Basket > Foul,Handoffs,From Dribble,Right,To Basket,Foul,,1,100.0,2.0,113.6,0.0,100.0,0,,,,,,0,,100.0,,,0,0,,1,,100.0,0,0,0,,0,0,,2
Keeshawn Barthelemy,Montréal Alliance,2026-2027,offense,Play types,Top,3,From Dribble,Handoffs > From Dribble > Top,Handoffs,From Dribble,Top,,,,2,33.3,2.0,106.4,0.0,50.0,0,,,,100.0,,1,100.0,50.0,,,1,0,,2,2.0,100.0,1,1,0,100.0,0,0,0.0,4
Keeshawn Barthelemy,Montréal Alliance,2026-2027,offense,Play types,To Basket,4,Top,Handoffs > From Dribble > Top > To Basket,Handoffs,From Dribble,Top,To Basket,,,1,50.0,2.0,100.0,0.0,0.0,0,,,,100.0,,1,100.0,0.0,,,1,0,,1,0.0,100.0,1,1,0,100.0,0,0,0.0,2
Keeshawn Barthelemy,Montréal Alliance,2026-2027,offense,Play types,Make 2 Pts,5,To Basket,Handoffs > From Dribble > Top > To Basket > Make 2 Pts,Handoffs,From Dribble,Top,To Basket,Make 2 Pts,,1,100.0,2.0,100.0,0.0,0.0,0,,,,100.0,,1,100.0,0.0,,,1,0,,1,0.0,100.0,1,1,0,100.0,0,0,0.0,2
Keeshawn Barthelemy,Montréal Alliance,2026-2027,offense,Play types,Dribble Jumper,4,Top,Handoffs > From Dribble > Top > Dribble Jumper,Handoffs,From Dribble,Top,Dribble Jumper,,,1,50.0,2.0,113.6,0.0,100.0,0,,,,,,0,,100.0,,,0,0,,1,,100.0,0,0,0,,0,0,,2
Keeshawn Barthelemy,Montréal Alliance,2026-2027,offense,Play types,Medium/17' to 3pt,5,Dribble Jumper,Handoffs > From Dribble > Top > Dribble Jumper > Medium/17' to 3pt,Handoffs,From Dribble,Top,Dribble Jumper,Medium/17' to 3pt,,1,100.0,2.0,113.6,0.0,100.0,0,,,,,,0,,100.0,,,0,0,,1,,100.0,0,0,0,,0,0,,2
Keeshawn Barthelemy,Montréal Alliance,2026-2027,offense,Play types,Left,3,From Dribble,Handoffs > From Dribble > Left,Handoffs,From Dribble,Left,,,,1,16.7,0.0,0.0,0.0,0.0,0,,,,0.0,,1,0.0,0.0,,,0,1,,1,0.0,0.0,1,0,1,0.0,0,0,0.0,0
Keeshawn Barthelemy,Montréal Alliance,2026-2027,offense,Play types,Dribble Jumper,4,Left,Handoffs > From Dribble > Left > Dribble Jumper,Handoffs,From Dribble,Left,Dribble Jumper,,,1,100.0,0.0,0.0,0.0,0.0,0,,,,0.0,,1,0.0,0.0,,,0,1,,1,0.0,0.0,1,0,1,0.0,0,0,0.0,0
Keeshawn Barthelemy,Montréal Alliance,2026-2027,offense,Play types,Medium/17' to 3pt,5,Dribble Jumper,Handoffs > From Dribble > Left > Dribble Jumper > Medium/17' to 3pt,Handoffs,From Dribble,Left,Dribble Jumper,Medium/17' to 3pt,,1,100.0,0.0,0.0,0.0,0.0,0,,,,0.0,,1,0.0,0.0,,,0,1,,1,0.0,0.0,1,0,1,0.0,0,0,0.0,0
Keeshawn Barthelemy,Montréal Alliance,2026-2027,offense,Play types,From Stationary,2,Handoffs,Handoffs > From Stationary,Handoffs,From Stationary,,,,,3,33.3,0.667,50.0,33.3,0.0,1,0.0,,,50.0,,2,50.0,0.0,,,1,1,,2,0.0,33.3,1,1,0,100.0,0,1,0.5,2
Keeshawn Barthelemy,Montréal Alliance,2026-2027,offense,Play types,Top,3,From Stationary,Handoffs > From Stationary > Top,Handoffs,From Stationary,Top,,,,2,66.7,1.0,50.0,0.0,0.0,1,0.0,,,50.0,,2,50.0,0.0,,,1,1,,2,0.0,50.0,1,1,0,100.0,0,1,0.5,2
Keeshawn Barthelemy,Montréal Alliance,2026-2027,offense,Play types,Dribble Jumper,4,Top,Handoffs > From Stationary > Top > Dribble Jumper,Handoffs,From Stationary,Top,Dribble Jumper,,,2,100.0,1.0,50.0,0.0,0.0,1,0.0,,,50.0,,2,50.0,0.0,,,1,1,,2,0.0,50.0,1,1,0,100.0,0,1,0.5,2
Keeshawn Barthelemy,Montréal Alliance,2026-2027,offense,Play types,Medium/17' to 3pt,5,Dribble Jumper,Handoffs > From Stationary > Top > Dribble Jumper > Medium/17' to 3pt,Handoffs,From Stationary,Top,Dribble Jumper,Medium/17' to 3pt,,1,50.0,2.0,100.0,0.0,0.0,0,,,,100.0,,1,100.0,0.0,,,1,0,,1,0.0,100.0,1,1,0,100.0,0,0,0.0,2
Keeshawn Barthelemy,Montréal Alliance,2026-2027,offense,Play types,Long/3pt,5,Dribble Jumper,Handoffs > From Stationary > Top > Dribble Jumper > Long/3pt,Handoffs,From Stationary,Top,Dribble Jumper,Long/3pt,,1,50.0,0.0,0.0,0.0,0.0,1,0.0,,,0.0,,1,0.0,0.0,,,0,1,,1,0.0,0.0,0,0,0,,0,1,1.0,0
Keeshawn Barthelemy,Montréal Alliance,2026-2027,offense,Play types,Left,3,From Stationary,Handoffs > From Stationary > Left,Handoffs,From Stationary,Left,,,,1,33.3,0.0,,100.0,0.0,0,,,,,,0,,0.0,,,0,0,,0,,0.0,0,0,0,,0,0,,0
Keeshawn Barthelemy,Montréal Alliance,2026-2027,offense,Play types,Turnover,4,Left,Handoffs > From Stationary > Left > Turnover,Handoffs,From Stationary,Left,Turnover,,,1,100.0,0.0,,100.0,0.0,0,,,,,,0,,0.0,,,0,0,,0,,0.0,0,0,0,,0,0,,0
Keeshawn Barthelemy,Montréal Alliance,2026-2027,offense,Play types,Cut,1,,Cut,Cut,,,,,,8,6.2,1.5,78.5,0.0,37.5,0,,,,60.0,,5,60.0,37.5,,,3,2,,8,1.2,75.0,5,3,2,60.0,0,0,0.0,12
Keeshawn Barthelemy,Montréal Alliance,2026-2027,offense,Play types,Basket,2,Cut,Cut > Basket,Cut,Basket,,,,,7,87.5,1.429,74.0,0.0,28.6,0,,,,60.0,,5,60.0,28.6,,,3,2,,7,0.8,71.4,5,3,2,60.0,0,0,0.0,10
Keeshawn Barthelemy,Montréal Alliance,2026-2027,offense,Play types,Make 2 Pts,3,Basket,Cut > Basket > Make 2 Pts,Cut,Basket,Make 2 Pts,,,,3,42.9,2.0,100.0,0.0,0.0,0,,,,100.0,,3,100.0,0.0,,,3,0,,3,0.0,100.0,3,3,0,100.0,0,0,0.0,6
Keeshawn Barthelemy,Montréal Alliance,2026-2027,offense,Play types,Foul,3,Basket,Cut > Basket > Foul,Cut,Basket,Foul,,,,2,28.6,2.0,113.6,0.0,100.0,0,,,,,,0,,100.0,,,0,0,,2,,100.0,0,0,0,,0,0,,4
Keeshawn Barthelemy,Montréal Alliance,2026-2027,offense,Play types,Miss 2 Pts,3,Basket,Cut > Basket > Miss 2 Pts,Cut,Basket,Miss 2 Pts,,,,2,28.6,0.0,0.0,0.0,0.0,0,,,,0.0,,2,0.0,0.0,,,0,2,,2,0.0,0.0,2,0,2,0.0,0,0,0.0,0
Keeshawn Barthelemy,Montréal Alliance,2026-2027,offense,Play types,Flash,2,Cut,Cut > Flash,Cut,Flash,,,,,1,12.5,2.0,113.6,0.0,100.0,0,,,,,,0,,100.0,,,0,0,,1,,100.0,0,0,0,,0,0,,2
Keeshawn Barthelemy,Montréal Alliance,2026-2027,offense,Play types,Foul,3,Flash,Cut > Flash > Foul,Cut,Flash,Foul,,,,1,100.0,2.0,113.6,0.0,100.0,0,,,,,,0,,100.0,,,0,0,,1,,100.0,0,0,0,,0,0,,2
Keeshawn Barthelemy,Montréal Alliance,2026-2027,offense,Play types,Isolation,1,,Isolation,Isolation,,,,,,7,5.4,1.429,71.4,0.0,0.0,2,100.0,,,57.1,,7,71.4,0.0,,,4,3,,7,0.0,57.1,5,2,3,40.0,2,0,0.29,10
Keeshawn Barthelemy,Montréal Alliance,2026-2027,offense,Play types,Isolation - Overall,2,Isolation,Isolation > Isolation - Overall,Isolation,Isolation - Overall,,,,,7,100.0,1.429,71.4,0.0,0.0,2,100.0,,,57.1,,7,71.4,0.0,,,4,3,,7,0.0,57.1,5,2,3,40.0,2,0,0.29,10
Keeshawn Barthelemy,Montréal Alliance,2026-2027,offense,Play types,Drives Left,3,Isolation - Overall,Isolation > Isolation - Overall > Drives Left,Isolation,Isolation - Overall,Drives Left,,,,4,57.1,0.5,25.0,0.0,0.0,0,,,,25.0,,4,25.0,0.0,,,1,3,,4,0.0,25.0,4,1,3,25.0,0,0,0.0,2
Keeshawn Barthelemy,Montréal Alliance,2026-2027,offense,Play types,Early Jumper,3,Isolation - Overall,Isolation > Isolation - Overall > Early Jumper,Isolation,Isolation - Overall,Early Jumper,,,,2,28.6,3.0,150.0,0.0,0.0,2,100.0,,,100.0,,2,150.0,0.0,,,2,0,,2,0.0,100.0,0,0,0,,2,0,1.0,6
Keeshawn Barthelemy,Montréal Alliance,2026-2027,offense,Play types,Drives Right,3,Isolation - Overall,Isolation > Isolation - Overall > Drives Right,Isolation,Isolation - Overall,Drives Right,,,,1,14.3,2.0,100.0,0.0,0.0,0,,,,100.0,,1,100.0,0.0,,,1,0,,1,0.0,100.0,1,1,0,100.0,0,0,0.0,2
Keeshawn Barthelemy,Montréal Alliance,2026-2027,offense,Play types,Left,2,Isolation,Isolation > Left,Isolation,Left,,,,,3,42.9,2.333,116.7,0.0,0.0,1,100.0,,,100.0,,3,116.7,0.0,,,3,0,,3,0.0,100.0,2,2,0,100.0,1,0,0.33,7
Keeshawn Barthelemy,Montréal Alliance,2026-2027,offense,Play types,Drives Left,3,Left,Isolation > Left > Drives Left,Isolation,Left,Drives Left,,,,1,33.3,2.0,100.0,0.0,0.0,0,,,,100.0,,1,100.0,0.0,,,1,0,,1,0.0,100.0,1,1,0,100.0,0,0,0.0,2
Keeshawn Barthelemy,Montréal Alliance,2026-2027,offense,Play types,To Basket,4,Drives Left,Isolation > Left > Drives Left > To Basket,Isolation,Left,Drives Left,To Basket,,,1,100.0,2.0,100.0,0.0,0.0,0,,,,100.0,,1,100.0,0.0,,,1,0,,1,0.0,100.0,1,1,0,100.0,0,0,0.0,2
Keeshawn Barthelemy,Montréal Alliance,2026-2027,offense,Play types,Make 2 Pts,5,To Basket,Isolation > Left > Drives Left > To Basket > Make 2 Pts,Isolation,Left,Drives Left,To Basket,Make 2 Pts,,1,100.0,2.0,100.0,0.0,0.0,0,,,,100.0,,1,100.0,0.0,,,1,0,,1,0.0,100.0,1,1,0,100.0,0,0,0.0,2
Keeshawn Barthelemy,Montréal Alliance,2026-2027,offense,Play types,Drives Right,3,Left,Isolation > Left > Drives Right,Isolation,Left,Drives Right,,,,1,33.3,2.0,100.0,0.0,0.0,0,,,,100.0,,1,100.0,0.0,,,1,0,,1,0.0,100.0,1,1,0,100.0,0,0,0.0,2
Keeshawn Barthelemy,Montréal Alliance,2026-2027,offense,Play types,To Basket,4,Drives Right,Isolation > Left > Drives Right > To Basket,Isolation,Left,Drives Right,To Basket,,,1,100.0,2.0,100.0,0.0,0.0,0,,,,100.0,,1,100.0,0.0,,,1,0,,1,0.0,100.0,1,1,0,100.0,0,0,0.0,2
Keeshawn Barthelemy,Montréal Alliance,2026-2027,offense,Play types,Make 2 Pts,5,To Basket,Isolation > Left > Drives Right > To Basket > Make 2 Pts,Isolation,Left,Drives Right,To Basket,Make 2 Pts,,1,100.0,2.0,100.0,0.0,0.0,0,,,,100.0,,1,100.0,0.0,,,1,0,,1,0.0,100.0,1,1,0,100.0,0,0,0.0,2
Keeshawn Barthelemy,Montréal Alliance,2026-2027,offense,Play types,Early Jumper,3,Left,Isolation > Left > Early Jumper,Isolation,Left,Early Jumper,,,,1,33.3,3.0,150.0,0.0,0.0,1,100.0,,,100.0,,1,150.0,0.0,,,1,0,,1,0.0,100.0,0,0,0,,1,0,1.0,3
Keeshawn Barthelemy,Montréal Alliance,2026-2027,offense,Play types,Dribble Jumper,4,Early Jumper,Isolation > Left > Early Jumper > Dribble Jumper,Isolation,Left,Early Jumper,Dribble Jumper,,,1,100.0,3.0,150.0,0.0,0.0,1,100.0,,,100.0,,1,150.0,0.0,,,1,0,,1,0.0,100.0,0,0,0,,1,0,1.0,3
Keeshawn Barthelemy,Montréal Alliance,2026-2027,offense,Play types,Long/3pt,5,Dribble Jumper,Isolation > Left > Early Jumper > Dribble Jumper > Long/3pt,Isolation,Left,Early Jumper,Dribble Jumper,Long/3pt,,1,100.0,3.0,150.0,0.0,0.0,1,100.0,,,100.0,,1,150.0,0.0,,,1,0,,1,0.0,100.0,0,0,0,,1,0,1.0,3
Keeshawn Barthelemy,Montréal Alliance,2026-2027,offense,Play types,Top,2,Isolation,Isolation > Top,Isolation,Top,,,,,3,42.9,1.0,50.0,0.0,0.0,1,100.0,,,33.3,,3,50.0,0.0,,,1,2,,3,0.0,33.3,2,0,2,0.0,1,0,0.33,3
Keeshawn Barthelemy,Montréal Alliance,2026-2027,offense,Play types,Drives Left,3,Top,Isolation > Top > Drives Left,Isolation,Top,Drives Left,,,,2,66.7,0.0,0.0,0.0,0.0,0,,,,0.0,,2,0.0,0.0,,,0,2,,2,0.0,0.0,2,0,2,0.0,0,0,0.0,0
Keeshawn Barthelemy,Montréal Alliance,2026-2027,offense,Play types,Dribble Jumper,4,Drives Left,Isolation > Top > Drives Left > Dribble Jumper,Isolation,Top,Drives Left,Dribble Jumper,,,1,50.0,0.0,0.0,0.0,0.0,0,,,,0.0,,1,0.0,0.0,,,0,1,,1,0.0,0.0,1,0,1,0.0,0,0,0.0,0
Keeshawn Barthelemy,Montréal Alliance,2026-2027,offense,Play types,Short to < 17,5,Dribble Jumper,Isolation > Top > Drives Left > Dribble Jumper > Short to < 17,Isolation,Top,Drives Left,Dribble Jumper,Short to < 17,,1,100.0,0.0,0.0,0.0,0.0,0,,,,0.0,,1,0.0,0.0,,,0,1,,1,0.0,0.0,1,0,1,0.0,0,0,0.0,0
Keeshawn Barthelemy,Montréal Alliance,2026-2027,offense,Play types,To Basket,4,Drives Left,Isolation > Top > Drives Left > To Basket,Isolation,Top,Drives Left,To Basket,,,1,50.0,0.0,0.0,0.0,0.0,0,,,,0.0,,1,0.0,0.0,,,0,1,,1,0.0,0.0,1,0,1,0.0,0,0,0.0,0
Keeshawn Barthelemy,Montréal Alliance,2026-2027,offense,Play types,Miss 2 Pts,5,To Basket,Isolation > Top > Drives Left > To Basket > Miss 2 Pts,Isolation,Top,Drives Left,To Basket,Miss 2 Pts,,1,100.0,0.0,0.0,0.0,0.0,0,,,,0.0,,1,0.0,0.0,,,0,1,,1,0.0,0.0,1,0,1,0.0,0,0,0.0,0
Keeshawn Barthelemy,Montréal Alliance,2026-2027,offense,Play types,Early Jumper,3,Top,Isolation > Top > Early Jumper,Isolation,Top,Early Jumper,,,,1,33.3,3.0,150.0,0.0,0.0,1,100.0,,,100.0,,1,150.0,0.0,,,1,0,,1,0.0,100.0,0,0,0,,1,0,1.0,3
Keeshawn Barthelemy,Montréal Alliance,2026-2027,offense,Play types,Dribble Jumper,4,Early Jumper,Isolation > Top > Early Jumper > Dribble Jumper,Isolation,Top,Early Jumper,Dribble Jumper,,,1,100.0,3.0,150.0,0.0,0.0,1,100.0,,,100.0,,1,150.0,0.0,,,1,0,,1,0.0,100.0,0,0,0,,1,0,1.0,3
Keeshawn Barthelemy,Montréal Alliance,2026-2027,offense,Play types,Long/3pt,5,Dribble Jumper,Isolation > Top > Early Jumper > Dribble Jumper > Long/3pt,Isolation,Top,Early Jumper,Dribble Jumper,Long/3pt,,1,100.0,3.0,150.0,0.0,0.0,1,100.0,,,100.0,,1,150.0,0.0,,,1,0,,1,0.0,100.0,0,0,0,,1,0,1.0,3
Keeshawn Barthelemy,Montréal Alliance,2026-2027,offense,Play types,Right,2,Isolation,Isolation > Right,Isolation,Right,,,,,1,14.3,0.0,0.0,0.0,0.0,0,,,,0.0,,1,0.0,0.0,,,0,1,,1,0.0,0.0,1,0,1,0.0,0,0,0.0,0
Keeshawn Barthelemy,Montréal Alliance,2026-2027,offense,Play types,Drives Left,3,Right,Isolation > Right > Drives Left,Isolation,Right,Drives Left,,,,1,100.0,0.0,0.0,0.0,0.0,0,,,,0.0,,1,0.0,0.0,,,0,1,,1,0.0,0.0,1,0,1,0.0,0,0,0.0,0
Keeshawn Barthelemy,Montréal Alliance,2026-2027,offense,Play types,To Basket,4,Drives Left,Isolation > Right > Drives Left > To Basket,Isolation,Right,Drives Left,To Basket,,,1,100.0,0.0,0.0,0.0,0.0,0,,,,0.0,,1,0.0,0.0,,,0,1,,1,0.0,0.0,1,0,1,0.0,0,0,0.0,0
Keeshawn Barthelemy,Montréal Alliance,2026-2027,offense,Play types,Miss 2 Pts,5,To Basket,Isolation > Right > Drives Left > To Basket > Miss 2 Pts,Isolation,Right,Drives Left,To Basket,Miss 2 Pts,,1,100.0,0.0,0.0,0.0,0.0,0,,,,0.0,,1,0.0,0.0,,,0,1,,1,0.0,0.0,1,0,1,0.0,0,0,0.0,0
Keeshawn Barthelemy,Montréal Alliance,2026-2027,offense,Play types,Miscellaneous Plays,1,,Miscellaneous Plays,Miscellaneous Plays,,,,,,6,4.7,0.667,100.0,66.7,0.0,0,,,,100.0,,2,100.0,0.0,,,2,0,,2,0.0,33.3,2,2,0,100.0,0,0,0.0,4
Keeshawn Barthelemy,Montréal Alliance,2026-2027,offense,Play types,Turnover,2,Miscellaneous Plays,Miscellaneous Plays > Turnover,Miscellaneous Plays,Turnover,,,,,4,66.7,0.0,,100.0,0.0,0,,,,,,0,,0.0,,,0,0,,0,,0.0,0,0,0,,0,0,,0
Keeshawn Barthelemy,Montréal Alliance,2026-2027,offense,Play types,To Basket,2,Miscellaneous Plays,Miscellaneous Plays > To Basket,Miscellaneous Plays,To Basket,,,,,1,16.7,2.0,100.0,0.0,0.0,0,,,,100.0,,1,100.0,0.0,,,1,0,,1,0.0,100.0,1,1,0,100.0,0,0,0.0,2
Keeshawn Barthelemy,Montréal Alliance,2026-2027,offense,Play types,Make 2 Pts,3,To Basket,Miscellaneous Plays > To Basket > Make 2 Pts,Miscellaneous Plays,To Basket,Make 2 Pts,,,,1,100.0,2.0,100.0,0.0,0.0,0,,,,100.0,,1,100.0,0.0,,,1,0,,1,0.0,100.0,1,1,0,100.0,0,0,0.0,2
Keeshawn Barthelemy,Montréal Alliance,2026-2027,offense,Play types,No Dribble Jumper,2,Miscellaneous Plays,Miscellaneous Plays > No Dribble Jumper,Miscellaneous Plays,No Dribble Jumper,,,,,1,16.7,2.0,100.0,0.0,0.0,0,,,,100.0,,1,100.0,0.0,,,1,0,,1,0.0,100.0,1,1,0,100.0,0,0,0.0,2
Keeshawn Barthelemy,Montréal Alliance,2026-2027,offense,Play types,Guarded,3,No Dribble Jumper,Miscellaneous Plays > No Dribble Jumper > Guarded,Miscellaneous Plays,No Dribble Jumper,Guarded,,,,1,100.0,2.0,100.0,0.0,0.0,0,,,,100.0,,1,100.0,0.0,,,1,0,,1,0.0,100.0,1,1,0,100.0,0,0,0.0,2
Keeshawn Barthelemy,Montréal Alliance,2026-2027,offense,Play types,Short to < 17,4,Guarded,Miscellaneous Plays > No Dribble Jumper > Guarded > Short to < 17,Miscellaneous Plays,No Dribble Jumper,Guarded,Short to < 17,,,1,100.0,2.0,100.0,0.0,0.0,0,,,,100.0,,1,100.0,0.0,,,1,0,,1,0.0,100.0,1,1,0,100.0,0,0,0.0,2
Keeshawn Barthelemy,Montréal Alliance,2026-2027,offense,Play types,Make 2 Pts,5,Short to < 17,Miscellaneous Plays > No Dribble Jumper > Guarded > Short to < 17 > Make 2 Pts,Miscellaneous Plays,No Dribble Jumper,Guarded,Short to < 17,Make 2 Pts,,1,100.0,2.0,100.0,0.0,0.0,0,,,,100.0,,1,100.0,0.0,,,1,0,,1,0.0,100.0,1,1,0,100.0,0,0,0.0,2
Keeshawn Barthelemy,Montréal Alliance,2026-2027,offense,Play types,P&R Roll Man,1,,P&R Roll Man,P&R Roll Man,,,,,,1,0.8,0.0,0.0,0.0,0.0,1,0.0,,,0.0,,1,0.0,0.0,,,0,1,,1,0.0,0.0,0,0,0,,0,1,1.0,0
Keeshawn Barthelemy,Montréal Alliance,2026-2027,offense,Play types,Pick and Pops,2,P&R Roll Man,P&R Roll Man > Pick and Pops,P&R Roll Man,Pick and Pops,,,,,1,100.0,0.0,0.0,0.0,0.0,1,0.0,,,0.0,,1,0.0,0.0,,,0,1,,1,0.0,0.0,0,0,0,,0,1,1.0,0
Keeshawn Barthelemy,Montréal Alliance,2026-2027,offense,Play types,No Dribble Jumper,3,Pick and Pops,P&R Roll Man > Pick and Pops > No Dribble Jumper,P&R Roll Man,Pick and Pops,No Dribble Jumper,,,,1,100.0,0.0,0.0,0.0,0.0,1,0.0,,,0.0,,1,0.0,0.0,,,0,1,,1,0.0,0.0,0,0,0,,0,1,1.0,0
Keeshawn Barthelemy,Montréal Alliance,2026-2027,offense,Play types,Open,4,No Dribble Jumper,P&R Roll Man > Pick and Pops > No Dribble Jumper > Open,P&R Roll Man,Pick and Pops,No Dribble Jumper,Open,,,1,100.0,0.0,0.0,0.0,0.0,1,0.0,,,0.0,,1,0.0,0.0,,,0,1,,1,0.0,0.0,0,0,0,,0,1,1.0,0
Keeshawn Barthelemy,Montréal Alliance,2026-2027,offense,Play types,Long/3pt,5,Open,P&R Roll Man > Pick and Pops > No Dribble Jumper > Open > Long/3pt,P&R Roll Man,Pick and Pops,No Dribble Jumper,Open,Long/3pt,,1,100.0,0.0,0.0,0.0,0.0,1,0.0,,,0.0,,1,0.0,0.0,,,0,1,,1,0.0,0.0,0,0,0,,0,1,1.0,0
Keeshawn Barthelemy,Montréal Alliance,2026-2027,offense,Play types,Offensive Rebounds (Put Backs),1,,Offensive Rebounds (Put Backs),Offensive Rebounds (Put Backs),,,,,,1,0.8,2.0,100.0,0.0,0.0,0,,,,100.0,,1,100.0,0.0,,,1,0,,1,0.0,100.0,1,1,0,100.0,0,0,0.0,2
Keeshawn Barthelemy,Montréal Alliance,2026-2027,offense,Play types,Long,2,Offensive Rebounds (Put Backs),Offensive Rebounds (Put Backs) > Long,Offensive Rebounds (Put Backs),Long,,,,,1,100.0,2.0,100.0,0.0,0.0,0,,,,100.0,,1,100.0,0.0,,,1,0,,1,0.0,100.0,1,1,0,100.0,0,0,0.0,2
Keeshawn Barthelemy,Montréal Alliance,2026-2027,offense,Play types,Scoring Attempt,3,Long,Offensive Rebounds (Put Backs) > Long > Scoring Attempt,Offensive Rebounds (Put Backs),Long,Scoring Attempt,,,,1,100.0,2.0,100.0,0.0,0.0,0,,,,100.0,,1,100.0,0.0,,,1,0,,1,0.0,100.0,1,1,0,100.0,0,0,0.0,2
Keeshawn Barthelemy,Montréal Alliance,2026-2027,offense,Play types,Short to < 17,4,Scoring Attempt,Offensive Rebounds (Put Backs) > Long > Scoring Attempt > Short to < 17,Offensive Rebounds (Put Backs),Long,Scoring Attempt,Short to < 17,,,1,100.0,2.0,100.0,0.0,0.0,0,,,,100.0,,1,100.0,0.0,,,1,0,,1,0.0,100.0,1,1,0,100.0,0,0,0.0,2
Keeshawn Barthelemy,Montréal Alliance,2026-2027,offense,Play types,Make 2 Pts,5,Short to < 17,Offensive Rebounds (Put Backs) > Long > Scoring Attempt > Short to < 17 > Make 2 Pts,Offensive Rebounds (Put Backs),Long,Scoring Attempt,Short to < 17,Make 2 Pts,,1,100.0,2.0,100.0,0.0,0.0,0,,,,100.0,,1,100.0,0.0,,,1,0,,1,0.0,100.0,1,1,0,100.0,0,0,0.0,2
Keeshawn Barthelemy,Montréal Alliance,2026-2027,offense,Play types,Post-Up,1,,Post-Up,Post-Up,,,,,,0,0.0,,,,,0,,,,,,0,,,,,0,0,,0,,,0,0,0,,0,0,,0
Keeshawn Barthelemy,Montréal Alliance,2026-2027,offense,Overall Drive Direction,Overall,1,,Overall,Overall,,,,,,13,10.1,1.154,57.7,0.0,0.0,3,33.3,,,53.8,,13,57.7,0.0,,,7,6,,13,0.0,53.8,10,6,4,60.0,1,2,0.23,15
Keeshawn Barthelemy,Montréal Alliance,2026-2027,offense,Overall Drive Direction,Drives Left,2,Overall,Overall > Drives Left,Overall,Drives Left,,,,,7,53.8,0.571,28.6,0.0,0.0,2,0.0,,,28.6,,7,28.6,0.0,,,2,5,,7,0.0,28.6,5,2,3,40.0,0,2,0.29,4
Keeshawn Barthelemy,Montréal Alliance,2026-2027,offense,Overall Drive Direction,To Basket,3,Drives Left,Overall > Drives Left > To Basket,Overall,Drives Left,To Basket,,,,4,57.1,1.0,50.0,0.0,0.0,0,,,,50.0,,4,50.0,0.0,,,2,2,,4,0.0,50.0,4,2,2,50.0,0,0,0.0,4
Keeshawn Barthelemy,Montréal Alliance,2026-2027,offense,Overall Drive Direction,Dribble Jumper,3,Drives Left,Overall > Drives Left > Dribble Jumper,Overall,Drives Left,Dribble Jumper,,,,3,42.9,0.0,0.0,0.0,0.0,2,0.0,,,0.0,,3,0.0,0.0,,,0,3,,3,0.0,0.0,1,0,1,0.0,0,2,0.67,0
Keeshawn Barthelemy,Montréal Alliance,2026-2027,offense,Overall Drive Direction,Turnover,3,Drives Left,Overall > Drives Left > Turnover,Overall,Drives Left,Turnover,,,,0,0.0,,,,,0,,,,,,0,,,,,0,0,,0,,,0,0,0,,0,0,,0
Keeshawn Barthelemy,Montréal Alliance,2026-2027,offense,Overall Drive Direction,Foul,3,Drives Left,Overall > Drives Left > Foul,Overall,Drives Left,Foul,,,,0,0.0,,,,,0,,,,,,0,,,,,0,0,,0,,,0,0,0,,0,0,,0
Keeshawn Barthelemy,Montréal Alliance,2026-2027,offense,Overall Drive Direction,Defense Commits,3,Drives Left,Overall > Drives Left > Defense Commits,Overall,Drives Left,Defense Commits,,,,0,0.0,,,,,0,,,,,,0,,,,,0,0,,0,,,0,0,0,,0,0,,0
Keeshawn Barthelemy,Montréal Alliance,2026-2027,offense,Overall Drive Direction,Drives Right,2,Overall,Overall > Drives Right,Overall,Drives Right,,,,,5,38.5,1.6,80.0,0.0,0.0,0,,,,80.0,,5,80.0,0.0,,,4,1,,5,0.0,80.0,5,4,1,80.0,0,0,0.0,8
Keeshawn Barthelemy,Montréal Alliance,2026-2027,offense,Overall Drive Direction,To Basket,3,Drives Right,Overall > Drives Right > To Basket,Overall,Drives Right,To Basket,,,,3,60.0,1.333,66.7,0.0,0.0,0,,,,66.7,,3,66.7,0.0,,,2,1,,3,0.0,66.7,3,2,1,66.7,0,0,0.0,4
Keeshawn Barthelemy,Montréal Alliance,2026-2027,offense,Overall Drive Direction,Dribble Jumper,3,Drives Right,Overall > Drives Right > Dribble Jumper,Overall,Drives Right,Dribble Jumper,,,,2,40.0,2.0,100.0,0.0,0.0,0,,,,100.0,,2,100.0,0.0,,,2,0,,2,0.0,100.0,2,2,0,100.0,0,0,0.0,4
Keeshawn Barthelemy,Montréal Alliance,2026-2027,offense,Overall Drive Direction,Turnover,3,Drives Right,Overall > Drives Right > Turnover,Overall,Drives Right,Turnover,,,,0,0.0,,,,,0,,,,,,0,,,,,0,0,,0,,,0,0,0,,0,0,,0
Keeshawn Barthelemy,Montréal Alliance,2026-2027,offense,Overall Drive Direction,Foul,3,Drives Right,Overall > Drives Right > Foul,Overall,Drives Right,Foul,,,,0,0.0,,,,,0,,,,,,0,,,,,0,0,,0,,,0,0,0,,0,0,,0
Keeshawn Barthelemy,Montréal Alliance,2026-2027,offense,Overall Drive Direction,Defense Commits,3,Drives Right,Overall > Drives Right > Defense Commits,Overall,Drives Right,Defense Commits,,,,0,0.0,,,,,0,,,,,,0,,,,,0,0,,0,,,0,0,0,,0,0,,0
Keeshawn Barthelemy,Montréal Alliance,2026-2027,offense,Overall Drive Direction,Drives Straight,2,Overall,Overall > Drives Straight,Overall,Drives Straight,,,,,1,7.7,3.0,150.0,0.0,0.0,1,100.0,,,100.0,,1,150.0,0.0,,,1,0,,1,0.0,100.0,0,0,0,,1,0,1.0,3
Keeshawn Barthelemy,Montréal Alliance,2026-2027,offense,Overall Drive Direction,Dribble Jumper,3,Drives Straight,Overall > Drives Straight > Dribble Jumper,Overall,Drives Straight,Dribble Jumper,,,,1,100.0,3.0,150.0,0.0,0.0,1,100.0,,,100.0,,1,150.0,0.0,,,1,0,,1,0.0,100.0,0,0,0,,1,0,1.0,3
Keeshawn Barthelemy,Montréal Alliance,2026-2027,offense,Overall Drive Direction,To Basket,3,Drives Straight,Overall > Drives Straight > To Basket,Overall,Drives Straight,To Basket,,,,0,0.0,,,,,0,,,,,,0,,,,,0,0,,0,,,0,0,0,,0,0,,0
Keeshawn Barthelemy,Montréal Alliance,2026-2027,offense,Overall Drive Direction,Turnover,3,Drives Straight,Overall > Drives Straight > Turnover,Overall,Drives Straight,Turnover,,,,0,0.0,,,,,0,,,,,,0,,,,,0,0,,0,,,0,0,0,,0,0,,0
Keeshawn Barthelemy,Montréal Alliance,2026-2027,offense,Overall Drive Direction,Foul,3,Drives Straight,Overall > Drives Straight > Foul,Overall,Drives Straight,Foul,,,,0,0.0,,,,,0,,,,,,0,,,,,0,0,,0,,,0,0,0,,0,0,,0
Keeshawn Barthelemy,Montréal Alliance,2026-2027,offense,Overall Drive Direction,Defense Commits,3,Drives Straight,Overall > Drives Straight > Defense Commits,Overall,Drives Straight,Defense Commits,,,,0,0.0,,,,,0,,,,,,0,,,,,0,0,,0,,,0,0,0,,0,0,,0
Keeshawn Barthelemy,Montréal Alliance,2026-2027,offense,P&R ball handler,P&R Including Passes,1,,P&R Including Passes,P&R Including Passes,,,,,,69,45.1,0.841,46.6,10.1,4.3,22,31.8,Average,35.0,40.0,55.0,60,45.8,4.3,,,24,36,,62,0.08,37.7,38,17,21,44.7,7,15,0.37,58
Keeshawn Barthelemy,Montréal Alliance,2026-2027,offense,P&R ball handler,P&R Ball Handler,2,P&R Including Passes,P&R Including Passes > P&R Ball Handler,P&R Including Passes,P&R Ball Handler,,,,,33,47.8,0.909,51.9,12.1,3.0,11,36.4,,,42.9,,28,50.0,3.0,,,12,16,,29,0.07,39.4,17,8,9,47.1,4,7,0.39,30
Keeshawn Barthelemy,Montréal Alliance,2026-2027,offense,P&R ball handler,High P&R,3,P&R Ball Handler,P&R Including Passes > P&R Ball Handler > High P&R,P&R Including Passes,P&R Ball Handler,High P&R,,,,24,72.7,0.875,50.0,12.5,0.0,7,42.9,,,42.9,,21,50.0,0.0,,,9,12,,21,0.0,37.5,14,6,8,42.9,3,4,0.33,21
Keeshawn Barthelemy,Montréal Alliance,2026-2027,offense,P&R ball handler,Dribble Off Pick,4,High P&R,P&R Including Passes > P&R Ball Handler > High P&R > Dribble Off Pick,P&R Including Passes,P&R Ball Handler,High P&R,Dribble Off Pick,,,21,87.5,1.0,52.5,4.8,0.0,7,42.9,,,45.0,,20,52.5,0.0,,,9,11,,20,0.0,42.9,13,6,7,46.2,3,4,0.35,21
Keeshawn Barthelemy,Montréal Alliance,2026-2027,offense,P&R ball handler,Dribble Jumper,5,Dribble Off Pick,P&R Including Passes > P&R Ball Handler > High P&R > Dribble Off Pick > Dribble Jumper,P&R Including Passes,P&R Ball Handler,High P&R,Dribble Off Pick,Dribble Jumper,,15,71.4,1.0,50.0,0.0,0.0,7,42.9,,,40.0,,15,50.0,0.0,,,6,9,,15,0.0,40.0,8,3,5,37.5,3,4,0.47,15
Keeshawn Barthelemy,Montréal Alliance,2026-2027,offense,P&R ball handler,Long/3pt,6,Dribble Jumper,P&R Including Passes > P&R Ball Handler > High P&R > Dribble Off Pick > Dribble Jumper > Long/3pt,P&R Including Passes,P&R Ball Handler,High P&R,Dribble Off Pick,Dribble Jumper,Long/3pt,7,46.7,1.286,64.3,0.0,0.0,7,42.9,,,42.9,,7,64.3,0.0,,,3,4,,7,0.0,42.9,0,0,0,,3,4,1.0,9
Keeshawn Barthelemy,Montréal Alliance,2026-2027,offense,P&R ball handler,Short to < 17,6,Dribble Jumper,P&R Including Passes > P&R Ball Handler > High P&R > Dribble Off Pick > Dribble Jumper > Short to < 17,P&R Including Passes,P&R Ball Handler,High P&R,Dribble Off Pick,Dribble Jumper,Short to < 17,6,40.0,1.0,50.0,0.0,0.0,0,,,,50.0,,6,50.0,0.0,,,3,3,,6,0.0,50.0,6,3,3,50.0,0,0,0.0,6
Keeshawn Barthelemy,Montréal Alliance,2026-2027,offense,P&R ball handler,Medium/17' to 3pt,6,Dribble Jumper,P&R Including Passes > P&R Ball Handler > High P&R > Dribble Off Pick > Dribble Jumper > Medium/17' to 3pt,P&R Including Passes,P&R Ball Handler,High P&R,Dribble Off Pick,Dribble Jumper,Medium/17' to 3pt,2,13.3,0.0,0.0,0.0,0.0,0,,,,0.0,,2,0.0,0.0,,,0,2,,2,0.0,0.0,2,0,2,0.0,0,0,0.0,0
Keeshawn Barthelemy,Montréal Alliance,2026-2027,offense,P&R ball handler,To Basket,5,Dribble Off Pick,P&R Including Passes > P&R Ball Handler > High P&R > Dribble Off Pick > To Basket,P&R Including Passes,P&R Ball Handler,High P&R,Dribble Off Pick,To Basket,,5,23.8,1.2,60.0,0.0,0.0,0,,,,60.0,,5,60.0,0.0,,,3,2,,5,0.0,60.0,5,3,2,60.0,0,0,0.0,6
Keeshawn Barthelemy,Montréal Alliance,2026-2027,offense,P&R ball handler,Make 2 Pts,6,To Basket,P&R Including Passes > P&R Ball Handler > High P&R > Dribble Off Pick > To Basket > Make 2 Pts,P&R Including Passes,P&R Ball Handler,High P&R,Dribble Off Pick,To Basket,Make 2 Pts,3,60.0,2.0,100.0,0.0,0.0,0,,,,100.0,,3,100.0,0.0,,,3,0,,3,0.0,100.0,3,3,0,100.0,0,0,0.0,6
Keeshawn Barthelemy,Montréal Alliance,2026-2027,offense,P&R ball handler,Miss 2 Pts,6,To Basket,P&R Including Passes > P&R Ball Handler > High P&R > Dribble Off Pick > To Basket > Miss 2 Pts,P&R Including Passes,P&R Ball Handler,High P&R,Dribble Off Pick,To Basket,Miss 2 Pts,2,40.0,0.0,0.0,0.0,0.0,0,,,,0.0,,2,0.0,0.0,,,0,2,,2,0.0,0.0,2,0,2,0.0,0,0,0.0,0
Keeshawn Barthelemy,Montréal Alliance,2026-2027,offense,P&R ball handler,Defense Commits,5,Dribble Off Pick,P&R Including Passes > P&R Ball Handler > High P&R > Dribble Off Pick > Defense Commits,P&R Including Passes,P&R Ball Handler,High P&R,Dribble Off Pick,Defense Commits,,1,4.8,0.0,,100.0,0.0,0,,,,,,0,,0.0,,,0,0,,0,,0.0,0,0,0,,0,0,,0
Keeshawn Barthelemy,Montréal Alliance,2026-2027,offense,P&R ball handler,Turnover,6,Defense Commits,P&R Including Passes > P&R Ball Handler > High P&R > Dribble Off Pick > Defense Commits > Turnover,P&R Including Passes,P&R Ball Handler,High P&R,Dribble Off Pick,Defense Commits,Turnover,1,100.0,0.0,,100.0,0.0,0,,,,,,0,,0.0,,,0,0,,0,,0.0,0,0,0,,0,0,,0
Keeshawn Barthelemy,Montréal Alliance,2026-2027,offense,P&R ball handler,Go Away from Pick,4,High P&R,P&R Including Passes > P&R Ball Handler > High P&R > Go Away from Pick,P&R Including Passes,P&R Ball Handler,High P&R,Go Away from Pick,,,2,8.3,0.0,0.0,50.0,0.0,0,,,,0.0,,1,0.0,0.0,,,0,1,,1,0.0,0.0,1,0,1,0.0,0,0,0.0,0
Keeshawn Barthelemy,Montréal Alliance,2026-2027,offense,P&R ball handler,Defense Commits,5,Go Away from Pick,P&R Including Passes > P&R Ball Handler > High P&R > Go Away from Pick > Defense Commits,P&R Including Passes,P&R Ball Handler,High P&R,Go Away from Pick,Defense Commits,,1,50.0,0.0,,100.0,0.0,0,,,,,,0,,0.0,,,0,0,,0,,0.0,0,0,0,,0,0,,0
Keeshawn Barthelemy,Montréal Alliance,2026-2027,offense,P&R ball handler,Turnover,6,Defense Commits,P&R Including Passes > P&R Ball Handler > High P&R > Go Away from Pick > Defense Commits > Turnover,P&R Including Passes,P&R Ball Handler,High P&R,Go Away from Pick,Defense Commits,Turnover,1,100.0,0.0,,100.0,0.0,0,,,,,,0,,0.0,,,0,0,,0,,0.0,0,0,0,,0,0,,0
Keeshawn Barthelemy,Montréal Alliance,2026-2027,offense,P&R ball handler,To Basket,5,Go Away from Pick,P&R Including Passes > P&R Ball Handler > High P&R > Go Away from Pick > To Basket,P&R Including Passes,P&R Ball Handler,High P&R,Go Away from Pick,To Basket,,1,50.0,0.0,0.0,0.0,0.0,0,,,,0.0,,1,0.0,0.0,,,0,1,,1,0.0,0.0,1,0,1,0.0,0,0,0.0,0
Keeshawn Barthelemy,Montréal Alliance,2026-2027,offense,P&R ball handler,Miss 2 Pts,6,To Basket,P&R Including Passes > P&R Ball Handler > High P&R > Go Away from Pick > To Basket > Miss 2 Pts,P&R Including Passes,P&R Ball Handler,High P&R,Go Away from Pick,To Basket,Miss 2 Pts,1,100.0,0.0,0.0,0.0,0.0,0,,,,0.0,,1,0.0,0.0,,,0,1,,1,0.0,0.0,1,0,1,0.0,0,0,0.0,0
Keeshawn Barthelemy,Montréal Alliance,2026-2027,offense,P&R ball handler,Turnover,4,High P&R,P&R Including Passes > P&R Ball Handler > High P&R > Turnover,P&R Including Passes,P&R Ball Handler,High P&R,Turnover,,,1,4.2,0.0,,100.0,0.0,0,,,,,,0,,0.0,,,0,0,,0,,0.0,0,0,0,,0,0,,0
Keeshawn Barthelemy,Montréal Alliance,2026-2027,offense,P&R ball handler,Left P&R,3,P&R Ball Handler,P&R Including Passes > P&R Ball Handler > Left P&R,P&R Including Passes,P&R Ball Handler,Left P&R,,,,5,15.2,0.4,25.8,20.0,20.0,2,0.0,,,0.0,,3,0.0,20.0,,,0,3,,4,0.67,20.0,1,0,1,0.0,0,2,0.67,2
Keeshawn Barthelemy,Montréal Alliance,2026-2027,offense,P&R ball handler,Side,4,Left P&R,P&R Including Passes > P&R Ball Handler > Left P&R > Side,P&R Including Passes,P&R Ball Handler,Left P&R,Side,,,4,80.0,0.5,34.7,25.0,25.0,1,0.0,,,0.0,,2,0.0,25.0,,,0,2,,3,1.0,25.0,1,0,1,0.0,0,1,0.5,2
Keeshawn Barthelemy,Montréal Alliance,2026-2027,offense,P&R ball handler,Dribble Off Pick,5,Side,P&R Including Passes > P&R Ball Handler > Left P&R > Side > Dribble Off Pick,P&R Including Passes,P&R Ball Handler,Left P&R,Side,Dribble Off Pick,,2,50.0,0.0,0.0,50.0,0.0,1,0.0,,,0.0,,1,0.0,0.0,,,0,1,,1,0.0,0.0,0,0,0,,0,1,1.0,0
Keeshawn Barthelemy,Montréal Alliance,2026-2027,offense,P&R ball handler,Dribble Jumper,6,Dribble Off Pick,P&R Including Passes > P&R Ball Handler > Left P&R > Side > Dribble Off Pick > Dribble Jumper,P&R Including Passes,P&R Ball Handler,Left P&R,Side,Dribble Off Pick,Dribble Jumper,1,50.0,0.0,0.0,0.0,0.0,1,0.0,,,0.0,,1,0.0,0.0,,,0,1,,1,0.0,0.0,0,0,0,,0,1,1.0,0
Keeshawn Barthelemy,Montréal Alliance,2026-2027,offense,P&R ball handler,Defense Commits,6,Dribble Off Pick,P&R Including Passes > P&R Ball Handler > Left P&R > Side > Dribble Off Pick > Defense Commits,P&R Including Passes,P&R Ball Handler,Left P&R,Side,Dribble Off Pick,Defense Commits,1,50.0,0.0,,100.0,0.0,0,,,,,,0,,0.0,,,0,0,,0,,0.0,0,0,0,,0,0,,0
Keeshawn Barthelemy,Montréal Alliance,2026-2027,offense,P&R ball handler,Go Away from Pick,5,Side,P&R Including Passes > P&R Ball Handler > Left P&R > Side > Go Away from Pick,P&R Including Passes,P&R Ball Handler,Left P&R,Side,Go Away from Pick,,2,50.0,1.0,53.2,0.0,50.0,0,,,,0.0,,1,0.0,50.0,,,0,1,,2,2.0,50.0,1,0,1,0.0,0,0,0.0,2
Keeshawn Barthelemy,Montréal Alliance,2026-2027,offense,P&R ball handler,To Basket,6,Go Away from Pick,P&R Including Passes > P&R Ball Handler > Left P&R > Side > Go Away from Pick > To Basket,P&R Including Passes,P&R Ball Handler,Left P&R,Side,Go Away from Pick,To Basket,2,100.0,1.0,53.2,0.0,50.0,0,,,,0.0,,1,0.0,50.0,,,0,1,,2,2.0,50.0,1,0,1,0.0,0,0,0.0,2
Keeshawn Barthelemy,Montréal Alliance,2026-2027,offense,P&R ball handler,Baseline,4,Left P&R,P&R Including Passes > P&R Ball Handler > Left P&R > Baseline,P&R Including Passes,P&R Ball Handler,Left P&R,Baseline,,,1,20.0,0.0,0.0,0.0,0.0,1,0.0,,,0.0,,1,0.0,0.0,,,0,1,,1,0.0,0.0,0,0,0,,0,1,1.0,0
Keeshawn Barthelemy,Montréal Alliance,2026-2027,offense,P&R ball handler,Dribble Off Pick,5,Baseline,P&R Including Passes > P&R Ball Handler > Left P&R > Baseline > Dribble Off Pick,P&R Including Passes,P&R Ball Handler,Left P&R,Baseline,Dribble Off Pick,,1,100.0,0.0,0.0,0.0,0.0,1,0.0,,,0.0,,1,0.0,0.0,,,0,1,,1,0.0,0.0,0,0,0,,0,1,1.0,0
Keeshawn Barthelemy,Montréal Alliance,2026-2027,offense,P&R ball handler,Dribble Jumper,6,Dribble Off Pick,P&R Including Passes > P&R Ball Handler > Left P&R > Baseline > Dribble Off Pick > Dribble Jumper,P&R Including Passes,P&R Ball Handler,Left P&R,Baseline,Dribble Off Pick,Dribble Jumper,1,100.0,0.0,0.0,0.0,0.0,1,0.0,,,0.0,,1,0.0,0.0,,,0,1,,1,0.0,0.0,0,0,0,,0,1,1.0,0
Keeshawn Barthelemy,Montréal Alliance,2026-2027,offense,P&R ball handler,Right P&R,3,P&R Ball Handler,P&R Including Passes > P&R Ball Handler > Right P&R,P&R Including Passes,P&R Ball Handler,Right P&R,,,,4,12.1,1.75,87.5,0.0,0.0,2,50.0,,,75.0,,4,87.5,0.0,,,3,1,,4,0.0,75.0,2,2,0,100.0,1,1,0.5,7
Keeshawn Barthelemy,Montréal Alliance,2026-2027,offense,P&R ball handler,Side,4,Right P&R,P&R Including Passes > P&R Ball Handler > Right P&R > Side,P&R Including Passes,P&R Ball Handler,Right P&R,Side,,,2,50.0,2.5,125.0,0.0,0.0,1,100.0,,,100.0,,2,125.0,0.0,,,2,0,,2,0.0,100.0,1,1,0,100.0,1,0,0.5,5
Keeshawn Barthelemy,Montréal Alliance,2026-2027,offense,P&R ball handler,Go Away from Pick,5,Side,P&R Including Passes > P&R Ball Handler > Right P&R > Side > Go Away from Pick,P&R Including Passes,P&R Ball Handler,Right P&R,Side,Go Away from Pick,,1,50.0,3.0,150.0,0.0,0.0,1,100.0,,,100.0,,1,150.0,0.0,,,1,0,,1,0.0,100.0,0,0,0,,1,0,1.0,3
Keeshawn Barthelemy,Montréal Alliance,2026-2027,offense,P&R ball handler,Dribble Jumper,6,Go Away from Pick,P&R Including Passes > P&R Ball Handler > Right P&R > Side > Go Away from Pick > Dribble Jumper,P&R Including Passes,P&R Ball Handler,Right P&R,Side,Go Away from Pick,Dribble Jumper,1,100.0,3.0,150.0,0.0,0.0,1,100.0,,,100.0,,1,150.0,0.0,,,1,0,,1,0.0,100.0,0,0,0,,1,0,1.0,3
Keeshawn Barthelemy,Montréal Alliance,2026-2027,offense,P&R ball handler,Dribble Off Pick,5,Side,P&R Including Passes > P&R Ball Handler > Right P&R > Side > Dribble Off Pick,P&R Including Passes,P&R Ball Handler,Right P&R,Side,Dribble Off Pick,,1,50.0,2.0,100.0,0.0,0.0,0,,,,100.0,,1,100.0,0.0,,,1,0,,1,0.0,100.0,1,1,0,100.0,0,0,0.0,2
Keeshawn Barthelemy,Montréal Alliance,2026-2027,offense,P&R ball handler,Dribble Jumper,6,Dribble Off Pick,P&R Including Passes > P&R Ball Handler > Right P&R > Side > Dribble Off Pick > Dribble Jumper,P&R Including Passes,P&R Ball Handler,Right P&R,Side,Dribble Off Pick,Dribble Jumper,1,100.0,2.0,100.0,0.0,0.0,0,,,,100.0,,1,100.0,0.0,,,1,0,,1,0.0,100.0,1,1,0,100.0,0,0,0.0,2
Keeshawn Barthelemy,Montréal Alliance,2026-2027,offense,P&R ball handler,Baseline,4,Right P&R,P&R Including Passes > P&R Ball Handler > Right P&R > Baseline,P&R Including Passes,P&R Ball Handler,Right P&R,Baseline,,,2,50.0,1.0,50.0,0.0,0.0,1,0.0,,,50.0,,2,50.0,0.0,,,1,1,,2,0.0,50.0,1,1,0,100.0,0,1,0.5,2
Keeshawn Barthelemy,Montréal Alliance,2026-2027,offense,P&R ball handler,Dribble Off Pick,5,Baseline,P&R Including Passes > P&R Ball Handler > Right P&R > Baseline > Dribble Off Pick,P&R Including Passes,P&R Ball Handler,Right P&R,Baseline,Dribble Off Pick,,2,100.0,1.0,50.0,0.0,0.0,1,0.0,,,50.0,,2,50.0,0.0,,,1,1,,2,0.0,50.0,1,1,0,100.0,0,1,0.5,2
Keeshawn Barthelemy,Montréal Alliance,2026-2027,offense,P&R ball handler,To Basket,6,Dribble Off Pick,P&R Including Passes > P&R Ball Handler > Right P&R > Baseline > Dribble Off Pick > To Basket,P&R Including Passes,P&R Ball Handler,Right P&R,Baseline,Dribble Off Pick,To Basket,1,50.0,2.0,100.0,0.0,0.0,0,,,,100.0,,1,100.0,0.0,,,1,0,,1,0.0,100.0,1,1,0,100.0,0,0,0.0,2
Keeshawn Barthelemy,Montréal Alliance,2026-2027,offense,P&R ball handler,Dribble Jumper,6,Dribble Off Pick,P&R Including Passes > P&R Ball Handler > Right P&R > Baseline > Dribble Off Pick > Dribble Jumper,P&R Including Passes,P&R Ball Handler,Right P&R,Baseline,Dribble Off Pick,Dribble Jumper,1,50.0,0.0,0.0,0.0,0.0,1,0.0,,,0.0,,1,0.0,0.0,,,0,1,,1,0.0,0.0,0,0,0,,0,1,1.0,0
Keeshawn Barthelemy,Montréal Alliance,2026-2027,offense,P&R ball handler,Spot-Up,2,P&R Including Passes,P&R Including Passes > Spot-Up,P&R Including Passes,Spot-Up,,,,,18,26.1,0.778,42.9,11.1,11.1,7,14.3,,,40.0,,15,43.3,11.1,,,6,9,,16,0.2,38.9,8,5,3,62.5,1,6,0.47,14
Keeshawn Barthelemy,Montréal Alliance,2026-2027,offense,P&R ball handler,No Dribble Jumper,3,Spot-Up,P&R Including Passes > Spot-Up > No Dribble Jumper,P&R Including Passes,Spot-Up,No Dribble Jumper,,,,7,38.9,0.429,21.4,0.0,0.0,7,14.3,,,14.3,,7,21.4,0.0,,,1,6,,7,0.0,14.3,0,0,0,,1,6,1.0,3
Keeshawn Barthelemy,Montréal Alliance,2026-2027,offense,P&R ball handler,Guarded,4,No Dribble Jumper,P&R Including Passes > Spot-Up > No Dribble Jumper > Guarded,P&R Including Passes,Spot-Up,No Dribble Jumper,Guarded,,,6,85.7,0.0,0.0,0.0,0.0,6,0.0,,,0.0,,6,0.0,0.0,,,0,6,,6,0.0,0.0,0,0,0,,0,6,1.0,0
Keeshawn Barthelemy,Montréal Alliance,2026-2027,offense,P&R ball handler,Long/3pt,5,Guarded,P&R Including Passes > Spot-Up > No Dribble Jumper > Guarded > Long/3pt,P&R Including Passes,Spot-Up,No Dribble Jumper,Guarded,Long/3pt,,6,100.0,0.0,0.0,0.0,0.0,6,0.0,,,0.0,,6,0.0,0.0,,,0,6,,6,0.0,0.0,0,0,0,,0,6,1.0,0
Keeshawn Barthelemy,Montréal Alliance,2026-2027,offense,P&R ball handler,Miss 3 Pts,6,Long/3pt,P&R Including Passes > Spot-Up > No Dribble Jumper > Guarded > Long/3pt > Miss 3 Pts,P&R Including Passes,Spot-Up,No Dribble Jumper,Guarded,Long/3pt,Miss 3 Pts,6,100.0,0.0,0.0,0.0,0.0,6,0.0,,,0.0,,6,0.0,0.0,,,0,6,,6,0.0,0.0,0,0,0,,0,6,1.0,0
Keeshawn Barthelemy,Montréal Alliance,2026-2027,offense,P&R ball handler,Open,4,No Dribble Jumper,P&R Including Passes > Spot-Up > No Dribble Jumper > Open,P&R Including Passes,Spot-Up,No Dribble Jumper,Open,,,1,14.3,3.0,150.0,0.0,0.0,1,100.0,,,100.0,,1,150.0,0.0,,,1,0,,1,0.0,100.0,0,0,0,,1,0,1.0,3
Keeshawn Barthelemy,Montréal Alliance,2026-2027,offense,P&R ball handler,Long/3pt,5,Open,P&R Including Passes > Spot-Up > No Dribble Jumper > Open > Long/3pt,P&R Including Passes,Spot-Up,No Dribble Jumper,Open,Long/3pt,,1,100.0,3.0,150.0,0.0,0.0,1,100.0,,,100.0,,1,150.0,0.0,,,1,0,,1,0.0,100.0,0,0,0,,1,0,1.0,3
Keeshawn Barthelemy,Montréal Alliance,2026-2027,offense,P&R ball handler,Make 3 Pts,6,Long/3pt,P&R Including Passes > Spot-Up > No Dribble Jumper > Open > Long/3pt > Make 3 Pts,P&R Including Passes,Spot-Up,No Dribble Jumper,Open,Long/3pt,Make 3 Pts,1,100.0,3.0,150.0,0.0,0.0,1,100.0,,,100.0,,1,150.0,0.0,,,1,0,,1,0.0,100.0,0,0,0,,1,0,1.0,3
Keeshawn Barthelemy,Montréal Alliance,2026-2027,offense,P&R ball handler,Drives Right,3,Spot-Up,P&R Including Passes > Spot-Up > Drives Right,P&R Including Passes,Spot-Up,Drives Right,,,,5,27.8,1.0,51.2,0.0,20.0,0,,,,50.0,,4,50.0,20.0,,,2,2,,5,0.5,60.0,4,2,2,50.0,0,0,0.0,5
Keeshawn Barthelemy,Montréal Alliance,2026-2027,offense,P&R ball handler,To Basket,4,Drives Right,P&R Including Passes > Spot-Up > Drives Right > To Basket,P&R Including Passes,Spot-Up,Drives Right,To Basket,,,4,80.0,1.0,50.0,0.0,0.0,0,,,,50.0,,4,50.0,0.0,,,2,2,,4,0.0,50.0,4,2,2,50.0,0,0,0.0,4
Keeshawn Barthelemy,Montréal Alliance,2026-2027,offense,P&R ball handler,Make 2 Pts,5,To Basket,P&R Including Passes > Spot-Up > Drives Right > To Basket > Make 2 Pts,P&R Including Passes,Spot-Up,Drives Right,To Basket,Make 2 Pts,,2,50.0,2.0,100.0,0.0,0.0,0,,,,100.0,,2,100.0,0.0,,,2,0,,2,0.0,100.0,2,2,0,100.0,0,0,0.0,4
Keeshawn Barthelemy,Montréal Alliance,2026-2027,offense,P&R ball handler,Miss 2 Pts,5,To Basket,P&R Including Passes > Spot-Up > Drives Right > To Basket > Miss 2 Pts,P&R Including Passes,Spot-Up,Drives Right,To Basket,Miss 2 Pts,,2,50.0,0.0,0.0,0.0,0.0,0,,,,0.0,,2,0.0,0.0,,,0,2,,2,0.0,0.0,2,0,2,0.0,0,0,0.0,0
Keeshawn Barthelemy,Montréal Alliance,2026-2027,offense,P&R ball handler,Dribble Jumper,4,Drives Right,P&R Including Passes > Spot-Up > Drives Right > Dribble Jumper,P&R Including Passes,Spot-Up,Drives Right,Dribble Jumper,,,1,20.0,1.0,56.8,0.0,100.0,0,,,,,,0,,100.0,,,0,0,,1,,100.0,0,0,0,,0,0,,1
Keeshawn Barthelemy,Montréal Alliance,2026-2027,offense,P&R ball handler,Medium/17' to 3pt,5,Dribble Jumper,P&R Including Passes > Spot-Up > Drives Right > Dribble Jumper > Medium/17' to 3pt,P&R Including Passes,Spot-Up,Drives Right,Dribble Jumper,Medium/17' to 3pt,,1,100.0,1.0,56.8,0.0,100.0,0,,,,,,0,,100.0,,,0,0,,1,,100.0,0,0,0,,0,0,,1
Keeshawn Barthelemy,Montréal Alliance,2026-2027,offense,P&R ball handler,Foul,6,Medium/17' to 3pt,P&R Including Passes > Spot-Up > Drives Right > Dribble Jumper > Medium/17' to 3pt > Foul,P&R Including Passes,Spot-Up,Drives Right,Dribble Jumper,Medium/17' to 3pt,Foul,1,100.0,1.0,56.8,0.0,100.0,0,,,,,,0,,100.0,,,0,0,,1,,100.0,0,0,0,,0,0,,1
Keeshawn Barthelemy,Montréal Alliance,2026-2027,offense,P&R ball handler,Drives Left,3,Spot-Up,P&R Including Passes > Spot-Up > Drives Left,P&R Including Passes,Spot-Up,Drives Left,,,,5,27.8,1.2,67.6,20.0,20.0,0,,,,75.0,,4,75.0,20.0,,,3,1,,4,0.25,60.0,4,3,1,75.0,0,0,0.0,6
Keeshawn Barthelemy,Montréal Alliance,2026-2027,offense,P&R ball handler,Dribble Jumper,4,Drives Left,P&R Including Passes > Spot-Up > Drives Left > Dribble Jumper,P&R Including Passes,Spot-Up,Drives Left,Dribble Jumper,,,3,60.0,1.333,58.1,0.0,33.3,0,,,,66.7,,3,66.7,33.3,,,2,1,,3,0.33,66.7,3,2,1,66.7,0,0,0.0,4
Keeshawn Barthelemy,Montréal Alliance,2026-2027,offense,P&R ball handler,Short to < 17,5,Dribble Jumper,P&R Including Passes > Spot-Up > Drives Left > Dribble Jumper > Short to < 17,P&R Including Passes,Spot-Up,Drives Left,Dribble Jumper,Short to < 17,,3,100.0,1.333,58.1,0.0,33.3,0,,,,66.7,,3,66.7,33.3,,,2,1,,3,0.33,66.7,3,2,1,66.7,0,0,0.0,4
Keeshawn Barthelemy,Montréal Alliance,2026-2027,offense,P&R ball handler,Miss 2 Pts,6,Short to < 17,P&R Including Passes > Spot-Up > Drives Left > Dribble Jumper > Short to < 17 > Miss 2 Pts,P&R Including Passes,Spot-Up,Drives Left,Dribble Jumper,Short to < 17,Miss 2 Pts,1,33.3,0.0,0.0,0.0,0.0,0,,,,0.0,,1,0.0,0.0,,,0,1,,1,0.0,0.0,1,0,1,0.0,0,0,0.0,0
Keeshawn Barthelemy,Montréal Alliance,2026-2027,offense,P&R ball handler,Make 2 Pts,6,Short to < 17,P&R Including Passes > Spot-Up > Drives Left > Dribble Jumper > Short to < 17 > Make 2 Pts,P&R Including Passes,Spot-Up,Drives Left,Dribble Jumper,Short to < 17,Make 2 Pts,1,33.3,2.0,100.0,0.0,0.0,0,,,,100.0,,1,100.0,0.0,,,1,0,,1,0.0,100.0,1,1,0,100.0,0,0,0.0,2
Keeshawn Barthelemy,Montréal Alliance,2026-2027,offense,P&R ball handler,Make 2 Pts Foul,6,Short to < 17,P&R Including Passes > Spot-Up > Drives Left > Dribble Jumper > Short to < 17 > Make 2 Pts Foul,P&R Including Passes,Spot-Up,Drives Left,Dribble Jumper,Short to < 17,Make 2 Pts Foul,1,33.3,2.0,69.4,0.0,100.0,0,,,,100.0,,1,100.0,100.0,,,1,0,,1,1.0,100.0,1,1,0,100.0,0,0,0.0,2
Keeshawn Barthelemy,Montréal Alliance,2026-2027,offense,P&R ball handler,To Basket,4,Drives Left,P&R Including Passes > Spot-Up > Drives Left > To Basket,P&R Including Passes,Spot-Up,Drives Left,To Basket,,,1,20.0,2.0,100.0,0.0,0.0,0,,,,100.0,,1,100.0,0.0,,,1,0,,1,0.0,100.0,1,1,0,100.0,0,0,0.0,2
Keeshawn Barthelemy,Montréal Alliance,2026-2027,offense,P&R ball handler,Make 2 Pts,5,To Basket,P&R Including Passes > Spot-Up > Drives Left > To Basket > Make 2 Pts,P&R Including Passes,Spot-Up,Drives Left,To Basket,Make 2 Pts,,1,100.0,2.0,100.0,0.0,0.0,0,,,,100.0,,1,100.0,0.0,,,1,0,,1,0.0,100.0,1,1,0,100.0,0,0,0.0,2
Keeshawn Barthelemy,Montréal Alliance,2026-2027,offense,P&R ball handler,Turnover,4,Drives Left,P&R Including Passes > Spot-Up > Drives Left > Turnover,P&R Including Passes,Spot-Up,Drives Left,Turnover,,,1,20.0,0.0,,100.0,0.0,0,,,,,,0,,0.0,,,0,0,,0,,0.0,0,0,0,,0,0,,0
Keeshawn Barthelemy,Montréal Alliance,2026-2027,offense,P&R ball handler,Turnover,3,Spot-Up,P&R Including Passes > Spot-Up > Turnover,P&R Including Passes,Spot-Up,Turnover,,,,1,5.6,0.0,,100.0,0.0,0,,,,,,0,,0.0,,,0,0,,0,,0.0,0,0,0,,0,0,,0
Keeshawn Barthelemy,Montréal Alliance,2026-2027,offense,P&R ball handler,P&R Roll Man,2,P&R Including Passes,P&R Including Passes > P&R Roll Man,P&R Including Passes,P&R Roll Man,,,,,14,20.3,1.0,53.8,7.1,0.0,4,50.0,,,46.2,,13,53.8,0.0,,,6,7,,13,0.0,42.9,9,4,5,44.4,2,2,0.31,14
Keeshawn Barthelemy,Montréal Alliance,2026-2027,offense,P&R ball handler,Rolls to Basket,3,P&R Roll Man,P&R Including Passes > P&R Roll Man > Rolls to Basket,P&R Including Passes,P&R Roll Man,Rolls to Basket,,,,8,57.1,0.75,42.9,12.5,0.0,0,,,,42.9,,7,42.9,0.0,,,3,4,,7,0.0,37.5,7,3,4,42.9,0,0,0.0,6
Keeshawn Barthelemy,Montréal Alliance,2026-2027,offense,P&R ball handler,Miss 2 Pts,4,Rolls to Basket,P&R Including Passes > P&R Roll Man > Rolls to Basket > Miss 2 Pts,P&R Including Passes,P&R Roll Man,Rolls to Basket,Miss 2 Pts,,,4,50.0,0.0,0.0,0.0,0.0,0,,,,0.0,,4,0.0,0.0,,,0,4,,4,0.0,0.0,4,0,4,0.0,0,0,0.0,0
Keeshawn Barthelemy,Montréal Alliance,2026-2027,offense,P&R ball handler,Make 2 Pts,4,Rolls to Basket,P&R Including Passes > P&R Roll Man > Rolls to Basket > Make 2 Pts,P&R Including Passes,P&R Roll Man,Rolls to Basket,Make 2 Pts,,,3,37.5,2.0,100.0,0.0,0.0,0,,,,100.0,,3,100.0,0.0,,,3,0,,3,0.0,100.0,3,3,0,100.0,0,0,0.0,6
Keeshawn Barthelemy,Montréal Alliance,2026-2027,offense,P&R ball handler,Turnover,4,Rolls to Basket,P&R Including Passes > P&R Roll Man > Rolls to Basket > Turnover,P&R Including Passes,P&R Roll Man,Rolls to Basket,Turnover,,,1,12.5,0.0,,100.0,0.0,0,,,,,,0,,0.0,,,0,0,,0,,0.0,0,0,0,,0,0,,0
Keeshawn Barthelemy,Montréal Alliance,2026-2027,offense,P&R ball handler,Pick and Pops,3,P&R Roll Man,P&R Including Passes > P&R Roll Man > Pick and Pops,P&R Including Passes,P&R Roll Man,Pick and Pops,,,,5,35.7,1.6,80.0,0.0,0.0,4,50.0,,,60.0,,5,80.0,0.0,,,3,2,,5,0.0,60.0,1,1,0,100.0,2,2,0.8,8
Keeshawn Barthelemy,Montréal Alliance,2026-2027,offense,P&R ball handler,No Dribble Jumper,4,Pick and Pops,P&R Including Passes > P&R Roll Man > Pick and Pops > No Dribble Jumper,P&R Including Passes,P&R Roll Man,Pick and Pops,No Dribble Jumper,,,4,80.0,1.5,75.0,0.0,0.0,4,50.0,,,50.0,,4,75.0,0.0,,,2,2,,4,0.0,50.0,0,0,0,,2,2,1.0,6
Keeshawn Barthelemy,Montréal Alliance,2026-2027,offense,P&R ball handler,Guarded,5,No Dribble Jumper,P&R Including Passes > P&R Roll Man > Pick and Pops > No Dribble Jumper > Guarded,P&R Including Passes,P&R Roll Man,Pick and Pops,No Dribble Jumper,Guarded,,2,50.0,3.0,150.0,0.0,0.0,2,100.0,,,100.0,,2,150.0,0.0,,,2,0,,2,0.0,100.0,0,0,0,,2,0,1.0,6
Keeshawn Barthelemy,Montréal Alliance,2026-2027,offense,P&R ball handler,Long/3pt,6,Guarded,P&R Including Passes > P&R Roll Man > Pick and Pops > No Dribble Jumper > Guarded > Long/3pt,P&R Including Passes,P&R Roll Man,Pick and Pops,No Dribble Jumper,Guarded,Long/3pt,2,100.0,3.0,150.0,0.0,0.0,2,100.0,,,100.0,,2,150.0,0.0,,,2,0,,2,0.0,100.0,0,0,0,,2,0,1.0,6
Keeshawn Barthelemy,Montréal Alliance,2026-2027,offense,P&R ball handler,Open,5,No Dribble Jumper,P&R Including Passes > P&R Roll Man > Pick and Pops > No Dribble Jumper > Open,P&R Including Passes,P&R Roll Man,Pick and Pops,No Dribble Jumper,Open,,2,50.0,0.0,0.0,0.0,0.0,2,0.0,,,0.0,,2,0.0,0.0,,,0,2,,2,0.0,0.0,0,0,0,,0,2,1.0,0
Keeshawn Barthelemy,Montréal Alliance,2026-2027,offense,P&R ball handler,Long/3pt,6,Open,P&R Including Passes > P&R Roll Man > Pick and Pops > No Dribble Jumper > Open > Long/3pt,P&R Including Passes,P&R Roll Man,Pick and Pops,No Dribble Jumper,Open,Long/3pt,2,100.0,0.0,0.0,0.0,0.0,2,0.0,,,0.0,,2,0.0,0.0,,,0,2,,2,0.0,0.0,0,0,0,,0,2,1.0,0
Keeshawn Barthelemy,Montréal Alliance,2026-2027,offense,P&R ball handler,Drives Left,4,Pick and Pops,P&R Including Passes > P&R Roll Man > Pick and Pops > Drives Left,P&R Including Passes,P&R Roll Man,Pick and Pops,Drives Left,,,1,20.0,2.0,100.0,0.0,0.0,0,,,,100.0,,1,100.0,0.0,,,1,0,,1,0.0,100.0,1,1,0,100.0,0,0,0.0,2
Keeshawn Barthelemy,Montréal Alliance,2026-2027,offense,P&R ball handler,To Basket,5,Drives Left,P&R Including Passes > P&R Roll Man > Pick and Pops > Drives Left > To Basket,P&R Including Passes,P&R Roll Man,Pick and Pops,Drives Left,To Basket,,1,100.0,2.0,100.0,0.0,0.0,0,,,,100.0,,1,100.0,0.0,,,1,0,,1,0.0,100.0,1,1,0,100.0,0,0,0.0,2
Keeshawn Barthelemy,Montréal Alliance,2026-2027,offense,P&R ball handler,Make 2 Pts,6,To Basket,P&R Including Passes > P&R Roll Man > Pick and Pops > Drives Left > To Basket > Make 2 Pts,P&R Including Passes,P&R Roll Man,Pick and Pops,Drives Left,To Basket,Make 2 Pts,1,100.0,2.0,100.0,0.0,0.0,0,,,,100.0,,1,100.0,0.0,,,1,0,,1,0.0,100.0,1,1,0,100.0,0,0,0.0,2
Keeshawn Barthelemy,Montréal Alliance,2026-2027,offense,P&R ball handler,Slips the Pick,3,P&R Roll Man,P&R Including Passes > P&R Roll Man > Slips the Pick,P&R Including Passes,P&R Roll Man,Slips the Pick,,,,1,7.1,0.0,0.0,0.0,0.0,0,,,,0.0,,1,0.0,0.0,,,0,1,,1,0.0,0.0,1,0,1,0.0,0,0,0.0,0
Keeshawn Barthelemy,Montréal Alliance,2026-2027,offense,P&R ball handler,To Basket,4,Slips the Pick,P&R Including Passes > P&R Roll Man > Slips the Pick > To Basket,P&R Including Passes,P&R Roll Man,Slips the Pick,To Basket,,,1,100.0,0.0,0.0,0.0,0.0,0,,,,0.0,,1,0.0,0.0,,,0,1,,1,0.0,0.0,1,0,1,0.0,0,0,0.0,0
Keeshawn Barthelemy,Montréal Alliance,2026-2027,offense,P&R ball handler,Miss 2 Pts,5,To Basket,P&R Including Passes > P&R Roll Man > Slips the Pick > To Basket > Miss 2 Pts,P&R Including Passes,P&R Roll Man,Slips the Pick,To Basket,Miss 2 Pts,,1,100.0,0.0,0.0,0.0,0.0,0,,,,0.0,,1,0.0,0.0,,,0,1,,1,0.0,0.0,1,0,1,0.0,0,0,0.0,0
Keeshawn Barthelemy,Montréal Alliance,2026-2027,offense,P&R ball handler,Cut,2,P&R Including Passes,P&R Including Passes > Cut,P&R Including Passes,Cut,,,,,4,5.8,0.0,0.0,0.0,0.0,0,,,,0.0,,4,0.0,0.0,,,0,4,,4,0.0,0.0,4,0,4,0.0,0,0,0.0,0
Keeshawn Barthelemy,Montréal Alliance,2026-2027,offense,P&R ball handler,Flash,3,Cut,P&R Including Passes > Cut > Flash,P&R Including Passes,Cut,Flash,,,,3,75.0,0.0,0.0,0.0,0.0,0,,,,0.0,,3,0.0,0.0,,,0,3,,3,0.0,0.0,3,0,3,0.0,0,0,0.0,0
Keeshawn Barthelemy,Montréal Alliance,2026-2027,offense,P&R ball handler,Miss 2 Pts,4,Flash,P&R Including Passes > Cut > Flash > Miss 2 Pts,P&R Including Passes,Cut,Flash,Miss 2 Pts,,,3,100.0,0.0,0.0,0.0,0.0,0,,,,0.0,,3,0.0,0.0,,,0,3,,3,0.0,0.0,3,0,3,0.0,0,0,0.0,0
Keeshawn Barthelemy,Montréal Alliance,2026-2027,offense,P&R ball handler,Basket,3,Cut,P&R Including Passes > Cut > Basket,P&R Including Passes,Cut,Basket,,,,1,25.0,0.0,0.0,0.0,0.0,0,,,,0.0,,1,0.0,0.0,,,0,1,,1,0.0,0.0,1,0,1,0.0,0,0,0.0,0
Keeshawn Barthelemy,Montréal Alliance,2026-2027,offense,P&R ball handler,Miss 2 Pts,4,Basket,P&R Including Passes > Cut > Basket > Miss 2 Pts,P&R Including Passes,Cut,Basket,Miss 2 Pts,,,1,100.0,0.0,0.0,0.0,0.0,0,,,,0.0,,1,0.0,0.0,,,0,1,,1,0.0,0.0,1,0,1,0.0,0,0,0.0,0
Keeshawn Barthelemy,Montréal Alliance,2026-2027,offense,P&R ball handler,P&R BH - Defense Commits,1,,P&R BH - Defense Commits,P&R BH - Defense Commits,,,,,,39,25.5,0.718,42.0,15.4,5.1,11,27.3,Below Average,22.0,37.5,46.0,32,42.2,5.1,,,12,20,,33,0.09,33.3,21,9,12,42.9,3,8,0.34,28
Keeshawn Barthelemy,Montréal Alliance,2026-2027,offense,P&R ball handler,Spot-Up,2,P&R BH - Defense Commits,P&R BH - Defense Commits > Spot-Up,P&R BH - Defense Commits,Spot-Up,,,,,18,46.2,0.778,42.9,11.1,11.1,7,14.3,,,40.0,,15,43.3,11.1,,,6,9,,16,0.2,38.9,8,5,3,62.5,1,6,0.47,14
Keeshawn Barthelemy,Montréal Alliance,2026-2027,offense,P&R ball handler,No Dribble Jumper,3,Spot-Up,P&R BH - Defense Commits > Spot-Up > No Dribble Jumper,P&R BH - Defense Commits,Spot-Up,No Dribble Jumper,,,,7,38.9,0.429,21.4,0.0,0.0,7,14.3,,,14.3,,7,21.4,0.0,,,1,6,,7,0.0,14.3,0,0,0,,1,6,1.0,3
Keeshawn Barthelemy,Montréal Alliance,2026-2027,offense,P&R ball handler,Guarded,4,No Dribble Jumper,P&R BH - Defense Commits > Spot-Up > No Dribble Jumper > Guarded,P&R BH - Defense Commits,Spot-Up,No Dribble Jumper,Guarded,,,6,85.7,0.0,0.0,0.0,0.0,6,0.0,,,0.0,,6,0.0,0.0,,,0,6,,6,0.0,0.0,0,0,0,,0,6,1.0,0
Keeshawn Barthelemy,Montréal Alliance,2026-2027,offense,P&R ball handler,Long/3pt,5,Guarded,P&R BH - Defense Commits > Spot-Up > No Dribble Jumper > Guarded > Long/3pt,P&R BH - Defense Commits,Spot-Up,No Dribble Jumper,Guarded,Long/3pt,,6,100.0,0.0,0.0,0.0,0.0,6,0.0,,,0.0,,6,0.0,0.0,,,0,6,,6,0.0,0.0,0,0,0,,0,6,1.0,0
Keeshawn Barthelemy,Montréal Alliance,2026-2027,offense,P&R ball handler,Miss 3 Pts,6,Long/3pt,P&R BH - Defense Commits > Spot-Up > No Dribble Jumper > Guarded > Long/3pt > Miss 3 Pts,P&R BH - Defense Commits,Spot-Up,No Dribble Jumper,Guarded,Long/3pt,Miss 3 Pts,6,100.0,0.0,0.0,0.0,0.0,6,0.0,,,0.0,,6,0.0,0.0,,,0,6,,6,0.0,0.0,0,0,0,,0,6,1.0,0
Keeshawn Barthelemy,Montréal Alliance,2026-2027,offense,P&R ball handler,Open,4,No Dribble Jumper,P&R BH - Defense Commits > Spot-Up > No Dribble Jumper > Open,P&R BH - Defense Commits,Spot-Up,No Dribble Jumper,Open,,,1,14.3,3.0,150.0,0.0,0.0,1,100.0,,,100.0,,1,150.0,0.0,,,1,0,,1,0.0,100.0,0,0,0,,1,0,1.0,3
Keeshawn Barthelemy,Montréal Alliance,2026-2027,offense,P&R ball handler,Long/3pt,5,Open,P&R BH - Defense Commits > Spot-Up > No Dribble Jumper > Open > Long/3pt,P&R BH - Defense Commits,Spot-Up,No Dribble Jumper,Open,Long/3pt,,1,100.0,3.0,150.0,0.0,0.0,1,100.0,,,100.0,,1,150.0,0.0,,,1,0,,1,0.0,100.0,0,0,0,,1,0,1.0,3
Keeshawn Barthelemy,Montréal Alliance,2026-2027,offense,P&R ball handler,Make 3 Pts,6,Long/3pt,P&R BH - Defense Commits > Spot-Up > No Dribble Jumper > Open > Long/3pt > Make 3 Pts,P&R BH - Defense Commits,Spot-Up,No Dribble Jumper,Open,Long/3pt,Make 3 Pts,1,100.0,3.0,150.0,0.0,0.0,1,100.0,,,100.0,,1,150.0,0.0,,,1,0,,1,0.0,100.0,0,0,0,,1,0,1.0,3
Keeshawn Barthelemy,Montréal Alliance,2026-2027,offense,P&R ball handler,Drives Left,3,Spot-Up,P&R BH - Defense Commits > Spot-Up > Drives Left,P&R BH - Defense Commits,Spot-Up,Drives Left,,,,5,27.8,1.2,67.6,20.0,20.0,0,,,,75.0,,4,75.0,20.0,,,3,1,,4,0.25,60.0,4,3,1,75.0,0,0,0.0,6
Keeshawn Barthelemy,Montréal Alliance,2026-2027,offense,P&R ball handler,Dribble Jumper,4,Drives Left,P&R BH - Defense Commits > Spot-Up > Drives Left > Dribble Jumper,P&R BH - Defense Commits,Spot-Up,Drives Left,Dribble Jumper,,,3,60.0,1.333,58.1,0.0,33.3,0,,,,66.7,,3,66.7,33.3,,,2,1,,3,0.33,66.7,3,2,1,66.7,0,0,0.0,4
Keeshawn Barthelemy,Montréal Alliance,2026-2027,offense,P&R ball handler,Short to < 17,5,Dribble Jumper,P&R BH - Defense Commits > Spot-Up > Drives Left > Dribble Jumper > Short to < 17,P&R BH - Defense Commits,Spot-Up,Drives Left,Dribble Jumper,Short to < 17,,3,100.0,1.333,58.1,0.0,33.3,0,,,,66.7,,3,66.7,33.3,,,2,1,,3,0.33,66.7,3,2,1,66.7,0,0,0.0,4
Keeshawn Barthelemy,Montréal Alliance,2026-2027,offense,P&R ball handler,Make 2 Pts,6,Short to < 17,P&R BH - Defense Commits > Spot-Up > Drives Left > Dribble Jumper > Short to < 17 > Make 2 Pts,P&R BH - Defense Commits,Spot-Up,Drives Left,Dribble Jumper,Short to < 17,Make 2 Pts,1,33.3,2.0,100.0,0.0,0.0,0,,,,100.0,,1,100.0,0.0,,,1,0,,1,0.0,100.0,1,1,0,100.0,0,0,0.0,2
Keeshawn Barthelemy,Montréal Alliance,2026-2027,offense,P&R ball handler,Miss 2 Pts,6,Short to < 17,P&R BH - Defense Commits > Spot-Up > Drives Left > Dribble Jumper > Short to < 17 > Miss 2 Pts,P&R BH - Defense Commits,Spot-Up,Drives Left,Dribble Jumper,Short to < 17,Miss 2 Pts,1,33.3,0.0,0.0,0.0,0.0,0,,,,0.0,,1,0.0,0.0,,,0,1,,1,0.0,0.0,1,0,1,0.0,0,0,0.0,0
Keeshawn Barthelemy,Montréal Alliance,2026-2027,offense,P&R ball handler,Make 2 Pts Foul,6,Short to < 17,P&R BH - Defense Commits > Spot-Up > Drives Left > Dribble Jumper > Short to < 17 > Make 2 Pts Foul,P&R BH - Defense Commits,Spot-Up,Drives Left,Dribble Jumper,Short to < 17,Make 2 Pts Foul,1,33.3,2.0,69.4,0.0,100.0,0,,,,100.0,,1,100.0,100.0,,,1,0,,1,1.0,100.0,1,1,0,100.0,0,0,0.0,2
Keeshawn Barthelemy,Montréal Alliance,2026-2027,offense,P&R ball handler,Turnover,4,Drives Left,P&R BH - Defense Commits > Spot-Up > Drives Left > Turnover,P&R BH - Defense Commits,Spot-Up,Drives Left,Turnover,,,1,20.0,0.0,,100.0,0.0,0,,,,,,0,,0.0,,,0,0,,0,,0.0,0,0,0,,0,0,,0
Keeshawn Barthelemy,Montréal Alliance,2026-2027,offense,P&R ball handler,To Basket,4,Drives Left,P&R BH - Defense Commits > Spot-Up > Drives Left > To Basket,P&R BH - Defense Commits,Spot-Up,Drives Left,To Basket,,,1,20.0,2.0,100.0,0.0,0.0,0,,,,100.0,,1,100.0,0.0,,,1,0,,1,0.0,100.0,1,1,0,100.0,0,0,0.0,2
Keeshawn Barthelemy,Montréal Alliance,2026-2027,offense,P&R ball handler,Make 2 Pts,5,To Basket,P&R BH - Defense Commits > Spot-Up > Drives Left > To Basket > Make 2 Pts,P&R BH - Defense Commits,Spot-Up,Drives Left,To Basket,Make 2 Pts,,1,100.0,2.0,100.0,0.0,0.0,0,,,,100.0,,1,100.0,0.0,,,1,0,,1,0.0,100.0,1,1,0,100.0,0,0,0.0,2
Keeshawn Barthelemy,Montréal Alliance,2026-2027,offense,P&R ball handler,Drives Right,3,Spot-Up,P&R BH - Defense Commits > Spot-Up > Drives Right,P&R BH - Defense Commits,Spot-Up,Drives Right,,,,5,27.8,1.0,51.2,0.0,20.0,0,,,,50.0,,4,50.0,20.0,,,2,2,,5,0.5,60.0,4,2,2,50.0,0,0,0.0,5
Keeshawn Barthelemy,Montréal Alliance,2026-2027,offense,P&R ball handler,To Basket,4,Drives Right,P&R BH - Defense Commits > Spot-Up > Drives Right > To Basket,P&R BH - Defense Commits,Spot-Up,Drives Right,To Basket,,,4,80.0,1.0,50.0,0.0,0.0,0,,,,50.0,,4,50.0,0.0,,,2,2,,4,0.0,50.0,4,2,2,50.0,0,0,0.0,4
Keeshawn Barthelemy,Montréal Alliance,2026-2027,offense,P&R ball handler,Make 2 Pts,5,To Basket,P&R BH - Defense Commits > Spot-Up > Drives Right > To Basket > Make 2 Pts,P&R BH - Defense Commits,Spot-Up,Drives Right,To Basket,Make 2 Pts,,2,50.0,2.0,100.0,0.0,0.0,0,,,,100.0,,2,100.0,0.0,,,2,0,,2,0.0,100.0,2,2,0,100.0,0,0,0.0,4
Keeshawn Barthelemy,Montréal Alliance,2026-2027,offense,P&R ball handler,Miss 2 Pts,5,To Basket,P&R BH - Defense Commits > Spot-Up > Drives Right > To Basket > Miss 2 Pts,P&R BH - Defense Commits,Spot-Up,Drives Right,To Basket,Miss 2 Pts,,2,50.0,0.0,0.0,0.0,0.0,0,,,,0.0,,2,0.0,0.0,,,0,2,,2,0.0,0.0,2,0,2,0.0,0,0,0.0,0
Keeshawn Barthelemy,Montréal Alliance,2026-2027,offense,P&R ball handler,Dribble Jumper,4,Drives Right,P&R BH - Defense Commits > Spot-Up > Drives Right > Dribble Jumper,P&R BH - Defense Commits,Spot-Up,Drives Right,Dribble Jumper,,,1,20.0,1.0,56.8,0.0,100.0,0,,,,,,0,,100.0,,,0,0,,1,,100.0,0,0,0,,0,0,,1
Keeshawn Barthelemy,Montréal Alliance,2026-2027,offense,P&R ball handler,Medium/17' to 3pt,5,Dribble Jumper,P&R BH - Defense Commits > Spot-Up > Drives Right > Dribble Jumper > Medium/17' to 3pt,P&R BH - Defense Commits,Spot-Up,Drives Right,Dribble Jumper,Medium/17' to 3pt,,1,100.0,1.0,56.8,0.0,100.0,0,,,,,,0,,100.0,,,0,0,,1,,100.0,0,0,0,,0,0,,1
Keeshawn Barthelemy,Montréal Alliance,2026-2027,offense,P&R ball handler,Foul,6,Medium/17' to 3pt,P&R BH - Defense Commits > Spot-Up > Drives Right > Dribble Jumper > Medium/17' to 3pt > Foul,P&R BH - Defense Commits,Spot-Up,Drives Right,Dribble Jumper,Medium/17' to 3pt,Foul,1,100.0,1.0,56.8,0.0,100.0,0,,,,,,0,,100.0,,,0,0,,1,,100.0,0,0,0,,0,0,,1
Keeshawn Barthelemy,Montréal Alliance,2026-2027,offense,P&R ball handler,Turnover,3,Spot-Up,P&R BH - Defense Commits > Spot-Up > Turnover,P&R BH - Defense Commits,Spot-Up,Turnover,,,,1,5.6,0.0,,100.0,0.0,0,,,,,,0,,0.0,,,0,0,,0,,0.0,0,0,0,,0,0,,0
Keeshawn Barthelemy,Montréal Alliance,2026-2027,offense,P&R ball handler,P&R Roll Man,2,P&R BH - Defense Commits,P&R BH - Defense Commits > P&R Roll Man,P&R BH - Defense Commits,P&R Roll Man,,,,,14,35.9,1.0,53.8,7.1,0.0,4,50.0,,,46.2,,13,53.8,0.0,,,6,7,,13,0.0,42.9,9,4,5,44.4,2,2,0.31,14
Keeshawn Barthelemy,Montréal Alliance,2026-2027,offense,P&R ball handler,Rolls to Basket,3,P&R Roll Man,P&R BH - Defense Commits > P&R Roll Man > Rolls to Basket,P&R BH - Defense Commits,P&R Roll Man,Rolls to Basket,,,,8,57.1,0.75,42.9,12.5,0.0,0,,,,42.9,,7,42.9,0.0,,,3,4,,7,0.0,37.5,7,3,4,42.9,0,0,0.0,6
Keeshawn Barthelemy,Montréal Alliance,2026-2027,offense,P&R ball handler,Miss 2 Pts,4,Rolls to Basket,P&R BH - Defense Commits > P&R Roll Man > Rolls to Basket > Miss 2 Pts,P&R BH - Defense Commits,P&R Roll Man,Rolls to Basket,Miss 2 Pts,,,4,50.0,0.0,0.0,0.0,0.0,0,,,,0.0,,4,0.0,0.0,,,0,4,,4,0.0,0.0,4,0,4,0.0,0,0,0.0,0
Keeshawn Barthelemy,Montréal Alliance,2026-2027,offense,P&R ball handler,Make 2 Pts,4,Rolls to Basket,P&R BH - Defense Commits > P&R Roll Man > Rolls to Basket > Make 2 Pts,P&R BH - Defense Commits,P&R Roll Man,Rolls to Basket,Make 2 Pts,,,3,37.5,2.0,100.0,0.0,0.0,0,,,,100.0,,3,100.0,0.0,,,3,0,,3,0.0,100.0,3,3,0,100.0,0,0,0.0,6
Keeshawn Barthelemy,Montréal Alliance,2026-2027,offense,P&R ball handler,Turnover,4,Rolls to Basket,P&R BH - Defense Commits > P&R Roll Man > Rolls to Basket > Turnover,P&R BH - Defense Commits,P&R Roll Man,Rolls to Basket,Turnover,,,1,12.5,0.0,,100.0,0.0,0,,,,,,0,,0.0,,,0,0,,0,,0.0,0,0,0,,0,0,,0
Keeshawn Barthelemy,Montréal Alliance,2026-2027,offense,P&R ball handler,Pick and Pops,3,P&R Roll Man,P&R BH - Defense Commits > P&R Roll Man > Pick and Pops,P&R BH - Defense Commits,P&R Roll Man,Pick and Pops,,,,5,35.7,1.6,80.0,0.0,0.0,4,50.0,,,60.0,,5,80.0,0.0,,,3,2,,5,0.0,60.0,1,1,0,100.0,2,2,0.8,8
Keeshawn Barthelemy,Montréal Alliance,2026-2027,offense,P&R ball handler,No Dribble Jumper,4,Pick and Pops,P&R BH - Defense Commits > P&R Roll Man > Pick and Pops > No Dribble Jumper,P&R BH - Defense Commits,P&R Roll Man,Pick and Pops,No Dribble Jumper,,,4,80.0,1.5,75.0,0.0,0.0,4,50.0,,,50.0,,4,75.0,0.0,,,2,2,,4,0.0,50.0,0,0,0,,2,2,1.0,6
Keeshawn Barthelemy,Montréal Alliance,2026-2027,offense,P&R ball handler,Guarded,5,No Dribble Jumper,P&R BH - Defense Commits > P&R Roll Man > Pick and Pops > No Dribble Jumper > Guarded,P&R BH - Defense Commits,P&R Roll Man,Pick and Pops,No Dribble Jumper,Guarded,,2,50.0,3.0,150.0,0.0,0.0,2,100.0,,,100.0,,2,150.0,0.0,,,2,0,,2,0.0,100.0,0,0,0,,2,0,1.0,6
Keeshawn Barthelemy,Montréal Alliance,2026-2027,offense,P&R ball handler,Long/3pt,6,Guarded,P&R BH - Defense Commits > P&R Roll Man > Pick and Pops > No Dribble Jumper > Guarded > Long/3pt,P&R BH - Defense Commits,P&R Roll Man,Pick and Pops,No Dribble Jumper,Guarded,Long/3pt,2,100.0,3.0,150.0,0.0,0.0,2,100.0,,,100.0,,2,150.0,0.0,,,2,0,,2,0.0,100.0,0,0,0,,2,0,1.0,6
Keeshawn Barthelemy,Montréal Alliance,2026-2027,offense,P&R ball handler,Open,5,No Dribble Jumper,P&R BH - Defense Commits > P&R Roll Man > Pick and Pops > No Dribble Jumper > Open,P&R BH - Defense Commits,P&R Roll Man,Pick and Pops,No Dribble Jumper,Open,,2,50.0,0.0,0.0,0.0,0.0,2,0.0,,,0.0,,2,0.0,0.0,,,0,2,,2,0.0,0.0,0,0,0,,0,2,1.0,0
Keeshawn Barthelemy,Montréal Alliance,2026-2027,offense,P&R ball handler,Long/3pt,6,Open,P&R BH - Defense Commits > P&R Roll Man > Pick and Pops > No Dribble Jumper > Open > Long/3pt,P&R BH - Defense Commits,P&R Roll Man,Pick and Pops,No Dribble Jumper,Open,Long/3pt,2,100.0,0.0,0.0,0.0,0.0,2,0.0,,,0.0,,2,0.0,0.0,,,0,2,,2,0.0,0.0,0,0,0,,0,2,1.0,0
Keeshawn Barthelemy,Montréal Alliance,2026-2027,offense,P&R ball handler,Drives Left,4,Pick and Pops,P&R BH - Defense Commits > P&R Roll Man > Pick and Pops > Drives Left,P&R BH - Defense Commits,P&R Roll Man,Pick and Pops,Drives Left,,,1,20.0,2.0,100.0,0.0,0.0,0,,,,100.0,,1,100.0,0.0,,,1,0,,1,0.0,100.0,1,1,0,100.0,0,0,0.0,2
Keeshawn Barthelemy,Montréal Alliance,2026-2027,offense,P&R ball handler,To Basket,5,Drives Left,P&R BH - Defense Commits > P&R Roll Man > Pick and Pops > Drives Left > To Basket,P&R BH - Defense Commits,P&R Roll Man,Pick and Pops,Drives Left,To Basket,,1,100.0,2.0,100.0,0.0,0.0,0,,,,100.0,,1,100.0,0.0,,,1,0,,1,0.0,100.0,1,1,0,100.0,0,0,0.0,2
Keeshawn Barthelemy,Montréal Alliance,2026-2027,offense,P&R ball handler,Make 2 Pts,6,To Basket,P&R BH - Defense Commits > P&R Roll Man > Pick and Pops > Drives Left > To Basket > Make 2 Pts,P&R BH - Defense Commits,P&R Roll Man,Pick and Pops,Drives Left,To Basket,Make 2 Pts,1,100.0,2.0,100.0,0.0,0.0,0,,,,100.0,,1,100.0,0.0,,,1,0,,1,0.0,100.0,1,1,0,100.0,0,0,0.0,2
Keeshawn Barthelemy,Montréal Alliance,2026-2027,offense,P&R ball handler,Slips the Pick,3,P&R Roll Man,P&R BH - Defense Commits > P&R Roll Man > Slips the Pick,P&R BH - Defense Commits,P&R Roll Man,Slips the Pick,,,,1,7.1,0.0,0.0,0.0,0.0,0,,,,0.0,,1,0.0,0.0,,,0,1,,1,0.0,0.0,1,0,1,0.0,0,0,0.0,0
Keeshawn Barthelemy,Montréal Alliance,2026-2027,offense,P&R ball handler,To Basket,4,Slips the Pick,P&R BH - Defense Commits > P&R Roll Man > Slips the Pick > To Basket,P&R BH - Defense Commits,P&R Roll Man,Slips the Pick,To Basket,,,1,100.0,0.0,0.0,0.0,0.0,0,,,,0.0,,1,0.0,0.0,,,0,1,,1,0.0,0.0,1,0,1,0.0,0,0,0.0,0
Keeshawn Barthelemy,Montréal Alliance,2026-2027,offense,P&R ball handler,Miss 2 Pts,5,To Basket,P&R BH - Defense Commits > P&R Roll Man > Slips the Pick > To Basket > Miss 2 Pts,P&R BH - Defense Commits,P&R Roll Man,Slips the Pick,To Basket,Miss 2 Pts,,1,100.0,0.0,0.0,0.0,0.0,0,,,,0.0,,1,0.0,0.0,,,0,1,,1,0.0,0.0,1,0,1,0.0,0,0,0.0,0
Keeshawn Barthelemy,Montréal Alliance,2026-2027,offense,P&R ball handler,Cut,2,P&R BH - Defense Commits,P&R BH - Defense Commits > Cut,P&R BH - Defense Commits,Cut,,,,,4,10.3,0.0,0.0,0.0,0.0,0,,,,0.0,,4,0.0,0.0,,,0,4,,4,0.0,0.0,4,0,4,0.0,0,0,0.0,0
Keeshawn Barthelemy,Montréal Alliance,2026-2027,offense,P&R ball handler,Flash,3,Cut,P&R BH - Defense Commits > Cut > Flash,P&R BH - Defense Commits,Cut,Flash,,,,3,75.0,0.0,0.0,0.0,0.0,0,,,,0.0,,3,0.0,0.0,,,0,3,,3,0.0,0.0,3,0,3,0.0,0,0,0.0,0
Keeshawn Barthelemy,Montréal Alliance,2026-2027,offense,P&R ball handler,Miss 2 Pts,4,Flash,P&R BH - Defense Commits > Cut > Flash > Miss 2 Pts,P&R BH - Defense Commits,Cut,Flash,Miss 2 Pts,,,3,100.0,0.0,0.0,0.0,0.0,0,,,,0.0,,3,0.0,0.0,,,0,3,,3,0.0,0.0,3,0,3,0.0,0,0,0.0,0
Keeshawn Barthelemy,Montréal Alliance,2026-2027,offense,P&R ball handler,Basket,3,Cut,P&R BH - Defense Commits > Cut > Basket,P&R BH - Defense Commits,Cut,Basket,,,,1,25.0,0.0,0.0,0.0,0.0,0,,,,0.0,,1,0.0,0.0,,,0,1,,1,0.0,0.0,1,0,1,0.0,0,0,0.0,0
Keeshawn Barthelemy,Montréal Alliance,2026-2027,offense,P&R ball handler,Miss 2 Pts,4,Basket,P&R BH - Defense Commits > Cut > Basket > Miss 2 Pts,P&R BH - Defense Commits,Cut,Basket,Miss 2 Pts,,,1,100.0,0.0,0.0,0.0,0.0,0,,,,0.0,,1,0.0,0.0,,,0,1,,1,0.0,0.0,1,0,1,0.0,0,0,0.0,0
Keeshawn Barthelemy,Montréal Alliance,2026-2027,offense,P&R ball handler,P&R Ball Handler,2,P&R BH - Defense Commits,P&R BH - Defense Commits > P&R Ball Handler,P&R BH - Defense Commits,P&R Ball Handler,,,,,3,7.7,0.0,,100.0,0.0,0,,,,,,0,,0.0,,,0,0,,0,,0.0,0,0,0,,0,0,,0
Keeshawn Barthelemy,Montréal Alliance,2026-2027,offense,P&R ball handler,High P&R,3,P&R Ball Handler,P&R BH - Defense Commits > P&R Ball Handler > High P&R,P&R BH - Defense Commits,P&R Ball Handler,High P&R,,,,2,66.7,0.0,,100.0,0.0,0,,,,,,0,,0.0,,,0,0,,0,,0.0,0,0,0,,0,0,,0
Keeshawn Barthelemy,Montréal Alliance,2026-2027,offense,P&R ball handler,Go Away from Pick,4,High P&R,P&R BH - Defense Commits > P&R Ball Handler > High P&R > Go Away from Pick,P&R BH - Defense Commits,P&R Ball Handler,High P&R,Go Away from Pick,,,1,50.0,0.0,,100.0,0.0,0,,,,,,0,,0.0,,,0,0,,0,,0.0,0,0,0,,0,0,,0
Keeshawn Barthelemy,Montréal Alliance,2026-2027,offense,P&R ball handler,Defense Commits,5,Go Away from Pick,P&R BH - Defense Commits > P&R Ball Handler > High P&R > Go Away from Pick > Defense Commits,P&R BH - Defense Commits,P&R Ball Handler,High P&R,Go Away from Pick,Defense Commits,,1,100.0,0.0,,100.0,0.0,0,,,,,,0,,0.0,,,0,0,,0,,0.0,0,0,0,,0,0,,0
Keeshawn Barthelemy,Montréal Alliance,2026-2027,offense,P&R ball handler,Turnover,6,Defense Commits,P&R BH - Defense Commits > P&R Ball Handler > High P&R > Go Away from Pick > Defense Commits > Turnover,P&R BH - Defense Commits,P&R Ball Handler,High P&R,Go Away from Pick,Defense Commits,Turnover,1,100.0,0.0,,100.0,0.0,0,,,,,,0,,0.0,,,0,0,,0,,0.0,0,0,0,,0,0,,0
Keeshawn Barthelemy,Montréal Alliance,2026-2027,offense,P&R ball handler,Dribble Off Pick,4,High P&R,P&R BH - Defense Commits > P&R Ball Handler > High P&R > Dribble Off Pick,P&R BH - Defense Commits,P&R Ball Handler,High P&R,Dribble Off Pick,,,1,50.0,0.0,,100.0,0.0,0,,,,,,0,,0.0,,,0,0,,0,,0.0,0,0,0,,0,0,,0
Keeshawn Barthelemy,Montréal Alliance,2026-2027,offense,P&R ball handler,Defense Commits,5,Dribble Off Pick,P&R BH - Defense Commits > P&R Ball Handler > High P&R > Dribble Off Pick > Defense Commits,P&R BH - Defense Commits,P&R Ball Handler,High P&R,Dribble Off Pick,Defense Commits,,1,100.0,0.0,,100.0,0.0,0,,,,,,0,,0.0,,,0,0,,0,,0.0,0,0,0,,0,0,,0
Keeshawn Barthelemy,Montréal Alliance,2026-2027,offense,P&R ball handler,Turnover,6,Defense Commits,P&R BH - Defense Commits > P&R Ball Handler > High P&R > Dribble Off Pick > Defense Commits > Turnover,P&R BH - Defense Commits,P&R Ball Handler,High P&R,Dribble Off Pick,Defense Commits,Turnover,1,100.0,0.0,,100.0,0.0,0,,,,,,0,,0.0,,,0,0,,0,,0.0,0,0,0,,0,0,,0
Keeshawn Barthelemy,Montréal Alliance,2026-2027,offense,P&R ball handler,Left P&R,3,P&R Ball Handler,P&R BH - Defense Commits > P&R Ball Handler > Left P&R,P&R BH - Defense Commits,P&R Ball Handler,Left P&R,,,,1,33.3,0.0,,100.0,0.0,0,,,,,,0,,0.0,,,0,0,,0,,0.0,0,0,0,,0,0,,0
Keeshawn Barthelemy,Montréal Alliance,2026-2027,offense,P&R ball handler,Side,4,Left P&R,P&R BH - Defense Commits > P&R Ball Handler > Left P&R > Side,P&R BH - Defense Commits,P&R Ball Handler,Left P&R,Side,,,1,100.0,0.0,,100.0,0.0,0,,,,,,0,,0.0,,,0,0,,0,,0.0,0,0,0,,0,0,,0
Keeshawn Barthelemy,Montréal Alliance,2026-2027,offense,P&R ball handler,Dribble Off Pick,5,Side,P&R BH - Defense Commits > P&R Ball Handler > Left P&R > Side > Dribble Off Pick,P&R BH - Defense Commits,P&R Ball Handler,Left P&R,Side,Dribble Off Pick,,1,100.0,0.0,,100.0,0.0,0,,,,,,0,,0.0,,,0,0,,0,,0.0,0,0,0,,0,0,,0
Keeshawn Barthelemy,Montréal Alliance,2026-2027,offense,P&R ball handler,Defense Commits,6,Dribble Off Pick,P&R BH - Defense Commits > P&R Ball Handler > Left P&R > Side > Dribble Off Pick > Defense Commits,P&R BH - Defense Commits,P&R Ball Handler,Left P&R,Side,Dribble Off Pick,Defense Commits,1,100.0,0.0,,100.0,0.0,0,,,,,,0,,0.0,,,0,0,,0,,0.0,0,0,0,,0,0,,0
Keeshawn Barthelemy,Montréal Alliance,2026-2027,offense,P&R ball handler,P&R BH - Traps,1,,P&R BH - Traps,P&R BH - Traps,,,,,,0,0.0,,,,,0,,,,,,0,,,,,0,0,,0,,,0,0,0,,0,0,,0
Keeshawn Barthelemy,Montréal Alliance,2026-2027,offense,Isolation,ISO Including Passes,1,,ISO Including Passes,ISO Including Passes,,,,,,8,5.2,1.5,76.1,0.0,12.5,2,100.0,,,57.1,,7,71.4,12.5,,,4,3,,8,0.29,62.5,5,2,3,40.0,2,0,0.29,12
Keeshawn Barthelemy,Montréal Alliance,2026-2027,offense,Isolation,Isolation,2,ISO Including Passes,ISO Including Passes > Isolation,ISO Including Passes,Isolation,,,,,7,87.5,1.429,71.4,0.0,0.0,2,100.0,,,57.1,,7,71.4,0.0,,,4,3,,7,0.0,57.1,5,2,3,40.0,2,0,0.29,10
Keeshawn Barthelemy,Montréal Alliance,2026-2027,offense,Isolation,Top,3,Isolation,ISO Including Passes > Isolation > Top,ISO Including Passes,Isolation,Top,,,,3,42.9,1.0,50.0,0.0,0.0,1,100.0,,,33.3,,3,50.0,0.0,,,1,2,,3,0.0,33.3,2,0,2,0.0,1,0,0.33,3
Keeshawn Barthelemy,Montréal Alliance,2026-2027,offense,Isolation,Drives Left,4,Top,ISO Including Passes > Isolation > Top > Drives Left,ISO Including Passes,Isolation,Top,Drives Left,,,2,66.7,0.0,0.0,0.0,0.0,0,,,,0.0,,2,0.0,0.0,,,0,2,,2,0.0,0.0,2,0,2,0.0,0,0,0.0,0
Keeshawn Barthelemy,Montréal Alliance,2026-2027,offense,Isolation,Dribble Jumper,5,Drives Left,ISO Including Passes > Isolation > Top > Drives Left > Dribble Jumper,ISO Including Passes,Isolation,Top,Drives Left,Dribble Jumper,,1,50.0,0.0,0.0,0.0,0.0,0,,,,0.0,,1,0.0,0.0,,,0,1,,1,0.0,0.0,1,0,1,0.0,0,0,0.0,0
Keeshawn Barthelemy,Montréal Alliance,2026-2027,offense,Isolation,Short to < 17,6,Dribble Jumper,ISO Including Passes > Isolation > Top > Drives Left > Dribble Jumper > Short to < 17,ISO Including Passes,Isolation,Top,Drives Left,Dribble Jumper,Short to < 17,1,100.0,0.0,0.0,0.0,0.0,0,,,,0.0,,1,0.0,0.0,,,0,1,,1,0.0,0.0,1,0,1,0.0,0,0,0.0,0
Keeshawn Barthelemy,Montréal Alliance,2026-2027,offense,Isolation,To Basket,5,Drives Left,ISO Including Passes > Isolation > Top > Drives Left > To Basket,ISO Including Passes,Isolation,Top,Drives Left,To Basket,,1,50.0,0.0,0.0,0.0,0.0,0,,,,0.0,,1,0.0,0.0,,,0,1,,1,0.0,0.0,1,0,1,0.0,0,0,0.0,0
Keeshawn Barthelemy,Montréal Alliance,2026-2027,offense,Isolation,Miss 2 Pts,6,To Basket,ISO Including Passes > Isolation > Top > Drives Left > To Basket > Miss 2 Pts,ISO Including Passes,Isolation,Top,Drives Left,To Basket,Miss 2 Pts,1,100.0,0.0,0.0,0.0,0.0,0,,,,0.0,,1,0.0,0.0,,,0,1,,1,0.0,0.0,1,0,1,0.0,0,0,0.0,0
Keeshawn Barthelemy,Montréal Alliance,2026-2027,offense,Isolation,Early Jumper,4,Top,ISO Including Passes > Isolation > Top > Early Jumper,ISO Including Passes,Isolation,Top,Early Jumper,,,1,33.3,3.0,150.0,0.0,0.0,1,100.0,,,100.0,,1,150.0,0.0,,,1,0,,1,0.0,100.0,0,0,0,,1,0,1.0,3
Keeshawn Barthelemy,Montréal Alliance,2026-2027,offense,Isolation,Dribble Jumper,5,Early Jumper,ISO Including Passes > Isolation > Top > Early Jumper > Dribble Jumper,ISO Including Passes,Isolation,Top,Early Jumper,Dribble Jumper,,1,100.0,3.0,150.0,0.0,0.0,1,100.0,,,100.0,,1,150.0,0.0,,,1,0,,1,0.0,100.0,0,0,0,,1,0,1.0,3
Keeshawn Barthelemy,Montréal Alliance,2026-2027,offense,Isolation,Long/3pt,6,Dribble Jumper,ISO Including Passes > Isolation > Top > Early Jumper > Dribble Jumper > Long/3pt,ISO Including Passes,Isolation,Top,Early Jumper,Dribble Jumper,Long/3pt,1,100.0,3.0,150.0,0.0,0.0,1,100.0,,,100.0,,1,150.0,0.0,,,1,0,,1,0.0,100.0,0,0,0,,1,0,1.0,3
Keeshawn Barthelemy,Montréal Alliance,2026-2027,offense,Isolation,Left,3,Isolation,ISO Including Passes > Isolation > Left,ISO Including Passes,Isolation,Left,,,,3,42.9,2.333,116.7,0.0,0.0,1,100.0,,,100.0,,3,116.7,0.0,,,3,0,,3,0.0,100.0,2,2,0,100.0,1,0,0.33,7
Keeshawn Barthelemy,Montréal Alliance,2026-2027,offense,Isolation,Drives Right,4,Left,ISO Including Passes > Isolation > Left > Drives Right,ISO Including Passes,Isolation,Left,Drives Right,,,1,33.3,2.0,100.0,0.0,0.0,0,,,,100.0,,1,100.0,0.0,,,1,0,,1,0.0,100.0,1,1,0,100.0,0,0,0.0,2
Keeshawn Barthelemy,Montréal Alliance,2026-2027,offense,Isolation,To Basket,5,Drives Right,ISO Including Passes > Isolation > Left > Drives Right > To Basket,ISO Including Passes,Isolation,Left,Drives Right,To Basket,,1,100.0,2.0,100.0,0.0,0.0,0,,,,100.0,,1,100.0,0.0,,,1,0,,1,0.0,100.0,1,1,0,100.0,0,0,0.0,2
Keeshawn Barthelemy,Montréal Alliance,2026-2027,offense,Isolation,Make 2 Pts,6,To Basket,ISO Including Passes > Isolation > Left > Drives Right > To Basket > Make 2 Pts,ISO Including Passes,Isolation,Left,Drives Right,To Basket,Make 2 Pts,1,100.0,2.0,100.0,0.0,0.0,0,,,,100.0,,1,100.0,0.0,,,1,0,,1,0.0,100.0,1,1,0,100.0,0,0,0.0,2
Keeshawn Barthelemy,Montréal Alliance,2026-2027,offense,Isolation,Drives Left,4,Left,ISO Including Passes > Isolation > Left > Drives Left,ISO Including Passes,Isolation,Left,Drives Left,,,1,33.3,2.0,100.0,0.0,0.0,0,,,,100.0,,1,100.0,0.0,,,1,0,,1,0.0,100.0,1,1,0,100.0,0,0,0.0,2
Keeshawn Barthelemy,Montréal Alliance,2026-2027,offense,Isolation,To Basket,5,Drives Left,ISO Including Passes > Isolation > Left > Drives Left > To Basket,ISO Including Passes,Isolation,Left,Drives Left,To Basket,,1,100.0,2.0,100.0,0.0,0.0,0,,,,100.0,,1,100.0,0.0,,,1,0,,1,0.0,100.0,1,1,0,100.0,0,0,0.0,2
Keeshawn Barthelemy,Montréal Alliance,2026-2027,offense,Isolation,Make 2 Pts,6,To Basket,ISO Including Passes > Isolation > Left > Drives Left > To Basket > Make 2 Pts,ISO Including Passes,Isolation,Left,Drives Left,To Basket,Make 2 Pts,1,100.0,2.0,100.0,0.0,0.0,0,,,,100.0,,1,100.0,0.0,,,1,0,,1,0.0,100.0,1,1,0,100.0,0,0,0.0,2
Keeshawn Barthelemy,Montréal Alliance,2026-2027,offense,Isolation,Early Jumper,4,Left,ISO Including Passes > Isolation > Left > Early Jumper,ISO Including Passes,Isolation,Left,Early Jumper,,,1,33.3,3.0,150.0,0.0,0.0,1,100.0,,,100.0,,1,150.0,0.0,,,1,0,,1,0.0,100.0,0,0,0,,1,0,1.0,3
Keeshawn Barthelemy,Montréal Alliance,2026-2027,offense,Isolation,Dribble Jumper,5,Early Jumper,ISO Including Passes > Isolation > Left > Early Jumper > Dribble Jumper,ISO Including Passes,Isolation,Left,Early Jumper,Dribble Jumper,,1,100.0,3.0,150.0,0.0,0.0,1,100.0,,,100.0,,1,150.0,0.0,,,1,0,,1,0.0,100.0,0,0,0,,1,0,1.0,3
Keeshawn Barthelemy,Montréal Alliance,2026-2027,offense,Isolation,Long/3pt,6,Dribble Jumper,ISO Including Passes > Isolation > Left > Early Jumper > Dribble Jumper > Long/3pt,ISO Including Passes,Isolation,Left,Early Jumper,Dribble Jumper,Long/3pt,1,100.0,3.0,150.0,0.0,0.0,1,100.0,,,100.0,,1,150.0,0.0,,,1,0,,1,0.0,100.0,0,0,0,,1,0,1.0,3
Keeshawn Barthelemy,Montréal Alliance,2026-2027,offense,Isolation,Right,3,Isolation,ISO Including Passes > Isolation > Right,ISO Including Passes,Isolation,Right,,,,1,14.3,0.0,0.0,0.0,0.0,0,,,,0.0,,1,0.0,0.0,,,0,1,,1,0.0,0.0,1,0,1,0.0,0,0,0.0,0
Keeshawn Barthelemy,Montréal Alliance,2026-2027,offense,Isolation,Drives Left,4,Right,ISO Including Passes > Isolation > Right > Drives Left,ISO Including Passes,Isolation,Right,Drives Left,,,1,100.0,0.0,0.0,0.0,0.0,0,,,,0.0,,1,0.0,0.0,,,0,1,,1,0.0,0.0,1,0,1,0.0,0,0,0.0,0
Keeshawn Barthelemy,Montréal Alliance,2026-2027,offense,Isolation,To Basket,5,Drives Left,ISO Including Passes > Isolation > Right > Drives Left > To Basket,ISO Including Passes,Isolation,Right,Drives Left,To Basket,,1,100.0,0.0,0.0,0.0,0.0,0,,,,0.0,,1,0.0,0.0,,,0,1,,1,0.0,0.0,1,0,1,0.0,0,0,0.0,0
Keeshawn Barthelemy,Montréal Alliance,2026-2027,offense,Isolation,Miss 2 Pts,6,To Basket,ISO Including Passes > Isolation > Right > Drives Left > To Basket > Miss 2 Pts,ISO Including Passes,Isolation,Right,Drives Left,To Basket,Miss 2 Pts,1,100.0,0.0,0.0,0.0,0.0,0,,,,0.0,,1,0.0,0.0,,,0,1,,1,0.0,0.0,1,0,1,0.0,0,0,0.0,0
Keeshawn Barthelemy,Montréal Alliance,2026-2027,offense,Isolation,Spot-Up,2,ISO Including Passes,ISO Including Passes > Spot-Up,ISO Including Passes,Spot-Up,,,,,1,12.5,2.0,113.6,0.0,100.0,0,,,,,,0,,100.0,,,0,0,,1,,100.0,0,0,0,,0,0,,2
Keeshawn Barthelemy,Montréal Alliance,2026-2027,offense,Isolation,Drives Left,3,Spot-Up,ISO Including Passes > Spot-Up > Drives Left,ISO Including Passes,Spot-Up,Drives Left,,,,1,100.0,2.0,113.6,0.0,100.0,0,,,,,,0,,100.0,,,0,0,,1,,100.0,0,0,0,,0,0,,2
Keeshawn Barthelemy,Montréal Alliance,2026-2027,offense,Isolation,To Basket,4,Drives Left,ISO Including Passes > Spot-Up > Drives Left > To Basket,ISO Including Passes,Spot-Up,Drives Left,To Basket,,,1,100.0,2.0,113.6,0.0,100.0,0,,,,,,0,,100.0,,,0,0,,1,,100.0,0,0,0,,0,0,,2
Keeshawn Barthelemy,Montréal Alliance,2026-2027,offense,Isolation,Foul,5,To Basket,ISO Including Passes > Spot-Up > Drives Left > To Basket > Foul,ISO Including Passes,Spot-Up,Drives Left,To Basket,Foul,,1,100.0,2.0,113.6,0.0,100.0,0,,,,,,0,,100.0,,,0,0,,1,,100.0,0,0,0,,0,0,,2
Keeshawn Barthelemy,Montréal Alliance,2026-2027,offense,Isolation,ISO - Defense Commits,1,,ISO - Defense Commits,ISO - Defense Commits,,,,,,1,0.7,2.0,113.6,0.0,100.0,0,,,,,,0,,100.0,,,0,0,,1,,100.0,0,0,0,,0,0,,2
Keeshawn Barthelemy,Montréal Alliance,2026-2027,offense,Isolation,Drives Left,2,ISO - Defense Commits,ISO - Defense Commits > Drives Left,ISO - Defense Commits,Drives Left,,,,,1,100.0,2.0,113.6,0.0,100.0,0,,,,,,0,,100.0,,,0,0,,1,,100.0,0,0,0,,0,0,,2
Keeshawn Barthelemy,Montréal Alliance,2026-2027,offense,Isolation,To Basket,3,Drives Left,ISO - Defense Commits > Drives Left > To Basket,ISO - Defense Commits,Drives Left,To Basket,,,,1,100.0,2.0,113.6,0.0,100.0,0,,,,,,0,,100.0,,,0,0,,1,,100.0,0,0,0,,0,0,,2
Keeshawn Barthelemy,Montréal Alliance,2026-2027,offense,Isolation,Foul,4,To Basket,ISO - Defense Commits > Drives Left > To Basket > Foul,ISO - Defense Commits,Drives Left,To Basket,Foul,,,1,100.0,2.0,113.6,0.0,100.0,0,,,,,,0,,100.0,,,0,0,,1,,100.0,0,0,0,,0,0,,2
Keeshawn Barthelemy,Montréal Alliance,2026-2027,offense,Post up,Post-Ups Including Passes,1,,Post-Ups Including Passes,Post-Ups Including Passes,,,,,,0,0.0,,,,,0,,,,,,0,,,,,0,0,,0,,,0,0,0,,0,0,,0
Keeshawn Barthelemy,Montréal Alliance,2026-2027,offense,Post up,Post-Up - Defense Commits,1,,Post-Up - Defense Commits,Post-Up - Defense Commits,,,,,,0,0.0,,,,,0,,,,,,0,,,,,0,0,,0,,,0,0,0,,0,0,,0
Keeshawn Barthelemy,Montréal Alliance,2026-2027,offense,Post up,Post-Up - Hard Double,1,,Post-Up - Hard Double,Post-Up - Hard Double,,,,,,0,0.0,,,,,0,,,,,,0,,,,,0,0,,0,,,0,0,0,,0,0,,0
