PLAYER,TEAM,SEASON,SIDE,TABLE,STAT,DEPTH,PARENT,PATH,LEVEL_1,LEVEL_2,LEVEL_3,LEVEL_4,LEVEL_5,LEVEL_6,POSS,%TIME,PPP,TS%,TO%,%FT,3FG ATT,3 FG%,PPP RATING,PPP RANK,FG%,%TIME RANK,FG ATT,EFG%,%SF,SSQ,PPS,FG MADE,FG MISS,SSM,TSA,FTA/FGA,SCORE%,2 FG ATT,2 FG MADE,2 FG MISS,2 FG%,3 FG MADE,3 FG MISS,3PA/FGA,PTS
Zane Waterman,Brampton Honey Badgers,2024-2025,defense,Play types,Spot Up,1,,Spot Up,Spot Up,,,,,,70,53.0,0.871,45.2,4.3,1.4,51,31.4,Very Good,71.0,32.8,88.0,67,44.8,1.4,,,22,45,,67.4,0.01,31.4,16,6,10,37.5,16,35,0.76,61
Zane Waterman,Brampton Honey Badgers,2024-2025,defense,Play types,No Dribble Jumper,2,Spot Up,Spot Up > No Dribble Jumper,Spot Up,No Dribble Jumper,,,,,47,67.1,0.957,47.9,0.0,0.0,46,32.6,,,31.9,,47,47.9,0.0,,,15,32,,47.0,0.0,31.9,1,0,1,0.0,15,31,0.98,45
Zane Waterman,Brampton Honey Badgers,2024-2025,defense,Play types,Guarded,3,No Dribble Jumper,Spot Up > No Dribble Jumper > Guarded,Spot Up,No Dribble Jumper,Guarded,,,,24,51.1,1.375,68.8,0.0,0.0,24,45.8,,,45.8,,24,68.8,0.0,,,11,13,,24.0,0.0,45.8,0,0,0,,11,13,1.0,33
Zane Waterman,Brampton Honey Badgers,2024-2025,defense,Play types,Long/3pt,4,Guarded,Spot Up > No Dribble Jumper > Guarded > Long/3pt,Spot Up,No Dribble Jumper,Guarded,Long/3pt,,,24,100.0,1.375,68.8,0.0,0.0,24,45.8,,,45.8,,24,68.8,0.0,,,11,13,,24.0,0.0,45.8,0,0,0,,11,13,1.0,33
Zane Waterman,Brampton Honey Badgers,2024-2025,defense,Play types,Miss 3 Pts,5,Long/3pt,Spot Up > No Dribble Jumper > Guarded > Long/3pt > Miss 3 Pts,Spot Up,No Dribble Jumper,Guarded,Long/3pt,Miss 3 Pts,,13,54.2,0.0,0.0,0.0,0.0,13,0.0,,,0.0,,13,0.0,0.0,,,0,13,,13.0,0.0,0.0,0,0,0,,0,13,1.0,0
Zane Waterman,Brampton Honey Badgers,2024-2025,defense,Play types,Make 3 Pts,5,Long/3pt,Spot Up > No Dribble Jumper > Guarded > Long/3pt > Make 3 Pts,Spot Up,No Dribble Jumper,Guarded,Long/3pt,Make 3 Pts,,11,45.8,3.0,150.0,0.0,0.0,11,100.0,,,100.0,,11,150.0,0.0,,,11,0,,11.0,0.0,100.0,0,0,0,,11,0,1.0,33
Zane Waterman,Brampton Honey Badgers,2024-2025,defense,Play types,Open,3,No Dribble Jumper,Spot Up > No Dribble Jumper > Open,Spot Up,No Dribble Jumper,Open,,,,23,48.9,0.522,26.1,0.0,0.0,22,18.2,,,17.4,,23,26.1,0.0,,,4,19,,23.0,0.0,17.4,1,0,1,0.0,4,18,0.96,12
Zane Waterman,Brampton Honey Badgers,2024-2025,defense,Play types,Long/3pt,4,Open,Spot Up > No Dribble Jumper > Open > Long/3pt,Spot Up,No Dribble Jumper,Open,Long/3pt,,,22,95.7,0.545,27.3,0.0,0.0,22,18.2,,,18.2,,22,27.3,0.0,,,4,18,,22.0,0.0,18.2,0,0,0,,4,18,1.0,12
Zane Waterman,Brampton Honey Badgers,2024-2025,defense,Play types,Miss 3 Pts,5,Long/3pt,Spot Up > No Dribble Jumper > Open > Long/3pt > Miss 3 Pts,Spot Up,No Dribble Jumper,Open,Long/3pt,Miss 3 Pts,,18,81.8,0.0,0.0,0.0,0.0,18,0.0,,,0.0,,18,0.0,0.0,,,0,18,,18.0,0.0,0.0,0,0,0,,0,18,1.0,0
Zane Waterman,Brampton Honey Badgers,2024-2025,defense,Play types,Make 3 Pts,5,Long/3pt,Spot Up > No Dribble Jumper > Open > Long/3pt > Make 3 Pts,Spot Up,No Dribble Jumper,Open,Long/3pt,Make 3 Pts,,4,18.2,3.0,150.0,0.0,0.0,4,100.0,,,100.0,,4,150.0,0.0,,,4,0,,4.0,0.0,100.0,0,0,0,,4,0,1.0,12
Zane Waterman,Brampton Honey Badgers,2024-2025,defense,Play types,Medium/17' to 3pt,4,Open,Spot Up > No Dribble Jumper > Open > Medium/17' to 3pt,Spot Up,No Dribble Jumper,Open,Medium/17' to 3pt,,,1,4.3,0.0,0.0,0.0,0.0,0,,,,0.0,,1,0.0,0.0,,,0,1,,1.0,0.0,0.0,1,0,1,0.0,0,0,0.0,0
Zane Waterman,Brampton Honey Badgers,2024-2025,defense,Play types,Miss 2 Pts,5,Medium/17' to 3pt,Spot Up > No Dribble Jumper > Open > Medium/17' to 3pt > Miss 2 Pts,Spot Up,No Dribble Jumper,Open,Medium/17' to 3pt,Miss 2 Pts,,1,100.0,0.0,0.0,0.0,0.0,0,,,,0.0,,1,0.0,0.0,,,0,1,,1.0,0.0,0.0,1,0,1,0.0,0,0,0.0,0
Zane Waterman,Brampton Honey Badgers,2024-2025,defense,Play types,Drives Left,2,Spot Up,Spot Up > Drives Left,Spot Up,Drives Left,,,,,10,14.3,0.7,37.1,10.0,10.0,2,0.0,,,33.3,,9,33.3,10.0,,,3,6,,9.4,0.11,30.0,7,3,4,42.9,0,2,0.22,7
Zane Waterman,Brampton Honey Badgers,2024-2025,defense,Play types,To Basket,3,Drives Left,Spot Up > Drives Left > To Basket,Spot Up,Drives Left,To Basket,,,,5,50.0,1.4,64.3,0.0,20.0,0,,,,60.0,,5,60.0,20.0,,,3,2,,5.4,0.2,60.0,5,3,2,60.0,0,0,0.0,7
Zane Waterman,Brampton Honey Badgers,2024-2025,defense,Play types,Miss 2 Pts,4,To Basket,Spot Up > Drives Left > To Basket > Miss 2 Pts,Spot Up,Drives Left,To Basket,Miss 2 Pts,,,2,40.0,0.0,0.0,0.0,0.0,0,,,,0.0,,2,0.0,0.0,,,0,2,,2.0,0.0,0.0,2,0,2,0.0,0,0,0.0,0
Zane Waterman,Brampton Honey Badgers,2024-2025,defense,Play types,Make 2 Pts,4,To Basket,Spot Up > Drives Left > To Basket > Make 2 Pts,Spot Up,Drives Left,To Basket,Make 2 Pts,,,2,40.0,2.0,100.0,0.0,0.0,0,,,,100.0,,2,100.0,0.0,,,2,0,,2.0,0.0,100.0,2,2,0,100.0,0,0,0.0,4
Zane Waterman,Brampton Honey Badgers,2024-2025,defense,Play types,Make 2 Pts Foul,4,To Basket,Spot Up > Drives Left > To Basket > Make 2 Pts Foul,Spot Up,Drives Left,To Basket,Make 2 Pts Foul,,,1,20.0,3.0,104.2,0.0,100.0,0,,,,100.0,,1,100.0,100.0,,,1,0,,1.4,1.0,100.0,1,1,0,100.0,0,0,0.0,3
Zane Waterman,Brampton Honey Badgers,2024-2025,defense,Play types,1 Pts,5,Make 2 Pts Foul,Spot Up > Drives Left > To Basket > Make 2 Pts Foul > 1 Pts,Spot Up,Drives Left,To Basket,Make 2 Pts Foul,1 Pts,,1,100.0,3.0,104.2,0.0,100.0,0,,,,100.0,,1,100.0,100.0,,,1,0,,1.4,1.0,100.0,1,1,0,100.0,0,0,0.0,3
Zane Waterman,Brampton Honey Badgers,2024-2025,defense,Play types,Dribble Jumper,3,Drives Left,Spot Up > Drives Left > Dribble Jumper,Spot Up,Drives Left,Dribble Jumper,,,,4,40.0,0.0,0.0,0.0,0.0,2,0.0,,,0.0,,4,0.0,0.0,,,0,4,,4.0,0.0,0.0,2,0,2,0.0,0,2,0.5,0
Zane Waterman,Brampton Honey Badgers,2024-2025,defense,Play types,Medium/17' to 3pt,4,Dribble Jumper,Spot Up > Drives Left > Dribble Jumper > Medium/17' to 3pt,Spot Up,Drives Left,Dribble Jumper,Medium/17' to 3pt,,,2,50.0,0.0,0.0,0.0,0.0,0,,,,0.0,,2,0.0,0.0,,,0,2,,2.0,0.0,0.0,2,0,2,0.0,0,0,0.0,0
Zane Waterman,Brampton Honey Badgers,2024-2025,defense,Play types,Miss 2 Pts,5,Medium/17' to 3pt,Spot Up > Drives Left > Dribble Jumper > Medium/17' to 3pt > Miss 2 Pts,Spot Up,Drives Left,Dribble Jumper,Medium/17' to 3pt,Miss 2 Pts,,2,100.0,0.0,0.0,0.0,0.0,0,,,,0.0,,2,0.0,0.0,,,0,2,,2.0,0.0,0.0,2,0,2,0.0,0,0,0.0,0
Zane Waterman,Brampton Honey Badgers,2024-2025,defense,Play types,Long/3pt,4,Dribble Jumper,Spot Up > Drives Left > Dribble Jumper > Long/3pt,Spot Up,Drives Left,Dribble Jumper,Long/3pt,,,2,50.0,0.0,0.0,0.0,0.0,2,0.0,,,0.0,,2,0.0,0.0,,,0,2,,2.0,0.0,0.0,0,0,0,,0,2,1.0,0
Zane Waterman,Brampton Honey Badgers,2024-2025,defense,Play types,Miss 3 Pts,5,Long/3pt,Spot Up > Drives Left > Dribble Jumper > Long/3pt > Miss 3 Pts,Spot Up,Drives Left,Dribble Jumper,Long/3pt,Miss 3 Pts,,2,100.0,0.0,0.0,0.0,0.0,2,0.0,,,0.0,,2,0.0,0.0,,,0,2,,2.0,0.0,0.0,0,0,0,,0,2,1.0,0
Zane Waterman,Brampton Honey Badgers,2024-2025,defense,Play types,Turnover,3,Drives Left,Spot Up > Drives Left > Turnover,Spot Up,Drives Left,Turnover,,,,1,10.0,0.0,,100.0,0.0,0,,,,,,0,,0.0,,,0,0,,0.0,,0.0,0,0,0,,0,0,,0
Zane Waterman,Brampton Honey Badgers,2024-2025,defense,Play types,Drives Right,2,Spot Up,Spot Up > Drives Right,Spot Up,Drives Right,,,,,9,12.9,0.667,37.5,11.1,0.0,1,0.0,,,37.5,,8,37.5,0.0,,,3,5,,8.0,0.0,33.3,7,3,4,42.9,0,1,0.13,6
Zane Waterman,Brampton Honey Badgers,2024-2025,defense,Play types,To Basket,3,Drives Right,Spot Up > Drives Right > To Basket,Spot Up,Drives Right,To Basket,,,,7,77.8,0.857,42.9,0.0,0.0,0,,,,42.9,,7,42.9,0.0,,,3,4,,7.0,0.0,42.9,7,3,4,42.9,0,0,0.0,6
Zane Waterman,Brampton Honey Badgers,2024-2025,defense,Play types,Miss 2 Pts,4,To Basket,Spot Up > Drives Right > To Basket > Miss 2 Pts,Spot Up,Drives Right,To Basket,Miss 2 Pts,,,4,57.1,0.0,0.0,0.0,0.0,0,,,,0.0,,4,0.0,0.0,,,0,4,,4.0,0.0,0.0,4,0,4,0.0,0,0,0.0,0
Zane Waterman,Brampton Honey Badgers,2024-2025,defense,Play types,Make 2 Pts,4,To Basket,Spot Up > Drives Right > To Basket > Make 2 Pts,Spot Up,Drives Right,To Basket,Make 2 Pts,,,3,42.9,2.0,100.0,0.0,0.0,0,,,,100.0,,3,100.0,0.0,,,3,0,,3.0,0.0,100.0,3,3,0,100.0,0,0,0.0,6
Zane Waterman,Brampton Honey Badgers,2024-2025,defense,Play types,Turnover,3,Drives Right,Spot Up > Drives Right > Turnover,Spot Up,Drives Right,Turnover,,,,1,11.1,0.0,,100.0,0.0,0,,,,,,0,,0.0,,,0,0,,0.0,,0.0,0,0,0,,0,0,,0
Zane Waterman,Brampton Honey Badgers,2024-2025,defense,Play types,Dribble Jumper,3,Drives Right,Spot Up > Drives Right > Dribble Jumper,Spot Up,Drives Right,Dribble Jumper,,,,1,11.1,0.0,0.0,0.0,0.0,1,0.0,,,0.0,,1,0.0,0.0,,,0,1,,1.0,0.0,0.0,0,0,0,,0,1,1.0,0
Zane Waterman,Brampton Honey Badgers,2024-2025,defense,Play types,Long/3pt,4,Dribble Jumper,Spot Up > Drives Right > Dribble Jumper > Long/3pt,Spot Up,Drives Right,Dribble Jumper,Long/3pt,,,1,100.0,0.0,0.0,0.0,0.0,1,0.0,,,0.0,,1,0.0,0.0,,,0,1,,1.0,0.0,0.0,0,0,0,,0,1,1.0,0
Zane Waterman,Brampton Honey Badgers,2024-2025,defense,Play types,Miss 3 Pts,5,Long/3pt,Spot Up > Drives Right > Dribble Jumper > Long/3pt > Miss 3 Pts,Spot Up,Drives Right,Dribble Jumper,Long/3pt,Miss 3 Pts,,1,100.0,0.0,0.0,0.0,0.0,1,0.0,,,0.0,,1,0.0,0.0,,,0,1,,1.0,0.0,0.0,0,0,0,,0,1,1.0,0
Zane Waterman,Brampton Honey Badgers,2024-2025,defense,Play types,Drives Straight,2,Spot Up,Spot Up > Drives Straight,Spot Up,Drives Straight,,,,,4,5.7,0.75,50.0,25.0,0.0,2,50.0,,,33.3,,3,50.0,0.0,,,1,2,,3.0,0.0,25.0,1,0,1,0.0,1,1,0.67,3
Zane Waterman,Brampton Honey Badgers,2024-2025,defense,Play types,Dribble Jumper,3,Drives Straight,Spot Up > Drives Straight > Dribble Jumper,Spot Up,Drives Straight,Dribble Jumper,,,,3,75.0,1.0,50.0,0.0,0.0,2,50.0,,,33.3,,3,50.0,0.0,,,1,2,,3.0,0.0,33.3,1,0,1,0.0,1,1,0.67,3
Zane Waterman,Brampton Honey Badgers,2024-2025,defense,Play types,Long/3pt,4,Dribble Jumper,Spot Up > Drives Straight > Dribble Jumper > Long/3pt,Spot Up,Drives Straight,Dribble Jumper,Long/3pt,,,2,66.7,1.5,75.0,0.0,0.0,2,50.0,,,50.0,,2,75.0,0.0,,,1,1,,2.0,0.0,50.0,0,0,0,,1,1,1.0,3
Zane Waterman,Brampton Honey Badgers,2024-2025,defense,Play types,Make 3 Pts,5,Long/3pt,Spot Up > Drives Straight > Dribble Jumper > Long/3pt > Make 3 Pts,Spot Up,Drives Straight,Dribble Jumper,Long/3pt,Make 3 Pts,,1,50.0,3.0,150.0,0.0,0.0,1,100.0,,,100.0,,1,150.0,0.0,,,1,0,,1.0,0.0,100.0,0,0,0,,1,0,1.0,3
Zane Waterman,Brampton Honey Badgers,2024-2025,defense,Play types,Miss 3 Pts,5,Long/3pt,Spot Up > Drives Straight > Dribble Jumper > Long/3pt > Miss 3 Pts,Spot Up,Drives Straight,Dribble Jumper,Long/3pt,Miss 3 Pts,,1,50.0,0.0,0.0,0.0,0.0,1,0.0,,,0.0,,1,0.0,0.0,,,0,1,,1.0,0.0,0.0,0,0,0,,0,1,1.0,0
Zane Waterman,Brampton Honey Badgers,2024-2025,defense,Play types,Short to < 17,4,Dribble Jumper,Spot Up > Drives Straight > Dribble Jumper > Short to < 17,Spot Up,Drives Straight,Dribble Jumper,Short to < 17,,,1,33.3,0.0,0.0,0.0,0.0,0,,,,0.0,,1,0.0,0.0,,,0,1,,1.0,0.0,0.0,1,0,1,0.0,0,0,0.0,0
Zane Waterman,Brampton Honey Badgers,2024-2025,defense,Play types,Miss 2 Pts,5,Short to < 17,Spot Up > Drives Straight > Dribble Jumper > Short to < 17 > Miss 2 Pts,Spot Up,Drives Straight,Dribble Jumper,Short to < 17,Miss 2 Pts,,1,100.0,0.0,0.0,0.0,0.0,0,,,,0.0,,1,0.0,0.0,,,0,1,,1.0,0.0,0.0,1,0,1,0.0,0,0,0.0,0
Zane Waterman,Brampton Honey Badgers,2024-2025,defense,Play types,Turnover,3,Drives Straight,Spot Up > Drives Straight > Turnover,Spot Up,Drives Straight,Turnover,,,,1,25.0,0.0,,100.0,0.0,0,,,,,,0,,0.0,,,0,0,,0.0,,0.0,0,0,0,,0,0,,0
Zane Waterman,Brampton Honey Badgers,2024-2025,defense,Play types,Post-Up,1,,Post-Up,Post-Up,,,,,,15,11.4,0.867,46.2,6.7,26.7,0,,Average,48.0,36.4,42.0,11,36.4,20.0,,,4,7,,14.1,0.64,46.7,11,4,7,36.4,0,0,0.0,13
Zane Waterman,Brampton Honey Badgers,2024-2025,defense,Play types,Post-Up - Overall,2,Post-Up,Post-Up > Post-Up - Overall,Post-Up,Post-Up - Overall,,,,,15,100.0,0.867,46.2,6.7,26.7,0,,,,36.4,,11,36.4,20.0,,,4,7,,14.1,0.64,46.7,11,4,7,36.4,0,0,0.0,13
Zane Waterman,Brampton Honey Badgers,2024-2025,defense,Play types,Left Shoulder,3,Post-Up - Overall,Post-Up > Post-Up - Overall > Left Shoulder,Post-Up,Post-Up - Overall,Left Shoulder,,,,7,46.7,0.429,23.3,14.3,14.3,0,,,,16.7,,6,16.7,14.3,,,1,5,,6.4,0.17,14.3,6,1,5,16.7,0,0,0.0,3
Zane Waterman,Brampton Honey Badgers,2024-2025,defense,Play types,Right Shoulder,3,Post-Up - Overall,Post-Up > Post-Up - Overall > Right Shoulder,Post-Up,Post-Up - Overall,Right Shoulder,,,,6,40.0,1.0,52.1,0.0,33.3,0,,,,50.0,,4,50.0,33.3,,,2,2,,5.8,1.0,66.7,4,2,2,50.0,0,0,0.0,6
Zane Waterman,Brampton Honey Badgers,2024-2025,defense,Play types,Face-Up,3,Post-Up - Overall,Post-Up > Post-Up - Overall > Face-Up,Post-Up,Post-Up - Overall,Face-Up,,,,1,6.7,2.0,100.0,0.0,0.0,0,,,,100.0,,1,100.0,0.0,,,1,0,,1.0,0.0,100.0,1,1,0,100.0,0,0,0.0,2
Zane Waterman,Brampton Honey Badgers,2024-2025,defense,Play types,Foul,3,Post-Up - Overall,Post-Up > Post-Up - Overall > Foul,Post-Up,Post-Up - Overall,Foul,,,,1,6.7,2.0,113.6,0.0,100.0,0,,,,,,0,,0.0,,,0,0,,0.9,,100.0,0,0,0,,0,0,,2
Zane Waterman,Brampton Honey Badgers,2024-2025,defense,Play types,Right Block,2,Post-Up,Post-Up > Right Block,Post-Up,Right Block,,,,,6,40.0,0.5,25.5,0.0,16.7,0,,,,20.0,,5,20.0,16.7,,,1,4,,5.9,0.4,33.3,5,1,4,20.0,0,0,0.0,3
Zane Waterman,Brampton Honey Badgers,2024-2025,defense,Play types,Left Shoulder,3,Right Block,Post-Up > Right Block > Left Shoulder,Post-Up,Right Block,Left Shoulder,,,,4,66.7,0.0,0.0,0.0,0.0,0,,,,0.0,,4,0.0,0.0,,,0,4,,4.0,0.0,0.0,4,0,4,0.0,0,0,0.0,0
Zane Waterman,Brampton Honey Badgers,2024-2025,defense,Play types,Dribble Move,4,Left Shoulder,Post-Up > Right Block > Left Shoulder > Dribble Move,Post-Up,Right Block,Left Shoulder,Dribble Move,,,4,100.0,0.0,0.0,0.0,0.0,0,,,,0.0,,4,0.0,0.0,,,0,4,,4.0,0.0,0.0,4,0,4,0.0,0,0,0.0,0
Zane Waterman,Brampton Honey Badgers,2024-2025,defense,Play types,To Basket,5,Dribble Move,Post-Up > Right Block > Left Shoulder > Dribble Move > To Basket,Post-Up,Right Block,Left Shoulder,Dribble Move,To Basket,,2,50.0,0.0,0.0,0.0,0.0,0,,,,0.0,,2,0.0,0.0,,,0,2,,2.0,0.0,0.0,2,0,2,0.0,0,0,0.0,0
Zane Waterman,Brampton Honey Badgers,2024-2025,defense,Play types,To Hook,5,Dribble Move,Post-Up > Right Block > Left Shoulder > Dribble Move > To Hook,Post-Up,Right Block,Left Shoulder,Dribble Move,To Hook,,2,50.0,0.0,0.0,0.0,0.0,0,,,,0.0,,2,0.0,0.0,,,0,2,,2.0,0.0,0.0,2,0,2,0.0,0,0,0.0,0
Zane Waterman,Brampton Honey Badgers,2024-2025,defense,Play types,Right Shoulder,3,Right Block,Post-Up > Right Block > Right Shoulder,Post-Up,Right Block,Right Shoulder,,,,2,33.3,1.5,79.8,0.0,50.0,0,,,,100.0,,1,100.0,50.0,,,1,0,,1.9,2.0,100.0,1,1,0,100.0,0,0,0.0,3
Zane Waterman,Brampton Honey Badgers,2024-2025,defense,Play types,Dribble Move,4,Right Shoulder,Post-Up > Right Block > Right Shoulder > Dribble Move,Post-Up,Right Block,Right Shoulder,Dribble Move,,,2,100.0,1.5,79.8,0.0,50.0,0,,,,100.0,,1,100.0,50.0,,,1,0,,1.9,2.0,100.0,1,1,0,100.0,0,0,0.0,3
Zane Waterman,Brampton Honey Badgers,2024-2025,defense,Play types,To Hook,5,Dribble Move,Post-Up > Right Block > Right Shoulder > Dribble Move > To Hook,Post-Up,Right Block,Right Shoulder,Dribble Move,To Hook,,1,50.0,1.0,56.8,0.0,100.0,0,,,,,,0,,100.0,,,0,0,,0.9,,100.0,0,0,0,,0,0,,1
Zane Waterman,Brampton Honey Badgers,2024-2025,defense,Play types,To Basket,5,Dribble Move,Post-Up > Right Block > Right Shoulder > Dribble Move > To Basket,Post-Up,Right Block,Right Shoulder,Dribble Move,To Basket,,1,50.0,2.0,100.0,0.0,0.0,0,,,,100.0,,1,100.0,0.0,,,1,0,,1.0,0.0,100.0,1,1,0,100.0,0,0,0.0,2
Zane Waterman,Brampton Honey Badgers,2024-2025,defense,Play types,Flash Middle,2,Post-Up,Post-Up > Flash Middle,Post-Up,Flash Middle,,,,,5,33.3,1.0,47.0,0.0,40.0,0,,,,25.0,,4,25.0,20.0,,,1,3,,5.3,0.75,40.0,4,1,3,25.0,0,0,0.0,5
Zane Waterman,Brampton Honey Badgers,2024-2025,defense,Play types,Right Shoulder,3,Flash Middle,Post-Up > Flash Middle > Right Shoulder,Post-Up,Flash Middle,Right Shoulder,,,,2,40.0,0.0,0.0,0.0,0.0,0,,,,0.0,,2,0.0,0.0,,,0,2,,2.0,0.0,0.0,2,0,2,0.0,0,0,0.0,0
Zane Waterman,Brampton Honey Badgers,2024-2025,defense,Play types,Dribble Move,4,Right Shoulder,Post-Up > Flash Middle > Right Shoulder > Dribble Move,Post-Up,Flash Middle,Right Shoulder,Dribble Move,,,2,100.0,0.0,0.0,0.0,0.0,0,,,,0.0,,2,0.0,0.0,,,0,2,,2.0,0.0,0.0,2,0,2,0.0,0,0,0.0,0
Zane Waterman,Brampton Honey Badgers,2024-2025,defense,Play types,To Basket,5,Dribble Move,Post-Up > Flash Middle > Right Shoulder > Dribble Move > To Basket,Post-Up,Flash Middle,Right Shoulder,Dribble Move,To Basket,,2,100.0,0.0,0.0,0.0,0.0,0,,,,0.0,,2,0.0,0.0,,,0,2,,2.0,0.0,0.0,2,0,2,0.0,0,0,0.0,0
Zane Waterman,Brampton Honey Badgers,2024-2025,defense,Play types,Left Shoulder,3,Flash Middle,Post-Up > Flash Middle > Left Shoulder,Post-Up,Flash Middle,Left Shoulder,,,,2,40.0,1.5,61.5,0.0,50.0,0,,,,50.0,,2,50.0,50.0,,,1,1,,2.4,0.5,50.0,2,1,1,50.0,0,0,0.0,3
Zane Waterman,Brampton Honey Badgers,2024-2025,defense,Play types,Dribble Move,4,Left Shoulder,Post-Up > Flash Middle > Left Shoulder > Dribble Move,Post-Up,Flash Middle,Left Shoulder,Dribble Move,,,2,100.0,1.5,61.5,0.0,50.0,0,,,,50.0,,2,50.0,50.0,,,1,1,,2.4,0.5,50.0,2,1,1,50.0,0,0,0.0,3
Zane Waterman,Brampton Honey Badgers,2024-2025,defense,Play types,To Hook,5,Dribble Move,Post-Up > Flash Middle > Left Shoulder > Dribble Move > To Hook,Post-Up,Flash Middle,Left Shoulder,Dribble Move,To Hook,,1,50.0,0.0,0.0,0.0,0.0,0,,,,0.0,,1,0.0,0.0,,,0,1,,1.0,0.0,0.0,1,0,1,0.0,0,0,0.0,0
Zane Waterman,Brampton Honey Badgers,2024-2025,defense,Play types,To Up and Under,5,Dribble Move,Post-Up > Flash Middle > Left Shoulder > Dribble Move > To Up and Under,Post-Up,Flash Middle,Left Shoulder,Dribble Move,To Up and Under,,1,50.0,3.0,104.2,0.0,100.0,0,,,,100.0,,1,100.0,100.0,,,1,0,,1.4,1.0,100.0,1,1,0,100.0,0,0,0.0,3
Zane Waterman,Brampton Honey Badgers,2024-2025,defense,Play types,Foul,3,Flash Middle,Post-Up > Flash Middle > Foul,Post-Up,Flash Middle,Foul,,,,1,20.0,2.0,113.6,0.0,100.0,0,,,,,,0,,0.0,,,0,0,,0.9,,100.0,0,0,0,,0,0,,2
Zane Waterman,Brampton Honey Badgers,2024-2025,defense,Play types,Left Block,2,Post-Up,Post-Up > Left Block,Post-Up,Left Block,,,,,4,26.7,1.25,86.8,25.0,25.0,0,,,,100.0,,2,100.0,25.0,,,2,0,,2.9,1.0,75.0,2,2,0,100.0,0,0,0.0,5
Zane Waterman,Brampton Honey Badgers,2024-2025,defense,Play types,Right Shoulder,3,Left Block,Post-Up > Left Block > Right Shoulder,Post-Up,Left Block,Right Shoulder,,,,2,50.0,1.5,79.8,0.0,50.0,0,,,,100.0,,1,100.0,50.0,,,1,0,,1.9,2.0,100.0,1,1,0,100.0,0,0,0.0,3
Zane Waterman,Brampton Honey Badgers,2024-2025,defense,Play types,Dribble Move,4,Right Shoulder,Post-Up > Left Block > Right Shoulder > Dribble Move,Post-Up,Left Block,Right Shoulder,Dribble Move,,,2,100.0,1.5,79.8,0.0,50.0,0,,,,100.0,,1,100.0,50.0,,,1,0,,1.9,2.0,100.0,1,1,0,100.0,0,0,0.0,3
Zane Waterman,Brampton Honey Badgers,2024-2025,defense,Play types,To Drop Step,5,Dribble Move,Post-Up > Left Block > Right Shoulder > Dribble Move > To Drop Step,Post-Up,Left Block,Right Shoulder,Dribble Move,To Drop Step,,1,50.0,1.0,56.8,0.0,100.0,0,,,,,,0,,100.0,,,0,0,,0.9,,100.0,0,0,0,,0,0,,1
Zane Waterman,Brampton Honey Badgers,2024-2025,defense,Play types,To Basket,5,Dribble Move,Post-Up > Left Block > Right Shoulder > Dribble Move > To Basket,Post-Up,Left Block,Right Shoulder,Dribble Move,To Basket,,1,50.0,2.0,100.0,0.0,0.0,0,,,,100.0,,1,100.0,0.0,,,1,0,,1.0,0.0,100.0,1,1,0,100.0,0,0,0.0,2
Zane Waterman,Brampton Honey Badgers,2024-2025,defense,Play types,Left Shoulder,3,Left Block,Post-Up > Left Block > Left Shoulder,Post-Up,Left Block,Left Shoulder,,,,1,25.0,0.0,,100.0,0.0,0,,,,,,0,,0.0,,,0,0,,0.0,,0.0,0,0,0,,0,0,,0
Zane Waterman,Brampton Honey Badgers,2024-2025,defense,Play types,Dribble Move,4,Left Shoulder,Post-Up > Left Block > Left Shoulder > Dribble Move,Post-Up,Left Block,Left Shoulder,Dribble Move,,,1,100.0,0.0,,100.0,0.0,0,,,,,,0,,0.0,,,0,0,,0.0,,0.0,0,0,0,,0,0,,0
Zane Waterman,Brampton Honey Badgers,2024-2025,defense,Play types,Defense Commits,5,Dribble Move,Post-Up > Left Block > Left Shoulder > Dribble Move > Defense Commits,Post-Up,Left Block,Left Shoulder,Dribble Move,Defense Commits,,1,100.0,0.0,,100.0,0.0,0,,,,,,0,,0.0,,,0,0,,0.0,,0.0,0,0,0,,0,0,,0
Zane Waterman,Brampton Honey Badgers,2024-2025,defense,Play types,Face-up,3,Left Block,Post-Up > Left Block > Face-up,Post-Up,Left Block,Face-up,,,,1,25.0,2.0,100.0,0.0,0.0,0,,,,100.0,,1,100.0,0.0,,,1,0,,1.0,0.0,100.0,1,1,0,100.0,0,0,0.0,2
Zane Waterman,Brampton Honey Badgers,2024-2025,defense,Play types,Jumper,4,Face-up,Post-Up > Left Block > Face-up > Jumper,Post-Up,Left Block,Face-up,Jumper,,,1,100.0,2.0,100.0,0.0,0.0,0,,,,100.0,,1,100.0,0.0,,,1,0,,1.0,0.0,100.0,1,1,0,100.0,0,0,0.0,2
Zane Waterman,Brampton Honey Badgers,2024-2025,defense,Play types,Make 2 Pts,5,Jumper,Post-Up > Left Block > Face-up > Jumper > Make 2 Pts,Post-Up,Left Block,Face-up,Jumper,Make 2 Pts,,1,100.0,2.0,100.0,0.0,0.0,0,,,,100.0,,1,100.0,0.0,,,1,0,,1.0,0.0,100.0,1,1,0,100.0,0,0,0.0,2
Zane Waterman,Brampton Honey Badgers,2024-2025,defense,Play types,P&R Ball Handler,1,,P&R Ball Handler,P&R Ball Handler,,,,,,12,9.1,1.417,71.5,0.0,8.3,5,60.0,Poor,2.0,54.5,2.0,11,68.2,8.3,,,6,5,,11.9,0.18,58.3,6,3,3,50.0,3,2,0.45,17
Zane Waterman,Brampton Honey Badgers,2024-2025,defense,Play types,P&R Ball Handler - Overall,2,P&R Ball Handler,P&R Ball Handler > P&R Ball Handler - Overall,P&R Ball Handler,P&R Ball Handler - Overall,,,,,12,100.0,1.417,71.5,0.0,8.3,5,60.0,,,54.5,,11,68.2,8.3,,,6,5,,11.9,0.18,58.3,6,3,3,50.0,3,2,0.45,17
Zane Waterman,Brampton Honey Badgers,2024-2025,defense,Play types,High P&R,2,P&R Ball Handler,P&R Ball Handler > High P&R,P&R Ball Handler,High P&R,,,,,6,50.0,0.833,41.7,0.0,0.0,3,33.3,,,33.3,,6,41.7,0.0,,,2,4,,6.0,0.0,33.3,3,1,2,33.3,1,2,0.5,5
Zane Waterman,Brampton Honey Badgers,2024-2025,defense,Play types,Dribble Off Pick,3,High P&R,P&R Ball Handler > High P&R > Dribble Off Pick,P&R Ball Handler,High P&R,Dribble Off Pick,,,,6,100.0,0.833,41.7,0.0,0.0,3,33.3,,,33.3,,6,41.7,0.0,,,2,4,,6.0,0.0,33.3,3,1,2,33.3,1,2,0.5,5
Zane Waterman,Brampton Honey Badgers,2024-2025,defense,Play types,Dribble Jumper,4,Dribble Off Pick,P&R Ball Handler > High P&R > Dribble Off Pick > Dribble Jumper,P&R Ball Handler,High P&R,Dribble Off Pick,Dribble Jumper,,,4,66.7,0.75,37.5,0.0,0.0,3,33.3,,,25.0,,4,37.5,0.0,,,1,3,,4.0,0.0,25.0,1,0,1,0.0,1,2,0.75,3
Zane Waterman,Brampton Honey Badgers,2024-2025,defense,Play types,Long/3pt,5,Dribble Jumper,P&R Ball Handler > High P&R > Dribble Off Pick > Dribble Jumper > Long/3pt,P&R Ball Handler,High P&R,Dribble Off Pick,Dribble Jumper,Long/3pt,,3,75.0,1.0,50.0,0.0,0.0,3,33.3,,,33.3,,3,50.0,0.0,,,1,2,,3.0,0.0,33.3,0,0,0,,1,2,1.0,3
Zane Waterman,Brampton Honey Badgers,2024-2025,defense,Play types,Short to < 17,5,Dribble Jumper,P&R Ball Handler > High P&R > Dribble Off Pick > Dribble Jumper > Short to < 17,P&R Ball Handler,High P&R,Dribble Off Pick,Dribble Jumper,Short to < 17,,1,25.0,0.0,0.0,0.0,0.0,0,,,,0.0,,1,0.0,0.0,,,0,1,,1.0,0.0,0.0,1,0,1,0.0,0,0,0.0,0
Zane Waterman,Brampton Honey Badgers,2024-2025,defense,Play types,To Basket,4,Dribble Off Pick,P&R Ball Handler > High P&R > Dribble Off Pick > To Basket,P&R Ball Handler,High P&R,Dribble Off Pick,To Basket,,,2,33.3,1.0,50.0,0.0,0.0,0,,,,50.0,,2,50.0,0.0,,,1,1,,2.0,0.0,50.0,2,1,1,50.0,0,0,0.0,2
Zane Waterman,Brampton Honey Badgers,2024-2025,defense,Play types,Make 2 Pts,5,To Basket,P&R Ball Handler > High P&R > Dribble Off Pick > To Basket > Make 2 Pts,P&R Ball Handler,High P&R,Dribble Off Pick,To Basket,Make 2 Pts,,1,50.0,2.0,100.0,0.0,0.0,0,,,,100.0,,1,100.0,0.0,,,1,0,,1.0,0.0,100.0,1,1,0,100.0,0,0,0.0,2
Zane Waterman,Brampton Honey Badgers,2024-2025,defense,Play types,Miss 2 Pts,5,To Basket,P&R Ball Handler > High P&R > Dribble Off Pick > To Basket > Miss 2 Pts,P&R Ball Handler,High P&R,Dribble Off Pick,To Basket,Miss 2 Pts,,1,50.0,0.0,0.0,0.0,0.0,0,,,,0.0,,1,0.0,0.0,,,0,1,,1.0,0.0,0.0,1,0,1,0.0,0,0,0.0,0
Zane Waterman,Brampton Honey Badgers,2024-2025,defense,Play types,Right P&R,2,P&R Ball Handler,P&R Ball Handler > Right P&R,P&R Ball Handler,Right P&R,,,,,3,25.0,1.333,69.4,0.0,33.3,0,,,,50.0,,2,50.0,33.3,,,1,1,,2.9,1.0,66.7,2,1,1,50.0,0,0,0.0,4
Zane Waterman,Brampton Honey Badgers,2024-2025,defense,Play types,Side,3,Right P&R,P&R Ball Handler > Right P&R > Side,P&R Ball Handler,Right P&R,Side,,,,2,66.7,2.0,106.4,0.0,50.0,0,,,,100.0,,1,100.0,50.0,,,1,0,,1.9,2.0,100.0,1,1,0,100.0,0,0,0.0,4
Zane Waterman,Brampton Honey Badgers,2024-2025,defense,Play types,Go Away from Pick,4,Side,P&R Ball Handler > Right P&R > Side > Go Away from Pick,P&R Ball Handler,Right P&R,Side,Go Away from Pick,,,2,100.0,2.0,106.4,0.0,50.0,0,,,,100.0,,1,100.0,50.0,,,1,0,,1.9,2.0,100.0,1,1,0,100.0,0,0,0.0,4
Zane Waterman,Brampton Honey Badgers,2024-2025,defense,Play types,To Basket,5,Go Away from Pick,P&R Ball Handler > Right P&R > Side > Go Away from Pick > To Basket,P&R Ball Handler,Right P&R,Side,Go Away from Pick,To Basket,,1,50.0,2.0,113.6,0.0,100.0,0,,,,,,0,,100.0,,,0,0,,0.9,,100.0,0,0,0,,0,0,,2
Zane Waterman,Brampton Honey Badgers,2024-2025,defense,Play types,Dribble Jumper,5,Go Away from Pick,P&R Ball Handler > Right P&R > Side > Go Away from Pick > Dribble Jumper,P&R Ball Handler,Right P&R,Side,Go Away from Pick,Dribble Jumper,,1,50.0,2.0,100.0,0.0,0.0,0,,,,100.0,,1,100.0,0.0,,,1,0,,1.0,0.0,100.0,1,1,0,100.0,0,0,0.0,2
Zane Waterman,Brampton Honey Badgers,2024-2025,defense,Play types,Baseline,3,Right P&R,P&R Ball Handler > Right P&R > Baseline,P&R Ball Handler,Right P&R,Baseline,,,,1,33.3,0.0,0.0,0.0,0.0,0,,,,0.0,,1,0.0,0.0,,,0,1,,1.0,0.0,0.0,1,0,1,0.0,0,0,0.0,0
Zane Waterman,Brampton Honey Badgers,2024-2025,defense,Play types,Dribble Off Pick,4,Baseline,P&R Ball Handler > Right P&R > Baseline > Dribble Off Pick,P&R Ball Handler,Right P&R,Baseline,Dribble Off Pick,,,1,100.0,0.0,0.0,0.0,0.0,0,,,,0.0,,1,0.0,0.0,,,0,1,,1.0,0.0,0.0,1,0,1,0.0,0,0,0.0,0
Zane Waterman,Brampton Honey Badgers,2024-2025,defense,Play types,To Basket,5,Dribble Off Pick,P&R Ball Handler > Right P&R > Baseline > Dribble Off Pick > To Basket,P&R Ball Handler,Right P&R,Baseline,Dribble Off Pick,To Basket,,1,100.0,0.0,0.0,0.0,0.0,0,,,,0.0,,1,0.0,0.0,,,0,1,,1.0,0.0,0.0,1,0,1,0.0,0,0,0.0,0
Zane Waterman,Brampton Honey Badgers,2024-2025,defense,Play types,Left P&R,2,P&R Ball Handler,P&R Ball Handler > Left P&R,P&R Ball Handler,Left P&R,,,,,3,25.0,2.667,133.3,0.0,0.0,2,100.0,,,100.0,,3,133.3,0.0,,,3,0,,3.0,0.0,100.0,1,1,0,100.0,2,0,0.67,8
Zane Waterman,Brampton Honey Badgers,2024-2025,defense,Play types,Side,3,Left P&R,P&R Ball Handler > Left P&R > Side,P&R Ball Handler,Left P&R,Side,,,,3,100.0,2.667,133.3,0.0,0.0,2,100.0,,,100.0,,3,133.3,0.0,,,3,0,,3.0,0.0,100.0,1,1,0,100.0,2,0,0.67,8
Zane Waterman,Brampton Honey Badgers,2024-2025,defense,Play types,Go Away from Pick,4,Side,P&R Ball Handler > Left P&R > Side > Go Away from Pick,P&R Ball Handler,Left P&R,Side,Go Away from Pick,,,2,66.7,2.5,125.0,0.0,0.0,1,100.0,,,100.0,,2,125.0,0.0,,,2,0,,2.0,0.0,100.0,1,1,0,100.0,1,0,0.5,5
Zane Waterman,Brampton Honey Badgers,2024-2025,defense,Play types,To Basket,5,Go Away from Pick,P&R Ball Handler > Left P&R > Side > Go Away from Pick > To Basket,P&R Ball Handler,Left P&R,Side,Go Away from Pick,To Basket,,1,50.0,2.0,100.0,0.0,0.0,0,,,,100.0,,1,100.0,0.0,,,1,0,,1.0,0.0,100.0,1,1,0,100.0,0,0,0.0,2
Zane Waterman,Brampton Honey Badgers,2024-2025,defense,Play types,Dribble Jumper,5,Go Away from Pick,P&R Ball Handler > Left P&R > Side > Go Away from Pick > Dribble Jumper,P&R Ball Handler,Left P&R,Side,Go Away from Pick,Dribble Jumper,,1,50.0,3.0,150.0,0.0,0.0,1,100.0,,,100.0,,1,150.0,0.0,,,1,0,,1.0,0.0,100.0,0,0,0,,1,0,1.0,3
Zane Waterman,Brampton Honey Badgers,2024-2025,defense,Play types,Dribble Off Pick,4,Side,P&R Ball Handler > Left P&R > Side > Dribble Off Pick,P&R Ball Handler,Left P&R,Side,Dribble Off Pick,,,1,33.3,3.0,150.0,0.0,0.0,1,100.0,,,100.0,,1,150.0,0.0,,,1,0,,1.0,0.0,100.0,0,0,0,,1,0,1.0,3
Zane Waterman,Brampton Honey Badgers,2024-2025,defense,Play types,Dribble Jumper,5,Dribble Off Pick,P&R Ball Handler > Left P&R > Side > Dribble Off Pick > Dribble Jumper,P&R Ball Handler,Left P&R,Side,Dribble Off Pick,Dribble Jumper,,1,100.0,3.0,150.0,0.0,0.0,1,100.0,,,100.0,,1,150.0,0.0,,,1,0,,1.0,0.0,100.0,0,0,0,,1,0,1.0,3
Zane Waterman,Brampton Honey Badgers,2024-2025,defense,Play types,Isolation,1,,Isolation,Isolation,,,,,,11,8.3,0.636,35.0,9.1,0.0,3,33.3,Very Good,81.0,30.0,38.0,10,35.0,0.0,,,3,7,,10.0,0.0,27.3,7,2,5,28.6,1,2,0.3,7
Zane Waterman,Brampton Honey Badgers,2024-2025,defense,Play types,Isolation - Overall,2,Isolation,Isolation > Isolation - Overall,Isolation,Isolation - Overall,,,,,11,100.0,0.636,35.0,9.1,0.0,3,33.3,,,30.0,,10,35.0,0.0,,,3,7,,10.0,0.0,27.3,7,2,5,28.6,1,2,0.3,7
Zane Waterman,Brampton Honey Badgers,2024-2025,defense,Play types,Drives Left,3,Isolation - Overall,Isolation > Isolation - Overall > Drives Left,Isolation,Isolation - Overall,Drives Left,,,,4,36.4,0.5,25.0,0.0,0.0,0,,,,25.0,,4,25.0,0.0,,,1,3,,4.0,0.0,25.0,4,1,3,25.0,0,0,0.0,2
Zane Waterman,Brampton Honey Badgers,2024-2025,defense,Play types,Drives Right,3,Isolation - Overall,Isolation > Isolation - Overall > Drives Right,Isolation,Isolation - Overall,Drives Right,,,,4,36.4,0.5,33.3,25.0,0.0,0,,,,33.3,,3,33.3,0.0,,,1,2,,3.0,0.0,25.0,3,1,2,33.3,0,0,0.0,2
Zane Waterman,Brampton Honey Badgers,2024-2025,defense,Play types,Early Jumper,3,Isolation - Overall,Isolation > Isolation - Overall > Early Jumper,Isolation,Isolation - Overall,Early Jumper,,,,3,27.3,1.0,50.0,0.0,0.0,3,33.3,,,33.3,,3,50.0,0.0,,,1,2,,3.0,0.0,33.3,0,0,0,,1,2,1.0,3
Zane Waterman,Brampton Honey Badgers,2024-2025,defense,Play types,Left,2,Isolation,Isolation > Left,Isolation,Left,,,,,4,36.4,0.75,50.0,25.0,0.0,2,50.0,,,33.3,,3,50.0,0.0,,,1,2,,3.0,0.0,25.0,1,0,1,0.0,1,1,0.67,3
Zane Waterman,Brampton Honey Badgers,2024-2025,defense,Play types,Early Jumper,3,Left,Isolation > Left > Early Jumper,Isolation,Left,Early Jumper,,,,2,50.0,1.5,75.0,0.0,0.0,2,50.0,,,50.0,,2,75.0,0.0,,,1,1,,2.0,0.0,50.0,0,0,0,,1,1,1.0,3
Zane Waterman,Brampton Honey Badgers,2024-2025,defense,Play types,Dribble Jumper,4,Early Jumper,Isolation > Left > Early Jumper > Dribble Jumper,Isolation,Left,Early Jumper,Dribble Jumper,,,2,100.0,1.5,75.0,0.0,0.0,2,50.0,,,50.0,,2,75.0,0.0,,,1,1,,2.0,0.0,50.0,0,0,0,,1,1,1.0,3
Zane Waterman,Brampton Honey Badgers,2024-2025,defense,Play types,Long/3pt,5,Dribble Jumper,Isolation > Left > Early Jumper > Dribble Jumper > Long/3pt,Isolation,Left,Early Jumper,Dribble Jumper,Long/3pt,,2,100.0,1.5,75.0,0.0,0.0,2,50.0,,,50.0,,2,75.0,0.0,,,1,1,,2.0,0.0,50.0,0,0,0,,1,1,1.0,3
Zane Waterman,Brampton Honey Badgers,2024-2025,defense,Play types,Drives Right,3,Left,Isolation > Left > Drives Right,Isolation,Left,Drives Right,,,,2,50.0,0.0,0.0,50.0,0.0,0,,,,0.0,,1,0.0,0.0,,,0,1,,1.0,0.0,0.0,1,0,1,0.0,0,0,0.0,0
Zane Waterman,Brampton Honey Badgers,2024-2025,defense,Play types,Defense Commits,4,Drives Right,Isolation > Left > Drives Right > Defense Commits,Isolation,Left,Drives Right,Defense Commits,,,1,50.0,0.0,,100.0,0.0,0,,,,,,0,,0.0,,,0,0,,0.0,,0.0,0,0,0,,0,0,,0
Zane Waterman,Brampton Honey Badgers,2024-2025,defense,Play types,Turnover,5,Defense Commits,Isolation > Left > Drives Right > Defense Commits > Turnover,Isolation,Left,Drives Right,Defense Commits,Turnover,,1,100.0,0.0,,100.0,0.0,0,,,,,,0,,0.0,,,0,0,,0.0,,0.0,0,0,0,,0,0,,0
Zane Waterman,Brampton Honey Badgers,2024-2025,defense,Play types,Dribble Jumper,4,Drives Right,Isolation > Left > Drives Right > Dribble Jumper,Isolation,Left,Drives Right,Dribble Jumper,,,1,50.0,0.0,0.0,0.0,0.0,0,,,,0.0,,1,0.0,0.0,,,0,1,,1.0,0.0,0.0,1,0,1,0.0,0,0,0.0,0
Zane Waterman,Brampton Honey Badgers,2024-2025,defense,Play types,Medium/17' to 3pt,5,Dribble Jumper,Isolation > Left > Drives Right > Dribble Jumper > Medium/17' to 3pt,Isolation,Left,Drives Right,Dribble Jumper,Medium/17' to 3pt,,1,100.0,0.0,0.0,0.0,0.0,0,,,,0.0,,1,0.0,0.0,,,0,1,,1.0,0.0,0.0,1,0,1,0.0,0,0,0.0,0
Zane Waterman,Brampton Honey Badgers,2024-2025,defense,Play types,Top,2,Isolation,Isolation > Top,Isolation,Top,,,,,4,36.4,0.5,25.0,0.0,0.0,1,0.0,,,25.0,,4,25.0,0.0,,,1,3,,4.0,0.0,25.0,3,1,2,33.3,0,1,0.25,2
Zane Waterman,Brampton Honey Badgers,2024-2025,defense,Play types,Drives Left,3,Top,Isolation > Top > Drives Left,Isolation,Top,Drives Left,,,,2,50.0,1.0,50.0,0.0,0.0,0,,,,50.0,,2,50.0,0.0,,,1,1,,2.0,0.0,50.0,2,1,1,50.0,0,0,0.0,2
Zane Waterman,Brampton Honey Badgers,2024-2025,defense,Play types,To Basket,4,Drives Left,Isolation > Top > Drives Left > To Basket,Isolation,Top,Drives Left,To Basket,,,2,100.0,1.0,50.0,0.0,0.0,0,,,,50.0,,2,50.0,0.0,,,1,1,,2.0,0.0,50.0,2,1,1,50.0,0,0,0.0,2
Zane Waterman,Brampton Honey Badgers,2024-2025,defense,Play types,Make 2 Pts,5,To Basket,Isolation > Top > Drives Left > To Basket > Make 2 Pts,Isolation,Top,Drives Left,To Basket,Make 2 Pts,,1,50.0,2.0,100.0,0.0,0.0,0,,,,100.0,,1,100.0,0.0,,,1,0,,1.0,0.0,100.0,1,1,0,100.0,0,0,0.0,2
Zane Waterman,Brampton Honey Badgers,2024-2025,defense,Play types,Miss 2 Pts,5,To Basket,Isolation > Top > Drives Left > To Basket > Miss 2 Pts,Isolation,Top,Drives Left,To Basket,Miss 2 Pts,,1,50.0,0.0,0.0,0.0,0.0,0,,,,0.0,,1,0.0,0.0,,,0,1,,1.0,0.0,0.0,1,0,1,0.0,0,0,0.0,0
Zane Waterman,Brampton Honey Badgers,2024-2025,defense,Play types,Drives Right,3,Top,Isolation > Top > Drives Right,Isolation,Top,Drives Right,,,,1,25.0,0.0,0.0,0.0,0.0,0,,,,0.0,,1,0.0,0.0,,,0,1,,1.0,0.0,0.0,1,0,1,0.0,0,0,0.0,0
Zane Waterman,Brampton Honey Badgers,2024-2025,defense,Play types,Dribble Jumper,4,Drives Right,Isolation > Top > Drives Right > Dribble Jumper,Isolation,Top,Drives Right,Dribble Jumper,,,1,100.0,0.0,0.0,0.0,0.0,0,,,,0.0,,1,0.0,0.0,,,0,1,,1.0,0.0,0.0,1,0,1,0.0,0,0,0.0,0
Zane Waterman,Brampton Honey Badgers,2024-2025,defense,Play types,Medium/17' to 3pt,5,Dribble Jumper,Isolation > Top > Drives Right > Dribble Jumper > Medium/17' to 3pt,Isolation,Top,Drives Right,Dribble Jumper,Medium/17' to 3pt,,1,100.0,0.0,0.0,0.0,0.0,0,,,,0.0,,1,0.0,0.0,,,0,1,,1.0,0.0,0.0,1,0,1,0.0,0,0,0.0,0
Zane Waterman,Brampton Honey Badgers,2024-2025,defense,Play types,Early Jumper,3,Top,Isolation > Top > Early Jumper,Isolation,Top,Early Jumper,,,,1,25.0,0.0,0.0,0.0,0.0,1,0.0,,,0.0,,1,0.0,0.0,,,0,1,,1.0,0.0,0.0,0,0,0,,0,1,1.0,0
Zane Waterman,Brampton Honey Badgers,2024-2025,defense,Play types,Dribble Jumper,4,Early Jumper,Isolation > Top > Early Jumper > Dribble Jumper,Isolation,Top,Early Jumper,Dribble Jumper,,,1,100.0,0.0,0.0,0.0,0.0,1,0.0,,,0.0,,1,0.0,0.0,,,0,1,,1.0,0.0,0.0,0,0,0,,0,1,1.0,0
Zane Waterman,Brampton Honey Badgers,2024-2025,defense,Play types,Long/3pt,5,Dribble Jumper,Isolation > Top > Early Jumper > Dribble Jumper > Long/3pt,Isolation,Top,Early Jumper,Dribble Jumper,Long/3pt,,1,100.0,0.0,0.0,0.0,0.0,1,0.0,,,0.0,,1,0.0,0.0,,,0,1,,1.0,0.0,0.0,0,0,0,,0,1,1.0,0
Zane Waterman,Brampton Honey Badgers,2024-2025,defense,Play types,Right,2,Isolation,Isolation > Right,Isolation,Right,,,,,3,27.3,0.667,33.3,0.0,0.0,0,,,,33.3,,3,33.3,0.0,,,1,2,,3.0,0.0,33.3,3,1,2,33.3,0,0,0.0,2
Zane Waterman,Brampton Honey Badgers,2024-2025,defense,Play types,Drives Left,3,Right,Isolation > Right > Drives Left,Isolation,Right,Drives Left,,,,2,66.7,0.0,0.0,0.0,0.0,0,,,,0.0,,2,0.0,0.0,,,0,2,,2.0,0.0,0.0,2,0,2,0.0,0,0,0.0,0
Zane Waterman,Brampton Honey Badgers,2024-2025,defense,Play types,Dribble Jumper,4,Drives Left,Isolation > Right > Drives Left > Dribble Jumper,Isolation,Right,Drives Left,Dribble Jumper,,,2,100.0,0.0,0.0,0.0,0.0,0,,,,0.0,,2,0.0,0.0,,,0,2,,2.0,0.0,0.0,2,0,2,0.0,0,0,0.0,0
Zane Waterman,Brampton Honey Badgers,2024-2025,defense,Play types,Medium/17' to 3pt,5,Dribble Jumper,Isolation > Right > Drives Left > Dribble Jumper > Medium/17' to 3pt,Isolation,Right,Drives Left,Dribble Jumper,Medium/17' to 3pt,,2,100.0,0.0,0.0,0.0,0.0,0,,,,0.0,,2,0.0,0.0,,,0,2,,2.0,0.0,0.0,2,0,2,0.0,0,0,0.0,0
Zane Waterman,Brampton Honey Badgers,2024-2025,defense,Play types,Drives Right,3,Right,Isolation > Right > Drives Right,Isolation,Right,Drives Right,,,,1,33.3,2.0,100.0,0.0,0.0,0,,,,100.0,,1,100.0,0.0,,,1,0,,1.0,0.0,100.0,1,1,0,100.0,0,0,0.0,2
Zane Waterman,Brampton Honey Badgers,2024-2025,defense,Play types,To Basket,4,Drives Right,Isolation > Right > Drives Right > To Basket,Isolation,Right,Drives Right,To Basket,,,1,100.0,2.0,100.0,0.0,0.0,0,,,,100.0,,1,100.0,0.0,,,1,0,,1.0,0.0,100.0,1,1,0,100.0,0,0,0.0,2
Zane Waterman,Brampton Honey Badgers,2024-2025,defense,Play types,Make 2 Pts,5,To Basket,Isolation > Right > Drives Right > To Basket > Make 2 Pts,Isolation,Right,Drives Right,To Basket,Make 2 Pts,,1,100.0,2.0,100.0,0.0,0.0,0,,,,100.0,,1,100.0,0.0,,,1,0,,1.0,0.0,100.0,1,1,0,100.0,0,0,0.0,2
Zane Waterman,Brampton Honey Badgers,2024-2025,defense,Play types,P&R Roll Man,1,,P&R Roll Man,P&R Roll Man,,,,,,10,7.6,0.8,40.5,0.0,10.0,4,25.0,Excellent,89.0,33.3,11.0,9,38.9,10.0,,,3,6,,9.9,0.22,40.0,5,2,3,40.0,1,3,0.44,8
Zane Waterman,Brampton Honey Badgers,2024-2025,defense,Play types,Pick and Pops,2,P&R Roll Man,P&R Roll Man > Pick and Pops,P&R Roll Man,Pick and Pops,,,,,6,60.0,0.5,25.5,0.0,16.7,2,0.0,,,20.0,,5,20.0,16.7,,,1,4,,5.9,0.4,33.3,3,1,2,33.3,0,2,0.4,3
Zane Waterman,Brampton Honey Badgers,2024-2025,defense,Play types,Drives Right,3,Pick and Pops,P&R Roll Man > Pick and Pops > Drives Right,P&R Roll Man,Pick and Pops,Drives Right,,,,3,50.0,0.333,17.4,0.0,33.3,0,,,,0.0,,2,0.0,33.3,,,0,2,,2.9,1.0,33.3,2,0,2,0.0,0,0,0.0,1
Zane Waterman,Brampton Honey Badgers,2024-2025,defense,Play types,To Basket,4,Drives Right,P&R Roll Man > Pick and Pops > Drives Right > To Basket,P&R Roll Man,Pick and Pops,Drives Right,To Basket,,,2,66.7,0.5,26.6,0.0,50.0,0,,,,0.0,,1,0.0,50.0,,,0,1,,1.9,2.0,50.0,1,0,1,0.0,0,0,0.0,1
Zane Waterman,Brampton Honey Badgers,2024-2025,defense,Play types,Foul,5,To Basket,P&R Roll Man > Pick and Pops > Drives Right > To Basket > Foul,P&R Roll Man,Pick and Pops,Drives Right,To Basket,Foul,,1,50.0,1.0,56.8,0.0,100.0,0,,,,,,0,,100.0,,,0,0,,0.9,,100.0,0,0,0,,0,0,,1
Zane Waterman,Brampton Honey Badgers,2024-2025,defense,Play types,Miss 2 Pts,5,To Basket,P&R Roll Man > Pick and Pops > Drives Right > To Basket > Miss 2 Pts,P&R Roll Man,Pick and Pops,Drives Right,To Basket,Miss 2 Pts,,1,50.0,0.0,0.0,0.0,0.0,0,,,,0.0,,1,0.0,0.0,,,0,1,,1.0,0.0,0.0,1,0,1,0.0,0,0,0.0,0
Zane Waterman,Brampton Honey Badgers,2024-2025,defense,Play types,Dribble Jumper,4,Drives Right,P&R Roll Man > Pick and Pops > Drives Right > Dribble Jumper,P&R Roll Man,Pick and Pops,Drives Right,Dribble Jumper,,,1,33.3,0.0,0.0,0.0,0.0,0,,,,0.0,,1,0.0,0.0,,,0,1,,1.0,0.0,0.0,1,0,1,0.0,0,0,0.0,0
Zane Waterman,Brampton Honey Badgers,2024-2025,defense,Play types,Medium/17' to 3pt,5,Dribble Jumper,P&R Roll Man > Pick and Pops > Drives Right > Dribble Jumper > Medium/17' to 3pt,P&R Roll Man,Pick and Pops,Drives Right,Dribble Jumper,Medium/17' to 3pt,,1,100.0,0.0,0.0,0.0,0.0,0,,,,0.0,,1,0.0,0.0,,,0,1,,1.0,0.0,0.0,1,0,1,0.0,0,0,0.0,0
Zane Waterman,Brampton Honey Badgers,2024-2025,defense,Play types,No Dribble Jumper,3,Pick and Pops,P&R Roll Man > Pick and Pops > No Dribble Jumper,P&R Roll Man,Pick and Pops,No Dribble Jumper,,,,2,33.3,1.0,50.0,0.0,0.0,1,0.0,,,50.0,,2,50.0,0.0,,,1,1,,2.0,0.0,50.0,1,1,0,100.0,0,1,0.5,2
Zane Waterman,Brampton Honey Badgers,2024-2025,defense,Play types,Open,4,No Dribble Jumper,P&R Roll Man > Pick and Pops > No Dribble Jumper > Open,P&R Roll Man,Pick and Pops,No Dribble Jumper,Open,,,1,50.0,2.0,100.0,0.0,0.0,0,,,,100.0,,1,100.0,0.0,,,1,0,,1.0,0.0,100.0,1,1,0,100.0,0,0,0.0,2
Zane Waterman,Brampton Honey Badgers,2024-2025,defense,Play types,Medium/17' to 3pt,5,Open,P&R Roll Man > Pick and Pops > No Dribble Jumper > Open > Medium/17' to 3pt,P&R Roll Man,Pick and Pops,No Dribble Jumper,Open,Medium/17' to 3pt,,1,100.0,2.0,100.0,0.0,0.0,0,,,,100.0,,1,100.0,0.0,,,1,0,,1.0,0.0,100.0,1,1,0,100.0,0,0,0.0,2
Zane Waterman,Brampton Honey Badgers,2024-2025,defense,Play types,Guarded,4,No Dribble Jumper,P&R Roll Man > Pick and Pops > No Dribble Jumper > Guarded,P&R Roll Man,Pick and Pops,No Dribble Jumper,Guarded,,,1,50.0,0.0,0.0,0.0,0.0,1,0.0,,,0.0,,1,0.0,0.0,,,0,1,,1.0,0.0,0.0,0,0,0,,0,1,1.0,0
Zane Waterman,Brampton Honey Badgers,2024-2025,defense,Play types,Long/3pt,5,Guarded,P&R Roll Man > Pick and Pops > No Dribble Jumper > Guarded > Long/3pt,P&R Roll Man,Pick and Pops,No Dribble Jumper,Guarded,Long/3pt,,1,100.0,0.0,0.0,0.0,0.0,1,0.0,,,0.0,,1,0.0,0.0,,,0,1,,1.0,0.0,0.0,0,0,0,,0,1,1.0,0
Zane Waterman,Brampton Honey Badgers,2024-2025,defense,Play types,Drives Left,3,Pick and Pops,P&R Roll Man > Pick and Pops > Drives Left,P&R Roll Man,Pick and Pops,Drives Left,,,,1,16.7,0.0,0.0,0.0,0.0,1,0.0,,,0.0,,1,0.0,0.0,,,0,1,,1.0,0.0,0.0,0,0,0,,0,1,1.0,0
Zane Waterman,Brampton Honey Badgers,2024-2025,defense,Play types,Dribble Jumper,4,Drives Left,P&R Roll Man > Pick and Pops > Drives Left > Dribble Jumper,P&R Roll Man,Pick and Pops,Drives Left,Dribble Jumper,,,1,100.0,0.0,0.0,0.0,0.0,1,0.0,,,0.0,,1,0.0,0.0,,,0,1,,1.0,0.0,0.0,0,0,0,,0,1,1.0,0
Zane Waterman,Brampton Honey Badgers,2024-2025,defense,Play types,Long/3pt,5,Dribble Jumper,P&R Roll Man > Pick and Pops > Drives Left > Dribble Jumper > Long/3pt,P&R Roll Man,Pick and Pops,Drives Left,Dribble Jumper,Long/3pt,,1,100.0,0.0,0.0,0.0,0.0,1,0.0,,,0.0,,1,0.0,0.0,,,0,1,,1.0,0.0,0.0,0,0,0,,0,1,1.0,0
Zane Waterman,Brampton Honey Badgers,2024-2025,defense,Play types,Slips the Pick,2,P&R Roll Man,P&R Roll Man > Slips the Pick,P&R Roll Man,Slips the Pick,,,,,4,40.0,1.25,62.5,0.0,0.0,2,50.0,,,50.0,,4,62.5,0.0,,,2,2,,4.0,0.0,50.0,2,1,1,50.0,1,1,0.5,5
Zane Waterman,Brampton Honey Badgers,2024-2025,defense,Play types,To Basket,3,Slips the Pick,P&R Roll Man > Slips the Pick > To Basket,P&R Roll Man,Slips the Pick,To Basket,,,,2,50.0,1.0,50.0,0.0,0.0,0,,,,50.0,,2,50.0,0.0,,,1,1,,2.0,0.0,50.0,2,1,1,50.0,0,0,0.0,2
Zane Waterman,Brampton Honey Badgers,2024-2025,defense,Play types,Miss 2 Pts,4,To Basket,P&R Roll Man > Slips the Pick > To Basket > Miss 2 Pts,P&R Roll Man,Slips the Pick,To Basket,Miss 2 Pts,,,1,50.0,0.0,0.0,0.0,0.0,0,,,,0.0,,1,0.0,0.0,,,0,1,,1.0,0.0,0.0,1,0,1,0.0,0,0,0.0,0
Zane Waterman,Brampton Honey Badgers,2024-2025,defense,Play types,Make 2 Pts,4,To Basket,P&R Roll Man > Slips the Pick > To Basket > Make 2 Pts,P&R Roll Man,Slips the Pick,To Basket,Make 2 Pts,,,1,50.0,2.0,100.0,0.0,0.0,0,,,,100.0,,1,100.0,0.0,,,1,0,,1.0,0.0,100.0,1,1,0,100.0,0,0,0.0,2
Zane Waterman,Brampton Honey Badgers,2024-2025,defense,Play types,No Dribble Jumper,3,Slips the Pick,P&R Roll Man > Slips the Pick > No Dribble Jumper,P&R Roll Man,Slips the Pick,No Dribble Jumper,,,,2,50.0,1.5,75.0,0.0,0.0,2,50.0,,,50.0,,2,75.0,0.0,,,1,1,,2.0,0.0,50.0,0,0,0,,1,1,1.0,3
Zane Waterman,Brampton Honey Badgers,2024-2025,defense,Play types,Open,4,No Dribble Jumper,P&R Roll Man > Slips the Pick > No Dribble Jumper > Open,P&R Roll Man,Slips the Pick,No Dribble Jumper,Open,,,1,50.0,3.0,150.0,0.0,0.0,1,100.0,,,100.0,,1,150.0,0.0,,,1,0,,1.0,0.0,100.0,0,0,0,,1,0,1.0,3
Zane Waterman,Brampton Honey Badgers,2024-2025,defense,Play types,Long/3pt,5,Open,P&R Roll Man > Slips the Pick > No Dribble Jumper > Open > Long/3pt,P&R Roll Man,Slips the Pick,No Dribble Jumper,Open,Long/3pt,,1,100.0,3.0,150.0,0.0,0.0,1,100.0,,,100.0,,1,150.0,0.0,,,1,0,,1.0,0.0,100.0,0,0,0,,1,0,1.0,3
Zane Waterman,Brampton Honey Badgers,2024-2025,defense,Play types,Guarded,4,No Dribble Jumper,P&R Roll Man > Slips the Pick > No Dribble Jumper > Guarded,P&R Roll Man,Slips the Pick,No Dribble Jumper,Guarded,,,1,50.0,0.0,0.0,0.0,0.0,1,0.0,,,0.0,,1,0.0,0.0,,,0,1,,1.0,0.0,0.0,0,0,0,,0,1,1.0,0
Zane Waterman,Brampton Honey Badgers,2024-2025,defense,Play types,Long/3pt,5,Guarded,P&R Roll Man > Slips the Pick > No Dribble Jumper > Guarded > Long/3pt,P&R Roll Man,Slips the Pick,No Dribble Jumper,Guarded,Long/3pt,,1,100.0,0.0,0.0,0.0,0.0,1,0.0,,,0.0,,1,0.0,0.0,,,0,1,,1.0,0.0,0.0,0,0,0,,0,1,1.0,0
Zane Waterman,Brampton Honey Badgers,2024-2025,defense,Play types,Off Screen,1,,Off Screen,Off Screen,,,,,,8,6.1,0.25,16.7,25.0,0.0,4,0.0,,,16.7,,6,16.7,0.0,,,1,5,,6.0,0.0,12.5,2,1,1,50.0,0,4,0.67,2
Zane Waterman,Brampton Honey Badgers,2024-2025,defense,Play types,To Shooter's Left,2,Off Screen,Off Screen > To Shooter's Left,Off Screen,To Shooter's Left,,,,,7,87.5,0.0,0.0,28.6,0.0,4,0.0,,,0.0,,5,0.0,0.0,,,0,5,,5.0,0.0,0.0,1,0,1,0.0,0,4,0.8,0
Zane Waterman,Brampton Honey Badgers,2024-2025,defense,Play types,Straight,3,To Shooter's Left,Off Screen > To Shooter's Left > Straight,Off Screen,To Shooter's Left,Straight,,,,6,85.7,0.0,0.0,33.3,0.0,3,0.0,,,0.0,,4,0.0,0.0,,,0,4,,4.0,0.0,0.0,1,0,1,0.0,0,3,0.75,0
Zane Waterman,Brampton Honey Badgers,2024-2025,defense,Play types,Turnover,4,Straight,Off Screen > To Shooter's Left > Straight > Turnover,Off Screen,To Shooter's Left,Straight,Turnover,,,2,33.3,0.0,,100.0,0.0,0,,,,,,0,,0.0,,,0,0,,0.0,,0.0,0,0,0,,0,0,,0
Zane Waterman,Brampton Honey Badgers,2024-2025,defense,Play types,No Dribble Jumper,4,Straight,Off Screen > To Shooter's Left > Straight > No Dribble Jumper,Off Screen,To Shooter's Left,Straight,No Dribble Jumper,,,2,33.3,0.0,0.0,0.0,0.0,2,0.0,,,0.0,,2,0.0,0.0,,,0,2,,2.0,0.0,0.0,0,0,0,,0,2,1.0,0
Zane Waterman,Brampton Honey Badgers,2024-2025,defense,Play types,Open,5,No Dribble Jumper,Off Screen > To Shooter's Left > Straight > No Dribble Jumper > Open,Off Screen,To Shooter's Left,Straight,No Dribble Jumper,Open,,1,50.0,0.0,0.0,0.0,0.0,1,0.0,,,0.0,,1,0.0,0.0,,,0,1,,1.0,0.0,0.0,0,0,0,,0,1,1.0,0
Zane Waterman,Brampton Honey Badgers,2024-2025,defense,Play types,Guarded,5,No Dribble Jumper,Off Screen > To Shooter's Left > Straight > No Dribble Jumper > Guarded,Off Screen,To Shooter's Left,Straight,No Dribble Jumper,Guarded,,1,50.0,0.0,0.0,0.0,0.0,1,0.0,,,0.0,,1,0.0,0.0,,,0,1,,1.0,0.0,0.0,0,0,0,,0,1,1.0,0
Zane Waterman,Brampton Honey Badgers,2024-2025,defense,Play types,To Basket,4,Straight,Off Screen > To Shooter's Left > Straight > To Basket,Off Screen,To Shooter's Left,Straight,To Basket,,,1,16.7,0.0,0.0,0.0,0.0,0,,,,0.0,,1,0.0,0.0,,,0,1,,1.0,0.0,0.0,1,0,1,0.0,0,0,0.0,0
Zane Waterman,Brampton Honey Badgers,2024-2025,defense,Play types,Miss 2 Pts,5,To Basket,Off Screen > To Shooter's Left > Straight > To Basket > Miss 2 Pts,Off Screen,To Shooter's Left,Straight,To Basket,Miss 2 Pts,,1,100.0,0.0,0.0,0.0,0.0,0,,,,0.0,,1,0.0,0.0,,,0,1,,1.0,0.0,0.0,1,0,1,0.0,0,0,0.0,0
Zane Waterman,Brampton Honey Badgers,2024-2025,defense,Play types,Dribble Jumper,4,Straight,Off Screen > To Shooter's Left > Straight > Dribble Jumper,Off Screen,To Shooter's Left,Straight,Dribble Jumper,,,1,16.7,0.0,0.0,0.0,0.0,1,0.0,,,0.0,,1,0.0,0.0,,,0,1,,1.0,0.0,0.0,0,0,0,,0,1,1.0,0
Zane Waterman,Brampton Honey Badgers,2024-2025,defense,Play types,Long/3pt,5,Dribble Jumper,Off Screen > To Shooter's Left > Straight > Dribble Jumper > Long/3pt,Off Screen,To Shooter's Left,Straight,Dribble Jumper,Long/3pt,,1,100.0,0.0,0.0,0.0,0.0,1,0.0,,,0.0,,1,0.0,0.0,,,0,1,,1.0,0.0,0.0,0,0,0,,0,1,1.0,0
Zane Waterman,Brampton Honey Badgers,2024-2025,defense,Play types,Flare,3,To Shooter's Left,Off Screen > To Shooter's Left > Flare,Off Screen,To Shooter's Left,Flare,,,,1,14.3,0.0,0.0,0.0,0.0,1,0.0,,,0.0,,1,0.0,0.0,,,0,1,,1.0,0.0,0.0,0,0,0,,0,1,1.0,0
Zane Waterman,Brampton Honey Badgers,2024-2025,defense,Play types,No Dribble Jumper,4,Flare,Off Screen > To Shooter's Left > Flare > No Dribble Jumper,Off Screen,To Shooter's Left,Flare,No Dribble Jumper,,,1,100.0,0.0,0.0,0.0,0.0,1,0.0,,,0.0,,1,0.0,0.0,,,0,1,,1.0,0.0,0.0,0,0,0,,0,1,1.0,0
Zane Waterman,Brampton Honey Badgers,2024-2025,defense,Play types,Open,5,No Dribble Jumper,Off Screen > To Shooter's Left > Flare > No Dribble Jumper > Open,Off Screen,To Shooter's Left,Flare,No Dribble Jumper,Open,,1,100.0,0.0,0.0,0.0,0.0,1,0.0,,,0.0,,1,0.0,0.0,,,0,1,,1.0,0.0,0.0,0,0,0,,0,1,1.0,0
Zane Waterman,Brampton Honey Badgers,2024-2025,defense,Play types,To Shooter's Right,2,Off Screen,Off Screen > To Shooter's Right,Off Screen,To Shooter's Right,,,,,1,12.5,2.0,100.0,0.0,0.0,0,,,,100.0,,1,100.0,0.0,,,1,0,,1.0,0.0,100.0,1,1,0,100.0,0,0,0.0,2
Zane Waterman,Brampton Honey Badgers,2024-2025,defense,Play types,Straight,3,To Shooter's Right,Off Screen > To Shooter's Right > Straight,Off Screen,To Shooter's Right,Straight,,,,1,100.0,2.0,100.0,0.0,0.0,0,,,,100.0,,1,100.0,0.0,,,1,0,,1.0,0.0,100.0,1,1,0,100.0,0,0,0.0,2
Zane Waterman,Brampton Honey Badgers,2024-2025,defense,Play types,To Basket,4,Straight,Off Screen > To Shooter's Right > Straight > To Basket,Off Screen,To Shooter's Right,Straight,To Basket,,,1,100.0,2.0,100.0,0.0,0.0,0,,,,100.0,,1,100.0,0.0,,,1,0,,1.0,0.0,100.0,1,1,0,100.0,0,0,0.0,2
Zane Waterman,Brampton Honey Badgers,2024-2025,defense,Play types,Make 2 Pts,5,To Basket,Off Screen > To Shooter's Right > Straight > To Basket > Make 2 Pts,Off Screen,To Shooter's Right,Straight,To Basket,Make 2 Pts,,1,100.0,2.0,100.0,0.0,0.0,0,,,,100.0,,1,100.0,0.0,,,1,0,,1.0,0.0,100.0,1,1,0,100.0,0,0,0.0,2
Zane Waterman,Brampton Honey Badgers,2024-2025,defense,Play types,Handoffs,1,,Handoffs,Handoffs,,,,,,6,4.5,0.5,30.0,16.7,0.0,4,25.0,,,20.0,,5,30.0,0.0,,,1,4,,5.0,0.0,16.7,1,0,1,0.0,1,3,0.8,3
Zane Waterman,Brampton Honey Badgers,2024-2025,defense,Play types,From Dribble,2,Handoffs,Handoffs > From Dribble,Handoffs,From Dribble,,,,,5,83.3,0.6,37.5,20.0,0.0,3,33.3,,,25.0,,4,37.5,0.0,,,1,3,,4.0,0.0,20.0,1,0,1,0.0,1,2,0.75,3
Zane Waterman,Brampton Honey Badgers,2024-2025,defense,Play types,Top,3,From Dribble,Handoffs > From Dribble > Top,Handoffs,From Dribble,Top,,,,3,60.0,1.0,50.0,0.0,0.0,2,50.0,,,33.3,,3,50.0,0.0,,,1,2,,3.0,0.0,33.3,1,0,1,0.0,1,1,0.67,3
Zane Waterman,Brampton Honey Badgers,2024-2025,defense,Play types,Dribble Jumper,4,Top,Handoffs > From Dribble > Top > Dribble Jumper,Handoffs,From Dribble,Top,Dribble Jumper,,,2,66.7,0.0,0.0,0.0,0.0,1,0.0,,,0.0,,2,0.0,0.0,,,0,2,,2.0,0.0,0.0,1,0,1,0.0,0,1,0.5,0
Zane Waterman,Brampton Honey Badgers,2024-2025,defense,Play types,Long/3pt,5,Dribble Jumper,Handoffs > From Dribble > Top > Dribble Jumper > Long/3pt,Handoffs,From Dribble,Top,Dribble Jumper,Long/3pt,,1,50.0,0.0,0.0,0.0,0.0,1,0.0,,,0.0,,1,0.0,0.0,,,0,1,,1.0,0.0,0.0,0,0,0,,0,1,1.0,0
Zane Waterman,Brampton Honey Badgers,2024-2025,defense,Play types,Medium/17' to 3pt,5,Dribble Jumper,Handoffs > From Dribble > Top > Dribble Jumper > Medium/17' to 3pt,Handoffs,From Dribble,Top,Dribble Jumper,Medium/17' to 3pt,,1,50.0,0.0,0.0,0.0,0.0,0,,,,0.0,,1,0.0,0.0,,,0,1,,1.0,0.0,0.0,1,0,1,0.0,0,0,0.0,0
Zane Waterman,Brampton Honey Badgers,2024-2025,defense,Play types,No Dribble Jumper,4,Top,Handoffs > From Dribble > Top > No Dribble Jumper,Handoffs,From Dribble,Top,No Dribble Jumper,,,1,33.3,3.0,150.0,0.0,0.0,1,100.0,,,100.0,,1,150.0,0.0,,,1,0,,1.0,0.0,100.0,0,0,0,,1,0,1.0,3
Zane Waterman,Brampton Honey Badgers,2024-2025,defense,Play types,Open,5,No Dribble Jumper,Handoffs > From Dribble > Top > No Dribble Jumper > Open,Handoffs,From Dribble,Top,No Dribble Jumper,Open,,1,100.0,3.0,150.0,0.0,0.0,1,100.0,,,100.0,,1,150.0,0.0,,,1,0,,1.0,0.0,100.0,0,0,0,,1,0,1.0,3
Zane Waterman,Brampton Honey Badgers,2024-2025,defense,Play types,Right,3,From Dribble,Handoffs > From Dribble > Right,Handoffs,From Dribble,Right,,,,2,40.0,0.0,0.0,50.0,0.0,1,0.0,,,0.0,,1,0.0,0.0,,,0,1,,1.0,0.0,0.0,0,0,0,,0,1,1.0,0
Zane Waterman,Brampton Honey Badgers,2024-2025,defense,Play types,Turnover,4,Right,Handoffs > From Dribble > Right > Turnover,Handoffs,From Dribble,Right,Turnover,,,1,50.0,0.0,,100.0,0.0,0,,,,,,0,,0.0,,,0,0,,0.0,,0.0,0,0,0,,0,0,,0
Zane Waterman,Brampton Honey Badgers,2024-2025,defense,Play types,No Dribble Jumper,4,Right,Handoffs > From Dribble > Right > No Dribble Jumper,Handoffs,From Dribble,Right,No Dribble Jumper,,,1,50.0,0.0,0.0,0.0,0.0,1,0.0,,,0.0,,1,0.0,0.0,,,0,1,,1.0,0.0,0.0,0,0,0,,0,1,1.0,0
Zane Waterman,Brampton Honey Badgers,2024-2025,defense,Play types,Guarded,5,No Dribble Jumper,Handoffs > From Dribble > Right > No Dribble Jumper > Guarded,Handoffs,From Dribble,Right,No Dribble Jumper,Guarded,,1,100.0,0.0,0.0,0.0,0.0,1,0.0,,,0.0,,1,0.0,0.0,,,0,1,,1.0,0.0,0.0,0,0,0,,0,1,1.0,0
Zane Waterman,Brampton Honey Badgers,2024-2025,defense,Play types,From Stationary,2,Handoffs,Handoffs > From Stationary,Handoffs,From Stationary,,,,,1,16.7,0.0,0.0,0.0,0.0,1,0.0,,,0.0,,1,0.0,0.0,,,0,1,,1.0,0.0,0.0,0,0,0,,0,1,1.0,0
Zane Waterman,Brampton Honey Badgers,2024-2025,defense,Play types,Top,3,From Stationary,Handoffs > From Stationary > Top,Handoffs,From Stationary,Top,,,,1,100.0,0.0,0.0,0.0,0.0,1,0.0,,,0.0,,1,0.0,0.0,,,0,1,,1.0,0.0,0.0,0,0,0,,0,1,1.0,0
Zane Waterman,Brampton Honey Badgers,2024-2025,defense,Play types,Dribble Jumper,4,Top,Handoffs > From Stationary > Top > Dribble Jumper,Handoffs,From Stationary,Top,Dribble Jumper,,,1,100.0,0.0,0.0,0.0,0.0,1,0.0,,,0.0,,1,0.0,0.0,,,0,1,,1.0,0.0,0.0,0,0,0,,0,1,1.0,0
Zane Waterman,Brampton Honey Badgers,2024-2025,defense,Play types,Long/3pt,5,Dribble Jumper,Handoffs > From Stationary > Top > Dribble Jumper > Long/3pt,Handoffs,From Stationary,Top,Dribble Jumper,Long/3pt,,1,100.0,0.0,0.0,0.0,0.0,1,0.0,,,0.0,,1,0.0,0.0,,,0,1,,1.0,0.0,0.0,0,0,0,,0,1,1.0,0
Zane Waterman,Brampton Honey Badgers,2024-2025,defense,Play types,Transition,1,,Transition,Transition,,,,,,0,0.0,,,,,0,,,,,,0,,,,,0,0,,0.0,,,0,0,0,,0,0,,0
Zane Waterman,Brampton Honey Badgers,2024-2025,defense,Play types,Cut,1,,Cut,Cut,,,,,,0,0.0,,,,,0,,,,,,0,,,,,0,0,,0.0,,,0,0,0,,0,0,,0
Zane Waterman,Brampton Honey Badgers,2024-2025,defense,Play types,Offensive Rebounds (Put Backs),1,,Offensive Rebounds (Put Backs),Offensive Rebounds (Put Backs),,,,,,0,0.0,,,,,0,,,,,,0,,,,,0,0,,0.0,,,0,0,0,,0,0,,0
Zane Waterman,Brampton Honey Badgers,2024-2025,defense,Play types,Miscellaneous Plays,1,,Miscellaneous Plays,Miscellaneous Plays,,,,,,0,0.0,,,,,0,,,,,,0,,,,,0,0,,0.0,,,0,0,0,,0,0,,0
Zane Waterman,Brampton Honey Badgers,2024-2025,defense,Overall Drive Direction,Overall,1,,Overall,Overall,,,,,,35,26.5,0.6,33.5,11.4,5.7,6,16.7,,,30.0,,30,31.7,5.7,,,9,21,,31.3,0.1,28.6,24,8,16,33.3,1,5,0.2,21
Zane Waterman,Brampton Honey Badgers,2024-2025,defense,Overall Drive Direction,Drives Right,2,Overall,Overall > Drives Right,Overall,Drives Right,,,,,16,45.7,0.563,32.4,12.5,6.3,1,0.0,,,30.8,,13,30.8,6.3,,,4,9,,13.9,0.15,31.3,12,4,8,33.3,0,1,0.08,9
Zane Waterman,Brampton Honey Badgers,2024-2025,defense,Overall Drive Direction,To Basket,3,Drives Right,Overall > Drives Right > To Basket,Overall,Drives Right,To Basket,,,,10,62.5,0.9,45.5,0.0,10.0,0,,,,44.4,,9,44.4,10.0,,,4,5,,9.9,0.22,50.0,9,4,5,44.4,0,0,0.0,9
Zane Waterman,Brampton Honey Badgers,2024-2025,defense,Overall Drive Direction,Dribble Jumper,3,Drives Right,Overall > Drives Right > Dribble Jumper,Overall,Drives Right,Dribble Jumper,,,,4,25.0,0.0,0.0,0.0,0.0,1,0.0,,,0.0,,4,0.0,0.0,,,0,4,,4.0,0.0,0.0,3,0,3,0.0,0,1,0.25,0
Zane Waterman,Brampton Honey Badgers,2024-2025,defense,Overall Drive Direction,Turnover,3,Drives Right,Overall > Drives Right > Turnover,Overall,Drives Right,Turnover,,,,1,6.3,0.0,,100.0,0.0,0,,,,,,0,,0.0,,,0,0,,0.0,,0.0,0,0,0,,0,0,,0
Zane Waterman,Brampton Honey Badgers,2024-2025,defense,Overall Drive Direction,Defense Commits,3,Drives Right,Overall > Drives Right > Defense Commits,Overall,Drives Right,Defense Commits,,,,1,6.3,0.0,,100.0,0.0,0,,,,,,0,,0.0,,,0,0,,0.0,,0.0,0,0,0,,0,0,,0
Zane Waterman,Brampton Honey Badgers,2024-2025,defense,Overall Drive Direction,Foul,3,Drives Right,Overall > Drives Right > Foul,Overall,Drives Right,Foul,,,,0,0.0,,,,,0,,,,,,0,,,,,0,0,,0.0,,,0,0,0,,0,0,,0
Zane Waterman,Brampton Honey Badgers,2024-2025,defense,Overall Drive Direction,Drives Left,2,Overall,Overall > Drives Left,Overall,Drives Left,,,,,15,42.9,0.6,31.2,6.7,6.7,3,0.0,,,28.6,,14,28.6,6.7,,,4,10,,14.4,0.07,26.7,11,4,7,36.4,0,3,0.21,9
Zane Waterman,Brampton Honey Badgers,2024-2025,defense,Overall Drive Direction,To Basket,3,Drives Left,Overall > Drives Left > To Basket,Overall,Drives Left,To Basket,,,,7,46.7,1.286,60.5,0.0,14.3,0,,,,57.1,,7,57.1,14.3,,,4,3,,7.4,0.14,57.1,7,4,3,57.1,0,0,0.0,9
Zane Waterman,Brampton Honey Badgers,2024-2025,defense,Overall Drive Direction,Dribble Jumper,3,Drives Left,Overall > Drives Left > Dribble Jumper,Overall,Drives Left,Dribble Jumper,,,,7,46.7,0.0,0.0,0.0,0.0,3,0.0,,,0.0,,7,0.0,0.0,,,0,7,,7.0,0.0,0.0,4,0,4,0.0,0,3,0.43,0
Zane Waterman,Brampton Honey Badgers,2024-2025,defense,Overall Drive Direction,Turnover,3,Drives Left,Overall > Drives Left > Turnover,Overall,Drives Left,Turnover,,,,1,6.7,0.0,,100.0,0.0,0,,,,,,0,,0.0,,,0,0,,0.0,,0.0,0,0,0,,0,0,,0
Zane Waterman,Brampton Honey Badgers,2024-2025,defense,Overall Drive Direction,Foul,3,Drives Left,Overall > Drives Left > Foul,Overall,Drives Left,Foul,,,,0,0.0,,,,,0,,,,,,0,,,,,0,0,,0.0,,,0,0,0,,0,0,,0
Zane Waterman,Brampton Honey Badgers,2024-2025,defense,Overall Drive Direction,Defense Commits,3,Drives Left,Overall > Drives Left > Defense Commits,Overall,Drives Left,Defense Commits,,,,0,0.0,,,,,0,,,,,,0,,,,,0,0,,0.0,,,0,0,0,,0,0,,0
Zane Waterman,Brampton Honey Badgers,2024-2025,defense,Overall Drive Direction,Drives Straight,2,Overall,Overall > Drives Straight,Overall,Drives Straight,,,,,4,11.4,0.75,50.0,25.0,0.0,2,50.0,,,33.3,,3,50.0,0.0,,,1,2,,3.0,0.0,25.0,1,0,1,0.0,1,1,0.67,3
Zane Waterman,Brampton Honey Badgers,2024-2025,defense,Overall Drive Direction,Dribble Jumper,3,Drives Straight,Overall > Drives Straight > Dribble Jumper,Overall,Drives Straight,Dribble Jumper,,,,3,75.0,1.0,50.0,0.0,0.0,2,50.0,,,33.3,,3,50.0,0.0,,,1,2,,3.0,0.0,33.3,1,0,1,0.0,1,1,0.67,3
Zane Waterman,Brampton Honey Badgers,2024-2025,defense,Overall Drive Direction,Turnover,3,Drives Straight,Overall > Drives Straight > Turnover,Overall,Drives Straight,Turnover,,,,1,25.0,0.0,,100.0,0.0,0,,,,,,0,,0.0,,,0,0,,0.0,,0.0,0,0,0,,0,0,,0
Zane Waterman,Brampton Honey Badgers,2024-2025,defense,Overall Drive Direction,To Basket,3,Drives Straight,Overall > Drives Straight > To Basket,Overall,Drives Straight,To Basket,,,,0,0.0,,,,,0,,,,,,0,,,,,0,0,,0.0,,,0,0,0,,0,0,,0
Zane Waterman,Brampton Honey Badgers,2024-2025,defense,Overall Drive Direction,Foul,3,Drives Straight,Overall > Drives Straight > Foul,Overall,Drives Straight,Foul,,,,0,0.0,,,,,0,,,,,,0,,,,,0,0,,0.0,,,0,0,0,,0,0,,0
Zane Waterman,Brampton Honey Badgers,2024-2025,defense,Overall Drive Direction,Defense Commits,3,Drives Straight,Overall > Drives Straight > Defense Commits,Overall,Drives Straight,Defense Commits,,,,0,0.0,,,,,0,,,,,,0,,,,,0,0,,0.0,,,0,0,0,,0,0,,0
Zane Waterman,Brampton Honey Badgers,2024-2025,defense,P&R ball handler,P&R Including Passes,1,,P&R Including Passes,P&R Including Passes,,,,,,48,36.4,1.083,55.1,2.1,6.3,25,40.0,Below Average,27.0,42.2,22.0,45,53.3,6.3,,,19,26,,47.2,0.11,43.8,20,9,11,45.0,10,15,0.56,52
Zane Waterman,Brampton Honey Badgers,2024-2025,defense,P&R ball handler,Spot-Up,2,P&R Including Passes,P&R Including Passes > Spot-Up,P&R Including Passes,Spot-Up,,,,,26,54.2,1.038,53.1,3.8,3.8,16,37.5,,,40.0,,25,52.0,3.8,,,10,15,,25.4,0.04,38.5,9,4,5,44.4,6,10,0.64,27
Zane Waterman,Brampton Honey Badgers,2024-2025,defense,P&R ball handler,No Dribble Jumper,3,Spot-Up,P&R Including Passes > Spot-Up > No Dribble Jumper,P&R Including Passes,Spot-Up,No Dribble Jumper,,,,14,53.8,1.071,53.6,0.0,0.0,13,38.5,,,35.7,,14,53.6,0.0,,,5,9,,14.0,0.0,35.7,1,0,1,0.0,5,8,0.93,15
Zane Waterman,Brampton Honey Badgers,2024-2025,defense,P&R ball handler,Guarded,4,No Dribble Jumper,P&R Including Passes > Spot-Up > No Dribble Jumper > Guarded,P&R Including Passes,Spot-Up,No Dribble Jumper,Guarded,,,9,64.3,1.333,66.7,0.0,0.0,9,44.4,,,44.4,,9,66.7,0.0,,,4,5,,9.0,0.0,44.4,0,0,0,,4,5,1.0,12
Zane Waterman,Brampton Honey Badgers,2024-2025,defense,P&R ball handler,Long/3pt,5,Guarded,P&R Including Passes > Spot-Up > No Dribble Jumper > Guarded > Long/3pt,P&R Including Passes,Spot-Up,No Dribble Jumper,Guarded,Long/3pt,,9,100.0,1.333,66.7,0.0,0.0,9,44.4,,,44.4,,9,66.7,0.0,,,4,5,,9.0,0.0,44.4,0,0,0,,4,5,1.0,12
Zane Waterman,Brampton Honey Badgers,2024-2025,defense,P&R ball handler,Miss 3 Pts,6,Long/3pt,P&R Including Passes > Spot-Up > No Dribble Jumper > Guarded > Long/3pt > Miss 3 Pts,P&R Including Passes,Spot-Up,No Dribble Jumper,Guarded,Long/3pt,Miss 3 Pts,5,55.6,0.0,0.0,0.0,0.0,5,0.0,,,0.0,,5,0.0,0.0,,,0,5,,5.0,0.0,0.0,0,0,0,,0,5,1.0,0
Zane Waterman,Brampton Honey Badgers,2024-2025,defense,P&R ball handler,Make 3 Pts,6,Long/3pt,P&R Including Passes > Spot-Up > No Dribble Jumper > Guarded > Long/3pt > Make 3 Pts,P&R Including Passes,Spot-Up,No Dribble Jumper,Guarded,Long/3pt,Make 3 Pts,4,44.4,3.0,150.0,0.0,0.0,4,100.0,,,100.0,,4,150.0,0.0,,,4,0,,4.0,0.0,100.0,0,0,0,,4,0,1.0,12
Zane Waterman,Brampton Honey Badgers,2024-2025,defense,P&R ball handler,Open,4,No Dribble Jumper,P&R Including Passes > Spot-Up > No Dribble Jumper > Open,P&R Including Passes,Spot-Up,No Dribble Jumper,Open,,,5,35.7,0.6,30.0,0.0,0.0,4,25.0,,,20.0,,5,30.0,0.0,,,1,4,,5.0,0.0,20.0,1,0,1,0.0,1,3,0.8,3
Zane Waterman,Brampton Honey Badgers,2024-2025,defense,P&R ball handler,Long/3pt,5,Open,P&R Including Passes > Spot-Up > No Dribble Jumper > Open > Long/3pt,P&R Including Passes,Spot-Up,No Dribble Jumper,Open,Long/3pt,,4,80.0,0.75,37.5,0.0,0.0,4,25.0,,,25.0,,4,37.5,0.0,,,1,3,,4.0,0.0,25.0,0,0,0,,1,3,1.0,3
Zane Waterman,Brampton Honey Badgers,2024-2025,defense,P&R ball handler,Miss 3 Pts,6,Long/3pt,P&R Including Passes > Spot-Up > No Dribble Jumper > Open > Long/3pt > Miss 3 Pts,P&R Including Passes,Spot-Up,No Dribble Jumper,Open,Long/3pt,Miss 3 Pts,3,75.0,0.0,0.0,0.0,0.0,3,0.0,,,0.0,,3,0.0,0.0,,,0,3,,3.0,0.0,0.0,0,0,0,,0,3,1.0,0
Zane Waterman,Brampton Honey Badgers,2024-2025,defense,P&R ball handler,Make 3 Pts,6,Long/3pt,P&R Including Passes > Spot-Up > No Dribble Jumper > Open > Long/3pt > Make 3 Pts,P&R Including Passes,Spot-Up,No Dribble Jumper,Open,Long/3pt,Make 3 Pts,1,25.0,3.0,150.0,0.0,0.0,1,100.0,,,100.0,,1,150.0,0.0,,,1,0,,1.0,0.0,100.0,0,0,0,,1,0,1.0,3
Zane Waterman,Brampton Honey Badgers,2024-2025,defense,P&R ball handler,Medium/17' to 3pt,5,Open,P&R Including Passes > Spot-Up > No Dribble Jumper > Open > Medium/17' to 3pt,P&R Including Passes,Spot-Up,No Dribble Jumper,Open,Medium/17' to 3pt,,1,20.0,0.0,0.0,0.0,0.0,0,,,,0.0,,1,0.0,0.0,,,0,1,,1.0,0.0,0.0,1,0,1,0.0,0,0,0.0,0
Zane Waterman,Brampton Honey Badgers,2024-2025,defense,P&R ball handler,Miss 2 Pts,6,Medium/17' to 3pt,P&R Including Passes > Spot-Up > No Dribble Jumper > Open > Medium/17' to 3pt > Miss 2 Pts,P&R Including Passes,Spot-Up,No Dribble Jumper,Open,Medium/17' to 3pt,Miss 2 Pts,1,100.0,0.0,0.0,0.0,0.0,0,,,,0.0,,1,0.0,0.0,,,0,1,,1.0,0.0,0.0,1,0,1,0.0,0,0,0.0,0
Zane Waterman,Brampton Honey Badgers,2024-2025,defense,P&R ball handler,Drives Right,3,Spot-Up,P&R Including Passes > Spot-Up > Drives Right,P&R Including Passes,Spot-Up,Drives Right,,,,5,19.2,0.8,40.0,0.0,0.0,1,0.0,,,40.0,,5,40.0,0.0,,,2,3,,5.0,0.0,40.0,4,2,2,50.0,0,1,0.2,4
Zane Waterman,Brampton Honey Badgers,2024-2025,defense,P&R ball handler,To Basket,4,Drives Right,P&R Including Passes > Spot-Up > Drives Right > To Basket,P&R Including Passes,Spot-Up,Drives Right,To Basket,,,4,80.0,1.0,50.0,0.0,0.0,0,,,,50.0,,4,50.0,0.0,,,2,2,,4.0,0.0,50.0,4,2,2,50.0,0,0,0.0,4
Zane Waterman,Brampton Honey Badgers,2024-2025,defense,P&R ball handler,Make 2 Pts,5,To Basket,P&R Including Passes > Spot-Up > Drives Right > To Basket > Make 2 Pts,P&R Including Passes,Spot-Up,Drives Right,To Basket,Make 2 Pts,,2,50.0,2.0,100.0,0.0,0.0,0,,,,100.0,,2,100.0,0.0,,,2,0,,2.0,0.0,100.0,2,2,0,100.0,0,0,0.0,4
Zane Waterman,Brampton Honey Badgers,2024-2025,defense,P&R ball handler,Miss 2 Pts,5,To Basket,P&R Including Passes > Spot-Up > Drives Right > To Basket > Miss 2 Pts,P&R Including Passes,Spot-Up,Drives Right,To Basket,Miss 2 Pts,,2,50.0,0.0,0.0,0.0,0.0,0,,,,0.0,,2,0.0,0.0,,,0,2,,2.0,0.0,0.0,2,0,2,0.0,0,0,0.0,0
Zane Waterman,Brampton Honey Badgers,2024-2025,defense,P&R ball handler,Dribble Jumper,4,Drives Right,P&R Including Passes > Spot-Up > Drives Right > Dribble Jumper,P&R Including Passes,Spot-Up,Drives Right,Dribble Jumper,,,1,20.0,0.0,0.0,0.0,0.0,1,0.0,,,0.0,,1,0.0,0.0,,,0,1,,1.0,0.0,0.0,0,0,0,,0,1,1.0,0
Zane Waterman,Brampton Honey Badgers,2024-2025,defense,P&R ball handler,Long/3pt,5,Dribble Jumper,P&R Including Passes > Spot-Up > Drives Right > Dribble Jumper > Long/3pt,P&R Including Passes,Spot-Up,Drives Right,Dribble Jumper,Long/3pt,,1,100.0,0.0,0.0,0.0,0.0,1,0.0,,,0.0,,1,0.0,0.0,,,0,1,,1.0,0.0,0.0,0,0,0,,0,1,1.0,0
Zane Waterman,Brampton Honey Badgers,2024-2025,defense,P&R ball handler,Miss 3 Pts,6,Long/3pt,P&R Including Passes > Spot-Up > Drives Right > Dribble Jumper > Long/3pt > Miss 3 Pts,P&R Including Passes,Spot-Up,Drives Right,Dribble Jumper,Long/3pt,Miss 3 Pts,1,100.0,0.0,0.0,0.0,0.0,1,0.0,,,0.0,,1,0.0,0.0,,,0,1,,1.0,0.0,0.0,0,0,0,,0,1,1.0,0
Zane Waterman,Brampton Honey Badgers,2024-2025,defense,P&R ball handler,Drives Left,3,Spot-Up,P&R Including Passes > Spot-Up > Drives Left,P&R Including Passes,Spot-Up,Drives Left,,,,5,19.2,1.0,46.0,0.0,20.0,1,0.0,,,40.0,,5,40.0,20.0,,,2,3,,5.4,0.2,40.0,4,2,2,50.0,0,1,0.2,5
Zane Waterman,Brampton Honey Badgers,2024-2025,defense,P&R ball handler,To Basket,4,Drives Left,P&R Including Passes > Spot-Up > Drives Left > To Basket,P&R Including Passes,Spot-Up,Drives Left,To Basket,,,3,60.0,1.667,72.7,0.0,33.3,0,,,,66.7,,3,66.7,33.3,,,2,1,,3.4,0.33,66.7,3,2,1,66.7,0,0,0.0,5
Zane Waterman,Brampton Honey Badgers,2024-2025,defense,P&R ball handler,Make 2 Pts Foul,5,To Basket,P&R Including Passes > Spot-Up > Drives Left > To Basket > Make 2 Pts Foul,P&R Including Passes,Spot-Up,Drives Left,To Basket,Make 2 Pts Foul,,1,33.3,3.0,104.2,0.0,100.0,0,,,,100.0,,1,100.0,100.0,,,1,0,,1.4,1.0,100.0,1,1,0,100.0,0,0,0.0,3
Zane Waterman,Brampton Honey Badgers,2024-2025,defense,P&R ball handler,1 Pts,6,Make 2 Pts Foul,P&R Including Passes > Spot-Up > Drives Left > To Basket > Make 2 Pts Foul > 1 Pts,P&R Including Passes,Spot-Up,Drives Left,To Basket,Make 2 Pts Foul,1 Pts,1,100.0,3.0,104.2,0.0,100.0,0,,,,100.0,,1,100.0,100.0,,,1,0,,1.4,1.0,100.0,1,1,0,100.0,0,0,0.0,3
Zane Waterman,Brampton Honey Badgers,2024-2025,defense,P&R ball handler,Make 2 Pts,5,To Basket,P&R Including Passes > Spot-Up > Drives Left > To Basket > Make 2 Pts,P&R Including Passes,Spot-Up,Drives Left,To Basket,Make 2 Pts,,1,33.3,2.0,100.0,0.0,0.0,0,,,,100.0,,1,100.0,0.0,,,1,0,,1.0,0.0,100.0,1,1,0,100.0,0,0,0.0,2
Zane Waterman,Brampton Honey Badgers,2024-2025,defense,P&R ball handler,Miss 2 Pts,5,To Basket,P&R Including Passes > Spot-Up > Drives Left > To Basket > Miss 2 Pts,P&R Including Passes,Spot-Up,Drives Left,To Basket,Miss 2 Pts,,1,33.3,0.0,0.0,0.0,0.0,0,,,,0.0,,1,0.0,0.0,,,0,1,,1.0,0.0,0.0,1,0,1,0.0,0,0,0.0,0
Zane Waterman,Brampton Honey Badgers,2024-2025,defense,P&R ball handler,Dribble Jumper,4,Drives Left,P&R Including Passes > Spot-Up > Drives Left > Dribble Jumper,P&R Including Passes,Spot-Up,Drives Left,Dribble Jumper,,,2,40.0,0.0,0.0,0.0,0.0,1,0.0,,,0.0,,2,0.0,0.0,,,0,2,,2.0,0.0,0.0,1,0,1,0.0,0,1,0.5,0
Zane Waterman,Brampton Honey Badgers,2024-2025,defense,P&R ball handler,Long/3pt,5,Dribble Jumper,P&R Including Passes > Spot-Up > Drives Left > Dribble Jumper > Long/3pt,P&R Including Passes,Spot-Up,Drives Left,Dribble Jumper,Long/3pt,,1,50.0,0.0,0.0,0.0,0.0,1,0.0,,,0.0,,1,0.0,0.0,,,0,1,,1.0,0.0,0.0,0,0,0,,0,1,1.0,0
Zane Waterman,Brampton Honey Badgers,2024-2025,defense,P&R ball handler,Miss 3 Pts,6,Long/3pt,P&R Including Passes > Spot-Up > Drives Left > Dribble Jumper > Long/3pt > Miss 3 Pts,P&R Including Passes,Spot-Up,Drives Left,Dribble Jumper,Long/3pt,Miss 3 Pts,1,100.0,0.0,0.0,0.0,0.0,1,0.0,,,0.0,,1,0.0,0.0,,,0,1,,1.0,0.0,0.0,0,0,0,,0,1,1.0,0
Zane Waterman,Brampton Honey Badgers,2024-2025,defense,P&R ball handler,Medium/17' to 3pt,5,Dribble Jumper,P&R Including Passes > Spot-Up > Drives Left > Dribble Jumper > Medium/17' to 3pt,P&R Including Passes,Spot-Up,Drives Left,Dribble Jumper,Medium/17' to 3pt,,1,50.0,0.0,0.0,0.0,0.0,0,,,,0.0,,1,0.0,0.0,,,0,1,,1.0,0.0,0.0,1,0,1,0.0,0,0,0.0,0
Zane Waterman,Brampton Honey Badgers,2024-2025,defense,P&R ball handler,Miss 2 Pts,6,Medium/17' to 3pt,P&R Including Passes > Spot-Up > Drives Left > Dribble Jumper > Medium/17' to 3pt > Miss 2 Pts,P&R Including Passes,Spot-Up,Drives Left,Dribble Jumper,Medium/17' to 3pt,Miss 2 Pts,1,100.0,0.0,0.0,0.0,0.0,0,,,,0.0,,1,0.0,0.0,,,0,1,,1.0,0.0,0.0,1,0,1,0.0,0,0,0.0,0
Zane Waterman,Brampton Honey Badgers,2024-2025,defense,P&R ball handler,Drives Straight,3,Spot-Up,P&R Including Passes > Spot-Up > Drives Straight,P&R Including Passes,Spot-Up,Drives Straight,,,,2,7.7,1.5,150.0,50.0,0.0,1,100.0,,,100.0,,1,150.0,0.0,,,1,0,,1.0,0.0,50.0,0,0,0,,1,0,1.0,3
Zane Waterman,Brampton Honey Badgers,2024-2025,defense,P&R ball handler,Dribble Jumper,4,Drives Straight,P&R Including Passes > Spot-Up > Drives Straight > Dribble Jumper,P&R Including Passes,Spot-Up,Drives Straight,Dribble Jumper,,,1,50.0,3.0,150.0,0.0,0.0,1,100.0,,,100.0,,1,150.0,0.0,,,1,0,,1.0,0.0,100.0,0,0,0,,1,0,1.0,3
Zane Waterman,Brampton Honey Badgers,2024-2025,defense,P&R ball handler,Long/3pt,5,Dribble Jumper,P&R Including Passes > Spot-Up > Drives Straight > Dribble Jumper > Long/3pt,P&R Including Passes,Spot-Up,Drives Straight,Dribble Jumper,Long/3pt,,1,100.0,3.0,150.0,0.0,0.0,1,100.0,,,100.0,,1,150.0,0.0,,,1,0,,1.0,0.0,100.0,0,0,0,,1,0,1.0,3
Zane Waterman,Brampton Honey Badgers,2024-2025,defense,P&R ball handler,Make 3 Pts,6,Long/3pt,P&R Including Passes > Spot-Up > Drives Straight > Dribble Jumper > Long/3pt > Make 3 Pts,P&R Including Passes,Spot-Up,Drives Straight,Dribble Jumper,Long/3pt,Make 3 Pts,1,100.0,3.0,150.0,0.0,0.0,1,100.0,,,100.0,,1,150.0,0.0,,,1,0,,1.0,0.0,100.0,0,0,0,,1,0,1.0,3
Zane Waterman,Brampton Honey Badgers,2024-2025,defense,P&R ball handler,Turnover,4,Drives Straight,P&R Including Passes > Spot-Up > Drives Straight > Turnover,P&R Including Passes,Spot-Up,Drives Straight,Turnover,,,1,50.0,0.0,,100.0,0.0,0,,,,,,0,,0.0,,,0,0,,0.0,,0.0,0,0,0,,0,0,,0
Zane Waterman,Brampton Honey Badgers,2024-2025,defense,P&R ball handler,P&R Ball Handler,2,P&R Including Passes,P&R Including Passes > P&R Ball Handler,P&R Including Passes,P&R Ball Handler,,,,,12,25.0,1.417,71.5,0.0,8.3,5,60.0,,,54.5,,11,68.2,8.3,,,6,5,,11.9,0.18,58.3,6,3,3,50.0,3,2,0.45,17
Zane Waterman,Brampton Honey Badgers,2024-2025,defense,P&R ball handler,High P&R,3,P&R Ball Handler,P&R Including Passes > P&R Ball Handler > High P&R,P&R Including Passes,P&R Ball Handler,High P&R,,,,6,50.0,0.833,41.7,0.0,0.0,3,33.3,,,33.3,,6,41.7,0.0,,,2,4,,6.0,0.0,33.3,3,1,2,33.3,1,2,0.5,5
Zane Waterman,Brampton Honey Badgers,2024-2025,defense,P&R ball handler,Dribble Off Pick,4,High P&R,P&R Including Passes > P&R Ball Handler > High P&R > Dribble Off Pick,P&R Including Passes,P&R Ball Handler,High P&R,Dribble Off Pick,,,6,100.0,0.833,41.7,0.0,0.0,3,33.3,,,33.3,,6,41.7,0.0,,,2,4,,6.0,0.0,33.3,3,1,2,33.3,1,2,0.5,5
Zane Waterman,Brampton Honey Badgers,2024-2025,defense,P&R ball handler,Dribble Jumper,5,Dribble Off Pick,P&R Including Passes > P&R Ball Handler > High P&R > Dribble Off Pick > Dribble Jumper,P&R Including Passes,P&R Ball Handler,High P&R,Dribble Off Pick,Dribble Jumper,,4,66.7,0.75,37.5,0.0,0.0,3,33.3,,,25.0,,4,37.5,0.0,,,1,3,,4.0,0.0,25.0,1,0,1,0.0,1,2,0.75,3
Zane Waterman,Brampton Honey Badgers,2024-2025,defense,P&R ball handler,Long/3pt,6,Dribble Jumper,P&R Including Passes > P&R Ball Handler > High P&R > Dribble Off Pick > Dribble Jumper > Long/3pt,P&R Including Passes,P&R Ball Handler,High P&R,Dribble Off Pick,Dribble Jumper,Long/3pt,3,75.0,1.0,50.0,0.0,0.0,3,33.3,,,33.3,,3,50.0,0.0,,,1,2,,3.0,0.0,33.3,0,0,0,,1,2,1.0,3
Zane Waterman,Brampton Honey Badgers,2024-2025,defense,P&R ball handler,Short to < 17,6,Dribble Jumper,P&R Including Passes > P&R Ball Handler > High P&R > Dribble Off Pick > Dribble Jumper > Short to < 17,P&R Including Passes,P&R Ball Handler,High P&R,Dribble Off Pick,Dribble Jumper,Short to < 17,1,25.0,0.0,0.0,0.0,0.0,0,,,,0.0,,1,0.0,0.0,,,0,1,,1.0,0.0,0.0,1,0,1,0.0,0,0,0.0,0
Zane Waterman,Brampton Honey Badgers,2024-2025,defense,P&R ball handler,To Basket,5,Dribble Off Pick,P&R Including Passes > P&R Ball Handler > High P&R > Dribble Off Pick > To Basket,P&R Including Passes,P&R Ball Handler,High P&R,Dribble Off Pick,To Basket,,2,33.3,1.0,50.0,0.0,0.0,0,,,,50.0,,2,50.0,0.0,,,1,1,,2.0,0.0,50.0,2,1,1,50.0,0,0,0.0,2
Zane Waterman,Brampton Honey Badgers,2024-2025,defense,P&R ball handler,Make 2 Pts,6,To Basket,P&R Including Passes > P&R Ball Handler > High P&R > Dribble Off Pick > To Basket > Make 2 Pts,P&R Including Passes,P&R Ball Handler,High P&R,Dribble Off Pick,To Basket,Make 2 Pts,1,50.0,2.0,100.0,0.0,0.0,0,,,,100.0,,1,100.0,0.0,,,1,0,,1.0,0.0,100.0,1,1,0,100.0,0,0,0.0,2
Zane Waterman,Brampton Honey Badgers,2024-2025,defense,P&R ball handler,Miss 2 Pts,6,To Basket,P&R Including Passes > P&R Ball Handler > High P&R > Dribble Off Pick > To Basket > Miss 2 Pts,P&R Including Passes,P&R Ball Handler,High P&R,Dribble Off Pick,To Basket,Miss 2 Pts,1,50.0,0.0,0.0,0.0,0.0,0,,,,0.0,,1,0.0,0.0,,,0,1,,1.0,0.0,0.0,1,0,1,0.0,0,0,0.0,0
Zane Waterman,Brampton Honey Badgers,2024-2025,defense,P&R ball handler,Right P&R,3,P&R Ball Handler,P&R Including Passes > P&R Ball Handler > Right P&R,P&R Including Passes,P&R Ball Handler,Right P&R,,,,3,25.0,1.333,69.4,0.0,33.3,0,,,,50.0,,2,50.0,33.3,,,1,1,,2.9,1.0,66.7,2,1,1,50.0,0,0,0.0,4
Zane Waterman,Brampton Honey Badgers,2024-2025,defense,P&R ball handler,Side,4,Right P&R,P&R Including Passes > P&R Ball Handler > Right P&R > Side,P&R Including Passes,P&R Ball Handler,Right P&R,Side,,,2,66.7,2.0,106.4,0.0,50.0,0,,,,100.0,,1,100.0,50.0,,,1,0,,1.9,2.0,100.0,1,1,0,100.0,0,0,0.0,4
Zane Waterman,Brampton Honey Badgers,2024-2025,defense,P&R ball handler,Go Away from Pick,5,Side,P&R Including Passes > P&R Ball Handler > Right P&R > Side > Go Away from Pick,P&R Including Passes,P&R Ball Handler,Right P&R,Side,Go Away from Pick,,2,100.0,2.0,106.4,0.0,50.0,0,,,,100.0,,1,100.0,50.0,,,1,0,,1.9,2.0,100.0,1,1,0,100.0,0,0,0.0,4
Zane Waterman,Brampton Honey Badgers,2024-2025,defense,P&R ball handler,To Basket,6,Go Away from Pick,P&R Including Passes > P&R Ball Handler > Right P&R > Side > Go Away from Pick > To Basket,P&R Including Passes,P&R Ball Handler,Right P&R,Side,Go Away from Pick,To Basket,1,50.0,2.0,113.6,0.0,100.0,0,,,,,,0,,100.0,,,0,0,,0.9,,100.0,0,0,0,,0,0,,2
Zane Waterman,Brampton Honey Badgers,2024-2025,defense,P&R ball handler,Dribble Jumper,6,Go Away from Pick,P&R Including Passes > P&R Ball Handler > Right P&R > Side > Go Away from Pick > Dribble Jumper,P&R Including Passes,P&R Ball Handler,Right P&R,Side,Go Away from Pick,Dribble Jumper,1,50.0,2.0,100.0,0.0,0.0,0,,,,100.0,,1,100.0,0.0,,,1,0,,1.0,0.0,100.0,1,1,0,100.0,0,0,0.0,2
Zane Waterman,Brampton Honey Badgers,2024-2025,defense,P&R ball handler,Baseline,4,Right P&R,P&R Including Passes > P&R Ball Handler > Right P&R > Baseline,P&R Including Passes,P&R Ball Handler,Right P&R,Baseline,,,1,33.3,0.0,0.0,0.0,0.0,0,,,,0.0,,1,0.0,0.0,,,0,1,,1.0,0.0,0.0,1,0,1,0.0,0,0,0.0,0
Zane Waterman,Brampton Honey Badgers,2024-2025,defense,P&R ball handler,Dribble Off Pick,5,Baseline,P&R Including Passes > P&R Ball Handler > Right P&R > Baseline > Dribble Off Pick,P&R Including Passes,P&R Ball Handler,Right P&R,Baseline,Dribble Off Pick,,1,100.0,0.0,0.0,0.0,0.0,0,,,,0.0,,1,0.0,0.0,,,0,1,,1.0,0.0,0.0,1,0,1,0.0,0,0,0.0,0
Zane Waterman,Brampton Honey Badgers,2024-2025,defense,P&R ball handler,To Basket,6,Dribble Off Pick,P&R Including Passes > P&R Ball Handler > Right P&R > Baseline > Dribble Off Pick > To Basket,P&R Including Passes,P&R Ball Handler,Right P&R,Baseline,Dribble Off Pick,To Basket,1,100.0,0.0,0.0,0.0,0.0,0,,,,0.0,,1,0.0,0.0,,,0,1,,1.0,0.0,0.0,1,0,1,0.0,0,0,0.0,0
Zane Waterman,Brampton Honey Badgers,2024-2025,defense,P&R ball handler,Left P&R,3,P&R Ball Handler,P&R Including Passes > P&R Ball Handler > Left P&R,P&R Including Passes,P&R Ball Handler,Left P&R,,,,3,25.0,2.667,133.3,0.0,0.0,2,100.0,,,100.0,,3,133.3,0.0,,,3,0,,3.0,0.0,100.0,1,1,0,100.0,2,0,0.67,8
Zane Waterman,Brampton Honey Badgers,2024-2025,defense,P&R ball handler,Side,4,Left P&R,P&R Including Passes > P&R Ball Handler > Left P&R > Side,P&R Including Passes,P&R Ball Handler,Left P&R,Side,,,3,100.0,2.667,133.3,0.0,0.0,2,100.0,,,100.0,,3,133.3,0.0,,,3,0,,3.0,0.0,100.0,1,1,0,100.0,2,0,0.67,8
Zane Waterman,Brampton Honey Badgers,2024-2025,defense,P&R ball handler,Go Away from Pick,5,Side,P&R Including Passes > P&R Ball Handler > Left P&R > Side > Go Away from Pick,P&R Including Passes,P&R Ball Handler,Left P&R,Side,Go Away from Pick,,2,66.7,2.5,125.0,0.0,0.0,1,100.0,,,100.0,,2,125.0,0.0,,,2,0,,2.0,0.0,100.0,1,1,0,100.0,1,0,0.5,5
Zane Waterman,Brampton Honey Badgers,2024-2025,defense,P&R ball handler,To Basket,6,Go Away from Pick,P&R Including Passes > P&R Ball Handler > Left P&R > Side > Go Away from Pick > To Basket,P&R Including Passes,P&R Ball Handler,Left P&R,Side,Go Away from Pick,To Basket,1,50.0,2.0,100.0,0.0,0.0,0,,,,100.0,,1,100.0,0.0,,,1,0,,1.0,0.0,100.0,1,1,0,100.0,0,0,0.0,2
Zane Waterman,Brampton Honey Badgers,2024-2025,defense,P&R ball handler,Dribble Jumper,6,Go Away from Pick,P&R Including Passes > P&R Ball Handler > Left P&R > Side > Go Away from Pick > Dribble Jumper,P&R Including Passes,P&R Ball Handler,Left P&R,Side,Go Away from Pick,Dribble Jumper,1,50.0,3.0,150.0,0.0,0.0,1,100.0,,,100.0,,1,150.0,0.0,,,1,0,,1.0,0.0,100.0,0,0,0,,1,0,1.0,3
Zane Waterman,Brampton Honey Badgers,2024-2025,defense,P&R ball handler,Dribble Off Pick,5,Side,P&R Including Passes > P&R Ball Handler > Left P&R > Side > Dribble Off Pick,P&R Including Passes,P&R Ball Handler,Left P&R,Side,Dribble Off Pick,,1,33.3,3.0,150.0,0.0,0.0,1,100.0,,,100.0,,1,150.0,0.0,,,1,0,,1.0,0.0,100.0,0,0,0,,1,0,1.0,3
Zane Waterman,Brampton Honey Badgers,2024-2025,defense,P&R ball handler,Dribble Jumper,6,Dribble Off Pick,P&R Including Passes > P&R Ball Handler > Left P&R > Side > Dribble Off Pick > Dribble Jumper,P&R Including Passes,P&R Ball Handler,Left P&R,Side,Dribble Off Pick,Dribble Jumper,1,100.0,3.0,150.0,0.0,0.0,1,100.0,,,100.0,,1,150.0,0.0,,,1,0,,1.0,0.0,100.0,0,0,0,,1,0,1.0,3
Zane Waterman,Brampton Honey Badgers,2024-2025,defense,P&R ball handler,P&R Roll Man,2,P&R Including Passes,P&R Including Passes > P&R Roll Man,P&R Including Passes,P&R Roll Man,,,,,10,20.8,0.8,40.5,0.0,10.0,4,25.0,,,33.3,,9,38.9,10.0,,,3,6,,9.9,0.22,40.0,5,2,3,40.0,1,3,0.44,8
Zane Waterman,Brampton Honey Badgers,2024-2025,defense,P&R ball handler,Pick and Pops,3,P&R Roll Man,P&R Including Passes > P&R Roll Man > Pick and Pops,P&R Including Passes,P&R Roll Man,Pick and Pops,,,,6,60.0,0.5,25.5,0.0,16.7,2,0.0,,,20.0,,5,20.0,16.7,,,1,4,,5.9,0.4,33.3,3,1,2,33.3,0,2,0.4,3
Zane Waterman,Brampton Honey Badgers,2024-2025,defense,P&R ball handler,Drives Right,4,Pick and Pops,P&R Including Passes > P&R Roll Man > Pick and Pops > Drives Right,P&R Including Passes,P&R Roll Man,Pick and Pops,Drives Right,,,3,50.0,0.333,17.4,0.0,33.3,0,,,,0.0,,2,0.0,33.3,,,0,2,,2.9,1.0,33.3,2,0,2,0.0,0,0,0.0,1
Zane Waterman,Brampton Honey Badgers,2024-2025,defense,P&R ball handler,To Basket,5,Drives Right,P&R Including Passes > P&R Roll Man > Pick and Pops > Drives Right > To Basket,P&R Including Passes,P&R Roll Man,Pick and Pops,Drives Right,To Basket,,2,66.7,0.5,26.6,0.0,50.0,0,,,,0.0,,1,0.0,50.0,,,0,1,,1.9,2.0,50.0,1,0,1,0.0,0,0,0.0,1
Zane Waterman,Brampton Honey Badgers,2024-2025,defense,P&R ball handler,Foul,6,To Basket,P&R Including Passes > P&R Roll Man > Pick and Pops > Drives Right > To Basket > Foul,P&R Including Passes,P&R Roll Man,Pick and Pops,Drives Right,To Basket,Foul,1,50.0,1.0,56.8,0.0,100.0,0,,,,,,0,,100.0,,,0,0,,0.9,,100.0,0,0,0,,0,0,,1
Zane Waterman,Brampton Honey Badgers,2024-2025,defense,P&R ball handler,Miss 2 Pts,6,To Basket,P&R Including Passes > P&R Roll Man > Pick and Pops > Drives Right > To Basket > Miss 2 Pts,P&R Including Passes,P&R Roll Man,Pick and Pops,Drives Right,To Basket,Miss 2 Pts,1,50.0,0.0,0.0,0.0,0.0,0,,,,0.0,,1,0.0,0.0,,,0,1,,1.0,0.0,0.0,1,0,1,0.0,0,0,0.0,0
Zane Waterman,Brampton Honey Badgers,2024-2025,defense,P&R ball handler,Dribble Jumper,5,Drives Right,P&R Including Passes > P&R Roll Man > Pick and Pops > Drives Right > Dribble Jumper,P&R Including Passes,P&R Roll Man,Pick and Pops,Drives Right,Dribble Jumper,,1,33.3,0.0,0.0,0.0,0.0,0,,,,0.0,,1,0.0,0.0,,,0,1,,1.0,0.0,0.0,1,0,1,0.0,0,0,0.0,0
Zane Waterman,Brampton Honey Badgers,2024-2025,defense,P&R ball handler,Medium/17' to 3pt,6,Dribble Jumper,P&R Including Passes > P&R Roll Man > Pick and Pops > Drives Right > Dribble Jumper > Medium/17' to 3pt,P&R Including Passes,P&R Roll Man,Pick and Pops,Drives Right,Dribble Jumper,Medium/17' to 3pt,1,100.0,0.0,0.0,0.0,0.0,0,,,,0.0,,1,0.0,0.0,,,0,1,,1.0,0.0,0.0,1,0,1,0.0,0,0,0.0,0
Zane Waterman,Brampton Honey Badgers,2024-2025,defense,P&R ball handler,No Dribble Jumper,4,Pick and Pops,P&R Including Passes > P&R Roll Man > Pick and Pops > No Dribble Jumper,P&R Including Passes,P&R Roll Man,Pick and Pops,No Dribble Jumper,,,2,33.3,1.0,50.0,0.0,0.0,1,0.0,,,50.0,,2,50.0,0.0,,,1,1,,2.0,0.0,50.0,1,1,0,100.0,0,1,0.5,2
Zane Waterman,Brampton Honey Badgers,2024-2025,defense,P&R ball handler,Guarded,5,No Dribble Jumper,P&R Including Passes > P&R Roll Man > Pick and Pops > No Dribble Jumper > Guarded,P&R Including Passes,P&R Roll Man,Pick and Pops,No Dribble Jumper,Guarded,,1,50.0,0.0,0.0,0.0,0.0,1,0.0,,,0.0,,1,0.0,0.0,,,0,1,,1.0,0.0,0.0,0,0,0,,0,1,1.0,0
Zane Waterman,Brampton Honey Badgers,2024-2025,defense,P&R ball handler,Long/3pt,6,Guarded,P&R Including Passes > P&R Roll Man > Pick and Pops > No Dribble Jumper > Guarded > Long/3pt,P&R Including Passes,P&R Roll Man,Pick and Pops,No Dribble Jumper,Guarded,Long/3pt,1,100.0,0.0,0.0,0.0,0.0,1,0.0,,,0.0,,1,0.0,0.0,,,0,1,,1.0,0.0,0.0,0,0,0,,0,1,1.0,0
Zane Waterman,Brampton Honey Badgers,2024-2025,defense,P&R ball handler,Open,5,No Dribble Jumper,P&R Including Passes > P&R Roll Man > Pick and Pops > No Dribble Jumper > Open,P&R Including Passes,P&R Roll Man,Pick and Pops,No Dribble Jumper,Open,,1,50.0,2.0,100.0,0.0,0.0,0,,,,100.0,,1,100.0,0.0,,,1,0,,1.0,0.0,100.0,1,1,0,100.0,0,0,0.0,2
Zane Waterman,Brampton Honey Badgers,2024-2025,defense,P&R ball handler,Medium/17' to 3pt,6,Open,P&R Including Passes > P&R Roll Man > Pick and Pops > No Dribble Jumper > Open > Medium/17' to 3pt,P&R Including Passes,P&R Roll Man,Pick and Pops,No Dribble Jumper,Open,Medium/17' to 3pt,1,100.0,2.0,100.0,0.0,0.0,0,,,,100.0,,1,100.0,0.0,,,1,0,,1.0,0.0,100.0,1,1,0,100.0,0,0,0.0,2
Zane Waterman,Brampton Honey Badgers,2024-2025,defense,P&R ball handler,Drives Left,4,Pick and Pops,P&R Including Passes > P&R Roll Man > Pick and Pops > Drives Left,P&R Including Passes,P&R Roll Man,Pick and Pops,Drives Left,,,1,16.7,0.0,0.0,0.0,0.0,1,0.0,,,0.0,,1,0.0,0.0,,,0,1,,1.0,0.0,0.0,0,0,0,,0,1,1.0,0
Zane Waterman,Brampton Honey Badgers,2024-2025,defense,P&R ball handler,Dribble Jumper,5,Drives Left,P&R Including Passes > P&R Roll Man > Pick and Pops > Drives Left > Dribble Jumper,P&R Including Passes,P&R Roll Man,Pick and Pops,Drives Left,Dribble Jumper,,1,100.0,0.0,0.0,0.0,0.0,1,0.0,,,0.0,,1,0.0,0.0,,,0,1,,1.0,0.0,0.0,0,0,0,,0,1,1.0,0
Zane Waterman,Brampton Honey Badgers,2024-2025,defense,P&R ball handler,Long/3pt,6,Dribble Jumper,P&R Including Passes > P&R Roll Man > Pick and Pops > Drives Left > Dribble Jumper > Long/3pt,P&R Including Passes,P&R Roll Man,Pick and Pops,Drives Left,Dribble Jumper,Long/3pt,1,100.0,0.0,0.0,0.0,0.0,1,0.0,,,0.0,,1,0.0,0.0,,,0,1,,1.0,0.0,0.0,0,0,0,,0,1,1.0,0
Zane Waterman,Brampton Honey Badgers,2024-2025,defense,P&R ball handler,Slips the Pick,3,P&R Roll Man,P&R Including Passes > P&R Roll Man > Slips the Pick,P&R Including Passes,P&R Roll Man,Slips the Pick,,,,4,40.0,1.25,62.5,0.0,0.0,2,50.0,,,50.0,,4,62.5,0.0,,,2,2,,4.0,0.0,50.0,2,1,1,50.0,1,1,0.5,5
Zane Waterman,Brampton Honey Badgers,2024-2025,defense,P&R ball handler,No Dribble Jumper,4,Slips the Pick,P&R Including Passes > P&R Roll Man > Slips the Pick > No Dribble Jumper,P&R Including Passes,P&R Roll Man,Slips the Pick,No Dribble Jumper,,,2,50.0,1.5,75.0,0.0,0.0,2,50.0,,,50.0,,2,75.0,0.0,,,1,1,,2.0,0.0,50.0,0,0,0,,1,1,1.0,3
Zane Waterman,Brampton Honey Badgers,2024-2025,defense,P&R ball handler,Guarded,5,No Dribble Jumper,P&R Including Passes > P&R Roll Man > Slips the Pick > No Dribble Jumper > Guarded,P&R Including Passes,P&R Roll Man,Slips the Pick,No Dribble Jumper,Guarded,,1,50.0,0.0,0.0,0.0,0.0,1,0.0,,,0.0,,1,0.0,0.0,,,0,1,,1.0,0.0,0.0,0,0,0,,0,1,1.0,0
Zane Waterman,Brampton Honey Badgers,2024-2025,defense,P&R ball handler,Long/3pt,6,Guarded,P&R Including Passes > P&R Roll Man > Slips the Pick > No Dribble Jumper > Guarded > Long/3pt,P&R Including Passes,P&R Roll Man,Slips the Pick,No Dribble Jumper,Guarded,Long/3pt,1,100.0,0.0,0.0,0.0,0.0,1,0.0,,,0.0,,1,0.0,0.0,,,0,1,,1.0,0.0,0.0,0,0,0,,0,1,1.0,0
Zane Waterman,Brampton Honey Badgers,2024-2025,defense,P&R ball handler,Open,5,No Dribble Jumper,P&R Including Passes > P&R Roll Man > Slips the Pick > No Dribble Jumper > Open,P&R Including Passes,P&R Roll Man,Slips the Pick,No Dribble Jumper,Open,,1,50.0,3.0,150.0,0.0,0.0,1,100.0,,,100.0,,1,150.0,0.0,,,1,0,,1.0,0.0,100.0,0,0,0,,1,0,1.0,3
Zane Waterman,Brampton Honey Badgers,2024-2025,defense,P&R ball handler,Long/3pt,6,Open,P&R Including Passes > P&R Roll Man > Slips the Pick > No Dribble Jumper > Open > Long/3pt,P&R Including Passes,P&R Roll Man,Slips the Pick,No Dribble Jumper,Open,Long/3pt,1,100.0,3.0,150.0,0.0,0.0,1,100.0,,,100.0,,1,150.0,0.0,,,1,0,,1.0,0.0,100.0,0,0,0,,1,0,1.0,3
Zane Waterman,Brampton Honey Badgers,2024-2025,defense,P&R ball handler,To Basket,4,Slips the Pick,P&R Including Passes > P&R Roll Man > Slips the Pick > To Basket,P&R Including Passes,P&R Roll Man,Slips the Pick,To Basket,,,2,50.0,1.0,50.0,0.0,0.0,0,,,,50.0,,2,50.0,0.0,,,1,1,,2.0,0.0,50.0,2,1,1,50.0,0,0,0.0,2
Zane Waterman,Brampton Honey Badgers,2024-2025,defense,P&R ball handler,Miss 2 Pts,5,To Basket,P&R Including Passes > P&R Roll Man > Slips the Pick > To Basket > Miss 2 Pts,P&R Including Passes,P&R Roll Man,Slips the Pick,To Basket,Miss 2 Pts,,1,50.0,0.0,0.0,0.0,0.0,0,,,,0.0,,1,0.0,0.0,,,0,1,,1.0,0.0,0.0,1,0,1,0.0,0,0,0.0,0
Zane Waterman,Brampton Honey Badgers,2024-2025,defense,P&R ball handler,Make 2 Pts,5,To Basket,P&R Including Passes > P&R Roll Man > Slips the Pick > To Basket > Make 2 Pts,P&R Including Passes,P&R Roll Man,Slips the Pick,To Basket,Make 2 Pts,,1,50.0,2.0,100.0,0.0,0.0,0,,,,100.0,,1,100.0,0.0,,,1,0,,1.0,0.0,100.0,1,1,0,100.0,0,0,0.0,2
Zane Waterman,Brampton Honey Badgers,2024-2025,defense,P&R ball handler,P&R BH - Defense Commits,1,,P&R BH - Defense Commits,P&R BH - Defense Commits,,,,,,36,27.3,0.972,49.5,2.8,5.6,20,35.0,Average,34.0,38.2,73.0,34,48.5,5.6,,,13,21,,35.3,0.09,38.9,14,6,8,42.9,7,13,0.59,35
Zane Waterman,Brampton Honey Badgers,2024-2025,defense,P&R ball handler,Spot-Up,2,P&R BH - Defense Commits,P&R BH - Defense Commits > Spot-Up,P&R BH - Defense Commits,Spot-Up,,,,,26,72.2,1.038,53.1,3.8,3.8,16,37.5,,,40.0,,25,52.0,3.8,,,10,15,,25.4,0.04,38.5,9,4,5,44.4,6,10,0.64,27
Zane Waterman,Brampton Honey Badgers,2024-2025,defense,P&R ball handler,No Dribble Jumper,3,Spot-Up,P&R BH - Defense Commits > Spot-Up > No Dribble Jumper,P&R BH - Defense Commits,Spot-Up,No Dribble Jumper,,,,14,53.8,1.071,53.6,0.0,0.0,13,38.5,,,35.7,,14,53.6,0.0,,,5,9,,14.0,0.0,35.7,1,0,1,0.0,5,8,0.93,15
Zane Waterman,Brampton Honey Badgers,2024-2025,defense,P&R ball handler,Guarded,4,No Dribble Jumper,P&R BH - Defense Commits > Spot-Up > No Dribble Jumper > Guarded,P&R BH - Defense Commits,Spot-Up,No Dribble Jumper,Guarded,,,9,64.3,1.333,66.7,0.0,0.0,9,44.4,,,44.4,,9,66.7,0.0,,,4,5,,9.0,0.0,44.4,0,0,0,,4,5,1.0,12
Zane Waterman,Brampton Honey Badgers,2024-2025,defense,P&R ball handler,Long/3pt,5,Guarded,P&R BH - Defense Commits > Spot-Up > No Dribble Jumper > Guarded > Long/3pt,P&R BH - Defense Commits,Spot-Up,No Dribble Jumper,Guarded,Long/3pt,,9,100.0,1.333,66.7,0.0,0.0,9,44.4,,,44.4,,9,66.7,0.0,,,4,5,,9.0,0.0,44.4,0,0,0,,4,5,1.0,12
Zane Waterman,Brampton Honey Badgers,2024-2025,defense,P&R ball handler,Miss 3 Pts,6,Long/3pt,P&R BH - Defense Commits > Spot-Up > No Dribble Jumper > Guarded > Long/3pt > Miss 3 Pts,P&R BH - Defense Commits,Spot-Up,No Dribble Jumper,Guarded,Long/3pt,Miss 3 Pts,5,55.6,0.0,0.0,0.0,0.0,5,0.0,,,0.0,,5,0.0,0.0,,,0,5,,5.0,0.0,0.0,0,0,0,,0,5,1.0,0
Zane Waterman,Brampton Honey Badgers,2024-2025,defense,P&R ball handler,Make 3 Pts,6,Long/3pt,P&R BH - Defense Commits > Spot-Up > No Dribble Jumper > Guarded > Long/3pt > Make 3 Pts,P&R BH - Defense Commits,Spot-Up,No Dribble Jumper,Guarded,Long/3pt,Make 3 Pts,4,44.4,3.0,150.0,0.0,0.0,4,100.0,,,100.0,,4,150.0,0.0,,,4,0,,4.0,0.0,100.0,0,0,0,,4,0,1.0,12
Zane Waterman,Brampton Honey Badgers,2024-2025,defense,P&R ball handler,Open,4,No Dribble Jumper,P&R BH - Defense Commits > Spot-Up > No Dribble Jumper > Open,P&R BH - Defense Commits,Spot-Up,No Dribble Jumper,Open,,,5,35.7,0.6,30.0,0.0,0.0,4,25.0,,,20.0,,5,30.0,0.0,,,1,4,,5.0,0.0,20.0,1,0,1,0.0,1,3,0.8,3
Zane Waterman,Brampton Honey Badgers,2024-2025,defense,P&R ball handler,Long/3pt,5,Open,P&R BH - Defense Commits > Spot-Up > No Dribble Jumper > Open > Long/3pt,P&R BH - Defense Commits,Spot-Up,No Dribble Jumper,Open,Long/3pt,,4,80.0,0.75,37.5,0.0,0.0,4,25.0,,,25.0,,4,37.5,0.0,,,1,3,,4.0,0.0,25.0,0,0,0,,1,3,1.0,3
Zane Waterman,Brampton Honey Badgers,2024-2025,defense,P&R ball handler,Miss 3 Pts,6,Long/3pt,P&R BH - Defense Commits > Spot-Up > No Dribble Jumper > Open > Long/3pt > Miss 3 Pts,P&R BH - Defense Commits,Spot-Up,No Dribble Jumper,Open,Long/3pt,Miss 3 Pts,3,75.0,0.0,0.0,0.0,0.0,3,0.0,,,0.0,,3,0.0,0.0,,,0,3,,3.0,0.0,0.0,0,0,0,,0,3,1.0,0
Zane Waterman,Brampton Honey Badgers,2024-2025,defense,P&R ball handler,Make 3 Pts,6,Long/3pt,P&R BH - Defense Commits > Spot-Up > No Dribble Jumper > Open > Long/3pt > Make 3 Pts,P&R BH - Defense Commits,Spot-Up,No Dribble Jumper,Open,Long/3pt,Make 3 Pts,1,25.0,3.0,150.0,0.0,0.0,1,100.0,,,100.0,,1,150.0,0.0,,,1,0,,1.0,0.0,100.0,0,0,0,,1,0,1.0,3
Zane Waterman,Brampton Honey Badgers,2024-2025,defense,P&R ball handler,Medium/17' to 3pt,5,Open,P&R BH - Defense Commits > Spot-Up > No Dribble Jumper > Open > Medium/17' to 3pt,P&R BH - Defense Commits,Spot-Up,No Dribble Jumper,Open,Medium/17' to 3pt,,1,20.0,0.0,0.0,0.0,0.0,0,,,,0.0,,1,0.0,0.0,,,0,1,,1.0,0.0,0.0,1,0,1,0.0,0,0,0.0,0
Zane Waterman,Brampton Honey Badgers,2024-2025,defense,P&R ball handler,Miss 2 Pts,6,Medium/17' to 3pt,P&R BH - Defense Commits > Spot-Up > No Dribble Jumper > Open > Medium/17' to 3pt > Miss 2 Pts,P&R BH - Defense Commits,Spot-Up,No Dribble Jumper,Open,Medium/17' to 3pt,Miss 2 Pts,1,100.0,0.0,0.0,0.0,0.0,0,,,,0.0,,1,0.0,0.0,,,0,1,,1.0,0.0,0.0,1,0,1,0.0,0,0,0.0,0
Zane Waterman,Brampton Honey Badgers,2024-2025,defense,P&R ball handler,Drives Left,3,Spot-Up,P&R BH - Defense Commits > Spot-Up > Drives Left,P&R BH - Defense Commits,Spot-Up,Drives Left,,,,5,19.2,1.0,46.0,0.0,20.0,1,0.0,,,40.0,,5,40.0,20.0,,,2,3,,5.4,0.2,40.0,4,2,2,50.0,0,1,0.2,5
Zane Waterman,Brampton Honey Badgers,2024-2025,defense,P&R ball handler,To Basket,4,Drives Left,P&R BH - Defense Commits > Spot-Up > Drives Left > To Basket,P&R BH - Defense Commits,Spot-Up,Drives Left,To Basket,,,3,60.0,1.667,72.7,0.0,33.3,0,,,,66.7,,3,66.7,33.3,,,2,1,,3.4,0.33,66.7,3,2,1,66.7,0,0,0.0,5
Zane Waterman,Brampton Honey Badgers,2024-2025,defense,P&R ball handler,Make 2 Pts Foul,5,To Basket,P&R BH - Defense Commits > Spot-Up > Drives Left > To Basket > Make 2 Pts Foul,P&R BH - Defense Commits,Spot-Up,Drives Left,To Basket,Make 2 Pts Foul,,1,33.3,3.0,104.2,0.0,100.0,0,,,,100.0,,1,100.0,100.0,,,1,0,,1.4,1.0,100.0,1,1,0,100.0,0,0,0.0,3
Zane Waterman,Brampton Honey Badgers,2024-2025,defense,P&R ball handler,1 Pts,6,Make 2 Pts Foul,P&R BH - Defense Commits > Spot-Up > Drives Left > To Basket > Make 2 Pts Foul > 1 Pts,P&R BH - Defense Commits,Spot-Up,Drives Left,To Basket,Make 2 Pts Foul,1 Pts,1,100.0,3.0,104.2,0.0,100.0,0,,,,100.0,,1,100.0,100.0,,,1,0,,1.4,1.0,100.0,1,1,0,100.0,0,0,0.0,3
Zane Waterman,Brampton Honey Badgers,2024-2025,defense,P&R ball handler,Make 2 Pts,5,To Basket,P&R BH - Defense Commits > Spot-Up > Drives Left > To Basket > Make 2 Pts,P&R BH - Defense Commits,Spot-Up,Drives Left,To Basket,Make 2 Pts,,1,33.3,2.0,100.0,0.0,0.0,0,,,,100.0,,1,100.0,0.0,,,1,0,,1.0,0.0,100.0,1,1,0,100.0,0,0,0.0,2
Zane Waterman,Brampton Honey Badgers,2024-2025,defense,P&R ball handler,Miss 2 Pts,5,To Basket,P&R BH - Defense Commits > Spot-Up > Drives Left > To Basket > Miss 2 Pts,P&R BH - Defense Commits,Spot-Up,Drives Left,To Basket,Miss 2 Pts,,1,33.3,0.0,0.0,0.0,0.0,0,,,,0.0,,1,0.0,0.0,,,0,1,,1.0,0.0,0.0,1,0,1,0.0,0,0,0.0,0
Zane Waterman,Brampton Honey Badgers,2024-2025,defense,P&R ball handler,Dribble Jumper,4,Drives Left,P&R BH - Defense Commits > Spot-Up > Drives Left > Dribble Jumper,P&R BH - Defense Commits,Spot-Up,Drives Left,Dribble Jumper,,,2,40.0,0.0,0.0,0.0,0.0,1,0.0,,,0.0,,2,0.0,0.0,,,0,2,,2.0,0.0,0.0,1,0,1,0.0,0,1,0.5,0
Zane Waterman,Brampton Honey Badgers,2024-2025,defense,P&R ball handler,Medium/17' to 3pt,5,Dribble Jumper,P&R BH - Defense Commits > Spot-Up > Drives Left > Dribble Jumper > Medium/17' to 3pt,P&R BH - Defense Commits,Spot-Up,Drives Left,Dribble Jumper,Medium/17' to 3pt,,1,50.0,0.0,0.0,0.0,0.0,0,,,,0.0,,1,0.0,0.0,,,0,1,,1.0,0.0,0.0,1,0,1,0.0,0,0,0.0,0
Zane Waterman,Brampton Honey Badgers,2024-2025,defense,P&R ball handler,Miss 2 Pts,6,Medium/17' to 3pt,P&R BH - Defense Commits > Spot-Up > Drives Left > Dribble Jumper > Medium/17' to 3pt > Miss 2 Pts,P&R BH - Defense Commits,Spot-Up,Drives Left,Dribble Jumper,Medium/17' to 3pt,Miss 2 Pts,1,100.0,0.0,0.0,0.0,0.0,0,,,,0.0,,1,0.0,0.0,,,0,1,,1.0,0.0,0.0,1,0,1,0.0,0,0,0.0,0
Zane Waterman,Brampton Honey Badgers,2024-2025,defense,P&R ball handler,Long/3pt,5,Dribble Jumper,P&R BH - Defense Commits > Spot-Up > Drives Left > Dribble Jumper > Long/3pt,P&R BH - Defense Commits,Spot-Up,Drives Left,Dribble Jumper,Long/3pt,,1,50.0,0.0,0.0,0.0,0.0,1,0.0,,,0.0,,1,0.0,0.0,,,0,1,,1.0,0.0,0.0,0,0,0,,0,1,1.0,0
Zane Waterman,Brampton Honey Badgers,2024-2025,defense,P&R ball handler,Miss 3 Pts,6,Long/3pt,P&R BH - Defense Commits > Spot-Up > Drives Left > Dribble Jumper > Long/3pt > Miss 3 Pts,P&R BH - Defense Commits,Spot-Up,Drives Left,Dribble Jumper,Long/3pt,Miss 3 Pts,1,100.0,0.0,0.0,0.0,0.0,1,0.0,,,0.0,,1,0.0,0.0,,,0,1,,1.0,0.0,0.0,0,0,0,,0,1,1.0,0
Zane Waterman,Brampton Honey Badgers,2024-2025,defense,P&R ball handler,Drives Right,3,Spot-Up,P&R BH - Defense Commits > Spot-Up > Drives Right,P&R BH - Defense Commits,Spot-Up,Drives Right,,,,5,19.2,0.8,40.0,0.0,0.0,1,0.0,,,40.0,,5,40.0,0.0,,,2,3,,5.0,0.0,40.0,4,2,2,50.0,0,1,0.2,4
Zane Waterman,Brampton Honey Badgers,2024-2025,defense,P&R ball handler,To Basket,4,Drives Right,P&R BH - Defense Commits > Spot-Up > Drives Right > To Basket,P&R BH - Defense Commits,Spot-Up,Drives Right,To Basket,,,4,80.0,1.0,50.0,0.0,0.0,0,,,,50.0,,4,50.0,0.0,,,2,2,,4.0,0.0,50.0,4,2,2,50.0,0,0,0.0,4
Zane Waterman,Brampton Honey Badgers,2024-2025,defense,P&R ball handler,Miss 2 Pts,5,To Basket,P&R BH - Defense Commits > Spot-Up > Drives Right > To Basket > Miss 2 Pts,P&R BH - Defense Commits,Spot-Up,Drives Right,To Basket,Miss 2 Pts,,2,50.0,0.0,0.0,0.0,0.0,0,,,,0.0,,2,0.0,0.0,,,0,2,,2.0,0.0,0.0,2,0,2,0.0,0,0,0.0,0
Zane Waterman,Brampton Honey Badgers,2024-2025,defense,P&R ball handler,Make 2 Pts,5,To Basket,P&R BH - Defense Commits > Spot-Up > Drives Right > To Basket > Make 2 Pts,P&R BH - Defense Commits,Spot-Up,Drives Right,To Basket,Make 2 Pts,,2,50.0,2.0,100.0,0.0,0.0,0,,,,100.0,,2,100.0,0.0,,,2,0,,2.0,0.0,100.0,2,2,0,100.0,0,0,0.0,4
Zane Waterman,Brampton Honey Badgers,2024-2025,defense,P&R ball handler,Dribble Jumper,4,Drives Right,P&R BH - Defense Commits > Spot-Up > Drives Right > Dribble Jumper,P&R BH - Defense Commits,Spot-Up,Drives Right,Dribble Jumper,,,1,20.0,0.0,0.0,0.0,0.0,1,0.0,,,0.0,,1,0.0,0.0,,,0,1,,1.0,0.0,0.0,0,0,0,,0,1,1.0,0
Zane Waterman,Brampton Honey Badgers,2024-2025,defense,P&R ball handler,Long/3pt,5,Dribble Jumper,P&R BH - Defense Commits > Spot-Up > Drives Right > Dribble Jumper > Long/3pt,P&R BH - Defense Commits,Spot-Up,Drives Right,Dribble Jumper,Long/3pt,,1,100.0,0.0,0.0,0.0,0.0,1,0.0,,,0.0,,1,0.0,0.0,,,0,1,,1.0,0.0,0.0,0,0,0,,0,1,1.0,0
Zane Waterman,Brampton Honey Badgers,2024-2025,defense,P&R ball handler,Miss 3 Pts,6,Long/3pt,P&R BH - Defense Commits > Spot-Up > Drives Right > Dribble Jumper > Long/3pt > Miss 3 Pts,P&R BH - Defense Commits,Spot-Up,Drives Right,Dribble Jumper,Long/3pt,Miss 3 Pts,1,100.0,0.0,0.0,0.0,0.0,1,0.0,,,0.0,,1,0.0,0.0,,,0,1,,1.0,0.0,0.0,0,0,0,,0,1,1.0,0
Zane Waterman,Brampton Honey Badgers,2024-2025,defense,P&R ball handler,Drives Straight,3,Spot-Up,P&R BH - Defense Commits > Spot-Up > Drives Straight,P&R BH - Defense Commits,Spot-Up,Drives Straight,,,,2,7.7,1.5,150.0,50.0,0.0,1,100.0,,,100.0,,1,150.0,0.0,,,1,0,,1.0,0.0,50.0,0,0,0,,1,0,1.0,3
Zane Waterman,Brampton Honey Badgers,2024-2025,defense,P&R ball handler,Dribble Jumper,4,Drives Straight,P&R BH - Defense Commits > Spot-Up > Drives Straight > Dribble Jumper,P&R BH - Defense Commits,Spot-Up,Drives Straight,Dribble Jumper,,,1,50.0,3.0,150.0,0.0,0.0,1,100.0,,,100.0,,1,150.0,0.0,,,1,0,,1.0,0.0,100.0,0,0,0,,1,0,1.0,3
Zane Waterman,Brampton Honey Badgers,2024-2025,defense,P&R ball handler,Long/3pt,5,Dribble Jumper,P&R BH - Defense Commits > Spot-Up > Drives Straight > Dribble Jumper > Long/3pt,P&R BH - Defense Commits,Spot-Up,Drives Straight,Dribble Jumper,Long/3pt,,1,100.0,3.0,150.0,0.0,0.0,1,100.0,,,100.0,,1,150.0,0.0,,,1,0,,1.0,0.0,100.0,0,0,0,,1,0,1.0,3
Zane Waterman,Brampton Honey Badgers,2024-2025,defense,P&R ball handler,Make 3 Pts,6,Long/3pt,P&R BH - Defense Commits > Spot-Up > Drives Straight > Dribble Jumper > Long/3pt > Make 3 Pts,P&R BH - Defense Commits,Spot-Up,Drives Straight,Dribble Jumper,Long/3pt,Make 3 Pts,1,100.0,3.0,150.0,0.0,0.0,1,100.0,,,100.0,,1,150.0,0.0,,,1,0,,1.0,0.0,100.0,0,0,0,,1,0,1.0,3
Zane Waterman,Brampton Honey Badgers,2024-2025,defense,P&R ball handler,Turnover,4,Drives Straight,P&R BH - Defense Commits > Spot-Up > Drives Straight > Turnover,P&R BH - Defense Commits,Spot-Up,Drives Straight,Turnover,,,1,50.0,0.0,,100.0,0.0,0,,,,,,0,,0.0,,,0,0,,0.0,,0.0,0,0,0,,0,0,,0
Zane Waterman,Brampton Honey Badgers,2024-2025,defense,P&R ball handler,P&R Roll Man,2,P&R BH - Defense Commits,P&R BH - Defense Commits > P&R Roll Man,P&R BH - Defense Commits,P&R Roll Man,,,,,10,27.8,0.8,40.5,0.0,10.0,4,25.0,,,33.3,,9,38.9,10.0,,,3,6,,9.9,0.22,40.0,5,2,3,40.0,1,3,0.44,8
Zane Waterman,Brampton Honey Badgers,2024-2025,defense,P&R ball handler,Pick and Pops,3,P&R Roll Man,P&R BH - Defense Commits > P&R Roll Man > Pick and Pops,P&R BH - Defense Commits,P&R Roll Man,Pick and Pops,,,,6,60.0,0.5,25.5,0.0,16.7,2,0.0,,,20.0,,5,20.0,16.7,,,1,4,,5.9,0.4,33.3,3,1,2,33.3,0,2,0.4,3
Zane Waterman,Brampton Honey Badgers,2024-2025,defense,P&R ball handler,Drives Right,4,Pick and Pops,P&R BH - Defense Commits > P&R Roll Man > Pick and Pops > Drives Right,P&R BH - Defense Commits,P&R Roll Man,Pick and Pops,Drives Right,,,3,50.0,0.333,17.4,0.0,33.3,0,,,,0.0,,2,0.0,33.3,,,0,2,,2.9,1.0,33.3,2,0,2,0.0,0,0,0.0,1
Zane Waterman,Brampton Honey Badgers,2024-2025,defense,P&R ball handler,To Basket,5,Drives Right,P&R BH - Defense Commits > P&R Roll Man > Pick and Pops > Drives Right > To Basket,P&R BH - Defense Commits,P&R Roll Man,Pick and Pops,Drives Right,To Basket,,2,66.7,0.5,26.6,0.0,50.0,0,,,,0.0,,1,0.0,50.0,,,0,1,,1.9,2.0,50.0,1,0,1,0.0,0,0,0.0,1
Zane Waterman,Brampton Honey Badgers,2024-2025,defense,P&R ball handler,Foul,6,To Basket,P&R BH - Defense Commits > P&R Roll Man > Pick and Pops > Drives Right > To Basket > Foul,P&R BH - Defense Commits,P&R Roll Man,Pick and Pops,Drives Right,To Basket,Foul,1,50.0,1.0,56.8,0.0,100.0,0,,,,,,0,,100.0,,,0,0,,0.9,,100.0,0,0,0,,0,0,,1
Zane Waterman,Brampton Honey Badgers,2024-2025,defense,P&R ball handler,Miss 2 Pts,6,To Basket,P&R BH - Defense Commits > P&R Roll Man > Pick and Pops > Drives Right > To Basket > Miss 2 Pts,P&R BH - Defense Commits,P&R Roll Man,Pick and Pops,Drives Right,To Basket,Miss 2 Pts,1,50.0,0.0,0.0,0.0,0.0,0,,,,0.0,,1,0.0,0.0,,,0,1,,1.0,0.0,0.0,1,0,1,0.0,0,0,0.0,0
Zane Waterman,Brampton Honey Badgers,2024-2025,defense,P&R ball handler,Dribble Jumper,5,Drives Right,P&R BH - Defense Commits > P&R Roll Man > Pick and Pops > Drives Right > Dribble Jumper,P&R BH - Defense Commits,P&R Roll Man,Pick and Pops,Drives Right,Dribble Jumper,,1,33.3,0.0,0.0,0.0,0.0,0,,,,0.0,,1,0.0,0.0,,,0,1,,1.0,0.0,0.0,1,0,1,0.0,0,0,0.0,0
Zane Waterman,Brampton Honey Badgers,2024-2025,defense,P&R ball handler,Medium/17' to 3pt,6,Dribble Jumper,P&R BH - Defense Commits > P&R Roll Man > Pick and Pops > Drives Right > Dribble Jumper > Medium/17' to 3pt,P&R BH - Defense Commits,P&R Roll Man,Pick and Pops,Drives Right,Dribble Jumper,Medium/17' to 3pt,1,100.0,0.0,0.0,0.0,0.0,0,,,,0.0,,1,0.0,0.0,,,0,1,,1.0,0.0,0.0,1,0,1,0.0,0,0,0.0,0
Zane Waterman,Brampton Honey Badgers,2024-2025,defense,P&R ball handler,No Dribble Jumper,4,Pick and Pops,P&R BH - Defense Commits > P&R Roll Man > Pick and Pops > No Dribble Jumper,P&R BH - Defense Commits,P&R Roll Man,Pick and Pops,No Dribble Jumper,,,2,33.3,1.0,50.0,0.0,0.0,1,0.0,,,50.0,,2,50.0,0.0,,,1,1,,2.0,0.0,50.0,1,1,0,100.0,0,1,0.5,2
Zane Waterman,Brampton Honey Badgers,2024-2025,defense,P&R ball handler,Guarded,5,No Dribble Jumper,P&R BH - Defense Commits > P&R Roll Man > Pick and Pops > No Dribble Jumper > Guarded,P&R BH - Defense Commits,P&R Roll Man,Pick and Pops,No Dribble Jumper,Guarded,,1,50.0,0.0,0.0,0.0,0.0,1,0.0,,,0.0,,1,0.0,0.0,,,0,1,,1.0,0.0,0.0,0,0,0,,0,1,1.0,0
Zane Waterman,Brampton Honey Badgers,2024-2025,defense,P&R ball handler,Long/3pt,6,Guarded,P&R BH - Defense Commits > P&R Roll Man > Pick and Pops > No Dribble Jumper > Guarded > Long/3pt,P&R BH - Defense Commits,P&R Roll Man,Pick and Pops,No Dribble Jumper,Guarded,Long/3pt,1,100.0,0.0,0.0,0.0,0.0,1,0.0,,,0.0,,1,0.0,0.0,,,0,1,,1.0,0.0,0.0,0,0,0,,0,1,1.0,0
Zane Waterman,Brampton Honey Badgers,2024-2025,defense,P&R ball handler,Open,5,No Dribble Jumper,P&R BH - Defense Commits > P&R Roll Man > Pick and Pops > No Dribble Jumper > Open,P&R BH - Defense Commits,P&R Roll Man,Pick and Pops,No Dribble Jumper,Open,,1,50.0,2.0,100.0,0.0,0.0,0,,,,100.0,,1,100.0,0.0,,,1,0,,1.0,0.0,100.0,1,1,0,100.0,0,0,0.0,2
Zane Waterman,Brampton Honey Badgers,2024-2025,defense,P&R ball handler,Medium/17' to 3pt,6,Open,P&R BH - Defense Commits > P&R Roll Man > Pick and Pops > No Dribble Jumper > Open > Medium/17' to 3pt,P&R BH - Defense Commits,P&R Roll Man,Pick and Pops,No Dribble Jumper,Open,Medium/17' to 3pt,1,100.0,2.0,100.0,0.0,0.0,0,,,,100.0,,1,100.0,0.0,,,1,0,,1.0,0.0,100.0,1,1,0,100.0,0,0,0.0,2
Zane Waterman,Brampton Honey Badgers,2024-2025,defense,P&R ball handler,Drives Left,4,Pick and Pops,P&R BH - Defense Commits > P&R Roll Man > Pick and Pops > Drives Left,P&R BH - Defense Commits,P&R Roll Man,Pick and Pops,Drives Left,,,1,16.7,0.0,0.0,0.0,0.0,1,0.0,,,0.0,,1,0.0,0.0,,,0,1,,1.0,0.0,0.0,0,0,0,,0,1,1.0,0
Zane Waterman,Brampton Honey Badgers,2024-2025,defense,P&R ball handler,Dribble Jumper,5,Drives Left,P&R BH - Defense Commits > P&R Roll Man > Pick and Pops > Drives Left > Dribble Jumper,P&R BH - Defense Commits,P&R Roll Man,Pick and Pops,Drives Left,Dribble Jumper,,1,100.0,0.0,0.0,0.0,0.0,1,0.0,,,0.0,,1,0.0,0.0,,,0,1,,1.0,0.0,0.0,0,0,0,,0,1,1.0,0
Zane Waterman,Brampton Honey Badgers,2024-2025,defense,P&R ball handler,Long/3pt,6,Dribble Jumper,P&R BH - Defense Commits > P&R Roll Man > Pick and Pops > Drives Left > Dribble Jumper > Long/3pt,P&R BH - Defense Commits,P&R Roll Man,Pick and Pops,Drives Left,Dribble Jumper,Long/3pt,1,100.0,0.0,0.0,0.0,0.0,1,0.0,,,0.0,,1,0.0,0.0,,,0,1,,1.0,0.0,0.0,0,0,0,,0,1,1.0,0
Zane Waterman,Brampton Honey Badgers,2024-2025,defense,P&R ball handler,Slips the Pick,3,P&R Roll Man,P&R BH - Defense Commits > P&R Roll Man > Slips the Pick,P&R BH - Defense Commits,P&R Roll Man,Slips the Pick,,,,4,40.0,1.25,62.5,0.0,0.0,2,50.0,,,50.0,,4,62.5,0.0,,,2,2,,4.0,0.0,50.0,2,1,1,50.0,1,1,0.5,5
Zane Waterman,Brampton Honey Badgers,2024-2025,defense,P&R ball handler,To Basket,4,Slips the Pick,P&R BH - Defense Commits > P&R Roll Man > Slips the Pick > To Basket,P&R BH - Defense Commits,P&R Roll Man,Slips the Pick,To Basket,,,2,50.0,1.0,50.0,0.0,0.0,0,,,,50.0,,2,50.0,0.0,,,1,1,,2.0,0.0,50.0,2,1,1,50.0,0,0,0.0,2
Zane Waterman,Brampton Honey Badgers,2024-2025,defense,P&R ball handler,Miss 2 Pts,5,To Basket,P&R BH - Defense Commits > P&R Roll Man > Slips the Pick > To Basket > Miss 2 Pts,P&R BH - Defense Commits,P&R Roll Man,Slips the Pick,To Basket,Miss 2 Pts,,1,50.0,0.0,0.0,0.0,0.0,0,,,,0.0,,1,0.0,0.0,,,0,1,,1.0,0.0,0.0,1,0,1,0.0,0,0,0.0,0
Zane Waterman,Brampton Honey Badgers,2024-2025,defense,P&R ball handler,Make 2 Pts,5,To Basket,P&R BH - Defense Commits > P&R Roll Man > Slips the Pick > To Basket > Make 2 Pts,P&R BH - Defense Commits,P&R Roll Man,Slips the Pick,To Basket,Make 2 Pts,,1,50.0,2.0,100.0,0.0,0.0,0,,,,100.0,,1,100.0,0.0,,,1,0,,1.0,0.0,100.0,1,1,0,100.0,0,0,0.0,2
Zane Waterman,Brampton Honey Badgers,2024-2025,defense,P&R ball handler,No Dribble Jumper,4,Slips the Pick,P&R BH - Defense Commits > P&R Roll Man > Slips the Pick > No Dribble Jumper,P&R BH - Defense Commits,P&R Roll Man,Slips the Pick,No Dribble Jumper,,,2,50.0,1.5,75.0,0.0,0.0,2,50.0,,,50.0,,2,75.0,0.0,,,1,1,,2.0,0.0,50.0,0,0,0,,1,1,1.0,3
Zane Waterman,Brampton Honey Badgers,2024-2025,defense,P&R ball handler,Guarded,5,No Dribble Jumper,P&R BH - Defense Commits > P&R Roll Man > Slips the Pick > No Dribble Jumper > Guarded,P&R BH - Defense Commits,P&R Roll Man,Slips the Pick,No Dribble Jumper,Guarded,,1,50.0,0.0,0.0,0.0,0.0,1,0.0,,,0.0,,1,0.0,0.0,,,0,1,,1.0,0.0,0.0,0,0,0,,0,1,1.0,0
Zane Waterman,Brampton Honey Badgers,2024-2025,defense,P&R ball handler,Long/3pt,6,Guarded,P&R BH - Defense Commits > P&R Roll Man > Slips the Pick > No Dribble Jumper > Guarded > Long/3pt,P&R BH - Defense Commits,P&R Roll Man,Slips the Pick,No Dribble Jumper,Guarded,Long/3pt,1,100.0,0.0,0.0,0.0,0.0,1,0.0,,,0.0,,1,0.0,0.0,,,0,1,,1.0,0.0,0.0,0,0,0,,0,1,1.0,0
Zane Waterman,Brampton Honey Badgers,2024-2025,defense,P&R ball handler,Open,5,No Dribble Jumper,P&R BH - Defense Commits > P&R Roll Man > Slips the Pick > No Dribble Jumper > Open,P&R BH - Defense Commits,P&R Roll Man,Slips the Pick,No Dribble Jumper,Open,,1,50.0,3.0,150.0,0.0,0.0,1,100.0,,,100.0,,1,150.0,0.0,,,1,0,,1.0,0.0,100.0,0,0,0,,1,0,1.0,3
Zane Waterman,Brampton Honey Badgers,2024-2025,defense,P&R ball handler,Long/3pt,6,Open,P&R BH - Defense Commits > P&R Roll Man > Slips the Pick > No Dribble Jumper > Open > Long/3pt,P&R BH - Defense Commits,P&R Roll Man,Slips the Pick,No Dribble Jumper,Open,Long/3pt,1,100.0,3.0,150.0,0.0,0.0,1,100.0,,,100.0,,1,150.0,0.0,,,1,0,,1.0,0.0,100.0,0,0,0,,1,0,1.0,3
Zane Waterman,Brampton Honey Badgers,2024-2025,defense,P&R ball handler,P&R BH - Traps,1,,P&R BH - Traps,P&R BH - Traps,,,,,,5,3.8,0.0,0.0,20.0,0.0,3,0.0,,,0.0,,4,0.0,0.0,,,0,4,,4.0,0.0,0.0,1,0,1,0.0,0,3,0.75,0
Zane Waterman,Brampton Honey Badgers,2024-2025,defense,P&R ball handler,Spot-Up,2,P&R BH - Traps,P&R BH - Traps > Spot-Up,P&R BH - Traps,Spot-Up,,,,,4,80.0,0.0,0.0,25.0,0.0,2,0.0,,,0.0,,3,0.0,0.0,,,0,3,,3.0,0.0,0.0,1,0,1,0.0,0,2,0.67,0
Zane Waterman,Brampton Honey Badgers,2024-2025,defense,P&R ball handler,No Dribble Jumper,3,Spot-Up,P&R BH - Traps > Spot-Up > No Dribble Jumper,P&R BH - Traps,Spot-Up,No Dribble Jumper,,,,2,50.0,0.0,0.0,0.0,0.0,2,0.0,,,0.0,,2,0.0,0.0,,,0,2,,2.0,0.0,0.0,0,0,0,,0,2,1.0,0
Zane Waterman,Brampton Honey Badgers,2024-2025,defense,P&R ball handler,Guarded,4,No Dribble Jumper,P&R BH - Traps > Spot-Up > No Dribble Jumper > Guarded,P&R BH - Traps,Spot-Up,No Dribble Jumper,Guarded,,,2,100.0,0.0,0.0,0.0,0.0,2,0.0,,,0.0,,2,0.0,0.0,,,0,2,,2.0,0.0,0.0,0,0,0,,0,2,1.0,0
Zane Waterman,Brampton Honey Badgers,2024-2025,defense,P&R ball handler,Long/3pt,5,Guarded,P&R BH - Traps > Spot-Up > No Dribble Jumper > Guarded > Long/3pt,P&R BH - Traps,Spot-Up,No Dribble Jumper,Guarded,Long/3pt,,2,100.0,0.0,0.0,0.0,0.0,2,0.0,,,0.0,,2,0.0,0.0,,,0,2,,2.0,0.0,0.0,0,0,0,,0,2,1.0,0
Zane Waterman,Brampton Honey Badgers,2024-2025,defense,P&R ball handler,Miss 3 Pts,6,Long/3pt,P&R BH - Traps > Spot-Up > No Dribble Jumper > Guarded > Long/3pt > Miss 3 Pts,P&R BH - Traps,Spot-Up,No Dribble Jumper,Guarded,Long/3pt,Miss 3 Pts,2,100.0,0.0,0.0,0.0,0.0,2,0.0,,,0.0,,2,0.0,0.0,,,0,2,,2.0,0.0,0.0,0,0,0,,0,2,1.0,0
Zane Waterman,Brampton Honey Badgers,2024-2025,defense,P&R ball handler,Drives Left,3,Spot-Up,P&R BH - Traps > Spot-Up > Drives Left,P&R BH - Traps,Spot-Up,Drives Left,,,,1,25.0,0.0,0.0,0.0,0.0,0,,,,0.0,,1,0.0,0.0,,,0,1,,1.0,0.0,0.0,1,0,1,0.0,0,0,0.0,0
Zane Waterman,Brampton Honey Badgers,2024-2025,defense,P&R ball handler,Dribble Jumper,4,Drives Left,P&R BH - Traps > Spot-Up > Drives Left > Dribble Jumper,P&R BH - Traps,Spot-Up,Drives Left,Dribble Jumper,,,1,100.0,0.0,0.0,0.0,0.0,0,,,,0.0,,1,0.0,0.0,,,0,1,,1.0,0.0,0.0,1,0,1,0.0,0,0,0.0,0
Zane Waterman,Brampton Honey Badgers,2024-2025,defense,P&R ball handler,Medium/17' to 3pt,5,Dribble Jumper,P&R BH - Traps > Spot-Up > Drives Left > Dribble Jumper > Medium/17' to 3pt,P&R BH - Traps,Spot-Up,Drives Left,Dribble Jumper,Medium/17' to 3pt,,1,100.0,0.0,0.0,0.0,0.0,0,,,,0.0,,1,0.0,0.0,,,0,1,,1.0,0.0,0.0,1,0,1,0.0,0,0,0.0,0
Zane Waterman,Brampton Honey Badgers,2024-2025,defense,P&R ball handler,Miss 2 Pts,6,Medium/17' to 3pt,P&R BH - Traps > Spot-Up > Drives Left > Dribble Jumper > Medium/17' to 3pt > Miss 2 Pts,P&R BH - Traps,Spot-Up,Drives Left,Dribble Jumper,Medium/17' to 3pt,Miss 2 Pts,1,100.0,0.0,0.0,0.0,0.0,0,,,,0.0,,1,0.0,0.0,,,0,1,,1.0,0.0,0.0,1,0,1,0.0,0,0,0.0,0
Zane Waterman,Brampton Honey Badgers,2024-2025,defense,P&R ball handler,Drives Straight,3,Spot-Up,P&R BH - Traps > Spot-Up > Drives Straight,P&R BH - Traps,Spot-Up,Drives Straight,,,,1,25.0,0.0,,100.0,0.0,0,,,,,,0,,0.0,,,0,0,,0.0,,0.0,0,0,0,,0,0,,0
Zane Waterman,Brampton Honey Badgers,2024-2025,defense,P&R ball handler,Turnover,4,Drives Straight,P&R BH - Traps > Spot-Up > Drives Straight > Turnover,P&R BH - Traps,Spot-Up,Drives Straight,Turnover,,,1,100.0,0.0,,100.0,0.0,0,,,,,,0,,0.0,,,0,0,,0.0,,0.0,0,0,0,,0,0,,0
Zane Waterman,Brampton Honey Badgers,2024-2025,defense,P&R ball handler,P&R Roll Man,2,P&R BH - Traps,P&R BH - Traps > P&R Roll Man,P&R BH - Traps,P&R Roll Man,,,,,1,20.0,0.0,0.0,0.0,0.0,1,0.0,,,0.0,,1,0.0,0.0,,,0,1,,1.0,0.0,0.0,0,0,0,,0,1,1.0,0
Zane Waterman,Brampton Honey Badgers,2024-2025,defense,P&R ball handler,Pick and Pops,3,P&R Roll Man,P&R BH - Traps > P&R Roll Man > Pick and Pops,P&R BH - Traps,P&R Roll Man,Pick and Pops,,,,1,100.0,0.0,0.0,0.0,0.0,1,0.0,,,0.0,,1,0.0,0.0,,,0,1,,1.0,0.0,0.0,0,0,0,,0,1,1.0,0
Zane Waterman,Brampton Honey Badgers,2024-2025,defense,P&R ball handler,No Dribble Jumper,4,Pick and Pops,P&R BH - Traps > P&R Roll Man > Pick and Pops > No Dribble Jumper,P&R BH - Traps,P&R Roll Man,Pick and Pops,No Dribble Jumper,,,1,100.0,0.0,0.0,0.0,0.0,1,0.0,,,0.0,,1,0.0,0.0,,,0,1,,1.0,0.0,0.0,0,0,0,,0,1,1.0,0
Zane Waterman,Brampton Honey Badgers,2024-2025,defense,P&R ball handler,Guarded,5,No Dribble Jumper,P&R BH - Traps > P&R Roll Man > Pick and Pops > No Dribble Jumper > Guarded,P&R BH - Traps,P&R Roll Man,Pick and Pops,No Dribble Jumper,Guarded,,1,100.0,0.0,0.0,0.0,0.0,1,0.0,,,0.0,,1,0.0,0.0,,,0,1,,1.0,0.0,0.0,0,0,0,,0,1,1.0,0
Zane Waterman,Brampton Honey Badgers,2024-2025,defense,P&R ball handler,Long/3pt,6,Guarded,P&R BH - Traps > P&R Roll Man > Pick and Pops > No Dribble Jumper > Guarded > Long/3pt,P&R BH - Traps,P&R Roll Man,Pick and Pops,No Dribble Jumper,Guarded,Long/3pt,1,100.0,0.0,0.0,0.0,0.0,1,0.0,,,0.0,,1,0.0,0.0,,,0,1,,1.0,0.0,0.0,0,0,0,,0,1,1.0,0
Zane Waterman,Brampton Honey Badgers,2024-2025,defense,Isolation,ISO Including Passes,1,,ISO Including Passes,ISO Including Passes,,,,,,12,9.1,0.75,40.9,8.3,0.0,3,33.3,Good,59.0,36.4,22.0,11,40.9,0.0,,,4,7,,11.0,0.0,33.3,8,3,5,37.5,1,2,0.27,9
Zane Waterman,Brampton Honey Badgers,2024-2025,defense,Isolation,Isolation,2,ISO Including Passes,ISO Including Passes > Isolation,ISO Including Passes,Isolation,,,,,11,91.7,0.636,35.0,9.1,0.0,3,33.3,,,30.0,,10,35.0,0.0,,,3,7,,10.0,0.0,27.3,7,2,5,28.6,1,2,0.3,7
Zane Waterman,Brampton Honey Badgers,2024-2025,defense,Isolation,Left,3,Isolation,ISO Including Passes > Isolation > Left,ISO Including Passes,Isolation,Left,,,,4,36.4,0.75,50.0,25.0,0.0,2,50.0,,,33.3,,3,50.0,0.0,,,1,2,,3.0,0.0,25.0,1,0,1,0.0,1,1,0.67,3
Zane Waterman,Brampton Honey Badgers,2024-2025,defense,Isolation,Early Jumper,4,Left,ISO Including Passes > Isolation > Left > Early Jumper,ISO Including Passes,Isolation,Left,Early Jumper,,,2,50.0,1.5,75.0,0.0,0.0,2,50.0,,,50.0,,2,75.0,0.0,,,1,1,,2.0,0.0,50.0,0,0,0,,1,1,1.0,3
Zane Waterman,Brampton Honey Badgers,2024-2025,defense,Isolation,Dribble Jumper,5,Early Jumper,ISO Including Passes > Isolation > Left > Early Jumper > Dribble Jumper,ISO Including Passes,Isolation,Left,Early Jumper,Dribble Jumper,,2,100.0,1.5,75.0,0.0,0.0,2,50.0,,,50.0,,2,75.0,0.0,,,1,1,,2.0,0.0,50.0,0,0,0,,1,1,1.0,3
Zane Waterman,Brampton Honey Badgers,2024-2025,defense,Isolation,Long/3pt,6,Dribble Jumper,ISO Including Passes > Isolation > Left > Early Jumper > Dribble Jumper > Long/3pt,ISO Including Passes,Isolation,Left,Early Jumper,Dribble Jumper,Long/3pt,2,100.0,1.5,75.0,0.0,0.0,2,50.0,,,50.0,,2,75.0,0.0,,,1,1,,2.0,0.0,50.0,0,0,0,,1,1,1.0,3
Zane Waterman,Brampton Honey Badgers,2024-2025,defense,Isolation,Drives Right,4,Left,ISO Including Passes > Isolation > Left > Drives Right,ISO Including Passes,Isolation,Left,Drives Right,,,2,50.0,0.0,0.0,50.0,0.0,0,,,,0.0,,1,0.0,0.0,,,0,1,,1.0,0.0,0.0,1,0,1,0.0,0,0,0.0,0
Zane Waterman,Brampton Honey Badgers,2024-2025,defense,Isolation,Defense Commits,5,Drives Right,ISO Including Passes > Isolation > Left > Drives Right > Defense Commits,ISO Including Passes,Isolation,Left,Drives Right,Defense Commits,,1,50.0,0.0,,100.0,0.0,0,,,,,,0,,0.0,,,0,0,,0.0,,0.0,0,0,0,,0,0,,0
Zane Waterman,Brampton Honey Badgers,2024-2025,defense,Isolation,Turnover,6,Defense Commits,ISO Including Passes > Isolation > Left > Drives Right > Defense Commits > Turnover,ISO Including Passes,Isolation,Left,Drives Right,Defense Commits,Turnover,1,100.0,0.0,,100.0,0.0,0,,,,,,0,,0.0,,,0,0,,0.0,,0.0,0,0,0,,0,0,,0
Zane Waterman,Brampton Honey Badgers,2024-2025,defense,Isolation,Dribble Jumper,5,Drives Right,ISO Including Passes > Isolation > Left > Drives Right > Dribble Jumper,ISO Including Passes,Isolation,Left,Drives Right,Dribble Jumper,,1,50.0,0.0,0.0,0.0,0.0,0,,,,0.0,,1,0.0,0.0,,,0,1,,1.0,0.0,0.0,1,0,1,0.0,0,0,0.0,0
Zane Waterman,Brampton Honey Badgers,2024-2025,defense,Isolation,Medium/17' to 3pt,6,Dribble Jumper,ISO Including Passes > Isolation > Left > Drives Right > Dribble Jumper > Medium/17' to 3pt,ISO Including Passes,Isolation,Left,Drives Right,Dribble Jumper,Medium/17' to 3pt,1,100.0,0.0,0.0,0.0,0.0,0,,,,0.0,,1,0.0,0.0,,,0,1,,1.0,0.0,0.0,1,0,1,0.0,0,0,0.0,0
Zane Waterman,Brampton Honey Badgers,2024-2025,defense,Isolation,Top,3,Isolation,ISO Including Passes > Isolation > Top,ISO Including Passes,Isolation,Top,,,,4,36.4,0.5,25.0,0.0,0.0,1,0.0,,,25.0,,4,25.0,0.0,,,1,3,,4.0,0.0,25.0,3,1,2,33.3,0,1,0.25,2
Zane Waterman,Brampton Honey Badgers,2024-2025,defense,Isolation,Drives Left,4,Top,ISO Including Passes > Isolation > Top > Drives Left,ISO Including Passes,Isolation,Top,Drives Left,,,2,50.0,1.0,50.0,0.0,0.0,0,,,,50.0,,2,50.0,0.0,,,1,1,,2.0,0.0,50.0,2,1,1,50.0,0,0,0.0,2
Zane Waterman,Brampton Honey Badgers,2024-2025,defense,Isolation,To Basket,5,Drives Left,ISO Including Passes > Isolation > Top > Drives Left > To Basket,ISO Including Passes,Isolation,Top,Drives Left,To Basket,,2,100.0,1.0,50.0,0.0,0.0,0,,,,50.0,,2,50.0,0.0,,,1,1,,2.0,0.0,50.0,2,1,1,50.0,0,0,0.0,2
Zane Waterman,Brampton Honey Badgers,2024-2025,defense,Isolation,Miss 2 Pts,6,To Basket,ISO Including Passes > Isolation > Top > Drives Left > To Basket > Miss 2 Pts,ISO Including Passes,Isolation,Top,Drives Left,To Basket,Miss 2 Pts,1,50.0,0.0,0.0,0.0,0.0,0,,,,0.0,,1,0.0,0.0,,,0,1,,1.0,0.0,0.0,1,0,1,0.0,0,0,0.0,0
Zane Waterman,Brampton Honey Badgers,2024-2025,defense,Isolation,Make 2 Pts,6,To Basket,ISO Including Passes > Isolation > Top > Drives Left > To Basket > Make 2 Pts,ISO Including Passes,Isolation,Top,Drives Left,To Basket,Make 2 Pts,1,50.0,2.0,100.0,0.0,0.0,0,,,,100.0,,1,100.0,0.0,,,1,0,,1.0,0.0,100.0,1,1,0,100.0,0,0,0.0,2
Zane Waterman,Brampton Honey Badgers,2024-2025,defense,Isolation,Drives Right,4,Top,ISO Including Passes > Isolation > Top > Drives Right,ISO Including Passes,Isolation,Top,Drives Right,,,1,25.0,0.0,0.0,0.0,0.0,0,,,,0.0,,1,0.0,0.0,,,0,1,,1.0,0.0,0.0,1,0,1,0.0,0,0,0.0,0
Zane Waterman,Brampton Honey Badgers,2024-2025,defense,Isolation,Dribble Jumper,5,Drives Right,ISO Including Passes > Isolation > Top > Drives Right > Dribble Jumper,ISO Including Passes,Isolation,Top,Drives Right,Dribble Jumper,,1,100.0,0.0,0.0,0.0,0.0,0,,,,0.0,,1,0.0,0.0,,,0,1,,1.0,0.0,0.0,1,0,1,0.0,0,0,0.0,0
Zane Waterman,Brampton Honey Badgers,2024-2025,defense,Isolation,Medium/17' to 3pt,6,Dribble Jumper,ISO Including Passes > Isolation > Top > Drives Right > Dribble Jumper > Medium/17' to 3pt,ISO Including Passes,Isolation,Top,Drives Right,Dribble Jumper,Medium/17' to 3pt,1,100.0,0.0,0.0,0.0,0.0,0,,,,0.0,,1,0.0,0.0,,,0,1,,1.0,0.0,0.0,1,0,1,0.0,0,0,0.0,0
Zane Waterman,Brampton Honey Badgers,2024-2025,defense,Isolation,Early Jumper,4,Top,ISO Including Passes > Isolation > Top > Early Jumper,ISO Including Passes,Isolation,Top,Early Jumper,,,1,25.0,0.0,0.0,0.0,0.0,1,0.0,,,0.0,,1,0.0,0.0,,,0,1,,1.0,0.0,0.0,0,0,0,,0,1,1.0,0
Zane Waterman,Brampton Honey Badgers,2024-2025,defense,Isolation,Dribble Jumper,5,Early Jumper,ISO Including Passes > Isolation > Top > Early Jumper > Dribble Jumper,ISO Including Passes,Isolation,Top,Early Jumper,Dribble Jumper,,1,100.0,0.0,0.0,0.0,0.0,1,0.0,,,0.0,,1,0.0,0.0,,,0,1,,1.0,0.0,0.0,0,0,0,,0,1,1.0,0
Zane Waterman,Brampton Honey Badgers,2024-2025,defense,Isolation,Long/3pt,6,Dribble Jumper,ISO Including Passes > Isolation > Top > Early Jumper > Dribble Jumper > Long/3pt,ISO Including Passes,Isolation,Top,Early Jumper,Dribble Jumper,Long/3pt,1,100.0,0.0,0.0,0.0,0.0,1,0.0,,,0.0,,1,0.0,0.0,,,0,1,,1.0,0.0,0.0,0,0,0,,0,1,1.0,0
Zane Waterman,Brampton Honey Badgers,2024-2025,defense,Isolation,Right,3,Isolation,ISO Including Passes > Isolation > Right,ISO Including Passes,Isolation,Right,,,,3,27.3,0.667,33.3,0.0,0.0,0,,,,33.3,,3,33.3,0.0,,,1,2,,3.0,0.0,33.3,3,1,2,33.3,0,0,0.0,2
Zane Waterman,Brampton Honey Badgers,2024-2025,defense,Isolation,Drives Left,4,Right,ISO Including Passes > Isolation > Right > Drives Left,ISO Including Passes,Isolation,Right,Drives Left,,,2,66.7,0.0,0.0,0.0,0.0,0,,,,0.0,,2,0.0,0.0,,,0,2,,2.0,0.0,0.0,2,0,2,0.0,0,0,0.0,0
Zane Waterman,Brampton Honey Badgers,2024-2025,defense,Isolation,Dribble Jumper,5,Drives Left,ISO Including Passes > Isolation > Right > Drives Left > Dribble Jumper,ISO Including Passes,Isolation,Right,Drives Left,Dribble Jumper,,2,100.0,0.0,0.0,0.0,0.0,0,,,,0.0,,2,0.0,0.0,,,0,2,,2.0,0.0,0.0,2,0,2,0.0,0,0,0.0,0
Zane Waterman,Brampton Honey Badgers,2024-2025,defense,Isolation,Medium/17' to 3pt,6,Dribble Jumper,ISO Including Passes > Isolation > Right > Drives Left > Dribble Jumper > Medium/17' to 3pt,ISO Including Passes,Isolation,Right,Drives Left,Dribble Jumper,Medium/17' to 3pt,2,100.0,0.0,0.0,0.0,0.0,0,,,,0.0,,2,0.0,0.0,,,0,2,,2.0,0.0,0.0,2,0,2,0.0,0,0,0.0,0
Zane Waterman,Brampton Honey Badgers,2024-2025,defense,Isolation,Drives Right,4,Right,ISO Including Passes > Isolation > Right > Drives Right,ISO Including Passes,Isolation,Right,Drives Right,,,1,33.3,2.0,100.0,0.0,0.0,0,,,,100.0,,1,100.0,0.0,,,1,0,,1.0,0.0,100.0,1,1,0,100.0,0,0,0.0,2
Zane Waterman,Brampton Honey Badgers,2024-2025,defense,Isolation,To Basket,5,Drives Right,ISO Including Passes > Isolation > Right > Drives Right > To Basket,ISO Including Passes,Isolation,Right,Drives Right,To Basket,,1,100.0,2.0,100.0,0.0,0.0,0,,,,100.0,,1,100.0,0.0,,,1,0,,1.0,0.0,100.0,1,1,0,100.0,0,0,0.0,2
Zane Waterman,Brampton Honey Badgers,2024-2025,defense,Isolation,Make 2 Pts,6,To Basket,ISO Including Passes > Isolation > Right > Drives Right > To Basket > Make 2 Pts,ISO Including Passes,Isolation,Right,Drives Right,To Basket,Make 2 Pts,1,100.0,2.0,100.0,0.0,0.0,0,,,,100.0,,1,100.0,0.0,,,1,0,,1.0,0.0,100.0,1,1,0,100.0,0,0,0.0,2
Zane Waterman,Brampton Honey Badgers,2024-2025,defense,Isolation,Spot-Up,2,ISO Including Passes,ISO Including Passes > Spot-Up,ISO Including Passes,Spot-Up,,,,,1,8.3,2.0,100.0,0.0,0.0,0,,,,100.0,,1,100.0,0.0,,,1,0,,1.0,0.0,100.0,1,1,0,100.0,0,0,0.0,2
Zane Waterman,Brampton Honey Badgers,2024-2025,defense,Isolation,Drives Left,3,Spot-Up,ISO Including Passes > Spot-Up > Drives Left,ISO Including Passes,Spot-Up,Drives Left,,,,1,100.0,2.0,100.0,0.0,0.0,0,,,,100.0,,1,100.0,0.0,,,1,0,,1.0,0.0,100.0,1,1,0,100.0,0,0,0.0,2
Zane Waterman,Brampton Honey Badgers,2024-2025,defense,Isolation,To Basket,4,Drives Left,ISO Including Passes > Spot-Up > Drives Left > To Basket,ISO Including Passes,Spot-Up,Drives Left,To Basket,,,1,100.0,2.0,100.0,0.0,0.0,0,,,,100.0,,1,100.0,0.0,,,1,0,,1.0,0.0,100.0,1,1,0,100.0,0,0,0.0,2
Zane Waterman,Brampton Honey Badgers,2024-2025,defense,Isolation,Make 2 Pts,5,To Basket,ISO Including Passes > Spot-Up > Drives Left > To Basket > Make 2 Pts,ISO Including Passes,Spot-Up,Drives Left,To Basket,Make 2 Pts,,1,100.0,2.0,100.0,0.0,0.0,0,,,,100.0,,1,100.0,0.0,,,1,0,,1.0,0.0,100.0,1,1,0,100.0,0,0,0.0,2
Zane Waterman,Brampton Honey Badgers,2024-2025,defense,Isolation,ISO - Defense Commits,1,,ISO - Defense Commits,ISO - Defense Commits,,,,,,2,1.5,1.0,100.0,50.0,0.0,0,,,,100.0,,1,100.0,0.0,,,1,0,,1.0,0.0,50.0,1,1,0,100.0,0,0,0.0,2
Zane Waterman,Brampton Honey Badgers,2024-2025,defense,Isolation,Spot-Up,2,ISO - Defense Commits,ISO - Defense Commits > Spot-Up,ISO - Defense Commits,Spot-Up,,,,,1,50.0,2.0,100.0,0.0,0.0,0,,,,100.0,,1,100.0,0.0,,,1,0,,1.0,0.0,100.0,1,1,0,100.0,0,0,0.0,2
Zane Waterman,Brampton Honey Badgers,2024-2025,defense,Isolation,Drives Left,3,Spot-Up,ISO - Defense Commits > Spot-Up > Drives Left,ISO - Defense Commits,Spot-Up,Drives Left,,,,1,100.0,2.0,100.0,0.0,0.0,0,,,,100.0,,1,100.0,0.0,,,1,0,,1.0,0.0,100.0,1,1,0,100.0,0,0,0.0,2
Zane Waterman,Brampton Honey Badgers,2024-2025,defense,Isolation,To Basket,4,Drives Left,ISO - Defense Commits > Spot-Up > Drives Left > To Basket,ISO - Defense Commits,Spot-Up,Drives Left,To Basket,,,1,100.0,2.0,100.0,0.0,0.0,0,,,,100.0,,1,100.0,0.0,,,1,0,,1.0,0.0,100.0,1,1,0,100.0,0,0,0.0,2
Zane Waterman,Brampton Honey Badgers,2024-2025,defense,Isolation,Make 2 Pts,5,To Basket,ISO - Defense Commits > Spot-Up > Drives Left > To Basket > Make 2 Pts,ISO - Defense Commits,Spot-Up,Drives Left,To Basket,Make 2 Pts,,1,100.0,2.0,100.0,0.0,0.0,0,,,,100.0,,1,100.0,0.0,,,1,0,,1.0,0.0,100.0,1,1,0,100.0,0,0,0.0,2
Zane Waterman,Brampton Honey Badgers,2024-2025,defense,Isolation,Isolation,2,ISO - Defense Commits,ISO - Defense Commits > Isolation,ISO - Defense Commits,Isolation,,,,,1,50.0,0.0,,100.0,0.0,0,,,,,,0,,0.0,,,0,0,,0.0,,0.0,0,0,0,,0,0,,0
Zane Waterman,Brampton Honey Badgers,2024-2025,defense,Isolation,Left,3,Isolation,ISO - Defense Commits > Isolation > Left,ISO - Defense Commits,Isolation,Left,,,,1,100.0,0.0,,100.0,0.0,0,,,,,,0,,0.0,,,0,0,,0.0,,0.0,0,0,0,,0,0,,0
Zane Waterman,Brampton Honey Badgers,2024-2025,defense,Isolation,Drives Right,4,Left,ISO - Defense Commits > Isolation > Left > Drives Right,ISO - Defense Commits,Isolation,Left,Drives Right,,,1,100.0,0.0,,100.0,0.0,0,,,,,,0,,0.0,,,0,0,,0.0,,0.0,0,0,0,,0,0,,0
Zane Waterman,Brampton Honey Badgers,2024-2025,defense,Isolation,Defense Commits,5,Drives Right,ISO - Defense Commits > Isolation > Left > Drives Right > Defense Commits,ISO - Defense Commits,Isolation,Left,Drives Right,Defense Commits,,1,100.0,0.0,,100.0,0.0,0,,,,,,0,,0.0,,,0,0,,0.0,,0.0,0,0,0,,0,0,,0
Zane Waterman,Brampton Honey Badgers,2024-2025,defense,Isolation,Turnover,6,Defense Commits,ISO - Defense Commits > Isolation > Left > Drives Right > Defense Commits > Turnover,ISO - Defense Commits,Isolation,Left,Drives Right,Defense Commits,Turnover,1,100.0,0.0,,100.0,0.0,0,,,,,,0,,0.0,,,0,0,,0.0,,0.0,0,0,0,,0,0,,0
Zane Waterman,Brampton Honey Badgers,2024-2025,defense,Post up,Post-Ups Including Passes,1,,Post-Ups Including Passes,Post-Ups Including Passes,,,,,,15,11.4,0.867,46.2,6.7,26.7,0,,Average,42.0,36.4,38.0,11,36.4,20.0,,,4,7,,14.1,0.64,46.7,11,4,7,36.4,0,0,0.0,13
Zane Waterman,Brampton Honey Badgers,2024-2025,defense,Post up,Right Block,2,Post-Ups Including Passes,Post-Ups Including Passes > Right Block,Post-Ups Including Passes,Right Block,,,,,6,40.0,0.5,25.5,0.0,16.7,0,,,,20.0,,5,20.0,16.7,,,1,4,,5.9,0.4,33.3,5,1,4,20.0,0,0,0.0,3
Zane Waterman,Brampton Honey Badgers,2024-2025,defense,Post up,Left Shoulder,3,Right Block,Post-Ups Including Passes > Right Block > Left Shoulder,Post-Ups Including Passes,Right Block,Left Shoulder,,,,4,66.7,0.0,0.0,0.0,0.0,0,,,,0.0,,4,0.0,0.0,,,0,4,,4.0,0.0,0.0,4,0,4,0.0,0,0,0.0,0
Zane Waterman,Brampton Honey Badgers,2024-2025,defense,Post up,Dribble Move,4,Left Shoulder,Post-Ups Including Passes > Right Block > Left Shoulder > Dribble Move,Post-Ups Including Passes,Right Block,Left Shoulder,Dribble Move,,,4,100.0,0.0,0.0,0.0,0.0,0,,,,0.0,,4,0.0,0.0,,,0,4,,4.0,0.0,0.0,4,0,4,0.0,0,0,0.0,0
Zane Waterman,Brampton Honey Badgers,2024-2025,defense,Post up,To Basket,5,Dribble Move,Post-Ups Including Passes > Right Block > Left Shoulder > Dribble Move > To Basket,Post-Ups Including Passes,Right Block,Left Shoulder,Dribble Move,To Basket,,2,50.0,0.0,0.0,0.0,0.0,0,,,,0.0,,2,0.0,0.0,,,0,2,,2.0,0.0,0.0,2,0,2,0.0,0,0,0.0,0
Zane Waterman,Brampton Honey Badgers,2024-2025,defense,Post up,To Hook,5,Dribble Move,Post-Ups Including Passes > Right Block > Left Shoulder > Dribble Move > To Hook,Post-Ups Including Passes,Right Block,Left Shoulder,Dribble Move,To Hook,,2,50.0,0.0,0.0,0.0,0.0,0,,,,0.0,,2,0.0,0.0,,,0,2,,2.0,0.0,0.0,2,0,2,0.0,0,0,0.0,0
Zane Waterman,Brampton Honey Badgers,2024-2025,defense,Post up,Right Shoulder,3,Right Block,Post-Ups Including Passes > Right Block > Right Shoulder,Post-Ups Including Passes,Right Block,Right Shoulder,,,,2,33.3,1.5,79.8,0.0,50.0,0,,,,100.0,,1,100.0,50.0,,,1,0,,1.9,2.0,100.0,1,1,0,100.0,0,0,0.0,3
Zane Waterman,Brampton Honey Badgers,2024-2025,defense,Post up,Dribble Move,4,Right Shoulder,Post-Ups Including Passes > Right Block > Right Shoulder > Dribble Move,Post-Ups Including Passes,Right Block,Right Shoulder,Dribble Move,,,2,100.0,1.5,79.8,0.0,50.0,0,,,,100.0,,1,100.0,50.0,,,1,0,,1.9,2.0,100.0,1,1,0,100.0,0,0,0.0,3
Zane Waterman,Brampton Honey Badgers,2024-2025,defense,Post up,To Hook,5,Dribble Move,Post-Ups Including Passes > Right Block > Right Shoulder > Dribble Move > To Hook,Post-Ups Including Passes,Right Block,Right Shoulder,Dribble Move,To Hook,,1,50.0,1.0,56.8,0.0,100.0,0,,,,,,0,,100.0,,,0,0,,0.9,,100.0,0,0,0,,0,0,,1
Zane Waterman,Brampton Honey Badgers,2024-2025,defense,Post up,To Basket,5,Dribble Move,Post-Ups Including Passes > Right Block > Right Shoulder > Dribble Move > To Basket,Post-Ups Including Passes,Right Block,Right Shoulder,Dribble Move,To Basket,,1,50.0,2.0,100.0,0.0,0.0,0,,,,100.0,,1,100.0,0.0,,,1,0,,1.0,0.0,100.0,1,1,0,100.0,0,0,0.0,2
Zane Waterman,Brampton Honey Badgers,2024-2025,defense,Post up,Flash Middle,2,Post-Ups Including Passes,Post-Ups Including Passes > Flash Middle,Post-Ups Including Passes,Flash Middle,,,,,5,33.3,1.0,47.0,0.0,40.0,0,,,,25.0,,4,25.0,20.0,,,1,3,,5.3,0.75,40.0,4,1,3,25.0,0,0,0.0,5
Zane Waterman,Brampton Honey Badgers,2024-2025,defense,Post up,Left Shoulder,3,Flash Middle,Post-Ups Including Passes > Flash Middle > Left Shoulder,Post-Ups Including Passes,Flash Middle,Left Shoulder,,,,2,40.0,1.5,61.5,0.0,50.0,0,,,,50.0,,2,50.0,50.0,,,1,1,,2.4,0.5,50.0,2,1,1,50.0,0,0,0.0,3
Zane Waterman,Brampton Honey Badgers,2024-2025,defense,Post up,Dribble Move,4,Left Shoulder,Post-Ups Including Passes > Flash Middle > Left Shoulder > Dribble Move,Post-Ups Including Passes,Flash Middle,Left Shoulder,Dribble Move,,,2,100.0,1.5,61.5,0.0,50.0,0,,,,50.0,,2,50.0,50.0,,,1,1,,2.4,0.5,50.0,2,1,1,50.0,0,0,0.0,3
Zane Waterman,Brampton Honey Badgers,2024-2025,defense,Post up,To Hook,5,Dribble Move,Post-Ups Including Passes > Flash Middle > Left Shoulder > Dribble Move > To Hook,Post-Ups Including Passes,Flash Middle,Left Shoulder,Dribble Move,To Hook,,1,50.0,0.0,0.0,0.0,0.0,0,,,,0.0,,1,0.0,0.0,,,0,1,,1.0,0.0,0.0,1,0,1,0.0,0,0,0.0,0
Zane Waterman,Brampton Honey Badgers,2024-2025,defense,Post up,To Up and Under,5,Dribble Move,Post-Ups Including Passes > Flash Middle > Left Shoulder > Dribble Move > To Up and Under,Post-Ups Including Passes,Flash Middle,Left Shoulder,Dribble Move,To Up and Under,,1,50.0,3.0,104.2,0.0,100.0,0,,,,100.0,,1,100.0,100.0,,,1,0,,1.4,1.0,100.0,1,1,0,100.0,0,0,0.0,3
Zane Waterman,Brampton Honey Badgers,2024-2025,defense,Post up,Right Shoulder,3,Flash Middle,Post-Ups Including Passes > Flash Middle > Right Shoulder,Post-Ups Including Passes,Flash Middle,Right Shoulder,,,,2,40.0,0.0,0.0,0.0,0.0,0,,,,0.0,,2,0.0,0.0,,,0,2,,2.0,0.0,0.0,2,0,2,0.0,0,0,0.0,0
Zane Waterman,Brampton Honey Badgers,2024-2025,defense,Post up,Dribble Move,4,Right Shoulder,Post-Ups Including Passes > Flash Middle > Right Shoulder > Dribble Move,Post-Ups Including Passes,Flash Middle,Right Shoulder,Dribble Move,,,2,100.0,0.0,0.0,0.0,0.0,0,,,,0.0,,2,0.0,0.0,,,0,2,,2.0,0.0,0.0,2,0,2,0.0,0,0,0.0,0
Zane Waterman,Brampton Honey Badgers,2024-2025,defense,Post up,To Basket,5,Dribble Move,Post-Ups Including Passes > Flash Middle > Right Shoulder > Dribble Move > To Basket,Post-Ups Including Passes,Flash Middle,Right Shoulder,Dribble Move,To Basket,,2,100.0,0.0,0.0,0.0,0.0,0,,,,0.0,,2,0.0,0.0,,,0,2,,2.0,0.0,0.0,2,0,2,0.0,0,0,0.0,0
Zane Waterman,Brampton Honey Badgers,2024-2025,defense,Post up,Foul,3,Flash Middle,Post-Ups Including Passes > Flash Middle > Foul,Post-Ups Including Passes,Flash Middle,Foul,,,,1,20.0,2.0,113.6,0.0,100.0,0,,,,,,0,,0.0,,,0,0,,0.9,,100.0,0,0,0,,0,0,,2
Zane Waterman,Brampton Honey Badgers,2024-2025,defense,Post up,Left Block,2,Post-Ups Including Passes,Post-Ups Including Passes > Left Block,Post-Ups Including Passes,Left Block,,,,,4,26.7,1.25,86.8,25.0,25.0,0,,,,100.0,,2,100.0,25.0,,,2,0,,2.9,1.0,75.0,2,2,0,100.0,0,0,0.0,5
Zane Waterman,Brampton Honey Badgers,2024-2025,defense,Post up,Right Shoulder,3,Left Block,Post-Ups Including Passes > Left Block > Right Shoulder,Post-Ups Including Passes,Left Block,Right Shoulder,,,,2,50.0,1.5,79.8,0.0,50.0,0,,,,100.0,,1,100.0,50.0,,,1,0,,1.9,2.0,100.0,1,1,0,100.0,0,0,0.0,3
Zane Waterman,Brampton Honey Badgers,2024-2025,defense,Post up,Dribble Move,4,Right Shoulder,Post-Ups Including Passes > Left Block > Right Shoulder > Dribble Move,Post-Ups Including Passes,Left Block,Right Shoulder,Dribble Move,,,2,100.0,1.5,79.8,0.0,50.0,0,,,,100.0,,1,100.0,50.0,,,1,0,,1.9,2.0,100.0,1,1,0,100.0,0,0,0.0,3
Zane Waterman,Brampton Honey Badgers,2024-2025,defense,Post up,To Drop Step,5,Dribble Move,Post-Ups Including Passes > Left Block > Right Shoulder > Dribble Move > To Drop Step,Post-Ups Including Passes,Left Block,Right Shoulder,Dribble Move,To Drop Step,,1,50.0,1.0,56.8,0.0,100.0,0,,,,,,0,,100.0,,,0,0,,0.9,,100.0,0,0,0,,0,0,,1
Zane Waterman,Brampton Honey Badgers,2024-2025,defense,Post up,To Basket,5,Dribble Move,Post-Ups Including Passes > Left Block > Right Shoulder > Dribble Move > To Basket,Post-Ups Including Passes,Left Block,Right Shoulder,Dribble Move,To Basket,,1,50.0,2.0,100.0,0.0,0.0,0,,,,100.0,,1,100.0,0.0,,,1,0,,1.0,0.0,100.0,1,1,0,100.0,0,0,0.0,2
Zane Waterman,Brampton Honey Badgers,2024-2025,defense,Post up,Face-up,3,Left Block,Post-Ups Including Passes > Left Block > Face-up,Post-Ups Including Passes,Left Block,Face-up,,,,1,25.0,2.0,100.0,0.0,0.0,0,,,,100.0,,1,100.0,0.0,,,1,0,,1.0,0.0,100.0,1,1,0,100.0,0,0,0.0,2
Zane Waterman,Brampton Honey Badgers,2024-2025,defense,Post up,Jumper,4,Face-up,Post-Ups Including Passes > Left Block > Face-up > Jumper,Post-Ups Including Passes,Left Block,Face-up,Jumper,,,1,100.0,2.0,100.0,0.0,0.0,0,,,,100.0,,1,100.0,0.0,,,1,0,,1.0,0.0,100.0,1,1,0,100.0,0,0,0.0,2
Zane Waterman,Brampton Honey Badgers,2024-2025,defense,Post up,Make 2 Pts,5,Jumper,Post-Ups Including Passes > Left Block > Face-up > Jumper > Make 2 Pts,Post-Ups Including Passes,Left Block,Face-up,Jumper,Make 2 Pts,,1,100.0,2.0,100.0,0.0,0.0,0,,,,100.0,,1,100.0,0.0,,,1,0,,1.0,0.0,100.0,1,1,0,100.0,0,0,0.0,2
Zane Waterman,Brampton Honey Badgers,2024-2025,defense,Post up,Left Shoulder,3,Left Block,Post-Ups Including Passes > Left Block > Left Shoulder,Post-Ups Including Passes,Left Block,Left Shoulder,,,,1,25.0,0.0,,100.0,0.0,0,,,,,,0,,0.0,,,0,0,,0.0,,0.0,0,0,0,,0,0,,0
Zane Waterman,Brampton Honey Badgers,2024-2025,defense,Post up,Dribble Move,4,Left Shoulder,Post-Ups Including Passes > Left Block > Left Shoulder > Dribble Move,Post-Ups Including Passes,Left Block,Left Shoulder,Dribble Move,,,1,100.0,0.0,,100.0,0.0,0,,,,,,0,,0.0,,,0,0,,0.0,,0.0,0,0,0,,0,0,,0
Zane Waterman,Brampton Honey Badgers,2024-2025,defense,Post up,Defense Commits,5,Dribble Move,Post-Ups Including Passes > Left Block > Left Shoulder > Dribble Move > Defense Commits,Post-Ups Including Passes,Left Block,Left Shoulder,Dribble Move,Defense Commits,,1,100.0,0.0,,100.0,0.0,0,,,,,,0,,0.0,,,0,0,,0.0,,0.0,0,0,0,,0,0,,0
Zane Waterman,Brampton Honey Badgers,2024-2025,defense,Post up,Post-Up - Defense Commits,1,,Post-Up - Defense Commits,Post-Up - Defense Commits,,,,,,1,0.8,0.0,,100.0,0.0,0,,,,,,0,,0.0,,,0,0,,0.0,,0.0,0,0,0,,0,0,,0
Zane Waterman,Brampton Honey Badgers,2024-2025,defense,Post up,Left Block,2,Post-Up - Defense Commits,Post-Up - Defense Commits > Left Block,Post-Up - Defense Commits,Left Block,,,,,1,100.0,0.0,,100.0,0.0,0,,,,,,0,,0.0,,,0,0,,0.0,,0.0,0,0,0,,0,0,,0
Zane Waterman,Brampton Honey Badgers,2024-2025,defense,Post up,Left Shoulder,3,Left Block,Post-Up - Defense Commits > Left Block > Left Shoulder,Post-Up - Defense Commits,Left Block,Left Shoulder,,,,1,100.0,0.0,,100.0,0.0,0,,,,,,0,,0.0,,,0,0,,0.0,,0.0,0,0,0,,0,0,,0
Zane Waterman,Brampton Honey Badgers,2024-2025,defense,Post up,Dribble Move,4,Left Shoulder,Post-Up - Defense Commits > Left Block > Left Shoulder > Dribble Move,Post-Up - Defense Commits,Left Block,Left Shoulder,Dribble Move,,,1,100.0,0.0,,100.0,0.0,0,,,,,,0,,0.0,,,0,0,,0.0,,0.0,0,0,0,,0,0,,0
Zane Waterman,Brampton Honey Badgers,2024-2025,defense,Post up,Defense Commits,5,Dribble Move,Post-Up - Defense Commits > Left Block > Left Shoulder > Dribble Move > Defense Commits,Post-Up - Defense Commits,Left Block,Left Shoulder,Dribble Move,Defense Commits,,1,100.0,0.0,,100.0,0.0,0,,,,,,0,,0.0,,,0,0,,0.0,,0.0,0,0,0,,0,0,,0
Zane Waterman,Brampton Honey Badgers,2024-2025,defense,Post up,Post-Up - Hard Double,1,,Post-Up - Hard Double,Post-Up - Hard Double,,,,,,0,0.0,,,,,0,,,,,,0,,,,,0,0,,0.0,,,0,0,0,,0,0,,0
