PLAYER,TEAM,SEASON,SIDE,TABLE,STAT,DEPTH,PARENT,PATH,LEVEL_1,LEVEL_2,LEVEL_3,LEVEL_4,LEVEL_5,LEVEL_6,POSS,%TIME,PPP,TS%,TO%,%FT,3FG ATT,3 FG%,PPP RATING,PPP RANK,FG%,%TIME RANK,FG ATT,EFG%,%SF,SSQ,PPS,FG MADE,FG MISS,SSM,TSA,FTA/FGA,SCORE%,2 FG ATT,2 FG MADE,2 FG MISS,2 FG%,3 FG MADE,3 FG MISS,3PA/FGA,PTS
Sincere Carry,Calgary Surge,2026-2027,offense,Play types,P&R Ball Handler,1,,P&R Ball Handler,P&R Ball Handler,,,,,,46,40.4,0.935,51.9,10.9,13.0,12,25.0,Very Good,71.0,40.5,85.0,37,44.6,13.0,,,15,22,,41,0.27,41.3,25,12,13,48.0,3,9,0.32,43
Sincere Carry,Calgary Surge,2026-2027,offense,Play types,P&R Ball Handler - Overall,2,P&R Ball Handler,P&R Ball Handler > P&R Ball Handler - Overall,P&R Ball Handler,P&R Ball Handler - Overall,,,,,46,100.0,0.935,51.9,10.9,13.0,12,25.0,,,40.5,,37,44.6,13.0,,,15,22,,41,0.27,41.3,25,12,13,48.0,3,9,0.32,43
Sincere Carry,Calgary Surge,2026-2027,offense,Play types,Dribble Off Pick,3,P&R Ball Handler - Overall,P&R Ball Handler > P&R Ball Handler - Overall > Dribble Off Pick,P&R Ball Handler,P&R Ball Handler - Overall,Dribble Off Pick,,,,38,82.6,0.947,51.3,7.9,10.5,12,25.0,,,40.6,,32,45.3,10.5,,,13,19,,35,0.22,42.1,20,10,10,50.0,3,9,0.38,36
Sincere Carry,Calgary Surge,2026-2027,offense,Play types,Go Away from Pick,3,P&R Ball Handler - Overall,P&R Ball Handler > P&R Ball Handler - Overall > Go Away from Pick,P&R Ball Handler,P&R Ball Handler - Overall,Go Away from Pick,,,,8,17.4,0.875,55.4,25.0,25.0,0,,,,40.0,,5,40.0,25.0,,,2,3,,6,0.6,37.5,5,2,3,40.0,0,0,0.0,7
Sincere Carry,Calgary Surge,2026-2027,offense,Play types,High P&R,2,P&R Ball Handler,P&R Ball Handler > High P&R,P&R Ball Handler,High P&R,,,,,33,71.7,1.03,59.6,15.2,15.2,7,28.6,,,48.0,,25,52.0,15.2,,,12,13,,29,0.32,45.5,18,10,8,55.6,2,5,0.28,34
Sincere Carry,Calgary Surge,2026-2027,offense,Play types,Dribble Off Pick,3,High P&R,P&R Ball Handler > High P&R > Dribble Off Pick,P&R Ball Handler,High P&R,Dribble Off Pick,,,,27,81.8,1.0,55.8,11.1,11.1,7,28.6,,,45.5,,22,50.0,11.1,,,10,12,,24,0.23,44.4,15,8,7,53.3,2,5,0.32,27
Sincere Carry,Calgary Surge,2026-2027,offense,Play types,Dribble Jumper,4,Dribble Off Pick,P&R Ball Handler > High P&R > Dribble Off Pick > Dribble Jumper,P&R Ball Handler,High P&R,Dribble Off Pick,Dribble Jumper,,,13,48.1,0.923,46.2,0.0,0.0,7,28.6,,,38.5,,13,46.2,0.0,,,5,8,,13,0.0,38.5,6,3,3,50.0,2,5,0.54,12
Sincere Carry,Calgary Surge,2026-2027,offense,Play types,Long/3pt,5,Dribble Jumper,P&R Ball Handler > High P&R > Dribble Off Pick > Dribble Jumper > Long/3pt,P&R Ball Handler,High P&R,Dribble Off Pick,Dribble Jumper,Long/3pt,,7,53.8,0.857,42.9,0.0,0.0,7,28.6,,,28.6,,7,42.9,0.0,,,2,5,,7,0.0,28.6,0,0,0,,2,5,1.0,6
Sincere Carry,Calgary Surge,2026-2027,offense,Play types,Short to < 17,5,Dribble Jumper,P&R Ball Handler > High P&R > Dribble Off Pick > Dribble Jumper > Short to < 17,P&R Ball Handler,High P&R,Dribble Off Pick,Dribble Jumper,Short to < 17,,4,30.8,1.5,75.0,0.0,0.0,0,,,,75.0,,4,75.0,0.0,,,3,1,,4,0.0,75.0,4,3,1,75.0,0,0,0.0,6
Sincere Carry,Calgary Surge,2026-2027,offense,Play types,Medium/17' to 3pt,5,Dribble Jumper,P&R Ball Handler > High P&R > Dribble Off Pick > Dribble Jumper > Medium/17' to 3pt,P&R Ball Handler,High P&R,Dribble Off Pick,Dribble Jumper,Medium/17' to 3pt,,2,15.4,0.0,0.0,0.0,0.0,0,,,,0.0,,2,0.0,0.0,,,0,2,,2,0.0,0.0,2,0,2,0.0,0,0,0.0,0
Sincere Carry,Calgary Surge,2026-2027,offense,Play types,To Basket,4,Dribble Off Pick,P&R Ball Handler > High P&R > Dribble Off Pick > To Basket,P&R Ball Handler,High P&R,Dribble Off Pick,To Basket,,,11,40.7,1.364,67.0,0.0,27.3,0,,,,55.6,,9,55.6,27.3,,,5,4,,11,0.56,63.6,9,5,4,55.6,0,0,0.0,15
Sincere Carry,Calgary Surge,2026-2027,offense,Play types,Make 2 Pts,5,To Basket,P&R Ball Handler > High P&R > Dribble Off Pick > To Basket > Make 2 Pts,P&R Ball Handler,High P&R,Dribble Off Pick,To Basket,Make 2 Pts,,4,36.4,2.0,100.0,0.0,0.0,0,,,,100.0,,4,100.0,0.0,,,4,0,,4,0.0,100.0,4,4,0,100.0,0,0,0.0,8
Sincere Carry,Calgary Surge,2026-2027,offense,Play types,Miss 2 Pts,5,To Basket,P&R Ball Handler > High P&R > Dribble Off Pick > To Basket > Miss 2 Pts,P&R Ball Handler,High P&R,Dribble Off Pick,To Basket,Miss 2 Pts,,4,36.4,0.0,0.0,0.0,0.0,0,,,,0.0,,4,0.0,0.0,,,0,4,,4,0.0,0.0,4,0,4,0.0,0,0,0.0,0
Sincere Carry,Calgary Surge,2026-2027,offense,Play types,Foul,5,To Basket,P&R Ball Handler > High P&R > Dribble Off Pick > To Basket > Foul,P&R Ball Handler,High P&R,Dribble Off Pick,To Basket,Foul,,2,18.2,2.0,113.6,0.0,100.0,0,,,,,,0,,100.0,,,0,0,,2,,100.0,0,0,0,,0,0,,4
Sincere Carry,Calgary Surge,2026-2027,offense,Play types,Make 2 Pts Foul,5,To Basket,P&R Ball Handler > High P&R > Dribble Off Pick > To Basket > Make 2 Pts Foul,P&R Ball Handler,High P&R,Dribble Off Pick,To Basket,Make 2 Pts Foul,,1,9.1,3.0,104.2,0.0,100.0,0,,,,100.0,,1,100.0,100.0,,,1,0,,1,1.0,100.0,1,1,0,100.0,0,0,0.0,3
Sincere Carry,Calgary Surge,2026-2027,offense,Play types,Defense Commits,4,Dribble Off Pick,P&R Ball Handler > High P&R > Dribble Off Pick > Defense Commits,P&R Ball Handler,High P&R,Dribble Off Pick,Defense Commits,,,2,7.4,0.0,,100.0,0.0,0,,,,,,0,,0.0,,,0,0,,0,,0.0,0,0,0,,0,0,,0
Sincere Carry,Calgary Surge,2026-2027,offense,Play types,Turnover,5,Defense Commits,P&R Ball Handler > High P&R > Dribble Off Pick > Defense Commits > Turnover,P&R Ball Handler,High P&R,Dribble Off Pick,Defense Commits,Turnover,,2,100.0,0.0,,100.0,0.0,0,,,,,,0,,0.0,,,0,0,,0,,0.0,0,0,0,,0,0,,0
Sincere Carry,Calgary Surge,2026-2027,offense,Play types,Turnover,4,Dribble Off Pick,P&R Ball Handler > High P&R > Dribble Off Pick > Turnover,P&R Ball Handler,High P&R,Dribble Off Pick,Turnover,,,1,3.7,0.0,,100.0,0.0,0,,,,,,0,,0.0,,,0,0,,0,,0.0,0,0,0,,0,0,,0
Sincere Carry,Calgary Surge,2026-2027,offense,Play types,Go Away from Pick,3,High P&R,P&R Ball Handler > High P&R > Go Away from Pick,P&R Ball Handler,High P&R,Go Away from Pick,,,,6,18.2,1.167,81.0,33.3,33.3,0,,,,66.7,,3,66.7,33.3,,,2,1,,4,1.0,50.0,3,2,1,66.7,0,0,0.0,7
Sincere Carry,Calgary Surge,2026-2027,offense,Play types,To Basket,4,Go Away from Pick,P&R Ball Handler > High P&R > Go Away from Pick > To Basket,P&R Ball Handler,High P&R,Go Away from Pick,To Basket,,,4,66.7,1.75,81.0,0.0,50.0,0,,,,66.7,,3,66.7,50.0,,,2,1,,4,1.0,75.0,3,2,1,66.7,0,0,0.0,7
Sincere Carry,Calgary Surge,2026-2027,offense,Play types,Make 2 Pts Foul,5,To Basket,P&R Ball Handler > High P&R > Go Away from Pick > To Basket > Make 2 Pts Foul,P&R Ball Handler,High P&R,Go Away from Pick,To Basket,Make 2 Pts Foul,,1,25.0,3.0,104.2,0.0,100.0,0,,,,100.0,,1,100.0,100.0,,,1,0,,1,1.0,100.0,1,1,0,100.0,0,0,0.0,3
Sincere Carry,Calgary Surge,2026-2027,offense,Play types,Foul,5,To Basket,P&R Ball Handler > High P&R > Go Away from Pick > To Basket > Foul,P&R Ball Handler,High P&R,Go Away from Pick,To Basket,Foul,,1,25.0,2.0,113.6,0.0,100.0,0,,,,,,0,,100.0,,,0,0,,1,,100.0,0,0,0,,0,0,,2
Sincere Carry,Calgary Surge,2026-2027,offense,Play types,Miss 2 Pts,5,To Basket,P&R Ball Handler > High P&R > Go Away from Pick > To Basket > Miss 2 Pts,P&R Ball Handler,High P&R,Go Away from Pick,To Basket,Miss 2 Pts,,1,25.0,0.0,0.0,0.0,0.0,0,,,,0.0,,1,0.0,0.0,,,0,1,,1,0.0,0.0,1,0,1,0.0,0,0,0.0,0
Sincere Carry,Calgary Surge,2026-2027,offense,Play types,Make 2 Pts,5,To Basket,P&R Ball Handler > High P&R > Go Away from Pick > To Basket > Make 2 Pts,P&R Ball Handler,High P&R,Go Away from Pick,To Basket,Make 2 Pts,,1,25.0,2.0,100.0,0.0,0.0,0,,,,100.0,,1,100.0,0.0,,,1,0,,1,0.0,100.0,1,1,0,100.0,0,0,0.0,2
Sincere Carry,Calgary Surge,2026-2027,offense,Play types,Defense Commits,4,Go Away from Pick,P&R Ball Handler > High P&R > Go Away from Pick > Defense Commits,P&R Ball Handler,High P&R,Go Away from Pick,Defense Commits,,,2,33.3,0.0,,100.0,0.0,0,,,,,,0,,0.0,,,0,0,,0,,0.0,0,0,0,,0,0,,0
Sincere Carry,Calgary Surge,2026-2027,offense,Play types,Turnover,5,Defense Commits,P&R Ball Handler > High P&R > Go Away from Pick > Defense Commits > Turnover,P&R Ball Handler,High P&R,Go Away from Pick,Defense Commits,Turnover,,2,100.0,0.0,,100.0,0.0,0,,,,,,0,,0.0,,,0,0,,0,,0.0,0,0,0,,0,0,,0
Sincere Carry,Calgary Surge,2026-2027,offense,Play types,Right P&R,2,P&R Ball Handler,P&R Ball Handler > Right P&R,P&R Ball Handler,Right P&R,,,,,7,15.2,1.0,50.0,0.0,0.0,3,33.3,,,42.9,,7,50.0,0.0,,,3,4,,7,0.0,42.9,4,2,2,50.0,1,2,0.43,7
Sincere Carry,Calgary Surge,2026-2027,offense,Play types,Baseline,3,Right P&R,P&R Ball Handler > Right P&R > Baseline,P&R Ball Handler,Right P&R,Baseline,,,,5,71.4,1.4,70.0,0.0,0.0,3,33.3,,,60.0,,5,70.0,0.0,,,3,2,,5,0.0,60.0,2,2,0,100.0,1,2,0.6,7
Sincere Carry,Calgary Surge,2026-2027,offense,Play types,Dribble Off Pick,4,Baseline,P&R Ball Handler > Right P&R > Baseline > Dribble Off Pick,P&R Ball Handler,Right P&R,Baseline,Dribble Off Pick,,,5,100.0,1.4,70.0,0.0,0.0,3,33.3,,,60.0,,5,70.0,0.0,,,3,2,,5,0.0,60.0,2,2,0,100.0,1,2,0.6,7
Sincere Carry,Calgary Surge,2026-2027,offense,Play types,Dribble Jumper,5,Dribble Off Pick,P&R Ball Handler > Right P&R > Baseline > Dribble Off Pick > Dribble Jumper,P&R Ball Handler,Right P&R,Baseline,Dribble Off Pick,Dribble Jumper,,3,60.0,1.0,50.0,0.0,0.0,3,33.3,,,33.3,,3,50.0,0.0,,,1,2,,3,0.0,33.3,0,0,0,,1,2,1.0,3
Sincere Carry,Calgary Surge,2026-2027,offense,Play types,To Basket,5,Dribble Off Pick,P&R Ball Handler > Right P&R > Baseline > Dribble Off Pick > To Basket,P&R Ball Handler,Right P&R,Baseline,Dribble Off Pick,To Basket,,2,40.0,2.0,100.0,0.0,0.0,0,,,,100.0,,2,100.0,0.0,,,2,0,,2,0.0,100.0,2,2,0,100.0,0,0,0.0,4
Sincere Carry,Calgary Surge,2026-2027,offense,Play types,Side,3,Right P&R,P&R Ball Handler > Right P&R > Side,P&R Ball Handler,Right P&R,Side,,,,2,28.6,0.0,0.0,0.0,0.0,0,,,,0.0,,2,0.0,0.0,,,0,2,,2,0.0,0.0,2,0,2,0.0,0,0,0.0,0
Sincere Carry,Calgary Surge,2026-2027,offense,Play types,Go Away from Pick,4,Side,P&R Ball Handler > Right P&R > Side > Go Away from Pick,P&R Ball Handler,Right P&R,Side,Go Away from Pick,,,2,100.0,0.0,0.0,0.0,0.0,0,,,,0.0,,2,0.0,0.0,,,0,2,,2,0.0,0.0,2,0,2,0.0,0,0,0.0,0
Sincere Carry,Calgary Surge,2026-2027,offense,Play types,To Basket,5,Go Away from Pick,P&R Ball Handler > Right P&R > Side > Go Away from Pick > To Basket,P&R Ball Handler,Right P&R,Side,Go Away from Pick,To Basket,,2,100.0,0.0,0.0,0.0,0.0,0,,,,0.0,,2,0.0,0.0,,,0,2,,2,0.0,0.0,2,0,2,0.0,0,0,0.0,0
Sincere Carry,Calgary Surge,2026-2027,offense,Play types,Left P&R,2,P&R Ball Handler,P&R Ball Handler > Left P&R,P&R Ball Handler,Left P&R,,,,,6,13.0,0.333,17.0,0.0,16.7,2,0.0,,,0.0,,5,0.0,16.7,,,0,5,,6,0.4,16.7,3,0,3,0.0,0,2,0.4,2
Sincere Carry,Calgary Surge,2026-2027,offense,Play types,Baseline,3,Left P&R,P&R Ball Handler > Left P&R > Baseline,P&R Ball Handler,Left P&R,Baseline,,,,5,83.3,0.4,20.5,0.0,20.0,2,0.0,,,0.0,,4,0.0,20.0,,,0,4,,5,0.5,20.0,2,0,2,0.0,0,2,0.5,2
Sincere Carry,Calgary Surge,2026-2027,offense,Play types,Dribble Off Pick,4,Baseline,P&R Ball Handler > Left P&R > Baseline > Dribble Off Pick,P&R Ball Handler,Left P&R,Baseline,Dribble Off Pick,,,5,100.0,0.4,20.5,0.0,20.0,2,0.0,,,0.0,,4,0.0,20.0,,,0,4,,5,0.5,20.0,2,0,2,0.0,0,2,0.5,2
Sincere Carry,Calgary Surge,2026-2027,offense,Play types,Dribble Jumper,5,Dribble Off Pick,P&R Ball Handler > Left P&R > Baseline > Dribble Off Pick > Dribble Jumper,P&R Ball Handler,Left P&R,Baseline,Dribble Off Pick,Dribble Jumper,,4,80.0,0.5,25.8,0.0,25.0,2,0.0,,,0.0,,3,0.0,25.0,,,0,3,,4,0.67,25.0,1,0,1,0.0,0,2,0.67,2
Sincere Carry,Calgary Surge,2026-2027,offense,Play types,To Basket,5,Dribble Off Pick,P&R Ball Handler > Left P&R > Baseline > Dribble Off Pick > To Basket,P&R Ball Handler,Left P&R,Baseline,Dribble Off Pick,To Basket,,1,20.0,0.0,0.0,0.0,0.0,0,,,,0.0,,1,0.0,0.0,,,0,1,,1,0.0,0.0,1,0,1,0.0,0,0,0.0,0
Sincere Carry,Calgary Surge,2026-2027,offense,Play types,Side,3,Left P&R,P&R Ball Handler > Left P&R > Side,P&R Ball Handler,Left P&R,Side,,,,1,16.7,0.0,0.0,0.0,0.0,0,,,,0.0,,1,0.0,0.0,,,0,1,,1,0.0,0.0,1,0,1,0.0,0,0,0.0,0
Sincere Carry,Calgary Surge,2026-2027,offense,Play types,Dribble Off Pick,4,Side,P&R Ball Handler > Left P&R > Side > Dribble Off Pick,P&R Ball Handler,Left P&R,Side,Dribble Off Pick,,,1,100.0,0.0,0.0,0.0,0.0,0,,,,0.0,,1,0.0,0.0,,,0,1,,1,0.0,0.0,1,0,1,0.0,0,0,0.0,0
Sincere Carry,Calgary Surge,2026-2027,offense,Play types,To Basket,5,Dribble Off Pick,P&R Ball Handler > Left P&R > Side > Dribble Off Pick > To Basket,P&R Ball Handler,Left P&R,Side,Dribble Off Pick,To Basket,,1,100.0,0.0,0.0,0.0,0.0,0,,,,0.0,,1,0.0,0.0,,,0,1,,1,0.0,0.0,1,0,1,0.0,0,0,0.0,0
Sincere Carry,Calgary Surge,2026-2027,offense,Play types,Isolation,1,,Isolation,Isolation,,,,,,25,21.9,1.0,52.6,4.0,8.0,7,28.6,Very Good,73.0,45.5,99.0,22,50.0,4.0,,,10,12,,24,0.18,48.0,15,8,7,53.3,2,5,0.32,25
Sincere Carry,Calgary Surge,2026-2027,offense,Play types,Isolation - Overall,2,Isolation,Isolation > Isolation - Overall,Isolation,Isolation - Overall,,,,,25,100.0,1.0,52.6,4.0,8.0,7,28.6,,,45.5,,22,50.0,4.0,,,10,12,,24,0.18,48.0,15,8,7,53.3,2,5,0.32,25
Sincere Carry,Calgary Surge,2026-2027,offense,Play types,Drives Right,3,Isolation - Overall,Isolation > Isolation - Overall > Drives Right,Isolation,Isolation - Overall,Drives Right,,,,11,44.0,1.182,60.4,0.0,18.2,0,,,,55.6,,9,55.6,9.1,,,5,4,,11,0.44,63.6,9,5,4,55.6,0,0,0.0,13
Sincere Carry,Calgary Surge,2026-2027,offense,Play types,Drives Left,3,Isolation - Overall,Isolation > Isolation - Overall > Drives Left,Isolation,Isolation - Overall,Drives Left,,,,8,32.0,0.75,42.9,12.5,0.0,1,0.0,,,42.9,,7,42.9,0.0,,,3,4,,7,0.0,37.5,6,3,3,50.0,0,1,0.14,6
Sincere Carry,Calgary Surge,2026-2027,offense,Play types,Early Jumper,3,Isolation - Overall,Isolation > Isolation - Overall > Early Jumper,Isolation,Isolation - Overall,Early Jumper,,,,6,24.0,1.0,50.0,0.0,0.0,6,33.3,,,33.3,,6,50.0,0.0,,,2,4,,6,0.0,33.3,0,0,0,,2,4,1.0,6
Sincere Carry,Calgary Surge,2026-2027,offense,Play types,Left,2,Isolation,Isolation > Left,Isolation,Left,,,,,11,44.0,1.455,72.7,0.0,0.0,4,50.0,,,63.6,,11,72.7,0.0,,,7,4,,11,0.0,63.6,7,5,2,71.4,2,2,0.36,16
Sincere Carry,Calgary Surge,2026-2027,offense,Play types,Early Jumper,3,Left,Isolation > Left > Early Jumper,Isolation,Left,Early Jumper,,,,4,36.4,1.5,75.0,0.0,0.0,4,50.0,,,50.0,,4,75.0,0.0,,,2,2,,4,0.0,50.0,0,0,0,,2,2,1.0,6
Sincere Carry,Calgary Surge,2026-2027,offense,Play types,Dribble Jumper,4,Early Jumper,Isolation > Left > Early Jumper > Dribble Jumper,Isolation,Left,Early Jumper,Dribble Jumper,,,4,100.0,1.5,75.0,0.0,0.0,4,50.0,,,50.0,,4,75.0,0.0,,,2,2,,4,0.0,50.0,0,0,0,,2,2,1.0,6
Sincere Carry,Calgary Surge,2026-2027,offense,Play types,Long/3pt,5,Dribble Jumper,Isolation > Left > Early Jumper > Dribble Jumper > Long/3pt,Isolation,Left,Early Jumper,Dribble Jumper,Long/3pt,,4,100.0,1.5,75.0,0.0,0.0,4,50.0,,,50.0,,4,75.0,0.0,,,2,2,,4,0.0,50.0,0,0,0,,2,2,1.0,6
Sincere Carry,Calgary Surge,2026-2027,offense,Play types,Drives Right,3,Left,Isolation > Left > Drives Right,Isolation,Left,Drives Right,,,,4,36.4,1.5,75.0,0.0,0.0,0,,,,75.0,,4,75.0,0.0,,,3,1,,4,0.0,75.0,4,3,1,75.0,0,0,0.0,6
Sincere Carry,Calgary Surge,2026-2027,offense,Play types,To Basket,4,Drives Right,Isolation > Left > Drives Right > To Basket,Isolation,Left,Drives Right,To Basket,,,2,50.0,1.0,50.0,0.0,0.0,0,,,,50.0,,2,50.0,0.0,,,1,1,,2,0.0,50.0,2,1,1,50.0,0,0,0.0,2
Sincere Carry,Calgary Surge,2026-2027,offense,Play types,Miss 2 Pts,5,To Basket,Isolation > Left > Drives Right > To Basket > Miss 2 Pts,Isolation,Left,Drives Right,To Basket,Miss 2 Pts,,1,50.0,0.0,0.0,0.0,0.0,0,,,,0.0,,1,0.0,0.0,,,0,1,,1,0.0,0.0,1,0,1,0.0,0,0,0.0,0
Sincere Carry,Calgary Surge,2026-2027,offense,Play types,Make 2 Pts,5,To Basket,Isolation > Left > Drives Right > To Basket > Make 2 Pts,Isolation,Left,Drives Right,To Basket,Make 2 Pts,,1,50.0,2.0,100.0,0.0,0.0,0,,,,100.0,,1,100.0,0.0,,,1,0,,1,0.0,100.0,1,1,0,100.0,0,0,0.0,2
Sincere Carry,Calgary Surge,2026-2027,offense,Play types,Dribble Jumper,4,Drives Right,Isolation > Left > Drives Right > Dribble Jumper,Isolation,Left,Drives Right,Dribble Jumper,,,2,50.0,2.0,100.0,0.0,0.0,0,,,,100.0,,2,100.0,0.0,,,2,0,,2,0.0,100.0,2,2,0,100.0,0,0,0.0,4
Sincere Carry,Calgary Surge,2026-2027,offense,Play types,Short to < 17,5,Dribble Jumper,Isolation > Left > Drives Right > Dribble Jumper > Short to < 17,Isolation,Left,Drives Right,Dribble Jumper,Short to < 17,,2,100.0,2.0,100.0,0.0,0.0,0,,,,100.0,,2,100.0,0.0,,,2,0,,2,0.0,100.0,2,2,0,100.0,0,0,0.0,4
Sincere Carry,Calgary Surge,2026-2027,offense,Play types,Drives Left,3,Left,Isolation > Left > Drives Left,Isolation,Left,Drives Left,,,,3,27.3,1.333,66.7,0.0,0.0,0,,,,66.7,,3,66.7,0.0,,,2,1,,3,0.0,66.7,3,2,1,66.7,0,0,0.0,4
Sincere Carry,Calgary Surge,2026-2027,offense,Play types,To Basket,4,Drives Left,Isolation > Left > Drives Left > To Basket,Isolation,Left,Drives Left,To Basket,,,2,66.7,2.0,100.0,0.0,0.0,0,,,,100.0,,2,100.0,0.0,,,2,0,,2,0.0,100.0,2,2,0,100.0,0,0,0.0,4
Sincere Carry,Calgary Surge,2026-2027,offense,Play types,Make 2 Pts,5,To Basket,Isolation > Left > Drives Left > To Basket > Make 2 Pts,Isolation,Left,Drives Left,To Basket,Make 2 Pts,,2,100.0,2.0,100.0,0.0,0.0,0,,,,100.0,,2,100.0,0.0,,,2,0,,2,0.0,100.0,2,2,0,100.0,0,0,0.0,4
Sincere Carry,Calgary Surge,2026-2027,offense,Play types,Dribble Jumper,4,Drives Left,Isolation > Left > Drives Left > Dribble Jumper,Isolation,Left,Drives Left,Dribble Jumper,,,1,33.3,0.0,0.0,0.0,0.0,0,,,,0.0,,1,0.0,0.0,,,0,1,,1,0.0,0.0,1,0,1,0.0,0,0,0.0,0
Sincere Carry,Calgary Surge,2026-2027,offense,Play types,Short to < 17,5,Dribble Jumper,Isolation > Left > Drives Left > Dribble Jumper > Short to < 17,Isolation,Left,Drives Left,Dribble Jumper,Short to < 17,,1,100.0,0.0,0.0,0.0,0.0,0,,,,0.0,,1,0.0,0.0,,,0,1,,1,0.0,0.0,1,0,1,0.0,0,0,0.0,0
Sincere Carry,Calgary Surge,2026-2027,offense,Play types,Top,2,Isolation,Isolation > Top,Isolation,Top,,,,,11,44.0,0.727,40.5,9.1,9.1,2,0.0,,,33.3,,9,33.3,9.1,,,3,6,,10,0.22,36.4,7,3,4,42.9,0,2,0.22,8
Sincere Carry,Calgary Surge,2026-2027,offense,Play types,Drives Right,3,Top,Isolation > Top > Drives Right,Isolation,Top,Drives Right,,,,6,54.5,1.0,51.0,0.0,16.7,0,,,,40.0,,5,40.0,16.7,,,2,3,,6,0.4,50.0,5,2,3,40.0,0,0,0.0,6
Sincere Carry,Calgary Surge,2026-2027,offense,Play types,Dribble Jumper,4,Drives Right,Isolation > Top > Drives Right > Dribble Jumper,Isolation,Top,Drives Right,Dribble Jumper,,,3,50.0,0.0,0.0,0.0,0.0,0,,,,0.0,,3,0.0,0.0,,,0,3,,3,0.0,0.0,3,0,3,0.0,0,0,0.0,0
Sincere Carry,Calgary Surge,2026-2027,offense,Play types,Short to < 17,5,Dribble Jumper,Isolation > Top > Drives Right > Dribble Jumper > Short to < 17,Isolation,Top,Drives Right,Dribble Jumper,Short to < 17,,3,100.0,0.0,0.0,0.0,0.0,0,,,,0.0,,3,0.0,0.0,,,0,3,,3,0.0,0.0,3,0,3,0.0,0,0,0.0,0
Sincere Carry,Calgary Surge,2026-2027,offense,Play types,To Basket,4,Drives Right,Isolation > Top > Drives Right > To Basket,Isolation,Top,Drives Right,To Basket,,,3,50.0,2.0,104.2,0.0,33.3,0,,,,100.0,,2,100.0,33.3,,,2,0,,3,1.0,100.0,2,2,0,100.0,0,0,0.0,6
Sincere Carry,Calgary Surge,2026-2027,offense,Play types,Make 2 Pts,5,To Basket,Isolation > Top > Drives Right > To Basket > Make 2 Pts,Isolation,Top,Drives Right,To Basket,Make 2 Pts,,2,66.7,2.0,100.0,0.0,0.0,0,,,,100.0,,2,100.0,0.0,,,2,0,,2,0.0,100.0,2,2,0,100.0,0,0,0.0,4
Sincere Carry,Calgary Surge,2026-2027,offense,Play types,Foul,5,To Basket,Isolation > Top > Drives Right > To Basket > Foul,Isolation,Top,Drives Right,To Basket,Foul,,1,33.3,2.0,113.6,0.0,100.0,0,,,,,,0,,100.0,,,0,0,,1,,100.0,0,0,0,,0,0,,2
Sincere Carry,Calgary Surge,2026-2027,offense,Play types,Drives Left,3,Top,Isolation > Top > Drives Left,Isolation,Top,Drives Left,,,,4,36.4,0.5,33.3,25.0,0.0,1,0.0,,,33.3,,3,33.3,0.0,,,1,2,,3,0.0,25.0,2,1,1,50.0,0,1,0.33,2
Sincere Carry,Calgary Surge,2026-2027,offense,Play types,To Basket,4,Drives Left,Isolation > Top > Drives Left > To Basket,Isolation,Top,Drives Left,To Basket,,,2,50.0,1.0,50.0,0.0,0.0,0,,,,50.0,,2,50.0,0.0,,,1,1,,2,0.0,50.0,2,1,1,50.0,0,0,0.0,2
Sincere Carry,Calgary Surge,2026-2027,offense,Play types,Miss 2 Pts,5,To Basket,Isolation > Top > Drives Left > To Basket > Miss 2 Pts,Isolation,Top,Drives Left,To Basket,Miss 2 Pts,,1,50.0,0.0,0.0,0.0,0.0,0,,,,0.0,,1,0.0,0.0,,,0,1,,1,0.0,0.0,1,0,1,0.0,0,0,0.0,0
Sincere Carry,Calgary Surge,2026-2027,offense,Play types,Make 2 Pts,5,To Basket,Isolation > Top > Drives Left > To Basket > Make 2 Pts,Isolation,Top,Drives Left,To Basket,Make 2 Pts,,1,50.0,2.0,100.0,0.0,0.0,0,,,,100.0,,1,100.0,0.0,,,1,0,,1,0.0,100.0,1,1,0,100.0,0,0,0.0,2
Sincere Carry,Calgary Surge,2026-2027,offense,Play types,Defense Commits,4,Drives Left,Isolation > Top > Drives Left > Defense Commits,Isolation,Top,Drives Left,Defense Commits,,,1,25.0,0.0,,100.0,0.0,0,,,,,,0,,0.0,,,0,0,,0,,0.0,0,0,0,,0,0,,0
Sincere Carry,Calgary Surge,2026-2027,offense,Play types,Turnover,5,Defense Commits,Isolation > Top > Drives Left > Defense Commits > Turnover,Isolation,Top,Drives Left,Defense Commits,Turnover,,1,100.0,0.0,,100.0,0.0,0,,,,,,0,,0.0,,,0,0,,0,,0.0,0,0,0,,0,0,,0
Sincere Carry,Calgary Surge,2026-2027,offense,Play types,Dribble Jumper,4,Drives Left,Isolation > Top > Drives Left > Dribble Jumper,Isolation,Top,Drives Left,Dribble Jumper,,,1,25.0,0.0,0.0,0.0,0.0,1,0.0,,,0.0,,1,0.0,0.0,,,0,1,,1,0.0,0.0,0,0,0,,0,1,1.0,0
Sincere Carry,Calgary Surge,2026-2027,offense,Play types,Long/3pt,5,Dribble Jumper,Isolation > Top > Drives Left > Dribble Jumper > Long/3pt,Isolation,Top,Drives Left,Dribble Jumper,Long/3pt,,1,100.0,0.0,0.0,0.0,0.0,1,0.0,,,0.0,,1,0.0,0.0,,,0,1,,1,0.0,0.0,0,0,0,,0,1,1.0,0
Sincere Carry,Calgary Surge,2026-2027,offense,Play types,Early Jumper,3,Top,Isolation > Top > Early Jumper,Isolation,Top,Early Jumper,,,,1,9.1,0.0,0.0,0.0,0.0,1,0.0,,,0.0,,1,0.0,0.0,,,0,1,,1,0.0,0.0,0,0,0,,0,1,1.0,0
Sincere Carry,Calgary Surge,2026-2027,offense,Play types,Dribble Jumper,4,Early Jumper,Isolation > Top > Early Jumper > Dribble Jumper,Isolation,Top,Early Jumper,Dribble Jumper,,,1,100.0,0.0,0.0,0.0,0.0,1,0.0,,,0.0,,1,0.0,0.0,,,0,1,,1,0.0,0.0,0,0,0,,0,1,1.0,0
Sincere Carry,Calgary Surge,2026-2027,offense,Play types,Long/3pt,5,Dribble Jumper,Isolation > Top > Early Jumper > Dribble Jumper > Long/3pt,Isolation,Top,Early Jumper,Dribble Jumper,Long/3pt,,1,100.0,0.0,0.0,0.0,0.0,1,0.0,,,0.0,,1,0.0,0.0,,,0,1,,1,0.0,0.0,0,0,0,,0,1,1.0,0
Sincere Carry,Calgary Surge,2026-2027,offense,Play types,Right,2,Isolation,Isolation > Right,Isolation,Right,,,,,3,12.0,0.333,17.4,0.0,33.3,1,0.0,,,0.0,,2,0.0,0.0,,,0,2,,3,1.0,33.3,1,0,1,0.0,0,1,0.5,1
Sincere Carry,Calgary Surge,2026-2027,offense,Play types,Early Jumper,3,Right,Isolation > Right > Early Jumper,Isolation,Right,Early Jumper,,,,1,33.3,0.0,0.0,0.0,0.0,1,0.0,,,0.0,,1,0.0,0.0,,,0,1,,1,0.0,0.0,0,0,0,,0,1,1.0,0
Sincere Carry,Calgary Surge,2026-2027,offense,Play types,Dribble Jumper,4,Early Jumper,Isolation > Right > Early Jumper > Dribble Jumper,Isolation,Right,Early Jumper,Dribble Jumper,,,1,100.0,0.0,0.0,0.0,0.0,1,0.0,,,0.0,,1,0.0,0.0,,,0,1,,1,0.0,0.0,0,0,0,,0,1,1.0,0
Sincere Carry,Calgary Surge,2026-2027,offense,Play types,Long/3pt,5,Dribble Jumper,Isolation > Right > Early Jumper > Dribble Jumper > Long/3pt,Isolation,Right,Early Jumper,Dribble Jumper,Long/3pt,,1,100.0,0.0,0.0,0.0,0.0,1,0.0,,,0.0,,1,0.0,0.0,,,0,1,,1,0.0,0.0,0,0,0,,0,1,1.0,0
Sincere Carry,Calgary Surge,2026-2027,offense,Play types,Drives Left,3,Right,Isolation > Right > Drives Left,Isolation,Right,Drives Left,,,,1,33.3,0.0,0.0,0.0,0.0,0,,,,0.0,,1,0.0,0.0,,,0,1,,1,0.0,0.0,1,0,1,0.0,0,0,0.0,0
Sincere Carry,Calgary Surge,2026-2027,offense,Play types,Dribble Jumper,4,Drives Left,Isolation > Right > Drives Left > Dribble Jumper,Isolation,Right,Drives Left,Dribble Jumper,,,1,100.0,0.0,0.0,0.0,0.0,0,,,,0.0,,1,0.0,0.0,,,0,1,,1,0.0,0.0,1,0,1,0.0,0,0,0.0,0
Sincere Carry,Calgary Surge,2026-2027,offense,Play types,Short to < 17,5,Dribble Jumper,Isolation > Right > Drives Left > Dribble Jumper > Short to < 17,Isolation,Right,Drives Left,Dribble Jumper,Short to < 17,,1,100.0,0.0,0.0,0.0,0.0,0,,,,0.0,,1,0.0,0.0,,,0,1,,1,0.0,0.0,1,0,1,0.0,0,0,0.0,0
Sincere Carry,Calgary Surge,2026-2027,offense,Play types,Drives Right,3,Right,Isolation > Right > Drives Right,Isolation,Right,Drives Right,,,,1,33.3,1.0,56.8,0.0,100.0,0,,,,,,0,,0.0,,,0,0,,1,,100.0,0,0,0,,0,0,,1
Sincere Carry,Calgary Surge,2026-2027,offense,Play types,Defense Commits,4,Drives Right,Isolation > Right > Drives Right > Defense Commits,Isolation,Right,Drives Right,Defense Commits,,,1,100.0,1.0,56.8,0.0,100.0,0,,,,,,0,,0.0,,,0,0,,1,,100.0,0,0,0,,0,0,,1
Sincere Carry,Calgary Surge,2026-2027,offense,Play types,Foul,5,Defense Commits,Isolation > Right > Drives Right > Defense Commits > Foul,Isolation,Right,Drives Right,Defense Commits,Foul,,1,100.0,1.0,56.8,0.0,100.0,0,,,,,,0,,0.0,,,0,0,,1,,100.0,0,0,0,,0,0,,1
Sincere Carry,Calgary Surge,2026-2027,offense,Play types,Spot Up,1,,Spot Up,Spot Up,,,,,,14,12.3,0.857,46.2,7.1,0.0,7,28.6,Average,36.0,38.5,9.0,13,46.2,0.0,,,5,8,,13,0.0,35.7,6,3,3,50.0,2,5,0.54,12
Sincere Carry,Calgary Surge,2026-2027,offense,Play types,Drives Left,2,Spot Up,Spot Up > Drives Left,Spot Up,Drives Left,,,,,6,42.9,1.0,60.0,16.7,0.0,0,,,,60.0,,5,60.0,0.0,,,3,2,,5,0.0,50.0,5,3,2,60.0,0,0,0.0,6
Sincere Carry,Calgary Surge,2026-2027,offense,Play types,To Basket,3,Drives Left,Spot Up > Drives Left > To Basket,Spot Up,Drives Left,To Basket,,,,4,66.7,1.0,50.0,0.0,0.0,0,,,,50.0,,4,50.0,0.0,,,2,2,,4,0.0,50.0,4,2,2,50.0,0,0,0.0,4
Sincere Carry,Calgary Surge,2026-2027,offense,Play types,Miss 2 Pts,4,To Basket,Spot Up > Drives Left > To Basket > Miss 2 Pts,Spot Up,Drives Left,To Basket,Miss 2 Pts,,,2,50.0,0.0,0.0,0.0,0.0,0,,,,0.0,,2,0.0,0.0,,,0,2,,2,0.0,0.0,2,0,2,0.0,0,0,0.0,0
Sincere Carry,Calgary Surge,2026-2027,offense,Play types,Make 2 Pts,4,To Basket,Spot Up > Drives Left > To Basket > Make 2 Pts,Spot Up,Drives Left,To Basket,Make 2 Pts,,,2,50.0,2.0,100.0,0.0,0.0,0,,,,100.0,,2,100.0,0.0,,,2,0,,2,0.0,100.0,2,2,0,100.0,0,0,0.0,4
Sincere Carry,Calgary Surge,2026-2027,offense,Play types,Dribble Jumper,3,Drives Left,Spot Up > Drives Left > Dribble Jumper,Spot Up,Drives Left,Dribble Jumper,,,,1,16.7,2.0,100.0,0.0,0.0,0,,,,100.0,,1,100.0,0.0,,,1,0,,1,0.0,100.0,1,1,0,100.0,0,0,0.0,2
Sincere Carry,Calgary Surge,2026-2027,offense,Play types,Short to < 17,4,Dribble Jumper,Spot Up > Drives Left > Dribble Jumper > Short to < 17,Spot Up,Drives Left,Dribble Jumper,Short to < 17,,,1,100.0,2.0,100.0,0.0,0.0,0,,,,100.0,,1,100.0,0.0,,,1,0,,1,0.0,100.0,1,1,0,100.0,0,0,0.0,2
Sincere Carry,Calgary Surge,2026-2027,offense,Play types,Make 2 Pts,5,Short to < 17,Spot Up > Drives Left > Dribble Jumper > Short to < 17 > Make 2 Pts,Spot Up,Drives Left,Dribble Jumper,Short to < 17,Make 2 Pts,,1,100.0,2.0,100.0,0.0,0.0,0,,,,100.0,,1,100.0,0.0,,,1,0,,1,0.0,100.0,1,1,0,100.0,0,0,0.0,2
Sincere Carry,Calgary Surge,2026-2027,offense,Play types,Turnover,3,Drives Left,Spot Up > Drives Left > Turnover,Spot Up,Drives Left,Turnover,,,,1,16.7,0.0,,100.0,0.0,0,,,,,,0,,0.0,,,0,0,,0,,0.0,0,0,0,,0,0,,0
Sincere Carry,Calgary Surge,2026-2027,offense,Play types,No Dribble Jumper,2,Spot Up,Spot Up > No Dribble Jumper,Spot Up,No Dribble Jumper,,,,,6,42.9,1.0,50.0,0.0,0.0,6,33.3,,,33.3,,6,50.0,0.0,,,2,4,,6,0.0,33.3,0,0,0,,2,4,1.0,6
Sincere Carry,Calgary Surge,2026-2027,offense,Play types,Open,3,No Dribble Jumper,Spot Up > No Dribble Jumper > Open,Spot Up,No Dribble Jumper,Open,,,,4,66.7,1.5,75.0,0.0,0.0,4,50.0,,,50.0,,4,75.0,0.0,,,2,2,,4,0.0,50.0,0,0,0,,2,2,1.0,6
Sincere Carry,Calgary Surge,2026-2027,offense,Play types,Long/3pt,4,Open,Spot Up > No Dribble Jumper > Open > Long/3pt,Spot Up,No Dribble Jumper,Open,Long/3pt,,,4,100.0,1.5,75.0,0.0,0.0,4,50.0,,,50.0,,4,75.0,0.0,,,2,2,,4,0.0,50.0,0,0,0,,2,2,1.0,6
Sincere Carry,Calgary Surge,2026-2027,offense,Play types,Miss 3 Pts,5,Long/3pt,Spot Up > No Dribble Jumper > Open > Long/3pt > Miss 3 Pts,Spot Up,No Dribble Jumper,Open,Long/3pt,Miss 3 Pts,,2,50.0,0.0,0.0,0.0,0.0,2,0.0,,,0.0,,2,0.0,0.0,,,0,2,,2,0.0,0.0,0,0,0,,0,2,1.0,0
Sincere Carry,Calgary Surge,2026-2027,offense,Play types,Make 3 Pts,5,Long/3pt,Spot Up > No Dribble Jumper > Open > Long/3pt > Make 3 Pts,Spot Up,No Dribble Jumper,Open,Long/3pt,Make 3 Pts,,2,50.0,3.0,150.0,0.0,0.0,2,100.0,,,100.0,,2,150.0,0.0,,,2,0,,2,0.0,100.0,0,0,0,,2,0,1.0,6
Sincere Carry,Calgary Surge,2026-2027,offense,Play types,Guarded,3,No Dribble Jumper,Spot Up > No Dribble Jumper > Guarded,Spot Up,No Dribble Jumper,Guarded,,,,2,33.3,0.0,0.0,0.0,0.0,2,0.0,,,0.0,,2,0.0,0.0,,,0,2,,2,0.0,0.0,0,0,0,,0,2,1.0,0
Sincere Carry,Calgary Surge,2026-2027,offense,Play types,Long/3pt,4,Guarded,Spot Up > No Dribble Jumper > Guarded > Long/3pt,Spot Up,No Dribble Jumper,Guarded,Long/3pt,,,2,100.0,0.0,0.0,0.0,0.0,2,0.0,,,0.0,,2,0.0,0.0,,,0,2,,2,0.0,0.0,0,0,0,,0,2,1.0,0
Sincere Carry,Calgary Surge,2026-2027,offense,Play types,Miss 3 Pts,5,Long/3pt,Spot Up > No Dribble Jumper > Guarded > Long/3pt > Miss 3 Pts,Spot Up,No Dribble Jumper,Guarded,Long/3pt,Miss 3 Pts,,2,100.0,0.0,0.0,0.0,0.0,2,0.0,,,0.0,,2,0.0,0.0,,,0,2,,2,0.0,0.0,0,0,0,,0,2,1.0,0
Sincere Carry,Calgary Surge,2026-2027,offense,Play types,Drives Right,2,Spot Up,Spot Up > Drives Right,Spot Up,Drives Right,,,,,2,14.3,0.0,0.0,0.0,0.0,1,0.0,,,0.0,,2,0.0,0.0,,,0,2,,2,0.0,0.0,1,0,1,0.0,0,1,0.5,0
Sincere Carry,Calgary Surge,2026-2027,offense,Play types,To Basket,3,Drives Right,Spot Up > Drives Right > To Basket,Spot Up,Drives Right,To Basket,,,,1,50.0,0.0,0.0,0.0,0.0,0,,,,0.0,,1,0.0,0.0,,,0,1,,1,0.0,0.0,1,0,1,0.0,0,0,0.0,0
Sincere Carry,Calgary Surge,2026-2027,offense,Play types,Miss 2 Pts,4,To Basket,Spot Up > Drives Right > To Basket > Miss 2 Pts,Spot Up,Drives Right,To Basket,Miss 2 Pts,,,1,100.0,0.0,0.0,0.0,0.0,0,,,,0.0,,1,0.0,0.0,,,0,1,,1,0.0,0.0,1,0,1,0.0,0,0,0.0,0
Sincere Carry,Calgary Surge,2026-2027,offense,Play types,Dribble Jumper,3,Drives Right,Spot Up > Drives Right > Dribble Jumper,Spot Up,Drives Right,Dribble Jumper,,,,1,50.0,0.0,0.0,0.0,0.0,1,0.0,,,0.0,,1,0.0,0.0,,,0,1,,1,0.0,0.0,0,0,0,,0,1,1.0,0
Sincere Carry,Calgary Surge,2026-2027,offense,Play types,Long/3pt,4,Dribble Jumper,Spot Up > Drives Right > Dribble Jumper > Long/3pt,Spot Up,Drives Right,Dribble Jumper,Long/3pt,,,1,100.0,0.0,0.0,0.0,0.0,1,0.0,,,0.0,,1,0.0,0.0,,,0,1,,1,0.0,0.0,0,0,0,,0,1,1.0,0
Sincere Carry,Calgary Surge,2026-2027,offense,Play types,Miss 3 Pts,5,Long/3pt,Spot Up > Drives Right > Dribble Jumper > Long/3pt > Miss 3 Pts,Spot Up,Drives Right,Dribble Jumper,Long/3pt,Miss 3 Pts,,1,100.0,0.0,0.0,0.0,0.0,1,0.0,,,0.0,,1,0.0,0.0,,,0,1,,1,0.0,0.0,0,0,0,,0,1,1.0,0
Sincere Carry,Calgary Surge,2026-2027,offense,Play types,Transition,1,,Transition,Transition,,,,,,12,10.5,1.0,61.5,16.7,16.7,1,100.0,Average,35.0,50.0,5.0,8,56.3,8.3,,,4,4,,10,0.5,50.0,7,3,4,42.9,1,0,0.13,12
Sincere Carry,Calgary Surge,2026-2027,offense,Play types,Ballhandler,2,Transition,Transition > Ballhandler,Transition,Ballhandler,,,,,9,75.0,1.111,74.0,22.2,22.2,1,100.0,,,60.0,,5,70.0,11.1,,,3,2,,7,0.8,55.6,4,2,2,50.0,1,0,0.2,10
Sincere Carry,Calgary Surge,2026-2027,offense,Play types,To Basket,3,Ballhandler,Transition > Ballhandler > To Basket,Transition,Ballhandler,To Basket,,,,5,55.6,1.2,61.5,0.0,20.0,0,,,,50.0,,4,50.0,20.0,,,2,2,,5,0.5,60.0,4,2,2,50.0,0,0,0.0,6
Sincere Carry,Calgary Surge,2026-2027,offense,Play types,Miss 2 Pts,4,To Basket,Transition > Ballhandler > To Basket > Miss 2 Pts,Transition,Ballhandler,To Basket,Miss 2 Pts,,,2,40.0,0.0,0.0,0.0,0.0,0,,,,0.0,,2,0.0,0.0,,,0,2,,2,0.0,0.0,2,0,2,0.0,0,0,0.0,0
Sincere Carry,Calgary Surge,2026-2027,offense,Play types,Make 2 Pts,4,To Basket,Transition > Ballhandler > To Basket > Make 2 Pts,Transition,Ballhandler,To Basket,Make 2 Pts,,,2,40.0,2.0,100.0,0.0,0.0,0,,,,100.0,,2,100.0,0.0,,,2,0,,2,0.0,100.0,2,2,0,100.0,0,0,0.0,4
Sincere Carry,Calgary Surge,2026-2027,offense,Play types,Foul,4,To Basket,Transition > Ballhandler > To Basket > Foul,Transition,Ballhandler,To Basket,Foul,,,1,20.0,2.0,113.6,0.0,100.0,0,,,,,,0,,100.0,,,0,0,,1,,100.0,0,0,0,,0,0,,2
Sincere Carry,Calgary Surge,2026-2027,offense,Play types,Turnover,3,Ballhandler,Transition > Ballhandler > Turnover,Transition,Ballhandler,Turnover,,,,2,22.2,0.0,,100.0,0.0,0,,,,,,0,,0.0,,,0,0,,0,,0.0,0,0,0,,0,0,,0
Sincere Carry,Calgary Surge,2026-2027,offense,Play types,Dribble Jumper,3,Ballhandler,Transition > Ballhandler > Dribble Jumper,Transition,Ballhandler,Dribble Jumper,,,,1,11.1,3.0,150.0,0.0,0.0,1,100.0,,,100.0,,1,150.0,0.0,,,1,0,,1,0.0,100.0,0,0,0,,1,0,1.0,3
Sincere Carry,Calgary Surge,2026-2027,offense,Play types,Long/3pt,4,Dribble Jumper,Transition > Ballhandler > Dribble Jumper > Long/3pt,Transition,Ballhandler,Dribble Jumper,Long/3pt,,,1,100.0,3.0,150.0,0.0,0.0,1,100.0,,,100.0,,1,150.0,0.0,,,1,0,,1,0.0,100.0,0,0,0,,1,0,1.0,3
Sincere Carry,Calgary Surge,2026-2027,offense,Play types,Make 3 Pts,5,Long/3pt,Transition > Ballhandler > Dribble Jumper > Long/3pt > Make 3 Pts,Transition,Ballhandler,Dribble Jumper,Long/3pt,Make 3 Pts,,1,100.0,3.0,150.0,0.0,0.0,1,100.0,,,100.0,,1,150.0,0.0,,,1,0,,1,0.0,100.0,0,0,0,,1,0,1.0,3
Sincere Carry,Calgary Surge,2026-2027,offense,Play types,Foul,3,Ballhandler,Transition > Ballhandler > Foul,Transition,Ballhandler,Foul,,,,1,11.1,1.0,56.8,0.0,100.0,0,,,,,,0,,0.0,,,0,0,,1,,100.0,0,0,0,,0,0,,1
Sincere Carry,Calgary Surge,2026-2027,offense,Play types,First Middle,2,Transition,Transition > First Middle,Transition,First Middle,,,,,1,8.3,0.0,0.0,0.0,0.0,0,,,,0.0,,1,0.0,0.0,,,0,1,,1,0.0,0.0,1,0,1,0.0,0,0,0.0,0
Sincere Carry,Calgary Surge,2026-2027,offense,Play types,To Basket,3,First Middle,Transition > First Middle > To Basket,Transition,First Middle,To Basket,,,,1,100.0,0.0,0.0,0.0,0.0,0,,,,0.0,,1,0.0,0.0,,,0,1,,1,0.0,0.0,1,0,1,0.0,0,0,0.0,0
Sincere Carry,Calgary Surge,2026-2027,offense,Play types,Miss 2 Pts,4,To Basket,Transition > First Middle > To Basket > Miss 2 Pts,Transition,First Middle,To Basket,Miss 2 Pts,,,1,100.0,0.0,0.0,0.0,0.0,0,,,,0.0,,1,0.0,0.0,,,0,1,,1,0.0,0.0,1,0,1,0.0,0,0,0.0,0
Sincere Carry,Calgary Surge,2026-2027,offense,Play types,Left Wing,2,Transition,Transition > Left Wing,Transition,Left Wing,,,,,1,8.3,0.0,0.0,0.0,0.0,0,,,,0.0,,1,0.0,0.0,,,0,1,,1,0.0,0.0,1,0,1,0.0,0,0,0.0,0
Sincere Carry,Calgary Surge,2026-2027,offense,Play types,To Basket,3,Left Wing,Transition > Left Wing > To Basket,Transition,Left Wing,To Basket,,,,1,100.0,0.0,0.0,0.0,0.0,0,,,,0.0,,1,0.0,0.0,,,0,1,,1,0.0,0.0,1,0,1,0.0,0,0,0.0,0
Sincere Carry,Calgary Surge,2026-2027,offense,Play types,Miss 2 Pts,4,To Basket,Transition > Left Wing > To Basket > Miss 2 Pts,Transition,Left Wing,To Basket,Miss 2 Pts,,,1,100.0,0.0,0.0,0.0,0.0,0,,,,0.0,,1,0.0,0.0,,,0,1,,1,0.0,0.0,1,0,1,0.0,0,0,0.0,0
Sincere Carry,Calgary Surge,2026-2027,offense,Play types,Right Wing,2,Transition,Transition > Right Wing,Transition,Right Wing,,,,,1,8.3,2.0,100.0,0.0,0.0,0,,,,100.0,,1,100.0,0.0,,,1,0,,1,0.0,100.0,1,1,0,100.0,0,0,0.0,2
Sincere Carry,Calgary Surge,2026-2027,offense,Play types,To Basket,3,Right Wing,Transition > Right Wing > To Basket,Transition,Right Wing,To Basket,,,,1,100.0,2.0,100.0,0.0,0.0,0,,,,100.0,,1,100.0,0.0,,,1,0,,1,0.0,100.0,1,1,0,100.0,0,0,0.0,2
Sincere Carry,Calgary Surge,2026-2027,offense,Play types,Make 2 Pts,4,To Basket,Transition > Right Wing > To Basket > Make 2 Pts,Transition,Right Wing,To Basket,Make 2 Pts,,,1,100.0,2.0,100.0,0.0,0.0,0,,,,100.0,,1,100.0,0.0,,,1,0,,1,0.0,100.0,1,1,0,100.0,0,0,0.0,2
Sincere Carry,Calgary Surge,2026-2027,offense,Play types,Miscellaneous Plays,1,,Miscellaneous Plays,Miscellaneous Plays,,,,,,6,5.3,0.5,52.1,50.0,16.7,1,0.0,,,50.0,,2,50.0,0.0,,,1,1,,3,1.0,33.3,1,1,0,100.0,0,1,0.5,3
Sincere Carry,Calgary Surge,2026-2027,offense,Play types,Turnover,2,Miscellaneous Plays,Miscellaneous Plays > Turnover,Miscellaneous Plays,Turnover,,,,,3,50.0,0.0,,100.0,0.0,0,,,,,,0,,0.0,,,0,0,,0,,0.0,0,0,0,,0,0,,0
Sincere Carry,Calgary Surge,2026-2027,offense,Play types,Dribble Jumper,2,Miscellaneous Plays,Miscellaneous Plays > Dribble Jumper,Miscellaneous Plays,Dribble Jumper,,,,,1,16.7,0.0,0.0,0.0,0.0,1,0.0,,,0.0,,1,0.0,0.0,,,0,1,,1,0.0,0.0,0,0,0,,0,1,1.0,0
Sincere Carry,Calgary Surge,2026-2027,offense,Play types,Long/3pt,3,Dribble Jumper,Miscellaneous Plays > Dribble Jumper > Long/3pt,Miscellaneous Plays,Dribble Jumper,Long/3pt,,,,1,100.0,0.0,0.0,0.0,0.0,1,0.0,,,0.0,,1,0.0,0.0,,,0,1,,1,0.0,0.0,0,0,0,,0,1,1.0,0
Sincere Carry,Calgary Surge,2026-2027,offense,Play types,Miss 3 Pts,4,Long/3pt,Miscellaneous Plays > Dribble Jumper > Long/3pt > Miss 3 Pts,Miscellaneous Plays,Dribble Jumper,Long/3pt,Miss 3 Pts,,,1,100.0,0.0,0.0,0.0,0.0,1,0.0,,,0.0,,1,0.0,0.0,,,0,1,,1,0.0,0.0,0,0,0,,0,1,1.0,0
Sincere Carry,Calgary Surge,2026-2027,offense,Play types,Foul,2,Miscellaneous Plays,Miscellaneous Plays > Foul,Miscellaneous Plays,Foul,,,,,1,16.7,1.0,56.8,0.0,100.0,0,,,,,,0,,0.0,,,0,0,,1,,100.0,0,0,0,,0,0,,1
Sincere Carry,Calgary Surge,2026-2027,offense,Play types,To Basket,2,Miscellaneous Plays,Miscellaneous Plays > To Basket,Miscellaneous Plays,To Basket,,,,,1,16.7,2.0,100.0,0.0,0.0,0,,,,100.0,,1,100.0,0.0,,,1,0,,1,0.0,100.0,1,1,0,100.0,0,0,0.0,2
Sincere Carry,Calgary Surge,2026-2027,offense,Play types,Make 2 Pts,3,To Basket,Miscellaneous Plays > To Basket > Make 2 Pts,Miscellaneous Plays,To Basket,Make 2 Pts,,,,1,100.0,2.0,100.0,0.0,0.0,0,,,,100.0,,1,100.0,0.0,,,1,0,,1,0.0,100.0,1,1,0,100.0,0,0,0.0,2
Sincere Carry,Calgary Surge,2026-2027,offense,Play types,Handoffs,1,,Handoffs,Handoffs,,,,,,5,4.4,1.0,83.3,40.0,0.0,1,100.0,,,66.7,,3,83.3,0.0,,,2,1,,3,0.0,40.0,2,1,1,50.0,1,0,0.33,5
Sincere Carry,Calgary Surge,2026-2027,offense,Play types,From Stationary,2,Handoffs,Handoffs > From Stationary,Handoffs,From Stationary,,,,,5,100.0,1.0,83.3,40.0,0.0,1,100.0,,,66.7,,3,83.3,0.0,,,2,1,,3,0.0,40.0,2,1,1,50.0,1,0,0.33,5
Sincere Carry,Calgary Surge,2026-2027,offense,Play types,Top,3,From Stationary,Handoffs > From Stationary > Top,Handoffs,From Stationary,Top,,,,5,100.0,1.0,83.3,40.0,0.0,1,100.0,,,66.7,,3,83.3,0.0,,,2,1,,3,0.0,40.0,2,1,1,50.0,1,0,0.33,5
Sincere Carry,Calgary Surge,2026-2027,offense,Play types,To Basket,4,Top,Handoffs > From Stationary > Top > To Basket,Handoffs,From Stationary,Top,To Basket,,,2,40.0,1.0,50.0,0.0,0.0,0,,,,50.0,,2,50.0,0.0,,,1,1,,2,0.0,50.0,2,1,1,50.0,0,0,0.0,2
Sincere Carry,Calgary Surge,2026-2027,offense,Play types,Miss 2 Pts,5,To Basket,Handoffs > From Stationary > Top > To Basket > Miss 2 Pts,Handoffs,From Stationary,Top,To Basket,Miss 2 Pts,,1,50.0,0.0,0.0,0.0,0.0,0,,,,0.0,,1,0.0,0.0,,,0,1,,1,0.0,0.0,1,0,1,0.0,0,0,0.0,0
Sincere Carry,Calgary Surge,2026-2027,offense,Play types,Make 2 Pts,5,To Basket,Handoffs > From Stationary > Top > To Basket > Make 2 Pts,Handoffs,From Stationary,Top,To Basket,Make 2 Pts,,1,50.0,2.0,100.0,0.0,0.0,0,,,,100.0,,1,100.0,0.0,,,1,0,,1,0.0,100.0,1,1,0,100.0,0,0,0.0,2
Sincere Carry,Calgary Surge,2026-2027,offense,Play types,Turnover,4,Top,Handoffs > From Stationary > Top > Turnover,Handoffs,From Stationary,Top,Turnover,,,2,40.0,0.0,,100.0,0.0,0,,,,,,0,,0.0,,,0,0,,0,,0.0,0,0,0,,0,0,,0
Sincere Carry,Calgary Surge,2026-2027,offense,Play types,Dribble Jumper,4,Top,Handoffs > From Stationary > Top > Dribble Jumper,Handoffs,From Stationary,Top,Dribble Jumper,,,1,20.0,3.0,150.0,0.0,0.0,1,100.0,,,100.0,,1,150.0,0.0,,,1,0,,1,0.0,100.0,0,0,0,,1,0,1.0,3
Sincere Carry,Calgary Surge,2026-2027,offense,Play types,Long/3pt,5,Dribble Jumper,Handoffs > From Stationary > Top > Dribble Jumper > Long/3pt,Handoffs,From Stationary,Top,Dribble Jumper,Long/3pt,,1,100.0,3.0,150.0,0.0,0.0,1,100.0,,,100.0,,1,150.0,0.0,,,1,0,,1,0.0,100.0,0,0,0,,1,0,1.0,3
Sincere Carry,Calgary Surge,2026-2027,offense,Play types,Post-Up,1,,Post-Up,Post-Up,,,,,,3,2.6,0.0,0.0,33.3,0.0,0,,,,0.0,,2,0.0,0.0,,,0,2,,2,0.0,0.0,2,0,2,0.0,0,0,0.0,0
Sincere Carry,Calgary Surge,2026-2027,offense,Play types,Post-Up - Overall,2,Post-Up,Post-Up > Post-Up - Overall,Post-Up,Post-Up - Overall,,,,,3,100.0,0.0,0.0,33.3,0.0,0,,,,0.0,,2,0.0,0.0,,,0,2,,2,0.0,0.0,2,0,2,0.0,0,0,0.0,0
Sincere Carry,Calgary Surge,2026-2027,offense,Play types,Right Shoulder,3,Post-Up - Overall,Post-Up > Post-Up - Overall > Right Shoulder,Post-Up,Post-Up - Overall,Right Shoulder,,,,3,100.0,0.0,0.0,33.3,0.0,0,,,,0.0,,2,0.0,0.0,,,0,2,,2,0.0,0.0,2,0,2,0.0,0,0,0.0,0
Sincere Carry,Calgary Surge,2026-2027,offense,Play types,Right Block,2,Post-Up,Post-Up > Right Block,Post-Up,Right Block,,,,,2,66.7,0.0,0.0,50.0,0.0,0,,,,0.0,,1,0.0,0.0,,,0,1,,1,0.0,0.0,1,0,1,0.0,0,0,0.0,0
Sincere Carry,Calgary Surge,2026-2027,offense,Play types,Right Shoulder,3,Right Block,Post-Up > Right Block > Right Shoulder,Post-Up,Right Block,Right Shoulder,,,,2,100.0,0.0,0.0,50.0,0.0,0,,,,0.0,,1,0.0,0.0,,,0,1,,1,0.0,0.0,1,0,1,0.0,0,0,0.0,0
Sincere Carry,Calgary Surge,2026-2027,offense,Play types,Dribble Move,4,Right Shoulder,Post-Up > Right Block > Right Shoulder > Dribble Move,Post-Up,Right Block,Right Shoulder,Dribble Move,,,2,100.0,0.0,0.0,50.0,0.0,0,,,,0.0,,1,0.0,0.0,,,0,1,,1,0.0,0.0,1,0,1,0.0,0,0,0.0,0
Sincere Carry,Calgary Surge,2026-2027,offense,Play types,To Jumper,5,Dribble Move,Post-Up > Right Block > Right Shoulder > Dribble Move > To Jumper,Post-Up,Right Block,Right Shoulder,Dribble Move,To Jumper,,1,50.0,0.0,0.0,0.0,0.0,0,,,,0.0,,1,0.0,0.0,,,0,1,,1,0.0,0.0,1,0,1,0.0,0,0,0.0,0
Sincere Carry,Calgary Surge,2026-2027,offense,Play types,Defense Commits,5,Dribble Move,Post-Up > Right Block > Right Shoulder > Dribble Move > Defense Commits,Post-Up,Right Block,Right Shoulder,Dribble Move,Defense Commits,,1,50.0,0.0,,100.0,0.0,0,,,,,,0,,0.0,,,0,0,,0,,0.0,0,0,0,,0,0,,0
Sincere Carry,Calgary Surge,2026-2027,offense,Play types,Left Block,2,Post-Up,Post-Up > Left Block,Post-Up,Left Block,,,,,1,33.3,0.0,0.0,0.0,0.0,0,,,,0.0,,1,0.0,0.0,,,0,1,,1,0.0,0.0,1,0,1,0.0,0,0,0.0,0
Sincere Carry,Calgary Surge,2026-2027,offense,Play types,Right Shoulder,3,Left Block,Post-Up > Left Block > Right Shoulder,Post-Up,Left Block,Right Shoulder,,,,1,100.0,0.0,0.0,0.0,0.0,0,,,,0.0,,1,0.0,0.0,,,0,1,,1,0.0,0.0,1,0,1,0.0,0,0,0.0,0
Sincere Carry,Calgary Surge,2026-2027,offense,Play types,Dribble Move,4,Right Shoulder,Post-Up > Left Block > Right Shoulder > Dribble Move,Post-Up,Left Block,Right Shoulder,Dribble Move,,,1,100.0,0.0,0.0,0.0,0.0,0,,,,0.0,,1,0.0,0.0,,,0,1,,1,0.0,0.0,1,0,1,0.0,0,0,0.0,0
Sincere Carry,Calgary Surge,2026-2027,offense,Play types,To Jumper,5,Dribble Move,Post-Up > Left Block > Right Shoulder > Dribble Move > To Jumper,Post-Up,Left Block,Right Shoulder,Dribble Move,To Jumper,,1,100.0,0.0,0.0,0.0,0.0,0,,,,0.0,,1,0.0,0.0,,,0,1,,1,0.0,0.0,1,0,1,0.0,0,0,0.0,0
Sincere Carry,Calgary Surge,2026-2027,offense,Play types,Cut,1,,Cut,Cut,,,,,,1,0.9,0.0,0.0,0.0,0.0,0,,,,0.0,,1,0.0,0.0,,,0,1,,1,0.0,0.0,1,0,1,0.0,0,0,0.0,0
Sincere Carry,Calgary Surge,2026-2027,offense,Play types,Basket,2,Cut,Cut > Basket,Cut,Basket,,,,,1,100.0,0.0,0.0,0.0,0.0,0,,,,0.0,,1,0.0,0.0,,,0,1,,1,0.0,0.0,1,0,1,0.0,0,0,0.0,0
Sincere Carry,Calgary Surge,2026-2027,offense,Play types,Miss 2 Pts,3,Basket,Cut > Basket > Miss 2 Pts,Cut,Basket,Miss 2 Pts,,,,1,100.0,0.0,0.0,0.0,0.0,0,,,,0.0,,1,0.0,0.0,,,0,1,,1,0.0,0.0,1,0,1,0.0,0,0,0.0,0
Sincere Carry,Calgary Surge,2026-2027,offense,Play types,Offensive Rebounds (Put Backs),1,,Offensive Rebounds (Put Backs),Offensive Rebounds (Put Backs),,,,,,1,0.9,2.0,100.0,0.0,0.0,0,,,,100.0,,1,100.0,0.0,,,1,0,,1,0.0,100.0,1,1,0,100.0,0,0,0.0,2
Sincere Carry,Calgary Surge,2026-2027,offense,Play types,Short,2,Offensive Rebounds (Put Backs),Offensive Rebounds (Put Backs) > Short,Offensive Rebounds (Put Backs),Short,,,,,1,100.0,2.0,100.0,0.0,0.0,0,,,,100.0,,1,100.0,0.0,,,1,0,,1,0.0,100.0,1,1,0,100.0,0,0,0.0,2
Sincere Carry,Calgary Surge,2026-2027,offense,Play types,Scoring Attempt,3,Short,Offensive Rebounds (Put Backs) > Short > Scoring Attempt,Offensive Rebounds (Put Backs),Short,Scoring Attempt,,,,1,100.0,2.0,100.0,0.0,0.0,0,,,,100.0,,1,100.0,0.0,,,1,0,,1,0.0,100.0,1,1,0,100.0,0,0,0.0,2
Sincere Carry,Calgary Surge,2026-2027,offense,Play types,At Basket,4,Scoring Attempt,Offensive Rebounds (Put Backs) > Short > Scoring Attempt > At Basket,Offensive Rebounds (Put Backs),Short,Scoring Attempt,At Basket,,,1,100.0,2.0,100.0,0.0,0.0,0,,,,100.0,,1,100.0,0.0,,,1,0,,1,0.0,100.0,1,1,0,100.0,0,0,0.0,2
Sincere Carry,Calgary Surge,2026-2027,offense,Play types,Make 2 Pts,5,At Basket,Offensive Rebounds (Put Backs) > Short > Scoring Attempt > At Basket > Make 2 Pts,Offensive Rebounds (Put Backs),Short,Scoring Attempt,At Basket,Make 2 Pts,,1,100.0,2.0,100.0,0.0,0.0,0,,,,100.0,,1,100.0,0.0,,,1,0,,1,0.0,100.0,1,1,0,100.0,0,0,0.0,2
Sincere Carry,Calgary Surge,2026-2027,offense,Play types,Off Screen,1,,Off Screen,Off Screen,,,,,,1,0.9,0.0,0.0,0.0,0.0,0,,,,0.0,,1,0.0,0.0,,,0,1,,1,0.0,0.0,1,0,1,0.0,0,0,0.0,0
Sincere Carry,Calgary Surge,2026-2027,offense,Play types,To Shooter's Left,2,Off Screen,Off Screen > To Shooter's Left,Off Screen,To Shooter's Left,,,,,1,100.0,0.0,0.0,0.0,0.0,0,,,,0.0,,1,0.0,0.0,,,0,1,,1,0.0,0.0,1,0,1,0.0,0,0,0.0,0
Sincere Carry,Calgary Surge,2026-2027,offense,Play types,Straight,3,To Shooter's Left,Off Screen > To Shooter's Left > Straight,Off Screen,To Shooter's Left,Straight,,,,1,100.0,0.0,0.0,0.0,0.0,0,,,,0.0,,1,0.0,0.0,,,0,1,,1,0.0,0.0,1,0,1,0.0,0,0,0.0,0
Sincere Carry,Calgary Surge,2026-2027,offense,Play types,To Basket,4,Straight,Off Screen > To Shooter's Left > Straight > To Basket,Off Screen,To Shooter's Left,Straight,To Basket,,,1,100.0,0.0,0.0,0.0,0.0,0,,,,0.0,,1,0.0,0.0,,,0,1,,1,0.0,0.0,1,0,1,0.0,0,0,0.0,0
Sincere Carry,Calgary Surge,2026-2027,offense,Play types,Miss 2 Pts,5,To Basket,Off Screen > To Shooter's Left > Straight > To Basket > Miss 2 Pts,Off Screen,To Shooter's Left,Straight,To Basket,Miss 2 Pts,,1,100.0,0.0,0.0,0.0,0.0,0,,,,0.0,,1,0.0,0.0,,,0,1,,1,0.0,0.0,1,0,1,0.0,0,0,0.0,0
Sincere Carry,Calgary Surge,2026-2027,offense,Play types,P&R Roll Man,1,,P&R Roll Man,P&R Roll Man,,,,,,0,0.0,,,,,0,,,,,,0,,,,,0,0,,0,,,0,0,0,,0,0,,0
Sincere Carry,Calgary Surge,2026-2027,offense,Overall Drive Direction,Overall,1,,Overall,Overall,,,,,,27,23.7,0.926,50.5,7.4,7.4,2,0.0,,,47.8,,23,47.8,3.7,,,11,12,,25,0.17,48.1,21,11,10,52.4,0,2,0.09,25
Sincere Carry,Calgary Surge,2026-2027,offense,Overall Drive Direction,Drives Left,2,Overall,Overall > Drives Left,Overall,Drives Left,,,,,14,51.9,0.857,50.0,14.3,0.0,1,0.0,,,50.0,,12,50.0,0.0,,,6,6,,12,0.0,42.9,11,6,5,54.5,0,1,0.08,12
Sincere Carry,Calgary Surge,2026-2027,offense,Overall Drive Direction,To Basket,3,Drives Left,Overall > Drives Left > To Basket,Overall,Drives Left,To Basket,,,,8,57.1,1.25,62.5,0.0,0.0,0,,,,62.5,,8,62.5,0.0,,,5,3,,8,0.0,62.5,8,5,3,62.5,0,0,0.0,10
Sincere Carry,Calgary Surge,2026-2027,offense,Overall Drive Direction,Dribble Jumper,3,Drives Left,Overall > Drives Left > Dribble Jumper,Overall,Drives Left,Dribble Jumper,,,,4,28.6,0.5,25.0,0.0,0.0,1,0.0,,,25.0,,4,25.0,0.0,,,1,3,,4,0.0,25.0,3,1,2,33.3,0,1,0.25,2
Sincere Carry,Calgary Surge,2026-2027,offense,Overall Drive Direction,Turnover,3,Drives Left,Overall > Drives Left > Turnover,Overall,Drives Left,Turnover,,,,1,7.1,0.0,,100.0,0.0,0,,,,,,0,,0.0,,,0,0,,0,,0.0,0,0,0,,0,0,,0
Sincere Carry,Calgary Surge,2026-2027,offense,Overall Drive Direction,Defense Commits,3,Drives Left,Overall > Drives Left > Defense Commits,Overall,Drives Left,Defense Commits,,,,1,7.1,0.0,,100.0,0.0,0,,,,,,0,,0.0,,,0,0,,0,,0.0,0,0,0,,0,0,,0
Sincere Carry,Calgary Surge,2026-2027,offense,Overall Drive Direction,Foul,3,Drives Left,Overall > Drives Left > Foul,Overall,Drives Left,Foul,,,,0,0.0,,,,,0,,,,,,0,,,,,0,0,,0,,,0,0,0,,0,0,,0
Sincere Carry,Calgary Surge,2026-2027,offense,Overall Drive Direction,Drives Right,2,Overall,Overall > Drives Right,Overall,Drives Right,,,,,13,48.1,1.0,50.9,0.0,15.4,1,0.0,,,45.5,,11,45.5,7.7,,,5,6,,13,0.36,53.8,10,5,5,50.0,0,1,0.09,13
Sincere Carry,Calgary Surge,2026-2027,offense,Overall Drive Direction,To Basket,3,Drives Right,Overall > Drives Right > To Basket,Overall,Drives Right,To Basket,,,,6,46.2,1.333,68.0,0.0,16.7,0,,,,60.0,,5,60.0,16.7,,,3,2,,6,0.4,66.7,5,3,2,60.0,0,0,0.0,8
Sincere Carry,Calgary Surge,2026-2027,offense,Overall Drive Direction,Dribble Jumper,3,Drives Right,Overall > Drives Right > Dribble Jumper,Overall,Drives Right,Dribble Jumper,,,,6,46.2,0.667,33.3,0.0,0.0,1,0.0,,,33.3,,6,33.3,0.0,,,2,4,,6,0.0,33.3,5,2,3,40.0,0,1,0.17,4
Sincere Carry,Calgary Surge,2026-2027,offense,Overall Drive Direction,Foul,3,Drives Right,Overall > Drives Right > Foul,Overall,Drives Right,Foul,,,,1,7.7,1.0,56.8,0.0,100.0,0,,,,,,0,,0.0,,,0,0,,1,,100.0,0,0,0,,0,0,,1
Sincere Carry,Calgary Surge,2026-2027,offense,Overall Drive Direction,Turnover,3,Drives Right,Overall > Drives Right > Turnover,Overall,Drives Right,Turnover,,,,0,0.0,,,,,0,,,,,,0,,,,,0,0,,0,,,0,0,0,,0,0,,0
Sincere Carry,Calgary Surge,2026-2027,offense,Overall Drive Direction,Defense Commits,3,Drives Right,Overall > Drives Right > Defense Commits,Overall,Drives Right,Defense Commits,,,,0,0.0,,,,,0,,,,,,0,,,,,0,0,,0,,,0,0,0,,0,0,,0
Sincere Carry,Calgary Surge,2026-2027,offense,Overall Drive Direction,Drives Straight,2,Overall,Overall > Drives Straight,Overall,Drives Straight,,,,,0,0.0,,,,,0,,,,,,0,,,,,0,0,,0,,,0,0,0,,0,0,,0
Sincere Carry,Calgary Surge,2026-2027,offense,Overall Drive Direction,To Basket,3,Drives Straight,Overall > Drives Straight > To Basket,Overall,Drives Straight,To Basket,,,,0,0.0,,,,,0,,,,,,0,,,,,0,0,,0,,,0,0,0,,0,0,,0
Sincere Carry,Calgary Surge,2026-2027,offense,Overall Drive Direction,Turnover,3,Drives Straight,Overall > Drives Straight > Turnover,Overall,Drives Straight,Turnover,,,,0,0.0,,,,,0,,,,,,0,,,,,0,0,,0,,,0,0,0,,0,0,,0
Sincere Carry,Calgary Surge,2026-2027,offense,Overall Drive Direction,Dribble Jumper,3,Drives Straight,Overall > Drives Straight > Dribble Jumper,Overall,Drives Straight,Dribble Jumper,,,,0,0.0,,,,,0,,,,,,0,,,,,0,0,,0,,,0,0,0,,0,0,,0
Sincere Carry,Calgary Surge,2026-2027,offense,Overall Drive Direction,Foul,3,Drives Straight,Overall > Drives Straight > Foul,Overall,Drives Straight,Foul,,,,0,0.0,,,,,0,,,,,,0,,,,,0,0,,0,,,0,0,0,,0,0,,0
Sincere Carry,Calgary Surge,2026-2027,offense,Overall Drive Direction,Defense Commits,3,Drives Straight,Overall > Drives Straight > Defense Commits,Overall,Drives Straight,Defense Commits,,,,0,0.0,,,,,0,,,,,,0,,,,,0,0,,0,,,0,0,0,,0,0,,0
Sincere Carry,Calgary Surge,2026-2027,offense,P&R ball handler,P&R Including Passes,1,,P&R Including Passes,P&R Including Passes,,,,,,108,59.0,1.037,57.2,9.3,9.3,34,32.4,Very Good,79.0,47.8,84.0,90,53.9,7.4,,,43,47,,98,0.2,46.3,56,32,24,57.1,11,23,0.38,112
Sincere Carry,Calgary Surge,2026-2027,offense,P&R ball handler,P&R Ball Handler,2,P&R Including Passes,P&R Including Passes > P&R Ball Handler,P&R Including Passes,P&R Ball Handler,,,,,46,42.6,0.935,51.9,10.9,13.0,12,25.0,,,40.5,,37,44.6,13.0,,,15,22,,41,0.27,41.3,25,12,13,48.0,3,9,0.32,43
Sincere Carry,Calgary Surge,2026-2027,offense,P&R ball handler,High P&R,3,P&R Ball Handler,P&R Including Passes > P&R Ball Handler > High P&R,P&R Including Passes,P&R Ball Handler,High P&R,,,,33,71.7,1.03,59.6,15.2,15.2,7,28.6,,,48.0,,25,52.0,15.2,,,12,13,,29,0.32,45.5,18,10,8,55.6,2,5,0.28,34
Sincere Carry,Calgary Surge,2026-2027,offense,P&R ball handler,Dribble Off Pick,4,High P&R,P&R Including Passes > P&R Ball Handler > High P&R > Dribble Off Pick,P&R Including Passes,P&R Ball Handler,High P&R,Dribble Off Pick,,,27,81.8,1.0,55.8,11.1,11.1,7,28.6,,,45.5,,22,50.0,11.1,,,10,12,,24,0.23,44.4,15,8,7,53.3,2,5,0.32,27
Sincere Carry,Calgary Surge,2026-2027,offense,P&R ball handler,Dribble Jumper,5,Dribble Off Pick,P&R Including Passes > P&R Ball Handler > High P&R > Dribble Off Pick > Dribble Jumper,P&R Including Passes,P&R Ball Handler,High P&R,Dribble Off Pick,Dribble Jumper,,13,48.1,0.923,46.2,0.0,0.0,7,28.6,,,38.5,,13,46.2,0.0,,,5,8,,13,0.0,38.5,6,3,3,50.0,2,5,0.54,12
Sincere Carry,Calgary Surge,2026-2027,offense,P&R ball handler,Long/3pt,6,Dribble Jumper,P&R Including Passes > P&R Ball Handler > High P&R > Dribble Off Pick > Dribble Jumper > Long/3pt,P&R Including Passes,P&R Ball Handler,High P&R,Dribble Off Pick,Dribble Jumper,Long/3pt,7,53.8,0.857,42.9,0.0,0.0,7,28.6,,,28.6,,7,42.9,0.0,,,2,5,,7,0.0,28.6,0,0,0,,2,5,1.0,6
Sincere Carry,Calgary Surge,2026-2027,offense,P&R ball handler,Short to < 17,6,Dribble Jumper,P&R Including Passes > P&R Ball Handler > High P&R > Dribble Off Pick > Dribble Jumper > Short to < 17,P&R Including Passes,P&R Ball Handler,High P&R,Dribble Off Pick,Dribble Jumper,Short to < 17,4,30.8,1.5,75.0,0.0,0.0,0,,,,75.0,,4,75.0,0.0,,,3,1,,4,0.0,75.0,4,3,1,75.0,0,0,0.0,6
Sincere Carry,Calgary Surge,2026-2027,offense,P&R ball handler,Medium/17' to 3pt,6,Dribble Jumper,P&R Including Passes > P&R Ball Handler > High P&R > Dribble Off Pick > Dribble Jumper > Medium/17' to 3pt,P&R Including Passes,P&R Ball Handler,High P&R,Dribble Off Pick,Dribble Jumper,Medium/17' to 3pt,2,15.4,0.0,0.0,0.0,0.0,0,,,,0.0,,2,0.0,0.0,,,0,2,,2,0.0,0.0,2,0,2,0.0,0,0,0.0,0
Sincere Carry,Calgary Surge,2026-2027,offense,P&R ball handler,To Basket,5,Dribble Off Pick,P&R Including Passes > P&R Ball Handler > High P&R > Dribble Off Pick > To Basket,P&R Including Passes,P&R Ball Handler,High P&R,Dribble Off Pick,To Basket,,11,40.7,1.364,67.0,0.0,27.3,0,,,,55.6,,9,55.6,27.3,,,5,4,,11,0.56,63.6,9,5,4,55.6,0,0,0.0,15
Sincere Carry,Calgary Surge,2026-2027,offense,P&R ball handler,Miss 2 Pts,6,To Basket,P&R Including Passes > P&R Ball Handler > High P&R > Dribble Off Pick > To Basket > Miss 2 Pts,P&R Including Passes,P&R Ball Handler,High P&R,Dribble Off Pick,To Basket,Miss 2 Pts,4,36.4,0.0,0.0,0.0,0.0,0,,,,0.0,,4,0.0,0.0,,,0,4,,4,0.0,0.0,4,0,4,0.0,0,0,0.0,0
Sincere Carry,Calgary Surge,2026-2027,offense,P&R ball handler,Make 2 Pts,6,To Basket,P&R Including Passes > P&R Ball Handler > High P&R > Dribble Off Pick > To Basket > Make 2 Pts,P&R Including Passes,P&R Ball Handler,High P&R,Dribble Off Pick,To Basket,Make 2 Pts,4,36.4,2.0,100.0,0.0,0.0,0,,,,100.0,,4,100.0,0.0,,,4,0,,4,0.0,100.0,4,4,0,100.0,0,0,0.0,8
Sincere Carry,Calgary Surge,2026-2027,offense,P&R ball handler,Foul,6,To Basket,P&R Including Passes > P&R Ball Handler > High P&R > Dribble Off Pick > To Basket > Foul,P&R Including Passes,P&R Ball Handler,High P&R,Dribble Off Pick,To Basket,Foul,2,18.2,2.0,113.6,0.0,100.0,0,,,,,,0,,100.0,,,0,0,,2,,100.0,0,0,0,,0,0,,4
Sincere Carry,Calgary Surge,2026-2027,offense,P&R ball handler,Make 2 Pts Foul,6,To Basket,P&R Including Passes > P&R Ball Handler > High P&R > Dribble Off Pick > To Basket > Make 2 Pts Foul,P&R Including Passes,P&R Ball Handler,High P&R,Dribble Off Pick,To Basket,Make 2 Pts Foul,1,9.1,3.0,104.2,0.0,100.0,0,,,,100.0,,1,100.0,100.0,,,1,0,,1,1.0,100.0,1,1,0,100.0,0,0,0.0,3
Sincere Carry,Calgary Surge,2026-2027,offense,P&R ball handler,Defense Commits,5,Dribble Off Pick,P&R Including Passes > P&R Ball Handler > High P&R > Dribble Off Pick > Defense Commits,P&R Including Passes,P&R Ball Handler,High P&R,Dribble Off Pick,Defense Commits,,2,7.4,0.0,,100.0,0.0,0,,,,,,0,,0.0,,,0,0,,0,,0.0,0,0,0,,0,0,,0
Sincere Carry,Calgary Surge,2026-2027,offense,P&R ball handler,Turnover,6,Defense Commits,P&R Including Passes > P&R Ball Handler > High P&R > Dribble Off Pick > Defense Commits > Turnover,P&R Including Passes,P&R Ball Handler,High P&R,Dribble Off Pick,Defense Commits,Turnover,2,100.0,0.0,,100.0,0.0,0,,,,,,0,,0.0,,,0,0,,0,,0.0,0,0,0,,0,0,,0
Sincere Carry,Calgary Surge,2026-2027,offense,P&R ball handler,Turnover,5,Dribble Off Pick,P&R Including Passes > P&R Ball Handler > High P&R > Dribble Off Pick > Turnover,P&R Including Passes,P&R Ball Handler,High P&R,Dribble Off Pick,Turnover,,1,3.7,0.0,,100.0,0.0,0,,,,,,0,,0.0,,,0,0,,0,,0.0,0,0,0,,0,0,,0
Sincere Carry,Calgary Surge,2026-2027,offense,P&R ball handler,Go Away from Pick,4,High P&R,P&R Including Passes > P&R Ball Handler > High P&R > Go Away from Pick,P&R Including Passes,P&R Ball Handler,High P&R,Go Away from Pick,,,6,18.2,1.167,81.0,33.3,33.3,0,,,,66.7,,3,66.7,33.3,,,2,1,,4,1.0,50.0,3,2,1,66.7,0,0,0.0,7
Sincere Carry,Calgary Surge,2026-2027,offense,P&R ball handler,To Basket,5,Go Away from Pick,P&R Including Passes > P&R Ball Handler > High P&R > Go Away from Pick > To Basket,P&R Including Passes,P&R Ball Handler,High P&R,Go Away from Pick,To Basket,,4,66.7,1.75,81.0,0.0,50.0,0,,,,66.7,,3,66.7,50.0,,,2,1,,4,1.0,75.0,3,2,1,66.7,0,0,0.0,7
Sincere Carry,Calgary Surge,2026-2027,offense,P&R ball handler,Make 2 Pts,6,To Basket,P&R Including Passes > P&R Ball Handler > High P&R > Go Away from Pick > To Basket > Make 2 Pts,P&R Including Passes,P&R Ball Handler,High P&R,Go Away from Pick,To Basket,Make 2 Pts,1,25.0,2.0,100.0,0.0,0.0,0,,,,100.0,,1,100.0,0.0,,,1,0,,1,0.0,100.0,1,1,0,100.0,0,0,0.0,2
Sincere Carry,Calgary Surge,2026-2027,offense,P&R ball handler,Make 2 Pts Foul,6,To Basket,P&R Including Passes > P&R Ball Handler > High P&R > Go Away from Pick > To Basket > Make 2 Pts Foul,P&R Including Passes,P&R Ball Handler,High P&R,Go Away from Pick,To Basket,Make 2 Pts Foul,1,25.0,3.0,104.2,0.0,100.0,0,,,,100.0,,1,100.0,100.0,,,1,0,,1,1.0,100.0,1,1,0,100.0,0,0,0.0,3
Sincere Carry,Calgary Surge,2026-2027,offense,P&R ball handler,Foul,6,To Basket,P&R Including Passes > P&R Ball Handler > High P&R > Go Away from Pick > To Basket > Foul,P&R Including Passes,P&R Ball Handler,High P&R,Go Away from Pick,To Basket,Foul,1,25.0,2.0,113.6,0.0,100.0,0,,,,,,0,,100.0,,,0,0,,1,,100.0,0,0,0,,0,0,,2
Sincere Carry,Calgary Surge,2026-2027,offense,P&R ball handler,Miss 2 Pts,6,To Basket,P&R Including Passes > P&R Ball Handler > High P&R > Go Away from Pick > To Basket > Miss 2 Pts,P&R Including Passes,P&R Ball Handler,High P&R,Go Away from Pick,To Basket,Miss 2 Pts,1,25.0,0.0,0.0,0.0,0.0,0,,,,0.0,,1,0.0,0.0,,,0,1,,1,0.0,0.0,1,0,1,0.0,0,0,0.0,0
Sincere Carry,Calgary Surge,2026-2027,offense,P&R ball handler,Defense Commits,5,Go Away from Pick,P&R Including Passes > P&R Ball Handler > High P&R > Go Away from Pick > Defense Commits,P&R Including Passes,P&R Ball Handler,High P&R,Go Away from Pick,Defense Commits,,2,33.3,0.0,,100.0,0.0,0,,,,,,0,,0.0,,,0,0,,0,,0.0,0,0,0,,0,0,,0
Sincere Carry,Calgary Surge,2026-2027,offense,P&R ball handler,Turnover,6,Defense Commits,P&R Including Passes > P&R Ball Handler > High P&R > Go Away from Pick > Defense Commits > Turnover,P&R Including Passes,P&R Ball Handler,High P&R,Go Away from Pick,Defense Commits,Turnover,2,100.0,0.0,,100.0,0.0,0,,,,,,0,,0.0,,,0,0,,0,,0.0,0,0,0,,0,0,,0
Sincere Carry,Calgary Surge,2026-2027,offense,P&R ball handler,Right P&R,3,P&R Ball Handler,P&R Including Passes > P&R Ball Handler > Right P&R,P&R Including Passes,P&R Ball Handler,Right P&R,,,,7,15.2,1.0,50.0,0.0,0.0,3,33.3,,,42.9,,7,50.0,0.0,,,3,4,,7,0.0,42.9,4,2,2,50.0,1,2,0.43,7
Sincere Carry,Calgary Surge,2026-2027,offense,P&R ball handler,Baseline,4,Right P&R,P&R Including Passes > P&R Ball Handler > Right P&R > Baseline,P&R Including Passes,P&R Ball Handler,Right P&R,Baseline,,,5,71.4,1.4,70.0,0.0,0.0,3,33.3,,,60.0,,5,70.0,0.0,,,3,2,,5,0.0,60.0,2,2,0,100.0,1,2,0.6,7
Sincere Carry,Calgary Surge,2026-2027,offense,P&R ball handler,Dribble Off Pick,5,Baseline,P&R Including Passes > P&R Ball Handler > Right P&R > Baseline > Dribble Off Pick,P&R Including Passes,P&R Ball Handler,Right P&R,Baseline,Dribble Off Pick,,5,100.0,1.4,70.0,0.0,0.0,3,33.3,,,60.0,,5,70.0,0.0,,,3,2,,5,0.0,60.0,2,2,0,100.0,1,2,0.6,7
Sincere Carry,Calgary Surge,2026-2027,offense,P&R ball handler,Dribble Jumper,6,Dribble Off Pick,P&R Including Passes > P&R Ball Handler > Right P&R > Baseline > Dribble Off Pick > Dribble Jumper,P&R Including Passes,P&R Ball Handler,Right P&R,Baseline,Dribble Off Pick,Dribble Jumper,3,60.0,1.0,50.0,0.0,0.0,3,33.3,,,33.3,,3,50.0,0.0,,,1,2,,3,0.0,33.3,0,0,0,,1,2,1.0,3
Sincere Carry,Calgary Surge,2026-2027,offense,P&R ball handler,To Basket,6,Dribble Off Pick,P&R Including Passes > P&R Ball Handler > Right P&R > Baseline > Dribble Off Pick > To Basket,P&R Including Passes,P&R Ball Handler,Right P&R,Baseline,Dribble Off Pick,To Basket,2,40.0,2.0,100.0,0.0,0.0,0,,,,100.0,,2,100.0,0.0,,,2,0,,2,0.0,100.0,2,2,0,100.0,0,0,0.0,4
Sincere Carry,Calgary Surge,2026-2027,offense,P&R ball handler,Side,4,Right P&R,P&R Including Passes > P&R Ball Handler > Right P&R > Side,P&R Including Passes,P&R Ball Handler,Right P&R,Side,,,2,28.6,0.0,0.0,0.0,0.0,0,,,,0.0,,2,0.0,0.0,,,0,2,,2,0.0,0.0,2,0,2,0.0,0,0,0.0,0
Sincere Carry,Calgary Surge,2026-2027,offense,P&R ball handler,Go Away from Pick,5,Side,P&R Including Passes > P&R Ball Handler > Right P&R > Side > Go Away from Pick,P&R Including Passes,P&R Ball Handler,Right P&R,Side,Go Away from Pick,,2,100.0,0.0,0.0,0.0,0.0,0,,,,0.0,,2,0.0,0.0,,,0,2,,2,0.0,0.0,2,0,2,0.0,0,0,0.0,0
Sincere Carry,Calgary Surge,2026-2027,offense,P&R ball handler,To Basket,6,Go Away from Pick,P&R Including Passes > P&R Ball Handler > Right P&R > Side > Go Away from Pick > To Basket,P&R Including Passes,P&R Ball Handler,Right P&R,Side,Go Away from Pick,To Basket,2,100.0,0.0,0.0,0.0,0.0,0,,,,0.0,,2,0.0,0.0,,,0,2,,2,0.0,0.0,2,0,2,0.0,0,0,0.0,0
Sincere Carry,Calgary Surge,2026-2027,offense,P&R ball handler,Left P&R,3,P&R Ball Handler,P&R Including Passes > P&R Ball Handler > Left P&R,P&R Including Passes,P&R Ball Handler,Left P&R,,,,6,13.0,0.333,17.0,0.0,16.7,2,0.0,,,0.0,,5,0.0,16.7,,,0,5,,6,0.4,16.7,3,0,3,0.0,0,2,0.4,2
Sincere Carry,Calgary Surge,2026-2027,offense,P&R ball handler,Baseline,4,Left P&R,P&R Including Passes > P&R Ball Handler > Left P&R > Baseline,P&R Including Passes,P&R Ball Handler,Left P&R,Baseline,,,5,83.3,0.4,20.5,0.0,20.0,2,0.0,,,0.0,,4,0.0,20.0,,,0,4,,5,0.5,20.0,2,0,2,0.0,0,2,0.5,2
Sincere Carry,Calgary Surge,2026-2027,offense,P&R ball handler,Dribble Off Pick,5,Baseline,P&R Including Passes > P&R Ball Handler > Left P&R > Baseline > Dribble Off Pick,P&R Including Passes,P&R Ball Handler,Left P&R,Baseline,Dribble Off Pick,,5,100.0,0.4,20.5,0.0,20.0,2,0.0,,,0.0,,4,0.0,20.0,,,0,4,,5,0.5,20.0,2,0,2,0.0,0,2,0.5,2
Sincere Carry,Calgary Surge,2026-2027,offense,P&R ball handler,Dribble Jumper,6,Dribble Off Pick,P&R Including Passes > P&R Ball Handler > Left P&R > Baseline > Dribble Off Pick > Dribble Jumper,P&R Including Passes,P&R Ball Handler,Left P&R,Baseline,Dribble Off Pick,Dribble Jumper,4,80.0,0.5,25.8,0.0,25.0,2,0.0,,,0.0,,3,0.0,25.0,,,0,3,,4,0.67,25.0,1,0,1,0.0,0,2,0.67,2
Sincere Carry,Calgary Surge,2026-2027,offense,P&R ball handler,To Basket,6,Dribble Off Pick,P&R Including Passes > P&R Ball Handler > Left P&R > Baseline > Dribble Off Pick > To Basket,P&R Including Passes,P&R Ball Handler,Left P&R,Baseline,Dribble Off Pick,To Basket,1,20.0,0.0,0.0,0.0,0.0,0,,,,0.0,,1,0.0,0.0,,,0,1,,1,0.0,0.0,1,0,1,0.0,0,0,0.0,0
Sincere Carry,Calgary Surge,2026-2027,offense,P&R ball handler,Side,4,Left P&R,P&R Including Passes > P&R Ball Handler > Left P&R > Side,P&R Including Passes,P&R Ball Handler,Left P&R,Side,,,1,16.7,0.0,0.0,0.0,0.0,0,,,,0.0,,1,0.0,0.0,,,0,1,,1,0.0,0.0,1,0,1,0.0,0,0,0.0,0
Sincere Carry,Calgary Surge,2026-2027,offense,P&R ball handler,Dribble Off Pick,5,Side,P&R Including Passes > P&R Ball Handler > Left P&R > Side > Dribble Off Pick,P&R Including Passes,P&R Ball Handler,Left P&R,Side,Dribble Off Pick,,1,100.0,0.0,0.0,0.0,0.0,0,,,,0.0,,1,0.0,0.0,,,0,1,,1,0.0,0.0,1,0,1,0.0,0,0,0.0,0
Sincere Carry,Calgary Surge,2026-2027,offense,P&R ball handler,To Basket,6,Dribble Off Pick,P&R Including Passes > P&R Ball Handler > Left P&R > Side > Dribble Off Pick > To Basket,P&R Including Passes,P&R Ball Handler,Left P&R,Side,Dribble Off Pick,To Basket,1,100.0,0.0,0.0,0.0,0.0,0,,,,0.0,,1,0.0,0.0,,,0,1,,1,0.0,0.0,1,0,1,0.0,0,0,0.0,0
Sincere Carry,Calgary Surge,2026-2027,offense,P&R ball handler,Spot-Up,2,P&R Including Passes,P&R Including Passes > Spot-Up,P&R Including Passes,Spot-Up,,,,,37,34.3,0.838,45.7,8.1,2.7,20,35.0,,,36.4,,33,47.0,0.0,,,12,21,,34,0.06,32.4,13,5,8,38.5,7,13,0.61,31
Sincere Carry,Calgary Surge,2026-2027,offense,P&R ball handler,No Dribble Jumper,3,Spot-Up,P&R Including Passes > Spot-Up > No Dribble Jumper,P&R Including Passes,Spot-Up,No Dribble Jumper,,,,20,54.1,1.05,52.5,0.0,0.0,20,35.0,,,35.0,,20,52.5,0.0,,,7,13,,20,0.0,35.0,0,0,0,,7,13,1.0,21
Sincere Carry,Calgary Surge,2026-2027,offense,P&R ball handler,Guarded,4,No Dribble Jumper,P&R Including Passes > Spot-Up > No Dribble Jumper > Guarded,P&R Including Passes,Spot-Up,No Dribble Jumper,Guarded,,,16,80.0,0.75,37.5,0.0,0.0,16,25.0,,,25.0,,16,37.5,0.0,,,4,12,,16,0.0,25.0,0,0,0,,4,12,1.0,12
Sincere Carry,Calgary Surge,2026-2027,offense,P&R ball handler,Long/3pt,5,Guarded,P&R Including Passes > Spot-Up > No Dribble Jumper > Guarded > Long/3pt,P&R Including Passes,Spot-Up,No Dribble Jumper,Guarded,Long/3pt,,16,100.0,0.75,37.5,0.0,0.0,16,25.0,,,25.0,,16,37.5,0.0,,,4,12,,16,0.0,25.0,0,0,0,,4,12,1.0,12
Sincere Carry,Calgary Surge,2026-2027,offense,P&R ball handler,Miss 3 Pts,6,Long/3pt,P&R Including Passes > Spot-Up > No Dribble Jumper > Guarded > Long/3pt > Miss 3 Pts,P&R Including Passes,Spot-Up,No Dribble Jumper,Guarded,Long/3pt,Miss 3 Pts,12,75.0,0.0,0.0,0.0,0.0,12,0.0,,,0.0,,12,0.0,0.0,,,0,12,,12,0.0,0.0,0,0,0,,0,12,1.0,0
Sincere Carry,Calgary Surge,2026-2027,offense,P&R ball handler,Make 3 Pts,6,Long/3pt,P&R Including Passes > Spot-Up > No Dribble Jumper > Guarded > Long/3pt > Make 3 Pts,P&R Including Passes,Spot-Up,No Dribble Jumper,Guarded,Long/3pt,Make 3 Pts,4,25.0,3.0,150.0,0.0,0.0,4,100.0,,,100.0,,4,150.0,0.0,,,4,0,,4,0.0,100.0,0,0,0,,4,0,1.0,12
Sincere Carry,Calgary Surge,2026-2027,offense,P&R ball handler,Open,4,No Dribble Jumper,P&R Including Passes > Spot-Up > No Dribble Jumper > Open,P&R Including Passes,Spot-Up,No Dribble Jumper,Open,,,4,20.0,2.25,112.5,0.0,0.0,4,75.0,,,75.0,,4,112.5,0.0,,,3,1,,4,0.0,75.0,0,0,0,,3,1,1.0,9
Sincere Carry,Calgary Surge,2026-2027,offense,P&R ball handler,Long/3pt,5,Open,P&R Including Passes > Spot-Up > No Dribble Jumper > Open > Long/3pt,P&R Including Passes,Spot-Up,No Dribble Jumper,Open,Long/3pt,,4,100.0,2.25,112.5,0.0,0.0,4,75.0,,,75.0,,4,112.5,0.0,,,3,1,,4,0.0,75.0,0,0,0,,3,1,1.0,9
Sincere Carry,Calgary Surge,2026-2027,offense,P&R ball handler,Make 3 Pts,6,Long/3pt,P&R Including Passes > Spot-Up > No Dribble Jumper > Open > Long/3pt > Make 3 Pts,P&R Including Passes,Spot-Up,No Dribble Jumper,Open,Long/3pt,Make 3 Pts,3,75.0,3.0,150.0,0.0,0.0,3,100.0,,,100.0,,3,150.0,0.0,,,3,0,,3,0.0,100.0,0,0,0,,3,0,1.0,9
Sincere Carry,Calgary Surge,2026-2027,offense,P&R ball handler,Miss 3 Pts,6,Long/3pt,P&R Including Passes > Spot-Up > No Dribble Jumper > Open > Long/3pt > Miss 3 Pts,P&R Including Passes,Spot-Up,No Dribble Jumper,Open,Long/3pt,Miss 3 Pts,1,25.0,0.0,0.0,0.0,0.0,1,0.0,,,0.0,,1,0.0,0.0,,,0,1,,1,0.0,0.0,0,0,0,,0,1,1.0,0
Sincere Carry,Calgary Surge,2026-2027,offense,P&R ball handler,Drives Left,3,Spot-Up,P&R Including Passes > Spot-Up > Drives Left,P&R Including Passes,Spot-Up,Drives Left,,,,13,35.1,0.462,30.4,23.1,7.7,0,,,,33.3,,9,33.3,0.0,,,3,6,,10,0.22,23.1,9,3,6,33.3,0,0,0.0,6
Sincere Carry,Calgary Surge,2026-2027,offense,P&R ball handler,To Basket,4,Drives Left,P&R Including Passes > Spot-Up > Drives Left > To Basket,P&R Including Passes,Spot-Up,Drives Left,To Basket,,,6,46.2,0.667,41.0,16.7,16.7,0,,,,50.0,,4,50.0,0.0,,,2,2,,5,0.5,33.3,4,2,2,50.0,0,0,0.0,4
Sincere Carry,Calgary Surge,2026-2027,offense,P&R ball handler,Make 2 Pts,5,To Basket,P&R Including Passes > Spot-Up > Drives Left > To Basket > Make 2 Pts,P&R Including Passes,Spot-Up,Drives Left,To Basket,Make 2 Pts,,2,33.3,2.0,100.0,0.0,0.0,0,,,,100.0,,2,100.0,0.0,,,2,0,,2,0.0,100.0,2,2,0,100.0,0,0,0.0,4
Sincere Carry,Calgary Surge,2026-2027,offense,P&R ball handler,Miss 2 Pts,5,To Basket,P&R Including Passes > Spot-Up > Drives Left > To Basket > Miss 2 Pts,P&R Including Passes,Spot-Up,Drives Left,To Basket,Miss 2 Pts,,2,33.3,0.0,0.0,0.0,0.0,0,,,,0.0,,2,0.0,0.0,,,0,2,,2,0.0,0.0,2,0,2,0.0,0,0,0.0,0
Sincere Carry,Calgary Surge,2026-2027,offense,P&R ball handler,Foul,5,To Basket,P&R Including Passes > Spot-Up > Drives Left > To Basket > Foul,P&R Including Passes,Spot-Up,Drives Left,To Basket,Foul,,1,16.7,0.0,0.0,0.0,100.0,0,,,,,,0,,0.0,,,0,0,,1,,0.0,0,0,0,,0,0,,0
Sincere Carry,Calgary Surge,2026-2027,offense,P&R ball handler,Turnover,5,To Basket,P&R Including Passes > Spot-Up > Drives Left > To Basket > Turnover,P&R Including Passes,Spot-Up,Drives Left,To Basket,Turnover,,1,16.7,0.0,,100.0,0.0,0,,,,,,0,,0.0,,,0,0,,0,,0.0,0,0,0,,0,0,,0
Sincere Carry,Calgary Surge,2026-2027,offense,P&R ball handler,Dribble Jumper,4,Drives Left,P&R Including Passes > Spot-Up > Drives Left > Dribble Jumper,P&R Including Passes,Spot-Up,Drives Left,Dribble Jumper,,,5,38.5,0.4,20.0,0.0,0.0,0,,,,20.0,,5,20.0,0.0,,,1,4,,5,0.0,20.0,5,1,4,20.0,0,0,0.0,2
Sincere Carry,Calgary Surge,2026-2027,offense,P&R ball handler,Short to < 17,5,Dribble Jumper,P&R Including Passes > Spot-Up > Drives Left > Dribble Jumper > Short to < 17,P&R Including Passes,Spot-Up,Drives Left,Dribble Jumper,Short to < 17,,4,80.0,0.5,25.0,0.0,0.0,0,,,,25.0,,4,25.0,0.0,,,1,3,,4,0.0,25.0,4,1,3,25.0,0,0,0.0,2
Sincere Carry,Calgary Surge,2026-2027,offense,P&R ball handler,Miss 2 Pts,6,Short to < 17,P&R Including Passes > Spot-Up > Drives Left > Dribble Jumper > Short to < 17 > Miss 2 Pts,P&R Including Passes,Spot-Up,Drives Left,Dribble Jumper,Short to < 17,Miss 2 Pts,3,75.0,0.0,0.0,0.0,0.0,0,,,,0.0,,3,0.0,0.0,,,0,3,,3,0.0,0.0,3,0,3,0.0,0,0,0.0,0
Sincere Carry,Calgary Surge,2026-2027,offense,P&R ball handler,Make 2 Pts,6,Short to < 17,P&R Including Passes > Spot-Up > Drives Left > Dribble Jumper > Short to < 17 > Make 2 Pts,P&R Including Passes,Spot-Up,Drives Left,Dribble Jumper,Short to < 17,Make 2 Pts,1,25.0,2.0,100.0,0.0,0.0,0,,,,100.0,,1,100.0,0.0,,,1,0,,1,0.0,100.0,1,1,0,100.0,0,0,0.0,2
Sincere Carry,Calgary Surge,2026-2027,offense,P&R ball handler,Medium/17' to 3pt,5,Dribble Jumper,P&R Including Passes > Spot-Up > Drives Left > Dribble Jumper > Medium/17' to 3pt,P&R Including Passes,Spot-Up,Drives Left,Dribble Jumper,Medium/17' to 3pt,,1,20.0,0.0,0.0,0.0,0.0,0,,,,0.0,,1,0.0,0.0,,,0,1,,1,0.0,0.0,1,0,1,0.0,0,0,0.0,0
Sincere Carry,Calgary Surge,2026-2027,offense,P&R ball handler,Miss 2 Pts,6,Medium/17' to 3pt,P&R Including Passes > Spot-Up > Drives Left > Dribble Jumper > Medium/17' to 3pt > Miss 2 Pts,P&R Including Passes,Spot-Up,Drives Left,Dribble Jumper,Medium/17' to 3pt,Miss 2 Pts,1,100.0,0.0,0.0,0.0,0.0,0,,,,0.0,,1,0.0,0.0,,,0,1,,1,0.0,0.0,1,0,1,0.0,0,0,0.0,0
Sincere Carry,Calgary Surge,2026-2027,offense,P&R ball handler,Turnover,4,Drives Left,P&R Including Passes > Spot-Up > Drives Left > Turnover,P&R Including Passes,Spot-Up,Drives Left,Turnover,,,2,15.4,0.0,,100.0,0.0,0,,,,,,0,,0.0,,,0,0,,0,,0.0,0,0,0,,0,0,,0
Sincere Carry,Calgary Surge,2026-2027,offense,P&R ball handler,Drives Right,3,Spot-Up,P&R Including Passes > Spot-Up > Drives Right,P&R Including Passes,Spot-Up,Drives Right,,,,4,10.8,1.0,50.0,0.0,0.0,0,,,,50.0,,4,50.0,0.0,,,2,2,,4,0.0,50.0,4,2,2,50.0,0,0,0.0,4
Sincere Carry,Calgary Surge,2026-2027,offense,P&R ball handler,To Basket,4,Drives Right,P&R Including Passes > Spot-Up > Drives Right > To Basket,P&R Including Passes,Spot-Up,Drives Right,To Basket,,,4,100.0,1.0,50.0,0.0,0.0,0,,,,50.0,,4,50.0,0.0,,,2,2,,4,0.0,50.0,4,2,2,50.0,0,0,0.0,4
Sincere Carry,Calgary Surge,2026-2027,offense,P&R ball handler,Make 2 Pts,5,To Basket,P&R Including Passes > Spot-Up > Drives Right > To Basket > Make 2 Pts,P&R Including Passes,Spot-Up,Drives Right,To Basket,Make 2 Pts,,2,50.0,2.0,100.0,0.0,0.0,0,,,,100.0,,2,100.0,0.0,,,2,0,,2,0.0,100.0,2,2,0,100.0,0,0,0.0,4
Sincere Carry,Calgary Surge,2026-2027,offense,P&R ball handler,Miss 2 Pts,5,To Basket,P&R Including Passes > Spot-Up > Drives Right > To Basket > Miss 2 Pts,P&R Including Passes,Spot-Up,Drives Right,To Basket,Miss 2 Pts,,2,50.0,0.0,0.0,0.0,0.0,0,,,,0.0,,2,0.0,0.0,,,0,2,,2,0.0,0.0,2,0,2,0.0,0,0,0.0,0
Sincere Carry,Calgary Surge,2026-2027,offense,P&R ball handler,Cut,2,P&R Including Passes,P&R Including Passes > Cut,P&R Including Passes,Cut,,,,,13,12.0,1.846,93.2,0.0,7.7,0,,,,91.7,,12,91.7,0.0,,,11,1,,13,0.17,92.3,12,11,1,91.7,0,0,0.0,24
Sincere Carry,Calgary Surge,2026-2027,offense,P&R ball handler,Basket,3,Cut,P&R Including Passes > Cut > Basket,P&R Including Passes,Cut,Basket,,,,11,84.6,1.818,90.9,0.0,0.0,0,,,,90.9,,11,90.9,0.0,,,10,1,,11,0.0,90.9,11,10,1,90.9,0,0,0.0,20
Sincere Carry,Calgary Surge,2026-2027,offense,P&R ball handler,Make 2 Pts,4,Basket,P&R Including Passes > Cut > Basket > Make 2 Pts,P&R Including Passes,Cut,Basket,Make 2 Pts,,,10,90.9,2.0,100.0,0.0,0.0,0,,,,100.0,,10,100.0,0.0,,,10,0,,10,0.0,100.0,10,10,0,100.0,0,0,0.0,20
Sincere Carry,Calgary Surge,2026-2027,offense,P&R ball handler,Miss 2 Pts,4,Basket,P&R Including Passes > Cut > Basket > Miss 2 Pts,P&R Including Passes,Cut,Basket,Miss 2 Pts,,,1,9.1,0.0,0.0,0.0,0.0,0,,,,0.0,,1,0.0,0.0,,,0,1,,1,0.0,0.0,1,0,1,0.0,0,0,0.0,0
Sincere Carry,Calgary Surge,2026-2027,offense,P&R ball handler,Flash,3,Cut,P&R Including Passes > Cut > Flash,P&R Including Passes,Cut,Flash,,,,2,15.4,2.0,106.4,0.0,50.0,0,,,,100.0,,1,100.0,0.0,,,1,0,,2,2.0,100.0,1,1,0,100.0,0,0,0.0,4
Sincere Carry,Calgary Surge,2026-2027,offense,P&R ball handler,Make 2 Pts,4,Flash,P&R Including Passes > Cut > Flash > Make 2 Pts,P&R Including Passes,Cut,Flash,Make 2 Pts,,,1,50.0,2.0,100.0,0.0,0.0,0,,,,100.0,,1,100.0,0.0,,,1,0,,1,0.0,100.0,1,1,0,100.0,0,0,0.0,2
Sincere Carry,Calgary Surge,2026-2027,offense,P&R ball handler,Foul,4,Flash,P&R Including Passes > Cut > Flash > Foul,P&R Including Passes,Cut,Flash,Foul,,,1,50.0,2.0,113.6,0.0,100.0,0,,,,,,0,,0.0,,,0,0,,1,,100.0,0,0,0,,0,0,,2
Sincere Carry,Calgary Surge,2026-2027,offense,P&R ball handler,P&R Roll Man,2,P&R Including Passes,P&R Including Passes > P&R Roll Man,P&R Including Passes,P&R Roll Man,,,,,12,11.1,1.167,71.7,16.7,16.7,2,50.0,,,62.5,,8,68.8,16.7,,,5,3,,10,0.5,58.3,6,4,2,66.7,1,1,0.25,14
Sincere Carry,Calgary Surge,2026-2027,offense,P&R ball handler,Rolls to Basket,3,P&R Roll Man,P&R Including Passes > P&R Roll Man > Rolls to Basket,P&R Including Passes,P&R Roll Man,Rolls to Basket,,,,8,66.7,1.125,78.1,25.0,25.0,0,,,,75.0,,4,75.0,25.0,,,3,1,,6,1.0,62.5,4,3,1,75.0,0,0,0.0,9
Sincere Carry,Calgary Surge,2026-2027,offense,P&R ball handler,Make 2 Pts,4,Rolls to Basket,P&R Including Passes > P&R Roll Man > Rolls to Basket > Make 2 Pts,P&R Including Passes,P&R Roll Man,Rolls to Basket,Make 2 Pts,,,3,37.5,2.0,100.0,0.0,0.0,0,,,,100.0,,3,100.0,0.0,,,3,0,,3,0.0,100.0,3,3,0,100.0,0,0,0.0,6
Sincere Carry,Calgary Surge,2026-2027,offense,P&R ball handler,Turnover,4,Rolls to Basket,P&R Including Passes > P&R Roll Man > Rolls to Basket > Turnover,P&R Including Passes,P&R Roll Man,Rolls to Basket,Turnover,,,2,25.0,0.0,,100.0,0.0,0,,,,,,0,,0.0,,,0,0,,0,,0.0,0,0,0,,0,0,,0
Sincere Carry,Calgary Surge,2026-2027,offense,P&R ball handler,Foul,4,Rolls to Basket,P&R Including Passes > P&R Roll Man > Rolls to Basket > Foul,P&R Including Passes,P&R Roll Man,Rolls to Basket,Foul,,,2,25.0,1.5,85.2,0.0,100.0,0,,,,,,0,,100.0,,,0,0,,2,,100.0,0,0,0,,0,0,,3
Sincere Carry,Calgary Surge,2026-2027,offense,P&R ball handler,Miss 2 Pts,4,Rolls to Basket,P&R Including Passes > P&R Roll Man > Rolls to Basket > Miss 2 Pts,P&R Including Passes,P&R Roll Man,Rolls to Basket,Miss 2 Pts,,,1,12.5,0.0,0.0,0.0,0.0,0,,,,0.0,,1,0.0,0.0,,,0,1,,1,0.0,0.0,1,0,1,0.0,0,0,0.0,0
Sincere Carry,Calgary Surge,2026-2027,offense,P&R ball handler,Pick and Pops,3,P&R Roll Man,P&R Including Passes > P&R Roll Man > Pick and Pops,P&R Including Passes,P&R Roll Man,Pick and Pops,,,,2,16.7,1.5,75.0,0.0,0.0,2,50.0,,,50.0,,2,75.0,0.0,,,1,1,,2,0.0,50.0,0,0,0,,1,1,1.0,3
Sincere Carry,Calgary Surge,2026-2027,offense,P&R ball handler,No Dribble Jumper,4,Pick and Pops,P&R Including Passes > P&R Roll Man > Pick and Pops > No Dribble Jumper,P&R Including Passes,P&R Roll Man,Pick and Pops,No Dribble Jumper,,,2,100.0,1.5,75.0,0.0,0.0,2,50.0,,,50.0,,2,75.0,0.0,,,1,1,,2,0.0,50.0,0,0,0,,1,1,1.0,3
Sincere Carry,Calgary Surge,2026-2027,offense,P&R ball handler,Open,5,No Dribble Jumper,P&R Including Passes > P&R Roll Man > Pick and Pops > No Dribble Jumper > Open,P&R Including Passes,P&R Roll Man,Pick and Pops,No Dribble Jumper,Open,,1,50.0,3.0,150.0,0.0,0.0,1,100.0,,,100.0,,1,150.0,0.0,,,1,0,,1,0.0,100.0,0,0,0,,1,0,1.0,3
Sincere Carry,Calgary Surge,2026-2027,offense,P&R ball handler,Long/3pt,6,Open,P&R Including Passes > P&R Roll Man > Pick and Pops > No Dribble Jumper > Open > Long/3pt,P&R Including Passes,P&R Roll Man,Pick and Pops,No Dribble Jumper,Open,Long/3pt,1,100.0,3.0,150.0,0.0,0.0,1,100.0,,,100.0,,1,150.0,0.0,,,1,0,,1,0.0,100.0,0,0,0,,1,0,1.0,3
Sincere Carry,Calgary Surge,2026-2027,offense,P&R ball handler,Guarded,5,No Dribble Jumper,P&R Including Passes > P&R Roll Man > Pick and Pops > No Dribble Jumper > Guarded,P&R Including Passes,P&R Roll Man,Pick and Pops,No Dribble Jumper,Guarded,,1,50.0,0.0,0.0,0.0,0.0,1,0.0,,,0.0,,1,0.0,0.0,,,0,1,,1,0.0,0.0,0,0,0,,0,1,1.0,0
Sincere Carry,Calgary Surge,2026-2027,offense,P&R ball handler,Long/3pt,6,Guarded,P&R Including Passes > P&R Roll Man > Pick and Pops > No Dribble Jumper > Guarded > Long/3pt,P&R Including Passes,P&R Roll Man,Pick and Pops,No Dribble Jumper,Guarded,Long/3pt,1,100.0,0.0,0.0,0.0,0.0,1,0.0,,,0.0,,1,0.0,0.0,,,0,1,,1,0.0,0.0,0,0,0,,0,1,1.0,0
Sincere Carry,Calgary Surge,2026-2027,offense,P&R ball handler,Slips the Pick,3,P&R Roll Man,P&R Including Passes > P&R Roll Man > Slips the Pick,P&R Including Passes,P&R Roll Man,Slips the Pick,,,,2,16.7,1.0,50.0,0.0,0.0,0,,,,50.0,,2,50.0,0.0,,,1,1,,2,0.0,50.0,2,1,1,50.0,0,0,0.0,2
Sincere Carry,Calgary Surge,2026-2027,offense,P&R ball handler,To Basket,4,Slips the Pick,P&R Including Passes > P&R Roll Man > Slips the Pick > To Basket,P&R Including Passes,P&R Roll Man,Slips the Pick,To Basket,,,1,50.0,2.0,100.0,0.0,0.0,0,,,,100.0,,1,100.0,0.0,,,1,0,,1,0.0,100.0,1,1,0,100.0,0,0,0.0,2
Sincere Carry,Calgary Surge,2026-2027,offense,P&R ball handler,Make 2 Pts,5,To Basket,P&R Including Passes > P&R Roll Man > Slips the Pick > To Basket > Make 2 Pts,P&R Including Passes,P&R Roll Man,Slips the Pick,To Basket,Make 2 Pts,,1,100.0,2.0,100.0,0.0,0.0,0,,,,100.0,,1,100.0,0.0,,,1,0,,1,0.0,100.0,1,1,0,100.0,0,0,0.0,2
Sincere Carry,Calgary Surge,2026-2027,offense,P&R ball handler,No Dribble Jumper,4,Slips the Pick,P&R Including Passes > P&R Roll Man > Slips the Pick > No Dribble Jumper,P&R Including Passes,P&R Roll Man,Slips the Pick,No Dribble Jumper,,,1,50.0,0.0,0.0,0.0,0.0,0,,,,0.0,,1,0.0,0.0,,,0,1,,1,0.0,0.0,1,0,1,0.0,0,0,0.0,0
Sincere Carry,Calgary Surge,2026-2027,offense,P&R ball handler,Guarded,5,No Dribble Jumper,P&R Including Passes > P&R Roll Man > Slips the Pick > No Dribble Jumper > Guarded,P&R Including Passes,P&R Roll Man,Slips the Pick,No Dribble Jumper,Guarded,,1,100.0,0.0,0.0,0.0,0.0,0,,,,0.0,,1,0.0,0.0,,,0,1,,1,0.0,0.0,1,0,1,0.0,0,0,0.0,0
Sincere Carry,Calgary Surge,2026-2027,offense,P&R ball handler,Medium/17' to 3pt,6,Guarded,P&R Including Passes > P&R Roll Man > Slips the Pick > No Dribble Jumper > Guarded > Medium/17' to 3pt,P&R Including Passes,P&R Roll Man,Slips the Pick,No Dribble Jumper,Guarded,Medium/17' to 3pt,1,100.0,0.0,0.0,0.0,0.0,0,,,,0.0,,1,0.0,0.0,,,0,1,,1,0.0,0.0,1,0,1,0.0,0,0,0.0,0
Sincere Carry,Calgary Surge,2026-2027,offense,P&R ball handler,P&R BH - Defense Commits,1,,P&R BH - Defense Commits,P&R BH - Defense Commits,,,,,,66,36.1,1.045,61.0,13.6,6.1,22,36.4,Excellent,84.0,52.8,77.0,53,60.4,3.0,,,28,25,,57,0.15,47.0,31,20,11,64.5,8,14,0.42,69
Sincere Carry,Calgary Surge,2026-2027,offense,P&R ball handler,Spot-Up,2,P&R BH - Defense Commits,P&R BH - Defense Commits > Spot-Up,P&R BH - Defense Commits,Spot-Up,,,,,37,56.1,0.838,45.7,8.1,2.7,20,35.0,,,36.4,,33,47.0,0.0,,,12,21,,34,0.06,32.4,13,5,8,38.5,7,13,0.61,31
Sincere Carry,Calgary Surge,2026-2027,offense,P&R ball handler,No Dribble Jumper,3,Spot-Up,P&R BH - Defense Commits > Spot-Up > No Dribble Jumper,P&R BH - Defense Commits,Spot-Up,No Dribble Jumper,,,,20,54.1,1.05,52.5,0.0,0.0,20,35.0,,,35.0,,20,52.5,0.0,,,7,13,,20,0.0,35.0,0,0,0,,7,13,1.0,21
Sincere Carry,Calgary Surge,2026-2027,offense,P&R ball handler,Guarded,4,No Dribble Jumper,P&R BH - Defense Commits > Spot-Up > No Dribble Jumper > Guarded,P&R BH - Defense Commits,Spot-Up,No Dribble Jumper,Guarded,,,16,80.0,0.75,37.5,0.0,0.0,16,25.0,,,25.0,,16,37.5,0.0,,,4,12,,16,0.0,25.0,0,0,0,,4,12,1.0,12
Sincere Carry,Calgary Surge,2026-2027,offense,P&R ball handler,Long/3pt,5,Guarded,P&R BH - Defense Commits > Spot-Up > No Dribble Jumper > Guarded > Long/3pt,P&R BH - Defense Commits,Spot-Up,No Dribble Jumper,Guarded,Long/3pt,,16,100.0,0.75,37.5,0.0,0.0,16,25.0,,,25.0,,16,37.5,0.0,,,4,12,,16,0.0,25.0,0,0,0,,4,12,1.0,12
Sincere Carry,Calgary Surge,2026-2027,offense,P&R ball handler,Miss 3 Pts,6,Long/3pt,P&R BH - Defense Commits > Spot-Up > No Dribble Jumper > Guarded > Long/3pt > Miss 3 Pts,P&R BH - Defense Commits,Spot-Up,No Dribble Jumper,Guarded,Long/3pt,Miss 3 Pts,12,75.0,0.0,0.0,0.0,0.0,12,0.0,,,0.0,,12,0.0,0.0,,,0,12,,12,0.0,0.0,0,0,0,,0,12,1.0,0
Sincere Carry,Calgary Surge,2026-2027,offense,P&R ball handler,Make 3 Pts,6,Long/3pt,P&R BH - Defense Commits > Spot-Up > No Dribble Jumper > Guarded > Long/3pt > Make 3 Pts,P&R BH - Defense Commits,Spot-Up,No Dribble Jumper,Guarded,Long/3pt,Make 3 Pts,4,25.0,3.0,150.0,0.0,0.0,4,100.0,,,100.0,,4,150.0,0.0,,,4,0,,4,0.0,100.0,0,0,0,,4,0,1.0,12
Sincere Carry,Calgary Surge,2026-2027,offense,P&R ball handler,Open,4,No Dribble Jumper,P&R BH - Defense Commits > Spot-Up > No Dribble Jumper > Open,P&R BH - Defense Commits,Spot-Up,No Dribble Jumper,Open,,,4,20.0,2.25,112.5,0.0,0.0,4,75.0,,,75.0,,4,112.5,0.0,,,3,1,,4,0.0,75.0,0,0,0,,3,1,1.0,9
Sincere Carry,Calgary Surge,2026-2027,offense,P&R ball handler,Long/3pt,5,Open,P&R BH - Defense Commits > Spot-Up > No Dribble Jumper > Open > Long/3pt,P&R BH - Defense Commits,Spot-Up,No Dribble Jumper,Open,Long/3pt,,4,100.0,2.25,112.5,0.0,0.0,4,75.0,,,75.0,,4,112.5,0.0,,,3,1,,4,0.0,75.0,0,0,0,,3,1,1.0,9
Sincere Carry,Calgary Surge,2026-2027,offense,P&R ball handler,Make 3 Pts,6,Long/3pt,P&R BH - Defense Commits > Spot-Up > No Dribble Jumper > Open > Long/3pt > Make 3 Pts,P&R BH - Defense Commits,Spot-Up,No Dribble Jumper,Open,Long/3pt,Make 3 Pts,3,75.0,3.0,150.0,0.0,0.0,3,100.0,,,100.0,,3,150.0,0.0,,,3,0,,3,0.0,100.0,0,0,0,,3,0,1.0,9
Sincere Carry,Calgary Surge,2026-2027,offense,P&R ball handler,Miss 3 Pts,6,Long/3pt,P&R BH - Defense Commits > Spot-Up > No Dribble Jumper > Open > Long/3pt > Miss 3 Pts,P&R BH - Defense Commits,Spot-Up,No Dribble Jumper,Open,Long/3pt,Miss 3 Pts,1,25.0,0.0,0.0,0.0,0.0,1,0.0,,,0.0,,1,0.0,0.0,,,0,1,,1,0.0,0.0,0,0,0,,0,1,1.0,0
Sincere Carry,Calgary Surge,2026-2027,offense,P&R ball handler,Drives Left,3,Spot-Up,P&R BH - Defense Commits > Spot-Up > Drives Left,P&R BH - Defense Commits,Spot-Up,Drives Left,,,,13,35.1,0.462,30.4,23.1,7.7,0,,,,33.3,,9,33.3,0.0,,,3,6,,10,0.22,23.1,9,3,6,33.3,0,0,0.0,6
Sincere Carry,Calgary Surge,2026-2027,offense,P&R ball handler,To Basket,4,Drives Left,P&R BH - Defense Commits > Spot-Up > Drives Left > To Basket,P&R BH - Defense Commits,Spot-Up,Drives Left,To Basket,,,6,46.2,0.667,41.0,16.7,16.7,0,,,,50.0,,4,50.0,0.0,,,2,2,,5,0.5,33.3,4,2,2,50.0,0,0,0.0,4
Sincere Carry,Calgary Surge,2026-2027,offense,P&R ball handler,Make 2 Pts,5,To Basket,P&R BH - Defense Commits > Spot-Up > Drives Left > To Basket > Make 2 Pts,P&R BH - Defense Commits,Spot-Up,Drives Left,To Basket,Make 2 Pts,,2,33.3,2.0,100.0,0.0,0.0,0,,,,100.0,,2,100.0,0.0,,,2,0,,2,0.0,100.0,2,2,0,100.0,0,0,0.0,4
Sincere Carry,Calgary Surge,2026-2027,offense,P&R ball handler,Miss 2 Pts,5,To Basket,P&R BH - Defense Commits > Spot-Up > Drives Left > To Basket > Miss 2 Pts,P&R BH - Defense Commits,Spot-Up,Drives Left,To Basket,Miss 2 Pts,,2,33.3,0.0,0.0,0.0,0.0,0,,,,0.0,,2,0.0,0.0,,,0,2,,2,0.0,0.0,2,0,2,0.0,0,0,0.0,0
Sincere Carry,Calgary Surge,2026-2027,offense,P&R ball handler,Turnover,5,To Basket,P&R BH - Defense Commits > Spot-Up > Drives Left > To Basket > Turnover,P&R BH - Defense Commits,Spot-Up,Drives Left,To Basket,Turnover,,1,16.7,0.0,,100.0,0.0,0,,,,,,0,,0.0,,,0,0,,0,,0.0,0,0,0,,0,0,,0
Sincere Carry,Calgary Surge,2026-2027,offense,P&R ball handler,Foul,5,To Basket,P&R BH - Defense Commits > Spot-Up > Drives Left > To Basket > Foul,P&R BH - Defense Commits,Spot-Up,Drives Left,To Basket,Foul,,1,16.7,0.0,0.0,0.0,100.0,0,,,,,,0,,0.0,,,0,0,,1,,0.0,0,0,0,,0,0,,0
Sincere Carry,Calgary Surge,2026-2027,offense,P&R ball handler,Dribble Jumper,4,Drives Left,P&R BH - Defense Commits > Spot-Up > Drives Left > Dribble Jumper,P&R BH - Defense Commits,Spot-Up,Drives Left,Dribble Jumper,,,5,38.5,0.4,20.0,0.0,0.0,0,,,,20.0,,5,20.0,0.0,,,1,4,,5,0.0,20.0,5,1,4,20.0,0,0,0.0,2
Sincere Carry,Calgary Surge,2026-2027,offense,P&R ball handler,Short to < 17,5,Dribble Jumper,P&R BH - Defense Commits > Spot-Up > Drives Left > Dribble Jumper > Short to < 17,P&R BH - Defense Commits,Spot-Up,Drives Left,Dribble Jumper,Short to < 17,,4,80.0,0.5,25.0,0.0,0.0,0,,,,25.0,,4,25.0,0.0,,,1,3,,4,0.0,25.0,4,1,3,25.0,0,0,0.0,2
Sincere Carry,Calgary Surge,2026-2027,offense,P&R ball handler,Miss 2 Pts,6,Short to < 17,P&R BH - Defense Commits > Spot-Up > Drives Left > Dribble Jumper > Short to < 17 > Miss 2 Pts,P&R BH - Defense Commits,Spot-Up,Drives Left,Dribble Jumper,Short to < 17,Miss 2 Pts,3,75.0,0.0,0.0,0.0,0.0,0,,,,0.0,,3,0.0,0.0,,,0,3,,3,0.0,0.0,3,0,3,0.0,0,0,0.0,0
Sincere Carry,Calgary Surge,2026-2027,offense,P&R ball handler,Make 2 Pts,6,Short to < 17,P&R BH - Defense Commits > Spot-Up > Drives Left > Dribble Jumper > Short to < 17 > Make 2 Pts,P&R BH - Defense Commits,Spot-Up,Drives Left,Dribble Jumper,Short to < 17,Make 2 Pts,1,25.0,2.0,100.0,0.0,0.0,0,,,,100.0,,1,100.0,0.0,,,1,0,,1,0.0,100.0,1,1,0,100.0,0,0,0.0,2
Sincere Carry,Calgary Surge,2026-2027,offense,P&R ball handler,Medium/17' to 3pt,5,Dribble Jumper,P&R BH - Defense Commits > Spot-Up > Drives Left > Dribble Jumper > Medium/17' to 3pt,P&R BH - Defense Commits,Spot-Up,Drives Left,Dribble Jumper,Medium/17' to 3pt,,1,20.0,0.0,0.0,0.0,0.0,0,,,,0.0,,1,0.0,0.0,,,0,1,,1,0.0,0.0,1,0,1,0.0,0,0,0.0,0
Sincere Carry,Calgary Surge,2026-2027,offense,P&R ball handler,Miss 2 Pts,6,Medium/17' to 3pt,P&R BH - Defense Commits > Spot-Up > Drives Left > Dribble Jumper > Medium/17' to 3pt > Miss 2 Pts,P&R BH - Defense Commits,Spot-Up,Drives Left,Dribble Jumper,Medium/17' to 3pt,Miss 2 Pts,1,100.0,0.0,0.0,0.0,0.0,0,,,,0.0,,1,0.0,0.0,,,0,1,,1,0.0,0.0,1,0,1,0.0,0,0,0.0,0
Sincere Carry,Calgary Surge,2026-2027,offense,P&R ball handler,Turnover,4,Drives Left,P&R BH - Defense Commits > Spot-Up > Drives Left > Turnover,P&R BH - Defense Commits,Spot-Up,Drives Left,Turnover,,,2,15.4,0.0,,100.0,0.0,0,,,,,,0,,0.0,,,0,0,,0,,0.0,0,0,0,,0,0,,0
Sincere Carry,Calgary Surge,2026-2027,offense,P&R ball handler,Drives Right,3,Spot-Up,P&R BH - Defense Commits > Spot-Up > Drives Right,P&R BH - Defense Commits,Spot-Up,Drives Right,,,,4,10.8,1.0,50.0,0.0,0.0,0,,,,50.0,,4,50.0,0.0,,,2,2,,4,0.0,50.0,4,2,2,50.0,0,0,0.0,4
Sincere Carry,Calgary Surge,2026-2027,offense,P&R ball handler,To Basket,4,Drives Right,P&R BH - Defense Commits > Spot-Up > Drives Right > To Basket,P&R BH - Defense Commits,Spot-Up,Drives Right,To Basket,,,4,100.0,1.0,50.0,0.0,0.0,0,,,,50.0,,4,50.0,0.0,,,2,2,,4,0.0,50.0,4,2,2,50.0,0,0,0.0,4
Sincere Carry,Calgary Surge,2026-2027,offense,P&R ball handler,Miss 2 Pts,5,To Basket,P&R BH - Defense Commits > Spot-Up > Drives Right > To Basket > Miss 2 Pts,P&R BH - Defense Commits,Spot-Up,Drives Right,To Basket,Miss 2 Pts,,2,50.0,0.0,0.0,0.0,0.0,0,,,,0.0,,2,0.0,0.0,,,0,2,,2,0.0,0.0,2,0,2,0.0,0,0,0.0,0
Sincere Carry,Calgary Surge,2026-2027,offense,P&R ball handler,Make 2 Pts,5,To Basket,P&R BH - Defense Commits > Spot-Up > Drives Right > To Basket > Make 2 Pts,P&R BH - Defense Commits,Spot-Up,Drives Right,To Basket,Make 2 Pts,,2,50.0,2.0,100.0,0.0,0.0,0,,,,100.0,,2,100.0,0.0,,,2,0,,2,0.0,100.0,2,2,0,100.0,0,0,0.0,4
Sincere Carry,Calgary Surge,2026-2027,offense,P&R ball handler,Cut,2,P&R BH - Defense Commits,P&R BH - Defense Commits > Cut,P&R BH - Defense Commits,Cut,,,,,13,19.7,1.846,93.2,0.0,7.7,0,,,,91.7,,12,91.7,0.0,,,11,1,,13,0.17,92.3,12,11,1,91.7,0,0,0.0,24
Sincere Carry,Calgary Surge,2026-2027,offense,P&R ball handler,Basket,3,Cut,P&R BH - Defense Commits > Cut > Basket,P&R BH - Defense Commits,Cut,Basket,,,,11,84.6,1.818,90.9,0.0,0.0,0,,,,90.9,,11,90.9,0.0,,,10,1,,11,0.0,90.9,11,10,1,90.9,0,0,0.0,20
Sincere Carry,Calgary Surge,2026-2027,offense,P&R ball handler,Make 2 Pts,4,Basket,P&R BH - Defense Commits > Cut > Basket > Make 2 Pts,P&R BH - Defense Commits,Cut,Basket,Make 2 Pts,,,10,90.9,2.0,100.0,0.0,0.0,0,,,,100.0,,10,100.0,0.0,,,10,0,,10,0.0,100.0,10,10,0,100.0,0,0,0.0,20
Sincere Carry,Calgary Surge,2026-2027,offense,P&R ball handler,Miss 2 Pts,4,Basket,P&R BH - Defense Commits > Cut > Basket > Miss 2 Pts,P&R BH - Defense Commits,Cut,Basket,Miss 2 Pts,,,1,9.1,0.0,0.0,0.0,0.0,0,,,,0.0,,1,0.0,0.0,,,0,1,,1,0.0,0.0,1,0,1,0.0,0,0,0.0,0
Sincere Carry,Calgary Surge,2026-2027,offense,P&R ball handler,Flash,3,Cut,P&R BH - Defense Commits > Cut > Flash,P&R BH - Defense Commits,Cut,Flash,,,,2,15.4,2.0,106.4,0.0,50.0,0,,,,100.0,,1,100.0,0.0,,,1,0,,2,2.0,100.0,1,1,0,100.0,0,0,0.0,4
Sincere Carry,Calgary Surge,2026-2027,offense,P&R ball handler,Make 2 Pts,4,Flash,P&R BH - Defense Commits > Cut > Flash > Make 2 Pts,P&R BH - Defense Commits,Cut,Flash,Make 2 Pts,,,1,50.0,2.0,100.0,0.0,0.0,0,,,,100.0,,1,100.0,0.0,,,1,0,,1,0.0,100.0,1,1,0,100.0,0,0,0.0,2
Sincere Carry,Calgary Surge,2026-2027,offense,P&R ball handler,Foul,4,Flash,P&R BH - Defense Commits > Cut > Flash > Foul,P&R BH - Defense Commits,Cut,Flash,Foul,,,1,50.0,2.0,113.6,0.0,100.0,0,,,,,,0,,0.0,,,0,0,,1,,100.0,0,0,0,,0,0,,2
Sincere Carry,Calgary Surge,2026-2027,offense,P&R ball handler,P&R Roll Man,2,P&R BH - Defense Commits,P&R BH - Defense Commits > P&R Roll Man,P&R BH - Defense Commits,P&R Roll Man,,,,,12,18.2,1.167,71.7,16.7,16.7,2,50.0,,,62.5,,8,68.8,16.7,,,5,3,,10,0.5,58.3,6,4,2,66.7,1,1,0.25,14
Sincere Carry,Calgary Surge,2026-2027,offense,P&R ball handler,Rolls to Basket,3,P&R Roll Man,P&R BH - Defense Commits > P&R Roll Man > Rolls to Basket,P&R BH - Defense Commits,P&R Roll Man,Rolls to Basket,,,,8,66.7,1.125,78.1,25.0,25.0,0,,,,75.0,,4,75.0,25.0,,,3,1,,6,1.0,62.5,4,3,1,75.0,0,0,0.0,9
Sincere Carry,Calgary Surge,2026-2027,offense,P&R ball handler,Make 2 Pts,4,Rolls to Basket,P&R BH - Defense Commits > P&R Roll Man > Rolls to Basket > Make 2 Pts,P&R BH - Defense Commits,P&R Roll Man,Rolls to Basket,Make 2 Pts,,,3,37.5,2.0,100.0,0.0,0.0,0,,,,100.0,,3,100.0,0.0,,,3,0,,3,0.0,100.0,3,3,0,100.0,0,0,0.0,6
Sincere Carry,Calgary Surge,2026-2027,offense,P&R ball handler,Turnover,4,Rolls to Basket,P&R BH - Defense Commits > P&R Roll Man > Rolls to Basket > Turnover,P&R BH - Defense Commits,P&R Roll Man,Rolls to Basket,Turnover,,,2,25.0,0.0,,100.0,0.0,0,,,,,,0,,0.0,,,0,0,,0,,0.0,0,0,0,,0,0,,0
Sincere Carry,Calgary Surge,2026-2027,offense,P&R ball handler,Foul,4,Rolls to Basket,P&R BH - Defense Commits > P&R Roll Man > Rolls to Basket > Foul,P&R BH - Defense Commits,P&R Roll Man,Rolls to Basket,Foul,,,2,25.0,1.5,85.2,0.0,100.0,0,,,,,,0,,100.0,,,0,0,,2,,100.0,0,0,0,,0,0,,3
Sincere Carry,Calgary Surge,2026-2027,offense,P&R ball handler,Miss 2 Pts,4,Rolls to Basket,P&R BH - Defense Commits > P&R Roll Man > Rolls to Basket > Miss 2 Pts,P&R BH - Defense Commits,P&R Roll Man,Rolls to Basket,Miss 2 Pts,,,1,12.5,0.0,0.0,0.0,0.0,0,,,,0.0,,1,0.0,0.0,,,0,1,,1,0.0,0.0,1,0,1,0.0,0,0,0.0,0
Sincere Carry,Calgary Surge,2026-2027,offense,P&R ball handler,Slips the Pick,3,P&R Roll Man,P&R BH - Defense Commits > P&R Roll Man > Slips the Pick,P&R BH - Defense Commits,P&R Roll Man,Slips the Pick,,,,2,16.7,1.0,50.0,0.0,0.0,0,,,,50.0,,2,50.0,0.0,,,1,1,,2,0.0,50.0,2,1,1,50.0,0,0,0.0,2
Sincere Carry,Calgary Surge,2026-2027,offense,P&R ball handler,To Basket,4,Slips the Pick,P&R BH - Defense Commits > P&R Roll Man > Slips the Pick > To Basket,P&R BH - Defense Commits,P&R Roll Man,Slips the Pick,To Basket,,,1,50.0,2.0,100.0,0.0,0.0,0,,,,100.0,,1,100.0,0.0,,,1,0,,1,0.0,100.0,1,1,0,100.0,0,0,0.0,2
Sincere Carry,Calgary Surge,2026-2027,offense,P&R ball handler,Make 2 Pts,5,To Basket,P&R BH - Defense Commits > P&R Roll Man > Slips the Pick > To Basket > Make 2 Pts,P&R BH - Defense Commits,P&R Roll Man,Slips the Pick,To Basket,Make 2 Pts,,1,100.0,2.0,100.0,0.0,0.0,0,,,,100.0,,1,100.0,0.0,,,1,0,,1,0.0,100.0,1,1,0,100.0,0,0,0.0,2
Sincere Carry,Calgary Surge,2026-2027,offense,P&R ball handler,No Dribble Jumper,4,Slips the Pick,P&R BH - Defense Commits > P&R Roll Man > Slips the Pick > No Dribble Jumper,P&R BH - Defense Commits,P&R Roll Man,Slips the Pick,No Dribble Jumper,,,1,50.0,0.0,0.0,0.0,0.0,0,,,,0.0,,1,0.0,0.0,,,0,1,,1,0.0,0.0,1,0,1,0.0,0,0,0.0,0
Sincere Carry,Calgary Surge,2026-2027,offense,P&R ball handler,Guarded,5,No Dribble Jumper,P&R BH - Defense Commits > P&R Roll Man > Slips the Pick > No Dribble Jumper > Guarded,P&R BH - Defense Commits,P&R Roll Man,Slips the Pick,No Dribble Jumper,Guarded,,1,100.0,0.0,0.0,0.0,0.0,0,,,,0.0,,1,0.0,0.0,,,0,1,,1,0.0,0.0,1,0,1,0.0,0,0,0.0,0
Sincere Carry,Calgary Surge,2026-2027,offense,P&R ball handler,Medium/17' to 3pt,6,Guarded,P&R BH - Defense Commits > P&R Roll Man > Slips the Pick > No Dribble Jumper > Guarded > Medium/17' to 3pt,P&R BH - Defense Commits,P&R Roll Man,Slips the Pick,No Dribble Jumper,Guarded,Medium/17' to 3pt,1,100.0,0.0,0.0,0.0,0.0,0,,,,0.0,,1,0.0,0.0,,,0,1,,1,0.0,0.0,1,0,1,0.0,0,0,0.0,0
Sincere Carry,Calgary Surge,2026-2027,offense,P&R ball handler,Pick and Pops,3,P&R Roll Man,P&R BH - Defense Commits > P&R Roll Man > Pick and Pops,P&R BH - Defense Commits,P&R Roll Man,Pick and Pops,,,,2,16.7,1.5,75.0,0.0,0.0,2,50.0,,,50.0,,2,75.0,0.0,,,1,1,,2,0.0,50.0,0,0,0,,1,1,1.0,3
Sincere Carry,Calgary Surge,2026-2027,offense,P&R ball handler,No Dribble Jumper,4,Pick and Pops,P&R BH - Defense Commits > P&R Roll Man > Pick and Pops > No Dribble Jumper,P&R BH - Defense Commits,P&R Roll Man,Pick and Pops,No Dribble Jumper,,,2,100.0,1.5,75.0,0.0,0.0,2,50.0,,,50.0,,2,75.0,0.0,,,1,1,,2,0.0,50.0,0,0,0,,1,1,1.0,3
Sincere Carry,Calgary Surge,2026-2027,offense,P&R ball handler,Open,5,No Dribble Jumper,P&R BH - Defense Commits > P&R Roll Man > Pick and Pops > No Dribble Jumper > Open,P&R BH - Defense Commits,P&R Roll Man,Pick and Pops,No Dribble Jumper,Open,,1,50.0,3.0,150.0,0.0,0.0,1,100.0,,,100.0,,1,150.0,0.0,,,1,0,,1,0.0,100.0,0,0,0,,1,0,1.0,3
Sincere Carry,Calgary Surge,2026-2027,offense,P&R ball handler,Long/3pt,6,Open,P&R BH - Defense Commits > P&R Roll Man > Pick and Pops > No Dribble Jumper > Open > Long/3pt,P&R BH - Defense Commits,P&R Roll Man,Pick and Pops,No Dribble Jumper,Open,Long/3pt,1,100.0,3.0,150.0,0.0,0.0,1,100.0,,,100.0,,1,150.0,0.0,,,1,0,,1,0.0,100.0,0,0,0,,1,0,1.0,3
Sincere Carry,Calgary Surge,2026-2027,offense,P&R ball handler,Guarded,5,No Dribble Jumper,P&R BH - Defense Commits > P&R Roll Man > Pick and Pops > No Dribble Jumper > Guarded,P&R BH - Defense Commits,P&R Roll Man,Pick and Pops,No Dribble Jumper,Guarded,,1,50.0,0.0,0.0,0.0,0.0,1,0.0,,,0.0,,1,0.0,0.0,,,0,1,,1,0.0,0.0,0,0,0,,0,1,1.0,0
Sincere Carry,Calgary Surge,2026-2027,offense,P&R ball handler,Long/3pt,6,Guarded,P&R BH - Defense Commits > P&R Roll Man > Pick and Pops > No Dribble Jumper > Guarded > Long/3pt,P&R BH - Defense Commits,P&R Roll Man,Pick and Pops,No Dribble Jumper,Guarded,Long/3pt,1,100.0,0.0,0.0,0.0,0.0,1,0.0,,,0.0,,1,0.0,0.0,,,0,1,,1,0.0,0.0,0,0,0,,0,1,1.0,0
Sincere Carry,Calgary Surge,2026-2027,offense,P&R ball handler,P&R Ball Handler,2,P&R BH - Defense Commits,P&R BH - Defense Commits > P&R Ball Handler,P&R BH - Defense Commits,P&R Ball Handler,,,,,4,6.1,0.0,,100.0,0.0,0,,,,,,0,,0.0,,,0,0,,0,,0.0,0,0,0,,0,0,,0
Sincere Carry,Calgary Surge,2026-2027,offense,P&R ball handler,High P&R,3,P&R Ball Handler,P&R BH - Defense Commits > P&R Ball Handler > High P&R,P&R BH - Defense Commits,P&R Ball Handler,High P&R,,,,4,100.0,0.0,,100.0,0.0,0,,,,,,0,,0.0,,,0,0,,0,,0.0,0,0,0,,0,0,,0
Sincere Carry,Calgary Surge,2026-2027,offense,P&R ball handler,Go Away from Pick,4,High P&R,P&R BH - Defense Commits > P&R Ball Handler > High P&R > Go Away from Pick,P&R BH - Defense Commits,P&R Ball Handler,High P&R,Go Away from Pick,,,2,50.0,0.0,,100.0,0.0,0,,,,,,0,,0.0,,,0,0,,0,,0.0,0,0,0,,0,0,,0
Sincere Carry,Calgary Surge,2026-2027,offense,P&R ball handler,Defense Commits,5,Go Away from Pick,P&R BH - Defense Commits > P&R Ball Handler > High P&R > Go Away from Pick > Defense Commits,P&R BH - Defense Commits,P&R Ball Handler,High P&R,Go Away from Pick,Defense Commits,,2,100.0,0.0,,100.0,0.0,0,,,,,,0,,0.0,,,0,0,,0,,0.0,0,0,0,,0,0,,0
Sincere Carry,Calgary Surge,2026-2027,offense,P&R ball handler,Turnover,6,Defense Commits,P&R BH - Defense Commits > P&R Ball Handler > High P&R > Go Away from Pick > Defense Commits > Turnover,P&R BH - Defense Commits,P&R Ball Handler,High P&R,Go Away from Pick,Defense Commits,Turnover,2,100.0,0.0,,100.0,0.0,0,,,,,,0,,0.0,,,0,0,,0,,0.0,0,0,0,,0,0,,0
Sincere Carry,Calgary Surge,2026-2027,offense,P&R ball handler,Dribble Off Pick,4,High P&R,P&R BH - Defense Commits > P&R Ball Handler > High P&R > Dribble Off Pick,P&R BH - Defense Commits,P&R Ball Handler,High P&R,Dribble Off Pick,,,2,50.0,0.0,,100.0,0.0,0,,,,,,0,,0.0,,,0,0,,0,,0.0,0,0,0,,0,0,,0
Sincere Carry,Calgary Surge,2026-2027,offense,P&R ball handler,Defense Commits,5,Dribble Off Pick,P&R BH - Defense Commits > P&R Ball Handler > High P&R > Dribble Off Pick > Defense Commits,P&R BH - Defense Commits,P&R Ball Handler,High P&R,Dribble Off Pick,Defense Commits,,2,100.0,0.0,,100.0,0.0,0,,,,,,0,,0.0,,,0,0,,0,,0.0,0,0,0,,0,0,,0
Sincere Carry,Calgary Surge,2026-2027,offense,P&R ball handler,Turnover,6,Defense Commits,P&R BH - Defense Commits > P&R Ball Handler > High P&R > Dribble Off Pick > Defense Commits > Turnover,P&R BH - Defense Commits,P&R Ball Handler,High P&R,Dribble Off Pick,Defense Commits,Turnover,2,100.0,0.0,,100.0,0.0,0,,,,,,0,,0.0,,,0,0,,0,,0.0,0,0,0,,0,0,,0
Sincere Carry,Calgary Surge,2026-2027,offense,P&R ball handler,P&R BH - Traps,1,,P&R BH - Traps,P&R BH - Traps,,,,,,2,1.1,2.0,106.4,0.0,50.0,0,,,,100.0,,1,100.0,0.0,,,1,0,,2,2.0,100.0,1,1,0,100.0,0,0,0.0,4
Sincere Carry,Calgary Surge,2026-2027,offense,P&R ball handler,Cut,2,P&R BH - Traps,P&R BH - Traps > Cut,P&R BH - Traps,Cut,,,,,1,50.0,2.0,113.6,0.0,100.0,0,,,,,,0,,0.0,,,0,0,,1,,100.0,0,0,0,,0,0,,2
Sincere Carry,Calgary Surge,2026-2027,offense,P&R ball handler,Flash,3,Cut,P&R BH - Traps > Cut > Flash,P&R BH - Traps,Cut,Flash,,,,1,100.0,2.0,113.6,0.0,100.0,0,,,,,,0,,0.0,,,0,0,,1,,100.0,0,0,0,,0,0,,2
Sincere Carry,Calgary Surge,2026-2027,offense,P&R ball handler,Foul,4,Flash,P&R BH - Traps > Cut > Flash > Foul,P&R BH - Traps,Cut,Flash,Foul,,,1,100.0,2.0,113.6,0.0,100.0,0,,,,,,0,,0.0,,,0,0,,1,,100.0,0,0,0,,0,0,,2
Sincere Carry,Calgary Surge,2026-2027,offense,P&R ball handler,P&R Roll Man,2,P&R BH - Traps,P&R BH - Traps > P&R Roll Man,P&R BH - Traps,P&R Roll Man,,,,,1,50.0,2.0,100.0,0.0,0.0,0,,,,100.0,,1,100.0,0.0,,,1,0,,1,0.0,100.0,1,1,0,100.0,0,0,0.0,2
Sincere Carry,Calgary Surge,2026-2027,offense,P&R ball handler,Rolls to Basket,3,P&R Roll Man,P&R BH - Traps > P&R Roll Man > Rolls to Basket,P&R BH - Traps,P&R Roll Man,Rolls to Basket,,,,1,100.0,2.0,100.0,0.0,0.0,0,,,,100.0,,1,100.0,0.0,,,1,0,,1,0.0,100.0,1,1,0,100.0,0,0,0.0,2
Sincere Carry,Calgary Surge,2026-2027,offense,P&R ball handler,Make 2 Pts,4,Rolls to Basket,P&R BH - Traps > P&R Roll Man > Rolls to Basket > Make 2 Pts,P&R BH - Traps,P&R Roll Man,Rolls to Basket,Make 2 Pts,,,1,100.0,2.0,100.0,0.0,0.0,0,,,,100.0,,1,100.0,0.0,,,1,0,,1,0.0,100.0,1,1,0,100.0,0,0,0.0,2
Sincere Carry,Calgary Surge,2026-2027,offense,Isolation,ISO Including Passes,1,,ISO Including Passes,ISO Including Passes,,,,,,38,20.8,0.868,45.2,2.6,10.5,16,25.0,Average,47.0,36.4,98.0,33,42.4,7.9,,,12,21,,37,0.24,42.1,17,8,9,47.1,4,12,0.48,33
Sincere Carry,Calgary Surge,2026-2027,offense,Isolation,Isolation,2,ISO Including Passes,ISO Including Passes > Isolation,ISO Including Passes,Isolation,,,,,25,65.8,1.0,52.6,4.0,8.0,7,28.6,,,45.5,,22,50.0,4.0,,,10,12,,24,0.18,48.0,15,8,7,53.3,2,5,0.32,25
Sincere Carry,Calgary Surge,2026-2027,offense,Isolation,Left,3,Isolation,ISO Including Passes > Isolation > Left,ISO Including Passes,Isolation,Left,,,,11,44.0,1.455,72.7,0.0,0.0,4,50.0,,,63.6,,11,72.7,0.0,,,7,4,,11,0.0,63.6,7,5,2,71.4,2,2,0.36,16
Sincere Carry,Calgary Surge,2026-2027,offense,Isolation,Drives Right,4,Left,ISO Including Passes > Isolation > Left > Drives Right,ISO Including Passes,Isolation,Left,Drives Right,,,4,36.4,1.5,75.0,0.0,0.0,0,,,,75.0,,4,75.0,0.0,,,3,1,,4,0.0,75.0,4,3,1,75.0,0,0,0.0,6
Sincere Carry,Calgary Surge,2026-2027,offense,Isolation,Dribble Jumper,5,Drives Right,ISO Including Passes > Isolation > Left > Drives Right > Dribble Jumper,ISO Including Passes,Isolation,Left,Drives Right,Dribble Jumper,,2,50.0,2.0,100.0,0.0,0.0,0,,,,100.0,,2,100.0,0.0,,,2,0,,2,0.0,100.0,2,2,0,100.0,0,0,0.0,4
Sincere Carry,Calgary Surge,2026-2027,offense,Isolation,Short to < 17,6,Dribble Jumper,ISO Including Passes > Isolation > Left > Drives Right > Dribble Jumper > Short to < 17,ISO Including Passes,Isolation,Left,Drives Right,Dribble Jumper,Short to < 17,2,100.0,2.0,100.0,0.0,0.0,0,,,,100.0,,2,100.0,0.0,,,2,0,,2,0.0,100.0,2,2,0,100.0,0,0,0.0,4
Sincere Carry,Calgary Surge,2026-2027,offense,Isolation,To Basket,5,Drives Right,ISO Including Passes > Isolation > Left > Drives Right > To Basket,ISO Including Passes,Isolation,Left,Drives Right,To Basket,,2,50.0,1.0,50.0,0.0,0.0,0,,,,50.0,,2,50.0,0.0,,,1,1,,2,0.0,50.0,2,1,1,50.0,0,0,0.0,2
Sincere Carry,Calgary Surge,2026-2027,offense,Isolation,Miss 2 Pts,6,To Basket,ISO Including Passes > Isolation > Left > Drives Right > To Basket > Miss 2 Pts,ISO Including Passes,Isolation,Left,Drives Right,To Basket,Miss 2 Pts,1,50.0,0.0,0.0,0.0,0.0,0,,,,0.0,,1,0.0,0.0,,,0,1,,1,0.0,0.0,1,0,1,0.0,0,0,0.0,0
Sincere Carry,Calgary Surge,2026-2027,offense,Isolation,Make 2 Pts,6,To Basket,ISO Including Passes > Isolation > Left > Drives Right > To Basket > Make 2 Pts,ISO Including Passes,Isolation,Left,Drives Right,To Basket,Make 2 Pts,1,50.0,2.0,100.0,0.0,0.0,0,,,,100.0,,1,100.0,0.0,,,1,0,,1,0.0,100.0,1,1,0,100.0,0,0,0.0,2
Sincere Carry,Calgary Surge,2026-2027,offense,Isolation,Early Jumper,4,Left,ISO Including Passes > Isolation > Left > Early Jumper,ISO Including Passes,Isolation,Left,Early Jumper,,,4,36.4,1.5,75.0,0.0,0.0,4,50.0,,,50.0,,4,75.0,0.0,,,2,2,,4,0.0,50.0,0,0,0,,2,2,1.0,6
Sincere Carry,Calgary Surge,2026-2027,offense,Isolation,Dribble Jumper,5,Early Jumper,ISO Including Passes > Isolation > Left > Early Jumper > Dribble Jumper,ISO Including Passes,Isolation,Left,Early Jumper,Dribble Jumper,,4,100.0,1.5,75.0,0.0,0.0,4,50.0,,,50.0,,4,75.0,0.0,,,2,2,,4,0.0,50.0,0,0,0,,2,2,1.0,6
Sincere Carry,Calgary Surge,2026-2027,offense,Isolation,Long/3pt,6,Dribble Jumper,ISO Including Passes > Isolation > Left > Early Jumper > Dribble Jumper > Long/3pt,ISO Including Passes,Isolation,Left,Early Jumper,Dribble Jumper,Long/3pt,4,100.0,1.5,75.0,0.0,0.0,4,50.0,,,50.0,,4,75.0,0.0,,,2,2,,4,0.0,50.0,0,0,0,,2,2,1.0,6
Sincere Carry,Calgary Surge,2026-2027,offense,Isolation,Drives Left,4,Left,ISO Including Passes > Isolation > Left > Drives Left,ISO Including Passes,Isolation,Left,Drives Left,,,3,27.3,1.333,66.7,0.0,0.0,0,,,,66.7,,3,66.7,0.0,,,2,1,,3,0.0,66.7,3,2,1,66.7,0,0,0.0,4
Sincere Carry,Calgary Surge,2026-2027,offense,Isolation,To Basket,5,Drives Left,ISO Including Passes > Isolation > Left > Drives Left > To Basket,ISO Including Passes,Isolation,Left,Drives Left,To Basket,,2,66.7,2.0,100.0,0.0,0.0,0,,,,100.0,,2,100.0,0.0,,,2,0,,2,0.0,100.0,2,2,0,100.0,0,0,0.0,4
Sincere Carry,Calgary Surge,2026-2027,offense,Isolation,Make 2 Pts,6,To Basket,ISO Including Passes > Isolation > Left > Drives Left > To Basket > Make 2 Pts,ISO Including Passes,Isolation,Left,Drives Left,To Basket,Make 2 Pts,2,100.0,2.0,100.0,0.0,0.0,0,,,,100.0,,2,100.0,0.0,,,2,0,,2,0.0,100.0,2,2,0,100.0,0,0,0.0,4
Sincere Carry,Calgary Surge,2026-2027,offense,Isolation,Dribble Jumper,5,Drives Left,ISO Including Passes > Isolation > Left > Drives Left > Dribble Jumper,ISO Including Passes,Isolation,Left,Drives Left,Dribble Jumper,,1,33.3,0.0,0.0,0.0,0.0,0,,,,0.0,,1,0.0,0.0,,,0,1,,1,0.0,0.0,1,0,1,0.0,0,0,0.0,0
Sincere Carry,Calgary Surge,2026-2027,offense,Isolation,Short to < 17,6,Dribble Jumper,ISO Including Passes > Isolation > Left > Drives Left > Dribble Jumper > Short to < 17,ISO Including Passes,Isolation,Left,Drives Left,Dribble Jumper,Short to < 17,1,100.0,0.0,0.0,0.0,0.0,0,,,,0.0,,1,0.0,0.0,,,0,1,,1,0.0,0.0,1,0,1,0.0,0,0,0.0,0
Sincere Carry,Calgary Surge,2026-2027,offense,Isolation,Top,3,Isolation,ISO Including Passes > Isolation > Top,ISO Including Passes,Isolation,Top,,,,11,44.0,0.727,40.5,9.1,9.1,2,0.0,,,33.3,,9,33.3,9.1,,,3,6,,10,0.22,36.4,7,3,4,42.9,0,2,0.22,8
Sincere Carry,Calgary Surge,2026-2027,offense,Isolation,Drives Right,4,Top,ISO Including Passes > Isolation > Top > Drives Right,ISO Including Passes,Isolation,Top,Drives Right,,,6,54.5,1.0,51.0,0.0,16.7,0,,,,40.0,,5,40.0,16.7,,,2,3,,6,0.4,50.0,5,2,3,40.0,0,0,0.0,6
Sincere Carry,Calgary Surge,2026-2027,offense,Isolation,To Basket,5,Drives Right,ISO Including Passes > Isolation > Top > Drives Right > To Basket,ISO Including Passes,Isolation,Top,Drives Right,To Basket,,3,50.0,2.0,104.2,0.0,33.3,0,,,,100.0,,2,100.0,33.3,,,2,0,,3,1.0,100.0,2,2,0,100.0,0,0,0.0,6
Sincere Carry,Calgary Surge,2026-2027,offense,Isolation,Make 2 Pts,6,To Basket,ISO Including Passes > Isolation > Top > Drives Right > To Basket > Make 2 Pts,ISO Including Passes,Isolation,Top,Drives Right,To Basket,Make 2 Pts,2,66.7,2.0,100.0,0.0,0.0,0,,,,100.0,,2,100.0,0.0,,,2,0,,2,0.0,100.0,2,2,0,100.0,0,0,0.0,4
Sincere Carry,Calgary Surge,2026-2027,offense,Isolation,Foul,6,To Basket,ISO Including Passes > Isolation > Top > Drives Right > To Basket > Foul,ISO Including Passes,Isolation,Top,Drives Right,To Basket,Foul,1,33.3,2.0,113.6,0.0,100.0,0,,,,,,0,,100.0,,,0,0,,1,,100.0,0,0,0,,0,0,,2
Sincere Carry,Calgary Surge,2026-2027,offense,Isolation,Dribble Jumper,5,Drives Right,ISO Including Passes > Isolation > Top > Drives Right > Dribble Jumper,ISO Including Passes,Isolation,Top,Drives Right,Dribble Jumper,,3,50.0,0.0,0.0,0.0,0.0,0,,,,0.0,,3,0.0,0.0,,,0,3,,3,0.0,0.0,3,0,3,0.0,0,0,0.0,0
Sincere Carry,Calgary Surge,2026-2027,offense,Isolation,Short to < 17,6,Dribble Jumper,ISO Including Passes > Isolation > Top > Drives Right > Dribble Jumper > Short to < 17,ISO Including Passes,Isolation,Top,Drives Right,Dribble Jumper,Short to < 17,3,100.0,0.0,0.0,0.0,0.0,0,,,,0.0,,3,0.0,0.0,,,0,3,,3,0.0,0.0,3,0,3,0.0,0,0,0.0,0
Sincere Carry,Calgary Surge,2026-2027,offense,Isolation,Drives Left,4,Top,ISO Including Passes > Isolation > Top > Drives Left,ISO Including Passes,Isolation,Top,Drives Left,,,4,36.4,0.5,33.3,25.0,0.0,1,0.0,,,33.3,,3,33.3,0.0,,,1,2,,3,0.0,25.0,2,1,1,50.0,0,1,0.33,2
Sincere Carry,Calgary Surge,2026-2027,offense,Isolation,To Basket,5,Drives Left,ISO Including Passes > Isolation > Top > Drives Left > To Basket,ISO Including Passes,Isolation,Top,Drives Left,To Basket,,2,50.0,1.0,50.0,0.0,0.0,0,,,,50.0,,2,50.0,0.0,,,1,1,,2,0.0,50.0,2,1,1,50.0,0,0,0.0,2
Sincere Carry,Calgary Surge,2026-2027,offense,Isolation,Make 2 Pts,6,To Basket,ISO Including Passes > Isolation > Top > Drives Left > To Basket > Make 2 Pts,ISO Including Passes,Isolation,Top,Drives Left,To Basket,Make 2 Pts,1,50.0,2.0,100.0,0.0,0.0,0,,,,100.0,,1,100.0,0.0,,,1,0,,1,0.0,100.0,1,1,0,100.0,0,0,0.0,2
Sincere Carry,Calgary Surge,2026-2027,offense,Isolation,Miss 2 Pts,6,To Basket,ISO Including Passes > Isolation > Top > Drives Left > To Basket > Miss 2 Pts,ISO Including Passes,Isolation,Top,Drives Left,To Basket,Miss 2 Pts,1,50.0,0.0,0.0,0.0,0.0,0,,,,0.0,,1,0.0,0.0,,,0,1,,1,0.0,0.0,1,0,1,0.0,0,0,0.0,0
Sincere Carry,Calgary Surge,2026-2027,offense,Isolation,Dribble Jumper,5,Drives Left,ISO Including Passes > Isolation > Top > Drives Left > Dribble Jumper,ISO Including Passes,Isolation,Top,Drives Left,Dribble Jumper,,1,25.0,0.0,0.0,0.0,0.0,1,0.0,,,0.0,,1,0.0,0.0,,,0,1,,1,0.0,0.0,0,0,0,,0,1,1.0,0
Sincere Carry,Calgary Surge,2026-2027,offense,Isolation,Long/3pt,6,Dribble Jumper,ISO Including Passes > Isolation > Top > Drives Left > Dribble Jumper > Long/3pt,ISO Including Passes,Isolation,Top,Drives Left,Dribble Jumper,Long/3pt,1,100.0,0.0,0.0,0.0,0.0,1,0.0,,,0.0,,1,0.0,0.0,,,0,1,,1,0.0,0.0,0,0,0,,0,1,1.0,0
Sincere Carry,Calgary Surge,2026-2027,offense,Isolation,Defense Commits,5,Drives Left,ISO Including Passes > Isolation > Top > Drives Left > Defense Commits,ISO Including Passes,Isolation,Top,Drives Left,Defense Commits,,1,25.0,0.0,,100.0,0.0,0,,,,,,0,,0.0,,,0,0,,0,,0.0,0,0,0,,0,0,,0
Sincere Carry,Calgary Surge,2026-2027,offense,Isolation,Turnover,6,Defense Commits,ISO Including Passes > Isolation > Top > Drives Left > Defense Commits > Turnover,ISO Including Passes,Isolation,Top,Drives Left,Defense Commits,Turnover,1,100.0,0.0,,100.0,0.0,0,,,,,,0,,0.0,,,0,0,,0,,0.0,0,0,0,,0,0,,0
Sincere Carry,Calgary Surge,2026-2027,offense,Isolation,Early Jumper,4,Top,ISO Including Passes > Isolation > Top > Early Jumper,ISO Including Passes,Isolation,Top,Early Jumper,,,1,9.1,0.0,0.0,0.0,0.0,1,0.0,,,0.0,,1,0.0,0.0,,,0,1,,1,0.0,0.0,0,0,0,,0,1,1.0,0
Sincere Carry,Calgary Surge,2026-2027,offense,Isolation,Dribble Jumper,5,Early Jumper,ISO Including Passes > Isolation > Top > Early Jumper > Dribble Jumper,ISO Including Passes,Isolation,Top,Early Jumper,Dribble Jumper,,1,100.0,0.0,0.0,0.0,0.0,1,0.0,,,0.0,,1,0.0,0.0,,,0,1,,1,0.0,0.0,0,0,0,,0,1,1.0,0
Sincere Carry,Calgary Surge,2026-2027,offense,Isolation,Long/3pt,6,Dribble Jumper,ISO Including Passes > Isolation > Top > Early Jumper > Dribble Jumper > Long/3pt,ISO Including Passes,Isolation,Top,Early Jumper,Dribble Jumper,Long/3pt,1,100.0,0.0,0.0,0.0,0.0,1,0.0,,,0.0,,1,0.0,0.0,,,0,1,,1,0.0,0.0,0,0,0,,0,1,1.0,0
Sincere Carry,Calgary Surge,2026-2027,offense,Isolation,Right,3,Isolation,ISO Including Passes > Isolation > Right,ISO Including Passes,Isolation,Right,,,,3,12.0,0.333,17.4,0.0,33.3,1,0.0,,,0.0,,2,0.0,0.0,,,0,2,,3,1.0,33.3,1,0,1,0.0,0,1,0.5,1
Sincere Carry,Calgary Surge,2026-2027,offense,Isolation,Drives Right,4,Right,ISO Including Passes > Isolation > Right > Drives Right,ISO Including Passes,Isolation,Right,Drives Right,,,1,33.3,1.0,56.8,0.0,100.0,0,,,,,,0,,0.0,,,0,0,,1,,100.0,0,0,0,,0,0,,1
Sincere Carry,Calgary Surge,2026-2027,offense,Isolation,Defense Commits,5,Drives Right,ISO Including Passes > Isolation > Right > Drives Right > Defense Commits,ISO Including Passes,Isolation,Right,Drives Right,Defense Commits,,1,100.0,1.0,56.8,0.0,100.0,0,,,,,,0,,0.0,,,0,0,,1,,100.0,0,0,0,,0,0,,1
Sincere Carry,Calgary Surge,2026-2027,offense,Isolation,Foul,6,Defense Commits,ISO Including Passes > Isolation > Right > Drives Right > Defense Commits > Foul,ISO Including Passes,Isolation,Right,Drives Right,Defense Commits,Foul,1,100.0,1.0,56.8,0.0,100.0,0,,,,,,0,,0.0,,,0,0,,1,,100.0,0,0,0,,0,0,,1
Sincere Carry,Calgary Surge,2026-2027,offense,Isolation,Early Jumper,4,Right,ISO Including Passes > Isolation > Right > Early Jumper,ISO Including Passes,Isolation,Right,Early Jumper,,,1,33.3,0.0,0.0,0.0,0.0,1,0.0,,,0.0,,1,0.0,0.0,,,0,1,,1,0.0,0.0,0,0,0,,0,1,1.0,0
Sincere Carry,Calgary Surge,2026-2027,offense,Isolation,Dribble Jumper,5,Early Jumper,ISO Including Passes > Isolation > Right > Early Jumper > Dribble Jumper,ISO Including Passes,Isolation,Right,Early Jumper,Dribble Jumper,,1,100.0,0.0,0.0,0.0,0.0,1,0.0,,,0.0,,1,0.0,0.0,,,0,1,,1,0.0,0.0,0,0,0,,0,1,1.0,0
Sincere Carry,Calgary Surge,2026-2027,offense,Isolation,Long/3pt,6,Dribble Jumper,ISO Including Passes > Isolation > Right > Early Jumper > Dribble Jumper > Long/3pt,ISO Including Passes,Isolation,Right,Early Jumper,Dribble Jumper,Long/3pt,1,100.0,0.0,0.0,0.0,0.0,1,0.0,,,0.0,,1,0.0,0.0,,,0,1,,1,0.0,0.0,0,0,0,,0,1,1.0,0
Sincere Carry,Calgary Surge,2026-2027,offense,Isolation,Drives Left,4,Right,ISO Including Passes > Isolation > Right > Drives Left,ISO Including Passes,Isolation,Right,Drives Left,,,1,33.3,0.0,0.0,0.0,0.0,0,,,,0.0,,1,0.0,0.0,,,0,1,,1,0.0,0.0,1,0,1,0.0,0,0,0.0,0
Sincere Carry,Calgary Surge,2026-2027,offense,Isolation,Dribble Jumper,5,Drives Left,ISO Including Passes > Isolation > Right > Drives Left > Dribble Jumper,ISO Including Passes,Isolation,Right,Drives Left,Dribble Jumper,,1,100.0,0.0,0.0,0.0,0.0,0,,,,0.0,,1,0.0,0.0,,,0,1,,1,0.0,0.0,1,0,1,0.0,0,0,0.0,0
Sincere Carry,Calgary Surge,2026-2027,offense,Isolation,Short to < 17,6,Dribble Jumper,ISO Including Passes > Isolation > Right > Drives Left > Dribble Jumper > Short to < 17,ISO Including Passes,Isolation,Right,Drives Left,Dribble Jumper,Short to < 17,1,100.0,0.0,0.0,0.0,0.0,0,,,,0.0,,1,0.0,0.0,,,0,1,,1,0.0,0.0,1,0,1,0.0,0,0,0.0,0
Sincere Carry,Calgary Surge,2026-2027,offense,Isolation,Spot-Up,2,ISO Including Passes,ISO Including Passes > Spot-Up,ISO Including Passes,Spot-Up,,,,,10,26.3,0.7,35.4,0.0,10.0,9,22.2,,,22.2,,9,33.3,10.0,,,2,7,,10,0.22,30.0,0,0,0,,2,7,1.0,7
Sincere Carry,Calgary Surge,2026-2027,offense,Isolation,No Dribble Jumper,3,Spot-Up,ISO Including Passes > Spot-Up > No Dribble Jumper,ISO Including Passes,Spot-Up,No Dribble Jumper,,,,6,60.0,0.5,25.0,0.0,0.0,6,16.7,,,16.7,,6,25.0,0.0,,,1,5,,6,0.0,16.7,0,0,0,,1,5,1.0,3
Sincere Carry,Calgary Surge,2026-2027,offense,Isolation,Open,4,No Dribble Jumper,ISO Including Passes > Spot-Up > No Dribble Jumper > Open,ISO Including Passes,Spot-Up,No Dribble Jumper,Open,,,3,50.0,1.0,50.0,0.0,0.0,3,33.3,,,33.3,,3,50.0,0.0,,,1,2,,3,0.0,33.3,0,0,0,,1,2,1.0,3
Sincere Carry,Calgary Surge,2026-2027,offense,Isolation,Long/3pt,5,Open,ISO Including Passes > Spot-Up > No Dribble Jumper > Open > Long/3pt,ISO Including Passes,Spot-Up,No Dribble Jumper,Open,Long/3pt,,3,100.0,1.0,50.0,0.0,0.0,3,33.3,,,33.3,,3,50.0,0.0,,,1,2,,3,0.0,33.3,0,0,0,,1,2,1.0,3
Sincere Carry,Calgary Surge,2026-2027,offense,Isolation,Miss 3 Pts,6,Long/3pt,ISO Including Passes > Spot-Up > No Dribble Jumper > Open > Long/3pt > Miss 3 Pts,ISO Including Passes,Spot-Up,No Dribble Jumper,Open,Long/3pt,Miss 3 Pts,2,66.7,0.0,0.0,0.0,0.0,2,0.0,,,0.0,,2,0.0,0.0,,,0,2,,2,0.0,0.0,0,0,0,,0,2,1.0,0
Sincere Carry,Calgary Surge,2026-2027,offense,Isolation,Make 3 Pts,6,Long/3pt,ISO Including Passes > Spot-Up > No Dribble Jumper > Open > Long/3pt > Make 3 Pts,ISO Including Passes,Spot-Up,No Dribble Jumper,Open,Long/3pt,Make 3 Pts,1,33.3,3.0,150.0,0.0,0.0,1,100.0,,,100.0,,1,150.0,0.0,,,1,0,,1,0.0,100.0,0,0,0,,1,0,1.0,3
Sincere Carry,Calgary Surge,2026-2027,offense,Isolation,Guarded,4,No Dribble Jumper,ISO Including Passes > Spot-Up > No Dribble Jumper > Guarded,ISO Including Passes,Spot-Up,No Dribble Jumper,Guarded,,,3,50.0,0.0,0.0,0.0,0.0,3,0.0,,,0.0,,3,0.0,0.0,,,0,3,,3,0.0,0.0,0,0,0,,0,3,1.0,0
Sincere Carry,Calgary Surge,2026-2027,offense,Isolation,Long/3pt,5,Guarded,ISO Including Passes > Spot-Up > No Dribble Jumper > Guarded > Long/3pt,ISO Including Passes,Spot-Up,No Dribble Jumper,Guarded,Long/3pt,,3,100.0,0.0,0.0,0.0,0.0,3,0.0,,,0.0,,3,0.0,0.0,,,0,3,,3,0.0,0.0,0,0,0,,0,3,1.0,0
Sincere Carry,Calgary Surge,2026-2027,offense,Isolation,Miss 3 Pts,6,Long/3pt,ISO Including Passes > Spot-Up > No Dribble Jumper > Guarded > Long/3pt > Miss 3 Pts,ISO Including Passes,Spot-Up,No Dribble Jumper,Guarded,Long/3pt,Miss 3 Pts,3,100.0,0.0,0.0,0.0,0.0,3,0.0,,,0.0,,3,0.0,0.0,,,0,3,,3,0.0,0.0,0,0,0,,0,3,1.0,0
Sincere Carry,Calgary Surge,2026-2027,offense,Isolation,Drives Left,3,Spot-Up,ISO Including Passes > Spot-Up > Drives Left,ISO Including Passes,Spot-Up,Drives Left,,,,2,20.0,1.5,75.0,0.0,0.0,2,50.0,,,50.0,,2,75.0,0.0,,,1,1,,2,0.0,50.0,0,0,0,,1,1,1.0,3
Sincere Carry,Calgary Surge,2026-2027,offense,Isolation,Dribble Jumper,4,Drives Left,ISO Including Passes > Spot-Up > Drives Left > Dribble Jumper,ISO Including Passes,Spot-Up,Drives Left,Dribble Jumper,,,2,100.0,1.5,75.0,0.0,0.0,2,50.0,,,50.0,,2,75.0,0.0,,,1,1,,2,0.0,50.0,0,0,0,,1,1,1.0,3
Sincere Carry,Calgary Surge,2026-2027,offense,Isolation,Long/3pt,5,Dribble Jumper,ISO Including Passes > Spot-Up > Drives Left > Dribble Jumper > Long/3pt,ISO Including Passes,Spot-Up,Drives Left,Dribble Jumper,Long/3pt,,2,100.0,1.5,75.0,0.0,0.0,2,50.0,,,50.0,,2,75.0,0.0,,,1,1,,2,0.0,50.0,0,0,0,,1,1,1.0,3
Sincere Carry,Calgary Surge,2026-2027,offense,Isolation,Miss 3 Pts,6,Long/3pt,ISO Including Passes > Spot-Up > Drives Left > Dribble Jumper > Long/3pt > Miss 3 Pts,ISO Including Passes,Spot-Up,Drives Left,Dribble Jumper,Long/3pt,Miss 3 Pts,1,50.0,0.0,0.0,0.0,0.0,1,0.0,,,0.0,,1,0.0,0.0,,,0,1,,1,0.0,0.0,0,0,0,,0,1,1.0,0
Sincere Carry,Calgary Surge,2026-2027,offense,Isolation,Make 3 Pts,6,Long/3pt,ISO Including Passes > Spot-Up > Drives Left > Dribble Jumper > Long/3pt > Make 3 Pts,ISO Including Passes,Spot-Up,Drives Left,Dribble Jumper,Long/3pt,Make 3 Pts,1,50.0,3.0,150.0,0.0,0.0,1,100.0,,,100.0,,1,150.0,0.0,,,1,0,,1,0.0,100.0,0,0,0,,1,0,1.0,3
Sincere Carry,Calgary Surge,2026-2027,offense,Isolation,Drives Right,3,Spot-Up,ISO Including Passes > Spot-Up > Drives Right,ISO Including Passes,Spot-Up,Drives Right,,,,1,10.0,1.0,56.8,0.0,100.0,0,,,,,,0,,100.0,,,0,0,,1,,100.0,0,0,0,,0,0,,1
Sincere Carry,Calgary Surge,2026-2027,offense,Isolation,To Basket,4,Drives Right,ISO Including Passes > Spot-Up > Drives Right > To Basket,ISO Including Passes,Spot-Up,Drives Right,To Basket,,,1,100.0,1.0,56.8,0.0,100.0,0,,,,,,0,,100.0,,,0,0,,1,,100.0,0,0,0,,0,0,,1
Sincere Carry,Calgary Surge,2026-2027,offense,Isolation,Foul,5,To Basket,ISO Including Passes > Spot-Up > Drives Right > To Basket > Foul,ISO Including Passes,Spot-Up,Drives Right,To Basket,Foul,,1,100.0,1.0,56.8,0.0,100.0,0,,,,,,0,,100.0,,,0,0,,1,,100.0,0,0,0,,0,0,,1
Sincere Carry,Calgary Surge,2026-2027,offense,Isolation,Drives Straight,3,Spot-Up,ISO Including Passes > Spot-Up > Drives Straight,ISO Including Passes,Spot-Up,Drives Straight,,,,1,10.0,0.0,0.0,0.0,0.0,1,0.0,,,0.0,,1,0.0,0.0,,,0,1,,1,0.0,0.0,0,0,0,,0,1,1.0,0
Sincere Carry,Calgary Surge,2026-2027,offense,Isolation,Dribble Jumper,4,Drives Straight,ISO Including Passes > Spot-Up > Drives Straight > Dribble Jumper,ISO Including Passes,Spot-Up,Drives Straight,Dribble Jumper,,,1,100.0,0.0,0.0,0.0,0.0,1,0.0,,,0.0,,1,0.0,0.0,,,0,1,,1,0.0,0.0,0,0,0,,0,1,1.0,0
Sincere Carry,Calgary Surge,2026-2027,offense,Isolation,Long/3pt,5,Dribble Jumper,ISO Including Passes > Spot-Up > Drives Straight > Dribble Jumper > Long/3pt,ISO Including Passes,Spot-Up,Drives Straight,Dribble Jumper,Long/3pt,,1,100.0,0.0,0.0,0.0,0.0,1,0.0,,,0.0,,1,0.0,0.0,,,0,1,,1,0.0,0.0,0,0,0,,0,1,1.0,0
Sincere Carry,Calgary Surge,2026-2027,offense,Isolation,Miss 3 Pts,6,Long/3pt,ISO Including Passes > Spot-Up > Drives Straight > Dribble Jumper > Long/3pt > Miss 3 Pts,ISO Including Passes,Spot-Up,Drives Straight,Dribble Jumper,Long/3pt,Miss 3 Pts,1,100.0,0.0,0.0,0.0,0.0,1,0.0,,,0.0,,1,0.0,0.0,,,0,1,,1,0.0,0.0,0,0,0,,0,1,1.0,0
Sincere Carry,Calgary Surge,2026-2027,offense,Isolation,Cut,2,ISO Including Passes,ISO Including Passes > Cut,ISO Including Passes,Cut,,,,,3,7.9,0.333,17.4,0.0,33.3,0,,,,0.0,,2,0.0,33.3,,,0,2,,3,1.0,33.3,2,0,2,0.0,0,0,0.0,1
Sincere Carry,Calgary Surge,2026-2027,offense,Isolation,Basket,3,Cut,ISO Including Passes > Cut > Basket,ISO Including Passes,Cut,Basket,,,,3,100.0,0.333,17.4,0.0,33.3,0,,,,0.0,,2,0.0,33.3,,,0,2,,3,1.0,33.3,2,0,2,0.0,0,0,0.0,1
Sincere Carry,Calgary Surge,2026-2027,offense,Isolation,Miss 2 Pts,4,Basket,ISO Including Passes > Cut > Basket > Miss 2 Pts,ISO Including Passes,Cut,Basket,Miss 2 Pts,,,2,66.7,0.0,0.0,0.0,0.0,0,,,,0.0,,2,0.0,0.0,,,0,2,,2,0.0,0.0,2,0,2,0.0,0,0,0.0,0
Sincere Carry,Calgary Surge,2026-2027,offense,Isolation,Foul,4,Basket,ISO Including Passes > Cut > Basket > Foul,ISO Including Passes,Cut,Basket,Foul,,,1,33.3,1.0,56.8,0.0,100.0,0,,,,,,0,,100.0,,,0,0,,1,,100.0,0,0,0,,0,0,,1
Sincere Carry,Calgary Surge,2026-2027,offense,Isolation,ISO - Defense Commits,1,,ISO - Defense Commits,ISO - Defense Commits,,,,,,15,8.2,0.6,33.0,6.7,20.0,9,22.2,Below Average,25.0,18.2,97.0,11,27.3,13.3,,,2,9,,14,0.55,33.3,2,0,2,0.0,2,7,0.82,9
Sincere Carry,Calgary Surge,2026-2027,offense,Isolation,Spot-Up,2,ISO - Defense Commits,ISO - Defense Commits > Spot-Up,ISO - Defense Commits,Spot-Up,,,,,10,66.7,0.7,35.4,0.0,10.0,9,22.2,,,22.2,,9,33.3,10.0,,,2,7,,10,0.22,30.0,0,0,0,,2,7,1.0,7
Sincere Carry,Calgary Surge,2026-2027,offense,Isolation,No Dribble Jumper,3,Spot-Up,ISO - Defense Commits > Spot-Up > No Dribble Jumper,ISO - Defense Commits,Spot-Up,No Dribble Jumper,,,,6,60.0,0.5,25.0,0.0,0.0,6,16.7,,,16.7,,6,25.0,0.0,,,1,5,,6,0.0,16.7,0,0,0,,1,5,1.0,3
Sincere Carry,Calgary Surge,2026-2027,offense,Isolation,Guarded,4,No Dribble Jumper,ISO - Defense Commits > Spot-Up > No Dribble Jumper > Guarded,ISO - Defense Commits,Spot-Up,No Dribble Jumper,Guarded,,,3,50.0,0.0,0.0,0.0,0.0,3,0.0,,,0.0,,3,0.0,0.0,,,0,3,,3,0.0,0.0,0,0,0,,0,3,1.0,0
Sincere Carry,Calgary Surge,2026-2027,offense,Isolation,Long/3pt,5,Guarded,ISO - Defense Commits > Spot-Up > No Dribble Jumper > Guarded > Long/3pt,ISO - Defense Commits,Spot-Up,No Dribble Jumper,Guarded,Long/3pt,,3,100.0,0.0,0.0,0.0,0.0,3,0.0,,,0.0,,3,0.0,0.0,,,0,3,,3,0.0,0.0,0,0,0,,0,3,1.0,0
Sincere Carry,Calgary Surge,2026-2027,offense,Isolation,Miss 3 Pts,6,Long/3pt,ISO - Defense Commits > Spot-Up > No Dribble Jumper > Guarded > Long/3pt > Miss 3 Pts,ISO - Defense Commits,Spot-Up,No Dribble Jumper,Guarded,Long/3pt,Miss 3 Pts,3,100.0,0.0,0.0,0.0,0.0,3,0.0,,,0.0,,3,0.0,0.0,,,0,3,,3,0.0,0.0,0,0,0,,0,3,1.0,0
Sincere Carry,Calgary Surge,2026-2027,offense,Isolation,Open,4,No Dribble Jumper,ISO - Defense Commits > Spot-Up > No Dribble Jumper > Open,ISO - Defense Commits,Spot-Up,No Dribble Jumper,Open,,,3,50.0,1.0,50.0,0.0,0.0,3,33.3,,,33.3,,3,50.0,0.0,,,1,2,,3,0.0,33.3,0,0,0,,1,2,1.0,3
Sincere Carry,Calgary Surge,2026-2027,offense,Isolation,Long/3pt,5,Open,ISO - Defense Commits > Spot-Up > No Dribble Jumper > Open > Long/3pt,ISO - Defense Commits,Spot-Up,No Dribble Jumper,Open,Long/3pt,,3,100.0,1.0,50.0,0.0,0.0,3,33.3,,,33.3,,3,50.0,0.0,,,1,2,,3,0.0,33.3,0,0,0,,1,2,1.0,3
Sincere Carry,Calgary Surge,2026-2027,offense,Isolation,Miss 3 Pts,6,Long/3pt,ISO - Defense Commits > Spot-Up > No Dribble Jumper > Open > Long/3pt > Miss 3 Pts,ISO - Defense Commits,Spot-Up,No Dribble Jumper,Open,Long/3pt,Miss 3 Pts,2,66.7,0.0,0.0,0.0,0.0,2,0.0,,,0.0,,2,0.0,0.0,,,0,2,,2,0.0,0.0,0,0,0,,0,2,1.0,0
Sincere Carry,Calgary Surge,2026-2027,offense,Isolation,Make 3 Pts,6,Long/3pt,ISO - Defense Commits > Spot-Up > No Dribble Jumper > Open > Long/3pt > Make 3 Pts,ISO - Defense Commits,Spot-Up,No Dribble Jumper,Open,Long/3pt,Make 3 Pts,1,33.3,3.0,150.0,0.0,0.0,1,100.0,,,100.0,,1,150.0,0.0,,,1,0,,1,0.0,100.0,0,0,0,,1,0,1.0,3
Sincere Carry,Calgary Surge,2026-2027,offense,Isolation,Drives Left,3,Spot-Up,ISO - Defense Commits > Spot-Up > Drives Left,ISO - Defense Commits,Spot-Up,Drives Left,,,,2,20.0,1.5,75.0,0.0,0.0,2,50.0,,,50.0,,2,75.0,0.0,,,1,1,,2,0.0,50.0,0,0,0,,1,1,1.0,3
Sincere Carry,Calgary Surge,2026-2027,offense,Isolation,Dribble Jumper,4,Drives Left,ISO - Defense Commits > Spot-Up > Drives Left > Dribble Jumper,ISO - Defense Commits,Spot-Up,Drives Left,Dribble Jumper,,,2,100.0,1.5,75.0,0.0,0.0,2,50.0,,,50.0,,2,75.0,0.0,,,1,1,,2,0.0,50.0,0,0,0,,1,1,1.0,3
Sincere Carry,Calgary Surge,2026-2027,offense,Isolation,Long/3pt,5,Dribble Jumper,ISO - Defense Commits > Spot-Up > Drives Left > Dribble Jumper > Long/3pt,ISO - Defense Commits,Spot-Up,Drives Left,Dribble Jumper,Long/3pt,,2,100.0,1.5,75.0,0.0,0.0,2,50.0,,,50.0,,2,75.0,0.0,,,1,1,,2,0.0,50.0,0,0,0,,1,1,1.0,3
Sincere Carry,Calgary Surge,2026-2027,offense,Isolation,Miss 3 Pts,6,Long/3pt,ISO - Defense Commits > Spot-Up > Drives Left > Dribble Jumper > Long/3pt > Miss 3 Pts,ISO - Defense Commits,Spot-Up,Drives Left,Dribble Jumper,Long/3pt,Miss 3 Pts,1,50.0,0.0,0.0,0.0,0.0,1,0.0,,,0.0,,1,0.0,0.0,,,0,1,,1,0.0,0.0,0,0,0,,0,1,1.0,0
Sincere Carry,Calgary Surge,2026-2027,offense,Isolation,Make 3 Pts,6,Long/3pt,ISO - Defense Commits > Spot-Up > Drives Left > Dribble Jumper > Long/3pt > Make 3 Pts,ISO - Defense Commits,Spot-Up,Drives Left,Dribble Jumper,Long/3pt,Make 3 Pts,1,50.0,3.0,150.0,0.0,0.0,1,100.0,,,100.0,,1,150.0,0.0,,,1,0,,1,0.0,100.0,0,0,0,,1,0,1.0,3
Sincere Carry,Calgary Surge,2026-2027,offense,Isolation,Drives Right,3,Spot-Up,ISO - Defense Commits > Spot-Up > Drives Right,ISO - Defense Commits,Spot-Up,Drives Right,,,,1,10.0,1.0,56.8,0.0,100.0,0,,,,,,0,,100.0,,,0,0,,1,,100.0,0,0,0,,0,0,,1
Sincere Carry,Calgary Surge,2026-2027,offense,Isolation,To Basket,4,Drives Right,ISO - Defense Commits > Spot-Up > Drives Right > To Basket,ISO - Defense Commits,Spot-Up,Drives Right,To Basket,,,1,100.0,1.0,56.8,0.0,100.0,0,,,,,,0,,100.0,,,0,0,,1,,100.0,0,0,0,,0,0,,1
Sincere Carry,Calgary Surge,2026-2027,offense,Isolation,Foul,5,To Basket,ISO - Defense Commits > Spot-Up > Drives Right > To Basket > Foul,ISO - Defense Commits,Spot-Up,Drives Right,To Basket,Foul,,1,100.0,1.0,56.8,0.0,100.0,0,,,,,,0,,100.0,,,0,0,,1,,100.0,0,0,0,,0,0,,1
Sincere Carry,Calgary Surge,2026-2027,offense,Isolation,Drives Straight,3,Spot-Up,ISO - Defense Commits > Spot-Up > Drives Straight,ISO - Defense Commits,Spot-Up,Drives Straight,,,,1,10.0,0.0,0.0,0.0,0.0,1,0.0,,,0.0,,1,0.0,0.0,,,0,1,,1,0.0,0.0,0,0,0,,0,1,1.0,0
Sincere Carry,Calgary Surge,2026-2027,offense,Isolation,Dribble Jumper,4,Drives Straight,ISO - Defense Commits > Spot-Up > Drives Straight > Dribble Jumper,ISO - Defense Commits,Spot-Up,Drives Straight,Dribble Jumper,,,1,100.0,0.0,0.0,0.0,0.0,1,0.0,,,0.0,,1,0.0,0.0,,,0,1,,1,0.0,0.0,0,0,0,,0,1,1.0,0
Sincere Carry,Calgary Surge,2026-2027,offense,Isolation,Long/3pt,5,Dribble Jumper,ISO - Defense Commits > Spot-Up > Drives Straight > Dribble Jumper > Long/3pt,ISO - Defense Commits,Spot-Up,Drives Straight,Dribble Jumper,Long/3pt,,1,100.0,0.0,0.0,0.0,0.0,1,0.0,,,0.0,,1,0.0,0.0,,,0,1,,1,0.0,0.0,0,0,0,,0,1,1.0,0
Sincere Carry,Calgary Surge,2026-2027,offense,Isolation,Miss 3 Pts,6,Long/3pt,ISO - Defense Commits > Spot-Up > Drives Straight > Dribble Jumper > Long/3pt > Miss 3 Pts,ISO - Defense Commits,Spot-Up,Drives Straight,Dribble Jumper,Long/3pt,Miss 3 Pts,1,100.0,0.0,0.0,0.0,0.0,1,0.0,,,0.0,,1,0.0,0.0,,,0,1,,1,0.0,0.0,0,0,0,,0,1,1.0,0
Sincere Carry,Calgary Surge,2026-2027,offense,Isolation,Cut,2,ISO - Defense Commits,ISO - Defense Commits > Cut,ISO - Defense Commits,Cut,,,,,3,20.0,0.333,17.4,0.0,33.3,0,,,,0.0,,2,0.0,33.3,,,0,2,,3,1.0,33.3,2,0,2,0.0,0,0,0.0,1
Sincere Carry,Calgary Surge,2026-2027,offense,Isolation,Basket,3,Cut,ISO - Defense Commits > Cut > Basket,ISO - Defense Commits,Cut,Basket,,,,3,100.0,0.333,17.4,0.0,33.3,0,,,,0.0,,2,0.0,33.3,,,0,2,,3,1.0,33.3,2,0,2,0.0,0,0,0.0,1
Sincere Carry,Calgary Surge,2026-2027,offense,Isolation,Miss 2 Pts,4,Basket,ISO - Defense Commits > Cut > Basket > Miss 2 Pts,ISO - Defense Commits,Cut,Basket,Miss 2 Pts,,,2,66.7,0.0,0.0,0.0,0.0,0,,,,0.0,,2,0.0,0.0,,,0,2,,2,0.0,0.0,2,0,2,0.0,0,0,0.0,0
Sincere Carry,Calgary Surge,2026-2027,offense,Isolation,Foul,4,Basket,ISO - Defense Commits > Cut > Basket > Foul,ISO - Defense Commits,Cut,Basket,Foul,,,1,33.3,1.0,56.8,0.0,100.0,0,,,,,,0,,100.0,,,0,0,,1,,100.0,0,0,0,,0,0,,1
Sincere Carry,Calgary Surge,2026-2027,offense,Isolation,Isolation,2,ISO - Defense Commits,ISO - Defense Commits > Isolation,ISO - Defense Commits,Isolation,,,,,2,13.3,0.5,56.8,50.0,50.0,0,,,,,,0,,0.0,,,0,0,,1,,50.0,0,0,0,,0,0,,1
Sincere Carry,Calgary Surge,2026-2027,offense,Isolation,Right,3,Isolation,ISO - Defense Commits > Isolation > Right,ISO - Defense Commits,Isolation,Right,,,,1,50.0,1.0,56.8,0.0,100.0,0,,,,,,0,,0.0,,,0,0,,1,,100.0,0,0,0,,0,0,,1
Sincere Carry,Calgary Surge,2026-2027,offense,Isolation,Drives Right,4,Right,ISO - Defense Commits > Isolation > Right > Drives Right,ISO - Defense Commits,Isolation,Right,Drives Right,,,1,100.0,1.0,56.8,0.0,100.0,0,,,,,,0,,0.0,,,0,0,,1,,100.0,0,0,0,,0,0,,1
Sincere Carry,Calgary Surge,2026-2027,offense,Isolation,Defense Commits,5,Drives Right,ISO - Defense Commits > Isolation > Right > Drives Right > Defense Commits,ISO - Defense Commits,Isolation,Right,Drives Right,Defense Commits,,1,100.0,1.0,56.8,0.0,100.0,0,,,,,,0,,0.0,,,0,0,,1,,100.0,0,0,0,,0,0,,1
Sincere Carry,Calgary Surge,2026-2027,offense,Isolation,Foul,6,Defense Commits,ISO - Defense Commits > Isolation > Right > Drives Right > Defense Commits > Foul,ISO - Defense Commits,Isolation,Right,Drives Right,Defense Commits,Foul,1,100.0,1.0,56.8,0.0,100.0,0,,,,,,0,,0.0,,,0,0,,1,,100.0,0,0,0,,0,0,,1
Sincere Carry,Calgary Surge,2026-2027,offense,Isolation,Top,3,Isolation,ISO - Defense Commits > Isolation > Top,ISO - Defense Commits,Isolation,Top,,,,1,50.0,0.0,,100.0,0.0,0,,,,,,0,,0.0,,,0,0,,0,,0.0,0,0,0,,0,0,,0
Sincere Carry,Calgary Surge,2026-2027,offense,Isolation,Drives Left,4,Top,ISO - Defense Commits > Isolation > Top > Drives Left,ISO - Defense Commits,Isolation,Top,Drives Left,,,1,100.0,0.0,,100.0,0.0,0,,,,,,0,,0.0,,,0,0,,0,,0.0,0,0,0,,0,0,,0
Sincere Carry,Calgary Surge,2026-2027,offense,Isolation,Defense Commits,5,Drives Left,ISO - Defense Commits > Isolation > Top > Drives Left > Defense Commits,ISO - Defense Commits,Isolation,Top,Drives Left,Defense Commits,,1,100.0,0.0,,100.0,0.0,0,,,,,,0,,0.0,,,0,0,,0,,0.0,0,0,0,,0,0,,0
Sincere Carry,Calgary Surge,2026-2027,offense,Isolation,Turnover,6,Defense Commits,ISO - Defense Commits > Isolation > Top > Drives Left > Defense Commits > Turnover,ISO - Defense Commits,Isolation,Top,Drives Left,Defense Commits,Turnover,1,100.0,0.0,,100.0,0.0,0,,,,,,0,,0.0,,,0,0,,0,,0.0,0,0,0,,0,0,,0
Sincere Carry,Calgary Surge,2026-2027,offense,Post up,Post-Ups Including Passes,1,,Post-Ups Including Passes,Post-Ups Including Passes,,,,,,4,2.2,0.75,50.0,25.0,0.0,1,100.0,,,33.3,,3,50.0,0.0,,,1,2,,3,0.0,25.0,2,0,2,0.0,1,0,0.33,3
Sincere Carry,Calgary Surge,2026-2027,offense,Post up,Post-Up,2,Post-Ups Including Passes,Post-Ups Including Passes > Post-Up,Post-Ups Including Passes,Post-Up,,,,,3,75.0,0.0,0.0,33.3,0.0,0,,,,0.0,,2,0.0,0.0,,,0,2,,2,0.0,0.0,2,0,2,0.0,0,0,0.0,0
Sincere Carry,Calgary Surge,2026-2027,offense,Post up,Right Block,3,Post-Up,Post-Ups Including Passes > Post-Up > Right Block,Post-Ups Including Passes,Post-Up,Right Block,,,,2,66.7,0.0,0.0,50.0,0.0,0,,,,0.0,,1,0.0,0.0,,,0,1,,1,0.0,0.0,1,0,1,0.0,0,0,0.0,0
Sincere Carry,Calgary Surge,2026-2027,offense,Post up,Right Shoulder,4,Right Block,Post-Ups Including Passes > Post-Up > Right Block > Right Shoulder,Post-Ups Including Passes,Post-Up,Right Block,Right Shoulder,,,2,100.0,0.0,0.0,50.0,0.0,0,,,,0.0,,1,0.0,0.0,,,0,1,,1,0.0,0.0,1,0,1,0.0,0,0,0.0,0
Sincere Carry,Calgary Surge,2026-2027,offense,Post up,Dribble Move,5,Right Shoulder,Post-Ups Including Passes > Post-Up > Right Block > Right Shoulder > Dribble Move,Post-Ups Including Passes,Post-Up,Right Block,Right Shoulder,Dribble Move,,2,100.0,0.0,0.0,50.0,0.0,0,,,,0.0,,1,0.0,0.0,,,0,1,,1,0.0,0.0,1,0,1,0.0,0,0,0.0,0
Sincere Carry,Calgary Surge,2026-2027,offense,Post up,To Jumper,6,Dribble Move,Post-Ups Including Passes > Post-Up > Right Block > Right Shoulder > Dribble Move > To Jumper,Post-Ups Including Passes,Post-Up,Right Block,Right Shoulder,Dribble Move,To Jumper,1,50.0,0.0,0.0,0.0,0.0,0,,,,0.0,,1,0.0,0.0,,,0,1,,1,0.0,0.0,1,0,1,0.0,0,0,0.0,0
Sincere Carry,Calgary Surge,2026-2027,offense,Post up,Defense Commits,6,Dribble Move,Post-Ups Including Passes > Post-Up > Right Block > Right Shoulder > Dribble Move > Defense Commits,Post-Ups Including Passes,Post-Up,Right Block,Right Shoulder,Dribble Move,Defense Commits,1,50.0,0.0,,100.0,0.0,0,,,,,,0,,0.0,,,0,0,,0,,0.0,0,0,0,,0,0,,0
Sincere Carry,Calgary Surge,2026-2027,offense,Post up,Left Block,3,Post-Up,Post-Ups Including Passes > Post-Up > Left Block,Post-Ups Including Passes,Post-Up,Left Block,,,,1,33.3,0.0,0.0,0.0,0.0,0,,,,0.0,,1,0.0,0.0,,,0,1,,1,0.0,0.0,1,0,1,0.0,0,0,0.0,0
Sincere Carry,Calgary Surge,2026-2027,offense,Post up,Right Shoulder,4,Left Block,Post-Ups Including Passes > Post-Up > Left Block > Right Shoulder,Post-Ups Including Passes,Post-Up,Left Block,Right Shoulder,,,1,100.0,0.0,0.0,0.0,0.0,0,,,,0.0,,1,0.0,0.0,,,0,1,,1,0.0,0.0,1,0,1,0.0,0,0,0.0,0
Sincere Carry,Calgary Surge,2026-2027,offense,Post up,Dribble Move,5,Right Shoulder,Post-Ups Including Passes > Post-Up > Left Block > Right Shoulder > Dribble Move,Post-Ups Including Passes,Post-Up,Left Block,Right Shoulder,Dribble Move,,1,100.0,0.0,0.0,0.0,0.0,0,,,,0.0,,1,0.0,0.0,,,0,1,,1,0.0,0.0,1,0,1,0.0,0,0,0.0,0
Sincere Carry,Calgary Surge,2026-2027,offense,Post up,To Jumper,6,Dribble Move,Post-Ups Including Passes > Post-Up > Left Block > Right Shoulder > Dribble Move > To Jumper,Post-Ups Including Passes,Post-Up,Left Block,Right Shoulder,Dribble Move,To Jumper,1,100.0,0.0,0.0,0.0,0.0,0,,,,0.0,,1,0.0,0.0,,,0,1,,1,0.0,0.0,1,0,1,0.0,0,0,0.0,0
Sincere Carry,Calgary Surge,2026-2027,offense,Post up,Spot-Up,2,Post-Ups Including Passes,Post-Ups Including Passes > Spot-Up,Post-Ups Including Passes,Spot-Up,,,,,1,25.0,3.0,150.0,0.0,0.0,1,100.0,,,100.0,,1,150.0,0.0,,,1,0,,1,0.0,100.0,0,0,0,,1,0,1.0,3
Sincere Carry,Calgary Surge,2026-2027,offense,Post up,No Dribble Jumper,3,Spot-Up,Post-Ups Including Passes > Spot-Up > No Dribble Jumper,Post-Ups Including Passes,Spot-Up,No Dribble Jumper,,,,1,100.0,3.0,150.0,0.0,0.0,1,100.0,,,100.0,,1,150.0,0.0,,,1,0,,1,0.0,100.0,0,0,0,,1,0,1.0,3
Sincere Carry,Calgary Surge,2026-2027,offense,Post up,Guarded,4,No Dribble Jumper,Post-Ups Including Passes > Spot-Up > No Dribble Jumper > Guarded,Post-Ups Including Passes,Spot-Up,No Dribble Jumper,Guarded,,,1,100.0,3.0,150.0,0.0,0.0,1,100.0,,,100.0,,1,150.0,0.0,,,1,0,,1,0.0,100.0,0,0,0,,1,0,1.0,3
Sincere Carry,Calgary Surge,2026-2027,offense,Post up,Long/3pt,5,Guarded,Post-Ups Including Passes > Spot-Up > No Dribble Jumper > Guarded > Long/3pt,Post-Ups Including Passes,Spot-Up,No Dribble Jumper,Guarded,Long/3pt,,1,100.0,3.0,150.0,0.0,0.0,1,100.0,,,100.0,,1,150.0,0.0,,,1,0,,1,0.0,100.0,0,0,0,,1,0,1.0,3
Sincere Carry,Calgary Surge,2026-2027,offense,Post up,Make 3 Pts,6,Long/3pt,Post-Ups Including Passes > Spot-Up > No Dribble Jumper > Guarded > Long/3pt > Make 3 Pts,Post-Ups Including Passes,Spot-Up,No Dribble Jumper,Guarded,Long/3pt,Make 3 Pts,1,100.0,3.0,150.0,0.0,0.0,1,100.0,,,100.0,,1,150.0,0.0,,,1,0,,1,0.0,100.0,0,0,0,,1,0,1.0,3
Sincere Carry,Calgary Surge,2026-2027,offense,Post up,Post-Up - Defense Commits,1,,Post-Up - Defense Commits,Post-Up - Defense Commits,,,,,,2,1.1,1.5,150.0,50.0,0.0,1,100.0,,,100.0,,1,150.0,0.0,,,1,0,,1,0.0,50.0,0,0,0,,1,0,1.0,3
Sincere Carry,Calgary Surge,2026-2027,offense,Post up,Spot-Up,2,Post-Up - Defense Commits,Post-Up - Defense Commits > Spot-Up,Post-Up - Defense Commits,Spot-Up,,,,,1,50.0,3.0,150.0,0.0,0.0,1,100.0,,,100.0,,1,150.0,0.0,,,1,0,,1,0.0,100.0,0,0,0,,1,0,1.0,3
Sincere Carry,Calgary Surge,2026-2027,offense,Post up,No Dribble Jumper,3,Spot-Up,Post-Up - Defense Commits > Spot-Up > No Dribble Jumper,Post-Up - Defense Commits,Spot-Up,No Dribble Jumper,,,,1,100.0,3.0,150.0,0.0,0.0,1,100.0,,,100.0,,1,150.0,0.0,,,1,0,,1,0.0,100.0,0,0,0,,1,0,1.0,3
Sincere Carry,Calgary Surge,2026-2027,offense,Post up,Guarded,4,No Dribble Jumper,Post-Up - Defense Commits > Spot-Up > No Dribble Jumper > Guarded,Post-Up - Defense Commits,Spot-Up,No Dribble Jumper,Guarded,,,1,100.0,3.0,150.0,0.0,0.0,1,100.0,,,100.0,,1,150.0,0.0,,,1,0,,1,0.0,100.0,0,0,0,,1,0,1.0,3
Sincere Carry,Calgary Surge,2026-2027,offense,Post up,Long/3pt,5,Guarded,Post-Up - Defense Commits > Spot-Up > No Dribble Jumper > Guarded > Long/3pt,Post-Up - Defense Commits,Spot-Up,No Dribble Jumper,Guarded,Long/3pt,,1,100.0,3.0,150.0,0.0,0.0,1,100.0,,,100.0,,1,150.0,0.0,,,1,0,,1,0.0,100.0,0,0,0,,1,0,1.0,3
Sincere Carry,Calgary Surge,2026-2027,offense,Post up,Make 3 Pts,6,Long/3pt,Post-Up - Defense Commits > Spot-Up > No Dribble Jumper > Guarded > Long/3pt > Make 3 Pts,Post-Up - Defense Commits,Spot-Up,No Dribble Jumper,Guarded,Long/3pt,Make 3 Pts,1,100.0,3.0,150.0,0.0,0.0,1,100.0,,,100.0,,1,150.0,0.0,,,1,0,,1,0.0,100.0,0,0,0,,1,0,1.0,3
Sincere Carry,Calgary Surge,2026-2027,offense,Post up,Post-Up,2,Post-Up - Defense Commits,Post-Up - Defense Commits > Post-Up,Post-Up - Defense Commits,Post-Up,,,,,1,50.0,0.0,,100.0,0.0,0,,,,,,0,,0.0,,,0,0,,0,,0.0,0,0,0,,0,0,,0
Sincere Carry,Calgary Surge,2026-2027,offense,Post up,Right Block,3,Post-Up,Post-Up - Defense Commits > Post-Up > Right Block,Post-Up - Defense Commits,Post-Up,Right Block,,,,1,100.0,0.0,,100.0,0.0,0,,,,,,0,,0.0,,,0,0,,0,,0.0,0,0,0,,0,0,,0
Sincere Carry,Calgary Surge,2026-2027,offense,Post up,Right Shoulder,4,Right Block,Post-Up - Defense Commits > Post-Up > Right Block > Right Shoulder,Post-Up - Defense Commits,Post-Up,Right Block,Right Shoulder,,,1,100.0,0.0,,100.0,0.0,0,,,,,,0,,0.0,,,0,0,,0,,0.0,0,0,0,,0,0,,0
Sincere Carry,Calgary Surge,2026-2027,offense,Post up,Dribble Move,5,Right Shoulder,Post-Up - Defense Commits > Post-Up > Right Block > Right Shoulder > Dribble Move,Post-Up - Defense Commits,Post-Up,Right Block,Right Shoulder,Dribble Move,,1,100.0,0.0,,100.0,0.0,0,,,,,,0,,0.0,,,0,0,,0,,0.0,0,0,0,,0,0,,0
Sincere Carry,Calgary Surge,2026-2027,offense,Post up,Defense Commits,6,Dribble Move,Post-Up - Defense Commits > Post-Up > Right Block > Right Shoulder > Dribble Move > Defense Commits,Post-Up - Defense Commits,Post-Up,Right Block,Right Shoulder,Dribble Move,Defense Commits,1,100.0,0.0,,100.0,0.0,0,,,,,,0,,0.0,,,0,0,,0,,0.0,0,0,0,,0,0,,0
Sincere Carry,Calgary Surge,2026-2027,offense,Post up,Post-Up - Hard Double,1,,Post-Up - Hard Double,Post-Up - Hard Double,,,,,,0,0.0,,,,,0,,,,,,0,,,,,0,0,,0,,,0,0,0,,0,0,,0
