PLAYER,TEAM,SEASON,SIDE,TABLE,STAT,DEPTH,PARENT,PATH,LEVEL_1,LEVEL_2,LEVEL_3,LEVEL_4,LEVEL_5,LEVEL_6,POSS,%TIME,PPP,TS%,TO%,%FT,3FG ATT,3 FG%,PPP RATING,PPP RANK,FG%,%TIME RANK,FG ATT,EFG%,%SF,SSQ,PPS,FG MADE,FG MISS,SSM,TSA,FTA/FGA,SCORE%,2 FG ATT,2 FG MADE,2 FG MISS,2 FG%,3 FG MADE,3 FG MISS,3PA/FGA,PTS
Justin Wright,Winnipeg Sea Bears,2024-2025,offense,Play types,P&R Ball Handler,1,,P&R Ball Handler,P&R Ball Handler,,,,,,176,44.9,1.006,60.2,17.0,13.6,49,49.0,Excellent,88.0,43.2,97.0,125,52.8,12.5,,,54,71,,147.0,0.4,42.6,76,30,46,39.5,24,25,0.39,177
Justin Wright,Winnipeg Sea Bears,2024-2025,offense,Play types,P&R Ball Handler - Overall,2,P&R Ball Handler,P&R Ball Handler > P&R Ball Handler - Overall,P&R Ball Handler,P&R Ball Handler - Overall,,,,,176,100.0,1.006,60.2,17.0,13.6,49,49.0,,,43.2,,125,52.8,12.5,,,54,71,,147.0,0.4,42.6,76,30,46,39.5,24,25,0.39,177
Justin Wright,Winnipeg Sea Bears,2024-2025,offense,Play types,Dribble Off Pick,3,P&R Ball Handler - Overall,P&R Ball Handler > P&R Ball Handler - Overall > Dribble Off Pick,P&R Ball Handler,P&R Ball Handler - Overall,Dribble Off Pick,,,,138,78.4,0.978,59.6,18.8,10.1,45,51.1,,,43.0,,100,54.5,8.7,,,43,57,,113.2,0.3,39.9,55,20,35,36.4,23,22,0.45,135
Justin Wright,Winnipeg Sea Bears,2024-2025,offense,Play types,Go Away from Pick,3,P&R Ball Handler - Overall,P&R Ball Handler > P&R Ball Handler - Overall > Go Away from Pick,P&R Ball Handler,P&R Ball Handler - Overall,Go Away from Pick,,,,34,19.3,1.176,64.9,8.8,29.4,4,25.0,,,45.5,,22,47.7,29.4,,,10,12,,30.8,0.91,55.9,18,9,9,50.0,1,3,0.18,40
Justin Wright,Winnipeg Sea Bears,2024-2025,offense,Play types,Split the Defenders,3,P&R Ball Handler - Overall,P&R Ball Handler > P&R Ball Handler - Overall > Split the Defenders,P&R Ball Handler,P&R Ball Handler - Overall,Split the Defenders,,,,4,2.3,0.5,33.3,25.0,0.0,0,,,,33.3,,3,33.3,0.0,,,1,2,,3.0,0.0,25.0,3,1,2,33.3,0,0,0.0,2
Justin Wright,Winnipeg Sea Bears,2024-2025,offense,Play types,High P&R,2,P&R Ball Handler,P&R Ball Handler > High P&R,P&R Ball Handler,High P&R,,,,,150,85.2,0.967,58.8,18.7,14.7,37,48.6,,,41.7,,103,50.5,13.3,,,43,60,,123.2,0.45,41.3,66,25,41,37.9,18,19,0.36,145
Justin Wright,Winnipeg Sea Bears,2024-2025,offense,Play types,Dribble Off Pick,3,High P&R,P&R Ball Handler > High P&R > Dribble Off Pick,P&R Ball Handler,High P&R,Dribble Off Pick,,,,121,80.7,0.942,58.0,19.8,11.6,36,50.0,,,41.2,,85,51.8,9.9,,,35,50,,98.2,0.35,38.8,49,17,32,34.7,18,18,0.42,114
Justin Wright,Winnipeg Sea Bears,2024-2025,offense,Play types,Dribble Jumper,4,Dribble Off Pick,P&R Ball Handler > High P&R > Dribble Off Pick > Dribble Jumper,P&R Ball Handler,High P&R,Dribble Off Pick,Dribble Jumper,,,58,47.9,1.259,61.6,0.0,6.9,36,50.0,,,40.7,,54,57.4,6.9,,,22,32,,59.3,0.22,44.8,18,4,14,22.2,18,18,0.67,73
Justin Wright,Winnipeg Sea Bears,2024-2025,offense,Play types,Long/3pt,5,Dribble Jumper,P&R Ball Handler > High P&R > Dribble Off Pick > Dribble Jumper > Long/3pt,P&R Ball Handler,High P&R,Dribble Off Pick,Dribble Jumper,Long/3pt,,40,69.0,1.625,78.7,0.0,10.0,36,50.0,,,50.0,,36,75.0,10.0,,,18,18,,41.3,0.33,55.0,0,0,0,,18,18,1.0,65
Justin Wright,Winnipeg Sea Bears,2024-2025,offense,Play types,Short to < 17,5,Dribble Jumper,P&R Ball Handler > High P&R > Dribble Off Pick > Dribble Jumper > Short to < 17,P&R Ball Handler,High P&R,Dribble Off Pick,Dribble Jumper,Short to < 17,,10,17.2,0.6,30.0,0.0,0.0,0,,,,30.0,,10,30.0,0.0,,,3,7,,10.0,0.0,30.0,10,3,7,30.0,0,0,0.0,6
Justin Wright,Winnipeg Sea Bears,2024-2025,offense,Play types,Medium/17' to 3pt,5,Dribble Jumper,P&R Ball Handler > High P&R > Dribble Off Pick > Dribble Jumper > Medium/17' to 3pt,P&R Ball Handler,High P&R,Dribble Off Pick,Dribble Jumper,Medium/17' to 3pt,,8,13.8,0.25,12.5,0.0,0.0,0,,,,12.5,,8,12.5,0.0,,,1,7,,8.0,0.0,12.5,8,1,7,12.5,0,0,0.0,2
Justin Wright,Winnipeg Sea Bears,2024-2025,offense,Play types,To Basket,4,Dribble Off Pick,P&R Ball Handler > High P&R > Dribble Off Pick > To Basket,P&R Ball Handler,High P&R,Dribble Off Pick,To Basket,,,38,31.4,1.0,51.1,2.6,21.1,0,,,,41.9,,31,41.9,21.1,,,13,18,,37.2,0.45,50.0,31,13,18,41.9,0,0,0.0,38
Justin Wright,Winnipeg Sea Bears,2024-2025,offense,Play types,Miss 2 Pts,5,To Basket,P&R Ball Handler > High P&R > Dribble Off Pick > To Basket > Miss 2 Pts,P&R Ball Handler,High P&R,Dribble Off Pick,To Basket,Miss 2 Pts,,18,47.4,0.0,0.0,0.0,0.0,0,,,,0.0,,18,0.0,0.0,,,0,18,,18.0,0.0,0.0,18,0,18,0.0,0,0,0.0,0
Justin Wright,Winnipeg Sea Bears,2024-2025,offense,Play types,Make 2 Pts,5,To Basket,P&R Ball Handler > High P&R > Dribble Off Pick > To Basket > Make 2 Pts,P&R Ball Handler,High P&R,Dribble Off Pick,To Basket,Make 2 Pts,,11,28.9,2.0,100.0,0.0,0.0,0,,,,100.0,,11,100.0,0.0,,,11,0,,11.0,0.0,100.0,11,11,0,100.0,0,0,0.0,22
Justin Wright,Winnipeg Sea Bears,2024-2025,offense,Play types,Foul,5,To Basket,P&R Ball Handler > High P&R > Dribble Off Pick > To Basket > Foul,P&R Ball Handler,High P&R,Dribble Off Pick,To Basket,Foul,,6,15.8,1.833,104.2,0.0,100.0,0,,,,,,0,,100.0,,,0,0,,5.3,,100.0,0,0,0,,0,0,,11
Justin Wright,Winnipeg Sea Bears,2024-2025,offense,Play types,Make 2 Pts Foul,5,To Basket,P&R Ball Handler > High P&R > Dribble Off Pick > To Basket > Make 2 Pts Foul,P&R Ball Handler,High P&R,Dribble Off Pick,To Basket,Make 2 Pts Foul,,2,5.3,2.5,86.8,0.0,100.0,0,,,,100.0,,2,100.0,100.0,,,2,0,,2.9,1.0,100.0,2,2,0,100.0,0,0,0.0,5
Justin Wright,Winnipeg Sea Bears,2024-2025,offense,Play types,Turnover,5,To Basket,P&R Ball Handler > High P&R > Dribble Off Pick > To Basket > Turnover,P&R Ball Handler,High P&R,Dribble Off Pick,To Basket,Turnover,,1,2.6,0.0,,100.0,0.0,0,,,,,,0,,0.0,,,0,0,,0.0,,0.0,0,0,0,,0,0,,0
Justin Wright,Winnipeg Sea Bears,2024-2025,offense,Play types,Defense Commits,4,Dribble Off Pick,P&R Ball Handler > High P&R > Dribble Off Pick > Defense Commits,P&R Ball Handler,High P&R,Dribble Off Pick,Defense Commits,,,25,20.7,0.12,85.2,92.0,8.0,0,,,,,,0,,0.0,,,0,0,,1.8,,8.0,0,0,0,,0,0,,3
Justin Wright,Winnipeg Sea Bears,2024-2025,offense,Play types,Turnover,5,Defense Commits,P&R Ball Handler > High P&R > Dribble Off Pick > Defense Commits > Turnover,P&R Ball Handler,High P&R,Dribble Off Pick,Defense Commits,Turnover,,23,92.0,0.0,,100.0,0.0,0,,,,,,0,,0.0,,,0,0,,0.0,,0.0,0,0,0,,0,0,,0
Justin Wright,Winnipeg Sea Bears,2024-2025,offense,Play types,Foul,5,Defense Commits,P&R Ball Handler > High P&R > Dribble Off Pick > Defense Commits > Foul,P&R Ball Handler,High P&R,Dribble Off Pick,Defense Commits,Foul,,2,8.0,1.5,85.2,0.0,100.0,0,,,,,,0,,0.0,,,0,0,,1.8,,100.0,0,0,0,,0,0,,3
Justin Wright,Winnipeg Sea Bears,2024-2025,offense,Play types,Go Away from Pick,3,High P&R,P&R Ball Handler > High P&R > Go Away from Pick,P&R Ball Handler,High P&R,Go Away from Pick,,,,25,16.7,1.16,65.8,12.0,32.0,1,0.0,,,46.7,,15,46.7,32.0,,,7,8,,22.0,1.07,56.0,14,7,7,50.0,0,1,0.07,29
Justin Wright,Winnipeg Sea Bears,2024-2025,offense,Play types,To Basket,4,Go Away from Pick,P&R Ball Handler > High P&R > Go Away from Pick > To Basket,P&R Ball Handler,High P&R,Go Away from Pick,To Basket,,,16,64.0,1.5,76.3,0.0,43.8,0,,,,60.0,,10,60.0,43.8,,,6,4,,15.7,1.3,75.0,10,6,4,60.0,0,0,0.0,24
Justin Wright,Winnipeg Sea Bears,2024-2025,offense,Play types,Foul,5,To Basket,P&R Ball Handler > High P&R > Go Away from Pick > To Basket > Foul,P&R Ball Handler,High P&R,Go Away from Pick,To Basket,Foul,,6,37.5,1.833,104.2,0.0,100.0,0,,,,,,0,,100.0,,,0,0,,5.3,,100.0,0,0,0,,0,0,,11
Justin Wright,Winnipeg Sea Bears,2024-2025,offense,Play types,Make 2 Pts,5,To Basket,P&R Ball Handler > High P&R > Go Away from Pick > To Basket > Make 2 Pts,P&R Ball Handler,High P&R,Go Away from Pick,To Basket,Make 2 Pts,,5,31.3,2.0,100.0,0.0,0.0,0,,,,100.0,,5,100.0,0.0,,,5,0,,5.0,0.0,100.0,5,5,0,100.0,0,0,0.0,10
Justin Wright,Winnipeg Sea Bears,2024-2025,offense,Play types,Miss 2 Pts,5,To Basket,P&R Ball Handler > High P&R > Go Away from Pick > To Basket > Miss 2 Pts,P&R Ball Handler,High P&R,Go Away from Pick,To Basket,Miss 2 Pts,,4,25.0,0.0,0.0,0.0,0.0,0,,,,0.0,,4,0.0,0.0,,,0,4,,4.0,0.0,0.0,4,0,4,0.0,0,0,0.0,0
Justin Wright,Winnipeg Sea Bears,2024-2025,offense,Play types,Make 2 Pts Foul,5,To Basket,P&R Ball Handler > High P&R > Go Away from Pick > To Basket > Make 2 Pts Foul,P&R Ball Handler,High P&R,Go Away from Pick,To Basket,Make 2 Pts Foul,,1,6.3,3.0,104.2,0.0,100.0,0,,,,100.0,,1,100.0,100.0,,,1,0,,1.4,1.0,100.0,1,1,0,100.0,0,0,0.0,3
Justin Wright,Winnipeg Sea Bears,2024-2025,offense,Play types,Dribble Jumper,4,Go Away from Pick,P&R Ball Handler > High P&R > Go Away from Pick > Dribble Jumper,P&R Ball Handler,High P&R,Go Away from Pick,Dribble Jumper,,,6,24.0,0.833,39.6,0.0,16.7,1,0.0,,,20.0,,5,20.0,16.7,,,1,4,,6.3,0.6,33.3,4,1,3,25.0,0,1,0.2,5
Justin Wright,Winnipeg Sea Bears,2024-2025,offense,Play types,Long/3pt,5,Dribble Jumper,P&R Ball Handler > High P&R > Go Away from Pick > Dribble Jumper > Long/3pt,P&R Ball Handler,High P&R,Go Away from Pick,Dribble Jumper,Long/3pt,,2,33.3,1.5,64.7,0.0,50.0,1,0.0,,,0.0,,1,0.0,50.0,,,0,1,,2.3,3.0,50.0,0,0,0,,0,1,1.0,3
Justin Wright,Winnipeg Sea Bears,2024-2025,offense,Play types,Short to < 17,5,Dribble Jumper,P&R Ball Handler > High P&R > Go Away from Pick > Dribble Jumper > Short to < 17,P&R Ball Handler,High P&R,Go Away from Pick,Dribble Jumper,Short to < 17,,2,33.3,0.0,0.0,0.0,0.0,0,,,,0.0,,2,0.0,0.0,,,0,2,,2.0,0.0,0.0,2,0,2,0.0,0,0,0.0,0
Justin Wright,Winnipeg Sea Bears,2024-2025,offense,Play types,Medium/17' to 3pt,5,Dribble Jumper,P&R Ball Handler > High P&R > Go Away from Pick > Dribble Jumper > Medium/17' to 3pt,P&R Ball Handler,High P&R,Go Away from Pick,Dribble Jumper,Medium/17' to 3pt,,2,33.3,1.0,50.0,0.0,0.0,0,,,,50.0,,2,50.0,0.0,,,1,1,,2.0,0.0,50.0,2,1,1,50.0,0,0,0.0,2
Justin Wright,Winnipeg Sea Bears,2024-2025,offense,Play types,Defense Commits,4,Go Away from Pick,P&R Ball Handler > High P&R > Go Away from Pick > Defense Commits,P&R Ball Handler,High P&R,Go Away from Pick,Defense Commits,,,2,8.0,0.0,,100.0,0.0,0,,,,,,0,,0.0,,,0,0,,0.0,,0.0,0,0,0,,0,0,,0
Justin Wright,Winnipeg Sea Bears,2024-2025,offense,Play types,Turnover,5,Defense Commits,P&R Ball Handler > High P&R > Go Away from Pick > Defense Commits > Turnover,P&R Ball Handler,High P&R,Go Away from Pick,Defense Commits,Turnover,,2,100.0,0.0,,100.0,0.0,0,,,,,,0,,0.0,,,0,0,,0.0,,0.0,0,0,0,,0,0,,0
Justin Wright,Winnipeg Sea Bears,2024-2025,offense,Play types,Turnover,4,Go Away from Pick,P&R Ball Handler > High P&R > Go Away from Pick > Turnover,P&R Ball Handler,High P&R,Go Away from Pick,Turnover,,,1,4.0,0.0,,100.0,0.0,0,,,,,,0,,0.0,,,0,0,,0.0,,0.0,0,0,0,,0,0,,0
Justin Wright,Winnipeg Sea Bears,2024-2025,offense,Play types,Split,3,High P&R,P&R Ball Handler > High P&R > Split,P&R Ball Handler,High P&R,Split,,,,4,2.7,0.5,33.3,25.0,0.0,0,,,,33.3,,3,33.3,0.0,,,1,2,,3.0,0.0,25.0,3,1,2,33.3,0,0,0.0,2
Justin Wright,Winnipeg Sea Bears,2024-2025,offense,Play types,To Basket,4,Split,P&R Ball Handler > High P&R > Split > To Basket,P&R Ball Handler,High P&R,Split,To Basket,,,2,50.0,1.0,50.0,0.0,0.0,0,,,,50.0,,2,50.0,0.0,,,1,1,,2.0,0.0,50.0,2,1,1,50.0,0,0,0.0,2
Justin Wright,Winnipeg Sea Bears,2024-2025,offense,Play types,Make 2 Pts,5,To Basket,P&R Ball Handler > High P&R > Split > To Basket > Make 2 Pts,P&R Ball Handler,High P&R,Split,To Basket,Make 2 Pts,,1,50.0,2.0,100.0,0.0,0.0,0,,,,100.0,,1,100.0,0.0,,,1,0,,1.0,0.0,100.0,1,1,0,100.0,0,0,0.0,2
Justin Wright,Winnipeg Sea Bears,2024-2025,offense,Play types,Miss 2 Pts,5,To Basket,P&R Ball Handler > High P&R > Split > To Basket > Miss 2 Pts,P&R Ball Handler,High P&R,Split,To Basket,Miss 2 Pts,,1,50.0,0.0,0.0,0.0,0.0,0,,,,0.0,,1,0.0,0.0,,,0,1,,1.0,0.0,0.0,1,0,1,0.0,0,0,0.0,0
Justin Wright,Winnipeg Sea Bears,2024-2025,offense,Play types,Defense Commits,4,Split,P&R Ball Handler > High P&R > Split > Defense Commits,P&R Ball Handler,High P&R,Split,Defense Commits,,,1,25.0,0.0,,100.0,0.0,0,,,,,,0,,0.0,,,0,0,,0.0,,0.0,0,0,0,,0,0,,0
Justin Wright,Winnipeg Sea Bears,2024-2025,offense,Play types,Turnover,5,Defense Commits,P&R Ball Handler > High P&R > Split > Defense Commits > Turnover,P&R Ball Handler,High P&R,Split,Defense Commits,Turnover,,1,100.0,0.0,,100.0,0.0,0,,,,,,0,,0.0,,,0,0,,0.0,,0.0,0,0,0,,0,0,,0
Justin Wright,Winnipeg Sea Bears,2024-2025,offense,Play types,Dribble Jumper,4,Split,P&R Ball Handler > High P&R > Split > Dribble Jumper,P&R Ball Handler,High P&R,Split,Dribble Jumper,,,1,25.0,0.0,0.0,0.0,0.0,0,,,,0.0,,1,0.0,0.0,,,0,1,,1.0,0.0,0.0,1,0,1,0.0,0,0,0.0,0
Justin Wright,Winnipeg Sea Bears,2024-2025,offense,Play types,Short to < 17,5,Dribble Jumper,P&R Ball Handler > High P&R > Split > Dribble Jumper > Short to < 17,P&R Ball Handler,High P&R,Split,Dribble Jumper,Short to < 17,,1,100.0,0.0,0.0,0.0,0.0,0,,,,0.0,,1,0.0,0.0,,,0,1,,1.0,0.0,0.0,1,0,1,0.0,0,0,0.0,0
Justin Wright,Winnipeg Sea Bears,2024-2025,offense,Play types,Right P&R,2,P&R Ball Handler,P&R Ball Handler > Right P&R,P&R Ball Handler,Right P&R,,,,,15,8.5,1.2,64.8,6.7,6.7,8,50.0,,,46.2,,13,61.5,6.7,,,6,7,,13.9,0.15,46.7,5,2,3,40.0,4,4,0.62,18
Justin Wright,Winnipeg Sea Bears,2024-2025,offense,Play types,Side,3,Right P&R,P&R Ball Handler > Right P&R > Side,P&R Ball Handler,Right P&R,Side,,,,8,53.3,1.125,65.4,12.5,12.5,3,33.3,,,50.0,,6,58.3,12.5,,,3,3,,6.9,0.33,50.0,3,2,1,66.7,1,2,0.5,9
Justin Wright,Winnipeg Sea Bears,2024-2025,offense,Play types,Go Away from Pick,4,Side,P&R Ball Handler > Right P&R > Side > Go Away from Pick,P&R Ball Handler,Right P&R,Side,Go Away from Pick,,,7,87.5,1.286,65.4,0.0,14.3,3,33.3,,,50.0,,6,58.3,14.3,,,3,3,,6.9,0.33,57.1,3,2,1,66.7,1,2,0.5,9
Justin Wright,Winnipeg Sea Bears,2024-2025,offense,Play types,To Basket,5,Go Away from Pick,P&R Ball Handler > Right P&R > Side > Go Away from Pick > To Basket,P&R Ball Handler,Right P&R,Side,Go Away from Pick,To Basket,,4,57.1,1.5,77.3,0.0,25.0,0,,,,66.7,,3,66.7,25.0,,,2,1,,3.9,0.67,75.0,3,2,1,66.7,0,0,0.0,6
Justin Wright,Winnipeg Sea Bears,2024-2025,offense,Play types,Dribble Jumper,5,Go Away from Pick,P&R Ball Handler > Right P&R > Side > Go Away from Pick > Dribble Jumper,P&R Ball Handler,Right P&R,Side,Go Away from Pick,Dribble Jumper,,3,42.9,1.0,50.0,0.0,0.0,3,33.3,,,33.3,,3,50.0,0.0,,,1,2,,3.0,0.0,33.3,0,0,0,,1,2,1.0,3
Justin Wright,Winnipeg Sea Bears,2024-2025,offense,Play types,Dribble Off Pick,4,Side,P&R Ball Handler > Right P&R > Side > Dribble Off Pick,P&R Ball Handler,Right P&R,Side,Dribble Off Pick,,,1,12.5,0.0,,100.0,0.0,0,,,,,,0,,0.0,,,0,0,,0.0,,0.0,0,0,0,,0,0,,0
Justin Wright,Winnipeg Sea Bears,2024-2025,offense,Play types,Defense Commits,5,Dribble Off Pick,P&R Ball Handler > Right P&R > Side > Dribble Off Pick > Defense Commits,P&R Ball Handler,Right P&R,Side,Dribble Off Pick,Defense Commits,,1,100.0,0.0,,100.0,0.0,0,,,,,,0,,0.0,,,0,0,,0.0,,0.0,0,0,0,,0,0,,0
Justin Wright,Winnipeg Sea Bears,2024-2025,offense,Play types,Baseline,3,Right P&R,P&R Ball Handler > Right P&R > Baseline,P&R Ball Handler,Right P&R,Baseline,,,,7,46.7,1.286,64.3,0.0,0.0,5,60.0,,,42.9,,7,64.3,0.0,,,3,4,,7.0,0.0,42.9,2,0,2,0.0,3,2,0.71,9
Justin Wright,Winnipeg Sea Bears,2024-2025,offense,Play types,Dribble Off Pick,4,Baseline,P&R Ball Handler > Right P&R > Baseline > Dribble Off Pick,P&R Ball Handler,Right P&R,Baseline,Dribble Off Pick,,,7,100.0,1.286,64.3,0.0,0.0,5,60.0,,,42.9,,7,64.3,0.0,,,3,4,,7.0,0.0,42.9,2,0,2,0.0,3,2,0.71,9
Justin Wright,Winnipeg Sea Bears,2024-2025,offense,Play types,Dribble Jumper,5,Dribble Off Pick,P&R Ball Handler > Right P&R > Baseline > Dribble Off Pick > Dribble Jumper,P&R Ball Handler,Right P&R,Baseline,Dribble Off Pick,Dribble Jumper,,6,85.7,1.5,75.0,0.0,0.0,5,60.0,,,50.0,,6,75.0,0.0,,,3,3,,6.0,0.0,50.0,1,0,1,0.0,3,2,0.83,9
Justin Wright,Winnipeg Sea Bears,2024-2025,offense,Play types,To Basket,5,Dribble Off Pick,P&R Ball Handler > Right P&R > Baseline > Dribble Off Pick > To Basket,P&R Ball Handler,Right P&R,Baseline,Dribble Off Pick,To Basket,,1,14.3,0.0,0.0,0.0,0.0,0,,,,0.0,,1,0.0,0.0,,,0,1,,1.0,0.0,0.0,1,0,1,0.0,0,0,0.0,0
Justin Wright,Winnipeg Sea Bears,2024-2025,offense,Play types,Left P&R,2,P&R Ball Handler,P&R Ball Handler > Left P&R,P&R Ball Handler,Left P&R,,,,,11,6.3,1.273,70.9,9.1,9.1,4,50.0,,,55.6,,9,66.7,9.1,,,5,4,,9.9,0.22,54.5,5,3,2,60.0,2,2,0.44,14
Justin Wright,Winnipeg Sea Bears,2024-2025,offense,Play types,Side,3,Left P&R,P&R Ball Handler > Left P&R > Side,P&R Ball Handler,Left P&R,Side,,,,10,90.9,1.2,67.6,10.0,10.0,4,50.0,,,50.0,,8,62.5,10.0,,,4,4,,8.9,0.25,50.0,4,2,2,50.0,2,2,0.5,12
Justin Wright,Winnipeg Sea Bears,2024-2025,offense,Play types,Dribble Off Pick,4,Side,P&R Ball Handler > Left P&R > Side > Dribble Off Pick,P&R Ball Handler,Left P&R,Side,Dribble Off Pick,,,8,80.0,1.25,71.4,12.5,0.0,4,50.0,,,57.1,,7,71.4,0.0,,,4,3,,7.0,0.0,50.0,3,2,1,66.7,2,2,0.57,10
Justin Wright,Winnipeg Sea Bears,2024-2025,offense,Play types,Dribble Jumper,5,Dribble Off Pick,P&R Ball Handler > Left P&R > Side > Dribble Off Pick > Dribble Jumper,P&R Ball Handler,Left P&R,Side,Dribble Off Pick,Dribble Jumper,,6,75.0,1.333,66.7,0.0,0.0,4,50.0,,,50.0,,6,66.7,0.0,,,3,3,,6.0,0.0,50.0,2,1,1,50.0,2,2,0.67,8
Justin Wright,Winnipeg Sea Bears,2024-2025,offense,Play types,To Basket,5,Dribble Off Pick,P&R Ball Handler > Left P&R > Side > Dribble Off Pick > To Basket,P&R Ball Handler,Left P&R,Side,Dribble Off Pick,To Basket,,1,12.5,2.0,100.0,0.0,0.0,0,,,,100.0,,1,100.0,0.0,,,1,0,,1.0,0.0,100.0,1,1,0,100.0,0,0,0.0,2
Justin Wright,Winnipeg Sea Bears,2024-2025,offense,Play types,Defense Commits,5,Dribble Off Pick,P&R Ball Handler > Left P&R > Side > Dribble Off Pick > Defense Commits,P&R Ball Handler,Left P&R,Side,Dribble Off Pick,Defense Commits,,1,12.5,0.0,,100.0,0.0,0,,,,,,0,,0.0,,,0,0,,0.0,,0.0,0,0,0,,0,0,,0
Justin Wright,Winnipeg Sea Bears,2024-2025,offense,Play types,Go Away from Pick,4,Side,P&R Ball Handler > Left P&R > Side > Go Away from Pick,P&R Ball Handler,Left P&R,Side,Go Away from Pick,,,2,20.0,1.0,53.2,0.0,50.0,0,,,,0.0,,1,0.0,50.0,,,0,1,,1.9,2.0,50.0,1,0,1,0.0,0,0,0.0,2
Justin Wright,Winnipeg Sea Bears,2024-2025,offense,Play types,Dribble Jumper,5,Go Away from Pick,P&R Ball Handler > Left P&R > Side > Go Away from Pick > Dribble Jumper,P&R Ball Handler,Left P&R,Side,Go Away from Pick,Dribble Jumper,,1,50.0,0.0,0.0,0.0,0.0,0,,,,0.0,,1,0.0,0.0,,,0,1,,1.0,0.0,0.0,1,0,1,0.0,0,0,0.0,0
Justin Wright,Winnipeg Sea Bears,2024-2025,offense,Play types,To Basket,5,Go Away from Pick,P&R Ball Handler > Left P&R > Side > Go Away from Pick > To Basket,P&R Ball Handler,Left P&R,Side,Go Away from Pick,To Basket,,1,50.0,2.0,113.6,0.0,100.0,0,,,,,,0,,100.0,,,0,0,,0.9,,100.0,0,0,0,,0,0,,2
Justin Wright,Winnipeg Sea Bears,2024-2025,offense,Play types,Baseline,3,Left P&R,P&R Ball Handler > Left P&R > Baseline,P&R Ball Handler,Left P&R,Baseline,,,,1,9.1,2.0,100.0,0.0,0.0,0,,,,100.0,,1,100.0,0.0,,,1,0,,1.0,0.0,100.0,1,1,0,100.0,0,0,0.0,2
Justin Wright,Winnipeg Sea Bears,2024-2025,offense,Play types,Dribble Off Pick,4,Baseline,P&R Ball Handler > Left P&R > Baseline > Dribble Off Pick,P&R Ball Handler,Left P&R,Baseline,Dribble Off Pick,,,1,100.0,2.0,100.0,0.0,0.0,0,,,,100.0,,1,100.0,0.0,,,1,0,,1.0,0.0,100.0,1,1,0,100.0,0,0,0.0,2
Justin Wright,Winnipeg Sea Bears,2024-2025,offense,Play types,To Basket,5,Dribble Off Pick,P&R Ball Handler > Left P&R > Baseline > Dribble Off Pick > To Basket,P&R Ball Handler,Left P&R,Baseline,Dribble Off Pick,To Basket,,1,100.0,2.0,100.0,0.0,0.0,0,,,,100.0,,1,100.0,0.0,,,1,0,,1.0,0.0,100.0,1,1,0,100.0,0,0,0.0,2
Justin Wright,Winnipeg Sea Bears,2024-2025,offense,Play types,Isolation,1,,Isolation,Isolation,,,,,,77,19.6,0.831,45.9,9.1,9.1,29,34.5,Good,59.0,34.4,100.0,64,42.2,9.1,,,22,42,,69.7,0.2,36.4,35,12,23,34.3,10,19,0.45,64
Justin Wright,Winnipeg Sea Bears,2024-2025,offense,Play types,Isolation - Overall,2,Isolation,Isolation > Isolation - Overall,Isolation,Isolation - Overall,,,,,77,100.0,0.831,45.9,9.1,9.1,29,34.5,,,34.4,,64,42.2,9.1,,,22,42,,69.7,0.2,36.4,35,12,23,34.3,10,19,0.45,64
Justin Wright,Winnipeg Sea Bears,2024-2025,offense,Play types,Drives Right,3,Isolation - Overall,Isolation > Isolation - Overall > Drives Right,Isolation,Isolation - Overall,Drives Right,,,,33,42.9,0.485,28.9,15.2,9.1,11,27.3,,,16.0,,25,22.0,9.1,,,4,21,,27.6,0.24,21.2,14,1,13,7.1,3,8,0.44,16
Justin Wright,Winnipeg Sea Bears,2024-2025,offense,Play types,Drives Left,3,Isolation - Overall,Isolation > Isolation - Overall > Drives Left,Isolation,Isolation - Overall,Drives Left,,,,26,33.8,1.038,56.1,7.7,15.4,0,,,,52.4,,21,52.4,15.4,,,11,10,,24.1,0.33,53.8,21,11,10,52.4,0,0,0.0,27
Justin Wright,Winnipeg Sea Bears,2024-2025,offense,Play types,Early Jumper,3,Isolation - Overall,Isolation > Isolation - Overall > Early Jumper,Isolation,Isolation - Overall,Early Jumper,,,,18,23.4,1.167,58.3,0.0,0.0,18,38.9,,,38.9,,18,58.3,0.0,,,7,11,,18.0,0.0,38.9,0,0,0,,7,11,1.0,21
Justin Wright,Winnipeg Sea Bears,2024-2025,offense,Play types,Top,2,Isolation,Isolation > Top,Isolation,Top,,,,,51,66.2,0.922,51.6,9.8,7.8,22,40.9,,,38.1,,42,48.8,7.8,,,16,26,,45.5,0.19,39.2,20,7,13,35.0,9,13,0.52,47
Justin Wright,Winnipeg Sea Bears,2024-2025,offense,Play types,Drives Right,3,Top,Isolation > Top > Drives Right,Isolation,Top,Drives Right,,,,20,39.2,0.6,35.8,15.0,10.0,8,37.5,,,20.0,,15,30.0,10.0,,,3,12,,16.8,0.27,25.0,7,0,7,0.0,3,5,0.53,12
Justin Wright,Winnipeg Sea Bears,2024-2025,offense,Play types,To Basket,4,Drives Right,Isolation > Top > Drives Right > To Basket,Isolation,Top,Drives Right,To Basket,,,9,45.0,0.333,19.3,11.1,22.2,0,,,,0.0,,6,0.0,22.2,,,0,6,,7.8,0.67,22.2,6,0,6,0.0,0,0,0.0,3
Justin Wright,Winnipeg Sea Bears,2024-2025,offense,Play types,Miss 2 Pts,5,To Basket,Isolation > Top > Drives Right > To Basket > Miss 2 Pts,Isolation,Top,Drives Right,To Basket,Miss 2 Pts,,6,66.7,0.0,0.0,0.0,0.0,0,,,,0.0,,6,0.0,0.0,,,0,6,,6.0,0.0,0.0,6,0,6,0.0,0,0,0.0,0
Justin Wright,Winnipeg Sea Bears,2024-2025,offense,Play types,Foul,5,To Basket,Isolation > Top > Drives Right > To Basket > Foul,Isolation,Top,Drives Right,To Basket,Foul,,2,22.2,1.5,85.2,0.0,100.0,0,,,,,,0,,100.0,,,0,0,,1.8,,100.0,0,0,0,,0,0,,3
Justin Wright,Winnipeg Sea Bears,2024-2025,offense,Play types,Turnover,5,To Basket,Isolation > Top > Drives Right > To Basket > Turnover,Isolation,Top,Drives Right,To Basket,Turnover,,1,11.1,0.0,,100.0,0.0,0,,,,,,0,,0.0,,,0,0,,0.0,,0.0,0,0,0,,0,0,,0
Justin Wright,Winnipeg Sea Bears,2024-2025,offense,Play types,Dribble Jumper,4,Drives Right,Isolation > Top > Drives Right > Dribble Jumper,Isolation,Top,Drives Right,Dribble Jumper,,,9,45.0,1.0,50.0,0.0,0.0,8,37.5,,,33.3,,9,50.0,0.0,,,3,6,,9.0,0.0,33.3,1,0,1,0.0,3,5,0.89,9
Justin Wright,Winnipeg Sea Bears,2024-2025,offense,Play types,Long/3pt,5,Dribble Jumper,Isolation > Top > Drives Right > Dribble Jumper > Long/3pt,Isolation,Top,Drives Right,Dribble Jumper,Long/3pt,,8,88.9,1.125,56.3,0.0,0.0,8,37.5,,,37.5,,8,56.3,0.0,,,3,5,,8.0,0.0,37.5,0,0,0,,3,5,1.0,9
Justin Wright,Winnipeg Sea Bears,2024-2025,offense,Play types,Short to < 17,5,Dribble Jumper,Isolation > Top > Drives Right > Dribble Jumper > Short to < 17,Isolation,Top,Drives Right,Dribble Jumper,Short to < 17,,1,11.1,0.0,0.0,0.0,0.0,0,,,,0.0,,1,0.0,0.0,,,0,1,,1.0,0.0,0.0,1,0,1,0.0,0,0,0.0,0
Justin Wright,Winnipeg Sea Bears,2024-2025,offense,Play types,Turnover,4,Drives Right,Isolation > Top > Drives Right > Turnover,Isolation,Top,Drives Right,Turnover,,,1,5.0,0.0,,100.0,0.0,0,,,,,,0,,0.0,,,0,0,,0.0,,0.0,0,0,0,,0,0,,0
Justin Wright,Winnipeg Sea Bears,2024-2025,offense,Play types,Defense Commits,4,Drives Right,Isolation > Top > Drives Right > Defense Commits,Isolation,Top,Drives Right,Defense Commits,,,1,5.0,0.0,,100.0,0.0,0,,,,,,0,,0.0,,,0,0,,0.0,,0.0,0,0,0,,0,0,,0
Justin Wright,Winnipeg Sea Bears,2024-2025,offense,Play types,Turnover,5,Defense Commits,Isolation > Top > Drives Right > Defense Commits > Turnover,Isolation,Top,Drives Right,Defense Commits,Turnover,,1,100.0,0.0,,100.0,0.0,0,,,,,,0,,0.0,,,0,0,,0.0,,0.0,0,0,0,,0,0,,0
Justin Wright,Winnipeg Sea Bears,2024-2025,offense,Play types,Drives Left,3,Top,Isolation > Top > Drives Left,Isolation,Top,Drives Left,,,,17,33.3,1.0,57.6,11.8,11.8,0,,,,53.8,,13,53.8,11.8,,,7,6,,14.8,0.31,52.9,13,7,6,53.8,0,0,0.0,17
Justin Wright,Winnipeg Sea Bears,2024-2025,offense,Play types,To Basket,4,Drives Left,Isolation > Top > Drives Left > To Basket,Isolation,Top,Drives Left,To Basket,,,9,52.9,1.0,58.0,11.1,22.2,0,,,,50.0,,6,50.0,22.2,,,3,3,,7.8,0.67,55.6,6,3,3,50.0,0,0,0.0,9
Justin Wright,Winnipeg Sea Bears,2024-2025,offense,Play types,Miss 2 Pts,5,To Basket,Isolation > Top > Drives Left > To Basket > Miss 2 Pts,Isolation,Top,Drives Left,To Basket,Miss 2 Pts,,3,33.3,0.0,0.0,0.0,0.0,0,,,,0.0,,3,0.0,0.0,,,0,3,,3.0,0.0,0.0,3,0,3,0.0,0,0,0.0,0
Justin Wright,Winnipeg Sea Bears,2024-2025,offense,Play types,Make 2 Pts,5,To Basket,Isolation > Top > Drives Left > To Basket > Make 2 Pts,Isolation,Top,Drives Left,To Basket,Make 2 Pts,,3,33.3,2.0,100.0,0.0,0.0,0,,,,100.0,,3,100.0,0.0,,,3,0,,3.0,0.0,100.0,3,3,0,100.0,0,0,0.0,6
Justin Wright,Winnipeg Sea Bears,2024-2025,offense,Play types,Foul,5,To Basket,Isolation > Top > Drives Left > To Basket > Foul,Isolation,Top,Drives Left,To Basket,Foul,,2,22.2,1.5,85.2,0.0,100.0,0,,,,,,0,,100.0,,,0,0,,1.8,,100.0,0,0,0,,0,0,,3
Justin Wright,Winnipeg Sea Bears,2024-2025,offense,Play types,Turnover,5,To Basket,Isolation > Top > Drives Left > To Basket > Turnover,Isolation,Top,Drives Left,To Basket,Turnover,,1,11.1,0.0,,100.0,0.0,0,,,,,,0,,0.0,,,0,0,,0.0,,0.0,0,0,0,,0,0,,0
Justin Wright,Winnipeg Sea Bears,2024-2025,offense,Play types,Dribble Jumper,4,Drives Left,Isolation > Top > Drives Left > Dribble Jumper,Isolation,Top,Drives Left,Dribble Jumper,,,7,41.2,1.143,57.1,0.0,0.0,0,,,,57.1,,7,57.1,0.0,,,4,3,,7.0,0.0,57.1,7,4,3,57.1,0,0,0.0,8
Justin Wright,Winnipeg Sea Bears,2024-2025,offense,Play types,Short to < 17,5,Dribble Jumper,Isolation > Top > Drives Left > Dribble Jumper > Short to < 17,Isolation,Top,Drives Left,Dribble Jumper,Short to < 17,,6,85.7,1.333,66.7,0.0,0.0,0,,,,66.7,,6,66.7,0.0,,,4,2,,6.0,0.0,66.7,6,4,2,66.7,0,0,0.0,8
Justin Wright,Winnipeg Sea Bears,2024-2025,offense,Play types,Medium/17' to 3pt,5,Dribble Jumper,Isolation > Top > Drives Left > Dribble Jumper > Medium/17' to 3pt,Isolation,Top,Drives Left,Dribble Jumper,Medium/17' to 3pt,,1,14.3,0.0,0.0,0.0,0.0,0,,,,0.0,,1,0.0,0.0,,,0,1,,1.0,0.0,0.0,1,0,1,0.0,0,0,0.0,0
Justin Wright,Winnipeg Sea Bears,2024-2025,offense,Play types,Defense Commits,4,Drives Left,Isolation > Top > Drives Left > Defense Commits,Isolation,Top,Drives Left,Defense Commits,,,1,5.9,0.0,,100.0,0.0,0,,,,,,0,,0.0,,,0,0,,0.0,,0.0,0,0,0,,0,0,,0
Justin Wright,Winnipeg Sea Bears,2024-2025,offense,Play types,Turnover,5,Defense Commits,Isolation > Top > Drives Left > Defense Commits > Turnover,Isolation,Top,Drives Left,Defense Commits,Turnover,,1,100.0,0.0,,100.0,0.0,0,,,,,,0,,0.0,,,0,0,,0.0,,0.0,0,0,0,,0,0,,0
Justin Wright,Winnipeg Sea Bears,2024-2025,offense,Play types,Early Jumper,3,Top,Isolation > Top > Early Jumper,Isolation,Top,Early Jumper,,,,14,27.5,1.286,64.3,0.0,0.0,14,42.9,,,42.9,,14,64.3,0.0,,,6,8,,14.0,0.0,42.9,0,0,0,,6,8,1.0,18
Justin Wright,Winnipeg Sea Bears,2024-2025,offense,Play types,Dribble Jumper,4,Early Jumper,Isolation > Top > Early Jumper > Dribble Jumper,Isolation,Top,Early Jumper,Dribble Jumper,,,14,100.0,1.286,64.3,0.0,0.0,14,42.9,,,42.9,,14,64.3,0.0,,,6,8,,14.0,0.0,42.9,0,0,0,,6,8,1.0,18
Justin Wright,Winnipeg Sea Bears,2024-2025,offense,Play types,Long/3pt,5,Dribble Jumper,Isolation > Top > Early Jumper > Dribble Jumper > Long/3pt,Isolation,Top,Early Jumper,Dribble Jumper,Long/3pt,,14,100.0,1.286,64.3,0.0,0.0,14,42.9,,,42.9,,14,64.3,0.0,,,6,8,,14.0,0.0,42.9,0,0,0,,6,8,1.0,18
Justin Wright,Winnipeg Sea Bears,2024-2025,offense,Play types,Right,2,Isolation,Isolation > Right,Isolation,Right,,,,,15,19.5,0.333,18.6,13.3,6.7,4,0.0,,,15.4,,13,15.4,6.7,,,2,11,,13.4,0.08,13.3,9,2,7,22.2,0,4,0.31,5
Justin Wright,Winnipeg Sea Bears,2024-2025,offense,Play types,Drives Right,3,Right,Isolation > Right > Drives Right,Isolation,Right,Drives Right,,,,10,66.7,0.0,0.0,20.0,0.0,3,0.0,,,0.0,,8,0.0,0.0,,,0,8,,8.0,0.0,0.0,5,0,5,0.0,0,3,0.38,0
Justin Wright,Winnipeg Sea Bears,2024-2025,offense,Play types,To Basket,4,Drives Right,Isolation > Right > Drives Right > To Basket,Isolation,Right,Drives Right,To Basket,,,4,40.0,0.0,0.0,0.0,0.0,0,,,,0.0,,4,0.0,0.0,,,0,4,,4.0,0.0,0.0,4,0,4,0.0,0,0,0.0,0
Justin Wright,Winnipeg Sea Bears,2024-2025,offense,Play types,Miss 2 Pts,5,To Basket,Isolation > Right > Drives Right > To Basket > Miss 2 Pts,Isolation,Right,Drives Right,To Basket,Miss 2 Pts,,4,100.0,0.0,0.0,0.0,0.0,0,,,,0.0,,4,0.0,0.0,,,0,4,,4.0,0.0,0.0,4,0,4,0.0,0,0,0.0,0
Justin Wright,Winnipeg Sea Bears,2024-2025,offense,Play types,Dribble Jumper,4,Drives Right,Isolation > Right > Drives Right > Dribble Jumper,Isolation,Right,Drives Right,Dribble Jumper,,,4,40.0,0.0,0.0,0.0,0.0,3,0.0,,,0.0,,4,0.0,0.0,,,0,4,,4.0,0.0,0.0,1,0,1,0.0,0,3,0.75,0
Justin Wright,Winnipeg Sea Bears,2024-2025,offense,Play types,Long/3pt,5,Dribble Jumper,Isolation > Right > Drives Right > Dribble Jumper > Long/3pt,Isolation,Right,Drives Right,Dribble Jumper,Long/3pt,,3,75.0,0.0,0.0,0.0,0.0,3,0.0,,,0.0,,3,0.0,0.0,,,0,3,,3.0,0.0,0.0,0,0,0,,0,3,1.0,0
Justin Wright,Winnipeg Sea Bears,2024-2025,offense,Play types,Short to < 17,5,Dribble Jumper,Isolation > Right > Drives Right > Dribble Jumper > Short to < 17,Isolation,Right,Drives Right,Dribble Jumper,Short to < 17,,1,25.0,0.0,0.0,0.0,0.0,0,,,,0.0,,1,0.0,0.0,,,0,1,,1.0,0.0,0.0,1,0,1,0.0,0,0,0.0,0
Justin Wright,Winnipeg Sea Bears,2024-2025,offense,Play types,Defense Commits,4,Drives Right,Isolation > Right > Drives Right > Defense Commits,Isolation,Right,Drives Right,Defense Commits,,,2,20.0,0.0,,100.0,0.0,0,,,,,,0,,0.0,,,0,0,,0.0,,0.0,0,0,0,,0,0,,0
Justin Wright,Winnipeg Sea Bears,2024-2025,offense,Play types,Turnover,5,Defense Commits,Isolation > Right > Drives Right > Defense Commits > Turnover,Isolation,Right,Drives Right,Defense Commits,Turnover,,2,100.0,0.0,,100.0,0.0,0,,,,,,0,,0.0,,,0,0,,0.0,,0.0,0,0,0,,0,0,,0
Justin Wright,Winnipeg Sea Bears,2024-2025,offense,Play types,Drives Left,3,Right,Isolation > Right > Drives Left,Isolation,Right,Drives Left,,,,4,26.7,1.25,56.3,0.0,25.0,0,,,,50.0,,4,50.0,25.0,,,2,2,,4.4,0.25,50.0,4,2,2,50.0,0,0,0.0,5
Justin Wright,Winnipeg Sea Bears,2024-2025,offense,Play types,Dribble Jumper,4,Drives Left,Isolation > Right > Drives Left > Dribble Jumper,Isolation,Right,Drives Left,Dribble Jumper,,,2,50.0,1.5,61.5,0.0,50.0,0,,,,50.0,,2,50.0,50.0,,,1,1,,2.4,0.5,50.0,2,1,1,50.0,0,0,0.0,3
Justin Wright,Winnipeg Sea Bears,2024-2025,offense,Play types,Medium/17' to 3pt,5,Dribble Jumper,Isolation > Right > Drives Left > Dribble Jumper > Medium/17' to 3pt,Isolation,Right,Drives Left,Dribble Jumper,Medium/17' to 3pt,,1,50.0,3.0,104.2,0.0,100.0,0,,,,100.0,,1,100.0,100.0,,,1,0,,1.4,1.0,100.0,1,1,0,100.0,0,0,0.0,3
Justin Wright,Winnipeg Sea Bears,2024-2025,offense,Play types,Short to < 17,5,Dribble Jumper,Isolation > Right > Drives Left > Dribble Jumper > Short to < 17,Isolation,Right,Drives Left,Dribble Jumper,Short to < 17,,1,50.0,0.0,0.0,0.0,0.0,0,,,,0.0,,1,0.0,0.0,,,0,1,,1.0,0.0,0.0,1,0,1,0.0,0,0,0.0,0
Justin Wright,Winnipeg Sea Bears,2024-2025,offense,Play types,To Basket,4,Drives Left,Isolation > Right > Drives Left > To Basket,Isolation,Right,Drives Left,To Basket,,,2,50.0,1.0,50.0,0.0,0.0,0,,,,50.0,,2,50.0,0.0,,,1,1,,2.0,0.0,50.0,2,1,1,50.0,0,0,0.0,2
Justin Wright,Winnipeg Sea Bears,2024-2025,offense,Play types,Miss 2 Pts,5,To Basket,Isolation > Right > Drives Left > To Basket > Miss 2 Pts,Isolation,Right,Drives Left,To Basket,Miss 2 Pts,,1,50.0,0.0,0.0,0.0,0.0,0,,,,0.0,,1,0.0,0.0,,,0,1,,1.0,0.0,0.0,1,0,1,0.0,0,0,0.0,0
Justin Wright,Winnipeg Sea Bears,2024-2025,offense,Play types,Make 2 Pts,5,To Basket,Isolation > Right > Drives Left > To Basket > Make 2 Pts,Isolation,Right,Drives Left,To Basket,Make 2 Pts,,1,50.0,2.0,100.0,0.0,0.0,0,,,,100.0,,1,100.0,0.0,,,1,0,,1.0,0.0,100.0,1,1,0,100.0,0,0,0.0,2
Justin Wright,Winnipeg Sea Bears,2024-2025,offense,Play types,Early Jumper,3,Right,Isolation > Right > Early Jumper,Isolation,Right,Early Jumper,,,,1,6.7,0.0,0.0,0.0,0.0,1,0.0,,,0.0,,1,0.0,0.0,,,0,1,,1.0,0.0,0.0,0,0,0,,0,1,1.0,0
Justin Wright,Winnipeg Sea Bears,2024-2025,offense,Play types,No Dribble Jumper,4,Early Jumper,Isolation > Right > Early Jumper > No Dribble Jumper,Isolation,Right,Early Jumper,No Dribble Jumper,,,1,100.0,0.0,0.0,0.0,0.0,1,0.0,,,0.0,,1,0.0,0.0,,,0,1,,1.0,0.0,0.0,0,0,0,,0,1,1.0,0
Justin Wright,Winnipeg Sea Bears,2024-2025,offense,Play types,Guarded,5,No Dribble Jumper,Isolation > Right > Early Jumper > No Dribble Jumper > Guarded,Isolation,Right,Early Jumper,No Dribble Jumper,Guarded,,1,100.0,0.0,0.0,0.0,0.0,1,0.0,,,0.0,,1,0.0,0.0,,,0,1,,1.0,0.0,0.0,0,0,0,,0,1,1.0,0
Justin Wright,Winnipeg Sea Bears,2024-2025,offense,Play types,Left,2,Isolation,Isolation > Left,Isolation,Left,,,,,11,14.3,1.091,55.8,0.0,18.2,3,33.3,,,44.4,,9,50.0,18.2,,,4,5,,10.8,0.44,54.5,6,3,3,50.0,1,2,0.33,12
Justin Wright,Winnipeg Sea Bears,2024-2025,offense,Play types,Drives Left,3,Left,Isolation > Left > Drives Left,Isolation,Left,Drives Left,,,,5,45.5,1.0,51.2,0.0,20.0,0,,,,50.0,,4,50.0,20.0,,,2,2,,4.9,0.5,60.0,4,2,2,50.0,0,0,0.0,5
Justin Wright,Winnipeg Sea Bears,2024-2025,offense,Play types,Dribble Jumper,4,Drives Left,Isolation > Left > Drives Left > Dribble Jumper,Isolation,Left,Drives Left,Dribble Jumper,,,3,60.0,1.0,52.1,0.0,33.3,0,,,,50.0,,2,50.0,33.3,,,1,1,,2.9,1.0,66.7,2,1,1,50.0,0,0,0.0,3
Justin Wright,Winnipeg Sea Bears,2024-2025,offense,Play types,Short to < 17,5,Dribble Jumper,Isolation > Left > Drives Left > Dribble Jumper > Short to < 17,Isolation,Left,Drives Left,Dribble Jumper,Short to < 17,,3,100.0,1.0,52.1,0.0,33.3,0,,,,50.0,,2,50.0,33.3,,,1,1,,2.9,1.0,66.7,2,1,1,50.0,0,0,0.0,3
Justin Wright,Winnipeg Sea Bears,2024-2025,offense,Play types,To Basket,4,Drives Left,Isolation > Left > Drives Left > To Basket,Isolation,Left,Drives Left,To Basket,,,2,40.0,1.0,50.0,0.0,0.0,0,,,,50.0,,2,50.0,0.0,,,1,1,,2.0,0.0,50.0,2,1,1,50.0,0,0,0.0,2
Justin Wright,Winnipeg Sea Bears,2024-2025,offense,Play types,Miss 2 Pts,5,To Basket,Isolation > Left > Drives Left > To Basket > Miss 2 Pts,Isolation,Left,Drives Left,To Basket,Miss 2 Pts,,1,50.0,0.0,0.0,0.0,0.0,0,,,,0.0,,1,0.0,0.0,,,0,1,,1.0,0.0,0.0,1,0,1,0.0,0,0,0.0,0
Justin Wright,Winnipeg Sea Bears,2024-2025,offense,Play types,Make 2 Pts,5,To Basket,Isolation > Left > Drives Left > To Basket > Make 2 Pts,Isolation,Left,Drives Left,To Basket,Make 2 Pts,,1,50.0,2.0,100.0,0.0,0.0,0,,,,100.0,,1,100.0,0.0,,,1,0,,1.0,0.0,100.0,1,1,0,100.0,0,0,0.0,2
Justin Wright,Winnipeg Sea Bears,2024-2025,offense,Play types,Drives Right,3,Left,Isolation > Left > Drives Right,Isolation,Left,Drives Right,,,,3,27.3,1.333,69.4,0.0,33.3,0,,,,50.0,,2,50.0,33.3,,,1,1,,2.9,1.0,66.7,2,1,1,50.0,0,0,0.0,4
Justin Wright,Winnipeg Sea Bears,2024-2025,offense,Play types,Dribble Jumper,4,Drives Right,Isolation > Left > Drives Right > Dribble Jumper,Isolation,Left,Drives Right,Dribble Jumper,,,2,66.7,1.0,50.0,0.0,0.0,0,,,,50.0,,2,50.0,0.0,,,1,1,,2.0,0.0,50.0,2,1,1,50.0,0,0,0.0,2
Justin Wright,Winnipeg Sea Bears,2024-2025,offense,Play types,Short to < 17,5,Dribble Jumper,Isolation > Left > Drives Right > Dribble Jumper > Short to < 17,Isolation,Left,Drives Right,Dribble Jumper,Short to < 17,,1,50.0,0.0,0.0,0.0,0.0,0,,,,0.0,,1,0.0,0.0,,,0,1,,1.0,0.0,0.0,1,0,1,0.0,0,0,0.0,0
Justin Wright,Winnipeg Sea Bears,2024-2025,offense,Play types,Medium/17' to 3pt,5,Dribble Jumper,Isolation > Left > Drives Right > Dribble Jumper > Medium/17' to 3pt,Isolation,Left,Drives Right,Dribble Jumper,Medium/17' to 3pt,,1,50.0,2.0,100.0,0.0,0.0,0,,,,100.0,,1,100.0,0.0,,,1,0,,1.0,0.0,100.0,1,1,0,100.0,0,0,0.0,2
Justin Wright,Winnipeg Sea Bears,2024-2025,offense,Play types,To Basket,4,Drives Right,Isolation > Left > Drives Right > To Basket,Isolation,Left,Drives Right,To Basket,,,1,33.3,2.0,113.6,0.0,100.0,0,,,,,,0,,100.0,,,0,0,,0.9,,100.0,0,0,0,,0,0,,2
Justin Wright,Winnipeg Sea Bears,2024-2025,offense,Play types,Foul,5,To Basket,Isolation > Left > Drives Right > To Basket > Foul,Isolation,Left,Drives Right,To Basket,Foul,,1,100.0,2.0,113.6,0.0,100.0,0,,,,,,0,,100.0,,,0,0,,0.9,,100.0,0,0,0,,0,0,,2
Justin Wright,Winnipeg Sea Bears,2024-2025,offense,Play types,Early Jumper,3,Left,Isolation > Left > Early Jumper,Isolation,Left,Early Jumper,,,,3,27.3,1.0,50.0,0.0,0.0,3,33.3,,,33.3,,3,50.0,0.0,,,1,2,,3.0,0.0,33.3,0,0,0,,1,2,1.0,3
Justin Wright,Winnipeg Sea Bears,2024-2025,offense,Play types,Dribble Jumper,4,Early Jumper,Isolation > Left > Early Jumper > Dribble Jumper,Isolation,Left,Early Jumper,Dribble Jumper,,,3,100.0,1.0,50.0,0.0,0.0,3,33.3,,,33.3,,3,50.0,0.0,,,1,2,,3.0,0.0,33.3,0,0,0,,1,2,1.0,3
Justin Wright,Winnipeg Sea Bears,2024-2025,offense,Play types,Long/3pt,5,Dribble Jumper,Isolation > Left > Early Jumper > Dribble Jumper > Long/3pt,Isolation,Left,Early Jumper,Dribble Jumper,Long/3pt,,3,100.0,1.0,50.0,0.0,0.0,3,33.3,,,33.3,,3,50.0,0.0,,,1,2,,3.0,0.0,33.3,0,0,0,,1,2,1.0,3
Justin Wright,Winnipeg Sea Bears,2024-2025,offense,Play types,Transition,1,,Transition,Transition,,,,,,45,11.5,1.089,68.4,20.0,24.4,5,40.0,Good,56.0,59.3,4.0,27,63.0,20.0,,,16,11,,35.8,0.74,53.3,22,14,8,63.6,2,3,0.19,49
Justin Wright,Winnipeg Sea Bears,2024-2025,offense,Play types,Ballhandler,2,Transition,Transition > Ballhandler,Transition,Ballhandler,,,,,40,88.9,1.175,73.9,20.0,27.5,4,50.0,,,65.2,,23,69.6,22.5,,,15,8,,31.8,0.87,57.5,19,13,6,68.4,2,2,0.17,47
Justin Wright,Winnipeg Sea Bears,2024-2025,offense,Play types,To Basket,3,Ballhandler,Transition > Ballhandler > To Basket,Transition,Ballhandler,To Basket,,,,26,65.0,1.346,72.4,7.7,30.8,0,,,,72.2,,18,72.2,30.8,,,13,5,,24.2,0.78,69.2,18,13,5,72.2,0,0,0.0,35
Justin Wright,Winnipeg Sea Bears,2024-2025,offense,Play types,Make 2 Pts,4,To Basket,Transition > Ballhandler > To Basket > Make 2 Pts,Transition,Ballhandler,To Basket,Make 2 Pts,,,11,42.3,2.0,100.0,0.0,0.0,0,,,,100.0,,11,100.0,0.0,,,11,0,,11.0,0.0,100.0,11,11,0,100.0,0,0,0.0,22
Justin Wright,Winnipeg Sea Bears,2024-2025,offense,Play types,Foul,4,To Basket,Transition > Ballhandler > To Basket > Foul,Transition,Ballhandler,To Basket,Foul,,,6,23.1,1.167,66.3,0.0,100.0,0,,,,,,0,,100.0,,,0,0,,5.3,,83.3,0,0,0,,0,0,,7
Justin Wright,Winnipeg Sea Bears,2024-2025,offense,Play types,Miss 2 Pts,4,To Basket,Transition > Ballhandler > To Basket > Miss 2 Pts,Transition,Ballhandler,To Basket,Miss 2 Pts,,,5,19.2,0.0,0.0,0.0,0.0,0,,,,0.0,,5,0.0,0.0,,,0,5,,5.0,0.0,0.0,5,0,5,0.0,0,0,0.0,0
Justin Wright,Winnipeg Sea Bears,2024-2025,offense,Play types,Turnover,4,To Basket,Transition > Ballhandler > To Basket > Turnover,Transition,Ballhandler,To Basket,Turnover,,,2,7.7,0.0,,100.0,0.0,0,,,,,,0,,0.0,,,0,0,,0.0,,0.0,0,0,0,,0,0,,0
Justin Wright,Winnipeg Sea Bears,2024-2025,offense,Play types,Make 2 Pts Foul,4,To Basket,Transition > Ballhandler > To Basket > Make 2 Pts Foul,Transition,Ballhandler,To Basket,Make 2 Pts Foul,,,2,7.7,3.0,104.2,0.0,100.0,0,,,,100.0,,2,100.0,100.0,,,2,0,,2.9,1.0,100.0,2,2,0,100.0,0,0,0.0,6
Justin Wright,Winnipeg Sea Bears,2024-2025,offense,Play types,1 Pts,5,Make 2 Pts Foul,Transition > Ballhandler > To Basket > Make 2 Pts Foul > 1 Pts,Transition,Ballhandler,To Basket,Make 2 Pts Foul,1 Pts,,2,100.0,3.0,104.2,0.0,100.0,0,,,,100.0,,2,100.0,100.0,,,2,0,,2.9,1.0,100.0,2,2,0,100.0,0,0,0.0,6
Justin Wright,Winnipeg Sea Bears,2024-2025,offense,Play types,Dribble Jumper,3,Ballhandler,Transition > Ballhandler > Dribble Jumper,Transition,Ballhandler,Dribble Jumper,,,,6,15.0,1.333,68.0,0.0,16.7,4,50.0,,,40.0,,5,60.0,16.7,,,2,3,,5.9,0.4,50.0,1,0,1,0.0,2,2,0.8,8
Justin Wright,Winnipeg Sea Bears,2024-2025,offense,Play types,Long/3pt,4,Dribble Jumper,Transition > Ballhandler > Dribble Jumper > Long/3pt,Transition,Ballhandler,Dribble Jumper,Long/3pt,,,4,66.7,1.5,75.0,0.0,0.0,4,50.0,,,50.0,,4,75.0,0.0,,,2,2,,4.0,0.0,50.0,0,0,0,,2,2,1.0,6
Justin Wright,Winnipeg Sea Bears,2024-2025,offense,Play types,Make 3 Pts,5,Long/3pt,Transition > Ballhandler > Dribble Jumper > Long/3pt > Make 3 Pts,Transition,Ballhandler,Dribble Jumper,Long/3pt,Make 3 Pts,,2,50.0,3.0,150.0,0.0,0.0,2,100.0,,,100.0,,2,150.0,0.0,,,2,0,,2.0,0.0,100.0,0,0,0,,2,0,1.0,6
Justin Wright,Winnipeg Sea Bears,2024-2025,offense,Play types,Miss 3 Pts,5,Long/3pt,Transition > Ballhandler > Dribble Jumper > Long/3pt > Miss 3 Pts,Transition,Ballhandler,Dribble Jumper,Long/3pt,Miss 3 Pts,,2,50.0,0.0,0.0,0.0,0.0,2,0.0,,,0.0,,2,0.0,0.0,,,0,2,,2.0,0.0,0.0,0,0,0,,0,2,1.0,0
Justin Wright,Winnipeg Sea Bears,2024-2025,offense,Play types,Short to < 17,4,Dribble Jumper,Transition > Ballhandler > Dribble Jumper > Short to < 17,Transition,Ballhandler,Dribble Jumper,Short to < 17,,,2,33.3,1.0,53.2,0.0,50.0,0,,,,0.0,,1,0.0,50.0,,,0,1,,1.9,2.0,50.0,1,0,1,0.0,0,0,0.0,2
Justin Wright,Winnipeg Sea Bears,2024-2025,offense,Play types,Miss 2 Pts,5,Short to < 17,Transition > Ballhandler > Dribble Jumper > Short to < 17 > Miss 2 Pts,Transition,Ballhandler,Dribble Jumper,Short to < 17,Miss 2 Pts,,1,50.0,0.0,0.0,0.0,0.0,0,,,,0.0,,1,0.0,0.0,,,0,1,,1.0,0.0,0.0,1,0,1,0.0,0,0,0.0,0
Justin Wright,Winnipeg Sea Bears,2024-2025,offense,Play types,Foul,5,Short to < 17,Transition > Ballhandler > Dribble Jumper > Short to < 17 > Foul,Transition,Ballhandler,Dribble Jumper,Short to < 17,Foul,,1,50.0,2.0,113.6,0.0,100.0,0,,,,,,0,,100.0,,,0,0,,0.9,,100.0,0,0,0,,0,0,,2
Justin Wright,Winnipeg Sea Bears,2024-2025,offense,Play types,Turnover,3,Ballhandler,Transition > Ballhandler > Turnover,Transition,Ballhandler,Turnover,,,,6,15.0,0.0,,100.0,0.0,0,,,,,,0,,0.0,,,0,0,,0.0,,0.0,0,0,0,,0,0,,0
Justin Wright,Winnipeg Sea Bears,2024-2025,offense,Play types,Foul,3,Ballhandler,Transition > Ballhandler > Foul,Transition,Ballhandler,Foul,,,,2,5.0,2.0,113.6,0.0,100.0,0,,,,,,0,,0.0,,,0,0,,1.8,,100.0,0,0,0,,0,0,,4
Justin Wright,Winnipeg Sea Bears,2024-2025,offense,Play types,Right Wing,2,Transition,Transition > Right Wing,Transition,Right Wing,,,,,4,8.9,0.5,25.0,0.0,0.0,1,0.0,,,25.0,,4,25.0,0.0,,,1,3,,4.0,0.0,25.0,3,1,2,33.3,0,1,0.25,2
Justin Wright,Winnipeg Sea Bears,2024-2025,offense,Play types,To Basket,3,Right Wing,Transition > Right Wing > To Basket,Transition,Right Wing,To Basket,,,,2,50.0,0.0,0.0,0.0,0.0,0,,,,0.0,,2,0.0,0.0,,,0,2,,2.0,0.0,0.0,2,0,2,0.0,0,0,0.0,0
Justin Wright,Winnipeg Sea Bears,2024-2025,offense,Play types,Miss 2 Pts,4,To Basket,Transition > Right Wing > To Basket > Miss 2 Pts,Transition,Right Wing,To Basket,Miss 2 Pts,,,2,100.0,0.0,0.0,0.0,0.0,0,,,,0.0,,2,0.0,0.0,,,0,2,,2.0,0.0,0.0,2,0,2,0.0,0,0,0.0,0
Justin Wright,Winnipeg Sea Bears,2024-2025,offense,Play types,Dribble Jumper,3,Right Wing,Transition > Right Wing > Dribble Jumper,Transition,Right Wing,Dribble Jumper,,,,1,25.0,2.0,100.0,0.0,0.0,0,,,,100.0,,1,100.0,0.0,,,1,0,,1.0,0.0,100.0,1,1,0,100.0,0,0,0.0,2
Justin Wright,Winnipeg Sea Bears,2024-2025,offense,Play types,Short to < 17,4,Dribble Jumper,Transition > Right Wing > Dribble Jumper > Short to < 17,Transition,Right Wing,Dribble Jumper,Short to < 17,,,1,100.0,2.0,100.0,0.0,0.0,0,,,,100.0,,1,100.0,0.0,,,1,0,,1.0,0.0,100.0,1,1,0,100.0,0,0,0.0,2
Justin Wright,Winnipeg Sea Bears,2024-2025,offense,Play types,Make 2 Pts,5,Short to < 17,Transition > Right Wing > Dribble Jumper > Short to < 17 > Make 2 Pts,Transition,Right Wing,Dribble Jumper,Short to < 17,Make 2 Pts,,1,100.0,2.0,100.0,0.0,0.0,0,,,,100.0,,1,100.0,0.0,,,1,0,,1.0,0.0,100.0,1,1,0,100.0,0,0,0.0,2
Justin Wright,Winnipeg Sea Bears,2024-2025,offense,Play types,No Dribble Jumper,3,Right Wing,Transition > Right Wing > No Dribble Jumper,Transition,Right Wing,No Dribble Jumper,,,,1,25.0,0.0,0.0,0.0,0.0,1,0.0,,,0.0,,1,0.0,0.0,,,0,1,,1.0,0.0,0.0,0,0,0,,0,1,1.0,0
Justin Wright,Winnipeg Sea Bears,2024-2025,offense,Play types,Open,4,No Dribble Jumper,Transition > Right Wing > No Dribble Jumper > Open,Transition,Right Wing,No Dribble Jumper,Open,,,1,100.0,0.0,0.0,0.0,0.0,1,0.0,,,0.0,,1,0.0,0.0,,,0,1,,1.0,0.0,0.0,0,0,0,,0,1,1.0,0
Justin Wright,Winnipeg Sea Bears,2024-2025,offense,Play types,Long/3pt,5,Open,Transition > Right Wing > No Dribble Jumper > Open > Long/3pt,Transition,Right Wing,No Dribble Jumper,Open,Long/3pt,,1,100.0,0.0,0.0,0.0,0.0,1,0.0,,,0.0,,1,0.0,0.0,,,0,1,,1.0,0.0,0.0,0,0,0,,0,1,1.0,0
Justin Wright,Winnipeg Sea Bears,2024-2025,offense,Play types,Left Wing,2,Transition,Transition > Left Wing,Transition,Left Wing,,,,,1,2.2,0.0,,100.0,0.0,0,,,,,,0,,0.0,,,0,0,,0.0,,0.0,0,0,0,,0,0,,0
Justin Wright,Winnipeg Sea Bears,2024-2025,offense,Play types,Turnover,3,Left Wing,Transition > Left Wing > Turnover,Transition,Left Wing,Turnover,,,,1,100.0,0.0,,100.0,0.0,0,,,,,,0,,0.0,,,0,0,,0.0,,0.0,0,0,0,,0,0,,0
Justin Wright,Winnipeg Sea Bears,2024-2025,offense,Play types,Spot Up,1,,Spot Up,Spot Up,,,,,,35,8.9,1.029,53.8,5.7,2.9,23,39.1,Good,57.0,39.4,4.0,33,53.0,2.9,,,13,20,,33.4,0.03,37.1,10,4,6,40.0,9,14,0.7,36
Justin Wright,Winnipeg Sea Bears,2024-2025,offense,Play types,No Dribble Jumper,2,Spot Up,Spot Up > No Dribble Jumper,Spot Up,No Dribble Jumper,,,,,16,45.7,1.125,54.7,0.0,6.3,15,33.3,,,37.5,,16,53.1,6.3,,,6,10,,16.4,0.06,37.5,1,1,0,100.0,5,10,0.94,18
Justin Wright,Winnipeg Sea Bears,2024-2025,offense,Play types,Guarded,3,No Dribble Jumper,Spot Up > No Dribble Jumper > Guarded,Spot Up,No Dribble Jumper,Guarded,,,,10,62.5,0.7,33.5,0.0,10.0,10,20.0,,,20.0,,10,30.0,10.0,,,2,8,,10.4,0.1,20.0,0,0,0,,2,8,1.0,7
Justin Wright,Winnipeg Sea Bears,2024-2025,offense,Play types,Long/3pt,4,Guarded,Spot Up > No Dribble Jumper > Guarded > Long/3pt,Spot Up,No Dribble Jumper,Guarded,Long/3pt,,,10,100.0,0.7,33.5,0.0,10.0,10,20.0,,,20.0,,10,30.0,10.0,,,2,8,,10.4,0.1,20.0,0,0,0,,2,8,1.0,7
Justin Wright,Winnipeg Sea Bears,2024-2025,offense,Play types,Miss 3 Pts,5,Long/3pt,Spot Up > No Dribble Jumper > Guarded > Long/3pt > Miss 3 Pts,Spot Up,No Dribble Jumper,Guarded,Long/3pt,Miss 3 Pts,,8,80.0,0.0,0.0,0.0,0.0,8,0.0,,,0.0,,8,0.0,0.0,,,0,8,,8.0,0.0,0.0,0,0,0,,0,8,1.0,0
Justin Wright,Winnipeg Sea Bears,2024-2025,offense,Play types,Make 3 Pts,5,Long/3pt,Spot Up > No Dribble Jumper > Guarded > Long/3pt > Make 3 Pts,Spot Up,No Dribble Jumper,Guarded,Long/3pt,Make 3 Pts,,1,10.0,3.0,150.0,0.0,0.0,1,100.0,,,100.0,,1,150.0,0.0,,,1,0,,1.0,0.0,100.0,0,0,0,,1,0,1.0,3
Justin Wright,Winnipeg Sea Bears,2024-2025,offense,Play types,Make 3 Pts Foul,5,Long/3pt,Spot Up > No Dribble Jumper > Guarded > Long/3pt > Make 3 Pts Foul,Spot Up,No Dribble Jumper,Guarded,Long/3pt,Make 3 Pts Foul,,1,10.0,4.0,138.9,0.0,100.0,1,100.0,,,100.0,,1,150.0,100.0,,,1,0,,1.4,1.0,100.0,0,0,0,,1,0,1.0,4
Justin Wright,Winnipeg Sea Bears,2024-2025,offense,Play types,Open,3,No Dribble Jumper,Spot Up > No Dribble Jumper > Open,Spot Up,No Dribble Jumper,Open,,,,6,37.5,1.833,91.7,0.0,0.0,5,60.0,,,66.7,,6,91.7,0.0,,,4,2,,6.0,0.0,66.7,1,1,0,100.0,3,2,0.83,11
Justin Wright,Winnipeg Sea Bears,2024-2025,offense,Play types,Long/3pt,4,Open,Spot Up > No Dribble Jumper > Open > Long/3pt,Spot Up,No Dribble Jumper,Open,Long/3pt,,,5,83.3,1.8,90.0,0.0,0.0,5,60.0,,,60.0,,5,90.0,0.0,,,3,2,,5.0,0.0,60.0,0,0,0,,3,2,1.0,9
Justin Wright,Winnipeg Sea Bears,2024-2025,offense,Play types,Make 3 Pts,5,Long/3pt,Spot Up > No Dribble Jumper > Open > Long/3pt > Make 3 Pts,Spot Up,No Dribble Jumper,Open,Long/3pt,Make 3 Pts,,3,60.0,3.0,150.0,0.0,0.0,3,100.0,,,100.0,,3,150.0,0.0,,,3,0,,3.0,0.0,100.0,0,0,0,,3,0,1.0,9
Justin Wright,Winnipeg Sea Bears,2024-2025,offense,Play types,Miss 3 Pts,5,Long/3pt,Spot Up > No Dribble Jumper > Open > Long/3pt > Miss 3 Pts,Spot Up,No Dribble Jumper,Open,Long/3pt,Miss 3 Pts,,2,40.0,0.0,0.0,0.0,0.0,2,0.0,,,0.0,,2,0.0,0.0,,,0,2,,2.0,0.0,0.0,0,0,0,,0,2,1.0,0
Justin Wright,Winnipeg Sea Bears,2024-2025,offense,Play types,Medium/17' to 3pt,4,Open,Spot Up > No Dribble Jumper > Open > Medium/17' to 3pt,Spot Up,No Dribble Jumper,Open,Medium/17' to 3pt,,,1,16.7,2.0,100.0,0.0,0.0,0,,,,100.0,,1,100.0,0.0,,,1,0,,1.0,0.0,100.0,1,1,0,100.0,0,0,0.0,2
Justin Wright,Winnipeg Sea Bears,2024-2025,offense,Play types,Make 2 Pts,5,Medium/17' to 3pt,Spot Up > No Dribble Jumper > Open > Medium/17' to 3pt > Make 2 Pts,Spot Up,No Dribble Jumper,Open,Medium/17' to 3pt,Make 2 Pts,,1,100.0,2.0,100.0,0.0,0.0,0,,,,100.0,,1,100.0,0.0,,,1,0,,1.0,0.0,100.0,1,1,0,100.0,0,0,0.0,2
Justin Wright,Winnipeg Sea Bears,2024-2025,offense,Play types,Drives Left,2,Spot Up,Spot Up > Drives Left,Spot Up,Drives Left,,,,,9,25.7,1.0,50.0,0.0,0.0,1,100.0,,,44.4,,9,50.0,0.0,,,4,5,,9.0,0.0,44.4,8,3,5,37.5,1,0,0.11,9
Justin Wright,Winnipeg Sea Bears,2024-2025,offense,Play types,Dribble Jumper,3,Drives Left,Spot Up > Drives Left > Dribble Jumper,Spot Up,Drives Left,Dribble Jumper,,,,5,55.6,0.6,30.0,0.0,0.0,1,100.0,,,20.0,,5,30.0,0.0,,,1,4,,5.0,0.0,20.0,4,0,4,0.0,1,0,0.2,3
Justin Wright,Winnipeg Sea Bears,2024-2025,offense,Play types,Short to < 17,4,Dribble Jumper,Spot Up > Drives Left > Dribble Jumper > Short to < 17,Spot Up,Drives Left,Dribble Jumper,Short to < 17,,,3,60.0,0.0,0.0,0.0,0.0,0,,,,0.0,,3,0.0,0.0,,,0,3,,3.0,0.0,0.0,3,0,3,0.0,0,0,0.0,0
Justin Wright,Winnipeg Sea Bears,2024-2025,offense,Play types,Miss 2 Pts,5,Short to < 17,Spot Up > Drives Left > Dribble Jumper > Short to < 17 > Miss 2 Pts,Spot Up,Drives Left,Dribble Jumper,Short to < 17,Miss 2 Pts,,3,100.0,0.0,0.0,0.0,0.0,0,,,,0.0,,3,0.0,0.0,,,0,3,,3.0,0.0,0.0,3,0,3,0.0,0,0,0.0,0
Justin Wright,Winnipeg Sea Bears,2024-2025,offense,Play types,Long/3pt,4,Dribble Jumper,Spot Up > Drives Left > Dribble Jumper > Long/3pt,Spot Up,Drives Left,Dribble Jumper,Long/3pt,,,1,20.0,3.0,150.0,0.0,0.0,1,100.0,,,100.0,,1,150.0,0.0,,,1,0,,1.0,0.0,100.0,0,0,0,,1,0,1.0,3
Justin Wright,Winnipeg Sea Bears,2024-2025,offense,Play types,Make 3 Pts,5,Long/3pt,Spot Up > Drives Left > Dribble Jumper > Long/3pt > Make 3 Pts,Spot Up,Drives Left,Dribble Jumper,Long/3pt,Make 3 Pts,,1,100.0,3.0,150.0,0.0,0.0,1,100.0,,,100.0,,1,150.0,0.0,,,1,0,,1.0,0.0,100.0,0,0,0,,1,0,1.0,3
Justin Wright,Winnipeg Sea Bears,2024-2025,offense,Play types,Medium/17' to 3pt,4,Dribble Jumper,Spot Up > Drives Left > Dribble Jumper > Medium/17' to 3pt,Spot Up,Drives Left,Dribble Jumper,Medium/17' to 3pt,,,1,20.0,0.0,0.0,0.0,0.0,0,,,,0.0,,1,0.0,0.0,,,0,1,,1.0,0.0,0.0,1,0,1,0.0,0,0,0.0,0
Justin Wright,Winnipeg Sea Bears,2024-2025,offense,Play types,Miss 2 Pts,5,Medium/17' to 3pt,Spot Up > Drives Left > Dribble Jumper > Medium/17' to 3pt > Miss 2 Pts,Spot Up,Drives Left,Dribble Jumper,Medium/17' to 3pt,Miss 2 Pts,,1,100.0,0.0,0.0,0.0,0.0,0,,,,0.0,,1,0.0,0.0,,,0,1,,1.0,0.0,0.0,1,0,1,0.0,0,0,0.0,0
Justin Wright,Winnipeg Sea Bears,2024-2025,offense,Play types,To Basket,3,Drives Left,Spot Up > Drives Left > To Basket,Spot Up,Drives Left,To Basket,,,,4,44.4,1.5,75.0,0.0,0.0,0,,,,75.0,,4,75.0,0.0,,,3,1,,4.0,0.0,75.0,4,3,1,75.0,0,0,0.0,6
Justin Wright,Winnipeg Sea Bears,2024-2025,offense,Play types,Make 2 Pts,4,To Basket,Spot Up > Drives Left > To Basket > Make 2 Pts,Spot Up,Drives Left,To Basket,Make 2 Pts,,,3,75.0,2.0,100.0,0.0,0.0,0,,,,100.0,,3,100.0,0.0,,,3,0,,3.0,0.0,100.0,3,3,0,100.0,0,0,0.0,6
Justin Wright,Winnipeg Sea Bears,2024-2025,offense,Play types,Miss 2 Pts,4,To Basket,Spot Up > Drives Left > To Basket > Miss 2 Pts,Spot Up,Drives Left,To Basket,Miss 2 Pts,,,1,25.0,0.0,0.0,0.0,0.0,0,,,,0.0,,1,0.0,0.0,,,0,1,,1.0,0.0,0.0,1,0,1,0.0,0,0,0.0,0
Justin Wright,Winnipeg Sea Bears,2024-2025,offense,Play types,Drives Right,2,Spot Up,Spot Up > Drives Right,Spot Up,Drives Right,,,,,6,17.1,1.0,75.0,33.3,0.0,3,66.7,,,50.0,,4,75.0,0.0,,,2,2,,4.0,0.0,33.3,1,0,1,0.0,2,1,0.75,6
Justin Wright,Winnipeg Sea Bears,2024-2025,offense,Play types,Dribble Jumper,3,Drives Right,Spot Up > Drives Right > Dribble Jumper,Spot Up,Drives Right,Dribble Jumper,,,,4,66.7,1.5,75.0,0.0,0.0,3,66.7,,,50.0,,4,75.0,0.0,,,2,2,,4.0,0.0,50.0,1,0,1,0.0,2,1,0.75,6
Justin Wright,Winnipeg Sea Bears,2024-2025,offense,Play types,Long/3pt,4,Dribble Jumper,Spot Up > Drives Right > Dribble Jumper > Long/3pt,Spot Up,Drives Right,Dribble Jumper,Long/3pt,,,3,75.0,2.0,100.0,0.0,0.0,3,66.7,,,66.7,,3,100.0,0.0,,,2,1,,3.0,0.0,66.7,0,0,0,,2,1,1.0,6
Justin Wright,Winnipeg Sea Bears,2024-2025,offense,Play types,Make 3 Pts,5,Long/3pt,Spot Up > Drives Right > Dribble Jumper > Long/3pt > Make 3 Pts,Spot Up,Drives Right,Dribble Jumper,Long/3pt,Make 3 Pts,,2,66.7,3.0,150.0,0.0,0.0,2,100.0,,,100.0,,2,150.0,0.0,,,2,0,,2.0,0.0,100.0,0,0,0,,2,0,1.0,6
Justin Wright,Winnipeg Sea Bears,2024-2025,offense,Play types,Miss 3 Pts,5,Long/3pt,Spot Up > Drives Right > Dribble Jumper > Long/3pt > Miss 3 Pts,Spot Up,Drives Right,Dribble Jumper,Long/3pt,Miss 3 Pts,,1,33.3,0.0,0.0,0.0,0.0,1,0.0,,,0.0,,1,0.0,0.0,,,0,1,,1.0,0.0,0.0,0,0,0,,0,1,1.0,0
Justin Wright,Winnipeg Sea Bears,2024-2025,offense,Play types,Medium/17' to 3pt,4,Dribble Jumper,Spot Up > Drives Right > Dribble Jumper > Medium/17' to 3pt,Spot Up,Drives Right,Dribble Jumper,Medium/17' to 3pt,,,1,25.0,0.0,0.0,0.0,0.0,0,,,,0.0,,1,0.0,0.0,,,0,1,,1.0,0.0,0.0,1,0,1,0.0,0,0,0.0,0
Justin Wright,Winnipeg Sea Bears,2024-2025,offense,Play types,Miss 2 Pts,5,Medium/17' to 3pt,Spot Up > Drives Right > Dribble Jumper > Medium/17' to 3pt > Miss 2 Pts,Spot Up,Drives Right,Dribble Jumper,Medium/17' to 3pt,Miss 2 Pts,,1,100.0,0.0,0.0,0.0,0.0,0,,,,0.0,,1,0.0,0.0,,,0,1,,1.0,0.0,0.0,1,0,1,0.0,0,0,0.0,0
Justin Wright,Winnipeg Sea Bears,2024-2025,offense,Play types,Turnover,3,Drives Right,Spot Up > Drives Right > Turnover,Spot Up,Drives Right,Turnover,,,,2,33.3,0.0,,100.0,0.0,0,,,,,,0,,0.0,,,0,0,,0.0,,0.0,0,0,0,,0,0,,0
Justin Wright,Winnipeg Sea Bears,2024-2025,offense,Play types,Drives Straight,2,Spot Up,Spot Up > Drives Straight,Spot Up,Drives Straight,,,,,4,11.4,0.75,37.5,0.0,0.0,4,25.0,,,25.0,,4,37.5,0.0,,,1,3,,4.0,0.0,25.0,0,0,0,,1,3,1.0,3
Justin Wright,Winnipeg Sea Bears,2024-2025,offense,Play types,Dribble Jumper,3,Drives Straight,Spot Up > Drives Straight > Dribble Jumper,Spot Up,Drives Straight,Dribble Jumper,,,,4,100.0,0.75,37.5,0.0,0.0,4,25.0,,,25.0,,4,37.5,0.0,,,1,3,,4.0,0.0,25.0,0,0,0,,1,3,1.0,3
Justin Wright,Winnipeg Sea Bears,2024-2025,offense,Play types,Long/3pt,4,Dribble Jumper,Spot Up > Drives Straight > Dribble Jumper > Long/3pt,Spot Up,Drives Straight,Dribble Jumper,Long/3pt,,,4,100.0,0.75,37.5,0.0,0.0,4,25.0,,,25.0,,4,37.5,0.0,,,1,3,,4.0,0.0,25.0,0,0,0,,1,3,1.0,3
Justin Wright,Winnipeg Sea Bears,2024-2025,offense,Play types,Miss 3 Pts,5,Long/3pt,Spot Up > Drives Straight > Dribble Jumper > Long/3pt > Miss 3 Pts,Spot Up,Drives Straight,Dribble Jumper,Long/3pt,Miss 3 Pts,,3,75.0,0.0,0.0,0.0,0.0,3,0.0,,,0.0,,3,0.0,0.0,,,0,3,,3.0,0.0,0.0,0,0,0,,0,3,1.0,0
Justin Wright,Winnipeg Sea Bears,2024-2025,offense,Play types,Make 3 Pts,5,Long/3pt,Spot Up > Drives Straight > Dribble Jumper > Long/3pt > Make 3 Pts,Spot Up,Drives Straight,Dribble Jumper,Long/3pt,Make 3 Pts,,1,25.0,3.0,150.0,0.0,0.0,1,100.0,,,100.0,,1,150.0,0.0,,,1,0,,1.0,0.0,100.0,0,0,0,,1,0,1.0,3
Justin Wright,Winnipeg Sea Bears,2024-2025,offense,Play types,Handoffs,1,,Handoffs,Handoffs,,,,,,25,6.4,1.0,56.9,8.0,20.0,5,40.0,Very Good,75.0,38.9,47.0,18,44.4,16.0,,,7,11,,22.0,0.5,48.0,13,5,8,38.5,2,3,0.28,25
Justin Wright,Winnipeg Sea Bears,2024-2025,offense,Play types,From Stationary,2,Handoffs,Handoffs > From Stationary,Handoffs,From Stationary,,,,,14,56.0,0.786,46.8,14.3,14.3,2,50.0,,,30.0,,10,35.0,14.3,,,3,7,,11.8,0.4,35.7,8,2,6,25.0,1,1,0.2,11
Justin Wright,Winnipeg Sea Bears,2024-2025,offense,Play types,Top,3,From Stationary,Handoffs > From Stationary > Top,Handoffs,From Stationary,Top,,,,8,57.1,1.125,58.0,0.0,25.0,2,50.0,,,33.3,,6,41.7,25.0,,,2,4,,7.8,0.67,50.0,4,1,3,25.0,1,1,0.33,9
Justin Wright,Winnipeg Sea Bears,2024-2025,offense,Play types,Dribble Jumper,4,Top,Handoffs > From Stationary > Top > Dribble Jumper,Handoffs,From Stationary,Top,Dribble Jumper,,,4,50.0,0.75,37.5,0.0,0.0,2,50.0,,,25.0,,4,37.5,0.0,,,1,3,,4.0,0.0,25.0,2,0,2,0.0,1,1,0.5,3
Justin Wright,Winnipeg Sea Bears,2024-2025,offense,Play types,Medium/17' to 3pt,5,Dribble Jumper,Handoffs > From Stationary > Top > Dribble Jumper > Medium/17' to 3pt,Handoffs,From Stationary,Top,Dribble Jumper,Medium/17' to 3pt,,2,50.0,0.0,0.0,0.0,0.0,0,,,,0.0,,2,0.0,0.0,,,0,2,,2.0,0.0,0.0,2,0,2,0.0,0,0,0.0,0
Justin Wright,Winnipeg Sea Bears,2024-2025,offense,Play types,Long/3pt,5,Dribble Jumper,Handoffs > From Stationary > Top > Dribble Jumper > Long/3pt,Handoffs,From Stationary,Top,Dribble Jumper,Long/3pt,,2,50.0,1.5,75.0,0.0,0.0,2,50.0,,,50.0,,2,75.0,0.0,,,1,1,,2.0,0.0,50.0,0,0,0,,1,1,1.0,3
Justin Wright,Winnipeg Sea Bears,2024-2025,offense,Play types,To Basket,4,Top,Handoffs > From Stationary > Top > To Basket,Handoffs,From Stationary,Top,To Basket,,,4,50.0,1.5,79.8,0.0,50.0,0,,,,50.0,,2,50.0,50.0,,,1,1,,3.8,2.0,75.0,2,1,1,50.0,0,0,0.0,6
Justin Wright,Winnipeg Sea Bears,2024-2025,offense,Play types,Foul,5,To Basket,Handoffs > From Stationary > Top > To Basket > Foul,Handoffs,From Stationary,Top,To Basket,Foul,,2,50.0,2.0,113.6,0.0,100.0,0,,,,,,0,,100.0,,,0,0,,1.8,,100.0,0,0,0,,0,0,,4
Justin Wright,Winnipeg Sea Bears,2024-2025,offense,Play types,Miss 2 Pts,5,To Basket,Handoffs > From Stationary > Top > To Basket > Miss 2 Pts,Handoffs,From Stationary,Top,To Basket,Miss 2 Pts,,1,25.0,0.0,0.0,0.0,0.0,0,,,,0.0,,1,0.0,0.0,,,0,1,,1.0,0.0,0.0,1,0,1,0.0,0,0,0.0,0
Justin Wright,Winnipeg Sea Bears,2024-2025,offense,Play types,Make 2 Pts,5,To Basket,Handoffs > From Stationary > Top > To Basket > Make 2 Pts,Handoffs,From Stationary,Top,To Basket,Make 2 Pts,,1,25.0,2.0,100.0,0.0,0.0,0,,,,100.0,,1,100.0,0.0,,,1,0,,1.0,0.0,100.0,1,1,0,100.0,0,0,0.0,2
Justin Wright,Winnipeg Sea Bears,2024-2025,offense,Play types,Left,3,From Stationary,Handoffs > From Stationary > Left,Handoffs,From Stationary,Left,,,,3,21.4,0.667,50.0,33.3,0.0,0,,,,50.0,,2,50.0,0.0,,,1,1,,2.0,0.0,33.3,2,1,1,50.0,0,0,0.0,2
Justin Wright,Winnipeg Sea Bears,2024-2025,offense,Play types,Dribble Jumper,4,Left,Handoffs > From Stationary > Left > Dribble Jumper,Handoffs,From Stationary,Left,Dribble Jumper,,,1,33.3,0.0,0.0,0.0,0.0,0,,,,0.0,,1,0.0,0.0,,,0,1,,1.0,0.0,0.0,1,0,1,0.0,0,0,0.0,0
Justin Wright,Winnipeg Sea Bears,2024-2025,offense,Play types,Medium/17' to 3pt,5,Dribble Jumper,Handoffs > From Stationary > Left > Dribble Jumper > Medium/17' to 3pt,Handoffs,From Stationary,Left,Dribble Jumper,Medium/17' to 3pt,,1,100.0,0.0,0.0,0.0,0.0,0,,,,0.0,,1,0.0,0.0,,,0,1,,1.0,0.0,0.0,1,0,1,0.0,0,0,0.0,0
Justin Wright,Winnipeg Sea Bears,2024-2025,offense,Play types,Turnover,4,Left,Handoffs > From Stationary > Left > Turnover,Handoffs,From Stationary,Left,Turnover,,,1,33.3,0.0,,100.0,0.0,0,,,,,,0,,0.0,,,0,0,,0.0,,0.0,0,0,0,,0,0,,0
Justin Wright,Winnipeg Sea Bears,2024-2025,offense,Play types,To Basket,4,Left,Handoffs > From Stationary > Left > To Basket,Handoffs,From Stationary,Left,To Basket,,,1,33.3,2.0,100.0,0.0,0.0,0,,,,100.0,,1,100.0,0.0,,,1,0,,1.0,0.0,100.0,1,1,0,100.0,0,0,0.0,2
Justin Wright,Winnipeg Sea Bears,2024-2025,offense,Play types,Make 2 Pts,5,To Basket,Handoffs > From Stationary > Left > To Basket > Make 2 Pts,Handoffs,From Stationary,Left,To Basket,Make 2 Pts,,1,100.0,2.0,100.0,0.0,0.0,0,,,,100.0,,1,100.0,0.0,,,1,0,,1.0,0.0,100.0,1,1,0,100.0,0,0,0.0,2
Justin Wright,Winnipeg Sea Bears,2024-2025,offense,Play types,Right,3,From Stationary,Handoffs > From Stationary > Right,Handoffs,From Stationary,Right,,,,3,21.4,0.0,0.0,33.3,0.0,0,,,,0.0,,2,0.0,0.0,,,0,2,,2.0,0.0,0.0,2,0,2,0.0,0,0,0.0,0
Justin Wright,Winnipeg Sea Bears,2024-2025,offense,Play types,To Basket,4,Right,Handoffs > From Stationary > Right > To Basket,Handoffs,From Stationary,Right,To Basket,,,2,66.7,0.0,0.0,0.0,0.0,0,,,,0.0,,2,0.0,0.0,,,0,2,,2.0,0.0,0.0,2,0,2,0.0,0,0,0.0,0
Justin Wright,Winnipeg Sea Bears,2024-2025,offense,Play types,Miss 2 Pts,5,To Basket,Handoffs > From Stationary > Right > To Basket > Miss 2 Pts,Handoffs,From Stationary,Right,To Basket,Miss 2 Pts,,2,100.0,0.0,0.0,0.0,0.0,0,,,,0.0,,2,0.0,0.0,,,0,2,,2.0,0.0,0.0,2,0,2,0.0,0,0,0.0,0
Justin Wright,Winnipeg Sea Bears,2024-2025,offense,Play types,Turnover,4,Right,Handoffs > From Stationary > Right > Turnover,Handoffs,From Stationary,Right,Turnover,,,1,33.3,0.0,,100.0,0.0,0,,,,,,0,,0.0,,,0,0,,0.0,,0.0,0,0,0,,0,0,,0
Justin Wright,Winnipeg Sea Bears,2024-2025,offense,Play types,From Dribble,2,Handoffs,Handoffs > From Dribble,Handoffs,From Dribble,,,,,11,44.0,1.273,68.6,0.0,27.3,3,33.3,,,50.0,,8,56.3,18.2,,,4,4,,10.2,0.63,63.6,5,3,2,60.0,1,2,0.38,14
Justin Wright,Winnipeg Sea Bears,2024-2025,offense,Play types,Top,3,From Dribble,Handoffs > From Dribble > Top,Handoffs,From Dribble,Top,,,,7,63.6,1.0,55.4,0.0,28.6,2,0.0,,,40.0,,5,40.0,14.3,,,2,3,,6.3,0.6,57.1,3,2,1,66.7,0,2,0.4,7
Justin Wright,Winnipeg Sea Bears,2024-2025,offense,Play types,Dribble Jumper,4,Top,Handoffs > From Dribble > Top > Dribble Jumper,Handoffs,From Dribble,Top,Dribble Jumper,,,5,71.4,0.8,40.0,0.0,0.0,2,0.0,,,40.0,,5,40.0,0.0,,,2,3,,5.0,0.0,40.0,3,2,1,66.7,0,2,0.4,4
Justin Wright,Winnipeg Sea Bears,2024-2025,offense,Play types,Long/3pt,5,Dribble Jumper,Handoffs > From Dribble > Top > Dribble Jumper > Long/3pt,Handoffs,From Dribble,Top,Dribble Jumper,Long/3pt,,2,40.0,0.0,0.0,0.0,0.0,2,0.0,,,0.0,,2,0.0,0.0,,,0,2,,2.0,0.0,0.0,0,0,0,,0,2,1.0,0
Justin Wright,Winnipeg Sea Bears,2024-2025,offense,Play types,Medium/17' to 3pt,5,Dribble Jumper,Handoffs > From Dribble > Top > Dribble Jumper > Medium/17' to 3pt,Handoffs,From Dribble,Top,Dribble Jumper,Medium/17' to 3pt,,2,40.0,1.0,50.0,0.0,0.0,0,,,,50.0,,2,50.0,0.0,,,1,1,,2.0,0.0,50.0,2,1,1,50.0,0,0,0.0,2
Justin Wright,Winnipeg Sea Bears,2024-2025,offense,Play types,Short to < 17,5,Dribble Jumper,Handoffs > From Dribble > Top > Dribble Jumper > Short to < 17,Handoffs,From Dribble,Top,Dribble Jumper,Short to < 17,,1,20.0,2.0,100.0,0.0,0.0,0,,,,100.0,,1,100.0,0.0,,,1,0,,1.0,0.0,100.0,1,1,0,100.0,0,0,0.0,2
Justin Wright,Winnipeg Sea Bears,2024-2025,offense,Play types,To Basket,4,Top,Handoffs > From Dribble > Top > To Basket,Handoffs,From Dribble,Top,To Basket,,,1,14.3,1.0,113.6,0.0,100.0,0,,,,,,0,,100.0,,,0,0,,0.4,,100.0,0,0,0,,0,0,,1
Justin Wright,Winnipeg Sea Bears,2024-2025,offense,Play types,Foul,5,To Basket,Handoffs > From Dribble > Top > To Basket > Foul,Handoffs,From Dribble,Top,To Basket,Foul,,1,100.0,1.0,113.6,0.0,100.0,0,,,,,,0,,100.0,,,0,0,,0.4,,100.0,0,0,0,,0,0,,1
Justin Wright,Winnipeg Sea Bears,2024-2025,offense,Play types,Foul,4,Top,Handoffs > From Dribble > Top > Foul,Handoffs,From Dribble,Top,Foul,,,1,14.3,2.0,113.6,0.0,100.0,0,,,,,,0,,0.0,,,0,0,,0.9,,100.0,0,0,0,,0,0,,2
Justin Wright,Winnipeg Sea Bears,2024-2025,offense,Play types,Left,3,From Dribble,Handoffs > From Dribble > Left,Handoffs,From Dribble,Left,,,,2,18.2,1.5,75.0,0.0,0.0,1,100.0,,,50.0,,2,75.0,0.0,,,1,1,,2.0,0.0,50.0,1,0,1,0.0,1,0,0.5,3
Justin Wright,Winnipeg Sea Bears,2024-2025,offense,Play types,To Basket,4,Left,Handoffs > From Dribble > Left > To Basket,Handoffs,From Dribble,Left,To Basket,,,1,50.0,0.0,0.0,0.0,0.0,0,,,,0.0,,1,0.0,0.0,,,0,1,,1.0,0.0,0.0,1,0,1,0.0,0,0,0.0,0
Justin Wright,Winnipeg Sea Bears,2024-2025,offense,Play types,Miss 2 Pts,5,To Basket,Handoffs > From Dribble > Left > To Basket > Miss 2 Pts,Handoffs,From Dribble,Left,To Basket,Miss 2 Pts,,1,100.0,0.0,0.0,0.0,0.0,0,,,,0.0,,1,0.0,0.0,,,0,1,,1.0,0.0,0.0,1,0,1,0.0,0,0,0.0,0
Justin Wright,Winnipeg Sea Bears,2024-2025,offense,Play types,Dribble Jumper,4,Left,Handoffs > From Dribble > Left > Dribble Jumper,Handoffs,From Dribble,Left,Dribble Jumper,,,1,50.0,3.0,150.0,0.0,0.0,1,100.0,,,100.0,,1,150.0,0.0,,,1,0,,1.0,0.0,100.0,0,0,0,,1,0,1.0,3
Justin Wright,Winnipeg Sea Bears,2024-2025,offense,Play types,Long/3pt,5,Dribble Jumper,Handoffs > From Dribble > Left > Dribble Jumper > Long/3pt,Handoffs,From Dribble,Left,Dribble Jumper,Long/3pt,,1,100.0,3.0,150.0,0.0,0.0,1,100.0,,,100.0,,1,150.0,0.0,,,1,0,,1.0,0.0,100.0,0,0,0,,1,0,1.0,3
Justin Wright,Winnipeg Sea Bears,2024-2025,offense,Play types,Right,3,From Dribble,Handoffs > From Dribble > Right,Handoffs,From Dribble,Right,,,,2,18.2,2.0,106.4,0.0,50.0,0,,,,100.0,,1,100.0,50.0,,,1,0,,1.9,2.0,100.0,1,1,0,100.0,0,0,0.0,4
Justin Wright,Winnipeg Sea Bears,2024-2025,offense,Play types,To Basket,4,Right,Handoffs > From Dribble > Right > To Basket,Handoffs,From Dribble,Right,To Basket,,,1,50.0,2.0,113.6,0.0,100.0,0,,,,,,0,,100.0,,,0,0,,0.9,,100.0,0,0,0,,0,0,,2
Justin Wright,Winnipeg Sea Bears,2024-2025,offense,Play types,Foul,5,To Basket,Handoffs > From Dribble > Right > To Basket > Foul,Handoffs,From Dribble,Right,To Basket,Foul,,1,100.0,2.0,113.6,0.0,100.0,0,,,,,,0,,100.0,,,0,0,,0.9,,100.0,0,0,0,,0,0,,2
Justin Wright,Winnipeg Sea Bears,2024-2025,offense,Play types,Dribble Jumper,4,Right,Handoffs > From Dribble > Right > Dribble Jumper,Handoffs,From Dribble,Right,Dribble Jumper,,,1,50.0,2.0,100.0,0.0,0.0,0,,,,100.0,,1,100.0,0.0,,,1,0,,1.0,0.0,100.0,1,1,0,100.0,0,0,0.0,2
Justin Wright,Winnipeg Sea Bears,2024-2025,offense,Play types,Medium/17' to 3pt,5,Dribble Jumper,Handoffs > From Dribble > Right > Dribble Jumper > Medium/17' to 3pt,Handoffs,From Dribble,Right,Dribble Jumper,Medium/17' to 3pt,,1,100.0,2.0,100.0,0.0,0.0,0,,,,100.0,,1,100.0,0.0,,,1,0,,1.0,0.0,100.0,1,1,0,100.0,0,0,0.0,2
Justin Wright,Winnipeg Sea Bears,2024-2025,offense,Play types,Miscellaneous Plays,1,,Miscellaneous Plays,Miscellaneous Plays,,,,,,14,3.6,0.643,76.5,57.1,7.1,2,50.0,Very Good,79.0,60.0,13.0,5,70.0,0.0,,,3,2,,5.9,0.4,28.6,3,2,1,66.7,1,1,0.4,9
Justin Wright,Winnipeg Sea Bears,2024-2025,offense,Play types,Turnover,2,Miscellaneous Plays,Miscellaneous Plays > Turnover,Miscellaneous Plays,Turnover,,,,,8,57.1,0.0,,100.0,0.0,0,,,,,,0,,0.0,,,0,0,,0.0,,0.0,0,0,0,,0,0,,0
Justin Wright,Winnipeg Sea Bears,2024-2025,offense,Play types,To Basket,2,Miscellaneous Plays,Miscellaneous Plays > To Basket,Miscellaneous Plays,To Basket,,,,,2,14.3,2.0,100.0,0.0,0.0,0,,,,100.0,,2,100.0,0.0,,,2,0,,2.0,0.0,100.0,2,2,0,100.0,0,0,0.0,4
Justin Wright,Winnipeg Sea Bears,2024-2025,offense,Play types,Make 2 Pts,3,To Basket,Miscellaneous Plays > To Basket > Make 2 Pts,Miscellaneous Plays,To Basket,Make 2 Pts,,,,2,100.0,2.0,100.0,0.0,0.0,0,,,,100.0,,2,100.0,0.0,,,2,0,,2.0,0.0,100.0,2,2,0,100.0,0,0,0.0,4
Justin Wright,Winnipeg Sea Bears,2024-2025,offense,Play types,Dribble Jumper,2,Miscellaneous Plays,Miscellaneous Plays > Dribble Jumper,Miscellaneous Plays,Dribble Jumper,,,,,2,14.3,1.5,75.0,0.0,0.0,1,100.0,,,50.0,,2,75.0,0.0,,,1,1,,2.0,0.0,50.0,1,0,1,0.0,1,0,0.5,3
Justin Wright,Winnipeg Sea Bears,2024-2025,offense,Play types,Short to < 17,3,Dribble Jumper,Miscellaneous Plays > Dribble Jumper > Short to < 17,Miscellaneous Plays,Dribble Jumper,Short to < 17,,,,1,50.0,0.0,0.0,0.0,0.0,0,,,,0.0,,1,0.0,0.0,,,0,1,,1.0,0.0,0.0,1,0,1,0.0,0,0,0.0,0
Justin Wright,Winnipeg Sea Bears,2024-2025,offense,Play types,Miss 2 Pts,4,Short to < 17,Miscellaneous Plays > Dribble Jumper > Short to < 17 > Miss 2 Pts,Miscellaneous Plays,Dribble Jumper,Short to < 17,Miss 2 Pts,,,1,100.0,0.0,0.0,0.0,0.0,0,,,,0.0,,1,0.0,0.0,,,0,1,,1.0,0.0,0.0,1,0,1,0.0,0,0,0.0,0
Justin Wright,Winnipeg Sea Bears,2024-2025,offense,Play types,Long/3pt,3,Dribble Jumper,Miscellaneous Plays > Dribble Jumper > Long/3pt,Miscellaneous Plays,Dribble Jumper,Long/3pt,,,,1,50.0,3.0,150.0,0.0,0.0,1,100.0,,,100.0,,1,150.0,0.0,,,1,0,,1.0,0.0,100.0,0,0,0,,1,0,1.0,3
Justin Wright,Winnipeg Sea Bears,2024-2025,offense,Play types,Make 3 Pts,4,Long/3pt,Miscellaneous Plays > Dribble Jumper > Long/3pt > Make 3 Pts,Miscellaneous Plays,Dribble Jumper,Long/3pt,Make 3 Pts,,,1,100.0,3.0,150.0,0.0,0.0,1,100.0,,,100.0,,1,150.0,0.0,,,1,0,,1.0,0.0,100.0,0,0,0,,1,0,1.0,3
Justin Wright,Winnipeg Sea Bears,2024-2025,offense,Play types,Foul,2,Miscellaneous Plays,Miscellaneous Plays > Foul,Miscellaneous Plays,Foul,,,,,1,7.1,2.0,113.6,0.0,100.0,0,,,,,,0,,0.0,,,0,0,,0.9,,100.0,0,0,0,,0,0,,2
Justin Wright,Winnipeg Sea Bears,2024-2025,offense,Play types,No Dribble Jumper,2,Miscellaneous Plays,Miscellaneous Plays > No Dribble Jumper,Miscellaneous Plays,No Dribble Jumper,,,,,1,7.1,0.0,0.0,0.0,0.0,1,0.0,,,0.0,,1,0.0,0.0,,,0,1,,1.0,0.0,0.0,0,0,0,,0,1,1.0,0
Justin Wright,Winnipeg Sea Bears,2024-2025,offense,Play types,Open,3,No Dribble Jumper,Miscellaneous Plays > No Dribble Jumper > Open,Miscellaneous Plays,No Dribble Jumper,Open,,,,1,100.0,0.0,0.0,0.0,0.0,1,0.0,,,0.0,,1,0.0,0.0,,,0,1,,1.0,0.0,0.0,0,0,0,,0,1,1.0,0
Justin Wright,Winnipeg Sea Bears,2024-2025,offense,Play types,Long/3pt,4,Open,Miscellaneous Plays > No Dribble Jumper > Open > Long/3pt,Miscellaneous Plays,No Dribble Jumper,Open,Long/3pt,,,1,100.0,0.0,0.0,0.0,0.0,1,0.0,,,0.0,,1,0.0,0.0,,,0,1,,1.0,0.0,0.0,0,0,0,,0,1,1.0,0
Justin Wright,Winnipeg Sea Bears,2024-2025,offense,Play types,Miss 3 Pts,5,Long/3pt,Miscellaneous Plays > No Dribble Jumper > Open > Long/3pt > Miss 3 Pts,Miscellaneous Plays,No Dribble Jumper,Open,Long/3pt,Miss 3 Pts,,1,100.0,0.0,0.0,0.0,0.0,1,0.0,,,0.0,,1,0.0,0.0,,,0,1,,1.0,0.0,0.0,0,0,0,,0,1,1.0,0
Justin Wright,Winnipeg Sea Bears,2024-2025,offense,Play types,Cut,1,,Cut,Cut,,,,,,7,1.8,1.143,57.1,0.0,0.0,0,,,,57.1,,7,57.1,0.0,,,4,3,,7.0,0.0,57.1,7,4,3,57.1,0,0,0.0,8
Justin Wright,Winnipeg Sea Bears,2024-2025,offense,Play types,Basket,2,Cut,Cut > Basket,Cut,Basket,,,,,7,100.0,1.143,57.1,0.0,0.0,0,,,,57.1,,7,57.1,0.0,,,4,3,,7.0,0.0,57.1,7,4,3,57.1,0,0,0.0,8
Justin Wright,Winnipeg Sea Bears,2024-2025,offense,Play types,Make 2 Pts,3,Basket,Cut > Basket > Make 2 Pts,Cut,Basket,Make 2 Pts,,,,4,57.1,2.0,100.0,0.0,0.0,0,,,,100.0,,4,100.0,0.0,,,4,0,,4.0,0.0,100.0,4,4,0,100.0,0,0,0.0,8
Justin Wright,Winnipeg Sea Bears,2024-2025,offense,Play types,Miss 2 Pts,3,Basket,Cut > Basket > Miss 2 Pts,Cut,Basket,Miss 2 Pts,,,,3,42.9,0.0,0.0,0.0,0.0,0,,,,0.0,,3,0.0,0.0,,,0,3,,3.0,0.0,0.0,3,0,3,0.0,0,0,0.0,0
Justin Wright,Winnipeg Sea Bears,2024-2025,offense,Play types,Off Screen,1,,Off Screen,Off Screen,,,,,,7,1.8,1.429,72.7,0.0,14.3,2,100.0,,,50.0,,6,66.7,14.3,,,3,3,,6.9,0.33,57.1,4,1,3,25.0,2,0,0.33,10
Justin Wright,Winnipeg Sea Bears,2024-2025,offense,Play types,To Shooter's Left,2,Off Screen,Off Screen > To Shooter's Left,Off Screen,To Shooter's Left,,,,,4,57.1,0.5,25.8,0.0,25.0,0,,,,0.0,,3,0.0,25.0,,,0,3,,3.9,0.67,25.0,3,0,3,0.0,0,0,0.0,2
Justin Wright,Winnipeg Sea Bears,2024-2025,offense,Play types,Straight,3,To Shooter's Left,Off Screen > To Shooter's Left > Straight,Off Screen,To Shooter's Left,Straight,,,,3,75.0,0.0,0.0,0.0,0.0,0,,,,0.0,,3,0.0,0.0,,,0,3,,3.0,0.0,0.0,3,0,3,0.0,0,0,0.0,0
Justin Wright,Winnipeg Sea Bears,2024-2025,offense,Play types,Dribble Jumper,4,Straight,Off Screen > To Shooter's Left > Straight > Dribble Jumper,Off Screen,To Shooter's Left,Straight,Dribble Jumper,,,2,66.7,0.0,0.0,0.0,0.0,0,,,,0.0,,2,0.0,0.0,,,0,2,,2.0,0.0,0.0,2,0,2,0.0,0,0,0.0,0
Justin Wright,Winnipeg Sea Bears,2024-2025,offense,Play types,Medium/17' to 3pt,5,Dribble Jumper,Off Screen > To Shooter's Left > Straight > Dribble Jumper > Medium/17' to 3pt,Off Screen,To Shooter's Left,Straight,Dribble Jumper,Medium/17' to 3pt,,2,100.0,0.0,0.0,0.0,0.0,0,,,,0.0,,2,0.0,0.0,,,0,2,,2.0,0.0,0.0,2,0,2,0.0,0,0,0.0,0
Justin Wright,Winnipeg Sea Bears,2024-2025,offense,Play types,To Basket,4,Straight,Off Screen > To Shooter's Left > Straight > To Basket,Off Screen,To Shooter's Left,Straight,To Basket,,,1,33.3,0.0,0.0,0.0,0.0,0,,,,0.0,,1,0.0,0.0,,,0,1,,1.0,0.0,0.0,1,0,1,0.0,0,0,0.0,0
Justin Wright,Winnipeg Sea Bears,2024-2025,offense,Play types,Miss 2 Pts,5,To Basket,Off Screen > To Shooter's Left > Straight > To Basket > Miss 2 Pts,Off Screen,To Shooter's Left,Straight,To Basket,Miss 2 Pts,,1,100.0,0.0,0.0,0.0,0.0,0,,,,0.0,,1,0.0,0.0,,,0,1,,1.0,0.0,0.0,1,0,1,0.0,0,0,0.0,0
Justin Wright,Winnipeg Sea Bears,2024-2025,offense,Play types,Curl,3,To Shooter's Left,Off Screen > To Shooter's Left > Curl,Off Screen,To Shooter's Left,Curl,,,,1,25.0,2.0,113.6,0.0,100.0,0,,,,,,0,,100.0,,,0,0,,0.9,,100.0,0,0,0,,0,0,,2
Justin Wright,Winnipeg Sea Bears,2024-2025,offense,Play types,To Basket,4,Curl,Off Screen > To Shooter's Left > Curl > To Basket,Off Screen,To Shooter's Left,Curl,To Basket,,,1,100.0,2.0,113.6,0.0,100.0,0,,,,,,0,,100.0,,,0,0,,0.9,,100.0,0,0,0,,0,0,,2
Justin Wright,Winnipeg Sea Bears,2024-2025,offense,Play types,Foul,5,To Basket,Off Screen > To Shooter's Left > Curl > To Basket > Foul,Off Screen,To Shooter's Left,Curl,To Basket,Foul,,1,100.0,2.0,113.6,0.0,100.0,0,,,,,,0,,100.0,,,0,0,,0.9,,100.0,0,0,0,,0,0,,2
Justin Wright,Winnipeg Sea Bears,2024-2025,offense,Play types,To Shooter's Right,2,Off Screen,Off Screen > To Shooter's Right,Off Screen,To Shooter's Right,,,,,3,42.9,2.667,133.3,0.0,0.0,2,100.0,,,100.0,,3,133.3,0.0,,,3,0,,3.0,0.0,100.0,1,1,0,100.0,2,0,0.67,8
Justin Wright,Winnipeg Sea Bears,2024-2025,offense,Play types,Straight,3,To Shooter's Right,Off Screen > To Shooter's Right > Straight,Off Screen,To Shooter's Right,Straight,,,,3,100.0,2.667,133.3,0.0,0.0,2,100.0,,,100.0,,3,133.3,0.0,,,3,0,,3.0,0.0,100.0,1,1,0,100.0,2,0,0.67,8
Justin Wright,Winnipeg Sea Bears,2024-2025,offense,Play types,No Dribble Jumper,4,Straight,Off Screen > To Shooter's Right > Straight > No Dribble Jumper,Off Screen,To Shooter's Right,Straight,No Dribble Jumper,,,2,66.7,3.0,150.0,0.0,0.0,2,100.0,,,100.0,,2,150.0,0.0,,,2,0,,2.0,0.0,100.0,0,0,0,,2,0,1.0,6
Justin Wright,Winnipeg Sea Bears,2024-2025,offense,Play types,Open,5,No Dribble Jumper,Off Screen > To Shooter's Right > Straight > No Dribble Jumper > Open,Off Screen,To Shooter's Right,Straight,No Dribble Jumper,Open,,2,100.0,3.0,150.0,0.0,0.0,2,100.0,,,100.0,,2,150.0,0.0,,,2,0,,2.0,0.0,100.0,0,0,0,,2,0,1.0,6
Justin Wright,Winnipeg Sea Bears,2024-2025,offense,Play types,To Basket,4,Straight,Off Screen > To Shooter's Right > Straight > To Basket,Off Screen,To Shooter's Right,Straight,To Basket,,,1,33.3,2.0,100.0,0.0,0.0,0,,,,100.0,,1,100.0,0.0,,,1,0,,1.0,0.0,100.0,1,1,0,100.0,0,0,0.0,2
Justin Wright,Winnipeg Sea Bears,2024-2025,offense,Play types,Make 2 Pts,5,To Basket,Off Screen > To Shooter's Right > Straight > To Basket > Make 2 Pts,Off Screen,To Shooter's Right,Straight,To Basket,Make 2 Pts,,1,100.0,2.0,100.0,0.0,0.0,0,,,,100.0,,1,100.0,0.0,,,1,0,,1.0,0.0,100.0,1,1,0,100.0,0,0,0.0,2
Justin Wright,Winnipeg Sea Bears,2024-2025,offense,Play types,Post-Up,1,,Post-Up,Post-Up,,,,,,6,1.5,1.333,62.1,0.0,16.7,0,,,,66.7,,6,66.7,16.7,,,4,2,,6.4,0.17,66.7,6,4,2,66.7,0,0,0.0,8
Justin Wright,Winnipeg Sea Bears,2024-2025,offense,Play types,Post-Up - Overall,2,Post-Up,Post-Up > Post-Up - Overall,Post-Up,Post-Up - Overall,,,,,6,100.0,1.333,62.1,0.0,16.7,0,,,,66.7,,6,66.7,16.7,,,4,2,,6.4,0.17,66.7,6,4,2,66.7,0,0,0.0,8
Justin Wright,Winnipeg Sea Bears,2024-2025,offense,Play types,Left Shoulder,3,Post-Up - Overall,Post-Up > Post-Up - Overall > Left Shoulder,Post-Up,Post-Up - Overall,Left Shoulder,,,,5,83.3,1.2,55.1,0.0,20.0,0,,,,60.0,,5,60.0,20.0,,,3,2,,5.4,0.2,60.0,5,3,2,60.0,0,0,0.0,6
Justin Wright,Winnipeg Sea Bears,2024-2025,offense,Play types,Face-Up,3,Post-Up - Overall,Post-Up > Post-Up - Overall > Face-Up,Post-Up,Post-Up - Overall,Face-Up,,,,1,16.7,2.0,100.0,0.0,0.0,0,,,,100.0,,1,100.0,0.0,,,1,0,,1.0,0.0,100.0,1,1,0,100.0,0,0,0.0,2
Justin Wright,Winnipeg Sea Bears,2024-2025,offense,Play types,Left Block,2,Post-Up,Post-Up > Left Block,Post-Up,Left Block,,,,,3,50.0,1.333,66.7,0.0,0.0,0,,,,66.7,,3,66.7,0.0,,,2,1,,3.0,0.0,66.7,3,2,1,66.7,0,0,0.0,4
Justin Wright,Winnipeg Sea Bears,2024-2025,offense,Play types,Left Shoulder,3,Left Block,Post-Up > Left Block > Left Shoulder,Post-Up,Left Block,Left Shoulder,,,,3,100.0,1.333,66.7,0.0,0.0,0,,,,66.7,,3,66.7,0.0,,,2,1,,3.0,0.0,66.7,3,2,1,66.7,0,0,0.0,4
Justin Wright,Winnipeg Sea Bears,2024-2025,offense,Play types,Dribble Move,4,Left Shoulder,Post-Up > Left Block > Left Shoulder > Dribble Move,Post-Up,Left Block,Left Shoulder,Dribble Move,,,3,100.0,1.333,66.7,0.0,0.0,0,,,,66.7,,3,66.7,0.0,,,2,1,,3.0,0.0,66.7,3,2,1,66.7,0,0,0.0,4
Justin Wright,Winnipeg Sea Bears,2024-2025,offense,Play types,To Jumper,5,Dribble Move,Post-Up > Left Block > Left Shoulder > Dribble Move > To Jumper,Post-Up,Left Block,Left Shoulder,Dribble Move,To Jumper,,3,100.0,1.333,66.7,0.0,0.0,0,,,,66.7,,3,66.7,0.0,,,2,1,,3.0,0.0,66.7,3,2,1,66.7,0,0,0.0,4
Justin Wright,Winnipeg Sea Bears,2024-2025,offense,Play types,Right Block,2,Post-Up,Post-Up > Right Block,Post-Up,Right Block,,,,,3,50.0,1.333,58.1,0.0,33.3,0,,,,66.7,,3,66.7,33.3,,,2,1,,3.4,0.33,66.7,3,2,1,66.7,0,0,0.0,4
Justin Wright,Winnipeg Sea Bears,2024-2025,offense,Play types,Left Shoulder,3,Right Block,Post-Up > Right Block > Left Shoulder,Post-Up,Right Block,Left Shoulder,,,,2,66.7,1.0,41.0,0.0,50.0,0,,,,50.0,,2,50.0,50.0,,,1,1,,2.4,0.5,50.0,2,1,1,50.0,0,0,0.0,2
Justin Wright,Winnipeg Sea Bears,2024-2025,offense,Play types,Dribble Move,4,Left Shoulder,Post-Up > Right Block > Left Shoulder > Dribble Move,Post-Up,Right Block,Left Shoulder,Dribble Move,,,2,100.0,1.0,41.0,0.0,50.0,0,,,,50.0,,2,50.0,50.0,,,1,1,,2.4,0.5,50.0,2,1,1,50.0,0,0,0.0,2
Justin Wright,Winnipeg Sea Bears,2024-2025,offense,Play types,To Jumper,5,Dribble Move,Post-Up > Right Block > Left Shoulder > Dribble Move > To Jumper,Post-Up,Right Block,Left Shoulder,Dribble Move,To Jumper,,1,50.0,2.0,69.4,0.0,100.0,0,,,,100.0,,1,100.0,100.0,,,1,0,,1.4,1.0,100.0,1,1,0,100.0,0,0,0.0,2
Justin Wright,Winnipeg Sea Bears,2024-2025,offense,Play types,To Drop Step,5,Dribble Move,Post-Up > Right Block > Left Shoulder > Dribble Move > To Drop Step,Post-Up,Right Block,Left Shoulder,Dribble Move,To Drop Step,,1,50.0,0.0,0.0,0.0,0.0,0,,,,0.0,,1,0.0,0.0,,,0,1,,1.0,0.0,0.0,1,0,1,0.0,0,0,0.0,0
Justin Wright,Winnipeg Sea Bears,2024-2025,offense,Play types,Face-up,3,Right Block,Post-Up > Right Block > Face-up,Post-Up,Right Block,Face-up,,,,1,33.3,2.0,100.0,0.0,0.0,0,,,,100.0,,1,100.0,0.0,,,1,0,,1.0,0.0,100.0,1,1,0,100.0,0,0,0.0,2
Justin Wright,Winnipeg Sea Bears,2024-2025,offense,Play types,Jumper,4,Face-up,Post-Up > Right Block > Face-up > Jumper,Post-Up,Right Block,Face-up,Jumper,,,1,100.0,2.0,100.0,0.0,0.0,0,,,,100.0,,1,100.0,0.0,,,1,0,,1.0,0.0,100.0,1,1,0,100.0,0,0,0.0,2
Justin Wright,Winnipeg Sea Bears,2024-2025,offense,Play types,Make 2 Pts,5,Jumper,Post-Up > Right Block > Face-up > Jumper > Make 2 Pts,Post-Up,Right Block,Face-up,Jumper,Make 2 Pts,,1,100.0,2.0,100.0,0.0,0.0,0,,,,100.0,,1,100.0,0.0,,,1,0,,1.0,0.0,100.0,1,1,0,100.0,0,0,0.0,2
Justin Wright,Winnipeg Sea Bears,2024-2025,offense,Play types,P&R Roll Man,1,,P&R Roll Man,P&R Roll Man,,,,,,0,0.0,,,,,0,,,,,,0,,,,,0,0,,0.0,,,0,0,0,,0,0,,0
Justin Wright,Winnipeg Sea Bears,2024-2025,offense,Play types,Offensive Rebounds (Put Backs),1,,Offensive Rebounds (Put Backs),Offensive Rebounds (Put Backs),,,,,,0,0.0,,,,,0,,,,,,0,,,,,0,0,,0.0,,,0,0,0,,0,0,,0
Justin Wright,Winnipeg Sea Bears,2024-2025,offense,Overall Drive Direction,Overall,1,,Overall,Overall,,,,,,78,19.9,0.782,44.4,11.5,9.0,19,36.8,,,34.9,,63,40.5,9.0,,,22,41,,68.7,0.21,35.9,44,15,29,34.1,7,12,0.3,61
Justin Wright,Winnipeg Sea Bears,2024-2025,offense,Overall Drive Direction,Drives Right,2,Overall,Overall > Drives Right,Overall,Drives Right,,,,,39,50.0,0.564,34.8,17.9,7.7,14,35.7,,,20.7,,29,29.3,7.7,,,6,23,,31.6,0.21,23.1,15,1,14,6.7,5,9,0.48,22
Justin Wright,Winnipeg Sea Bears,2024-2025,offense,Overall Drive Direction,Dribble Jumper,3,Drives Right,Overall > Drives Right > Dribble Jumper,Overall,Drives Right,Dribble Jumper,,,,19,48.7,0.895,44.7,0.0,0.0,14,35.7,,,31.6,,19,44.7,0.0,,,6,13,,19.0,0.0,31.6,5,1,4,20.0,5,9,0.74,17
Justin Wright,Winnipeg Sea Bears,2024-2025,offense,Overall Drive Direction,To Basket,3,Drives Right,Overall > Drives Right > To Basket,Overall,Drives Right,To Basket,,,,14,35.9,0.357,19.8,7.1,21.4,0,,,,0.0,,10,0.0,21.4,,,0,10,,12.6,0.6,21.4,10,0,10,0.0,0,0,0.0,5
Justin Wright,Winnipeg Sea Bears,2024-2025,offense,Overall Drive Direction,Turnover,3,Drives Right,Overall > Drives Right > Turnover,Overall,Drives Right,Turnover,,,,3,7.7,0.0,,100.0,0.0,0,,,,,,0,,0.0,,,0,0,,0.0,,0.0,0,0,0,,0,0,,0
Justin Wright,Winnipeg Sea Bears,2024-2025,offense,Overall Drive Direction,Defense Commits,3,Drives Right,Overall > Drives Right > Defense Commits,Overall,Drives Right,Defense Commits,,,,3,7.7,0.0,,100.0,0.0,0,,,,,,0,,0.0,,,0,0,,0.0,,0.0,0,0,0,,0,0,,0
Justin Wright,Winnipeg Sea Bears,2024-2025,offense,Overall Drive Direction,Foul,3,Drives Right,Overall > Drives Right > Foul,Overall,Drives Right,Foul,,,,0,0.0,,,,,0,,,,,,0,,,,,0,0,,0.0,,,0,0,0,,0,0,,0
Justin Wright,Winnipeg Sea Bears,2024-2025,offense,Overall Drive Direction,Drives Left,2,Overall,Overall > Drives Left,Overall,Drives Left,,,,,35,44.9,1.029,54.4,5.7,11.4,1,100.0,,,50.0,,30,51.7,11.4,,,15,15,,33.1,0.23,51.4,29,14,15,48.3,1,0,0.03,36
Justin Wright,Winnipeg Sea Bears,2024-2025,offense,Overall Drive Direction,To Basket,3,Drives Left,Overall > Drives Left > To Basket,Overall,Drives Left,To Basket,,,,17,48.6,1.118,60.3,5.9,11.8,0,,,,57.1,,14,57.1,11.8,,,8,6,,15.8,0.29,58.8,14,8,6,57.1,0,0,0.0,19
Justin Wright,Winnipeg Sea Bears,2024-2025,offense,Overall Drive Direction,Dribble Jumper,3,Drives Left,Overall > Drives Left > Dribble Jumper,Overall,Drives Left,Dribble Jumper,,,,17,48.6,1.0,49.1,0.0,11.8,1,100.0,,,43.8,,16,46.9,11.8,,,7,9,,17.3,0.19,47.1,15,6,9,40.0,1,0,0.06,17
Justin Wright,Winnipeg Sea Bears,2024-2025,offense,Overall Drive Direction,Defense Commits,3,Drives Left,Overall > Drives Left > Defense Commits,Overall,Drives Left,Defense Commits,,,,1,2.9,0.0,,100.0,0.0,0,,,,,,0,,0.0,,,0,0,,0.0,,0.0,0,0,0,,0,0,,0
Justin Wright,Winnipeg Sea Bears,2024-2025,offense,Overall Drive Direction,Turnover,3,Drives Left,Overall > Drives Left > Turnover,Overall,Drives Left,Turnover,,,,0,0.0,,,,,0,,,,,,0,,,,,0,0,,0.0,,,0,0,0,,0,0,,0
Justin Wright,Winnipeg Sea Bears,2024-2025,offense,Overall Drive Direction,Foul,3,Drives Left,Overall > Drives Left > Foul,Overall,Drives Left,Foul,,,,0,0.0,,,,,0,,,,,,0,,,,,0,0,,0.0,,,0,0,0,,0,0,,0
Justin Wright,Winnipeg Sea Bears,2024-2025,offense,Overall Drive Direction,Drives Straight,2,Overall,Overall > Drives Straight,Overall,Drives Straight,,,,,4,5.1,0.75,37.5,0.0,0.0,4,25.0,,,25.0,,4,37.5,0.0,,,1,3,,4.0,0.0,25.0,0,0,0,,1,3,1.0,3
Justin Wright,Winnipeg Sea Bears,2024-2025,offense,Overall Drive Direction,Dribble Jumper,3,Drives Straight,Overall > Drives Straight > Dribble Jumper,Overall,Drives Straight,Dribble Jumper,,,,4,100.0,0.75,37.5,0.0,0.0,4,25.0,,,25.0,,4,37.5,0.0,,,1,3,,4.0,0.0,25.0,0,0,0,,1,3,1.0,3
Justin Wright,Winnipeg Sea Bears,2024-2025,offense,Overall Drive Direction,To Basket,3,Drives Straight,Overall > Drives Straight > To Basket,Overall,Drives Straight,To Basket,,,,0,0.0,,,,,0,,,,,,0,,,,,0,0,,0.0,,,0,0,0,,0,0,,0
Justin Wright,Winnipeg Sea Bears,2024-2025,offense,Overall Drive Direction,Turnover,3,Drives Straight,Overall > Drives Straight > Turnover,Overall,Drives Straight,Turnover,,,,0,0.0,,,,,0,,,,,,0,,,,,0,0,,0.0,,,0,0,0,,0,0,,0
Justin Wright,Winnipeg Sea Bears,2024-2025,offense,Overall Drive Direction,Foul,3,Drives Straight,Overall > Drives Straight > Foul,Overall,Drives Straight,Foul,,,,0,0.0,,,,,0,,,,,,0,,,,,0,0,,0.0,,,0,0,0,,0,0,,0
Justin Wright,Winnipeg Sea Bears,2024-2025,offense,Overall Drive Direction,Defense Commits,3,Drives Straight,Overall > Drives Straight > Defense Commits,Overall,Drives Straight,Defense Commits,,,,0,0.0,,,,,0,,,,,,0,,,,,0,0,,0.0,,,0,0,0,,0,0,,0
Justin Wright,Winnipeg Sea Bears,2024-2025,offense,P&R ball handler,P&R Including Passes,1,,P&R Including Passes,P&R Including Passes,,,,,,330,60.9,1.012,59.6,15.5,10.9,117,45.3,Very Good,72.0,45.0,89.0,249,55.6,10.3,,,112,137,,280.2,0.29,42.4,132,59,73,44.7,53,64,0.47,334
Justin Wright,Winnipeg Sea Bears,2024-2025,offense,P&R ball handler,P&R Ball Handler,2,P&R Including Passes,P&R Including Passes > P&R Ball Handler,P&R Including Passes,P&R Ball Handler,,,,,176,53.3,1.006,60.2,17.0,13.6,49,49.0,,,43.2,,125,52.8,12.5,,,54,71,,147.0,0.4,42.6,76,30,46,39.5,24,25,0.39,177
Justin Wright,Winnipeg Sea Bears,2024-2025,offense,P&R ball handler,High P&R,3,P&R Ball Handler,P&R Including Passes > P&R Ball Handler > High P&R,P&R Including Passes,P&R Ball Handler,High P&R,,,,150,85.2,0.967,58.8,18.7,14.7,37,48.6,,,41.7,,103,50.5,13.3,,,43,60,,123.2,0.45,41.3,66,25,41,37.9,18,19,0.36,145
Justin Wright,Winnipeg Sea Bears,2024-2025,offense,P&R ball handler,Dribble Off Pick,4,High P&R,P&R Including Passes > P&R Ball Handler > High P&R > Dribble Off Pick,P&R Including Passes,P&R Ball Handler,High P&R,Dribble Off Pick,,,121,80.7,0.942,58.0,19.8,11.6,36,50.0,,,41.2,,85,51.8,9.9,,,35,50,,98.2,0.35,38.8,49,17,32,34.7,18,18,0.42,114
Justin Wright,Winnipeg Sea Bears,2024-2025,offense,P&R ball handler,Dribble Jumper,5,Dribble Off Pick,P&R Including Passes > P&R Ball Handler > High P&R > Dribble Off Pick > Dribble Jumper,P&R Including Passes,P&R Ball Handler,High P&R,Dribble Off Pick,Dribble Jumper,,58,47.9,1.259,61.6,0.0,6.9,36,50.0,,,40.7,,54,57.4,6.9,,,22,32,,59.3,0.22,44.8,18,4,14,22.2,18,18,0.67,73
Justin Wright,Winnipeg Sea Bears,2024-2025,offense,P&R ball handler,Long/3pt,6,Dribble Jumper,P&R Including Passes > P&R Ball Handler > High P&R > Dribble Off Pick > Dribble Jumper > Long/3pt,P&R Including Passes,P&R Ball Handler,High P&R,Dribble Off Pick,Dribble Jumper,Long/3pt,40,69.0,1.625,78.7,0.0,10.0,36,50.0,,,50.0,,36,75.0,10.0,,,18,18,,41.3,0.33,55.0,0,0,0,,18,18,1.0,65
Justin Wright,Winnipeg Sea Bears,2024-2025,offense,P&R ball handler,Short to < 17,6,Dribble Jumper,P&R Including Passes > P&R Ball Handler > High P&R > Dribble Off Pick > Dribble Jumper > Short to < 17,P&R Including Passes,P&R Ball Handler,High P&R,Dribble Off Pick,Dribble Jumper,Short to < 17,10,17.2,0.6,30.0,0.0,0.0,0,,,,30.0,,10,30.0,0.0,,,3,7,,10.0,0.0,30.0,10,3,7,30.0,0,0,0.0,6
Justin Wright,Winnipeg Sea Bears,2024-2025,offense,P&R ball handler,Medium/17' to 3pt,6,Dribble Jumper,P&R Including Passes > P&R Ball Handler > High P&R > Dribble Off Pick > Dribble Jumper > Medium/17' to 3pt,P&R Including Passes,P&R Ball Handler,High P&R,Dribble Off Pick,Dribble Jumper,Medium/17' to 3pt,8,13.8,0.25,12.5,0.0,0.0,0,,,,12.5,,8,12.5,0.0,,,1,7,,8.0,0.0,12.5,8,1,7,12.5,0,0,0.0,2
Justin Wright,Winnipeg Sea Bears,2024-2025,offense,P&R ball handler,To Basket,5,Dribble Off Pick,P&R Including Passes > P&R Ball Handler > High P&R > Dribble Off Pick > To Basket,P&R Including Passes,P&R Ball Handler,High P&R,Dribble Off Pick,To Basket,,38,31.4,1.0,51.1,2.6,21.1,0,,,,41.9,,31,41.9,21.1,,,13,18,,37.2,0.45,50.0,31,13,18,41.9,0,0,0.0,38
Justin Wright,Winnipeg Sea Bears,2024-2025,offense,P&R ball handler,Miss 2 Pts,6,To Basket,P&R Including Passes > P&R Ball Handler > High P&R > Dribble Off Pick > To Basket > Miss 2 Pts,P&R Including Passes,P&R Ball Handler,High P&R,Dribble Off Pick,To Basket,Miss 2 Pts,18,47.4,0.0,0.0,0.0,0.0,0,,,,0.0,,18,0.0,0.0,,,0,18,,18.0,0.0,0.0,18,0,18,0.0,0,0,0.0,0
Justin Wright,Winnipeg Sea Bears,2024-2025,offense,P&R ball handler,Make 2 Pts,6,To Basket,P&R Including Passes > P&R Ball Handler > High P&R > Dribble Off Pick > To Basket > Make 2 Pts,P&R Including Passes,P&R Ball Handler,High P&R,Dribble Off Pick,To Basket,Make 2 Pts,11,28.9,2.0,100.0,0.0,0.0,0,,,,100.0,,11,100.0,0.0,,,11,0,,11.0,0.0,100.0,11,11,0,100.0,0,0,0.0,22
Justin Wright,Winnipeg Sea Bears,2024-2025,offense,P&R ball handler,Foul,6,To Basket,P&R Including Passes > P&R Ball Handler > High P&R > Dribble Off Pick > To Basket > Foul,P&R Including Passes,P&R Ball Handler,High P&R,Dribble Off Pick,To Basket,Foul,6,15.8,1.833,104.2,0.0,100.0,0,,,,,,0,,100.0,,,0,0,,5.3,,100.0,0,0,0,,0,0,,11
Justin Wright,Winnipeg Sea Bears,2024-2025,offense,P&R ball handler,Make 2 Pts Foul,6,To Basket,P&R Including Passes > P&R Ball Handler > High P&R > Dribble Off Pick > To Basket > Make 2 Pts Foul,P&R Including Passes,P&R Ball Handler,High P&R,Dribble Off Pick,To Basket,Make 2 Pts Foul,2,5.3,2.5,86.8,0.0,100.0,0,,,,100.0,,2,100.0,100.0,,,2,0,,2.9,1.0,100.0,2,2,0,100.0,0,0,0.0,5
Justin Wright,Winnipeg Sea Bears,2024-2025,offense,P&R ball handler,Turnover,6,To Basket,P&R Including Passes > P&R Ball Handler > High P&R > Dribble Off Pick > To Basket > Turnover,P&R Including Passes,P&R Ball Handler,High P&R,Dribble Off Pick,To Basket,Turnover,1,2.6,0.0,,100.0,0.0,0,,,,,,0,,0.0,,,0,0,,0.0,,0.0,0,0,0,,0,0,,0
Justin Wright,Winnipeg Sea Bears,2024-2025,offense,P&R ball handler,Defense Commits,5,Dribble Off Pick,P&R Including Passes > P&R Ball Handler > High P&R > Dribble Off Pick > Defense Commits,P&R Including Passes,P&R Ball Handler,High P&R,Dribble Off Pick,Defense Commits,,25,20.7,0.12,85.2,92.0,8.0,0,,,,,,0,,0.0,,,0,0,,1.8,,8.0,0,0,0,,0,0,,3
Justin Wright,Winnipeg Sea Bears,2024-2025,offense,P&R ball handler,Turnover,6,Defense Commits,P&R Including Passes > P&R Ball Handler > High P&R > Dribble Off Pick > Defense Commits > Turnover,P&R Including Passes,P&R Ball Handler,High P&R,Dribble Off Pick,Defense Commits,Turnover,23,92.0,0.0,,100.0,0.0,0,,,,,,0,,0.0,,,0,0,,0.0,,0.0,0,0,0,,0,0,,0
Justin Wright,Winnipeg Sea Bears,2024-2025,offense,P&R ball handler,Foul,6,Defense Commits,P&R Including Passes > P&R Ball Handler > High P&R > Dribble Off Pick > Defense Commits > Foul,P&R Including Passes,P&R Ball Handler,High P&R,Dribble Off Pick,Defense Commits,Foul,2,8.0,1.5,85.2,0.0,100.0,0,,,,,,0,,0.0,,,0,0,,1.8,,100.0,0,0,0,,0,0,,3
Justin Wright,Winnipeg Sea Bears,2024-2025,offense,P&R ball handler,Go Away from Pick,4,High P&R,P&R Including Passes > P&R Ball Handler > High P&R > Go Away from Pick,P&R Including Passes,P&R Ball Handler,High P&R,Go Away from Pick,,,25,16.7,1.16,65.8,12.0,32.0,1,0.0,,,46.7,,15,46.7,32.0,,,7,8,,22.0,1.07,56.0,14,7,7,50.0,0,1,0.07,29
Justin Wright,Winnipeg Sea Bears,2024-2025,offense,P&R ball handler,To Basket,5,Go Away from Pick,P&R Including Passes > P&R Ball Handler > High P&R > Go Away from Pick > To Basket,P&R Including Passes,P&R Ball Handler,High P&R,Go Away from Pick,To Basket,,16,64.0,1.5,76.3,0.0,43.8,0,,,,60.0,,10,60.0,43.8,,,6,4,,15.7,1.3,75.0,10,6,4,60.0,0,0,0.0,24
Justin Wright,Winnipeg Sea Bears,2024-2025,offense,P&R ball handler,Foul,6,To Basket,P&R Including Passes > P&R Ball Handler > High P&R > Go Away from Pick > To Basket > Foul,P&R Including Passes,P&R Ball Handler,High P&R,Go Away from Pick,To Basket,Foul,6,37.5,1.833,104.2,0.0,100.0,0,,,,,,0,,100.0,,,0,0,,5.3,,100.0,0,0,0,,0,0,,11
Justin Wright,Winnipeg Sea Bears,2024-2025,offense,P&R ball handler,Make 2 Pts,6,To Basket,P&R Including Passes > P&R Ball Handler > High P&R > Go Away from Pick > To Basket > Make 2 Pts,P&R Including Passes,P&R Ball Handler,High P&R,Go Away from Pick,To Basket,Make 2 Pts,5,31.3,2.0,100.0,0.0,0.0,0,,,,100.0,,5,100.0,0.0,,,5,0,,5.0,0.0,100.0,5,5,0,100.0,0,0,0.0,10
Justin Wright,Winnipeg Sea Bears,2024-2025,offense,P&R ball handler,Miss 2 Pts,6,To Basket,P&R Including Passes > P&R Ball Handler > High P&R > Go Away from Pick > To Basket > Miss 2 Pts,P&R Including Passes,P&R Ball Handler,High P&R,Go Away from Pick,To Basket,Miss 2 Pts,4,25.0,0.0,0.0,0.0,0.0,0,,,,0.0,,4,0.0,0.0,,,0,4,,4.0,0.0,0.0,4,0,4,0.0,0,0,0.0,0
Justin Wright,Winnipeg Sea Bears,2024-2025,offense,P&R ball handler,Make 2 Pts Foul,6,To Basket,P&R Including Passes > P&R Ball Handler > High P&R > Go Away from Pick > To Basket > Make 2 Pts Foul,P&R Including Passes,P&R Ball Handler,High P&R,Go Away from Pick,To Basket,Make 2 Pts Foul,1,6.3,3.0,104.2,0.0,100.0,0,,,,100.0,,1,100.0,100.0,,,1,0,,1.4,1.0,100.0,1,1,0,100.0,0,0,0.0,3
Justin Wright,Winnipeg Sea Bears,2024-2025,offense,P&R ball handler,Dribble Jumper,5,Go Away from Pick,P&R Including Passes > P&R Ball Handler > High P&R > Go Away from Pick > Dribble Jumper,P&R Including Passes,P&R Ball Handler,High P&R,Go Away from Pick,Dribble Jumper,,6,24.0,0.833,39.6,0.0,16.7,1,0.0,,,20.0,,5,20.0,16.7,,,1,4,,6.3,0.6,33.3,4,1,3,25.0,0,1,0.2,5
Justin Wright,Winnipeg Sea Bears,2024-2025,offense,P&R ball handler,Short to < 17,6,Dribble Jumper,P&R Including Passes > P&R Ball Handler > High P&R > Go Away from Pick > Dribble Jumper > Short to < 17,P&R Including Passes,P&R Ball Handler,High P&R,Go Away from Pick,Dribble Jumper,Short to < 17,2,33.3,0.0,0.0,0.0,0.0,0,,,,0.0,,2,0.0,0.0,,,0,2,,2.0,0.0,0.0,2,0,2,0.0,0,0,0.0,0
Justin Wright,Winnipeg Sea Bears,2024-2025,offense,P&R ball handler,Medium/17' to 3pt,6,Dribble Jumper,P&R Including Passes > P&R Ball Handler > High P&R > Go Away from Pick > Dribble Jumper > Medium/17' to 3pt,P&R Including Passes,P&R Ball Handler,High P&R,Go Away from Pick,Dribble Jumper,Medium/17' to 3pt,2,33.3,1.0,50.0,0.0,0.0,0,,,,50.0,,2,50.0,0.0,,,1,1,,2.0,0.0,50.0,2,1,1,50.0,0,0,0.0,2
Justin Wright,Winnipeg Sea Bears,2024-2025,offense,P&R ball handler,Long/3pt,6,Dribble Jumper,P&R Including Passes > P&R Ball Handler > High P&R > Go Away from Pick > Dribble Jumper > Long/3pt,P&R Including Passes,P&R Ball Handler,High P&R,Go Away from Pick,Dribble Jumper,Long/3pt,2,33.3,1.5,64.7,0.0,50.0,1,0.0,,,0.0,,1,0.0,50.0,,,0,1,,2.3,3.0,50.0,0,0,0,,0,1,1.0,3
Justin Wright,Winnipeg Sea Bears,2024-2025,offense,P&R ball handler,Defense Commits,5,Go Away from Pick,P&R Including Passes > P&R Ball Handler > High P&R > Go Away from Pick > Defense Commits,P&R Including Passes,P&R Ball Handler,High P&R,Go Away from Pick,Defense Commits,,2,8.0,0.0,,100.0,0.0,0,,,,,,0,,0.0,,,0,0,,0.0,,0.0,0,0,0,,0,0,,0
Justin Wright,Winnipeg Sea Bears,2024-2025,offense,P&R ball handler,Turnover,6,Defense Commits,P&R Including Passes > P&R Ball Handler > High P&R > Go Away from Pick > Defense Commits > Turnover,P&R Including Passes,P&R Ball Handler,High P&R,Go Away from Pick,Defense Commits,Turnover,2,100.0,0.0,,100.0,0.0,0,,,,,,0,,0.0,,,0,0,,0.0,,0.0,0,0,0,,0,0,,0
Justin Wright,Winnipeg Sea Bears,2024-2025,offense,P&R ball handler,Turnover,5,Go Away from Pick,P&R Including Passes > P&R Ball Handler > High P&R > Go Away from Pick > Turnover,P&R Including Passes,P&R Ball Handler,High P&R,Go Away from Pick,Turnover,,1,4.0,0.0,,100.0,0.0,0,,,,,,0,,0.0,,,0,0,,0.0,,0.0,0,0,0,,0,0,,0
Justin Wright,Winnipeg Sea Bears,2024-2025,offense,P&R ball handler,Split,4,High P&R,P&R Including Passes > P&R Ball Handler > High P&R > Split,P&R Including Passes,P&R Ball Handler,High P&R,Split,,,4,2.7,0.5,33.3,25.0,0.0,0,,,,33.3,,3,33.3,0.0,,,1,2,,3.0,0.0,25.0,3,1,2,33.3,0,0,0.0,2
Justin Wright,Winnipeg Sea Bears,2024-2025,offense,P&R ball handler,To Basket,5,Split,P&R Including Passes > P&R Ball Handler > High P&R > Split > To Basket,P&R Including Passes,P&R Ball Handler,High P&R,Split,To Basket,,2,50.0,1.0,50.0,0.0,0.0,0,,,,50.0,,2,50.0,0.0,,,1,1,,2.0,0.0,50.0,2,1,1,50.0,0,0,0.0,2
Justin Wright,Winnipeg Sea Bears,2024-2025,offense,P&R ball handler,Make 2 Pts,6,To Basket,P&R Including Passes > P&R Ball Handler > High P&R > Split > To Basket > Make 2 Pts,P&R Including Passes,P&R Ball Handler,High P&R,Split,To Basket,Make 2 Pts,1,50.0,2.0,100.0,0.0,0.0,0,,,,100.0,,1,100.0,0.0,,,1,0,,1.0,0.0,100.0,1,1,0,100.0,0,0,0.0,2
Justin Wright,Winnipeg Sea Bears,2024-2025,offense,P&R ball handler,Miss 2 Pts,6,To Basket,P&R Including Passes > P&R Ball Handler > High P&R > Split > To Basket > Miss 2 Pts,P&R Including Passes,P&R Ball Handler,High P&R,Split,To Basket,Miss 2 Pts,1,50.0,0.0,0.0,0.0,0.0,0,,,,0.0,,1,0.0,0.0,,,0,1,,1.0,0.0,0.0,1,0,1,0.0,0,0,0.0,0
Justin Wright,Winnipeg Sea Bears,2024-2025,offense,P&R ball handler,Dribble Jumper,5,Split,P&R Including Passes > P&R Ball Handler > High P&R > Split > Dribble Jumper,P&R Including Passes,P&R Ball Handler,High P&R,Split,Dribble Jumper,,1,25.0,0.0,0.0,0.0,0.0,0,,,,0.0,,1,0.0,0.0,,,0,1,,1.0,0.0,0.0,1,0,1,0.0,0,0,0.0,0
Justin Wright,Winnipeg Sea Bears,2024-2025,offense,P&R ball handler,Short to < 17,6,Dribble Jumper,P&R Including Passes > P&R Ball Handler > High P&R > Split > Dribble Jumper > Short to < 17,P&R Including Passes,P&R Ball Handler,High P&R,Split,Dribble Jumper,Short to < 17,1,100.0,0.0,0.0,0.0,0.0,0,,,,0.0,,1,0.0,0.0,,,0,1,,1.0,0.0,0.0,1,0,1,0.0,0,0,0.0,0
Justin Wright,Winnipeg Sea Bears,2024-2025,offense,P&R ball handler,Defense Commits,5,Split,P&R Including Passes > P&R Ball Handler > High P&R > Split > Defense Commits,P&R Including Passes,P&R Ball Handler,High P&R,Split,Defense Commits,,1,25.0,0.0,,100.0,0.0,0,,,,,,0,,0.0,,,0,0,,0.0,,0.0,0,0,0,,0,0,,0
Justin Wright,Winnipeg Sea Bears,2024-2025,offense,P&R ball handler,Turnover,6,Defense Commits,P&R Including Passes > P&R Ball Handler > High P&R > Split > Defense Commits > Turnover,P&R Including Passes,P&R Ball Handler,High P&R,Split,Defense Commits,Turnover,1,100.0,0.0,,100.0,0.0,0,,,,,,0,,0.0,,,0,0,,0.0,,0.0,0,0,0,,0,0,,0
Justin Wright,Winnipeg Sea Bears,2024-2025,offense,P&R ball handler,Right P&R,3,P&R Ball Handler,P&R Including Passes > P&R Ball Handler > Right P&R,P&R Including Passes,P&R Ball Handler,Right P&R,,,,15,8.5,1.2,64.8,6.7,6.7,8,50.0,,,46.2,,13,61.5,6.7,,,6,7,,13.9,0.15,46.7,5,2,3,40.0,4,4,0.62,18
Justin Wright,Winnipeg Sea Bears,2024-2025,offense,P&R ball handler,Side,4,Right P&R,P&R Including Passes > P&R Ball Handler > Right P&R > Side,P&R Including Passes,P&R Ball Handler,Right P&R,Side,,,8,53.3,1.125,65.4,12.5,12.5,3,33.3,,,50.0,,6,58.3,12.5,,,3,3,,6.9,0.33,50.0,3,2,1,66.7,1,2,0.5,9
Justin Wright,Winnipeg Sea Bears,2024-2025,offense,P&R ball handler,Go Away from Pick,5,Side,P&R Including Passes > P&R Ball Handler > Right P&R > Side > Go Away from Pick,P&R Including Passes,P&R Ball Handler,Right P&R,Side,Go Away from Pick,,7,87.5,1.286,65.4,0.0,14.3,3,33.3,,,50.0,,6,58.3,14.3,,,3,3,,6.9,0.33,57.1,3,2,1,66.7,1,2,0.5,9
Justin Wright,Winnipeg Sea Bears,2024-2025,offense,P&R ball handler,To Basket,6,Go Away from Pick,P&R Including Passes > P&R Ball Handler > Right P&R > Side > Go Away from Pick > To Basket,P&R Including Passes,P&R Ball Handler,Right P&R,Side,Go Away from Pick,To Basket,4,57.1,1.5,77.3,0.0,25.0,0,,,,66.7,,3,66.7,25.0,,,2,1,,3.9,0.67,75.0,3,2,1,66.7,0,0,0.0,6
Justin Wright,Winnipeg Sea Bears,2024-2025,offense,P&R ball handler,Dribble Jumper,6,Go Away from Pick,P&R Including Passes > P&R Ball Handler > Right P&R > Side > Go Away from Pick > Dribble Jumper,P&R Including Passes,P&R Ball Handler,Right P&R,Side,Go Away from Pick,Dribble Jumper,3,42.9,1.0,50.0,0.0,0.0,3,33.3,,,33.3,,3,50.0,0.0,,,1,2,,3.0,0.0,33.3,0,0,0,,1,2,1.0,3
Justin Wright,Winnipeg Sea Bears,2024-2025,offense,P&R ball handler,Dribble Off Pick,5,Side,P&R Including Passes > P&R Ball Handler > Right P&R > Side > Dribble Off Pick,P&R Including Passes,P&R Ball Handler,Right P&R,Side,Dribble Off Pick,,1,12.5,0.0,,100.0,0.0,0,,,,,,0,,0.0,,,0,0,,0.0,,0.0,0,0,0,,0,0,,0
Justin Wright,Winnipeg Sea Bears,2024-2025,offense,P&R ball handler,Defense Commits,6,Dribble Off Pick,P&R Including Passes > P&R Ball Handler > Right P&R > Side > Dribble Off Pick > Defense Commits,P&R Including Passes,P&R Ball Handler,Right P&R,Side,Dribble Off Pick,Defense Commits,1,100.0,0.0,,100.0,0.0,0,,,,,,0,,0.0,,,0,0,,0.0,,0.0,0,0,0,,0,0,,0
Justin Wright,Winnipeg Sea Bears,2024-2025,offense,P&R ball handler,Baseline,4,Right P&R,P&R Including Passes > P&R Ball Handler > Right P&R > Baseline,P&R Including Passes,P&R Ball Handler,Right P&R,Baseline,,,7,46.7,1.286,64.3,0.0,0.0,5,60.0,,,42.9,,7,64.3,0.0,,,3,4,,7.0,0.0,42.9,2,0,2,0.0,3,2,0.71,9
Justin Wright,Winnipeg Sea Bears,2024-2025,offense,P&R ball handler,Dribble Off Pick,5,Baseline,P&R Including Passes > P&R Ball Handler > Right P&R > Baseline > Dribble Off Pick,P&R Including Passes,P&R Ball Handler,Right P&R,Baseline,Dribble Off Pick,,7,100.0,1.286,64.3,0.0,0.0,5,60.0,,,42.9,,7,64.3,0.0,,,3,4,,7.0,0.0,42.9,2,0,2,0.0,3,2,0.71,9
Justin Wright,Winnipeg Sea Bears,2024-2025,offense,P&R ball handler,Dribble Jumper,6,Dribble Off Pick,P&R Including Passes > P&R Ball Handler > Right P&R > Baseline > Dribble Off Pick > Dribble Jumper,P&R Including Passes,P&R Ball Handler,Right P&R,Baseline,Dribble Off Pick,Dribble Jumper,6,85.7,1.5,75.0,0.0,0.0,5,60.0,,,50.0,,6,75.0,0.0,,,3,3,,6.0,0.0,50.0,1,0,1,0.0,3,2,0.83,9
Justin Wright,Winnipeg Sea Bears,2024-2025,offense,P&R ball handler,To Basket,6,Dribble Off Pick,P&R Including Passes > P&R Ball Handler > Right P&R > Baseline > Dribble Off Pick > To Basket,P&R Including Passes,P&R Ball Handler,Right P&R,Baseline,Dribble Off Pick,To Basket,1,14.3,0.0,0.0,0.0,0.0,0,,,,0.0,,1,0.0,0.0,,,0,1,,1.0,0.0,0.0,1,0,1,0.0,0,0,0.0,0
Justin Wright,Winnipeg Sea Bears,2024-2025,offense,P&R ball handler,Left P&R,3,P&R Ball Handler,P&R Including Passes > P&R Ball Handler > Left P&R,P&R Including Passes,P&R Ball Handler,Left P&R,,,,11,6.3,1.273,70.9,9.1,9.1,4,50.0,,,55.6,,9,66.7,9.1,,,5,4,,9.9,0.22,54.5,5,3,2,60.0,2,2,0.44,14
Justin Wright,Winnipeg Sea Bears,2024-2025,offense,P&R ball handler,Side,4,Left P&R,P&R Including Passes > P&R Ball Handler > Left P&R > Side,P&R Including Passes,P&R Ball Handler,Left P&R,Side,,,10,90.9,1.2,67.6,10.0,10.0,4,50.0,,,50.0,,8,62.5,10.0,,,4,4,,8.9,0.25,50.0,4,2,2,50.0,2,2,0.5,12
Justin Wright,Winnipeg Sea Bears,2024-2025,offense,P&R ball handler,Dribble Off Pick,5,Side,P&R Including Passes > P&R Ball Handler > Left P&R > Side > Dribble Off Pick,P&R Including Passes,P&R Ball Handler,Left P&R,Side,Dribble Off Pick,,8,80.0,1.25,71.4,12.5,0.0,4,50.0,,,57.1,,7,71.4,0.0,,,4,3,,7.0,0.0,50.0,3,2,1,66.7,2,2,0.57,10
Justin Wright,Winnipeg Sea Bears,2024-2025,offense,P&R ball handler,Dribble Jumper,6,Dribble Off Pick,P&R Including Passes > P&R Ball Handler > Left P&R > Side > Dribble Off Pick > Dribble Jumper,P&R Including Passes,P&R Ball Handler,Left P&R,Side,Dribble Off Pick,Dribble Jumper,6,75.0,1.333,66.7,0.0,0.0,4,50.0,,,50.0,,6,66.7,0.0,,,3,3,,6.0,0.0,50.0,2,1,1,50.0,2,2,0.67,8
Justin Wright,Winnipeg Sea Bears,2024-2025,offense,P&R ball handler,To Basket,6,Dribble Off Pick,P&R Including Passes > P&R Ball Handler > Left P&R > Side > Dribble Off Pick > To Basket,P&R Including Passes,P&R Ball Handler,Left P&R,Side,Dribble Off Pick,To Basket,1,12.5,2.0,100.0,0.0,0.0,0,,,,100.0,,1,100.0,0.0,,,1,0,,1.0,0.0,100.0,1,1,0,100.0,0,0,0.0,2
Justin Wright,Winnipeg Sea Bears,2024-2025,offense,P&R ball handler,Defense Commits,6,Dribble Off Pick,P&R Including Passes > P&R Ball Handler > Left P&R > Side > Dribble Off Pick > Defense Commits,P&R Including Passes,P&R Ball Handler,Left P&R,Side,Dribble Off Pick,Defense Commits,1,12.5,0.0,,100.0,0.0,0,,,,,,0,,0.0,,,0,0,,0.0,,0.0,0,0,0,,0,0,,0
Justin Wright,Winnipeg Sea Bears,2024-2025,offense,P&R ball handler,Go Away from Pick,5,Side,P&R Including Passes > P&R Ball Handler > Left P&R > Side > Go Away from Pick,P&R Including Passes,P&R Ball Handler,Left P&R,Side,Go Away from Pick,,2,20.0,1.0,53.2,0.0,50.0,0,,,,0.0,,1,0.0,50.0,,,0,1,,1.9,2.0,50.0,1,0,1,0.0,0,0,0.0,2
Justin Wright,Winnipeg Sea Bears,2024-2025,offense,P&R ball handler,To Basket,6,Go Away from Pick,P&R Including Passes > P&R Ball Handler > Left P&R > Side > Go Away from Pick > To Basket,P&R Including Passes,P&R Ball Handler,Left P&R,Side,Go Away from Pick,To Basket,1,50.0,2.0,113.6,0.0,100.0,0,,,,,,0,,100.0,,,0,0,,0.9,,100.0,0,0,0,,0,0,,2
Justin Wright,Winnipeg Sea Bears,2024-2025,offense,P&R ball handler,Dribble Jumper,6,Go Away from Pick,P&R Including Passes > P&R Ball Handler > Left P&R > Side > Go Away from Pick > Dribble Jumper,P&R Including Passes,P&R Ball Handler,Left P&R,Side,Go Away from Pick,Dribble Jumper,1,50.0,0.0,0.0,0.0,0.0,0,,,,0.0,,1,0.0,0.0,,,0,1,,1.0,0.0,0.0,1,0,1,0.0,0,0,0.0,0
Justin Wright,Winnipeg Sea Bears,2024-2025,offense,P&R ball handler,Baseline,4,Left P&R,P&R Including Passes > P&R Ball Handler > Left P&R > Baseline,P&R Including Passes,P&R Ball Handler,Left P&R,Baseline,,,1,9.1,2.0,100.0,0.0,0.0,0,,,,100.0,,1,100.0,0.0,,,1,0,,1.0,0.0,100.0,1,1,0,100.0,0,0,0.0,2
Justin Wright,Winnipeg Sea Bears,2024-2025,offense,P&R ball handler,Dribble Off Pick,5,Baseline,P&R Including Passes > P&R Ball Handler > Left P&R > Baseline > Dribble Off Pick,P&R Including Passes,P&R Ball Handler,Left P&R,Baseline,Dribble Off Pick,,1,100.0,2.0,100.0,0.0,0.0,0,,,,100.0,,1,100.0,0.0,,,1,0,,1.0,0.0,100.0,1,1,0,100.0,0,0,0.0,2
Justin Wright,Winnipeg Sea Bears,2024-2025,offense,P&R ball handler,To Basket,6,Dribble Off Pick,P&R Including Passes > P&R Ball Handler > Left P&R > Baseline > Dribble Off Pick > To Basket,P&R Including Passes,P&R Ball Handler,Left P&R,Baseline,Dribble Off Pick,To Basket,1,100.0,2.0,100.0,0.0,0.0,0,,,,100.0,,1,100.0,0.0,,,1,0,,1.0,0.0,100.0,1,1,0,100.0,0,0,0.0,2
Justin Wright,Winnipeg Sea Bears,2024-2025,offense,P&R ball handler,Spot-Up,2,P&R Including Passes,P&R Including Passes > Spot-Up,P&R Including Passes,Spot-Up,,,,,88,26.7,1.023,57.3,11.4,5.7,56,39.3,,,41.3,,75,56.0,5.7,,,31,44,,78.5,0.11,38.6,19,9,10,47.4,22,34,0.75,90
Justin Wright,Winnipeg Sea Bears,2024-2025,offense,P&R ball handler,No Dribble Jumper,3,Spot-Up,P&R Including Passes > Spot-Up > No Dribble Jumper,P&R Including Passes,Spot-Up,No Dribble Jumper,,,,48,54.5,1.188,59.4,0.0,0.0,48,39.6,,,39.6,,48,59.4,0.0,,,19,29,,48.0,0.0,39.6,0,0,0,,19,29,1.0,57
Justin Wright,Winnipeg Sea Bears,2024-2025,offense,P&R ball handler,Guarded,4,No Dribble Jumper,P&R Including Passes > Spot-Up > No Dribble Jumper > Guarded,P&R Including Passes,Spot-Up,No Dribble Jumper,Guarded,,,33,68.8,1.0,50.0,0.0,0.0,33,33.3,,,33.3,,33,50.0,0.0,,,11,22,,33.0,0.0,33.3,0,0,0,,11,22,1.0,33
Justin Wright,Winnipeg Sea Bears,2024-2025,offense,P&R ball handler,Long/3pt,5,Guarded,P&R Including Passes > Spot-Up > No Dribble Jumper > Guarded > Long/3pt,P&R Including Passes,Spot-Up,No Dribble Jumper,Guarded,Long/3pt,,33,100.0,1.0,50.0,0.0,0.0,33,33.3,,,33.3,,33,50.0,0.0,,,11,22,,33.0,0.0,33.3,0,0,0,,11,22,1.0,33
Justin Wright,Winnipeg Sea Bears,2024-2025,offense,P&R ball handler,Miss 3 Pts,6,Long/3pt,P&R Including Passes > Spot-Up > No Dribble Jumper > Guarded > Long/3pt > Miss 3 Pts,P&R Including Passes,Spot-Up,No Dribble Jumper,Guarded,Long/3pt,Miss 3 Pts,22,66.7,0.0,0.0,0.0,0.0,22,0.0,,,0.0,,22,0.0,0.0,,,0,22,,22.0,0.0,0.0,0,0,0,,0,22,1.0,0
Justin Wright,Winnipeg Sea Bears,2024-2025,offense,P&R ball handler,Make 3 Pts,6,Long/3pt,P&R Including Passes > Spot-Up > No Dribble Jumper > Guarded > Long/3pt > Make 3 Pts,P&R Including Passes,Spot-Up,No Dribble Jumper,Guarded,Long/3pt,Make 3 Pts,11,33.3,3.0,150.0,0.0,0.0,11,100.0,,,100.0,,11,150.0,0.0,,,11,0,,11.0,0.0,100.0,0,0,0,,11,0,1.0,33
Justin Wright,Winnipeg Sea Bears,2024-2025,offense,P&R ball handler,Open,4,No Dribble Jumper,P&R Including Passes > Spot-Up > No Dribble Jumper > Open,P&R Including Passes,Spot-Up,No Dribble Jumper,Open,,,15,31.3,1.6,80.0,0.0,0.0,15,53.3,,,53.3,,15,80.0,0.0,,,8,7,,15.0,0.0,53.3,0,0,0,,8,7,1.0,24
Justin Wright,Winnipeg Sea Bears,2024-2025,offense,P&R ball handler,Long/3pt,5,Open,P&R Including Passes > Spot-Up > No Dribble Jumper > Open > Long/3pt,P&R Including Passes,Spot-Up,No Dribble Jumper,Open,Long/3pt,,15,100.0,1.6,80.0,0.0,0.0,15,53.3,,,53.3,,15,80.0,0.0,,,8,7,,15.0,0.0,53.3,0,0,0,,8,7,1.0,24
Justin Wright,Winnipeg Sea Bears,2024-2025,offense,P&R ball handler,Make 3 Pts,6,Long/3pt,P&R Including Passes > Spot-Up > No Dribble Jumper > Open > Long/3pt > Make 3 Pts,P&R Including Passes,Spot-Up,No Dribble Jumper,Open,Long/3pt,Make 3 Pts,8,53.3,3.0,150.0,0.0,0.0,8,100.0,,,100.0,,8,150.0,0.0,,,8,0,,8.0,0.0,100.0,0,0,0,,8,0,1.0,24
Justin Wright,Winnipeg Sea Bears,2024-2025,offense,P&R ball handler,Miss 3 Pts,6,Long/3pt,P&R Including Passes > Spot-Up > No Dribble Jumper > Open > Long/3pt > Miss 3 Pts,P&R Including Passes,Spot-Up,No Dribble Jumper,Open,Long/3pt,Miss 3 Pts,7,46.7,0.0,0.0,0.0,0.0,7,0.0,,,0.0,,7,0.0,0.0,,,0,7,,7.0,0.0,0.0,0,0,0,,0,7,1.0,0
Justin Wright,Winnipeg Sea Bears,2024-2025,offense,P&R ball handler,Drives Left,3,Spot-Up,P&R Including Passes > Spot-Up > Drives Left,P&R Including Passes,Spot-Up,Drives Left,,,,20,22.7,0.6,36.8,20.0,10.0,5,20.0,,,26.7,,15,30.0,10.0,,,4,11,,16.3,0.2,25.0,10,3,7,30.0,1,4,0.33,12
Justin Wright,Winnipeg Sea Bears,2024-2025,offense,P&R ball handler,Dribble Jumper,4,Drives Left,P&R Including Passes > Spot-Up > Drives Left > Dribble Jumper,P&R Including Passes,Spot-Up,Drives Left,Dribble Jumper,,,9,45.0,0.556,27.8,0.0,0.0,5,20.0,,,22.2,,9,27.8,0.0,,,2,7,,9.0,0.0,22.2,4,1,3,25.0,1,4,0.56,5
Justin Wright,Winnipeg Sea Bears,2024-2025,offense,P&R ball handler,Long/3pt,5,Dribble Jumper,P&R Including Passes > Spot-Up > Drives Left > Dribble Jumper > Long/3pt,P&R Including Passes,Spot-Up,Drives Left,Dribble Jumper,Long/3pt,,5,55.6,0.6,30.0,0.0,0.0,5,20.0,,,20.0,,5,30.0,0.0,,,1,4,,5.0,0.0,20.0,0,0,0,,1,4,1.0,3
Justin Wright,Winnipeg Sea Bears,2024-2025,offense,P&R ball handler,Miss 3 Pts,6,Long/3pt,P&R Including Passes > Spot-Up > Drives Left > Dribble Jumper > Long/3pt > Miss 3 Pts,P&R Including Passes,Spot-Up,Drives Left,Dribble Jumper,Long/3pt,Miss 3 Pts,4,80.0,0.0,0.0,0.0,0.0,4,0.0,,,0.0,,4,0.0,0.0,,,0,4,,4.0,0.0,0.0,0,0,0,,0,4,1.0,0
Justin Wright,Winnipeg Sea Bears,2024-2025,offense,P&R ball handler,Make 3 Pts,6,Long/3pt,P&R Including Passes > Spot-Up > Drives Left > Dribble Jumper > Long/3pt > Make 3 Pts,P&R Including Passes,Spot-Up,Drives Left,Dribble Jumper,Long/3pt,Make 3 Pts,1,20.0,3.0,150.0,0.0,0.0,1,100.0,,,100.0,,1,150.0,0.0,,,1,0,,1.0,0.0,100.0,0,0,0,,1,0,1.0,3
Justin Wright,Winnipeg Sea Bears,2024-2025,offense,P&R ball handler,Medium/17' to 3pt,5,Dribble Jumper,P&R Including Passes > Spot-Up > Drives Left > Dribble Jumper > Medium/17' to 3pt,P&R Including Passes,Spot-Up,Drives Left,Dribble Jumper,Medium/17' to 3pt,,2,22.2,1.0,50.0,0.0,0.0,0,,,,50.0,,2,50.0,0.0,,,1,1,,2.0,0.0,50.0,2,1,1,50.0,0,0,0.0,2
Justin Wright,Winnipeg Sea Bears,2024-2025,offense,P&R ball handler,Miss 2 Pts,6,Medium/17' to 3pt,P&R Including Passes > Spot-Up > Drives Left > Dribble Jumper > Medium/17' to 3pt > Miss 2 Pts,P&R Including Passes,Spot-Up,Drives Left,Dribble Jumper,Medium/17' to 3pt,Miss 2 Pts,1,50.0,0.0,0.0,0.0,0.0,0,,,,0.0,,1,0.0,0.0,,,0,1,,1.0,0.0,0.0,1,0,1,0.0,0,0,0.0,0
Justin Wright,Winnipeg Sea Bears,2024-2025,offense,P&R ball handler,Make 2 Pts,6,Medium/17' to 3pt,P&R Including Passes > Spot-Up > Drives Left > Dribble Jumper > Medium/17' to 3pt > Make 2 Pts,P&R Including Passes,Spot-Up,Drives Left,Dribble Jumper,Medium/17' to 3pt,Make 2 Pts,1,50.0,2.0,100.0,0.0,0.0,0,,,,100.0,,1,100.0,0.0,,,1,0,,1.0,0.0,100.0,1,1,0,100.0,0,0,0.0,2
Justin Wright,Winnipeg Sea Bears,2024-2025,offense,P&R ball handler,Short to < 17,5,Dribble Jumper,P&R Including Passes > Spot-Up > Drives Left > Dribble Jumper > Short to < 17,P&R Including Passes,Spot-Up,Drives Left,Dribble Jumper,Short to < 17,,2,22.2,0.0,0.0,0.0,0.0,0,,,,0.0,,2,0.0,0.0,,,0,2,,2.0,0.0,0.0,2,0,2,0.0,0,0,0.0,0
Justin Wright,Winnipeg Sea Bears,2024-2025,offense,P&R ball handler,Miss 2 Pts,6,Short to < 17,P&R Including Passes > Spot-Up > Drives Left > Dribble Jumper > Short to < 17 > Miss 2 Pts,P&R Including Passes,Spot-Up,Drives Left,Dribble Jumper,Short to < 17,Miss 2 Pts,2,100.0,0.0,0.0,0.0,0.0,0,,,,0.0,,2,0.0,0.0,,,0,2,,2.0,0.0,0.0,2,0,2,0.0,0,0,0.0,0
Justin Wright,Winnipeg Sea Bears,2024-2025,offense,P&R ball handler,To Basket,4,Drives Left,P&R Including Passes > Spot-Up > Drives Left > To Basket,P&R Including Passes,Spot-Up,Drives Left,To Basket,,,7,35.0,1.0,47.8,0.0,28.6,0,,,,33.3,,6,33.3,28.6,,,2,4,,7.3,0.5,42.9,6,2,4,33.3,0,0,0.0,7
Justin Wright,Winnipeg Sea Bears,2024-2025,offense,P&R ball handler,Miss 2 Pts,5,To Basket,P&R Including Passes > Spot-Up > Drives Left > To Basket > Miss 2 Pts,P&R Including Passes,Spot-Up,Drives Left,To Basket,Miss 2 Pts,,4,57.1,0.0,0.0,0.0,0.0,0,,,,0.0,,4,0.0,0.0,,,0,4,,4.0,0.0,0.0,4,0,4,0.0,0,0,0.0,0
Justin Wright,Winnipeg Sea Bears,2024-2025,offense,P&R ball handler,Make 2 Pts Foul,5,To Basket,P&R Including Passes > Spot-Up > Drives Left > To Basket > Make 2 Pts Foul,P&R Including Passes,Spot-Up,Drives Left,To Basket,Make 2 Pts Foul,,1,14.3,3.0,104.2,0.0,100.0,0,,,,100.0,,1,100.0,100.0,,,1,0,,1.4,1.0,100.0,1,1,0,100.0,0,0,0.0,3
Justin Wright,Winnipeg Sea Bears,2024-2025,offense,P&R ball handler,1 Pts,6,Make 2 Pts Foul,P&R Including Passes > Spot-Up > Drives Left > To Basket > Make 2 Pts Foul > 1 Pts,P&R Including Passes,Spot-Up,Drives Left,To Basket,Make 2 Pts Foul,1 Pts,1,100.0,3.0,104.2,0.0,100.0,0,,,,100.0,,1,100.0,100.0,,,1,0,,1.4,1.0,100.0,1,1,0,100.0,0,0,0.0,3
Justin Wright,Winnipeg Sea Bears,2024-2025,offense,P&R ball handler,Foul,5,To Basket,P&R Including Passes > Spot-Up > Drives Left > To Basket > Foul,P&R Including Passes,Spot-Up,Drives Left,To Basket,Foul,,1,14.3,2.0,113.6,0.0,100.0,0,,,,,,0,,100.0,,,0,0,,0.9,,100.0,0,0,0,,0,0,,2
Justin Wright,Winnipeg Sea Bears,2024-2025,offense,P&R ball handler,Make 2 Pts,5,To Basket,P&R Including Passes > Spot-Up > Drives Left > To Basket > Make 2 Pts,P&R Including Passes,Spot-Up,Drives Left,To Basket,Make 2 Pts,,1,14.3,2.0,100.0,0.0,0.0,0,,,,100.0,,1,100.0,0.0,,,1,0,,1.0,0.0,100.0,1,1,0,100.0,0,0,0.0,2
Justin Wright,Winnipeg Sea Bears,2024-2025,offense,P&R ball handler,Turnover,4,Drives Left,P&R Including Passes > Spot-Up > Drives Left > Turnover,P&R Including Passes,Spot-Up,Drives Left,Turnover,,,4,20.0,0.0,,100.0,0.0,0,,,,,,0,,0.0,,,0,0,,0.0,,0.0,0,0,0,,0,0,,0
Justin Wright,Winnipeg Sea Bears,2024-2025,offense,P&R ball handler,Drives Right,3,Spot-Up,P&R Including Passes > Spot-Up > Drives Right,P&R Including Passes,Spot-Up,Drives Right,,,,19,21.6,1.105,73.9,26.3,15.8,3,66.7,,,66.7,,12,75.0,15.8,,,8,4,,14.2,0.42,52.6,9,6,3,66.7,2,1,0.25,21
Justin Wright,Winnipeg Sea Bears,2024-2025,offense,P&R ball handler,To Basket,4,Drives Right,P&R Including Passes > Spot-Up > Drives Right > To Basket,P&R Including Passes,Spot-Up,Drives Right,To Basket,,,11,57.9,1.364,67.0,0.0,27.3,0,,,,66.7,,9,66.7,27.3,,,6,3,,11.2,0.56,72.7,9,6,3,66.7,0,0,0.0,15
Justin Wright,Winnipeg Sea Bears,2024-2025,offense,P&R ball handler,Make 2 Pts,5,To Basket,P&R Including Passes > Spot-Up > Drives Right > To Basket > Make 2 Pts,P&R Including Passes,Spot-Up,Drives Right,To Basket,Make 2 Pts,,5,45.5,2.0,100.0,0.0,0.0,0,,,,100.0,,5,100.0,0.0,,,5,0,,5.0,0.0,100.0,5,5,0,100.0,0,0,0.0,10
Justin Wright,Winnipeg Sea Bears,2024-2025,offense,P&R ball handler,Miss 2 Pts,5,To Basket,P&R Including Passes > Spot-Up > Drives Right > To Basket > Miss 2 Pts,P&R Including Passes,Spot-Up,Drives Right,To Basket,Miss 2 Pts,,3,27.3,0.0,0.0,0.0,0.0,0,,,,0.0,,3,0.0,0.0,,,0,3,,3.0,0.0,0.0,3,0,3,0.0,0,0,0.0,0
Justin Wright,Winnipeg Sea Bears,2024-2025,offense,P&R ball handler,Foul,5,To Basket,P&R Including Passes > Spot-Up > Drives Right > To Basket > Foul,P&R Including Passes,Spot-Up,Drives Right,To Basket,Foul,,2,18.2,1.5,85.2,0.0,100.0,0,,,,,,0,,100.0,,,0,0,,1.8,,100.0,0,0,0,,0,0,,3
Justin Wright,Winnipeg Sea Bears,2024-2025,offense,P&R ball handler,Make 2 Pts Foul,5,To Basket,P&R Including Passes > Spot-Up > Drives Right > To Basket > Make 2 Pts Foul,P&R Including Passes,Spot-Up,Drives Right,To Basket,Make 2 Pts Foul,,1,9.1,2.0,69.4,0.0,100.0,0,,,,100.0,,1,100.0,100.0,,,1,0,,1.4,1.0,100.0,1,1,0,100.0,0,0,0.0,2
Justin Wright,Winnipeg Sea Bears,2024-2025,offense,P&R ball handler,Turnover,4,Drives Right,P&R Including Passes > Spot-Up > Drives Right > Turnover,P&R Including Passes,Spot-Up,Drives Right,Turnover,,,5,26.3,0.0,,100.0,0.0,0,,,,,,0,,0.0,,,0,0,,0.0,,0.0,0,0,0,,0,0,,0
Justin Wright,Winnipeg Sea Bears,2024-2025,offense,P&R ball handler,Dribble Jumper,4,Drives Right,P&R Including Passes > Spot-Up > Drives Right > Dribble Jumper,P&R Including Passes,Spot-Up,Drives Right,Dribble Jumper,,,3,15.8,2.0,100.0,0.0,0.0,3,66.7,,,66.7,,3,100.0,0.0,,,2,1,,3.0,0.0,66.7,0,0,0,,2,1,1.0,6
Justin Wright,Winnipeg Sea Bears,2024-2025,offense,P&R ball handler,Long/3pt,5,Dribble Jumper,P&R Including Passes > Spot-Up > Drives Right > Dribble Jumper > Long/3pt,P&R Including Passes,Spot-Up,Drives Right,Dribble Jumper,Long/3pt,,3,100.0,2.0,100.0,0.0,0.0,3,66.7,,,66.7,,3,100.0,0.0,,,2,1,,3.0,0.0,66.7,0,0,0,,2,1,1.0,6
Justin Wright,Winnipeg Sea Bears,2024-2025,offense,P&R ball handler,Make 3 Pts,6,Long/3pt,P&R Including Passes > Spot-Up > Drives Right > Dribble Jumper > Long/3pt > Make 3 Pts,P&R Including Passes,Spot-Up,Drives Right,Dribble Jumper,Long/3pt,Make 3 Pts,2,66.7,3.0,150.0,0.0,0.0,2,100.0,,,100.0,,2,150.0,0.0,,,2,0,,2.0,0.0,100.0,0,0,0,,2,0,1.0,6
Justin Wright,Winnipeg Sea Bears,2024-2025,offense,P&R ball handler,Miss 3 Pts,6,Long/3pt,P&R Including Passes > Spot-Up > Drives Right > Dribble Jumper > Long/3pt > Miss 3 Pts,P&R Including Passes,Spot-Up,Drives Right,Dribble Jumper,Long/3pt,Miss 3 Pts,1,33.3,0.0,0.0,0.0,0.0,1,0.0,,,0.0,,1,0.0,0.0,,,0,1,,1.0,0.0,0.0,0,0,0,,0,1,1.0,0
Justin Wright,Winnipeg Sea Bears,2024-2025,offense,P&R ball handler,Turnover,3,Spot-Up,P&R Including Passes > Spot-Up > Turnover,P&R Including Passes,Spot-Up,Turnover,,,,1,1.1,0.0,,100.0,0.0,0,,,,,,0,,0.0,,,0,0,,0.0,,0.0,0,0,0,,0,0,,0
Justin Wright,Winnipeg Sea Bears,2024-2025,offense,P&R ball handler,P&R Roll Man,2,P&R Including Passes,P&R Including Passes > P&R Roll Man,P&R Including Passes,P&R Roll Man,,,,,58,17.6,1.017,61.7,17.2,10.3,12,58.3,,,53.5,,43,61.6,10.3,,,23,20,,47.8,0.26,46.6,31,16,15,51.6,7,5,0.28,59
Justin Wright,Winnipeg Sea Bears,2024-2025,offense,P&R ball handler,Rolls to Basket,3,P&R Roll Man,P&R Including Passes > P&R Roll Man > Rolls to Basket,P&R Including Passes,P&R Roll Man,Rolls to Basket,,,,29,50.0,0.793,49.6,20.7,10.3,0,,,,47.6,,21,47.6,10.3,,,10,11,,23.2,0.24,41.4,21,10,11,47.6,0,0,0.0,23
Justin Wright,Winnipeg Sea Bears,2024-2025,offense,P&R ball handler,Miss 2 Pts,4,Rolls to Basket,P&R Including Passes > P&R Roll Man > Rolls to Basket > Miss 2 Pts,P&R Including Passes,P&R Roll Man,Rolls to Basket,Miss 2 Pts,,,11,37.9,0.0,0.0,0.0,0.0,0,,,,0.0,,11,0.0,0.0,,,0,11,,11.0,0.0,0.0,11,0,11,0.0,0,0,0.0,0
Justin Wright,Winnipeg Sea Bears,2024-2025,offense,P&R ball handler,Make 2 Pts,4,Rolls to Basket,P&R Including Passes > P&R Roll Man > Rolls to Basket > Make 2 Pts,P&R Including Passes,P&R Roll Man,Rolls to Basket,Make 2 Pts,,,9,31.0,2.0,100.0,0.0,0.0,0,,,,100.0,,9,100.0,0.0,,,9,0,,9.0,0.0,100.0,9,9,0,100.0,0,0,0.0,18
Justin Wright,Winnipeg Sea Bears,2024-2025,offense,P&R ball handler,Turnover,4,Rolls to Basket,P&R Including Passes > P&R Roll Man > Rolls to Basket > Turnover,P&R Including Passes,P&R Roll Man,Rolls to Basket,Turnover,,,6,20.7,0.0,,100.0,0.0,0,,,,,,0,,0.0,,,0,0,,0.0,,0.0,0,0,0,,0,0,,0
Justin Wright,Winnipeg Sea Bears,2024-2025,offense,P&R ball handler,Foul,4,Rolls to Basket,P&R Including Passes > P&R Roll Man > Rolls to Basket > Foul,P&R Including Passes,P&R Roll Man,Rolls to Basket,Foul,,,2,6.9,1.5,85.2,0.0,100.0,0,,,,,,0,,100.0,,,0,0,,1.8,,100.0,0,0,0,,0,0,,3
Justin Wright,Winnipeg Sea Bears,2024-2025,offense,P&R ball handler,Make 2 Pts Foul,4,Rolls to Basket,P&R Including Passes > P&R Roll Man > Rolls to Basket > Make 2 Pts Foul,P&R Including Passes,P&R Roll Man,Rolls to Basket,Make 2 Pts Foul,,,1,3.4,2.0,69.4,0.0,100.0,0,,,,100.0,,1,100.0,100.0,,,1,0,,1.4,1.0,100.0,1,1,0,100.0,0,0,0.0,2
Justin Wright,Winnipeg Sea Bears,2024-2025,offense,P&R ball handler,Pick and Pops,3,P&R Roll Man,P&R Including Passes > P&R Roll Man > Pick and Pops,P&R Including Passes,P&R Roll Man,Pick and Pops,,,,18,31.0,1.111,63.5,11.1,11.1,9,55.6,,,50.0,,14,67.9,11.1,,,7,7,,15.8,0.29,44.4,5,2,3,40.0,5,4,0.64,20
Justin Wright,Winnipeg Sea Bears,2024-2025,offense,P&R ball handler,No Dribble Jumper,4,Pick and Pops,P&R Including Passes > P&R Roll Man > Pick and Pops > No Dribble Jumper,P&R Including Passes,P&R Roll Man,Pick and Pops,No Dribble Jumper,,,9,50.0,1.667,83.3,0.0,0.0,8,62.5,,,55.6,,9,83.3,0.0,,,5,4,,9.0,0.0,55.6,1,0,1,0.0,5,3,0.89,15
Justin Wright,Winnipeg Sea Bears,2024-2025,offense,P&R ball handler,Guarded,5,No Dribble Jumper,P&R Including Passes > P&R Roll Man > Pick and Pops > No Dribble Jumper > Guarded,P&R Including Passes,P&R Roll Man,Pick and Pops,No Dribble Jumper,Guarded,,5,55.6,2.4,120.0,0.0,0.0,5,80.0,,,80.0,,5,120.0,0.0,,,4,1,,5.0,0.0,80.0,0,0,0,,4,1,1.0,12
Justin Wright,Winnipeg Sea Bears,2024-2025,offense,P&R ball handler,Long/3pt,6,Guarded,P&R Including Passes > P&R Roll Man > Pick and Pops > No Dribble Jumper > Guarded > Long/3pt,P&R Including Passes,P&R Roll Man,Pick and Pops,No Dribble Jumper,Guarded,Long/3pt,5,100.0,2.4,120.0,0.0,0.0,5,80.0,,,80.0,,5,120.0,0.0,,,4,1,,5.0,0.0,80.0,0,0,0,,4,1,1.0,12
Justin Wright,Winnipeg Sea Bears,2024-2025,offense,P&R ball handler,Open,5,No Dribble Jumper,P&R Including Passes > P&R Roll Man > Pick and Pops > No Dribble Jumper > Open,P&R Including Passes,P&R Roll Man,Pick and Pops,No Dribble Jumper,Open,,4,44.4,0.75,37.5,0.0,0.0,3,33.3,,,25.0,,4,37.5,0.0,,,1,3,,4.0,0.0,25.0,1,0,1,0.0,1,2,0.75,3
Justin Wright,Winnipeg Sea Bears,2024-2025,offense,P&R ball handler,Long/3pt,6,Open,P&R Including Passes > P&R Roll Man > Pick and Pops > No Dribble Jumper > Open > Long/3pt,P&R Including Passes,P&R Roll Man,Pick and Pops,No Dribble Jumper,Open,Long/3pt,3,75.0,1.0,50.0,0.0,0.0,3,33.3,,,33.3,,3,50.0,0.0,,,1,2,,3.0,0.0,33.3,0,0,0,,1,2,1.0,3
Justin Wright,Winnipeg Sea Bears,2024-2025,offense,P&R ball handler,Short to < 17,6,Open,P&R Including Passes > P&R Roll Man > Pick and Pops > No Dribble Jumper > Open > Short to < 17,P&R Including Passes,P&R Roll Man,Pick and Pops,No Dribble Jumper,Open,Short to < 17,1,25.0,0.0,0.0,0.0,0.0,0,,,,0.0,,1,0.0,0.0,,,0,1,,1.0,0.0,0.0,1,0,1,0.0,0,0,0.0,0
Justin Wright,Winnipeg Sea Bears,2024-2025,offense,P&R ball handler,Drives Right,4,Pick and Pops,P&R Including Passes > P&R Roll Man > Pick and Pops > Drives Right,P&R Including Passes,P&R Roll Man,Pick and Pops,Drives Right,,,5,27.8,0.8,51.5,20.0,20.0,0,,,,66.7,,3,66.7,20.0,,,2,1,,3.9,0.67,40.0,3,2,1,66.7,0,0,0.0,4
Justin Wright,Winnipeg Sea Bears,2024-2025,offense,P&R ball handler,To Basket,5,Drives Right,P&R Including Passes > P&R Roll Man > Pick and Pops > Drives Right > To Basket,P&R Including Passes,P&R Roll Man,Pick and Pops,Drives Right,To Basket,,3,60.0,1.333,69.4,0.0,33.3,0,,,,100.0,,2,100.0,33.3,,,2,0,,2.9,1.0,66.7,2,2,0,100.0,0,0,0.0,4
Justin Wright,Winnipeg Sea Bears,2024-2025,offense,P&R ball handler,Make 2 Pts,6,To Basket,P&R Including Passes > P&R Roll Man > Pick and Pops > Drives Right > To Basket > Make 2 Pts,P&R Including Passes,P&R Roll Man,Pick and Pops,Drives Right,To Basket,Make 2 Pts,2,66.7,2.0,100.0,0.0,0.0,0,,,,100.0,,2,100.0,0.0,,,2,0,,2.0,0.0,100.0,2,2,0,100.0,0,0,0.0,4
Justin Wright,Winnipeg Sea Bears,2024-2025,offense,P&R ball handler,Foul,6,To Basket,P&R Including Passes > P&R Roll Man > Pick and Pops > Drives Right > To Basket > Foul,P&R Including Passes,P&R Roll Man,Pick and Pops,Drives Right,To Basket,Foul,1,33.3,0.0,0.0,0.0,100.0,0,,,,,,0,,100.0,,,0,0,,0.9,,0.0,0,0,0,,0,0,,0
Justin Wright,Winnipeg Sea Bears,2024-2025,offense,P&R ball handler,Turnover,5,Drives Right,P&R Including Passes > P&R Roll Man > Pick and Pops > Drives Right > Turnover,P&R Including Passes,P&R Roll Man,Pick and Pops,Drives Right,Turnover,,1,20.0,0.0,,100.0,0.0,0,,,,,,0,,0.0,,,0,0,,0.0,,0.0,0,0,0,,0,0,,0
Justin Wright,Winnipeg Sea Bears,2024-2025,offense,P&R ball handler,Dribble Jumper,5,Drives Right,P&R Including Passes > P&R Roll Man > Pick and Pops > Drives Right > Dribble Jumper,P&R Including Passes,P&R Roll Man,Pick and Pops,Drives Right,Dribble Jumper,,1,20.0,0.0,0.0,0.0,0.0,0,,,,0.0,,1,0.0,0.0,,,0,1,,1.0,0.0,0.0,1,0,1,0.0,0,0,0.0,0
Justin Wright,Winnipeg Sea Bears,2024-2025,offense,P&R ball handler,Short to < 17,6,Dribble Jumper,P&R Including Passes > P&R Roll Man > Pick and Pops > Drives Right > Dribble Jumper > Short to < 17,P&R Including Passes,P&R Roll Man,Pick and Pops,Drives Right,Dribble Jumper,Short to < 17,1,100.0,0.0,0.0,0.0,0.0,0,,,,0.0,,1,0.0,0.0,,,0,1,,1.0,0.0,0.0,1,0,1,0.0,0,0,0.0,0
Justin Wright,Winnipeg Sea Bears,2024-2025,offense,P&R ball handler,Drives Left,4,Pick and Pops,P&R Including Passes > P&R Roll Man > Pick and Pops > Drives Left,P&R Including Passes,P&R Roll Man,Pick and Pops,Drives Left,,,4,22.2,0.25,17.4,25.0,25.0,1,0.0,,,0.0,,2,0.0,25.0,,,0,2,,2.9,1.0,25.0,1,0,1,0.0,0,1,0.5,1
Justin Wright,Winnipeg Sea Bears,2024-2025,offense,P&R ball handler,Dribble Jumper,5,Drives Left,P&R Including Passes > P&R Roll Man > Pick and Pops > Drives Left > Dribble Jumper,P&R Including Passes,P&R Roll Man,Pick and Pops,Drives Left,Dribble Jumper,,2,50.0,0.0,0.0,0.0,0.0,1,0.0,,,0.0,,2,0.0,0.0,,,0,2,,2.0,0.0,0.0,1,0,1,0.0,0,1,0.5,0
Justin Wright,Winnipeg Sea Bears,2024-2025,offense,P&R ball handler,Long/3pt,6,Dribble Jumper,P&R Including Passes > P&R Roll Man > Pick and Pops > Drives Left > Dribble Jumper > Long/3pt,P&R Including Passes,P&R Roll Man,Pick and Pops,Drives Left,Dribble Jumper,Long/3pt,1,50.0,0.0,0.0,0.0,0.0,1,0.0,,,0.0,,1,0.0,0.0,,,0,1,,1.0,0.0,0.0,0,0,0,,0,1,1.0,0
Justin Wright,Winnipeg Sea Bears,2024-2025,offense,P&R ball handler,Short to < 17,6,Dribble Jumper,P&R Including Passes > P&R Roll Man > Pick and Pops > Drives Left > Dribble Jumper > Short to < 17,P&R Including Passes,P&R Roll Man,Pick and Pops,Drives Left,Dribble Jumper,Short to < 17,1,50.0,0.0,0.0,0.0,0.0,0,,,,0.0,,1,0.0,0.0,,,0,1,,1.0,0.0,0.0,1,0,1,0.0,0,0,0.0,0
Justin Wright,Winnipeg Sea Bears,2024-2025,offense,P&R ball handler,To Basket,5,Drives Left,P&R Including Passes > P&R Roll Man > Pick and Pops > Drives Left > To Basket,P&R Including Passes,P&R Roll Man,Pick and Pops,Drives Left,To Basket,,1,25.0,1.0,56.8,0.0,100.0,0,,,,,,0,,100.0,,,0,0,,0.9,,100.0,0,0,0,,0,0,,1
Justin Wright,Winnipeg Sea Bears,2024-2025,offense,P&R ball handler,Foul,6,To Basket,P&R Including Passes > P&R Roll Man > Pick and Pops > Drives Left > To Basket > Foul,P&R Including Passes,P&R Roll Man,Pick and Pops,Drives Left,To Basket,Foul,1,100.0,1.0,56.8,0.0,100.0,0,,,,,,0,,100.0,,,0,0,,0.9,,100.0,0,0,0,,0,0,,1
Justin Wright,Winnipeg Sea Bears,2024-2025,offense,P&R ball handler,Turnover,5,Drives Left,P&R Including Passes > P&R Roll Man > Pick and Pops > Drives Left > Turnover,P&R Including Passes,P&R Roll Man,Pick and Pops,Drives Left,Turnover,,1,25.0,0.0,,100.0,0.0,0,,,,,,0,,0.0,,,0,0,,0.0,,0.0,0,0,0,,0,0,,0
Justin Wright,Winnipeg Sea Bears,2024-2025,offense,P&R ball handler,Slips the Pick,3,P&R Roll Man,P&R Including Passes > P&R Roll Man > Slips the Pick,P&R Including Passes,P&R Roll Man,Slips the Pick,,,,11,19.0,1.455,90.1,18.2,9.1,3,66.7,,,75.0,,8,87.5,9.1,,,6,2,,8.9,0.25,63.6,5,4,1,80.0,2,1,0.38,16
Justin Wright,Winnipeg Sea Bears,2024-2025,offense,P&R ball handler,To Basket,4,Slips the Pick,P&R Including Passes > P&R Roll Man > Slips the Pick > To Basket,P&R Including Passes,P&R Roll Man,Slips the Pick,To Basket,,,6,54.5,1.667,85.0,0.0,16.7,0,,,,80.0,,5,80.0,16.7,,,4,1,,5.9,0.4,83.3,5,4,1,80.0,0,0,0.0,10
Justin Wright,Winnipeg Sea Bears,2024-2025,offense,P&R ball handler,Make 2 Pts,5,To Basket,P&R Including Passes > P&R Roll Man > Slips the Pick > To Basket > Make 2 Pts,P&R Including Passes,P&R Roll Man,Slips the Pick,To Basket,Make 2 Pts,,4,66.7,2.0,100.0,0.0,0.0,0,,,,100.0,,4,100.0,0.0,,,4,0,,4.0,0.0,100.0,4,4,0,100.0,0,0,0.0,8
Justin Wright,Winnipeg Sea Bears,2024-2025,offense,P&R ball handler,Miss 2 Pts,5,To Basket,P&R Including Passes > P&R Roll Man > Slips the Pick > To Basket > Miss 2 Pts,P&R Including Passes,P&R Roll Man,Slips the Pick,To Basket,Miss 2 Pts,,1,16.7,0.0,0.0,0.0,0.0,0,,,,0.0,,1,0.0,0.0,,,0,1,,1.0,0.0,0.0,1,0,1,0.0,0,0,0.0,0
Justin Wright,Winnipeg Sea Bears,2024-2025,offense,P&R ball handler,Foul,5,To Basket,P&R Including Passes > P&R Roll Man > Slips the Pick > To Basket > Foul,P&R Including Passes,P&R Roll Man,Slips the Pick,To Basket,Foul,,1,16.7,2.0,113.6,0.0,100.0,0,,,,,,0,,100.0,,,0,0,,0.9,,100.0,0,0,0,,0,0,,2
Justin Wright,Winnipeg Sea Bears,2024-2025,offense,P&R ball handler,No Dribble Jumper,4,Slips the Pick,P&R Including Passes > P&R Roll Man > Slips the Pick > No Dribble Jumper,P&R Including Passes,P&R Roll Man,Slips the Pick,No Dribble Jumper,,,3,27.3,2.0,100.0,0.0,0.0,3,66.7,,,66.7,,3,100.0,0.0,,,2,1,,3.0,0.0,66.7,0,0,0,,2,1,1.0,6
Justin Wright,Winnipeg Sea Bears,2024-2025,offense,P&R ball handler,Open,5,No Dribble Jumper,P&R Including Passes > P&R Roll Man > Slips the Pick > No Dribble Jumper > Open,P&R Including Passes,P&R Roll Man,Slips the Pick,No Dribble Jumper,Open,,3,100.0,2.0,100.0,0.0,0.0,3,66.7,,,66.7,,3,100.0,0.0,,,2,1,,3.0,0.0,66.7,0,0,0,,2,1,1.0,6
Justin Wright,Winnipeg Sea Bears,2024-2025,offense,P&R ball handler,Long/3pt,6,Open,P&R Including Passes > P&R Roll Man > Slips the Pick > No Dribble Jumper > Open > Long/3pt,P&R Including Passes,P&R Roll Man,Slips the Pick,No Dribble Jumper,Open,Long/3pt,3,100.0,2.0,100.0,0.0,0.0,3,66.7,,,66.7,,3,100.0,0.0,,,2,1,,3.0,0.0,66.7,0,0,0,,2,1,1.0,6
Justin Wright,Winnipeg Sea Bears,2024-2025,offense,P&R ball handler,Turnover,4,Slips the Pick,P&R Including Passes > P&R Roll Man > Slips the Pick > Turnover,P&R Including Passes,P&R Roll Man,Slips the Pick,Turnover,,,2,18.2,0.0,,100.0,0.0,0,,,,,,0,,0.0,,,0,0,,0.0,,0.0,0,0,0,,0,0,,0
Justin Wright,Winnipeg Sea Bears,2024-2025,offense,P&R ball handler,Cut,2,P&R Including Passes,P&R Including Passes > Cut,P&R Including Passes,Cut,,,,,8,2.4,1.0,58.1,12.5,12.5,0,,,,66.7,,6,66.7,12.5,,,4,2,,6.9,0.33,50.0,6,4,2,66.7,0,0,0.0,8
Justin Wright,Winnipeg Sea Bears,2024-2025,offense,P&R ball handler,Basket,3,Cut,P&R Including Passes > Cut > Basket,P&R Including Passes,Cut,Basket,,,,5,62.5,1.2,61.5,0.0,20.0,0,,,,75.0,,4,75.0,20.0,,,3,1,,4.9,0.5,60.0,4,3,1,75.0,0,0,0.0,6
Justin Wright,Winnipeg Sea Bears,2024-2025,offense,P&R ball handler,Make 2 Pts,4,Basket,P&R Including Passes > Cut > Basket > Make 2 Pts,P&R Including Passes,Cut,Basket,Make 2 Pts,,,3,60.0,2.0,100.0,0.0,0.0,0,,,,100.0,,3,100.0,0.0,,,3,0,,3.0,0.0,100.0,3,3,0,100.0,0,0,0.0,6
Justin Wright,Winnipeg Sea Bears,2024-2025,offense,P&R ball handler,Miss 2 Pts,4,Basket,P&R Including Passes > Cut > Basket > Miss 2 Pts,P&R Including Passes,Cut,Basket,Miss 2 Pts,,,1,20.0,0.0,0.0,0.0,0.0,0,,,,0.0,,1,0.0,0.0,,,0,1,,1.0,0.0,0.0,1,0,1,0.0,0,0,0.0,0
Justin Wright,Winnipeg Sea Bears,2024-2025,offense,P&R ball handler,Foul,4,Basket,P&R Including Passes > Cut > Basket > Foul,P&R Including Passes,Cut,Basket,Foul,,,1,20.0,0.0,0.0,0.0,100.0,0,,,,,,0,,100.0,,,0,0,,0.9,,0.0,0,0,0,,0,0,,0
Justin Wright,Winnipeg Sea Bears,2024-2025,offense,P&R ball handler,Flash,3,Cut,P&R Including Passes > Cut > Flash,P&R Including Passes,Cut,Flash,,,,2,25.0,1.0,50.0,0.0,0.0,0,,,,50.0,,2,50.0,0.0,,,1,1,,2.0,0.0,50.0,2,1,1,50.0,0,0,0.0,2
Justin Wright,Winnipeg Sea Bears,2024-2025,offense,P&R ball handler,Miss 2 Pts,4,Flash,P&R Including Passes > Cut > Flash > Miss 2 Pts,P&R Including Passes,Cut,Flash,Miss 2 Pts,,,1,50.0,0.0,0.0,0.0,0.0,0,,,,0.0,,1,0.0,0.0,,,0,1,,1.0,0.0,0.0,1,0,1,0.0,0,0,0.0,0
Justin Wright,Winnipeg Sea Bears,2024-2025,offense,P&R ball handler,Make 2 Pts,4,Flash,P&R Including Passes > Cut > Flash > Make 2 Pts,P&R Including Passes,Cut,Flash,Make 2 Pts,,,1,50.0,2.0,100.0,0.0,0.0,0,,,,100.0,,1,100.0,0.0,,,1,0,,1.0,0.0,100.0,1,1,0,100.0,0,0,0.0,2
Justin Wright,Winnipeg Sea Bears,2024-2025,offense,P&R ball handler,Screen,3,Cut,P&R Including Passes > Cut > Screen,P&R Including Passes,Cut,Screen,,,,1,12.5,0.0,,100.0,0.0,0,,,,,,0,,0.0,,,0,0,,0.0,,0.0,0,0,0,,0,0,,0
Justin Wright,Winnipeg Sea Bears,2024-2025,offense,P&R ball handler,Turnover,4,Screen,P&R Including Passes > Cut > Screen > Turnover,P&R Including Passes,Cut,Screen,Turnover,,,1,100.0,0.0,,100.0,0.0,0,,,,,,0,,0.0,,,0,0,,0.0,,0.0,0,0,0,,0,0,,0
Justin Wright,Winnipeg Sea Bears,2024-2025,offense,P&R ball handler,P&R BH - Defense Commits,1,,P&R BH - Defense Commits,P&R BH - Defense Commits,,,,,,184,33.9,0.87,59.3,26.6,7.6,68,42.6,Average,42.0,46.8,79.0,124,58.5,6.5,,,58,66,,135.0,0.2,36.4,56,29,27,51.8,29,39,0.55,160
Justin Wright,Winnipeg Sea Bears,2024-2025,offense,P&R ball handler,Spot-Up,2,P&R BH - Defense Commits,P&R BH - Defense Commits > Spot-Up,P&R BH - Defense Commits,Spot-Up,,,,,88,47.8,1.023,57.3,11.4,5.7,56,39.3,,,41.3,,75,56.0,5.7,,,31,44,,78.5,0.11,38.6,19,9,10,47.4,22,34,0.75,90
Justin Wright,Winnipeg Sea Bears,2024-2025,offense,P&R ball handler,No Dribble Jumper,3,Spot-Up,P&R BH - Defense Commits > Spot-Up > No Dribble Jumper,P&R BH - Defense Commits,Spot-Up,No Dribble Jumper,,,,48,54.5,1.188,59.4,0.0,0.0,48,39.6,,,39.6,,48,59.4,0.0,,,19,29,,48.0,0.0,39.6,0,0,0,,19,29,1.0,57
Justin Wright,Winnipeg Sea Bears,2024-2025,offense,P&R ball handler,Guarded,4,No Dribble Jumper,P&R BH - Defense Commits > Spot-Up > No Dribble Jumper > Guarded,P&R BH - Defense Commits,Spot-Up,No Dribble Jumper,Guarded,,,33,68.8,1.0,50.0,0.0,0.0,33,33.3,,,33.3,,33,50.0,0.0,,,11,22,,33.0,0.0,33.3,0,0,0,,11,22,1.0,33
Justin Wright,Winnipeg Sea Bears,2024-2025,offense,P&R ball handler,Long/3pt,5,Guarded,P&R BH - Defense Commits > Spot-Up > No Dribble Jumper > Guarded > Long/3pt,P&R BH - Defense Commits,Spot-Up,No Dribble Jumper,Guarded,Long/3pt,,33,100.0,1.0,50.0,0.0,0.0,33,33.3,,,33.3,,33,50.0,0.0,,,11,22,,33.0,0.0,33.3,0,0,0,,11,22,1.0,33
Justin Wright,Winnipeg Sea Bears,2024-2025,offense,P&R ball handler,Miss 3 Pts,6,Long/3pt,P&R BH - Defense Commits > Spot-Up > No Dribble Jumper > Guarded > Long/3pt > Miss 3 Pts,P&R BH - Defense Commits,Spot-Up,No Dribble Jumper,Guarded,Long/3pt,Miss 3 Pts,22,66.7,0.0,0.0,0.0,0.0,22,0.0,,,0.0,,22,0.0,0.0,,,0,22,,22.0,0.0,0.0,0,0,0,,0,22,1.0,0
Justin Wright,Winnipeg Sea Bears,2024-2025,offense,P&R ball handler,Make 3 Pts,6,Long/3pt,P&R BH - Defense Commits > Spot-Up > No Dribble Jumper > Guarded > Long/3pt > Make 3 Pts,P&R BH - Defense Commits,Spot-Up,No Dribble Jumper,Guarded,Long/3pt,Make 3 Pts,11,33.3,3.0,150.0,0.0,0.0,11,100.0,,,100.0,,11,150.0,0.0,,,11,0,,11.0,0.0,100.0,0,0,0,,11,0,1.0,33
Justin Wright,Winnipeg Sea Bears,2024-2025,offense,P&R ball handler,Open,4,No Dribble Jumper,P&R BH - Defense Commits > Spot-Up > No Dribble Jumper > Open,P&R BH - Defense Commits,Spot-Up,No Dribble Jumper,Open,,,15,31.3,1.6,80.0,0.0,0.0,15,53.3,,,53.3,,15,80.0,0.0,,,8,7,,15.0,0.0,53.3,0,0,0,,8,7,1.0,24
Justin Wright,Winnipeg Sea Bears,2024-2025,offense,P&R ball handler,Long/3pt,5,Open,P&R BH - Defense Commits > Spot-Up > No Dribble Jumper > Open > Long/3pt,P&R BH - Defense Commits,Spot-Up,No Dribble Jumper,Open,Long/3pt,,15,100.0,1.6,80.0,0.0,0.0,15,53.3,,,53.3,,15,80.0,0.0,,,8,7,,15.0,0.0,53.3,0,0,0,,8,7,1.0,24
Justin Wright,Winnipeg Sea Bears,2024-2025,offense,P&R ball handler,Make 3 Pts,6,Long/3pt,P&R BH - Defense Commits > Spot-Up > No Dribble Jumper > Open > Long/3pt > Make 3 Pts,P&R BH - Defense Commits,Spot-Up,No Dribble Jumper,Open,Long/3pt,Make 3 Pts,8,53.3,3.0,150.0,0.0,0.0,8,100.0,,,100.0,,8,150.0,0.0,,,8,0,,8.0,0.0,100.0,0,0,0,,8,0,1.0,24
Justin Wright,Winnipeg Sea Bears,2024-2025,offense,P&R ball handler,Miss 3 Pts,6,Long/3pt,P&R BH - Defense Commits > Spot-Up > No Dribble Jumper > Open > Long/3pt > Miss 3 Pts,P&R BH - Defense Commits,Spot-Up,No Dribble Jumper,Open,Long/3pt,Miss 3 Pts,7,46.7,0.0,0.0,0.0,0.0,7,0.0,,,0.0,,7,0.0,0.0,,,0,7,,7.0,0.0,0.0,0,0,0,,0,7,1.0,0
Justin Wright,Winnipeg Sea Bears,2024-2025,offense,P&R ball handler,Drives Left,3,Spot-Up,P&R BH - Defense Commits > Spot-Up > Drives Left,P&R BH - Defense Commits,Spot-Up,Drives Left,,,,20,22.7,0.6,36.8,20.0,10.0,5,20.0,,,26.7,,15,30.0,10.0,,,4,11,,16.3,0.2,25.0,10,3,7,30.0,1,4,0.33,12
Justin Wright,Winnipeg Sea Bears,2024-2025,offense,P&R ball handler,Dribble Jumper,4,Drives Left,P&R BH - Defense Commits > Spot-Up > Drives Left > Dribble Jumper,P&R BH - Defense Commits,Spot-Up,Drives Left,Dribble Jumper,,,9,45.0,0.556,27.8,0.0,0.0,5,20.0,,,22.2,,9,27.8,0.0,,,2,7,,9.0,0.0,22.2,4,1,3,25.0,1,4,0.56,5
Justin Wright,Winnipeg Sea Bears,2024-2025,offense,P&R ball handler,Long/3pt,5,Dribble Jumper,P&R BH - Defense Commits > Spot-Up > Drives Left > Dribble Jumper > Long/3pt,P&R BH - Defense Commits,Spot-Up,Drives Left,Dribble Jumper,Long/3pt,,5,55.6,0.6,30.0,0.0,0.0,5,20.0,,,20.0,,5,30.0,0.0,,,1,4,,5.0,0.0,20.0,0,0,0,,1,4,1.0,3
Justin Wright,Winnipeg Sea Bears,2024-2025,offense,P&R ball handler,Miss 3 Pts,6,Long/3pt,P&R BH - Defense Commits > Spot-Up > Drives Left > Dribble Jumper > Long/3pt > Miss 3 Pts,P&R BH - Defense Commits,Spot-Up,Drives Left,Dribble Jumper,Long/3pt,Miss 3 Pts,4,80.0,0.0,0.0,0.0,0.0,4,0.0,,,0.0,,4,0.0,0.0,,,0,4,,4.0,0.0,0.0,0,0,0,,0,4,1.0,0
Justin Wright,Winnipeg Sea Bears,2024-2025,offense,P&R ball handler,Make 3 Pts,6,Long/3pt,P&R BH - Defense Commits > Spot-Up > Drives Left > Dribble Jumper > Long/3pt > Make 3 Pts,P&R BH - Defense Commits,Spot-Up,Drives Left,Dribble Jumper,Long/3pt,Make 3 Pts,1,20.0,3.0,150.0,0.0,0.0,1,100.0,,,100.0,,1,150.0,0.0,,,1,0,,1.0,0.0,100.0,0,0,0,,1,0,1.0,3
Justin Wright,Winnipeg Sea Bears,2024-2025,offense,P&R ball handler,Short to < 17,5,Dribble Jumper,P&R BH - Defense Commits > Spot-Up > Drives Left > Dribble Jumper > Short to < 17,P&R BH - Defense Commits,Spot-Up,Drives Left,Dribble Jumper,Short to < 17,,2,22.2,0.0,0.0,0.0,0.0,0,,,,0.0,,2,0.0,0.0,,,0,2,,2.0,0.0,0.0,2,0,2,0.0,0,0,0.0,0
Justin Wright,Winnipeg Sea Bears,2024-2025,offense,P&R ball handler,Miss 2 Pts,6,Short to < 17,P&R BH - Defense Commits > Spot-Up > Drives Left > Dribble Jumper > Short to < 17 > Miss 2 Pts,P&R BH - Defense Commits,Spot-Up,Drives Left,Dribble Jumper,Short to < 17,Miss 2 Pts,2,100.0,0.0,0.0,0.0,0.0,0,,,,0.0,,2,0.0,0.0,,,0,2,,2.0,0.0,0.0,2,0,2,0.0,0,0,0.0,0
Justin Wright,Winnipeg Sea Bears,2024-2025,offense,P&R ball handler,Medium/17' to 3pt,5,Dribble Jumper,P&R BH - Defense Commits > Spot-Up > Drives Left > Dribble Jumper > Medium/17' to 3pt,P&R BH - Defense Commits,Spot-Up,Drives Left,Dribble Jumper,Medium/17' to 3pt,,2,22.2,1.0,50.0,0.0,0.0,0,,,,50.0,,2,50.0,0.0,,,1,1,,2.0,0.0,50.0,2,1,1,50.0,0,0,0.0,2
Justin Wright,Winnipeg Sea Bears,2024-2025,offense,P&R ball handler,Make 2 Pts,6,Medium/17' to 3pt,P&R BH - Defense Commits > Spot-Up > Drives Left > Dribble Jumper > Medium/17' to 3pt > Make 2 Pts,P&R BH - Defense Commits,Spot-Up,Drives Left,Dribble Jumper,Medium/17' to 3pt,Make 2 Pts,1,50.0,2.0,100.0,0.0,0.0,0,,,,100.0,,1,100.0,0.0,,,1,0,,1.0,0.0,100.0,1,1,0,100.0,0,0,0.0,2
Justin Wright,Winnipeg Sea Bears,2024-2025,offense,P&R ball handler,Miss 2 Pts,6,Medium/17' to 3pt,P&R BH - Defense Commits > Spot-Up > Drives Left > Dribble Jumper > Medium/17' to 3pt > Miss 2 Pts,P&R BH - Defense Commits,Spot-Up,Drives Left,Dribble Jumper,Medium/17' to 3pt,Miss 2 Pts,1,50.0,0.0,0.0,0.0,0.0,0,,,,0.0,,1,0.0,0.0,,,0,1,,1.0,0.0,0.0,1,0,1,0.0,0,0,0.0,0
Justin Wright,Winnipeg Sea Bears,2024-2025,offense,P&R ball handler,To Basket,4,Drives Left,P&R BH - Defense Commits > Spot-Up > Drives Left > To Basket,P&R BH - Defense Commits,Spot-Up,Drives Left,To Basket,,,7,35.0,1.0,47.8,0.0,28.6,0,,,,33.3,,6,33.3,28.6,,,2,4,,7.3,0.5,42.9,6,2,4,33.3,0,0,0.0,7
Justin Wright,Winnipeg Sea Bears,2024-2025,offense,P&R ball handler,Miss 2 Pts,5,To Basket,P&R BH - Defense Commits > Spot-Up > Drives Left > To Basket > Miss 2 Pts,P&R BH - Defense Commits,Spot-Up,Drives Left,To Basket,Miss 2 Pts,,4,57.1,0.0,0.0,0.0,0.0,0,,,,0.0,,4,0.0,0.0,,,0,4,,4.0,0.0,0.0,4,0,4,0.0,0,0,0.0,0
Justin Wright,Winnipeg Sea Bears,2024-2025,offense,P&R ball handler,Foul,5,To Basket,P&R BH - Defense Commits > Spot-Up > Drives Left > To Basket > Foul,P&R BH - Defense Commits,Spot-Up,Drives Left,To Basket,Foul,,1,14.3,2.0,113.6,0.0,100.0,0,,,,,,0,,100.0,,,0,0,,0.9,,100.0,0,0,0,,0,0,,2
Justin Wright,Winnipeg Sea Bears,2024-2025,offense,P&R ball handler,Make 2 Pts Foul,5,To Basket,P&R BH - Defense Commits > Spot-Up > Drives Left > To Basket > Make 2 Pts Foul,P&R BH - Defense Commits,Spot-Up,Drives Left,To Basket,Make 2 Pts Foul,,1,14.3,3.0,104.2,0.0,100.0,0,,,,100.0,,1,100.0,100.0,,,1,0,,1.4,1.0,100.0,1,1,0,100.0,0,0,0.0,3
Justin Wright,Winnipeg Sea Bears,2024-2025,offense,P&R ball handler,1 Pts,6,Make 2 Pts Foul,P&R BH - Defense Commits > Spot-Up > Drives Left > To Basket > Make 2 Pts Foul > 1 Pts,P&R BH - Defense Commits,Spot-Up,Drives Left,To Basket,Make 2 Pts Foul,1 Pts,1,100.0,3.0,104.2,0.0,100.0,0,,,,100.0,,1,100.0,100.0,,,1,0,,1.4,1.0,100.0,1,1,0,100.0,0,0,0.0,3
Justin Wright,Winnipeg Sea Bears,2024-2025,offense,P&R ball handler,Make 2 Pts,5,To Basket,P&R BH - Defense Commits > Spot-Up > Drives Left > To Basket > Make 2 Pts,P&R BH - Defense Commits,Spot-Up,Drives Left,To Basket,Make 2 Pts,,1,14.3,2.0,100.0,0.0,0.0,0,,,,100.0,,1,100.0,0.0,,,1,0,,1.0,0.0,100.0,1,1,0,100.0,0,0,0.0,2
Justin Wright,Winnipeg Sea Bears,2024-2025,offense,P&R ball handler,Turnover,4,Drives Left,P&R BH - Defense Commits > Spot-Up > Drives Left > Turnover,P&R BH - Defense Commits,Spot-Up,Drives Left,Turnover,,,4,20.0,0.0,,100.0,0.0,0,,,,,,0,,0.0,,,0,0,,0.0,,0.0,0,0,0,,0,0,,0
Justin Wright,Winnipeg Sea Bears,2024-2025,offense,P&R ball handler,Drives Right,3,Spot-Up,P&R BH - Defense Commits > Spot-Up > Drives Right,P&R BH - Defense Commits,Spot-Up,Drives Right,,,,19,21.6,1.105,73.9,26.3,15.8,3,66.7,,,66.7,,12,75.0,15.8,,,8,4,,14.2,0.42,52.6,9,6,3,66.7,2,1,0.25,21
Justin Wright,Winnipeg Sea Bears,2024-2025,offense,P&R ball handler,To Basket,4,Drives Right,P&R BH - Defense Commits > Spot-Up > Drives Right > To Basket,P&R BH - Defense Commits,Spot-Up,Drives Right,To Basket,,,11,57.9,1.364,67.0,0.0,27.3,0,,,,66.7,,9,66.7,27.3,,,6,3,,11.2,0.56,72.7,9,6,3,66.7,0,0,0.0,15
Justin Wright,Winnipeg Sea Bears,2024-2025,offense,P&R ball handler,Make 2 Pts,5,To Basket,P&R BH - Defense Commits > Spot-Up > Drives Right > To Basket > Make 2 Pts,P&R BH - Defense Commits,Spot-Up,Drives Right,To Basket,Make 2 Pts,,5,45.5,2.0,100.0,0.0,0.0,0,,,,100.0,,5,100.0,0.0,,,5,0,,5.0,0.0,100.0,5,5,0,100.0,0,0,0.0,10
Justin Wright,Winnipeg Sea Bears,2024-2025,offense,P&R ball handler,Miss 2 Pts,5,To Basket,P&R BH - Defense Commits > Spot-Up > Drives Right > To Basket > Miss 2 Pts,P&R BH - Defense Commits,Spot-Up,Drives Right,To Basket,Miss 2 Pts,,3,27.3,0.0,0.0,0.0,0.0,0,,,,0.0,,3,0.0,0.0,,,0,3,,3.0,0.0,0.0,3,0,3,0.0,0,0,0.0,0
Justin Wright,Winnipeg Sea Bears,2024-2025,offense,P&R ball handler,Foul,5,To Basket,P&R BH - Defense Commits > Spot-Up > Drives Right > To Basket > Foul,P&R BH - Defense Commits,Spot-Up,Drives Right,To Basket,Foul,,2,18.2,1.5,85.2,0.0,100.0,0,,,,,,0,,100.0,,,0,0,,1.8,,100.0,0,0,0,,0,0,,3
Justin Wright,Winnipeg Sea Bears,2024-2025,offense,P&R ball handler,Make 2 Pts Foul,5,To Basket,P&R BH - Defense Commits > Spot-Up > Drives Right > To Basket > Make 2 Pts Foul,P&R BH - Defense Commits,Spot-Up,Drives Right,To Basket,Make 2 Pts Foul,,1,9.1,2.0,69.4,0.0,100.0,0,,,,100.0,,1,100.0,100.0,,,1,0,,1.4,1.0,100.0,1,1,0,100.0,0,0,0.0,2
Justin Wright,Winnipeg Sea Bears,2024-2025,offense,P&R ball handler,Turnover,4,Drives Right,P&R BH - Defense Commits > Spot-Up > Drives Right > Turnover,P&R BH - Defense Commits,Spot-Up,Drives Right,Turnover,,,5,26.3,0.0,,100.0,0.0,0,,,,,,0,,0.0,,,0,0,,0.0,,0.0,0,0,0,,0,0,,0
Justin Wright,Winnipeg Sea Bears,2024-2025,offense,P&R ball handler,Dribble Jumper,4,Drives Right,P&R BH - Defense Commits > Spot-Up > Drives Right > Dribble Jumper,P&R BH - Defense Commits,Spot-Up,Drives Right,Dribble Jumper,,,3,15.8,2.0,100.0,0.0,0.0,3,66.7,,,66.7,,3,100.0,0.0,,,2,1,,3.0,0.0,66.7,0,0,0,,2,1,1.0,6
Justin Wright,Winnipeg Sea Bears,2024-2025,offense,P&R ball handler,Long/3pt,5,Dribble Jumper,P&R BH - Defense Commits > Spot-Up > Drives Right > Dribble Jumper > Long/3pt,P&R BH - Defense Commits,Spot-Up,Drives Right,Dribble Jumper,Long/3pt,,3,100.0,2.0,100.0,0.0,0.0,3,66.7,,,66.7,,3,100.0,0.0,,,2,1,,3.0,0.0,66.7,0,0,0,,2,1,1.0,6
Justin Wright,Winnipeg Sea Bears,2024-2025,offense,P&R ball handler,Make 3 Pts,6,Long/3pt,P&R BH - Defense Commits > Spot-Up > Drives Right > Dribble Jumper > Long/3pt > Make 3 Pts,P&R BH - Defense Commits,Spot-Up,Drives Right,Dribble Jumper,Long/3pt,Make 3 Pts,2,66.7,3.0,150.0,0.0,0.0,2,100.0,,,100.0,,2,150.0,0.0,,,2,0,,2.0,0.0,100.0,0,0,0,,2,0,1.0,6
Justin Wright,Winnipeg Sea Bears,2024-2025,offense,P&R ball handler,Miss 3 Pts,6,Long/3pt,P&R BH - Defense Commits > Spot-Up > Drives Right > Dribble Jumper > Long/3pt > Miss 3 Pts,P&R BH - Defense Commits,Spot-Up,Drives Right,Dribble Jumper,Long/3pt,Miss 3 Pts,1,33.3,0.0,0.0,0.0,0.0,1,0.0,,,0.0,,1,0.0,0.0,,,0,1,,1.0,0.0,0.0,0,0,0,,0,1,1.0,0
Justin Wright,Winnipeg Sea Bears,2024-2025,offense,P&R ball handler,Turnover,3,Spot-Up,P&R BH - Defense Commits > Spot-Up > Turnover,P&R BH - Defense Commits,Spot-Up,Turnover,,,,1,1.1,0.0,,100.0,0.0,0,,,,,,0,,0.0,,,0,0,,0.0,,0.0,0,0,0,,0,0,,0
Justin Wright,Winnipeg Sea Bears,2024-2025,offense,P&R ball handler,P&R Roll Man,2,P&R BH - Defense Commits,P&R BH - Defense Commits > P&R Roll Man,P&R BH - Defense Commits,P&R Roll Man,,,,,58,31.5,1.017,61.7,17.2,10.3,12,58.3,,,53.5,,43,61.6,10.3,,,23,20,,47.8,0.26,46.6,31,16,15,51.6,7,5,0.28,59
Justin Wright,Winnipeg Sea Bears,2024-2025,offense,P&R ball handler,Rolls to Basket,3,P&R Roll Man,P&R BH - Defense Commits > P&R Roll Man > Rolls to Basket,P&R BH - Defense Commits,P&R Roll Man,Rolls to Basket,,,,29,50.0,0.793,49.6,20.7,10.3,0,,,,47.6,,21,47.6,10.3,,,10,11,,23.2,0.24,41.4,21,10,11,47.6,0,0,0.0,23
Justin Wright,Winnipeg Sea Bears,2024-2025,offense,P&R ball handler,Miss 2 Pts,4,Rolls to Basket,P&R BH - Defense Commits > P&R Roll Man > Rolls to Basket > Miss 2 Pts,P&R BH - Defense Commits,P&R Roll Man,Rolls to Basket,Miss 2 Pts,,,11,37.9,0.0,0.0,0.0,0.0,0,,,,0.0,,11,0.0,0.0,,,0,11,,11.0,0.0,0.0,11,0,11,0.0,0,0,0.0,0
Justin Wright,Winnipeg Sea Bears,2024-2025,offense,P&R ball handler,Make 2 Pts,4,Rolls to Basket,P&R BH - Defense Commits > P&R Roll Man > Rolls to Basket > Make 2 Pts,P&R BH - Defense Commits,P&R Roll Man,Rolls to Basket,Make 2 Pts,,,9,31.0,2.0,100.0,0.0,0.0,0,,,,100.0,,9,100.0,0.0,,,9,0,,9.0,0.0,100.0,9,9,0,100.0,0,0,0.0,18
Justin Wright,Winnipeg Sea Bears,2024-2025,offense,P&R ball handler,Turnover,4,Rolls to Basket,P&R BH - Defense Commits > P&R Roll Man > Rolls to Basket > Turnover,P&R BH - Defense Commits,P&R Roll Man,Rolls to Basket,Turnover,,,6,20.7,0.0,,100.0,0.0,0,,,,,,0,,0.0,,,0,0,,0.0,,0.0,0,0,0,,0,0,,0
Justin Wright,Winnipeg Sea Bears,2024-2025,offense,P&R ball handler,Foul,4,Rolls to Basket,P&R BH - Defense Commits > P&R Roll Man > Rolls to Basket > Foul,P&R BH - Defense Commits,P&R Roll Man,Rolls to Basket,Foul,,,2,6.9,1.5,85.2,0.0,100.0,0,,,,,,0,,100.0,,,0,0,,1.8,,100.0,0,0,0,,0,0,,3
Justin Wright,Winnipeg Sea Bears,2024-2025,offense,P&R ball handler,Make 2 Pts Foul,4,Rolls to Basket,P&R BH - Defense Commits > P&R Roll Man > Rolls to Basket > Make 2 Pts Foul,P&R BH - Defense Commits,P&R Roll Man,Rolls to Basket,Make 2 Pts Foul,,,1,3.4,2.0,69.4,0.0,100.0,0,,,,100.0,,1,100.0,100.0,,,1,0,,1.4,1.0,100.0,1,1,0,100.0,0,0,0.0,2
Justin Wright,Winnipeg Sea Bears,2024-2025,offense,P&R ball handler,Pick and Pops,3,P&R Roll Man,P&R BH - Defense Commits > P&R Roll Man > Pick and Pops,P&R BH - Defense Commits,P&R Roll Man,Pick and Pops,,,,18,31.0,1.111,63.5,11.1,11.1,9,55.6,,,50.0,,14,67.9,11.1,,,7,7,,15.8,0.29,44.4,5,2,3,40.0,5,4,0.64,20
Justin Wright,Winnipeg Sea Bears,2024-2025,offense,P&R ball handler,No Dribble Jumper,4,Pick and Pops,P&R BH - Defense Commits > P&R Roll Man > Pick and Pops > No Dribble Jumper,P&R BH - Defense Commits,P&R Roll Man,Pick and Pops,No Dribble Jumper,,,9,50.0,1.667,83.3,0.0,0.0,8,62.5,,,55.6,,9,83.3,0.0,,,5,4,,9.0,0.0,55.6,1,0,1,0.0,5,3,0.89,15
Justin Wright,Winnipeg Sea Bears,2024-2025,offense,P&R ball handler,Guarded,5,No Dribble Jumper,P&R BH - Defense Commits > P&R Roll Man > Pick and Pops > No Dribble Jumper > Guarded,P&R BH - Defense Commits,P&R Roll Man,Pick and Pops,No Dribble Jumper,Guarded,,5,55.6,2.4,120.0,0.0,0.0,5,80.0,,,80.0,,5,120.0,0.0,,,4,1,,5.0,0.0,80.0,0,0,0,,4,1,1.0,12
Justin Wright,Winnipeg Sea Bears,2024-2025,offense,P&R ball handler,Long/3pt,6,Guarded,P&R BH - Defense Commits > P&R Roll Man > Pick and Pops > No Dribble Jumper > Guarded > Long/3pt,P&R BH - Defense Commits,P&R Roll Man,Pick and Pops,No Dribble Jumper,Guarded,Long/3pt,5,100.0,2.4,120.0,0.0,0.0,5,80.0,,,80.0,,5,120.0,0.0,,,4,1,,5.0,0.0,80.0,0,0,0,,4,1,1.0,12
Justin Wright,Winnipeg Sea Bears,2024-2025,offense,P&R ball handler,Open,5,No Dribble Jumper,P&R BH - Defense Commits > P&R Roll Man > Pick and Pops > No Dribble Jumper > Open,P&R BH - Defense Commits,P&R Roll Man,Pick and Pops,No Dribble Jumper,Open,,4,44.4,0.75,37.5,0.0,0.0,3,33.3,,,25.0,,4,37.5,0.0,,,1,3,,4.0,0.0,25.0,1,0,1,0.0,1,2,0.75,3
Justin Wright,Winnipeg Sea Bears,2024-2025,offense,P&R ball handler,Long/3pt,6,Open,P&R BH - Defense Commits > P&R Roll Man > Pick and Pops > No Dribble Jumper > Open > Long/3pt,P&R BH - Defense Commits,P&R Roll Man,Pick and Pops,No Dribble Jumper,Open,Long/3pt,3,75.0,1.0,50.0,0.0,0.0,3,33.3,,,33.3,,3,50.0,0.0,,,1,2,,3.0,0.0,33.3,0,0,0,,1,2,1.0,3
Justin Wright,Winnipeg Sea Bears,2024-2025,offense,P&R ball handler,Short to < 17,6,Open,P&R BH - Defense Commits > P&R Roll Man > Pick and Pops > No Dribble Jumper > Open > Short to < 17,P&R BH - Defense Commits,P&R Roll Man,Pick and Pops,No Dribble Jumper,Open,Short to < 17,1,25.0,0.0,0.0,0.0,0.0,0,,,,0.0,,1,0.0,0.0,,,0,1,,1.0,0.0,0.0,1,0,1,0.0,0,0,0.0,0
Justin Wright,Winnipeg Sea Bears,2024-2025,offense,P&R ball handler,Drives Right,4,Pick and Pops,P&R BH - Defense Commits > P&R Roll Man > Pick and Pops > Drives Right,P&R BH - Defense Commits,P&R Roll Man,Pick and Pops,Drives Right,,,5,27.8,0.8,51.5,20.0,20.0,0,,,,66.7,,3,66.7,20.0,,,2,1,,3.9,0.67,40.0,3,2,1,66.7,0,0,0.0,4
Justin Wright,Winnipeg Sea Bears,2024-2025,offense,P&R ball handler,To Basket,5,Drives Right,P&R BH - Defense Commits > P&R Roll Man > Pick and Pops > Drives Right > To Basket,P&R BH - Defense Commits,P&R Roll Man,Pick and Pops,Drives Right,To Basket,,3,60.0,1.333,69.4,0.0,33.3,0,,,,100.0,,2,100.0,33.3,,,2,0,,2.9,1.0,66.7,2,2,0,100.0,0,0,0.0,4
Justin Wright,Winnipeg Sea Bears,2024-2025,offense,P&R ball handler,Make 2 Pts,6,To Basket,P&R BH - Defense Commits > P&R Roll Man > Pick and Pops > Drives Right > To Basket > Make 2 Pts,P&R BH - Defense Commits,P&R Roll Man,Pick and Pops,Drives Right,To Basket,Make 2 Pts,2,66.7,2.0,100.0,0.0,0.0,0,,,,100.0,,2,100.0,0.0,,,2,0,,2.0,0.0,100.0,2,2,0,100.0,0,0,0.0,4
Justin Wright,Winnipeg Sea Bears,2024-2025,offense,P&R ball handler,Foul,6,To Basket,P&R BH - Defense Commits > P&R Roll Man > Pick and Pops > Drives Right > To Basket > Foul,P&R BH - Defense Commits,P&R Roll Man,Pick and Pops,Drives Right,To Basket,Foul,1,33.3,0.0,0.0,0.0,100.0,0,,,,,,0,,100.0,,,0,0,,0.9,,0.0,0,0,0,,0,0,,0
Justin Wright,Winnipeg Sea Bears,2024-2025,offense,P&R ball handler,Turnover,5,Drives Right,P&R BH - Defense Commits > P&R Roll Man > Pick and Pops > Drives Right > Turnover,P&R BH - Defense Commits,P&R Roll Man,Pick and Pops,Drives Right,Turnover,,1,20.0,0.0,,100.0,0.0,0,,,,,,0,,0.0,,,0,0,,0.0,,0.0,0,0,0,,0,0,,0
Justin Wright,Winnipeg Sea Bears,2024-2025,offense,P&R ball handler,Dribble Jumper,5,Drives Right,P&R BH - Defense Commits > P&R Roll Man > Pick and Pops > Drives Right > Dribble Jumper,P&R BH - Defense Commits,P&R Roll Man,Pick and Pops,Drives Right,Dribble Jumper,,1,20.0,0.0,0.0,0.0,0.0,0,,,,0.0,,1,0.0,0.0,,,0,1,,1.0,0.0,0.0,1,0,1,0.0,0,0,0.0,0
Justin Wright,Winnipeg Sea Bears,2024-2025,offense,P&R ball handler,Short to < 17,6,Dribble Jumper,P&R BH - Defense Commits > P&R Roll Man > Pick and Pops > Drives Right > Dribble Jumper > Short to < 17,P&R BH - Defense Commits,P&R Roll Man,Pick and Pops,Drives Right,Dribble Jumper,Short to < 17,1,100.0,0.0,0.0,0.0,0.0,0,,,,0.0,,1,0.0,0.0,,,0,1,,1.0,0.0,0.0,1,0,1,0.0,0,0,0.0,0
Justin Wright,Winnipeg Sea Bears,2024-2025,offense,P&R ball handler,Drives Left,4,Pick and Pops,P&R BH - Defense Commits > P&R Roll Man > Pick and Pops > Drives Left,P&R BH - Defense Commits,P&R Roll Man,Pick and Pops,Drives Left,,,4,22.2,0.25,17.4,25.0,25.0,1,0.0,,,0.0,,2,0.0,25.0,,,0,2,,2.9,1.0,25.0,1,0,1,0.0,0,1,0.5,1
Justin Wright,Winnipeg Sea Bears,2024-2025,offense,P&R ball handler,Dribble Jumper,5,Drives Left,P&R BH - Defense Commits > P&R Roll Man > Pick and Pops > Drives Left > Dribble Jumper,P&R BH - Defense Commits,P&R Roll Man,Pick and Pops,Drives Left,Dribble Jumper,,2,50.0,0.0,0.0,0.0,0.0,1,0.0,,,0.0,,2,0.0,0.0,,,0,2,,2.0,0.0,0.0,1,0,1,0.0,0,1,0.5,0
Justin Wright,Winnipeg Sea Bears,2024-2025,offense,P&R ball handler,Short to < 17,6,Dribble Jumper,P&R BH - Defense Commits > P&R Roll Man > Pick and Pops > Drives Left > Dribble Jumper > Short to < 17,P&R BH - Defense Commits,P&R Roll Man,Pick and Pops,Drives Left,Dribble Jumper,Short to < 17,1,50.0,0.0,0.0,0.0,0.0,0,,,,0.0,,1,0.0,0.0,,,0,1,,1.0,0.0,0.0,1,0,1,0.0,0,0,0.0,0
Justin Wright,Winnipeg Sea Bears,2024-2025,offense,P&R ball handler,Long/3pt,6,Dribble Jumper,P&R BH - Defense Commits > P&R Roll Man > Pick and Pops > Drives Left > Dribble Jumper > Long/3pt,P&R BH - Defense Commits,P&R Roll Man,Pick and Pops,Drives Left,Dribble Jumper,Long/3pt,1,50.0,0.0,0.0,0.0,0.0,1,0.0,,,0.0,,1,0.0,0.0,,,0,1,,1.0,0.0,0.0,0,0,0,,0,1,1.0,0
Justin Wright,Winnipeg Sea Bears,2024-2025,offense,P&R ball handler,To Basket,5,Drives Left,P&R BH - Defense Commits > P&R Roll Man > Pick and Pops > Drives Left > To Basket,P&R BH - Defense Commits,P&R Roll Man,Pick and Pops,Drives Left,To Basket,,1,25.0,1.0,56.8,0.0,100.0,0,,,,,,0,,100.0,,,0,0,,0.9,,100.0,0,0,0,,0,0,,1
Justin Wright,Winnipeg Sea Bears,2024-2025,offense,P&R ball handler,Foul,6,To Basket,P&R BH - Defense Commits > P&R Roll Man > Pick and Pops > Drives Left > To Basket > Foul,P&R BH - Defense Commits,P&R Roll Man,Pick and Pops,Drives Left,To Basket,Foul,1,100.0,1.0,56.8,0.0,100.0,0,,,,,,0,,100.0,,,0,0,,0.9,,100.0,0,0,0,,0,0,,1
Justin Wright,Winnipeg Sea Bears,2024-2025,offense,P&R ball handler,Turnover,5,Drives Left,P&R BH - Defense Commits > P&R Roll Man > Pick and Pops > Drives Left > Turnover,P&R BH - Defense Commits,P&R Roll Man,Pick and Pops,Drives Left,Turnover,,1,25.0,0.0,,100.0,0.0,0,,,,,,0,,0.0,,,0,0,,0.0,,0.0,0,0,0,,0,0,,0
Justin Wright,Winnipeg Sea Bears,2024-2025,offense,P&R ball handler,Slips the Pick,3,P&R Roll Man,P&R BH - Defense Commits > P&R Roll Man > Slips the Pick,P&R BH - Defense Commits,P&R Roll Man,Slips the Pick,,,,11,19.0,1.455,90.1,18.2,9.1,3,66.7,,,75.0,,8,87.5,9.1,,,6,2,,8.9,0.25,63.6,5,4,1,80.0,2,1,0.38,16
Justin Wright,Winnipeg Sea Bears,2024-2025,offense,P&R ball handler,To Basket,4,Slips the Pick,P&R BH - Defense Commits > P&R Roll Man > Slips the Pick > To Basket,P&R BH - Defense Commits,P&R Roll Man,Slips the Pick,To Basket,,,6,54.5,1.667,85.0,0.0,16.7,0,,,,80.0,,5,80.0,16.7,,,4,1,,5.9,0.4,83.3,5,4,1,80.0,0,0,0.0,10
Justin Wright,Winnipeg Sea Bears,2024-2025,offense,P&R ball handler,Make 2 Pts,5,To Basket,P&R BH - Defense Commits > P&R Roll Man > Slips the Pick > To Basket > Make 2 Pts,P&R BH - Defense Commits,P&R Roll Man,Slips the Pick,To Basket,Make 2 Pts,,4,66.7,2.0,100.0,0.0,0.0,0,,,,100.0,,4,100.0,0.0,,,4,0,,4.0,0.0,100.0,4,4,0,100.0,0,0,0.0,8
Justin Wright,Winnipeg Sea Bears,2024-2025,offense,P&R ball handler,Miss 2 Pts,5,To Basket,P&R BH - Defense Commits > P&R Roll Man > Slips the Pick > To Basket > Miss 2 Pts,P&R BH - Defense Commits,P&R Roll Man,Slips the Pick,To Basket,Miss 2 Pts,,1,16.7,0.0,0.0,0.0,0.0,0,,,,0.0,,1,0.0,0.0,,,0,1,,1.0,0.0,0.0,1,0,1,0.0,0,0,0.0,0
Justin Wright,Winnipeg Sea Bears,2024-2025,offense,P&R ball handler,Foul,5,To Basket,P&R BH - Defense Commits > P&R Roll Man > Slips the Pick > To Basket > Foul,P&R BH - Defense Commits,P&R Roll Man,Slips the Pick,To Basket,Foul,,1,16.7,2.0,113.6,0.0,100.0,0,,,,,,0,,100.0,,,0,0,,0.9,,100.0,0,0,0,,0,0,,2
Justin Wright,Winnipeg Sea Bears,2024-2025,offense,P&R ball handler,No Dribble Jumper,4,Slips the Pick,P&R BH - Defense Commits > P&R Roll Man > Slips the Pick > No Dribble Jumper,P&R BH - Defense Commits,P&R Roll Man,Slips the Pick,No Dribble Jumper,,,3,27.3,2.0,100.0,0.0,0.0,3,66.7,,,66.7,,3,100.0,0.0,,,2,1,,3.0,0.0,66.7,0,0,0,,2,1,1.0,6
Justin Wright,Winnipeg Sea Bears,2024-2025,offense,P&R ball handler,Open,5,No Dribble Jumper,P&R BH - Defense Commits > P&R Roll Man > Slips the Pick > No Dribble Jumper > Open,P&R BH - Defense Commits,P&R Roll Man,Slips the Pick,No Dribble Jumper,Open,,3,100.0,2.0,100.0,0.0,0.0,3,66.7,,,66.7,,3,100.0,0.0,,,2,1,,3.0,0.0,66.7,0,0,0,,2,1,1.0,6
Justin Wright,Winnipeg Sea Bears,2024-2025,offense,P&R ball handler,Long/3pt,6,Open,P&R BH - Defense Commits > P&R Roll Man > Slips the Pick > No Dribble Jumper > Open > Long/3pt,P&R BH - Defense Commits,P&R Roll Man,Slips the Pick,No Dribble Jumper,Open,Long/3pt,3,100.0,2.0,100.0,0.0,0.0,3,66.7,,,66.7,,3,100.0,0.0,,,2,1,,3.0,0.0,66.7,0,0,0,,2,1,1.0,6
Justin Wright,Winnipeg Sea Bears,2024-2025,offense,P&R ball handler,Turnover,4,Slips the Pick,P&R BH - Defense Commits > P&R Roll Man > Slips the Pick > Turnover,P&R BH - Defense Commits,P&R Roll Man,Slips the Pick,Turnover,,,2,18.2,0.0,,100.0,0.0,0,,,,,,0,,0.0,,,0,0,,0.0,,0.0,0,0,0,,0,0,,0
Justin Wright,Winnipeg Sea Bears,2024-2025,offense,P&R ball handler,P&R Ball Handler,2,P&R BH - Defense Commits,P&R BH - Defense Commits > P&R Ball Handler,P&R BH - Defense Commits,P&R Ball Handler,,,,,30,16.3,0.1,85.2,93.3,6.7,0,,,,,,0,,0.0,,,0,0,,1.8,,6.7,0,0,0,,0,0,,3
Justin Wright,Winnipeg Sea Bears,2024-2025,offense,P&R ball handler,High P&R,3,P&R Ball Handler,P&R BH - Defense Commits > P&R Ball Handler > High P&R,P&R BH - Defense Commits,P&R Ball Handler,High P&R,,,,28,93.3,0.107,85.2,92.9,7.1,0,,,,,,0,,0.0,,,0,0,,1.8,,7.1,0,0,0,,0,0,,3
Justin Wright,Winnipeg Sea Bears,2024-2025,offense,P&R ball handler,Dribble Off Pick,4,High P&R,P&R BH - Defense Commits > P&R Ball Handler > High P&R > Dribble Off Pick,P&R BH - Defense Commits,P&R Ball Handler,High P&R,Dribble Off Pick,,,25,89.3,0.12,85.2,92.0,8.0,0,,,,,,0,,0.0,,,0,0,,1.8,,8.0,0,0,0,,0,0,,3
Justin Wright,Winnipeg Sea Bears,2024-2025,offense,P&R ball handler,Defense Commits,5,Dribble Off Pick,P&R BH - Defense Commits > P&R Ball Handler > High P&R > Dribble Off Pick > Defense Commits,P&R BH - Defense Commits,P&R Ball Handler,High P&R,Dribble Off Pick,Defense Commits,,25,100.0,0.12,85.2,92.0,8.0,0,,,,,,0,,0.0,,,0,0,,1.8,,8.0,0,0,0,,0,0,,3
Justin Wright,Winnipeg Sea Bears,2024-2025,offense,P&R ball handler,Turnover,6,Defense Commits,P&R BH - Defense Commits > P&R Ball Handler > High P&R > Dribble Off Pick > Defense Commits > Turnover,P&R BH - Defense Commits,P&R Ball Handler,High P&R,Dribble Off Pick,Defense Commits,Turnover,23,92.0,0.0,,100.0,0.0,0,,,,,,0,,0.0,,,0,0,,0.0,,0.0,0,0,0,,0,0,,0
Justin Wright,Winnipeg Sea Bears,2024-2025,offense,P&R ball handler,Foul,6,Defense Commits,P&R BH - Defense Commits > P&R Ball Handler > High P&R > Dribble Off Pick > Defense Commits > Foul,P&R BH - Defense Commits,P&R Ball Handler,High P&R,Dribble Off Pick,Defense Commits,Foul,2,8.0,1.5,85.2,0.0,100.0,0,,,,,,0,,0.0,,,0,0,,1.8,,100.0,0,0,0,,0,0,,3
Justin Wright,Winnipeg Sea Bears,2024-2025,offense,P&R ball handler,Go Away from Pick,4,High P&R,P&R BH - Defense Commits > P&R Ball Handler > High P&R > Go Away from Pick,P&R BH - Defense Commits,P&R Ball Handler,High P&R,Go Away from Pick,,,2,7.1,0.0,,100.0,0.0,0,,,,,,0,,0.0,,,0,0,,0.0,,0.0,0,0,0,,0,0,,0
Justin Wright,Winnipeg Sea Bears,2024-2025,offense,P&R ball handler,Defense Commits,5,Go Away from Pick,P&R BH - Defense Commits > P&R Ball Handler > High P&R > Go Away from Pick > Defense Commits,P&R BH - Defense Commits,P&R Ball Handler,High P&R,Go Away from Pick,Defense Commits,,2,100.0,0.0,,100.0,0.0,0,,,,,,0,,0.0,,,0,0,,0.0,,0.0,0,0,0,,0,0,,0
Justin Wright,Winnipeg Sea Bears,2024-2025,offense,P&R ball handler,Turnover,6,Defense Commits,P&R BH - Defense Commits > P&R Ball Handler > High P&R > Go Away from Pick > Defense Commits > Turnover,P&R BH - Defense Commits,P&R Ball Handler,High P&R,Go Away from Pick,Defense Commits,Turnover,2,100.0,0.0,,100.0,0.0,0,,,,,,0,,0.0,,,0,0,,0.0,,0.0,0,0,0,,0,0,,0
Justin Wright,Winnipeg Sea Bears,2024-2025,offense,P&R ball handler,Split,4,High P&R,P&R BH - Defense Commits > P&R Ball Handler > High P&R > Split,P&R BH - Defense Commits,P&R Ball Handler,High P&R,Split,,,1,3.6,0.0,,100.0,0.0,0,,,,,,0,,0.0,,,0,0,,0.0,,0.0,0,0,0,,0,0,,0
Justin Wright,Winnipeg Sea Bears,2024-2025,offense,P&R ball handler,Defense Commits,5,Split,P&R BH - Defense Commits > P&R Ball Handler > High P&R > Split > Defense Commits,P&R BH - Defense Commits,P&R Ball Handler,High P&R,Split,Defense Commits,,1,100.0,0.0,,100.0,0.0,0,,,,,,0,,0.0,,,0,0,,0.0,,0.0,0,0,0,,0,0,,0
Justin Wright,Winnipeg Sea Bears,2024-2025,offense,P&R ball handler,Turnover,6,Defense Commits,P&R BH - Defense Commits > P&R Ball Handler > High P&R > Split > Defense Commits > Turnover,P&R BH - Defense Commits,P&R Ball Handler,High P&R,Split,Defense Commits,Turnover,1,100.0,0.0,,100.0,0.0,0,,,,,,0,,0.0,,,0,0,,0.0,,0.0,0,0,0,,0,0,,0
Justin Wright,Winnipeg Sea Bears,2024-2025,offense,P&R ball handler,Right P&R,3,P&R Ball Handler,P&R BH - Defense Commits > P&R Ball Handler > Right P&R,P&R BH - Defense Commits,P&R Ball Handler,Right P&R,,,,1,3.3,0.0,,100.0,0.0,0,,,,,,0,,0.0,,,0,0,,0.0,,0.0,0,0,0,,0,0,,0
Justin Wright,Winnipeg Sea Bears,2024-2025,offense,P&R ball handler,Side,4,Right P&R,P&R BH - Defense Commits > P&R Ball Handler > Right P&R > Side,P&R BH - Defense Commits,P&R Ball Handler,Right P&R,Side,,,1,100.0,0.0,,100.0,0.0,0,,,,,,0,,0.0,,,0,0,,0.0,,0.0,0,0,0,,0,0,,0
Justin Wright,Winnipeg Sea Bears,2024-2025,offense,P&R ball handler,Dribble Off Pick,5,Side,P&R BH - Defense Commits > P&R Ball Handler > Right P&R > Side > Dribble Off Pick,P&R BH - Defense Commits,P&R Ball Handler,Right P&R,Side,Dribble Off Pick,,1,100.0,0.0,,100.0,0.0,0,,,,,,0,,0.0,,,0,0,,0.0,,0.0,0,0,0,,0,0,,0
Justin Wright,Winnipeg Sea Bears,2024-2025,offense,P&R ball handler,Defense Commits,6,Dribble Off Pick,P&R BH - Defense Commits > P&R Ball Handler > Right P&R > Side > Dribble Off Pick > Defense Commits,P&R BH - Defense Commits,P&R Ball Handler,Right P&R,Side,Dribble Off Pick,Defense Commits,1,100.0,0.0,,100.0,0.0,0,,,,,,0,,0.0,,,0,0,,0.0,,0.0,0,0,0,,0,0,,0
Justin Wright,Winnipeg Sea Bears,2024-2025,offense,P&R ball handler,Left P&R,3,P&R Ball Handler,P&R BH - Defense Commits > P&R Ball Handler > Left P&R,P&R BH - Defense Commits,P&R Ball Handler,Left P&R,,,,1,3.3,0.0,,100.0,0.0,0,,,,,,0,,0.0,,,0,0,,0.0,,0.0,0,0,0,,0,0,,0
Justin Wright,Winnipeg Sea Bears,2024-2025,offense,P&R ball handler,Side,4,Left P&R,P&R BH - Defense Commits > P&R Ball Handler > Left P&R > Side,P&R BH - Defense Commits,P&R Ball Handler,Left P&R,Side,,,1,100.0,0.0,,100.0,0.0,0,,,,,,0,,0.0,,,0,0,,0.0,,0.0,0,0,0,,0,0,,0
Justin Wright,Winnipeg Sea Bears,2024-2025,offense,P&R ball handler,Dribble Off Pick,5,Side,P&R BH - Defense Commits > P&R Ball Handler > Left P&R > Side > Dribble Off Pick,P&R BH - Defense Commits,P&R Ball Handler,Left P&R,Side,Dribble Off Pick,,1,100.0,0.0,,100.0,0.0,0,,,,,,0,,0.0,,,0,0,,0.0,,0.0,0,0,0,,0,0,,0
Justin Wright,Winnipeg Sea Bears,2024-2025,offense,P&R ball handler,Defense Commits,6,Dribble Off Pick,P&R BH - Defense Commits > P&R Ball Handler > Left P&R > Side > Dribble Off Pick > Defense Commits,P&R BH - Defense Commits,P&R Ball Handler,Left P&R,Side,Dribble Off Pick,Defense Commits,1,100.0,0.0,,100.0,0.0,0,,,,,,0,,0.0,,,0,0,,0.0,,0.0,0,0,0,,0,0,,0
Justin Wright,Winnipeg Sea Bears,2024-2025,offense,P&R ball handler,Cut,2,P&R BH - Defense Commits,P&R BH - Defense Commits > Cut,P&R BH - Defense Commits,Cut,,,,,8,4.3,1.0,58.1,12.5,12.5,0,,,,66.7,,6,66.7,12.5,,,4,2,,6.9,0.33,50.0,6,4,2,66.7,0,0,0.0,8
Justin Wright,Winnipeg Sea Bears,2024-2025,offense,P&R ball handler,Basket,3,Cut,P&R BH - Defense Commits > Cut > Basket,P&R BH - Defense Commits,Cut,Basket,,,,5,62.5,1.2,61.5,0.0,20.0,0,,,,75.0,,4,75.0,20.0,,,3,1,,4.9,0.5,60.0,4,3,1,75.0,0,0,0.0,6
Justin Wright,Winnipeg Sea Bears,2024-2025,offense,P&R ball handler,Make 2 Pts,4,Basket,P&R BH - Defense Commits > Cut > Basket > Make 2 Pts,P&R BH - Defense Commits,Cut,Basket,Make 2 Pts,,,3,60.0,2.0,100.0,0.0,0.0,0,,,,100.0,,3,100.0,0.0,,,3,0,,3.0,0.0,100.0,3,3,0,100.0,0,0,0.0,6
Justin Wright,Winnipeg Sea Bears,2024-2025,offense,P&R ball handler,Miss 2 Pts,4,Basket,P&R BH - Defense Commits > Cut > Basket > Miss 2 Pts,P&R BH - Defense Commits,Cut,Basket,Miss 2 Pts,,,1,20.0,0.0,0.0,0.0,0.0,0,,,,0.0,,1,0.0,0.0,,,0,1,,1.0,0.0,0.0,1,0,1,0.0,0,0,0.0,0
Justin Wright,Winnipeg Sea Bears,2024-2025,offense,P&R ball handler,Foul,4,Basket,P&R BH - Defense Commits > Cut > Basket > Foul,P&R BH - Defense Commits,Cut,Basket,Foul,,,1,20.0,0.0,0.0,0.0,100.0,0,,,,,,0,,100.0,,,0,0,,0.9,,0.0,0,0,0,,0,0,,0
Justin Wright,Winnipeg Sea Bears,2024-2025,offense,P&R ball handler,Flash,3,Cut,P&R BH - Defense Commits > Cut > Flash,P&R BH - Defense Commits,Cut,Flash,,,,2,25.0,1.0,50.0,0.0,0.0,0,,,,50.0,,2,50.0,0.0,,,1,1,,2.0,0.0,50.0,2,1,1,50.0,0,0,0.0,2
Justin Wright,Winnipeg Sea Bears,2024-2025,offense,P&R ball handler,Miss 2 Pts,4,Flash,P&R BH - Defense Commits > Cut > Flash > Miss 2 Pts,P&R BH - Defense Commits,Cut,Flash,Miss 2 Pts,,,1,50.0,0.0,0.0,0.0,0.0,0,,,,0.0,,1,0.0,0.0,,,0,1,,1.0,0.0,0.0,1,0,1,0.0,0,0,0.0,0
Justin Wright,Winnipeg Sea Bears,2024-2025,offense,P&R ball handler,Make 2 Pts,4,Flash,P&R BH - Defense Commits > Cut > Flash > Make 2 Pts,P&R BH - Defense Commits,Cut,Flash,Make 2 Pts,,,1,50.0,2.0,100.0,0.0,0.0,0,,,,100.0,,1,100.0,0.0,,,1,0,,1.0,0.0,100.0,1,1,0,100.0,0,0,0.0,2
Justin Wright,Winnipeg Sea Bears,2024-2025,offense,P&R ball handler,Screen,3,Cut,P&R BH - Defense Commits > Cut > Screen,P&R BH - Defense Commits,Cut,Screen,,,,1,12.5,0.0,,100.0,0.0,0,,,,,,0,,0.0,,,0,0,,0.0,,0.0,0,0,0,,0,0,,0
Justin Wright,Winnipeg Sea Bears,2024-2025,offense,P&R ball handler,Turnover,4,Screen,P&R BH - Defense Commits > Cut > Screen > Turnover,P&R BH - Defense Commits,Cut,Screen,Turnover,,,1,100.0,0.0,,100.0,0.0,0,,,,,,0,,0.0,,,0,0,,0.0,,0.0,0,0,0,,0,0,,0
Justin Wright,Winnipeg Sea Bears,2024-2025,offense,P&R ball handler,P&R BH - Traps,1,,P&R BH - Traps,P&R BH - Traps,,,,,,9,1.7,1.111,68.3,22.2,22.2,3,33.3,,,50.0,,6,58.3,22.2,,,3,3,,7.3,0.5,44.4,3,2,1,66.7,1,2,0.5,10
Justin Wright,Winnipeg Sea Bears,2024-2025,offense,P&R ball handler,Spot-Up,2,P&R BH - Traps,P&R BH - Traps > Spot-Up,P&R BH - Traps,Spot-Up,,,,,5,55.6,1.0,46.0,0.0,20.0,2,0.0,,,40.0,,5,40.0,20.0,,,2,3,,5.4,0.2,40.0,3,2,1,66.7,0,2,0.4,5
Justin Wright,Winnipeg Sea Bears,2024-2025,offense,P&R ball handler,Drives Left,3,Spot-Up,P&R BH - Traps > Spot-Up > Drives Left,P&R BH - Traps,Spot-Up,Drives Left,,,,2,40.0,1.5,61.5,0.0,50.0,0,,,,50.0,,2,50.0,50.0,,,1,1,,2.4,0.5,50.0,2,1,1,50.0,0,0,0.0,3
Justin Wright,Winnipeg Sea Bears,2024-2025,offense,P&R ball handler,To Basket,4,Drives Left,P&R BH - Traps > Spot-Up > Drives Left > To Basket,P&R BH - Traps,Spot-Up,Drives Left,To Basket,,,1,50.0,3.0,104.2,0.0,100.0,0,,,,100.0,,1,100.0,100.0,,,1,0,,1.4,1.0,100.0,1,1,0,100.0,0,0,0.0,3
Justin Wright,Winnipeg Sea Bears,2024-2025,offense,P&R ball handler,Make 2 Pts Foul,5,To Basket,P&R BH - Traps > Spot-Up > Drives Left > To Basket > Make 2 Pts Foul,P&R BH - Traps,Spot-Up,Drives Left,To Basket,Make 2 Pts Foul,,1,100.0,3.0,104.2,0.0,100.0,0,,,,100.0,,1,100.0,100.0,,,1,0,,1.4,1.0,100.0,1,1,0,100.0,0,0,0.0,3
Justin Wright,Winnipeg Sea Bears,2024-2025,offense,P&R ball handler,1 Pts,6,Make 2 Pts Foul,P&R BH - Traps > Spot-Up > Drives Left > To Basket > Make 2 Pts Foul > 1 Pts,P&R BH - Traps,Spot-Up,Drives Left,To Basket,Make 2 Pts Foul,1 Pts,1,100.0,3.0,104.2,0.0,100.0,0,,,,100.0,,1,100.0,100.0,,,1,0,,1.4,1.0,100.0,1,1,0,100.0,0,0,0.0,3
Justin Wright,Winnipeg Sea Bears,2024-2025,offense,P&R ball handler,Dribble Jumper,4,Drives Left,P&R BH - Traps > Spot-Up > Drives Left > Dribble Jumper,P&R BH - Traps,Spot-Up,Drives Left,Dribble Jumper,,,1,50.0,0.0,0.0,0.0,0.0,0,,,,0.0,,1,0.0,0.0,,,0,1,,1.0,0.0,0.0,1,0,1,0.0,0,0,0.0,0
Justin Wright,Winnipeg Sea Bears,2024-2025,offense,P&R ball handler,Medium/17' to 3pt,5,Dribble Jumper,P&R BH - Traps > Spot-Up > Drives Left > Dribble Jumper > Medium/17' to 3pt,P&R BH - Traps,Spot-Up,Drives Left,Dribble Jumper,Medium/17' to 3pt,,1,100.0,0.0,0.0,0.0,0.0,0,,,,0.0,,1,0.0,0.0,,,0,1,,1.0,0.0,0.0,1,0,1,0.0,0,0,0.0,0
Justin Wright,Winnipeg Sea Bears,2024-2025,offense,P&R ball handler,Miss 2 Pts,6,Medium/17' to 3pt,P&R BH - Traps > Spot-Up > Drives Left > Dribble Jumper > Medium/17' to 3pt > Miss 2 Pts,P&R BH - Traps,Spot-Up,Drives Left,Dribble Jumper,Medium/17' to 3pt,Miss 2 Pts,1,100.0,0.0,0.0,0.0,0.0,0,,,,0.0,,1,0.0,0.0,,,0,1,,1.0,0.0,0.0,1,0,1,0.0,0,0,0.0,0
Justin Wright,Winnipeg Sea Bears,2024-2025,offense,P&R ball handler,No Dribble Jumper,3,Spot-Up,P&R BH - Traps > Spot-Up > No Dribble Jumper,P&R BH - Traps,Spot-Up,No Dribble Jumper,,,,2,40.0,0.0,0.0,0.0,0.0,2,0.0,,,0.0,,2,0.0,0.0,,,0,2,,2.0,0.0,0.0,0,0,0,,0,2,1.0,0
Justin Wright,Winnipeg Sea Bears,2024-2025,offense,P&R ball handler,Guarded,4,No Dribble Jumper,P&R BH - Traps > Spot-Up > No Dribble Jumper > Guarded,P&R BH - Traps,Spot-Up,No Dribble Jumper,Guarded,,,2,100.0,0.0,0.0,0.0,0.0,2,0.0,,,0.0,,2,0.0,0.0,,,0,2,,2.0,0.0,0.0,0,0,0,,0,2,1.0,0
Justin Wright,Winnipeg Sea Bears,2024-2025,offense,P&R ball handler,Long/3pt,5,Guarded,P&R BH - Traps > Spot-Up > No Dribble Jumper > Guarded > Long/3pt,P&R BH - Traps,Spot-Up,No Dribble Jumper,Guarded,Long/3pt,,2,100.0,0.0,0.0,0.0,0.0,2,0.0,,,0.0,,2,0.0,0.0,,,0,2,,2.0,0.0,0.0,0,0,0,,0,2,1.0,0
Justin Wright,Winnipeg Sea Bears,2024-2025,offense,P&R ball handler,Miss 3 Pts,6,Long/3pt,P&R BH - Traps > Spot-Up > No Dribble Jumper > Guarded > Long/3pt > Miss 3 Pts,P&R BH - Traps,Spot-Up,No Dribble Jumper,Guarded,Long/3pt,Miss 3 Pts,2,100.0,0.0,0.0,0.0,0.0,2,0.0,,,0.0,,2,0.0,0.0,,,0,2,,2.0,0.0,0.0,0,0,0,,0,2,1.0,0
Justin Wright,Winnipeg Sea Bears,2024-2025,offense,P&R ball handler,Drives Right,3,Spot-Up,P&R BH - Traps > Spot-Up > Drives Right,P&R BH - Traps,Spot-Up,Drives Right,,,,1,20.0,2.0,100.0,0.0,0.0,0,,,,100.0,,1,100.0,0.0,,,1,0,,1.0,0.0,100.0,1,1,0,100.0,0,0,0.0,2
Justin Wright,Winnipeg Sea Bears,2024-2025,offense,P&R ball handler,To Basket,4,Drives Right,P&R BH - Traps > Spot-Up > Drives Right > To Basket,P&R BH - Traps,Spot-Up,Drives Right,To Basket,,,1,100.0,2.0,100.0,0.0,0.0,0,,,,100.0,,1,100.0,0.0,,,1,0,,1.0,0.0,100.0,1,1,0,100.0,0,0,0.0,2
Justin Wright,Winnipeg Sea Bears,2024-2025,offense,P&R ball handler,Make 2 Pts,5,To Basket,P&R BH - Traps > Spot-Up > Drives Right > To Basket > Make 2 Pts,P&R BH - Traps,Spot-Up,Drives Right,To Basket,Make 2 Pts,,1,100.0,2.0,100.0,0.0,0.0,0,,,,100.0,,1,100.0,0.0,,,1,0,,1.0,0.0,100.0,1,1,0,100.0,0,0,0.0,2
Justin Wright,Winnipeg Sea Bears,2024-2025,offense,P&R ball handler,P&R Roll Man,2,P&R BH - Traps,P&R BH - Traps > P&R Roll Man,P&R BH - Traps,P&R Roll Man,,,,,3,33.3,1.667,133.0,33.3,33.3,1,100.0,,,100.0,,1,150.0,33.3,,,1,0,,1.9,2.0,66.7,0,0,0,,1,0,1.0,5
Justin Wright,Winnipeg Sea Bears,2024-2025,offense,P&R ball handler,Pick and Pops,3,P&R Roll Man,P&R BH - Traps > P&R Roll Man > Pick and Pops,P&R BH - Traps,P&R Roll Man,Pick and Pops,,,,1,33.3,3.0,150.0,0.0,0.0,1,100.0,,,100.0,,1,150.0,0.0,,,1,0,,1.0,0.0,100.0,0,0,0,,1,0,1.0,3
Justin Wright,Winnipeg Sea Bears,2024-2025,offense,P&R ball handler,No Dribble Jumper,4,Pick and Pops,P&R BH - Traps > P&R Roll Man > Pick and Pops > No Dribble Jumper,P&R BH - Traps,P&R Roll Man,Pick and Pops,No Dribble Jumper,,,1,100.0,3.0,150.0,0.0,0.0,1,100.0,,,100.0,,1,150.0,0.0,,,1,0,,1.0,0.0,100.0,0,0,0,,1,0,1.0,3
Justin Wright,Winnipeg Sea Bears,2024-2025,offense,P&R ball handler,Open,5,No Dribble Jumper,P&R BH - Traps > P&R Roll Man > Pick and Pops > No Dribble Jumper > Open,P&R BH - Traps,P&R Roll Man,Pick and Pops,No Dribble Jumper,Open,,1,100.0,3.0,150.0,0.0,0.0,1,100.0,,,100.0,,1,150.0,0.0,,,1,0,,1.0,0.0,100.0,0,0,0,,1,0,1.0,3
Justin Wright,Winnipeg Sea Bears,2024-2025,offense,P&R ball handler,Long/3pt,6,Open,P&R BH - Traps > P&R Roll Man > Pick and Pops > No Dribble Jumper > Open > Long/3pt,P&R BH - Traps,P&R Roll Man,Pick and Pops,No Dribble Jumper,Open,Long/3pt,1,100.0,3.0,150.0,0.0,0.0,1,100.0,,,100.0,,1,150.0,0.0,,,1,0,,1.0,0.0,100.0,0,0,0,,1,0,1.0,3
Justin Wright,Winnipeg Sea Bears,2024-2025,offense,P&R ball handler,Rolls to Basket,3,P&R Roll Man,P&R BH - Traps > P&R Roll Man > Rolls to Basket,P&R BH - Traps,P&R Roll Man,Rolls to Basket,,,,1,33.3,0.0,,100.0,0.0,0,,,,,,0,,0.0,,,0,0,,0.0,,0.0,0,0,0,,0,0,,0
Justin Wright,Winnipeg Sea Bears,2024-2025,offense,P&R ball handler,Turnover,4,Rolls to Basket,P&R BH - Traps > P&R Roll Man > Rolls to Basket > Turnover,P&R BH - Traps,P&R Roll Man,Rolls to Basket,Turnover,,,1,100.0,0.0,,100.0,0.0,0,,,,,,0,,0.0,,,0,0,,0.0,,0.0,0,0,0,,0,0,,0
Justin Wright,Winnipeg Sea Bears,2024-2025,offense,P&R ball handler,Slips the Pick,3,P&R Roll Man,P&R BH - Traps > P&R Roll Man > Slips the Pick,P&R BH - Traps,P&R Roll Man,Slips the Pick,,,,1,33.3,2.0,113.6,0.0,100.0,0,,,,,,0,,100.0,,,0,0,,0.9,,100.0,0,0,0,,0,0,,2
Justin Wright,Winnipeg Sea Bears,2024-2025,offense,P&R ball handler,To Basket,4,Slips the Pick,P&R BH - Traps > P&R Roll Man > Slips the Pick > To Basket,P&R BH - Traps,P&R Roll Man,Slips the Pick,To Basket,,,1,100.0,2.0,113.6,0.0,100.0,0,,,,,,0,,100.0,,,0,0,,0.9,,100.0,0,0,0,,0,0,,2
Justin Wright,Winnipeg Sea Bears,2024-2025,offense,P&R ball handler,Foul,5,To Basket,P&R BH - Traps > P&R Roll Man > Slips the Pick > To Basket > Foul,P&R BH - Traps,P&R Roll Man,Slips the Pick,To Basket,Foul,,1,100.0,2.0,113.6,0.0,100.0,0,,,,,,0,,100.0,,,0,0,,0.9,,100.0,0,0,0,,0,0,,2
Justin Wright,Winnipeg Sea Bears,2024-2025,offense,P&R ball handler,P&R Ball Handler,2,P&R BH - Traps,P&R BH - Traps > P&R Ball Handler,P&R BH - Traps,P&R Ball Handler,,,,,1,11.1,0.0,,100.0,0.0,0,,,,,,0,,0.0,,,0,0,,0.0,,0.0,0,0,0,,0,0,,0
Justin Wright,Winnipeg Sea Bears,2024-2025,offense,P&R ball handler,High P&R,3,P&R Ball Handler,P&R BH - Traps > P&R Ball Handler > High P&R,P&R BH - Traps,P&R Ball Handler,High P&R,,,,1,100.0,0.0,,100.0,0.0,0,,,,,,0,,0.0,,,0,0,,0.0,,0.0,0,0,0,,0,0,,0
Justin Wright,Winnipeg Sea Bears,2024-2025,offense,P&R ball handler,Dribble Off Pick,4,High P&R,P&R BH - Traps > P&R Ball Handler > High P&R > Dribble Off Pick,P&R BH - Traps,P&R Ball Handler,High P&R,Dribble Off Pick,,,1,100.0,0.0,,100.0,0.0,0,,,,,,0,,0.0,,,0,0,,0.0,,0.0,0,0,0,,0,0,,0
Justin Wright,Winnipeg Sea Bears,2024-2025,offense,P&R ball handler,Defense Commits,5,Dribble Off Pick,P&R BH - Traps > P&R Ball Handler > High P&R > Dribble Off Pick > Defense Commits,P&R BH - Traps,P&R Ball Handler,High P&R,Dribble Off Pick,Defense Commits,,1,100.0,0.0,,100.0,0.0,0,,,,,,0,,0.0,,,0,0,,0.0,,0.0,0,0,0,,0,0,,0
Justin Wright,Winnipeg Sea Bears,2024-2025,offense,P&R ball handler,Turnover,6,Defense Commits,P&R BH - Traps > P&R Ball Handler > High P&R > Dribble Off Pick > Defense Commits > Turnover,P&R BH - Traps,P&R Ball Handler,High P&R,Dribble Off Pick,Defense Commits,Turnover,1,100.0,0.0,,100.0,0.0,0,,,,,,0,,0.0,,,0,0,,0.0,,0.0,0,0,0,,0,0,,0
Justin Wright,Winnipeg Sea Bears,2024-2025,offense,Isolation,ISO Including Passes,1,,ISO Including Passes,ISO Including Passes,,,,,,86,15.9,0.884,48.3,8.1,8.1,35,34.3,Good,61.0,37.0,98.0,73,45.2,8.1,,,27,46,,78.7,0.18,38.4,38,15,23,39.5,12,23,0.48,76
Justin Wright,Winnipeg Sea Bears,2024-2025,offense,Isolation,Isolation,2,ISO Including Passes,ISO Including Passes > Isolation,ISO Including Passes,Isolation,,,,,77,89.5,0.831,45.9,9.1,9.1,29,34.5,,,34.4,,64,42.2,9.1,,,22,42,,69.7,0.2,36.4,35,12,23,34.3,10,19,0.45,64
Justin Wright,Winnipeg Sea Bears,2024-2025,offense,Isolation,Top,3,Isolation,ISO Including Passes > Isolation > Top,ISO Including Passes,Isolation,Top,,,,51,66.2,0.922,51.6,9.8,7.8,22,40.9,,,38.1,,42,48.8,7.8,,,16,26,,45.5,0.19,39.2,20,7,13,35.0,9,13,0.52,47
Justin Wright,Winnipeg Sea Bears,2024-2025,offense,Isolation,Drives Right,4,Top,ISO Including Passes > Isolation > Top > Drives Right,ISO Including Passes,Isolation,Top,Drives Right,,,20,39.2,0.6,35.8,15.0,10.0,8,37.5,,,20.0,,15,30.0,10.0,,,3,12,,16.8,0.27,25.0,7,0,7,0.0,3,5,0.53,12
Justin Wright,Winnipeg Sea Bears,2024-2025,offense,Isolation,To Basket,5,Drives Right,ISO Including Passes > Isolation > Top > Drives Right > To Basket,ISO Including Passes,Isolation,Top,Drives Right,To Basket,,9,45.0,0.333,19.3,11.1,22.2,0,,,,0.0,,6,0.0,22.2,,,0,6,,7.8,0.67,22.2,6,0,6,0.0,0,0,0.0,3
Justin Wright,Winnipeg Sea Bears,2024-2025,offense,Isolation,Miss 2 Pts,6,To Basket,ISO Including Passes > Isolation > Top > Drives Right > To Basket > Miss 2 Pts,ISO Including Passes,Isolation,Top,Drives Right,To Basket,Miss 2 Pts,6,66.7,0.0,0.0,0.0,0.0,0,,,,0.0,,6,0.0,0.0,,,0,6,,6.0,0.0,0.0,6,0,6,0.0,0,0,0.0,0
Justin Wright,Winnipeg Sea Bears,2024-2025,offense,Isolation,Foul,6,To Basket,ISO Including Passes > Isolation > Top > Drives Right > To Basket > Foul,ISO Including Passes,Isolation,Top,Drives Right,To Basket,Foul,2,22.2,1.5,85.2,0.0,100.0,0,,,,,,0,,100.0,,,0,0,,1.8,,100.0,0,0,0,,0,0,,3
Justin Wright,Winnipeg Sea Bears,2024-2025,offense,Isolation,Turnover,6,To Basket,ISO Including Passes > Isolation > Top > Drives Right > To Basket > Turnover,ISO Including Passes,Isolation,Top,Drives Right,To Basket,Turnover,1,11.1,0.0,,100.0,0.0,0,,,,,,0,,0.0,,,0,0,,0.0,,0.0,0,0,0,,0,0,,0
Justin Wright,Winnipeg Sea Bears,2024-2025,offense,Isolation,Dribble Jumper,5,Drives Right,ISO Including Passes > Isolation > Top > Drives Right > Dribble Jumper,ISO Including Passes,Isolation,Top,Drives Right,Dribble Jumper,,9,45.0,1.0,50.0,0.0,0.0,8,37.5,,,33.3,,9,50.0,0.0,,,3,6,,9.0,0.0,33.3,1,0,1,0.0,3,5,0.89,9
Justin Wright,Winnipeg Sea Bears,2024-2025,offense,Isolation,Long/3pt,6,Dribble Jumper,ISO Including Passes > Isolation > Top > Drives Right > Dribble Jumper > Long/3pt,ISO Including Passes,Isolation,Top,Drives Right,Dribble Jumper,Long/3pt,8,88.9,1.125,56.3,0.0,0.0,8,37.5,,,37.5,,8,56.3,0.0,,,3,5,,8.0,0.0,37.5,0,0,0,,3,5,1.0,9
Justin Wright,Winnipeg Sea Bears,2024-2025,offense,Isolation,Short to < 17,6,Dribble Jumper,ISO Including Passes > Isolation > Top > Drives Right > Dribble Jumper > Short to < 17,ISO Including Passes,Isolation,Top,Drives Right,Dribble Jumper,Short to < 17,1,11.1,0.0,0.0,0.0,0.0,0,,,,0.0,,1,0.0,0.0,,,0,1,,1.0,0.0,0.0,1,0,1,0.0,0,0,0.0,0
Justin Wright,Winnipeg Sea Bears,2024-2025,offense,Isolation,Turnover,5,Drives Right,ISO Including Passes > Isolation > Top > Drives Right > Turnover,ISO Including Passes,Isolation,Top,Drives Right,Turnover,,1,5.0,0.0,,100.0,0.0,0,,,,,,0,,0.0,,,0,0,,0.0,,0.0,0,0,0,,0,0,,0
Justin Wright,Winnipeg Sea Bears,2024-2025,offense,Isolation,Defense Commits,5,Drives Right,ISO Including Passes > Isolation > Top > Drives Right > Defense Commits,ISO Including Passes,Isolation,Top,Drives Right,Defense Commits,,1,5.0,0.0,,100.0,0.0,0,,,,,,0,,0.0,,,0,0,,0.0,,0.0,0,0,0,,0,0,,0
Justin Wright,Winnipeg Sea Bears,2024-2025,offense,Isolation,Turnover,6,Defense Commits,ISO Including Passes > Isolation > Top > Drives Right > Defense Commits > Turnover,ISO Including Passes,Isolation,Top,Drives Right,Defense Commits,Turnover,1,100.0,0.0,,100.0,0.0,0,,,,,,0,,0.0,,,0,0,,0.0,,0.0,0,0,0,,0,0,,0
Justin Wright,Winnipeg Sea Bears,2024-2025,offense,Isolation,Drives Left,4,Top,ISO Including Passes > Isolation > Top > Drives Left,ISO Including Passes,Isolation,Top,Drives Left,,,17,33.3,1.0,57.6,11.8,11.8,0,,,,53.8,,13,53.8,11.8,,,7,6,,14.8,0.31,52.9,13,7,6,53.8,0,0,0.0,17
Justin Wright,Winnipeg Sea Bears,2024-2025,offense,Isolation,To Basket,5,Drives Left,ISO Including Passes > Isolation > Top > Drives Left > To Basket,ISO Including Passes,Isolation,Top,Drives Left,To Basket,,9,52.9,1.0,58.0,11.1,22.2,0,,,,50.0,,6,50.0,22.2,,,3,3,,7.8,0.67,55.6,6,3,3,50.0,0,0,0.0,9
Justin Wright,Winnipeg Sea Bears,2024-2025,offense,Isolation,Miss 2 Pts,6,To Basket,ISO Including Passes > Isolation > Top > Drives Left > To Basket > Miss 2 Pts,ISO Including Passes,Isolation,Top,Drives Left,To Basket,Miss 2 Pts,3,33.3,0.0,0.0,0.0,0.0,0,,,,0.0,,3,0.0,0.0,,,0,3,,3.0,0.0,0.0,3,0,3,0.0,0,0,0.0,0
Justin Wright,Winnipeg Sea Bears,2024-2025,offense,Isolation,Make 2 Pts,6,To Basket,ISO Including Passes > Isolation > Top > Drives Left > To Basket > Make 2 Pts,ISO Including Passes,Isolation,Top,Drives Left,To Basket,Make 2 Pts,3,33.3,2.0,100.0,0.0,0.0,0,,,,100.0,,3,100.0,0.0,,,3,0,,3.0,0.0,100.0,3,3,0,100.0,0,0,0.0,6
Justin Wright,Winnipeg Sea Bears,2024-2025,offense,Isolation,Foul,6,To Basket,ISO Including Passes > Isolation > Top > Drives Left > To Basket > Foul,ISO Including Passes,Isolation,Top,Drives Left,To Basket,Foul,2,22.2,1.5,85.2,0.0,100.0,0,,,,,,0,,100.0,,,0,0,,1.8,,100.0,0,0,0,,0,0,,3
Justin Wright,Winnipeg Sea Bears,2024-2025,offense,Isolation,Turnover,6,To Basket,ISO Including Passes > Isolation > Top > Drives Left > To Basket > Turnover,ISO Including Passes,Isolation,Top,Drives Left,To Basket,Turnover,1,11.1,0.0,,100.0,0.0,0,,,,,,0,,0.0,,,0,0,,0.0,,0.0,0,0,0,,0,0,,0
Justin Wright,Winnipeg Sea Bears,2024-2025,offense,Isolation,Dribble Jumper,5,Drives Left,ISO Including Passes > Isolation > Top > Drives Left > Dribble Jumper,ISO Including Passes,Isolation,Top,Drives Left,Dribble Jumper,,7,41.2,1.143,57.1,0.0,0.0,0,,,,57.1,,7,57.1,0.0,,,4,3,,7.0,0.0,57.1,7,4,3,57.1,0,0,0.0,8
Justin Wright,Winnipeg Sea Bears,2024-2025,offense,Isolation,Short to < 17,6,Dribble Jumper,ISO Including Passes > Isolation > Top > Drives Left > Dribble Jumper > Short to < 17,ISO Including Passes,Isolation,Top,Drives Left,Dribble Jumper,Short to < 17,6,85.7,1.333,66.7,0.0,0.0,0,,,,66.7,,6,66.7,0.0,,,4,2,,6.0,0.0,66.7,6,4,2,66.7,0,0,0.0,8
Justin Wright,Winnipeg Sea Bears,2024-2025,offense,Isolation,Medium/17' to 3pt,6,Dribble Jumper,ISO Including Passes > Isolation > Top > Drives Left > Dribble Jumper > Medium/17' to 3pt,ISO Including Passes,Isolation,Top,Drives Left,Dribble Jumper,Medium/17' to 3pt,1,14.3,0.0,0.0,0.0,0.0,0,,,,0.0,,1,0.0,0.0,,,0,1,,1.0,0.0,0.0,1,0,1,0.0,0,0,0.0,0
Justin Wright,Winnipeg Sea Bears,2024-2025,offense,Isolation,Defense Commits,5,Drives Left,ISO Including Passes > Isolation > Top > Drives Left > Defense Commits,ISO Including Passes,Isolation,Top,Drives Left,Defense Commits,,1,5.9,0.0,,100.0,0.0,0,,,,,,0,,0.0,,,0,0,,0.0,,0.0,0,0,0,,0,0,,0
Justin Wright,Winnipeg Sea Bears,2024-2025,offense,Isolation,Turnover,6,Defense Commits,ISO Including Passes > Isolation > Top > Drives Left > Defense Commits > Turnover,ISO Including Passes,Isolation,Top,Drives Left,Defense Commits,Turnover,1,100.0,0.0,,100.0,0.0,0,,,,,,0,,0.0,,,0,0,,0.0,,0.0,0,0,0,,0,0,,0
Justin Wright,Winnipeg Sea Bears,2024-2025,offense,Isolation,Early Jumper,4,Top,ISO Including Passes > Isolation > Top > Early Jumper,ISO Including Passes,Isolation,Top,Early Jumper,,,14,27.5,1.286,64.3,0.0,0.0,14,42.9,,,42.9,,14,64.3,0.0,,,6,8,,14.0,0.0,42.9,0,0,0,,6,8,1.0,18
Justin Wright,Winnipeg Sea Bears,2024-2025,offense,Isolation,Dribble Jumper,5,Early Jumper,ISO Including Passes > Isolation > Top > Early Jumper > Dribble Jumper,ISO Including Passes,Isolation,Top,Early Jumper,Dribble Jumper,,14,100.0,1.286,64.3,0.0,0.0,14,42.9,,,42.9,,14,64.3,0.0,,,6,8,,14.0,0.0,42.9,0,0,0,,6,8,1.0,18
Justin Wright,Winnipeg Sea Bears,2024-2025,offense,Isolation,Long/3pt,6,Dribble Jumper,ISO Including Passes > Isolation > Top > Early Jumper > Dribble Jumper > Long/3pt,ISO Including Passes,Isolation,Top,Early Jumper,Dribble Jumper,Long/3pt,14,100.0,1.286,64.3,0.0,0.0,14,42.9,,,42.9,,14,64.3,0.0,,,6,8,,14.0,0.0,42.9,0,0,0,,6,8,1.0,18
Justin Wright,Winnipeg Sea Bears,2024-2025,offense,Isolation,Right,3,Isolation,ISO Including Passes > Isolation > Right,ISO Including Passes,Isolation,Right,,,,15,19.5,0.333,18.6,13.3,6.7,4,0.0,,,15.4,,13,15.4,6.7,,,2,11,,13.4,0.08,13.3,9,2,7,22.2,0,4,0.31,5
Justin Wright,Winnipeg Sea Bears,2024-2025,offense,Isolation,Drives Right,4,Right,ISO Including Passes > Isolation > Right > Drives Right,ISO Including Passes,Isolation,Right,Drives Right,,,10,66.7,0.0,0.0,20.0,0.0,3,0.0,,,0.0,,8,0.0,0.0,,,0,8,,8.0,0.0,0.0,5,0,5,0.0,0,3,0.38,0
Justin Wright,Winnipeg Sea Bears,2024-2025,offense,Isolation,To Basket,5,Drives Right,ISO Including Passes > Isolation > Right > Drives Right > To Basket,ISO Including Passes,Isolation,Right,Drives Right,To Basket,,4,40.0,0.0,0.0,0.0,0.0,0,,,,0.0,,4,0.0,0.0,,,0,4,,4.0,0.0,0.0,4,0,4,0.0,0,0,0.0,0
Justin Wright,Winnipeg Sea Bears,2024-2025,offense,Isolation,Miss 2 Pts,6,To Basket,ISO Including Passes > Isolation > Right > Drives Right > To Basket > Miss 2 Pts,ISO Including Passes,Isolation,Right,Drives Right,To Basket,Miss 2 Pts,4,100.0,0.0,0.0,0.0,0.0,0,,,,0.0,,4,0.0,0.0,,,0,4,,4.0,0.0,0.0,4,0,4,0.0,0,0,0.0,0
Justin Wright,Winnipeg Sea Bears,2024-2025,offense,Isolation,Dribble Jumper,5,Drives Right,ISO Including Passes > Isolation > Right > Drives Right > Dribble Jumper,ISO Including Passes,Isolation,Right,Drives Right,Dribble Jumper,,4,40.0,0.0,0.0,0.0,0.0,3,0.0,,,0.0,,4,0.0,0.0,,,0,4,,4.0,0.0,0.0,1,0,1,0.0,0,3,0.75,0
Justin Wright,Winnipeg Sea Bears,2024-2025,offense,Isolation,Long/3pt,6,Dribble Jumper,ISO Including Passes > Isolation > Right > Drives Right > Dribble Jumper > Long/3pt,ISO Including Passes,Isolation,Right,Drives Right,Dribble Jumper,Long/3pt,3,75.0,0.0,0.0,0.0,0.0,3,0.0,,,0.0,,3,0.0,0.0,,,0,3,,3.0,0.0,0.0,0,0,0,,0,3,1.0,0
Justin Wright,Winnipeg Sea Bears,2024-2025,offense,Isolation,Short to < 17,6,Dribble Jumper,ISO Including Passes > Isolation > Right > Drives Right > Dribble Jumper > Short to < 17,ISO Including Passes,Isolation,Right,Drives Right,Dribble Jumper,Short to < 17,1,25.0,0.0,0.0,0.0,0.0,0,,,,0.0,,1,0.0,0.0,,,0,1,,1.0,0.0,0.0,1,0,1,0.0,0,0,0.0,0
Justin Wright,Winnipeg Sea Bears,2024-2025,offense,Isolation,Defense Commits,5,Drives Right,ISO Including Passes > Isolation > Right > Drives Right > Defense Commits,ISO Including Passes,Isolation,Right,Drives Right,Defense Commits,,2,20.0,0.0,,100.0,0.0,0,,,,,,0,,0.0,,,0,0,,0.0,,0.0,0,0,0,,0,0,,0
Justin Wright,Winnipeg Sea Bears,2024-2025,offense,Isolation,Turnover,6,Defense Commits,ISO Including Passes > Isolation > Right > Drives Right > Defense Commits > Turnover,ISO Including Passes,Isolation,Right,Drives Right,Defense Commits,Turnover,2,100.0,0.0,,100.0,0.0,0,,,,,,0,,0.0,,,0,0,,0.0,,0.0,0,0,0,,0,0,,0
Justin Wright,Winnipeg Sea Bears,2024-2025,offense,Isolation,Drives Left,4,Right,ISO Including Passes > Isolation > Right > Drives Left,ISO Including Passes,Isolation,Right,Drives Left,,,4,26.7,1.25,56.3,0.0,25.0,0,,,,50.0,,4,50.0,25.0,,,2,2,,4.4,0.25,50.0,4,2,2,50.0,0,0,0.0,5
Justin Wright,Winnipeg Sea Bears,2024-2025,offense,Isolation,To Basket,5,Drives Left,ISO Including Passes > Isolation > Right > Drives Left > To Basket,ISO Including Passes,Isolation,Right,Drives Left,To Basket,,2,50.0,1.0,50.0,0.0,0.0,0,,,,50.0,,2,50.0,0.0,,,1,1,,2.0,0.0,50.0,2,1,1,50.0,0,0,0.0,2
Justin Wright,Winnipeg Sea Bears,2024-2025,offense,Isolation,Make 2 Pts,6,To Basket,ISO Including Passes > Isolation > Right > Drives Left > To Basket > Make 2 Pts,ISO Including Passes,Isolation,Right,Drives Left,To Basket,Make 2 Pts,1,50.0,2.0,100.0,0.0,0.0,0,,,,100.0,,1,100.0,0.0,,,1,0,,1.0,0.0,100.0,1,1,0,100.0,0,0,0.0,2
Justin Wright,Winnipeg Sea Bears,2024-2025,offense,Isolation,Miss 2 Pts,6,To Basket,ISO Including Passes > Isolation > Right > Drives Left > To Basket > Miss 2 Pts,ISO Including Passes,Isolation,Right,Drives Left,To Basket,Miss 2 Pts,1,50.0,0.0,0.0,0.0,0.0,0,,,,0.0,,1,0.0,0.0,,,0,1,,1.0,0.0,0.0,1,0,1,0.0,0,0,0.0,0
Justin Wright,Winnipeg Sea Bears,2024-2025,offense,Isolation,Dribble Jumper,5,Drives Left,ISO Including Passes > Isolation > Right > Drives Left > Dribble Jumper,ISO Including Passes,Isolation,Right,Drives Left,Dribble Jumper,,2,50.0,1.5,61.5,0.0,50.0,0,,,,50.0,,2,50.0,50.0,,,1,1,,2.4,0.5,50.0,2,1,1,50.0,0,0,0.0,3
Justin Wright,Winnipeg Sea Bears,2024-2025,offense,Isolation,Short to < 17,6,Dribble Jumper,ISO Including Passes > Isolation > Right > Drives Left > Dribble Jumper > Short to < 17,ISO Including Passes,Isolation,Right,Drives Left,Dribble Jumper,Short to < 17,1,50.0,0.0,0.0,0.0,0.0,0,,,,0.0,,1,0.0,0.0,,,0,1,,1.0,0.0,0.0,1,0,1,0.0,0,0,0.0,0
Justin Wright,Winnipeg Sea Bears,2024-2025,offense,Isolation,Medium/17' to 3pt,6,Dribble Jumper,ISO Including Passes > Isolation > Right > Drives Left > Dribble Jumper > Medium/17' to 3pt,ISO Including Passes,Isolation,Right,Drives Left,Dribble Jumper,Medium/17' to 3pt,1,50.0,3.0,104.2,0.0,100.0,0,,,,100.0,,1,100.0,100.0,,,1,0,,1.4,1.0,100.0,1,1,0,100.0,0,0,0.0,3
Justin Wright,Winnipeg Sea Bears,2024-2025,offense,Isolation,Early Jumper,4,Right,ISO Including Passes > Isolation > Right > Early Jumper,ISO Including Passes,Isolation,Right,Early Jumper,,,1,6.7,0.0,0.0,0.0,0.0,1,0.0,,,0.0,,1,0.0,0.0,,,0,1,,1.0,0.0,0.0,0,0,0,,0,1,1.0,0
Justin Wright,Winnipeg Sea Bears,2024-2025,offense,Isolation,No Dribble Jumper,5,Early Jumper,ISO Including Passes > Isolation > Right > Early Jumper > No Dribble Jumper,ISO Including Passes,Isolation,Right,Early Jumper,No Dribble Jumper,,1,100.0,0.0,0.0,0.0,0.0,1,0.0,,,0.0,,1,0.0,0.0,,,0,1,,1.0,0.0,0.0,0,0,0,,0,1,1.0,0
Justin Wright,Winnipeg Sea Bears,2024-2025,offense,Isolation,Guarded,6,No Dribble Jumper,ISO Including Passes > Isolation > Right > Early Jumper > No Dribble Jumper > Guarded,ISO Including Passes,Isolation,Right,Early Jumper,No Dribble Jumper,Guarded,1,100.0,0.0,0.0,0.0,0.0,1,0.0,,,0.0,,1,0.0,0.0,,,0,1,,1.0,0.0,0.0,0,0,0,,0,1,1.0,0
Justin Wright,Winnipeg Sea Bears,2024-2025,offense,Isolation,Left,3,Isolation,ISO Including Passes > Isolation > Left,ISO Including Passes,Isolation,Left,,,,11,14.3,1.091,55.8,0.0,18.2,3,33.3,,,44.4,,9,50.0,18.2,,,4,5,,10.8,0.44,54.5,6,3,3,50.0,1,2,0.33,12
Justin Wright,Winnipeg Sea Bears,2024-2025,offense,Isolation,Drives Left,4,Left,ISO Including Passes > Isolation > Left > Drives Left,ISO Including Passes,Isolation,Left,Drives Left,,,5,45.5,1.0,51.2,0.0,20.0,0,,,,50.0,,4,50.0,20.0,,,2,2,,4.9,0.5,60.0,4,2,2,50.0,0,0,0.0,5
Justin Wright,Winnipeg Sea Bears,2024-2025,offense,Isolation,Dribble Jumper,5,Drives Left,ISO Including Passes > Isolation > Left > Drives Left > Dribble Jumper,ISO Including Passes,Isolation,Left,Drives Left,Dribble Jumper,,3,60.0,1.0,52.1,0.0,33.3,0,,,,50.0,,2,50.0,33.3,,,1,1,,2.9,1.0,66.7,2,1,1,50.0,0,0,0.0,3
Justin Wright,Winnipeg Sea Bears,2024-2025,offense,Isolation,Short to < 17,6,Dribble Jumper,ISO Including Passes > Isolation > Left > Drives Left > Dribble Jumper > Short to < 17,ISO Including Passes,Isolation,Left,Drives Left,Dribble Jumper,Short to < 17,3,100.0,1.0,52.1,0.0,33.3,0,,,,50.0,,2,50.0,33.3,,,1,1,,2.9,1.0,66.7,2,1,1,50.0,0,0,0.0,3
Justin Wright,Winnipeg Sea Bears,2024-2025,offense,Isolation,To Basket,5,Drives Left,ISO Including Passes > Isolation > Left > Drives Left > To Basket,ISO Including Passes,Isolation,Left,Drives Left,To Basket,,2,40.0,1.0,50.0,0.0,0.0,0,,,,50.0,,2,50.0,0.0,,,1,1,,2.0,0.0,50.0,2,1,1,50.0,0,0,0.0,2
Justin Wright,Winnipeg Sea Bears,2024-2025,offense,Isolation,Make 2 Pts,6,To Basket,ISO Including Passes > Isolation > Left > Drives Left > To Basket > Make 2 Pts,ISO Including Passes,Isolation,Left,Drives Left,To Basket,Make 2 Pts,1,50.0,2.0,100.0,0.0,0.0,0,,,,100.0,,1,100.0,0.0,,,1,0,,1.0,0.0,100.0,1,1,0,100.0,0,0,0.0,2
Justin Wright,Winnipeg Sea Bears,2024-2025,offense,Isolation,Miss 2 Pts,6,To Basket,ISO Including Passes > Isolation > Left > Drives Left > To Basket > Miss 2 Pts,ISO Including Passes,Isolation,Left,Drives Left,To Basket,Miss 2 Pts,1,50.0,0.0,0.0,0.0,0.0,0,,,,0.0,,1,0.0,0.0,,,0,1,,1.0,0.0,0.0,1,0,1,0.0,0,0,0.0,0
Justin Wright,Winnipeg Sea Bears,2024-2025,offense,Isolation,Drives Right,4,Left,ISO Including Passes > Isolation > Left > Drives Right,ISO Including Passes,Isolation,Left,Drives Right,,,3,27.3,1.333,69.4,0.0,33.3,0,,,,50.0,,2,50.0,33.3,,,1,1,,2.9,1.0,66.7,2,1,1,50.0,0,0,0.0,4
Justin Wright,Winnipeg Sea Bears,2024-2025,offense,Isolation,Dribble Jumper,5,Drives Right,ISO Including Passes > Isolation > Left > Drives Right > Dribble Jumper,ISO Including Passes,Isolation,Left,Drives Right,Dribble Jumper,,2,66.7,1.0,50.0,0.0,0.0,0,,,,50.0,,2,50.0,0.0,,,1,1,,2.0,0.0,50.0,2,1,1,50.0,0,0,0.0,2
Justin Wright,Winnipeg Sea Bears,2024-2025,offense,Isolation,Medium/17' to 3pt,6,Dribble Jumper,ISO Including Passes > Isolation > Left > Drives Right > Dribble Jumper > Medium/17' to 3pt,ISO Including Passes,Isolation,Left,Drives Right,Dribble Jumper,Medium/17' to 3pt,1,50.0,2.0,100.0,0.0,0.0,0,,,,100.0,,1,100.0,0.0,,,1,0,,1.0,0.0,100.0,1,1,0,100.0,0,0,0.0,2
Justin Wright,Winnipeg Sea Bears,2024-2025,offense,Isolation,Short to < 17,6,Dribble Jumper,ISO Including Passes > Isolation > Left > Drives Right > Dribble Jumper > Short to < 17,ISO Including Passes,Isolation,Left,Drives Right,Dribble Jumper,Short to < 17,1,50.0,0.0,0.0,0.0,0.0,0,,,,0.0,,1,0.0,0.0,,,0,1,,1.0,0.0,0.0,1,0,1,0.0,0,0,0.0,0
Justin Wright,Winnipeg Sea Bears,2024-2025,offense,Isolation,To Basket,5,Drives Right,ISO Including Passes > Isolation > Left > Drives Right > To Basket,ISO Including Passes,Isolation,Left,Drives Right,To Basket,,1,33.3,2.0,113.6,0.0,100.0,0,,,,,,0,,100.0,,,0,0,,0.9,,100.0,0,0,0,,0,0,,2
Justin Wright,Winnipeg Sea Bears,2024-2025,offense,Isolation,Foul,6,To Basket,ISO Including Passes > Isolation > Left > Drives Right > To Basket > Foul,ISO Including Passes,Isolation,Left,Drives Right,To Basket,Foul,1,100.0,2.0,113.6,0.0,100.0,0,,,,,,0,,100.0,,,0,0,,0.9,,100.0,0,0,0,,0,0,,2
Justin Wright,Winnipeg Sea Bears,2024-2025,offense,Isolation,Early Jumper,4,Left,ISO Including Passes > Isolation > Left > Early Jumper,ISO Including Passes,Isolation,Left,Early Jumper,,,3,27.3,1.0,50.0,0.0,0.0,3,33.3,,,33.3,,3,50.0,0.0,,,1,2,,3.0,0.0,33.3,0,0,0,,1,2,1.0,3
Justin Wright,Winnipeg Sea Bears,2024-2025,offense,Isolation,Dribble Jumper,5,Early Jumper,ISO Including Passes > Isolation > Left > Early Jumper > Dribble Jumper,ISO Including Passes,Isolation,Left,Early Jumper,Dribble Jumper,,3,100.0,1.0,50.0,0.0,0.0,3,33.3,,,33.3,,3,50.0,0.0,,,1,2,,3.0,0.0,33.3,0,0,0,,1,2,1.0,3
Justin Wright,Winnipeg Sea Bears,2024-2025,offense,Isolation,Long/3pt,6,Dribble Jumper,ISO Including Passes > Isolation > Left > Early Jumper > Dribble Jumper > Long/3pt,ISO Including Passes,Isolation,Left,Early Jumper,Dribble Jumper,Long/3pt,3,100.0,1.0,50.0,0.0,0.0,3,33.3,,,33.3,,3,50.0,0.0,,,1,2,,3.0,0.0,33.3,0,0,0,,1,2,1.0,3
Justin Wright,Winnipeg Sea Bears,2024-2025,offense,Isolation,Spot-Up,2,ISO Including Passes,ISO Including Passes > Spot-Up,ISO Including Passes,Spot-Up,,,,,9,10.5,1.333,66.7,0.0,0.0,6,33.3,,,55.6,,9,66.7,0.0,,,5,4,,9.0,0.0,55.6,3,3,0,100.0,2,4,0.67,12
Justin Wright,Winnipeg Sea Bears,2024-2025,offense,Isolation,No Dribble Jumper,3,Spot-Up,ISO Including Passes > Spot-Up > No Dribble Jumper,ISO Including Passes,Spot-Up,No Dribble Jumper,,,,4,44.4,1.5,75.0,0.0,0.0,4,50.0,,,50.0,,4,75.0,0.0,,,2,2,,4.0,0.0,50.0,0,0,0,,2,2,1.0,6
Justin Wright,Winnipeg Sea Bears,2024-2025,offense,Isolation,Guarded,4,No Dribble Jumper,ISO Including Passes > Spot-Up > No Dribble Jumper > Guarded,ISO Including Passes,Spot-Up,No Dribble Jumper,Guarded,,,3,75.0,1.0,50.0,0.0,0.0,3,33.3,,,33.3,,3,50.0,0.0,,,1,2,,3.0,0.0,33.3,0,0,0,,1,2,1.0,3
Justin Wright,Winnipeg Sea Bears,2024-2025,offense,Isolation,Long/3pt,5,Guarded,ISO Including Passes > Spot-Up > No Dribble Jumper > Guarded > Long/3pt,ISO Including Passes,Spot-Up,No Dribble Jumper,Guarded,Long/3pt,,3,100.0,1.0,50.0,0.0,0.0,3,33.3,,,33.3,,3,50.0,0.0,,,1,2,,3.0,0.0,33.3,0,0,0,,1,2,1.0,3
Justin Wright,Winnipeg Sea Bears,2024-2025,offense,Isolation,Miss 3 Pts,6,Long/3pt,ISO Including Passes > Spot-Up > No Dribble Jumper > Guarded > Long/3pt > Miss 3 Pts,ISO Including Passes,Spot-Up,No Dribble Jumper,Guarded,Long/3pt,Miss 3 Pts,2,66.7,0.0,0.0,0.0,0.0,2,0.0,,,0.0,,2,0.0,0.0,,,0,2,,2.0,0.0,0.0,0,0,0,,0,2,1.0,0
Justin Wright,Winnipeg Sea Bears,2024-2025,offense,Isolation,Make 3 Pts,6,Long/3pt,ISO Including Passes > Spot-Up > No Dribble Jumper > Guarded > Long/3pt > Make 3 Pts,ISO Including Passes,Spot-Up,No Dribble Jumper,Guarded,Long/3pt,Make 3 Pts,1,33.3,3.0,150.0,0.0,0.0,1,100.0,,,100.0,,1,150.0,0.0,,,1,0,,1.0,0.0,100.0,0,0,0,,1,0,1.0,3
Justin Wright,Winnipeg Sea Bears,2024-2025,offense,Isolation,Open,4,No Dribble Jumper,ISO Including Passes > Spot-Up > No Dribble Jumper > Open,ISO Including Passes,Spot-Up,No Dribble Jumper,Open,,,1,25.0,3.0,150.0,0.0,0.0,1,100.0,,,100.0,,1,150.0,0.0,,,1,0,,1.0,0.0,100.0,0,0,0,,1,0,1.0,3
Justin Wright,Winnipeg Sea Bears,2024-2025,offense,Isolation,Long/3pt,5,Open,ISO Including Passes > Spot-Up > No Dribble Jumper > Open > Long/3pt,ISO Including Passes,Spot-Up,No Dribble Jumper,Open,Long/3pt,,1,100.0,3.0,150.0,0.0,0.0,1,100.0,,,100.0,,1,150.0,0.0,,,1,0,,1.0,0.0,100.0,0,0,0,,1,0,1.0,3
Justin Wright,Winnipeg Sea Bears,2024-2025,offense,Isolation,Make 3 Pts,6,Long/3pt,ISO Including Passes > Spot-Up > No Dribble Jumper > Open > Long/3pt > Make 3 Pts,ISO Including Passes,Spot-Up,No Dribble Jumper,Open,Long/3pt,Make 3 Pts,1,100.0,3.0,150.0,0.0,0.0,1,100.0,,,100.0,,1,150.0,0.0,,,1,0,,1.0,0.0,100.0,0,0,0,,1,0,1.0,3
Justin Wright,Winnipeg Sea Bears,2024-2025,offense,Isolation,Drives Left,3,Spot-Up,ISO Including Passes > Spot-Up > Drives Left,ISO Including Passes,Spot-Up,Drives Left,,,,3,33.3,1.333,66.7,0.0,0.0,1,0.0,,,66.7,,3,66.7,0.0,,,2,1,,3.0,0.0,66.7,2,2,0,100.0,0,1,0.33,4
Justin Wright,Winnipeg Sea Bears,2024-2025,offense,Isolation,Dribble Jumper,4,Drives Left,ISO Including Passes > Spot-Up > Drives Left > Dribble Jumper,ISO Including Passes,Spot-Up,Drives Left,Dribble Jumper,,,3,100.0,1.333,66.7,0.0,0.0,1,0.0,,,66.7,,3,66.7,0.0,,,2,1,,3.0,0.0,66.7,2,2,0,100.0,0,1,0.33,4
Justin Wright,Winnipeg Sea Bears,2024-2025,offense,Isolation,Medium/17' to 3pt,5,Dribble Jumper,ISO Including Passes > Spot-Up > Drives Left > Dribble Jumper > Medium/17' to 3pt,ISO Including Passes,Spot-Up,Drives Left,Dribble Jumper,Medium/17' to 3pt,,2,66.7,2.0,100.0,0.0,0.0,0,,,,100.0,,2,100.0,0.0,,,2,0,,2.0,0.0,100.0,2,2,0,100.0,0,0,0.0,4
Justin Wright,Winnipeg Sea Bears,2024-2025,offense,Isolation,Make 2 Pts,6,Medium/17' to 3pt,ISO Including Passes > Spot-Up > Drives Left > Dribble Jumper > Medium/17' to 3pt > Make 2 Pts,ISO Including Passes,Spot-Up,Drives Left,Dribble Jumper,Medium/17' to 3pt,Make 2 Pts,2,100.0,2.0,100.0,0.0,0.0,0,,,,100.0,,2,100.0,0.0,,,2,0,,2.0,0.0,100.0,2,2,0,100.0,0,0,0.0,4
Justin Wright,Winnipeg Sea Bears,2024-2025,offense,Isolation,Long/3pt,5,Dribble Jumper,ISO Including Passes > Spot-Up > Drives Left > Dribble Jumper > Long/3pt,ISO Including Passes,Spot-Up,Drives Left,Dribble Jumper,Long/3pt,,1,33.3,0.0,0.0,0.0,0.0,1,0.0,,,0.0,,1,0.0,0.0,,,0,1,,1.0,0.0,0.0,0,0,0,,0,1,1.0,0
Justin Wright,Winnipeg Sea Bears,2024-2025,offense,Isolation,Miss 3 Pts,6,Long/3pt,ISO Including Passes > Spot-Up > Drives Left > Dribble Jumper > Long/3pt > Miss 3 Pts,ISO Including Passes,Spot-Up,Drives Left,Dribble Jumper,Long/3pt,Miss 3 Pts,1,100.0,0.0,0.0,0.0,0.0,1,0.0,,,0.0,,1,0.0,0.0,,,0,1,,1.0,0.0,0.0,0,0,0,,0,1,1.0,0
Justin Wright,Winnipeg Sea Bears,2024-2025,offense,Isolation,Drives Right,3,Spot-Up,ISO Including Passes > Spot-Up > Drives Right,ISO Including Passes,Spot-Up,Drives Right,,,,2,22.2,1.0,50.0,0.0,0.0,1,0.0,,,50.0,,2,50.0,0.0,,,1,1,,2.0,0.0,50.0,1,1,0,100.0,0,1,0.5,2
Justin Wright,Winnipeg Sea Bears,2024-2025,offense,Isolation,To Basket,4,Drives Right,ISO Including Passes > Spot-Up > Drives Right > To Basket,ISO Including Passes,Spot-Up,Drives Right,To Basket,,,1,50.0,2.0,100.0,0.0,0.0,0,,,,100.0,,1,100.0,0.0,,,1,0,,1.0,0.0,100.0,1,1,0,100.0,0,0,0.0,2
Justin Wright,Winnipeg Sea Bears,2024-2025,offense,Isolation,Make 2 Pts,5,To Basket,ISO Including Passes > Spot-Up > Drives Right > To Basket > Make 2 Pts,ISO Including Passes,Spot-Up,Drives Right,To Basket,Make 2 Pts,,1,100.0,2.0,100.0,0.0,0.0,0,,,,100.0,,1,100.0,0.0,,,1,0,,1.0,0.0,100.0,1,1,0,100.0,0,0,0.0,2
Justin Wright,Winnipeg Sea Bears,2024-2025,offense,Isolation,Dribble Jumper,4,Drives Right,ISO Including Passes > Spot-Up > Drives Right > Dribble Jumper,ISO Including Passes,Spot-Up,Drives Right,Dribble Jumper,,,1,50.0,0.0,0.0,0.0,0.0,1,0.0,,,0.0,,1,0.0,0.0,,,0,1,,1.0,0.0,0.0,0,0,0,,0,1,1.0,0
Justin Wright,Winnipeg Sea Bears,2024-2025,offense,Isolation,Long/3pt,5,Dribble Jumper,ISO Including Passes > Spot-Up > Drives Right > Dribble Jumper > Long/3pt,ISO Including Passes,Spot-Up,Drives Right,Dribble Jumper,Long/3pt,,1,100.0,0.0,0.0,0.0,0.0,1,0.0,,,0.0,,1,0.0,0.0,,,0,1,,1.0,0.0,0.0,0,0,0,,0,1,1.0,0
Justin Wright,Winnipeg Sea Bears,2024-2025,offense,Isolation,Miss 3 Pts,6,Long/3pt,ISO Including Passes > Spot-Up > Drives Right > Dribble Jumper > Long/3pt > Miss 3 Pts,ISO Including Passes,Spot-Up,Drives Right,Dribble Jumper,Long/3pt,Miss 3 Pts,1,100.0,0.0,0.0,0.0,0.0,1,0.0,,,0.0,,1,0.0,0.0,,,0,1,,1.0,0.0,0.0,0,0,0,,0,1,1.0,0
Justin Wright,Winnipeg Sea Bears,2024-2025,offense,Isolation,ISO - Defense Commits,1,,ISO - Defense Commits,ISO - Defense Commits,,,,,,13,2.4,0.923,66.7,30.8,0.0,6,33.3,Good,60.0,55.6,10.0,9,66.7,0.0,,,5,4,,9.0,0.0,38.5,3,3,0,100.0,2,4,0.67,12
Justin Wright,Winnipeg Sea Bears,2024-2025,offense,Isolation,Spot-Up,2,ISO - Defense Commits,ISO - Defense Commits > Spot-Up,ISO - Defense Commits,Spot-Up,,,,,9,69.2,1.333,66.7,0.0,0.0,6,33.3,,,55.6,,9,66.7,0.0,,,5,4,,9.0,0.0,55.6,3,3,0,100.0,2,4,0.67,12
Justin Wright,Winnipeg Sea Bears,2024-2025,offense,Isolation,No Dribble Jumper,3,Spot-Up,ISO - Defense Commits > Spot-Up > No Dribble Jumper,ISO - Defense Commits,Spot-Up,No Dribble Jumper,,,,4,44.4,1.5,75.0,0.0,0.0,4,50.0,,,50.0,,4,75.0,0.0,,,2,2,,4.0,0.0,50.0,0,0,0,,2,2,1.0,6
Justin Wright,Winnipeg Sea Bears,2024-2025,offense,Isolation,Guarded,4,No Dribble Jumper,ISO - Defense Commits > Spot-Up > No Dribble Jumper > Guarded,ISO - Defense Commits,Spot-Up,No Dribble Jumper,Guarded,,,3,75.0,1.0,50.0,0.0,0.0,3,33.3,,,33.3,,3,50.0,0.0,,,1,2,,3.0,0.0,33.3,0,0,0,,1,2,1.0,3
Justin Wright,Winnipeg Sea Bears,2024-2025,offense,Isolation,Long/3pt,5,Guarded,ISO - Defense Commits > Spot-Up > No Dribble Jumper > Guarded > Long/3pt,ISO - Defense Commits,Spot-Up,No Dribble Jumper,Guarded,Long/3pt,,3,100.0,1.0,50.0,0.0,0.0,3,33.3,,,33.3,,3,50.0,0.0,,,1,2,,3.0,0.0,33.3,0,0,0,,1,2,1.0,3
Justin Wright,Winnipeg Sea Bears,2024-2025,offense,Isolation,Miss 3 Pts,6,Long/3pt,ISO - Defense Commits > Spot-Up > No Dribble Jumper > Guarded > Long/3pt > Miss 3 Pts,ISO - Defense Commits,Spot-Up,No Dribble Jumper,Guarded,Long/3pt,Miss 3 Pts,2,66.7,0.0,0.0,0.0,0.0,2,0.0,,,0.0,,2,0.0,0.0,,,0,2,,2.0,0.0,0.0,0,0,0,,0,2,1.0,0
Justin Wright,Winnipeg Sea Bears,2024-2025,offense,Isolation,Make 3 Pts,6,Long/3pt,ISO - Defense Commits > Spot-Up > No Dribble Jumper > Guarded > Long/3pt > Make 3 Pts,ISO - Defense Commits,Spot-Up,No Dribble Jumper,Guarded,Long/3pt,Make 3 Pts,1,33.3,3.0,150.0,0.0,0.0,1,100.0,,,100.0,,1,150.0,0.0,,,1,0,,1.0,0.0,100.0,0,0,0,,1,0,1.0,3
Justin Wright,Winnipeg Sea Bears,2024-2025,offense,Isolation,Open,4,No Dribble Jumper,ISO - Defense Commits > Spot-Up > No Dribble Jumper > Open,ISO - Defense Commits,Spot-Up,No Dribble Jumper,Open,,,1,25.0,3.0,150.0,0.0,0.0,1,100.0,,,100.0,,1,150.0,0.0,,,1,0,,1.0,0.0,100.0,0,0,0,,1,0,1.0,3
Justin Wright,Winnipeg Sea Bears,2024-2025,offense,Isolation,Long/3pt,5,Open,ISO - Defense Commits > Spot-Up > No Dribble Jumper > Open > Long/3pt,ISO - Defense Commits,Spot-Up,No Dribble Jumper,Open,Long/3pt,,1,100.0,3.0,150.0,0.0,0.0,1,100.0,,,100.0,,1,150.0,0.0,,,1,0,,1.0,0.0,100.0,0,0,0,,1,0,1.0,3
Justin Wright,Winnipeg Sea Bears,2024-2025,offense,Isolation,Make 3 Pts,6,Long/3pt,ISO - Defense Commits > Spot-Up > No Dribble Jumper > Open > Long/3pt > Make 3 Pts,ISO - Defense Commits,Spot-Up,No Dribble Jumper,Open,Long/3pt,Make 3 Pts,1,100.0,3.0,150.0,0.0,0.0,1,100.0,,,100.0,,1,150.0,0.0,,,1,0,,1.0,0.0,100.0,0,0,0,,1,0,1.0,3
Justin Wright,Winnipeg Sea Bears,2024-2025,offense,Isolation,Drives Left,3,Spot-Up,ISO - Defense Commits > Spot-Up > Drives Left,ISO - Defense Commits,Spot-Up,Drives Left,,,,3,33.3,1.333,66.7,0.0,0.0,1,0.0,,,66.7,,3,66.7,0.0,,,2,1,,3.0,0.0,66.7,2,2,0,100.0,0,1,0.33,4
Justin Wright,Winnipeg Sea Bears,2024-2025,offense,Isolation,Dribble Jumper,4,Drives Left,ISO - Defense Commits > Spot-Up > Drives Left > Dribble Jumper,ISO - Defense Commits,Spot-Up,Drives Left,Dribble Jumper,,,3,100.0,1.333,66.7,0.0,0.0,1,0.0,,,66.7,,3,66.7,0.0,,,2,1,,3.0,0.0,66.7,2,2,0,100.0,0,1,0.33,4
Justin Wright,Winnipeg Sea Bears,2024-2025,offense,Isolation,Medium/17' to 3pt,5,Dribble Jumper,ISO - Defense Commits > Spot-Up > Drives Left > Dribble Jumper > Medium/17' to 3pt,ISO - Defense Commits,Spot-Up,Drives Left,Dribble Jumper,Medium/17' to 3pt,,2,66.7,2.0,100.0,0.0,0.0,0,,,,100.0,,2,100.0,0.0,,,2,0,,2.0,0.0,100.0,2,2,0,100.0,0,0,0.0,4
Justin Wright,Winnipeg Sea Bears,2024-2025,offense,Isolation,Make 2 Pts,6,Medium/17' to 3pt,ISO - Defense Commits > Spot-Up > Drives Left > Dribble Jumper > Medium/17' to 3pt > Make 2 Pts,ISO - Defense Commits,Spot-Up,Drives Left,Dribble Jumper,Medium/17' to 3pt,Make 2 Pts,2,100.0,2.0,100.0,0.0,0.0,0,,,,100.0,,2,100.0,0.0,,,2,0,,2.0,0.0,100.0,2,2,0,100.0,0,0,0.0,4
Justin Wright,Winnipeg Sea Bears,2024-2025,offense,Isolation,Long/3pt,5,Dribble Jumper,ISO - Defense Commits > Spot-Up > Drives Left > Dribble Jumper > Long/3pt,ISO - Defense Commits,Spot-Up,Drives Left,Dribble Jumper,Long/3pt,,1,33.3,0.0,0.0,0.0,0.0,1,0.0,,,0.0,,1,0.0,0.0,,,0,1,,1.0,0.0,0.0,0,0,0,,0,1,1.0,0
Justin Wright,Winnipeg Sea Bears,2024-2025,offense,Isolation,Miss 3 Pts,6,Long/3pt,ISO - Defense Commits > Spot-Up > Drives Left > Dribble Jumper > Long/3pt > Miss 3 Pts,ISO - Defense Commits,Spot-Up,Drives Left,Dribble Jumper,Long/3pt,Miss 3 Pts,1,100.0,0.0,0.0,0.0,0.0,1,0.0,,,0.0,,1,0.0,0.0,,,0,1,,1.0,0.0,0.0,0,0,0,,0,1,1.0,0
Justin Wright,Winnipeg Sea Bears,2024-2025,offense,Isolation,Drives Right,3,Spot-Up,ISO - Defense Commits > Spot-Up > Drives Right,ISO - Defense Commits,Spot-Up,Drives Right,,,,2,22.2,1.0,50.0,0.0,0.0,1,0.0,,,50.0,,2,50.0,0.0,,,1,1,,2.0,0.0,50.0,1,1,0,100.0,0,1,0.5,2
Justin Wright,Winnipeg Sea Bears,2024-2025,offense,Isolation,Dribble Jumper,4,Drives Right,ISO - Defense Commits > Spot-Up > Drives Right > Dribble Jumper,ISO - Defense Commits,Spot-Up,Drives Right,Dribble Jumper,,,1,50.0,0.0,0.0,0.0,0.0,1,0.0,,,0.0,,1,0.0,0.0,,,0,1,,1.0,0.0,0.0,0,0,0,,0,1,1.0,0
Justin Wright,Winnipeg Sea Bears,2024-2025,offense,Isolation,Long/3pt,5,Dribble Jumper,ISO - Defense Commits > Spot-Up > Drives Right > Dribble Jumper > Long/3pt,ISO - Defense Commits,Spot-Up,Drives Right,Dribble Jumper,Long/3pt,,1,100.0,0.0,0.0,0.0,0.0,1,0.0,,,0.0,,1,0.0,0.0,,,0,1,,1.0,0.0,0.0,0,0,0,,0,1,1.0,0
Justin Wright,Winnipeg Sea Bears,2024-2025,offense,Isolation,Miss 3 Pts,6,Long/3pt,ISO - Defense Commits > Spot-Up > Drives Right > Dribble Jumper > Long/3pt > Miss 3 Pts,ISO - Defense Commits,Spot-Up,Drives Right,Dribble Jumper,Long/3pt,Miss 3 Pts,1,100.0,0.0,0.0,0.0,0.0,1,0.0,,,0.0,,1,0.0,0.0,,,0,1,,1.0,0.0,0.0,0,0,0,,0,1,1.0,0
Justin Wright,Winnipeg Sea Bears,2024-2025,offense,Isolation,To Basket,4,Drives Right,ISO - Defense Commits > Spot-Up > Drives Right > To Basket,ISO - Defense Commits,Spot-Up,Drives Right,To Basket,,,1,50.0,2.0,100.0,0.0,0.0,0,,,,100.0,,1,100.0,0.0,,,1,0,,1.0,0.0,100.0,1,1,0,100.0,0,0,0.0,2
Justin Wright,Winnipeg Sea Bears,2024-2025,offense,Isolation,Make 2 Pts,5,To Basket,ISO - Defense Commits > Spot-Up > Drives Right > To Basket > Make 2 Pts,ISO - Defense Commits,Spot-Up,Drives Right,To Basket,Make 2 Pts,,1,100.0,2.0,100.0,0.0,0.0,0,,,,100.0,,1,100.0,0.0,,,1,0,,1.0,0.0,100.0,1,1,0,100.0,0,0,0.0,2
Justin Wright,Winnipeg Sea Bears,2024-2025,offense,Isolation,Isolation,2,ISO - Defense Commits,ISO - Defense Commits > Isolation,ISO - Defense Commits,Isolation,,,,,4,30.8,0.0,,100.0,0.0,0,,,,,,0,,0.0,,,0,0,,0.0,,0.0,0,0,0,,0,0,,0
Justin Wright,Winnipeg Sea Bears,2024-2025,offense,Isolation,Right,3,Isolation,ISO - Defense Commits > Isolation > Right,ISO - Defense Commits,Isolation,Right,,,,2,50.0,0.0,,100.0,0.0,0,,,,,,0,,0.0,,,0,0,,0.0,,0.0,0,0,0,,0,0,,0
Justin Wright,Winnipeg Sea Bears,2024-2025,offense,Isolation,Drives Right,4,Right,ISO - Defense Commits > Isolation > Right > Drives Right,ISO - Defense Commits,Isolation,Right,Drives Right,,,2,100.0,0.0,,100.0,0.0,0,,,,,,0,,0.0,,,0,0,,0.0,,0.0,0,0,0,,0,0,,0
Justin Wright,Winnipeg Sea Bears,2024-2025,offense,Isolation,Defense Commits,5,Drives Right,ISO - Defense Commits > Isolation > Right > Drives Right > Defense Commits,ISO - Defense Commits,Isolation,Right,Drives Right,Defense Commits,,2,100.0,0.0,,100.0,0.0,0,,,,,,0,,0.0,,,0,0,,0.0,,0.0,0,0,0,,0,0,,0
Justin Wright,Winnipeg Sea Bears,2024-2025,offense,Isolation,Turnover,6,Defense Commits,ISO - Defense Commits > Isolation > Right > Drives Right > Defense Commits > Turnover,ISO - Defense Commits,Isolation,Right,Drives Right,Defense Commits,Turnover,2,100.0,0.0,,100.0,0.0,0,,,,,,0,,0.0,,,0,0,,0.0,,0.0,0,0,0,,0,0,,0
Justin Wright,Winnipeg Sea Bears,2024-2025,offense,Isolation,Top,3,Isolation,ISO - Defense Commits > Isolation > Top,ISO - Defense Commits,Isolation,Top,,,,2,50.0,0.0,,100.0,0.0,0,,,,,,0,,0.0,,,0,0,,0.0,,0.0,0,0,0,,0,0,,0
Justin Wright,Winnipeg Sea Bears,2024-2025,offense,Isolation,Drives Left,4,Top,ISO - Defense Commits > Isolation > Top > Drives Left,ISO - Defense Commits,Isolation,Top,Drives Left,,,1,50.0,0.0,,100.0,0.0,0,,,,,,0,,0.0,,,0,0,,0.0,,0.0,0,0,0,,0,0,,0
Justin Wright,Winnipeg Sea Bears,2024-2025,offense,Isolation,Defense Commits,5,Drives Left,ISO - Defense Commits > Isolation > Top > Drives Left > Defense Commits,ISO - Defense Commits,Isolation,Top,Drives Left,Defense Commits,,1,100.0,0.0,,100.0,0.0,0,,,,,,0,,0.0,,,0,0,,0.0,,0.0,0,0,0,,0,0,,0
Justin Wright,Winnipeg Sea Bears,2024-2025,offense,Isolation,Turnover,6,Defense Commits,ISO - Defense Commits > Isolation > Top > Drives Left > Defense Commits > Turnover,ISO - Defense Commits,Isolation,Top,Drives Left,Defense Commits,Turnover,1,100.0,0.0,,100.0,0.0,0,,,,,,0,,0.0,,,0,0,,0.0,,0.0,0,0,0,,0,0,,0
Justin Wright,Winnipeg Sea Bears,2024-2025,offense,Isolation,Drives Right,4,Top,ISO - Defense Commits > Isolation > Top > Drives Right,ISO - Defense Commits,Isolation,Top,Drives Right,,,1,50.0,0.0,,100.0,0.0,0,,,,,,0,,0.0,,,0,0,,0.0,,0.0,0,0,0,,0,0,,0
Justin Wright,Winnipeg Sea Bears,2024-2025,offense,Isolation,Defense Commits,5,Drives Right,ISO - Defense Commits > Isolation > Top > Drives Right > Defense Commits,ISO - Defense Commits,Isolation,Top,Drives Right,Defense Commits,,1,100.0,0.0,,100.0,0.0,0,,,,,,0,,0.0,,,0,0,,0.0,,0.0,0,0,0,,0,0,,0
Justin Wright,Winnipeg Sea Bears,2024-2025,offense,Isolation,Turnover,6,Defense Commits,ISO - Defense Commits > Isolation > Top > Drives Right > Defense Commits > Turnover,ISO - Defense Commits,Isolation,Top,Drives Right,Defense Commits,Turnover,1,100.0,0.0,,100.0,0.0,0,,,,,,0,,0.0,,,0,0,,0.0,,0.0,0,0,0,,0,0,,0
Justin Wright,Winnipeg Sea Bears,2024-2025,offense,Post up,Post-Ups Including Passes,1,,Post-Ups Including Passes,Post-Ups Including Passes,,,,,,6,1.1,1.333,62.1,0.0,16.7,0,,,,66.7,,6,66.7,16.7,,,4,2,,6.4,0.17,66.7,6,4,2,66.7,0,0,0.0,8
Justin Wright,Winnipeg Sea Bears,2024-2025,offense,Post up,Left Block,2,Post-Ups Including Passes,Post-Ups Including Passes > Left Block,Post-Ups Including Passes,Left Block,,,,,3,50.0,1.333,66.7,0.0,0.0,0,,,,66.7,,3,66.7,0.0,,,2,1,,3.0,0.0,66.7,3,2,1,66.7,0,0,0.0,4
Justin Wright,Winnipeg Sea Bears,2024-2025,offense,Post up,Left Shoulder,3,Left Block,Post-Ups Including Passes > Left Block > Left Shoulder,Post-Ups Including Passes,Left Block,Left Shoulder,,,,3,100.0,1.333,66.7,0.0,0.0,0,,,,66.7,,3,66.7,0.0,,,2,1,,3.0,0.0,66.7,3,2,1,66.7,0,0,0.0,4
Justin Wright,Winnipeg Sea Bears,2024-2025,offense,Post up,Dribble Move,4,Left Shoulder,Post-Ups Including Passes > Left Block > Left Shoulder > Dribble Move,Post-Ups Including Passes,Left Block,Left Shoulder,Dribble Move,,,3,100.0,1.333,66.7,0.0,0.0,0,,,,66.7,,3,66.7,0.0,,,2,1,,3.0,0.0,66.7,3,2,1,66.7,0,0,0.0,4
Justin Wright,Winnipeg Sea Bears,2024-2025,offense,Post up,To Jumper,5,Dribble Move,Post-Ups Including Passes > Left Block > Left Shoulder > Dribble Move > To Jumper,Post-Ups Including Passes,Left Block,Left Shoulder,Dribble Move,To Jumper,,3,100.0,1.333,66.7,0.0,0.0,0,,,,66.7,,3,66.7,0.0,,,2,1,,3.0,0.0,66.7,3,2,1,66.7,0,0,0.0,4
Justin Wright,Winnipeg Sea Bears,2024-2025,offense,Post up,Right Block,2,Post-Ups Including Passes,Post-Ups Including Passes > Right Block,Post-Ups Including Passes,Right Block,,,,,3,50.0,1.333,58.1,0.0,33.3,0,,,,66.7,,3,66.7,33.3,,,2,1,,3.4,0.33,66.7,3,2,1,66.7,0,0,0.0,4
Justin Wright,Winnipeg Sea Bears,2024-2025,offense,Post up,Left Shoulder,3,Right Block,Post-Ups Including Passes > Right Block > Left Shoulder,Post-Ups Including Passes,Right Block,Left Shoulder,,,,2,66.7,1.0,41.0,0.0,50.0,0,,,,50.0,,2,50.0,50.0,,,1,1,,2.4,0.5,50.0,2,1,1,50.0,0,0,0.0,2
Justin Wright,Winnipeg Sea Bears,2024-2025,offense,Post up,Dribble Move,4,Left Shoulder,Post-Ups Including Passes > Right Block > Left Shoulder > Dribble Move,Post-Ups Including Passes,Right Block,Left Shoulder,Dribble Move,,,2,100.0,1.0,41.0,0.0,50.0,0,,,,50.0,,2,50.0,50.0,,,1,1,,2.4,0.5,50.0,2,1,1,50.0,0,0,0.0,2
Justin Wright,Winnipeg Sea Bears,2024-2025,offense,Post up,To Drop Step,5,Dribble Move,Post-Ups Including Passes > Right Block > Left Shoulder > Dribble Move > To Drop Step,Post-Ups Including Passes,Right Block,Left Shoulder,Dribble Move,To Drop Step,,1,50.0,0.0,0.0,0.0,0.0,0,,,,0.0,,1,0.0,0.0,,,0,1,,1.0,0.0,0.0,1,0,1,0.0,0,0,0.0,0
Justin Wright,Winnipeg Sea Bears,2024-2025,offense,Post up,To Jumper,5,Dribble Move,Post-Ups Including Passes > Right Block > Left Shoulder > Dribble Move > To Jumper,Post-Ups Including Passes,Right Block,Left Shoulder,Dribble Move,To Jumper,,1,50.0,2.0,69.4,0.0,100.0,0,,,,100.0,,1,100.0,100.0,,,1,0,,1.4,1.0,100.0,1,1,0,100.0,0,0,0.0,2
Justin Wright,Winnipeg Sea Bears,2024-2025,offense,Post up,Face-up,3,Right Block,Post-Ups Including Passes > Right Block > Face-up,Post-Ups Including Passes,Right Block,Face-up,,,,1,33.3,2.0,100.0,0.0,0.0,0,,,,100.0,,1,100.0,0.0,,,1,0,,1.0,0.0,100.0,1,1,0,100.0,0,0,0.0,2
Justin Wright,Winnipeg Sea Bears,2024-2025,offense,Post up,Jumper,4,Face-up,Post-Ups Including Passes > Right Block > Face-up > Jumper,Post-Ups Including Passes,Right Block,Face-up,Jumper,,,1,100.0,2.0,100.0,0.0,0.0,0,,,,100.0,,1,100.0,0.0,,,1,0,,1.0,0.0,100.0,1,1,0,100.0,0,0,0.0,2
Justin Wright,Winnipeg Sea Bears,2024-2025,offense,Post up,Make 2 Pts,5,Jumper,Post-Ups Including Passes > Right Block > Face-up > Jumper > Make 2 Pts,Post-Ups Including Passes,Right Block,Face-up,Jumper,Make 2 Pts,,1,100.0,2.0,100.0,0.0,0.0,0,,,,100.0,,1,100.0,0.0,,,1,0,,1.0,0.0,100.0,1,1,0,100.0,0,0,0.0,2
Justin Wright,Winnipeg Sea Bears,2024-2025,offense,Post up,Post-Up - Defense Commits,1,,Post-Up - Defense Commits,Post-Up - Defense Commits,,,,,,0,0.0,,,,,0,,,,,,0,,,,,0,0,,0.0,,,0,0,0,,0,0,,0
Justin Wright,Winnipeg Sea Bears,2024-2025,offense,Post up,Post-Up - Hard Double,1,,Post-Up - Hard Double,Post-Up - Hard Double,,,,,,0,0.0,,,,,0,,,,,,0,,,,,0,0,,0.0,,,0,0,0,,0,0,,0
