PLAYER,TEAM,SEASON,SIDE,TABLE,STAT,DEPTH,PARENT,PATH,LEVEL_1,LEVEL_2,LEVEL_3,LEVEL_4,LEVEL_5,LEVEL_6,POSS,%TIME,PPP,TS%,TO%,%FT,3FG ATT,3 FG%,PPP RATING,PPP RANK,FG%,%TIME RANK,FG ATT,EFG%,%SF,SSQ,PPS,FG MADE,FG MISS,SSM,TSA,FTA/FGA,SCORE%,2 FG ATT,2 FG MADE,2 FG MISS,2 FG%,3 FG MADE,3 FG MISS,3PA/FGA,PTS
Javon Freeman-Liberty,Montréal Alliance,2026-2027,offense,Play types,P&R Ball Handler,1,,P&R Ball Handler,P&R Ball Handler,,,,,,46,26.6,0.804,52.0,21.7,17.4,9,55.6,Average,43.0,37.9,53.0,29,46.6,17.4,,,11,18,,36,0.52,39.1,20,6,14,30.0,5,4,0.31,37
Javon Freeman-Liberty,Montréal Alliance,2026-2027,offense,Play types,P&R Ball Handler - Overall,2,P&R Ball Handler,P&R Ball Handler > P&R Ball Handler - Overall,P&R Ball Handler,P&R Ball Handler - Overall,,,,,46,100.0,0.804,52.0,21.7,17.4,9,55.6,,,37.9,,29,46.6,17.4,,,11,18,,36,0.52,39.1,20,6,14,30.0,5,4,0.31,37
Javon Freeman-Liberty,Montréal Alliance,2026-2027,offense,Play types,Dribble Off Pick,3,P&R Ball Handler - Overall,P&R Ball Handler > P&R Ball Handler - Overall > Dribble Off Pick,P&R Ball Handler,P&R Ball Handler - Overall,Dribble Off Pick,,,,39,84.8,0.718,47.3,23.1,20.5,5,40.0,,,34.8,,23,39.1,20.5,,,8,15,,30,0.65,38.5,18,6,12,33.3,2,3,0.22,28
Javon Freeman-Liberty,Montréal Alliance,2026-2027,offense,Play types,Takes Early Jump Shot,3,P&R Ball Handler - Overall,P&R Ball Handler > P&R Ball Handler - Overall > Takes Early Jump Shot,P&R Ball Handler,P&R Ball Handler - Overall,Takes Early Jump Shot,,,,4,8.7,2.25,112.5,0.0,0.0,4,75.0,,,75.0,,4,112.5,0.0,,,3,1,,4,0.0,75.0,0,0,0,,3,1,1.0,9
Javon Freeman-Liberty,Montréal Alliance,2026-2027,offense,Play types,Go Away from Pick,3,P&R Ball Handler - Overall,P&R Ball Handler > P&R Ball Handler - Overall > Go Away from Pick,P&R Ball Handler,P&R Ball Handler - Overall,Go Away from Pick,,,,3,6.5,0.0,0.0,33.3,0.0,0,,,,0.0,,2,0.0,0.0,,,0,2,,2,0.0,0.0,2,0,2,0.0,0,0,0.0,0
Javon Freeman-Liberty,Montréal Alliance,2026-2027,offense,Play types,High P&R,2,P&R Ball Handler,P&R Ball Handler > High P&R,P&R Ball Handler,High P&R,,,,,33,71.7,0.727,48.5,24.2,21.2,5,40.0,,,36.8,,19,42.1,21.2,,,7,12,,25,0.68,39.4,14,5,9,35.7,2,3,0.26,24
Javon Freeman-Liberty,Montréal Alliance,2026-2027,offense,Play types,Dribble Off Pick,3,High P&R,P&R Ball Handler > High P&R > Dribble Off Pick,P&R Ball Handler,High P&R,Dribble Off Pick,,,,29,87.9,0.621,41.4,24.1,24.1,3,0.0,,,31.3,,16,31.3,24.1,,,5,11,,22,0.81,37.9,13,5,8,38.5,0,3,0.19,18
Javon Freeman-Liberty,Montréal Alliance,2026-2027,offense,Play types,To Basket,4,Dribble Off Pick,P&R Ball Handler > High P&R > Dribble Off Pick > To Basket,P&R Ball Handler,High P&R,Dribble Off Pick,To Basket,,,20,69.0,0.9,48.1,5.0,35.0,0,,,,38.5,,13,38.5,35.0,,,5,8,,19,1.0,55.0,13,5,8,38.5,0,0,0.0,18
Javon Freeman-Liberty,Montréal Alliance,2026-2027,offense,Play types,Miss 2 Pts,5,To Basket,P&R Ball Handler > High P&R > Dribble Off Pick > To Basket > Miss 2 Pts,P&R Ball Handler,High P&R,Dribble Off Pick,To Basket,Miss 2 Pts,,8,40.0,0.0,0.0,0.0,0.0,0,,,,0.0,,8,0.0,0.0,,,0,8,,8,0.0,0.0,8,0,8,0.0,0,0,0.0,0
Javon Freeman-Liberty,Montréal Alliance,2026-2027,offense,Play types,Foul,5,To Basket,P&R Ball Handler > High P&R > Dribble Off Pick > To Basket > Foul,P&R Ball Handler,High P&R,Dribble Off Pick,To Basket,Foul,,6,30.0,1.167,66.3,0.0,100.0,0,,,,,,0,,100.0,,,0,0,,5,,100.0,0,0,0,,0,0,,7
Javon Freeman-Liberty,Montréal Alliance,2026-2027,offense,Play types,Make 2 Pts,5,To Basket,P&R Ball Handler > High P&R > Dribble Off Pick > To Basket > Make 2 Pts,P&R Ball Handler,High P&R,Dribble Off Pick,To Basket,Make 2 Pts,,4,20.0,2.0,100.0,0.0,0.0,0,,,,100.0,,4,100.0,0.0,,,4,0,,4,0.0,100.0,4,4,0,100.0,0,0,0.0,8
Javon Freeman-Liberty,Montréal Alliance,2026-2027,offense,Play types,Make 2 Pts Foul,5,To Basket,P&R Ball Handler > High P&R > Dribble Off Pick > To Basket > Make 2 Pts Foul,P&R Ball Handler,High P&R,Dribble Off Pick,To Basket,Make 2 Pts Foul,,1,5.0,3.0,104.2,0.0,100.0,0,,,,100.0,,1,100.0,100.0,,,1,0,,1,1.0,100.0,1,1,0,100.0,0,0,0.0,3
Javon Freeman-Liberty,Montréal Alliance,2026-2027,offense,Play types,Turnover,5,To Basket,P&R Ball Handler > High P&R > Dribble Off Pick > To Basket > Turnover,P&R Ball Handler,High P&R,Dribble Off Pick,To Basket,Turnover,,1,5.0,0.0,,100.0,0.0,0,,,,,,0,,0.0,,,0,0,,0,,0.0,0,0,0,,0,0,,0
Javon Freeman-Liberty,Montréal Alliance,2026-2027,offense,Play types,Defense Commits,4,Dribble Off Pick,P&R Ball Handler > High P&R > Dribble Off Pick > Defense Commits,P&R Ball Handler,High P&R,Dribble Off Pick,Defense Commits,,,4,13.8,0.0,,100.0,0.0,0,,,,,,0,,0.0,,,0,0,,0,,0.0,0,0,0,,0,0,,0
Javon Freeman-Liberty,Montréal Alliance,2026-2027,offense,Play types,Turnover,5,Defense Commits,P&R Ball Handler > High P&R > Dribble Off Pick > Defense Commits > Turnover,P&R Ball Handler,High P&R,Dribble Off Pick,Defense Commits,Turnover,,4,100.0,0.0,,100.0,0.0,0,,,,,,0,,0.0,,,0,0,,0,,0.0,0,0,0,,0,0,,0
Javon Freeman-Liberty,Montréal Alliance,2026-2027,offense,Play types,Dribble Jumper,4,Dribble Off Pick,P&R Ball Handler > High P&R > Dribble Off Pick > Dribble Jumper,P&R Ball Handler,High P&R,Dribble Off Pick,Dribble Jumper,,,3,10.3,0.0,0.0,0.0,0.0,3,0.0,,,0.0,,3,0.0,0.0,,,0,3,,3,0.0,0.0,0,0,0,,0,3,1.0,0
Javon Freeman-Liberty,Montréal Alliance,2026-2027,offense,Play types,Long/3pt,5,Dribble Jumper,P&R Ball Handler > High P&R > Dribble Off Pick > Dribble Jumper > Long/3pt,P&R Ball Handler,High P&R,Dribble Off Pick,Dribble Jumper,Long/3pt,,3,100.0,0.0,0.0,0.0,0.0,3,0.0,,,0.0,,3,0.0,0.0,,,0,3,,3,0.0,0.0,0,0,0,,0,3,1.0,0
Javon Freeman-Liberty,Montréal Alliance,2026-2027,offense,Play types,Turnover,4,Dribble Off Pick,P&R Ball Handler > High P&R > Dribble Off Pick > Turnover,P&R Ball Handler,High P&R,Dribble Off Pick,Turnover,,,2,6.9,0.0,,100.0,0.0,0,,,,,,0,,0.0,,,0,0,,0,,0.0,0,0,0,,0,0,,0
Javon Freeman-Liberty,Montréal Alliance,2026-2027,offense,Play types,Go Away from Pick,3,High P&R,P&R Ball Handler > High P&R > Go Away from Pick,P&R Ball Handler,High P&R,Go Away from Pick,,,,2,6.1,0.0,0.0,50.0,0.0,0,,,,0.0,,1,0.0,0.0,,,0,1,,1,0.0,0.0,1,0,1,0.0,0,0,0.0,0
Javon Freeman-Liberty,Montréal Alliance,2026-2027,offense,Play types,To Basket,4,Go Away from Pick,P&R Ball Handler > High P&R > Go Away from Pick > To Basket,P&R Ball Handler,High P&R,Go Away from Pick,To Basket,,,1,50.0,0.0,0.0,0.0,0.0,0,,,,0.0,,1,0.0,0.0,,,0,1,,1,0.0,0.0,1,0,1,0.0,0,0,0.0,0
Javon Freeman-Liberty,Montréal Alliance,2026-2027,offense,Play types,Miss 2 Pts,5,To Basket,P&R Ball Handler > High P&R > Go Away from Pick > To Basket > Miss 2 Pts,P&R Ball Handler,High P&R,Go Away from Pick,To Basket,Miss 2 Pts,,1,100.0,0.0,0.0,0.0,0.0,0,,,,0.0,,1,0.0,0.0,,,0,1,,1,0.0,0.0,1,0,1,0.0,0,0,0.0,0
Javon Freeman-Liberty,Montréal Alliance,2026-2027,offense,Play types,Turnover,4,Go Away from Pick,P&R Ball Handler > High P&R > Go Away from Pick > Turnover,P&R Ball Handler,High P&R,Go Away from Pick,Turnover,,,1,50.0,0.0,,100.0,0.0,0,,,,,,0,,0.0,,,0,0,,0,,0.0,0,0,0,,0,0,,0
Javon Freeman-Liberty,Montréal Alliance,2026-2027,offense,Play types,Takes Early Jump Shot,3,High P&R,P&R Ball Handler > High P&R > Takes Early Jump Shot,P&R Ball Handler,High P&R,Takes Early Jump Shot,,,,2,6.1,3.0,150.0,0.0,0.0,2,100.0,,,100.0,,2,150.0,0.0,,,2,0,,2,0.0,100.0,0,0,0,,2,0,1.0,6
Javon Freeman-Liberty,Montréal Alliance,2026-2027,offense,Play types,Dribble Jumper,4,Takes Early Jump Shot,P&R Ball Handler > High P&R > Takes Early Jump Shot > Dribble Jumper,P&R Ball Handler,High P&R,Takes Early Jump Shot,Dribble Jumper,,,2,100.0,3.0,150.0,0.0,0.0,2,100.0,,,100.0,,2,150.0,0.0,,,2,0,,2,0.0,100.0,0,0,0,,2,0,1.0,6
Javon Freeman-Liberty,Montréal Alliance,2026-2027,offense,Play types,Long/3pt,5,Dribble Jumper,P&R Ball Handler > High P&R > Takes Early Jump Shot > Dribble Jumper > Long/3pt,P&R Ball Handler,High P&R,Takes Early Jump Shot,Dribble Jumper,Long/3pt,,2,100.0,3.0,150.0,0.0,0.0,2,100.0,,,100.0,,2,150.0,0.0,,,2,0,,2,0.0,100.0,0,0,0,,2,0,1.0,6
Javon Freeman-Liberty,Montréal Alliance,2026-2027,offense,Play types,Right P&R,2,P&R Ball Handler,P&R Ball Handler > Right P&R,P&R Ball Handler,Right P&R,,,,,8,17.4,1.0,68.0,25.0,12.5,2,100.0,,,40.0,,5,60.0,12.5,,,2,3,,6,0.4,37.5,3,0,3,0.0,2,0,0.4,8
Javon Freeman-Liberty,Montréal Alliance,2026-2027,offense,Play types,Side,3,Right P&R,P&R Ball Handler > Right P&R > Side,P&R Ball Handler,Right P&R,Side,,,,6,75.0,0.833,51.2,16.7,16.7,1,100.0,,,25.0,,4,37.5,16.7,,,1,3,,5,0.5,33.3,3,0,3,0.0,1,0,0.25,5
Javon Freeman-Liberty,Montréal Alliance,2026-2027,offense,Play types,Dribble Off Pick,4,Side,P&R Ball Handler > Right P&R > Side > Dribble Off Pick,P&R Ball Handler,Right P&R,Side,Dribble Off Pick,,,6,100.0,0.833,51.2,16.7,16.7,1,100.0,,,25.0,,4,37.5,16.7,,,1,3,,5,0.5,33.3,3,0,3,0.0,1,0,0.25,5
Javon Freeman-Liberty,Montréal Alliance,2026-2027,offense,Play types,Dribble Jumper,5,Dribble Off Pick,P&R Ball Handler > Right P&R > Side > Dribble Off Pick > Dribble Jumper,P&R Ball Handler,Right P&R,Side,Dribble Off Pick,Dribble Jumper,,3,50.0,1.667,86.8,0.0,33.3,1,100.0,,,50.0,,2,75.0,33.3,,,1,1,,3,1.0,66.7,1,0,1,0.0,1,0,0.5,5
Javon Freeman-Liberty,Montréal Alliance,2026-2027,offense,Play types,To Basket,5,Dribble Off Pick,P&R Ball Handler > Right P&R > Side > Dribble Off Pick > To Basket,P&R Ball Handler,Right P&R,Side,Dribble Off Pick,To Basket,,2,33.3,0.0,0.0,0.0,0.0,0,,,,0.0,,2,0.0,0.0,,,0,2,,2,0.0,0.0,2,0,2,0.0,0,0,0.0,0
Javon Freeman-Liberty,Montréal Alliance,2026-2027,offense,Play types,Defense Commits,5,Dribble Off Pick,P&R Ball Handler > Right P&R > Side > Dribble Off Pick > Defense Commits,P&R Ball Handler,Right P&R,Side,Dribble Off Pick,Defense Commits,,1,16.7,0.0,,100.0,0.0,0,,,,,,0,,0.0,,,0,0,,0,,0.0,0,0,0,,0,0,,0
Javon Freeman-Liberty,Montréal Alliance,2026-2027,offense,Play types,Baseline,3,Right P&R,P&R Ball Handler > Right P&R > Baseline,P&R Ball Handler,Right P&R,Baseline,,,,2,25.0,1.5,150.0,50.0,0.0,1,100.0,,,100.0,,1,150.0,0.0,,,1,0,,1,0.0,50.0,0,0,0,,1,0,1.0,3
Javon Freeman-Liberty,Montréal Alliance,2026-2027,offense,Play types,Dribble Off Pick,4,Baseline,P&R Ball Handler > Right P&R > Baseline > Dribble Off Pick,P&R Ball Handler,Right P&R,Baseline,Dribble Off Pick,,,2,100.0,1.5,150.0,50.0,0.0,1,100.0,,,100.0,,1,150.0,0.0,,,1,0,,1,0.0,50.0,0,0,0,,1,0,1.0,3
Javon Freeman-Liberty,Montréal Alliance,2026-2027,offense,Play types,Dribble Jumper,5,Dribble Off Pick,P&R Ball Handler > Right P&R > Baseline > Dribble Off Pick > Dribble Jumper,P&R Ball Handler,Right P&R,Baseline,Dribble Off Pick,Dribble Jumper,,1,50.0,3.0,150.0,0.0,0.0,1,100.0,,,100.0,,1,150.0,0.0,,,1,0,,1,0.0,100.0,0,0,0,,1,0,1.0,3
Javon Freeman-Liberty,Montréal Alliance,2026-2027,offense,Play types,Defense Commits,5,Dribble Off Pick,P&R Ball Handler > Right P&R > Baseline > Dribble Off Pick > Defense Commits,P&R Ball Handler,Right P&R,Baseline,Dribble Off Pick,Defense Commits,,1,50.0,0.0,,100.0,0.0,0,,,,,,0,,0.0,,,0,0,,0,,0.0,0,0,0,,0,0,,0
Javon Freeman-Liberty,Montréal Alliance,2026-2027,offense,Play types,Left P&R,2,P&R Ball Handler,P&R Ball Handler > Left P&R,P&R Ball Handler,Left P&R,,,,,5,10.9,1.0,50.0,0.0,0.0,2,50.0,,,40.0,,5,50.0,0.0,,,2,3,,5,0.0,40.0,3,1,2,33.3,1,1,0.4,5
Javon Freeman-Liberty,Montréal Alliance,2026-2027,offense,Play types,Side,3,Left P&R,P&R Ball Handler > Left P&R > Side,P&R Ball Handler,Left P&R,Side,,,,3,60.0,0.667,33.3,0.0,0.0,1,0.0,,,33.3,,3,33.3,0.0,,,1,2,,3,0.0,33.3,2,1,1,50.0,0,1,0.33,2
Javon Freeman-Liberty,Montréal Alliance,2026-2027,offense,Play types,Dribble Off Pick,4,Side,P&R Ball Handler > Left P&R > Side > Dribble Off Pick,P&R Ball Handler,Left P&R,Side,Dribble Off Pick,,,1,33.3,2.0,100.0,0.0,0.0,0,,,,100.0,,1,100.0,0.0,,,1,0,,1,0.0,100.0,1,1,0,100.0,0,0,0.0,2
Javon Freeman-Liberty,Montréal Alliance,2026-2027,offense,Play types,To Basket,5,Dribble Off Pick,P&R Ball Handler > Left P&R > Side > Dribble Off Pick > To Basket,P&R Ball Handler,Left P&R,Side,Dribble Off Pick,To Basket,,1,100.0,2.0,100.0,0.0,0.0,0,,,,100.0,,1,100.0,0.0,,,1,0,,1,0.0,100.0,1,1,0,100.0,0,0,0.0,2
Javon Freeman-Liberty,Montréal Alliance,2026-2027,offense,Play types,Go Away from Pick,4,Side,P&R Ball Handler > Left P&R > Side > Go Away from Pick,P&R Ball Handler,Left P&R,Side,Go Away from Pick,,,1,33.3,0.0,0.0,0.0,0.0,0,,,,0.0,,1,0.0,0.0,,,0,1,,1,0.0,0.0,1,0,1,0.0,0,0,0.0,0
Javon Freeman-Liberty,Montréal Alliance,2026-2027,offense,Play types,To Basket,5,Go Away from Pick,P&R Ball Handler > Left P&R > Side > Go Away from Pick > To Basket,P&R Ball Handler,Left P&R,Side,Go Away from Pick,To Basket,,1,100.0,0.0,0.0,0.0,0.0,0,,,,0.0,,1,0.0,0.0,,,0,1,,1,0.0,0.0,1,0,1,0.0,0,0,0.0,0
Javon Freeman-Liberty,Montréal Alliance,2026-2027,offense,Play types,Takes Early Jump Shot,4,Side,P&R Ball Handler > Left P&R > Side > Takes Early Jump Shot,P&R Ball Handler,Left P&R,Side,Takes Early Jump Shot,,,1,33.3,0.0,0.0,0.0,0.0,1,0.0,,,0.0,,1,0.0,0.0,,,0,1,,1,0.0,0.0,0,0,0,,0,1,1.0,0
Javon Freeman-Liberty,Montréal Alliance,2026-2027,offense,Play types,No Dribble Jumper,5,Takes Early Jump Shot,P&R Ball Handler > Left P&R > Side > Takes Early Jump Shot > No Dribble Jumper,P&R Ball Handler,Left P&R,Side,Takes Early Jump Shot,No Dribble Jumper,,1,100.0,0.0,0.0,0.0,0.0,1,0.0,,,0.0,,1,0.0,0.0,,,0,1,,1,0.0,0.0,0,0,0,,0,1,1.0,0
Javon Freeman-Liberty,Montréal Alliance,2026-2027,offense,Play types,Baseline,3,Left P&R,P&R Ball Handler > Left P&R > Baseline,P&R Ball Handler,Left P&R,Baseline,,,,2,40.0,1.5,75.0,0.0,0.0,1,100.0,,,50.0,,2,75.0,0.0,,,1,1,,2,0.0,50.0,1,0,1,0.0,1,0,0.5,3
Javon Freeman-Liberty,Montréal Alliance,2026-2027,offense,Play types,Dribble Off Pick,4,Baseline,P&R Ball Handler > Left P&R > Baseline > Dribble Off Pick,P&R Ball Handler,Left P&R,Baseline,Dribble Off Pick,,,1,50.0,0.0,0.0,0.0,0.0,0,,,,0.0,,1,0.0,0.0,,,0,1,,1,0.0,0.0,1,0,1,0.0,0,0,0.0,0
Javon Freeman-Liberty,Montréal Alliance,2026-2027,offense,Play types,To Basket,5,Dribble Off Pick,P&R Ball Handler > Left P&R > Baseline > Dribble Off Pick > To Basket,P&R Ball Handler,Left P&R,Baseline,Dribble Off Pick,To Basket,,1,100.0,0.0,0.0,0.0,0.0,0,,,,0.0,,1,0.0,0.0,,,0,1,,1,0.0,0.0,1,0,1,0.0,0,0,0.0,0
Javon Freeman-Liberty,Montréal Alliance,2026-2027,offense,Play types,Takes Early Jump Shot,4,Baseline,P&R Ball Handler > Left P&R > Baseline > Takes Early Jump Shot,P&R Ball Handler,Left P&R,Baseline,Takes Early Jump Shot,,,1,50.0,3.0,150.0,0.0,0.0,1,100.0,,,100.0,,1,150.0,0.0,,,1,0,,1,0.0,100.0,0,0,0,,1,0,1.0,3
Javon Freeman-Liberty,Montréal Alliance,2026-2027,offense,Play types,No Dribble Jumper,5,Takes Early Jump Shot,P&R Ball Handler > Left P&R > Baseline > Takes Early Jump Shot > No Dribble Jumper,P&R Ball Handler,Left P&R,Baseline,Takes Early Jump Shot,No Dribble Jumper,,1,100.0,3.0,150.0,0.0,0.0,1,100.0,,,100.0,,1,150.0,0.0,,,1,0,,1,0.0,100.0,0,0,0,,1,0,1.0,3
Javon Freeman-Liberty,Montréal Alliance,2026-2027,offense,Play types,Transition,1,,Transition,Transition,,,,,,42,24.3,1.119,65.8,19.0,21.4,5,20.0,Average,50.0,63.3,70.0,30,65.0,21.4,,,19,11,,36,0.43,54.8,25,18,7,72.0,1,4,0.17,47
Javon Freeman-Liberty,Montréal Alliance,2026-2027,offense,Play types,Ballhandler,2,Transition,Transition > Ballhandler,Transition,Ballhandler,,,,,35,83.3,1.114,67.9,22.9,25.7,3,33.3,,,65.2,,23,67.4,25.7,,,15,8,,29,0.57,54.3,20,14,6,70.0,1,2,0.13,39
Javon Freeman-Liberty,Montréal Alliance,2026-2027,offense,Play types,To Basket,3,Ballhandler,Transition > Ballhandler > To Basket,Transition,Ballhandler,To Basket,,,,23,65.7,1.391,67.5,4.3,39.1,0,,,,66.7,,18,66.7,39.1,,,12,6,,24,0.72,69.6,18,12,6,66.7,0,0,0.0,32
Javon Freeman-Liberty,Montréal Alliance,2026-2027,offense,Play types,Make 2 Pts,4,To Basket,Transition > Ballhandler > To Basket > Make 2 Pts,Transition,Ballhandler,To Basket,Make 2 Pts,,,7,30.4,2.0,100.0,0.0,0.0,0,,,,100.0,,7,100.0,0.0,,,7,0,,7,0.0,100.0,7,7,0,100.0,0,0,0.0,14
Javon Freeman-Liberty,Montréal Alliance,2026-2027,offense,Play types,Miss 2 Pts,4,To Basket,Transition > Ballhandler > To Basket > Miss 2 Pts,Transition,Ballhandler,To Basket,Miss 2 Pts,,,6,26.1,0.0,0.0,0.0,0.0,0,,,,0.0,,6,0.0,0.0,,,0,6,,6,0.0,0.0,6,0,6,0.0,0,0,0.0,0
Javon Freeman-Liberty,Montréal Alliance,2026-2027,offense,Play types,Make 2 Pts Foul,4,To Basket,Transition > Ballhandler > To Basket > Make 2 Pts Foul,Transition,Ballhandler,To Basket,Make 2 Pts Foul,,,5,21.7,2.6,90.3,0.0,100.0,0,,,,100.0,,5,100.0,100.0,,,5,0,,7,1.0,100.0,5,5,0,100.0,0,0,0.0,13
Javon Freeman-Liberty,Montréal Alliance,2026-2027,offense,Play types,1 Pts,5,Make 2 Pts Foul,Transition > Ballhandler > To Basket > Make 2 Pts Foul > 1 Pts,Transition,Ballhandler,To Basket,Make 2 Pts Foul,1 Pts,,3,60.0,3.0,104.2,0.0,100.0,0,,,,100.0,,3,100.0,100.0,,,3,0,,4,1.0,100.0,3,3,0,100.0,0,0,0.0,9
Javon Freeman-Liberty,Montréal Alliance,2026-2027,offense,Play types,Foul,4,To Basket,Transition > Ballhandler > To Basket > Foul,Transition,Ballhandler,To Basket,Foul,,,4,17.4,1.25,71.0,0.0,100.0,0,,,,,,0,,100.0,,,0,0,,4,,100.0,0,0,0,,0,0,,5
Javon Freeman-Liberty,Montréal Alliance,2026-2027,offense,Play types,Turnover,4,To Basket,Transition > Ballhandler > To Basket > Turnover,Transition,Ballhandler,To Basket,Turnover,,,1,4.3,0.0,,100.0,0.0,0,,,,,,0,,0.0,,,0,0,,0,,0.0,0,0,0,,0,0,,0
Javon Freeman-Liberty,Montréal Alliance,2026-2027,offense,Play types,Turnover,3,Ballhandler,Transition > Ballhandler > Turnover,Transition,Ballhandler,Turnover,,,,7,20.0,0.0,,100.0,0.0,0,,,,,,0,,0.0,,,0,0,,0,,0.0,0,0,0,,0,0,,0
Javon Freeman-Liberty,Montréal Alliance,2026-2027,offense,Play types,Dribble Jumper,3,Ballhandler,Transition > Ballhandler > Dribble Jumper,Transition,Ballhandler,Dribble Jumper,,,,5,14.3,1.4,70.0,0.0,0.0,3,33.3,,,60.0,,5,70.0,0.0,,,3,2,,5,0.0,60.0,2,2,0,100.0,1,2,0.6,7
Javon Freeman-Liberty,Montréal Alliance,2026-2027,offense,Play types,Long/3pt,4,Dribble Jumper,Transition > Ballhandler > Dribble Jumper > Long/3pt,Transition,Ballhandler,Dribble Jumper,Long/3pt,,,3,60.0,1.0,50.0,0.0,0.0,3,33.3,,,33.3,,3,50.0,0.0,,,1,2,,3,0.0,33.3,0,0,0,,1,2,1.0,3
Javon Freeman-Liberty,Montréal Alliance,2026-2027,offense,Play types,Miss 3 Pts,5,Long/3pt,Transition > Ballhandler > Dribble Jumper > Long/3pt > Miss 3 Pts,Transition,Ballhandler,Dribble Jumper,Long/3pt,Miss 3 Pts,,2,66.7,0.0,0.0,0.0,0.0,2,0.0,,,0.0,,2,0.0,0.0,,,0,2,,2,0.0,0.0,0,0,0,,0,2,1.0,0
Javon Freeman-Liberty,Montréal Alliance,2026-2027,offense,Play types,Make 3 Pts,5,Long/3pt,Transition > Ballhandler > Dribble Jumper > Long/3pt > Make 3 Pts,Transition,Ballhandler,Dribble Jumper,Long/3pt,Make 3 Pts,,1,33.3,3.0,150.0,0.0,0.0,1,100.0,,,100.0,,1,150.0,0.0,,,1,0,,1,0.0,100.0,0,0,0,,1,0,1.0,3
Javon Freeman-Liberty,Montréal Alliance,2026-2027,offense,Play types,Short to < 17,4,Dribble Jumper,Transition > Ballhandler > Dribble Jumper > Short to < 17,Transition,Ballhandler,Dribble Jumper,Short to < 17,,,1,20.0,2.0,100.0,0.0,0.0,0,,,,100.0,,1,100.0,0.0,,,1,0,,1,0.0,100.0,1,1,0,100.0,0,0,0.0,2
Javon Freeman-Liberty,Montréal Alliance,2026-2027,offense,Play types,Make 2 Pts,5,Short to < 17,Transition > Ballhandler > Dribble Jumper > Short to < 17 > Make 2 Pts,Transition,Ballhandler,Dribble Jumper,Short to < 17,Make 2 Pts,,1,100.0,2.0,100.0,0.0,0.0,0,,,,100.0,,1,100.0,0.0,,,1,0,,1,0.0,100.0,1,1,0,100.0,0,0,0.0,2
Javon Freeman-Liberty,Montréal Alliance,2026-2027,offense,Play types,Medium/17' to 3pt,4,Dribble Jumper,Transition > Ballhandler > Dribble Jumper > Medium/17' to 3pt,Transition,Ballhandler,Dribble Jumper,Medium/17' to 3pt,,,1,20.0,2.0,100.0,0.0,0.0,0,,,,100.0,,1,100.0,0.0,,,1,0,,1,0.0,100.0,1,1,0,100.0,0,0,0.0,2
Javon Freeman-Liberty,Montréal Alliance,2026-2027,offense,Play types,Make 2 Pts,5,Medium/17' to 3pt,Transition > Ballhandler > Dribble Jumper > Medium/17' to 3pt > Make 2 Pts,Transition,Ballhandler,Dribble Jumper,Medium/17' to 3pt,Make 2 Pts,,1,100.0,2.0,100.0,0.0,0.0,0,,,,100.0,,1,100.0,0.0,,,1,0,,1,0.0,100.0,1,1,0,100.0,0,0,0.0,2
Javon Freeman-Liberty,Montréal Alliance,2026-2027,offense,Play types,First Middle,2,Transition,Transition > First Middle,Transition,First Middle,,,,,3,7.1,1.333,66.7,0.0,0.0,0,,,,66.7,,3,66.7,0.0,,,2,1,,3,0.0,66.7,3,2,1,66.7,0,0,0.0,4
Javon Freeman-Liberty,Montréal Alliance,2026-2027,offense,Play types,To Basket,3,First Middle,Transition > First Middle > To Basket,Transition,First Middle,To Basket,,,,3,100.0,1.333,66.7,0.0,0.0,0,,,,66.7,,3,66.7,0.0,,,2,1,,3,0.0,66.7,3,2,1,66.7,0,0,0.0,4
Javon Freeman-Liberty,Montréal Alliance,2026-2027,offense,Play types,Make 2 Pts,4,To Basket,Transition > First Middle > To Basket > Make 2 Pts,Transition,First Middle,To Basket,Make 2 Pts,,,2,66.7,2.0,100.0,0.0,0.0,0,,,,100.0,,2,100.0,0.0,,,2,0,,2,0.0,100.0,2,2,0,100.0,0,0,0.0,4
Javon Freeman-Liberty,Montréal Alliance,2026-2027,offense,Play types,Miss 2 Pts,4,To Basket,Transition > First Middle > To Basket > Miss 2 Pts,Transition,First Middle,To Basket,Miss 2 Pts,,,1,33.3,0.0,0.0,0.0,0.0,0,,,,0.0,,1,0.0,0.0,,,0,1,,1,0.0,0.0,1,0,1,0.0,0,0,0.0,0
Javon Freeman-Liberty,Montréal Alliance,2026-2027,offense,Play types,Leak Outs,2,Transition,Transition > Leak Outs,Transition,Leak Outs,,,,,2,4.8,2.0,100.0,0.0,0.0,0,,,,100.0,,2,100.0,0.0,,,2,0,,2,0.0,100.0,2,2,0,100.0,0,0,0.0,4
Javon Freeman-Liberty,Montréal Alliance,2026-2027,offense,Play types,To Basket,3,Leak Outs,Transition > Leak Outs > To Basket,Transition,Leak Outs,To Basket,,,,2,100.0,2.0,100.0,0.0,0.0,0,,,,100.0,,2,100.0,0.0,,,2,0,,2,0.0,100.0,2,2,0,100.0,0,0,0.0,4
Javon Freeman-Liberty,Montréal Alliance,2026-2027,offense,Play types,Make 2 Pts,4,To Basket,Transition > Leak Outs > To Basket > Make 2 Pts,Transition,Leak Outs,To Basket,Make 2 Pts,,,2,100.0,2.0,100.0,0.0,0.0,0,,,,100.0,,2,100.0,0.0,,,2,0,,2,0.0,100.0,2,2,0,100.0,0,0,0.0,4
Javon Freeman-Liberty,Montréal Alliance,2026-2027,offense,Play types,Left Wing,2,Transition,Transition > Left Wing,Transition,Left Wing,,,,,1,2.4,0.0,0.0,0.0,0.0,1,0.0,,,0.0,,1,0.0,0.0,,,0,1,,1,0.0,0.0,0,0,0,,0,1,1.0,0
Javon Freeman-Liberty,Montréal Alliance,2026-2027,offense,Play types,No Dribble Jumper,3,Left Wing,Transition > Left Wing > No Dribble Jumper,Transition,Left Wing,No Dribble Jumper,,,,1,100.0,0.0,0.0,0.0,0.0,1,0.0,,,0.0,,1,0.0,0.0,,,0,1,,1,0.0,0.0,0,0,0,,0,1,1.0,0
Javon Freeman-Liberty,Montréal Alliance,2026-2027,offense,Play types,Open,4,No Dribble Jumper,Transition > Left Wing > No Dribble Jumper > Open,Transition,Left Wing,No Dribble Jumper,Open,,,1,100.0,0.0,0.0,0.0,0.0,1,0.0,,,0.0,,1,0.0,0.0,,,0,1,,1,0.0,0.0,0,0,0,,0,1,1.0,0
Javon Freeman-Liberty,Montréal Alliance,2026-2027,offense,Play types,Long/3pt,5,Open,Transition > Left Wing > No Dribble Jumper > Open > Long/3pt,Transition,Left Wing,No Dribble Jumper,Open,Long/3pt,,1,100.0,0.0,0.0,0.0,0.0,1,0.0,,,0.0,,1,0.0,0.0,,,0,1,,1,0.0,0.0,0,0,0,,0,1,1.0,0
Javon Freeman-Liberty,Montréal Alliance,2026-2027,offense,Play types,Right Wing,2,Transition,Transition > Right Wing,Transition,Right Wing,,,,,1,2.4,0.0,0.0,0.0,0.0,1,0.0,,,0.0,,1,0.0,0.0,,,0,1,,1,0.0,0.0,0,0,0,,0,1,1.0,0
Javon Freeman-Liberty,Montréal Alliance,2026-2027,offense,Play types,Dribble Jumper,3,Right Wing,Transition > Right Wing > Dribble Jumper,Transition,Right Wing,Dribble Jumper,,,,1,100.0,0.0,0.0,0.0,0.0,1,0.0,,,0.0,,1,0.0,0.0,,,0,1,,1,0.0,0.0,0,0,0,,0,1,1.0,0
Javon Freeman-Liberty,Montréal Alliance,2026-2027,offense,Play types,Long/3pt,4,Dribble Jumper,Transition > Right Wing > Dribble Jumper > Long/3pt,Transition,Right Wing,Dribble Jumper,Long/3pt,,,1,100.0,0.0,0.0,0.0,0.0,1,0.0,,,0.0,,1,0.0,0.0,,,0,1,,1,0.0,0.0,0,0,0,,0,1,1.0,0
Javon Freeman-Liberty,Montréal Alliance,2026-2027,offense,Play types,Miss 3 Pts,5,Long/3pt,Transition > Right Wing > Dribble Jumper > Long/3pt > Miss 3 Pts,Transition,Right Wing,Dribble Jumper,Long/3pt,Miss 3 Pts,,1,100.0,0.0,0.0,0.0,0.0,1,0.0,,,0.0,,1,0.0,0.0,,,0,1,,1,0.0,0.0,0,0,0,,0,1,1.0,0
Javon Freeman-Liberty,Montréal Alliance,2026-2027,offense,Play types,Spot Up,1,,Spot Up,Spot Up,,,,,,29,16.8,1.172,62.2,6.9,6.9,21,42.9,Very Good,81.0,46.2,19.0,26,63.5,6.9,,,12,14,,27,0.12,44.8,5,3,2,60.0,9,12,0.81,34
Javon Freeman-Liberty,Montréal Alliance,2026-2027,offense,Play types,No Dribble Jumper,2,Spot Up,Spot Up > No Dribble Jumper,Spot Up,No Dribble Jumper,,,,,18,62.1,1.333,66.7,0.0,0.0,18,44.4,,,44.4,,18,66.7,0.0,,,8,10,,18,0.0,44.4,0,0,0,,8,10,1.0,24
Javon Freeman-Liberty,Montréal Alliance,2026-2027,offense,Play types,Guarded,3,No Dribble Jumper,Spot Up > No Dribble Jumper > Guarded,Spot Up,No Dribble Jumper,Guarded,,,,12,66.7,1.5,75.0,0.0,0.0,12,50.0,,,50.0,,12,75.0,0.0,,,6,6,,12,0.0,50.0,0,0,0,,6,6,1.0,18
Javon Freeman-Liberty,Montréal Alliance,2026-2027,offense,Play types,Long/3pt,4,Guarded,Spot Up > No Dribble Jumper > Guarded > Long/3pt,Spot Up,No Dribble Jumper,Guarded,Long/3pt,,,12,100.0,1.5,75.0,0.0,0.0,12,50.0,,,50.0,,12,75.0,0.0,,,6,6,,12,0.0,50.0,0,0,0,,6,6,1.0,18
Javon Freeman-Liberty,Montréal Alliance,2026-2027,offense,Play types,Miss 3 Pts,5,Long/3pt,Spot Up > No Dribble Jumper > Guarded > Long/3pt > Miss 3 Pts,Spot Up,No Dribble Jumper,Guarded,Long/3pt,Miss 3 Pts,,6,50.0,0.0,0.0,0.0,0.0,6,0.0,,,0.0,,6,0.0,0.0,,,0,6,,6,0.0,0.0,0,0,0,,0,6,1.0,0
Javon Freeman-Liberty,Montréal Alliance,2026-2027,offense,Play types,Make 3 Pts,5,Long/3pt,Spot Up > No Dribble Jumper > Guarded > Long/3pt > Make 3 Pts,Spot Up,No Dribble Jumper,Guarded,Long/3pt,Make 3 Pts,,6,50.0,3.0,150.0,0.0,0.0,6,100.0,,,100.0,,6,150.0,0.0,,,6,0,,6,0.0,100.0,0,0,0,,6,0,1.0,18
Javon Freeman-Liberty,Montréal Alliance,2026-2027,offense,Play types,Open,3,No Dribble Jumper,Spot Up > No Dribble Jumper > Open,Spot Up,No Dribble Jumper,Open,,,,6,33.3,1.0,50.0,0.0,0.0,6,33.3,,,33.3,,6,50.0,0.0,,,2,4,,6,0.0,33.3,0,0,0,,2,4,1.0,6
Javon Freeman-Liberty,Montréal Alliance,2026-2027,offense,Play types,Long/3pt,4,Open,Spot Up > No Dribble Jumper > Open > Long/3pt,Spot Up,No Dribble Jumper,Open,Long/3pt,,,6,100.0,1.0,50.0,0.0,0.0,6,33.3,,,33.3,,6,50.0,0.0,,,2,4,,6,0.0,33.3,0,0,0,,2,4,1.0,6
Javon Freeman-Liberty,Montréal Alliance,2026-2027,offense,Play types,Miss 3 Pts,5,Long/3pt,Spot Up > No Dribble Jumper > Open > Long/3pt > Miss 3 Pts,Spot Up,No Dribble Jumper,Open,Long/3pt,Miss 3 Pts,,4,66.7,0.0,0.0,0.0,0.0,4,0.0,,,0.0,,4,0.0,0.0,,,0,4,,4,0.0,0.0,0,0,0,,0,4,1.0,0
Javon Freeman-Liberty,Montréal Alliance,2026-2027,offense,Play types,Make 3 Pts,5,Long/3pt,Spot Up > No Dribble Jumper > Open > Long/3pt > Make 3 Pts,Spot Up,No Dribble Jumper,Open,Long/3pt,Make 3 Pts,,2,33.3,3.0,150.0,0.0,0.0,2,100.0,,,100.0,,2,150.0,0.0,,,2,0,,2,0.0,100.0,0,0,0,,2,0,1.0,6
Javon Freeman-Liberty,Montréal Alliance,2026-2027,offense,Play types,Drives Right,2,Spot Up,Spot Up > Drives Right,Spot Up,Drives Right,,,,,4,13.8,0.5,22.5,0.0,25.0,2,0.0,,,25.0,,4,25.0,25.0,,,1,3,,4,0.25,25.0,2,1,1,50.0,0,2,0.5,2
Javon Freeman-Liberty,Montréal Alliance,2026-2027,offense,Play types,To Basket,3,Drives Right,Spot Up > Drives Right > To Basket,Spot Up,Drives Right,To Basket,,,,2,50.0,1.0,41.0,0.0,50.0,0,,,,50.0,,2,50.0,50.0,,,1,1,,2,0.5,50.0,2,1,1,50.0,0,0,0.0,2
Javon Freeman-Liberty,Montréal Alliance,2026-2027,offense,Play types,Make 2 Pts Foul,4,To Basket,Spot Up > Drives Right > To Basket > Make 2 Pts Foul,Spot Up,Drives Right,To Basket,Make 2 Pts Foul,,,1,50.0,2.0,69.4,0.0,100.0,0,,,,100.0,,1,100.0,100.0,,,1,0,,1,1.0,100.0,1,1,0,100.0,0,0,0.0,2
Javon Freeman-Liberty,Montréal Alliance,2026-2027,offense,Play types,Miss 2 Pts,4,To Basket,Spot Up > Drives Right > To Basket > Miss 2 Pts,Spot Up,Drives Right,To Basket,Miss 2 Pts,,,1,50.0,0.0,0.0,0.0,0.0,0,,,,0.0,,1,0.0,0.0,,,0,1,,1,0.0,0.0,1,0,1,0.0,0,0,0.0,0
Javon Freeman-Liberty,Montréal Alliance,2026-2027,offense,Play types,Dribble Jumper,3,Drives Right,Spot Up > Drives Right > Dribble Jumper,Spot Up,Drives Right,Dribble Jumper,,,,2,50.0,0.0,0.0,0.0,0.0,2,0.0,,,0.0,,2,0.0,0.0,,,0,2,,2,0.0,0.0,0,0,0,,0,2,1.0,0
Javon Freeman-Liberty,Montréal Alliance,2026-2027,offense,Play types,Long/3pt,4,Dribble Jumper,Spot Up > Drives Right > Dribble Jumper > Long/3pt,Spot Up,Drives Right,Dribble Jumper,Long/3pt,,,2,100.0,0.0,0.0,0.0,0.0,2,0.0,,,0.0,,2,0.0,0.0,,,0,2,,2,0.0,0.0,0,0,0,,0,2,1.0,0
Javon Freeman-Liberty,Montréal Alliance,2026-2027,offense,Play types,Miss 3 Pts,5,Long/3pt,Spot Up > Drives Right > Dribble Jumper > Long/3pt > Miss 3 Pts,Spot Up,Drives Right,Dribble Jumper,Long/3pt,Miss 3 Pts,,2,100.0,0.0,0.0,0.0,0.0,2,0.0,,,0.0,,2,0.0,0.0,,,0,2,,2,0.0,0.0,0,0,0,,0,2,1.0,0
Javon Freeman-Liberty,Montréal Alliance,2026-2027,offense,Play types,Drives Left,2,Spot Up,Spot Up > Drives Left,Spot Up,Drives Left,,,,,4,13.8,0.5,50.0,50.0,0.0,0,,,,50.0,,2,50.0,0.0,,,1,1,,2,0.0,25.0,2,1,1,50.0,0,0,0.0,2
Javon Freeman-Liberty,Montréal Alliance,2026-2027,offense,Play types,Turnover,3,Drives Left,Spot Up > Drives Left > Turnover,Spot Up,Drives Left,Turnover,,,,2,50.0,0.0,,100.0,0.0,0,,,,,,0,,0.0,,,0,0,,0,,0.0,0,0,0,,0,0,,0
Javon Freeman-Liberty,Montréal Alliance,2026-2027,offense,Play types,Dribble Jumper,3,Drives Left,Spot Up > Drives Left > Dribble Jumper,Spot Up,Drives Left,Dribble Jumper,,,,1,25.0,0.0,0.0,0.0,0.0,0,,,,0.0,,1,0.0,0.0,,,0,1,,1,0.0,0.0,1,0,1,0.0,0,0,0.0,0
Javon Freeman-Liberty,Montréal Alliance,2026-2027,offense,Play types,Short to < 17,4,Dribble Jumper,Spot Up > Drives Left > Dribble Jumper > Short to < 17,Spot Up,Drives Left,Dribble Jumper,Short to < 17,,,1,100.0,0.0,0.0,0.0,0.0,0,,,,0.0,,1,0.0,0.0,,,0,1,,1,0.0,0.0,1,0,1,0.0,0,0,0.0,0
Javon Freeman-Liberty,Montréal Alliance,2026-2027,offense,Play types,Miss 2 Pts,5,Short to < 17,Spot Up > Drives Left > Dribble Jumper > Short to < 17 > Miss 2 Pts,Spot Up,Drives Left,Dribble Jumper,Short to < 17,Miss 2 Pts,,1,100.0,0.0,0.0,0.0,0.0,0,,,,0.0,,1,0.0,0.0,,,0,1,,1,0.0,0.0,1,0,1,0.0,0,0,0.0,0
Javon Freeman-Liberty,Montréal Alliance,2026-2027,offense,Play types,To Basket,3,Drives Left,Spot Up > Drives Left > To Basket,Spot Up,Drives Left,To Basket,,,,1,25.0,2.0,100.0,0.0,0.0,0,,,,100.0,,1,100.0,0.0,,,1,0,,1,0.0,100.0,1,1,0,100.0,0,0,0.0,2
Javon Freeman-Liberty,Montréal Alliance,2026-2027,offense,Play types,Make 2 Pts,4,To Basket,Spot Up > Drives Left > To Basket > Make 2 Pts,Spot Up,Drives Left,To Basket,Make 2 Pts,,,1,100.0,2.0,100.0,0.0,0.0,0,,,,100.0,,1,100.0,0.0,,,1,0,,1,0.0,100.0,1,1,0,100.0,0,0,0.0,2
Javon Freeman-Liberty,Montréal Alliance,2026-2027,offense,Play types,Drives Straight,2,Spot Up,Spot Up > Drives Straight,Spot Up,Drives Straight,,,,,3,10.3,2.0,104.2,0.0,33.3,1,100.0,,,100.0,,2,125.0,33.3,,,2,0,,3,1.0,100.0,1,1,0,100.0,1,0,0.5,6
Javon Freeman-Liberty,Montréal Alliance,2026-2027,offense,Play types,To Basket,3,Drives Straight,Spot Up > Drives Straight > To Basket,Spot Up,Drives Straight,To Basket,,,,2,66.7,1.5,79.8,0.0,50.0,0,,,,100.0,,1,100.0,50.0,,,1,0,,2,2.0,100.0,1,1,0,100.0,0,0,0.0,3
Javon Freeman-Liberty,Montréal Alliance,2026-2027,offense,Play types,Make 2 Pts,4,To Basket,Spot Up > Drives Straight > To Basket > Make 2 Pts,Spot Up,Drives Straight,To Basket,Make 2 Pts,,,1,50.0,2.0,100.0,0.0,0.0,0,,,,100.0,,1,100.0,0.0,,,1,0,,1,0.0,100.0,1,1,0,100.0,0,0,0.0,2
Javon Freeman-Liberty,Montréal Alliance,2026-2027,offense,Play types,Foul,4,To Basket,Spot Up > Drives Straight > To Basket > Foul,Spot Up,Drives Straight,To Basket,Foul,,,1,50.0,1.0,56.8,0.0,100.0,0,,,,,,0,,100.0,,,0,0,,1,,100.0,0,0,0,,0,0,,1
Javon Freeman-Liberty,Montréal Alliance,2026-2027,offense,Play types,Dribble Jumper,3,Drives Straight,Spot Up > Drives Straight > Dribble Jumper,Spot Up,Drives Straight,Dribble Jumper,,,,1,33.3,3.0,150.0,0.0,0.0,1,100.0,,,100.0,,1,150.0,0.0,,,1,0,,1,0.0,100.0,0,0,0,,1,0,1.0,3
Javon Freeman-Liberty,Montréal Alliance,2026-2027,offense,Play types,Long/3pt,4,Dribble Jumper,Spot Up > Drives Straight > Dribble Jumper > Long/3pt,Spot Up,Drives Straight,Dribble Jumper,Long/3pt,,,1,100.0,3.0,150.0,0.0,0.0,1,100.0,,,100.0,,1,150.0,0.0,,,1,0,,1,0.0,100.0,0,0,0,,1,0,1.0,3
Javon Freeman-Liberty,Montréal Alliance,2026-2027,offense,Play types,Make 3 Pts,5,Long/3pt,Spot Up > Drives Straight > Dribble Jumper > Long/3pt > Make 3 Pts,Spot Up,Drives Straight,Dribble Jumper,Long/3pt,Make 3 Pts,,1,100.0,3.0,150.0,0.0,0.0,1,100.0,,,100.0,,1,150.0,0.0,,,1,0,,1,0.0,100.0,0,0,0,,1,0,1.0,3
Javon Freeman-Liberty,Montréal Alliance,2026-2027,offense,Play types,Isolation,1,,Isolation,Isolation,,,,,,15,8.7,1.133,72.3,20.0,13.3,4,50.0,Excellent,87.0,60.0,57.0,10,70.0,13.3,,,6,4,,12,0.4,53.3,6,4,2,66.7,2,2,0.4,17
Javon Freeman-Liberty,Montréal Alliance,2026-2027,offense,Play types,Isolation - Overall,2,Isolation,Isolation > Isolation - Overall,Isolation,Isolation - Overall,,,,,15,100.0,1.133,72.3,20.0,13.3,4,50.0,,,60.0,,10,70.0,13.3,,,6,4,,12,0.4,53.3,6,4,2,66.7,2,2,0.4,17
Javon Freeman-Liberty,Montréal Alliance,2026-2027,offense,Play types,Drives Right,3,Isolation - Overall,Isolation > Isolation - Overall > Drives Right,Isolation,Isolation - Overall,Drives Right,,,,7,46.7,1.0,59.5,14.3,14.3,1,0.0,,,60.0,,5,60.0,14.3,,,3,2,,6,0.4,57.1,4,3,1,75.0,0,1,0.2,7
Javon Freeman-Liberty,Montréal Alliance,2026-2027,offense,Play types,Drives Left,3,Isolation - Overall,Isolation > Isolation - Overall > Drives Left,Isolation,Isolation - Overall,Drives Left,,,,5,33.3,0.8,69.4,40.0,20.0,0,,,,50.0,,2,50.0,20.0,,,1,1,,3,1.0,40.0,2,1,1,50.0,0,0,0.0,4
Javon Freeman-Liberty,Montréal Alliance,2026-2027,offense,Play types,Early Jumper,3,Isolation - Overall,Isolation > Isolation - Overall > Early Jumper,Isolation,Isolation - Overall,Early Jumper,,,,3,20.0,2.0,100.0,0.0,0.0,3,66.7,,,66.7,,3,100.0,0.0,,,2,1,,3,0.0,66.7,0,0,0,,2,1,1.0,6
Javon Freeman-Liberty,Montréal Alliance,2026-2027,offense,Play types,Top,2,Isolation,Isolation > Top,Isolation,Top,,,,,8,53.3,1.125,76.5,25.0,12.5,0,,,,80.0,,5,80.0,12.5,,,4,1,,6,0.4,62.5,5,4,1,80.0,0,0,0.0,9
Javon Freeman-Liberty,Montréal Alliance,2026-2027,offense,Play types,Drives Right,3,Top,Isolation > Top > Drives Right,Isolation,Top,Drives Right,,,,5,62.5,1.4,71.7,0.0,20.0,0,,,,75.0,,4,75.0,20.0,,,3,1,,5,0.5,80.0,4,3,1,75.0,0,0,0.0,7
Javon Freeman-Liberty,Montréal Alliance,2026-2027,offense,Play types,To Basket,4,Drives Right,Isolation > Top > Drives Right > To Basket,Isolation,Top,Drives Right,To Basket,,,5,100.0,1.4,71.7,0.0,20.0,0,,,,75.0,,4,75.0,20.0,,,3,1,,5,0.5,80.0,4,3,1,75.0,0,0,0.0,7
Javon Freeman-Liberty,Montréal Alliance,2026-2027,offense,Play types,Make 2 Pts,5,To Basket,Isolation > Top > Drives Right > To Basket > Make 2 Pts,Isolation,Top,Drives Right,To Basket,Make 2 Pts,,3,60.0,2.0,100.0,0.0,0.0,0,,,,100.0,,3,100.0,0.0,,,3,0,,3,0.0,100.0,3,3,0,100.0,0,0,0.0,6
Javon Freeman-Liberty,Montréal Alliance,2026-2027,offense,Play types,Foul,5,To Basket,Isolation > Top > Drives Right > To Basket > Foul,Isolation,Top,Drives Right,To Basket,Foul,,1,20.0,1.0,56.8,0.0,100.0,0,,,,,,0,,100.0,,,0,0,,1,,100.0,0,0,0,,0,0,,1
Javon Freeman-Liberty,Montréal Alliance,2026-2027,offense,Play types,Miss 2 Pts,5,To Basket,Isolation > Top > Drives Right > To Basket > Miss 2 Pts,Isolation,Top,Drives Right,To Basket,Miss 2 Pts,,1,20.0,0.0,0.0,0.0,0.0,0,,,,0.0,,1,0.0,0.0,,,0,1,,1,0.0,0.0,1,0,1,0.0,0,0,0.0,0
Javon Freeman-Liberty,Montréal Alliance,2026-2027,offense,Play types,Drives Left,3,Top,Isolation > Top > Drives Left,Isolation,Top,Drives Left,,,,3,37.5,0.667,100.0,66.7,0.0,0,,,,100.0,,1,100.0,0.0,,,1,0,,1,0.0,33.3,1,1,0,100.0,0,0,0.0,2
Javon Freeman-Liberty,Montréal Alliance,2026-2027,offense,Play types,Defense Commits,4,Drives Left,Isolation > Top > Drives Left > Defense Commits,Isolation,Top,Drives Left,Defense Commits,,,2,66.7,0.0,,100.0,0.0,0,,,,,,0,,0.0,,,0,0,,0,,0.0,0,0,0,,0,0,,0
Javon Freeman-Liberty,Montréal Alliance,2026-2027,offense,Play types,Turnover,5,Defense Commits,Isolation > Top > Drives Left > Defense Commits > Turnover,Isolation,Top,Drives Left,Defense Commits,Turnover,,2,100.0,0.0,,100.0,0.0,0,,,,,,0,,0.0,,,0,0,,0,,0.0,0,0,0,,0,0,,0
Javon Freeman-Liberty,Montréal Alliance,2026-2027,offense,Play types,To Basket,4,Drives Left,Isolation > Top > Drives Left > To Basket,Isolation,Top,Drives Left,To Basket,,,1,33.3,2.0,100.0,0.0,0.0,0,,,,100.0,,1,100.0,0.0,,,1,0,,1,0.0,100.0,1,1,0,100.0,0,0,0.0,2
Javon Freeman-Liberty,Montréal Alliance,2026-2027,offense,Play types,Make 2 Pts,5,To Basket,Isolation > Top > Drives Left > To Basket > Make 2 Pts,Isolation,Top,Drives Left,To Basket,Make 2 Pts,,1,100.0,2.0,100.0,0.0,0.0,0,,,,100.0,,1,100.0,0.0,,,1,0,,1,0.0,100.0,1,1,0,100.0,0,0,0.0,2
Javon Freeman-Liberty,Montréal Alliance,2026-2027,offense,Play types,Left,2,Isolation,Isolation > Left,Isolation,Left,,,,,4,26.7,1.25,64.4,0.0,25.0,2,50.0,,,33.3,,3,50.0,25.0,,,1,2,,4,0.67,50.0,1,0,1,0.0,1,1,0.67,5
Javon Freeman-Liberty,Montréal Alliance,2026-2027,offense,Play types,Drives Left,3,Left,Isolation > Left > Drives Left,Isolation,Left,Drives Left,,,,2,50.0,1.0,53.2,0.0,50.0,0,,,,0.0,,1,0.0,50.0,,,0,1,,2,2.0,50.0,1,0,1,0.0,0,0,0.0,2
Javon Freeman-Liberty,Montréal Alliance,2026-2027,offense,Play types,To Basket,4,Drives Left,Isolation > Left > Drives Left > To Basket,Isolation,Left,Drives Left,To Basket,,,2,100.0,1.0,53.2,0.0,50.0,0,,,,0.0,,1,0.0,50.0,,,0,1,,2,2.0,50.0,1,0,1,0.0,0,0,0.0,2
Javon Freeman-Liberty,Montréal Alliance,2026-2027,offense,Play types,Miss 2 Pts,5,To Basket,Isolation > Left > Drives Left > To Basket > Miss 2 Pts,Isolation,Left,Drives Left,To Basket,Miss 2 Pts,,1,50.0,0.0,0.0,0.0,0.0,0,,,,0.0,,1,0.0,0.0,,,0,1,,1,0.0,0.0,1,0,1,0.0,0,0,0.0,0
Javon Freeman-Liberty,Montréal Alliance,2026-2027,offense,Play types,Foul,5,To Basket,Isolation > Left > Drives Left > To Basket > Foul,Isolation,Left,Drives Left,To Basket,Foul,,1,50.0,2.0,113.6,0.0,100.0,0,,,,,,0,,100.0,,,0,0,,1,,100.0,0,0,0,,0,0,,2
Javon Freeman-Liberty,Montréal Alliance,2026-2027,offense,Play types,Drives Right,3,Left,Isolation > Left > Drives Right,Isolation,Left,Drives Right,,,,1,25.0,0.0,0.0,0.0,0.0,1,0.0,,,0.0,,1,0.0,0.0,,,0,1,,1,0.0,0.0,0,0,0,,0,1,1.0,0
Javon Freeman-Liberty,Montréal Alliance,2026-2027,offense,Play types,Dribble Jumper,4,Drives Right,Isolation > Left > Drives Right > Dribble Jumper,Isolation,Left,Drives Right,Dribble Jumper,,,1,100.0,0.0,0.0,0.0,0.0,1,0.0,,,0.0,,1,0.0,0.0,,,0,1,,1,0.0,0.0,0,0,0,,0,1,1.0,0
Javon Freeman-Liberty,Montréal Alliance,2026-2027,offense,Play types,Long/3pt,5,Dribble Jumper,Isolation > Left > Drives Right > Dribble Jumper > Long/3pt,Isolation,Left,Drives Right,Dribble Jumper,Long/3pt,,1,100.0,0.0,0.0,0.0,0.0,1,0.0,,,0.0,,1,0.0,0.0,,,0,1,,1,0.0,0.0,0,0,0,,0,1,1.0,0
Javon Freeman-Liberty,Montréal Alliance,2026-2027,offense,Play types,Early Jumper,3,Left,Isolation > Left > Early Jumper,Isolation,Left,Early Jumper,,,,1,25.0,3.0,150.0,0.0,0.0,1,100.0,,,100.0,,1,150.0,0.0,,,1,0,,1,0.0,100.0,0,0,0,,1,0,1.0,3
Javon Freeman-Liberty,Montréal Alliance,2026-2027,offense,Play types,Dribble Jumper,4,Early Jumper,Isolation > Left > Early Jumper > Dribble Jumper,Isolation,Left,Early Jumper,Dribble Jumper,,,1,100.0,3.0,150.0,0.0,0.0,1,100.0,,,100.0,,1,150.0,0.0,,,1,0,,1,0.0,100.0,0,0,0,,1,0,1.0,3
Javon Freeman-Liberty,Montréal Alliance,2026-2027,offense,Play types,Long/3pt,5,Dribble Jumper,Isolation > Left > Early Jumper > Dribble Jumper > Long/3pt,Isolation,Left,Early Jumper,Dribble Jumper,Long/3pt,,1,100.0,3.0,150.0,0.0,0.0,1,100.0,,,100.0,,1,150.0,0.0,,,1,0,,1,0.0,100.0,0,0,0,,1,0,1.0,3
Javon Freeman-Liberty,Montréal Alliance,2026-2027,offense,Play types,Right,2,Isolation,Isolation > Right,Isolation,Right,,,,,3,20.0,1.0,75.0,33.3,0.0,2,50.0,,,50.0,,2,75.0,0.0,,,1,1,,2,0.0,33.3,0,0,0,,1,1,1.0,3
Javon Freeman-Liberty,Montréal Alliance,2026-2027,offense,Play types,Early Jumper,3,Right,Isolation > Right > Early Jumper,Isolation,Right,Early Jumper,,,,2,66.7,1.5,75.0,0.0,0.0,2,50.0,,,50.0,,2,75.0,0.0,,,1,1,,2,0.0,50.0,0,0,0,,1,1,1.0,3
Javon Freeman-Liberty,Montréal Alliance,2026-2027,offense,Play types,Dribble Jumper,4,Early Jumper,Isolation > Right > Early Jumper > Dribble Jumper,Isolation,Right,Early Jumper,Dribble Jumper,,,2,100.0,1.5,75.0,0.0,0.0,2,50.0,,,50.0,,2,75.0,0.0,,,1,1,,2,0.0,50.0,0,0,0,,1,1,1.0,3
Javon Freeman-Liberty,Montréal Alliance,2026-2027,offense,Play types,Long/3pt,5,Dribble Jumper,Isolation > Right > Early Jumper > Dribble Jumper > Long/3pt,Isolation,Right,Early Jumper,Dribble Jumper,Long/3pt,,2,100.0,1.5,75.0,0.0,0.0,2,50.0,,,50.0,,2,75.0,0.0,,,1,1,,2,0.0,50.0,0,0,0,,1,1,1.0,3
Javon Freeman-Liberty,Montréal Alliance,2026-2027,offense,Play types,Drives Right,3,Right,Isolation > Right > Drives Right,Isolation,Right,Drives Right,,,,1,33.3,0.0,,100.0,0.0,0,,,,,,0,,0.0,,,0,0,,0,,0.0,0,0,0,,0,0,,0
Javon Freeman-Liberty,Montréal Alliance,2026-2027,offense,Play types,To Basket,4,Drives Right,Isolation > Right > Drives Right > To Basket,Isolation,Right,Drives Right,To Basket,,,1,100.0,0.0,,100.0,0.0,0,,,,,,0,,0.0,,,0,0,,0,,0.0,0,0,0,,0,0,,0
Javon Freeman-Liberty,Montréal Alliance,2026-2027,offense,Play types,Turnover,5,To Basket,Isolation > Right > Drives Right > To Basket > Turnover,Isolation,Right,Drives Right,To Basket,Turnover,,1,100.0,0.0,,100.0,0.0,0,,,,,,0,,0.0,,,0,0,,0,,0.0,0,0,0,,0,0,,0
Javon Freeman-Liberty,Montréal Alliance,2026-2027,offense,Play types,Cut,1,,Cut,Cut,,,,,,11,6.4,1.818,90.9,0.0,0.0,0,,Excellent,98.0,90.9,19.0,11,90.9,0.0,,,10,1,,11,0.0,90.9,11,10,1,90.9,0,0,0.0,20
Javon Freeman-Liberty,Montréal Alliance,2026-2027,offense,Play types,Basket,2,Cut,Cut > Basket,Cut,Basket,,,,,9,81.8,2.0,100.0,0.0,0.0,0,,,,100.0,,9,100.0,0.0,,,9,0,,9,0.0,100.0,9,9,0,100.0,0,0,0.0,18
Javon Freeman-Liberty,Montréal Alliance,2026-2027,offense,Play types,Make 2 Pts,3,Basket,Cut > Basket > Make 2 Pts,Cut,Basket,Make 2 Pts,,,,9,100.0,2.0,100.0,0.0,0.0,0,,,,100.0,,9,100.0,0.0,,,9,0,,9,0.0,100.0,9,9,0,100.0,0,0,0.0,18
Javon Freeman-Liberty,Montréal Alliance,2026-2027,offense,Play types,Flash,2,Cut,Cut > Flash,Cut,Flash,,,,,2,18.2,1.0,50.0,0.0,0.0,0,,,,50.0,,2,50.0,0.0,,,1,1,,2,0.0,50.0,2,1,1,50.0,0,0,0.0,2
Javon Freeman-Liberty,Montréal Alliance,2026-2027,offense,Play types,Miss 2 Pts,3,Flash,Cut > Flash > Miss 2 Pts,Cut,Flash,Miss 2 Pts,,,,1,50.0,0.0,0.0,0.0,0.0,0,,,,0.0,,1,0.0,0.0,,,0,1,,1,0.0,0.0,1,0,1,0.0,0,0,0.0,0
Javon Freeman-Liberty,Montréal Alliance,2026-2027,offense,Play types,Make 2 Pts,3,Flash,Cut > Flash > Make 2 Pts,Cut,Flash,Make 2 Pts,,,,1,50.0,2.0,100.0,0.0,0.0,0,,,,100.0,,1,100.0,0.0,,,1,0,,1,0.0,100.0,1,1,0,100.0,0,0,0.0,2
Javon Freeman-Liberty,Montréal Alliance,2026-2027,offense,Play types,Handoffs,1,,Handoffs,Handoffs,,,,,,9,5.2,1.444,83.8,11.1,22.2,3,66.7,,,66.7,,6,83.3,11.1,,,4,2,,8,0.67,66.7,3,2,1,66.7,2,1,0.5,13
Javon Freeman-Liberty,Montréal Alliance,2026-2027,offense,Play types,From Dribble,2,Handoffs,Handoffs > From Dribble,Handoffs,From Dribble,,,,,8,88.9,1.375,79.9,12.5,12.5,3,66.7,,,66.7,,6,83.3,12.5,,,4,2,,7,0.33,62.5,3,2,1,66.7,2,1,0.5,11
Javon Freeman-Liberty,Montréal Alliance,2026-2027,offense,Play types,Top,3,From Dribble,Handoffs > From Dribble > Top,Handoffs,From Dribble,Top,,,,7,87.5,1.286,76.5,14.3,14.3,3,66.7,,,60.0,,5,80.0,14.3,,,3,2,,6,0.4,57.1,2,1,1,50.0,2,1,0.6,9
Javon Freeman-Liberty,Montréal Alliance,2026-2027,offense,Play types,Dribble Jumper,4,Top,Handoffs > From Dribble > Top > Dribble Jumper,Handoffs,From Dribble,Top,Dribble Jumper,,,3,42.9,1.0,50.0,0.0,0.0,2,50.0,,,33.3,,3,50.0,0.0,,,1,2,,3,0.0,33.3,1,0,1,0.0,1,1,0.67,3
Javon Freeman-Liberty,Montréal Alliance,2026-2027,offense,Play types,Long/3pt,5,Dribble Jumper,Handoffs > From Dribble > Top > Dribble Jumper > Long/3pt,Handoffs,From Dribble,Top,Dribble Jumper,Long/3pt,,2,66.7,1.5,75.0,0.0,0.0,2,50.0,,,50.0,,2,75.0,0.0,,,1,1,,2,0.0,50.0,0,0,0,,1,1,1.0,3
Javon Freeman-Liberty,Montréal Alliance,2026-2027,offense,Play types,Short to < 17,5,Dribble Jumper,Handoffs > From Dribble > Top > Dribble Jumper > Short to < 17,Handoffs,From Dribble,Top,Dribble Jumper,Short to < 17,,1,33.3,0.0,0.0,0.0,0.0,0,,,,0.0,,1,0.0,0.0,,,0,1,,1,0.0,0.0,1,0,1,0.0,0,0,0.0,0
Javon Freeman-Liberty,Montréal Alliance,2026-2027,offense,Play types,To Basket,4,Top,Handoffs > From Dribble > Top > To Basket,Handoffs,From Dribble,Top,To Basket,,,2,28.6,1.5,79.8,0.0,50.0,0,,,,100.0,,1,100.0,50.0,,,1,0,,2,2.0,100.0,1,1,0,100.0,0,0,0.0,3
Javon Freeman-Liberty,Montréal Alliance,2026-2027,offense,Play types,Make 2 Pts,5,To Basket,Handoffs > From Dribble > Top > To Basket > Make 2 Pts,Handoffs,From Dribble,Top,To Basket,Make 2 Pts,,1,50.0,2.0,100.0,0.0,0.0,0,,,,100.0,,1,100.0,0.0,,,1,0,,1,0.0,100.0,1,1,0,100.0,0,0,0.0,2
Javon Freeman-Liberty,Montréal Alliance,2026-2027,offense,Play types,Foul,5,To Basket,Handoffs > From Dribble > Top > To Basket > Foul,Handoffs,From Dribble,Top,To Basket,Foul,,1,50.0,1.0,56.8,0.0,100.0,0,,,,,,0,,100.0,,,0,0,,1,,100.0,0,0,0,,0,0,,1
Javon Freeman-Liberty,Montréal Alliance,2026-2027,offense,Play types,No Dribble Jumper,4,Top,Handoffs > From Dribble > Top > No Dribble Jumper,Handoffs,From Dribble,Top,No Dribble Jumper,,,1,14.3,3.0,150.0,0.0,0.0,1,100.0,,,100.0,,1,150.0,0.0,,,1,0,,1,0.0,100.0,0,0,0,,1,0,1.0,3
Javon Freeman-Liberty,Montréal Alliance,2026-2027,offense,Play types,Open,5,No Dribble Jumper,Handoffs > From Dribble > Top > No Dribble Jumper > Open,Handoffs,From Dribble,Top,No Dribble Jumper,Open,,1,100.0,3.0,150.0,0.0,0.0,1,100.0,,,100.0,,1,150.0,0.0,,,1,0,,1,0.0,100.0,0,0,0,,1,0,1.0,3
Javon Freeman-Liberty,Montréal Alliance,2026-2027,offense,Play types,Turnover,4,Top,Handoffs > From Dribble > Top > Turnover,Handoffs,From Dribble,Top,Turnover,,,1,14.3,0.0,,100.0,0.0,0,,,,,,0,,0.0,,,0,0,,0,,0.0,0,0,0,,0,0,,0
Javon Freeman-Liberty,Montréal Alliance,2026-2027,offense,Play types,Left,3,From Dribble,Handoffs > From Dribble > Left,Handoffs,From Dribble,Left,,,,1,12.5,2.0,100.0,0.0,0.0,0,,,,100.0,,1,100.0,0.0,,,1,0,,1,0.0,100.0,1,1,0,100.0,0,0,0.0,2
Javon Freeman-Liberty,Montréal Alliance,2026-2027,offense,Play types,To Basket,4,Left,Handoffs > From Dribble > Left > To Basket,Handoffs,From Dribble,Left,To Basket,,,1,100.0,2.0,100.0,0.0,0.0,0,,,,100.0,,1,100.0,0.0,,,1,0,,1,0.0,100.0,1,1,0,100.0,0,0,0.0,2
Javon Freeman-Liberty,Montréal Alliance,2026-2027,offense,Play types,Make 2 Pts,5,To Basket,Handoffs > From Dribble > Left > To Basket > Make 2 Pts,Handoffs,From Dribble,Left,To Basket,Make 2 Pts,,1,100.0,2.0,100.0,0.0,0.0,0,,,,100.0,,1,100.0,0.0,,,1,0,,1,0.0,100.0,1,1,0,100.0,0,0,0.0,2
Javon Freeman-Liberty,Montréal Alliance,2026-2027,offense,Play types,From Stationary,2,Handoffs,Handoffs > From Stationary,Handoffs,From Stationary,,,,,1,11.1,2.0,113.6,0.0,100.0,0,,,,,,0,,0.0,,,0,0,,1,,100.0,0,0,0,,0,0,,2
Javon Freeman-Liberty,Montréal Alliance,2026-2027,offense,Play types,Left,3,From Stationary,Handoffs > From Stationary > Left,Handoffs,From Stationary,Left,,,,1,100.0,2.0,113.6,0.0,100.0,0,,,,,,0,,0.0,,,0,0,,1,,100.0,0,0,0,,0,0,,2
Javon Freeman-Liberty,Montréal Alliance,2026-2027,offense,Play types,Foul,4,Left,Handoffs > From Stationary > Left > Foul,Handoffs,From Stationary,Left,Foul,,,1,100.0,2.0,113.6,0.0,100.0,0,,,,,,0,,0.0,,,0,0,,1,,100.0,0,0,0,,0,0,,2
Javon Freeman-Liberty,Montréal Alliance,2026-2027,offense,Play types,Miscellaneous Plays,1,,Miscellaneous Plays,Miscellaneous Plays,,,,,,8,4.6,0.25,33.3,62.5,0.0,2,0.0,,,33.3,,3,33.3,0.0,,,1,2,,3,0.0,12.5,1,1,0,100.0,0,2,0.67,2
Javon Freeman-Liberty,Montréal Alliance,2026-2027,offense,Play types,Turnover,2,Miscellaneous Plays,Miscellaneous Plays > Turnover,Miscellaneous Plays,Turnover,,,,,5,62.5,0.0,,100.0,0.0,0,,,,,,0,,0.0,,,0,0,,0,,0.0,0,0,0,,0,0,,0
Javon Freeman-Liberty,Montréal Alliance,2026-2027,offense,Play types,No Dribble Jumper,2,Miscellaneous Plays,Miscellaneous Plays > No Dribble Jumper,Miscellaneous Plays,No Dribble Jumper,,,,,1,12.5,0.0,0.0,0.0,0.0,1,0.0,,,0.0,,1,0.0,0.0,,,0,1,,1,0.0,0.0,0,0,0,,0,1,1.0,0
Javon Freeman-Liberty,Montréal Alliance,2026-2027,offense,Play types,Open,3,No Dribble Jumper,Miscellaneous Plays > No Dribble Jumper > Open,Miscellaneous Plays,No Dribble Jumper,Open,,,,1,100.0,0.0,0.0,0.0,0.0,1,0.0,,,0.0,,1,0.0,0.0,,,0,1,,1,0.0,0.0,0,0,0,,0,1,1.0,0
Javon Freeman-Liberty,Montréal Alliance,2026-2027,offense,Play types,Long/3pt,4,Open,Miscellaneous Plays > No Dribble Jumper > Open > Long/3pt,Miscellaneous Plays,No Dribble Jumper,Open,Long/3pt,,,1,100.0,0.0,0.0,0.0,0.0,1,0.0,,,0.0,,1,0.0,0.0,,,0,1,,1,0.0,0.0,0,0,0,,0,1,1.0,0
Javon Freeman-Liberty,Montréal Alliance,2026-2027,offense,Play types,Miss 3 Pts,5,Long/3pt,Miscellaneous Plays > No Dribble Jumper > Open > Long/3pt > Miss 3 Pts,Miscellaneous Plays,No Dribble Jumper,Open,Long/3pt,Miss 3 Pts,,1,100.0,0.0,0.0,0.0,0.0,1,0.0,,,0.0,,1,0.0,0.0,,,0,1,,1,0.0,0.0,0,0,0,,0,1,1.0,0
Javon Freeman-Liberty,Montréal Alliance,2026-2027,offense,Play types,Dribble Jumper,2,Miscellaneous Plays,Miscellaneous Plays > Dribble Jumper,Miscellaneous Plays,Dribble Jumper,,,,,1,12.5,0.0,0.0,0.0,0.0,1,0.0,,,0.0,,1,0.0,0.0,,,0,1,,1,0.0,0.0,0,0,0,,0,1,1.0,0
Javon Freeman-Liberty,Montréal Alliance,2026-2027,offense,Play types,Long/3pt,3,Dribble Jumper,Miscellaneous Plays > Dribble Jumper > Long/3pt,Miscellaneous Plays,Dribble Jumper,Long/3pt,,,,1,100.0,0.0,0.0,0.0,0.0,1,0.0,,,0.0,,1,0.0,0.0,,,0,1,,1,0.0,0.0,0,0,0,,0,1,1.0,0
Javon Freeman-Liberty,Montréal Alliance,2026-2027,offense,Play types,Miss 3 Pts,4,Long/3pt,Miscellaneous Plays > Dribble Jumper > Long/3pt > Miss 3 Pts,Miscellaneous Plays,Dribble Jumper,Long/3pt,Miss 3 Pts,,,1,100.0,0.0,0.0,0.0,0.0,1,0.0,,,0.0,,1,0.0,0.0,,,0,1,,1,0.0,0.0,0,0,0,,0,1,1.0,0
Javon Freeman-Liberty,Montréal Alliance,2026-2027,offense,Play types,To Basket,2,Miscellaneous Plays,Miscellaneous Plays > To Basket,Miscellaneous Plays,To Basket,,,,,1,12.5,2.0,100.0,0.0,0.0,0,,,,100.0,,1,100.0,0.0,,,1,0,,1,0.0,100.0,1,1,0,100.0,0,0,0.0,2
Javon Freeman-Liberty,Montréal Alliance,2026-2027,offense,Play types,Make 2 Pts,3,To Basket,Miscellaneous Plays > To Basket > Make 2 Pts,Miscellaneous Plays,To Basket,Make 2 Pts,,,,1,100.0,2.0,100.0,0.0,0.0,0,,,,100.0,,1,100.0,0.0,,,1,0,,1,0.0,100.0,1,1,0,100.0,0,0,0.0,2
Javon Freeman-Liberty,Montréal Alliance,2026-2027,offense,Play types,Off Screen,1,,Off Screen,Off Screen,,,,,,7,4.0,1.571,72.0,0.0,42.9,4,50.0,,,40.0,,5,60.0,42.9,,,2,3,,8,1.2,57.1,1,0,1,0.0,2,2,0.8,11
Javon Freeman-Liberty,Montréal Alliance,2026-2027,offense,Play types,To Shooter's Left,2,Off Screen,Off Screen > To Shooter's Left,Off Screen,To Shooter's Left,,,,,5,71.4,0.8,41.0,0.0,20.0,3,33.3,,,25.0,,4,37.5,20.0,,,1,3,,5,0.5,40.0,1,0,1,0.0,1,2,0.75,4
Javon Freeman-Liberty,Montréal Alliance,2026-2027,offense,Play types,Straight,3,To Shooter's Left,Off Screen > To Shooter's Left > Straight,Off Screen,To Shooter's Left,Straight,,,,4,80.0,1.0,51.5,0.0,25.0,2,50.0,,,33.3,,3,50.0,25.0,,,1,2,,4,0.67,50.0,1,0,1,0.0,1,1,0.67,4
Javon Freeman-Liberty,Montréal Alliance,2026-2027,offense,Play types,No Dribble Jumper,4,Straight,Off Screen > To Shooter's Left > Straight > No Dribble Jumper,Off Screen,To Shooter's Left,Straight,No Dribble Jumper,,,2,50.0,1.5,75.0,0.0,0.0,2,50.0,,,50.0,,2,75.0,0.0,,,1,1,,2,0.0,50.0,0,0,0,,1,1,1.0,3
Javon Freeman-Liberty,Montréal Alliance,2026-2027,offense,Play types,Open,5,No Dribble Jumper,Off Screen > To Shooter's Left > Straight > No Dribble Jumper > Open,Off Screen,To Shooter's Left,Straight,No Dribble Jumper,Open,,1,50.0,3.0,150.0,0.0,0.0,1,100.0,,,100.0,,1,150.0,0.0,,,1,0,,1,0.0,100.0,0,0,0,,1,0,1.0,3
Javon Freeman-Liberty,Montréal Alliance,2026-2027,offense,Play types,Guarded,5,No Dribble Jumper,Off Screen > To Shooter's Left > Straight > No Dribble Jumper > Guarded,Off Screen,To Shooter's Left,Straight,No Dribble Jumper,Guarded,,1,50.0,0.0,0.0,0.0,0.0,1,0.0,,,0.0,,1,0.0,0.0,,,0,1,,1,0.0,0.0,0,0,0,,0,1,1.0,0
Javon Freeman-Liberty,Montréal Alliance,2026-2027,offense,Play types,To Basket,4,Straight,Off Screen > To Shooter's Left > Straight > To Basket,Off Screen,To Shooter's Left,Straight,To Basket,,,2,50.0,0.5,26.6,0.0,50.0,0,,,,0.0,,1,0.0,50.0,,,0,1,,2,2.0,50.0,1,0,1,0.0,0,0,0.0,1
Javon Freeman-Liberty,Montréal Alliance,2026-2027,offense,Play types,Foul,5,To Basket,Off Screen > To Shooter's Left > Straight > To Basket > Foul,Off Screen,To Shooter's Left,Straight,To Basket,Foul,,1,50.0,1.0,56.8,0.0,100.0,0,,,,,,0,,100.0,,,0,0,,1,,100.0,0,0,0,,0,0,,1
Javon Freeman-Liberty,Montréal Alliance,2026-2027,offense,Play types,Miss 2 Pts,5,To Basket,Off Screen > To Shooter's Left > Straight > To Basket > Miss 2 Pts,Off Screen,To Shooter's Left,Straight,To Basket,Miss 2 Pts,,1,50.0,0.0,0.0,0.0,0.0,0,,,,0.0,,1,0.0,0.0,,,0,1,,1,0.0,0.0,1,0,1,0.0,0,0,0.0,0
Javon Freeman-Liberty,Montréal Alliance,2026-2027,offense,Play types,Flare,3,To Shooter's Left,Off Screen > To Shooter's Left > Flare,Off Screen,To Shooter's Left,Flare,,,,1,20.0,0.0,0.0,0.0,0.0,1,0.0,,,0.0,,1,0.0,0.0,,,0,1,,1,0.0,0.0,0,0,0,,0,1,1.0,0
Javon Freeman-Liberty,Montréal Alliance,2026-2027,offense,Play types,No Dribble Jumper,4,Flare,Off Screen > To Shooter's Left > Flare > No Dribble Jumper,Off Screen,To Shooter's Left,Flare,No Dribble Jumper,,,1,100.0,0.0,0.0,0.0,0.0,1,0.0,,,0.0,,1,0.0,0.0,,,0,1,,1,0.0,0.0,0,0,0,,0,1,1.0,0
Javon Freeman-Liberty,Montréal Alliance,2026-2027,offense,Play types,Guarded,5,No Dribble Jumper,Off Screen > To Shooter's Left > Flare > No Dribble Jumper > Guarded,Off Screen,To Shooter's Left,Flare,No Dribble Jumper,Guarded,,1,100.0,0.0,0.0,0.0,0.0,1,0.0,,,0.0,,1,0.0,0.0,,,0,1,,1,0.0,0.0,0,0,0,,0,1,1.0,0
Javon Freeman-Liberty,Montréal Alliance,2026-2027,offense,Play types,To Shooter's Right,2,Off Screen,Off Screen > To Shooter's Right,Off Screen,To Shooter's Right,,,,,2,28.6,3.5,126.8,0.0,100.0,1,100.0,,,100.0,,1,150.0,100.0,,,1,0,,3,4.0,100.0,0,0,0,,1,0,1.0,7
Javon Freeman-Liberty,Montréal Alliance,2026-2027,offense,Play types,Straight,3,To Shooter's Right,Off Screen > To Shooter's Right > Straight,Off Screen,To Shooter's Right,Straight,,,,2,100.0,3.5,126.8,0.0,100.0,1,100.0,,,100.0,,1,150.0,100.0,,,1,0,,3,4.0,100.0,0,0,0,,1,0,1.0,7
Javon Freeman-Liberty,Montréal Alliance,2026-2027,offense,Play types,No Dribble Jumper,4,Straight,Off Screen > To Shooter's Right > Straight > No Dribble Jumper,Off Screen,To Shooter's Right,Straight,No Dribble Jumper,,,2,100.0,3.5,126.8,0.0,100.0,1,100.0,,,100.0,,1,150.0,100.0,,,1,0,,3,4.0,100.0,0,0,0,,1,0,1.0,7
Javon Freeman-Liberty,Montréal Alliance,2026-2027,offense,Play types,Guarded,5,No Dribble Jumper,Off Screen > To Shooter's Right > Straight > No Dribble Jumper > Guarded,Off Screen,To Shooter's Right,Straight,No Dribble Jumper,Guarded,,2,100.0,3.5,126.8,0.0,100.0,1,100.0,,,100.0,,1,150.0,100.0,,,1,0,,3,4.0,100.0,0,0,0,,1,0,1.0,7
Javon Freeman-Liberty,Montréal Alliance,2026-2027,offense,Play types,Offensive Rebounds (Put Backs),1,,Offensive Rebounds (Put Backs),Offensive Rebounds (Put Backs),,,,,,6,3.5,1.167,55.4,0.0,33.3,0,,,,60.0,,5,60.0,33.3,,,3,2,,6,0.6,50.0,5,3,2,60.0,0,0,0.0,7
Javon Freeman-Liberty,Montréal Alliance,2026-2027,offense,Play types,Short,2,Offensive Rebounds (Put Backs),Offensive Rebounds (Put Backs) > Short,Offensive Rebounds (Put Backs),Short,,,,,5,83.3,1.0,47.0,0.0,40.0,0,,,,50.0,,4,50.0,40.0,,,2,2,,5,0.75,40.0,4,2,2,50.0,0,0,0.0,5
Javon Freeman-Liberty,Montréal Alliance,2026-2027,offense,Play types,Scoring Attempt,3,Short,Offensive Rebounds (Put Backs) > Short > Scoring Attempt,Offensive Rebounds (Put Backs),Short,Scoring Attempt,,,,5,100.0,1.0,47.0,0.0,40.0,0,,,,50.0,,4,50.0,40.0,,,2,2,,5,0.75,40.0,4,2,2,50.0,0,0,0.0,5
Javon Freeman-Liberty,Montréal Alliance,2026-2027,offense,Play types,At Basket,4,Scoring Attempt,Offensive Rebounds (Put Backs) > Short > Scoring Attempt > At Basket,Offensive Rebounds (Put Backs),Short,Scoring Attempt,At Basket,,,5,100.0,1.0,47.0,0.0,40.0,0,,,,50.0,,4,50.0,40.0,,,2,2,,5,0.75,40.0,4,2,2,50.0,0,0,0.0,5
Javon Freeman-Liberty,Montréal Alliance,2026-2027,offense,Play types,Miss 2 Pts,5,At Basket,Offensive Rebounds (Put Backs) > Short > Scoring Attempt > At Basket > Miss 2 Pts,Offensive Rebounds (Put Backs),Short,Scoring Attempt,At Basket,Miss 2 Pts,,2,40.0,0.0,0.0,0.0,0.0,0,,,,0.0,,2,0.0,0.0,,,0,2,,2,0.0,0.0,2,0,2,0.0,0,0,0.0,0
Javon Freeman-Liberty,Montréal Alliance,2026-2027,offense,Play types,Make 2 Pts,5,At Basket,Offensive Rebounds (Put Backs) > Short > Scoring Attempt > At Basket > Make 2 Pts,Offensive Rebounds (Put Backs),Short,Scoring Attempt,At Basket,Make 2 Pts,,1,20.0,2.0,100.0,0.0,0.0,0,,,,100.0,,1,100.0,0.0,,,1,0,,1,0.0,100.0,1,1,0,100.0,0,0,0.0,2
Javon Freeman-Liberty,Montréal Alliance,2026-2027,offense,Play types,Make 2 Pts Foul,5,At Basket,Offensive Rebounds (Put Backs) > Short > Scoring Attempt > At Basket > Make 2 Pts Foul,Offensive Rebounds (Put Backs),Short,Scoring Attempt,At Basket,Make 2 Pts Foul,,1,20.0,3.0,104.2,0.0,100.0,0,,,,100.0,,1,100.0,100.0,,,1,0,,1,1.0,100.0,1,1,0,100.0,0,0,0.0,3
Javon Freeman-Liberty,Montréal Alliance,2026-2027,offense,Play types,Foul,5,At Basket,Offensive Rebounds (Put Backs) > Short > Scoring Attempt > At Basket > Foul,Offensive Rebounds (Put Backs),Short,Scoring Attempt,At Basket,Foul,,1,20.0,0.0,0.0,0.0,100.0,0,,,,,,0,,100.0,,,0,0,,1,,0.0,0,0,0,,0,0,,0
Javon Freeman-Liberty,Montréal Alliance,2026-2027,offense,Play types,Long,2,Offensive Rebounds (Put Backs),Offensive Rebounds (Put Backs) > Long,Offensive Rebounds (Put Backs),Long,,,,,1,16.7,2.0,100.0,0.0,0.0,0,,,,100.0,,1,100.0,0.0,,,1,0,,1,0.0,100.0,1,1,0,100.0,0,0,0.0,2
Javon Freeman-Liberty,Montréal Alliance,2026-2027,offense,Play types,Scoring Attempt,3,Long,Offensive Rebounds (Put Backs) > Long > Scoring Attempt,Offensive Rebounds (Put Backs),Long,Scoring Attempt,,,,1,100.0,2.0,100.0,0.0,0.0,0,,,,100.0,,1,100.0,0.0,,,1,0,,1,0.0,100.0,1,1,0,100.0,0,0,0.0,2
Javon Freeman-Liberty,Montréal Alliance,2026-2027,offense,Play types,At Basket,4,Scoring Attempt,Offensive Rebounds (Put Backs) > Long > Scoring Attempt > At Basket,Offensive Rebounds (Put Backs),Long,Scoring Attempt,At Basket,,,1,100.0,2.0,100.0,0.0,0.0,0,,,,100.0,,1,100.0,0.0,,,1,0,,1,0.0,100.0,1,1,0,100.0,0,0,0.0,2
Javon Freeman-Liberty,Montréal Alliance,2026-2027,offense,Play types,Make 2 Pts,5,At Basket,Offensive Rebounds (Put Backs) > Long > Scoring Attempt > At Basket > Make 2 Pts,Offensive Rebounds (Put Backs),Long,Scoring Attempt,At Basket,Make 2 Pts,,1,100.0,2.0,100.0,0.0,0.0,0,,,,100.0,,1,100.0,0.0,,,1,0,,1,0.0,100.0,1,1,0,100.0,0,0,0.0,2
Javon Freeman-Liberty,Montréal Alliance,2026-2027,offense,Play types,P&R Roll Man,1,,P&R Roll Man,P&R Roll Man,,,,,,0,0.0,,,,,0,,,,,,0,,,,,0,0,,0,,,0,0,0,,0,0,,0
Javon Freeman-Liberty,Montréal Alliance,2026-2027,offense,Play types,Post-Up,1,,Post-Up,Post-Up,,,,,,0,0.0,,,,,0,,,,,,0,,,,,0,0,,0,,,0,0,0,,0,0,,0
Javon Freeman-Liberty,Montréal Alliance,2026-2027,offense,Overall Drive Direction,Overall,1,,Overall,Overall,,,,,,23,13.3,0.913,58.1,21.7,17.4,4,25.0,,,53.3,,15,56.7,17.4,,,8,7,,18,0.47,47.8,11,7,4,63.6,1,3,0.27,21
Javon Freeman-Liberty,Montréal Alliance,2026-2027,offense,Overall Drive Direction,Drives Right,2,Overall,Overall > Drives Right,Overall,Drives Right,,,,,11,47.8,0.818,43.6,9.1,18.2,3,0.0,,,44.4,,9,44.4,18.2,,,4,5,,10,0.33,45.5,6,4,2,66.7,0,3,0.33,9
Javon Freeman-Liberty,Montréal Alliance,2026-2027,offense,Overall Drive Direction,To Basket,3,Drives Right,Overall > Drives Right > To Basket,Overall,Drives Right,To Basket,,,,8,72.7,1.125,61.5,12.5,25.0,0,,,,66.7,,6,66.7,25.0,,,4,2,,7,0.5,62.5,6,4,2,66.7,0,0,0.0,9
Javon Freeman-Liberty,Montréal Alliance,2026-2027,offense,Overall Drive Direction,Dribble Jumper,3,Drives Right,Overall > Drives Right > Dribble Jumper,Overall,Drives Right,Dribble Jumper,,,,3,27.3,0.0,0.0,0.0,0.0,3,0.0,,,0.0,,3,0.0,0.0,,,0,3,,3,0.0,0.0,0,0,0,,0,3,1.0,0
Javon Freeman-Liberty,Montréal Alliance,2026-2027,offense,Overall Drive Direction,Turnover,3,Drives Right,Overall > Drives Right > Turnover,Overall,Drives Right,Turnover,,,,0,0.0,,,,,0,,,,,,0,,,,,0,0,,0,,,0,0,0,,0,0,,0
Javon Freeman-Liberty,Montréal Alliance,2026-2027,offense,Overall Drive Direction,Foul,3,Drives Right,Overall > Drives Right > Foul,Overall,Drives Right,Foul,,,,0,0.0,,,,,0,,,,,,0,,,,,0,0,,0,,,0,0,0,,0,0,,0
Javon Freeman-Liberty,Montréal Alliance,2026-2027,offense,Overall Drive Direction,Defense Commits,3,Drives Right,Overall > Drives Right > Defense Commits,Overall,Drives Right,Defense Commits,,,,0,0.0,,,,,0,,,,,,0,,,,,0,0,,0,,,0,0,0,,0,0,,0
Javon Freeman-Liberty,Montréal Alliance,2026-2027,offense,Overall Drive Direction,Drives Left,2,Overall,Overall > Drives Left,Overall,Drives Left,,,,,9,39.1,0.667,61.5,44.4,11.1,0,,,,50.0,,4,50.0,11.1,,,2,2,,5,0.5,33.3,4,2,2,50.0,0,0,0.0,6
Javon Freeman-Liberty,Montréal Alliance,2026-2027,offense,Overall Drive Direction,To Basket,3,Drives Left,Overall > Drives Left > To Basket,Overall,Drives Left,To Basket,,,,4,44.4,1.5,77.3,0.0,25.0,0,,,,66.7,,3,66.7,25.0,,,2,1,,4,0.67,75.0,3,2,1,66.7,0,0,0.0,6
Javon Freeman-Liberty,Montréal Alliance,2026-2027,offense,Overall Drive Direction,Turnover,3,Drives Left,Overall > Drives Left > Turnover,Overall,Drives Left,Turnover,,,,2,22.2,0.0,,100.0,0.0,0,,,,,,0,,0.0,,,0,0,,0,,0.0,0,0,0,,0,0,,0
Javon Freeman-Liberty,Montréal Alliance,2026-2027,offense,Overall Drive Direction,Defense Commits,3,Drives Left,Overall > Drives Left > Defense Commits,Overall,Drives Left,Defense Commits,,,,2,22.2,0.0,,100.0,0.0,0,,,,,,0,,0.0,,,0,0,,0,,0.0,0,0,0,,0,0,,0
Javon Freeman-Liberty,Montréal Alliance,2026-2027,offense,Overall Drive Direction,Dribble Jumper,3,Drives Left,Overall > Drives Left > Dribble Jumper,Overall,Drives Left,Dribble Jumper,,,,1,11.1,0.0,0.0,0.0,0.0,0,,,,0.0,,1,0.0,0.0,,,0,1,,1,0.0,0.0,1,0,1,0.0,0,0,0.0,0
Javon Freeman-Liberty,Montréal Alliance,2026-2027,offense,Overall Drive Direction,Foul,3,Drives Left,Overall > Drives Left > Foul,Overall,Drives Left,Foul,,,,0,0.0,,,,,0,,,,,,0,,,,,0,0,,0,,,0,0,0,,0,0,,0
Javon Freeman-Liberty,Montréal Alliance,2026-2027,offense,Overall Drive Direction,Drives Straight,2,Overall,Overall > Drives Straight,Overall,Drives Straight,,,,,3,13.0,2.0,104.2,0.0,33.3,1,100.0,,,100.0,,2,125.0,33.3,,,2,0,,3,1.0,100.0,1,1,0,100.0,1,0,0.5,6
Javon Freeman-Liberty,Montréal Alliance,2026-2027,offense,Overall Drive Direction,To Basket,3,Drives Straight,Overall > Drives Straight > To Basket,Overall,Drives Straight,To Basket,,,,2,66.7,1.5,79.8,0.0,50.0,0,,,,100.0,,1,100.0,50.0,,,1,0,,2,2.0,100.0,1,1,0,100.0,0,0,0.0,3
Javon Freeman-Liberty,Montréal Alliance,2026-2027,offense,Overall Drive Direction,Dribble Jumper,3,Drives Straight,Overall > Drives Straight > Dribble Jumper,Overall,Drives Straight,Dribble Jumper,,,,1,33.3,3.0,150.0,0.0,0.0,1,100.0,,,100.0,,1,150.0,0.0,,,1,0,,1,0.0,100.0,0,0,0,,1,0,1.0,3
Javon Freeman-Liberty,Montréal Alliance,2026-2027,offense,Overall Drive Direction,Turnover,3,Drives Straight,Overall > Drives Straight > Turnover,Overall,Drives Straight,Turnover,,,,0,0.0,,,,,0,,,,,,0,,,,,0,0,,0,,,0,0,0,,0,0,,0
Javon Freeman-Liberty,Montréal Alliance,2026-2027,offense,Overall Drive Direction,Foul,3,Drives Straight,Overall > Drives Straight > Foul,Overall,Drives Straight,Foul,,,,0,0.0,,,,,0,,,,,,0,,,,,0,0,,0,,,0,0,0,,0,0,,0
Javon Freeman-Liberty,Montréal Alliance,2026-2027,offense,Overall Drive Direction,Defense Commits,3,Drives Straight,Overall > Drives Straight > Defense Commits,Overall,Drives Straight,Defense Commits,,,,0,0.0,,,,,0,,,,,,0,,,,,0,0,,0,,,0,0,0,,0,0,,0
Javon Freeman-Liberty,Montréal Alliance,2026-2027,offense,P&R ball handler,P&R Including Passes,1,,P&R Including Passes,P&R Including Passes,,,,,,99,42.9,0.909,53.8,15.2,16.2,29,37.9,Average,50.0,41.4,51.0,70,49.3,16.2,,,29,41,,84,0.44,42.4,41,18,23,43.9,11,18,0.41,90
Javon Freeman-Liberty,Montréal Alliance,2026-2027,offense,P&R ball handler,P&R Ball Handler,2,P&R Including Passes,P&R Including Passes > P&R Ball Handler,P&R Including Passes,P&R Ball Handler,,,,,46,46.5,0.804,52.0,21.7,17.4,9,55.6,,,37.9,,29,46.6,17.4,,,11,18,,36,0.52,39.1,20,6,14,30.0,5,4,0.31,37
Javon Freeman-Liberty,Montréal Alliance,2026-2027,offense,P&R ball handler,High P&R,3,P&R Ball Handler,P&R Including Passes > P&R Ball Handler > High P&R,P&R Including Passes,P&R Ball Handler,High P&R,,,,33,71.7,0.727,48.5,24.2,21.2,5,40.0,,,36.8,,19,42.1,21.2,,,7,12,,25,0.68,39.4,14,5,9,35.7,2,3,0.26,24
Javon Freeman-Liberty,Montréal Alliance,2026-2027,offense,P&R ball handler,Dribble Off Pick,4,High P&R,P&R Including Passes > P&R Ball Handler > High P&R > Dribble Off Pick,P&R Including Passes,P&R Ball Handler,High P&R,Dribble Off Pick,,,29,87.9,0.621,41.4,24.1,24.1,3,0.0,,,31.3,,16,31.3,24.1,,,5,11,,22,0.81,37.9,13,5,8,38.5,0,3,0.19,18
Javon Freeman-Liberty,Montréal Alliance,2026-2027,offense,P&R ball handler,To Basket,5,Dribble Off Pick,P&R Including Passes > P&R Ball Handler > High P&R > Dribble Off Pick > To Basket,P&R Including Passes,P&R Ball Handler,High P&R,Dribble Off Pick,To Basket,,20,69.0,0.9,48.1,5.0,35.0,0,,,,38.5,,13,38.5,35.0,,,5,8,,19,1.0,55.0,13,5,8,38.5,0,0,0.0,18
Javon Freeman-Liberty,Montréal Alliance,2026-2027,offense,P&R ball handler,Miss 2 Pts,6,To Basket,P&R Including Passes > P&R Ball Handler > High P&R > Dribble Off Pick > To Basket > Miss 2 Pts,P&R Including Passes,P&R Ball Handler,High P&R,Dribble Off Pick,To Basket,Miss 2 Pts,8,40.0,0.0,0.0,0.0,0.0,0,,,,0.0,,8,0.0,0.0,,,0,8,,8,0.0,0.0,8,0,8,0.0,0,0,0.0,0
Javon Freeman-Liberty,Montréal Alliance,2026-2027,offense,P&R ball handler,Foul,6,To Basket,P&R Including Passes > P&R Ball Handler > High P&R > Dribble Off Pick > To Basket > Foul,P&R Including Passes,P&R Ball Handler,High P&R,Dribble Off Pick,To Basket,Foul,6,30.0,1.167,66.3,0.0,100.0,0,,,,,,0,,100.0,,,0,0,,5,,100.0,0,0,0,,0,0,,7
Javon Freeman-Liberty,Montréal Alliance,2026-2027,offense,P&R ball handler,Make 2 Pts,6,To Basket,P&R Including Passes > P&R Ball Handler > High P&R > Dribble Off Pick > To Basket > Make 2 Pts,P&R Including Passes,P&R Ball Handler,High P&R,Dribble Off Pick,To Basket,Make 2 Pts,4,20.0,2.0,100.0,0.0,0.0,0,,,,100.0,,4,100.0,0.0,,,4,0,,4,0.0,100.0,4,4,0,100.0,0,0,0.0,8
Javon Freeman-Liberty,Montréal Alliance,2026-2027,offense,P&R ball handler,Turnover,6,To Basket,P&R Including Passes > P&R Ball Handler > High P&R > Dribble Off Pick > To Basket > Turnover,P&R Including Passes,P&R Ball Handler,High P&R,Dribble Off Pick,To Basket,Turnover,1,5.0,0.0,,100.0,0.0,0,,,,,,0,,0.0,,,0,0,,0,,0.0,0,0,0,,0,0,,0
Javon Freeman-Liberty,Montréal Alliance,2026-2027,offense,P&R ball handler,Make 2 Pts Foul,6,To Basket,P&R Including Passes > P&R Ball Handler > High P&R > Dribble Off Pick > To Basket > Make 2 Pts Foul,P&R Including Passes,P&R Ball Handler,High P&R,Dribble Off Pick,To Basket,Make 2 Pts Foul,1,5.0,3.0,104.2,0.0,100.0,0,,,,100.0,,1,100.0,100.0,,,1,0,,1,1.0,100.0,1,1,0,100.0,0,0,0.0,3
Javon Freeman-Liberty,Montréal Alliance,2026-2027,offense,P&R ball handler,Defense Commits,5,Dribble Off Pick,P&R Including Passes > P&R Ball Handler > High P&R > Dribble Off Pick > Defense Commits,P&R Including Passes,P&R Ball Handler,High P&R,Dribble Off Pick,Defense Commits,,4,13.8,0.0,,100.0,0.0,0,,,,,,0,,0.0,,,0,0,,0,,0.0,0,0,0,,0,0,,0
Javon Freeman-Liberty,Montréal Alliance,2026-2027,offense,P&R ball handler,Turnover,6,Defense Commits,P&R Including Passes > P&R Ball Handler > High P&R > Dribble Off Pick > Defense Commits > Turnover,P&R Including Passes,P&R Ball Handler,High P&R,Dribble Off Pick,Defense Commits,Turnover,4,100.0,0.0,,100.0,0.0,0,,,,,,0,,0.0,,,0,0,,0,,0.0,0,0,0,,0,0,,0
Javon Freeman-Liberty,Montréal Alliance,2026-2027,offense,P&R ball handler,Dribble Jumper,5,Dribble Off Pick,P&R Including Passes > P&R Ball Handler > High P&R > Dribble Off Pick > Dribble Jumper,P&R Including Passes,P&R Ball Handler,High P&R,Dribble Off Pick,Dribble Jumper,,3,10.3,0.0,0.0,0.0,0.0,3,0.0,,,0.0,,3,0.0,0.0,,,0,3,,3,0.0,0.0,0,0,0,,0,3,1.0,0
Javon Freeman-Liberty,Montréal Alliance,2026-2027,offense,P&R ball handler,Long/3pt,6,Dribble Jumper,P&R Including Passes > P&R Ball Handler > High P&R > Dribble Off Pick > Dribble Jumper > Long/3pt,P&R Including Passes,P&R Ball Handler,High P&R,Dribble Off Pick,Dribble Jumper,Long/3pt,3,100.0,0.0,0.0,0.0,0.0,3,0.0,,,0.0,,3,0.0,0.0,,,0,3,,3,0.0,0.0,0,0,0,,0,3,1.0,0
Javon Freeman-Liberty,Montréal Alliance,2026-2027,offense,P&R ball handler,Turnover,5,Dribble Off Pick,P&R Including Passes > P&R Ball Handler > High P&R > Dribble Off Pick > Turnover,P&R Including Passes,P&R Ball Handler,High P&R,Dribble Off Pick,Turnover,,2,6.9,0.0,,100.0,0.0,0,,,,,,0,,0.0,,,0,0,,0,,0.0,0,0,0,,0,0,,0
Javon Freeman-Liberty,Montréal Alliance,2026-2027,offense,P&R ball handler,Go Away from Pick,4,High P&R,P&R Including Passes > P&R Ball Handler > High P&R > Go Away from Pick,P&R Including Passes,P&R Ball Handler,High P&R,Go Away from Pick,,,2,6.1,0.0,0.0,50.0,0.0,0,,,,0.0,,1,0.0,0.0,,,0,1,,1,0.0,0.0,1,0,1,0.0,0,0,0.0,0
Javon Freeman-Liberty,Montréal Alliance,2026-2027,offense,P&R ball handler,To Basket,5,Go Away from Pick,P&R Including Passes > P&R Ball Handler > High P&R > Go Away from Pick > To Basket,P&R Including Passes,P&R Ball Handler,High P&R,Go Away from Pick,To Basket,,1,50.0,0.0,0.0,0.0,0.0,0,,,,0.0,,1,0.0,0.0,,,0,1,,1,0.0,0.0,1,0,1,0.0,0,0,0.0,0
Javon Freeman-Liberty,Montréal Alliance,2026-2027,offense,P&R ball handler,Miss 2 Pts,6,To Basket,P&R Including Passes > P&R Ball Handler > High P&R > Go Away from Pick > To Basket > Miss 2 Pts,P&R Including Passes,P&R Ball Handler,High P&R,Go Away from Pick,To Basket,Miss 2 Pts,1,100.0,0.0,0.0,0.0,0.0,0,,,,0.0,,1,0.0,0.0,,,0,1,,1,0.0,0.0,1,0,1,0.0,0,0,0.0,0
Javon Freeman-Liberty,Montréal Alliance,2026-2027,offense,P&R ball handler,Turnover,5,Go Away from Pick,P&R Including Passes > P&R Ball Handler > High P&R > Go Away from Pick > Turnover,P&R Including Passes,P&R Ball Handler,High P&R,Go Away from Pick,Turnover,,1,50.0,0.0,,100.0,0.0,0,,,,,,0,,0.0,,,0,0,,0,,0.0,0,0,0,,0,0,,0
Javon Freeman-Liberty,Montréal Alliance,2026-2027,offense,P&R ball handler,Takes Early Jump Shot,4,High P&R,P&R Including Passes > P&R Ball Handler > High P&R > Takes Early Jump Shot,P&R Including Passes,P&R Ball Handler,High P&R,Takes Early Jump Shot,,,2,6.1,3.0,150.0,0.0,0.0,2,100.0,,,100.0,,2,150.0,0.0,,,2,0,,2,0.0,100.0,0,0,0,,2,0,1.0,6
Javon Freeman-Liberty,Montréal Alliance,2026-2027,offense,P&R ball handler,Dribble Jumper,5,Takes Early Jump Shot,P&R Including Passes > P&R Ball Handler > High P&R > Takes Early Jump Shot > Dribble Jumper,P&R Including Passes,P&R Ball Handler,High P&R,Takes Early Jump Shot,Dribble Jumper,,2,100.0,3.0,150.0,0.0,0.0,2,100.0,,,100.0,,2,150.0,0.0,,,2,0,,2,0.0,100.0,0,0,0,,2,0,1.0,6
Javon Freeman-Liberty,Montréal Alliance,2026-2027,offense,P&R ball handler,Long/3pt,6,Dribble Jumper,P&R Including Passes > P&R Ball Handler > High P&R > Takes Early Jump Shot > Dribble Jumper > Long/3pt,P&R Including Passes,P&R Ball Handler,High P&R,Takes Early Jump Shot,Dribble Jumper,Long/3pt,2,100.0,3.0,150.0,0.0,0.0,2,100.0,,,100.0,,2,150.0,0.0,,,2,0,,2,0.0,100.0,0,0,0,,2,0,1.0,6
Javon Freeman-Liberty,Montréal Alliance,2026-2027,offense,P&R ball handler,Right P&R,3,P&R Ball Handler,P&R Including Passes > P&R Ball Handler > Right P&R,P&R Including Passes,P&R Ball Handler,Right P&R,,,,8,17.4,1.0,68.0,25.0,12.5,2,100.0,,,40.0,,5,60.0,12.5,,,2,3,,6,0.4,37.5,3,0,3,0.0,2,0,0.4,8
Javon Freeman-Liberty,Montréal Alliance,2026-2027,offense,P&R ball handler,Side,4,Right P&R,P&R Including Passes > P&R Ball Handler > Right P&R > Side,P&R Including Passes,P&R Ball Handler,Right P&R,Side,,,6,75.0,0.833,51.2,16.7,16.7,1,100.0,,,25.0,,4,37.5,16.7,,,1,3,,5,0.5,33.3,3,0,3,0.0,1,0,0.25,5
Javon Freeman-Liberty,Montréal Alliance,2026-2027,offense,P&R ball handler,Dribble Off Pick,5,Side,P&R Including Passes > P&R Ball Handler > Right P&R > Side > Dribble Off Pick,P&R Including Passes,P&R Ball Handler,Right P&R,Side,Dribble Off Pick,,6,100.0,0.833,51.2,16.7,16.7,1,100.0,,,25.0,,4,37.5,16.7,,,1,3,,5,0.5,33.3,3,0,3,0.0,1,0,0.25,5
Javon Freeman-Liberty,Montréal Alliance,2026-2027,offense,P&R ball handler,Dribble Jumper,6,Dribble Off Pick,P&R Including Passes > P&R Ball Handler > Right P&R > Side > Dribble Off Pick > Dribble Jumper,P&R Including Passes,P&R Ball Handler,Right P&R,Side,Dribble Off Pick,Dribble Jumper,3,50.0,1.667,86.8,0.0,33.3,1,100.0,,,50.0,,2,75.0,33.3,,,1,1,,3,1.0,66.7,1,0,1,0.0,1,0,0.5,5
Javon Freeman-Liberty,Montréal Alliance,2026-2027,offense,P&R ball handler,To Basket,6,Dribble Off Pick,P&R Including Passes > P&R Ball Handler > Right P&R > Side > Dribble Off Pick > To Basket,P&R Including Passes,P&R Ball Handler,Right P&R,Side,Dribble Off Pick,To Basket,2,33.3,0.0,0.0,0.0,0.0,0,,,,0.0,,2,0.0,0.0,,,0,2,,2,0.0,0.0,2,0,2,0.0,0,0,0.0,0
Javon Freeman-Liberty,Montréal Alliance,2026-2027,offense,P&R ball handler,Defense Commits,6,Dribble Off Pick,P&R Including Passes > P&R Ball Handler > Right P&R > Side > Dribble Off Pick > Defense Commits,P&R Including Passes,P&R Ball Handler,Right P&R,Side,Dribble Off Pick,Defense Commits,1,16.7,0.0,,100.0,0.0,0,,,,,,0,,0.0,,,0,0,,0,,0.0,0,0,0,,0,0,,0
Javon Freeman-Liberty,Montréal Alliance,2026-2027,offense,P&R ball handler,Baseline,4,Right P&R,P&R Including Passes > P&R Ball Handler > Right P&R > Baseline,P&R Including Passes,P&R Ball Handler,Right P&R,Baseline,,,2,25.0,1.5,150.0,50.0,0.0,1,100.0,,,100.0,,1,150.0,0.0,,,1,0,,1,0.0,50.0,0,0,0,,1,0,1.0,3
Javon Freeman-Liberty,Montréal Alliance,2026-2027,offense,P&R ball handler,Dribble Off Pick,5,Baseline,P&R Including Passes > P&R Ball Handler > Right P&R > Baseline > Dribble Off Pick,P&R Including Passes,P&R Ball Handler,Right P&R,Baseline,Dribble Off Pick,,2,100.0,1.5,150.0,50.0,0.0,1,100.0,,,100.0,,1,150.0,0.0,,,1,0,,1,0.0,50.0,0,0,0,,1,0,1.0,3
Javon Freeman-Liberty,Montréal Alliance,2026-2027,offense,P&R ball handler,Defense Commits,6,Dribble Off Pick,P&R Including Passes > P&R Ball Handler > Right P&R > Baseline > Dribble Off Pick > Defense Commits,P&R Including Passes,P&R Ball Handler,Right P&R,Baseline,Dribble Off Pick,Defense Commits,1,50.0,0.0,,100.0,0.0,0,,,,,,0,,0.0,,,0,0,,0,,0.0,0,0,0,,0,0,,0
Javon Freeman-Liberty,Montréal Alliance,2026-2027,offense,P&R ball handler,Dribble Jumper,6,Dribble Off Pick,P&R Including Passes > P&R Ball Handler > Right P&R > Baseline > Dribble Off Pick > Dribble Jumper,P&R Including Passes,P&R Ball Handler,Right P&R,Baseline,Dribble Off Pick,Dribble Jumper,1,50.0,3.0,150.0,0.0,0.0,1,100.0,,,100.0,,1,150.0,0.0,,,1,0,,1,0.0,100.0,0,0,0,,1,0,1.0,3
Javon Freeman-Liberty,Montréal Alliance,2026-2027,offense,P&R ball handler,Left P&R,3,P&R Ball Handler,P&R Including Passes > P&R Ball Handler > Left P&R,P&R Including Passes,P&R Ball Handler,Left P&R,,,,5,10.9,1.0,50.0,0.0,0.0,2,50.0,,,40.0,,5,50.0,0.0,,,2,3,,5,0.0,40.0,3,1,2,33.3,1,1,0.4,5
Javon Freeman-Liberty,Montréal Alliance,2026-2027,offense,P&R ball handler,Side,4,Left P&R,P&R Including Passes > P&R Ball Handler > Left P&R > Side,P&R Including Passes,P&R Ball Handler,Left P&R,Side,,,3,60.0,0.667,33.3,0.0,0.0,1,0.0,,,33.3,,3,33.3,0.0,,,1,2,,3,0.0,33.3,2,1,1,50.0,0,1,0.33,2
Javon Freeman-Liberty,Montréal Alliance,2026-2027,offense,P&R ball handler,Go Away from Pick,5,Side,P&R Including Passes > P&R Ball Handler > Left P&R > Side > Go Away from Pick,P&R Including Passes,P&R Ball Handler,Left P&R,Side,Go Away from Pick,,1,33.3,0.0,0.0,0.0,0.0,0,,,,0.0,,1,0.0,0.0,,,0,1,,1,0.0,0.0,1,0,1,0.0,0,0,0.0,0
Javon Freeman-Liberty,Montréal Alliance,2026-2027,offense,P&R ball handler,To Basket,6,Go Away from Pick,P&R Including Passes > P&R Ball Handler > Left P&R > Side > Go Away from Pick > To Basket,P&R Including Passes,P&R Ball Handler,Left P&R,Side,Go Away from Pick,To Basket,1,100.0,0.0,0.0,0.0,0.0,0,,,,0.0,,1,0.0,0.0,,,0,1,,1,0.0,0.0,1,0,1,0.0,0,0,0.0,0
Javon Freeman-Liberty,Montréal Alliance,2026-2027,offense,P&R ball handler,Dribble Off Pick,5,Side,P&R Including Passes > P&R Ball Handler > Left P&R > Side > Dribble Off Pick,P&R Including Passes,P&R Ball Handler,Left P&R,Side,Dribble Off Pick,,1,33.3,2.0,100.0,0.0,0.0,0,,,,100.0,,1,100.0,0.0,,,1,0,,1,0.0,100.0,1,1,0,100.0,0,0,0.0,2
Javon Freeman-Liberty,Montréal Alliance,2026-2027,offense,P&R ball handler,To Basket,6,Dribble Off Pick,P&R Including Passes > P&R Ball Handler > Left P&R > Side > Dribble Off Pick > To Basket,P&R Including Passes,P&R Ball Handler,Left P&R,Side,Dribble Off Pick,To Basket,1,100.0,2.0,100.0,0.0,0.0,0,,,,100.0,,1,100.0,0.0,,,1,0,,1,0.0,100.0,1,1,0,100.0,0,0,0.0,2
Javon Freeman-Liberty,Montréal Alliance,2026-2027,offense,P&R ball handler,Takes Early Jump Shot,5,Side,P&R Including Passes > P&R Ball Handler > Left P&R > Side > Takes Early Jump Shot,P&R Including Passes,P&R Ball Handler,Left P&R,Side,Takes Early Jump Shot,,1,33.3,0.0,0.0,0.0,0.0,1,0.0,,,0.0,,1,0.0,0.0,,,0,1,,1,0.0,0.0,0,0,0,,0,1,1.0,0
Javon Freeman-Liberty,Montréal Alliance,2026-2027,offense,P&R ball handler,No Dribble Jumper,6,Takes Early Jump Shot,P&R Including Passes > P&R Ball Handler > Left P&R > Side > Takes Early Jump Shot > No Dribble Jumper,P&R Including Passes,P&R Ball Handler,Left P&R,Side,Takes Early Jump Shot,No Dribble Jumper,1,100.0,0.0,0.0,0.0,0.0,1,0.0,,,0.0,,1,0.0,0.0,,,0,1,,1,0.0,0.0,0,0,0,,0,1,1.0,0
Javon Freeman-Liberty,Montréal Alliance,2026-2027,offense,P&R ball handler,Baseline,4,Left P&R,P&R Including Passes > P&R Ball Handler > Left P&R > Baseline,P&R Including Passes,P&R Ball Handler,Left P&R,Baseline,,,2,40.0,1.5,75.0,0.0,0.0,1,100.0,,,50.0,,2,75.0,0.0,,,1,1,,2,0.0,50.0,1,0,1,0.0,1,0,0.5,3
Javon Freeman-Liberty,Montréal Alliance,2026-2027,offense,P&R ball handler,Dribble Off Pick,5,Baseline,P&R Including Passes > P&R Ball Handler > Left P&R > Baseline > Dribble Off Pick,P&R Including Passes,P&R Ball Handler,Left P&R,Baseline,Dribble Off Pick,,1,50.0,0.0,0.0,0.0,0.0,0,,,,0.0,,1,0.0,0.0,,,0,1,,1,0.0,0.0,1,0,1,0.0,0,0,0.0,0
Javon Freeman-Liberty,Montréal Alliance,2026-2027,offense,P&R ball handler,To Basket,6,Dribble Off Pick,P&R Including Passes > P&R Ball Handler > Left P&R > Baseline > Dribble Off Pick > To Basket,P&R Including Passes,P&R Ball Handler,Left P&R,Baseline,Dribble Off Pick,To Basket,1,100.0,0.0,0.0,0.0,0.0,0,,,,0.0,,1,0.0,0.0,,,0,1,,1,0.0,0.0,1,0,1,0.0,0,0,0.0,0
Javon Freeman-Liberty,Montréal Alliance,2026-2027,offense,P&R ball handler,Takes Early Jump Shot,5,Baseline,P&R Including Passes > P&R Ball Handler > Left P&R > Baseline > Takes Early Jump Shot,P&R Including Passes,P&R Ball Handler,Left P&R,Baseline,Takes Early Jump Shot,,1,50.0,3.0,150.0,0.0,0.0,1,100.0,,,100.0,,1,150.0,0.0,,,1,0,,1,0.0,100.0,0,0,0,,1,0,1.0,3
Javon Freeman-Liberty,Montréal Alliance,2026-2027,offense,P&R ball handler,No Dribble Jumper,6,Takes Early Jump Shot,P&R Including Passes > P&R Ball Handler > Left P&R > Baseline > Takes Early Jump Shot > No Dribble Jumper,P&R Including Passes,P&R Ball Handler,Left P&R,Baseline,Takes Early Jump Shot,No Dribble Jumper,1,100.0,3.0,150.0,0.0,0.0,1,100.0,,,100.0,,1,150.0,0.0,,,1,0,,1,0.0,100.0,0,0,0,,1,0,1.0,3
Javon Freeman-Liberty,Montréal Alliance,2026-2027,offense,P&R ball handler,Spot-Up,2,P&R Including Passes,P&R Including Passes > Spot-Up,P&R Including Passes,Spot-Up,,,,,29,29.3,1.034,52.6,3.4,13.8,18,33.3,,,36.0,,25,48.0,13.8,,,9,16,,29,0.32,37.9,7,3,4,42.9,6,12,0.72,30
Javon Freeman-Liberty,Montréal Alliance,2026-2027,offense,P&R ball handler,No Dribble Jumper,3,Spot-Up,P&R Including Passes > Spot-Up > No Dribble Jumper,P&R Including Passes,Spot-Up,No Dribble Jumper,,,,19,65.5,1.053,52.6,0.0,0.0,18,33.3,,,36.8,,19,52.6,0.0,,,7,12,,19,0.0,36.8,1,1,0,100.0,6,12,0.95,20
Javon Freeman-Liberty,Montréal Alliance,2026-2027,offense,P&R ball handler,Guarded,4,No Dribble Jumper,P&R Including Passes > Spot-Up > No Dribble Jumper > Guarded,P&R Including Passes,Spot-Up,No Dribble Jumper,Guarded,,,11,57.9,0.273,13.6,0.0,0.0,11,9.1,,,9.1,,11,13.6,0.0,,,1,10,,11,0.0,9.1,0,0,0,,1,10,1.0,3
Javon Freeman-Liberty,Montréal Alliance,2026-2027,offense,P&R ball handler,Long/3pt,5,Guarded,P&R Including Passes > Spot-Up > No Dribble Jumper > Guarded > Long/3pt,P&R Including Passes,Spot-Up,No Dribble Jumper,Guarded,Long/3pt,,11,100.0,0.273,13.6,0.0,0.0,11,9.1,,,9.1,,11,13.6,0.0,,,1,10,,11,0.0,9.1,0,0,0,,1,10,1.0,3
Javon Freeman-Liberty,Montréal Alliance,2026-2027,offense,P&R ball handler,Miss 3 Pts,6,Long/3pt,P&R Including Passes > Spot-Up > No Dribble Jumper > Guarded > Long/3pt > Miss 3 Pts,P&R Including Passes,Spot-Up,No Dribble Jumper,Guarded,Long/3pt,Miss 3 Pts,10,90.9,0.0,0.0,0.0,0.0,10,0.0,,,0.0,,10,0.0,0.0,,,0,10,,10,0.0,0.0,0,0,0,,0,10,1.0,0
Javon Freeman-Liberty,Montréal Alliance,2026-2027,offense,P&R ball handler,Make 3 Pts,6,Long/3pt,P&R Including Passes > Spot-Up > No Dribble Jumper > Guarded > Long/3pt > Make 3 Pts,P&R Including Passes,Spot-Up,No Dribble Jumper,Guarded,Long/3pt,Make 3 Pts,1,9.1,3.0,150.0,0.0,0.0,1,100.0,,,100.0,,1,150.0,0.0,,,1,0,,1,0.0,100.0,0,0,0,,1,0,1.0,3
Javon Freeman-Liberty,Montréal Alliance,2026-2027,offense,P&R ball handler,Open,4,No Dribble Jumper,P&R Including Passes > Spot-Up > No Dribble Jumper > Open,P&R Including Passes,Spot-Up,No Dribble Jumper,Open,,,8,42.1,2.125,106.3,0.0,0.0,7,71.4,,,75.0,,8,106.3,0.0,,,6,2,,8,0.0,75.0,1,1,0,100.0,5,2,0.88,17
Javon Freeman-Liberty,Montréal Alliance,2026-2027,offense,P&R ball handler,Long/3pt,5,Open,P&R Including Passes > Spot-Up > No Dribble Jumper > Open > Long/3pt,P&R Including Passes,Spot-Up,No Dribble Jumper,Open,Long/3pt,,7,87.5,2.143,107.1,0.0,0.0,7,71.4,,,71.4,,7,107.1,0.0,,,5,2,,7,0.0,71.4,0,0,0,,5,2,1.0,15
Javon Freeman-Liberty,Montréal Alliance,2026-2027,offense,P&R ball handler,Make 3 Pts,6,Long/3pt,P&R Including Passes > Spot-Up > No Dribble Jumper > Open > Long/3pt > Make 3 Pts,P&R Including Passes,Spot-Up,No Dribble Jumper,Open,Long/3pt,Make 3 Pts,5,71.4,3.0,150.0,0.0,0.0,5,100.0,,,100.0,,5,150.0,0.0,,,5,0,,5,0.0,100.0,0,0,0,,5,0,1.0,15
Javon Freeman-Liberty,Montréal Alliance,2026-2027,offense,P&R ball handler,Miss 3 Pts,6,Long/3pt,P&R Including Passes > Spot-Up > No Dribble Jumper > Open > Long/3pt > Miss 3 Pts,P&R Including Passes,Spot-Up,No Dribble Jumper,Open,Long/3pt,Miss 3 Pts,2,28.6,0.0,0.0,0.0,0.0,2,0.0,,,0.0,,2,0.0,0.0,,,0,2,,2,0.0,0.0,0,0,0,,0,2,1.0,0
Javon Freeman-Liberty,Montréal Alliance,2026-2027,offense,P&R ball handler,Medium/17' to 3pt,5,Open,P&R Including Passes > Spot-Up > No Dribble Jumper > Open > Medium/17' to 3pt,P&R Including Passes,Spot-Up,No Dribble Jumper,Open,Medium/17' to 3pt,,1,12.5,2.0,100.0,0.0,0.0,0,,,,100.0,,1,100.0,0.0,,,1,0,,1,0.0,100.0,1,1,0,100.0,0,0,0.0,2
Javon Freeman-Liberty,Montréal Alliance,2026-2027,offense,P&R ball handler,Make 2 Pts,6,Medium/17' to 3pt,P&R Including Passes > Spot-Up > No Dribble Jumper > Open > Medium/17' to 3pt > Make 2 Pts,P&R Including Passes,Spot-Up,No Dribble Jumper,Open,Medium/17' to 3pt,Make 2 Pts,1,100.0,2.0,100.0,0.0,0.0,0,,,,100.0,,1,100.0,0.0,,,1,0,,1,0.0,100.0,1,1,0,100.0,0,0,0.0,2
Javon Freeman-Liberty,Montréal Alliance,2026-2027,offense,P&R ball handler,Drives Right,3,Spot-Up,P&R Including Passes > Spot-Up > Drives Right,P&R Including Passes,Spot-Up,Drives Right,,,,5,17.2,1.6,70.9,0.0,60.0,0,,,,33.3,,3,33.3,60.0,,,1,2,,6,2.0,60.0,3,1,2,33.3,0,0,0.0,8
Javon Freeman-Liberty,Montréal Alliance,2026-2027,offense,P&R ball handler,To Basket,4,Drives Right,P&R Including Passes > Spot-Up > Drives Right > To Basket,P&R Including Passes,Spot-Up,Drives Right,To Basket,,,3,60.0,1.667,75.3,0.0,66.7,0,,,,50.0,,2,50.0,66.7,,,1,1,,3,1.5,66.7,2,1,1,50.0,0,0,0.0,5
Javon Freeman-Liberty,Montréal Alliance,2026-2027,offense,P&R ball handler,Miss 2 Pts,5,To Basket,P&R Including Passes > Spot-Up > Drives Right > To Basket > Miss 2 Pts,P&R Including Passes,Spot-Up,Drives Right,To Basket,Miss 2 Pts,,1,33.3,0.0,0.0,0.0,0.0,0,,,,0.0,,1,0.0,0.0,,,0,1,,1,0.0,0.0,1,0,1,0.0,0,0,0.0,0
Javon Freeman-Liberty,Montréal Alliance,2026-2027,offense,P&R ball handler,Make 2 Pts Foul,5,To Basket,P&R Including Passes > Spot-Up > Drives Right > To Basket > Make 2 Pts Foul,P&R Including Passes,Spot-Up,Drives Right,To Basket,Make 2 Pts Foul,,1,33.3,3.0,104.2,0.0,100.0,0,,,,100.0,,1,100.0,100.0,,,1,0,,1,1.0,100.0,1,1,0,100.0,0,0,0.0,3
Javon Freeman-Liberty,Montréal Alliance,2026-2027,offense,P&R ball handler,1 Pts,6,Make 2 Pts Foul,P&R Including Passes > Spot-Up > Drives Right > To Basket > Make 2 Pts Foul > 1 Pts,P&R Including Passes,Spot-Up,Drives Right,To Basket,Make 2 Pts Foul,1 Pts,1,100.0,3.0,104.2,0.0,100.0,0,,,,100.0,,1,100.0,100.0,,,1,0,,1,1.0,100.0,1,1,0,100.0,0,0,0.0,3
Javon Freeman-Liberty,Montréal Alliance,2026-2027,offense,P&R ball handler,Foul,5,To Basket,P&R Including Passes > Spot-Up > Drives Right > To Basket > Foul,P&R Including Passes,Spot-Up,Drives Right,To Basket,Foul,,1,33.3,2.0,113.6,0.0,100.0,0,,,,,,0,,100.0,,,0,0,,1,,100.0,0,0,0,,0,0,,2
Javon Freeman-Liberty,Montréal Alliance,2026-2027,offense,P&R ball handler,Dribble Jumper,4,Drives Right,P&R Including Passes > Spot-Up > Drives Right > Dribble Jumper,P&R Including Passes,Spot-Up,Drives Right,Dribble Jumper,,,2,40.0,1.5,64.7,0.0,50.0,0,,,,0.0,,1,0.0,50.0,,,0,1,,2,3.0,50.0,1,0,1,0.0,0,0,0.0,3
Javon Freeman-Liberty,Montréal Alliance,2026-2027,offense,P&R ball handler,Short to < 17,5,Dribble Jumper,P&R Including Passes > Spot-Up > Drives Right > Dribble Jumper > Short to < 17,P&R Including Passes,Spot-Up,Drives Right,Dribble Jumper,Short to < 17,,1,50.0,0.0,0.0,0.0,0.0,0,,,,0.0,,1,0.0,0.0,,,0,1,,1,0.0,0.0,1,0,1,0.0,0,0,0.0,0
Javon Freeman-Liberty,Montréal Alliance,2026-2027,offense,P&R ball handler,Miss 2 Pts,6,Short to < 17,P&R Including Passes > Spot-Up > Drives Right > Dribble Jumper > Short to < 17 > Miss 2 Pts,P&R Including Passes,Spot-Up,Drives Right,Dribble Jumper,Short to < 17,Miss 2 Pts,1,100.0,0.0,0.0,0.0,0.0,0,,,,0.0,,1,0.0,0.0,,,0,1,,1,0.0,0.0,1,0,1,0.0,0,0,0.0,0
Javon Freeman-Liberty,Montréal Alliance,2026-2027,offense,P&R ball handler,Long/3pt,5,Dribble Jumper,P&R Including Passes > Spot-Up > Drives Right > Dribble Jumper > Long/3pt,P&R Including Passes,Spot-Up,Drives Right,Dribble Jumper,Long/3pt,,1,50.0,3.0,113.6,0.0,100.0,0,,,,,,0,,100.0,,,0,0,,1,,100.0,0,0,0,,0,0,,3
Javon Freeman-Liberty,Montréal Alliance,2026-2027,offense,P&R ball handler,Foul,6,Long/3pt,P&R Including Passes > Spot-Up > Drives Right > Dribble Jumper > Long/3pt > Foul,P&R Including Passes,Spot-Up,Drives Right,Dribble Jumper,Long/3pt,Foul,1,100.0,3.0,113.6,0.0,100.0,0,,,,,,0,,100.0,,,0,0,,1,,100.0,0,0,0,,0,0,,3
Javon Freeman-Liberty,Montréal Alliance,2026-2027,offense,P&R ball handler,Drives Left,3,Spot-Up,P&R Including Passes > Spot-Up > Drives Left,P&R Including Passes,Spot-Up,Drives Left,,,,4,13.8,0.0,0.0,25.0,25.0,0,,,,0.0,,2,0.0,25.0,,,0,2,,3,1.0,0.0,2,0,2,0.0,0,0,0.0,0
Javon Freeman-Liberty,Montréal Alliance,2026-2027,offense,P&R ball handler,To Basket,4,Drives Left,P&R Including Passes > Spot-Up > Drives Left > To Basket,P&R Including Passes,Spot-Up,Drives Left,To Basket,,,2,50.0,0.0,0.0,0.0,50.0,0,,,,0.0,,1,0.0,50.0,,,0,1,,2,2.0,0.0,1,0,1,0.0,0,0,0.0,0
Javon Freeman-Liberty,Montréal Alliance,2026-2027,offense,P&R ball handler,Foul,5,To Basket,P&R Including Passes > Spot-Up > Drives Left > To Basket > Foul,P&R Including Passes,Spot-Up,Drives Left,To Basket,Foul,,1,50.0,0.0,0.0,0.0,100.0,0,,,,,,0,,100.0,,,0,0,,1,,0.0,0,0,0,,0,0,,0
Javon Freeman-Liberty,Montréal Alliance,2026-2027,offense,P&R ball handler,Miss 2 Pts,5,To Basket,P&R Including Passes > Spot-Up > Drives Left > To Basket > Miss 2 Pts,P&R Including Passes,Spot-Up,Drives Left,To Basket,Miss 2 Pts,,1,50.0,0.0,0.0,0.0,0.0,0,,,,0.0,,1,0.0,0.0,,,0,1,,1,0.0,0.0,1,0,1,0.0,0,0,0.0,0
Javon Freeman-Liberty,Montréal Alliance,2026-2027,offense,P&R ball handler,Turnover,4,Drives Left,P&R Including Passes > Spot-Up > Drives Left > Turnover,P&R Including Passes,Spot-Up,Drives Left,Turnover,,,1,25.0,0.0,,100.0,0.0,0,,,,,,0,,0.0,,,0,0,,0,,0.0,0,0,0,,0,0,,0
Javon Freeman-Liberty,Montréal Alliance,2026-2027,offense,P&R ball handler,Dribble Jumper,4,Drives Left,P&R Including Passes > Spot-Up > Drives Left > Dribble Jumper,P&R Including Passes,Spot-Up,Drives Left,Dribble Jumper,,,1,25.0,0.0,0.0,0.0,0.0,0,,,,0.0,,1,0.0,0.0,,,0,1,,1,0.0,0.0,1,0,1,0.0,0,0,0.0,0
Javon Freeman-Liberty,Montréal Alliance,2026-2027,offense,P&R ball handler,Medium/17' to 3pt,5,Dribble Jumper,P&R Including Passes > Spot-Up > Drives Left > Dribble Jumper > Medium/17' to 3pt,P&R Including Passes,Spot-Up,Drives Left,Dribble Jumper,Medium/17' to 3pt,,1,100.0,0.0,0.0,0.0,0.0,0,,,,0.0,,1,0.0,0.0,,,0,1,,1,0.0,0.0,1,0,1,0.0,0,0,0.0,0
Javon Freeman-Liberty,Montréal Alliance,2026-2027,offense,P&R ball handler,Miss 2 Pts,6,Medium/17' to 3pt,P&R Including Passes > Spot-Up > Drives Left > Dribble Jumper > Medium/17' to 3pt > Miss 2 Pts,P&R Including Passes,Spot-Up,Drives Left,Dribble Jumper,Medium/17' to 3pt,Miss 2 Pts,1,100.0,0.0,0.0,0.0,0.0,0,,,,0.0,,1,0.0,0.0,,,0,1,,1,0.0,0.0,1,0,1,0.0,0,0,0.0,0
Javon Freeman-Liberty,Montréal Alliance,2026-2027,offense,P&R ball handler,Drives Straight,3,Spot-Up,P&R Including Passes > Spot-Up > Drives Straight,P&R Including Passes,Spot-Up,Drives Straight,,,,1,3.4,2.0,100.0,0.0,0.0,0,,,,100.0,,1,100.0,0.0,,,1,0,,1,0.0,100.0,1,1,0,100.0,0,0,0.0,2
Javon Freeman-Liberty,Montréal Alliance,2026-2027,offense,P&R ball handler,To Basket,4,Drives Straight,P&R Including Passes > Spot-Up > Drives Straight > To Basket,P&R Including Passes,Spot-Up,Drives Straight,To Basket,,,1,100.0,2.0,100.0,0.0,0.0,0,,,,100.0,,1,100.0,0.0,,,1,0,,1,0.0,100.0,1,1,0,100.0,0,0,0.0,2
Javon Freeman-Liberty,Montréal Alliance,2026-2027,offense,P&R ball handler,Make 2 Pts,5,To Basket,P&R Including Passes > Spot-Up > Drives Straight > To Basket > Make 2 Pts,P&R Including Passes,Spot-Up,Drives Straight,To Basket,Make 2 Pts,,1,100.0,2.0,100.0,0.0,0.0,0,,,,100.0,,1,100.0,0.0,,,1,0,,1,0.0,100.0,1,1,0,100.0,0,0,0.0,2
Javon Freeman-Liberty,Montréal Alliance,2026-2027,offense,P&R ball handler,P&R Roll Man,2,P&R Including Passes,P&R Including Passes > P&R Roll Man,P&R Including Passes,P&R Roll Man,,,,,19,19.2,0.895,51.5,10.5,21.1,2,0.0,,,46.2,,13,46.2,21.1,,,6,7,,17,0.62,52.6,11,6,5,54.5,0,2,0.15,17
Javon Freeman-Liberty,Montréal Alliance,2026-2027,offense,P&R ball handler,Rolls to Basket,3,P&R Roll Man,P&R Including Passes > P&R Roll Man > Rolls to Basket,P&R Including Passes,P&R Roll Man,Rolls to Basket,,,,10,52.6,1.2,69.4,10.0,30.0,0,,,,66.7,,6,66.7,30.0,,,4,2,,9,1.0,70.0,6,4,2,66.7,0,0,0.0,12
Javon Freeman-Liberty,Montréal Alliance,2026-2027,offense,P&R ball handler,Make 2 Pts,4,Rolls to Basket,P&R Including Passes > P&R Roll Man > Rolls to Basket > Make 2 Pts,P&R Including Passes,P&R Roll Man,Rolls to Basket,Make 2 Pts,,,4,40.0,2.0,100.0,0.0,0.0,0,,,,100.0,,4,100.0,0.0,,,4,0,,4,0.0,100.0,4,4,0,100.0,0,0,0.0,8
Javon Freeman-Liberty,Montréal Alliance,2026-2027,offense,P&R ball handler,Foul,4,Rolls to Basket,P&R Including Passes > P&R Roll Man > Rolls to Basket > Foul,P&R Including Passes,P&R Roll Man,Rolls to Basket,Foul,,,3,30.0,1.333,75.8,0.0,100.0,0,,,,,,0,,100.0,,,0,0,,3,,100.0,0,0,0,,0,0,,4
Javon Freeman-Liberty,Montréal Alliance,2026-2027,offense,P&R ball handler,Miss 2 Pts,4,Rolls to Basket,P&R Including Passes > P&R Roll Man > Rolls to Basket > Miss 2 Pts,P&R Including Passes,P&R Roll Man,Rolls to Basket,Miss 2 Pts,,,2,20.0,0.0,0.0,0.0,0.0,0,,,,0.0,,2,0.0,0.0,,,0,2,,2,0.0,0.0,2,0,2,0.0,0,0,0.0,0
Javon Freeman-Liberty,Montréal Alliance,2026-2027,offense,P&R ball handler,Turnover,4,Rolls to Basket,P&R Including Passes > P&R Roll Man > Rolls to Basket > Turnover,P&R Including Passes,P&R Roll Man,Rolls to Basket,Turnover,,,1,10.0,0.0,,100.0,0.0,0,,,,,,0,,0.0,,,0,0,,0,,0.0,0,0,0,,0,0,,0
Javon Freeman-Liberty,Montréal Alliance,2026-2027,offense,P&R ball handler,Slips the Pick,3,P&R Roll Man,P&R Including Passes > P&R Roll Man > Slips the Pick,P&R Including Passes,P&R Roll Man,Slips the Pick,,,,7,36.8,0.714,36.3,0.0,14.3,1,0.0,,,33.3,,6,33.3,14.3,,,2,4,,7,0.33,42.9,5,2,3,40.0,0,1,0.17,5
Javon Freeman-Liberty,Montréal Alliance,2026-2027,offense,P&R ball handler,To Basket,4,Slips the Pick,P&R Including Passes > P&R Roll Man > Slips the Pick > To Basket,P&R Including Passes,P&R Roll Man,Slips the Pick,To Basket,,,6,85.7,0.833,42.5,0.0,16.7,0,,,,40.0,,5,40.0,16.7,,,2,3,,6,0.4,50.0,5,2,3,40.0,0,0,0.0,5
Javon Freeman-Liberty,Montréal Alliance,2026-2027,offense,P&R ball handler,Miss 2 Pts,5,To Basket,P&R Including Passes > P&R Roll Man > Slips the Pick > To Basket > Miss 2 Pts,P&R Including Passes,P&R Roll Man,Slips the Pick,To Basket,Miss 2 Pts,,3,50.0,0.0,0.0,0.0,0.0,0,,,,0.0,,3,0.0,0.0,,,0,3,,3,0.0,0.0,3,0,3,0.0,0,0,0.0,0
Javon Freeman-Liberty,Montréal Alliance,2026-2027,offense,P&R ball handler,Make 2 Pts,5,To Basket,P&R Including Passes > P&R Roll Man > Slips the Pick > To Basket > Make 2 Pts,P&R Including Passes,P&R Roll Man,Slips the Pick,To Basket,Make 2 Pts,,2,33.3,2.0,100.0,0.0,0.0,0,,,,100.0,,2,100.0,0.0,,,2,0,,2,0.0,100.0,2,2,0,100.0,0,0,0.0,4
Javon Freeman-Liberty,Montréal Alliance,2026-2027,offense,P&R ball handler,Foul,5,To Basket,P&R Including Passes > P&R Roll Man > Slips the Pick > To Basket > Foul,P&R Including Passes,P&R Roll Man,Slips the Pick,To Basket,Foul,,1,16.7,1.0,56.8,0.0,100.0,0,,,,,,0,,100.0,,,0,0,,1,,100.0,0,0,0,,0,0,,1
Javon Freeman-Liberty,Montréal Alliance,2026-2027,offense,P&R ball handler,Dribble Jumper,4,Slips the Pick,P&R Including Passes > P&R Roll Man > Slips the Pick > Dribble Jumper,P&R Including Passes,P&R Roll Man,Slips the Pick,Dribble Jumper,,,1,14.3,0.0,0.0,0.0,0.0,1,0.0,,,0.0,,1,0.0,0.0,,,0,1,,1,0.0,0.0,0,0,0,,0,1,1.0,0
Javon Freeman-Liberty,Montréal Alliance,2026-2027,offense,P&R ball handler,Long/3pt,5,Dribble Jumper,P&R Including Passes > P&R Roll Man > Slips the Pick > Dribble Jumper > Long/3pt,P&R Including Passes,P&R Roll Man,Slips the Pick,Dribble Jumper,Long/3pt,,1,100.0,0.0,0.0,0.0,0.0,1,0.0,,,0.0,,1,0.0,0.0,,,0,1,,1,0.0,0.0,0,0,0,,0,1,1.0,0
Javon Freeman-Liberty,Montréal Alliance,2026-2027,offense,P&R ball handler,Miss 3 Pts,6,Long/3pt,P&R Including Passes > P&R Roll Man > Slips the Pick > Dribble Jumper > Long/3pt > Miss 3 Pts,P&R Including Passes,P&R Roll Man,Slips the Pick,Dribble Jumper,Long/3pt,Miss 3 Pts,1,100.0,0.0,0.0,0.0,0.0,1,0.0,,,0.0,,1,0.0,0.0,,,0,1,,1,0.0,0.0,0,0,0,,0,1,1.0,0
Javon Freeman-Liberty,Montréal Alliance,2026-2027,offense,P&R ball handler,Pick and Pops,3,P&R Roll Man,P&R Including Passes > P&R Roll Man > Pick and Pops,P&R Including Passes,P&R Roll Man,Pick and Pops,,,,2,10.5,0.0,0.0,50.0,0.0,1,0.0,,,0.0,,1,0.0,0.0,,,0,1,,1,0.0,0.0,0,0,0,,0,1,1.0,0
Javon Freeman-Liberty,Montréal Alliance,2026-2027,offense,P&R ball handler,Turnover,4,Pick and Pops,P&R Including Passes > P&R Roll Man > Pick and Pops > Turnover,P&R Including Passes,P&R Roll Man,Pick and Pops,Turnover,,,1,50.0,0.0,,100.0,0.0,0,,,,,,0,,0.0,,,0,0,,0,,0.0,0,0,0,,0,0,,0
Javon Freeman-Liberty,Montréal Alliance,2026-2027,offense,P&R ball handler,No Dribble Jumper,4,Pick and Pops,P&R Including Passes > P&R Roll Man > Pick and Pops > No Dribble Jumper,P&R Including Passes,P&R Roll Man,Pick and Pops,No Dribble Jumper,,,1,50.0,0.0,0.0,0.0,0.0,1,0.0,,,0.0,,1,0.0,0.0,,,0,1,,1,0.0,0.0,0,0,0,,0,1,1.0,0
Javon Freeman-Liberty,Montréal Alliance,2026-2027,offense,P&R ball handler,Open,5,No Dribble Jumper,P&R Including Passes > P&R Roll Man > Pick and Pops > No Dribble Jumper > Open,P&R Including Passes,P&R Roll Man,Pick and Pops,No Dribble Jumper,Open,,1,100.0,0.0,0.0,0.0,0.0,1,0.0,,,0.0,,1,0.0,0.0,,,0,1,,1,0.0,0.0,0,0,0,,0,1,1.0,0
Javon Freeman-Liberty,Montréal Alliance,2026-2027,offense,P&R ball handler,Long/3pt,6,Open,P&R Including Passes > P&R Roll Man > Pick and Pops > No Dribble Jumper > Open > Long/3pt,P&R Including Passes,P&R Roll Man,Pick and Pops,No Dribble Jumper,Open,Long/3pt,1,100.0,0.0,0.0,0.0,0.0,1,0.0,,,0.0,,1,0.0,0.0,,,0,1,,1,0.0,0.0,0,0,0,,0,1,1.0,0
Javon Freeman-Liberty,Montréal Alliance,2026-2027,offense,P&R ball handler,Cut,2,P&R Including Passes,P&R Including Passes > Cut,P&R Including Passes,Cut,,,,,5,5.1,1.2,100.0,40.0,0.0,0,,,,100.0,,3,100.0,0.0,,,3,0,,3,0.0,60.0,3,3,0,100.0,0,0,0.0,6
Javon Freeman-Liberty,Montréal Alliance,2026-2027,offense,P&R ball handler,Basket,3,Cut,P&R Including Passes > Cut > Basket,P&R Including Passes,Cut,Basket,,,,3,60.0,0.667,100.0,66.7,0.0,0,,,,100.0,,1,100.0,0.0,,,1,0,,1,0.0,33.3,1,1,0,100.0,0,0,0.0,2
Javon Freeman-Liberty,Montréal Alliance,2026-2027,offense,P&R ball handler,Turnover,4,Basket,P&R Including Passes > Cut > Basket > Turnover,P&R Including Passes,Cut,Basket,Turnover,,,2,66.7,0.0,,100.0,0.0,0,,,,,,0,,0.0,,,0,0,,0,,0.0,0,0,0,,0,0,,0
Javon Freeman-Liberty,Montréal Alliance,2026-2027,offense,P&R ball handler,Make 2 Pts,4,Basket,P&R Including Passes > Cut > Basket > Make 2 Pts,P&R Including Passes,Cut,Basket,Make 2 Pts,,,1,33.3,2.0,100.0,0.0,0.0,0,,,,100.0,,1,100.0,0.0,,,1,0,,1,0.0,100.0,1,1,0,100.0,0,0,0.0,2
Javon Freeman-Liberty,Montréal Alliance,2026-2027,offense,P&R ball handler,Screen,3,Cut,P&R Including Passes > Cut > Screen,P&R Including Passes,Cut,Screen,,,,1,20.0,2.0,100.0,0.0,0.0,0,,,,100.0,,1,100.0,0.0,,,1,0,,1,0.0,100.0,1,1,0,100.0,0,0,0.0,2
Javon Freeman-Liberty,Montréal Alliance,2026-2027,offense,P&R ball handler,Make 2 Pts,4,Screen,P&R Including Passes > Cut > Screen > Make 2 Pts,P&R Including Passes,Cut,Screen,Make 2 Pts,,,1,100.0,2.0,100.0,0.0,0.0,0,,,,100.0,,1,100.0,0.0,,,1,0,,1,0.0,100.0,1,1,0,100.0,0,0,0.0,2
Javon Freeman-Liberty,Montréal Alliance,2026-2027,offense,P&R ball handler,Flash,3,Cut,P&R Including Passes > Cut > Flash,P&R Including Passes,Cut,Flash,,,,1,20.0,2.0,100.0,0.0,0.0,0,,,,100.0,,1,100.0,0.0,,,1,0,,1,0.0,100.0,1,1,0,100.0,0,0,0.0,2
Javon Freeman-Liberty,Montréal Alliance,2026-2027,offense,P&R ball handler,Make 2 Pts,4,Flash,P&R Including Passes > Cut > Flash > Make 2 Pts,P&R Including Passes,Cut,Flash,Make 2 Pts,,,1,100.0,2.0,100.0,0.0,0.0,0,,,,100.0,,1,100.0,0.0,,,1,0,,1,0.0,100.0,1,1,0,100.0,0,0,0.0,2
Javon Freeman-Liberty,Montréal Alliance,2026-2027,offense,P&R ball handler,P&R BH - Defense Commits,1,,P&R BH - Defense Commits,P&R BH - Defense Commits,,,,,,59,25.5,0.898,55.2,18.6,13.6,20,30.0,Good,52.0,43.9,46.0,41,51.2,13.6,,,18,23,,48,0.39,40.7,21,12,9,57.1,6,14,0.49,53
Javon Freeman-Liberty,Montréal Alliance,2026-2027,offense,P&R ball handler,Spot-Up,2,P&R BH - Defense Commits,P&R BH - Defense Commits > Spot-Up,P&R BH - Defense Commits,Spot-Up,,,,,29,49.2,1.034,52.6,3.4,13.8,18,33.3,,,36.0,,25,48.0,13.8,,,9,16,,29,0.32,37.9,7,3,4,42.9,6,12,0.72,30
Javon Freeman-Liberty,Montréal Alliance,2026-2027,offense,P&R ball handler,No Dribble Jumper,3,Spot-Up,P&R BH - Defense Commits > Spot-Up > No Dribble Jumper,P&R BH - Defense Commits,Spot-Up,No Dribble Jumper,,,,19,65.5,1.053,52.6,0.0,0.0,18,33.3,,,36.8,,19,52.6,0.0,,,7,12,,19,0.0,36.8,1,1,0,100.0,6,12,0.95,20
Javon Freeman-Liberty,Montréal Alliance,2026-2027,offense,P&R ball handler,Guarded,4,No Dribble Jumper,P&R BH - Defense Commits > Spot-Up > No Dribble Jumper > Guarded,P&R BH - Defense Commits,Spot-Up,No Dribble Jumper,Guarded,,,11,57.9,0.273,13.6,0.0,0.0,11,9.1,,,9.1,,11,13.6,0.0,,,1,10,,11,0.0,9.1,0,0,0,,1,10,1.0,3
Javon Freeman-Liberty,Montréal Alliance,2026-2027,offense,P&R ball handler,Long/3pt,5,Guarded,P&R BH - Defense Commits > Spot-Up > No Dribble Jumper > Guarded > Long/3pt,P&R BH - Defense Commits,Spot-Up,No Dribble Jumper,Guarded,Long/3pt,,11,100.0,0.273,13.6,0.0,0.0,11,9.1,,,9.1,,11,13.6,0.0,,,1,10,,11,0.0,9.1,0,0,0,,1,10,1.0,3
Javon Freeman-Liberty,Montréal Alliance,2026-2027,offense,P&R ball handler,Miss 3 Pts,6,Long/3pt,P&R BH - Defense Commits > Spot-Up > No Dribble Jumper > Guarded > Long/3pt > Miss 3 Pts,P&R BH - Defense Commits,Spot-Up,No Dribble Jumper,Guarded,Long/3pt,Miss 3 Pts,10,90.9,0.0,0.0,0.0,0.0,10,0.0,,,0.0,,10,0.0,0.0,,,0,10,,10,0.0,0.0,0,0,0,,0,10,1.0,0
Javon Freeman-Liberty,Montréal Alliance,2026-2027,offense,P&R ball handler,Make 3 Pts,6,Long/3pt,P&R BH - Defense Commits > Spot-Up > No Dribble Jumper > Guarded > Long/3pt > Make 3 Pts,P&R BH - Defense Commits,Spot-Up,No Dribble Jumper,Guarded,Long/3pt,Make 3 Pts,1,9.1,3.0,150.0,0.0,0.0,1,100.0,,,100.0,,1,150.0,0.0,,,1,0,,1,0.0,100.0,0,0,0,,1,0,1.0,3
Javon Freeman-Liberty,Montréal Alliance,2026-2027,offense,P&R ball handler,Open,4,No Dribble Jumper,P&R BH - Defense Commits > Spot-Up > No Dribble Jumper > Open,P&R BH - Defense Commits,Spot-Up,No Dribble Jumper,Open,,,8,42.1,2.125,106.3,0.0,0.0,7,71.4,,,75.0,,8,106.3,0.0,,,6,2,,8,0.0,75.0,1,1,0,100.0,5,2,0.88,17
Javon Freeman-Liberty,Montréal Alliance,2026-2027,offense,P&R ball handler,Long/3pt,5,Open,P&R BH - Defense Commits > Spot-Up > No Dribble Jumper > Open > Long/3pt,P&R BH - Defense Commits,Spot-Up,No Dribble Jumper,Open,Long/3pt,,7,87.5,2.143,107.1,0.0,0.0,7,71.4,,,71.4,,7,107.1,0.0,,,5,2,,7,0.0,71.4,0,0,0,,5,2,1.0,15
Javon Freeman-Liberty,Montréal Alliance,2026-2027,offense,P&R ball handler,Make 3 Pts,6,Long/3pt,P&R BH - Defense Commits > Spot-Up > No Dribble Jumper > Open > Long/3pt > Make 3 Pts,P&R BH - Defense Commits,Spot-Up,No Dribble Jumper,Open,Long/3pt,Make 3 Pts,5,71.4,3.0,150.0,0.0,0.0,5,100.0,,,100.0,,5,150.0,0.0,,,5,0,,5,0.0,100.0,0,0,0,,5,0,1.0,15
Javon Freeman-Liberty,Montréal Alliance,2026-2027,offense,P&R ball handler,Miss 3 Pts,6,Long/3pt,P&R BH - Defense Commits > Spot-Up > No Dribble Jumper > Open > Long/3pt > Miss 3 Pts,P&R BH - Defense Commits,Spot-Up,No Dribble Jumper,Open,Long/3pt,Miss 3 Pts,2,28.6,0.0,0.0,0.0,0.0,2,0.0,,,0.0,,2,0.0,0.0,,,0,2,,2,0.0,0.0,0,0,0,,0,2,1.0,0
Javon Freeman-Liberty,Montréal Alliance,2026-2027,offense,P&R ball handler,Medium/17' to 3pt,5,Open,P&R BH - Defense Commits > Spot-Up > No Dribble Jumper > Open > Medium/17' to 3pt,P&R BH - Defense Commits,Spot-Up,No Dribble Jumper,Open,Medium/17' to 3pt,,1,12.5,2.0,100.0,0.0,0.0,0,,,,100.0,,1,100.0,0.0,,,1,0,,1,0.0,100.0,1,1,0,100.0,0,0,0.0,2
Javon Freeman-Liberty,Montréal Alliance,2026-2027,offense,P&R ball handler,Make 2 Pts,6,Medium/17' to 3pt,P&R BH - Defense Commits > Spot-Up > No Dribble Jumper > Open > Medium/17' to 3pt > Make 2 Pts,P&R BH - Defense Commits,Spot-Up,No Dribble Jumper,Open,Medium/17' to 3pt,Make 2 Pts,1,100.0,2.0,100.0,0.0,0.0,0,,,,100.0,,1,100.0,0.0,,,1,0,,1,0.0,100.0,1,1,0,100.0,0,0,0.0,2
Javon Freeman-Liberty,Montréal Alliance,2026-2027,offense,P&R ball handler,Drives Right,3,Spot-Up,P&R BH - Defense Commits > Spot-Up > Drives Right,P&R BH - Defense Commits,Spot-Up,Drives Right,,,,5,17.2,1.6,70.9,0.0,60.0,0,,,,33.3,,3,33.3,60.0,,,1,2,,6,2.0,60.0,3,1,2,33.3,0,0,0.0,8
Javon Freeman-Liberty,Montréal Alliance,2026-2027,offense,P&R ball handler,To Basket,4,Drives Right,P&R BH - Defense Commits > Spot-Up > Drives Right > To Basket,P&R BH - Defense Commits,Spot-Up,Drives Right,To Basket,,,3,60.0,1.667,75.3,0.0,66.7,0,,,,50.0,,2,50.0,66.7,,,1,1,,3,1.5,66.7,2,1,1,50.0,0,0,0.0,5
Javon Freeman-Liberty,Montréal Alliance,2026-2027,offense,P&R ball handler,Miss 2 Pts,5,To Basket,P&R BH - Defense Commits > Spot-Up > Drives Right > To Basket > Miss 2 Pts,P&R BH - Defense Commits,Spot-Up,Drives Right,To Basket,Miss 2 Pts,,1,33.3,0.0,0.0,0.0,0.0,0,,,,0.0,,1,0.0,0.0,,,0,1,,1,0.0,0.0,1,0,1,0.0,0,0,0.0,0
Javon Freeman-Liberty,Montréal Alliance,2026-2027,offense,P&R ball handler,Make 2 Pts Foul,5,To Basket,P&R BH - Defense Commits > Spot-Up > Drives Right > To Basket > Make 2 Pts Foul,P&R BH - Defense Commits,Spot-Up,Drives Right,To Basket,Make 2 Pts Foul,,1,33.3,3.0,104.2,0.0,100.0,0,,,,100.0,,1,100.0,100.0,,,1,0,,1,1.0,100.0,1,1,0,100.0,0,0,0.0,3
Javon Freeman-Liberty,Montréal Alliance,2026-2027,offense,P&R ball handler,1 Pts,6,Make 2 Pts Foul,P&R BH - Defense Commits > Spot-Up > Drives Right > To Basket > Make 2 Pts Foul > 1 Pts,P&R BH - Defense Commits,Spot-Up,Drives Right,To Basket,Make 2 Pts Foul,1 Pts,1,100.0,3.0,104.2,0.0,100.0,0,,,,100.0,,1,100.0,100.0,,,1,0,,1,1.0,100.0,1,1,0,100.0,0,0,0.0,3
Javon Freeman-Liberty,Montréal Alliance,2026-2027,offense,P&R ball handler,Foul,5,To Basket,P&R BH - Defense Commits > Spot-Up > Drives Right > To Basket > Foul,P&R BH - Defense Commits,Spot-Up,Drives Right,To Basket,Foul,,1,33.3,2.0,113.6,0.0,100.0,0,,,,,,0,,100.0,,,0,0,,1,,100.0,0,0,0,,0,0,,2
Javon Freeman-Liberty,Montréal Alliance,2026-2027,offense,P&R ball handler,Dribble Jumper,4,Drives Right,P&R BH - Defense Commits > Spot-Up > Drives Right > Dribble Jumper,P&R BH - Defense Commits,Spot-Up,Drives Right,Dribble Jumper,,,2,40.0,1.5,64.7,0.0,50.0,0,,,,0.0,,1,0.0,50.0,,,0,1,,2,3.0,50.0,1,0,1,0.0,0,0,0.0,3
Javon Freeman-Liberty,Montréal Alliance,2026-2027,offense,P&R ball handler,Short to < 17,5,Dribble Jumper,P&R BH - Defense Commits > Spot-Up > Drives Right > Dribble Jumper > Short to < 17,P&R BH - Defense Commits,Spot-Up,Drives Right,Dribble Jumper,Short to < 17,,1,50.0,0.0,0.0,0.0,0.0,0,,,,0.0,,1,0.0,0.0,,,0,1,,1,0.0,0.0,1,0,1,0.0,0,0,0.0,0
Javon Freeman-Liberty,Montréal Alliance,2026-2027,offense,P&R ball handler,Miss 2 Pts,6,Short to < 17,P&R BH - Defense Commits > Spot-Up > Drives Right > Dribble Jumper > Short to < 17 > Miss 2 Pts,P&R BH - Defense Commits,Spot-Up,Drives Right,Dribble Jumper,Short to < 17,Miss 2 Pts,1,100.0,0.0,0.0,0.0,0.0,0,,,,0.0,,1,0.0,0.0,,,0,1,,1,0.0,0.0,1,0,1,0.0,0,0,0.0,0
Javon Freeman-Liberty,Montréal Alliance,2026-2027,offense,P&R ball handler,Long/3pt,5,Dribble Jumper,P&R BH - Defense Commits > Spot-Up > Drives Right > Dribble Jumper > Long/3pt,P&R BH - Defense Commits,Spot-Up,Drives Right,Dribble Jumper,Long/3pt,,1,50.0,3.0,113.6,0.0,100.0,0,,,,,,0,,100.0,,,0,0,,1,,100.0,0,0,0,,0,0,,3
Javon Freeman-Liberty,Montréal Alliance,2026-2027,offense,P&R ball handler,Foul,6,Long/3pt,P&R BH - Defense Commits > Spot-Up > Drives Right > Dribble Jumper > Long/3pt > Foul,P&R BH - Defense Commits,Spot-Up,Drives Right,Dribble Jumper,Long/3pt,Foul,1,100.0,3.0,113.6,0.0,100.0,0,,,,,,0,,100.0,,,0,0,,1,,100.0,0,0,0,,0,0,,3
Javon Freeman-Liberty,Montréal Alliance,2026-2027,offense,P&R ball handler,Drives Left,3,Spot-Up,P&R BH - Defense Commits > Spot-Up > Drives Left,P&R BH - Defense Commits,Spot-Up,Drives Left,,,,4,13.8,0.0,0.0,25.0,25.0,0,,,,0.0,,2,0.0,25.0,,,0,2,,3,1.0,0.0,2,0,2,0.0,0,0,0.0,0
Javon Freeman-Liberty,Montréal Alliance,2026-2027,offense,P&R ball handler,To Basket,4,Drives Left,P&R BH - Defense Commits > Spot-Up > Drives Left > To Basket,P&R BH - Defense Commits,Spot-Up,Drives Left,To Basket,,,2,50.0,0.0,0.0,0.0,50.0,0,,,,0.0,,1,0.0,50.0,,,0,1,,2,2.0,0.0,1,0,1,0.0,0,0,0.0,0
Javon Freeman-Liberty,Montréal Alliance,2026-2027,offense,P&R ball handler,Miss 2 Pts,5,To Basket,P&R BH - Defense Commits > Spot-Up > Drives Left > To Basket > Miss 2 Pts,P&R BH - Defense Commits,Spot-Up,Drives Left,To Basket,Miss 2 Pts,,1,50.0,0.0,0.0,0.0,0.0,0,,,,0.0,,1,0.0,0.0,,,0,1,,1,0.0,0.0,1,0,1,0.0,0,0,0.0,0
Javon Freeman-Liberty,Montréal Alliance,2026-2027,offense,P&R ball handler,Foul,5,To Basket,P&R BH - Defense Commits > Spot-Up > Drives Left > To Basket > Foul,P&R BH - Defense Commits,Spot-Up,Drives Left,To Basket,Foul,,1,50.0,0.0,0.0,0.0,100.0,0,,,,,,0,,100.0,,,0,0,,1,,0.0,0,0,0,,0,0,,0
Javon Freeman-Liberty,Montréal Alliance,2026-2027,offense,P&R ball handler,Turnover,4,Drives Left,P&R BH - Defense Commits > Spot-Up > Drives Left > Turnover,P&R BH - Defense Commits,Spot-Up,Drives Left,Turnover,,,1,25.0,0.0,,100.0,0.0,0,,,,,,0,,0.0,,,0,0,,0,,0.0,0,0,0,,0,0,,0
Javon Freeman-Liberty,Montréal Alliance,2026-2027,offense,P&R ball handler,Dribble Jumper,4,Drives Left,P&R BH - Defense Commits > Spot-Up > Drives Left > Dribble Jumper,P&R BH - Defense Commits,Spot-Up,Drives Left,Dribble Jumper,,,1,25.0,0.0,0.0,0.0,0.0,0,,,,0.0,,1,0.0,0.0,,,0,1,,1,0.0,0.0,1,0,1,0.0,0,0,0.0,0
Javon Freeman-Liberty,Montréal Alliance,2026-2027,offense,P&R ball handler,Medium/17' to 3pt,5,Dribble Jumper,P&R BH - Defense Commits > Spot-Up > Drives Left > Dribble Jumper > Medium/17' to 3pt,P&R BH - Defense Commits,Spot-Up,Drives Left,Dribble Jumper,Medium/17' to 3pt,,1,100.0,0.0,0.0,0.0,0.0,0,,,,0.0,,1,0.0,0.0,,,0,1,,1,0.0,0.0,1,0,1,0.0,0,0,0.0,0
Javon Freeman-Liberty,Montréal Alliance,2026-2027,offense,P&R ball handler,Miss 2 Pts,6,Medium/17' to 3pt,P&R BH - Defense Commits > Spot-Up > Drives Left > Dribble Jumper > Medium/17' to 3pt > Miss 2 Pts,P&R BH - Defense Commits,Spot-Up,Drives Left,Dribble Jumper,Medium/17' to 3pt,Miss 2 Pts,1,100.0,0.0,0.0,0.0,0.0,0,,,,0.0,,1,0.0,0.0,,,0,1,,1,0.0,0.0,1,0,1,0.0,0,0,0.0,0
Javon Freeman-Liberty,Montréal Alliance,2026-2027,offense,P&R ball handler,Drives Straight,3,Spot-Up,P&R BH - Defense Commits > Spot-Up > Drives Straight,P&R BH - Defense Commits,Spot-Up,Drives Straight,,,,1,3.4,2.0,100.0,0.0,0.0,0,,,,100.0,,1,100.0,0.0,,,1,0,,1,0.0,100.0,1,1,0,100.0,0,0,0.0,2
Javon Freeman-Liberty,Montréal Alliance,2026-2027,offense,P&R ball handler,To Basket,4,Drives Straight,P&R BH - Defense Commits > Spot-Up > Drives Straight > To Basket,P&R BH - Defense Commits,Spot-Up,Drives Straight,To Basket,,,1,100.0,2.0,100.0,0.0,0.0,0,,,,100.0,,1,100.0,0.0,,,1,0,,1,0.0,100.0,1,1,0,100.0,0,0,0.0,2
Javon Freeman-Liberty,Montréal Alliance,2026-2027,offense,P&R ball handler,Make 2 Pts,5,To Basket,P&R BH - Defense Commits > Spot-Up > Drives Straight > To Basket > Make 2 Pts,P&R BH - Defense Commits,Spot-Up,Drives Straight,To Basket,Make 2 Pts,,1,100.0,2.0,100.0,0.0,0.0,0,,,,100.0,,1,100.0,0.0,,,1,0,,1,0.0,100.0,1,1,0,100.0,0,0,0.0,2
Javon Freeman-Liberty,Montréal Alliance,2026-2027,offense,P&R ball handler,P&R Roll Man,2,P&R BH - Defense Commits,P&R BH - Defense Commits > P&R Roll Man,P&R BH - Defense Commits,P&R Roll Man,,,,,19,32.2,0.895,51.5,10.5,21.1,2,0.0,,,46.2,,13,46.2,21.1,,,6,7,,17,0.62,52.6,11,6,5,54.5,0,2,0.15,17
Javon Freeman-Liberty,Montréal Alliance,2026-2027,offense,P&R ball handler,Rolls to Basket,3,P&R Roll Man,P&R BH - Defense Commits > P&R Roll Man > Rolls to Basket,P&R BH - Defense Commits,P&R Roll Man,Rolls to Basket,,,,10,52.6,1.2,69.4,10.0,30.0,0,,,,66.7,,6,66.7,30.0,,,4,2,,9,1.0,70.0,6,4,2,66.7,0,0,0.0,12
Javon Freeman-Liberty,Montréal Alliance,2026-2027,offense,P&R ball handler,Make 2 Pts,4,Rolls to Basket,P&R BH - Defense Commits > P&R Roll Man > Rolls to Basket > Make 2 Pts,P&R BH - Defense Commits,P&R Roll Man,Rolls to Basket,Make 2 Pts,,,4,40.0,2.0,100.0,0.0,0.0,0,,,,100.0,,4,100.0,0.0,,,4,0,,4,0.0,100.0,4,4,0,100.0,0,0,0.0,8
Javon Freeman-Liberty,Montréal Alliance,2026-2027,offense,P&R ball handler,Foul,4,Rolls to Basket,P&R BH - Defense Commits > P&R Roll Man > Rolls to Basket > Foul,P&R BH - Defense Commits,P&R Roll Man,Rolls to Basket,Foul,,,3,30.0,1.333,75.8,0.0,100.0,0,,,,,,0,,100.0,,,0,0,,3,,100.0,0,0,0,,0,0,,4
Javon Freeman-Liberty,Montréal Alliance,2026-2027,offense,P&R ball handler,Miss 2 Pts,4,Rolls to Basket,P&R BH - Defense Commits > P&R Roll Man > Rolls to Basket > Miss 2 Pts,P&R BH - Defense Commits,P&R Roll Man,Rolls to Basket,Miss 2 Pts,,,2,20.0,0.0,0.0,0.0,0.0,0,,,,0.0,,2,0.0,0.0,,,0,2,,2,0.0,0.0,2,0,2,0.0,0,0,0.0,0
Javon Freeman-Liberty,Montréal Alliance,2026-2027,offense,P&R ball handler,Turnover,4,Rolls to Basket,P&R BH - Defense Commits > P&R Roll Man > Rolls to Basket > Turnover,P&R BH - Defense Commits,P&R Roll Man,Rolls to Basket,Turnover,,,1,10.0,0.0,,100.0,0.0,0,,,,,,0,,0.0,,,0,0,,0,,0.0,0,0,0,,0,0,,0
Javon Freeman-Liberty,Montréal Alliance,2026-2027,offense,P&R ball handler,Slips the Pick,3,P&R Roll Man,P&R BH - Defense Commits > P&R Roll Man > Slips the Pick,P&R BH - Defense Commits,P&R Roll Man,Slips the Pick,,,,7,36.8,0.714,36.3,0.0,14.3,1,0.0,,,33.3,,6,33.3,14.3,,,2,4,,7,0.33,42.9,5,2,3,40.0,0,1,0.17,5
Javon Freeman-Liberty,Montréal Alliance,2026-2027,offense,P&R ball handler,To Basket,4,Slips the Pick,P&R BH - Defense Commits > P&R Roll Man > Slips the Pick > To Basket,P&R BH - Defense Commits,P&R Roll Man,Slips the Pick,To Basket,,,6,85.7,0.833,42.5,0.0,16.7,0,,,,40.0,,5,40.0,16.7,,,2,3,,6,0.4,50.0,5,2,3,40.0,0,0,0.0,5
Javon Freeman-Liberty,Montréal Alliance,2026-2027,offense,P&R ball handler,Miss 2 Pts,5,To Basket,P&R BH - Defense Commits > P&R Roll Man > Slips the Pick > To Basket > Miss 2 Pts,P&R BH - Defense Commits,P&R Roll Man,Slips the Pick,To Basket,Miss 2 Pts,,3,50.0,0.0,0.0,0.0,0.0,0,,,,0.0,,3,0.0,0.0,,,0,3,,3,0.0,0.0,3,0,3,0.0,0,0,0.0,0
Javon Freeman-Liberty,Montréal Alliance,2026-2027,offense,P&R ball handler,Make 2 Pts,5,To Basket,P&R BH - Defense Commits > P&R Roll Man > Slips the Pick > To Basket > Make 2 Pts,P&R BH - Defense Commits,P&R Roll Man,Slips the Pick,To Basket,Make 2 Pts,,2,33.3,2.0,100.0,0.0,0.0,0,,,,100.0,,2,100.0,0.0,,,2,0,,2,0.0,100.0,2,2,0,100.0,0,0,0.0,4
Javon Freeman-Liberty,Montréal Alliance,2026-2027,offense,P&R ball handler,Foul,5,To Basket,P&R BH - Defense Commits > P&R Roll Man > Slips the Pick > To Basket > Foul,P&R BH - Defense Commits,P&R Roll Man,Slips the Pick,To Basket,Foul,,1,16.7,1.0,56.8,0.0,100.0,0,,,,,,0,,100.0,,,0,0,,1,,100.0,0,0,0,,0,0,,1
Javon Freeman-Liberty,Montréal Alliance,2026-2027,offense,P&R ball handler,Dribble Jumper,4,Slips the Pick,P&R BH - Defense Commits > P&R Roll Man > Slips the Pick > Dribble Jumper,P&R BH - Defense Commits,P&R Roll Man,Slips the Pick,Dribble Jumper,,,1,14.3,0.0,0.0,0.0,0.0,1,0.0,,,0.0,,1,0.0,0.0,,,0,1,,1,0.0,0.0,0,0,0,,0,1,1.0,0
Javon Freeman-Liberty,Montréal Alliance,2026-2027,offense,P&R ball handler,Long/3pt,5,Dribble Jumper,P&R BH - Defense Commits > P&R Roll Man > Slips the Pick > Dribble Jumper > Long/3pt,P&R BH - Defense Commits,P&R Roll Man,Slips the Pick,Dribble Jumper,Long/3pt,,1,100.0,0.0,0.0,0.0,0.0,1,0.0,,,0.0,,1,0.0,0.0,,,0,1,,1,0.0,0.0,0,0,0,,0,1,1.0,0
Javon Freeman-Liberty,Montréal Alliance,2026-2027,offense,P&R ball handler,Miss 3 Pts,6,Long/3pt,P&R BH - Defense Commits > P&R Roll Man > Slips the Pick > Dribble Jumper > Long/3pt > Miss 3 Pts,P&R BH - Defense Commits,P&R Roll Man,Slips the Pick,Dribble Jumper,Long/3pt,Miss 3 Pts,1,100.0,0.0,0.0,0.0,0.0,1,0.0,,,0.0,,1,0.0,0.0,,,0,1,,1,0.0,0.0,0,0,0,,0,1,1.0,0
Javon Freeman-Liberty,Montréal Alliance,2026-2027,offense,P&R ball handler,Pick and Pops,3,P&R Roll Man,P&R BH - Defense Commits > P&R Roll Man > Pick and Pops,P&R BH - Defense Commits,P&R Roll Man,Pick and Pops,,,,2,10.5,0.0,0.0,50.0,0.0,1,0.0,,,0.0,,1,0.0,0.0,,,0,1,,1,0.0,0.0,0,0,0,,0,1,1.0,0
Javon Freeman-Liberty,Montréal Alliance,2026-2027,offense,P&R ball handler,Turnover,4,Pick and Pops,P&R BH - Defense Commits > P&R Roll Man > Pick and Pops > Turnover,P&R BH - Defense Commits,P&R Roll Man,Pick and Pops,Turnover,,,1,50.0,0.0,,100.0,0.0,0,,,,,,0,,0.0,,,0,0,,0,,0.0,0,0,0,,0,0,,0
Javon Freeman-Liberty,Montréal Alliance,2026-2027,offense,P&R ball handler,No Dribble Jumper,4,Pick and Pops,P&R BH - Defense Commits > P&R Roll Man > Pick and Pops > No Dribble Jumper,P&R BH - Defense Commits,P&R Roll Man,Pick and Pops,No Dribble Jumper,,,1,50.0,0.0,0.0,0.0,0.0,1,0.0,,,0.0,,1,0.0,0.0,,,0,1,,1,0.0,0.0,0,0,0,,0,1,1.0,0
Javon Freeman-Liberty,Montréal Alliance,2026-2027,offense,P&R ball handler,Open,5,No Dribble Jumper,P&R BH - Defense Commits > P&R Roll Man > Pick and Pops > No Dribble Jumper > Open,P&R BH - Defense Commits,P&R Roll Man,Pick and Pops,No Dribble Jumper,Open,,1,100.0,0.0,0.0,0.0,0.0,1,0.0,,,0.0,,1,0.0,0.0,,,0,1,,1,0.0,0.0,0,0,0,,0,1,1.0,0
Javon Freeman-Liberty,Montréal Alliance,2026-2027,offense,P&R ball handler,Long/3pt,6,Open,P&R BH - Defense Commits > P&R Roll Man > Pick and Pops > No Dribble Jumper > Open > Long/3pt,P&R BH - Defense Commits,P&R Roll Man,Pick and Pops,No Dribble Jumper,Open,Long/3pt,1,100.0,0.0,0.0,0.0,0.0,1,0.0,,,0.0,,1,0.0,0.0,,,0,1,,1,0.0,0.0,0,0,0,,0,1,1.0,0
Javon Freeman-Liberty,Montréal Alliance,2026-2027,offense,P&R ball handler,P&R Ball Handler,2,P&R BH - Defense Commits,P&R BH - Defense Commits > P&R Ball Handler,P&R BH - Defense Commits,P&R Ball Handler,,,,,6,10.2,0.0,,100.0,0.0,0,,,,,,0,,0.0,,,0,0,,0,,0.0,0,0,0,,0,0,,0
Javon Freeman-Liberty,Montréal Alliance,2026-2027,offense,P&R ball handler,High P&R,3,P&R Ball Handler,P&R BH - Defense Commits > P&R Ball Handler > High P&R,P&R BH - Defense Commits,P&R Ball Handler,High P&R,,,,4,66.7,0.0,,100.0,0.0,0,,,,,,0,,0.0,,,0,0,,0,,0.0,0,0,0,,0,0,,0
Javon Freeman-Liberty,Montréal Alliance,2026-2027,offense,P&R ball handler,Dribble Off Pick,4,High P&R,P&R BH - Defense Commits > P&R Ball Handler > High P&R > Dribble Off Pick,P&R BH - Defense Commits,P&R Ball Handler,High P&R,Dribble Off Pick,,,4,100.0,0.0,,100.0,0.0,0,,,,,,0,,0.0,,,0,0,,0,,0.0,0,0,0,,0,0,,0
Javon Freeman-Liberty,Montréal Alliance,2026-2027,offense,P&R ball handler,Defense Commits,5,Dribble Off Pick,P&R BH - Defense Commits > P&R Ball Handler > High P&R > Dribble Off Pick > Defense Commits,P&R BH - Defense Commits,P&R Ball Handler,High P&R,Dribble Off Pick,Defense Commits,,4,100.0,0.0,,100.0,0.0,0,,,,,,0,,0.0,,,0,0,,0,,0.0,0,0,0,,0,0,,0
Javon Freeman-Liberty,Montréal Alliance,2026-2027,offense,P&R ball handler,Turnover,6,Defense Commits,P&R BH - Defense Commits > P&R Ball Handler > High P&R > Dribble Off Pick > Defense Commits > Turnover,P&R BH - Defense Commits,P&R Ball Handler,High P&R,Dribble Off Pick,Defense Commits,Turnover,4,100.0,0.0,,100.0,0.0,0,,,,,,0,,0.0,,,0,0,,0,,0.0,0,0,0,,0,0,,0
Javon Freeman-Liberty,Montréal Alliance,2026-2027,offense,P&R ball handler,Right P&R,3,P&R Ball Handler,P&R BH - Defense Commits > P&R Ball Handler > Right P&R,P&R BH - Defense Commits,P&R Ball Handler,Right P&R,,,,2,33.3,0.0,,100.0,0.0,0,,,,,,0,,0.0,,,0,0,,0,,0.0,0,0,0,,0,0,,0
Javon Freeman-Liberty,Montréal Alliance,2026-2027,offense,P&R ball handler,Side,4,Right P&R,P&R BH - Defense Commits > P&R Ball Handler > Right P&R > Side,P&R BH - Defense Commits,P&R Ball Handler,Right P&R,Side,,,1,50.0,0.0,,100.0,0.0,0,,,,,,0,,0.0,,,0,0,,0,,0.0,0,0,0,,0,0,,0
Javon Freeman-Liberty,Montréal Alliance,2026-2027,offense,P&R ball handler,Dribble Off Pick,5,Side,P&R BH - Defense Commits > P&R Ball Handler > Right P&R > Side > Dribble Off Pick,P&R BH - Defense Commits,P&R Ball Handler,Right P&R,Side,Dribble Off Pick,,1,100.0,0.0,,100.0,0.0,0,,,,,,0,,0.0,,,0,0,,0,,0.0,0,0,0,,0,0,,0
Javon Freeman-Liberty,Montréal Alliance,2026-2027,offense,P&R ball handler,Defense Commits,6,Dribble Off Pick,P&R BH - Defense Commits > P&R Ball Handler > Right P&R > Side > Dribble Off Pick > Defense Commits,P&R BH - Defense Commits,P&R Ball Handler,Right P&R,Side,Dribble Off Pick,Defense Commits,1,100.0,0.0,,100.0,0.0,0,,,,,,0,,0.0,,,0,0,,0,,0.0,0,0,0,,0,0,,0
Javon Freeman-Liberty,Montréal Alliance,2026-2027,offense,P&R ball handler,Baseline,4,Right P&R,P&R BH - Defense Commits > P&R Ball Handler > Right P&R > Baseline,P&R BH - Defense Commits,P&R Ball Handler,Right P&R,Baseline,,,1,50.0,0.0,,100.0,0.0,0,,,,,,0,,0.0,,,0,0,,0,,0.0,0,0,0,,0,0,,0
Javon Freeman-Liberty,Montréal Alliance,2026-2027,offense,P&R ball handler,Dribble Off Pick,5,Baseline,P&R BH - Defense Commits > P&R Ball Handler > Right P&R > Baseline > Dribble Off Pick,P&R BH - Defense Commits,P&R Ball Handler,Right P&R,Baseline,Dribble Off Pick,,1,100.0,0.0,,100.0,0.0,0,,,,,,0,,0.0,,,0,0,,0,,0.0,0,0,0,,0,0,,0
Javon Freeman-Liberty,Montréal Alliance,2026-2027,offense,P&R ball handler,Defense Commits,6,Dribble Off Pick,P&R BH - Defense Commits > P&R Ball Handler > Right P&R > Baseline > Dribble Off Pick > Defense Commits,P&R BH - Defense Commits,P&R Ball Handler,Right P&R,Baseline,Dribble Off Pick,Defense Commits,1,100.0,0.0,,100.0,0.0,0,,,,,,0,,0.0,,,0,0,,0,,0.0,0,0,0,,0,0,,0
Javon Freeman-Liberty,Montréal Alliance,2026-2027,offense,P&R ball handler,Cut,2,P&R BH - Defense Commits,P&R BH - Defense Commits > Cut,P&R BH - Defense Commits,Cut,,,,,5,8.5,1.2,100.0,40.0,0.0,0,,,,100.0,,3,100.0,0.0,,,3,0,,3,0.0,60.0,3,3,0,100.0,0,0,0.0,6
Javon Freeman-Liberty,Montréal Alliance,2026-2027,offense,P&R ball handler,Basket,3,Cut,P&R BH - Defense Commits > Cut > Basket,P&R BH - Defense Commits,Cut,Basket,,,,3,60.0,0.667,100.0,66.7,0.0,0,,,,100.0,,1,100.0,0.0,,,1,0,,1,0.0,33.3,1,1,0,100.0,0,0,0.0,2
Javon Freeman-Liberty,Montréal Alliance,2026-2027,offense,P&R ball handler,Turnover,4,Basket,P&R BH - Defense Commits > Cut > Basket > Turnover,P&R BH - Defense Commits,Cut,Basket,Turnover,,,2,66.7,0.0,,100.0,0.0,0,,,,,,0,,0.0,,,0,0,,0,,0.0,0,0,0,,0,0,,0
Javon Freeman-Liberty,Montréal Alliance,2026-2027,offense,P&R ball handler,Make 2 Pts,4,Basket,P&R BH - Defense Commits > Cut > Basket > Make 2 Pts,P&R BH - Defense Commits,Cut,Basket,Make 2 Pts,,,1,33.3,2.0,100.0,0.0,0.0,0,,,,100.0,,1,100.0,0.0,,,1,0,,1,0.0,100.0,1,1,0,100.0,0,0,0.0,2
Javon Freeman-Liberty,Montréal Alliance,2026-2027,offense,P&R ball handler,Screen,3,Cut,P&R BH - Defense Commits > Cut > Screen,P&R BH - Defense Commits,Cut,Screen,,,,1,20.0,2.0,100.0,0.0,0.0,0,,,,100.0,,1,100.0,0.0,,,1,0,,1,0.0,100.0,1,1,0,100.0,0,0,0.0,2
Javon Freeman-Liberty,Montréal Alliance,2026-2027,offense,P&R ball handler,Make 2 Pts,4,Screen,P&R BH - Defense Commits > Cut > Screen > Make 2 Pts,P&R BH - Defense Commits,Cut,Screen,Make 2 Pts,,,1,100.0,2.0,100.0,0.0,0.0,0,,,,100.0,,1,100.0,0.0,,,1,0,,1,0.0,100.0,1,1,0,100.0,0,0,0.0,2
Javon Freeman-Liberty,Montréal Alliance,2026-2027,offense,P&R ball handler,Flash,3,Cut,P&R BH - Defense Commits > Cut > Flash,P&R BH - Defense Commits,Cut,Flash,,,,1,20.0,2.0,100.0,0.0,0.0,0,,,,100.0,,1,100.0,0.0,,,1,0,,1,0.0,100.0,1,1,0,100.0,0,0,0.0,2
Javon Freeman-Liberty,Montréal Alliance,2026-2027,offense,P&R ball handler,Make 2 Pts,4,Flash,P&R BH - Defense Commits > Cut > Flash > Make 2 Pts,P&R BH - Defense Commits,Cut,Flash,Make 2 Pts,,,1,100.0,2.0,100.0,0.0,0.0,0,,,,100.0,,1,100.0,0.0,,,1,0,,1,0.0,100.0,1,1,0,100.0,0,0,0.0,2
Javon Freeman-Liberty,Montréal Alliance,2026-2027,offense,P&R ball handler,P&R BH - Traps,1,,P&R BH - Traps,P&R BH - Traps,,,,,,0,0.0,,,,,0,,,,,,0,,,,,0,0,,0,,,0,0,0,,0,0,,0
Javon Freeman-Liberty,Montréal Alliance,2026-2027,offense,Isolation,ISO Including Passes,1,,ISO Including Passes,ISO Including Passes,,,,,,28,12.1,1.179,67.0,10.7,10.7,12,50.0,Excellent,87.0,54.5,81.0,22,68.2,10.7,,,12,10,,25,0.27,50.0,10,6,4,60.0,6,6,0.55,33
Javon Freeman-Liberty,Montréal Alliance,2026-2027,offense,Isolation,Isolation,2,ISO Including Passes,ISO Including Passes > Isolation,ISO Including Passes,Isolation,,,,,15,53.6,1.133,72.3,20.0,13.3,4,50.0,,,60.0,,10,70.0,13.3,,,6,4,,12,0.4,53.3,6,4,2,66.7,2,2,0.4,17
Javon Freeman-Liberty,Montréal Alliance,2026-2027,offense,Isolation,Top,3,Isolation,ISO Including Passes > Isolation > Top,ISO Including Passes,Isolation,Top,,,,8,53.3,1.125,76.5,25.0,12.5,0,,,,80.0,,5,80.0,12.5,,,4,1,,6,0.4,62.5,5,4,1,80.0,0,0,0.0,9
Javon Freeman-Liberty,Montréal Alliance,2026-2027,offense,Isolation,Drives Right,4,Top,ISO Including Passes > Isolation > Top > Drives Right,ISO Including Passes,Isolation,Top,Drives Right,,,5,62.5,1.4,71.7,0.0,20.0,0,,,,75.0,,4,75.0,20.0,,,3,1,,5,0.5,80.0,4,3,1,75.0,0,0,0.0,7
Javon Freeman-Liberty,Montréal Alliance,2026-2027,offense,Isolation,To Basket,5,Drives Right,ISO Including Passes > Isolation > Top > Drives Right > To Basket,ISO Including Passes,Isolation,Top,Drives Right,To Basket,,5,100.0,1.4,71.7,0.0,20.0,0,,,,75.0,,4,75.0,20.0,,,3,1,,5,0.5,80.0,4,3,1,75.0,0,0,0.0,7
Javon Freeman-Liberty,Montréal Alliance,2026-2027,offense,Isolation,Make 2 Pts,6,To Basket,ISO Including Passes > Isolation > Top > Drives Right > To Basket > Make 2 Pts,ISO Including Passes,Isolation,Top,Drives Right,To Basket,Make 2 Pts,3,60.0,2.0,100.0,0.0,0.0,0,,,,100.0,,3,100.0,0.0,,,3,0,,3,0.0,100.0,3,3,0,100.0,0,0,0.0,6
Javon Freeman-Liberty,Montréal Alliance,2026-2027,offense,Isolation,Foul,6,To Basket,ISO Including Passes > Isolation > Top > Drives Right > To Basket > Foul,ISO Including Passes,Isolation,Top,Drives Right,To Basket,Foul,1,20.0,1.0,56.8,0.0,100.0,0,,,,,,0,,100.0,,,0,0,,1,,100.0,0,0,0,,0,0,,1
Javon Freeman-Liberty,Montréal Alliance,2026-2027,offense,Isolation,Miss 2 Pts,6,To Basket,ISO Including Passes > Isolation > Top > Drives Right > To Basket > Miss 2 Pts,ISO Including Passes,Isolation,Top,Drives Right,To Basket,Miss 2 Pts,1,20.0,0.0,0.0,0.0,0.0,0,,,,0.0,,1,0.0,0.0,,,0,1,,1,0.0,0.0,1,0,1,0.0,0,0,0.0,0
Javon Freeman-Liberty,Montréal Alliance,2026-2027,offense,Isolation,Drives Left,4,Top,ISO Including Passes > Isolation > Top > Drives Left,ISO Including Passes,Isolation,Top,Drives Left,,,3,37.5,0.667,100.0,66.7,0.0,0,,,,100.0,,1,100.0,0.0,,,1,0,,1,0.0,33.3,1,1,0,100.0,0,0,0.0,2
Javon Freeman-Liberty,Montréal Alliance,2026-2027,offense,Isolation,Defense Commits,5,Drives Left,ISO Including Passes > Isolation > Top > Drives Left > Defense Commits,ISO Including Passes,Isolation,Top,Drives Left,Defense Commits,,2,66.7,0.0,,100.0,0.0,0,,,,,,0,,0.0,,,0,0,,0,,0.0,0,0,0,,0,0,,0
Javon Freeman-Liberty,Montréal Alliance,2026-2027,offense,Isolation,Turnover,6,Defense Commits,ISO Including Passes > Isolation > Top > Drives Left > Defense Commits > Turnover,ISO Including Passes,Isolation,Top,Drives Left,Defense Commits,Turnover,2,100.0,0.0,,100.0,0.0,0,,,,,,0,,0.0,,,0,0,,0,,0.0,0,0,0,,0,0,,0
Javon Freeman-Liberty,Montréal Alliance,2026-2027,offense,Isolation,To Basket,5,Drives Left,ISO Including Passes > Isolation > Top > Drives Left > To Basket,ISO Including Passes,Isolation,Top,Drives Left,To Basket,,1,33.3,2.0,100.0,0.0,0.0,0,,,,100.0,,1,100.0,0.0,,,1,0,,1,0.0,100.0,1,1,0,100.0,0,0,0.0,2
Javon Freeman-Liberty,Montréal Alliance,2026-2027,offense,Isolation,Make 2 Pts,6,To Basket,ISO Including Passes > Isolation > Top > Drives Left > To Basket > Make 2 Pts,ISO Including Passes,Isolation,Top,Drives Left,To Basket,Make 2 Pts,1,100.0,2.0,100.0,0.0,0.0,0,,,,100.0,,1,100.0,0.0,,,1,0,,1,0.0,100.0,1,1,0,100.0,0,0,0.0,2
Javon Freeman-Liberty,Montréal Alliance,2026-2027,offense,Isolation,Left,3,Isolation,ISO Including Passes > Isolation > Left,ISO Including Passes,Isolation,Left,,,,4,26.7,1.25,64.4,0.0,25.0,2,50.0,,,33.3,,3,50.0,25.0,,,1,2,,4,0.67,50.0,1,0,1,0.0,1,1,0.67,5
Javon Freeman-Liberty,Montréal Alliance,2026-2027,offense,Isolation,Drives Left,4,Left,ISO Including Passes > Isolation > Left > Drives Left,ISO Including Passes,Isolation,Left,Drives Left,,,2,50.0,1.0,53.2,0.0,50.0,0,,,,0.0,,1,0.0,50.0,,,0,1,,2,2.0,50.0,1,0,1,0.0,0,0,0.0,2
Javon Freeman-Liberty,Montréal Alliance,2026-2027,offense,Isolation,To Basket,5,Drives Left,ISO Including Passes > Isolation > Left > Drives Left > To Basket,ISO Including Passes,Isolation,Left,Drives Left,To Basket,,2,100.0,1.0,53.2,0.0,50.0,0,,,,0.0,,1,0.0,50.0,,,0,1,,2,2.0,50.0,1,0,1,0.0,0,0,0.0,2
Javon Freeman-Liberty,Montréal Alliance,2026-2027,offense,Isolation,Foul,6,To Basket,ISO Including Passes > Isolation > Left > Drives Left > To Basket > Foul,ISO Including Passes,Isolation,Left,Drives Left,To Basket,Foul,1,50.0,2.0,113.6,0.0,100.0,0,,,,,,0,,100.0,,,0,0,,1,,100.0,0,0,0,,0,0,,2
Javon Freeman-Liberty,Montréal Alliance,2026-2027,offense,Isolation,Miss 2 Pts,6,To Basket,ISO Including Passes > Isolation > Left > Drives Left > To Basket > Miss 2 Pts,ISO Including Passes,Isolation,Left,Drives Left,To Basket,Miss 2 Pts,1,50.0,0.0,0.0,0.0,0.0,0,,,,0.0,,1,0.0,0.0,,,0,1,,1,0.0,0.0,1,0,1,0.0,0,0,0.0,0
Javon Freeman-Liberty,Montréal Alliance,2026-2027,offense,Isolation,Drives Right,4,Left,ISO Including Passes > Isolation > Left > Drives Right,ISO Including Passes,Isolation,Left,Drives Right,,,1,25.0,0.0,0.0,0.0,0.0,1,0.0,,,0.0,,1,0.0,0.0,,,0,1,,1,0.0,0.0,0,0,0,,0,1,1.0,0
Javon Freeman-Liberty,Montréal Alliance,2026-2027,offense,Isolation,Dribble Jumper,5,Drives Right,ISO Including Passes > Isolation > Left > Drives Right > Dribble Jumper,ISO Including Passes,Isolation,Left,Drives Right,Dribble Jumper,,1,100.0,0.0,0.0,0.0,0.0,1,0.0,,,0.0,,1,0.0,0.0,,,0,1,,1,0.0,0.0,0,0,0,,0,1,1.0,0
Javon Freeman-Liberty,Montréal Alliance,2026-2027,offense,Isolation,Long/3pt,6,Dribble Jumper,ISO Including Passes > Isolation > Left > Drives Right > Dribble Jumper > Long/3pt,ISO Including Passes,Isolation,Left,Drives Right,Dribble Jumper,Long/3pt,1,100.0,0.0,0.0,0.0,0.0,1,0.0,,,0.0,,1,0.0,0.0,,,0,1,,1,0.0,0.0,0,0,0,,0,1,1.0,0
Javon Freeman-Liberty,Montréal Alliance,2026-2027,offense,Isolation,Early Jumper,4,Left,ISO Including Passes > Isolation > Left > Early Jumper,ISO Including Passes,Isolation,Left,Early Jumper,,,1,25.0,3.0,150.0,0.0,0.0,1,100.0,,,100.0,,1,150.0,0.0,,,1,0,,1,0.0,100.0,0,0,0,,1,0,1.0,3
Javon Freeman-Liberty,Montréal Alliance,2026-2027,offense,Isolation,Dribble Jumper,5,Early Jumper,ISO Including Passes > Isolation > Left > Early Jumper > Dribble Jumper,ISO Including Passes,Isolation,Left,Early Jumper,Dribble Jumper,,1,100.0,3.0,150.0,0.0,0.0,1,100.0,,,100.0,,1,150.0,0.0,,,1,0,,1,0.0,100.0,0,0,0,,1,0,1.0,3
Javon Freeman-Liberty,Montréal Alliance,2026-2027,offense,Isolation,Long/3pt,6,Dribble Jumper,ISO Including Passes > Isolation > Left > Early Jumper > Dribble Jumper > Long/3pt,ISO Including Passes,Isolation,Left,Early Jumper,Dribble Jumper,Long/3pt,1,100.0,3.0,150.0,0.0,0.0,1,100.0,,,100.0,,1,150.0,0.0,,,1,0,,1,0.0,100.0,0,0,0,,1,0,1.0,3
Javon Freeman-Liberty,Montréal Alliance,2026-2027,offense,Isolation,Right,3,Isolation,ISO Including Passes > Isolation > Right,ISO Including Passes,Isolation,Right,,,,3,20.0,1.0,75.0,33.3,0.0,2,50.0,,,50.0,,2,75.0,0.0,,,1,1,,2,0.0,33.3,0,0,0,,1,1,1.0,3
Javon Freeman-Liberty,Montréal Alliance,2026-2027,offense,Isolation,Early Jumper,4,Right,ISO Including Passes > Isolation > Right > Early Jumper,ISO Including Passes,Isolation,Right,Early Jumper,,,2,66.7,1.5,75.0,0.0,0.0,2,50.0,,,50.0,,2,75.0,0.0,,,1,1,,2,0.0,50.0,0,0,0,,1,1,1.0,3
Javon Freeman-Liberty,Montréal Alliance,2026-2027,offense,Isolation,Dribble Jumper,5,Early Jumper,ISO Including Passes > Isolation > Right > Early Jumper > Dribble Jumper,ISO Including Passes,Isolation,Right,Early Jumper,Dribble Jumper,,2,100.0,1.5,75.0,0.0,0.0,2,50.0,,,50.0,,2,75.0,0.0,,,1,1,,2,0.0,50.0,0,0,0,,1,1,1.0,3
Javon Freeman-Liberty,Montréal Alliance,2026-2027,offense,Isolation,Long/3pt,6,Dribble Jumper,ISO Including Passes > Isolation > Right > Early Jumper > Dribble Jumper > Long/3pt,ISO Including Passes,Isolation,Right,Early Jumper,Dribble Jumper,Long/3pt,2,100.0,1.5,75.0,0.0,0.0,2,50.0,,,50.0,,2,75.0,0.0,,,1,1,,2,0.0,50.0,0,0,0,,1,1,1.0,3
Javon Freeman-Liberty,Montréal Alliance,2026-2027,offense,Isolation,Drives Right,4,Right,ISO Including Passes > Isolation > Right > Drives Right,ISO Including Passes,Isolation,Right,Drives Right,,,1,33.3,0.0,,100.0,0.0,0,,,,,,0,,0.0,,,0,0,,0,,0.0,0,0,0,,0,0,,0
Javon Freeman-Liberty,Montréal Alliance,2026-2027,offense,Isolation,To Basket,5,Drives Right,ISO Including Passes > Isolation > Right > Drives Right > To Basket,ISO Including Passes,Isolation,Right,Drives Right,To Basket,,1,100.0,0.0,,100.0,0.0,0,,,,,,0,,0.0,,,0,0,,0,,0.0,0,0,0,,0,0,,0
Javon Freeman-Liberty,Montréal Alliance,2026-2027,offense,Isolation,Turnover,6,To Basket,ISO Including Passes > Isolation > Right > Drives Right > To Basket > Turnover,ISO Including Passes,Isolation,Right,Drives Right,To Basket,Turnover,1,100.0,0.0,,100.0,0.0,0,,,,,,0,,0.0,,,0,0,,0,,0.0,0,0,0,,0,0,,0
Javon Freeman-Liberty,Montréal Alliance,2026-2027,offense,Isolation,Spot-Up,2,ISO Including Passes,ISO Including Passes > Spot-Up,ISO Including Passes,Spot-Up,,,,,9,32.1,1.333,66.7,0.0,0.0,8,50.0,,,44.4,,9,66.7,0.0,,,4,5,,9,0.0,44.4,1,0,1,0.0,4,4,0.89,12
Javon Freeman-Liberty,Montréal Alliance,2026-2027,offense,Isolation,No Dribble Jumper,3,Spot-Up,ISO Including Passes > Spot-Up > No Dribble Jumper,ISO Including Passes,Spot-Up,No Dribble Jumper,,,,7,77.8,1.714,85.7,0.0,0.0,7,57.1,,,57.1,,7,85.7,0.0,,,4,3,,7,0.0,57.1,0,0,0,,4,3,1.0,12
Javon Freeman-Liberty,Montréal Alliance,2026-2027,offense,Isolation,Open,4,No Dribble Jumper,ISO Including Passes > Spot-Up > No Dribble Jumper > Open,ISO Including Passes,Spot-Up,No Dribble Jumper,Open,,,4,57.1,1.5,75.0,0.0,0.0,4,50.0,,,50.0,,4,75.0,0.0,,,2,2,,4,0.0,50.0,0,0,0,,2,2,1.0,6
Javon Freeman-Liberty,Montréal Alliance,2026-2027,offense,Isolation,Long/3pt,5,Open,ISO Including Passes > Spot-Up > No Dribble Jumper > Open > Long/3pt,ISO Including Passes,Spot-Up,No Dribble Jumper,Open,Long/3pt,,4,100.0,1.5,75.0,0.0,0.0,4,50.0,,,50.0,,4,75.0,0.0,,,2,2,,4,0.0,50.0,0,0,0,,2,2,1.0,6
Javon Freeman-Liberty,Montréal Alliance,2026-2027,offense,Isolation,Miss 3 Pts,6,Long/3pt,ISO Including Passes > Spot-Up > No Dribble Jumper > Open > Long/3pt > Miss 3 Pts,ISO Including Passes,Spot-Up,No Dribble Jumper,Open,Long/3pt,Miss 3 Pts,2,50.0,0.0,0.0,0.0,0.0,2,0.0,,,0.0,,2,0.0,0.0,,,0,2,,2,0.0,0.0,0,0,0,,0,2,1.0,0
Javon Freeman-Liberty,Montréal Alliance,2026-2027,offense,Isolation,Make 3 Pts,6,Long/3pt,ISO Including Passes > Spot-Up > No Dribble Jumper > Open > Long/3pt > Make 3 Pts,ISO Including Passes,Spot-Up,No Dribble Jumper,Open,Long/3pt,Make 3 Pts,2,50.0,3.0,150.0,0.0,0.0,2,100.0,,,100.0,,2,150.0,0.0,,,2,0,,2,0.0,100.0,0,0,0,,2,0,1.0,6
Javon Freeman-Liberty,Montréal Alliance,2026-2027,offense,Isolation,Guarded,4,No Dribble Jumper,ISO Including Passes > Spot-Up > No Dribble Jumper > Guarded,ISO Including Passes,Spot-Up,No Dribble Jumper,Guarded,,,3,42.9,2.0,100.0,0.0,0.0,3,66.7,,,66.7,,3,100.0,0.0,,,2,1,,3,0.0,66.7,0,0,0,,2,1,1.0,6
Javon Freeman-Liberty,Montréal Alliance,2026-2027,offense,Isolation,Long/3pt,5,Guarded,ISO Including Passes > Spot-Up > No Dribble Jumper > Guarded > Long/3pt,ISO Including Passes,Spot-Up,No Dribble Jumper,Guarded,Long/3pt,,3,100.0,2.0,100.0,0.0,0.0,3,66.7,,,66.7,,3,100.0,0.0,,,2,1,,3,0.0,66.7,0,0,0,,2,1,1.0,6
Javon Freeman-Liberty,Montréal Alliance,2026-2027,offense,Isolation,Make 3 Pts,6,Long/3pt,ISO Including Passes > Spot-Up > No Dribble Jumper > Guarded > Long/3pt > Make 3 Pts,ISO Including Passes,Spot-Up,No Dribble Jumper,Guarded,Long/3pt,Make 3 Pts,2,66.7,3.0,150.0,0.0,0.0,2,100.0,,,100.0,,2,150.0,0.0,,,2,0,,2,0.0,100.0,0,0,0,,2,0,1.0,6
Javon Freeman-Liberty,Montréal Alliance,2026-2027,offense,Isolation,Miss 3 Pts,6,Long/3pt,ISO Including Passes > Spot-Up > No Dribble Jumper > Guarded > Long/3pt > Miss 3 Pts,ISO Including Passes,Spot-Up,No Dribble Jumper,Guarded,Long/3pt,Miss 3 Pts,1,33.3,0.0,0.0,0.0,0.0,1,0.0,,,0.0,,1,0.0,0.0,,,0,1,,1,0.0,0.0,0,0,0,,0,1,1.0,0
Javon Freeman-Liberty,Montréal Alliance,2026-2027,offense,Isolation,Drives Left,3,Spot-Up,ISO Including Passes > Spot-Up > Drives Left,ISO Including Passes,Spot-Up,Drives Left,,,,2,22.2,0.0,0.0,0.0,0.0,1,0.0,,,0.0,,2,0.0,0.0,,,0,2,,2,0.0,0.0,1,0,1,0.0,0,1,0.5,0
Javon Freeman-Liberty,Montréal Alliance,2026-2027,offense,Isolation,To Basket,4,Drives Left,ISO Including Passes > Spot-Up > Drives Left > To Basket,ISO Including Passes,Spot-Up,Drives Left,To Basket,,,1,50.0,0.0,0.0,0.0,0.0,0,,,,0.0,,1,0.0,0.0,,,0,1,,1,0.0,0.0,1,0,1,0.0,0,0,0.0,0
Javon Freeman-Liberty,Montréal Alliance,2026-2027,offense,Isolation,Miss 2 Pts,5,To Basket,ISO Including Passes > Spot-Up > Drives Left > To Basket > Miss 2 Pts,ISO Including Passes,Spot-Up,Drives Left,To Basket,Miss 2 Pts,,1,100.0,0.0,0.0,0.0,0.0,0,,,,0.0,,1,0.0,0.0,,,0,1,,1,0.0,0.0,1,0,1,0.0,0,0,0.0,0
Javon Freeman-Liberty,Montréal Alliance,2026-2027,offense,Isolation,Dribble Jumper,4,Drives Left,ISO Including Passes > Spot-Up > Drives Left > Dribble Jumper,ISO Including Passes,Spot-Up,Drives Left,Dribble Jumper,,,1,50.0,0.0,0.0,0.0,0.0,1,0.0,,,0.0,,1,0.0,0.0,,,0,1,,1,0.0,0.0,0,0,0,,0,1,1.0,0
Javon Freeman-Liberty,Montréal Alliance,2026-2027,offense,Isolation,Long/3pt,5,Dribble Jumper,ISO Including Passes > Spot-Up > Drives Left > Dribble Jumper > Long/3pt,ISO Including Passes,Spot-Up,Drives Left,Dribble Jumper,Long/3pt,,1,100.0,0.0,0.0,0.0,0.0,1,0.0,,,0.0,,1,0.0,0.0,,,0,1,,1,0.0,0.0,0,0,0,,0,1,1.0,0
Javon Freeman-Liberty,Montréal Alliance,2026-2027,offense,Isolation,Miss 3 Pts,6,Long/3pt,ISO Including Passes > Spot-Up > Drives Left > Dribble Jumper > Long/3pt > Miss 3 Pts,ISO Including Passes,Spot-Up,Drives Left,Dribble Jumper,Long/3pt,Miss 3 Pts,1,100.0,0.0,0.0,0.0,0.0,1,0.0,,,0.0,,1,0.0,0.0,,,0,1,,1,0.0,0.0,0,0,0,,0,1,1.0,0
Javon Freeman-Liberty,Montréal Alliance,2026-2027,offense,Isolation,Cut,2,ISO Including Passes,ISO Including Passes > Cut,ISO Including Passes,Cut,,,,,4,14.3,1.0,51.5,0.0,25.0,0,,,,66.7,,3,66.7,25.0,,,2,1,,4,0.67,50.0,3,2,1,66.7,0,0,0.0,4
Javon Freeman-Liberty,Montréal Alliance,2026-2027,offense,Isolation,Basket,3,Cut,ISO Including Passes > Cut > Basket,ISO Including Passes,Cut,Basket,,,,3,75.0,1.333,69.4,0.0,33.3,0,,,,100.0,,2,100.0,33.3,,,2,0,,3,1.0,66.7,2,2,0,100.0,0,0,0.0,4
Javon Freeman-Liberty,Montréal Alliance,2026-2027,offense,Isolation,Make 2 Pts,4,Basket,ISO Including Passes > Cut > Basket > Make 2 Pts,ISO Including Passes,Cut,Basket,Make 2 Pts,,,2,66.7,2.0,100.0,0.0,0.0,0,,,,100.0,,2,100.0,0.0,,,2,0,,2,0.0,100.0,2,2,0,100.0,0,0,0.0,4
Javon Freeman-Liberty,Montréal Alliance,2026-2027,offense,Isolation,Foul,4,Basket,ISO Including Passes > Cut > Basket > Foul,ISO Including Passes,Cut,Basket,Foul,,,1,33.3,0.0,0.0,0.0,100.0,0,,,,,,0,,100.0,,,0,0,,1,,0.0,0,0,0,,0,0,,0
Javon Freeman-Liberty,Montréal Alliance,2026-2027,offense,Isolation,Flash,3,Cut,ISO Including Passes > Cut > Flash,ISO Including Passes,Cut,Flash,,,,1,25.0,0.0,0.0,0.0,0.0,0,,,,0.0,,1,0.0,0.0,,,0,1,,1,0.0,0.0,1,0,1,0.0,0,0,0.0,0
Javon Freeman-Liberty,Montréal Alliance,2026-2027,offense,Isolation,Miss 2 Pts,4,Flash,ISO Including Passes > Cut > Flash > Miss 2 Pts,ISO Including Passes,Cut,Flash,Miss 2 Pts,,,1,100.0,0.0,0.0,0.0,0.0,0,,,,0.0,,1,0.0,0.0,,,0,1,,1,0.0,0.0,1,0,1,0.0,0,0,0.0,0
Javon Freeman-Liberty,Montréal Alliance,2026-2027,offense,Isolation,ISO - Defense Commits,1,,ISO - Defense Commits,ISO - Defense Commits,,,,,,15,6.5,1.067,62.1,13.3,6.7,8,50.0,Very Good,75.0,50.0,91.0,12,66.7,6.7,,,6,6,,13,0.17,40.0,4,2,2,50.0,4,4,0.67,16
Javon Freeman-Liberty,Montréal Alliance,2026-2027,offense,Isolation,Spot-Up,2,ISO - Defense Commits,ISO - Defense Commits > Spot-Up,ISO - Defense Commits,Spot-Up,,,,,9,60.0,1.333,66.7,0.0,0.0,8,50.0,,,44.4,,9,66.7,0.0,,,4,5,,9,0.0,44.4,1,0,1,0.0,4,4,0.89,12
Javon Freeman-Liberty,Montréal Alliance,2026-2027,offense,Isolation,No Dribble Jumper,3,Spot-Up,ISO - Defense Commits > Spot-Up > No Dribble Jumper,ISO - Defense Commits,Spot-Up,No Dribble Jumper,,,,7,77.8,1.714,85.7,0.0,0.0,7,57.1,,,57.1,,7,85.7,0.0,,,4,3,,7,0.0,57.1,0,0,0,,4,3,1.0,12
Javon Freeman-Liberty,Montréal Alliance,2026-2027,offense,Isolation,Open,4,No Dribble Jumper,ISO - Defense Commits > Spot-Up > No Dribble Jumper > Open,ISO - Defense Commits,Spot-Up,No Dribble Jumper,Open,,,4,57.1,1.5,75.0,0.0,0.0,4,50.0,,,50.0,,4,75.0,0.0,,,2,2,,4,0.0,50.0,0,0,0,,2,2,1.0,6
Javon Freeman-Liberty,Montréal Alliance,2026-2027,offense,Isolation,Long/3pt,5,Open,ISO - Defense Commits > Spot-Up > No Dribble Jumper > Open > Long/3pt,ISO - Defense Commits,Spot-Up,No Dribble Jumper,Open,Long/3pt,,4,100.0,1.5,75.0,0.0,0.0,4,50.0,,,50.0,,4,75.0,0.0,,,2,2,,4,0.0,50.0,0,0,0,,2,2,1.0,6
Javon Freeman-Liberty,Montréal Alliance,2026-2027,offense,Isolation,Miss 3 Pts,6,Long/3pt,ISO - Defense Commits > Spot-Up > No Dribble Jumper > Open > Long/3pt > Miss 3 Pts,ISO - Defense Commits,Spot-Up,No Dribble Jumper,Open,Long/3pt,Miss 3 Pts,2,50.0,0.0,0.0,0.0,0.0,2,0.0,,,0.0,,2,0.0,0.0,,,0,2,,2,0.0,0.0,0,0,0,,0,2,1.0,0
Javon Freeman-Liberty,Montréal Alliance,2026-2027,offense,Isolation,Make 3 Pts,6,Long/3pt,ISO - Defense Commits > Spot-Up > No Dribble Jumper > Open > Long/3pt > Make 3 Pts,ISO - Defense Commits,Spot-Up,No Dribble Jumper,Open,Long/3pt,Make 3 Pts,2,50.0,3.0,150.0,0.0,0.0,2,100.0,,,100.0,,2,150.0,0.0,,,2,0,,2,0.0,100.0,0,0,0,,2,0,1.0,6
Javon Freeman-Liberty,Montréal Alliance,2026-2027,offense,Isolation,Guarded,4,No Dribble Jumper,ISO - Defense Commits > Spot-Up > No Dribble Jumper > Guarded,ISO - Defense Commits,Spot-Up,No Dribble Jumper,Guarded,,,3,42.9,2.0,100.0,0.0,0.0,3,66.7,,,66.7,,3,100.0,0.0,,,2,1,,3,0.0,66.7,0,0,0,,2,1,1.0,6
Javon Freeman-Liberty,Montréal Alliance,2026-2027,offense,Isolation,Long/3pt,5,Guarded,ISO - Defense Commits > Spot-Up > No Dribble Jumper > Guarded > Long/3pt,ISO - Defense Commits,Spot-Up,No Dribble Jumper,Guarded,Long/3pt,,3,100.0,2.0,100.0,0.0,0.0,3,66.7,,,66.7,,3,100.0,0.0,,,2,1,,3,0.0,66.7,0,0,0,,2,1,1.0,6
Javon Freeman-Liberty,Montréal Alliance,2026-2027,offense,Isolation,Make 3 Pts,6,Long/3pt,ISO - Defense Commits > Spot-Up > No Dribble Jumper > Guarded > Long/3pt > Make 3 Pts,ISO - Defense Commits,Spot-Up,No Dribble Jumper,Guarded,Long/3pt,Make 3 Pts,2,66.7,3.0,150.0,0.0,0.0,2,100.0,,,100.0,,2,150.0,0.0,,,2,0,,2,0.0,100.0,0,0,0,,2,0,1.0,6
Javon Freeman-Liberty,Montréal Alliance,2026-2027,offense,Isolation,Miss 3 Pts,6,Long/3pt,ISO - Defense Commits > Spot-Up > No Dribble Jumper > Guarded > Long/3pt > Miss 3 Pts,ISO - Defense Commits,Spot-Up,No Dribble Jumper,Guarded,Long/3pt,Miss 3 Pts,1,33.3,0.0,0.0,0.0,0.0,1,0.0,,,0.0,,1,0.0,0.0,,,0,1,,1,0.0,0.0,0,0,0,,0,1,1.0,0
Javon Freeman-Liberty,Montréal Alliance,2026-2027,offense,Isolation,Drives Left,3,Spot-Up,ISO - Defense Commits > Spot-Up > Drives Left,ISO - Defense Commits,Spot-Up,Drives Left,,,,2,22.2,0.0,0.0,0.0,0.0,1,0.0,,,0.0,,2,0.0,0.0,,,0,2,,2,0.0,0.0,1,0,1,0.0,0,1,0.5,0
Javon Freeman-Liberty,Montréal Alliance,2026-2027,offense,Isolation,To Basket,4,Drives Left,ISO - Defense Commits > Spot-Up > Drives Left > To Basket,ISO - Defense Commits,Spot-Up,Drives Left,To Basket,,,1,50.0,0.0,0.0,0.0,0.0,0,,,,0.0,,1,0.0,0.0,,,0,1,,1,0.0,0.0,1,0,1,0.0,0,0,0.0,0
Javon Freeman-Liberty,Montréal Alliance,2026-2027,offense,Isolation,Miss 2 Pts,5,To Basket,ISO - Defense Commits > Spot-Up > Drives Left > To Basket > Miss 2 Pts,ISO - Defense Commits,Spot-Up,Drives Left,To Basket,Miss 2 Pts,,1,100.0,0.0,0.0,0.0,0.0,0,,,,0.0,,1,0.0,0.0,,,0,1,,1,0.0,0.0,1,0,1,0.0,0,0,0.0,0
Javon Freeman-Liberty,Montréal Alliance,2026-2027,offense,Isolation,Dribble Jumper,4,Drives Left,ISO - Defense Commits > Spot-Up > Drives Left > Dribble Jumper,ISO - Defense Commits,Spot-Up,Drives Left,Dribble Jumper,,,1,50.0,0.0,0.0,0.0,0.0,1,0.0,,,0.0,,1,0.0,0.0,,,0,1,,1,0.0,0.0,0,0,0,,0,1,1.0,0
Javon Freeman-Liberty,Montréal Alliance,2026-2027,offense,Isolation,Long/3pt,5,Dribble Jumper,ISO - Defense Commits > Spot-Up > Drives Left > Dribble Jumper > Long/3pt,ISO - Defense Commits,Spot-Up,Drives Left,Dribble Jumper,Long/3pt,,1,100.0,0.0,0.0,0.0,0.0,1,0.0,,,0.0,,1,0.0,0.0,,,0,1,,1,0.0,0.0,0,0,0,,0,1,1.0,0
Javon Freeman-Liberty,Montréal Alliance,2026-2027,offense,Isolation,Miss 3 Pts,6,Long/3pt,ISO - Defense Commits > Spot-Up > Drives Left > Dribble Jumper > Long/3pt > Miss 3 Pts,ISO - Defense Commits,Spot-Up,Drives Left,Dribble Jumper,Long/3pt,Miss 3 Pts,1,100.0,0.0,0.0,0.0,0.0,1,0.0,,,0.0,,1,0.0,0.0,,,0,1,,1,0.0,0.0,0,0,0,,0,1,1.0,0
Javon Freeman-Liberty,Montréal Alliance,2026-2027,offense,Isolation,Cut,2,ISO - Defense Commits,ISO - Defense Commits > Cut,ISO - Defense Commits,Cut,,,,,4,26.7,1.0,51.5,0.0,25.0,0,,,,66.7,,3,66.7,25.0,,,2,1,,4,0.67,50.0,3,2,1,66.7,0,0,0.0,4
Javon Freeman-Liberty,Montréal Alliance,2026-2027,offense,Isolation,Basket,3,Cut,ISO - Defense Commits > Cut > Basket,ISO - Defense Commits,Cut,Basket,,,,3,75.0,1.333,69.4,0.0,33.3,0,,,,100.0,,2,100.0,33.3,,,2,0,,3,1.0,66.7,2,2,0,100.0,0,0,0.0,4
Javon Freeman-Liberty,Montréal Alliance,2026-2027,offense,Isolation,Make 2 Pts,4,Basket,ISO - Defense Commits > Cut > Basket > Make 2 Pts,ISO - Defense Commits,Cut,Basket,Make 2 Pts,,,2,66.7,2.0,100.0,0.0,0.0,0,,,,100.0,,2,100.0,0.0,,,2,0,,2,0.0,100.0,2,2,0,100.0,0,0,0.0,4
Javon Freeman-Liberty,Montréal Alliance,2026-2027,offense,Isolation,Foul,4,Basket,ISO - Defense Commits > Cut > Basket > Foul,ISO - Defense Commits,Cut,Basket,Foul,,,1,33.3,0.0,0.0,0.0,100.0,0,,,,,,0,,100.0,,,0,0,,1,,0.0,0,0,0,,0,0,,0
Javon Freeman-Liberty,Montréal Alliance,2026-2027,offense,Isolation,Flash,3,Cut,ISO - Defense Commits > Cut > Flash,ISO - Defense Commits,Cut,Flash,,,,1,25.0,0.0,0.0,0.0,0.0,0,,,,0.0,,1,0.0,0.0,,,0,1,,1,0.0,0.0,1,0,1,0.0,0,0,0.0,0
Javon Freeman-Liberty,Montréal Alliance,2026-2027,offense,Isolation,Miss 2 Pts,4,Flash,ISO - Defense Commits > Cut > Flash > Miss 2 Pts,ISO - Defense Commits,Cut,Flash,Miss 2 Pts,,,1,100.0,0.0,0.0,0.0,0.0,0,,,,0.0,,1,0.0,0.0,,,0,1,,1,0.0,0.0,1,0,1,0.0,0,0,0.0,0
Javon Freeman-Liberty,Montréal Alliance,2026-2027,offense,Isolation,Isolation,2,ISO - Defense Commits,ISO - Defense Commits > Isolation,ISO - Defense Commits,Isolation,,,,,2,13.3,0.0,,100.0,0.0,0,,,,,,0,,0.0,,,0,0,,0,,0.0,0,0,0,,0,0,,0
Javon Freeman-Liberty,Montréal Alliance,2026-2027,offense,Isolation,Top,3,Isolation,ISO - Defense Commits > Isolation > Top,ISO - Defense Commits,Isolation,Top,,,,2,100.0,0.0,,100.0,0.0,0,,,,,,0,,0.0,,,0,0,,0,,0.0,0,0,0,,0,0,,0
Javon Freeman-Liberty,Montréal Alliance,2026-2027,offense,Isolation,Drives Left,4,Top,ISO - Defense Commits > Isolation > Top > Drives Left,ISO - Defense Commits,Isolation,Top,Drives Left,,,2,100.0,0.0,,100.0,0.0,0,,,,,,0,,0.0,,,0,0,,0,,0.0,0,0,0,,0,0,,0
Javon Freeman-Liberty,Montréal Alliance,2026-2027,offense,Isolation,Defense Commits,5,Drives Left,ISO - Defense Commits > Isolation > Top > Drives Left > Defense Commits,ISO - Defense Commits,Isolation,Top,Drives Left,Defense Commits,,2,100.0,0.0,,100.0,0.0,0,,,,,,0,,0.0,,,0,0,,0,,0.0,0,0,0,,0,0,,0
Javon Freeman-Liberty,Montréal Alliance,2026-2027,offense,Isolation,Turnover,6,Defense Commits,ISO - Defense Commits > Isolation > Top > Drives Left > Defense Commits > Turnover,ISO - Defense Commits,Isolation,Top,Drives Left,Defense Commits,Turnover,2,100.0,0.0,,100.0,0.0,0,,,,,,0,,0.0,,,0,0,,0,,0.0,0,0,0,,0,0,,0
Javon Freeman-Liberty,Montréal Alliance,2026-2027,offense,Post up,Post-Ups Including Passes,1,,Post-Ups Including Passes,Post-Ups Including Passes,,,,,,1,0.4,0.0,0.0,0.0,0.0,1,0.0,,,0.0,,1,0.0,0.0,,,0,1,,1,0.0,0.0,0,0,0,,0,1,1.0,0
Javon Freeman-Liberty,Montréal Alliance,2026-2027,offense,Post up,No Dribble Jumper,2,Post-Ups Including Passes,Post-Ups Including Passes > No Dribble Jumper,Post-Ups Including Passes,No Dribble Jumper,,,,,1,100.0,0.0,0.0,0.0,0.0,1,0.0,,,0.0,,1,0.0,0.0,,,0,1,,1,0.0,0.0,0,0,0,,0,1,1.0,0
Javon Freeman-Liberty,Montréal Alliance,2026-2027,offense,Post up,Open,3,No Dribble Jumper,Post-Ups Including Passes > No Dribble Jumper > Open,Post-Ups Including Passes,No Dribble Jumper,Open,,,,1,100.0,0.0,0.0,0.0,0.0,1,0.0,,,0.0,,1,0.0,0.0,,,0,1,,1,0.0,0.0,0,0,0,,0,1,1.0,0
Javon Freeman-Liberty,Montréal Alliance,2026-2027,offense,Post up,Long/3pt,4,Open,Post-Ups Including Passes > No Dribble Jumper > Open > Long/3pt,Post-Ups Including Passes,No Dribble Jumper,Open,Long/3pt,,,1,100.0,0.0,0.0,0.0,0.0,1,0.0,,,0.0,,1,0.0,0.0,,,0,1,,1,0.0,0.0,0,0,0,,0,1,1.0,0
Javon Freeman-Liberty,Montréal Alliance,2026-2027,offense,Post up,Miss 3 Pts,5,Long/3pt,Post-Ups Including Passes > No Dribble Jumper > Open > Long/3pt > Miss 3 Pts,Post-Ups Including Passes,No Dribble Jumper,Open,Long/3pt,Miss 3 Pts,,1,100.0,0.0,0.0,0.0,0.0,1,0.0,,,0.0,,1,0.0,0.0,,,0,1,,1,0.0,0.0,0,0,0,,0,1,1.0,0
Javon Freeman-Liberty,Montréal Alliance,2026-2027,offense,Post up,Post-Up - Defense Commits,1,,Post-Up - Defense Commits,Post-Up - Defense Commits,,,,,,1,0.4,0.0,0.0,0.0,0.0,1,0.0,,,0.0,,1,0.0,0.0,,,0,1,,1,0.0,0.0,0,0,0,,0,1,1.0,0
Javon Freeman-Liberty,Montréal Alliance,2026-2027,offense,Post up,No Dribble Jumper,2,Post-Up - Defense Commits,Post-Up - Defense Commits > No Dribble Jumper,Post-Up - Defense Commits,No Dribble Jumper,,,,,1,100.0,0.0,0.0,0.0,0.0,1,0.0,,,0.0,,1,0.0,0.0,,,0,1,,1,0.0,0.0,0,0,0,,0,1,1.0,0
Javon Freeman-Liberty,Montréal Alliance,2026-2027,offense,Post up,Open,3,No Dribble Jumper,Post-Up - Defense Commits > No Dribble Jumper > Open,Post-Up - Defense Commits,No Dribble Jumper,Open,,,,1,100.0,0.0,0.0,0.0,0.0,1,0.0,,,0.0,,1,0.0,0.0,,,0,1,,1,0.0,0.0,0,0,0,,0,1,1.0,0
Javon Freeman-Liberty,Montréal Alliance,2026-2027,offense,Post up,Long/3pt,4,Open,Post-Up - Defense Commits > No Dribble Jumper > Open > Long/3pt,Post-Up - Defense Commits,No Dribble Jumper,Open,Long/3pt,,,1,100.0,0.0,0.0,0.0,0.0,1,0.0,,,0.0,,1,0.0,0.0,,,0,1,,1,0.0,0.0,0,0,0,,0,1,1.0,0
Javon Freeman-Liberty,Montréal Alliance,2026-2027,offense,Post up,Miss 3 Pts,5,Long/3pt,Post-Up - Defense Commits > No Dribble Jumper > Open > Long/3pt > Miss 3 Pts,Post-Up - Defense Commits,No Dribble Jumper,Open,Long/3pt,Miss 3 Pts,,1,100.0,0.0,0.0,0.0,0.0,1,0.0,,,0.0,,1,0.0,0.0,,,0,1,,1,0.0,0.0,0,0,0,,0,1,1.0,0
Javon Freeman-Liberty,Montréal Alliance,2026-2027,offense,Post up,Post-Up - Hard Double,1,,Post-Up - Hard Double,Post-Up - Hard Double,,,,,,1,0.4,0.0,0.0,0.0,0.0,1,0.0,,,0.0,,1,0.0,0.0,,,0,1,,1,0.0,0.0,0,0,0,,0,1,1.0,0
Javon Freeman-Liberty,Montréal Alliance,2026-2027,offense,Post up,No Dribble Jumper,2,Post-Up - Hard Double,Post-Up - Hard Double > No Dribble Jumper,Post-Up - Hard Double,No Dribble Jumper,,,,,1,100.0,0.0,0.0,0.0,0.0,1,0.0,,,0.0,,1,0.0,0.0,,,0,1,,1,0.0,0.0,0,0,0,,0,1,1.0,0
Javon Freeman-Liberty,Montréal Alliance,2026-2027,offense,Post up,Open,3,No Dribble Jumper,Post-Up - Hard Double > No Dribble Jumper > Open,Post-Up - Hard Double,No Dribble Jumper,Open,,,,1,100.0,0.0,0.0,0.0,0.0,1,0.0,,,0.0,,1,0.0,0.0,,,0,1,,1,0.0,0.0,0,0,0,,0,1,1.0,0
Javon Freeman-Liberty,Montréal Alliance,2026-2027,offense,Post up,Long/3pt,4,Open,Post-Up - Hard Double > No Dribble Jumper > Open > Long/3pt,Post-Up - Hard Double,No Dribble Jumper,Open,Long/3pt,,,1,100.0,0.0,0.0,0.0,0.0,1,0.0,,,0.0,,1,0.0,0.0,,,0,1,,1,0.0,0.0,0,0,0,,0,1,1.0,0
Javon Freeman-Liberty,Montréal Alliance,2026-2027,offense,Post up,Miss 3 Pts,5,Long/3pt,Post-Up - Hard Double > No Dribble Jumper > Open > Long/3pt > Miss 3 Pts,Post-Up - Hard Double,No Dribble Jumper,Open,Long/3pt,Miss 3 Pts,,1,100.0,0.0,0.0,0.0,0.0,1,0.0,,,0.0,,1,0.0,0.0,,,0,1,,1,0.0,0.0,0,0,0,,0,1,1.0,0
