PLAYER,TEAM,SEASON,SIDE,TABLE,STAT,DEPTH,PARENT,PATH,LEVEL_1,LEVEL_2,LEVEL_3,LEVEL_4,LEVEL_5,LEVEL_6,POSS,%TIME,PPP,TS%,TO%,%FT,3FG ATT,3 FG%,PPP RATING,PPP RANK,FG%,%TIME RANK,FG ATT,EFG%,%SF,SSQ,PPS,FG MADE,FG MISS,SSM,TSA,FTA/FGA,SCORE%,2 FG ATT,2 FG MADE,2 FG MISS,2 FG%,3 FG MADE,3 FG MISS,3PA/FGA,PTS
Ahmed Hill,Niagara River Lions,2025-2026,offense,Play types,Transition,1,,Transition,Transition,,,,,,90,28.2,0.856,54.6,20.0,13.3,19,42.1,Below Average,25.0,41.7,87.0,60,48.3,12.2,,,25,35,,70.6,0.4,40.0,41,17,24,41.5,8,11,0.32,77
Ahmed Hill,Niagara River Lions,2025-2026,offense,Play types,Ballhandler,2,Transition,Transition > Ballhandler,Transition,Ballhandler,,,,,40,44.4,0.6,44.2,30.0,17.5,3,0.0,,,28.6,,21,28.6,15.0,,,6,15,,27.2,0.67,32.5,18,6,12,33.3,0,3,0.14,24
Ahmed Hill,Niagara River Lions,2025-2026,offense,Play types,To Basket,3,Ballhandler,Transition > Ballhandler > To Basket,Transition,Ballhandler,To Basket,,,,28,70.0,0.786,47.3,14.3,21.4,0,,,,33.3,,18,33.3,21.4,,,6,12,,23.3,0.67,42.9,18,6,12,33.3,0,0,0.0,22
Ahmed Hill,Niagara River Lions,2025-2026,offense,Play types,Miss 2 Pts,4,To Basket,Transition > Ballhandler > To Basket > Miss 2 Pts,Transition,Ballhandler,To Basket,Miss 2 Pts,,,12,42.9,0.0,0.0,0.0,0.0,0,,,,0.0,,12,0.0,0.0,,,0,12,,12.0,0.0,0.0,12,0,12,0.0,0,0,0.0,0
Ahmed Hill,Niagara River Lions,2025-2026,offense,Play types,Foul,4,To Basket,Transition > Ballhandler > To Basket > Foul,Transition,Ballhandler,To Basket,Foul,,,6,21.4,1.667,94.7,0.0,100.0,0,,,,,,0,,100.0,,,0,0,,5.3,,100.0,0,0,0,,0,0,,10
Ahmed Hill,Niagara River Lions,2025-2026,offense,Play types,Make 2 Pts,4,To Basket,Transition > Ballhandler > To Basket > Make 2 Pts,Transition,Ballhandler,To Basket,Make 2 Pts,,,6,21.4,2.0,100.0,0.0,0.0,0,,,,100.0,,6,100.0,0.0,,,6,0,,6.0,0.0,100.0,6,6,0,100.0,0,0,0.0,12
Ahmed Hill,Niagara River Lions,2025-2026,offense,Play types,Turnover,4,To Basket,Transition > Ballhandler > To Basket > Turnover,Transition,Ballhandler,To Basket,Turnover,,,4,14.3,0.0,,100.0,0.0,0,,,,,,0,,0.0,,,0,0,,0.0,,0.0,0,0,0,,0,0,,0
Ahmed Hill,Niagara River Lions,2025-2026,offense,Play types,Turnover,3,Ballhandler,Transition > Ballhandler > Turnover,Transition,Ballhandler,Turnover,,,,8,20.0,0.0,,100.0,0.0,0,,,,,,0,,0.0,,,0,0,,0.0,,0.0,0,0,0,,0,0,,0
Ahmed Hill,Niagara River Lions,2025-2026,offense,Play types,Dribble Jumper,3,Ballhandler,Transition > Ballhandler > Dribble Jumper,Transition,Ballhandler,Dribble Jumper,,,,3,7.5,0.0,0.0,0.0,0.0,3,0.0,,,0.0,,3,0.0,0.0,,,0,3,,3.0,0.0,0.0,0,0,0,,0,3,1.0,0
Ahmed Hill,Niagara River Lions,2025-2026,offense,Play types,Long/3pt,4,Dribble Jumper,Transition > Ballhandler > Dribble Jumper > Long/3pt,Transition,Ballhandler,Dribble Jumper,Long/3pt,,,3,100.0,0.0,0.0,0.0,0.0,3,0.0,,,0.0,,3,0.0,0.0,,,0,3,,3.0,0.0,0.0,0,0,0,,0,3,1.0,0
Ahmed Hill,Niagara River Lions,2025-2026,offense,Play types,Miss 3 Pts,5,Long/3pt,Transition > Ballhandler > Dribble Jumper > Long/3pt > Miss 3 Pts,Transition,Ballhandler,Dribble Jumper,Long/3pt,Miss 3 Pts,,3,100.0,0.0,0.0,0.0,0.0,3,0.0,,,0.0,,3,0.0,0.0,,,0,3,,3.0,0.0,0.0,0,0,0,,0,3,1.0,0
Ahmed Hill,Niagara River Lions,2025-2026,offense,Play types,Foul,3,Ballhandler,Transition > Ballhandler > Foul,Transition,Ballhandler,Foul,,,,1,2.5,2.0,113.6,0.0,100.0,0,,,,,,0,,0.0,,,0,0,,0.9,,100.0,0,0,0,,0,0,,2
Ahmed Hill,Niagara River Lions,2025-2026,offense,Play types,Left Wing,2,Transition,Transition > Left Wing,Transition,Left Wing,,,,,23,25.6,1.261,77.8,17.4,13.0,10,60.0,,,56.3,,16,75.0,13.0,,,9,7,,18.6,0.38,52.2,6,3,3,50.0,6,4,0.63,29
Ahmed Hill,Niagara River Lions,2025-2026,offense,Play types,No Dribble Jumper,3,Left Wing,Transition > Left Wing > No Dribble Jumper,Transition,Left Wing,No Dribble Jumper,,,,10,43.5,1.8,90.0,0.0,0.0,10,60.0,,,60.0,,10,90.0,0.0,,,6,4,,10.0,0.0,60.0,0,0,0,,6,4,1.0,18
Ahmed Hill,Niagara River Lions,2025-2026,offense,Play types,Open,4,No Dribble Jumper,Transition > Left Wing > No Dribble Jumper > Open,Transition,Left Wing,No Dribble Jumper,Open,,,8,80.0,1.875,93.8,0.0,0.0,8,62.5,,,62.5,,8,93.8,0.0,,,5,3,,8.0,0.0,62.5,0,0,0,,5,3,1.0,15
Ahmed Hill,Niagara River Lions,2025-2026,offense,Play types,Long/3pt,5,Open,Transition > Left Wing > No Dribble Jumper > Open > Long/3pt,Transition,Left Wing,No Dribble Jumper,Open,Long/3pt,,8,100.0,1.875,93.8,0.0,0.0,8,62.5,,,62.5,,8,93.8,0.0,,,5,3,,8.0,0.0,62.5,0,0,0,,5,3,1.0,15
Ahmed Hill,Niagara River Lions,2025-2026,offense,Play types,Guarded,4,No Dribble Jumper,Transition > Left Wing > No Dribble Jumper > Guarded,Transition,Left Wing,No Dribble Jumper,Guarded,,,2,20.0,1.5,75.0,0.0,0.0,2,50.0,,,50.0,,2,75.0,0.0,,,1,1,,2.0,0.0,50.0,0,0,0,,1,1,1.0,3
Ahmed Hill,Niagara River Lions,2025-2026,offense,Play types,Long/3pt,5,Guarded,Transition > Left Wing > No Dribble Jumper > Guarded > Long/3pt,Transition,Left Wing,No Dribble Jumper,Guarded,Long/3pt,,2,100.0,1.5,75.0,0.0,0.0,2,50.0,,,50.0,,2,75.0,0.0,,,1,1,,2.0,0.0,50.0,0,0,0,,1,1,1.0,3
Ahmed Hill,Niagara River Lions,2025-2026,offense,Play types,To Basket,3,Left Wing,Transition > Left Wing > To Basket,Transition,Left Wing,To Basket,,,,9,39.1,1.222,63.7,0.0,33.3,0,,,,50.0,,6,50.0,33.3,,,3,3,,8.6,1.0,66.7,6,3,3,50.0,0,0,0.0,11
Ahmed Hill,Niagara River Lions,2025-2026,offense,Play types,Foul,4,To Basket,Transition > Left Wing > To Basket > Foul,Transition,Left Wing,To Basket,Foul,,,3,33.3,1.667,94.7,0.0,100.0,0,,,,,,0,,100.0,,,0,0,,2.6,,100.0,0,0,0,,0,0,,5
Ahmed Hill,Niagara River Lions,2025-2026,offense,Play types,Make 2 Pts,4,To Basket,Transition > Left Wing > To Basket > Make 2 Pts,Transition,Left Wing,To Basket,Make 2 Pts,,,3,33.3,2.0,100.0,0.0,0.0,0,,,,100.0,,3,100.0,0.0,,,3,0,,3.0,0.0,100.0,3,3,0,100.0,0,0,0.0,6
Ahmed Hill,Niagara River Lions,2025-2026,offense,Play types,Miss 2 Pts,4,To Basket,Transition > Left Wing > To Basket > Miss 2 Pts,Transition,Left Wing,To Basket,Miss 2 Pts,,,3,33.3,0.0,0.0,0.0,0.0,0,,,,0.0,,3,0.0,0.0,,,0,3,,3.0,0.0,0.0,3,0,3,0.0,0,0,0.0,0
Ahmed Hill,Niagara River Lions,2025-2026,offense,Play types,Turnover,3,Left Wing,Transition > Left Wing > Turnover,Transition,Left Wing,Turnover,,,,4,17.4,0.0,,100.0,0.0,0,,,,,,0,,0.0,,,0,0,,0.0,,0.0,0,0,0,,0,0,,0
Ahmed Hill,Niagara River Lions,2025-2026,offense,Play types,Right Wing,2,Transition,Transition > Right Wing,Transition,Right Wing,,,,,19,21.1,0.632,35.5,10.5,5.3,6,33.3,,,31.3,,16,37.5,5.3,,,5,11,,16.9,0.13,26.3,10,3,7,30.0,2,4,0.38,12
Ahmed Hill,Niagara River Lions,2025-2026,offense,Play types,To Basket,3,Right Wing,Transition > Right Wing > To Basket,Transition,Right Wing,To Basket,,,,12,63.2,0.5,27.6,8.3,8.3,0,,,,30.0,,10,30.0,8.3,,,3,7,,10.9,0.2,25.0,10,3,7,30.0,0,0,0.0,6
Ahmed Hill,Niagara River Lions,2025-2026,offense,Play types,Miss 2 Pts,4,To Basket,Transition > Right Wing > To Basket > Miss 2 Pts,Transition,Right Wing,To Basket,Miss 2 Pts,,,7,58.3,0.0,0.0,0.0,0.0,0,,,,0.0,,7,0.0,0.0,,,0,7,,7.0,0.0,0.0,7,0,7,0.0,0,0,0.0,0
Ahmed Hill,Niagara River Lions,2025-2026,offense,Play types,Make 2 Pts,4,To Basket,Transition > Right Wing > To Basket > Make 2 Pts,Transition,Right Wing,To Basket,Make 2 Pts,,,3,25.0,2.0,100.0,0.0,0.0,0,,,,100.0,,3,100.0,0.0,,,3,0,,3.0,0.0,100.0,3,3,0,100.0,0,0,0.0,6
Ahmed Hill,Niagara River Lions,2025-2026,offense,Play types,Foul,4,To Basket,Transition > Right Wing > To Basket > Foul,Transition,Right Wing,To Basket,Foul,,,1,8.3,0.0,0.0,0.0,100.0,0,,,,,,0,,100.0,,,0,0,,0.9,,0.0,0,0,0,,0,0,,0
Ahmed Hill,Niagara River Lions,2025-2026,offense,Play types,Turnover,4,To Basket,Transition > Right Wing > To Basket > Turnover,Transition,Right Wing,To Basket,Turnover,,,1,8.3,0.0,,100.0,0.0,0,,,,,,0,,0.0,,,0,0,,0.0,,0.0,0,0,0,,0,0,,0
Ahmed Hill,Niagara River Lions,2025-2026,offense,Play types,No Dribble Jumper,3,Right Wing,Transition > Right Wing > No Dribble Jumper,Transition,Right Wing,No Dribble Jumper,,,,6,31.6,1.0,50.0,0.0,0.0,6,33.3,,,33.3,,6,50.0,0.0,,,2,4,,6.0,0.0,33.3,0,0,0,,2,4,1.0,6
Ahmed Hill,Niagara River Lions,2025-2026,offense,Play types,Guarded,4,No Dribble Jumper,Transition > Right Wing > No Dribble Jumper > Guarded,Transition,Right Wing,No Dribble Jumper,Guarded,,,3,50.0,2.0,100.0,0.0,0.0,3,66.7,,,66.7,,3,100.0,0.0,,,2,1,,3.0,0.0,66.7,0,0,0,,2,1,1.0,6
Ahmed Hill,Niagara River Lions,2025-2026,offense,Play types,Long/3pt,5,Guarded,Transition > Right Wing > No Dribble Jumper > Guarded > Long/3pt,Transition,Right Wing,No Dribble Jumper,Guarded,Long/3pt,,3,100.0,2.0,100.0,0.0,0.0,3,66.7,,,66.7,,3,100.0,0.0,,,2,1,,3.0,0.0,66.7,0,0,0,,2,1,1.0,6
Ahmed Hill,Niagara River Lions,2025-2026,offense,Play types,Open,4,No Dribble Jumper,Transition > Right Wing > No Dribble Jumper > Open,Transition,Right Wing,No Dribble Jumper,Open,,,3,50.0,0.0,0.0,0.0,0.0,3,0.0,,,0.0,,3,0.0,0.0,,,0,3,,3.0,0.0,0.0,0,0,0,,0,3,1.0,0
Ahmed Hill,Niagara River Lions,2025-2026,offense,Play types,Long/3pt,5,Open,Transition > Right Wing > No Dribble Jumper > Open > Long/3pt,Transition,Right Wing,No Dribble Jumper,Open,Long/3pt,,3,100.0,0.0,0.0,0.0,0.0,3,0.0,,,0.0,,3,0.0,0.0,,,0,3,,3.0,0.0,0.0,0,0,0,,0,3,1.0,0
Ahmed Hill,Niagara River Lions,2025-2026,offense,Play types,Turnover,3,Right Wing,Transition > Right Wing > Turnover,Transition,Right Wing,Turnover,,,,1,5.3,0.0,,100.0,0.0,0,,,,,,0,,0.0,,,0,0,,0.0,,0.0,0,0,0,,0,0,,0
Ahmed Hill,Niagara River Lions,2025-2026,offense,Play types,Leak Outs,2,Transition,Transition > Leak Outs,Transition,Leak Outs,,,,,5,5.6,2.0,102.5,0.0,20.0,0,,,,100.0,,4,100.0,20.0,,,4,0,,4.9,0.5,100.0,4,4,0,100.0,0,0,0.0,10
Ahmed Hill,Niagara River Lions,2025-2026,offense,Play types,To Basket,3,Leak Outs,Transition > Leak Outs > To Basket,Transition,Leak Outs,To Basket,,,,5,100.0,2.0,102.5,0.0,20.0,0,,,,100.0,,4,100.0,20.0,,,4,0,,4.9,0.5,100.0,4,4,0,100.0,0,0,0.0,10
Ahmed Hill,Niagara River Lions,2025-2026,offense,Play types,Make 2 Pts,4,To Basket,Transition > Leak Outs > To Basket > Make 2 Pts,Transition,Leak Outs,To Basket,Make 2 Pts,,,4,80.0,2.0,100.0,0.0,0.0,0,,,,100.0,,4,100.0,0.0,,,4,0,,4.0,0.0,100.0,4,4,0,100.0,0,0,0.0,8
Ahmed Hill,Niagara River Lions,2025-2026,offense,Play types,Foul,4,To Basket,Transition > Leak Outs > To Basket > Foul,Transition,Leak Outs,To Basket,Foul,,,1,20.0,2.0,113.6,0.0,100.0,0,,,,,,0,,100.0,,,0,0,,0.9,,100.0,0,0,0,,0,0,,2
Ahmed Hill,Niagara River Lions,2025-2026,offense,Play types,First Middle,2,Transition,Transition > First Middle,Transition,First Middle,,,,,2,2.2,0.0,0.0,0.0,0.0,0,,,,0.0,,2,0.0,0.0,,,0,2,,2.0,0.0,0.0,2,0,2,0.0,0,0,0.0,0
Ahmed Hill,Niagara River Lions,2025-2026,offense,Play types,To Basket,3,First Middle,Transition > First Middle > To Basket,Transition,First Middle,To Basket,,,,2,100.0,0.0,0.0,0.0,0.0,0,,,,0.0,,2,0.0,0.0,,,0,2,,2.0,0.0,0.0,2,0,2,0.0,0,0,0.0,0
Ahmed Hill,Niagara River Lions,2025-2026,offense,Play types,Miss 2 Pts,4,To Basket,Transition > First Middle > To Basket > Miss 2 Pts,Transition,First Middle,To Basket,Miss 2 Pts,,,2,100.0,0.0,0.0,0.0,0.0,0,,,,0.0,,2,0.0,0.0,,,0,2,,2.0,0.0,0.0,2,0,2,0.0,0,0,0.0,0
Ahmed Hill,Niagara River Lions,2025-2026,offense,Play types,Trailer,2,Transition,Transition > Trailer,Transition,Trailer,,,,,1,1.1,2.0,100.0,0.0,0.0,0,,,,100.0,,1,100.0,0.0,,,1,0,,1.0,0.0,100.0,1,1,0,100.0,0,0,0.0,2
Ahmed Hill,Niagara River Lions,2025-2026,offense,Play types,To Basket,3,Trailer,Transition > Trailer > To Basket,Transition,Trailer,To Basket,,,,1,100.0,2.0,100.0,0.0,0.0,0,,,,100.0,,1,100.0,0.0,,,1,0,,1.0,0.0,100.0,1,1,0,100.0,0,0,0.0,2
Ahmed Hill,Niagara River Lions,2025-2026,offense,Play types,Make 2 Pts,4,To Basket,Transition > Trailer > To Basket > Make 2 Pts,Transition,Trailer,To Basket,Make 2 Pts,,,1,100.0,2.0,100.0,0.0,0.0,0,,,,100.0,,1,100.0,0.0,,,1,0,,1.0,0.0,100.0,1,1,0,100.0,0,0,0.0,2
Ahmed Hill,Niagara River Lions,2025-2026,offense,Play types,Spot Up,1,,Spot Up,Spot Up,,,,,,78,24.5,0.91,49.8,9.0,2.6,50,34.0,Average,43.0,37.1,44.0,70,49.3,2.6,,,26,44,,71.3,0.04,34.6,20,9,11,45.0,17,33,0.71,71
Ahmed Hill,Niagara River Lions,2025-2026,offense,Play types,No Dribble Jumper,2,Spot Up,Spot Up > No Dribble Jumper,Spot Up,No Dribble Jumper,,,,,46,59.0,0.978,48.9,0.0,0.0,46,32.6,,,32.6,,46,48.9,0.0,,,15,31,,46.0,0.0,32.6,0,0,0,,15,31,1.0,45
Ahmed Hill,Niagara River Lions,2025-2026,offense,Play types,Guarded,3,No Dribble Jumper,Spot Up > No Dribble Jumper > Guarded,Spot Up,No Dribble Jumper,Guarded,,,,28,60.9,0.964,48.2,0.0,0.0,28,32.1,,,32.1,,28,48.2,0.0,,,9,19,,28.0,0.0,32.1,0,0,0,,9,19,1.0,27
Ahmed Hill,Niagara River Lions,2025-2026,offense,Play types,Long/3pt,4,Guarded,Spot Up > No Dribble Jumper > Guarded > Long/3pt,Spot Up,No Dribble Jumper,Guarded,Long/3pt,,,28,100.0,0.964,48.2,0.0,0.0,28,32.1,,,32.1,,28,48.2,0.0,,,9,19,,28.0,0.0,32.1,0,0,0,,9,19,1.0,27
Ahmed Hill,Niagara River Lions,2025-2026,offense,Play types,Miss 3 Pts,5,Long/3pt,Spot Up > No Dribble Jumper > Guarded > Long/3pt > Miss 3 Pts,Spot Up,No Dribble Jumper,Guarded,Long/3pt,Miss 3 Pts,,19,67.9,0.0,0.0,0.0,0.0,19,0.0,,,0.0,,19,0.0,0.0,,,0,19,,19.0,0.0,0.0,0,0,0,,0,19,1.0,0
Ahmed Hill,Niagara River Lions,2025-2026,offense,Play types,Make 3 Pts,5,Long/3pt,Spot Up > No Dribble Jumper > Guarded > Long/3pt > Make 3 Pts,Spot Up,No Dribble Jumper,Guarded,Long/3pt,Make 3 Pts,,9,32.1,3.0,150.0,0.0,0.0,9,100.0,,,100.0,,9,150.0,0.0,,,9,0,,9.0,0.0,100.0,0,0,0,,9,0,1.0,27
Ahmed Hill,Niagara River Lions,2025-2026,offense,Play types,Open,3,No Dribble Jumper,Spot Up > No Dribble Jumper > Open,Spot Up,No Dribble Jumper,Open,,,,18,39.1,1.0,50.0,0.0,0.0,18,33.3,,,33.3,,18,50.0,0.0,,,6,12,,18.0,0.0,33.3,0,0,0,,6,12,1.0,18
Ahmed Hill,Niagara River Lions,2025-2026,offense,Play types,Long/3pt,4,Open,Spot Up > No Dribble Jumper > Open > Long/3pt,Spot Up,No Dribble Jumper,Open,Long/3pt,,,18,100.0,1.0,50.0,0.0,0.0,18,33.3,,,33.3,,18,50.0,0.0,,,6,12,,18.0,0.0,33.3,0,0,0,,6,12,1.0,18
Ahmed Hill,Niagara River Lions,2025-2026,offense,Play types,Miss 3 Pts,5,Long/3pt,Spot Up > No Dribble Jumper > Open > Long/3pt > Miss 3 Pts,Spot Up,No Dribble Jumper,Open,Long/3pt,Miss 3 Pts,,12,66.7,0.0,0.0,0.0,0.0,12,0.0,,,0.0,,12,0.0,0.0,,,0,12,,12.0,0.0,0.0,0,0,0,,0,12,1.0,0
Ahmed Hill,Niagara River Lions,2025-2026,offense,Play types,Make 3 Pts,5,Long/3pt,Spot Up > No Dribble Jumper > Open > Long/3pt > Make 3 Pts,Spot Up,No Dribble Jumper,Open,Long/3pt,Make 3 Pts,,6,33.3,3.0,150.0,0.0,0.0,6,100.0,,,100.0,,6,150.0,0.0,,,6,0,,6.0,0.0,100.0,0,0,0,,6,0,1.0,18
Ahmed Hill,Niagara River Lions,2025-2026,offense,Play types,Drives Left,2,Spot Up,Spot Up > Drives Left,Spot Up,Drives Left,,,,,23,29.5,0.957,51.6,8.7,8.7,3,66.7,,,45.0,,20,50.0,8.7,,,9,11,,21.3,0.15,43.5,17,7,10,41.2,2,1,0.15,22
Ahmed Hill,Niagara River Lions,2025-2026,offense,Play types,To Basket,3,Drives Left,Spot Up > Drives Left > To Basket,Spot Up,Drives Left,To Basket,,,,12,52.2,1.167,61.8,8.3,16.7,0,,,,60.0,,10,60.0,16.7,,,6,4,,11.3,0.3,58.3,10,6,4,60.0,0,0,0.0,14
Ahmed Hill,Niagara River Lions,2025-2026,offense,Play types,Make 2 Pts,4,To Basket,Spot Up > Drives Left > To Basket > Make 2 Pts,Spot Up,Drives Left,To Basket,Make 2 Pts,,,5,41.7,2.0,100.0,0.0,0.0,0,,,,100.0,,5,100.0,0.0,,,5,0,,5.0,0.0,100.0,5,5,0,100.0,0,0,0.0,10
Ahmed Hill,Niagara River Lions,2025-2026,offense,Play types,Miss 2 Pts,4,To Basket,Spot Up > Drives Left > To Basket > Miss 2 Pts,Spot Up,Drives Left,To Basket,Miss 2 Pts,,,4,33.3,0.0,0.0,0.0,0.0,0,,,,0.0,,4,0.0,0.0,,,0,4,,4.0,0.0,0.0,4,0,4,0.0,0,0,0.0,0
Ahmed Hill,Niagara River Lions,2025-2026,offense,Play types,Turnover,4,To Basket,Spot Up > Drives Left > To Basket > Turnover,Spot Up,Drives Left,To Basket,Turnover,,,1,8.3,0.0,,100.0,0.0,0,,,,,,0,,0.0,,,0,0,,0.0,,0.0,0,0,0,,0,0,,0
Ahmed Hill,Niagara River Lions,2025-2026,offense,Play types,Foul,4,To Basket,Spot Up > Drives Left > To Basket > Foul,Spot Up,Drives Left,To Basket,Foul,,,1,8.3,2.0,113.6,0.0,100.0,0,,,,,,0,,100.0,,,0,0,,0.9,,100.0,0,0,0,,0,0,,2
Ahmed Hill,Niagara River Lions,2025-2026,offense,Play types,Make 2 Pts Foul,4,To Basket,Spot Up > Drives Left > To Basket > Make 2 Pts Foul,Spot Up,Drives Left,To Basket,Make 2 Pts Foul,,,1,8.3,2.0,69.4,0.0,100.0,0,,,,100.0,,1,100.0,100.0,,,1,0,,1.4,1.0,100.0,1,1,0,100.0,0,0,0.0,2
Ahmed Hill,Niagara River Lions,2025-2026,offense,Play types,Dribble Jumper,3,Drives Left,Spot Up > Drives Left > Dribble Jumper,Spot Up,Drives Left,Dribble Jumper,,,,10,43.5,0.8,40.0,0.0,0.0,3,66.7,,,30.0,,10,40.0,0.0,,,3,7,,10.0,0.0,30.0,7,1,6,14.3,2,1,0.3,8
Ahmed Hill,Niagara River Lions,2025-2026,offense,Play types,Short to < 17,4,Dribble Jumper,Spot Up > Drives Left > Dribble Jumper > Short to < 17,Spot Up,Drives Left,Dribble Jumper,Short to < 17,,,6,60.0,0.333,16.7,0.0,0.0,0,,,,16.7,,6,16.7,0.0,,,1,5,,6.0,0.0,16.7,6,1,5,16.7,0,0,0.0,2
Ahmed Hill,Niagara River Lions,2025-2026,offense,Play types,Miss 2 Pts,5,Short to < 17,Spot Up > Drives Left > Dribble Jumper > Short to < 17 > Miss 2 Pts,Spot Up,Drives Left,Dribble Jumper,Short to < 17,Miss 2 Pts,,5,83.3,0.0,0.0,0.0,0.0,0,,,,0.0,,5,0.0,0.0,,,0,5,,5.0,0.0,0.0,5,0,5,0.0,0,0,0.0,0
Ahmed Hill,Niagara River Lions,2025-2026,offense,Play types,Make 2 Pts,5,Short to < 17,Spot Up > Drives Left > Dribble Jumper > Short to < 17 > Make 2 Pts,Spot Up,Drives Left,Dribble Jumper,Short to < 17,Make 2 Pts,,1,16.7,2.0,100.0,0.0,0.0,0,,,,100.0,,1,100.0,0.0,,,1,0,,1.0,0.0,100.0,1,1,0,100.0,0,0,0.0,2
Ahmed Hill,Niagara River Lions,2025-2026,offense,Play types,Long/3pt,4,Dribble Jumper,Spot Up > Drives Left > Dribble Jumper > Long/3pt,Spot Up,Drives Left,Dribble Jumper,Long/3pt,,,3,30.0,2.0,100.0,0.0,0.0,3,66.7,,,66.7,,3,100.0,0.0,,,2,1,,3.0,0.0,66.7,0,0,0,,2,1,1.0,6
Ahmed Hill,Niagara River Lions,2025-2026,offense,Play types,Make 3 Pts,5,Long/3pt,Spot Up > Drives Left > Dribble Jumper > Long/3pt > Make 3 Pts,Spot Up,Drives Left,Dribble Jumper,Long/3pt,Make 3 Pts,,2,66.7,3.0,150.0,0.0,0.0,2,100.0,,,100.0,,2,150.0,0.0,,,2,0,,2.0,0.0,100.0,0,0,0,,2,0,1.0,6
Ahmed Hill,Niagara River Lions,2025-2026,offense,Play types,Miss 3 Pts,5,Long/3pt,Spot Up > Drives Left > Dribble Jumper > Long/3pt > Miss 3 Pts,Spot Up,Drives Left,Dribble Jumper,Long/3pt,Miss 3 Pts,,1,33.3,0.0,0.0,0.0,0.0,1,0.0,,,0.0,,1,0.0,0.0,,,0,1,,1.0,0.0,0.0,0,0,0,,0,1,1.0,0
Ahmed Hill,Niagara River Lions,2025-2026,offense,Play types,Medium/17' to 3pt,4,Dribble Jumper,Spot Up > Drives Left > Dribble Jumper > Medium/17' to 3pt,Spot Up,Drives Left,Dribble Jumper,Medium/17' to 3pt,,,1,10.0,0.0,0.0,0.0,0.0,0,,,,0.0,,1,0.0,0.0,,,0,1,,1.0,0.0,0.0,1,0,1,0.0,0,0,0.0,0
Ahmed Hill,Niagara River Lions,2025-2026,offense,Play types,Miss 2 Pts,5,Medium/17' to 3pt,Spot Up > Drives Left > Dribble Jumper > Medium/17' to 3pt > Miss 2 Pts,Spot Up,Drives Left,Dribble Jumper,Medium/17' to 3pt,Miss 2 Pts,,1,100.0,0.0,0.0,0.0,0.0,0,,,,0.0,,1,0.0,0.0,,,0,1,,1.0,0.0,0.0,1,0,1,0.0,0,0,0.0,0
Ahmed Hill,Niagara River Lions,2025-2026,offense,Play types,Turnover,3,Drives Left,Spot Up > Drives Left > Turnover,Spot Up,Drives Left,Turnover,,,,1,4.3,0.0,,100.0,0.0,0,,,,,,0,,0.0,,,0,0,,0.0,,0.0,0,0,0,,0,0,,0
Ahmed Hill,Niagara River Lions,2025-2026,offense,Play types,Drives Right,2,Spot Up,Spot Up > Drives Right,Spot Up,Drives Right,,,,,4,5.1,0.5,33.3,25.0,0.0,1,0.0,,,33.3,,3,33.3,0.0,,,1,2,,3.0,0.0,25.0,2,1,1,50.0,0,1,0.33,2
Ahmed Hill,Niagara River Lions,2025-2026,offense,Play types,To Basket,3,Drives Right,Spot Up > Drives Right > To Basket,Spot Up,Drives Right,To Basket,,,,2,50.0,1.0,50.0,0.0,0.0,0,,,,50.0,,2,50.0,0.0,,,1,1,,2.0,0.0,50.0,2,1,1,50.0,0,0,0.0,2
Ahmed Hill,Niagara River Lions,2025-2026,offense,Play types,Miss 2 Pts,4,To Basket,Spot Up > Drives Right > To Basket > Miss 2 Pts,Spot Up,Drives Right,To Basket,Miss 2 Pts,,,1,50.0,0.0,0.0,0.0,0.0,0,,,,0.0,,1,0.0,0.0,,,0,1,,1.0,0.0,0.0,1,0,1,0.0,0,0,0.0,0
Ahmed Hill,Niagara River Lions,2025-2026,offense,Play types,Make 2 Pts,4,To Basket,Spot Up > Drives Right > To Basket > Make 2 Pts,Spot Up,Drives Right,To Basket,Make 2 Pts,,,1,50.0,2.0,100.0,0.0,0.0,0,,,,100.0,,1,100.0,0.0,,,1,0,,1.0,0.0,100.0,1,1,0,100.0,0,0,0.0,2
Ahmed Hill,Niagara River Lions,2025-2026,offense,Play types,Turnover,3,Drives Right,Spot Up > Drives Right > Turnover,Spot Up,Drives Right,Turnover,,,,1,25.0,0.0,,100.0,0.0,0,,,,,,0,,0.0,,,0,0,,0.0,,0.0,0,0,0,,0,0,,0
Ahmed Hill,Niagara River Lions,2025-2026,offense,Play types,Dribble Jumper,3,Drives Right,Spot Up > Drives Right > Dribble Jumper,Spot Up,Drives Right,Dribble Jumper,,,,1,25.0,0.0,0.0,0.0,0.0,1,0.0,,,0.0,,1,0.0,0.0,,,0,1,,1.0,0.0,0.0,0,0,0,,0,1,1.0,0
Ahmed Hill,Niagara River Lions,2025-2026,offense,Play types,Long/3pt,4,Dribble Jumper,Spot Up > Drives Right > Dribble Jumper > Long/3pt,Spot Up,Drives Right,Dribble Jumper,Long/3pt,,,1,100.0,0.0,0.0,0.0,0.0,1,0.0,,,0.0,,1,0.0,0.0,,,0,1,,1.0,0.0,0.0,0,0,0,,0,1,1.0,0
Ahmed Hill,Niagara River Lions,2025-2026,offense,Play types,Miss 3 Pts,5,Long/3pt,Spot Up > Drives Right > Dribble Jumper > Long/3pt > Miss 3 Pts,Spot Up,Drives Right,Dribble Jumper,Long/3pt,Miss 3 Pts,,1,100.0,0.0,0.0,0.0,0.0,1,0.0,,,0.0,,1,0.0,0.0,,,0,1,,1.0,0.0,0.0,0,0,0,,0,1,1.0,0
Ahmed Hill,Niagara River Lions,2025-2026,offense,Play types,Turnover,2,Spot Up,Spot Up > Turnover,Spot Up,Turnover,,,,,3,3.8,0.0,,100.0,0.0,0,,,,,,0,,0.0,,,0,0,,0.0,,0.0,0,0,0,,0,0,,0
Ahmed Hill,Niagara River Lions,2025-2026,offense,Play types,Drives Straight,2,Spot Up,Spot Up > Drives Straight,Spot Up,Drives Straight,,,,,2,2.6,1.0,100.0,50.0,0.0,0,,,,100.0,,1,100.0,0.0,,,1,0,,1.0,0.0,50.0,1,1,0,100.0,0,0,0.0,2
Ahmed Hill,Niagara River Lions,2025-2026,offense,Play types,To Basket,3,Drives Straight,Spot Up > Drives Straight > To Basket,Spot Up,Drives Straight,To Basket,,,,2,100.0,1.0,100.0,50.0,0.0,0,,,,100.0,,1,100.0,0.0,,,1,0,,1.0,0.0,50.0,1,1,0,100.0,0,0,0.0,2
Ahmed Hill,Niagara River Lions,2025-2026,offense,Play types,Make 2 Pts,4,To Basket,Spot Up > Drives Straight > To Basket > Make 2 Pts,Spot Up,Drives Straight,To Basket,Make 2 Pts,,,1,50.0,2.0,100.0,0.0,0.0,0,,,,100.0,,1,100.0,0.0,,,1,0,,1.0,0.0,100.0,1,1,0,100.0,0,0,0.0,2
Ahmed Hill,Niagara River Lions,2025-2026,offense,Play types,Turnover,4,To Basket,Spot Up > Drives Straight > To Basket > Turnover,Spot Up,Drives Straight,To Basket,Turnover,,,1,50.0,0.0,,100.0,0.0,0,,,,,,0,,0.0,,,0,0,,0.0,,0.0,0,0,0,,0,0,,0
Ahmed Hill,Niagara River Lions,2025-2026,offense,Play types,Off Screen,1,,Off Screen,Off Screen,,,,,,47,14.7,0.681,34.2,2.1,4.3,31,22.6,Below Average,17.0,24.4,96.0,45,32.2,4.3,,,11,34,,46.8,0.09,25.5,14,4,10,28.6,7,24,0.69,32
Ahmed Hill,Niagara River Lions,2025-2026,offense,Play types,To Shooter's Left,2,Off Screen,Off Screen > To Shooter's Left,Off Screen,To Shooter's Left,,,,,25,53.2,0.76,38.9,4.0,4.0,18,27.8,,,29.2,,24,39.6,4.0,,,7,17,,24.4,0.04,28.0,6,2,4,33.3,5,13,0.75,19
Ahmed Hill,Niagara River Lions,2025-2026,offense,Play types,Straight,3,To Shooter's Left,Off Screen > To Shooter's Left > Straight,Off Screen,To Shooter's Left,Straight,,,,18,72.0,0.778,40.1,5.6,5.6,14,28.6,,,29.4,,17,41.2,5.6,,,5,12,,17.4,0.06,27.8,3,1,2,33.3,4,10,0.82,14
Ahmed Hill,Niagara River Lions,2025-2026,offense,Play types,No Dribble Jumper,4,Straight,Off Screen > To Shooter's Left > Straight > No Dribble Jumper,Off Screen,To Shooter's Left,Straight,No Dribble Jumper,,,12,66.7,1.0,50.0,0.0,0.0,12,33.3,,,33.3,,12,50.0,0.0,,,4,8,,12.0,0.0,33.3,0,0,0,,4,8,1.0,12
Ahmed Hill,Niagara River Lions,2025-2026,offense,Play types,Guarded,5,No Dribble Jumper,Off Screen > To Shooter's Left > Straight > No Dribble Jumper > Guarded,Off Screen,To Shooter's Left,Straight,No Dribble Jumper,Guarded,,8,66.7,0.75,37.5,0.0,0.0,8,25.0,,,25.0,,8,37.5,0.0,,,2,6,,8.0,0.0,25.0,0,0,0,,2,6,1.0,6
Ahmed Hill,Niagara River Lions,2025-2026,offense,Play types,Open,5,No Dribble Jumper,Off Screen > To Shooter's Left > Straight > No Dribble Jumper > Open,Off Screen,To Shooter's Left,Straight,No Dribble Jumper,Open,,4,33.3,1.5,75.0,0.0,0.0,4,50.0,,,50.0,,4,75.0,0.0,,,2,2,,4.0,0.0,50.0,0,0,0,,2,2,1.0,6
Ahmed Hill,Niagara River Lions,2025-2026,offense,Play types,Dribble Jumper,4,Straight,Off Screen > To Shooter's Left > Straight > Dribble Jumper,Off Screen,To Shooter's Left,Straight,Dribble Jumper,,,3,16.7,0.0,0.0,0.0,0.0,2,0.0,,,0.0,,3,0.0,0.0,,,0,3,,3.0,0.0,0.0,1,0,1,0.0,0,2,0.67,0
Ahmed Hill,Niagara River Lions,2025-2026,offense,Play types,Long/3pt,5,Dribble Jumper,Off Screen > To Shooter's Left > Straight > Dribble Jumper > Long/3pt,Off Screen,To Shooter's Left,Straight,Dribble Jumper,Long/3pt,,2,66.7,0.0,0.0,0.0,0.0,2,0.0,,,0.0,,2,0.0,0.0,,,0,2,,2.0,0.0,0.0,0,0,0,,0,2,1.0,0
Ahmed Hill,Niagara River Lions,2025-2026,offense,Play types,Short to < 17,5,Dribble Jumper,Off Screen > To Shooter's Left > Straight > Dribble Jumper > Short to < 17,Off Screen,To Shooter's Left,Straight,Dribble Jumper,Short to < 17,,1,33.3,0.0,0.0,0.0,0.0,0,,,,0.0,,1,0.0,0.0,,,0,1,,1.0,0.0,0.0,1,0,1,0.0,0,0,0.0,0
Ahmed Hill,Niagara River Lions,2025-2026,offense,Play types,To Basket,4,Straight,Off Screen > To Shooter's Left > Straight > To Basket,Off Screen,To Shooter's Left,Straight,To Basket,,,2,11.1,1.0,41.0,0.0,50.0,0,,,,50.0,,2,50.0,50.0,,,1,1,,2.4,0.5,50.0,2,1,1,50.0,0,0,0.0,2
Ahmed Hill,Niagara River Lions,2025-2026,offense,Play types,Make 2 Pts Foul,5,To Basket,Off Screen > To Shooter's Left > Straight > To Basket > Make 2 Pts Foul,Off Screen,To Shooter's Left,Straight,To Basket,Make 2 Pts Foul,,1,50.0,2.0,69.4,0.0,100.0,0,,,,100.0,,1,100.0,100.0,,,1,0,,1.4,1.0,100.0,1,1,0,100.0,0,0,0.0,2
Ahmed Hill,Niagara River Lions,2025-2026,offense,Play types,Miss 2 Pts,5,To Basket,Off Screen > To Shooter's Left > Straight > To Basket > Miss 2 Pts,Off Screen,To Shooter's Left,Straight,To Basket,Miss 2 Pts,,1,50.0,0.0,0.0,0.0,0.0,0,,,,0.0,,1,0.0,0.0,,,0,1,,1.0,0.0,0.0,1,0,1,0.0,0,0,0.0,0
Ahmed Hill,Niagara River Lions,2025-2026,offense,Play types,Turnover,4,Straight,Off Screen > To Shooter's Left > Straight > Turnover,Off Screen,To Shooter's Left,Straight,Turnover,,,1,5.6,0.0,,100.0,0.0,0,,,,,,0,,0.0,,,0,0,,0.0,,0.0,0,0,0,,0,0,,0
Ahmed Hill,Niagara River Lions,2025-2026,offense,Play types,Flare,3,To Shooter's Left,Off Screen > To Shooter's Left > Flare,Off Screen,To Shooter's Left,Flare,,,,5,20.0,1.0,50.0,0.0,0.0,2,50.0,,,40.0,,5,50.0,0.0,,,2,3,,5.0,0.0,40.0,3,1,2,33.3,1,1,0.4,5
Ahmed Hill,Niagara River Lions,2025-2026,offense,Play types,No Dribble Jumper,4,Flare,Off Screen > To Shooter's Left > Flare > No Dribble Jumper,Off Screen,To Shooter's Left,Flare,No Dribble Jumper,,,2,40.0,1.5,75.0,0.0,0.0,2,50.0,,,50.0,,2,75.0,0.0,,,1,1,,2.0,0.0,50.0,0,0,0,,1,1,1.0,3
Ahmed Hill,Niagara River Lions,2025-2026,offense,Play types,Guarded,5,No Dribble Jumper,Off Screen > To Shooter's Left > Flare > No Dribble Jumper > Guarded,Off Screen,To Shooter's Left,Flare,No Dribble Jumper,Guarded,,2,100.0,1.5,75.0,0.0,0.0,2,50.0,,,50.0,,2,75.0,0.0,,,1,1,,2.0,0.0,50.0,0,0,0,,1,1,1.0,3
Ahmed Hill,Niagara River Lions,2025-2026,offense,Play types,Dribble Jumper,4,Flare,Off Screen > To Shooter's Left > Flare > Dribble Jumper,Off Screen,To Shooter's Left,Flare,Dribble Jumper,,,2,40.0,0.0,0.0,0.0,0.0,0,,,,0.0,,2,0.0,0.0,,,0,2,,2.0,0.0,0.0,2,0,2,0.0,0,0,0.0,0
Ahmed Hill,Niagara River Lions,2025-2026,offense,Play types,Medium/17' to 3pt,5,Dribble Jumper,Off Screen > To Shooter's Left > Flare > Dribble Jumper > Medium/17' to 3pt,Off Screen,To Shooter's Left,Flare,Dribble Jumper,Medium/17' to 3pt,,2,100.0,0.0,0.0,0.0,0.0,0,,,,0.0,,2,0.0,0.0,,,0,2,,2.0,0.0,0.0,2,0,2,0.0,0,0,0.0,0
Ahmed Hill,Niagara River Lions,2025-2026,offense,Play types,To Basket,4,Flare,Off Screen > To Shooter's Left > Flare > To Basket,Off Screen,To Shooter's Left,Flare,To Basket,,,1,20.0,2.0,100.0,0.0,0.0,0,,,,100.0,,1,100.0,0.0,,,1,0,,1.0,0.0,100.0,1,1,0,100.0,0,0,0.0,2
Ahmed Hill,Niagara River Lions,2025-2026,offense,Play types,Make 2 Pts,5,To Basket,Off Screen > To Shooter's Left > Flare > To Basket > Make 2 Pts,Off Screen,To Shooter's Left,Flare,To Basket,Make 2 Pts,,1,100.0,2.0,100.0,0.0,0.0,0,,,,100.0,,1,100.0,0.0,,,1,0,,1.0,0.0,100.0,1,1,0,100.0,0,0,0.0,2
Ahmed Hill,Niagara River Lions,2025-2026,offense,Play types,Fade,3,To Shooter's Left,Off Screen > To Shooter's Left > Fade,Off Screen,To Shooter's Left,Fade,,,,2,8.0,0.0,0.0,0.0,0.0,2,0.0,,,0.0,,2,0.0,0.0,,,0,2,,2.0,0.0,0.0,0,0,0,,0,2,1.0,0
Ahmed Hill,Niagara River Lions,2025-2026,offense,Play types,No Dribble Jumper,4,Fade,Off Screen > To Shooter's Left > Fade > No Dribble Jumper,Off Screen,To Shooter's Left,Fade,No Dribble Jumper,,,2,100.0,0.0,0.0,0.0,0.0,2,0.0,,,0.0,,2,0.0,0.0,,,0,2,,2.0,0.0,0.0,0,0,0,,0,2,1.0,0
Ahmed Hill,Niagara River Lions,2025-2026,offense,Play types,Guarded,5,No Dribble Jumper,Off Screen > To Shooter's Left > Fade > No Dribble Jumper > Guarded,Off Screen,To Shooter's Left,Fade,No Dribble Jumper,Guarded,,2,100.0,0.0,0.0,0.0,0.0,2,0.0,,,0.0,,2,0.0,0.0,,,0,2,,2.0,0.0,0.0,0,0,0,,0,2,1.0,0
Ahmed Hill,Niagara River Lions,2025-2026,offense,Play types,To Shooter's Right,2,Off Screen,Off Screen > To Shooter's Right,Off Screen,To Shooter's Right,,,,,22,46.8,0.591,29.1,0.0,4.5,13,15.4,,,19.0,,21,23.8,4.5,,,4,17,,22.3,0.14,22.7,8,2,6,25.0,2,11,0.62,13
Ahmed Hill,Niagara River Lions,2025-2026,offense,Play types,Straight,3,To Shooter's Right,Off Screen > To Shooter's Right > Straight,Off Screen,To Shooter's Right,Straight,,,,19,86.4,0.579,28.5,0.0,5.3,11,18.2,,,16.7,,18,22.2,5.3,,,3,15,,19.3,0.17,21.1,7,1,6,14.3,2,9,0.61,11
Ahmed Hill,Niagara River Lions,2025-2026,offense,Play types,No Dribble Jumper,4,Straight,Off Screen > To Shooter's Right > Straight > No Dribble Jumper,Off Screen,To Shooter's Right,Straight,No Dribble Jumper,,,14,73.7,0.643,31.4,0.0,7.1,11,18.2,,,15.4,,13,23.1,7.1,,,2,11,,14.3,0.23,21.4,2,0,2,0.0,2,9,0.85,9
Ahmed Hill,Niagara River Lions,2025-2026,offense,Play types,Guarded,5,No Dribble Jumper,Off Screen > To Shooter's Right > Straight > No Dribble Jumper > Guarded,Off Screen,To Shooter's Right,Straight,No Dribble Jumper,Guarded,,10,71.4,0.6,29.1,0.0,10.0,7,14.3,,,11.1,,9,16.7,10.0,,,1,8,,10.3,0.33,20.0,2,0,2,0.0,1,6,0.78,6
Ahmed Hill,Niagara River Lions,2025-2026,offense,Play types,Open,5,No Dribble Jumper,Off Screen > To Shooter's Right > Straight > No Dribble Jumper > Open,Off Screen,To Shooter's Right,Straight,No Dribble Jumper,Open,,4,28.6,0.75,37.5,0.0,0.0,4,25.0,,,25.0,,4,37.5,0.0,,,1,3,,4.0,0.0,25.0,0,0,0,,1,3,1.0,3
Ahmed Hill,Niagara River Lions,2025-2026,offense,Play types,Dribble Jumper,4,Straight,Off Screen > To Shooter's Right > Straight > Dribble Jumper,Off Screen,To Shooter's Right,Straight,Dribble Jumper,,,4,21.1,0.5,25.0,0.0,0.0,0,,,,25.0,,4,25.0,0.0,,,1,3,,4.0,0.0,25.0,4,1,3,25.0,0,0,0.0,2
Ahmed Hill,Niagara River Lions,2025-2026,offense,Play types,Medium/17' to 3pt,5,Dribble Jumper,Off Screen > To Shooter's Right > Straight > Dribble Jumper > Medium/17' to 3pt,Off Screen,To Shooter's Right,Straight,Dribble Jumper,Medium/17' to 3pt,,2,50.0,0.0,0.0,0.0,0.0,0,,,,0.0,,2,0.0,0.0,,,0,2,,2.0,0.0,0.0,2,0,2,0.0,0,0,0.0,0
Ahmed Hill,Niagara River Lions,2025-2026,offense,Play types,Short to < 17,5,Dribble Jumper,Off Screen > To Shooter's Right > Straight > Dribble Jumper > Short to < 17,Off Screen,To Shooter's Right,Straight,Dribble Jumper,Short to < 17,,2,50.0,1.0,50.0,0.0,0.0,0,,,,50.0,,2,50.0,0.0,,,1,1,,2.0,0.0,50.0,2,1,1,50.0,0,0,0.0,2
Ahmed Hill,Niagara River Lions,2025-2026,offense,Play types,To Basket,4,Straight,Off Screen > To Shooter's Right > Straight > To Basket,Off Screen,To Shooter's Right,Straight,To Basket,,,1,5.3,0.0,0.0,0.0,0.0,0,,,,0.0,,1,0.0,0.0,,,0,1,,1.0,0.0,0.0,1,0,1,0.0,0,0,0.0,0
Ahmed Hill,Niagara River Lions,2025-2026,offense,Play types,Miss 2 Pts,5,To Basket,Off Screen > To Shooter's Right > Straight > To Basket > Miss 2 Pts,Off Screen,To Shooter's Right,Straight,To Basket,Miss 2 Pts,,1,100.0,0.0,0.0,0.0,0.0,0,,,,0.0,,1,0.0,0.0,,,0,1,,1.0,0.0,0.0,1,0,1,0.0,0,0,0.0,0
Ahmed Hill,Niagara River Lions,2025-2026,offense,Play types,Flare,3,To Shooter's Right,Off Screen > To Shooter's Right > Flare,Off Screen,To Shooter's Right,Flare,,,,2,9.1,1.0,50.0,0.0,0.0,1,0.0,,,50.0,,2,50.0,0.0,,,1,1,,2.0,0.0,50.0,1,1,0,100.0,0,1,0.5,2
Ahmed Hill,Niagara River Lions,2025-2026,offense,Play types,To Basket,4,Flare,Off Screen > To Shooter's Right > Flare > To Basket,Off Screen,To Shooter's Right,Flare,To Basket,,,1,50.0,2.0,100.0,0.0,0.0,0,,,,100.0,,1,100.0,0.0,,,1,0,,1.0,0.0,100.0,1,1,0,100.0,0,0,0.0,2
Ahmed Hill,Niagara River Lions,2025-2026,offense,Play types,Make 2 Pts,5,To Basket,Off Screen > To Shooter's Right > Flare > To Basket > Make 2 Pts,Off Screen,To Shooter's Right,Flare,To Basket,Make 2 Pts,,1,100.0,2.0,100.0,0.0,0.0,0,,,,100.0,,1,100.0,0.0,,,1,0,,1.0,0.0,100.0,1,1,0,100.0,0,0,0.0,2
Ahmed Hill,Niagara River Lions,2025-2026,offense,Play types,Dribble Jumper,4,Flare,Off Screen > To Shooter's Right > Flare > Dribble Jumper,Off Screen,To Shooter's Right,Flare,Dribble Jumper,,,1,50.0,0.0,0.0,0.0,0.0,1,0.0,,,0.0,,1,0.0,0.0,,,0,1,,1.0,0.0,0.0,0,0,0,,0,1,1.0,0
Ahmed Hill,Niagara River Lions,2025-2026,offense,Play types,Long/3pt,5,Dribble Jumper,Off Screen > To Shooter's Right > Flare > Dribble Jumper > Long/3pt,Off Screen,To Shooter's Right,Flare,Dribble Jumper,Long/3pt,,1,100.0,0.0,0.0,0.0,0.0,1,0.0,,,0.0,,1,0.0,0.0,,,0,1,,1.0,0.0,0.0,0,0,0,,0,1,1.0,0
Ahmed Hill,Niagara River Lions,2025-2026,offense,Play types,Fade,3,To Shooter's Right,Off Screen > To Shooter's Right > Fade,Off Screen,To Shooter's Right,Fade,,,,1,4.5,0.0,0.0,0.0,0.0,1,0.0,,,0.0,,1,0.0,0.0,,,0,1,,1.0,0.0,0.0,0,0,0,,0,1,1.0,0
Ahmed Hill,Niagara River Lions,2025-2026,offense,Play types,No Dribble Jumper,4,Fade,Off Screen > To Shooter's Right > Fade > No Dribble Jumper,Off Screen,To Shooter's Right,Fade,No Dribble Jumper,,,1,100.0,0.0,0.0,0.0,0.0,1,0.0,,,0.0,,1,0.0,0.0,,,0,1,,1.0,0.0,0.0,0,0,0,,0,1,1.0,0
Ahmed Hill,Niagara River Lions,2025-2026,offense,Play types,Open,5,No Dribble Jumper,Off Screen > To Shooter's Right > Fade > No Dribble Jumper > Open,Off Screen,To Shooter's Right,Fade,No Dribble Jumper,Open,,1,100.0,0.0,0.0,0.0,0.0,1,0.0,,,0.0,,1,0.0,0.0,,,0,1,,1.0,0.0,0.0,0,0,0,,0,1,1.0,0
Ahmed Hill,Niagara River Lions,2025-2026,offense,Play types,P&R Ball Handler,1,,P&R Ball Handler,P&R Ball Handler,,,,,,34,10.7,0.735,45.8,20.6,5.9,8,37.5,Average,37.0,38.5,15.0,26,44.2,5.9,,,10,16,,27.3,0.12,32.4,18,7,11,38.9,3,5,0.31,25
Ahmed Hill,Niagara River Lions,2025-2026,offense,Play types,P&R Ball Handler - Overall,2,P&R Ball Handler,P&R Ball Handler > P&R Ball Handler - Overall,P&R Ball Handler,P&R Ball Handler - Overall,,,,,34,100.0,0.735,45.8,20.6,5.9,8,37.5,,,38.5,,26,44.2,5.9,,,10,16,,27.3,0.12,32.4,18,7,11,38.9,3,5,0.31,25
Ahmed Hill,Niagara River Lions,2025-2026,offense,Play types,Dribble Off Pick,3,P&R Ball Handler - Overall,P&R Ball Handler > P&R Ball Handler - Overall > Dribble Off Pick,P&R Ball Handler,P&R Ball Handler - Overall,Dribble Off Pick,,,,27,79.4,0.667,44.3,25.9,7.4,6,33.3,,,36.8,,19,42.1,7.4,,,7,12,,20.3,0.16,29.6,13,5,8,38.5,2,4,0.32,18
Ahmed Hill,Niagara River Lions,2025-2026,offense,Play types,Go Away from Pick,3,P&R Ball Handler - Overall,P&R Ball Handler > P&R Ball Handler - Overall > Go Away from Pick,P&R Ball Handler,P&R Ball Handler - Overall,Go Away from Pick,,,,6,17.6,0.667,33.3,0.0,0.0,1,0.0,,,33.3,,6,33.3,0.0,,,2,4,,6.0,0.0,33.3,5,2,3,40.0,0,1,0.17,4
Ahmed Hill,Niagara River Lions,2025-2026,offense,Play types,Takes Early Jump Shot,3,P&R Ball Handler - Overall,P&R Ball Handler > P&R Ball Handler - Overall > Takes Early Jump Shot,P&R Ball Handler,P&R Ball Handler - Overall,Takes Early Jump Shot,,,,1,2.9,3.0,150.0,0.0,0.0,1,100.0,,,100.0,,1,150.0,0.0,,,1,0,,1.0,0.0,100.0,0,0,0,,1,0,1.0,3
Ahmed Hill,Niagara River Lions,2025-2026,offense,Play types,High P&R,2,P&R Ball Handler,P&R Ball Handler > High P&R,P&R Ball Handler,High P&R,,,,,21,61.8,0.857,49.1,14.3,9.5,6,33.3,,,41.2,,17,47.1,9.5,,,7,10,,18.3,0.18,38.1,11,5,6,45.5,2,4,0.35,18
Ahmed Hill,Niagara River Lions,2025-2026,offense,Play types,Dribble Off Pick,3,High P&R,P&R Ball Handler > High P&R > Dribble Off Pick,P&R Ball Handler,High P&R,Dribble Off Pick,,,,15,71.4,0.867,52.8,20.0,13.3,4,25.0,,,45.5,,11,50.0,13.3,,,5,6,,12.3,0.27,40.0,7,4,3,57.1,1,3,0.36,13
Ahmed Hill,Niagara River Lions,2025-2026,offense,Play types,To Basket,4,Dribble Off Pick,P&R Ball Handler > High P&R > Dribble Off Pick > To Basket,P&R Ball Handler,High P&R,Dribble Off Pick,To Basket,,,6,40.0,1.333,63.3,0.0,33.3,0,,,,60.0,,5,60.0,33.3,,,3,2,,6.3,0.6,66.7,5,3,2,60.0,0,0,0.0,8
Ahmed Hill,Niagara River Lions,2025-2026,offense,Play types,Make 2 Pts,5,To Basket,P&R Ball Handler > High P&R > Dribble Off Pick > To Basket > Make 2 Pts,P&R Ball Handler,High P&R,Dribble Off Pick,To Basket,Make 2 Pts,,2,33.3,2.0,100.0,0.0,0.0,0,,,,100.0,,2,100.0,0.0,,,2,0,,2.0,0.0,100.0,2,2,0,100.0,0,0,0.0,4
Ahmed Hill,Niagara River Lions,2025-2026,offense,Play types,Miss 2 Pts,5,To Basket,P&R Ball Handler > High P&R > Dribble Off Pick > To Basket > Miss 2 Pts,P&R Ball Handler,High P&R,Dribble Off Pick,To Basket,Miss 2 Pts,,2,33.3,0.0,0.0,0.0,0.0,0,,,,0.0,,2,0.0,0.0,,,0,2,,2.0,0.0,0.0,2,0,2,0.0,0,0,0.0,0
Ahmed Hill,Niagara River Lions,2025-2026,offense,Play types,Foul,5,To Basket,P&R Ball Handler > High P&R > Dribble Off Pick > To Basket > Foul,P&R Ball Handler,High P&R,Dribble Off Pick,To Basket,Foul,,1,16.7,1.0,56.8,0.0,100.0,0,,,,,,0,,100.0,,,0,0,,0.9,,100.0,0,0,0,,0,0,,1
Ahmed Hill,Niagara River Lions,2025-2026,offense,Play types,Make 2 Pts Foul,5,To Basket,P&R Ball Handler > High P&R > Dribble Off Pick > To Basket > Make 2 Pts Foul,P&R Ball Handler,High P&R,Dribble Off Pick,To Basket,Make 2 Pts Foul,,1,16.7,3.0,104.2,0.0,100.0,0,,,,100.0,,1,100.0,100.0,,,1,0,,1.4,1.0,100.0,1,1,0,100.0,0,0,0.0,3
Ahmed Hill,Niagara River Lions,2025-2026,offense,Play types,Dribble Jumper,4,Dribble Off Pick,P&R Ball Handler > High P&R > Dribble Off Pick > Dribble Jumper,P&R Ball Handler,High P&R,Dribble Off Pick,Dribble Jumper,,,6,40.0,0.833,41.7,0.0,0.0,4,25.0,,,33.3,,6,41.7,0.0,,,2,4,,6.0,0.0,33.3,2,1,1,50.0,1,3,0.67,5
Ahmed Hill,Niagara River Lions,2025-2026,offense,Play types,Long/3pt,5,Dribble Jumper,P&R Ball Handler > High P&R > Dribble Off Pick > Dribble Jumper > Long/3pt,P&R Ball Handler,High P&R,Dribble Off Pick,Dribble Jumper,Long/3pt,,4,66.7,0.75,37.5,0.0,0.0,4,25.0,,,25.0,,4,37.5,0.0,,,1,3,,4.0,0.0,25.0,0,0,0,,1,3,1.0,3
Ahmed Hill,Niagara River Lions,2025-2026,offense,Play types,Medium/17' to 3pt,5,Dribble Jumper,P&R Ball Handler > High P&R > Dribble Off Pick > Dribble Jumper > Medium/17' to 3pt,P&R Ball Handler,High P&R,Dribble Off Pick,Dribble Jumper,Medium/17' to 3pt,,1,16.7,0.0,0.0,0.0,0.0,0,,,,0.0,,1,0.0,0.0,,,0,1,,1.0,0.0,0.0,1,0,1,0.0,0,0,0.0,0
Ahmed Hill,Niagara River Lions,2025-2026,offense,Play types,Short to < 17,5,Dribble Jumper,P&R Ball Handler > High P&R > Dribble Off Pick > Dribble Jumper > Short to < 17,P&R Ball Handler,High P&R,Dribble Off Pick,Dribble Jumper,Short to < 17,,1,16.7,2.0,100.0,0.0,0.0,0,,,,100.0,,1,100.0,0.0,,,1,0,,1.0,0.0,100.0,1,1,0,100.0,0,0,0.0,2
Ahmed Hill,Niagara River Lions,2025-2026,offense,Play types,Defense Commits,4,Dribble Off Pick,P&R Ball Handler > High P&R > Dribble Off Pick > Defense Commits,P&R Ball Handler,High P&R,Dribble Off Pick,Defense Commits,,,2,13.3,0.0,,100.0,0.0,0,,,,,,0,,0.0,,,0,0,,0.0,,0.0,0,0,0,,0,0,,0
Ahmed Hill,Niagara River Lions,2025-2026,offense,Play types,Turnover,5,Defense Commits,P&R Ball Handler > High P&R > Dribble Off Pick > Defense Commits > Turnover,P&R Ball Handler,High P&R,Dribble Off Pick,Defense Commits,Turnover,,2,100.0,0.0,,100.0,0.0,0,,,,,,0,,0.0,,,0,0,,0.0,,0.0,0,0,0,,0,0,,0
Ahmed Hill,Niagara River Lions,2025-2026,offense,Play types,Turnover,4,Dribble Off Pick,P&R Ball Handler > High P&R > Dribble Off Pick > Turnover,P&R Ball Handler,High P&R,Dribble Off Pick,Turnover,,,1,6.7,0.0,,100.0,0.0,0,,,,,,0,,0.0,,,0,0,,0.0,,0.0,0,0,0,,0,0,,0
Ahmed Hill,Niagara River Lions,2025-2026,offense,Play types,Go Away from Pick,3,High P&R,P&R Ball Handler > High P&R > Go Away from Pick,P&R Ball Handler,High P&R,Go Away from Pick,,,,5,23.8,0.4,20.0,0.0,0.0,1,0.0,,,20.0,,5,20.0,0.0,,,1,4,,5.0,0.0,20.0,4,1,3,25.0,0,1,0.2,2
Ahmed Hill,Niagara River Lions,2025-2026,offense,Play types,To Basket,4,Go Away from Pick,P&R Ball Handler > High P&R > Go Away from Pick > To Basket,P&R Ball Handler,High P&R,Go Away from Pick,To Basket,,,3,60.0,0.667,33.3,0.0,0.0,0,,,,33.3,,3,33.3,0.0,,,1,2,,3.0,0.0,33.3,3,1,2,33.3,0,0,0.0,2
Ahmed Hill,Niagara River Lions,2025-2026,offense,Play types,Miss 2 Pts,5,To Basket,P&R Ball Handler > High P&R > Go Away from Pick > To Basket > Miss 2 Pts,P&R Ball Handler,High P&R,Go Away from Pick,To Basket,Miss 2 Pts,,2,66.7,0.0,0.0,0.0,0.0,0,,,,0.0,,2,0.0,0.0,,,0,2,,2.0,0.0,0.0,2,0,2,0.0,0,0,0.0,0
Ahmed Hill,Niagara River Lions,2025-2026,offense,Play types,Make 2 Pts,5,To Basket,P&R Ball Handler > High P&R > Go Away from Pick > To Basket > Make 2 Pts,P&R Ball Handler,High P&R,Go Away from Pick,To Basket,Make 2 Pts,,1,33.3,2.0,100.0,0.0,0.0,0,,,,100.0,,1,100.0,0.0,,,1,0,,1.0,0.0,100.0,1,1,0,100.0,0,0,0.0,2
Ahmed Hill,Niagara River Lions,2025-2026,offense,Play types,Dribble Jumper,4,Go Away from Pick,P&R Ball Handler > High P&R > Go Away from Pick > Dribble Jumper,P&R Ball Handler,High P&R,Go Away from Pick,Dribble Jumper,,,2,40.0,0.0,0.0,0.0,0.0,1,0.0,,,0.0,,2,0.0,0.0,,,0,2,,2.0,0.0,0.0,1,0,1,0.0,0,1,0.5,0
Ahmed Hill,Niagara River Lions,2025-2026,offense,Play types,Short to < 17,5,Dribble Jumper,P&R Ball Handler > High P&R > Go Away from Pick > Dribble Jumper > Short to < 17,P&R Ball Handler,High P&R,Go Away from Pick,Dribble Jumper,Short to < 17,,1,50.0,0.0,0.0,0.0,0.0,0,,,,0.0,,1,0.0,0.0,,,0,1,,1.0,0.0,0.0,1,0,1,0.0,0,0,0.0,0
Ahmed Hill,Niagara River Lions,2025-2026,offense,Play types,Long/3pt,5,Dribble Jumper,P&R Ball Handler > High P&R > Go Away from Pick > Dribble Jumper > Long/3pt,P&R Ball Handler,High P&R,Go Away from Pick,Dribble Jumper,Long/3pt,,1,50.0,0.0,0.0,0.0,0.0,1,0.0,,,0.0,,1,0.0,0.0,,,0,1,,1.0,0.0,0.0,0,0,0,,0,1,1.0,0
Ahmed Hill,Niagara River Lions,2025-2026,offense,Play types,Takes Early Jump Shot,3,High P&R,P&R Ball Handler > High P&R > Takes Early Jump Shot,P&R Ball Handler,High P&R,Takes Early Jump Shot,,,,1,4.8,3.0,150.0,0.0,0.0,1,100.0,,,100.0,,1,150.0,0.0,,,1,0,,1.0,0.0,100.0,0,0,0,,1,0,1.0,3
Ahmed Hill,Niagara River Lions,2025-2026,offense,Play types,Dribble Jumper,4,Takes Early Jump Shot,P&R Ball Handler > High P&R > Takes Early Jump Shot > Dribble Jumper,P&R Ball Handler,High P&R,Takes Early Jump Shot,Dribble Jumper,,,1,100.0,3.0,150.0,0.0,0.0,1,100.0,,,100.0,,1,150.0,0.0,,,1,0,,1.0,0.0,100.0,0,0,0,,1,0,1.0,3
Ahmed Hill,Niagara River Lions,2025-2026,offense,Play types,Long/3pt,5,Dribble Jumper,P&R Ball Handler > High P&R > Takes Early Jump Shot > Dribble Jumper > Long/3pt,P&R Ball Handler,High P&R,Takes Early Jump Shot,Dribble Jumper,Long/3pt,,1,100.0,3.0,150.0,0.0,0.0,1,100.0,,,100.0,,1,150.0,0.0,,,1,0,,1.0,0.0,100.0,0,0,0,,1,0,1.0,3
Ahmed Hill,Niagara River Lions,2025-2026,offense,Play types,Right P&R,2,P&R Ball Handler,P&R Ball Handler > Right P&R,P&R Ball Handler,Right P&R,,,,,8,23.5,0.625,41.7,25.0,0.0,2,50.0,,,33.3,,6,41.7,0.0,,,2,4,,6.0,0.0,25.0,4,1,3,25.0,1,1,0.33,5
Ahmed Hill,Niagara River Lions,2025-2026,offense,Play types,Side,3,Right P&R,P&R Ball Handler > Right P&R > Side,P&R Ball Handler,Right P&R,Side,,,,5,62.5,0.4,25.0,20.0,0.0,1,0.0,,,25.0,,4,25.0,0.0,,,1,3,,4.0,0.0,20.0,3,1,2,33.3,0,1,0.25,2
Ahmed Hill,Niagara River Lions,2025-2026,offense,Play types,Dribble Off Pick,4,Side,P&R Ball Handler > Right P&R > Side > Dribble Off Pick,P&R Ball Handler,Right P&R,Side,Dribble Off Pick,,,4,80.0,0.0,0.0,25.0,0.0,1,0.0,,,0.0,,3,0.0,0.0,,,0,3,,3.0,0.0,0.0,2,0,2,0.0,0,1,0.33,0
Ahmed Hill,Niagara River Lions,2025-2026,offense,Play types,To Basket,5,Dribble Off Pick,P&R Ball Handler > Right P&R > Side > Dribble Off Pick > To Basket,P&R Ball Handler,Right P&R,Side,Dribble Off Pick,To Basket,,2,50.0,0.0,0.0,0.0,0.0,0,,,,0.0,,2,0.0,0.0,,,0,2,,2.0,0.0,0.0,2,0,2,0.0,0,0,0.0,0
Ahmed Hill,Niagara River Lions,2025-2026,offense,Play types,Defense Commits,5,Dribble Off Pick,P&R Ball Handler > Right P&R > Side > Dribble Off Pick > Defense Commits,P&R Ball Handler,Right P&R,Side,Dribble Off Pick,Defense Commits,,1,25.0,0.0,,100.0,0.0,0,,,,,,0,,0.0,,,0,0,,0.0,,0.0,0,0,0,,0,0,,0
Ahmed Hill,Niagara River Lions,2025-2026,offense,Play types,Dribble Jumper,5,Dribble Off Pick,P&R Ball Handler > Right P&R > Side > Dribble Off Pick > Dribble Jumper,P&R Ball Handler,Right P&R,Side,Dribble Off Pick,Dribble Jumper,,1,25.0,0.0,0.0,0.0,0.0,1,0.0,,,0.0,,1,0.0,0.0,,,0,1,,1.0,0.0,0.0,0,0,0,,0,1,1.0,0
Ahmed Hill,Niagara River Lions,2025-2026,offense,Play types,Go Away from Pick,4,Side,P&R Ball Handler > Right P&R > Side > Go Away from Pick,P&R Ball Handler,Right P&R,Side,Go Away from Pick,,,1,20.0,2.0,100.0,0.0,0.0,0,,,,100.0,,1,100.0,0.0,,,1,0,,1.0,0.0,100.0,1,1,0,100.0,0,0,0.0,2
Ahmed Hill,Niagara River Lions,2025-2026,offense,Play types,Dribble Jumper,5,Go Away from Pick,P&R Ball Handler > Right P&R > Side > Go Away from Pick > Dribble Jumper,P&R Ball Handler,Right P&R,Side,Go Away from Pick,Dribble Jumper,,1,100.0,2.0,100.0,0.0,0.0,0,,,,100.0,,1,100.0,0.0,,,1,0,,1.0,0.0,100.0,1,1,0,100.0,0,0,0.0,2
Ahmed Hill,Niagara River Lions,2025-2026,offense,Play types,Baseline,3,Right P&R,P&R Ball Handler > Right P&R > Baseline,P&R Ball Handler,Right P&R,Baseline,,,,3,37.5,1.0,75.0,33.3,0.0,1,100.0,,,50.0,,2,75.0,0.0,,,1,1,,2.0,0.0,33.3,1,0,1,0.0,1,0,0.5,3
Ahmed Hill,Niagara River Lions,2025-2026,offense,Play types,Dribble Off Pick,4,Baseline,P&R Ball Handler > Right P&R > Baseline > Dribble Off Pick,P&R Ball Handler,Right P&R,Baseline,Dribble Off Pick,,,3,100.0,1.0,75.0,33.3,0.0,1,100.0,,,50.0,,2,75.0,0.0,,,1,1,,2.0,0.0,33.3,1,0,1,0.0,1,0,0.5,3
Ahmed Hill,Niagara River Lions,2025-2026,offense,Play types,To Basket,5,Dribble Off Pick,P&R Ball Handler > Right P&R > Baseline > Dribble Off Pick > To Basket,P&R Ball Handler,Right P&R,Baseline,Dribble Off Pick,To Basket,,1,33.3,0.0,0.0,0.0,0.0,0,,,,0.0,,1,0.0,0.0,,,0,1,,1.0,0.0,0.0,1,0,1,0.0,0,0,0.0,0
Ahmed Hill,Niagara River Lions,2025-2026,offense,Play types,Turnover,5,Dribble Off Pick,P&R Ball Handler > Right P&R > Baseline > Dribble Off Pick > Turnover,P&R Ball Handler,Right P&R,Baseline,Dribble Off Pick,Turnover,,1,33.3,0.0,,100.0,0.0,0,,,,,,0,,0.0,,,0,0,,0.0,,0.0,0,0,0,,0,0,,0
Ahmed Hill,Niagara River Lions,2025-2026,offense,Play types,Dribble Jumper,5,Dribble Off Pick,P&R Ball Handler > Right P&R > Baseline > Dribble Off Pick > Dribble Jumper,P&R Ball Handler,Right P&R,Baseline,Dribble Off Pick,Dribble Jumper,,1,33.3,3.0,150.0,0.0,0.0,1,100.0,,,100.0,,1,150.0,0.0,,,1,0,,1.0,0.0,100.0,0,0,0,,1,0,1.0,3
Ahmed Hill,Niagara River Lions,2025-2026,offense,Play types,Left P&R,2,P&R Ball Handler,P&R Ball Handler > Left P&R,P&R Ball Handler,Left P&R,,,,,5,14.7,0.4,33.3,40.0,0.0,0,,,,33.3,,3,33.3,0.0,,,1,2,,3.0,0.0,20.0,3,1,2,33.3,0,0,0.0,2
Ahmed Hill,Niagara River Lions,2025-2026,offense,Play types,Baseline,3,Left P&R,P&R Ball Handler > Left P&R > Baseline,P&R Ball Handler,Left P&R,Baseline,,,,4,80.0,0.5,50.0,50.0,0.0,0,,,,50.0,,2,50.0,0.0,,,1,1,,2.0,0.0,25.0,2,1,1,50.0,0,0,0.0,2
Ahmed Hill,Niagara River Lions,2025-2026,offense,Play types,Dribble Off Pick,4,Baseline,P&R Ball Handler > Left P&R > Baseline > Dribble Off Pick,P&R Ball Handler,Left P&R,Baseline,Dribble Off Pick,,,4,100.0,0.5,50.0,50.0,0.0,0,,,,50.0,,2,50.0,0.0,,,1,1,,2.0,0.0,25.0,2,1,1,50.0,0,0,0.0,2
Ahmed Hill,Niagara River Lions,2025-2026,offense,Play types,Defense Commits,5,Dribble Off Pick,P&R Ball Handler > Left P&R > Baseline > Dribble Off Pick > Defense Commits,P&R Ball Handler,Left P&R,Baseline,Dribble Off Pick,Defense Commits,,2,50.0,0.0,,100.0,0.0,0,,,,,,0,,0.0,,,0,0,,0.0,,0.0,0,0,0,,0,0,,0
Ahmed Hill,Niagara River Lions,2025-2026,offense,Play types,Dribble Jumper,5,Dribble Off Pick,P&R Ball Handler > Left P&R > Baseline > Dribble Off Pick > Dribble Jumper,P&R Ball Handler,Left P&R,Baseline,Dribble Off Pick,Dribble Jumper,,2,50.0,1.0,50.0,0.0,0.0,0,,,,50.0,,2,50.0,0.0,,,1,1,,2.0,0.0,50.0,2,1,1,50.0,0,0,0.0,2
Ahmed Hill,Niagara River Lions,2025-2026,offense,Play types,Side,3,Left P&R,P&R Ball Handler > Left P&R > Side,P&R Ball Handler,Left P&R,Side,,,,1,20.0,0.0,0.0,0.0,0.0,0,,,,0.0,,1,0.0,0.0,,,0,1,,1.0,0.0,0.0,1,0,1,0.0,0,0,0.0,0
Ahmed Hill,Niagara River Lions,2025-2026,offense,Play types,Dribble Off Pick,4,Side,P&R Ball Handler > Left P&R > Side > Dribble Off Pick,P&R Ball Handler,Left P&R,Side,Dribble Off Pick,,,1,100.0,0.0,0.0,0.0,0.0,0,,,,0.0,,1,0.0,0.0,,,0,1,,1.0,0.0,0.0,1,0,1,0.0,0,0,0.0,0
Ahmed Hill,Niagara River Lions,2025-2026,offense,Play types,Dribble Jumper,5,Dribble Off Pick,P&R Ball Handler > Left P&R > Side > Dribble Off Pick > Dribble Jumper,P&R Ball Handler,Left P&R,Side,Dribble Off Pick,Dribble Jumper,,1,100.0,0.0,0.0,0.0,0.0,0,,,,0.0,,1,0.0,0.0,,,0,1,,1.0,0.0,0.0,1,0,1,0.0,0,0,0.0,0
Ahmed Hill,Niagara River Lions,2025-2026,offense,Play types,Isolation,1,,Isolation,Isolation,,,,,,15,4.7,0.733,50.0,26.7,0.0,5,60.0,Average,36.0,36.4,9.0,11,50.0,0.0,,,4,7,,11.0,0.0,26.7,6,1,5,16.7,3,2,0.45,11
Ahmed Hill,Niagara River Lions,2025-2026,offense,Play types,Isolation - Overall,2,Isolation,Isolation > Isolation - Overall,Isolation,Isolation - Overall,,,,,15,100.0,0.733,50.0,26.7,0.0,5,60.0,,,36.4,,11,50.0,0.0,,,4,7,,11.0,0.0,26.7,6,1,5,16.7,3,2,0.45,11
Ahmed Hill,Niagara River Lions,2025-2026,offense,Play types,Drives Left,3,Isolation - Overall,Isolation > Isolation - Overall > Drives Left,Isolation,Isolation - Overall,Drives Left,,,,11,73.3,0.182,14.3,36.4,0.0,1,0.0,,,14.3,,7,14.3,0.0,,,1,6,,7.0,0.0,9.1,6,1,5,16.7,0,1,0.14,2
Ahmed Hill,Niagara River Lions,2025-2026,offense,Play types,Early Jumper,3,Isolation - Overall,Isolation > Isolation - Overall > Early Jumper,Isolation,Isolation - Overall,Early Jumper,,,,4,26.7,2.25,112.5,0.0,0.0,4,75.0,,,75.0,,4,112.5,0.0,,,3,1,,4.0,0.0,75.0,0,0,0,,3,1,1.0,9
Ahmed Hill,Niagara River Lions,2025-2026,offense,Play types,Right,2,Isolation,Isolation > Right,Isolation,Right,,,,,6,40.0,1.5,112.5,33.3,0.0,3,100.0,,,75.0,,4,112.5,0.0,,,3,1,,4.0,0.0,50.0,1,0,1,0.0,3,0,0.75,9
Ahmed Hill,Niagara River Lions,2025-2026,offense,Play types,Early Jumper,3,Right,Isolation > Right > Early Jumper,Isolation,Right,Early Jumper,,,,3,50.0,3.0,150.0,0.0,0.0,3,100.0,,,100.0,,3,150.0,0.0,,,3,0,,3.0,0.0,100.0,0,0,0,,3,0,1.0,9
Ahmed Hill,Niagara River Lions,2025-2026,offense,Play types,Dribble Jumper,4,Early Jumper,Isolation > Right > Early Jumper > Dribble Jumper,Isolation,Right,Early Jumper,Dribble Jumper,,,2,66.7,3.0,150.0,0.0,0.0,2,100.0,,,100.0,,2,150.0,0.0,,,2,0,,2.0,0.0,100.0,0,0,0,,2,0,1.0,6
Ahmed Hill,Niagara River Lions,2025-2026,offense,Play types,Long/3pt,5,Dribble Jumper,Isolation > Right > Early Jumper > Dribble Jumper > Long/3pt,Isolation,Right,Early Jumper,Dribble Jumper,Long/3pt,,2,100.0,3.0,150.0,0.0,0.0,2,100.0,,,100.0,,2,150.0,0.0,,,2,0,,2.0,0.0,100.0,0,0,0,,2,0,1.0,6
Ahmed Hill,Niagara River Lions,2025-2026,offense,Play types,No Dribble Jumper,4,Early Jumper,Isolation > Right > Early Jumper > No Dribble Jumper,Isolation,Right,Early Jumper,No Dribble Jumper,,,1,33.3,3.0,150.0,0.0,0.0,1,100.0,,,100.0,,1,150.0,0.0,,,1,0,,1.0,0.0,100.0,0,0,0,,1,0,1.0,3
Ahmed Hill,Niagara River Lions,2025-2026,offense,Play types,Guarded,5,No Dribble Jumper,Isolation > Right > Early Jumper > No Dribble Jumper > Guarded,Isolation,Right,Early Jumper,No Dribble Jumper,Guarded,,1,100.0,3.0,150.0,0.0,0.0,1,100.0,,,100.0,,1,150.0,0.0,,,1,0,,1.0,0.0,100.0,0,0,0,,1,0,1.0,3
Ahmed Hill,Niagara River Lions,2025-2026,offense,Play types,Drives Left,3,Right,Isolation > Right > Drives Left,Isolation,Right,Drives Left,,,,3,50.0,0.0,0.0,66.7,0.0,0,,,,0.0,,1,0.0,0.0,,,0,1,,1.0,0.0,0.0,1,0,1,0.0,0,0,0.0,0
Ahmed Hill,Niagara River Lions,2025-2026,offense,Play types,Defense Commits,4,Drives Left,Isolation > Right > Drives Left > Defense Commits,Isolation,Right,Drives Left,Defense Commits,,,2,66.7,0.0,,100.0,0.0,0,,,,,,0,,0.0,,,0,0,,0.0,,0.0,0,0,0,,0,0,,0
Ahmed Hill,Niagara River Lions,2025-2026,offense,Play types,Turnover,5,Defense Commits,Isolation > Right > Drives Left > Defense Commits > Turnover,Isolation,Right,Drives Left,Defense Commits,Turnover,,2,100.0,0.0,,100.0,0.0,0,,,,,,0,,0.0,,,0,0,,0.0,,0.0,0,0,0,,0,0,,0
Ahmed Hill,Niagara River Lions,2025-2026,offense,Play types,Dribble Jumper,4,Drives Left,Isolation > Right > Drives Left > Dribble Jumper,Isolation,Right,Drives Left,Dribble Jumper,,,1,33.3,0.0,0.0,0.0,0.0,0,,,,0.0,,1,0.0,0.0,,,0,1,,1.0,0.0,0.0,1,0,1,0.0,0,0,0.0,0
Ahmed Hill,Niagara River Lions,2025-2026,offense,Play types,Medium/17' to 3pt,5,Dribble Jumper,Isolation > Right > Drives Left > Dribble Jumper > Medium/17' to 3pt,Isolation,Right,Drives Left,Dribble Jumper,Medium/17' to 3pt,,1,100.0,0.0,0.0,0.0,0.0,0,,,,0.0,,1,0.0,0.0,,,0,1,,1.0,0.0,0.0,1,0,1,0.0,0,0,0.0,0
Ahmed Hill,Niagara River Lions,2025-2026,offense,Play types,Top,2,Isolation,Isolation > Top,Isolation,Top,,,,,5,33.3,0.4,20.0,0.0,0.0,2,0.0,,,20.0,,5,20.0,0.0,,,1,4,,5.0,0.0,20.0,3,1,2,33.3,0,2,0.4,2
Ahmed Hill,Niagara River Lions,2025-2026,offense,Play types,Drives Left,3,Top,Isolation > Top > Drives Left,Isolation,Top,Drives Left,,,,4,80.0,0.5,25.0,0.0,0.0,1,0.0,,,25.0,,4,25.0,0.0,,,1,3,,4.0,0.0,25.0,3,1,2,33.3,0,1,0.25,2
Ahmed Hill,Niagara River Lions,2025-2026,offense,Play types,Dribble Jumper,4,Drives Left,Isolation > Top > Drives Left > Dribble Jumper,Isolation,Top,Drives Left,Dribble Jumper,,,4,100.0,0.5,25.0,0.0,0.0,1,0.0,,,25.0,,4,25.0,0.0,,,1,3,,4.0,0.0,25.0,3,1,2,33.3,0,1,0.25,2
Ahmed Hill,Niagara River Lions,2025-2026,offense,Play types,Short to < 17,5,Dribble Jumper,Isolation > Top > Drives Left > Dribble Jumper > Short to < 17,Isolation,Top,Drives Left,Dribble Jumper,Short to < 17,,3,75.0,0.667,33.3,0.0,0.0,0,,,,33.3,,3,33.3,0.0,,,1,2,,3.0,0.0,33.3,3,1,2,33.3,0,0,0.0,2
Ahmed Hill,Niagara River Lions,2025-2026,offense,Play types,Long/3pt,5,Dribble Jumper,Isolation > Top > Drives Left > Dribble Jumper > Long/3pt,Isolation,Top,Drives Left,Dribble Jumper,Long/3pt,,1,25.0,0.0,0.0,0.0,0.0,1,0.0,,,0.0,,1,0.0,0.0,,,0,1,,1.0,0.0,0.0,0,0,0,,0,1,1.0,0
Ahmed Hill,Niagara River Lions,2025-2026,offense,Play types,Early Jumper,3,Top,Isolation > Top > Early Jumper,Isolation,Top,Early Jumper,,,,1,20.0,0.0,0.0,0.0,0.0,1,0.0,,,0.0,,1,0.0,0.0,,,0,1,,1.0,0.0,0.0,0,0,0,,0,1,1.0,0
Ahmed Hill,Niagara River Lions,2025-2026,offense,Play types,Dribble Jumper,4,Early Jumper,Isolation > Top > Early Jumper > Dribble Jumper,Isolation,Top,Early Jumper,Dribble Jumper,,,1,100.0,0.0,0.0,0.0,0.0,1,0.0,,,0.0,,1,0.0,0.0,,,0,1,,1.0,0.0,0.0,0,0,0,,0,1,1.0,0
Ahmed Hill,Niagara River Lions,2025-2026,offense,Play types,Long/3pt,5,Dribble Jumper,Isolation > Top > Early Jumper > Dribble Jumper > Long/3pt,Isolation,Top,Early Jumper,Dribble Jumper,Long/3pt,,1,100.0,0.0,0.0,0.0,0.0,1,0.0,,,0.0,,1,0.0,0.0,,,0,1,,1.0,0.0,0.0,0,0,0,,0,1,1.0,0
Ahmed Hill,Niagara River Lions,2025-2026,offense,Play types,Left,2,Isolation,Isolation > Left,Isolation,Left,,,,,4,26.7,0.0,0.0,50.0,0.0,0,,,,0.0,,2,0.0,0.0,,,0,2,,2.0,0.0,0.0,2,0,2,0.0,0,0,0.0,0
Ahmed Hill,Niagara River Lions,2025-2026,offense,Play types,Drives Left,3,Left,Isolation > Left > Drives Left,Isolation,Left,Drives Left,,,,4,100.0,0.0,0.0,50.0,0.0,0,,,,0.0,,2,0.0,0.0,,,0,2,,2.0,0.0,0.0,2,0,2,0.0,0,0,0.0,0
Ahmed Hill,Niagara River Lions,2025-2026,offense,Play types,Defense Commits,4,Drives Left,Isolation > Left > Drives Left > Defense Commits,Isolation,Left,Drives Left,Defense Commits,,,1,25.0,0.0,,100.0,0.0,0,,,,,,0,,0.0,,,0,0,,0.0,,0.0,0,0,0,,0,0,,0
Ahmed Hill,Niagara River Lions,2025-2026,offense,Play types,Turnover,5,Defense Commits,Isolation > Left > Drives Left > Defense Commits > Turnover,Isolation,Left,Drives Left,Defense Commits,Turnover,,1,100.0,0.0,,100.0,0.0,0,,,,,,0,,0.0,,,0,0,,0.0,,0.0,0,0,0,,0,0,,0
Ahmed Hill,Niagara River Lions,2025-2026,offense,Play types,Dribble Jumper,4,Drives Left,Isolation > Left > Drives Left > Dribble Jumper,Isolation,Left,Drives Left,Dribble Jumper,,,1,25.0,0.0,0.0,0.0,0.0,0,,,,0.0,,1,0.0,0.0,,,0,1,,1.0,0.0,0.0,1,0,1,0.0,0,0,0.0,0
Ahmed Hill,Niagara River Lions,2025-2026,offense,Play types,Medium/17' to 3pt,5,Dribble Jumper,Isolation > Left > Drives Left > Dribble Jumper > Medium/17' to 3pt,Isolation,Left,Drives Left,Dribble Jumper,Medium/17' to 3pt,,1,100.0,0.0,0.0,0.0,0.0,0,,,,0.0,,1,0.0,0.0,,,0,1,,1.0,0.0,0.0,1,0,1,0.0,0,0,0.0,0
Ahmed Hill,Niagara River Lions,2025-2026,offense,Play types,To Basket,4,Drives Left,Isolation > Left > Drives Left > To Basket,Isolation,Left,Drives Left,To Basket,,,1,25.0,0.0,0.0,0.0,0.0,0,,,,0.0,,1,0.0,0.0,,,0,1,,1.0,0.0,0.0,1,0,1,0.0,0,0,0.0,0
Ahmed Hill,Niagara River Lions,2025-2026,offense,Play types,Miss 2 Pts,5,To Basket,Isolation > Left > Drives Left > To Basket > Miss 2 Pts,Isolation,Left,Drives Left,To Basket,Miss 2 Pts,,1,100.0,0.0,0.0,0.0,0.0,0,,,,0.0,,1,0.0,0.0,,,0,1,,1.0,0.0,0.0,1,0,1,0.0,0,0,0.0,0
Ahmed Hill,Niagara River Lions,2025-2026,offense,Play types,Turnover,4,Drives Left,Isolation > Left > Drives Left > Turnover,Isolation,Left,Drives Left,Turnover,,,1,25.0,0.0,,100.0,0.0,0,,,,,,0,,0.0,,,0,0,,0.0,,0.0,0,0,0,,0,0,,0
Ahmed Hill,Niagara River Lions,2025-2026,offense,Play types,Miscellaneous Plays,1,,Miscellaneous Plays,Miscellaneous Plays,,,,,,13,4.1,0.769,74.0,53.8,23.1,2,0.0,Excellent,88.0,60.0,8.0,5,60.0,15.4,,,3,2,,6.8,0.8,30.8,3,3,0,100.0,0,2,0.4,10
Ahmed Hill,Niagara River Lions,2025-2026,offense,Play types,Turnover,2,Miscellaneous Plays,Miscellaneous Plays > Turnover,Miscellaneous Plays,Turnover,,,,,7,53.8,0.0,,100.0,0.0,0,,,,,,0,,0.0,,,0,0,,0.0,,0.0,0,0,0,,0,0,,0
Ahmed Hill,Niagara River Lions,2025-2026,offense,Play types,To Basket,2,Miscellaneous Plays,Miscellaneous Plays > To Basket,Miscellaneous Plays,To Basket,,,,,3,23.1,2.667,103.1,0.0,66.7,0,,,,100.0,,3,100.0,66.7,,,3,0,,3.9,0.67,100.0,3,3,0,100.0,0,0,0.0,8
Ahmed Hill,Niagara River Lions,2025-2026,offense,Play types,Make 2 Pts Foul,3,To Basket,Miscellaneous Plays > To Basket > Make 2 Pts Foul,Miscellaneous Plays,To Basket,Make 2 Pts Foul,,,,2,66.7,3.0,104.2,0.0,100.0,0,,,,100.0,,2,100.0,100.0,,,2,0,,2.9,1.0,100.0,2,2,0,100.0,0,0,0.0,6
Ahmed Hill,Niagara River Lions,2025-2026,offense,Play types,1 Pts,4,Make 2 Pts Foul,Miscellaneous Plays > To Basket > Make 2 Pts Foul > 1 Pts,Miscellaneous Plays,To Basket,Make 2 Pts Foul,1 Pts,,,2,100.0,3.0,104.2,0.0,100.0,0,,,,100.0,,2,100.0,100.0,,,2,0,,2.9,1.0,100.0,2,2,0,100.0,0,0,0.0,6
Ahmed Hill,Niagara River Lions,2025-2026,offense,Play types,Make 2 Pts,3,To Basket,Miscellaneous Plays > To Basket > Make 2 Pts,Miscellaneous Plays,To Basket,Make 2 Pts,,,,1,33.3,2.0,100.0,0.0,0.0,0,,,,100.0,,1,100.0,0.0,,,1,0,,1.0,0.0,100.0,1,1,0,100.0,0,0,0.0,2
Ahmed Hill,Niagara River Lions,2025-2026,offense,Play types,Dribble Jumper,2,Miscellaneous Plays,Miscellaneous Plays > Dribble Jumper,Miscellaneous Plays,Dribble Jumper,,,,,2,15.4,0.0,0.0,0.0,0.0,2,0.0,,,0.0,,2,0.0,0.0,,,0,2,,2.0,0.0,0.0,0,0,0,,0,2,1.0,0
Ahmed Hill,Niagara River Lions,2025-2026,offense,Play types,Long/3pt,3,Dribble Jumper,Miscellaneous Plays > Dribble Jumper > Long/3pt,Miscellaneous Plays,Dribble Jumper,Long/3pt,,,,2,100.0,0.0,0.0,0.0,0.0,2,0.0,,,0.0,,2,0.0,0.0,,,0,2,,2.0,0.0,0.0,0,0,0,,0,2,1.0,0
Ahmed Hill,Niagara River Lions,2025-2026,offense,Play types,Miss 3 Pts,4,Long/3pt,Miscellaneous Plays > Dribble Jumper > Long/3pt > Miss 3 Pts,Miscellaneous Plays,Dribble Jumper,Long/3pt,Miss 3 Pts,,,2,100.0,0.0,0.0,0.0,0.0,2,0.0,,,0.0,,2,0.0,0.0,,,0,2,,2.0,0.0,0.0,0,0,0,,0,2,1.0,0
Ahmed Hill,Niagara River Lions,2025-2026,offense,Play types,Foul,2,Miscellaneous Plays,Miscellaneous Plays > Foul,Miscellaneous Plays,Foul,,,,,1,7.7,2.0,113.6,0.0,100.0,0,,,,,,0,,0.0,,,0,0,,0.9,,100.0,0,0,0,,0,0,,2
Ahmed Hill,Niagara River Lions,2025-2026,offense,Play types,Handoffs,1,,Handoffs,Handoffs,,,,,,12,3.8,1.083,92.9,41.7,0.0,4,75.0,Very Good,79.0,71.4,14.0,7,92.9,0.0,,,5,2,,7.0,0.0,41.7,3,2,1,66.7,3,1,0.57,13
Ahmed Hill,Niagara River Lions,2025-2026,offense,Play types,From Dribble,2,Handoffs,Handoffs > From Dribble,Handoffs,From Dribble,,,,,10,83.3,1.0,83.3,40.0,0.0,3,66.7,,,66.7,,6,83.3,0.0,,,4,2,,6.0,0.0,40.0,3,2,1,66.7,2,1,0.5,10
Ahmed Hill,Niagara River Lions,2025-2026,offense,Play types,Top,3,From Dribble,Handoffs > From Dribble > Top,Handoffs,From Dribble,Top,,,,5,50.0,1.4,87.5,20.0,0.0,1,100.0,,,75.0,,4,87.5,0.0,,,3,1,,4.0,0.0,60.0,3,2,1,66.7,1,0,0.25,7
Ahmed Hill,Niagara River Lions,2025-2026,offense,Play types,To Basket,4,Top,Handoffs > From Dribble > Top > To Basket,Handoffs,From Dribble,Top,To Basket,,,2,40.0,1.0,50.0,0.0,0.0,0,,,,50.0,,2,50.0,0.0,,,1,1,,2.0,0.0,50.0,2,1,1,50.0,0,0,0.0,2
Ahmed Hill,Niagara River Lions,2025-2026,offense,Play types,Make 2 Pts,5,To Basket,Handoffs > From Dribble > Top > To Basket > Make 2 Pts,Handoffs,From Dribble,Top,To Basket,Make 2 Pts,,1,50.0,2.0,100.0,0.0,0.0,0,,,,100.0,,1,100.0,0.0,,,1,0,,1.0,0.0,100.0,1,1,0,100.0,0,0,0.0,2
Ahmed Hill,Niagara River Lions,2025-2026,offense,Play types,Miss 2 Pts,5,To Basket,Handoffs > From Dribble > Top > To Basket > Miss 2 Pts,Handoffs,From Dribble,Top,To Basket,Miss 2 Pts,,1,50.0,0.0,0.0,0.0,0.0,0,,,,0.0,,1,0.0,0.0,,,0,1,,1.0,0.0,0.0,1,0,1,0.0,0,0,0.0,0
Ahmed Hill,Niagara River Lions,2025-2026,offense,Play types,Dribble Jumper,4,Top,Handoffs > From Dribble > Top > Dribble Jumper,Handoffs,From Dribble,Top,Dribble Jumper,,,1,20.0,2.0,100.0,0.0,0.0,0,,,,100.0,,1,100.0,0.0,,,1,0,,1.0,0.0,100.0,1,1,0,100.0,0,0,0.0,2
Ahmed Hill,Niagara River Lions,2025-2026,offense,Play types,Short to < 17,5,Dribble Jumper,Handoffs > From Dribble > Top > Dribble Jumper > Short to < 17,Handoffs,From Dribble,Top,Dribble Jumper,Short to < 17,,1,100.0,2.0,100.0,0.0,0.0,0,,,,100.0,,1,100.0,0.0,,,1,0,,1.0,0.0,100.0,1,1,0,100.0,0,0,0.0,2
Ahmed Hill,Niagara River Lions,2025-2026,offense,Play types,Turnover,4,Top,Handoffs > From Dribble > Top > Turnover,Handoffs,From Dribble,Top,Turnover,,,1,20.0,0.0,,100.0,0.0,0,,,,,,0,,0.0,,,0,0,,0.0,,0.0,0,0,0,,0,0,,0
Ahmed Hill,Niagara River Lions,2025-2026,offense,Play types,No Dribble Jumper,4,Top,Handoffs > From Dribble > Top > No Dribble Jumper,Handoffs,From Dribble,Top,No Dribble Jumper,,,1,20.0,3.0,150.0,0.0,0.0,1,100.0,,,100.0,,1,150.0,0.0,,,1,0,,1.0,0.0,100.0,0,0,0,,1,0,1.0,3
Ahmed Hill,Niagara River Lions,2025-2026,offense,Play types,Guarded,5,No Dribble Jumper,Handoffs > From Dribble > Top > No Dribble Jumper > Guarded,Handoffs,From Dribble,Top,No Dribble Jumper,Guarded,,1,100.0,3.0,150.0,0.0,0.0,1,100.0,,,100.0,,1,150.0,0.0,,,1,0,,1.0,0.0,100.0,0,0,0,,1,0,1.0,3
Ahmed Hill,Niagara River Lions,2025-2026,offense,Play types,Right,3,From Dribble,Handoffs > From Dribble > Right,Handoffs,From Dribble,Right,,,,3,30.0,1.0,75.0,33.3,0.0,2,50.0,,,50.0,,2,75.0,0.0,,,1,1,,2.0,0.0,33.3,0,0,0,,1,1,1.0,3
Ahmed Hill,Niagara River Lions,2025-2026,offense,Play types,No Dribble Jumper,4,Right,Handoffs > From Dribble > Right > No Dribble Jumper,Handoffs,From Dribble,Right,No Dribble Jumper,,,2,66.7,1.5,75.0,0.0,0.0,2,50.0,,,50.0,,2,75.0,0.0,,,1,1,,2.0,0.0,50.0,0,0,0,,1,1,1.0,3
Ahmed Hill,Niagara River Lions,2025-2026,offense,Play types,Guarded,5,No Dribble Jumper,Handoffs > From Dribble > Right > No Dribble Jumper > Guarded,Handoffs,From Dribble,Right,No Dribble Jumper,Guarded,,1,50.0,0.0,0.0,0.0,0.0,1,0.0,,,0.0,,1,0.0,0.0,,,0,1,,1.0,0.0,0.0,0,0,0,,0,1,1.0,0
Ahmed Hill,Niagara River Lions,2025-2026,offense,Play types,Open,5,No Dribble Jumper,Handoffs > From Dribble > Right > No Dribble Jumper > Open,Handoffs,From Dribble,Right,No Dribble Jumper,Open,,1,50.0,3.0,150.0,0.0,0.0,1,100.0,,,100.0,,1,150.0,0.0,,,1,0,,1.0,0.0,100.0,0,0,0,,1,0,1.0,3
Ahmed Hill,Niagara River Lions,2025-2026,offense,Play types,Turnover,4,Right,Handoffs > From Dribble > Right > Turnover,Handoffs,From Dribble,Right,Turnover,,,1,33.3,0.0,,100.0,0.0,0,,,,,,0,,0.0,,,0,0,,0.0,,0.0,0,0,0,,0,0,,0
Ahmed Hill,Niagara River Lions,2025-2026,offense,Play types,Left,3,From Dribble,Handoffs > From Dribble > Left,Handoffs,From Dribble,Left,,,,2,20.0,0.0,,100.0,0.0,0,,,,,,0,,0.0,,,0,0,,0.0,,0.0,0,0,0,,0,0,,0
Ahmed Hill,Niagara River Lions,2025-2026,offense,Play types,Turnover,4,Left,Handoffs > From Dribble > Left > Turnover,Handoffs,From Dribble,Left,Turnover,,,2,100.0,0.0,,100.0,0.0,0,,,,,,0,,0.0,,,0,0,,0.0,,0.0,0,0,0,,0,0,,0
Ahmed Hill,Niagara River Lions,2025-2026,offense,Play types,From Stationary,2,Handoffs,Handoffs > From Stationary,Handoffs,From Stationary,,,,,2,16.7,1.5,150.0,50.0,0.0,1,100.0,,,100.0,,1,150.0,0.0,,,1,0,,1.0,0.0,50.0,0,0,0,,1,0,1.0,3
Ahmed Hill,Niagara River Lions,2025-2026,offense,Play types,Top,3,From Stationary,Handoffs > From Stationary > Top,Handoffs,From Stationary,Top,,,,2,100.0,1.5,150.0,50.0,0.0,1,100.0,,,100.0,,1,150.0,0.0,,,1,0,,1.0,0.0,50.0,0,0,0,,1,0,1.0,3
Ahmed Hill,Niagara River Lions,2025-2026,offense,Play types,No Dribble Jumper,4,Top,Handoffs > From Stationary > Top > No Dribble Jumper,Handoffs,From Stationary,Top,No Dribble Jumper,,,1,50.0,3.0,150.0,0.0,0.0,1,100.0,,,100.0,,1,150.0,0.0,,,1,0,,1.0,0.0,100.0,0,0,0,,1,0,1.0,3
Ahmed Hill,Niagara River Lions,2025-2026,offense,Play types,Open,5,No Dribble Jumper,Handoffs > From Stationary > Top > No Dribble Jumper > Open,Handoffs,From Stationary,Top,No Dribble Jumper,Open,,1,100.0,3.0,150.0,0.0,0.0,1,100.0,,,100.0,,1,150.0,0.0,,,1,0,,1.0,0.0,100.0,0,0,0,,1,0,1.0,3
Ahmed Hill,Niagara River Lions,2025-2026,offense,Play types,Turnover,4,Top,Handoffs > From Stationary > Top > Turnover,Handoffs,From Stationary,Top,Turnover,,,1,50.0,0.0,,100.0,0.0,0,,,,,,0,,0.0,,,0,0,,0.0,,0.0,0,0,0,,0,0,,0
Ahmed Hill,Niagara River Lions,2025-2026,offense,Play types,Post-Up,1,,Post-Up,Post-Up,,,,,,12,3.8,0.833,56.3,25.0,8.3,0,,Good,64.0,50.0,3.0,8,50.0,8.3,,,4,4,,8.9,0.25,41.7,8,4,4,50.0,0,0,0.0,10
Ahmed Hill,Niagara River Lions,2025-2026,offense,Play types,Post-Up - Overall,2,Post-Up,Post-Up > Post-Up - Overall,Post-Up,Post-Up - Overall,,,,,12,100.0,0.833,56.3,25.0,8.3,0,,,,50.0,,8,50.0,8.3,,,4,4,,8.9,0.25,41.7,8,4,4,50.0,0,0,0.0,10
Ahmed Hill,Niagara River Lions,2025-2026,offense,Play types,Left Shoulder,3,Post-Up - Overall,Post-Up > Post-Up - Overall > Left Shoulder,Post-Up,Post-Up - Overall,Left Shoulder,,,,8,66.7,1.0,58.1,12.5,12.5,0,,,,50.0,,6,50.0,12.5,,,3,3,,6.9,0.33,50.0,6,3,3,50.0,0,0,0.0,8
Ahmed Hill,Niagara River Lions,2025-2026,offense,Play types,Right Shoulder,3,Post-Up - Overall,Post-Up > Post-Up - Overall > Right Shoulder,Post-Up,Post-Up - Overall,Right Shoulder,,,,3,25.0,0.667,50.0,33.3,0.0,0,,,,50.0,,2,50.0,0.0,,,1,1,,2.0,0.0,33.3,2,1,1,50.0,0,0,0.0,2
Ahmed Hill,Niagara River Lions,2025-2026,offense,Play types,Face-Up,3,Post-Up - Overall,Post-Up > Post-Up - Overall > Face-Up,Post-Up,Post-Up - Overall,Face-Up,,,,1,8.3,0.0,,100.0,0.0,0,,,,,,0,,0.0,,,0,0,,0.0,,0.0,0,0,0,,0,0,,0
Ahmed Hill,Niagara River Lions,2025-2026,offense,Play types,Left Block,2,Post-Up,Post-Up > Left Block,Post-Up,Left Block,,,,,6,50.0,0.667,33.3,0.0,0.0,0,,,,33.3,,6,33.3,0.0,,,2,4,,6.0,0.0,33.3,6,2,4,33.3,0,0,0.0,4
Ahmed Hill,Niagara River Lions,2025-2026,offense,Play types,Left Shoulder,3,Left Block,Post-Up > Left Block > Left Shoulder,Post-Up,Left Block,Left Shoulder,,,,5,83.3,0.8,40.0,0.0,0.0,0,,,,40.0,,5,40.0,0.0,,,2,3,,5.0,0.0,40.0,5,2,3,40.0,0,0,0.0,4
Ahmed Hill,Niagara River Lions,2025-2026,offense,Play types,Dribble Move,4,Left Shoulder,Post-Up > Left Block > Left Shoulder > Dribble Move,Post-Up,Left Block,Left Shoulder,Dribble Move,,,5,100.0,0.8,40.0,0.0,0.0,0,,,,40.0,,5,40.0,0.0,,,2,3,,5.0,0.0,40.0,5,2,3,40.0,0,0,0.0,4
Ahmed Hill,Niagara River Lions,2025-2026,offense,Play types,To Jumper,5,Dribble Move,Post-Up > Left Block > Left Shoulder > Dribble Move > To Jumper,Post-Up,Left Block,Left Shoulder,Dribble Move,To Jumper,,2,40.0,1.0,50.0,0.0,0.0,0,,,,50.0,,2,50.0,0.0,,,1,1,,2.0,0.0,50.0,2,1,1,50.0,0,0,0.0,2
Ahmed Hill,Niagara River Lions,2025-2026,offense,Play types,To Hook,5,Dribble Move,Post-Up > Left Block > Left Shoulder > Dribble Move > To Hook,Post-Up,Left Block,Left Shoulder,Dribble Move,To Hook,,2,40.0,0.0,0.0,0.0,0.0,0,,,,0.0,,2,0.0,0.0,,,0,2,,2.0,0.0,0.0,2,0,2,0.0,0,0,0.0,0
Ahmed Hill,Niagara River Lions,2025-2026,offense,Play types,To Basket,5,Dribble Move,Post-Up > Left Block > Left Shoulder > Dribble Move > To Basket,Post-Up,Left Block,Left Shoulder,Dribble Move,To Basket,,1,20.0,2.0,100.0,0.0,0.0,0,,,,100.0,,1,100.0,0.0,,,1,0,,1.0,0.0,100.0,1,1,0,100.0,0,0,0.0,2
Ahmed Hill,Niagara River Lions,2025-2026,offense,Play types,Right Shoulder,3,Left Block,Post-Up > Left Block > Right Shoulder,Post-Up,Left Block,Right Shoulder,,,,1,16.7,0.0,0.0,0.0,0.0,0,,,,0.0,,1,0.0,0.0,,,0,1,,1.0,0.0,0.0,1,0,1,0.0,0,0,0.0,0
Ahmed Hill,Niagara River Lions,2025-2026,offense,Play types,Dribble Move,4,Right Shoulder,Post-Up > Left Block > Right Shoulder > Dribble Move,Post-Up,Left Block,Right Shoulder,Dribble Move,,,1,100.0,0.0,0.0,0.0,0.0,0,,,,0.0,,1,0.0,0.0,,,0,1,,1.0,0.0,0.0,1,0,1,0.0,0,0,0.0,0
Ahmed Hill,Niagara River Lions,2025-2026,offense,Play types,To Basket,5,Dribble Move,Post-Up > Left Block > Right Shoulder > Dribble Move > To Basket,Post-Up,Left Block,Right Shoulder,Dribble Move,To Basket,,1,100.0,0.0,0.0,0.0,0.0,0,,,,0.0,,1,0.0,0.0,,,0,1,,1.0,0.0,0.0,1,0,1,0.0,0,0,0.0,0
Ahmed Hill,Niagara River Lions,2025-2026,offense,Play types,Right Block,2,Post-Up,Post-Up > Right Block,Post-Up,Right Block,,,,,5,41.7,0.8,100.0,60.0,0.0,0,,,,100.0,,2,100.0,0.0,,,2,0,,2.0,0.0,40.0,2,2,0,100.0,0,0,0.0,4
Ahmed Hill,Niagara River Lions,2025-2026,offense,Play types,Left Shoulder,3,Right Block,Post-Up > Right Block > Left Shoulder,Post-Up,Right Block,Left Shoulder,,,,2,40.0,1.0,100.0,50.0,0.0,0,,,,100.0,,1,100.0,0.0,,,1,0,,1.0,0.0,50.0,1,1,0,100.0,0,0,0.0,2
Ahmed Hill,Niagara River Lions,2025-2026,offense,Play types,Dribble Move,4,Left Shoulder,Post-Up > Right Block > Left Shoulder > Dribble Move,Post-Up,Right Block,Left Shoulder,Dribble Move,,,2,100.0,1.0,100.0,50.0,0.0,0,,,,100.0,,1,100.0,0.0,,,1,0,,1.0,0.0,50.0,1,1,0,100.0,0,0,0.0,2
Ahmed Hill,Niagara River Lions,2025-2026,offense,Play types,Defense Commits,5,Dribble Move,Post-Up > Right Block > Left Shoulder > Dribble Move > Defense Commits,Post-Up,Right Block,Left Shoulder,Dribble Move,Defense Commits,,1,50.0,0.0,,100.0,0.0,0,,,,,,0,,0.0,,,0,0,,0.0,,0.0,0,0,0,,0,0,,0
Ahmed Hill,Niagara River Lions,2025-2026,offense,Play types,To Basket,5,Dribble Move,Post-Up > Right Block > Left Shoulder > Dribble Move > To Basket,Post-Up,Right Block,Left Shoulder,Dribble Move,To Basket,,1,50.0,2.0,100.0,0.0,0.0,0,,,,100.0,,1,100.0,0.0,,,1,0,,1.0,0.0,100.0,1,1,0,100.0,0,0,0.0,2
Ahmed Hill,Niagara River Lions,2025-2026,offense,Play types,Right Shoulder,3,Right Block,Post-Up > Right Block > Right Shoulder,Post-Up,Right Block,Right Shoulder,,,,2,40.0,1.0,100.0,50.0,0.0,0,,,,100.0,,1,100.0,0.0,,,1,0,,1.0,0.0,50.0,1,1,0,100.0,0,0,0.0,2
Ahmed Hill,Niagara River Lions,2025-2026,offense,Play types,Dribble Move,4,Right Shoulder,Post-Up > Right Block > Right Shoulder > Dribble Move,Post-Up,Right Block,Right Shoulder,Dribble Move,,,2,100.0,1.0,100.0,50.0,0.0,0,,,,100.0,,1,100.0,0.0,,,1,0,,1.0,0.0,50.0,1,1,0,100.0,0,0,0.0,2
Ahmed Hill,Niagara River Lions,2025-2026,offense,Play types,Defense Commits,5,Dribble Move,Post-Up > Right Block > Right Shoulder > Dribble Move > Defense Commits,Post-Up,Right Block,Right Shoulder,Dribble Move,Defense Commits,,1,50.0,0.0,,100.0,0.0,0,,,,,,0,,0.0,,,0,0,,0.0,,0.0,0,0,0,,0,0,,0
Ahmed Hill,Niagara River Lions,2025-2026,offense,Play types,To Jumper,5,Dribble Move,Post-Up > Right Block > Right Shoulder > Dribble Move > To Jumper,Post-Up,Right Block,Right Shoulder,Dribble Move,To Jumper,,1,50.0,2.0,100.0,0.0,0.0,0,,,,100.0,,1,100.0,0.0,,,1,0,,1.0,0.0,100.0,1,1,0,100.0,0,0,0.0,2
Ahmed Hill,Niagara River Lions,2025-2026,offense,Play types,Face-up,3,Right Block,Post-Up > Right Block > Face-up,Post-Up,Right Block,Face-up,,,,1,20.0,0.0,,100.0,0.0,0,,,,,,0,,0.0,,,0,0,,0.0,,0.0,0,0,0,,0,0,,0
Ahmed Hill,Niagara River Lions,2025-2026,offense,Play types,Drive Middle,4,Face-up,Post-Up > Right Block > Face-up > Drive Middle,Post-Up,Right Block,Face-up,Drive Middle,,,1,100.0,0.0,,100.0,0.0,0,,,,,,0,,0.0,,,0,0,,0.0,,0.0,0,0,0,,0,0,,0
Ahmed Hill,Niagara River Lions,2025-2026,offense,Play types,Turnover,5,Drive Middle,Post-Up > Right Block > Face-up > Drive Middle > Turnover,Post-Up,Right Block,Face-up,Drive Middle,Turnover,,1,100.0,0.0,,100.0,0.0,0,,,,,,0,,0.0,,,0,0,,0.0,,0.0,0,0,0,,0,0,,0
Ahmed Hill,Niagara River Lions,2025-2026,offense,Play types,Flash Middle,2,Post-Up,Post-Up > Flash Middle,Post-Up,Flash Middle,,,,,1,8.3,2.0,113.6,0.0,100.0,0,,,,,,0,,100.0,,,0,0,,0.9,,100.0,0,0,0,,0,0,,2
Ahmed Hill,Niagara River Lions,2025-2026,offense,Play types,Left Shoulder,3,Flash Middle,Post-Up > Flash Middle > Left Shoulder,Post-Up,Flash Middle,Left Shoulder,,,,1,100.0,2.0,113.6,0.0,100.0,0,,,,,,0,,100.0,,,0,0,,0.9,,100.0,0,0,0,,0,0,,2
Ahmed Hill,Niagara River Lions,2025-2026,offense,Play types,Dribble Move,4,Left Shoulder,Post-Up > Flash Middle > Left Shoulder > Dribble Move,Post-Up,Flash Middle,Left Shoulder,Dribble Move,,,1,100.0,2.0,113.6,0.0,100.0,0,,,,,,0,,100.0,,,0,0,,0.9,,100.0,0,0,0,,0,0,,2
Ahmed Hill,Niagara River Lions,2025-2026,offense,Play types,To Basket,5,Dribble Move,Post-Up > Flash Middle > Left Shoulder > Dribble Move > To Basket,Post-Up,Flash Middle,Left Shoulder,Dribble Move,To Basket,,1,100.0,2.0,113.6,0.0,100.0,0,,,,,,0,,100.0,,,0,0,,0.9,,100.0,0,0,0,,0,0,,2
Ahmed Hill,Niagara River Lions,2025-2026,offense,Play types,Offensive Rebounds (Put Backs),1,,Offensive Rebounds (Put Backs),Offensive Rebounds (Put Backs),,,,,,8,2.5,0.5,25.0,0.0,0.0,1,0.0,,,25.0,,8,25.0,0.0,,,2,6,,8.0,0.0,25.0,7,2,5,28.6,0,1,0.13,4
Ahmed Hill,Niagara River Lions,2025-2026,offense,Play types,Long,2,Offensive Rebounds (Put Backs),Offensive Rebounds (Put Backs) > Long,Offensive Rebounds (Put Backs),Long,,,,,5,62.5,0.4,20.0,0.0,0.0,1,0.0,,,20.0,,5,20.0,0.0,,,1,4,,5.0,0.0,20.0,4,1,3,25.0,0,1,0.2,2
Ahmed Hill,Niagara River Lions,2025-2026,offense,Play types,Scoring Attempt,3,Long,Offensive Rebounds (Put Backs) > Long > Scoring Attempt,Offensive Rebounds (Put Backs),Long,Scoring Attempt,,,,5,100.0,0.4,20.0,0.0,0.0,1,0.0,,,20.0,,5,20.0,0.0,,,1,4,,5.0,0.0,20.0,4,1,3,25.0,0,1,0.2,2
Ahmed Hill,Niagara River Lions,2025-2026,offense,Play types,Short to < 17,4,Scoring Attempt,Offensive Rebounds (Put Backs) > Long > Scoring Attempt > Short to < 17,Offensive Rebounds (Put Backs),Long,Scoring Attempt,Short to < 17,,,2,40.0,0.0,0.0,0.0,0.0,0,,,,0.0,,2,0.0,0.0,,,0,2,,2.0,0.0,0.0,2,0,2,0.0,0,0,0.0,0
Ahmed Hill,Niagara River Lions,2025-2026,offense,Play types,Miss 2 Pts,5,Short to < 17,Offensive Rebounds (Put Backs) > Long > Scoring Attempt > Short to < 17 > Miss 2 Pts,Offensive Rebounds (Put Backs),Long,Scoring Attempt,Short to < 17,Miss 2 Pts,,2,100.0,0.0,0.0,0.0,0.0,0,,,,0.0,,2,0.0,0.0,,,0,2,,2.0,0.0,0.0,2,0,2,0.0,0,0,0.0,0
Ahmed Hill,Niagara River Lions,2025-2026,offense,Play types,At Basket,4,Scoring Attempt,Offensive Rebounds (Put Backs) > Long > Scoring Attempt > At Basket,Offensive Rebounds (Put Backs),Long,Scoring Attempt,At Basket,,,1,20.0,2.0,100.0,0.0,0.0,0,,,,100.0,,1,100.0,0.0,,,1,0,,1.0,0.0,100.0,1,1,0,100.0,0,0,0.0,2
Ahmed Hill,Niagara River Lions,2025-2026,offense,Play types,Make 2 Pts,5,At Basket,Offensive Rebounds (Put Backs) > Long > Scoring Attempt > At Basket > Make 2 Pts,Offensive Rebounds (Put Backs),Long,Scoring Attempt,At Basket,Make 2 Pts,,1,100.0,2.0,100.0,0.0,0.0,0,,,,100.0,,1,100.0,0.0,,,1,0,,1.0,0.0,100.0,1,1,0,100.0,0,0,0.0,2
Ahmed Hill,Niagara River Lions,2025-2026,offense,Play types,Medium/17' to 3pt,4,Scoring Attempt,Offensive Rebounds (Put Backs) > Long > Scoring Attempt > Medium/17' to 3pt,Offensive Rebounds (Put Backs),Long,Scoring Attempt,Medium/17' to 3pt,,,1,20.0,0.0,0.0,0.0,0.0,0,,,,0.0,,1,0.0,0.0,,,0,1,,1.0,0.0,0.0,1,0,1,0.0,0,0,0.0,0
Ahmed Hill,Niagara River Lions,2025-2026,offense,Play types,Miss 2 Pts,5,Medium/17' to 3pt,Offensive Rebounds (Put Backs) > Long > Scoring Attempt > Medium/17' to 3pt > Miss 2 Pts,Offensive Rebounds (Put Backs),Long,Scoring Attempt,Medium/17' to 3pt,Miss 2 Pts,,1,100.0,0.0,0.0,0.0,0.0,0,,,,0.0,,1,0.0,0.0,,,0,1,,1.0,0.0,0.0,1,0,1,0.0,0,0,0.0,0
Ahmed Hill,Niagara River Lions,2025-2026,offense,Play types,Long/3pt,4,Scoring Attempt,Offensive Rebounds (Put Backs) > Long > Scoring Attempt > Long/3pt,Offensive Rebounds (Put Backs),Long,Scoring Attempt,Long/3pt,,,1,20.0,0.0,0.0,0.0,0.0,1,0.0,,,0.0,,1,0.0,0.0,,,0,1,,1.0,0.0,0.0,0,0,0,,0,1,1.0,0
Ahmed Hill,Niagara River Lions,2025-2026,offense,Play types,Miss 3 Pts,5,Long/3pt,Offensive Rebounds (Put Backs) > Long > Scoring Attempt > Long/3pt > Miss 3 Pts,Offensive Rebounds (Put Backs),Long,Scoring Attempt,Long/3pt,Miss 3 Pts,,1,100.0,0.0,0.0,0.0,0.0,1,0.0,,,0.0,,1,0.0,0.0,,,0,1,,1.0,0.0,0.0,0,0,0,,0,1,1.0,0
Ahmed Hill,Niagara River Lions,2025-2026,offense,Play types,Short,2,Offensive Rebounds (Put Backs),Offensive Rebounds (Put Backs) > Short,Offensive Rebounds (Put Backs),Short,,,,,3,37.5,0.667,33.3,0.0,0.0,0,,,,33.3,,3,33.3,0.0,,,1,2,,3.0,0.0,33.3,3,1,2,33.3,0,0,0.0,2
Ahmed Hill,Niagara River Lions,2025-2026,offense,Play types,Scoring Attempt,3,Short,Offensive Rebounds (Put Backs) > Short > Scoring Attempt,Offensive Rebounds (Put Backs),Short,Scoring Attempt,,,,3,100.0,0.667,33.3,0.0,0.0,0,,,,33.3,,3,33.3,0.0,,,1,2,,3.0,0.0,33.3,3,1,2,33.3,0,0,0.0,2
Ahmed Hill,Niagara River Lions,2025-2026,offense,Play types,At Basket,4,Scoring Attempt,Offensive Rebounds (Put Backs) > Short > Scoring Attempt > At Basket,Offensive Rebounds (Put Backs),Short,Scoring Attempt,At Basket,,,2,66.7,1.0,50.0,0.0,0.0,0,,,,50.0,,2,50.0,0.0,,,1,1,,2.0,0.0,50.0,2,1,1,50.0,0,0,0.0,2
Ahmed Hill,Niagara River Lions,2025-2026,offense,Play types,Miss 2 Pts,5,At Basket,Offensive Rebounds (Put Backs) > Short > Scoring Attempt > At Basket > Miss 2 Pts,Offensive Rebounds (Put Backs),Short,Scoring Attempt,At Basket,Miss 2 Pts,,1,50.0,0.0,0.0,0.0,0.0,0,,,,0.0,,1,0.0,0.0,,,0,1,,1.0,0.0,0.0,1,0,1,0.0,0,0,0.0,0
Ahmed Hill,Niagara River Lions,2025-2026,offense,Play types,Make 2 Pts,5,At Basket,Offensive Rebounds (Put Backs) > Short > Scoring Attempt > At Basket > Make 2 Pts,Offensive Rebounds (Put Backs),Short,Scoring Attempt,At Basket,Make 2 Pts,,1,50.0,2.0,100.0,0.0,0.0,0,,,,100.0,,1,100.0,0.0,,,1,0,,1.0,0.0,100.0,1,1,0,100.0,0,0,0.0,2
Ahmed Hill,Niagara River Lions,2025-2026,offense,Play types,Short to < 17,4,Scoring Attempt,Offensive Rebounds (Put Backs) > Short > Scoring Attempt > Short to < 17,Offensive Rebounds (Put Backs),Short,Scoring Attempt,Short to < 17,,,1,33.3,0.0,0.0,0.0,0.0,0,,,,0.0,,1,0.0,0.0,,,0,1,,1.0,0.0,0.0,1,0,1,0.0,0,0,0.0,0
Ahmed Hill,Niagara River Lions,2025-2026,offense,Play types,Miss 2 Pts,5,Short to < 17,Offensive Rebounds (Put Backs) > Short > Scoring Attempt > Short to < 17 > Miss 2 Pts,Offensive Rebounds (Put Backs),Short,Scoring Attempt,Short to < 17,Miss 2 Pts,,1,100.0,0.0,0.0,0.0,0.0,0,,,,0.0,,1,0.0,0.0,,,0,1,,1.0,0.0,0.0,1,0,1,0.0,0,0,0.0,0
Ahmed Hill,Niagara River Lions,2025-2026,offense,Play types,Cut,1,,Cut,Cut,,,,,,6,1.9,1.333,66.7,0.0,0.0,0,,,,66.7,,6,66.7,0.0,,,4,2,,6.0,0.0,66.7,6,4,2,66.7,0,0,0.0,8
Ahmed Hill,Niagara River Lions,2025-2026,offense,Play types,Screen,2,Cut,Cut > Screen,Cut,Screen,,,,,6,100.0,1.333,66.7,0.0,0.0,0,,,,66.7,,6,66.7,0.0,,,4,2,,6.0,0.0,66.7,6,4,2,66.7,0,0,0.0,8
Ahmed Hill,Niagara River Lions,2025-2026,offense,Play types,Make 2 Pts,3,Screen,Cut > Screen > Make 2 Pts,Cut,Screen,Make 2 Pts,,,,4,66.7,2.0,100.0,0.0,0.0,0,,,,100.0,,4,100.0,0.0,,,4,0,,4.0,0.0,100.0,4,4,0,100.0,0,0,0.0,8
Ahmed Hill,Niagara River Lions,2025-2026,offense,Play types,Miss 2 Pts,3,Screen,Cut > Screen > Miss 2 Pts,Cut,Screen,Miss 2 Pts,,,,2,33.3,0.0,0.0,0.0,0.0,0,,,,0.0,,2,0.0,0.0,,,0,2,,2.0,0.0,0.0,2,0,2,0.0,0,0,0.0,0
Ahmed Hill,Niagara River Lions,2025-2026,offense,Play types,P&R Roll Man,1,,P&R Roll Man,P&R Roll Man,,,,,,4,1.3,2.0,100.0,0.0,0.0,2,100.0,,,75.0,,4,100.0,0.0,,,3,1,,4.0,0.0,75.0,2,1,1,50.0,2,0,0.5,8
Ahmed Hill,Niagara River Lions,2025-2026,offense,Play types,Slips the Pick,2,P&R Roll Man,P&R Roll Man > Slips the Pick,P&R Roll Man,Slips the Pick,,,,,3,75.0,2.667,133.3,0.0,0.0,2,100.0,,,100.0,,3,133.3,0.0,,,3,0,,3.0,0.0,100.0,1,1,0,100.0,2,0,0.67,8
Ahmed Hill,Niagara River Lions,2025-2026,offense,Play types,No Dribble Jumper,3,Slips the Pick,P&R Roll Man > Slips the Pick > No Dribble Jumper,P&R Roll Man,Slips the Pick,No Dribble Jumper,,,,2,66.7,3.0,150.0,0.0,0.0,2,100.0,,,100.0,,2,150.0,0.0,,,2,0,,2.0,0.0,100.0,0,0,0,,2,0,1.0,6
Ahmed Hill,Niagara River Lions,2025-2026,offense,Play types,Guarded,4,No Dribble Jumper,P&R Roll Man > Slips the Pick > No Dribble Jumper > Guarded,P&R Roll Man,Slips the Pick,No Dribble Jumper,Guarded,,,2,100.0,3.0,150.0,0.0,0.0,2,100.0,,,100.0,,2,150.0,0.0,,,2,0,,2.0,0.0,100.0,0,0,0,,2,0,1.0,6
Ahmed Hill,Niagara River Lions,2025-2026,offense,Play types,Long/3pt,5,Guarded,P&R Roll Man > Slips the Pick > No Dribble Jumper > Guarded > Long/3pt,P&R Roll Man,Slips the Pick,No Dribble Jumper,Guarded,Long/3pt,,2,100.0,3.0,150.0,0.0,0.0,2,100.0,,,100.0,,2,150.0,0.0,,,2,0,,2.0,0.0,100.0,0,0,0,,2,0,1.0,6
Ahmed Hill,Niagara River Lions,2025-2026,offense,Play types,To Basket,3,Slips the Pick,P&R Roll Man > Slips the Pick > To Basket,P&R Roll Man,Slips the Pick,To Basket,,,,1,33.3,2.0,100.0,0.0,0.0,0,,,,100.0,,1,100.0,0.0,,,1,0,,1.0,0.0,100.0,1,1,0,100.0,0,0,0.0,2
Ahmed Hill,Niagara River Lions,2025-2026,offense,Play types,Make 2 Pts,4,To Basket,P&R Roll Man > Slips the Pick > To Basket > Make 2 Pts,P&R Roll Man,Slips the Pick,To Basket,Make 2 Pts,,,1,100.0,2.0,100.0,0.0,0.0,0,,,,100.0,,1,100.0,0.0,,,1,0,,1.0,0.0,100.0,1,1,0,100.0,0,0,0.0,2
Ahmed Hill,Niagara River Lions,2025-2026,offense,Play types,Rolls to Basket,2,P&R Roll Man,P&R Roll Man > Rolls to Basket,P&R Roll Man,Rolls to Basket,,,,,1,25.0,0.0,0.0,0.0,0.0,0,,,,0.0,,1,0.0,0.0,,,0,1,,1.0,0.0,0.0,1,0,1,0.0,0,0,0.0,0
Ahmed Hill,Niagara River Lions,2025-2026,offense,Play types,Miss 2 Pts,3,Rolls to Basket,P&R Roll Man > Rolls to Basket > Miss 2 Pts,P&R Roll Man,Rolls to Basket,Miss 2 Pts,,,,1,100.0,0.0,0.0,0.0,0.0,0,,,,0.0,,1,0.0,0.0,,,0,1,,1.0,0.0,0.0,1,0,1,0.0,0,0,0.0,0
Ahmed Hill,Niagara River Lions,2025-2026,offense,Overall Drive Direction,Overall,1,,Overall,Overall,,,,,,40,12.5,0.7,43.3,20.0,5.0,5,40.0,,,38.7,,31,41.9,5.0,,,12,19,,32.3,0.1,32.5,26,10,16,38.5,2,3,0.16,28
Ahmed Hill,Niagara River Lions,2025-2026,offense,Overall Drive Direction,Drives Left,2,Overall,Overall > Drives Left,Overall,Drives Left,,,,,34,85.0,0.706,42.4,17.6,5.9,4,50.0,,,37.0,,27,40.7,5.9,,,10,17,,28.3,0.11,32.4,23,8,15,34.8,2,2,0.15,24
Ahmed Hill,Niagara River Lions,2025-2026,offense,Overall Drive Direction,Dribble Jumper,3,Drives Left,Overall > Drives Left > Dribble Jumper,Overall,Drives Left,Dribble Jumper,,,,16,47.1,0.625,31.3,0.0,0.0,4,50.0,,,25.0,,16,31.3,0.0,,,4,12,,16.0,0.0,25.0,12,2,10,16.7,2,2,0.25,10
Ahmed Hill,Niagara River Lions,2025-2026,offense,Overall Drive Direction,To Basket,3,Drives Left,Overall > Drives Left > To Basket,Overall,Drives Left,To Basket,,,,13,38.2,1.077,56.8,7.7,15.4,0,,,,54.5,,11,54.5,15.4,,,6,5,,12.3,0.27,53.8,11,6,5,54.5,0,0,0.0,14
Ahmed Hill,Niagara River Lions,2025-2026,offense,Overall Drive Direction,Defense Commits,3,Drives Left,Overall > Drives Left > Defense Commits,Overall,Drives Left,Defense Commits,,,,3,8.8,0.0,,100.0,0.0,0,,,,,,0,,0.0,,,0,0,,0.0,,0.0,0,0,0,,0,0,,0
Ahmed Hill,Niagara River Lions,2025-2026,offense,Overall Drive Direction,Turnover,3,Drives Left,Overall > Drives Left > Turnover,Overall,Drives Left,Turnover,,,,2,5.9,0.0,,100.0,0.0,0,,,,,,0,,0.0,,,0,0,,0.0,,0.0,0,0,0,,0,0,,0
Ahmed Hill,Niagara River Lions,2025-2026,offense,Overall Drive Direction,Foul,3,Drives Left,Overall > Drives Left > Foul,Overall,Drives Left,Foul,,,,0,0.0,,,,,0,,,,,,0,,,,,0,0,,0.0,,,0,0,0,,0,0,,0
Ahmed Hill,Niagara River Lions,2025-2026,offense,Overall Drive Direction,Drives Right,2,Overall,Overall > Drives Right,Overall,Drives Right,,,,,4,10.0,0.5,33.3,25.0,0.0,1,0.0,,,33.3,,3,33.3,0.0,,,1,2,,3.0,0.0,25.0,2,1,1,50.0,0,1,0.33,2
Ahmed Hill,Niagara River Lions,2025-2026,offense,Overall Drive Direction,To Basket,3,Drives Right,Overall > Drives Right > To Basket,Overall,Drives Right,To Basket,,,,2,50.0,1.0,50.0,0.0,0.0,0,,,,50.0,,2,50.0,0.0,,,1,1,,2.0,0.0,50.0,2,1,1,50.0,0,0,0.0,2
Ahmed Hill,Niagara River Lions,2025-2026,offense,Overall Drive Direction,Turnover,3,Drives Right,Overall > Drives Right > Turnover,Overall,Drives Right,Turnover,,,,1,25.0,0.0,,100.0,0.0,0,,,,,,0,,0.0,,,0,0,,0.0,,0.0,0,0,0,,0,0,,0
Ahmed Hill,Niagara River Lions,2025-2026,offense,Overall Drive Direction,Dribble Jumper,3,Drives Right,Overall > Drives Right > Dribble Jumper,Overall,Drives Right,Dribble Jumper,,,,1,25.0,0.0,0.0,0.0,0.0,1,0.0,,,0.0,,1,0.0,0.0,,,0,1,,1.0,0.0,0.0,0,0,0,,0,1,1.0,0
Ahmed Hill,Niagara River Lions,2025-2026,offense,Overall Drive Direction,Foul,3,Drives Right,Overall > Drives Right > Foul,Overall,Drives Right,Foul,,,,0,0.0,,,,,0,,,,,,0,,,,,0,0,,0.0,,,0,0,0,,0,0,,0
Ahmed Hill,Niagara River Lions,2025-2026,offense,Overall Drive Direction,Defense Commits,3,Drives Right,Overall > Drives Right > Defense Commits,Overall,Drives Right,Defense Commits,,,,0,0.0,,,,,0,,,,,,0,,,,,0,0,,0.0,,,0,0,0,,0,0,,0
Ahmed Hill,Niagara River Lions,2025-2026,offense,Overall Drive Direction,Drives Straight,2,Overall,Overall > Drives Straight,Overall,Drives Straight,,,,,2,5.0,1.0,100.0,50.0,0.0,0,,,,100.0,,1,100.0,0.0,,,1,0,,1.0,0.0,50.0,1,1,0,100.0,0,0,0.0,2
Ahmed Hill,Niagara River Lions,2025-2026,offense,Overall Drive Direction,To Basket,3,Drives Straight,Overall > Drives Straight > To Basket,Overall,Drives Straight,To Basket,,,,2,100.0,1.0,100.0,50.0,0.0,0,,,,100.0,,1,100.0,0.0,,,1,0,,1.0,0.0,50.0,1,1,0,100.0,0,0,0.0,2
Ahmed Hill,Niagara River Lions,2025-2026,offense,Overall Drive Direction,Turnover,3,Drives Straight,Overall > Drives Straight > Turnover,Overall,Drives Straight,Turnover,,,,0,0.0,,,,,0,,,,,,0,,,,,0,0,,0.0,,,0,0,0,,0,0,,0
Ahmed Hill,Niagara River Lions,2025-2026,offense,Overall Drive Direction,Dribble Jumper,3,Drives Straight,Overall > Drives Straight > Dribble Jumper,Overall,Drives Straight,Dribble Jumper,,,,0,0.0,,,,,0,,,,,,0,,,,,0,0,,0.0,,,0,0,0,,0,0,,0
Ahmed Hill,Niagara River Lions,2025-2026,offense,Overall Drive Direction,Foul,3,Drives Straight,Overall > Drives Straight > Foul,Overall,Drives Straight,Foul,,,,0,0.0,,,,,0,,,,,,0,,,,,0,0,,0.0,,,0,0,0,,0,0,,0
Ahmed Hill,Niagara River Lions,2025-2026,offense,Overall Drive Direction,Defense Commits,3,Drives Straight,Overall > Drives Straight > Defense Commits,Overall,Drives Straight,Defense Commits,,,,0,0.0,,,,,0,,,,,,0,,,,,0,0,,0.0,,,0,0,0,,0,0,,0
Ahmed Hill,Niagara River Lions,2025-2026,offense,P&R ball handler,P&R Including Passes,1,,P&R Including Passes,P&R Including Passes,,,,,,64,20.6,0.656,38.2,14.1,7.8,22,27.3,Poor,12.0,29.4,20.0,51,35.3,7.8,,,15,36,,55.0,0.18,29.7,29,9,20,31.0,6,16,0.43,42
Ahmed Hill,Niagara River Lions,2025-2026,offense,P&R ball handler,P&R Ball Handler,2,P&R Including Passes,P&R Including Passes > P&R Ball Handler,P&R Including Passes,P&R Ball Handler,,,,,34,53.1,0.735,45.8,20.6,5.9,8,37.5,,,38.5,,26,44.2,5.9,,,10,16,,27.3,0.12,32.4,18,7,11,38.9,3,5,0.31,25
Ahmed Hill,Niagara River Lions,2025-2026,offense,P&R ball handler,High P&R,3,P&R Ball Handler,P&R Including Passes > P&R Ball Handler > High P&R,P&R Including Passes,P&R Ball Handler,High P&R,,,,21,61.8,0.857,49.1,14.3,9.5,6,33.3,,,41.2,,17,47.1,9.5,,,7,10,,18.3,0.18,38.1,11,5,6,45.5,2,4,0.35,18
Ahmed Hill,Niagara River Lions,2025-2026,offense,P&R ball handler,Dribble Off Pick,4,High P&R,P&R Including Passes > P&R Ball Handler > High P&R > Dribble Off Pick,P&R Including Passes,P&R Ball Handler,High P&R,Dribble Off Pick,,,15,71.4,0.867,52.8,20.0,13.3,4,25.0,,,45.5,,11,50.0,13.3,,,5,6,,12.3,0.27,40.0,7,4,3,57.1,1,3,0.36,13
Ahmed Hill,Niagara River Lions,2025-2026,offense,P&R ball handler,Dribble Jumper,5,Dribble Off Pick,P&R Including Passes > P&R Ball Handler > High P&R > Dribble Off Pick > Dribble Jumper,P&R Including Passes,P&R Ball Handler,High P&R,Dribble Off Pick,Dribble Jumper,,6,40.0,0.833,41.7,0.0,0.0,4,25.0,,,33.3,,6,41.7,0.0,,,2,4,,6.0,0.0,33.3,2,1,1,50.0,1,3,0.67,5
Ahmed Hill,Niagara River Lions,2025-2026,offense,P&R ball handler,Long/3pt,6,Dribble Jumper,P&R Including Passes > P&R Ball Handler > High P&R > Dribble Off Pick > Dribble Jumper > Long/3pt,P&R Including Passes,P&R Ball Handler,High P&R,Dribble Off Pick,Dribble Jumper,Long/3pt,4,66.7,0.75,37.5,0.0,0.0,4,25.0,,,25.0,,4,37.5,0.0,,,1,3,,4.0,0.0,25.0,0,0,0,,1,3,1.0,3
Ahmed Hill,Niagara River Lions,2025-2026,offense,P&R ball handler,Medium/17' to 3pt,6,Dribble Jumper,P&R Including Passes > P&R Ball Handler > High P&R > Dribble Off Pick > Dribble Jumper > Medium/17' to 3pt,P&R Including Passes,P&R Ball Handler,High P&R,Dribble Off Pick,Dribble Jumper,Medium/17' to 3pt,1,16.7,0.0,0.0,0.0,0.0,0,,,,0.0,,1,0.0,0.0,,,0,1,,1.0,0.0,0.0,1,0,1,0.0,0,0,0.0,0
Ahmed Hill,Niagara River Lions,2025-2026,offense,P&R ball handler,Short to < 17,6,Dribble Jumper,P&R Including Passes > P&R Ball Handler > High P&R > Dribble Off Pick > Dribble Jumper > Short to < 17,P&R Including Passes,P&R Ball Handler,High P&R,Dribble Off Pick,Dribble Jumper,Short to < 17,1,16.7,2.0,100.0,0.0,0.0,0,,,,100.0,,1,100.0,0.0,,,1,0,,1.0,0.0,100.0,1,1,0,100.0,0,0,0.0,2
Ahmed Hill,Niagara River Lions,2025-2026,offense,P&R ball handler,To Basket,5,Dribble Off Pick,P&R Including Passes > P&R Ball Handler > High P&R > Dribble Off Pick > To Basket,P&R Including Passes,P&R Ball Handler,High P&R,Dribble Off Pick,To Basket,,6,40.0,1.333,63.3,0.0,33.3,0,,,,60.0,,5,60.0,33.3,,,3,2,,6.3,0.6,66.7,5,3,2,60.0,0,0,0.0,8
Ahmed Hill,Niagara River Lions,2025-2026,offense,P&R ball handler,Make 2 Pts,6,To Basket,P&R Including Passes > P&R Ball Handler > High P&R > Dribble Off Pick > To Basket > Make 2 Pts,P&R Including Passes,P&R Ball Handler,High P&R,Dribble Off Pick,To Basket,Make 2 Pts,2,33.3,2.0,100.0,0.0,0.0,0,,,,100.0,,2,100.0,0.0,,,2,0,,2.0,0.0,100.0,2,2,0,100.0,0,0,0.0,4
Ahmed Hill,Niagara River Lions,2025-2026,offense,P&R ball handler,Miss 2 Pts,6,To Basket,P&R Including Passes > P&R Ball Handler > High P&R > Dribble Off Pick > To Basket > Miss 2 Pts,P&R Including Passes,P&R Ball Handler,High P&R,Dribble Off Pick,To Basket,Miss 2 Pts,2,33.3,0.0,0.0,0.0,0.0,0,,,,0.0,,2,0.0,0.0,,,0,2,,2.0,0.0,0.0,2,0,2,0.0,0,0,0.0,0
Ahmed Hill,Niagara River Lions,2025-2026,offense,P&R ball handler,Foul,6,To Basket,P&R Including Passes > P&R Ball Handler > High P&R > Dribble Off Pick > To Basket > Foul,P&R Including Passes,P&R Ball Handler,High P&R,Dribble Off Pick,To Basket,Foul,1,16.7,1.0,56.8,0.0,100.0,0,,,,,,0,,100.0,,,0,0,,0.9,,100.0,0,0,0,,0,0,,1
Ahmed Hill,Niagara River Lions,2025-2026,offense,P&R ball handler,Make 2 Pts Foul,6,To Basket,P&R Including Passes > P&R Ball Handler > High P&R > Dribble Off Pick > To Basket > Make 2 Pts Foul,P&R Including Passes,P&R Ball Handler,High P&R,Dribble Off Pick,To Basket,Make 2 Pts Foul,1,16.7,3.0,104.2,0.0,100.0,0,,,,100.0,,1,100.0,100.0,,,1,0,,1.4,1.0,100.0,1,1,0,100.0,0,0,0.0,3
Ahmed Hill,Niagara River Lions,2025-2026,offense,P&R ball handler,Defense Commits,5,Dribble Off Pick,P&R Including Passes > P&R Ball Handler > High P&R > Dribble Off Pick > Defense Commits,P&R Including Passes,P&R Ball Handler,High P&R,Dribble Off Pick,Defense Commits,,2,13.3,0.0,,100.0,0.0,0,,,,,,0,,0.0,,,0,0,,0.0,,0.0,0,0,0,,0,0,,0
Ahmed Hill,Niagara River Lions,2025-2026,offense,P&R ball handler,Turnover,6,Defense Commits,P&R Including Passes > P&R Ball Handler > High P&R > Dribble Off Pick > Defense Commits > Turnover,P&R Including Passes,P&R Ball Handler,High P&R,Dribble Off Pick,Defense Commits,Turnover,2,100.0,0.0,,100.0,0.0,0,,,,,,0,,0.0,,,0,0,,0.0,,0.0,0,0,0,,0,0,,0
Ahmed Hill,Niagara River Lions,2025-2026,offense,P&R ball handler,Turnover,5,Dribble Off Pick,P&R Including Passes > P&R Ball Handler > High P&R > Dribble Off Pick > Turnover,P&R Including Passes,P&R Ball Handler,High P&R,Dribble Off Pick,Turnover,,1,6.7,0.0,,100.0,0.0,0,,,,,,0,,0.0,,,0,0,,0.0,,0.0,0,0,0,,0,0,,0
Ahmed Hill,Niagara River Lions,2025-2026,offense,P&R ball handler,Go Away from Pick,4,High P&R,P&R Including Passes > P&R Ball Handler > High P&R > Go Away from Pick,P&R Including Passes,P&R Ball Handler,High P&R,Go Away from Pick,,,5,23.8,0.4,20.0,0.0,0.0,1,0.0,,,20.0,,5,20.0,0.0,,,1,4,,5.0,0.0,20.0,4,1,3,25.0,0,1,0.2,2
Ahmed Hill,Niagara River Lions,2025-2026,offense,P&R ball handler,To Basket,5,Go Away from Pick,P&R Including Passes > P&R Ball Handler > High P&R > Go Away from Pick > To Basket,P&R Including Passes,P&R Ball Handler,High P&R,Go Away from Pick,To Basket,,3,60.0,0.667,33.3,0.0,0.0,0,,,,33.3,,3,33.3,0.0,,,1,2,,3.0,0.0,33.3,3,1,2,33.3,0,0,0.0,2
Ahmed Hill,Niagara River Lions,2025-2026,offense,P&R ball handler,Miss 2 Pts,6,To Basket,P&R Including Passes > P&R Ball Handler > High P&R > Go Away from Pick > To Basket > Miss 2 Pts,P&R Including Passes,P&R Ball Handler,High P&R,Go Away from Pick,To Basket,Miss 2 Pts,2,66.7,0.0,0.0,0.0,0.0,0,,,,0.0,,2,0.0,0.0,,,0,2,,2.0,0.0,0.0,2,0,2,0.0,0,0,0.0,0
Ahmed Hill,Niagara River Lions,2025-2026,offense,P&R ball handler,Make 2 Pts,6,To Basket,P&R Including Passes > P&R Ball Handler > High P&R > Go Away from Pick > To Basket > Make 2 Pts,P&R Including Passes,P&R Ball Handler,High P&R,Go Away from Pick,To Basket,Make 2 Pts,1,33.3,2.0,100.0,0.0,0.0,0,,,,100.0,,1,100.0,0.0,,,1,0,,1.0,0.0,100.0,1,1,0,100.0,0,0,0.0,2
Ahmed Hill,Niagara River Lions,2025-2026,offense,P&R ball handler,Dribble Jumper,5,Go Away from Pick,P&R Including Passes > P&R Ball Handler > High P&R > Go Away from Pick > Dribble Jumper,P&R Including Passes,P&R Ball Handler,High P&R,Go Away from Pick,Dribble Jumper,,2,40.0,0.0,0.0,0.0,0.0,1,0.0,,,0.0,,2,0.0,0.0,,,0,2,,2.0,0.0,0.0,1,0,1,0.0,0,1,0.5,0
Ahmed Hill,Niagara River Lions,2025-2026,offense,P&R ball handler,Long/3pt,6,Dribble Jumper,P&R Including Passes > P&R Ball Handler > High P&R > Go Away from Pick > Dribble Jumper > Long/3pt,P&R Including Passes,P&R Ball Handler,High P&R,Go Away from Pick,Dribble Jumper,Long/3pt,1,50.0,0.0,0.0,0.0,0.0,1,0.0,,,0.0,,1,0.0,0.0,,,0,1,,1.0,0.0,0.0,0,0,0,,0,1,1.0,0
Ahmed Hill,Niagara River Lions,2025-2026,offense,P&R ball handler,Short to < 17,6,Dribble Jumper,P&R Including Passes > P&R Ball Handler > High P&R > Go Away from Pick > Dribble Jumper > Short to < 17,P&R Including Passes,P&R Ball Handler,High P&R,Go Away from Pick,Dribble Jumper,Short to < 17,1,50.0,0.0,0.0,0.0,0.0,0,,,,0.0,,1,0.0,0.0,,,0,1,,1.0,0.0,0.0,1,0,1,0.0,0,0,0.0,0
Ahmed Hill,Niagara River Lions,2025-2026,offense,P&R ball handler,Takes Early Jump Shot,4,High P&R,P&R Including Passes > P&R Ball Handler > High P&R > Takes Early Jump Shot,P&R Including Passes,P&R Ball Handler,High P&R,Takes Early Jump Shot,,,1,4.8,3.0,150.0,0.0,0.0,1,100.0,,,100.0,,1,150.0,0.0,,,1,0,,1.0,0.0,100.0,0,0,0,,1,0,1.0,3
Ahmed Hill,Niagara River Lions,2025-2026,offense,P&R ball handler,Dribble Jumper,5,Takes Early Jump Shot,P&R Including Passes > P&R Ball Handler > High P&R > Takes Early Jump Shot > Dribble Jumper,P&R Including Passes,P&R Ball Handler,High P&R,Takes Early Jump Shot,Dribble Jumper,,1,100.0,3.0,150.0,0.0,0.0,1,100.0,,,100.0,,1,150.0,0.0,,,1,0,,1.0,0.0,100.0,0,0,0,,1,0,1.0,3
Ahmed Hill,Niagara River Lions,2025-2026,offense,P&R ball handler,Long/3pt,6,Dribble Jumper,P&R Including Passes > P&R Ball Handler > High P&R > Takes Early Jump Shot > Dribble Jumper > Long/3pt,P&R Including Passes,P&R Ball Handler,High P&R,Takes Early Jump Shot,Dribble Jumper,Long/3pt,1,100.0,3.0,150.0,0.0,0.0,1,100.0,,,100.0,,1,150.0,0.0,,,1,0,,1.0,0.0,100.0,0,0,0,,1,0,1.0,3
Ahmed Hill,Niagara River Lions,2025-2026,offense,P&R ball handler,Right P&R,3,P&R Ball Handler,P&R Including Passes > P&R Ball Handler > Right P&R,P&R Including Passes,P&R Ball Handler,Right P&R,,,,8,23.5,0.625,41.7,25.0,0.0,2,50.0,,,33.3,,6,41.7,0.0,,,2,4,,6.0,0.0,25.0,4,1,3,25.0,1,1,0.33,5
Ahmed Hill,Niagara River Lions,2025-2026,offense,P&R ball handler,Side,4,Right P&R,P&R Including Passes > P&R Ball Handler > Right P&R > Side,P&R Including Passes,P&R Ball Handler,Right P&R,Side,,,5,62.5,0.4,25.0,20.0,0.0,1,0.0,,,25.0,,4,25.0,0.0,,,1,3,,4.0,0.0,20.0,3,1,2,33.3,0,1,0.25,2
Ahmed Hill,Niagara River Lions,2025-2026,offense,P&R ball handler,Dribble Off Pick,5,Side,P&R Including Passes > P&R Ball Handler > Right P&R > Side > Dribble Off Pick,P&R Including Passes,P&R Ball Handler,Right P&R,Side,Dribble Off Pick,,4,80.0,0.0,0.0,25.0,0.0,1,0.0,,,0.0,,3,0.0,0.0,,,0,3,,3.0,0.0,0.0,2,0,2,0.0,0,1,0.33,0
Ahmed Hill,Niagara River Lions,2025-2026,offense,P&R ball handler,To Basket,6,Dribble Off Pick,P&R Including Passes > P&R Ball Handler > Right P&R > Side > Dribble Off Pick > To Basket,P&R Including Passes,P&R Ball Handler,Right P&R,Side,Dribble Off Pick,To Basket,2,50.0,0.0,0.0,0.0,0.0,0,,,,0.0,,2,0.0,0.0,,,0,2,,2.0,0.0,0.0,2,0,2,0.0,0,0,0.0,0
Ahmed Hill,Niagara River Lions,2025-2026,offense,P&R ball handler,Dribble Jumper,6,Dribble Off Pick,P&R Including Passes > P&R Ball Handler > Right P&R > Side > Dribble Off Pick > Dribble Jumper,P&R Including Passes,P&R Ball Handler,Right P&R,Side,Dribble Off Pick,Dribble Jumper,1,25.0,0.0,0.0,0.0,0.0,1,0.0,,,0.0,,1,0.0,0.0,,,0,1,,1.0,0.0,0.0,0,0,0,,0,1,1.0,0
Ahmed Hill,Niagara River Lions,2025-2026,offense,P&R ball handler,Defense Commits,6,Dribble Off Pick,P&R Including Passes > P&R Ball Handler > Right P&R > Side > Dribble Off Pick > Defense Commits,P&R Including Passes,P&R Ball Handler,Right P&R,Side,Dribble Off Pick,Defense Commits,1,25.0,0.0,,100.0,0.0,0,,,,,,0,,0.0,,,0,0,,0.0,,0.0,0,0,0,,0,0,,0
Ahmed Hill,Niagara River Lions,2025-2026,offense,P&R ball handler,Go Away from Pick,5,Side,P&R Including Passes > P&R Ball Handler > Right P&R > Side > Go Away from Pick,P&R Including Passes,P&R Ball Handler,Right P&R,Side,Go Away from Pick,,1,20.0,2.0,100.0,0.0,0.0,0,,,,100.0,,1,100.0,0.0,,,1,0,,1.0,0.0,100.0,1,1,0,100.0,0,0,0.0,2
Ahmed Hill,Niagara River Lions,2025-2026,offense,P&R ball handler,Dribble Jumper,6,Go Away from Pick,P&R Including Passes > P&R Ball Handler > Right P&R > Side > Go Away from Pick > Dribble Jumper,P&R Including Passes,P&R Ball Handler,Right P&R,Side,Go Away from Pick,Dribble Jumper,1,100.0,2.0,100.0,0.0,0.0,0,,,,100.0,,1,100.0,0.0,,,1,0,,1.0,0.0,100.0,1,1,0,100.0,0,0,0.0,2
Ahmed Hill,Niagara River Lions,2025-2026,offense,P&R ball handler,Baseline,4,Right P&R,P&R Including Passes > P&R Ball Handler > Right P&R > Baseline,P&R Including Passes,P&R Ball Handler,Right P&R,Baseline,,,3,37.5,1.0,75.0,33.3,0.0,1,100.0,,,50.0,,2,75.0,0.0,,,1,1,,2.0,0.0,33.3,1,0,1,0.0,1,0,0.5,3
Ahmed Hill,Niagara River Lions,2025-2026,offense,P&R ball handler,Dribble Off Pick,5,Baseline,P&R Including Passes > P&R Ball Handler > Right P&R > Baseline > Dribble Off Pick,P&R Including Passes,P&R Ball Handler,Right P&R,Baseline,Dribble Off Pick,,3,100.0,1.0,75.0,33.3,0.0,1,100.0,,,50.0,,2,75.0,0.0,,,1,1,,2.0,0.0,33.3,1,0,1,0.0,1,0,0.5,3
Ahmed Hill,Niagara River Lions,2025-2026,offense,P&R ball handler,Turnover,6,Dribble Off Pick,P&R Including Passes > P&R Ball Handler > Right P&R > Baseline > Dribble Off Pick > Turnover,P&R Including Passes,P&R Ball Handler,Right P&R,Baseline,Dribble Off Pick,Turnover,1,33.3,0.0,,100.0,0.0,0,,,,,,0,,0.0,,,0,0,,0.0,,0.0,0,0,0,,0,0,,0
Ahmed Hill,Niagara River Lions,2025-2026,offense,P&R ball handler,To Basket,6,Dribble Off Pick,P&R Including Passes > P&R Ball Handler > Right P&R > Baseline > Dribble Off Pick > To Basket,P&R Including Passes,P&R Ball Handler,Right P&R,Baseline,Dribble Off Pick,To Basket,1,33.3,0.0,0.0,0.0,0.0,0,,,,0.0,,1,0.0,0.0,,,0,1,,1.0,0.0,0.0,1,0,1,0.0,0,0,0.0,0
Ahmed Hill,Niagara River Lions,2025-2026,offense,P&R ball handler,Dribble Jumper,6,Dribble Off Pick,P&R Including Passes > P&R Ball Handler > Right P&R > Baseline > Dribble Off Pick > Dribble Jumper,P&R Including Passes,P&R Ball Handler,Right P&R,Baseline,Dribble Off Pick,Dribble Jumper,1,33.3,3.0,150.0,0.0,0.0,1,100.0,,,100.0,,1,150.0,0.0,,,1,0,,1.0,0.0,100.0,0,0,0,,1,0,1.0,3
Ahmed Hill,Niagara River Lions,2025-2026,offense,P&R ball handler,Left P&R,3,P&R Ball Handler,P&R Including Passes > P&R Ball Handler > Left P&R,P&R Including Passes,P&R Ball Handler,Left P&R,,,,5,14.7,0.4,33.3,40.0,0.0,0,,,,33.3,,3,33.3,0.0,,,1,2,,3.0,0.0,20.0,3,1,2,33.3,0,0,0.0,2
Ahmed Hill,Niagara River Lions,2025-2026,offense,P&R ball handler,Baseline,4,Left P&R,P&R Including Passes > P&R Ball Handler > Left P&R > Baseline,P&R Including Passes,P&R Ball Handler,Left P&R,Baseline,,,4,80.0,0.5,50.0,50.0,0.0,0,,,,50.0,,2,50.0,0.0,,,1,1,,2.0,0.0,25.0,2,1,1,50.0,0,0,0.0,2
Ahmed Hill,Niagara River Lions,2025-2026,offense,P&R ball handler,Dribble Off Pick,5,Baseline,P&R Including Passes > P&R Ball Handler > Left P&R > Baseline > Dribble Off Pick,P&R Including Passes,P&R Ball Handler,Left P&R,Baseline,Dribble Off Pick,,4,100.0,0.5,50.0,50.0,0.0,0,,,,50.0,,2,50.0,0.0,,,1,1,,2.0,0.0,25.0,2,1,1,50.0,0,0,0.0,2
Ahmed Hill,Niagara River Lions,2025-2026,offense,P&R ball handler,Defense Commits,6,Dribble Off Pick,P&R Including Passes > P&R Ball Handler > Left P&R > Baseline > Dribble Off Pick > Defense Commits,P&R Including Passes,P&R Ball Handler,Left P&R,Baseline,Dribble Off Pick,Defense Commits,2,50.0,0.0,,100.0,0.0,0,,,,,,0,,0.0,,,0,0,,0.0,,0.0,0,0,0,,0,0,,0
Ahmed Hill,Niagara River Lions,2025-2026,offense,P&R ball handler,Dribble Jumper,6,Dribble Off Pick,P&R Including Passes > P&R Ball Handler > Left P&R > Baseline > Dribble Off Pick > Dribble Jumper,P&R Including Passes,P&R Ball Handler,Left P&R,Baseline,Dribble Off Pick,Dribble Jumper,2,50.0,1.0,50.0,0.0,0.0,0,,,,50.0,,2,50.0,0.0,,,1,1,,2.0,0.0,50.0,2,1,1,50.0,0,0,0.0,2
Ahmed Hill,Niagara River Lions,2025-2026,offense,P&R ball handler,Side,4,Left P&R,P&R Including Passes > P&R Ball Handler > Left P&R > Side,P&R Including Passes,P&R Ball Handler,Left P&R,Side,,,1,20.0,0.0,0.0,0.0,0.0,0,,,,0.0,,1,0.0,0.0,,,0,1,,1.0,0.0,0.0,1,0,1,0.0,0,0,0.0,0
Ahmed Hill,Niagara River Lions,2025-2026,offense,P&R ball handler,Dribble Off Pick,5,Side,P&R Including Passes > P&R Ball Handler > Left P&R > Side > Dribble Off Pick,P&R Including Passes,P&R Ball Handler,Left P&R,Side,Dribble Off Pick,,1,100.0,0.0,0.0,0.0,0.0,0,,,,0.0,,1,0.0,0.0,,,0,1,,1.0,0.0,0.0,1,0,1,0.0,0,0,0.0,0
Ahmed Hill,Niagara River Lions,2025-2026,offense,P&R ball handler,Dribble Jumper,6,Dribble Off Pick,P&R Including Passes > P&R Ball Handler > Left P&R > Side > Dribble Off Pick > Dribble Jumper,P&R Including Passes,P&R Ball Handler,Left P&R,Side,Dribble Off Pick,Dribble Jumper,1,100.0,0.0,0.0,0.0,0.0,0,,,,0.0,,1,0.0,0.0,,,0,1,,1.0,0.0,0.0,1,0,1,0.0,0,0,0.0,0
Ahmed Hill,Niagara River Lions,2025-2026,offense,P&R ball handler,Spot-Up,2,P&R Including Passes,P&R Including Passes > Spot-Up,P&R Including Passes,Spot-Up,,,,,14,21.9,0.714,38.8,7.1,7.1,9,22.2,,,25.0,,12,33.3,7.1,,,3,9,,12.9,0.17,28.6,3,1,2,33.3,2,7,0.75,10
Ahmed Hill,Niagara River Lions,2025-2026,offense,P&R ball handler,No Dribble Jumper,3,Spot-Up,P&R Including Passes > Spot-Up > No Dribble Jumper,P&R Including Passes,Spot-Up,No Dribble Jumper,,,,8,57.1,0.75,37.5,0.0,0.0,8,25.0,,,25.0,,8,37.5,0.0,,,2,6,,8.0,0.0,25.0,0,0,0,,2,6,1.0,6
Ahmed Hill,Niagara River Lions,2025-2026,offense,P&R ball handler,Guarded,4,No Dribble Jumper,P&R Including Passes > Spot-Up > No Dribble Jumper > Guarded,P&R Including Passes,Spot-Up,No Dribble Jumper,Guarded,,,6,75.0,0.5,25.0,0.0,0.0,6,16.7,,,16.7,,6,25.0,0.0,,,1,5,,6.0,0.0,16.7,0,0,0,,1,5,1.0,3
Ahmed Hill,Niagara River Lions,2025-2026,offense,P&R ball handler,Long/3pt,5,Guarded,P&R Including Passes > Spot-Up > No Dribble Jumper > Guarded > Long/3pt,P&R Including Passes,Spot-Up,No Dribble Jumper,Guarded,Long/3pt,,6,100.0,0.5,25.0,0.0,0.0,6,16.7,,,16.7,,6,25.0,0.0,,,1,5,,6.0,0.0,16.7,0,0,0,,1,5,1.0,3
Ahmed Hill,Niagara River Lions,2025-2026,offense,P&R ball handler,Miss 3 Pts,6,Long/3pt,P&R Including Passes > Spot-Up > No Dribble Jumper > Guarded > Long/3pt > Miss 3 Pts,P&R Including Passes,Spot-Up,No Dribble Jumper,Guarded,Long/3pt,Miss 3 Pts,5,83.3,0.0,0.0,0.0,0.0,5,0.0,,,0.0,,5,0.0,0.0,,,0,5,,5.0,0.0,0.0,0,0,0,,0,5,1.0,0
Ahmed Hill,Niagara River Lions,2025-2026,offense,P&R ball handler,Make 3 Pts,6,Long/3pt,P&R Including Passes > Spot-Up > No Dribble Jumper > Guarded > Long/3pt > Make 3 Pts,P&R Including Passes,Spot-Up,No Dribble Jumper,Guarded,Long/3pt,Make 3 Pts,1,16.7,3.0,150.0,0.0,0.0,1,100.0,,,100.0,,1,150.0,0.0,,,1,0,,1.0,0.0,100.0,0,0,0,,1,0,1.0,3
Ahmed Hill,Niagara River Lions,2025-2026,offense,P&R ball handler,Open,4,No Dribble Jumper,P&R Including Passes > Spot-Up > No Dribble Jumper > Open,P&R Including Passes,Spot-Up,No Dribble Jumper,Open,,,2,25.0,1.5,75.0,0.0,0.0,2,50.0,,,50.0,,2,75.0,0.0,,,1,1,,2.0,0.0,50.0,0,0,0,,1,1,1.0,3
Ahmed Hill,Niagara River Lions,2025-2026,offense,P&R ball handler,Long/3pt,5,Open,P&R Including Passes > Spot-Up > No Dribble Jumper > Open > Long/3pt,P&R Including Passes,Spot-Up,No Dribble Jumper,Open,Long/3pt,,2,100.0,1.5,75.0,0.0,0.0,2,50.0,,,50.0,,2,75.0,0.0,,,1,1,,2.0,0.0,50.0,0,0,0,,1,1,1.0,3
Ahmed Hill,Niagara River Lions,2025-2026,offense,P&R ball handler,Make 3 Pts,6,Long/3pt,P&R Including Passes > Spot-Up > No Dribble Jumper > Open > Long/3pt > Make 3 Pts,P&R Including Passes,Spot-Up,No Dribble Jumper,Open,Long/3pt,Make 3 Pts,1,50.0,3.0,150.0,0.0,0.0,1,100.0,,,100.0,,1,150.0,0.0,,,1,0,,1.0,0.0,100.0,0,0,0,,1,0,1.0,3
Ahmed Hill,Niagara River Lions,2025-2026,offense,P&R ball handler,Miss 3 Pts,6,Long/3pt,P&R Including Passes > Spot-Up > No Dribble Jumper > Open > Long/3pt > Miss 3 Pts,P&R Including Passes,Spot-Up,No Dribble Jumper,Open,Long/3pt,Miss 3 Pts,1,50.0,0.0,0.0,0.0,0.0,1,0.0,,,0.0,,1,0.0,0.0,,,0,1,,1.0,0.0,0.0,0,0,0,,0,1,1.0,0
Ahmed Hill,Niagara River Lions,2025-2026,offense,P&R ball handler,Drives Left,3,Spot-Up,P&R Including Passes > Spot-Up > Drives Left,P&R Including Passes,Spot-Up,Drives Left,,,,4,28.6,0.5,25.8,0.0,25.0,1,0.0,,,0.0,,3,0.0,25.0,,,0,3,,3.9,0.67,25.0,2,0,2,0.0,0,1,0.33,2
Ahmed Hill,Niagara River Lions,2025-2026,offense,P&R ball handler,To Basket,4,Drives Left,P&R Including Passes > Spot-Up > Drives Left > To Basket,P&R Including Passes,Spot-Up,Drives Left,To Basket,,,3,75.0,0.667,34.7,0.0,33.3,0,,,,0.0,,2,0.0,33.3,,,0,2,,2.9,1.0,33.3,2,0,2,0.0,0,0,0.0,2
Ahmed Hill,Niagara River Lions,2025-2026,offense,P&R ball handler,Miss 2 Pts,5,To Basket,P&R Including Passes > Spot-Up > Drives Left > To Basket > Miss 2 Pts,P&R Including Passes,Spot-Up,Drives Left,To Basket,Miss 2 Pts,,2,66.7,0.0,0.0,0.0,0.0,0,,,,0.0,,2,0.0,0.0,,,0,2,,2.0,0.0,0.0,2,0,2,0.0,0,0,0.0,0
Ahmed Hill,Niagara River Lions,2025-2026,offense,P&R ball handler,Foul,5,To Basket,P&R Including Passes > Spot-Up > Drives Left > To Basket > Foul,P&R Including Passes,Spot-Up,Drives Left,To Basket,Foul,,1,33.3,2.0,113.6,0.0,100.0,0,,,,,,0,,100.0,,,0,0,,0.9,,100.0,0,0,0,,0,0,,2
Ahmed Hill,Niagara River Lions,2025-2026,offense,P&R ball handler,Dribble Jumper,4,Drives Left,P&R Including Passes > Spot-Up > Drives Left > Dribble Jumper,P&R Including Passes,Spot-Up,Drives Left,Dribble Jumper,,,1,25.0,0.0,0.0,0.0,0.0,1,0.0,,,0.0,,1,0.0,0.0,,,0,1,,1.0,0.0,0.0,0,0,0,,0,1,1.0,0
Ahmed Hill,Niagara River Lions,2025-2026,offense,P&R ball handler,Long/3pt,5,Dribble Jumper,P&R Including Passes > Spot-Up > Drives Left > Dribble Jumper > Long/3pt,P&R Including Passes,Spot-Up,Drives Left,Dribble Jumper,Long/3pt,,1,100.0,0.0,0.0,0.0,0.0,1,0.0,,,0.0,,1,0.0,0.0,,,0,1,,1.0,0.0,0.0,0,0,0,,0,1,1.0,0
Ahmed Hill,Niagara River Lions,2025-2026,offense,P&R ball handler,Miss 3 Pts,6,Long/3pt,P&R Including Passes > Spot-Up > Drives Left > Dribble Jumper > Long/3pt > Miss 3 Pts,P&R Including Passes,Spot-Up,Drives Left,Dribble Jumper,Long/3pt,Miss 3 Pts,1,100.0,0.0,0.0,0.0,0.0,1,0.0,,,0.0,,1,0.0,0.0,,,0,1,,1.0,0.0,0.0,0,0,0,,0,1,1.0,0
Ahmed Hill,Niagara River Lions,2025-2026,offense,P&R ball handler,Drives Straight,3,Spot-Up,P&R Including Passes > Spot-Up > Drives Straight,P&R Including Passes,Spot-Up,Drives Straight,,,,2,14.3,1.0,100.0,50.0,0.0,0,,,,100.0,,1,100.0,0.0,,,1,0,,1.0,0.0,50.0,1,1,0,100.0,0,0,0.0,2
Ahmed Hill,Niagara River Lions,2025-2026,offense,P&R ball handler,To Basket,4,Drives Straight,P&R Including Passes > Spot-Up > Drives Straight > To Basket,P&R Including Passes,Spot-Up,Drives Straight,To Basket,,,1,50.0,2.0,100.0,0.0,0.0,0,,,,100.0,,1,100.0,0.0,,,1,0,,1.0,0.0,100.0,1,1,0,100.0,0,0,0.0,2
Ahmed Hill,Niagara River Lions,2025-2026,offense,P&R ball handler,Make 2 Pts,5,To Basket,P&R Including Passes > Spot-Up > Drives Straight > To Basket > Make 2 Pts,P&R Including Passes,Spot-Up,Drives Straight,To Basket,Make 2 Pts,,1,100.0,2.0,100.0,0.0,0.0,0,,,,100.0,,1,100.0,0.0,,,1,0,,1.0,0.0,100.0,1,1,0,100.0,0,0,0.0,2
Ahmed Hill,Niagara River Lions,2025-2026,offense,P&R ball handler,Turnover,4,Drives Straight,P&R Including Passes > Spot-Up > Drives Straight > Turnover,P&R Including Passes,Spot-Up,Drives Straight,Turnover,,,1,50.0,0.0,,100.0,0.0,0,,,,,,0,,0.0,,,0,0,,0.0,,0.0,0,0,0,,0,0,,0
Ahmed Hill,Niagara River Lions,2025-2026,offense,P&R ball handler,P&R Roll Man,2,P&R Including Passes,P&R Including Passes > P&R Roll Man,P&R Including Passes,P&R Roll Man,,,,,14,21.9,0.5,27.4,7.1,14.3,5,20.0,,,18.2,,11,22.7,14.3,,,2,9,,12.8,0.36,28.6,6,1,5,16.7,1,4,0.45,7
Ahmed Hill,Niagara River Lions,2025-2026,offense,P&R ball handler,Pick and Pops,3,P&R Roll Man,P&R Including Passes > P&R Roll Man > Pick and Pops,P&R Including Passes,P&R Roll Man,Pick and Pops,,,,8,57.1,0.375,18.8,0.0,0.0,5,20.0,,,12.5,,8,18.8,0.0,,,1,7,,8.0,0.0,12.5,3,0,3,0.0,1,4,0.63,3
Ahmed Hill,Niagara River Lions,2025-2026,offense,P&R ball handler,No Dribble Jumper,4,Pick and Pops,P&R Including Passes > P&R Roll Man > Pick and Pops > No Dribble Jumper,P&R Including Passes,P&R Roll Man,Pick and Pops,No Dribble Jumper,,,5,62.5,0.6,30.0,0.0,0.0,5,20.0,,,20.0,,5,30.0,0.0,,,1,4,,5.0,0.0,20.0,0,0,0,,1,4,1.0,3
Ahmed Hill,Niagara River Lions,2025-2026,offense,P&R ball handler,Open,5,No Dribble Jumper,P&R Including Passes > P&R Roll Man > Pick and Pops > No Dribble Jumper > Open,P&R Including Passes,P&R Roll Man,Pick and Pops,No Dribble Jumper,Open,,3,60.0,0.0,0.0,0.0,0.0,3,0.0,,,0.0,,3,0.0,0.0,,,0,3,,3.0,0.0,0.0,0,0,0,,0,3,1.0,0
Ahmed Hill,Niagara River Lions,2025-2026,offense,P&R ball handler,Long/3pt,6,Open,P&R Including Passes > P&R Roll Man > Pick and Pops > No Dribble Jumper > Open > Long/3pt,P&R Including Passes,P&R Roll Man,Pick and Pops,No Dribble Jumper,Open,Long/3pt,3,100.0,0.0,0.0,0.0,0.0,3,0.0,,,0.0,,3,0.0,0.0,,,0,3,,3.0,0.0,0.0,0,0,0,,0,3,1.0,0
Ahmed Hill,Niagara River Lions,2025-2026,offense,P&R ball handler,Guarded,5,No Dribble Jumper,P&R Including Passes > P&R Roll Man > Pick and Pops > No Dribble Jumper > Guarded,P&R Including Passes,P&R Roll Man,Pick and Pops,No Dribble Jumper,Guarded,,2,40.0,1.5,75.0,0.0,0.0,2,50.0,,,50.0,,2,75.0,0.0,,,1,1,,2.0,0.0,50.0,0,0,0,,1,1,1.0,3
Ahmed Hill,Niagara River Lions,2025-2026,offense,P&R ball handler,Long/3pt,6,Guarded,P&R Including Passes > P&R Roll Man > Pick and Pops > No Dribble Jumper > Guarded > Long/3pt,P&R Including Passes,P&R Roll Man,Pick and Pops,No Dribble Jumper,Guarded,Long/3pt,2,100.0,1.5,75.0,0.0,0.0,2,50.0,,,50.0,,2,75.0,0.0,,,1,1,,2.0,0.0,50.0,0,0,0,,1,1,1.0,3
Ahmed Hill,Niagara River Lions,2025-2026,offense,P&R ball handler,Drives Left,4,Pick and Pops,P&R Including Passes > P&R Roll Man > Pick and Pops > Drives Left,P&R Including Passes,P&R Roll Man,Pick and Pops,Drives Left,,,3,37.5,0.0,0.0,0.0,0.0,0,,,,0.0,,3,0.0,0.0,,,0,3,,3.0,0.0,0.0,3,0,3,0.0,0,0,0.0,0
Ahmed Hill,Niagara River Lions,2025-2026,offense,P&R ball handler,To Basket,5,Drives Left,P&R Including Passes > P&R Roll Man > Pick and Pops > Drives Left > To Basket,P&R Including Passes,P&R Roll Man,Pick and Pops,Drives Left,To Basket,,2,66.7,0.0,0.0,0.0,0.0,0,,,,0.0,,2,0.0,0.0,,,0,2,,2.0,0.0,0.0,2,0,2,0.0,0,0,0.0,0
Ahmed Hill,Niagara River Lions,2025-2026,offense,P&R ball handler,Miss 2 Pts,6,To Basket,P&R Including Passes > P&R Roll Man > Pick and Pops > Drives Left > To Basket > Miss 2 Pts,P&R Including Passes,P&R Roll Man,Pick and Pops,Drives Left,To Basket,Miss 2 Pts,2,100.0,0.0,0.0,0.0,0.0,0,,,,0.0,,2,0.0,0.0,,,0,2,,2.0,0.0,0.0,2,0,2,0.0,0,0,0.0,0
Ahmed Hill,Niagara River Lions,2025-2026,offense,P&R ball handler,Dribble Jumper,5,Drives Left,P&R Including Passes > P&R Roll Man > Pick and Pops > Drives Left > Dribble Jumper,P&R Including Passes,P&R Roll Man,Pick and Pops,Drives Left,Dribble Jumper,,1,33.3,0.0,0.0,0.0,0.0,0,,,,0.0,,1,0.0,0.0,,,0,1,,1.0,0.0,0.0,1,0,1,0.0,0,0,0.0,0
Ahmed Hill,Niagara River Lions,2025-2026,offense,P&R ball handler,Short to < 17,6,Dribble Jumper,P&R Including Passes > P&R Roll Man > Pick and Pops > Drives Left > Dribble Jumper > Short to < 17,P&R Including Passes,P&R Roll Man,Pick and Pops,Drives Left,Dribble Jumper,Short to < 17,1,100.0,0.0,0.0,0.0,0.0,0,,,,0.0,,1,0.0,0.0,,,0,1,,1.0,0.0,0.0,1,0,1,0.0,0,0,0.0,0
Ahmed Hill,Niagara River Lions,2025-2026,offense,P&R ball handler,Rolls to Basket,3,P&R Roll Man,P&R Including Passes > P&R Roll Man > Rolls to Basket,P&R Including Passes,P&R Roll Man,Rolls to Basket,,,,6,42.9,0.667,42.0,16.7,33.3,0,,,,33.3,,3,33.3,33.3,,,1,2,,4.8,1.33,50.0,3,1,2,33.3,0,0,0.0,4
Ahmed Hill,Niagara River Lions,2025-2026,offense,P&R ball handler,Foul,4,Rolls to Basket,P&R Including Passes > P&R Roll Man > Rolls to Basket > Foul,P&R Including Passes,P&R Roll Man,Rolls to Basket,Foul,,,2,33.3,1.0,56.8,0.0,100.0,0,,,,,,0,,100.0,,,0,0,,1.8,,100.0,0,0,0,,0,0,,2
Ahmed Hill,Niagara River Lions,2025-2026,offense,P&R ball handler,Miss 2 Pts,4,Rolls to Basket,P&R Including Passes > P&R Roll Man > Rolls to Basket > Miss 2 Pts,P&R Including Passes,P&R Roll Man,Rolls to Basket,Miss 2 Pts,,,2,33.3,0.0,0.0,0.0,0.0,0,,,,0.0,,2,0.0,0.0,,,0,2,,2.0,0.0,0.0,2,0,2,0.0,0,0,0.0,0
Ahmed Hill,Niagara River Lions,2025-2026,offense,P&R ball handler,Make 2 Pts,4,Rolls to Basket,P&R Including Passes > P&R Roll Man > Rolls to Basket > Make 2 Pts,P&R Including Passes,P&R Roll Man,Rolls to Basket,Make 2 Pts,,,1,16.7,2.0,100.0,0.0,0.0,0,,,,100.0,,1,100.0,0.0,,,1,0,,1.0,0.0,100.0,1,1,0,100.0,0,0,0.0,2
Ahmed Hill,Niagara River Lions,2025-2026,offense,P&R ball handler,Turnover,4,Rolls to Basket,P&R Including Passes > P&R Roll Man > Rolls to Basket > Turnover,P&R Including Passes,P&R Roll Man,Rolls to Basket,Turnover,,,1,16.7,0.0,,100.0,0.0,0,,,,,,0,,0.0,,,0,0,,0.0,,0.0,0,0,0,,0,0,,0
Ahmed Hill,Niagara River Lions,2025-2026,offense,P&R ball handler,Cut,2,P&R Including Passes,P&R Including Passes > Cut,P&R Including Passes,Cut,,,,,2,3.1,0.0,0.0,0.0,0.0,0,,,,0.0,,2,0.0,0.0,,,0,2,,2.0,0.0,0.0,2,0,2,0.0,0,0,0.0,0
Ahmed Hill,Niagara River Lions,2025-2026,offense,P&R ball handler,Flash,3,Cut,P&R Including Passes > Cut > Flash,P&R Including Passes,Cut,Flash,,,,1,50.0,0.0,0.0,0.0,0.0,0,,,,0.0,,1,0.0,0.0,,,0,1,,1.0,0.0,0.0,1,0,1,0.0,0,0,0.0,0
Ahmed Hill,Niagara River Lions,2025-2026,offense,P&R ball handler,Miss 2 Pts,4,Flash,P&R Including Passes > Cut > Flash > Miss 2 Pts,P&R Including Passes,Cut,Flash,Miss 2 Pts,,,1,100.0,0.0,0.0,0.0,0.0,0,,,,0.0,,1,0.0,0.0,,,0,1,,1.0,0.0,0.0,1,0,1,0.0,0,0,0.0,0
Ahmed Hill,Niagara River Lions,2025-2026,offense,P&R ball handler,Basket,3,Cut,P&R Including Passes > Cut > Basket,P&R Including Passes,Cut,Basket,,,,1,50.0,0.0,0.0,0.0,0.0,0,,,,0.0,,1,0.0,0.0,,,0,1,,1.0,0.0,0.0,1,0,1,0.0,0,0,0.0,0
Ahmed Hill,Niagara River Lions,2025-2026,offense,P&R ball handler,Miss 2 Pts,4,Basket,P&R Including Passes > Cut > Basket > Miss 2 Pts,P&R Including Passes,Cut,Basket,Miss 2 Pts,,,1,100.0,0.0,0.0,0.0,0.0,0,,,,0.0,,1,0.0,0.0,,,0,1,,1.0,0.0,0.0,1,0,1,0.0,0,0,0.0,0
Ahmed Hill,Niagara River Lions,2025-2026,offense,P&R ball handler,P&R BH - Defense Commits,1,,P&R BH - Defense Commits,P&R BH - Defense Commits,,,,,,35,11.3,0.486,30.8,20.0,8.6,14,21.4,Poor,6.0,20.0,15.0,25,26.0,8.6,,,5,20,,27.6,0.24,22.9,11,2,9,18.2,3,11,0.56,17
Ahmed Hill,Niagara River Lions,2025-2026,offense,P&R ball handler,P&R Roll Man,2,P&R BH - Defense Commits,P&R BH - Defense Commits > P&R Roll Man,P&R BH - Defense Commits,P&R Roll Man,,,,,14,40.0,0.5,27.4,7.1,14.3,5,20.0,,,18.2,,11,22.7,14.3,,,2,9,,12.8,0.36,28.6,6,1,5,16.7,1,4,0.45,7
Ahmed Hill,Niagara River Lions,2025-2026,offense,P&R ball handler,Pick and Pops,3,P&R Roll Man,P&R BH - Defense Commits > P&R Roll Man > Pick and Pops,P&R BH - Defense Commits,P&R Roll Man,Pick and Pops,,,,8,57.1,0.375,18.8,0.0,0.0,5,20.0,,,12.5,,8,18.8,0.0,,,1,7,,8.0,0.0,12.5,3,0,3,0.0,1,4,0.63,3
Ahmed Hill,Niagara River Lions,2025-2026,offense,P&R ball handler,No Dribble Jumper,4,Pick and Pops,P&R BH - Defense Commits > P&R Roll Man > Pick and Pops > No Dribble Jumper,P&R BH - Defense Commits,P&R Roll Man,Pick and Pops,No Dribble Jumper,,,5,62.5,0.6,30.0,0.0,0.0,5,20.0,,,20.0,,5,30.0,0.0,,,1,4,,5.0,0.0,20.0,0,0,0,,1,4,1.0,3
Ahmed Hill,Niagara River Lions,2025-2026,offense,P&R ball handler,Open,5,No Dribble Jumper,P&R BH - Defense Commits > P&R Roll Man > Pick and Pops > No Dribble Jumper > Open,P&R BH - Defense Commits,P&R Roll Man,Pick and Pops,No Dribble Jumper,Open,,3,60.0,0.0,0.0,0.0,0.0,3,0.0,,,0.0,,3,0.0,0.0,,,0,3,,3.0,0.0,0.0,0,0,0,,0,3,1.0,0
Ahmed Hill,Niagara River Lions,2025-2026,offense,P&R ball handler,Long/3pt,6,Open,P&R BH - Defense Commits > P&R Roll Man > Pick and Pops > No Dribble Jumper > Open > Long/3pt,P&R BH - Defense Commits,P&R Roll Man,Pick and Pops,No Dribble Jumper,Open,Long/3pt,3,100.0,0.0,0.0,0.0,0.0,3,0.0,,,0.0,,3,0.0,0.0,,,0,3,,3.0,0.0,0.0,0,0,0,,0,3,1.0,0
Ahmed Hill,Niagara River Lions,2025-2026,offense,P&R ball handler,Guarded,5,No Dribble Jumper,P&R BH - Defense Commits > P&R Roll Man > Pick and Pops > No Dribble Jumper > Guarded,P&R BH - Defense Commits,P&R Roll Man,Pick and Pops,No Dribble Jumper,Guarded,,2,40.0,1.5,75.0,0.0,0.0,2,50.0,,,50.0,,2,75.0,0.0,,,1,1,,2.0,0.0,50.0,0,0,0,,1,1,1.0,3
Ahmed Hill,Niagara River Lions,2025-2026,offense,P&R ball handler,Long/3pt,6,Guarded,P&R BH - Defense Commits > P&R Roll Man > Pick and Pops > No Dribble Jumper > Guarded > Long/3pt,P&R BH - Defense Commits,P&R Roll Man,Pick and Pops,No Dribble Jumper,Guarded,Long/3pt,2,100.0,1.5,75.0,0.0,0.0,2,50.0,,,50.0,,2,75.0,0.0,,,1,1,,2.0,0.0,50.0,0,0,0,,1,1,1.0,3
Ahmed Hill,Niagara River Lions,2025-2026,offense,P&R ball handler,Drives Left,4,Pick and Pops,P&R BH - Defense Commits > P&R Roll Man > Pick and Pops > Drives Left,P&R BH - Defense Commits,P&R Roll Man,Pick and Pops,Drives Left,,,3,37.5,0.0,0.0,0.0,0.0,0,,,,0.0,,3,0.0,0.0,,,0,3,,3.0,0.0,0.0,3,0,3,0.0,0,0,0.0,0
Ahmed Hill,Niagara River Lions,2025-2026,offense,P&R ball handler,To Basket,5,Drives Left,P&R BH - Defense Commits > P&R Roll Man > Pick and Pops > Drives Left > To Basket,P&R BH - Defense Commits,P&R Roll Man,Pick and Pops,Drives Left,To Basket,,2,66.7,0.0,0.0,0.0,0.0,0,,,,0.0,,2,0.0,0.0,,,0,2,,2.0,0.0,0.0,2,0,2,0.0,0,0,0.0,0
Ahmed Hill,Niagara River Lions,2025-2026,offense,P&R ball handler,Miss 2 Pts,6,To Basket,P&R BH - Defense Commits > P&R Roll Man > Pick and Pops > Drives Left > To Basket > Miss 2 Pts,P&R BH - Defense Commits,P&R Roll Man,Pick and Pops,Drives Left,To Basket,Miss 2 Pts,2,100.0,0.0,0.0,0.0,0.0,0,,,,0.0,,2,0.0,0.0,,,0,2,,2.0,0.0,0.0,2,0,2,0.0,0,0,0.0,0
Ahmed Hill,Niagara River Lions,2025-2026,offense,P&R ball handler,Dribble Jumper,5,Drives Left,P&R BH - Defense Commits > P&R Roll Man > Pick and Pops > Drives Left > Dribble Jumper,P&R BH - Defense Commits,P&R Roll Man,Pick and Pops,Drives Left,Dribble Jumper,,1,33.3,0.0,0.0,0.0,0.0,0,,,,0.0,,1,0.0,0.0,,,0,1,,1.0,0.0,0.0,1,0,1,0.0,0,0,0.0,0
Ahmed Hill,Niagara River Lions,2025-2026,offense,P&R ball handler,Short to < 17,6,Dribble Jumper,P&R BH - Defense Commits > P&R Roll Man > Pick and Pops > Drives Left > Dribble Jumper > Short to < 17,P&R BH - Defense Commits,P&R Roll Man,Pick and Pops,Drives Left,Dribble Jumper,Short to < 17,1,100.0,0.0,0.0,0.0,0.0,0,,,,0.0,,1,0.0,0.0,,,0,1,,1.0,0.0,0.0,1,0,1,0.0,0,0,0.0,0
Ahmed Hill,Niagara River Lions,2025-2026,offense,P&R ball handler,Rolls to Basket,3,P&R Roll Man,P&R BH - Defense Commits > P&R Roll Man > Rolls to Basket,P&R BH - Defense Commits,P&R Roll Man,Rolls to Basket,,,,6,42.9,0.667,42.0,16.7,33.3,0,,,,33.3,,3,33.3,33.3,,,1,2,,4.8,1.33,50.0,3,1,2,33.3,0,0,0.0,4
Ahmed Hill,Niagara River Lions,2025-2026,offense,P&R ball handler,Foul,4,Rolls to Basket,P&R BH - Defense Commits > P&R Roll Man > Rolls to Basket > Foul,P&R BH - Defense Commits,P&R Roll Man,Rolls to Basket,Foul,,,2,33.3,1.0,56.8,0.0,100.0,0,,,,,,0,,100.0,,,0,0,,1.8,,100.0,0,0,0,,0,0,,2
Ahmed Hill,Niagara River Lions,2025-2026,offense,P&R ball handler,Miss 2 Pts,4,Rolls to Basket,P&R BH - Defense Commits > P&R Roll Man > Rolls to Basket > Miss 2 Pts,P&R BH - Defense Commits,P&R Roll Man,Rolls to Basket,Miss 2 Pts,,,2,33.3,0.0,0.0,0.0,0.0,0,,,,0.0,,2,0.0,0.0,,,0,2,,2.0,0.0,0.0,2,0,2,0.0,0,0,0.0,0
Ahmed Hill,Niagara River Lions,2025-2026,offense,P&R ball handler,Turnover,4,Rolls to Basket,P&R BH - Defense Commits > P&R Roll Man > Rolls to Basket > Turnover,P&R BH - Defense Commits,P&R Roll Man,Rolls to Basket,Turnover,,,1,16.7,0.0,,100.0,0.0,0,,,,,,0,,0.0,,,0,0,,0.0,,0.0,0,0,0,,0,0,,0
Ahmed Hill,Niagara River Lions,2025-2026,offense,P&R ball handler,Make 2 Pts,4,Rolls to Basket,P&R BH - Defense Commits > P&R Roll Man > Rolls to Basket > Make 2 Pts,P&R BH - Defense Commits,P&R Roll Man,Rolls to Basket,Make 2 Pts,,,1,16.7,2.0,100.0,0.0,0.0,0,,,,100.0,,1,100.0,0.0,,,1,0,,1.0,0.0,100.0,1,1,0,100.0,0,0,0.0,2
Ahmed Hill,Niagara River Lions,2025-2026,offense,P&R ball handler,Spot-Up,2,P&R BH - Defense Commits,P&R BH - Defense Commits > Spot-Up,P&R BH - Defense Commits,Spot-Up,,,,,14,40.0,0.714,38.8,7.1,7.1,9,22.2,,,25.0,,12,33.3,7.1,,,3,9,,12.9,0.17,28.6,3,1,2,33.3,2,7,0.75,10
Ahmed Hill,Niagara River Lions,2025-2026,offense,P&R ball handler,No Dribble Jumper,3,Spot-Up,P&R BH - Defense Commits > Spot-Up > No Dribble Jumper,P&R BH - Defense Commits,Spot-Up,No Dribble Jumper,,,,8,57.1,0.75,37.5,0.0,0.0,8,25.0,,,25.0,,8,37.5,0.0,,,2,6,,8.0,0.0,25.0,0,0,0,,2,6,1.0,6
Ahmed Hill,Niagara River Lions,2025-2026,offense,P&R ball handler,Guarded,4,No Dribble Jumper,P&R BH - Defense Commits > Spot-Up > No Dribble Jumper > Guarded,P&R BH - Defense Commits,Spot-Up,No Dribble Jumper,Guarded,,,6,75.0,0.5,25.0,0.0,0.0,6,16.7,,,16.7,,6,25.0,0.0,,,1,5,,6.0,0.0,16.7,0,0,0,,1,5,1.0,3
Ahmed Hill,Niagara River Lions,2025-2026,offense,P&R ball handler,Long/3pt,5,Guarded,P&R BH - Defense Commits > Spot-Up > No Dribble Jumper > Guarded > Long/3pt,P&R BH - Defense Commits,Spot-Up,No Dribble Jumper,Guarded,Long/3pt,,6,100.0,0.5,25.0,0.0,0.0,6,16.7,,,16.7,,6,25.0,0.0,,,1,5,,6.0,0.0,16.7,0,0,0,,1,5,1.0,3
Ahmed Hill,Niagara River Lions,2025-2026,offense,P&R ball handler,Miss 3 Pts,6,Long/3pt,P&R BH - Defense Commits > Spot-Up > No Dribble Jumper > Guarded > Long/3pt > Miss 3 Pts,P&R BH - Defense Commits,Spot-Up,No Dribble Jumper,Guarded,Long/3pt,Miss 3 Pts,5,83.3,0.0,0.0,0.0,0.0,5,0.0,,,0.0,,5,0.0,0.0,,,0,5,,5.0,0.0,0.0,0,0,0,,0,5,1.0,0
Ahmed Hill,Niagara River Lions,2025-2026,offense,P&R ball handler,Make 3 Pts,6,Long/3pt,P&R BH - Defense Commits > Spot-Up > No Dribble Jumper > Guarded > Long/3pt > Make 3 Pts,P&R BH - Defense Commits,Spot-Up,No Dribble Jumper,Guarded,Long/3pt,Make 3 Pts,1,16.7,3.0,150.0,0.0,0.0,1,100.0,,,100.0,,1,150.0,0.0,,,1,0,,1.0,0.0,100.0,0,0,0,,1,0,1.0,3
Ahmed Hill,Niagara River Lions,2025-2026,offense,P&R ball handler,Open,4,No Dribble Jumper,P&R BH - Defense Commits > Spot-Up > No Dribble Jumper > Open,P&R BH - Defense Commits,Spot-Up,No Dribble Jumper,Open,,,2,25.0,1.5,75.0,0.0,0.0,2,50.0,,,50.0,,2,75.0,0.0,,,1,1,,2.0,0.0,50.0,0,0,0,,1,1,1.0,3
Ahmed Hill,Niagara River Lions,2025-2026,offense,P&R ball handler,Long/3pt,5,Open,P&R BH - Defense Commits > Spot-Up > No Dribble Jumper > Open > Long/3pt,P&R BH - Defense Commits,Spot-Up,No Dribble Jumper,Open,Long/3pt,,2,100.0,1.5,75.0,0.0,0.0,2,50.0,,,50.0,,2,75.0,0.0,,,1,1,,2.0,0.0,50.0,0,0,0,,1,1,1.0,3
Ahmed Hill,Niagara River Lions,2025-2026,offense,P&R ball handler,Miss 3 Pts,6,Long/3pt,P&R BH - Defense Commits > Spot-Up > No Dribble Jumper > Open > Long/3pt > Miss 3 Pts,P&R BH - Defense Commits,Spot-Up,No Dribble Jumper,Open,Long/3pt,Miss 3 Pts,1,50.0,0.0,0.0,0.0,0.0,1,0.0,,,0.0,,1,0.0,0.0,,,0,1,,1.0,0.0,0.0,0,0,0,,0,1,1.0,0
Ahmed Hill,Niagara River Lions,2025-2026,offense,P&R ball handler,Make 3 Pts,6,Long/3pt,P&R BH - Defense Commits > Spot-Up > No Dribble Jumper > Open > Long/3pt > Make 3 Pts,P&R BH - Defense Commits,Spot-Up,No Dribble Jumper,Open,Long/3pt,Make 3 Pts,1,50.0,3.0,150.0,0.0,0.0,1,100.0,,,100.0,,1,150.0,0.0,,,1,0,,1.0,0.0,100.0,0,0,0,,1,0,1.0,3
Ahmed Hill,Niagara River Lions,2025-2026,offense,P&R ball handler,Drives Left,3,Spot-Up,P&R BH - Defense Commits > Spot-Up > Drives Left,P&R BH - Defense Commits,Spot-Up,Drives Left,,,,4,28.6,0.5,25.8,0.0,25.0,1,0.0,,,0.0,,3,0.0,25.0,,,0,3,,3.9,0.67,25.0,2,0,2,0.0,0,1,0.33,2
Ahmed Hill,Niagara River Lions,2025-2026,offense,P&R ball handler,To Basket,4,Drives Left,P&R BH - Defense Commits > Spot-Up > Drives Left > To Basket,P&R BH - Defense Commits,Spot-Up,Drives Left,To Basket,,,3,75.0,0.667,34.7,0.0,33.3,0,,,,0.0,,2,0.0,33.3,,,0,2,,2.9,1.0,33.3,2,0,2,0.0,0,0,0.0,2
Ahmed Hill,Niagara River Lions,2025-2026,offense,P&R ball handler,Miss 2 Pts,5,To Basket,P&R BH - Defense Commits > Spot-Up > Drives Left > To Basket > Miss 2 Pts,P&R BH - Defense Commits,Spot-Up,Drives Left,To Basket,Miss 2 Pts,,2,66.7,0.0,0.0,0.0,0.0,0,,,,0.0,,2,0.0,0.0,,,0,2,,2.0,0.0,0.0,2,0,2,0.0,0,0,0.0,0
Ahmed Hill,Niagara River Lions,2025-2026,offense,P&R ball handler,Foul,5,To Basket,P&R BH - Defense Commits > Spot-Up > Drives Left > To Basket > Foul,P&R BH - Defense Commits,Spot-Up,Drives Left,To Basket,Foul,,1,33.3,2.0,113.6,0.0,100.0,0,,,,,,0,,100.0,,,0,0,,0.9,,100.0,0,0,0,,0,0,,2
Ahmed Hill,Niagara River Lions,2025-2026,offense,P&R ball handler,Dribble Jumper,4,Drives Left,P&R BH - Defense Commits > Spot-Up > Drives Left > Dribble Jumper,P&R BH - Defense Commits,Spot-Up,Drives Left,Dribble Jumper,,,1,25.0,0.0,0.0,0.0,0.0,1,0.0,,,0.0,,1,0.0,0.0,,,0,1,,1.0,0.0,0.0,0,0,0,,0,1,1.0,0
Ahmed Hill,Niagara River Lions,2025-2026,offense,P&R ball handler,Long/3pt,5,Dribble Jumper,P&R BH - Defense Commits > Spot-Up > Drives Left > Dribble Jumper > Long/3pt,P&R BH - Defense Commits,Spot-Up,Drives Left,Dribble Jumper,Long/3pt,,1,100.0,0.0,0.0,0.0,0.0,1,0.0,,,0.0,,1,0.0,0.0,,,0,1,,1.0,0.0,0.0,0,0,0,,0,1,1.0,0
Ahmed Hill,Niagara River Lions,2025-2026,offense,P&R ball handler,Miss 3 Pts,6,Long/3pt,P&R BH - Defense Commits > Spot-Up > Drives Left > Dribble Jumper > Long/3pt > Miss 3 Pts,P&R BH - Defense Commits,Spot-Up,Drives Left,Dribble Jumper,Long/3pt,Miss 3 Pts,1,100.0,0.0,0.0,0.0,0.0,1,0.0,,,0.0,,1,0.0,0.0,,,0,1,,1.0,0.0,0.0,0,0,0,,0,1,1.0,0
Ahmed Hill,Niagara River Lions,2025-2026,offense,P&R ball handler,Drives Straight,3,Spot-Up,P&R BH - Defense Commits > Spot-Up > Drives Straight,P&R BH - Defense Commits,Spot-Up,Drives Straight,,,,2,14.3,1.0,100.0,50.0,0.0,0,,,,100.0,,1,100.0,0.0,,,1,0,,1.0,0.0,50.0,1,1,0,100.0,0,0,0.0,2
Ahmed Hill,Niagara River Lions,2025-2026,offense,P&R ball handler,To Basket,4,Drives Straight,P&R BH - Defense Commits > Spot-Up > Drives Straight > To Basket,P&R BH - Defense Commits,Spot-Up,Drives Straight,To Basket,,,1,50.0,2.0,100.0,0.0,0.0,0,,,,100.0,,1,100.0,0.0,,,1,0,,1.0,0.0,100.0,1,1,0,100.0,0,0,0.0,2
Ahmed Hill,Niagara River Lions,2025-2026,offense,P&R ball handler,Make 2 Pts,5,To Basket,P&R BH - Defense Commits > Spot-Up > Drives Straight > To Basket > Make 2 Pts,P&R BH - Defense Commits,Spot-Up,Drives Straight,To Basket,Make 2 Pts,,1,100.0,2.0,100.0,0.0,0.0,0,,,,100.0,,1,100.0,0.0,,,1,0,,1.0,0.0,100.0,1,1,0,100.0,0,0,0.0,2
Ahmed Hill,Niagara River Lions,2025-2026,offense,P&R ball handler,Turnover,4,Drives Straight,P&R BH - Defense Commits > Spot-Up > Drives Straight > Turnover,P&R BH - Defense Commits,Spot-Up,Drives Straight,Turnover,,,1,50.0,0.0,,100.0,0.0,0,,,,,,0,,0.0,,,0,0,,0.0,,0.0,0,0,0,,0,0,,0
Ahmed Hill,Niagara River Lions,2025-2026,offense,P&R ball handler,P&R Ball Handler,2,P&R BH - Defense Commits,P&R BH - Defense Commits > P&R Ball Handler,P&R BH - Defense Commits,P&R Ball Handler,,,,,5,14.3,0.0,,100.0,0.0,0,,,,,,0,,0.0,,,0,0,,0.0,,0.0,0,0,0,,0,0,,0
Ahmed Hill,Niagara River Lions,2025-2026,offense,P&R ball handler,High P&R,3,P&R Ball Handler,P&R BH - Defense Commits > P&R Ball Handler > High P&R,P&R BH - Defense Commits,P&R Ball Handler,High P&R,,,,2,40.0,0.0,,100.0,0.0,0,,,,,,0,,0.0,,,0,0,,0.0,,0.0,0,0,0,,0,0,,0
Ahmed Hill,Niagara River Lions,2025-2026,offense,P&R ball handler,Dribble Off Pick,4,High P&R,P&R BH - Defense Commits > P&R Ball Handler > High P&R > Dribble Off Pick,P&R BH - Defense Commits,P&R Ball Handler,High P&R,Dribble Off Pick,,,2,100.0,0.0,,100.0,0.0,0,,,,,,0,,0.0,,,0,0,,0.0,,0.0,0,0,0,,0,0,,0
Ahmed Hill,Niagara River Lions,2025-2026,offense,P&R ball handler,Defense Commits,5,Dribble Off Pick,P&R BH - Defense Commits > P&R Ball Handler > High P&R > Dribble Off Pick > Defense Commits,P&R BH - Defense Commits,P&R Ball Handler,High P&R,Dribble Off Pick,Defense Commits,,2,100.0,0.0,,100.0,0.0,0,,,,,,0,,0.0,,,0,0,,0.0,,0.0,0,0,0,,0,0,,0
Ahmed Hill,Niagara River Lions,2025-2026,offense,P&R ball handler,Turnover,6,Defense Commits,P&R BH - Defense Commits > P&R Ball Handler > High P&R > Dribble Off Pick > Defense Commits > Turnover,P&R BH - Defense Commits,P&R Ball Handler,High P&R,Dribble Off Pick,Defense Commits,Turnover,2,100.0,0.0,,100.0,0.0,0,,,,,,0,,0.0,,,0,0,,0.0,,0.0,0,0,0,,0,0,,0
Ahmed Hill,Niagara River Lions,2025-2026,offense,P&R ball handler,Left P&R,3,P&R Ball Handler,P&R BH - Defense Commits > P&R Ball Handler > Left P&R,P&R BH - Defense Commits,P&R Ball Handler,Left P&R,,,,2,40.0,0.0,,100.0,0.0,0,,,,,,0,,0.0,,,0,0,,0.0,,0.0,0,0,0,,0,0,,0
Ahmed Hill,Niagara River Lions,2025-2026,offense,P&R ball handler,Baseline,4,Left P&R,P&R BH - Defense Commits > P&R Ball Handler > Left P&R > Baseline,P&R BH - Defense Commits,P&R Ball Handler,Left P&R,Baseline,,,2,100.0,0.0,,100.0,0.0,0,,,,,,0,,0.0,,,0,0,,0.0,,0.0,0,0,0,,0,0,,0
Ahmed Hill,Niagara River Lions,2025-2026,offense,P&R ball handler,Dribble Off Pick,5,Baseline,P&R BH - Defense Commits > P&R Ball Handler > Left P&R > Baseline > Dribble Off Pick,P&R BH - Defense Commits,P&R Ball Handler,Left P&R,Baseline,Dribble Off Pick,,2,100.0,0.0,,100.0,0.0,0,,,,,,0,,0.0,,,0,0,,0.0,,0.0,0,0,0,,0,0,,0
Ahmed Hill,Niagara River Lions,2025-2026,offense,P&R ball handler,Defense Commits,6,Dribble Off Pick,P&R BH - Defense Commits > P&R Ball Handler > Left P&R > Baseline > Dribble Off Pick > Defense Commits,P&R BH - Defense Commits,P&R Ball Handler,Left P&R,Baseline,Dribble Off Pick,Defense Commits,2,100.0,0.0,,100.0,0.0,0,,,,,,0,,0.0,,,0,0,,0.0,,0.0,0,0,0,,0,0,,0
Ahmed Hill,Niagara River Lions,2025-2026,offense,P&R ball handler,Right P&R,3,P&R Ball Handler,P&R BH - Defense Commits > P&R Ball Handler > Right P&R,P&R BH - Defense Commits,P&R Ball Handler,Right P&R,,,,1,20.0,0.0,,100.0,0.0,0,,,,,,0,,0.0,,,0,0,,0.0,,0.0,0,0,0,,0,0,,0
Ahmed Hill,Niagara River Lions,2025-2026,offense,P&R ball handler,Side,4,Right P&R,P&R BH - Defense Commits > P&R Ball Handler > Right P&R > Side,P&R BH - Defense Commits,P&R Ball Handler,Right P&R,Side,,,1,100.0,0.0,,100.0,0.0,0,,,,,,0,,0.0,,,0,0,,0.0,,0.0,0,0,0,,0,0,,0
Ahmed Hill,Niagara River Lions,2025-2026,offense,P&R ball handler,Dribble Off Pick,5,Side,P&R BH - Defense Commits > P&R Ball Handler > Right P&R > Side > Dribble Off Pick,P&R BH - Defense Commits,P&R Ball Handler,Right P&R,Side,Dribble Off Pick,,1,100.0,0.0,,100.0,0.0,0,,,,,,0,,0.0,,,0,0,,0.0,,0.0,0,0,0,,0,0,,0
Ahmed Hill,Niagara River Lions,2025-2026,offense,P&R ball handler,Defense Commits,6,Dribble Off Pick,P&R BH - Defense Commits > P&R Ball Handler > Right P&R > Side > Dribble Off Pick > Defense Commits,P&R BH - Defense Commits,P&R Ball Handler,Right P&R,Side,Dribble Off Pick,Defense Commits,1,100.0,0.0,,100.0,0.0,0,,,,,,0,,0.0,,,0,0,,0.0,,0.0,0,0,0,,0,0,,0
Ahmed Hill,Niagara River Lions,2025-2026,offense,P&R ball handler,Cut,2,P&R BH - Defense Commits,P&R BH - Defense Commits > Cut,P&R BH - Defense Commits,Cut,,,,,2,5.7,0.0,0.0,0.0,0.0,0,,,,0.0,,2,0.0,0.0,,,0,2,,2.0,0.0,0.0,2,0,2,0.0,0,0,0.0,0
Ahmed Hill,Niagara River Lions,2025-2026,offense,P&R ball handler,Flash,3,Cut,P&R BH - Defense Commits > Cut > Flash,P&R BH - Defense Commits,Cut,Flash,,,,1,50.0,0.0,0.0,0.0,0.0,0,,,,0.0,,1,0.0,0.0,,,0,1,,1.0,0.0,0.0,1,0,1,0.0,0,0,0.0,0
Ahmed Hill,Niagara River Lions,2025-2026,offense,P&R ball handler,Miss 2 Pts,4,Flash,P&R BH - Defense Commits > Cut > Flash > Miss 2 Pts,P&R BH - Defense Commits,Cut,Flash,Miss 2 Pts,,,1,100.0,0.0,0.0,0.0,0.0,0,,,,0.0,,1,0.0,0.0,,,0,1,,1.0,0.0,0.0,1,0,1,0.0,0,0,0.0,0
Ahmed Hill,Niagara River Lions,2025-2026,offense,P&R ball handler,Basket,3,Cut,P&R BH - Defense Commits > Cut > Basket,P&R BH - Defense Commits,Cut,Basket,,,,1,50.0,0.0,0.0,0.0,0.0,0,,,,0.0,,1,0.0,0.0,,,0,1,,1.0,0.0,0.0,1,0,1,0.0,0,0,0.0,0
Ahmed Hill,Niagara River Lions,2025-2026,offense,P&R ball handler,Miss 2 Pts,4,Basket,P&R BH - Defense Commits > Cut > Basket > Miss 2 Pts,P&R BH - Defense Commits,Cut,Basket,Miss 2 Pts,,,1,100.0,0.0,0.0,0.0,0.0,0,,,,0.0,,1,0.0,0.0,,,0,1,,1.0,0.0,0.0,1,0,1,0.0,0,0,0.0,0
Ahmed Hill,Niagara River Lions,2025-2026,offense,P&R ball handler,P&R BH - Traps,1,,P&R BH - Traps,P&R BH - Traps,,,,,,1,0.3,0.0,0.0,0.0,0.0,1,0.0,,,0.0,,1,0.0,0.0,,,0,1,,1.0,0.0,0.0,0,0,0,,0,1,1.0,0
Ahmed Hill,Niagara River Lions,2025-2026,offense,P&R ball handler,Drives Left,2,P&R BH - Traps,P&R BH - Traps > Drives Left,P&R BH - Traps,Drives Left,,,,,1,100.0,0.0,0.0,0.0,0.0,1,0.0,,,0.0,,1,0.0,0.0,,,0,1,,1.0,0.0,0.0,0,0,0,,0,1,1.0,0
Ahmed Hill,Niagara River Lions,2025-2026,offense,P&R ball handler,Dribble Jumper,3,Drives Left,P&R BH - Traps > Drives Left > Dribble Jumper,P&R BH - Traps,Drives Left,Dribble Jumper,,,,1,100.0,0.0,0.0,0.0,0.0,1,0.0,,,0.0,,1,0.0,0.0,,,0,1,,1.0,0.0,0.0,0,0,0,,0,1,1.0,0
Ahmed Hill,Niagara River Lions,2025-2026,offense,P&R ball handler,Long/3pt,4,Dribble Jumper,P&R BH - Traps > Drives Left > Dribble Jumper > Long/3pt,P&R BH - Traps,Drives Left,Dribble Jumper,Long/3pt,,,1,100.0,0.0,0.0,0.0,0.0,1,0.0,,,0.0,,1,0.0,0.0,,,0,1,,1.0,0.0,0.0,0,0,0,,0,1,1.0,0
Ahmed Hill,Niagara River Lions,2025-2026,offense,P&R ball handler,Miss 3 Pts,5,Long/3pt,P&R BH - Traps > Drives Left > Dribble Jumper > Long/3pt > Miss 3 Pts,P&R BH - Traps,Drives Left,Dribble Jumper,Long/3pt,Miss 3 Pts,,1,100.0,0.0,0.0,0.0,0.0,1,0.0,,,0.0,,1,0.0,0.0,,,0,1,,1.0,0.0,0.0,0,0,0,,0,1,1.0,0
Ahmed Hill,Niagara River Lions,2025-2026,offense,Isolation,ISO Including Passes,1,,ISO Including Passes,ISO Including Passes,,,,,,16,5.1,0.688,45.8,25.0,0.0,6,50.0,Below Average,19.0,33.3,5.0,12,45.8,0.0,,,4,8,,12.0,0.0,25.0,6,1,5,16.7,3,3,0.5,11
Ahmed Hill,Niagara River Lions,2025-2026,offense,Isolation,Isolation,2,ISO Including Passes,ISO Including Passes > Isolation,ISO Including Passes,Isolation,,,,,15,93.8,0.733,50.0,26.7,0.0,5,60.0,,,36.4,,11,50.0,0.0,,,4,7,,11.0,0.0,26.7,6,1,5,16.7,3,2,0.45,11
Ahmed Hill,Niagara River Lions,2025-2026,offense,Isolation,Right,3,Isolation,ISO Including Passes > Isolation > Right,ISO Including Passes,Isolation,Right,,,,6,40.0,1.5,112.5,33.3,0.0,3,100.0,,,75.0,,4,112.5,0.0,,,3,1,,4.0,0.0,50.0,1,0,1,0.0,3,0,0.75,9
Ahmed Hill,Niagara River Lions,2025-2026,offense,Isolation,Drives Left,4,Right,ISO Including Passes > Isolation > Right > Drives Left,ISO Including Passes,Isolation,Right,Drives Left,,,3,50.0,0.0,0.0,66.7,0.0,0,,,,0.0,,1,0.0,0.0,,,0,1,,1.0,0.0,0.0,1,0,1,0.0,0,0,0.0,0
Ahmed Hill,Niagara River Lions,2025-2026,offense,Isolation,Defense Commits,5,Drives Left,ISO Including Passes > Isolation > Right > Drives Left > Defense Commits,ISO Including Passes,Isolation,Right,Drives Left,Defense Commits,,2,66.7,0.0,,100.0,0.0,0,,,,,,0,,0.0,,,0,0,,0.0,,0.0,0,0,0,,0,0,,0
Ahmed Hill,Niagara River Lions,2025-2026,offense,Isolation,Turnover,6,Defense Commits,ISO Including Passes > Isolation > Right > Drives Left > Defense Commits > Turnover,ISO Including Passes,Isolation,Right,Drives Left,Defense Commits,Turnover,2,100.0,0.0,,100.0,0.0,0,,,,,,0,,0.0,,,0,0,,0.0,,0.0,0,0,0,,0,0,,0
Ahmed Hill,Niagara River Lions,2025-2026,offense,Isolation,Dribble Jumper,5,Drives Left,ISO Including Passes > Isolation > Right > Drives Left > Dribble Jumper,ISO Including Passes,Isolation,Right,Drives Left,Dribble Jumper,,1,33.3,0.0,0.0,0.0,0.0,0,,,,0.0,,1,0.0,0.0,,,0,1,,1.0,0.0,0.0,1,0,1,0.0,0,0,0.0,0
Ahmed Hill,Niagara River Lions,2025-2026,offense,Isolation,Medium/17' to 3pt,6,Dribble Jumper,ISO Including Passes > Isolation > Right > Drives Left > Dribble Jumper > Medium/17' to 3pt,ISO Including Passes,Isolation,Right,Drives Left,Dribble Jumper,Medium/17' to 3pt,1,100.0,0.0,0.0,0.0,0.0,0,,,,0.0,,1,0.0,0.0,,,0,1,,1.0,0.0,0.0,1,0,1,0.0,0,0,0.0,0
Ahmed Hill,Niagara River Lions,2025-2026,offense,Isolation,Early Jumper,4,Right,ISO Including Passes > Isolation > Right > Early Jumper,ISO Including Passes,Isolation,Right,Early Jumper,,,3,50.0,3.0,150.0,0.0,0.0,3,100.0,,,100.0,,3,150.0,0.0,,,3,0,,3.0,0.0,100.0,0,0,0,,3,0,1.0,9
Ahmed Hill,Niagara River Lions,2025-2026,offense,Isolation,Dribble Jumper,5,Early Jumper,ISO Including Passes > Isolation > Right > Early Jumper > Dribble Jumper,ISO Including Passes,Isolation,Right,Early Jumper,Dribble Jumper,,2,66.7,3.0,150.0,0.0,0.0,2,100.0,,,100.0,,2,150.0,0.0,,,2,0,,2.0,0.0,100.0,0,0,0,,2,0,1.0,6
Ahmed Hill,Niagara River Lions,2025-2026,offense,Isolation,Long/3pt,6,Dribble Jumper,ISO Including Passes > Isolation > Right > Early Jumper > Dribble Jumper > Long/3pt,ISO Including Passes,Isolation,Right,Early Jumper,Dribble Jumper,Long/3pt,2,100.0,3.0,150.0,0.0,0.0,2,100.0,,,100.0,,2,150.0,0.0,,,2,0,,2.0,0.0,100.0,0,0,0,,2,0,1.0,6
Ahmed Hill,Niagara River Lions,2025-2026,offense,Isolation,No Dribble Jumper,5,Early Jumper,ISO Including Passes > Isolation > Right > Early Jumper > No Dribble Jumper,ISO Including Passes,Isolation,Right,Early Jumper,No Dribble Jumper,,1,33.3,3.0,150.0,0.0,0.0,1,100.0,,,100.0,,1,150.0,0.0,,,1,0,,1.0,0.0,100.0,0,0,0,,1,0,1.0,3
Ahmed Hill,Niagara River Lions,2025-2026,offense,Isolation,Guarded,6,No Dribble Jumper,ISO Including Passes > Isolation > Right > Early Jumper > No Dribble Jumper > Guarded,ISO Including Passes,Isolation,Right,Early Jumper,No Dribble Jumper,Guarded,1,100.0,3.0,150.0,0.0,0.0,1,100.0,,,100.0,,1,150.0,0.0,,,1,0,,1.0,0.0,100.0,0,0,0,,1,0,1.0,3
Ahmed Hill,Niagara River Lions,2025-2026,offense,Isolation,Top,3,Isolation,ISO Including Passes > Isolation > Top,ISO Including Passes,Isolation,Top,,,,5,33.3,0.4,20.0,0.0,0.0,2,0.0,,,20.0,,5,20.0,0.0,,,1,4,,5.0,0.0,20.0,3,1,2,33.3,0,2,0.4,2
Ahmed Hill,Niagara River Lions,2025-2026,offense,Isolation,Drives Left,4,Top,ISO Including Passes > Isolation > Top > Drives Left,ISO Including Passes,Isolation,Top,Drives Left,,,4,80.0,0.5,25.0,0.0,0.0,1,0.0,,,25.0,,4,25.0,0.0,,,1,3,,4.0,0.0,25.0,3,1,2,33.3,0,1,0.25,2
Ahmed Hill,Niagara River Lions,2025-2026,offense,Isolation,Dribble Jumper,5,Drives Left,ISO Including Passes > Isolation > Top > Drives Left > Dribble Jumper,ISO Including Passes,Isolation,Top,Drives Left,Dribble Jumper,,4,100.0,0.5,25.0,0.0,0.0,1,0.0,,,25.0,,4,25.0,0.0,,,1,3,,4.0,0.0,25.0,3,1,2,33.3,0,1,0.25,2
Ahmed Hill,Niagara River Lions,2025-2026,offense,Isolation,Short to < 17,6,Dribble Jumper,ISO Including Passes > Isolation > Top > Drives Left > Dribble Jumper > Short to < 17,ISO Including Passes,Isolation,Top,Drives Left,Dribble Jumper,Short to < 17,3,75.0,0.667,33.3,0.0,0.0,0,,,,33.3,,3,33.3,0.0,,,1,2,,3.0,0.0,33.3,3,1,2,33.3,0,0,0.0,2
Ahmed Hill,Niagara River Lions,2025-2026,offense,Isolation,Long/3pt,6,Dribble Jumper,ISO Including Passes > Isolation > Top > Drives Left > Dribble Jumper > Long/3pt,ISO Including Passes,Isolation,Top,Drives Left,Dribble Jumper,Long/3pt,1,25.0,0.0,0.0,0.0,0.0,1,0.0,,,0.0,,1,0.0,0.0,,,0,1,,1.0,0.0,0.0,0,0,0,,0,1,1.0,0
Ahmed Hill,Niagara River Lions,2025-2026,offense,Isolation,Early Jumper,4,Top,ISO Including Passes > Isolation > Top > Early Jumper,ISO Including Passes,Isolation,Top,Early Jumper,,,1,20.0,0.0,0.0,0.0,0.0,1,0.0,,,0.0,,1,0.0,0.0,,,0,1,,1.0,0.0,0.0,0,0,0,,0,1,1.0,0
Ahmed Hill,Niagara River Lions,2025-2026,offense,Isolation,Dribble Jumper,5,Early Jumper,ISO Including Passes > Isolation > Top > Early Jumper > Dribble Jumper,ISO Including Passes,Isolation,Top,Early Jumper,Dribble Jumper,,1,100.0,0.0,0.0,0.0,0.0,1,0.0,,,0.0,,1,0.0,0.0,,,0,1,,1.0,0.0,0.0,0,0,0,,0,1,1.0,0
Ahmed Hill,Niagara River Lions,2025-2026,offense,Isolation,Long/3pt,6,Dribble Jumper,ISO Including Passes > Isolation > Top > Early Jumper > Dribble Jumper > Long/3pt,ISO Including Passes,Isolation,Top,Early Jumper,Dribble Jumper,Long/3pt,1,100.0,0.0,0.0,0.0,0.0,1,0.0,,,0.0,,1,0.0,0.0,,,0,1,,1.0,0.0,0.0,0,0,0,,0,1,1.0,0
Ahmed Hill,Niagara River Lions,2025-2026,offense,Isolation,Left,3,Isolation,ISO Including Passes > Isolation > Left,ISO Including Passes,Isolation,Left,,,,4,26.7,0.0,0.0,50.0,0.0,0,,,,0.0,,2,0.0,0.0,,,0,2,,2.0,0.0,0.0,2,0,2,0.0,0,0,0.0,0
Ahmed Hill,Niagara River Lions,2025-2026,offense,Isolation,Drives Left,4,Left,ISO Including Passes > Isolation > Left > Drives Left,ISO Including Passes,Isolation,Left,Drives Left,,,4,100.0,0.0,0.0,50.0,0.0,0,,,,0.0,,2,0.0,0.0,,,0,2,,2.0,0.0,0.0,2,0,2,0.0,0,0,0.0,0
Ahmed Hill,Niagara River Lions,2025-2026,offense,Isolation,Dribble Jumper,5,Drives Left,ISO Including Passes > Isolation > Left > Drives Left > Dribble Jumper,ISO Including Passes,Isolation,Left,Drives Left,Dribble Jumper,,1,25.0,0.0,0.0,0.0,0.0,0,,,,0.0,,1,0.0,0.0,,,0,1,,1.0,0.0,0.0,1,0,1,0.0,0,0,0.0,0
Ahmed Hill,Niagara River Lions,2025-2026,offense,Isolation,Medium/17' to 3pt,6,Dribble Jumper,ISO Including Passes > Isolation > Left > Drives Left > Dribble Jumper > Medium/17' to 3pt,ISO Including Passes,Isolation,Left,Drives Left,Dribble Jumper,Medium/17' to 3pt,1,100.0,0.0,0.0,0.0,0.0,0,,,,0.0,,1,0.0,0.0,,,0,1,,1.0,0.0,0.0,1,0,1,0.0,0,0,0.0,0
Ahmed Hill,Niagara River Lions,2025-2026,offense,Isolation,Defense Commits,5,Drives Left,ISO Including Passes > Isolation > Left > Drives Left > Defense Commits,ISO Including Passes,Isolation,Left,Drives Left,Defense Commits,,1,25.0,0.0,,100.0,0.0,0,,,,,,0,,0.0,,,0,0,,0.0,,0.0,0,0,0,,0,0,,0
Ahmed Hill,Niagara River Lions,2025-2026,offense,Isolation,Turnover,6,Defense Commits,ISO Including Passes > Isolation > Left > Drives Left > Defense Commits > Turnover,ISO Including Passes,Isolation,Left,Drives Left,Defense Commits,Turnover,1,100.0,0.0,,100.0,0.0,0,,,,,,0,,0.0,,,0,0,,0.0,,0.0,0,0,0,,0,0,,0
Ahmed Hill,Niagara River Lions,2025-2026,offense,Isolation,To Basket,5,Drives Left,ISO Including Passes > Isolation > Left > Drives Left > To Basket,ISO Including Passes,Isolation,Left,Drives Left,To Basket,,1,25.0,0.0,0.0,0.0,0.0,0,,,,0.0,,1,0.0,0.0,,,0,1,,1.0,0.0,0.0,1,0,1,0.0,0,0,0.0,0
Ahmed Hill,Niagara River Lions,2025-2026,offense,Isolation,Miss 2 Pts,6,To Basket,ISO Including Passes > Isolation > Left > Drives Left > To Basket > Miss 2 Pts,ISO Including Passes,Isolation,Left,Drives Left,To Basket,Miss 2 Pts,1,100.0,0.0,0.0,0.0,0.0,0,,,,0.0,,1,0.0,0.0,,,0,1,,1.0,0.0,0.0,1,0,1,0.0,0,0,0.0,0
Ahmed Hill,Niagara River Lions,2025-2026,offense,Isolation,Turnover,5,Drives Left,ISO Including Passes > Isolation > Left > Drives Left > Turnover,ISO Including Passes,Isolation,Left,Drives Left,Turnover,,1,25.0,0.0,,100.0,0.0,0,,,,,,0,,0.0,,,0,0,,0.0,,0.0,0,0,0,,0,0,,0
Ahmed Hill,Niagara River Lions,2025-2026,offense,Isolation,Spot-Up,2,ISO Including Passes,ISO Including Passes > Spot-Up,ISO Including Passes,Spot-Up,,,,,1,6.3,0.0,0.0,0.0,0.0,1,0.0,,,0.0,,1,0.0,0.0,,,0,1,,1.0,0.0,0.0,0,0,0,,0,1,1.0,0
Ahmed Hill,Niagara River Lions,2025-2026,offense,Isolation,No Dribble Jumper,3,Spot-Up,ISO Including Passes > Spot-Up > No Dribble Jumper,ISO Including Passes,Spot-Up,No Dribble Jumper,,,,1,100.0,0.0,0.0,0.0,0.0,1,0.0,,,0.0,,1,0.0,0.0,,,0,1,,1.0,0.0,0.0,0,0,0,,0,1,1.0,0
Ahmed Hill,Niagara River Lions,2025-2026,offense,Isolation,Guarded,4,No Dribble Jumper,ISO Including Passes > Spot-Up > No Dribble Jumper > Guarded,ISO Including Passes,Spot-Up,No Dribble Jumper,Guarded,,,1,100.0,0.0,0.0,0.0,0.0,1,0.0,,,0.0,,1,0.0,0.0,,,0,1,,1.0,0.0,0.0,0,0,0,,0,1,1.0,0
Ahmed Hill,Niagara River Lions,2025-2026,offense,Isolation,Long/3pt,5,Guarded,ISO Including Passes > Spot-Up > No Dribble Jumper > Guarded > Long/3pt,ISO Including Passes,Spot-Up,No Dribble Jumper,Guarded,Long/3pt,,1,100.0,0.0,0.0,0.0,0.0,1,0.0,,,0.0,,1,0.0,0.0,,,0,1,,1.0,0.0,0.0,0,0,0,,0,1,1.0,0
Ahmed Hill,Niagara River Lions,2025-2026,offense,Isolation,Miss 3 Pts,6,Long/3pt,ISO Including Passes > Spot-Up > No Dribble Jumper > Guarded > Long/3pt > Miss 3 Pts,ISO Including Passes,Spot-Up,No Dribble Jumper,Guarded,Long/3pt,Miss 3 Pts,1,100.0,0.0,0.0,0.0,0.0,1,0.0,,,0.0,,1,0.0,0.0,,,0,1,,1.0,0.0,0.0,0,0,0,,0,1,1.0,0
Ahmed Hill,Niagara River Lions,2025-2026,offense,Isolation,ISO - Defense Commits,1,,ISO - Defense Commits,ISO - Defense Commits,,,,,,4,1.3,0.0,0.0,75.0,0.0,1,0.0,,,0.0,,1,0.0,0.0,,,0,1,,1.0,0.0,0.0,0,0,0,,0,1,1.0,0
Ahmed Hill,Niagara River Lions,2025-2026,offense,Isolation,Isolation,2,ISO - Defense Commits,ISO - Defense Commits > Isolation,ISO - Defense Commits,Isolation,,,,,3,75.0,0.0,,100.0,0.0,0,,,,,,0,,0.0,,,0,0,,0.0,,0.0,0,0,0,,0,0,,0
Ahmed Hill,Niagara River Lions,2025-2026,offense,Isolation,Right,3,Isolation,ISO - Defense Commits > Isolation > Right,ISO - Defense Commits,Isolation,Right,,,,2,66.7,0.0,,100.0,0.0,0,,,,,,0,,0.0,,,0,0,,0.0,,0.0,0,0,0,,0,0,,0
Ahmed Hill,Niagara River Lions,2025-2026,offense,Isolation,Drives Left,4,Right,ISO - Defense Commits > Isolation > Right > Drives Left,ISO - Defense Commits,Isolation,Right,Drives Left,,,2,100.0,0.0,,100.0,0.0,0,,,,,,0,,0.0,,,0,0,,0.0,,0.0,0,0,0,,0,0,,0
Ahmed Hill,Niagara River Lions,2025-2026,offense,Isolation,Defense Commits,5,Drives Left,ISO - Defense Commits > Isolation > Right > Drives Left > Defense Commits,ISO - Defense Commits,Isolation,Right,Drives Left,Defense Commits,,2,100.0,0.0,,100.0,0.0,0,,,,,,0,,0.0,,,0,0,,0.0,,0.0,0,0,0,,0,0,,0
Ahmed Hill,Niagara River Lions,2025-2026,offense,Isolation,Turnover,6,Defense Commits,ISO - Defense Commits > Isolation > Right > Drives Left > Defense Commits > Turnover,ISO - Defense Commits,Isolation,Right,Drives Left,Defense Commits,Turnover,2,100.0,0.0,,100.0,0.0,0,,,,,,0,,0.0,,,0,0,,0.0,,0.0,0,0,0,,0,0,,0
Ahmed Hill,Niagara River Lions,2025-2026,offense,Isolation,Left,3,Isolation,ISO - Defense Commits > Isolation > Left,ISO - Defense Commits,Isolation,Left,,,,1,33.3,0.0,,100.0,0.0,0,,,,,,0,,0.0,,,0,0,,0.0,,0.0,0,0,0,,0,0,,0
Ahmed Hill,Niagara River Lions,2025-2026,offense,Isolation,Drives Left,4,Left,ISO - Defense Commits > Isolation > Left > Drives Left,ISO - Defense Commits,Isolation,Left,Drives Left,,,1,100.0,0.0,,100.0,0.0,0,,,,,,0,,0.0,,,0,0,,0.0,,0.0,0,0,0,,0,0,,0
Ahmed Hill,Niagara River Lions,2025-2026,offense,Isolation,Defense Commits,5,Drives Left,ISO - Defense Commits > Isolation > Left > Drives Left > Defense Commits,ISO - Defense Commits,Isolation,Left,Drives Left,Defense Commits,,1,100.0,0.0,,100.0,0.0,0,,,,,,0,,0.0,,,0,0,,0.0,,0.0,0,0,0,,0,0,,0
Ahmed Hill,Niagara River Lions,2025-2026,offense,Isolation,Turnover,6,Defense Commits,ISO - Defense Commits > Isolation > Left > Drives Left > Defense Commits > Turnover,ISO - Defense Commits,Isolation,Left,Drives Left,Defense Commits,Turnover,1,100.0,0.0,,100.0,0.0,0,,,,,,0,,0.0,,,0,0,,0.0,,0.0,0,0,0,,0,0,,0
Ahmed Hill,Niagara River Lions,2025-2026,offense,Isolation,Spot-Up,2,ISO - Defense Commits,ISO - Defense Commits > Spot-Up,ISO - Defense Commits,Spot-Up,,,,,1,25.0,0.0,0.0,0.0,0.0,1,0.0,,,0.0,,1,0.0,0.0,,,0,1,,1.0,0.0,0.0,0,0,0,,0,1,1.0,0
Ahmed Hill,Niagara River Lions,2025-2026,offense,Isolation,No Dribble Jumper,3,Spot-Up,ISO - Defense Commits > Spot-Up > No Dribble Jumper,ISO - Defense Commits,Spot-Up,No Dribble Jumper,,,,1,100.0,0.0,0.0,0.0,0.0,1,0.0,,,0.0,,1,0.0,0.0,,,0,1,,1.0,0.0,0.0,0,0,0,,0,1,1.0,0
Ahmed Hill,Niagara River Lions,2025-2026,offense,Isolation,Guarded,4,No Dribble Jumper,ISO - Defense Commits > Spot-Up > No Dribble Jumper > Guarded,ISO - Defense Commits,Spot-Up,No Dribble Jumper,Guarded,,,1,100.0,0.0,0.0,0.0,0.0,1,0.0,,,0.0,,1,0.0,0.0,,,0,1,,1.0,0.0,0.0,0,0,0,,0,1,1.0,0
Ahmed Hill,Niagara River Lions,2025-2026,offense,Isolation,Long/3pt,5,Guarded,ISO - Defense Commits > Spot-Up > No Dribble Jumper > Guarded > Long/3pt,ISO - Defense Commits,Spot-Up,No Dribble Jumper,Guarded,Long/3pt,,1,100.0,0.0,0.0,0.0,0.0,1,0.0,,,0.0,,1,0.0,0.0,,,0,1,,1.0,0.0,0.0,0,0,0,,0,1,1.0,0
Ahmed Hill,Niagara River Lions,2025-2026,offense,Isolation,Miss 3 Pts,6,Long/3pt,ISO - Defense Commits > Spot-Up > No Dribble Jumper > Guarded > Long/3pt > Miss 3 Pts,ISO - Defense Commits,Spot-Up,No Dribble Jumper,Guarded,Long/3pt,Miss 3 Pts,1,100.0,0.0,0.0,0.0,0.0,1,0.0,,,0.0,,1,0.0,0.0,,,0,1,,1.0,0.0,0.0,0,0,0,,0,1,1.0,0
Ahmed Hill,Niagara River Lions,2025-2026,offense,Post up,Post-Ups Including Passes,1,,Post-Ups Including Passes,Post-Ups Including Passes,,,,,,17,5.5,0.882,58.8,23.5,11.8,3,33.3,Very Good,65.0,45.5,7.0,11,50.0,11.8,,,5,6,,12.8,0.36,41.2,8,4,4,50.0,1,2,0.27,15
Ahmed Hill,Niagara River Lions,2025-2026,offense,Post up,Post-Up,2,Post-Ups Including Passes,Post-Ups Including Passes > Post-Up,Post-Ups Including Passes,Post-Up,,,,,12,70.6,0.833,56.3,25.0,8.3,0,,,,50.0,,8,50.0,8.3,,,4,4,,8.9,0.25,41.7,8,4,4,50.0,0,0,0.0,10
Ahmed Hill,Niagara River Lions,2025-2026,offense,Post up,Left Block,3,Post-Up,Post-Ups Including Passes > Post-Up > Left Block,Post-Ups Including Passes,Post-Up,Left Block,,,,6,50.0,0.667,33.3,0.0,0.0,0,,,,33.3,,6,33.3,0.0,,,2,4,,6.0,0.0,33.3,6,2,4,33.3,0,0,0.0,4
Ahmed Hill,Niagara River Lions,2025-2026,offense,Post up,Left Shoulder,4,Left Block,Post-Ups Including Passes > Post-Up > Left Block > Left Shoulder,Post-Ups Including Passes,Post-Up,Left Block,Left Shoulder,,,5,83.3,0.8,40.0,0.0,0.0,0,,,,40.0,,5,40.0,0.0,,,2,3,,5.0,0.0,40.0,5,2,3,40.0,0,0,0.0,4
Ahmed Hill,Niagara River Lions,2025-2026,offense,Post up,Dribble Move,5,Left Shoulder,Post-Ups Including Passes > Post-Up > Left Block > Left Shoulder > Dribble Move,Post-Ups Including Passes,Post-Up,Left Block,Left Shoulder,Dribble Move,,5,100.0,0.8,40.0,0.0,0.0,0,,,,40.0,,5,40.0,0.0,,,2,3,,5.0,0.0,40.0,5,2,3,40.0,0,0,0.0,4
Ahmed Hill,Niagara River Lions,2025-2026,offense,Post up,To Hook,6,Dribble Move,Post-Ups Including Passes > Post-Up > Left Block > Left Shoulder > Dribble Move > To Hook,Post-Ups Including Passes,Post-Up,Left Block,Left Shoulder,Dribble Move,To Hook,2,40.0,0.0,0.0,0.0,0.0,0,,,,0.0,,2,0.0,0.0,,,0,2,,2.0,0.0,0.0,2,0,2,0.0,0,0,0.0,0
Ahmed Hill,Niagara River Lions,2025-2026,offense,Post up,To Jumper,6,Dribble Move,Post-Ups Including Passes > Post-Up > Left Block > Left Shoulder > Dribble Move > To Jumper,Post-Ups Including Passes,Post-Up,Left Block,Left Shoulder,Dribble Move,To Jumper,2,40.0,1.0,50.0,0.0,0.0,0,,,,50.0,,2,50.0,0.0,,,1,1,,2.0,0.0,50.0,2,1,1,50.0,0,0,0.0,2
Ahmed Hill,Niagara River Lions,2025-2026,offense,Post up,To Basket,6,Dribble Move,Post-Ups Including Passes > Post-Up > Left Block > Left Shoulder > Dribble Move > To Basket,Post-Ups Including Passes,Post-Up,Left Block,Left Shoulder,Dribble Move,To Basket,1,20.0,2.0,100.0,0.0,0.0,0,,,,100.0,,1,100.0,0.0,,,1,0,,1.0,0.0,100.0,1,1,0,100.0,0,0,0.0,2
Ahmed Hill,Niagara River Lions,2025-2026,offense,Post up,Right Shoulder,4,Left Block,Post-Ups Including Passes > Post-Up > Left Block > Right Shoulder,Post-Ups Including Passes,Post-Up,Left Block,Right Shoulder,,,1,16.7,0.0,0.0,0.0,0.0,0,,,,0.0,,1,0.0,0.0,,,0,1,,1.0,0.0,0.0,1,0,1,0.0,0,0,0.0,0
Ahmed Hill,Niagara River Lions,2025-2026,offense,Post up,Dribble Move,5,Right Shoulder,Post-Ups Including Passes > Post-Up > Left Block > Right Shoulder > Dribble Move,Post-Ups Including Passes,Post-Up,Left Block,Right Shoulder,Dribble Move,,1,100.0,0.0,0.0,0.0,0.0,0,,,,0.0,,1,0.0,0.0,,,0,1,,1.0,0.0,0.0,1,0,1,0.0,0,0,0.0,0
Ahmed Hill,Niagara River Lions,2025-2026,offense,Post up,To Basket,6,Dribble Move,Post-Ups Including Passes > Post-Up > Left Block > Right Shoulder > Dribble Move > To Basket,Post-Ups Including Passes,Post-Up,Left Block,Right Shoulder,Dribble Move,To Basket,1,100.0,0.0,0.0,0.0,0.0,0,,,,0.0,,1,0.0,0.0,,,0,1,,1.0,0.0,0.0,1,0,1,0.0,0,0,0.0,0
Ahmed Hill,Niagara River Lions,2025-2026,offense,Post up,Right Block,3,Post-Up,Post-Ups Including Passes > Post-Up > Right Block,Post-Ups Including Passes,Post-Up,Right Block,,,,5,41.7,0.8,100.0,60.0,0.0,0,,,,100.0,,2,100.0,0.0,,,2,0,,2.0,0.0,40.0,2,2,0,100.0,0,0,0.0,4
Ahmed Hill,Niagara River Lions,2025-2026,offense,Post up,Right Shoulder,4,Right Block,Post-Ups Including Passes > Post-Up > Right Block > Right Shoulder,Post-Ups Including Passes,Post-Up,Right Block,Right Shoulder,,,2,40.0,1.0,100.0,50.0,0.0,0,,,,100.0,,1,100.0,0.0,,,1,0,,1.0,0.0,50.0,1,1,0,100.0,0,0,0.0,2
Ahmed Hill,Niagara River Lions,2025-2026,offense,Post up,Dribble Move,5,Right Shoulder,Post-Ups Including Passes > Post-Up > Right Block > Right Shoulder > Dribble Move,Post-Ups Including Passes,Post-Up,Right Block,Right Shoulder,Dribble Move,,2,100.0,1.0,100.0,50.0,0.0,0,,,,100.0,,1,100.0,0.0,,,1,0,,1.0,0.0,50.0,1,1,0,100.0,0,0,0.0,2
Ahmed Hill,Niagara River Lions,2025-2026,offense,Post up,To Jumper,6,Dribble Move,Post-Ups Including Passes > Post-Up > Right Block > Right Shoulder > Dribble Move > To Jumper,Post-Ups Including Passes,Post-Up,Right Block,Right Shoulder,Dribble Move,To Jumper,1,50.0,2.0,100.0,0.0,0.0,0,,,,100.0,,1,100.0,0.0,,,1,0,,1.0,0.0,100.0,1,1,0,100.0,0,0,0.0,2
Ahmed Hill,Niagara River Lions,2025-2026,offense,Post up,Defense Commits,6,Dribble Move,Post-Ups Including Passes > Post-Up > Right Block > Right Shoulder > Dribble Move > Defense Commits,Post-Ups Including Passes,Post-Up,Right Block,Right Shoulder,Dribble Move,Defense Commits,1,50.0,0.0,,100.0,0.0,0,,,,,,0,,0.0,,,0,0,,0.0,,0.0,0,0,0,,0,0,,0
Ahmed Hill,Niagara River Lions,2025-2026,offense,Post up,Left Shoulder,4,Right Block,Post-Ups Including Passes > Post-Up > Right Block > Left Shoulder,Post-Ups Including Passes,Post-Up,Right Block,Left Shoulder,,,2,40.0,1.0,100.0,50.0,0.0,0,,,,100.0,,1,100.0,0.0,,,1,0,,1.0,0.0,50.0,1,1,0,100.0,0,0,0.0,2
Ahmed Hill,Niagara River Lions,2025-2026,offense,Post up,Dribble Move,5,Left Shoulder,Post-Ups Including Passes > Post-Up > Right Block > Left Shoulder > Dribble Move,Post-Ups Including Passes,Post-Up,Right Block,Left Shoulder,Dribble Move,,2,100.0,1.0,100.0,50.0,0.0,0,,,,100.0,,1,100.0,0.0,,,1,0,,1.0,0.0,50.0,1,1,0,100.0,0,0,0.0,2
Ahmed Hill,Niagara River Lions,2025-2026,offense,Post up,To Basket,6,Dribble Move,Post-Ups Including Passes > Post-Up > Right Block > Left Shoulder > Dribble Move > To Basket,Post-Ups Including Passes,Post-Up,Right Block,Left Shoulder,Dribble Move,To Basket,1,50.0,2.0,100.0,0.0,0.0,0,,,,100.0,,1,100.0,0.0,,,1,0,,1.0,0.0,100.0,1,1,0,100.0,0,0,0.0,2
Ahmed Hill,Niagara River Lions,2025-2026,offense,Post up,Defense Commits,6,Dribble Move,Post-Ups Including Passes > Post-Up > Right Block > Left Shoulder > Dribble Move > Defense Commits,Post-Ups Including Passes,Post-Up,Right Block,Left Shoulder,Dribble Move,Defense Commits,1,50.0,0.0,,100.0,0.0,0,,,,,,0,,0.0,,,0,0,,0.0,,0.0,0,0,0,,0,0,,0
Ahmed Hill,Niagara River Lions,2025-2026,offense,Post up,Face-up,4,Right Block,Post-Ups Including Passes > Post-Up > Right Block > Face-up,Post-Ups Including Passes,Post-Up,Right Block,Face-up,,,1,20.0,0.0,,100.0,0.0,0,,,,,,0,,0.0,,,0,0,,0.0,,0.0,0,0,0,,0,0,,0
Ahmed Hill,Niagara River Lions,2025-2026,offense,Post up,Drive Middle,5,Face-up,Post-Ups Including Passes > Post-Up > Right Block > Face-up > Drive Middle,Post-Ups Including Passes,Post-Up,Right Block,Face-up,Drive Middle,,1,100.0,0.0,,100.0,0.0,0,,,,,,0,,0.0,,,0,0,,0.0,,0.0,0,0,0,,0,0,,0
Ahmed Hill,Niagara River Lions,2025-2026,offense,Post up,Turnover,6,Drive Middle,Post-Ups Including Passes > Post-Up > Right Block > Face-up > Drive Middle > Turnover,Post-Ups Including Passes,Post-Up,Right Block,Face-up,Drive Middle,Turnover,1,100.0,0.0,,100.0,0.0,0,,,,,,0,,0.0,,,0,0,,0.0,,0.0,0,0,0,,0,0,,0
Ahmed Hill,Niagara River Lions,2025-2026,offense,Post up,Flash Middle,3,Post-Up,Post-Ups Including Passes > Post-Up > Flash Middle,Post-Ups Including Passes,Post-Up,Flash Middle,,,,1,8.3,2.0,113.6,0.0,100.0,0,,,,,,0,,100.0,,,0,0,,0.9,,100.0,0,0,0,,0,0,,2
Ahmed Hill,Niagara River Lions,2025-2026,offense,Post up,Left Shoulder,4,Flash Middle,Post-Ups Including Passes > Post-Up > Flash Middle > Left Shoulder,Post-Ups Including Passes,Post-Up,Flash Middle,Left Shoulder,,,1,100.0,2.0,113.6,0.0,100.0,0,,,,,,0,,100.0,,,0,0,,0.9,,100.0,0,0,0,,0,0,,2
Ahmed Hill,Niagara River Lions,2025-2026,offense,Post up,Dribble Move,5,Left Shoulder,Post-Ups Including Passes > Post-Up > Flash Middle > Left Shoulder > Dribble Move,Post-Ups Including Passes,Post-Up,Flash Middle,Left Shoulder,Dribble Move,,1,100.0,2.0,113.6,0.0,100.0,0,,,,,,0,,100.0,,,0,0,,0.9,,100.0,0,0,0,,0,0,,2
Ahmed Hill,Niagara River Lions,2025-2026,offense,Post up,To Basket,6,Dribble Move,Post-Ups Including Passes > Post-Up > Flash Middle > Left Shoulder > Dribble Move > To Basket,Post-Ups Including Passes,Post-Up,Flash Middle,Left Shoulder,Dribble Move,To Basket,1,100.0,2.0,113.6,0.0,100.0,0,,,,,,0,,100.0,,,0,0,,0.9,,100.0,0,0,0,,0,0,,2
Ahmed Hill,Niagara River Lions,2025-2026,offense,Post up,Spot-Up,2,Post-Ups Including Passes,Post-Ups Including Passes > Spot-Up,Post-Ups Including Passes,Spot-Up,,,,,5,29.4,1.0,64.4,20.0,20.0,3,33.3,,,33.3,,3,50.0,20.0,,,1,2,,3.9,0.67,40.0,0,0,0,,1,2,1.0,5
Ahmed Hill,Niagara River Lions,2025-2026,offense,Post up,No Dribble Jumper,3,Spot-Up,Post-Ups Including Passes > Spot-Up > No Dribble Jumper,Post-Ups Including Passes,Spot-Up,No Dribble Jumper,,,,3,60.0,1.0,50.0,0.0,0.0,3,33.3,,,33.3,,3,50.0,0.0,,,1,2,,3.0,0.0,33.3,0,0,0,,1,2,1.0,3
Ahmed Hill,Niagara River Lions,2025-2026,offense,Post up,Guarded,4,No Dribble Jumper,Post-Ups Including Passes > Spot-Up > No Dribble Jumper > Guarded,Post-Ups Including Passes,Spot-Up,No Dribble Jumper,Guarded,,,2,66.7,1.5,75.0,0.0,0.0,2,50.0,,,50.0,,2,75.0,0.0,,,1,1,,2.0,0.0,50.0,0,0,0,,1,1,1.0,3
Ahmed Hill,Niagara River Lions,2025-2026,offense,Post up,Long/3pt,5,Guarded,Post-Ups Including Passes > Spot-Up > No Dribble Jumper > Guarded > Long/3pt,Post-Ups Including Passes,Spot-Up,No Dribble Jumper,Guarded,Long/3pt,,2,100.0,1.5,75.0,0.0,0.0,2,50.0,,,50.0,,2,75.0,0.0,,,1,1,,2.0,0.0,50.0,0,0,0,,1,1,1.0,3
Ahmed Hill,Niagara River Lions,2025-2026,offense,Post up,Miss 3 Pts,6,Long/3pt,Post-Ups Including Passes > Spot-Up > No Dribble Jumper > Guarded > Long/3pt > Miss 3 Pts,Post-Ups Including Passes,Spot-Up,No Dribble Jumper,Guarded,Long/3pt,Miss 3 Pts,1,50.0,0.0,0.0,0.0,0.0,1,0.0,,,0.0,,1,0.0,0.0,,,0,1,,1.0,0.0,0.0,0,0,0,,0,1,1.0,0
Ahmed Hill,Niagara River Lions,2025-2026,offense,Post up,Make 3 Pts,6,Long/3pt,Post-Ups Including Passes > Spot-Up > No Dribble Jumper > Guarded > Long/3pt > Make 3 Pts,Post-Ups Including Passes,Spot-Up,No Dribble Jumper,Guarded,Long/3pt,Make 3 Pts,1,50.0,3.0,150.0,0.0,0.0,1,100.0,,,100.0,,1,150.0,0.0,,,1,0,,1.0,0.0,100.0,0,0,0,,1,0,1.0,3
Ahmed Hill,Niagara River Lions,2025-2026,offense,Post up,Open,4,No Dribble Jumper,Post-Ups Including Passes > Spot-Up > No Dribble Jumper > Open,Post-Ups Including Passes,Spot-Up,No Dribble Jumper,Open,,,1,33.3,0.0,0.0,0.0,0.0,1,0.0,,,0.0,,1,0.0,0.0,,,0,1,,1.0,0.0,0.0,0,0,0,,0,1,1.0,0
Ahmed Hill,Niagara River Lions,2025-2026,offense,Post up,Long/3pt,5,Open,Post-Ups Including Passes > Spot-Up > No Dribble Jumper > Open > Long/3pt,Post-Ups Including Passes,Spot-Up,No Dribble Jumper,Open,Long/3pt,,1,100.0,0.0,0.0,0.0,0.0,1,0.0,,,0.0,,1,0.0,0.0,,,0,1,,1.0,0.0,0.0,0,0,0,,0,1,1.0,0
Ahmed Hill,Niagara River Lions,2025-2026,offense,Post up,Miss 3 Pts,6,Long/3pt,Post-Ups Including Passes > Spot-Up > No Dribble Jumper > Open > Long/3pt > Miss 3 Pts,Post-Ups Including Passes,Spot-Up,No Dribble Jumper,Open,Long/3pt,Miss 3 Pts,1,100.0,0.0,0.0,0.0,0.0,1,0.0,,,0.0,,1,0.0,0.0,,,0,1,,1.0,0.0,0.0,0,0,0,,0,1,1.0,0
Ahmed Hill,Niagara River Lions,2025-2026,offense,Post up,Drives Left,3,Spot-Up,Post-Ups Including Passes > Spot-Up > Drives Left,Post-Ups Including Passes,Spot-Up,Drives Left,,,,2,40.0,1.0,113.6,50.0,50.0,0,,,,,,0,,50.0,,,0,0,,0.9,,50.0,0,0,0,,0,0,,2
Ahmed Hill,Niagara River Lions,2025-2026,offense,Post up,To Basket,4,Drives Left,Post-Ups Including Passes > Spot-Up > Drives Left > To Basket,Post-Ups Including Passes,Spot-Up,Drives Left,To Basket,,,1,50.0,2.0,113.6,0.0,100.0,0,,,,,,0,,100.0,,,0,0,,0.9,,100.0,0,0,0,,0,0,,2
Ahmed Hill,Niagara River Lions,2025-2026,offense,Post up,Foul,5,To Basket,Post-Ups Including Passes > Spot-Up > Drives Left > To Basket > Foul,Post-Ups Including Passes,Spot-Up,Drives Left,To Basket,Foul,,1,100.0,2.0,113.6,0.0,100.0,0,,,,,,0,,100.0,,,0,0,,0.9,,100.0,0,0,0,,0,0,,2
Ahmed Hill,Niagara River Lions,2025-2026,offense,Post up,Turnover,4,Drives Left,Post-Ups Including Passes > Spot-Up > Drives Left > Turnover,Post-Ups Including Passes,Spot-Up,Drives Left,Turnover,,,1,50.0,0.0,,100.0,0.0,0,,,,,,0,,0.0,,,0,0,,0.0,,0.0,0,0,0,,0,0,,0
Ahmed Hill,Niagara River Lions,2025-2026,offense,Post up,Post-Up - Defense Commits,1,,Post-Up - Defense Commits,Post-Up - Defense Commits,,,,,,7,2.3,0.714,64.4,42.9,14.3,3,33.3,,,33.3,,3,50.0,14.3,,,1,2,,3.9,0.67,28.6,0,0,0,,1,2,1.0,5
Ahmed Hill,Niagara River Lions,2025-2026,offense,Post up,Spot-Up,2,Post-Up - Defense Commits,Post-Up - Defense Commits > Spot-Up,Post-Up - Defense Commits,Spot-Up,,,,,5,71.4,1.0,64.4,20.0,20.0,3,33.3,,,33.3,,3,50.0,20.0,,,1,2,,3.9,0.67,40.0,0,0,0,,1,2,1.0,5
Ahmed Hill,Niagara River Lions,2025-2026,offense,Post up,No Dribble Jumper,3,Spot-Up,Post-Up - Defense Commits > Spot-Up > No Dribble Jumper,Post-Up - Defense Commits,Spot-Up,No Dribble Jumper,,,,3,60.0,1.0,50.0,0.0,0.0,3,33.3,,,33.3,,3,50.0,0.0,,,1,2,,3.0,0.0,33.3,0,0,0,,1,2,1.0,3
Ahmed Hill,Niagara River Lions,2025-2026,offense,Post up,Guarded,4,No Dribble Jumper,Post-Up - Defense Commits > Spot-Up > No Dribble Jumper > Guarded,Post-Up - Defense Commits,Spot-Up,No Dribble Jumper,Guarded,,,2,66.7,1.5,75.0,0.0,0.0,2,50.0,,,50.0,,2,75.0,0.0,,,1,1,,2.0,0.0,50.0,0,0,0,,1,1,1.0,3
Ahmed Hill,Niagara River Lions,2025-2026,offense,Post up,Long/3pt,5,Guarded,Post-Up - Defense Commits > Spot-Up > No Dribble Jumper > Guarded > Long/3pt,Post-Up - Defense Commits,Spot-Up,No Dribble Jumper,Guarded,Long/3pt,,2,100.0,1.5,75.0,0.0,0.0,2,50.0,,,50.0,,2,75.0,0.0,,,1,1,,2.0,0.0,50.0,0,0,0,,1,1,1.0,3
Ahmed Hill,Niagara River Lions,2025-2026,offense,Post up,Make 3 Pts,6,Long/3pt,Post-Up - Defense Commits > Spot-Up > No Dribble Jumper > Guarded > Long/3pt > Make 3 Pts,Post-Up - Defense Commits,Spot-Up,No Dribble Jumper,Guarded,Long/3pt,Make 3 Pts,1,50.0,3.0,150.0,0.0,0.0,1,100.0,,,100.0,,1,150.0,0.0,,,1,0,,1.0,0.0,100.0,0,0,0,,1,0,1.0,3
Ahmed Hill,Niagara River Lions,2025-2026,offense,Post up,Miss 3 Pts,6,Long/3pt,Post-Up - Defense Commits > Spot-Up > No Dribble Jumper > Guarded > Long/3pt > Miss 3 Pts,Post-Up - Defense Commits,Spot-Up,No Dribble Jumper,Guarded,Long/3pt,Miss 3 Pts,1,50.0,0.0,0.0,0.0,0.0,1,0.0,,,0.0,,1,0.0,0.0,,,0,1,,1.0,0.0,0.0,0,0,0,,0,1,1.0,0
Ahmed Hill,Niagara River Lions,2025-2026,offense,Post up,Open,4,No Dribble Jumper,Post-Up - Defense Commits > Spot-Up > No Dribble Jumper > Open,Post-Up - Defense Commits,Spot-Up,No Dribble Jumper,Open,,,1,33.3,0.0,0.0,0.0,0.0,1,0.0,,,0.0,,1,0.0,0.0,,,0,1,,1.0,0.0,0.0,0,0,0,,0,1,1.0,0
Ahmed Hill,Niagara River Lions,2025-2026,offense,Post up,Long/3pt,5,Open,Post-Up - Defense Commits > Spot-Up > No Dribble Jumper > Open > Long/3pt,Post-Up - Defense Commits,Spot-Up,No Dribble Jumper,Open,Long/3pt,,1,100.0,0.0,0.0,0.0,0.0,1,0.0,,,0.0,,1,0.0,0.0,,,0,1,,1.0,0.0,0.0,0,0,0,,0,1,1.0,0
Ahmed Hill,Niagara River Lions,2025-2026,offense,Post up,Miss 3 Pts,6,Long/3pt,Post-Up - Defense Commits > Spot-Up > No Dribble Jumper > Open > Long/3pt > Miss 3 Pts,Post-Up - Defense Commits,Spot-Up,No Dribble Jumper,Open,Long/3pt,Miss 3 Pts,1,100.0,0.0,0.0,0.0,0.0,1,0.0,,,0.0,,1,0.0,0.0,,,0,1,,1.0,0.0,0.0,0,0,0,,0,1,1.0,0
Ahmed Hill,Niagara River Lions,2025-2026,offense,Post up,Drives Left,3,Spot-Up,Post-Up - Defense Commits > Spot-Up > Drives Left,Post-Up - Defense Commits,Spot-Up,Drives Left,,,,2,40.0,1.0,113.6,50.0,50.0,0,,,,,,0,,50.0,,,0,0,,0.9,,50.0,0,0,0,,0,0,,2
Ahmed Hill,Niagara River Lions,2025-2026,offense,Post up,To Basket,4,Drives Left,Post-Up - Defense Commits > Spot-Up > Drives Left > To Basket,Post-Up - Defense Commits,Spot-Up,Drives Left,To Basket,,,1,50.0,2.0,113.6,0.0,100.0,0,,,,,,0,,100.0,,,0,0,,0.9,,100.0,0,0,0,,0,0,,2
Ahmed Hill,Niagara River Lions,2025-2026,offense,Post up,Foul,5,To Basket,Post-Up - Defense Commits > Spot-Up > Drives Left > To Basket > Foul,Post-Up - Defense Commits,Spot-Up,Drives Left,To Basket,Foul,,1,100.0,2.0,113.6,0.0,100.0,0,,,,,,0,,100.0,,,0,0,,0.9,,100.0,0,0,0,,0,0,,2
Ahmed Hill,Niagara River Lions,2025-2026,offense,Post up,Turnover,4,Drives Left,Post-Up - Defense Commits > Spot-Up > Drives Left > Turnover,Post-Up - Defense Commits,Spot-Up,Drives Left,Turnover,,,1,50.0,0.0,,100.0,0.0,0,,,,,,0,,0.0,,,0,0,,0.0,,0.0,0,0,0,,0,0,,0
Ahmed Hill,Niagara River Lions,2025-2026,offense,Post up,Post-Up,2,Post-Up - Defense Commits,Post-Up - Defense Commits > Post-Up,Post-Up - Defense Commits,Post-Up,,,,,2,28.6,0.0,,100.0,0.0,0,,,,,,0,,0.0,,,0,0,,0.0,,0.0,0,0,0,,0,0,,0
Ahmed Hill,Niagara River Lions,2025-2026,offense,Post up,Right Block,3,Post-Up,Post-Up - Defense Commits > Post-Up > Right Block,Post-Up - Defense Commits,Post-Up,Right Block,,,,2,100.0,0.0,,100.0,0.0,0,,,,,,0,,0.0,,,0,0,,0.0,,0.0,0,0,0,,0,0,,0
Ahmed Hill,Niagara River Lions,2025-2026,offense,Post up,Left Shoulder,4,Right Block,Post-Up - Defense Commits > Post-Up > Right Block > Left Shoulder,Post-Up - Defense Commits,Post-Up,Right Block,Left Shoulder,,,1,50.0,0.0,,100.0,0.0,0,,,,,,0,,0.0,,,0,0,,0.0,,0.0,0,0,0,,0,0,,0
Ahmed Hill,Niagara River Lions,2025-2026,offense,Post up,Dribble Move,5,Left Shoulder,Post-Up - Defense Commits > Post-Up > Right Block > Left Shoulder > Dribble Move,Post-Up - Defense Commits,Post-Up,Right Block,Left Shoulder,Dribble Move,,1,100.0,0.0,,100.0,0.0,0,,,,,,0,,0.0,,,0,0,,0.0,,0.0,0,0,0,,0,0,,0
Ahmed Hill,Niagara River Lions,2025-2026,offense,Post up,Defense Commits,6,Dribble Move,Post-Up - Defense Commits > Post-Up > Right Block > Left Shoulder > Dribble Move > Defense Commits,Post-Up - Defense Commits,Post-Up,Right Block,Left Shoulder,Dribble Move,Defense Commits,1,100.0,0.0,,100.0,0.0,0,,,,,,0,,0.0,,,0,0,,0.0,,0.0,0,0,0,,0,0,,0
Ahmed Hill,Niagara River Lions,2025-2026,offense,Post up,Right Shoulder,4,Right Block,Post-Up - Defense Commits > Post-Up > Right Block > Right Shoulder,Post-Up - Defense Commits,Post-Up,Right Block,Right Shoulder,,,1,50.0,0.0,,100.0,0.0,0,,,,,,0,,0.0,,,0,0,,0.0,,0.0,0,0,0,,0,0,,0
Ahmed Hill,Niagara River Lions,2025-2026,offense,Post up,Dribble Move,5,Right Shoulder,Post-Up - Defense Commits > Post-Up > Right Block > Right Shoulder > Dribble Move,Post-Up - Defense Commits,Post-Up,Right Block,Right Shoulder,Dribble Move,,1,100.0,0.0,,100.0,0.0,0,,,,,,0,,0.0,,,0,0,,0.0,,0.0,0,0,0,,0,0,,0
Ahmed Hill,Niagara River Lions,2025-2026,offense,Post up,Defense Commits,6,Dribble Move,Post-Up - Defense Commits > Post-Up > Right Block > Right Shoulder > Dribble Move > Defense Commits,Post-Up - Defense Commits,Post-Up,Right Block,Right Shoulder,Dribble Move,Defense Commits,1,100.0,0.0,,100.0,0.0,0,,,,,,0,,0.0,,,0,0,,0.0,,0.0,0,0,0,,0,0,,0
Ahmed Hill,Niagara River Lions,2025-2026,offense,Post up,Post-Up - Hard Double,1,,Post-Up - Hard Double,Post-Up - Hard Double,,,,,,4,1.3,0.5,53.2,50.0,25.0,1,0.0,,,0.0,,1,0.0,25.0,,,0,1,,1.9,2.0,25.0,0,0,0,,0,1,1.0,2
Ahmed Hill,Niagara River Lions,2025-2026,offense,Post up,Post-Up,2,Post-Up - Hard Double,Post-Up - Hard Double > Post-Up,Post-Up - Hard Double,Post-Up,,,,,2,50.0,0.0,,100.0,0.0,0,,,,,,0,,0.0,,,0,0,,0.0,,0.0,0,0,0,,0,0,,0
Ahmed Hill,Niagara River Lions,2025-2026,offense,Post up,Right Block,3,Post-Up,Post-Up - Hard Double > Post-Up > Right Block,Post-Up - Hard Double,Post-Up,Right Block,,,,2,100.0,0.0,,100.0,0.0,0,,,,,,0,,0.0,,,0,0,,0.0,,0.0,0,0,0,,0,0,,0
Ahmed Hill,Niagara River Lions,2025-2026,offense,Post up,Left Shoulder,4,Right Block,Post-Up - Hard Double > Post-Up > Right Block > Left Shoulder,Post-Up - Hard Double,Post-Up,Right Block,Left Shoulder,,,1,50.0,0.0,,100.0,0.0,0,,,,,,0,,0.0,,,0,0,,0.0,,0.0,0,0,0,,0,0,,0
Ahmed Hill,Niagara River Lions,2025-2026,offense,Post up,Dribble Move,5,Left Shoulder,Post-Up - Hard Double > Post-Up > Right Block > Left Shoulder > Dribble Move,Post-Up - Hard Double,Post-Up,Right Block,Left Shoulder,Dribble Move,,1,100.0,0.0,,100.0,0.0,0,,,,,,0,,0.0,,,0,0,,0.0,,0.0,0,0,0,,0,0,,0
Ahmed Hill,Niagara River Lions,2025-2026,offense,Post up,Defense Commits,6,Dribble Move,Post-Up - Hard Double > Post-Up > Right Block > Left Shoulder > Dribble Move > Defense Commits,Post-Up - Hard Double,Post-Up,Right Block,Left Shoulder,Dribble Move,Defense Commits,1,100.0,0.0,,100.0,0.0,0,,,,,,0,,0.0,,,0,0,,0.0,,0.0,0,0,0,,0,0,,0
Ahmed Hill,Niagara River Lions,2025-2026,offense,Post up,Right Shoulder,4,Right Block,Post-Up - Hard Double > Post-Up > Right Block > Right Shoulder,Post-Up - Hard Double,Post-Up,Right Block,Right Shoulder,,,1,50.0,0.0,,100.0,0.0,0,,,,,,0,,0.0,,,0,0,,0.0,,0.0,0,0,0,,0,0,,0
Ahmed Hill,Niagara River Lions,2025-2026,offense,Post up,Dribble Move,5,Right Shoulder,Post-Up - Hard Double > Post-Up > Right Block > Right Shoulder > Dribble Move,Post-Up - Hard Double,Post-Up,Right Block,Right Shoulder,Dribble Move,,1,100.0,0.0,,100.0,0.0,0,,,,,,0,,0.0,,,0,0,,0.0,,0.0,0,0,0,,0,0,,0
Ahmed Hill,Niagara River Lions,2025-2026,offense,Post up,Defense Commits,6,Dribble Move,Post-Up - Hard Double > Post-Up > Right Block > Right Shoulder > Dribble Move > Defense Commits,Post-Up - Hard Double,Post-Up,Right Block,Right Shoulder,Dribble Move,Defense Commits,1,100.0,0.0,,100.0,0.0,0,,,,,,0,,0.0,,,0,0,,0.0,,0.0,0,0,0,,0,0,,0
Ahmed Hill,Niagara River Lions,2025-2026,offense,Post up,Spot-Up,2,Post-Up - Hard Double,Post-Up - Hard Double > Spot-Up,Post-Up - Hard Double,Spot-Up,,,,,2,50.0,1.0,53.2,0.0,50.0,1,0.0,,,0.0,,1,0.0,50.0,,,0,1,,1.9,2.0,50.0,0,0,0,,0,1,1.0,2
Ahmed Hill,Niagara River Lions,2025-2026,offense,Post up,Drives Left,3,Spot-Up,Post-Up - Hard Double > Spot-Up > Drives Left,Post-Up - Hard Double,Spot-Up,Drives Left,,,,1,50.0,2.0,113.6,0.0,100.0,0,,,,,,0,,100.0,,,0,0,,0.9,,100.0,0,0,0,,0,0,,2
Ahmed Hill,Niagara River Lions,2025-2026,offense,Post up,To Basket,4,Drives Left,Post-Up - Hard Double > Spot-Up > Drives Left > To Basket,Post-Up - Hard Double,Spot-Up,Drives Left,To Basket,,,1,100.0,2.0,113.6,0.0,100.0,0,,,,,,0,,100.0,,,0,0,,0.9,,100.0,0,0,0,,0,0,,2
Ahmed Hill,Niagara River Lions,2025-2026,offense,Post up,Foul,5,To Basket,Post-Up - Hard Double > Spot-Up > Drives Left > To Basket > Foul,Post-Up - Hard Double,Spot-Up,Drives Left,To Basket,Foul,,1,100.0,2.0,113.6,0.0,100.0,0,,,,,,0,,100.0,,,0,0,,0.9,,100.0,0,0,0,,0,0,,2
Ahmed Hill,Niagara River Lions,2025-2026,offense,Post up,No Dribble Jumper,3,Spot-Up,Post-Up - Hard Double > Spot-Up > No Dribble Jumper,Post-Up - Hard Double,Spot-Up,No Dribble Jumper,,,,1,50.0,0.0,0.0,0.0,0.0,1,0.0,,,0.0,,1,0.0,0.0,,,0,1,,1.0,0.0,0.0,0,0,0,,0,1,1.0,0
Ahmed Hill,Niagara River Lions,2025-2026,offense,Post up,Open,4,No Dribble Jumper,Post-Up - Hard Double > Spot-Up > No Dribble Jumper > Open,Post-Up - Hard Double,Spot-Up,No Dribble Jumper,Open,,,1,100.0,0.0,0.0,0.0,0.0,1,0.0,,,0.0,,1,0.0,0.0,,,0,1,,1.0,0.0,0.0,0,0,0,,0,1,1.0,0
Ahmed Hill,Niagara River Lions,2025-2026,offense,Post up,Long/3pt,5,Open,Post-Up - Hard Double > Spot-Up > No Dribble Jumper > Open > Long/3pt,Post-Up - Hard Double,Spot-Up,No Dribble Jumper,Open,Long/3pt,,1,100.0,0.0,0.0,0.0,0.0,1,0.0,,,0.0,,1,0.0,0.0,,,0,1,,1.0,0.0,0.0,0,0,0,,0,1,1.0,0
Ahmed Hill,Niagara River Lions,2025-2026,offense,Post up,Miss 3 Pts,6,Long/3pt,Post-Up - Hard Double > Spot-Up > No Dribble Jumper > Open > Long/3pt > Miss 3 Pts,Post-Up - Hard Double,Spot-Up,No Dribble Jumper,Open,Long/3pt,Miss 3 Pts,1,100.0,0.0,0.0,0.0,0.0,1,0.0,,,0.0,,1,0.0,0.0,,,0,1,,1.0,0.0,0.0,0,0,0,,0,1,1.0,0
