PLAYER,TEAM,SEASON,SIDE,TABLE,STAT,DEPTH,PARENT,PATH,LEVEL_1,LEVEL_2,LEVEL_3,LEVEL_4,LEVEL_5,LEVEL_6,POSS,%TIME,PPP,TS%,TO%,%FT,3FG ATT,3 FG%,PPP RATING,PPP RANK,FG%,%TIME RANK,FG ATT,EFG%,%SF,SSQ,PPS,FG MADE,FG MISS,SSM,TSA,FTA/FGA,SCORE%,2 FG ATT,2 FG MADE,2 FG MISS,2 FG%,3 FG MADE,3 FG MISS,3PA/FGA,PTS
Kevin Osawe,Montreal Alliance,2025-2026,offense,Play types,Spot Up,1,,Spot Up,Spot Up,,,,,,78,34.1,1.013,55.7,9.0,1.3,39,38.5,Good,58.0,44.3,79.0,70,55.0,1.3,,,31,39,,70.9,0.03,41.0,31,16,15,51.6,15,24,0.56,79
Kevin Osawe,Montreal Alliance,2025-2026,offense,Play types,No Dribble Jumper,2,Spot Up,Spot Up > No Dribble Jumper,Spot Up,No Dribble Jumper,,,,,37,47.4,1.135,56.8,0.0,0.0,36,38.9,,,37.8,,37,56.8,0.0,,,14,23,,37.0,0.0,37.8,1,0,1,0.0,14,22,0.97,42
Kevin Osawe,Montreal Alliance,2025-2026,offense,Play types,Guarded,3,No Dribble Jumper,Spot Up > No Dribble Jumper > Guarded,Spot Up,No Dribble Jumper,Guarded,,,,20,54.1,1.05,52.5,0.0,0.0,19,36.8,,,35.0,,20,52.5,0.0,,,7,13,,20.0,0.0,35.0,1,0,1,0.0,7,12,0.95,21
Kevin Osawe,Montreal Alliance,2025-2026,offense,Play types,Long/3pt,4,Guarded,Spot Up > No Dribble Jumper > Guarded > Long/3pt,Spot Up,No Dribble Jumper,Guarded,Long/3pt,,,19,95.0,1.105,55.3,0.0,0.0,19,36.8,,,36.8,,19,55.3,0.0,,,7,12,,19.0,0.0,36.8,0,0,0,,7,12,1.0,21
Kevin Osawe,Montreal Alliance,2025-2026,offense,Play types,Miss 3 Pts,5,Long/3pt,Spot Up > No Dribble Jumper > Guarded > Long/3pt > Miss 3 Pts,Spot Up,No Dribble Jumper,Guarded,Long/3pt,Miss 3 Pts,,12,63.2,0.0,0.0,0.0,0.0,12,0.0,,,0.0,,12,0.0,0.0,,,0,12,,12.0,0.0,0.0,0,0,0,,0,12,1.0,0
Kevin Osawe,Montreal Alliance,2025-2026,offense,Play types,Make 3 Pts,5,Long/3pt,Spot Up > No Dribble Jumper > Guarded > Long/3pt > Make 3 Pts,Spot Up,No Dribble Jumper,Guarded,Long/3pt,Make 3 Pts,,7,36.8,3.0,150.0,0.0,0.0,7,100.0,,,100.0,,7,150.0,0.0,,,7,0,,7.0,0.0,100.0,0,0,0,,7,0,1.0,21
Kevin Osawe,Montreal Alliance,2025-2026,offense,Play types,Medium/17' to 3pt,4,Guarded,Spot Up > No Dribble Jumper > Guarded > Medium/17' to 3pt,Spot Up,No Dribble Jumper,Guarded,Medium/17' to 3pt,,,1,5.0,0.0,0.0,0.0,0.0,0,,,,0.0,,1,0.0,0.0,,,0,1,,1.0,0.0,0.0,1,0,1,0.0,0,0,0.0,0
Kevin Osawe,Montreal Alliance,2025-2026,offense,Play types,Miss 2 Pts,5,Medium/17' to 3pt,Spot Up > No Dribble Jumper > Guarded > Medium/17' to 3pt > Miss 2 Pts,Spot Up,No Dribble Jumper,Guarded,Medium/17' to 3pt,Miss 2 Pts,,1,100.0,0.0,0.0,0.0,0.0,0,,,,0.0,,1,0.0,0.0,,,0,1,,1.0,0.0,0.0,1,0,1,0.0,0,0,0.0,0
Kevin Osawe,Montreal Alliance,2025-2026,offense,Play types,Open,3,No Dribble Jumper,Spot Up > No Dribble Jumper > Open,Spot Up,No Dribble Jumper,Open,,,,17,45.9,1.235,61.8,0.0,0.0,17,41.2,,,41.2,,17,61.8,0.0,,,7,10,,17.0,0.0,41.2,0,0,0,,7,10,1.0,21
Kevin Osawe,Montreal Alliance,2025-2026,offense,Play types,Long/3pt,4,Open,Spot Up > No Dribble Jumper > Open > Long/3pt,Spot Up,No Dribble Jumper,Open,Long/3pt,,,17,100.0,1.235,61.8,0.0,0.0,17,41.2,,,41.2,,17,61.8,0.0,,,7,10,,17.0,0.0,41.2,0,0,0,,7,10,1.0,21
Kevin Osawe,Montreal Alliance,2025-2026,offense,Play types,Miss 3 Pts,5,Long/3pt,Spot Up > No Dribble Jumper > Open > Long/3pt > Miss 3 Pts,Spot Up,No Dribble Jumper,Open,Long/3pt,Miss 3 Pts,,10,58.8,0.0,0.0,0.0,0.0,10,0.0,,,0.0,,10,0.0,0.0,,,0,10,,10.0,0.0,0.0,0,0,0,,0,10,1.0,0
Kevin Osawe,Montreal Alliance,2025-2026,offense,Play types,Make 3 Pts,5,Long/3pt,Spot Up > No Dribble Jumper > Open > Long/3pt > Make 3 Pts,Spot Up,No Dribble Jumper,Open,Long/3pt,Make 3 Pts,,7,41.2,3.0,150.0,0.0,0.0,7,100.0,,,100.0,,7,150.0,0.0,,,7,0,,7.0,0.0,100.0,0,0,0,,7,0,1.0,21
Kevin Osawe,Montreal Alliance,2025-2026,offense,Play types,Drives Left,2,Spot Up,Spot Up > Drives Left,Spot Up,Drives Left,,,,,23,29.5,0.87,52.6,17.4,0.0,2,0.0,,,52.6,,19,52.6,0.0,,,10,9,,19.0,0.0,43.5,17,10,7,58.8,0,2,0.11,20
Kevin Osawe,Montreal Alliance,2025-2026,offense,Play types,To Basket,3,Drives Left,Spot Up > Drives Left > To Basket,Spot Up,Drives Left,To Basket,,,,13,56.5,1.231,66.7,7.7,0.0,0,,,,66.7,,12,66.7,0.0,,,8,4,,12.0,0.0,61.5,12,8,4,66.7,0,0,0.0,16
Kevin Osawe,Montreal Alliance,2025-2026,offense,Play types,Make 2 Pts,4,To Basket,Spot Up > Drives Left > To Basket > Make 2 Pts,Spot Up,Drives Left,To Basket,Make 2 Pts,,,8,61.5,2.0,100.0,0.0,0.0,0,,,,100.0,,8,100.0,0.0,,,8,0,,8.0,0.0,100.0,8,8,0,100.0,0,0,0.0,16
Kevin Osawe,Montreal Alliance,2025-2026,offense,Play types,Miss 2 Pts,4,To Basket,Spot Up > Drives Left > To Basket > Miss 2 Pts,Spot Up,Drives Left,To Basket,Miss 2 Pts,,,4,30.8,0.0,0.0,0.0,0.0,0,,,,0.0,,4,0.0,0.0,,,0,4,,4.0,0.0,0.0,4,0,4,0.0,0,0,0.0,0
Kevin Osawe,Montreal Alliance,2025-2026,offense,Play types,Turnover,4,To Basket,Spot Up > Drives Left > To Basket > Turnover,Spot Up,Drives Left,To Basket,Turnover,,,1,7.7,0.0,,100.0,0.0,0,,,,,,0,,0.0,,,0,0,,0.0,,0.0,0,0,0,,0,0,,0
Kevin Osawe,Montreal Alliance,2025-2026,offense,Play types,Dribble Jumper,3,Drives Left,Spot Up > Drives Left > Dribble Jumper,Spot Up,Drives Left,Dribble Jumper,,,,7,30.4,0.571,28.6,0.0,0.0,2,0.0,,,28.6,,7,28.6,0.0,,,2,5,,7.0,0.0,28.6,5,2,3,40.0,0,2,0.29,4
Kevin Osawe,Montreal Alliance,2025-2026,offense,Play types,Short to < 17,4,Dribble Jumper,Spot Up > Drives Left > Dribble Jumper > Short to < 17,Spot Up,Drives Left,Dribble Jumper,Short to < 17,,,3,42.9,0.667,33.3,0.0,0.0,0,,,,33.3,,3,33.3,0.0,,,1,2,,3.0,0.0,33.3,3,1,2,33.3,0,0,0.0,2
Kevin Osawe,Montreal Alliance,2025-2026,offense,Play types,Miss 2 Pts,5,Short to < 17,Spot Up > Drives Left > Dribble Jumper > Short to < 17 > Miss 2 Pts,Spot Up,Drives Left,Dribble Jumper,Short to < 17,Miss 2 Pts,,2,66.7,0.0,0.0,0.0,0.0,0,,,,0.0,,2,0.0,0.0,,,0,2,,2.0,0.0,0.0,2,0,2,0.0,0,0,0.0,0
Kevin Osawe,Montreal Alliance,2025-2026,offense,Play types,Make 2 Pts,5,Short to < 17,Spot Up > Drives Left > Dribble Jumper > Short to < 17 > Make 2 Pts,Spot Up,Drives Left,Dribble Jumper,Short to < 17,Make 2 Pts,,1,33.3,2.0,100.0,0.0,0.0,0,,,,100.0,,1,100.0,0.0,,,1,0,,1.0,0.0,100.0,1,1,0,100.0,0,0,0.0,2
Kevin Osawe,Montreal Alliance,2025-2026,offense,Play types,Long/3pt,4,Dribble Jumper,Spot Up > Drives Left > Dribble Jumper > Long/3pt,Spot Up,Drives Left,Dribble Jumper,Long/3pt,,,2,28.6,0.0,0.0,0.0,0.0,2,0.0,,,0.0,,2,0.0,0.0,,,0,2,,2.0,0.0,0.0,0,0,0,,0,2,1.0,0
Kevin Osawe,Montreal Alliance,2025-2026,offense,Play types,Miss 3 Pts,5,Long/3pt,Spot Up > Drives Left > Dribble Jumper > Long/3pt > Miss 3 Pts,Spot Up,Drives Left,Dribble Jumper,Long/3pt,Miss 3 Pts,,2,100.0,0.0,0.0,0.0,0.0,2,0.0,,,0.0,,2,0.0,0.0,,,0,2,,2.0,0.0,0.0,0,0,0,,0,2,1.0,0
Kevin Osawe,Montreal Alliance,2025-2026,offense,Play types,Medium/17' to 3pt,4,Dribble Jumper,Spot Up > Drives Left > Dribble Jumper > Medium/17' to 3pt,Spot Up,Drives Left,Dribble Jumper,Medium/17' to 3pt,,,2,28.6,1.0,50.0,0.0,0.0,0,,,,50.0,,2,50.0,0.0,,,1,1,,2.0,0.0,50.0,2,1,1,50.0,0,0,0.0,2
Kevin Osawe,Montreal Alliance,2025-2026,offense,Play types,Miss 2 Pts,5,Medium/17' to 3pt,Spot Up > Drives Left > Dribble Jumper > Medium/17' to 3pt > Miss 2 Pts,Spot Up,Drives Left,Dribble Jumper,Medium/17' to 3pt,Miss 2 Pts,,1,50.0,0.0,0.0,0.0,0.0,0,,,,0.0,,1,0.0,0.0,,,0,1,,1.0,0.0,0.0,1,0,1,0.0,0,0,0.0,0
Kevin Osawe,Montreal Alliance,2025-2026,offense,Play types,Make 2 Pts,5,Medium/17' to 3pt,Spot Up > Drives Left > Dribble Jumper > Medium/17' to 3pt > Make 2 Pts,Spot Up,Drives Left,Dribble Jumper,Medium/17' to 3pt,Make 2 Pts,,1,50.0,2.0,100.0,0.0,0.0,0,,,,100.0,,1,100.0,0.0,,,1,0,,1.0,0.0,100.0,1,1,0,100.0,0,0,0.0,2
Kevin Osawe,Montreal Alliance,2025-2026,offense,Play types,Turnover,3,Drives Left,Spot Up > Drives Left > Turnover,Spot Up,Drives Left,Turnover,,,,3,13.0,0.0,,100.0,0.0,0,,,,,,0,,0.0,,,0,0,,0.0,,0.0,0,0,0,,0,0,,0
Kevin Osawe,Montreal Alliance,2025-2026,offense,Play types,Drives Right,2,Spot Up,Spot Up > Drives Right,Spot Up,Drives Right,,,,,12,15.4,1.167,64.3,8.3,8.3,0,,,,60.0,,10,60.0,8.3,,,6,4,,10.9,0.2,58.3,10,6,4,60.0,0,0,0.0,14
Kevin Osawe,Montreal Alliance,2025-2026,offense,Play types,To Basket,3,Drives Right,Spot Up > Drives Right > To Basket,Spot Up,Drives Right,To Basket,,,,7,58.3,1.143,58.1,0.0,14.3,0,,,,50.0,,6,50.0,14.3,,,3,3,,6.9,0.33,57.1,6,3,3,50.0,0,0,0.0,8
Kevin Osawe,Montreal Alliance,2025-2026,offense,Play types,Make 2 Pts,4,To Basket,Spot Up > Drives Right > To Basket > Make 2 Pts,Spot Up,Drives Right,To Basket,Make 2 Pts,,,3,42.9,2.0,100.0,0.0,0.0,0,,,,100.0,,3,100.0,0.0,,,3,0,,3.0,0.0,100.0,3,3,0,100.0,0,0,0.0,6
Kevin Osawe,Montreal Alliance,2025-2026,offense,Play types,Miss 2 Pts,4,To Basket,Spot Up > Drives Right > To Basket > Miss 2 Pts,Spot Up,Drives Right,To Basket,Miss 2 Pts,,,3,42.9,0.0,0.0,0.0,0.0,0,,,,0.0,,3,0.0,0.0,,,0,3,,3.0,0.0,0.0,3,0,3,0.0,0,0,0.0,0
Kevin Osawe,Montreal Alliance,2025-2026,offense,Play types,Foul,4,To Basket,Spot Up > Drives Right > To Basket > Foul,Spot Up,Drives Right,To Basket,Foul,,,1,14.3,2.0,113.6,0.0,100.0,0,,,,,,0,,100.0,,,0,0,,0.9,,100.0,0,0,0,,0,0,,2
Kevin Osawe,Montreal Alliance,2025-2026,offense,Play types,Dribble Jumper,3,Drives Right,Spot Up > Drives Right > Dribble Jumper,Spot Up,Drives Right,Dribble Jumper,,,,4,33.3,1.5,75.0,0.0,0.0,0,,,,75.0,,4,75.0,0.0,,,3,1,,4.0,0.0,75.0,4,3,1,75.0,0,0,0.0,6
Kevin Osawe,Montreal Alliance,2025-2026,offense,Play types,Short to < 17,4,Dribble Jumper,Spot Up > Drives Right > Dribble Jumper > Short to < 17,Spot Up,Drives Right,Dribble Jumper,Short to < 17,,,2,50.0,1.0,50.0,0.0,0.0,0,,,,50.0,,2,50.0,0.0,,,1,1,,2.0,0.0,50.0,2,1,1,50.0,0,0,0.0,2
Kevin Osawe,Montreal Alliance,2025-2026,offense,Play types,Miss 2 Pts,5,Short to < 17,Spot Up > Drives Right > Dribble Jumper > Short to < 17 > Miss 2 Pts,Spot Up,Drives Right,Dribble Jumper,Short to < 17,Miss 2 Pts,,1,50.0,0.0,0.0,0.0,0.0,0,,,,0.0,,1,0.0,0.0,,,0,1,,1.0,0.0,0.0,1,0,1,0.0,0,0,0.0,0
Kevin Osawe,Montreal Alliance,2025-2026,offense,Play types,Make 2 Pts,5,Short to < 17,Spot Up > Drives Right > Dribble Jumper > Short to < 17 > Make 2 Pts,Spot Up,Drives Right,Dribble Jumper,Short to < 17,Make 2 Pts,,1,50.0,2.0,100.0,0.0,0.0,0,,,,100.0,,1,100.0,0.0,,,1,0,,1.0,0.0,100.0,1,1,0,100.0,0,0,0.0,2
Kevin Osawe,Montreal Alliance,2025-2026,offense,Play types,Medium/17' to 3pt,4,Dribble Jumper,Spot Up > Drives Right > Dribble Jumper > Medium/17' to 3pt,Spot Up,Drives Right,Dribble Jumper,Medium/17' to 3pt,,,2,50.0,2.0,100.0,0.0,0.0,0,,,,100.0,,2,100.0,0.0,,,2,0,,2.0,0.0,100.0,2,2,0,100.0,0,0,0.0,4
Kevin Osawe,Montreal Alliance,2025-2026,offense,Play types,Make 2 Pts,5,Medium/17' to 3pt,Spot Up > Drives Right > Dribble Jumper > Medium/17' to 3pt > Make 2 Pts,Spot Up,Drives Right,Dribble Jumper,Medium/17' to 3pt,Make 2 Pts,,2,100.0,2.0,100.0,0.0,0.0,0,,,,100.0,,2,100.0,0.0,,,2,0,,2.0,0.0,100.0,2,2,0,100.0,0,0,0.0,4
Kevin Osawe,Montreal Alliance,2025-2026,offense,Play types,Turnover,3,Drives Right,Spot Up > Drives Right > Turnover,Spot Up,Drives Right,Turnover,,,,1,8.3,0.0,,100.0,0.0,0,,,,,,0,,0.0,,,0,0,,0.0,,0.0,0,0,0,,0,0,,0
Kevin Osawe,Montreal Alliance,2025-2026,offense,Play types,Drives Straight,2,Spot Up,Spot Up > Drives Straight,Spot Up,Drives Straight,,,,,5,6.4,0.6,37.5,20.0,0.0,1,100.0,,,25.0,,4,37.5,0.0,,,1,3,,4.0,0.0,20.0,3,0,3,0.0,1,0,0.25,3
Kevin Osawe,Montreal Alliance,2025-2026,offense,Play types,To Basket,3,Drives Straight,Spot Up > Drives Straight > To Basket,Spot Up,Drives Straight,To Basket,,,,3,60.0,0.0,0.0,33.3,0.0,0,,,,0.0,,2,0.0,0.0,,,0,2,,2.0,0.0,0.0,2,0,2,0.0,0,0,0.0,0
Kevin Osawe,Montreal Alliance,2025-2026,offense,Play types,Miss 2 Pts,4,To Basket,Spot Up > Drives Straight > To Basket > Miss 2 Pts,Spot Up,Drives Straight,To Basket,Miss 2 Pts,,,2,66.7,0.0,0.0,0.0,0.0,0,,,,0.0,,2,0.0,0.0,,,0,2,,2.0,0.0,0.0,2,0,2,0.0,0,0,0.0,0
Kevin Osawe,Montreal Alliance,2025-2026,offense,Play types,Turnover,4,To Basket,Spot Up > Drives Straight > To Basket > Turnover,Spot Up,Drives Straight,To Basket,Turnover,,,1,33.3,0.0,,100.0,0.0,0,,,,,,0,,0.0,,,0,0,,0.0,,0.0,0,0,0,,0,0,,0
Kevin Osawe,Montreal Alliance,2025-2026,offense,Play types,Dribble Jumper,3,Drives Straight,Spot Up > Drives Straight > Dribble Jumper,Spot Up,Drives Straight,Dribble Jumper,,,,2,40.0,1.5,75.0,0.0,0.0,1,100.0,,,50.0,,2,75.0,0.0,,,1,1,,2.0,0.0,50.0,1,0,1,0.0,1,0,0.5,3
Kevin Osawe,Montreal Alliance,2025-2026,offense,Play types,Long/3pt,4,Dribble Jumper,Spot Up > Drives Straight > Dribble Jumper > Long/3pt,Spot Up,Drives Straight,Dribble Jumper,Long/3pt,,,1,50.0,3.0,150.0,0.0,0.0,1,100.0,,,100.0,,1,150.0,0.0,,,1,0,,1.0,0.0,100.0,0,0,0,,1,0,1.0,3
Kevin Osawe,Montreal Alliance,2025-2026,offense,Play types,Make 3 Pts,5,Long/3pt,Spot Up > Drives Straight > Dribble Jumper > Long/3pt > Make 3 Pts,Spot Up,Drives Straight,Dribble Jumper,Long/3pt,Make 3 Pts,,1,100.0,3.0,150.0,0.0,0.0,1,100.0,,,100.0,,1,150.0,0.0,,,1,0,,1.0,0.0,100.0,0,0,0,,1,0,1.0,3
Kevin Osawe,Montreal Alliance,2025-2026,offense,Play types,Medium/17' to 3pt,4,Dribble Jumper,Spot Up > Drives Straight > Dribble Jumper > Medium/17' to 3pt,Spot Up,Drives Straight,Dribble Jumper,Medium/17' to 3pt,,,1,50.0,0.0,0.0,0.0,0.0,0,,,,0.0,,1,0.0,0.0,,,0,1,,1.0,0.0,0.0,1,0,1,0.0,0,0,0.0,0
Kevin Osawe,Montreal Alliance,2025-2026,offense,Play types,Miss 2 Pts,5,Medium/17' to 3pt,Spot Up > Drives Straight > Dribble Jumper > Medium/17' to 3pt > Miss 2 Pts,Spot Up,Drives Straight,Dribble Jumper,Medium/17' to 3pt,Miss 2 Pts,,1,100.0,0.0,0.0,0.0,0.0,0,,,,0.0,,1,0.0,0.0,,,0,1,,1.0,0.0,0.0,1,0,1,0.0,0,0,0.0,0
Kevin Osawe,Montreal Alliance,2025-2026,offense,Play types,Turnover,2,Spot Up,Spot Up > Turnover,Spot Up,Turnover,,,,,1,1.3,0.0,,100.0,0.0,0,,,,,,0,,0.0,,,0,0,,0.0,,0.0,0,0,0,,0,0,,0
Kevin Osawe,Montreal Alliance,2025-2026,offense,Play types,Transition,1,,Transition,Transition,,,,,,48,21.0,0.875,49.5,10.4,10.4,9,22.2,Below Average,31.0,42.1,47.0,38,44.7,10.4,,,16,22,,42.4,0.26,43.8,29,14,15,48.3,2,7,0.24,42
Kevin Osawe,Montreal Alliance,2025-2026,offense,Play types,Ballhandler,2,Transition,Transition > Ballhandler,Transition,Ballhandler,,,,,17,35.4,0.529,34.9,23.5,5.9,0,,,,33.3,,12,33.3,5.9,,,4,8,,12.9,0.17,29.4,12,4,8,33.3,0,0,0.0,9
Kevin Osawe,Montreal Alliance,2025-2026,offense,Play types,To Basket,3,Ballhandler,Transition > Ballhandler > To Basket,Transition,Ballhandler,To Basket,,,,11,64.7,0.636,32.2,0.0,9.1,0,,,,30.0,,10,30.0,9.1,,,3,7,,10.9,0.2,36.4,10,3,7,30.0,0,0,0.0,7
Kevin Osawe,Montreal Alliance,2025-2026,offense,Play types,Miss 2 Pts,4,To Basket,Transition > Ballhandler > To Basket > Miss 2 Pts,Transition,Ballhandler,To Basket,Miss 2 Pts,,,7,63.6,0.0,0.0,0.0,0.0,0,,,,0.0,,7,0.0,0.0,,,0,7,,7.0,0.0,0.0,7,0,7,0.0,0,0,0.0,0
Kevin Osawe,Montreal Alliance,2025-2026,offense,Play types,Make 2 Pts,4,To Basket,Transition > Ballhandler > To Basket > Make 2 Pts,Transition,Ballhandler,To Basket,Make 2 Pts,,,3,27.3,2.0,100.0,0.0,0.0,0,,,,100.0,,3,100.0,0.0,,,3,0,,3.0,0.0,100.0,3,3,0,100.0,0,0,0.0,6
Kevin Osawe,Montreal Alliance,2025-2026,offense,Play types,Foul,4,To Basket,Transition > Ballhandler > To Basket > Foul,Transition,Ballhandler,To Basket,Foul,,,1,9.1,1.0,56.8,0.0,100.0,0,,,,,,0,,100.0,,,0,0,,0.9,,100.0,0,0,0,,0,0,,1
Kevin Osawe,Montreal Alliance,2025-2026,offense,Play types,Turnover,3,Ballhandler,Transition > Ballhandler > Turnover,Transition,Ballhandler,Turnover,,,,4,23.5,0.0,,100.0,0.0,0,,,,,,0,,0.0,,,0,0,,0.0,,0.0,0,0,0,,0,0,,0
Kevin Osawe,Montreal Alliance,2025-2026,offense,Play types,Dribble Jumper,3,Ballhandler,Transition > Ballhandler > Dribble Jumper,Transition,Ballhandler,Dribble Jumper,,,,2,11.8,1.0,50.0,0.0,0.0,0,,,,50.0,,2,50.0,0.0,,,1,1,,2.0,0.0,50.0,2,1,1,50.0,0,0,0.0,2
Kevin Osawe,Montreal Alliance,2025-2026,offense,Play types,Short to < 17,4,Dribble Jumper,Transition > Ballhandler > Dribble Jumper > Short to < 17,Transition,Ballhandler,Dribble Jumper,Short to < 17,,,1,50.0,0.0,0.0,0.0,0.0,0,,,,0.0,,1,0.0,0.0,,,0,1,,1.0,0.0,0.0,1,0,1,0.0,0,0,0.0,0
Kevin Osawe,Montreal Alliance,2025-2026,offense,Play types,Miss 2 Pts,5,Short to < 17,Transition > Ballhandler > Dribble Jumper > Short to < 17 > Miss 2 Pts,Transition,Ballhandler,Dribble Jumper,Short to < 17,Miss 2 Pts,,1,100.0,0.0,0.0,0.0,0.0,0,,,,0.0,,1,0.0,0.0,,,0,1,,1.0,0.0,0.0,1,0,1,0.0,0,0,0.0,0
Kevin Osawe,Montreal Alliance,2025-2026,offense,Play types,Medium/17' to 3pt,4,Dribble Jumper,Transition > Ballhandler > Dribble Jumper > Medium/17' to 3pt,Transition,Ballhandler,Dribble Jumper,Medium/17' to 3pt,,,1,50.0,2.0,100.0,0.0,0.0,0,,,,100.0,,1,100.0,0.0,,,1,0,,1.0,0.0,100.0,1,1,0,100.0,0,0,0.0,2
Kevin Osawe,Montreal Alliance,2025-2026,offense,Play types,Make 2 Pts,5,Medium/17' to 3pt,Transition > Ballhandler > Dribble Jumper > Medium/17' to 3pt > Make 2 Pts,Transition,Ballhandler,Dribble Jumper,Medium/17' to 3pt,Make 2 Pts,,1,100.0,2.0,100.0,0.0,0.0,0,,,,100.0,,1,100.0,0.0,,,1,0,,1.0,0.0,100.0,1,1,0,100.0,0,0,0.0,2
Kevin Osawe,Montreal Alliance,2025-2026,offense,Play types,Right Wing,2,Transition,Transition > Right Wing,Transition,Right Wing,,,,,16,33.3,1.0,54.6,6.3,18.8,5,20.0,,,41.7,,12,45.8,18.8,,,5,7,,14.6,0.5,50.0,7,4,3,57.1,1,4,0.42,16
Kevin Osawe,Montreal Alliance,2025-2026,offense,Play types,To Basket,3,Right Wing,Transition > Right Wing > To Basket,Transition,Right Wing,To Basket,,,,9,56.3,1.222,63.7,0.0,33.3,0,,,,50.0,,6,50.0,33.3,,,3,3,,8.6,1.0,66.7,6,3,3,50.0,0,0,0.0,11
Kevin Osawe,Montreal Alliance,2025-2026,offense,Play types,Foul,4,To Basket,Transition > Right Wing > To Basket > Foul,Transition,Right Wing,To Basket,Foul,,,3,33.3,1.667,94.7,0.0,100.0,0,,,,,,0,,100.0,,,0,0,,2.6,,100.0,0,0,0,,0,0,,5
Kevin Osawe,Montreal Alliance,2025-2026,offense,Play types,Make 2 Pts,4,To Basket,Transition > Right Wing > To Basket > Make 2 Pts,Transition,Right Wing,To Basket,Make 2 Pts,,,3,33.3,2.0,100.0,0.0,0.0,0,,,,100.0,,3,100.0,0.0,,,3,0,,3.0,0.0,100.0,3,3,0,100.0,0,0,0.0,6
Kevin Osawe,Montreal Alliance,2025-2026,offense,Play types,Miss 2 Pts,4,To Basket,Transition > Right Wing > To Basket > Miss 2 Pts,Transition,Right Wing,To Basket,Miss 2 Pts,,,3,33.3,0.0,0.0,0.0,0.0,0,,,,0.0,,3,0.0,0.0,,,0,3,,3.0,0.0,0.0,3,0,3,0.0,0,0,0.0,0
Kevin Osawe,Montreal Alliance,2025-2026,offense,Play types,No Dribble Jumper,3,Right Wing,Transition > Right Wing > No Dribble Jumper,Transition,Right Wing,No Dribble Jumper,,,,4,25.0,0.75,37.5,0.0,0.0,4,25.0,,,25.0,,4,37.5,0.0,,,1,3,,4.0,0.0,25.0,0,0,0,,1,3,1.0,3
Kevin Osawe,Montreal Alliance,2025-2026,offense,Play types,Guarded,4,No Dribble Jumper,Transition > Right Wing > No Dribble Jumper > Guarded,Transition,Right Wing,No Dribble Jumper,Guarded,,,3,75.0,1.0,50.0,0.0,0.0,3,33.3,,,33.3,,3,50.0,0.0,,,1,2,,3.0,0.0,33.3,0,0,0,,1,2,1.0,3
Kevin Osawe,Montreal Alliance,2025-2026,offense,Play types,Long/3pt,5,Guarded,Transition > Right Wing > No Dribble Jumper > Guarded > Long/3pt,Transition,Right Wing,No Dribble Jumper,Guarded,Long/3pt,,3,100.0,1.0,50.0,0.0,0.0,3,33.3,,,33.3,,3,50.0,0.0,,,1,2,,3.0,0.0,33.3,0,0,0,,1,2,1.0,3
Kevin Osawe,Montreal Alliance,2025-2026,offense,Play types,Open,4,No Dribble Jumper,Transition > Right Wing > No Dribble Jumper > Open,Transition,Right Wing,No Dribble Jumper,Open,,,1,25.0,0.0,0.0,0.0,0.0,1,0.0,,,0.0,,1,0.0,0.0,,,0,1,,1.0,0.0,0.0,0,0,0,,0,1,1.0,0
Kevin Osawe,Montreal Alliance,2025-2026,offense,Play types,Long/3pt,5,Open,Transition > Right Wing > No Dribble Jumper > Open > Long/3pt,Transition,Right Wing,No Dribble Jumper,Open,Long/3pt,,1,100.0,0.0,0.0,0.0,0.0,1,0.0,,,0.0,,1,0.0,0.0,,,0,1,,1.0,0.0,0.0,0,0,0,,0,1,1.0,0
Kevin Osawe,Montreal Alliance,2025-2026,offense,Play types,Dribble Jumper,3,Right Wing,Transition > Right Wing > Dribble Jumper,Transition,Right Wing,Dribble Jumper,,,,2,12.5,1.0,50.0,0.0,0.0,1,0.0,,,50.0,,2,50.0,0.0,,,1,1,,2.0,0.0,50.0,1,1,0,100.0,0,1,0.5,2
Kevin Osawe,Montreal Alliance,2025-2026,offense,Play types,Long/3pt,4,Dribble Jumper,Transition > Right Wing > Dribble Jumper > Long/3pt,Transition,Right Wing,Dribble Jumper,Long/3pt,,,1,50.0,0.0,0.0,0.0,0.0,1,0.0,,,0.0,,1,0.0,0.0,,,0,1,,1.0,0.0,0.0,0,0,0,,0,1,1.0,0
Kevin Osawe,Montreal Alliance,2025-2026,offense,Play types,Miss 3 Pts,5,Long/3pt,Transition > Right Wing > Dribble Jumper > Long/3pt > Miss 3 Pts,Transition,Right Wing,Dribble Jumper,Long/3pt,Miss 3 Pts,,1,100.0,0.0,0.0,0.0,0.0,1,0.0,,,0.0,,1,0.0,0.0,,,0,1,,1.0,0.0,0.0,0,0,0,,0,1,1.0,0
Kevin Osawe,Montreal Alliance,2025-2026,offense,Play types,Short to < 17,4,Dribble Jumper,Transition > Right Wing > Dribble Jumper > Short to < 17,Transition,Right Wing,Dribble Jumper,Short to < 17,,,1,50.0,2.0,100.0,0.0,0.0,0,,,,100.0,,1,100.0,0.0,,,1,0,,1.0,0.0,100.0,1,1,0,100.0,0,0,0.0,2
Kevin Osawe,Montreal Alliance,2025-2026,offense,Play types,Make 2 Pts,5,Short to < 17,Transition > Right Wing > Dribble Jumper > Short to < 17 > Make 2 Pts,Transition,Right Wing,Dribble Jumper,Short to < 17,Make 2 Pts,,1,100.0,2.0,100.0,0.0,0.0,0,,,,100.0,,1,100.0,0.0,,,1,0,,1.0,0.0,100.0,1,1,0,100.0,0,0,0.0,2
Kevin Osawe,Montreal Alliance,2025-2026,offense,Play types,Turnover,3,Right Wing,Transition > Right Wing > Turnover,Transition,Right Wing,Turnover,,,,1,6.3,0.0,,100.0,0.0,0,,,,,,0,,0.0,,,0,0,,0.0,,0.0,0,0,0,,0,0,,0
Kevin Osawe,Montreal Alliance,2025-2026,offense,Play types,Left Wing,2,Transition,Transition > Left Wing,Transition,Left Wing,,,,,9,18.8,0.889,45.0,0.0,11.1,1,0.0,,,37.5,,8,37.5,11.1,,,3,5,,8.9,0.25,44.4,7,3,4,42.9,0,1,0.13,8
Kevin Osawe,Montreal Alliance,2025-2026,offense,Play types,To Basket,3,Left Wing,Transition > Left Wing > To Basket,Transition,Left Wing,To Basket,,,,8,88.9,1.0,50.8,0.0,12.5,0,,,,42.9,,7,42.9,12.5,,,3,4,,7.9,0.29,50.0,7,3,4,42.9,0,0,0.0,8
Kevin Osawe,Montreal Alliance,2025-2026,offense,Play types,Miss 2 Pts,4,To Basket,Transition > Left Wing > To Basket > Miss 2 Pts,Transition,Left Wing,To Basket,Miss 2 Pts,,,4,50.0,0.0,0.0,0.0,0.0,0,,,,0.0,,4,0.0,0.0,,,0,4,,4.0,0.0,0.0,4,0,4,0.0,0,0,0.0,0
Kevin Osawe,Montreal Alliance,2025-2026,offense,Play types,Make 2 Pts,4,To Basket,Transition > Left Wing > To Basket > Make 2 Pts,Transition,Left Wing,To Basket,Make 2 Pts,,,3,37.5,2.0,100.0,0.0,0.0,0,,,,100.0,,3,100.0,0.0,,,3,0,,3.0,0.0,100.0,3,3,0,100.0,0,0,0.0,6
Kevin Osawe,Montreal Alliance,2025-2026,offense,Play types,Foul,4,To Basket,Transition > Left Wing > To Basket > Foul,Transition,Left Wing,To Basket,Foul,,,1,12.5,2.0,113.6,0.0,100.0,0,,,,,,0,,100.0,,,0,0,,0.9,,100.0,0,0,0,,0,0,,2
Kevin Osawe,Montreal Alliance,2025-2026,offense,Play types,No Dribble Jumper,3,Left Wing,Transition > Left Wing > No Dribble Jumper,Transition,Left Wing,No Dribble Jumper,,,,1,11.1,0.0,0.0,0.0,0.0,1,0.0,,,0.0,,1,0.0,0.0,,,0,1,,1.0,0.0,0.0,0,0,0,,0,1,1.0,0
Kevin Osawe,Montreal Alliance,2025-2026,offense,Play types,Guarded,4,No Dribble Jumper,Transition > Left Wing > No Dribble Jumper > Guarded,Transition,Left Wing,No Dribble Jumper,Guarded,,,1,100.0,0.0,0.0,0.0,0.0,1,0.0,,,0.0,,1,0.0,0.0,,,0,1,,1.0,0.0,0.0,0,0,0,,0,1,1.0,0
Kevin Osawe,Montreal Alliance,2025-2026,offense,Play types,Long/3pt,5,Guarded,Transition > Left Wing > No Dribble Jumper > Guarded > Long/3pt,Transition,Left Wing,No Dribble Jumper,Guarded,Long/3pt,,1,100.0,0.0,0.0,0.0,0.0,1,0.0,,,0.0,,1,0.0,0.0,,,0,1,,1.0,0.0,0.0,0,0,0,,0,1,1.0,0
Kevin Osawe,Montreal Alliance,2025-2026,offense,Play types,Trailer,2,Transition,Transition > Trailer,Transition,Trailer,,,,,3,6.3,1.0,50.0,0.0,0.0,3,33.3,,,33.3,,3,50.0,0.0,,,1,2,,3.0,0.0,33.3,0,0,0,,1,2,1.0,3
Kevin Osawe,Montreal Alliance,2025-2026,offense,Play types,No Dribble Jumper,3,Trailer,Transition > Trailer > No Dribble Jumper,Transition,Trailer,No Dribble Jumper,,,,3,100.0,1.0,50.0,0.0,0.0,3,33.3,,,33.3,,3,50.0,0.0,,,1,2,,3.0,0.0,33.3,0,0,0,,1,2,1.0,3
Kevin Osawe,Montreal Alliance,2025-2026,offense,Play types,Open,4,No Dribble Jumper,Transition > Trailer > No Dribble Jumper > Open,Transition,Trailer,No Dribble Jumper,Open,,,2,66.7,1.5,75.0,0.0,0.0,2,50.0,,,50.0,,2,75.0,0.0,,,1,1,,2.0,0.0,50.0,0,0,0,,1,1,1.0,3
Kevin Osawe,Montreal Alliance,2025-2026,offense,Play types,Long/3pt,5,Open,Transition > Trailer > No Dribble Jumper > Open > Long/3pt,Transition,Trailer,No Dribble Jumper,Open,Long/3pt,,2,100.0,1.5,75.0,0.0,0.0,2,50.0,,,50.0,,2,75.0,0.0,,,1,1,,2.0,0.0,50.0,0,0,0,,1,1,1.0,3
Kevin Osawe,Montreal Alliance,2025-2026,offense,Play types,Guarded,4,No Dribble Jumper,Transition > Trailer > No Dribble Jumper > Guarded,Transition,Trailer,No Dribble Jumper,Guarded,,,1,33.3,0.0,0.0,0.0,0.0,1,0.0,,,0.0,,1,0.0,0.0,,,0,1,,1.0,0.0,0.0,0,0,0,,0,1,1.0,0
Kevin Osawe,Montreal Alliance,2025-2026,offense,Play types,Long/3pt,5,Guarded,Transition > Trailer > No Dribble Jumper > Guarded > Long/3pt,Transition,Trailer,No Dribble Jumper,Guarded,Long/3pt,,1,100.0,0.0,0.0,0.0,0.0,1,0.0,,,0.0,,1,0.0,0.0,,,0,1,,1.0,0.0,0.0,0,0,0,,0,1,1.0,0
Kevin Osawe,Montreal Alliance,2025-2026,offense,Play types,First Middle,2,Transition,Transition > First Middle,Transition,First Middle,,,,,2,4.2,2.0,100.0,0.0,0.0,0,,,,100.0,,2,100.0,0.0,,,2,0,,2.0,0.0,100.0,2,2,0,100.0,0,0,0.0,4
Kevin Osawe,Montreal Alliance,2025-2026,offense,Play types,To Basket,3,First Middle,Transition > First Middle > To Basket,Transition,First Middle,To Basket,,,,2,100.0,2.0,100.0,0.0,0.0,0,,,,100.0,,2,100.0,0.0,,,2,0,,2.0,0.0,100.0,2,2,0,100.0,0,0,0.0,4
Kevin Osawe,Montreal Alliance,2025-2026,offense,Play types,Make 2 Pts,4,To Basket,Transition > First Middle > To Basket > Make 2 Pts,Transition,First Middle,To Basket,Make 2 Pts,,,2,100.0,2.0,100.0,0.0,0.0,0,,,,100.0,,2,100.0,0.0,,,2,0,,2.0,0.0,100.0,2,2,0,100.0,0,0,0.0,4
Kevin Osawe,Montreal Alliance,2025-2026,offense,Play types,Leak Outs,2,Transition,Transition > Leak Outs,Transition,Leak Outs,,,,,1,2.1,2.0,100.0,0.0,0.0,0,,,,100.0,,1,100.0,0.0,,,1,0,,1.0,0.0,100.0,1,1,0,100.0,0,0,0.0,2
Kevin Osawe,Montreal Alliance,2025-2026,offense,Play types,To Basket,3,Leak Outs,Transition > Leak Outs > To Basket,Transition,Leak Outs,To Basket,,,,1,100.0,2.0,100.0,0.0,0.0,0,,,,100.0,,1,100.0,0.0,,,1,0,,1.0,0.0,100.0,1,1,0,100.0,0,0,0.0,2
Kevin Osawe,Montreal Alliance,2025-2026,offense,Play types,Make 2 Pts,4,To Basket,Transition > Leak Outs > To Basket > Make 2 Pts,Transition,Leak Outs,To Basket,Make 2 Pts,,,1,100.0,2.0,100.0,0.0,0.0,0,,,,100.0,,1,100.0,0.0,,,1,0,,1.0,0.0,100.0,1,1,0,100.0,0,0,0.0,2
Kevin Osawe,Montreal Alliance,2025-2026,offense,Play types,Isolation,1,,Isolation,Isolation,,,,,,33,14.4,0.818,40.7,0.0,9.1,4,25.0,Average,49.0,35.5,89.0,31,37.1,9.1,,,11,20,,33.2,0.16,39.4,27,10,17,37.0,1,3,0.13,27
Kevin Osawe,Montreal Alliance,2025-2026,offense,Play types,Isolation - Overall,2,Isolation,Isolation > Isolation - Overall,Isolation,Isolation - Overall,,,,,33,100.0,0.818,40.7,0.0,9.1,4,25.0,,,35.5,,31,37.1,9.1,,,11,20,,33.2,0.16,39.4,27,10,17,37.0,1,3,0.13,27
Kevin Osawe,Montreal Alliance,2025-2026,offense,Play types,Drives Left,3,Isolation - Overall,Isolation > Isolation - Overall > Drives Left,Isolation,Isolation - Overall,Drives Left,,,,13,39.4,0.462,23.1,0.0,0.0,0,,,,23.1,,13,23.1,0.0,,,3,10,,13.0,0.0,23.1,13,3,10,23.1,0,0,0.0,6
Kevin Osawe,Montreal Alliance,2025-2026,offense,Play types,Drives Right,3,Isolation - Overall,Isolation > Isolation - Overall > Drives Right,Isolation,Isolation - Overall,Drives Right,,,,10,30.3,1.5,73.5,0.0,30.0,1,100.0,,,62.5,,8,68.8,30.0,,,5,3,,10.2,0.63,70.0,7,4,3,57.1,1,0,0.13,15
Kevin Osawe,Montreal Alliance,2025-2026,offense,Play types,Early Jumper,3,Isolation - Overall,Isolation > Isolation - Overall > Early Jumper,Isolation,Isolation - Overall,Early Jumper,,,,10,30.3,0.6,30.0,0.0,0.0,3,0.0,,,30.0,,10,30.0,0.0,,,3,7,,10.0,0.0,30.0,7,3,4,42.9,0,3,0.3,6
Kevin Osawe,Montreal Alliance,2025-2026,offense,Play types,Top,2,Isolation,Isolation > Top,Isolation,Top,,,,,15,45.5,0.8,40.3,0.0,6.7,2,0.0,,,35.7,,14,35.7,6.7,,,5,9,,14.9,0.14,40.0,12,5,7,41.7,0,2,0.14,12
Kevin Osawe,Montreal Alliance,2025-2026,offense,Play types,Drives Left,3,Top,Isolation > Top > Drives Left,Isolation,Top,Drives Left,,,,8,53.3,0.75,37.5,0.0,0.0,0,,,,37.5,,8,37.5,0.0,,,3,5,,8.0,0.0,37.5,8,3,5,37.5,0,0,0.0,6
Kevin Osawe,Montreal Alliance,2025-2026,offense,Play types,To Basket,4,Drives Left,Isolation > Top > Drives Left > To Basket,Isolation,Top,Drives Left,To Basket,,,6,75.0,0.667,33.3,0.0,0.0,0,,,,33.3,,6,33.3,0.0,,,2,4,,6.0,0.0,33.3,6,2,4,33.3,0,0,0.0,4
Kevin Osawe,Montreal Alliance,2025-2026,offense,Play types,Miss 2 Pts,5,To Basket,Isolation > Top > Drives Left > To Basket > Miss 2 Pts,Isolation,Top,Drives Left,To Basket,Miss 2 Pts,,4,66.7,0.0,0.0,0.0,0.0,0,,,,0.0,,4,0.0,0.0,,,0,4,,4.0,0.0,0.0,4,0,4,0.0,0,0,0.0,0
Kevin Osawe,Montreal Alliance,2025-2026,offense,Play types,Make 2 Pts,5,To Basket,Isolation > Top > Drives Left > To Basket > Make 2 Pts,Isolation,Top,Drives Left,To Basket,Make 2 Pts,,2,33.3,2.0,100.0,0.0,0.0,0,,,,100.0,,2,100.0,0.0,,,2,0,,2.0,0.0,100.0,2,2,0,100.0,0,0,0.0,4
Kevin Osawe,Montreal Alliance,2025-2026,offense,Play types,Dribble Jumper,4,Drives Left,Isolation > Top > Drives Left > Dribble Jumper,Isolation,Top,Drives Left,Dribble Jumper,,,2,25.0,1.0,50.0,0.0,0.0,0,,,,50.0,,2,50.0,0.0,,,1,1,,2.0,0.0,50.0,2,1,1,50.0,0,0,0.0,2
Kevin Osawe,Montreal Alliance,2025-2026,offense,Play types,Short to < 17,5,Dribble Jumper,Isolation > Top > Drives Left > Dribble Jumper > Short to < 17,Isolation,Top,Drives Left,Dribble Jumper,Short to < 17,,1,50.0,0.0,0.0,0.0,0.0,0,,,,0.0,,1,0.0,0.0,,,0,1,,1.0,0.0,0.0,1,0,1,0.0,0,0,0.0,0
Kevin Osawe,Montreal Alliance,2025-2026,offense,Play types,Medium/17' to 3pt,5,Dribble Jumper,Isolation > Top > Drives Left > Dribble Jumper > Medium/17' to 3pt,Isolation,Top,Drives Left,Dribble Jumper,Medium/17' to 3pt,,1,50.0,2.0,100.0,0.0,0.0,0,,,,100.0,,1,100.0,0.0,,,1,0,,1.0,0.0,100.0,1,1,0,100.0,0,0,0.0,2
Kevin Osawe,Montreal Alliance,2025-2026,offense,Play types,Early Jumper,3,Top,Isolation > Top > Early Jumper,Isolation,Top,Early Jumper,,,,5,33.3,0.4,20.0,0.0,0.0,2,0.0,,,20.0,,5,20.0,0.0,,,1,4,,5.0,0.0,20.0,3,1,2,33.3,0,2,0.4,2
Kevin Osawe,Montreal Alliance,2025-2026,offense,Play types,Dribble Jumper,4,Early Jumper,Isolation > Top > Early Jumper > Dribble Jumper,Isolation,Top,Early Jumper,Dribble Jumper,,,3,60.0,0.0,0.0,0.0,0.0,2,0.0,,,0.0,,3,0.0,0.0,,,0,3,,3.0,0.0,0.0,1,0,1,0.0,0,2,0.67,0
Kevin Osawe,Montreal Alliance,2025-2026,offense,Play types,Long/3pt,5,Dribble Jumper,Isolation > Top > Early Jumper > Dribble Jumper > Long/3pt,Isolation,Top,Early Jumper,Dribble Jumper,Long/3pt,,2,66.7,0.0,0.0,0.0,0.0,2,0.0,,,0.0,,2,0.0,0.0,,,0,2,,2.0,0.0,0.0,0,0,0,,0,2,1.0,0
Kevin Osawe,Montreal Alliance,2025-2026,offense,Play types,Medium/17' to 3pt,5,Dribble Jumper,Isolation > Top > Early Jumper > Dribble Jumper > Medium/17' to 3pt,Isolation,Top,Early Jumper,Dribble Jumper,Medium/17' to 3pt,,1,33.3,0.0,0.0,0.0,0.0,0,,,,0.0,,1,0.0,0.0,,,0,1,,1.0,0.0,0.0,1,0,1,0.0,0,0,0.0,0
Kevin Osawe,Montreal Alliance,2025-2026,offense,Play types,No Dribble Jumper,4,Early Jumper,Isolation > Top > Early Jumper > No Dribble Jumper,Isolation,Top,Early Jumper,No Dribble Jumper,,,2,40.0,1.0,50.0,0.0,0.0,0,,,,50.0,,2,50.0,0.0,,,1,1,,2.0,0.0,50.0,2,1,1,50.0,0,0,0.0,2
Kevin Osawe,Montreal Alliance,2025-2026,offense,Play types,Guarded,5,No Dribble Jumper,Isolation > Top > Early Jumper > No Dribble Jumper > Guarded,Isolation,Top,Early Jumper,No Dribble Jumper,Guarded,,2,100.0,1.0,50.0,0.0,0.0,0,,,,50.0,,2,50.0,0.0,,,1,1,,2.0,0.0,50.0,2,1,1,50.0,0,0,0.0,2
Kevin Osawe,Montreal Alliance,2025-2026,offense,Play types,Drives Right,3,Top,Isolation > Top > Drives Right,Isolation,Top,Drives Right,,,,2,13.3,2.0,106.4,0.0,50.0,0,,,,100.0,,1,100.0,50.0,,,1,0,,1.9,2.0,100.0,1,1,0,100.0,0,0,0.0,4
Kevin Osawe,Montreal Alliance,2025-2026,offense,Play types,To Basket,4,Drives Right,Isolation > Top > Drives Right > To Basket,Isolation,Top,Drives Right,To Basket,,,2,100.0,2.0,106.4,0.0,50.0,0,,,,100.0,,1,100.0,50.0,,,1,0,,1.9,2.0,100.0,1,1,0,100.0,0,0,0.0,4
Kevin Osawe,Montreal Alliance,2025-2026,offense,Play types,Make 2 Pts,5,To Basket,Isolation > Top > Drives Right > To Basket > Make 2 Pts,Isolation,Top,Drives Right,To Basket,Make 2 Pts,,1,50.0,2.0,100.0,0.0,0.0,0,,,,100.0,,1,100.0,0.0,,,1,0,,1.0,0.0,100.0,1,1,0,100.0,0,0,0.0,2
Kevin Osawe,Montreal Alliance,2025-2026,offense,Play types,Foul,5,To Basket,Isolation > Top > Drives Right > To Basket > Foul,Isolation,Top,Drives Right,To Basket,Foul,,1,50.0,2.0,113.6,0.0,100.0,0,,,,,,0,,100.0,,,0,0,,0.9,,100.0,0,0,0,,0,0,,2
Kevin Osawe,Montreal Alliance,2025-2026,offense,Play types,Left,2,Isolation,Isolation > Left,Isolation,Left,,,,,11,33.3,1.091,55.1,0.0,9.1,2,50.0,,,50.0,,10,55.0,9.1,,,5,5,,10.9,0.2,54.5,8,4,4,50.0,1,1,0.2,12
Kevin Osawe,Montreal Alliance,2025-2026,offense,Play types,Drives Right,3,Left,Isolation > Left > Drives Right,Isolation,Left,Drives Right,,,,5,45.5,1.6,82.0,0.0,20.0,1,100.0,,,75.0,,4,87.5,20.0,,,3,1,,4.9,0.5,80.0,3,2,1,66.7,1,0,0.25,8
Kevin Osawe,Montreal Alliance,2025-2026,offense,Play types,To Basket,4,Drives Right,Isolation > Left > Drives Right > To Basket,Isolation,Left,Drives Right,To Basket,,,3,60.0,1.0,52.1,0.0,33.3,0,,,,50.0,,2,50.0,33.3,,,1,1,,2.9,1.0,66.7,2,1,1,50.0,0,0,0.0,3
Kevin Osawe,Montreal Alliance,2025-2026,offense,Play types,Foul,5,To Basket,Isolation > Left > Drives Right > To Basket > Foul,Isolation,Left,Drives Right,To Basket,Foul,,1,33.3,1.0,56.8,0.0,100.0,0,,,,,,0,,100.0,,,0,0,,0.9,,100.0,0,0,0,,0,0,,1
Kevin Osawe,Montreal Alliance,2025-2026,offense,Play types,Make 2 Pts,5,To Basket,Isolation > Left > Drives Right > To Basket > Make 2 Pts,Isolation,Left,Drives Right,To Basket,Make 2 Pts,,1,33.3,2.0,100.0,0.0,0.0,0,,,,100.0,,1,100.0,0.0,,,1,0,,1.0,0.0,100.0,1,1,0,100.0,0,0,0.0,2
Kevin Osawe,Montreal Alliance,2025-2026,offense,Play types,Miss 2 Pts,5,To Basket,Isolation > Left > Drives Right > To Basket > Miss 2 Pts,Isolation,Left,Drives Right,To Basket,Miss 2 Pts,,1,33.3,0.0,0.0,0.0,0.0,0,,,,0.0,,1,0.0,0.0,,,0,1,,1.0,0.0,0.0,1,0,1,0.0,0,0,0.0,0
Kevin Osawe,Montreal Alliance,2025-2026,offense,Play types,Dribble Jumper,4,Drives Right,Isolation > Left > Drives Right > Dribble Jumper,Isolation,Left,Drives Right,Dribble Jumper,,,2,40.0,2.5,125.0,0.0,0.0,1,100.0,,,100.0,,2,125.0,0.0,,,2,0,,2.0,0.0,100.0,1,1,0,100.0,1,0,0.5,5
Kevin Osawe,Montreal Alliance,2025-2026,offense,Play types,Long/3pt,5,Dribble Jumper,Isolation > Left > Drives Right > Dribble Jumper > Long/3pt,Isolation,Left,Drives Right,Dribble Jumper,Long/3pt,,1,50.0,3.0,150.0,0.0,0.0,1,100.0,,,100.0,,1,150.0,0.0,,,1,0,,1.0,0.0,100.0,0,0,0,,1,0,1.0,3
Kevin Osawe,Montreal Alliance,2025-2026,offense,Play types,Short to < 17,5,Dribble Jumper,Isolation > Left > Drives Right > Dribble Jumper > Short to < 17,Isolation,Left,Drives Right,Dribble Jumper,Short to < 17,,1,50.0,2.0,100.0,0.0,0.0,0,,,,100.0,,1,100.0,0.0,,,1,0,,1.0,0.0,100.0,1,1,0,100.0,0,0,0.0,2
Kevin Osawe,Montreal Alliance,2025-2026,offense,Play types,Drives Left,3,Left,Isolation > Left > Drives Left,Isolation,Left,Drives Left,,,,3,27.3,0.0,0.0,0.0,0.0,0,,,,0.0,,3,0.0,0.0,,,0,3,,3.0,0.0,0.0,3,0,3,0.0,0,0,0.0,0
Kevin Osawe,Montreal Alliance,2025-2026,offense,Play types,To Basket,4,Drives Left,Isolation > Left > Drives Left > To Basket,Isolation,Left,Drives Left,To Basket,,,3,100.0,0.0,0.0,0.0,0.0,0,,,,0.0,,3,0.0,0.0,,,0,3,,3.0,0.0,0.0,3,0,3,0.0,0,0,0.0,0
Kevin Osawe,Montreal Alliance,2025-2026,offense,Play types,Miss 2 Pts,5,To Basket,Isolation > Left > Drives Left > To Basket > Miss 2 Pts,Isolation,Left,Drives Left,To Basket,Miss 2 Pts,,3,100.0,0.0,0.0,0.0,0.0,0,,,,0.0,,3,0.0,0.0,,,0,3,,3.0,0.0,0.0,3,0,3,0.0,0,0,0.0,0
Kevin Osawe,Montreal Alliance,2025-2026,offense,Play types,Early Jumper,3,Left,Isolation > Left > Early Jumper,Isolation,Left,Early Jumper,,,,3,27.3,1.333,66.7,0.0,0.0,1,0.0,,,66.7,,3,66.7,0.0,,,2,1,,3.0,0.0,66.7,2,2,0,100.0,0,1,0.33,4
Kevin Osawe,Montreal Alliance,2025-2026,offense,Play types,No Dribble Jumper,4,Early Jumper,Isolation > Left > Early Jumper > No Dribble Jumper,Isolation,Left,Early Jumper,No Dribble Jumper,,,2,66.7,2.0,100.0,0.0,0.0,0,,,,100.0,,2,100.0,0.0,,,2,0,,2.0,0.0,100.0,2,2,0,100.0,0,0,0.0,4
Kevin Osawe,Montreal Alliance,2025-2026,offense,Play types,Open,5,No Dribble Jumper,Isolation > Left > Early Jumper > No Dribble Jumper > Open,Isolation,Left,Early Jumper,No Dribble Jumper,Open,,1,50.0,2.0,100.0,0.0,0.0,0,,,,100.0,,1,100.0,0.0,,,1,0,,1.0,0.0,100.0,1,1,0,100.0,0,0,0.0,2
Kevin Osawe,Montreal Alliance,2025-2026,offense,Play types,Guarded,5,No Dribble Jumper,Isolation > Left > Early Jumper > No Dribble Jumper > Guarded,Isolation,Left,Early Jumper,No Dribble Jumper,Guarded,,1,50.0,2.0,100.0,0.0,0.0,0,,,,100.0,,1,100.0,0.0,,,1,0,,1.0,0.0,100.0,1,1,0,100.0,0,0,0.0,2
Kevin Osawe,Montreal Alliance,2025-2026,offense,Play types,Dribble Jumper,4,Early Jumper,Isolation > Left > Early Jumper > Dribble Jumper,Isolation,Left,Early Jumper,Dribble Jumper,,,1,33.3,0.0,0.0,0.0,0.0,1,0.0,,,0.0,,1,0.0,0.0,,,0,1,,1.0,0.0,0.0,0,0,0,,0,1,1.0,0
Kevin Osawe,Montreal Alliance,2025-2026,offense,Play types,Long/3pt,5,Dribble Jumper,Isolation > Left > Early Jumper > Dribble Jumper > Long/3pt,Isolation,Left,Early Jumper,Dribble Jumper,Long/3pt,,1,100.0,0.0,0.0,0.0,0.0,1,0.0,,,0.0,,1,0.0,0.0,,,0,1,,1.0,0.0,0.0,0,0,0,,0,1,1.0,0
Kevin Osawe,Montreal Alliance,2025-2026,offense,Play types,Right,2,Isolation,Isolation > Right,Isolation,Right,,,,,7,21.2,0.429,20.2,0.0,14.3,0,,,,14.3,,7,14.3,14.3,,,1,6,,7.4,0.14,14.3,7,1,6,14.3,0,0,0.0,3
Kevin Osawe,Montreal Alliance,2025-2026,offense,Play types,Drives Right,3,Right,Isolation > Right > Drives Right,Isolation,Right,Drives Right,,,,3,42.9,1.0,43.6,0.0,33.3,0,,,,33.3,,3,33.3,33.3,,,1,2,,3.4,0.33,33.3,3,1,2,33.3,0,0,0.0,3
Kevin Osawe,Montreal Alliance,2025-2026,offense,Play types,Dribble Jumper,4,Drives Right,Isolation > Right > Drives Right > Dribble Jumper,Isolation,Right,Drives Right,Dribble Jumper,,,2,66.7,0.0,0.0,0.0,0.0,0,,,,0.0,,2,0.0,0.0,,,0,2,,2.0,0.0,0.0,2,0,2,0.0,0,0,0.0,0
Kevin Osawe,Montreal Alliance,2025-2026,offense,Play types,Medium/17' to 3pt,5,Dribble Jumper,Isolation > Right > Drives Right > Dribble Jumper > Medium/17' to 3pt,Isolation,Right,Drives Right,Dribble Jumper,Medium/17' to 3pt,,1,50.0,0.0,0.0,0.0,0.0,0,,,,0.0,,1,0.0,0.0,,,0,1,,1.0,0.0,0.0,1,0,1,0.0,0,0,0.0,0
Kevin Osawe,Montreal Alliance,2025-2026,offense,Play types,Short to < 17,5,Dribble Jumper,Isolation > Right > Drives Right > Dribble Jumper > Short to < 17,Isolation,Right,Drives Right,Dribble Jumper,Short to < 17,,1,50.0,0.0,0.0,0.0,0.0,0,,,,0.0,,1,0.0,0.0,,,0,1,,1.0,0.0,0.0,1,0,1,0.0,0,0,0.0,0
Kevin Osawe,Montreal Alliance,2025-2026,offense,Play types,To Basket,4,Drives Right,Isolation > Right > Drives Right > To Basket,Isolation,Right,Drives Right,To Basket,,,1,33.3,3.0,104.2,0.0,100.0,0,,,,100.0,,1,100.0,100.0,,,1,0,,1.4,1.0,100.0,1,1,0,100.0,0,0,0.0,3
Kevin Osawe,Montreal Alliance,2025-2026,offense,Play types,Make 2 Pts Foul,5,To Basket,Isolation > Right > Drives Right > To Basket > Make 2 Pts Foul,Isolation,Right,Drives Right,To Basket,Make 2 Pts Foul,,1,100.0,3.0,104.2,0.0,100.0,0,,,,100.0,,1,100.0,100.0,,,1,0,,1.4,1.0,100.0,1,1,0,100.0,0,0,0.0,3
Kevin Osawe,Montreal Alliance,2025-2026,offense,Play types,Drives Left,3,Right,Isolation > Right > Drives Left,Isolation,Right,Drives Left,,,,2,28.6,0.0,0.0,0.0,0.0,0,,,,0.0,,2,0.0,0.0,,,0,2,,2.0,0.0,0.0,2,0,2,0.0,0,0,0.0,0
Kevin Osawe,Montreal Alliance,2025-2026,offense,Play types,To Basket,4,Drives Left,Isolation > Right > Drives Left > To Basket,Isolation,Right,Drives Left,To Basket,,,2,100.0,0.0,0.0,0.0,0.0,0,,,,0.0,,2,0.0,0.0,,,0,2,,2.0,0.0,0.0,2,0,2,0.0,0,0,0.0,0
Kevin Osawe,Montreal Alliance,2025-2026,offense,Play types,Miss 2 Pts,5,To Basket,Isolation > Right > Drives Left > To Basket > Miss 2 Pts,Isolation,Right,Drives Left,To Basket,Miss 2 Pts,,2,100.0,0.0,0.0,0.0,0.0,0,,,,0.0,,2,0.0,0.0,,,0,2,,2.0,0.0,0.0,2,0,2,0.0,0,0,0.0,0
Kevin Osawe,Montreal Alliance,2025-2026,offense,Play types,Early Jumper,3,Right,Isolation > Right > Early Jumper,Isolation,Right,Early Jumper,,,,2,28.6,0.0,0.0,0.0,0.0,0,,,,0.0,,2,0.0,0.0,,,0,2,,2.0,0.0,0.0,2,0,2,0.0,0,0,0.0,0
Kevin Osawe,Montreal Alliance,2025-2026,offense,Play types,Dribble Jumper,4,Early Jumper,Isolation > Right > Early Jumper > Dribble Jumper,Isolation,Right,Early Jumper,Dribble Jumper,,,1,50.0,0.0,0.0,0.0,0.0,0,,,,0.0,,1,0.0,0.0,,,0,1,,1.0,0.0,0.0,1,0,1,0.0,0,0,0.0,0
Kevin Osawe,Montreal Alliance,2025-2026,offense,Play types,Medium/17' to 3pt,5,Dribble Jumper,Isolation > Right > Early Jumper > Dribble Jumper > Medium/17' to 3pt,Isolation,Right,Early Jumper,Dribble Jumper,Medium/17' to 3pt,,1,100.0,0.0,0.0,0.0,0.0,0,,,,0.0,,1,0.0,0.0,,,0,1,,1.0,0.0,0.0,1,0,1,0.0,0,0,0.0,0
Kevin Osawe,Montreal Alliance,2025-2026,offense,Play types,No Dribble Jumper,4,Early Jumper,Isolation > Right > Early Jumper > No Dribble Jumper,Isolation,Right,Early Jumper,No Dribble Jumper,,,1,50.0,0.0,0.0,0.0,0.0,0,,,,0.0,,1,0.0,0.0,,,0,1,,1.0,0.0,0.0,1,0,1,0.0,0,0,0.0,0
Kevin Osawe,Montreal Alliance,2025-2026,offense,Play types,Guarded,5,No Dribble Jumper,Isolation > Right > Early Jumper > No Dribble Jumper > Guarded,Isolation,Right,Early Jumper,No Dribble Jumper,Guarded,,1,100.0,0.0,0.0,0.0,0.0,0,,,,0.0,,1,0.0,0.0,,,0,1,,1.0,0.0,0.0,1,0,1,0.0,0,0,0.0,0
Kevin Osawe,Montreal Alliance,2025-2026,offense,Play types,Offensive Rebounds (Put Backs),1,,Offensive Rebounds (Put Backs),Offensive Rebounds (Put Backs),,,,,,26,11.4,1.231,66.6,7.7,34.6,0,,Very Good,75.0,47.1,46.0,17,47.1,30.8,,,8,9,,24.0,0.94,57.7,17,8,9,47.1,0,0,0.0,32
Kevin Osawe,Montreal Alliance,2025-2026,offense,Play types,Short,2,Offensive Rebounds (Put Backs),Offensive Rebounds (Put Backs) > Short,Offensive Rebounds (Put Backs),Short,,,,,24,92.3,1.167,62.8,8.3,29.2,0,,,,47.1,,17,47.1,29.2,,,8,9,,22.3,0.71,54.2,17,8,9,47.1,0,0,0.0,28
Kevin Osawe,Montreal Alliance,2025-2026,offense,Play types,Scoring Attempt,3,Short,Offensive Rebounds (Put Backs) > Short > Scoring Attempt,Offensive Rebounds (Put Backs),Short,Scoring Attempt,,,,22,91.7,1.273,62.8,0.0,31.8,0,,,,47.1,,17,47.1,31.8,,,8,9,,22.3,0.71,59.1,17,8,9,47.1,0,0,0.0,28
Kevin Osawe,Montreal Alliance,2025-2026,offense,Play types,At Basket,4,Scoring Attempt,Offensive Rebounds (Put Backs) > Short > Scoring Attempt > At Basket,Offensive Rebounds (Put Backs),Short,Scoring Attempt,At Basket,,,21,95.5,1.333,65.8,0.0,33.3,0,,,,50.0,,16,50.0,33.3,,,8,8,,21.3,0.75,61.9,16,8,8,50.0,0,0,0.0,28
Kevin Osawe,Montreal Alliance,2025-2026,offense,Play types,Miss 2 Pts,5,At Basket,Offensive Rebounds (Put Backs) > Short > Scoring Attempt > At Basket > Miss 2 Pts,Offensive Rebounds (Put Backs),Short,Scoring Attempt,At Basket,Miss 2 Pts,,8,38.1,0.0,0.0,0.0,0.0,0,,,,0.0,,8,0.0,0.0,,,0,8,,8.0,0.0,0.0,8,0,8,0.0,0,0,0.0,0
Kevin Osawe,Montreal Alliance,2025-2026,offense,Play types,Make 2 Pts,5,At Basket,Offensive Rebounds (Put Backs) > Short > Scoring Attempt > At Basket > Make 2 Pts,Offensive Rebounds (Put Backs),Short,Scoring Attempt,At Basket,Make 2 Pts,,6,28.6,2.0,100.0,0.0,0.0,0,,,,100.0,,6,100.0,0.0,,,6,0,,6.0,0.0,100.0,6,6,0,100.0,0,0,0.0,12
Kevin Osawe,Montreal Alliance,2025-2026,offense,Play types,Foul,5,At Basket,Offensive Rebounds (Put Backs) > Short > Scoring Attempt > At Basket > Foul,Offensive Rebounds (Put Backs),Short,Scoring Attempt,At Basket,Foul,,5,23.8,2.0,113.6,0.0,100.0,0,,,,,,0,,100.0,,,0,0,,4.4,,100.0,0,0,0,,0,0,,10
Kevin Osawe,Montreal Alliance,2025-2026,offense,Play types,Make 2 Pts Foul,5,At Basket,Offensive Rebounds (Put Backs) > Short > Scoring Attempt > At Basket > Make 2 Pts Foul,Offensive Rebounds (Put Backs),Short,Scoring Attempt,At Basket,Make 2 Pts Foul,,2,9.5,3.0,104.2,0.0,100.0,0,,,,100.0,,2,100.0,100.0,,,2,0,,2.9,1.0,100.0,2,2,0,100.0,0,0,0.0,6
Kevin Osawe,Montreal Alliance,2025-2026,offense,Play types,Short to < 17,4,Scoring Attempt,Offensive Rebounds (Put Backs) > Short > Scoring Attempt > Short to < 17,Offensive Rebounds (Put Backs),Short,Scoring Attempt,Short to < 17,,,1,4.5,0.0,0.0,0.0,0.0,0,,,,0.0,,1,0.0,0.0,,,0,1,,1.0,0.0,0.0,1,0,1,0.0,0,0,0.0,0
Kevin Osawe,Montreal Alliance,2025-2026,offense,Play types,Miss 2 Pts,5,Short to < 17,Offensive Rebounds (Put Backs) > Short > Scoring Attempt > Short to < 17 > Miss 2 Pts,Offensive Rebounds (Put Backs),Short,Scoring Attempt,Short to < 17,Miss 2 Pts,,1,100.0,0.0,0.0,0.0,0.0,0,,,,0.0,,1,0.0,0.0,,,0,1,,1.0,0.0,0.0,1,0,1,0.0,0,0,0.0,0
Kevin Osawe,Montreal Alliance,2025-2026,offense,Play types,Turnover,3,Short,Offensive Rebounds (Put Backs) > Short > Turnover,Offensive Rebounds (Put Backs),Short,Turnover,,,,2,8.3,0.0,,100.0,0.0,0,,,,,,0,,0.0,,,0,0,,0.0,,0.0,0,0,0,,0,0,,0
Kevin Osawe,Montreal Alliance,2025-2026,offense,Play types,Long,2,Offensive Rebounds (Put Backs),Offensive Rebounds (Put Backs) > Long,Offensive Rebounds (Put Backs),Long,,,,,2,7.7,2.0,113.6,0.0,100.0,0,,,,,,0,,50.0,,,0,0,,1.8,,100.0,0,0,0,,0,0,,4
Kevin Osawe,Montreal Alliance,2025-2026,offense,Play types,Foul,3,Long,Offensive Rebounds (Put Backs) > Long > Foul,Offensive Rebounds (Put Backs),Long,Foul,,,,1,50.0,2.0,113.6,0.0,100.0,0,,,,,,0,,0.0,,,0,0,,0.9,,100.0,0,0,0,,0,0,,2
Kevin Osawe,Montreal Alliance,2025-2026,offense,Play types,Scoring Attempt,3,Long,Offensive Rebounds (Put Backs) > Long > Scoring Attempt,Offensive Rebounds (Put Backs),Long,Scoring Attempt,,,,1,50.0,2.0,113.6,0.0,100.0,0,,,,,,0,,100.0,,,0,0,,0.9,,100.0,0,0,0,,0,0,,2
Kevin Osawe,Montreal Alliance,2025-2026,offense,Play types,At Basket,4,Scoring Attempt,Offensive Rebounds (Put Backs) > Long > Scoring Attempt > At Basket,Offensive Rebounds (Put Backs),Long,Scoring Attempt,At Basket,,,1,100.0,2.0,113.6,0.0,100.0,0,,,,,,0,,100.0,,,0,0,,0.9,,100.0,0,0,0,,0,0,,2
Kevin Osawe,Montreal Alliance,2025-2026,offense,Play types,Foul,5,At Basket,Offensive Rebounds (Put Backs) > Long > Scoring Attempt > At Basket > Foul,Offensive Rebounds (Put Backs),Long,Scoring Attempt,At Basket,Foul,,1,100.0,2.0,113.6,0.0,100.0,0,,,,,,0,,100.0,,,0,0,,0.9,,100.0,0,0,0,,0,0,,2
Kevin Osawe,Montreal Alliance,2025-2026,offense,Play types,Cut,1,,Cut,Cut,,,,,,14,6.1,1.143,58.7,0.0,21.4,0,,Average,41.0,45.5,15.0,11,45.5,21.4,,,5,6,,13.6,0.55,57.1,11,5,6,45.5,0,0,0.0,16
Kevin Osawe,Montreal Alliance,2025-2026,offense,Play types,Basket,2,Cut,Cut > Basket,Cut,Basket,,,,,8,57.1,1.25,64.4,0.0,25.0,0,,,,50.0,,6,50.0,25.0,,,3,3,,7.8,0.67,62.5,6,3,3,50.0,0,0,0.0,10
Kevin Osawe,Montreal Alliance,2025-2026,offense,Play types,Make 2 Pts,3,Basket,Cut > Basket > Make 2 Pts,Cut,Basket,Make 2 Pts,,,,3,37.5,2.0,100.0,0.0,0.0,0,,,,100.0,,3,100.0,0.0,,,3,0,,3.0,0.0,100.0,3,3,0,100.0,0,0,0.0,6
Kevin Osawe,Montreal Alliance,2025-2026,offense,Play types,Miss 2 Pts,3,Basket,Cut > Basket > Miss 2 Pts,Cut,Basket,Miss 2 Pts,,,,3,37.5,0.0,0.0,0.0,0.0,0,,,,0.0,,3,0.0,0.0,,,0,3,,3.0,0.0,0.0,3,0,3,0.0,0,0,0.0,0
Kevin Osawe,Montreal Alliance,2025-2026,offense,Play types,Foul,3,Basket,Cut > Basket > Foul,Cut,Basket,Foul,,,,2,25.0,2.0,113.6,0.0,100.0,0,,,,,,0,,100.0,,,0,0,,1.8,,100.0,0,0,0,,0,0,,4
Kevin Osawe,Montreal Alliance,2025-2026,offense,Play types,Flash,2,Cut,Cut > Flash,Cut,Flash,,,,,6,42.9,1.0,51.0,0.0,16.7,0,,,,40.0,,5,40.0,16.7,,,2,3,,5.9,0.4,50.0,5,2,3,40.0,0,0,0.0,6
Kevin Osawe,Montreal Alliance,2025-2026,offense,Play types,Miss 2 Pts,3,Flash,Cut > Flash > Miss 2 Pts,Cut,Flash,Miss 2 Pts,,,,3,50.0,0.0,0.0,0.0,0.0,0,,,,0.0,,3,0.0,0.0,,,0,3,,3.0,0.0,0.0,3,0,3,0.0,0,0,0.0,0
Kevin Osawe,Montreal Alliance,2025-2026,offense,Play types,Make 2 Pts,3,Flash,Cut > Flash > Make 2 Pts,Cut,Flash,Make 2 Pts,,,,2,33.3,2.0,100.0,0.0,0.0,0,,,,100.0,,2,100.0,0.0,,,2,0,,2.0,0.0,100.0,2,2,0,100.0,0,0,0.0,4
Kevin Osawe,Montreal Alliance,2025-2026,offense,Play types,Foul,3,Flash,Cut > Flash > Foul,Cut,Flash,Foul,,,,1,16.7,2.0,113.6,0.0,100.0,0,,,,,,0,,100.0,,,0,0,,0.9,,100.0,0,0,0,,0,0,,2
Kevin Osawe,Montreal Alliance,2025-2026,offense,Play types,Post-Up,1,,Post-Up,Post-Up,,,,,,10,4.4,0.7,44.4,20.0,10.0,0,,Average,44.0,42.9,11.0,7,42.9,10.0,,,3,4,,7.9,0.29,40.0,7,3,4,42.9,0,0,0.0,7
Kevin Osawe,Montreal Alliance,2025-2026,offense,Play types,Post-Up - Overall,2,Post-Up,Post-Up > Post-Up - Overall,Post-Up,Post-Up - Overall,,,,,10,100.0,0.7,44.4,20.0,10.0,0,,,,42.9,,7,42.9,10.0,,,3,4,,7.9,0.29,40.0,7,3,4,42.9,0,0,0.0,7
Kevin Osawe,Montreal Alliance,2025-2026,offense,Play types,Right Shoulder,3,Post-Up - Overall,Post-Up > Post-Up - Overall > Right Shoulder,Post-Up,Post-Up - Overall,Right Shoulder,,,,4,40.0,0.5,33.3,25.0,0.0,0,,,,33.3,,3,33.3,0.0,,,1,2,,3.0,0.0,25.0,3,1,2,33.3,0,0,0.0,2
Kevin Osawe,Montreal Alliance,2025-2026,offense,Play types,Left Shoulder,3,Post-Up - Overall,Post-Up > Post-Up - Overall > Left Shoulder,Post-Up,Post-Up - Overall,Left Shoulder,,,,3,30.0,0.667,33.3,0.0,0.0,0,,,,33.3,,3,33.3,0.0,,,1,2,,3.0,0.0,33.3,3,1,2,33.3,0,0,0.0,2
Kevin Osawe,Montreal Alliance,2025-2026,offense,Play types,Face-Up,3,Post-Up - Overall,Post-Up > Post-Up - Overall > Face-Up,Post-Up,Post-Up - Overall,Face-Up,,,,2,20.0,1.0,100.0,50.0,0.0,0,,,,100.0,,1,100.0,0.0,,,1,0,,1.0,0.0,50.0,1,1,0,100.0,0,0,0.0,2
Kevin Osawe,Montreal Alliance,2025-2026,offense,Play types,Post Pin,3,Post-Up - Overall,Post-Up > Post-Up - Overall > Post Pin,Post-Up,Post-Up - Overall,Post Pin,,,,1,10.0,1.0,56.8,0.0,100.0,0,,,,,,0,,100.0,,,0,0,,0.9,,100.0,0,0,0,,0,0,,1
Kevin Osawe,Montreal Alliance,2025-2026,offense,Play types,Left Block,2,Post-Up,Post-Up > Left Block,Post-Up,Left Block,,,,,6,60.0,1.0,60.0,16.7,0.0,0,,,,60.0,,5,60.0,0.0,,,3,2,,5.0,0.0,50.0,5,3,2,60.0,0,0,0.0,6
Kevin Osawe,Montreal Alliance,2025-2026,offense,Play types,Left Shoulder,3,Left Block,Post-Up > Left Block > Left Shoulder,Post-Up,Left Block,Left Shoulder,,,,3,50.0,0.667,33.3,0.0,0.0,0,,,,33.3,,3,33.3,0.0,,,1,2,,3.0,0.0,33.3,3,1,2,33.3,0,0,0.0,2
Kevin Osawe,Montreal Alliance,2025-2026,offense,Play types,Dribble Move,4,Left Shoulder,Post-Up > Left Block > Left Shoulder > Dribble Move,Post-Up,Left Block,Left Shoulder,Dribble Move,,,3,100.0,0.667,33.3,0.0,0.0,0,,,,33.3,,3,33.3,0.0,,,1,2,,3.0,0.0,33.3,3,1,2,33.3,0,0,0.0,2
Kevin Osawe,Montreal Alliance,2025-2026,offense,Play types,To Jumper,5,Dribble Move,Post-Up > Left Block > Left Shoulder > Dribble Move > To Jumper,Post-Up,Left Block,Left Shoulder,Dribble Move,To Jumper,,1,33.3,0.0,0.0,0.0,0.0,0,,,,0.0,,1,0.0,0.0,,,0,1,,1.0,0.0,0.0,1,0,1,0.0,0,0,0.0,0
Kevin Osawe,Montreal Alliance,2025-2026,offense,Play types,To Basket,5,Dribble Move,Post-Up > Left Block > Left Shoulder > Dribble Move > To Basket,Post-Up,Left Block,Left Shoulder,Dribble Move,To Basket,,1,33.3,0.0,0.0,0.0,0.0,0,,,,0.0,,1,0.0,0.0,,,0,1,,1.0,0.0,0.0,1,0,1,0.0,0,0,0.0,0
Kevin Osawe,Montreal Alliance,2025-2026,offense,Play types,To Hook,5,Dribble Move,Post-Up > Left Block > Left Shoulder > Dribble Move > To Hook,Post-Up,Left Block,Left Shoulder,Dribble Move,To Hook,,1,33.3,2.0,100.0,0.0,0.0,0,,,,100.0,,1,100.0,0.0,,,1,0,,1.0,0.0,100.0,1,1,0,100.0,0,0,0.0,2
Kevin Osawe,Montreal Alliance,2025-2026,offense,Play types,Face-up,3,Left Block,Post-Up > Left Block > Face-up,Post-Up,Left Block,Face-up,,,,2,33.3,1.0,100.0,50.0,0.0,0,,,,100.0,,1,100.0,0.0,,,1,0,,1.0,0.0,50.0,1,1,0,100.0,0,0,0.0,2
Kevin Osawe,Montreal Alliance,2025-2026,offense,Play types,Drive Middle,4,Face-up,Post-Up > Left Block > Face-up > Drive Middle,Post-Up,Left Block,Face-up,Drive Middle,,,1,50.0,2.0,100.0,0.0,0.0,0,,,,100.0,,1,100.0,0.0,,,1,0,,1.0,0.0,100.0,1,1,0,100.0,0,0,0.0,2
Kevin Osawe,Montreal Alliance,2025-2026,offense,Play types,Make 2 Pts,5,Drive Middle,Post-Up > Left Block > Face-up > Drive Middle > Make 2 Pts,Post-Up,Left Block,Face-up,Drive Middle,Make 2 Pts,,1,100.0,2.0,100.0,0.0,0.0,0,,,,100.0,,1,100.0,0.0,,,1,0,,1.0,0.0,100.0,1,1,0,100.0,0,0,0.0,2
Kevin Osawe,Montreal Alliance,2025-2026,offense,Play types,Defense Commits,4,Face-up,Post-Up > Left Block > Face-up > Defense Commits,Post-Up,Left Block,Face-up,Defense Commits,,,1,50.0,0.0,,100.0,0.0,0,,,,,,0,,0.0,,,0,0,,0.0,,0.0,0,0,0,,0,0,,0
Kevin Osawe,Montreal Alliance,2025-2026,offense,Play types,Turnover,5,Defense Commits,Post-Up > Left Block > Face-up > Defense Commits > Turnover,Post-Up,Left Block,Face-up,Defense Commits,Turnover,,1,100.0,0.0,,100.0,0.0,0,,,,,,0,,0.0,,,0,0,,0.0,,0.0,0,0,0,,0,0,,0
Kevin Osawe,Montreal Alliance,2025-2026,offense,Play types,Right Shoulder,3,Left Block,Post-Up > Left Block > Right Shoulder,Post-Up,Left Block,Right Shoulder,,,,1,16.7,2.0,100.0,0.0,0.0,0,,,,100.0,,1,100.0,0.0,,,1,0,,1.0,0.0,100.0,1,1,0,100.0,0,0,0.0,2
Kevin Osawe,Montreal Alliance,2025-2026,offense,Play types,Dribble Move,4,Right Shoulder,Post-Up > Left Block > Right Shoulder > Dribble Move,Post-Up,Left Block,Right Shoulder,Dribble Move,,,1,100.0,2.0,100.0,0.0,0.0,0,,,,100.0,,1,100.0,0.0,,,1,0,,1.0,0.0,100.0,1,1,0,100.0,0,0,0.0,2
Kevin Osawe,Montreal Alliance,2025-2026,offense,Play types,To Drop Step,5,Dribble Move,Post-Up > Left Block > Right Shoulder > Dribble Move > To Drop Step,Post-Up,Left Block,Right Shoulder,Dribble Move,To Drop Step,,1,100.0,2.0,100.0,0.0,0.0,0,,,,100.0,,1,100.0,0.0,,,1,0,,1.0,0.0,100.0,1,1,0,100.0,0,0,0.0,2
Kevin Osawe,Montreal Alliance,2025-2026,offense,Play types,Right Block,2,Post-Up,Post-Up > Right Block,Post-Up,Right Block,,,,,4,40.0,0.25,17.4,25.0,25.0,0,,,,0.0,,2,0.0,25.0,,,0,2,,2.9,1.0,25.0,2,0,2,0.0,0,0,0.0,1
Kevin Osawe,Montreal Alliance,2025-2026,offense,Play types,Right Shoulder,3,Right Block,Post-Up > Right Block > Right Shoulder,Post-Up,Right Block,Right Shoulder,,,,3,75.0,0.0,0.0,33.3,0.0,0,,,,0.0,,2,0.0,0.0,,,0,2,,2.0,0.0,0.0,2,0,2,0.0,0,0,0.0,0
Kevin Osawe,Montreal Alliance,2025-2026,offense,Play types,Dribble Move,4,Right Shoulder,Post-Up > Right Block > Right Shoulder > Dribble Move,Post-Up,Right Block,Right Shoulder,Dribble Move,,,3,100.0,0.0,0.0,33.3,0.0,0,,,,0.0,,2,0.0,0.0,,,0,2,,2.0,0.0,0.0,2,0,2,0.0,0,0,0.0,0
Kevin Osawe,Montreal Alliance,2025-2026,offense,Play types,Defense Commits,5,Dribble Move,Post-Up > Right Block > Right Shoulder > Dribble Move > Defense Commits,Post-Up,Right Block,Right Shoulder,Dribble Move,Defense Commits,,1,33.3,0.0,,100.0,0.0,0,,,,,,0,,0.0,,,0,0,,0.0,,0.0,0,0,0,,0,0,,0
Kevin Osawe,Montreal Alliance,2025-2026,offense,Play types,To Up and Under,5,Dribble Move,Post-Up > Right Block > Right Shoulder > Dribble Move > To Up and Under,Post-Up,Right Block,Right Shoulder,Dribble Move,To Up and Under,,1,33.3,0.0,0.0,0.0,0.0,0,,,,0.0,,1,0.0,0.0,,,0,1,,1.0,0.0,0.0,1,0,1,0.0,0,0,0.0,0
Kevin Osawe,Montreal Alliance,2025-2026,offense,Play types,To Basket,5,Dribble Move,Post-Up > Right Block > Right Shoulder > Dribble Move > To Basket,Post-Up,Right Block,Right Shoulder,Dribble Move,To Basket,,1,33.3,0.0,0.0,0.0,0.0,0,,,,0.0,,1,0.0,0.0,,,0,1,,1.0,0.0,0.0,1,0,1,0.0,0,0,0.0,0
Kevin Osawe,Montreal Alliance,2025-2026,offense,Play types,Post Pin,3,Right Block,Post-Up > Right Block > Post Pin,Post-Up,Right Block,Post Pin,,,,1,25.0,1.0,56.8,0.0,100.0,0,,,,,,0,,100.0,,,0,0,,0.9,,100.0,0,0,0,,0,0,,1
Kevin Osawe,Montreal Alliance,2025-2026,offense,Play types,No Dribble Move,4,Post Pin,Post-Up > Right Block > Post Pin > No Dribble Move,Post-Up,Right Block,Post Pin,No Dribble Move,,,1,100.0,1.0,56.8,0.0,100.0,0,,,,,,0,,100.0,,,0,0,,0.9,,100.0,0,0,0,,0,0,,1
Kevin Osawe,Montreal Alliance,2025-2026,offense,Play types,To Basket,5,No Dribble Move,Post-Up > Right Block > Post Pin > No Dribble Move > To Basket,Post-Up,Right Block,Post Pin,No Dribble Move,To Basket,,1,100.0,1.0,56.8,0.0,100.0,0,,,,,,0,,100.0,,,0,0,,0.9,,100.0,0,0,0,,0,0,,1
Kevin Osawe,Montreal Alliance,2025-2026,offense,Play types,P&R Ball Handler,1,,P&R Ball Handler,P&R Ball Handler,,,,,,5,2.2,0.4,25.0,20.0,0.0,1,0.0,,,25.0,,4,25.0,0.0,,,1,3,,4.0,0.0,20.0,3,1,2,33.3,0,1,0.25,2
Kevin Osawe,Montreal Alliance,2025-2026,offense,Play types,P&R Ball Handler - Overall,2,P&R Ball Handler,P&R Ball Handler > P&R Ball Handler - Overall,P&R Ball Handler,P&R Ball Handler - Overall,,,,,5,100.0,0.4,25.0,20.0,0.0,1,0.0,,,25.0,,4,25.0,0.0,,,1,3,,4.0,0.0,20.0,3,1,2,33.3,0,1,0.25,2
Kevin Osawe,Montreal Alliance,2025-2026,offense,Play types,Dribble Off Pick,3,P&R Ball Handler - Overall,P&R Ball Handler > P&R Ball Handler - Overall > Dribble Off Pick,P&R Ball Handler,P&R Ball Handler - Overall,Dribble Off Pick,,,,3,60.0,0.667,33.3,0.0,0.0,0,,,,33.3,,3,33.3,0.0,,,1,2,,3.0,0.0,33.3,3,1,2,33.3,0,0,0.0,2
Kevin Osawe,Montreal Alliance,2025-2026,offense,Play types,Go Away from Pick,3,P&R Ball Handler - Overall,P&R Ball Handler > P&R Ball Handler - Overall > Go Away from Pick,P&R Ball Handler,P&R Ball Handler - Overall,Go Away from Pick,,,,2,40.0,0.0,0.0,50.0,0.0,1,0.0,,,0.0,,1,0.0,0.0,,,0,1,,1.0,0.0,0.0,0,0,0,,0,1,1.0,0
Kevin Osawe,Montreal Alliance,2025-2026,offense,Play types,Left P&R,2,P&R Ball Handler,P&R Ball Handler > Left P&R,P&R Ball Handler,Left P&R,,,,,4,80.0,0.0,0.0,25.0,0.0,1,0.0,,,0.0,,3,0.0,0.0,,,0,3,,3.0,0.0,0.0,2,0,2,0.0,0,1,0.33,0
Kevin Osawe,Montreal Alliance,2025-2026,offense,Play types,Side,3,Left P&R,P&R Ball Handler > Left P&R > Side,P&R Ball Handler,Left P&R,Side,,,,3,75.0,0.0,0.0,33.3,0.0,1,0.0,,,0.0,,2,0.0,0.0,,,0,2,,2.0,0.0,0.0,1,0,1,0.0,0,1,0.5,0
Kevin Osawe,Montreal Alliance,2025-2026,offense,Play types,Go Away from Pick,4,Side,P&R Ball Handler > Left P&R > Side > Go Away from Pick,P&R Ball Handler,Left P&R,Side,Go Away from Pick,,,2,66.7,0.0,0.0,50.0,0.0,1,0.0,,,0.0,,1,0.0,0.0,,,0,1,,1.0,0.0,0.0,0,0,0,,0,1,1.0,0
Kevin Osawe,Montreal Alliance,2025-2026,offense,Play types,Dribble Jumper,5,Go Away from Pick,P&R Ball Handler > Left P&R > Side > Go Away from Pick > Dribble Jumper,P&R Ball Handler,Left P&R,Side,Go Away from Pick,Dribble Jumper,,1,50.0,0.0,0.0,0.0,0.0,1,0.0,,,0.0,,1,0.0,0.0,,,0,1,,1.0,0.0,0.0,0,0,0,,0,1,1.0,0
Kevin Osawe,Montreal Alliance,2025-2026,offense,Play types,Defense Commits,5,Go Away from Pick,P&R Ball Handler > Left P&R > Side > Go Away from Pick > Defense Commits,P&R Ball Handler,Left P&R,Side,Go Away from Pick,Defense Commits,,1,50.0,0.0,,100.0,0.0,0,,,,,,0,,0.0,,,0,0,,0.0,,0.0,0,0,0,,0,0,,0
Kevin Osawe,Montreal Alliance,2025-2026,offense,Play types,Dribble Off Pick,4,Side,P&R Ball Handler > Left P&R > Side > Dribble Off Pick,P&R Ball Handler,Left P&R,Side,Dribble Off Pick,,,1,33.3,0.0,0.0,0.0,0.0,0,,,,0.0,,1,0.0,0.0,,,0,1,,1.0,0.0,0.0,1,0,1,0.0,0,0,0.0,0
Kevin Osawe,Montreal Alliance,2025-2026,offense,Play types,Dribble Jumper,5,Dribble Off Pick,P&R Ball Handler > Left P&R > Side > Dribble Off Pick > Dribble Jumper,P&R Ball Handler,Left P&R,Side,Dribble Off Pick,Dribble Jumper,,1,100.0,0.0,0.0,0.0,0.0,0,,,,0.0,,1,0.0,0.0,,,0,1,,1.0,0.0,0.0,1,0,1,0.0,0,0,0.0,0
Kevin Osawe,Montreal Alliance,2025-2026,offense,Play types,Baseline,3,Left P&R,P&R Ball Handler > Left P&R > Baseline,P&R Ball Handler,Left P&R,Baseline,,,,1,25.0,0.0,0.0,0.0,0.0,0,,,,0.0,,1,0.0,0.0,,,0,1,,1.0,0.0,0.0,1,0,1,0.0,0,0,0.0,0
Kevin Osawe,Montreal Alliance,2025-2026,offense,Play types,Dribble Off Pick,4,Baseline,P&R Ball Handler > Left P&R > Baseline > Dribble Off Pick,P&R Ball Handler,Left P&R,Baseline,Dribble Off Pick,,,1,100.0,0.0,0.0,0.0,0.0,0,,,,0.0,,1,0.0,0.0,,,0,1,,1.0,0.0,0.0,1,0,1,0.0,0,0,0.0,0
Kevin Osawe,Montreal Alliance,2025-2026,offense,Play types,Dribble Jumper,5,Dribble Off Pick,P&R Ball Handler > Left P&R > Baseline > Dribble Off Pick > Dribble Jumper,P&R Ball Handler,Left P&R,Baseline,Dribble Off Pick,Dribble Jumper,,1,100.0,0.0,0.0,0.0,0.0,0,,,,0.0,,1,0.0,0.0,,,0,1,,1.0,0.0,0.0,1,0,1,0.0,0,0,0.0,0
Kevin Osawe,Montreal Alliance,2025-2026,offense,Play types,Right P&R,2,P&R Ball Handler,P&R Ball Handler > Right P&R,P&R Ball Handler,Right P&R,,,,,1,20.0,2.0,100.0,0.0,0.0,0,,,,100.0,,1,100.0,0.0,,,1,0,,1.0,0.0,100.0,1,1,0,100.0,0,0,0.0,2
Kevin Osawe,Montreal Alliance,2025-2026,offense,Play types,Side,3,Right P&R,P&R Ball Handler > Right P&R > Side,P&R Ball Handler,Right P&R,Side,,,,1,100.0,2.0,100.0,0.0,0.0,0,,,,100.0,,1,100.0,0.0,,,1,0,,1.0,0.0,100.0,1,1,0,100.0,0,0,0.0,2
Kevin Osawe,Montreal Alliance,2025-2026,offense,Play types,Dribble Off Pick,4,Side,P&R Ball Handler > Right P&R > Side > Dribble Off Pick,P&R Ball Handler,Right P&R,Side,Dribble Off Pick,,,1,100.0,2.0,100.0,0.0,0.0,0,,,,100.0,,1,100.0,0.0,,,1,0,,1.0,0.0,100.0,1,1,0,100.0,0,0,0.0,2
Kevin Osawe,Montreal Alliance,2025-2026,offense,Play types,To Basket,5,Dribble Off Pick,P&R Ball Handler > Right P&R > Side > Dribble Off Pick > To Basket,P&R Ball Handler,Right P&R,Side,Dribble Off Pick,To Basket,,1,100.0,2.0,100.0,0.0,0.0,0,,,,100.0,,1,100.0,0.0,,,1,0,,1.0,0.0,100.0,1,1,0,100.0,0,0,0.0,2
Kevin Osawe,Montreal Alliance,2025-2026,offense,Play types,Miscellaneous Plays,1,,Miscellaneous Plays,Miscellaneous Plays,,,,,,5,2.2,0.8,69.4,40.0,20.0,0,,,,50.0,,2,50.0,0.0,,,1,1,,2.9,1.0,40.0,2,1,1,50.0,0,0,0.0,4
Kevin Osawe,Montreal Alliance,2025-2026,offense,Play types,Turnover,2,Miscellaneous Plays,Miscellaneous Plays > Turnover,Miscellaneous Plays,Turnover,,,,,2,40.0,0.0,,100.0,0.0,0,,,,,,0,,0.0,,,0,0,,0.0,,0.0,0,0,0,,0,0,,0
Kevin Osawe,Montreal Alliance,2025-2026,offense,Play types,To Basket,2,Miscellaneous Plays,Miscellaneous Plays > To Basket,Miscellaneous Plays,To Basket,,,,,2,40.0,1.0,50.0,0.0,0.0,0,,,,50.0,,2,50.0,0.0,,,1,1,,2.0,0.0,50.0,2,1,1,50.0,0,0,0.0,2
Kevin Osawe,Montreal Alliance,2025-2026,offense,Play types,Miss 2 Pts,3,To Basket,Miscellaneous Plays > To Basket > Miss 2 Pts,Miscellaneous Plays,To Basket,Miss 2 Pts,,,,1,50.0,0.0,0.0,0.0,0.0,0,,,,0.0,,1,0.0,0.0,,,0,1,,1.0,0.0,0.0,1,0,1,0.0,0,0,0.0,0
Kevin Osawe,Montreal Alliance,2025-2026,offense,Play types,Make 2 Pts,3,To Basket,Miscellaneous Plays > To Basket > Make 2 Pts,Miscellaneous Plays,To Basket,Make 2 Pts,,,,1,50.0,2.0,100.0,0.0,0.0,0,,,,100.0,,1,100.0,0.0,,,1,0,,1.0,0.0,100.0,1,1,0,100.0,0,0,0.0,2
Kevin Osawe,Montreal Alliance,2025-2026,offense,Play types,Foul,2,Miscellaneous Plays,Miscellaneous Plays > Foul,Miscellaneous Plays,Foul,,,,,1,20.0,2.0,113.6,0.0,100.0,0,,,,,,0,,0.0,,,0,0,,0.9,,100.0,0,0,0,,0,0,,2
Kevin Osawe,Montreal Alliance,2025-2026,offense,Play types,Handoffs,1,,Handoffs,Handoffs,,,,,,4,1.7,0.5,34.7,25.0,25.0,2,0.0,,,0.0,,2,0.0,25.0,,,0,2,,2.9,1.0,25.0,0,0,0,,0,2,1.0,2
Kevin Osawe,Montreal Alliance,2025-2026,offense,Play types,From Stationary,2,Handoffs,Handoffs > From Stationary,Handoffs,From Stationary,,,,,2,50.0,1.0,113.6,50.0,50.0,0,,,,,,0,,50.0,,,0,0,,0.9,,50.0,0,0,0,,0,0,,2
Kevin Osawe,Montreal Alliance,2025-2026,offense,Play types,Left,3,From Stationary,Handoffs > From Stationary > Left,Handoffs,From Stationary,Left,,,,2,100.0,1.0,113.6,50.0,50.0,0,,,,,,0,,50.0,,,0,0,,0.9,,50.0,0,0,0,,0,0,,2
Kevin Osawe,Montreal Alliance,2025-2026,offense,Play types,Turnover,4,Left,Handoffs > From Stationary > Left > Turnover,Handoffs,From Stationary,Left,Turnover,,,1,50.0,0.0,,100.0,0.0,0,,,,,,0,,0.0,,,0,0,,0.0,,0.0,0,0,0,,0,0,,0
Kevin Osawe,Montreal Alliance,2025-2026,offense,Play types,To Basket,4,Left,Handoffs > From Stationary > Left > To Basket,Handoffs,From Stationary,Left,To Basket,,,1,50.0,2.0,113.6,0.0,100.0,0,,,,,,0,,100.0,,,0,0,,0.9,,100.0,0,0,0,,0,0,,2
Kevin Osawe,Montreal Alliance,2025-2026,offense,Play types,Foul,5,To Basket,Handoffs > From Stationary > Left > To Basket > Foul,Handoffs,From Stationary,Left,To Basket,Foul,,1,100.0,2.0,113.6,0.0,100.0,0,,,,,,0,,100.0,,,0,0,,0.9,,100.0,0,0,0,,0,0,,2
Kevin Osawe,Montreal Alliance,2025-2026,offense,Play types,From Dribble,2,Handoffs,Handoffs > From Dribble,Handoffs,From Dribble,,,,,2,50.0,0.0,0.0,0.0,0.0,2,0.0,,,0.0,,2,0.0,0.0,,,0,2,,2.0,0.0,0.0,0,0,0,,0,2,1.0,0
Kevin Osawe,Montreal Alliance,2025-2026,offense,Play types,Right,3,From Dribble,Handoffs > From Dribble > Right,Handoffs,From Dribble,Right,,,,1,50.0,0.0,0.0,0.0,0.0,1,0.0,,,0.0,,1,0.0,0.0,,,0,1,,1.0,0.0,0.0,0,0,0,,0,1,1.0,0
Kevin Osawe,Montreal Alliance,2025-2026,offense,Play types,Dribble Jumper,4,Right,Handoffs > From Dribble > Right > Dribble Jumper,Handoffs,From Dribble,Right,Dribble Jumper,,,1,100.0,0.0,0.0,0.0,0.0,1,0.0,,,0.0,,1,0.0,0.0,,,0,1,,1.0,0.0,0.0,0,0,0,,0,1,1.0,0
Kevin Osawe,Montreal Alliance,2025-2026,offense,Play types,Long/3pt,5,Dribble Jumper,Handoffs > From Dribble > Right > Dribble Jumper > Long/3pt,Handoffs,From Dribble,Right,Dribble Jumper,Long/3pt,,1,100.0,0.0,0.0,0.0,0.0,1,0.0,,,0.0,,1,0.0,0.0,,,0,1,,1.0,0.0,0.0,0,0,0,,0,1,1.0,0
Kevin Osawe,Montreal Alliance,2025-2026,offense,Play types,Left,3,From Dribble,Handoffs > From Dribble > Left,Handoffs,From Dribble,Left,,,,1,50.0,0.0,0.0,0.0,0.0,1,0.0,,,0.0,,1,0.0,0.0,,,0,1,,1.0,0.0,0.0,0,0,0,,0,1,1.0,0
Kevin Osawe,Montreal Alliance,2025-2026,offense,Play types,Dribble Jumper,4,Left,Handoffs > From Dribble > Left > Dribble Jumper,Handoffs,From Dribble,Left,Dribble Jumper,,,1,100.0,0.0,0.0,0.0,0.0,1,0.0,,,0.0,,1,0.0,0.0,,,0,1,,1.0,0.0,0.0,0,0,0,,0,1,1.0,0
Kevin Osawe,Montreal Alliance,2025-2026,offense,Play types,Long/3pt,5,Dribble Jumper,Handoffs > From Dribble > Left > Dribble Jumper > Long/3pt,Handoffs,From Dribble,Left,Dribble Jumper,Long/3pt,,1,100.0,0.0,0.0,0.0,0.0,1,0.0,,,0.0,,1,0.0,0.0,,,0,1,,1.0,0.0,0.0,0,0,0,,0,1,1.0,0
Kevin Osawe,Montreal Alliance,2025-2026,offense,Play types,Off Screen,1,,Off Screen,Off Screen,,,,,,4,1.7,0.5,29.1,25.0,25.0,1,0.0,,,33.3,,3,33.3,25.0,,,1,2,,3.4,0.33,25.0,2,1,1,50.0,0,1,0.33,2
Kevin Osawe,Montreal Alliance,2025-2026,offense,Play types,To Shooter's Left,2,Off Screen,Off Screen > To Shooter's Left,Off Screen,To Shooter's Left,,,,,3,75.0,0.667,29.1,0.0,33.3,1,0.0,,,33.3,,3,33.3,33.3,,,1,2,,3.4,0.33,33.3,2,1,1,50.0,0,1,0.33,2
Kevin Osawe,Montreal Alliance,2025-2026,offense,Play types,Flare,3,To Shooter's Left,Off Screen > To Shooter's Left > Flare,Off Screen,To Shooter's Left,Flare,,,,2,66.7,1.0,41.0,0.0,50.0,0,,,,50.0,,2,50.0,50.0,,,1,1,,2.4,0.5,50.0,2,1,1,50.0,0,0,0.0,2
Kevin Osawe,Montreal Alliance,2025-2026,offense,Play types,To Basket,4,Flare,Off Screen > To Shooter's Left > Flare > To Basket,Off Screen,To Shooter's Left,Flare,To Basket,,,2,100.0,1.0,41.0,0.0,50.0,0,,,,50.0,,2,50.0,50.0,,,1,1,,2.4,0.5,50.0,2,1,1,50.0,0,0,0.0,2
Kevin Osawe,Montreal Alliance,2025-2026,offense,Play types,Make 2 Pts Foul,5,To Basket,Off Screen > To Shooter's Left > Flare > To Basket > Make 2 Pts Foul,Off Screen,To Shooter's Left,Flare,To Basket,Make 2 Pts Foul,,1,50.0,2.0,69.4,0.0,100.0,0,,,,100.0,,1,100.0,100.0,,,1,0,,1.4,1.0,100.0,1,1,0,100.0,0,0,0.0,2
Kevin Osawe,Montreal Alliance,2025-2026,offense,Play types,Miss 2 Pts,5,To Basket,Off Screen > To Shooter's Left > Flare > To Basket > Miss 2 Pts,Off Screen,To Shooter's Left,Flare,To Basket,Miss 2 Pts,,1,50.0,0.0,0.0,0.0,0.0,0,,,,0.0,,1,0.0,0.0,,,0,1,,1.0,0.0,0.0,1,0,1,0.0,0,0,0.0,0
Kevin Osawe,Montreal Alliance,2025-2026,offense,Play types,Straight,3,To Shooter's Left,Off Screen > To Shooter's Left > Straight,Off Screen,To Shooter's Left,Straight,,,,1,33.3,0.0,0.0,0.0,0.0,1,0.0,,,0.0,,1,0.0,0.0,,,0,1,,1.0,0.0,0.0,0,0,0,,0,1,1.0,0
Kevin Osawe,Montreal Alliance,2025-2026,offense,Play types,No Dribble Jumper,4,Straight,Off Screen > To Shooter's Left > Straight > No Dribble Jumper,Off Screen,To Shooter's Left,Straight,No Dribble Jumper,,,1,100.0,0.0,0.0,0.0,0.0,1,0.0,,,0.0,,1,0.0,0.0,,,0,1,,1.0,0.0,0.0,0,0,0,,0,1,1.0,0
Kevin Osawe,Montreal Alliance,2025-2026,offense,Play types,Open,5,No Dribble Jumper,Off Screen > To Shooter's Left > Straight > No Dribble Jumper > Open,Off Screen,To Shooter's Left,Straight,No Dribble Jumper,Open,,1,100.0,0.0,0.0,0.0,0.0,1,0.0,,,0.0,,1,0.0,0.0,,,0,1,,1.0,0.0,0.0,0,0,0,,0,1,1.0,0
Kevin Osawe,Montreal Alliance,2025-2026,offense,Play types,To Shooter's Right,2,Off Screen,Off Screen > To Shooter's Right,Off Screen,To Shooter's Right,,,,,1,25.0,0.0,,100.0,0.0,0,,,,,,0,,0.0,,,0,0,,0.0,,0.0,0,0,0,,0,0,,0
Kevin Osawe,Montreal Alliance,2025-2026,offense,Play types,Straight,3,To Shooter's Right,Off Screen > To Shooter's Right > Straight,Off Screen,To Shooter's Right,Straight,,,,1,100.0,0.0,,100.0,0.0,0,,,,,,0,,0.0,,,0,0,,0.0,,0.0,0,0,0,,0,0,,0
Kevin Osawe,Montreal Alliance,2025-2026,offense,Play types,Turnover,4,Straight,Off Screen > To Shooter's Right > Straight > Turnover,Off Screen,To Shooter's Right,Straight,Turnover,,,1,100.0,0.0,,100.0,0.0,0,,,,,,0,,0.0,,,0,0,,0.0,,0.0,0,0,0,,0,0,,0
Kevin Osawe,Montreal Alliance,2025-2026,offense,Play types,P&R Roll Man,1,,P&R Roll Man,P&R Roll Man,,,,,,2,0.9,0.0,0.0,0.0,0.0,0,,,,0.0,,2,0.0,0.0,,,0,2,,2.0,0.0,0.0,2,0,2,0.0,0,0,0.0,0
Kevin Osawe,Montreal Alliance,2025-2026,offense,Play types,Pick and Pops,2,P&R Roll Man,P&R Roll Man > Pick and Pops,P&R Roll Man,Pick and Pops,,,,,2,100.0,0.0,0.0,0.0,0.0,0,,,,0.0,,2,0.0,0.0,,,0,2,,2.0,0.0,0.0,2,0,2,0.0,0,0,0.0,0
Kevin Osawe,Montreal Alliance,2025-2026,offense,Play types,Drives Right,3,Pick and Pops,P&R Roll Man > Pick and Pops > Drives Right,P&R Roll Man,Pick and Pops,Drives Right,,,,1,50.0,0.0,0.0,0.0,0.0,0,,,,0.0,,1,0.0,0.0,,,0,1,,1.0,0.0,0.0,1,0,1,0.0,0,0,0.0,0
Kevin Osawe,Montreal Alliance,2025-2026,offense,Play types,Dribble Jumper,4,Drives Right,P&R Roll Man > Pick and Pops > Drives Right > Dribble Jumper,P&R Roll Man,Pick and Pops,Drives Right,Dribble Jumper,,,1,100.0,0.0,0.0,0.0,0.0,0,,,,0.0,,1,0.0,0.0,,,0,1,,1.0,0.0,0.0,1,0,1,0.0,0,0,0.0,0
Kevin Osawe,Montreal Alliance,2025-2026,offense,Play types,Medium/17' to 3pt,5,Dribble Jumper,P&R Roll Man > Pick and Pops > Drives Right > Dribble Jumper > Medium/17' to 3pt,P&R Roll Man,Pick and Pops,Drives Right,Dribble Jumper,Medium/17' to 3pt,,1,100.0,0.0,0.0,0.0,0.0,0,,,,0.0,,1,0.0,0.0,,,0,1,,1.0,0.0,0.0,1,0,1,0.0,0,0,0.0,0
Kevin Osawe,Montreal Alliance,2025-2026,offense,Play types,No Dribble Jumper,3,Pick and Pops,P&R Roll Man > Pick and Pops > No Dribble Jumper,P&R Roll Man,Pick and Pops,No Dribble Jumper,,,,1,50.0,0.0,0.0,0.0,0.0,0,,,,0.0,,1,0.0,0.0,,,0,1,,1.0,0.0,0.0,1,0,1,0.0,0,0,0.0,0
Kevin Osawe,Montreal Alliance,2025-2026,offense,Play types,Guarded,4,No Dribble Jumper,P&R Roll Man > Pick and Pops > No Dribble Jumper > Guarded,P&R Roll Man,Pick and Pops,No Dribble Jumper,Guarded,,,1,100.0,0.0,0.0,0.0,0.0,0,,,,0.0,,1,0.0,0.0,,,0,1,,1.0,0.0,0.0,1,0,1,0.0,0,0,0.0,0
Kevin Osawe,Montreal Alliance,2025-2026,offense,Play types,Medium/17' to 3pt,5,Guarded,P&R Roll Man > Pick and Pops > No Dribble Jumper > Guarded > Medium/17' to 3pt,P&R Roll Man,Pick and Pops,No Dribble Jumper,Guarded,Medium/17' to 3pt,,1,100.0,0.0,0.0,0.0,0.0,0,,,,0.0,,1,0.0,0.0,,,0,1,,1.0,0.0,0.0,1,0,1,0.0,0,0,0.0,0
Kevin Osawe,Montreal Alliance,2025-2026,offense,Overall Drive Direction,Overall,1,,Overall,Overall,,,,,,64,27.9,0.906,49.9,9.4,6.3,4,50.0,,,45.5,,55,47.3,6.3,,,25,30,,58.1,0.13,43.8,51,23,28,45.1,2,2,0.07,58
Kevin Osawe,Montreal Alliance,2025-2026,offense,Overall Drive Direction,Drives Left,2,Overall,Overall > Drives Left,Overall,Drives Left,,,,,36,56.3,0.722,40.6,11.1,0.0,2,0.0,,,40.6,,32,40.6,0.0,,,13,19,,32.0,0.0,36.1,30,13,17,43.3,0,2,0.06,26
Kevin Osawe,Montreal Alliance,2025-2026,offense,Overall Drive Direction,To Basket,3,Drives Left,Overall > Drives Left > To Basket,Overall,Drives Left,To Basket,,,,24,66.7,0.833,43.5,4.2,0.0,0,,,,43.5,,23,43.5,0.0,,,10,13,,23.0,0.0,41.7,23,10,13,43.5,0,0,0.0,20
Kevin Osawe,Montreal Alliance,2025-2026,offense,Overall Drive Direction,Dribble Jumper,3,Drives Left,Overall > Drives Left > Dribble Jumper,Overall,Drives Left,Dribble Jumper,,,,9,25.0,0.667,33.3,0.0,0.0,2,0.0,,,33.3,,9,33.3,0.0,,,3,6,,9.0,0.0,33.3,7,3,4,42.9,0,2,0.22,6
Kevin Osawe,Montreal Alliance,2025-2026,offense,Overall Drive Direction,Turnover,3,Drives Left,Overall > Drives Left > Turnover,Overall,Drives Left,Turnover,,,,3,8.3,0.0,,100.0,0.0,0,,,,,,0,,0.0,,,0,0,,0.0,,0.0,0,0,0,,0,0,,0
Kevin Osawe,Montreal Alliance,2025-2026,offense,Overall Drive Direction,Foul,3,Drives Left,Overall > Drives Left > Foul,Overall,Drives Left,Foul,,,,0,0.0,,,,,0,,,,,,0,,,,,0,0,,0.0,,,0,0,0,,0,0,,0
Kevin Osawe,Montreal Alliance,2025-2026,offense,Overall Drive Direction,Defense Commits,3,Drives Left,Overall > Drives Left > Defense Commits,Overall,Drives Left,Defense Commits,,,,0,0.0,,,,,0,,,,,,0,,,,,0,0,,0.0,,,0,0,0,,0,0,,0
Kevin Osawe,Montreal Alliance,2025-2026,offense,Overall Drive Direction,Drives Right,2,Overall,Overall > Drives Right,Overall,Drives Right,,,,,23,35.9,1.261,65.7,4.3,17.4,1,100.0,,,57.9,,19,60.5,17.4,,,11,8,,22.1,0.37,60.9,18,10,8,55.6,1,0,0.05,29
Kevin Osawe,Montreal Alliance,2025-2026,offense,Overall Drive Direction,To Basket,3,Drives Right,Overall > Drives Right > To Basket,Overall,Drives Right,To Basket,,,,13,56.5,1.385,68.8,0.0,30.8,0,,,,60.0,,10,60.0,30.8,,,6,4,,13.1,0.7,69.2,10,6,4,60.0,0,0,0.0,18
Kevin Osawe,Montreal Alliance,2025-2026,offense,Overall Drive Direction,Dribble Jumper,3,Drives Right,Overall > Drives Right > Dribble Jumper,Overall,Drives Right,Dribble Jumper,,,,9,39.1,1.222,61.1,0.0,0.0,1,100.0,,,55.6,,9,61.1,0.0,,,5,4,,9.0,0.0,55.6,8,4,4,50.0,1,0,0.11,11
Kevin Osawe,Montreal Alliance,2025-2026,offense,Overall Drive Direction,Turnover,3,Drives Right,Overall > Drives Right > Turnover,Overall,Drives Right,Turnover,,,,1,4.3,0.0,,100.0,0.0,0,,,,,,0,,0.0,,,0,0,,0.0,,0.0,0,0,0,,0,0,,0
Kevin Osawe,Montreal Alliance,2025-2026,offense,Overall Drive Direction,Foul,3,Drives Right,Overall > Drives Right > Foul,Overall,Drives Right,Foul,,,,0,0.0,,,,,0,,,,,,0,,,,,0,0,,0.0,,,0,0,0,,0,0,,0
Kevin Osawe,Montreal Alliance,2025-2026,offense,Overall Drive Direction,Defense Commits,3,Drives Right,Overall > Drives Right > Defense Commits,Overall,Drives Right,Defense Commits,,,,0,0.0,,,,,0,,,,,,0,,,,,0,0,,0.0,,,0,0,0,,0,0,,0
Kevin Osawe,Montreal Alliance,2025-2026,offense,Overall Drive Direction,Drives Straight,2,Overall,Overall > Drives Straight,Overall,Drives Straight,,,,,5,7.8,0.6,37.5,20.0,0.0,1,100.0,,,25.0,,4,37.5,0.0,,,1,3,,4.0,0.0,20.0,3,0,3,0.0,1,0,0.25,3
Kevin Osawe,Montreal Alliance,2025-2026,offense,Overall Drive Direction,To Basket,3,Drives Straight,Overall > Drives Straight > To Basket,Overall,Drives Straight,To Basket,,,,3,60.0,0.0,0.0,33.3,0.0,0,,,,0.0,,2,0.0,0.0,,,0,2,,2.0,0.0,0.0,2,0,2,0.0,0,0,0.0,0
Kevin Osawe,Montreal Alliance,2025-2026,offense,Overall Drive Direction,Dribble Jumper,3,Drives Straight,Overall > Drives Straight > Dribble Jumper,Overall,Drives Straight,Dribble Jumper,,,,2,40.0,1.5,75.0,0.0,0.0,1,100.0,,,50.0,,2,75.0,0.0,,,1,1,,2.0,0.0,50.0,1,0,1,0.0,1,0,0.5,3
Kevin Osawe,Montreal Alliance,2025-2026,offense,Overall Drive Direction,Turnover,3,Drives Straight,Overall > Drives Straight > Turnover,Overall,Drives Straight,Turnover,,,,0,0.0,,,,,0,,,,,,0,,,,,0,0,,0.0,,,0,0,0,,0,0,,0
Kevin Osawe,Montreal Alliance,2025-2026,offense,Overall Drive Direction,Foul,3,Drives Straight,Overall > Drives Straight > Foul,Overall,Drives Straight,Foul,,,,0,0.0,,,,,0,,,,,,0,,,,,0,0,,0.0,,,0,0,0,,0,0,,0
Kevin Osawe,Montreal Alliance,2025-2026,offense,Overall Drive Direction,Defense Commits,3,Drives Straight,Overall > Drives Straight > Defense Commits,Overall,Drives Straight,Defense Commits,,,,0,0.0,,,,,0,,,,,,0,,,,,0,0,,0.0,,,0,0,0,,0,0,,0
Kevin Osawe,Montreal Alliance,2025-2026,offense,P&R ball handler,P&R Including Passes,1,,P&R Including Passes,P&R Including Passes,,,,,,12,6.2,0.917,55.0,16.7,0.0,4,75.0,Good,56.0,40.0,0.0,10,55.0,0.0,,,4,6,,10.0,0.0,33.3,6,1,5,16.7,3,1,0.4,11
Kevin Osawe,Montreal Alliance,2025-2026,offense,P&R ball handler,P&R Ball Handler,2,P&R Including Passes,P&R Including Passes > P&R Ball Handler,P&R Including Passes,P&R Ball Handler,,,,,5,41.7,0.4,25.0,20.0,0.0,1,0.0,,,25.0,,4,25.0,0.0,,,1,3,,4.0,0.0,20.0,3,1,2,33.3,0,1,0.25,2
Kevin Osawe,Montreal Alliance,2025-2026,offense,P&R ball handler,Left P&R,3,P&R Ball Handler,P&R Including Passes > P&R Ball Handler > Left P&R,P&R Including Passes,P&R Ball Handler,Left P&R,,,,4,80.0,0.0,0.0,25.0,0.0,1,0.0,,,0.0,,3,0.0,0.0,,,0,3,,3.0,0.0,0.0,2,0,2,0.0,0,1,0.33,0
Kevin Osawe,Montreal Alliance,2025-2026,offense,P&R ball handler,Side,4,Left P&R,P&R Including Passes > P&R Ball Handler > Left P&R > Side,P&R Including Passes,P&R Ball Handler,Left P&R,Side,,,3,75.0,0.0,0.0,33.3,0.0,1,0.0,,,0.0,,2,0.0,0.0,,,0,2,,2.0,0.0,0.0,1,0,1,0.0,0,1,0.5,0
Kevin Osawe,Montreal Alliance,2025-2026,offense,P&R ball handler,Go Away from Pick,5,Side,P&R Including Passes > P&R Ball Handler > Left P&R > Side > Go Away from Pick,P&R Including Passes,P&R Ball Handler,Left P&R,Side,Go Away from Pick,,2,66.7,0.0,0.0,50.0,0.0,1,0.0,,,0.0,,1,0.0,0.0,,,0,1,,1.0,0.0,0.0,0,0,0,,0,1,1.0,0
Kevin Osawe,Montreal Alliance,2025-2026,offense,P&R ball handler,Dribble Jumper,6,Go Away from Pick,P&R Including Passes > P&R Ball Handler > Left P&R > Side > Go Away from Pick > Dribble Jumper,P&R Including Passes,P&R Ball Handler,Left P&R,Side,Go Away from Pick,Dribble Jumper,1,50.0,0.0,0.0,0.0,0.0,1,0.0,,,0.0,,1,0.0,0.0,,,0,1,,1.0,0.0,0.0,0,0,0,,0,1,1.0,0
Kevin Osawe,Montreal Alliance,2025-2026,offense,P&R ball handler,Defense Commits,6,Go Away from Pick,P&R Including Passes > P&R Ball Handler > Left P&R > Side > Go Away from Pick > Defense Commits,P&R Including Passes,P&R Ball Handler,Left P&R,Side,Go Away from Pick,Defense Commits,1,50.0,0.0,,100.0,0.0,0,,,,,,0,,0.0,,,0,0,,0.0,,0.0,0,0,0,,0,0,,0
Kevin Osawe,Montreal Alliance,2025-2026,offense,P&R ball handler,Dribble Off Pick,5,Side,P&R Including Passes > P&R Ball Handler > Left P&R > Side > Dribble Off Pick,P&R Including Passes,P&R Ball Handler,Left P&R,Side,Dribble Off Pick,,1,33.3,0.0,0.0,0.0,0.0,0,,,,0.0,,1,0.0,0.0,,,0,1,,1.0,0.0,0.0,1,0,1,0.0,0,0,0.0,0
Kevin Osawe,Montreal Alliance,2025-2026,offense,P&R ball handler,Dribble Jumper,6,Dribble Off Pick,P&R Including Passes > P&R Ball Handler > Left P&R > Side > Dribble Off Pick > Dribble Jumper,P&R Including Passes,P&R Ball Handler,Left P&R,Side,Dribble Off Pick,Dribble Jumper,1,100.0,0.0,0.0,0.0,0.0,0,,,,0.0,,1,0.0,0.0,,,0,1,,1.0,0.0,0.0,1,0,1,0.0,0,0,0.0,0
Kevin Osawe,Montreal Alliance,2025-2026,offense,P&R ball handler,Baseline,4,Left P&R,P&R Including Passes > P&R Ball Handler > Left P&R > Baseline,P&R Including Passes,P&R Ball Handler,Left P&R,Baseline,,,1,25.0,0.0,0.0,0.0,0.0,0,,,,0.0,,1,0.0,0.0,,,0,1,,1.0,0.0,0.0,1,0,1,0.0,0,0,0.0,0
Kevin Osawe,Montreal Alliance,2025-2026,offense,P&R ball handler,Dribble Off Pick,5,Baseline,P&R Including Passes > P&R Ball Handler > Left P&R > Baseline > Dribble Off Pick,P&R Including Passes,P&R Ball Handler,Left P&R,Baseline,Dribble Off Pick,,1,100.0,0.0,0.0,0.0,0.0,0,,,,0.0,,1,0.0,0.0,,,0,1,,1.0,0.0,0.0,1,0,1,0.0,0,0,0.0,0
Kevin Osawe,Montreal Alliance,2025-2026,offense,P&R ball handler,Dribble Jumper,6,Dribble Off Pick,P&R Including Passes > P&R Ball Handler > Left P&R > Baseline > Dribble Off Pick > Dribble Jumper,P&R Including Passes,P&R Ball Handler,Left P&R,Baseline,Dribble Off Pick,Dribble Jumper,1,100.0,0.0,0.0,0.0,0.0,0,,,,0.0,,1,0.0,0.0,,,0,1,,1.0,0.0,0.0,1,0,1,0.0,0,0,0.0,0
Kevin Osawe,Montreal Alliance,2025-2026,offense,P&R ball handler,Right P&R,3,P&R Ball Handler,P&R Including Passes > P&R Ball Handler > Right P&R,P&R Including Passes,P&R Ball Handler,Right P&R,,,,1,20.0,2.0,100.0,0.0,0.0,0,,,,100.0,,1,100.0,0.0,,,1,0,,1.0,0.0,100.0,1,1,0,100.0,0,0,0.0,2
Kevin Osawe,Montreal Alliance,2025-2026,offense,P&R ball handler,Side,4,Right P&R,P&R Including Passes > P&R Ball Handler > Right P&R > Side,P&R Including Passes,P&R Ball Handler,Right P&R,Side,,,1,100.0,2.0,100.0,0.0,0.0,0,,,,100.0,,1,100.0,0.0,,,1,0,,1.0,0.0,100.0,1,1,0,100.0,0,0,0.0,2
Kevin Osawe,Montreal Alliance,2025-2026,offense,P&R ball handler,Dribble Off Pick,5,Side,P&R Including Passes > P&R Ball Handler > Right P&R > Side > Dribble Off Pick,P&R Including Passes,P&R Ball Handler,Right P&R,Side,Dribble Off Pick,,1,100.0,2.0,100.0,0.0,0.0,0,,,,100.0,,1,100.0,0.0,,,1,0,,1.0,0.0,100.0,1,1,0,100.0,0,0,0.0,2
Kevin Osawe,Montreal Alliance,2025-2026,offense,P&R ball handler,To Basket,6,Dribble Off Pick,P&R Including Passes > P&R Ball Handler > Right P&R > Side > Dribble Off Pick > To Basket,P&R Including Passes,P&R Ball Handler,Right P&R,Side,Dribble Off Pick,To Basket,1,100.0,2.0,100.0,0.0,0.0,0,,,,100.0,,1,100.0,0.0,,,1,0,,1.0,0.0,100.0,1,1,0,100.0,0,0,0.0,2
Kevin Osawe,Montreal Alliance,2025-2026,offense,P&R ball handler,Spot-Up,2,P&R Including Passes,P&R Including Passes > Spot-Up,P&R Including Passes,Spot-Up,,,,,4,33.3,1.5,75.0,0.0,0.0,2,100.0,,,50.0,,4,75.0,0.0,,,2,2,,4.0,0.0,50.0,2,0,2,0.0,2,0,0.5,6
Kevin Osawe,Montreal Alliance,2025-2026,offense,P&R ball handler,Drives Right,3,Spot-Up,P&R Including Passes > Spot-Up > Drives Right,P&R Including Passes,Spot-Up,Drives Right,,,,2,50.0,0.0,0.0,0.0,0.0,0,,,,0.0,,2,0.0,0.0,,,0,2,,2.0,0.0,0.0,2,0,2,0.0,0,0,0.0,0
Kevin Osawe,Montreal Alliance,2025-2026,offense,P&R ball handler,To Basket,4,Drives Right,P&R Including Passes > Spot-Up > Drives Right > To Basket,P&R Including Passes,Spot-Up,Drives Right,To Basket,,,2,100.0,0.0,0.0,0.0,0.0,0,,,,0.0,,2,0.0,0.0,,,0,2,,2.0,0.0,0.0,2,0,2,0.0,0,0,0.0,0
Kevin Osawe,Montreal Alliance,2025-2026,offense,P&R ball handler,Miss 2 Pts,5,To Basket,P&R Including Passes > Spot-Up > Drives Right > To Basket > Miss 2 Pts,P&R Including Passes,Spot-Up,Drives Right,To Basket,Miss 2 Pts,,2,100.0,0.0,0.0,0.0,0.0,0,,,,0.0,,2,0.0,0.0,,,0,2,,2.0,0.0,0.0,2,0,2,0.0,0,0,0.0,0
Kevin Osawe,Montreal Alliance,2025-2026,offense,P&R ball handler,No Dribble Jumper,3,Spot-Up,P&R Including Passes > Spot-Up > No Dribble Jumper,P&R Including Passes,Spot-Up,No Dribble Jumper,,,,1,25.0,3.0,150.0,0.0,0.0,1,100.0,,,100.0,,1,150.0,0.0,,,1,0,,1.0,0.0,100.0,0,0,0,,1,0,1.0,3
Kevin Osawe,Montreal Alliance,2025-2026,offense,P&R ball handler,Guarded,4,No Dribble Jumper,P&R Including Passes > Spot-Up > No Dribble Jumper > Guarded,P&R Including Passes,Spot-Up,No Dribble Jumper,Guarded,,,1,100.0,3.0,150.0,0.0,0.0,1,100.0,,,100.0,,1,150.0,0.0,,,1,0,,1.0,0.0,100.0,0,0,0,,1,0,1.0,3
Kevin Osawe,Montreal Alliance,2025-2026,offense,P&R ball handler,Long/3pt,5,Guarded,P&R Including Passes > Spot-Up > No Dribble Jumper > Guarded > Long/3pt,P&R Including Passes,Spot-Up,No Dribble Jumper,Guarded,Long/3pt,,1,100.0,3.0,150.0,0.0,0.0,1,100.0,,,100.0,,1,150.0,0.0,,,1,0,,1.0,0.0,100.0,0,0,0,,1,0,1.0,3
Kevin Osawe,Montreal Alliance,2025-2026,offense,P&R ball handler,Make 3 Pts,6,Long/3pt,P&R Including Passes > Spot-Up > No Dribble Jumper > Guarded > Long/3pt > Make 3 Pts,P&R Including Passes,Spot-Up,No Dribble Jumper,Guarded,Long/3pt,Make 3 Pts,1,100.0,3.0,150.0,0.0,0.0,1,100.0,,,100.0,,1,150.0,0.0,,,1,0,,1.0,0.0,100.0,0,0,0,,1,0,1.0,3
Kevin Osawe,Montreal Alliance,2025-2026,offense,P&R ball handler,Drives Left,3,Spot-Up,P&R Including Passes > Spot-Up > Drives Left,P&R Including Passes,Spot-Up,Drives Left,,,,1,25.0,3.0,150.0,0.0,0.0,1,100.0,,,100.0,,1,150.0,0.0,,,1,0,,1.0,0.0,100.0,0,0,0,,1,0,1.0,3
Kevin Osawe,Montreal Alliance,2025-2026,offense,P&R ball handler,Dribble Jumper,4,Drives Left,P&R Including Passes > Spot-Up > Drives Left > Dribble Jumper,P&R Including Passes,Spot-Up,Drives Left,Dribble Jumper,,,1,100.0,3.0,150.0,0.0,0.0,1,100.0,,,100.0,,1,150.0,0.0,,,1,0,,1.0,0.0,100.0,0,0,0,,1,0,1.0,3
Kevin Osawe,Montreal Alliance,2025-2026,offense,P&R ball handler,Long/3pt,5,Dribble Jumper,P&R Including Passes > Spot-Up > Drives Left > Dribble Jumper > Long/3pt,P&R Including Passes,Spot-Up,Drives Left,Dribble Jumper,Long/3pt,,1,100.0,3.0,150.0,0.0,0.0,1,100.0,,,100.0,,1,150.0,0.0,,,1,0,,1.0,0.0,100.0,0,0,0,,1,0,1.0,3
Kevin Osawe,Montreal Alliance,2025-2026,offense,P&R ball handler,Make 3 Pts,6,Long/3pt,P&R Including Passes > Spot-Up > Drives Left > Dribble Jumper > Long/3pt > Make 3 Pts,P&R Including Passes,Spot-Up,Drives Left,Dribble Jumper,Long/3pt,Make 3 Pts,1,100.0,3.0,150.0,0.0,0.0,1,100.0,,,100.0,,1,150.0,0.0,,,1,0,,1.0,0.0,100.0,0,0,0,,1,0,1.0,3
Kevin Osawe,Montreal Alliance,2025-2026,offense,P&R ball handler,P&R Roll Man,2,P&R Including Passes,P&R Including Passes > P&R Roll Man,P&R Including Passes,P&R Roll Man,,,,,3,25.0,1.0,75.0,33.3,0.0,1,100.0,,,50.0,,2,75.0,0.0,,,1,1,,2.0,0.0,33.3,1,0,1,0.0,1,0,0.5,3
Kevin Osawe,Montreal Alliance,2025-2026,offense,P&R ball handler,Pick and Pops,3,P&R Roll Man,P&R Including Passes > P&R Roll Man > Pick and Pops,P&R Including Passes,P&R Roll Man,Pick and Pops,,,,2,66.7,1.5,150.0,50.0,0.0,1,100.0,,,100.0,,1,150.0,0.0,,,1,0,,1.0,0.0,50.0,0,0,0,,1,0,1.0,3
Kevin Osawe,Montreal Alliance,2025-2026,offense,P&R ball handler,Drives Left,4,Pick and Pops,P&R Including Passes > P&R Roll Man > Pick and Pops > Drives Left,P&R Including Passes,P&R Roll Man,Pick and Pops,Drives Left,,,1,50.0,0.0,,100.0,0.0,0,,,,,,0,,0.0,,,0,0,,0.0,,0.0,0,0,0,,0,0,,0
Kevin Osawe,Montreal Alliance,2025-2026,offense,P&R ball handler,Turnover,5,Drives Left,P&R Including Passes > P&R Roll Man > Pick and Pops > Drives Left > Turnover,P&R Including Passes,P&R Roll Man,Pick and Pops,Drives Left,Turnover,,1,100.0,0.0,,100.0,0.0,0,,,,,,0,,0.0,,,0,0,,0.0,,0.0,0,0,0,,0,0,,0
Kevin Osawe,Montreal Alliance,2025-2026,offense,P&R ball handler,No Dribble Jumper,4,Pick and Pops,P&R Including Passes > P&R Roll Man > Pick and Pops > No Dribble Jumper,P&R Including Passes,P&R Roll Man,Pick and Pops,No Dribble Jumper,,,1,50.0,3.0,150.0,0.0,0.0,1,100.0,,,100.0,,1,150.0,0.0,,,1,0,,1.0,0.0,100.0,0,0,0,,1,0,1.0,3
Kevin Osawe,Montreal Alliance,2025-2026,offense,P&R ball handler,Guarded,5,No Dribble Jumper,P&R Including Passes > P&R Roll Man > Pick and Pops > No Dribble Jumper > Guarded,P&R Including Passes,P&R Roll Man,Pick and Pops,No Dribble Jumper,Guarded,,1,100.0,3.0,150.0,0.0,0.0,1,100.0,,,100.0,,1,150.0,0.0,,,1,0,,1.0,0.0,100.0,0,0,0,,1,0,1.0,3
Kevin Osawe,Montreal Alliance,2025-2026,offense,P&R ball handler,Long/3pt,6,Guarded,P&R Including Passes > P&R Roll Man > Pick and Pops > No Dribble Jumper > Guarded > Long/3pt,P&R Including Passes,P&R Roll Man,Pick and Pops,No Dribble Jumper,Guarded,Long/3pt,1,100.0,3.0,150.0,0.0,0.0,1,100.0,,,100.0,,1,150.0,0.0,,,1,0,,1.0,0.0,100.0,0,0,0,,1,0,1.0,3
Kevin Osawe,Montreal Alliance,2025-2026,offense,P&R ball handler,Rolls to Basket,3,P&R Roll Man,P&R Including Passes > P&R Roll Man > Rolls to Basket,P&R Including Passes,P&R Roll Man,Rolls to Basket,,,,1,33.3,0.0,0.0,0.0,0.0,0,,,,0.0,,1,0.0,0.0,,,0,1,,1.0,0.0,0.0,1,0,1,0.0,0,0,0.0,0
Kevin Osawe,Montreal Alliance,2025-2026,offense,P&R ball handler,Miss 2 Pts,4,Rolls to Basket,P&R Including Passes > P&R Roll Man > Rolls to Basket > Miss 2 Pts,P&R Including Passes,P&R Roll Man,Rolls to Basket,Miss 2 Pts,,,1,100.0,0.0,0.0,0.0,0.0,0,,,,0.0,,1,0.0,0.0,,,0,1,,1.0,0.0,0.0,1,0,1,0.0,0,0,0.0,0
Kevin Osawe,Montreal Alliance,2025-2026,offense,P&R ball handler,P&R BH - Defense Commits,1,,P&R BH - Defense Commits,P&R BH - Defense Commits,,,,,,8,4.1,1.125,75.0,25.0,0.0,3,100.0,,,50.0,,6,75.0,0.0,,,3,3,,6.0,0.0,37.5,3,0,3,0.0,3,0,0.5,9
Kevin Osawe,Montreal Alliance,2025-2026,offense,P&R ball handler,Spot-Up,2,P&R BH - Defense Commits,P&R BH - Defense Commits > Spot-Up,P&R BH - Defense Commits,Spot-Up,,,,,4,50.0,1.5,75.0,0.0,0.0,2,100.0,,,50.0,,4,75.0,0.0,,,2,2,,4.0,0.0,50.0,2,0,2,0.0,2,0,0.5,6
Kevin Osawe,Montreal Alliance,2025-2026,offense,P&R ball handler,Drives Right,3,Spot-Up,P&R BH - Defense Commits > Spot-Up > Drives Right,P&R BH - Defense Commits,Spot-Up,Drives Right,,,,2,50.0,0.0,0.0,0.0,0.0,0,,,,0.0,,2,0.0,0.0,,,0,2,,2.0,0.0,0.0,2,0,2,0.0,0,0,0.0,0
Kevin Osawe,Montreal Alliance,2025-2026,offense,P&R ball handler,To Basket,4,Drives Right,P&R BH - Defense Commits > Spot-Up > Drives Right > To Basket,P&R BH - Defense Commits,Spot-Up,Drives Right,To Basket,,,2,100.0,0.0,0.0,0.0,0.0,0,,,,0.0,,2,0.0,0.0,,,0,2,,2.0,0.0,0.0,2,0,2,0.0,0,0,0.0,0
Kevin Osawe,Montreal Alliance,2025-2026,offense,P&R ball handler,Miss 2 Pts,5,To Basket,P&R BH - Defense Commits > Spot-Up > Drives Right > To Basket > Miss 2 Pts,P&R BH - Defense Commits,Spot-Up,Drives Right,To Basket,Miss 2 Pts,,2,100.0,0.0,0.0,0.0,0.0,0,,,,0.0,,2,0.0,0.0,,,0,2,,2.0,0.0,0.0,2,0,2,0.0,0,0,0.0,0
Kevin Osawe,Montreal Alliance,2025-2026,offense,P&R ball handler,No Dribble Jumper,3,Spot-Up,P&R BH - Defense Commits > Spot-Up > No Dribble Jumper,P&R BH - Defense Commits,Spot-Up,No Dribble Jumper,,,,1,25.0,3.0,150.0,0.0,0.0,1,100.0,,,100.0,,1,150.0,0.0,,,1,0,,1.0,0.0,100.0,0,0,0,,1,0,1.0,3
Kevin Osawe,Montreal Alliance,2025-2026,offense,P&R ball handler,Guarded,4,No Dribble Jumper,P&R BH - Defense Commits > Spot-Up > No Dribble Jumper > Guarded,P&R BH - Defense Commits,Spot-Up,No Dribble Jumper,Guarded,,,1,100.0,3.0,150.0,0.0,0.0,1,100.0,,,100.0,,1,150.0,0.0,,,1,0,,1.0,0.0,100.0,0,0,0,,1,0,1.0,3
Kevin Osawe,Montreal Alliance,2025-2026,offense,P&R ball handler,Long/3pt,5,Guarded,P&R BH - Defense Commits > Spot-Up > No Dribble Jumper > Guarded > Long/3pt,P&R BH - Defense Commits,Spot-Up,No Dribble Jumper,Guarded,Long/3pt,,1,100.0,3.0,150.0,0.0,0.0,1,100.0,,,100.0,,1,150.0,0.0,,,1,0,,1.0,0.0,100.0,0,0,0,,1,0,1.0,3
Kevin Osawe,Montreal Alliance,2025-2026,offense,P&R ball handler,Make 3 Pts,6,Long/3pt,P&R BH - Defense Commits > Spot-Up > No Dribble Jumper > Guarded > Long/3pt > Make 3 Pts,P&R BH - Defense Commits,Spot-Up,No Dribble Jumper,Guarded,Long/3pt,Make 3 Pts,1,100.0,3.0,150.0,0.0,0.0,1,100.0,,,100.0,,1,150.0,0.0,,,1,0,,1.0,0.0,100.0,0,0,0,,1,0,1.0,3
Kevin Osawe,Montreal Alliance,2025-2026,offense,P&R ball handler,Drives Left,3,Spot-Up,P&R BH - Defense Commits > Spot-Up > Drives Left,P&R BH - Defense Commits,Spot-Up,Drives Left,,,,1,25.0,3.0,150.0,0.0,0.0,1,100.0,,,100.0,,1,150.0,0.0,,,1,0,,1.0,0.0,100.0,0,0,0,,1,0,1.0,3
Kevin Osawe,Montreal Alliance,2025-2026,offense,P&R ball handler,Dribble Jumper,4,Drives Left,P&R BH - Defense Commits > Spot-Up > Drives Left > Dribble Jumper,P&R BH - Defense Commits,Spot-Up,Drives Left,Dribble Jumper,,,1,100.0,3.0,150.0,0.0,0.0,1,100.0,,,100.0,,1,150.0,0.0,,,1,0,,1.0,0.0,100.0,0,0,0,,1,0,1.0,3
Kevin Osawe,Montreal Alliance,2025-2026,offense,P&R ball handler,Long/3pt,5,Dribble Jumper,P&R BH - Defense Commits > Spot-Up > Drives Left > Dribble Jumper > Long/3pt,P&R BH - Defense Commits,Spot-Up,Drives Left,Dribble Jumper,Long/3pt,,1,100.0,3.0,150.0,0.0,0.0,1,100.0,,,100.0,,1,150.0,0.0,,,1,0,,1.0,0.0,100.0,0,0,0,,1,0,1.0,3
Kevin Osawe,Montreal Alliance,2025-2026,offense,P&R ball handler,Make 3 Pts,6,Long/3pt,P&R BH - Defense Commits > Spot-Up > Drives Left > Dribble Jumper > Long/3pt > Make 3 Pts,P&R BH - Defense Commits,Spot-Up,Drives Left,Dribble Jumper,Long/3pt,Make 3 Pts,1,100.0,3.0,150.0,0.0,0.0,1,100.0,,,100.0,,1,150.0,0.0,,,1,0,,1.0,0.0,100.0,0,0,0,,1,0,1.0,3
Kevin Osawe,Montreal Alliance,2025-2026,offense,P&R ball handler,P&R Roll Man,2,P&R BH - Defense Commits,P&R BH - Defense Commits > P&R Roll Man,P&R BH - Defense Commits,P&R Roll Man,,,,,3,37.5,1.0,75.0,33.3,0.0,1,100.0,,,50.0,,2,75.0,0.0,,,1,1,,2.0,0.0,33.3,1,0,1,0.0,1,0,0.5,3
Kevin Osawe,Montreal Alliance,2025-2026,offense,P&R ball handler,Pick and Pops,3,P&R Roll Man,P&R BH - Defense Commits > P&R Roll Man > Pick and Pops,P&R BH - Defense Commits,P&R Roll Man,Pick and Pops,,,,2,66.7,1.5,150.0,50.0,0.0,1,100.0,,,100.0,,1,150.0,0.0,,,1,0,,1.0,0.0,50.0,0,0,0,,1,0,1.0,3
Kevin Osawe,Montreal Alliance,2025-2026,offense,P&R ball handler,No Dribble Jumper,4,Pick and Pops,P&R BH - Defense Commits > P&R Roll Man > Pick and Pops > No Dribble Jumper,P&R BH - Defense Commits,P&R Roll Man,Pick and Pops,No Dribble Jumper,,,1,50.0,3.0,150.0,0.0,0.0,1,100.0,,,100.0,,1,150.0,0.0,,,1,0,,1.0,0.0,100.0,0,0,0,,1,0,1.0,3
Kevin Osawe,Montreal Alliance,2025-2026,offense,P&R ball handler,Guarded,5,No Dribble Jumper,P&R BH - Defense Commits > P&R Roll Man > Pick and Pops > No Dribble Jumper > Guarded,P&R BH - Defense Commits,P&R Roll Man,Pick and Pops,No Dribble Jumper,Guarded,,1,100.0,3.0,150.0,0.0,0.0,1,100.0,,,100.0,,1,150.0,0.0,,,1,0,,1.0,0.0,100.0,0,0,0,,1,0,1.0,3
Kevin Osawe,Montreal Alliance,2025-2026,offense,P&R ball handler,Long/3pt,6,Guarded,P&R BH - Defense Commits > P&R Roll Man > Pick and Pops > No Dribble Jumper > Guarded > Long/3pt,P&R BH - Defense Commits,P&R Roll Man,Pick and Pops,No Dribble Jumper,Guarded,Long/3pt,1,100.0,3.0,150.0,0.0,0.0,1,100.0,,,100.0,,1,150.0,0.0,,,1,0,,1.0,0.0,100.0,0,0,0,,1,0,1.0,3
Kevin Osawe,Montreal Alliance,2025-2026,offense,P&R ball handler,Drives Left,4,Pick and Pops,P&R BH - Defense Commits > P&R Roll Man > Pick and Pops > Drives Left,P&R BH - Defense Commits,P&R Roll Man,Pick and Pops,Drives Left,,,1,50.0,0.0,,100.0,0.0,0,,,,,,0,,0.0,,,0,0,,0.0,,0.0,0,0,0,,0,0,,0
Kevin Osawe,Montreal Alliance,2025-2026,offense,P&R ball handler,Turnover,5,Drives Left,P&R BH - Defense Commits > P&R Roll Man > Pick and Pops > Drives Left > Turnover,P&R BH - Defense Commits,P&R Roll Man,Pick and Pops,Drives Left,Turnover,,1,100.0,0.0,,100.0,0.0,0,,,,,,0,,0.0,,,0,0,,0.0,,0.0,0,0,0,,0,0,,0
Kevin Osawe,Montreal Alliance,2025-2026,offense,P&R ball handler,Rolls to Basket,3,P&R Roll Man,P&R BH - Defense Commits > P&R Roll Man > Rolls to Basket,P&R BH - Defense Commits,P&R Roll Man,Rolls to Basket,,,,1,33.3,0.0,0.0,0.0,0.0,0,,,,0.0,,1,0.0,0.0,,,0,1,,1.0,0.0,0.0,1,0,1,0.0,0,0,0.0,0
Kevin Osawe,Montreal Alliance,2025-2026,offense,P&R ball handler,Miss 2 Pts,4,Rolls to Basket,P&R BH - Defense Commits > P&R Roll Man > Rolls to Basket > Miss 2 Pts,P&R BH - Defense Commits,P&R Roll Man,Rolls to Basket,Miss 2 Pts,,,1,100.0,0.0,0.0,0.0,0.0,0,,,,0.0,,1,0.0,0.0,,,0,1,,1.0,0.0,0.0,1,0,1,0.0,0,0,0.0,0
Kevin Osawe,Montreal Alliance,2025-2026,offense,P&R ball handler,P&R Ball Handler,2,P&R BH - Defense Commits,P&R BH - Defense Commits > P&R Ball Handler,P&R BH - Defense Commits,P&R Ball Handler,,,,,1,12.5,0.0,,100.0,0.0,0,,,,,,0,,0.0,,,0,0,,0.0,,0.0,0,0,0,,0,0,,0
Kevin Osawe,Montreal Alliance,2025-2026,offense,P&R ball handler,Left P&R,3,P&R Ball Handler,P&R BH - Defense Commits > P&R Ball Handler > Left P&R,P&R BH - Defense Commits,P&R Ball Handler,Left P&R,,,,1,100.0,0.0,,100.0,0.0,0,,,,,,0,,0.0,,,0,0,,0.0,,0.0,0,0,0,,0,0,,0
Kevin Osawe,Montreal Alliance,2025-2026,offense,P&R ball handler,Side,4,Left P&R,P&R BH - Defense Commits > P&R Ball Handler > Left P&R > Side,P&R BH - Defense Commits,P&R Ball Handler,Left P&R,Side,,,1,100.0,0.0,,100.0,0.0,0,,,,,,0,,0.0,,,0,0,,0.0,,0.0,0,0,0,,0,0,,0
Kevin Osawe,Montreal Alliance,2025-2026,offense,P&R ball handler,Go Away from Pick,5,Side,P&R BH - Defense Commits > P&R Ball Handler > Left P&R > Side > Go Away from Pick,P&R BH - Defense Commits,P&R Ball Handler,Left P&R,Side,Go Away from Pick,,1,100.0,0.0,,100.0,0.0,0,,,,,,0,,0.0,,,0,0,,0.0,,0.0,0,0,0,,0,0,,0
Kevin Osawe,Montreal Alliance,2025-2026,offense,P&R ball handler,Defense Commits,6,Go Away from Pick,P&R BH - Defense Commits > P&R Ball Handler > Left P&R > Side > Go Away from Pick > Defense Commits,P&R BH - Defense Commits,P&R Ball Handler,Left P&R,Side,Go Away from Pick,Defense Commits,1,100.0,0.0,,100.0,0.0,0,,,,,,0,,0.0,,,0,0,,0.0,,0.0,0,0,0,,0,0,,0
Kevin Osawe,Montreal Alliance,2025-2026,offense,P&R ball handler,P&R BH - Traps,1,,P&R BH - Traps,P&R BH - Traps,,,,,,0,0.0,,,,,0,,,,,,0,,,,,0,0,,0.0,,,0,0,0,,0,0,,0
Kevin Osawe,Montreal Alliance,2025-2026,offense,Isolation,ISO Including Passes,1,,ISO Including Passes,ISO Including Passes,,,,,,34,17.6,0.882,43.9,0.0,8.8,5,40.0,Good,57.0,37.5,93.0,32,40.6,8.8,,,12,20,,34.2,0.16,41.2,27,10,17,37.0,2,3,0.16,30
Kevin Osawe,Montreal Alliance,2025-2026,offense,Isolation,Isolation,2,ISO Including Passes,ISO Including Passes > Isolation,ISO Including Passes,Isolation,,,,,33,97.1,0.818,40.7,0.0,9.1,4,25.0,,,35.5,,31,37.1,9.1,,,11,20,,33.2,0.16,39.4,27,10,17,37.0,1,3,0.13,27
Kevin Osawe,Montreal Alliance,2025-2026,offense,Isolation,Top,3,Isolation,ISO Including Passes > Isolation > Top,ISO Including Passes,Isolation,Top,,,,15,45.5,0.8,40.3,0.0,6.7,2,0.0,,,35.7,,14,35.7,6.7,,,5,9,,14.9,0.14,40.0,12,5,7,41.7,0,2,0.14,12
Kevin Osawe,Montreal Alliance,2025-2026,offense,Isolation,Drives Left,4,Top,ISO Including Passes > Isolation > Top > Drives Left,ISO Including Passes,Isolation,Top,Drives Left,,,8,53.3,0.75,37.5,0.0,0.0,0,,,,37.5,,8,37.5,0.0,,,3,5,,8.0,0.0,37.5,8,3,5,37.5,0,0,0.0,6
Kevin Osawe,Montreal Alliance,2025-2026,offense,Isolation,To Basket,5,Drives Left,ISO Including Passes > Isolation > Top > Drives Left > To Basket,ISO Including Passes,Isolation,Top,Drives Left,To Basket,,6,75.0,0.667,33.3,0.0,0.0,0,,,,33.3,,6,33.3,0.0,,,2,4,,6.0,0.0,33.3,6,2,4,33.3,0,0,0.0,4
Kevin Osawe,Montreal Alliance,2025-2026,offense,Isolation,Miss 2 Pts,6,To Basket,ISO Including Passes > Isolation > Top > Drives Left > To Basket > Miss 2 Pts,ISO Including Passes,Isolation,Top,Drives Left,To Basket,Miss 2 Pts,4,66.7,0.0,0.0,0.0,0.0,0,,,,0.0,,4,0.0,0.0,,,0,4,,4.0,0.0,0.0,4,0,4,0.0,0,0,0.0,0
Kevin Osawe,Montreal Alliance,2025-2026,offense,Isolation,Make 2 Pts,6,To Basket,ISO Including Passes > Isolation > Top > Drives Left > To Basket > Make 2 Pts,ISO Including Passes,Isolation,Top,Drives Left,To Basket,Make 2 Pts,2,33.3,2.0,100.0,0.0,0.0,0,,,,100.0,,2,100.0,0.0,,,2,0,,2.0,0.0,100.0,2,2,0,100.0,0,0,0.0,4
Kevin Osawe,Montreal Alliance,2025-2026,offense,Isolation,Dribble Jumper,5,Drives Left,ISO Including Passes > Isolation > Top > Drives Left > Dribble Jumper,ISO Including Passes,Isolation,Top,Drives Left,Dribble Jumper,,2,25.0,1.0,50.0,0.0,0.0,0,,,,50.0,,2,50.0,0.0,,,1,1,,2.0,0.0,50.0,2,1,1,50.0,0,0,0.0,2
Kevin Osawe,Montreal Alliance,2025-2026,offense,Isolation,Medium/17' to 3pt,6,Dribble Jumper,ISO Including Passes > Isolation > Top > Drives Left > Dribble Jumper > Medium/17' to 3pt,ISO Including Passes,Isolation,Top,Drives Left,Dribble Jumper,Medium/17' to 3pt,1,50.0,2.0,100.0,0.0,0.0,0,,,,100.0,,1,100.0,0.0,,,1,0,,1.0,0.0,100.0,1,1,0,100.0,0,0,0.0,2
Kevin Osawe,Montreal Alliance,2025-2026,offense,Isolation,Short to < 17,6,Dribble Jumper,ISO Including Passes > Isolation > Top > Drives Left > Dribble Jumper > Short to < 17,ISO Including Passes,Isolation,Top,Drives Left,Dribble Jumper,Short to < 17,1,50.0,0.0,0.0,0.0,0.0,0,,,,0.0,,1,0.0,0.0,,,0,1,,1.0,0.0,0.0,1,0,1,0.0,0,0,0.0,0
Kevin Osawe,Montreal Alliance,2025-2026,offense,Isolation,Early Jumper,4,Top,ISO Including Passes > Isolation > Top > Early Jumper,ISO Including Passes,Isolation,Top,Early Jumper,,,5,33.3,0.4,20.0,0.0,0.0,2,0.0,,,20.0,,5,20.0,0.0,,,1,4,,5.0,0.0,20.0,3,1,2,33.3,0,2,0.4,2
Kevin Osawe,Montreal Alliance,2025-2026,offense,Isolation,Dribble Jumper,5,Early Jumper,ISO Including Passes > Isolation > Top > Early Jumper > Dribble Jumper,ISO Including Passes,Isolation,Top,Early Jumper,Dribble Jumper,,3,60.0,0.0,0.0,0.0,0.0,2,0.0,,,0.0,,3,0.0,0.0,,,0,3,,3.0,0.0,0.0,1,0,1,0.0,0,2,0.67,0
Kevin Osawe,Montreal Alliance,2025-2026,offense,Isolation,Long/3pt,6,Dribble Jumper,ISO Including Passes > Isolation > Top > Early Jumper > Dribble Jumper > Long/3pt,ISO Including Passes,Isolation,Top,Early Jumper,Dribble Jumper,Long/3pt,2,66.7,0.0,0.0,0.0,0.0,2,0.0,,,0.0,,2,0.0,0.0,,,0,2,,2.0,0.0,0.0,0,0,0,,0,2,1.0,0
Kevin Osawe,Montreal Alliance,2025-2026,offense,Isolation,Medium/17' to 3pt,6,Dribble Jumper,ISO Including Passes > Isolation > Top > Early Jumper > Dribble Jumper > Medium/17' to 3pt,ISO Including Passes,Isolation,Top,Early Jumper,Dribble Jumper,Medium/17' to 3pt,1,33.3,0.0,0.0,0.0,0.0,0,,,,0.0,,1,0.0,0.0,,,0,1,,1.0,0.0,0.0,1,0,1,0.0,0,0,0.0,0
Kevin Osawe,Montreal Alliance,2025-2026,offense,Isolation,No Dribble Jumper,5,Early Jumper,ISO Including Passes > Isolation > Top > Early Jumper > No Dribble Jumper,ISO Including Passes,Isolation,Top,Early Jumper,No Dribble Jumper,,2,40.0,1.0,50.0,0.0,0.0,0,,,,50.0,,2,50.0,0.0,,,1,1,,2.0,0.0,50.0,2,1,1,50.0,0,0,0.0,2
Kevin Osawe,Montreal Alliance,2025-2026,offense,Isolation,Guarded,6,No Dribble Jumper,ISO Including Passes > Isolation > Top > Early Jumper > No Dribble Jumper > Guarded,ISO Including Passes,Isolation,Top,Early Jumper,No Dribble Jumper,Guarded,2,100.0,1.0,50.0,0.0,0.0,0,,,,50.0,,2,50.0,0.0,,,1,1,,2.0,0.0,50.0,2,1,1,50.0,0,0,0.0,2
Kevin Osawe,Montreal Alliance,2025-2026,offense,Isolation,Drives Right,4,Top,ISO Including Passes > Isolation > Top > Drives Right,ISO Including Passes,Isolation,Top,Drives Right,,,2,13.3,2.0,106.4,0.0,50.0,0,,,,100.0,,1,100.0,50.0,,,1,0,,1.9,2.0,100.0,1,1,0,100.0,0,0,0.0,4
Kevin Osawe,Montreal Alliance,2025-2026,offense,Isolation,To Basket,5,Drives Right,ISO Including Passes > Isolation > Top > Drives Right > To Basket,ISO Including Passes,Isolation,Top,Drives Right,To Basket,,2,100.0,2.0,106.4,0.0,50.0,0,,,,100.0,,1,100.0,50.0,,,1,0,,1.9,2.0,100.0,1,1,0,100.0,0,0,0.0,4
Kevin Osawe,Montreal Alliance,2025-2026,offense,Isolation,Make 2 Pts,6,To Basket,ISO Including Passes > Isolation > Top > Drives Right > To Basket > Make 2 Pts,ISO Including Passes,Isolation,Top,Drives Right,To Basket,Make 2 Pts,1,50.0,2.0,100.0,0.0,0.0,0,,,,100.0,,1,100.0,0.0,,,1,0,,1.0,0.0,100.0,1,1,0,100.0,0,0,0.0,2
Kevin Osawe,Montreal Alliance,2025-2026,offense,Isolation,Foul,6,To Basket,ISO Including Passes > Isolation > Top > Drives Right > To Basket > Foul,ISO Including Passes,Isolation,Top,Drives Right,To Basket,Foul,1,50.0,2.0,113.6,0.0,100.0,0,,,,,,0,,100.0,,,0,0,,0.9,,100.0,0,0,0,,0,0,,2
Kevin Osawe,Montreal Alliance,2025-2026,offense,Isolation,Left,3,Isolation,ISO Including Passes > Isolation > Left,ISO Including Passes,Isolation,Left,,,,11,33.3,1.091,55.1,0.0,9.1,2,50.0,,,50.0,,10,55.0,9.1,,,5,5,,10.9,0.2,54.5,8,4,4,50.0,1,1,0.2,12
Kevin Osawe,Montreal Alliance,2025-2026,offense,Isolation,Drives Right,4,Left,ISO Including Passes > Isolation > Left > Drives Right,ISO Including Passes,Isolation,Left,Drives Right,,,5,45.5,1.6,82.0,0.0,20.0,1,100.0,,,75.0,,4,87.5,20.0,,,3,1,,4.9,0.5,80.0,3,2,1,66.7,1,0,0.25,8
Kevin Osawe,Montreal Alliance,2025-2026,offense,Isolation,To Basket,5,Drives Right,ISO Including Passes > Isolation > Left > Drives Right > To Basket,ISO Including Passes,Isolation,Left,Drives Right,To Basket,,3,60.0,1.0,52.1,0.0,33.3,0,,,,50.0,,2,50.0,33.3,,,1,1,,2.9,1.0,66.7,2,1,1,50.0,0,0,0.0,3
Kevin Osawe,Montreal Alliance,2025-2026,offense,Isolation,Foul,6,To Basket,ISO Including Passes > Isolation > Left > Drives Right > To Basket > Foul,ISO Including Passes,Isolation,Left,Drives Right,To Basket,Foul,1,33.3,1.0,56.8,0.0,100.0,0,,,,,,0,,100.0,,,0,0,,0.9,,100.0,0,0,0,,0,0,,1
Kevin Osawe,Montreal Alliance,2025-2026,offense,Isolation,Make 2 Pts,6,To Basket,ISO Including Passes > Isolation > Left > Drives Right > To Basket > Make 2 Pts,ISO Including Passes,Isolation,Left,Drives Right,To Basket,Make 2 Pts,1,33.3,2.0,100.0,0.0,0.0,0,,,,100.0,,1,100.0,0.0,,,1,0,,1.0,0.0,100.0,1,1,0,100.0,0,0,0.0,2
Kevin Osawe,Montreal Alliance,2025-2026,offense,Isolation,Miss 2 Pts,6,To Basket,ISO Including Passes > Isolation > Left > Drives Right > To Basket > Miss 2 Pts,ISO Including Passes,Isolation,Left,Drives Right,To Basket,Miss 2 Pts,1,33.3,0.0,0.0,0.0,0.0,0,,,,0.0,,1,0.0,0.0,,,0,1,,1.0,0.0,0.0,1,0,1,0.0,0,0,0.0,0
Kevin Osawe,Montreal Alliance,2025-2026,offense,Isolation,Dribble Jumper,5,Drives Right,ISO Including Passes > Isolation > Left > Drives Right > Dribble Jumper,ISO Including Passes,Isolation,Left,Drives Right,Dribble Jumper,,2,40.0,2.5,125.0,0.0,0.0,1,100.0,,,100.0,,2,125.0,0.0,,,2,0,,2.0,0.0,100.0,1,1,0,100.0,1,0,0.5,5
Kevin Osawe,Montreal Alliance,2025-2026,offense,Isolation,Long/3pt,6,Dribble Jumper,ISO Including Passes > Isolation > Left > Drives Right > Dribble Jumper > Long/3pt,ISO Including Passes,Isolation,Left,Drives Right,Dribble Jumper,Long/3pt,1,50.0,3.0,150.0,0.0,0.0,1,100.0,,,100.0,,1,150.0,0.0,,,1,0,,1.0,0.0,100.0,0,0,0,,1,0,1.0,3
Kevin Osawe,Montreal Alliance,2025-2026,offense,Isolation,Short to < 17,6,Dribble Jumper,ISO Including Passes > Isolation > Left > Drives Right > Dribble Jumper > Short to < 17,ISO Including Passes,Isolation,Left,Drives Right,Dribble Jumper,Short to < 17,1,50.0,2.0,100.0,0.0,0.0,0,,,,100.0,,1,100.0,0.0,,,1,0,,1.0,0.0,100.0,1,1,0,100.0,0,0,0.0,2
Kevin Osawe,Montreal Alliance,2025-2026,offense,Isolation,Early Jumper,4,Left,ISO Including Passes > Isolation > Left > Early Jumper,ISO Including Passes,Isolation,Left,Early Jumper,,,3,27.3,1.333,66.7,0.0,0.0,1,0.0,,,66.7,,3,66.7,0.0,,,2,1,,3.0,0.0,66.7,2,2,0,100.0,0,1,0.33,4
Kevin Osawe,Montreal Alliance,2025-2026,offense,Isolation,No Dribble Jumper,5,Early Jumper,ISO Including Passes > Isolation > Left > Early Jumper > No Dribble Jumper,ISO Including Passes,Isolation,Left,Early Jumper,No Dribble Jumper,,2,66.7,2.0,100.0,0.0,0.0,0,,,,100.0,,2,100.0,0.0,,,2,0,,2.0,0.0,100.0,2,2,0,100.0,0,0,0.0,4
Kevin Osawe,Montreal Alliance,2025-2026,offense,Isolation,Guarded,6,No Dribble Jumper,ISO Including Passes > Isolation > Left > Early Jumper > No Dribble Jumper > Guarded,ISO Including Passes,Isolation,Left,Early Jumper,No Dribble Jumper,Guarded,1,50.0,2.0,100.0,0.0,0.0,0,,,,100.0,,1,100.0,0.0,,,1,0,,1.0,0.0,100.0,1,1,0,100.0,0,0,0.0,2
Kevin Osawe,Montreal Alliance,2025-2026,offense,Isolation,Open,6,No Dribble Jumper,ISO Including Passes > Isolation > Left > Early Jumper > No Dribble Jumper > Open,ISO Including Passes,Isolation,Left,Early Jumper,No Dribble Jumper,Open,1,50.0,2.0,100.0,0.0,0.0,0,,,,100.0,,1,100.0,0.0,,,1,0,,1.0,0.0,100.0,1,1,0,100.0,0,0,0.0,2
Kevin Osawe,Montreal Alliance,2025-2026,offense,Isolation,Dribble Jumper,5,Early Jumper,ISO Including Passes > Isolation > Left > Early Jumper > Dribble Jumper,ISO Including Passes,Isolation,Left,Early Jumper,Dribble Jumper,,1,33.3,0.0,0.0,0.0,0.0,1,0.0,,,0.0,,1,0.0,0.0,,,0,1,,1.0,0.0,0.0,0,0,0,,0,1,1.0,0
Kevin Osawe,Montreal Alliance,2025-2026,offense,Isolation,Long/3pt,6,Dribble Jumper,ISO Including Passes > Isolation > Left > Early Jumper > Dribble Jumper > Long/3pt,ISO Including Passes,Isolation,Left,Early Jumper,Dribble Jumper,Long/3pt,1,100.0,0.0,0.0,0.0,0.0,1,0.0,,,0.0,,1,0.0,0.0,,,0,1,,1.0,0.0,0.0,0,0,0,,0,1,1.0,0
Kevin Osawe,Montreal Alliance,2025-2026,offense,Isolation,Drives Left,4,Left,ISO Including Passes > Isolation > Left > Drives Left,ISO Including Passes,Isolation,Left,Drives Left,,,3,27.3,0.0,0.0,0.0,0.0,0,,,,0.0,,3,0.0,0.0,,,0,3,,3.0,0.0,0.0,3,0,3,0.0,0,0,0.0,0
Kevin Osawe,Montreal Alliance,2025-2026,offense,Isolation,To Basket,5,Drives Left,ISO Including Passes > Isolation > Left > Drives Left > To Basket,ISO Including Passes,Isolation,Left,Drives Left,To Basket,,3,100.0,0.0,0.0,0.0,0.0,0,,,,0.0,,3,0.0,0.0,,,0,3,,3.0,0.0,0.0,3,0,3,0.0,0,0,0.0,0
Kevin Osawe,Montreal Alliance,2025-2026,offense,Isolation,Miss 2 Pts,6,To Basket,ISO Including Passes > Isolation > Left > Drives Left > To Basket > Miss 2 Pts,ISO Including Passes,Isolation,Left,Drives Left,To Basket,Miss 2 Pts,3,100.0,0.0,0.0,0.0,0.0,0,,,,0.0,,3,0.0,0.0,,,0,3,,3.0,0.0,0.0,3,0,3,0.0,0,0,0.0,0
Kevin Osawe,Montreal Alliance,2025-2026,offense,Isolation,Right,3,Isolation,ISO Including Passes > Isolation > Right,ISO Including Passes,Isolation,Right,,,,7,21.2,0.429,20.2,0.0,14.3,0,,,,14.3,,7,14.3,14.3,,,1,6,,7.4,0.14,14.3,7,1,6,14.3,0,0,0.0,3
Kevin Osawe,Montreal Alliance,2025-2026,offense,Isolation,Drives Right,4,Right,ISO Including Passes > Isolation > Right > Drives Right,ISO Including Passes,Isolation,Right,Drives Right,,,3,42.9,1.0,43.6,0.0,33.3,0,,,,33.3,,3,33.3,33.3,,,1,2,,3.4,0.33,33.3,3,1,2,33.3,0,0,0.0,3
Kevin Osawe,Montreal Alliance,2025-2026,offense,Isolation,Dribble Jumper,5,Drives Right,ISO Including Passes > Isolation > Right > Drives Right > Dribble Jumper,ISO Including Passes,Isolation,Right,Drives Right,Dribble Jumper,,2,66.7,0.0,0.0,0.0,0.0,0,,,,0.0,,2,0.0,0.0,,,0,2,,2.0,0.0,0.0,2,0,2,0.0,0,0,0.0,0
Kevin Osawe,Montreal Alliance,2025-2026,offense,Isolation,Short to < 17,6,Dribble Jumper,ISO Including Passes > Isolation > Right > Drives Right > Dribble Jumper > Short to < 17,ISO Including Passes,Isolation,Right,Drives Right,Dribble Jumper,Short to < 17,1,50.0,0.0,0.0,0.0,0.0,0,,,,0.0,,1,0.0,0.0,,,0,1,,1.0,0.0,0.0,1,0,1,0.0,0,0,0.0,0
Kevin Osawe,Montreal Alliance,2025-2026,offense,Isolation,Medium/17' to 3pt,6,Dribble Jumper,ISO Including Passes > Isolation > Right > Drives Right > Dribble Jumper > Medium/17' to 3pt,ISO Including Passes,Isolation,Right,Drives Right,Dribble Jumper,Medium/17' to 3pt,1,50.0,0.0,0.0,0.0,0.0,0,,,,0.0,,1,0.0,0.0,,,0,1,,1.0,0.0,0.0,1,0,1,0.0,0,0,0.0,0
Kevin Osawe,Montreal Alliance,2025-2026,offense,Isolation,To Basket,5,Drives Right,ISO Including Passes > Isolation > Right > Drives Right > To Basket,ISO Including Passes,Isolation,Right,Drives Right,To Basket,,1,33.3,3.0,104.2,0.0,100.0,0,,,,100.0,,1,100.0,100.0,,,1,0,,1.4,1.0,100.0,1,1,0,100.0,0,0,0.0,3
Kevin Osawe,Montreal Alliance,2025-2026,offense,Isolation,Make 2 Pts Foul,6,To Basket,ISO Including Passes > Isolation > Right > Drives Right > To Basket > Make 2 Pts Foul,ISO Including Passes,Isolation,Right,Drives Right,To Basket,Make 2 Pts Foul,1,100.0,3.0,104.2,0.0,100.0,0,,,,100.0,,1,100.0,100.0,,,1,0,,1.4,1.0,100.0,1,1,0,100.0,0,0,0.0,3
Kevin Osawe,Montreal Alliance,2025-2026,offense,Isolation,Drives Left,4,Right,ISO Including Passes > Isolation > Right > Drives Left,ISO Including Passes,Isolation,Right,Drives Left,,,2,28.6,0.0,0.0,0.0,0.0,0,,,,0.0,,2,0.0,0.0,,,0,2,,2.0,0.0,0.0,2,0,2,0.0,0,0,0.0,0
Kevin Osawe,Montreal Alliance,2025-2026,offense,Isolation,To Basket,5,Drives Left,ISO Including Passes > Isolation > Right > Drives Left > To Basket,ISO Including Passes,Isolation,Right,Drives Left,To Basket,,2,100.0,0.0,0.0,0.0,0.0,0,,,,0.0,,2,0.0,0.0,,,0,2,,2.0,0.0,0.0,2,0,2,0.0,0,0,0.0,0
Kevin Osawe,Montreal Alliance,2025-2026,offense,Isolation,Miss 2 Pts,6,To Basket,ISO Including Passes > Isolation > Right > Drives Left > To Basket > Miss 2 Pts,ISO Including Passes,Isolation,Right,Drives Left,To Basket,Miss 2 Pts,2,100.0,0.0,0.0,0.0,0.0,0,,,,0.0,,2,0.0,0.0,,,0,2,,2.0,0.0,0.0,2,0,2,0.0,0,0,0.0,0
Kevin Osawe,Montreal Alliance,2025-2026,offense,Isolation,Early Jumper,4,Right,ISO Including Passes > Isolation > Right > Early Jumper,ISO Including Passes,Isolation,Right,Early Jumper,,,2,28.6,0.0,0.0,0.0,0.0,0,,,,0.0,,2,0.0,0.0,,,0,2,,2.0,0.0,0.0,2,0,2,0.0,0,0,0.0,0
Kevin Osawe,Montreal Alliance,2025-2026,offense,Isolation,Dribble Jumper,5,Early Jumper,ISO Including Passes > Isolation > Right > Early Jumper > Dribble Jumper,ISO Including Passes,Isolation,Right,Early Jumper,Dribble Jumper,,1,50.0,0.0,0.0,0.0,0.0,0,,,,0.0,,1,0.0,0.0,,,0,1,,1.0,0.0,0.0,1,0,1,0.0,0,0,0.0,0
Kevin Osawe,Montreal Alliance,2025-2026,offense,Isolation,Medium/17' to 3pt,6,Dribble Jumper,ISO Including Passes > Isolation > Right > Early Jumper > Dribble Jumper > Medium/17' to 3pt,ISO Including Passes,Isolation,Right,Early Jumper,Dribble Jumper,Medium/17' to 3pt,1,100.0,0.0,0.0,0.0,0.0,0,,,,0.0,,1,0.0,0.0,,,0,1,,1.0,0.0,0.0,1,0,1,0.0,0,0,0.0,0
Kevin Osawe,Montreal Alliance,2025-2026,offense,Isolation,No Dribble Jumper,5,Early Jumper,ISO Including Passes > Isolation > Right > Early Jumper > No Dribble Jumper,ISO Including Passes,Isolation,Right,Early Jumper,No Dribble Jumper,,1,50.0,0.0,0.0,0.0,0.0,0,,,,0.0,,1,0.0,0.0,,,0,1,,1.0,0.0,0.0,1,0,1,0.0,0,0,0.0,0
Kevin Osawe,Montreal Alliance,2025-2026,offense,Isolation,Guarded,6,No Dribble Jumper,ISO Including Passes > Isolation > Right > Early Jumper > No Dribble Jumper > Guarded,ISO Including Passes,Isolation,Right,Early Jumper,No Dribble Jumper,Guarded,1,100.0,0.0,0.0,0.0,0.0,0,,,,0.0,,1,0.0,0.0,,,0,1,,1.0,0.0,0.0,1,0,1,0.0,0,0,0.0,0
Kevin Osawe,Montreal Alliance,2025-2026,offense,Isolation,Spot-Up,2,ISO Including Passes,ISO Including Passes > Spot-Up,ISO Including Passes,Spot-Up,,,,,1,2.9,3.0,150.0,0.0,0.0,1,100.0,,,100.0,,1,150.0,0.0,,,1,0,,1.0,0.0,100.0,0,0,0,,1,0,1.0,3
Kevin Osawe,Montreal Alliance,2025-2026,offense,Isolation,No Dribble Jumper,3,Spot-Up,ISO Including Passes > Spot-Up > No Dribble Jumper,ISO Including Passes,Spot-Up,No Dribble Jumper,,,,1,100.0,3.0,150.0,0.0,0.0,1,100.0,,,100.0,,1,150.0,0.0,,,1,0,,1.0,0.0,100.0,0,0,0,,1,0,1.0,3
Kevin Osawe,Montreal Alliance,2025-2026,offense,Isolation,Open,4,No Dribble Jumper,ISO Including Passes > Spot-Up > No Dribble Jumper > Open,ISO Including Passes,Spot-Up,No Dribble Jumper,Open,,,1,100.0,3.0,150.0,0.0,0.0,1,100.0,,,100.0,,1,150.0,0.0,,,1,0,,1.0,0.0,100.0,0,0,0,,1,0,1.0,3
Kevin Osawe,Montreal Alliance,2025-2026,offense,Isolation,Long/3pt,5,Open,ISO Including Passes > Spot-Up > No Dribble Jumper > Open > Long/3pt,ISO Including Passes,Spot-Up,No Dribble Jumper,Open,Long/3pt,,1,100.0,3.0,150.0,0.0,0.0,1,100.0,,,100.0,,1,150.0,0.0,,,1,0,,1.0,0.0,100.0,0,0,0,,1,0,1.0,3
Kevin Osawe,Montreal Alliance,2025-2026,offense,Isolation,Make 3 Pts,6,Long/3pt,ISO Including Passes > Spot-Up > No Dribble Jumper > Open > Long/3pt > Make 3 Pts,ISO Including Passes,Spot-Up,No Dribble Jumper,Open,Long/3pt,Make 3 Pts,1,100.0,3.0,150.0,0.0,0.0,1,100.0,,,100.0,,1,150.0,0.0,,,1,0,,1.0,0.0,100.0,0,0,0,,1,0,1.0,3
Kevin Osawe,Montreal Alliance,2025-2026,offense,Isolation,ISO - Defense Commits,1,,ISO - Defense Commits,ISO - Defense Commits,,,,,,1,0.5,3.0,150.0,0.0,0.0,1,100.0,,,100.0,,1,150.0,0.0,,,1,0,,1.0,0.0,100.0,0,0,0,,1,0,1.0,3
Kevin Osawe,Montreal Alliance,2025-2026,offense,Isolation,No Dribble Jumper,2,ISO - Defense Commits,ISO - Defense Commits > No Dribble Jumper,ISO - Defense Commits,No Dribble Jumper,,,,,1,100.0,3.0,150.0,0.0,0.0,1,100.0,,,100.0,,1,150.0,0.0,,,1,0,,1.0,0.0,100.0,0,0,0,,1,0,1.0,3
Kevin Osawe,Montreal Alliance,2025-2026,offense,Isolation,Open,3,No Dribble Jumper,ISO - Defense Commits > No Dribble Jumper > Open,ISO - Defense Commits,No Dribble Jumper,Open,,,,1,100.0,3.0,150.0,0.0,0.0,1,100.0,,,100.0,,1,150.0,0.0,,,1,0,,1.0,0.0,100.0,0,0,0,,1,0,1.0,3
Kevin Osawe,Montreal Alliance,2025-2026,offense,Isolation,Long/3pt,4,Open,ISO - Defense Commits > No Dribble Jumper > Open > Long/3pt,ISO - Defense Commits,No Dribble Jumper,Open,Long/3pt,,,1,100.0,3.0,150.0,0.0,0.0,1,100.0,,,100.0,,1,150.0,0.0,,,1,0,,1.0,0.0,100.0,0,0,0,,1,0,1.0,3
Kevin Osawe,Montreal Alliance,2025-2026,offense,Isolation,Make 3 Pts,5,Long/3pt,ISO - Defense Commits > No Dribble Jumper > Open > Long/3pt > Make 3 Pts,ISO - Defense Commits,No Dribble Jumper,Open,Long/3pt,Make 3 Pts,,1,100.0,3.0,150.0,0.0,0.0,1,100.0,,,100.0,,1,150.0,0.0,,,1,0,,1.0,0.0,100.0,0,0,0,,1,0,1.0,3
Kevin Osawe,Montreal Alliance,2025-2026,offense,Post up,Post-Ups Including Passes,1,,Post-Ups Including Passes,Post-Ups Including Passes,,,,,,11,5.7,0.636,39.4,18.2,9.1,0,,Below Average,28.0,37.5,12.0,8,37.5,9.1,,,3,5,,8.9,0.25,36.4,8,3,5,37.5,0,0,0.0,7
Kevin Osawe,Montreal Alliance,2025-2026,offense,Post up,Post-Up,2,Post-Ups Including Passes,Post-Ups Including Passes > Post-Up,Post-Ups Including Passes,Post-Up,,,,,10,90.9,0.7,44.4,20.0,10.0,0,,,,42.9,,7,42.9,10.0,,,3,4,,7.9,0.29,40.0,7,3,4,42.9,0,0,0.0,7
Kevin Osawe,Montreal Alliance,2025-2026,offense,Post up,Left Block,3,Post-Up,Post-Ups Including Passes > Post-Up > Left Block,Post-Ups Including Passes,Post-Up,Left Block,,,,6,60.0,1.0,60.0,16.7,0.0,0,,,,60.0,,5,60.0,0.0,,,3,2,,5.0,0.0,50.0,5,3,2,60.0,0,0,0.0,6
Kevin Osawe,Montreal Alliance,2025-2026,offense,Post up,Left Shoulder,4,Left Block,Post-Ups Including Passes > Post-Up > Left Block > Left Shoulder,Post-Ups Including Passes,Post-Up,Left Block,Left Shoulder,,,3,50.0,0.667,33.3,0.0,0.0,0,,,,33.3,,3,33.3,0.0,,,1,2,,3.0,0.0,33.3,3,1,2,33.3,0,0,0.0,2
Kevin Osawe,Montreal Alliance,2025-2026,offense,Post up,Dribble Move,5,Left Shoulder,Post-Ups Including Passes > Post-Up > Left Block > Left Shoulder > Dribble Move,Post-Ups Including Passes,Post-Up,Left Block,Left Shoulder,Dribble Move,,3,100.0,0.667,33.3,0.0,0.0,0,,,,33.3,,3,33.3,0.0,,,1,2,,3.0,0.0,33.3,3,1,2,33.3,0,0,0.0,2
Kevin Osawe,Montreal Alliance,2025-2026,offense,Post up,To Hook,6,Dribble Move,Post-Ups Including Passes > Post-Up > Left Block > Left Shoulder > Dribble Move > To Hook,Post-Ups Including Passes,Post-Up,Left Block,Left Shoulder,Dribble Move,To Hook,1,33.3,2.0,100.0,0.0,0.0,0,,,,100.0,,1,100.0,0.0,,,1,0,,1.0,0.0,100.0,1,1,0,100.0,0,0,0.0,2
Kevin Osawe,Montreal Alliance,2025-2026,offense,Post up,To Jumper,6,Dribble Move,Post-Ups Including Passes > Post-Up > Left Block > Left Shoulder > Dribble Move > To Jumper,Post-Ups Including Passes,Post-Up,Left Block,Left Shoulder,Dribble Move,To Jumper,1,33.3,0.0,0.0,0.0,0.0,0,,,,0.0,,1,0.0,0.0,,,0,1,,1.0,0.0,0.0,1,0,1,0.0,0,0,0.0,0
Kevin Osawe,Montreal Alliance,2025-2026,offense,Post up,To Basket,6,Dribble Move,Post-Ups Including Passes > Post-Up > Left Block > Left Shoulder > Dribble Move > To Basket,Post-Ups Including Passes,Post-Up,Left Block,Left Shoulder,Dribble Move,To Basket,1,33.3,0.0,0.0,0.0,0.0,0,,,,0.0,,1,0.0,0.0,,,0,1,,1.0,0.0,0.0,1,0,1,0.0,0,0,0.0,0
Kevin Osawe,Montreal Alliance,2025-2026,offense,Post up,Face-up,4,Left Block,Post-Ups Including Passes > Post-Up > Left Block > Face-up,Post-Ups Including Passes,Post-Up,Left Block,Face-up,,,2,33.3,1.0,100.0,50.0,0.0,0,,,,100.0,,1,100.0,0.0,,,1,0,,1.0,0.0,50.0,1,1,0,100.0,0,0,0.0,2
Kevin Osawe,Montreal Alliance,2025-2026,offense,Post up,Defense Commits,5,Face-up,Post-Ups Including Passes > Post-Up > Left Block > Face-up > Defense Commits,Post-Ups Including Passes,Post-Up,Left Block,Face-up,Defense Commits,,1,50.0,0.0,,100.0,0.0,0,,,,,,0,,0.0,,,0,0,,0.0,,0.0,0,0,0,,0,0,,0
Kevin Osawe,Montreal Alliance,2025-2026,offense,Post up,Turnover,6,Defense Commits,Post-Ups Including Passes > Post-Up > Left Block > Face-up > Defense Commits > Turnover,Post-Ups Including Passes,Post-Up,Left Block,Face-up,Defense Commits,Turnover,1,100.0,0.0,,100.0,0.0,0,,,,,,0,,0.0,,,0,0,,0.0,,0.0,0,0,0,,0,0,,0
Kevin Osawe,Montreal Alliance,2025-2026,offense,Post up,Drive Middle,5,Face-up,Post-Ups Including Passes > Post-Up > Left Block > Face-up > Drive Middle,Post-Ups Including Passes,Post-Up,Left Block,Face-up,Drive Middle,,1,50.0,2.0,100.0,0.0,0.0,0,,,,100.0,,1,100.0,0.0,,,1,0,,1.0,0.0,100.0,1,1,0,100.0,0,0,0.0,2
Kevin Osawe,Montreal Alliance,2025-2026,offense,Post up,Make 2 Pts,6,Drive Middle,Post-Ups Including Passes > Post-Up > Left Block > Face-up > Drive Middle > Make 2 Pts,Post-Ups Including Passes,Post-Up,Left Block,Face-up,Drive Middle,Make 2 Pts,1,100.0,2.0,100.0,0.0,0.0,0,,,,100.0,,1,100.0,0.0,,,1,0,,1.0,0.0,100.0,1,1,0,100.0,0,0,0.0,2
Kevin Osawe,Montreal Alliance,2025-2026,offense,Post up,Right Shoulder,4,Left Block,Post-Ups Including Passes > Post-Up > Left Block > Right Shoulder,Post-Ups Including Passes,Post-Up,Left Block,Right Shoulder,,,1,16.7,2.0,100.0,0.0,0.0,0,,,,100.0,,1,100.0,0.0,,,1,0,,1.0,0.0,100.0,1,1,0,100.0,0,0,0.0,2
Kevin Osawe,Montreal Alliance,2025-2026,offense,Post up,Dribble Move,5,Right Shoulder,Post-Ups Including Passes > Post-Up > Left Block > Right Shoulder > Dribble Move,Post-Ups Including Passes,Post-Up,Left Block,Right Shoulder,Dribble Move,,1,100.0,2.0,100.0,0.0,0.0,0,,,,100.0,,1,100.0,0.0,,,1,0,,1.0,0.0,100.0,1,1,0,100.0,0,0,0.0,2
Kevin Osawe,Montreal Alliance,2025-2026,offense,Post up,To Drop Step,6,Dribble Move,Post-Ups Including Passes > Post-Up > Left Block > Right Shoulder > Dribble Move > To Drop Step,Post-Ups Including Passes,Post-Up,Left Block,Right Shoulder,Dribble Move,To Drop Step,1,100.0,2.0,100.0,0.0,0.0,0,,,,100.0,,1,100.0,0.0,,,1,0,,1.0,0.0,100.0,1,1,0,100.0,0,0,0.0,2
Kevin Osawe,Montreal Alliance,2025-2026,offense,Post up,Right Block,3,Post-Up,Post-Ups Including Passes > Post-Up > Right Block,Post-Ups Including Passes,Post-Up,Right Block,,,,4,40.0,0.25,17.4,25.0,25.0,0,,,,0.0,,2,0.0,25.0,,,0,2,,2.9,1.0,25.0,2,0,2,0.0,0,0,0.0,1
Kevin Osawe,Montreal Alliance,2025-2026,offense,Post up,Right Shoulder,4,Right Block,Post-Ups Including Passes > Post-Up > Right Block > Right Shoulder,Post-Ups Including Passes,Post-Up,Right Block,Right Shoulder,,,3,75.0,0.0,0.0,33.3,0.0,0,,,,0.0,,2,0.0,0.0,,,0,2,,2.0,0.0,0.0,2,0,2,0.0,0,0,0.0,0
Kevin Osawe,Montreal Alliance,2025-2026,offense,Post up,Dribble Move,5,Right Shoulder,Post-Ups Including Passes > Post-Up > Right Block > Right Shoulder > Dribble Move,Post-Ups Including Passes,Post-Up,Right Block,Right Shoulder,Dribble Move,,3,100.0,0.0,0.0,33.3,0.0,0,,,,0.0,,2,0.0,0.0,,,0,2,,2.0,0.0,0.0,2,0,2,0.0,0,0,0.0,0
Kevin Osawe,Montreal Alliance,2025-2026,offense,Post up,To Up and Under,6,Dribble Move,Post-Ups Including Passes > Post-Up > Right Block > Right Shoulder > Dribble Move > To Up and Under,Post-Ups Including Passes,Post-Up,Right Block,Right Shoulder,Dribble Move,To Up and Under,1,33.3,0.0,0.0,0.0,0.0,0,,,,0.0,,1,0.0,0.0,,,0,1,,1.0,0.0,0.0,1,0,1,0.0,0,0,0.0,0
Kevin Osawe,Montreal Alliance,2025-2026,offense,Post up,Defense Commits,6,Dribble Move,Post-Ups Including Passes > Post-Up > Right Block > Right Shoulder > Dribble Move > Defense Commits,Post-Ups Including Passes,Post-Up,Right Block,Right Shoulder,Dribble Move,Defense Commits,1,33.3,0.0,,100.0,0.0,0,,,,,,0,,0.0,,,0,0,,0.0,,0.0,0,0,0,,0,0,,0
Kevin Osawe,Montreal Alliance,2025-2026,offense,Post up,To Basket,6,Dribble Move,Post-Ups Including Passes > Post-Up > Right Block > Right Shoulder > Dribble Move > To Basket,Post-Ups Including Passes,Post-Up,Right Block,Right Shoulder,Dribble Move,To Basket,1,33.3,0.0,0.0,0.0,0.0,0,,,,0.0,,1,0.0,0.0,,,0,1,,1.0,0.0,0.0,1,0,1,0.0,0,0,0.0,0
Kevin Osawe,Montreal Alliance,2025-2026,offense,Post up,Post Pin,4,Right Block,Post-Ups Including Passes > Post-Up > Right Block > Post Pin,Post-Ups Including Passes,Post-Up,Right Block,Post Pin,,,1,25.0,1.0,56.8,0.0,100.0,0,,,,,,0,,100.0,,,0,0,,0.9,,100.0,0,0,0,,0,0,,1
Kevin Osawe,Montreal Alliance,2025-2026,offense,Post up,No Dribble Move,5,Post Pin,Post-Ups Including Passes > Post-Up > Right Block > Post Pin > No Dribble Move,Post-Ups Including Passes,Post-Up,Right Block,Post Pin,No Dribble Move,,1,100.0,1.0,56.8,0.0,100.0,0,,,,,,0,,100.0,,,0,0,,0.9,,100.0,0,0,0,,0,0,,1
Kevin Osawe,Montreal Alliance,2025-2026,offense,Post up,To Basket,6,No Dribble Move,Post-Ups Including Passes > Post-Up > Right Block > Post Pin > No Dribble Move > To Basket,Post-Ups Including Passes,Post-Up,Right Block,Post Pin,No Dribble Move,To Basket,1,100.0,1.0,56.8,0.0,100.0,0,,,,,,0,,100.0,,,0,0,,0.9,,100.0,0,0,0,,0,0,,1
Kevin Osawe,Montreal Alliance,2025-2026,offense,Post up,Spot-Up,2,Post-Ups Including Passes,Post-Ups Including Passes > Spot-Up,Post-Ups Including Passes,Spot-Up,,,,,1,9.1,0.0,0.0,0.0,0.0,0,,,,0.0,,1,0.0,0.0,,,0,1,,1.0,0.0,0.0,1,0,1,0.0,0,0,0.0,0
Kevin Osawe,Montreal Alliance,2025-2026,offense,Post up,Drives Left,3,Spot-Up,Post-Ups Including Passes > Spot-Up > Drives Left,Post-Ups Including Passes,Spot-Up,Drives Left,,,,1,100.0,0.0,0.0,0.0,0.0,0,,,,0.0,,1,0.0,0.0,,,0,1,,1.0,0.0,0.0,1,0,1,0.0,0,0,0.0,0
Kevin Osawe,Montreal Alliance,2025-2026,offense,Post up,To Basket,4,Drives Left,Post-Ups Including Passes > Spot-Up > Drives Left > To Basket,Post-Ups Including Passes,Spot-Up,Drives Left,To Basket,,,1,100.0,0.0,0.0,0.0,0.0,0,,,,0.0,,1,0.0,0.0,,,0,1,,1.0,0.0,0.0,1,0,1,0.0,0,0,0.0,0
Kevin Osawe,Montreal Alliance,2025-2026,offense,Post up,Miss 2 Pts,5,To Basket,Post-Ups Including Passes > Spot-Up > Drives Left > To Basket > Miss 2 Pts,Post-Ups Including Passes,Spot-Up,Drives Left,To Basket,Miss 2 Pts,,1,100.0,0.0,0.0,0.0,0.0,0,,,,0.0,,1,0.0,0.0,,,0,1,,1.0,0.0,0.0,1,0,1,0.0,0,0,0.0,0
Kevin Osawe,Montreal Alliance,2025-2026,offense,Post up,Post-Up - Defense Commits,1,,Post-Up - Defense Commits,Post-Up - Defense Commits,,,,,,3,1.6,0.0,0.0,66.7,0.0,0,,,,0.0,,1,0.0,0.0,,,0,1,,1.0,0.0,0.0,1,0,1,0.0,0,0,0.0,0
Kevin Osawe,Montreal Alliance,2025-2026,offense,Post up,Post-Up,2,Post-Up - Defense Commits,Post-Up - Defense Commits > Post-Up,Post-Up - Defense Commits,Post-Up,,,,,2,66.7,0.0,,100.0,0.0,0,,,,,,0,,0.0,,,0,0,,0.0,,0.0,0,0,0,,0,0,,0
Kevin Osawe,Montreal Alliance,2025-2026,offense,Post up,Left Block,3,Post-Up,Post-Up - Defense Commits > Post-Up > Left Block,Post-Up - Defense Commits,Post-Up,Left Block,,,,1,50.0,0.0,,100.0,0.0,0,,,,,,0,,0.0,,,0,0,,0.0,,0.0,0,0,0,,0,0,,0
Kevin Osawe,Montreal Alliance,2025-2026,offense,Post up,Face-up,4,Left Block,Post-Up - Defense Commits > Post-Up > Left Block > Face-up,Post-Up - Defense Commits,Post-Up,Left Block,Face-up,,,1,100.0,0.0,,100.0,0.0,0,,,,,,0,,0.0,,,0,0,,0.0,,0.0,0,0,0,,0,0,,0
Kevin Osawe,Montreal Alliance,2025-2026,offense,Post up,Defense Commits,5,Face-up,Post-Up - Defense Commits > Post-Up > Left Block > Face-up > Defense Commits,Post-Up - Defense Commits,Post-Up,Left Block,Face-up,Defense Commits,,1,100.0,0.0,,100.0,0.0,0,,,,,,0,,0.0,,,0,0,,0.0,,0.0,0,0,0,,0,0,,0
Kevin Osawe,Montreal Alliance,2025-2026,offense,Post up,Turnover,6,Defense Commits,Post-Up - Defense Commits > Post-Up > Left Block > Face-up > Defense Commits > Turnover,Post-Up - Defense Commits,Post-Up,Left Block,Face-up,Defense Commits,Turnover,1,100.0,0.0,,100.0,0.0,0,,,,,,0,,0.0,,,0,0,,0.0,,0.0,0,0,0,,0,0,,0
Kevin Osawe,Montreal Alliance,2025-2026,offense,Post up,Right Block,3,Post-Up,Post-Up - Defense Commits > Post-Up > Right Block,Post-Up - Defense Commits,Post-Up,Right Block,,,,1,50.0,0.0,,100.0,0.0,0,,,,,,0,,0.0,,,0,0,,0.0,,0.0,0,0,0,,0,0,,0
Kevin Osawe,Montreal Alliance,2025-2026,offense,Post up,Right Shoulder,4,Right Block,Post-Up - Defense Commits > Post-Up > Right Block > Right Shoulder,Post-Up - Defense Commits,Post-Up,Right Block,Right Shoulder,,,1,100.0,0.0,,100.0,0.0,0,,,,,,0,,0.0,,,0,0,,0.0,,0.0,0,0,0,,0,0,,0
Kevin Osawe,Montreal Alliance,2025-2026,offense,Post up,Dribble Move,5,Right Shoulder,Post-Up - Defense Commits > Post-Up > Right Block > Right Shoulder > Dribble Move,Post-Up - Defense Commits,Post-Up,Right Block,Right Shoulder,Dribble Move,,1,100.0,0.0,,100.0,0.0,0,,,,,,0,,0.0,,,0,0,,0.0,,0.0,0,0,0,,0,0,,0
Kevin Osawe,Montreal Alliance,2025-2026,offense,Post up,Defense Commits,6,Dribble Move,Post-Up - Defense Commits > Post-Up > Right Block > Right Shoulder > Dribble Move > Defense Commits,Post-Up - Defense Commits,Post-Up,Right Block,Right Shoulder,Dribble Move,Defense Commits,1,100.0,0.0,,100.0,0.0,0,,,,,,0,,0.0,,,0,0,,0.0,,0.0,0,0,0,,0,0,,0
Kevin Osawe,Montreal Alliance,2025-2026,offense,Post up,Spot-Up,2,Post-Up - Defense Commits,Post-Up - Defense Commits > Spot-Up,Post-Up - Defense Commits,Spot-Up,,,,,1,33.3,0.0,0.0,0.0,0.0,0,,,,0.0,,1,0.0,0.0,,,0,1,,1.0,0.0,0.0,1,0,1,0.0,0,0,0.0,0
Kevin Osawe,Montreal Alliance,2025-2026,offense,Post up,Drives Left,3,Spot-Up,Post-Up - Defense Commits > Spot-Up > Drives Left,Post-Up - Defense Commits,Spot-Up,Drives Left,,,,1,100.0,0.0,0.0,0.0,0.0,0,,,,0.0,,1,0.0,0.0,,,0,1,,1.0,0.0,0.0,1,0,1,0.0,0,0,0.0,0
Kevin Osawe,Montreal Alliance,2025-2026,offense,Post up,To Basket,4,Drives Left,Post-Up - Defense Commits > Spot-Up > Drives Left > To Basket,Post-Up - Defense Commits,Spot-Up,Drives Left,To Basket,,,1,100.0,0.0,0.0,0.0,0.0,0,,,,0.0,,1,0.0,0.0,,,0,1,,1.0,0.0,0.0,1,0,1,0.0,0,0,0.0,0
Kevin Osawe,Montreal Alliance,2025-2026,offense,Post up,Miss 2 Pts,5,To Basket,Post-Up - Defense Commits > Spot-Up > Drives Left > To Basket > Miss 2 Pts,Post-Up - Defense Commits,Spot-Up,Drives Left,To Basket,Miss 2 Pts,,1,100.0,0.0,0.0,0.0,0.0,0,,,,0.0,,1,0.0,0.0,,,0,1,,1.0,0.0,0.0,1,0,1,0.0,0,0,0.0,0
Kevin Osawe,Montreal Alliance,2025-2026,offense,Post up,Post-Up - Hard Double,1,,Post-Up - Hard Double,Post-Up - Hard Double,,,,,,0,0.0,,,,,0,,,,,,0,,,,,0,0,,0.0,,,0,0,0,,0,0,,0
