PLAYER,TEAM,SEASON,SIDE,TABLE,STAT,DEPTH,PARENT,PATH,LEVEL_1,LEVEL_2,LEVEL_3,LEVEL_4,LEVEL_5,LEVEL_6,POSS,%TIME,PPP,TS%,TO%,%FT,3FG ATT,3 FG%,PPP RATING,PPP RANK,FG%,%TIME RANK,FG ATT,EFG%,%SF,SSQ,PPS,FG MADE,FG MISS,SSM,TSA,FTA/FGA,SCORE%,2 FG ATT,2 FG MADE,2 FG MISS,2 FG%,3 FG MADE,3 FG MISS,3PA/FGA,PTS
Lloyd Pandi,Ottawa Blackjacks,2024-2025,offense,Play types,Spot Up,1,,Spot Up,Spot Up,,,,,,84,35.4,1.143,62.9,9.5,8.3,34,44.1,Very Good,72.0,49.3,76.0,71,59.9,8.3,,,35,36,,76.3,0.17,47.6,37,20,17,54.1,15,19,0.48,96
Lloyd Pandi,Ottawa Blackjacks,2024-2025,offense,Play types,No Dribble Jumper,2,Spot Up,Spot Up > No Dribble Jumper,Spot Up,No Dribble Jumper,,,,,33,39.3,1.364,68.2,0.0,0.0,33,45.5,,,45.5,,33,68.2,0.0,,,15,18,,33.0,0.0,45.5,0,0,0,,15,18,1.0,45
Lloyd Pandi,Ottawa Blackjacks,2024-2025,offense,Play types,Open,3,No Dribble Jumper,Spot Up > No Dribble Jumper > Open,Spot Up,No Dribble Jumper,Open,,,,19,57.6,1.579,78.9,0.0,0.0,19,52.6,,,52.6,,19,78.9,0.0,,,10,9,,19.0,0.0,52.6,0,0,0,,10,9,1.0,30
Lloyd Pandi,Ottawa Blackjacks,2024-2025,offense,Play types,Long/3pt,4,Open,Spot Up > No Dribble Jumper > Open > Long/3pt,Spot Up,No Dribble Jumper,Open,Long/3pt,,,19,100.0,1.579,78.9,0.0,0.0,19,52.6,,,52.6,,19,78.9,0.0,,,10,9,,19.0,0.0,52.6,0,0,0,,10,9,1.0,30
Lloyd Pandi,Ottawa Blackjacks,2024-2025,offense,Play types,Make 3 Pts,5,Long/3pt,Spot Up > No Dribble Jumper > Open > Long/3pt > Make 3 Pts,Spot Up,No Dribble Jumper,Open,Long/3pt,Make 3 Pts,,10,52.6,3.0,150.0,0.0,0.0,10,100.0,,,100.0,,10,150.0,0.0,,,10,0,,10.0,0.0,100.0,0,0,0,,10,0,1.0,30
Lloyd Pandi,Ottawa Blackjacks,2024-2025,offense,Play types,Miss 3 Pts,5,Long/3pt,Spot Up > No Dribble Jumper > Open > Long/3pt > Miss 3 Pts,Spot Up,No Dribble Jumper,Open,Long/3pt,Miss 3 Pts,,9,47.4,0.0,0.0,0.0,0.0,9,0.0,,,0.0,,9,0.0,0.0,,,0,9,,9.0,0.0,0.0,0,0,0,,0,9,1.0,0
Lloyd Pandi,Ottawa Blackjacks,2024-2025,offense,Play types,Guarded,3,No Dribble Jumper,Spot Up > No Dribble Jumper > Guarded,Spot Up,No Dribble Jumper,Guarded,,,,14,42.4,1.071,53.6,0.0,0.0,14,35.7,,,35.7,,14,53.6,0.0,,,5,9,,14.0,0.0,35.7,0,0,0,,5,9,1.0,15
Lloyd Pandi,Ottawa Blackjacks,2024-2025,offense,Play types,Long/3pt,4,Guarded,Spot Up > No Dribble Jumper > Guarded > Long/3pt,Spot Up,No Dribble Jumper,Guarded,Long/3pt,,,14,100.0,1.071,53.6,0.0,0.0,14,35.7,,,35.7,,14,53.6,0.0,,,5,9,,14.0,0.0,35.7,0,0,0,,5,9,1.0,15
Lloyd Pandi,Ottawa Blackjacks,2024-2025,offense,Play types,Miss 3 Pts,5,Long/3pt,Spot Up > No Dribble Jumper > Guarded > Long/3pt > Miss 3 Pts,Spot Up,No Dribble Jumper,Guarded,Long/3pt,Miss 3 Pts,,9,64.3,0.0,0.0,0.0,0.0,9,0.0,,,0.0,,9,0.0,0.0,,,0,9,,9.0,0.0,0.0,0,0,0,,0,9,1.0,0
Lloyd Pandi,Ottawa Blackjacks,2024-2025,offense,Play types,Make 3 Pts,5,Long/3pt,Spot Up > No Dribble Jumper > Guarded > Long/3pt > Make 3 Pts,Spot Up,No Dribble Jumper,Guarded,Long/3pt,Make 3 Pts,,5,35.7,3.0,150.0,0.0,0.0,5,100.0,,,100.0,,5,150.0,0.0,,,5,0,,5.0,0.0,100.0,0,0,0,,5,0,1.0,15
Lloyd Pandi,Ottawa Blackjacks,2024-2025,offense,Play types,Drives Left,2,Spot Up,Spot Up > Drives Left,Spot Up,Drives Left,,,,,27,32.1,0.889,48.1,7.4,18.5,0,,,,38.1,,21,38.1,18.5,,,8,13,,25.0,0.43,44.4,21,8,13,38.1,0,0,0.0,24
Lloyd Pandi,Ottawa Blackjacks,2024-2025,offense,Play types,To Basket,3,Drives Left,Spot Up > Drives Left > To Basket,Spot Up,Drives Left,To Basket,,,,20,74.1,1.0,50.1,0.0,25.0,0,,,,37.5,,16,37.5,25.0,,,6,10,,20.0,0.56,50.0,16,6,10,37.5,0,0,0.0,20
Lloyd Pandi,Ottawa Blackjacks,2024-2025,offense,Play types,Miss 2 Pts,4,To Basket,Spot Up > Drives Left > To Basket > Miss 2 Pts,Spot Up,Drives Left,To Basket,Miss 2 Pts,,,10,50.0,0.0,0.0,0.0,0.0,0,,,,0.0,,10,0.0,0.0,,,0,10,,10.0,0.0,0.0,10,0,10,0.0,0,0,0.0,0
Lloyd Pandi,Ottawa Blackjacks,2024-2025,offense,Play types,Make 2 Pts,4,To Basket,Spot Up > Drives Left > To Basket > Make 2 Pts,Spot Up,Drives Left,To Basket,Make 2 Pts,,,5,25.0,2.0,100.0,0.0,0.0,0,,,,100.0,,5,100.0,0.0,,,5,0,,5.0,0.0,100.0,5,5,0,100.0,0,0,0.0,10
Lloyd Pandi,Ottawa Blackjacks,2024-2025,offense,Play types,Foul,4,To Basket,Spot Up > Drives Left > To Basket > Foul,Spot Up,Drives Left,To Basket,Foul,,,4,20.0,1.75,99.4,0.0,100.0,0,,,,,,0,,100.0,,,0,0,,3.5,,100.0,0,0,0,,0,0,,7
Lloyd Pandi,Ottawa Blackjacks,2024-2025,offense,Play types,Make 2 Pts Foul,4,To Basket,Spot Up > Drives Left > To Basket > Make 2 Pts Foul,Spot Up,Drives Left,To Basket,Make 2 Pts Foul,,,1,5.0,3.0,104.2,0.0,100.0,0,,,,100.0,,1,100.0,100.0,,,1,0,,1.4,1.0,100.0,1,1,0,100.0,0,0,0.0,3
Lloyd Pandi,Ottawa Blackjacks,2024-2025,offense,Play types,1 Pts,5,Make 2 Pts Foul,Spot Up > Drives Left > To Basket > Make 2 Pts Foul > 1 Pts,Spot Up,Drives Left,To Basket,Make 2 Pts Foul,1 Pts,,1,100.0,3.0,104.2,0.0,100.0,0,,,,100.0,,1,100.0,100.0,,,1,0,,1.4,1.0,100.0,1,1,0,100.0,0,0,0.0,3
Lloyd Pandi,Ottawa Blackjacks,2024-2025,offense,Play types,Dribble Jumper,3,Drives Left,Spot Up > Drives Left > Dribble Jumper,Spot Up,Drives Left,Dribble Jumper,,,,5,18.5,0.8,40.0,0.0,0.0,0,,,,40.0,,5,40.0,0.0,,,2,3,,5.0,0.0,40.0,5,2,3,40.0,0,0,0.0,4
Lloyd Pandi,Ottawa Blackjacks,2024-2025,offense,Play types,Short to < 17,4,Dribble Jumper,Spot Up > Drives Left > Dribble Jumper > Short to < 17,Spot Up,Drives Left,Dribble Jumper,Short to < 17,,,4,80.0,1.0,50.0,0.0,0.0,0,,,,50.0,,4,50.0,0.0,,,2,2,,4.0,0.0,50.0,4,2,2,50.0,0,0,0.0,4
Lloyd Pandi,Ottawa Blackjacks,2024-2025,offense,Play types,Make 2 Pts,5,Short to < 17,Spot Up > Drives Left > Dribble Jumper > Short to < 17 > Make 2 Pts,Spot Up,Drives Left,Dribble Jumper,Short to < 17,Make 2 Pts,,2,50.0,2.0,100.0,0.0,0.0,0,,,,100.0,,2,100.0,0.0,,,2,0,,2.0,0.0,100.0,2,2,0,100.0,0,0,0.0,4
Lloyd Pandi,Ottawa Blackjacks,2024-2025,offense,Play types,Miss 2 Pts,5,Short to < 17,Spot Up > Drives Left > Dribble Jumper > Short to < 17 > Miss 2 Pts,Spot Up,Drives Left,Dribble Jumper,Short to < 17,Miss 2 Pts,,2,50.0,0.0,0.0,0.0,0.0,0,,,,0.0,,2,0.0,0.0,,,0,2,,2.0,0.0,0.0,2,0,2,0.0,0,0,0.0,0
Lloyd Pandi,Ottawa Blackjacks,2024-2025,offense,Play types,Medium/17' to 3pt,4,Dribble Jumper,Spot Up > Drives Left > Dribble Jumper > Medium/17' to 3pt,Spot Up,Drives Left,Dribble Jumper,Medium/17' to 3pt,,,1,20.0,0.0,0.0,0.0,0.0,0,,,,0.0,,1,0.0,0.0,,,0,1,,1.0,0.0,0.0,1,0,1,0.0,0,0,0.0,0
Lloyd Pandi,Ottawa Blackjacks,2024-2025,offense,Play types,Miss 2 Pts,5,Medium/17' to 3pt,Spot Up > Drives Left > Dribble Jumper > Medium/17' to 3pt > Miss 2 Pts,Spot Up,Drives Left,Dribble Jumper,Medium/17' to 3pt,Miss 2 Pts,,1,100.0,0.0,0.0,0.0,0.0,0,,,,0.0,,1,0.0,0.0,,,0,1,,1.0,0.0,0.0,1,0,1,0.0,0,0,0.0,0
Lloyd Pandi,Ottawa Blackjacks,2024-2025,offense,Play types,Turnover,3,Drives Left,Spot Up > Drives Left > Turnover,Spot Up,Drives Left,Turnover,,,,2,7.4,0.0,,100.0,0.0,0,,,,,,0,,0.0,,,0,0,,0.0,,0.0,0,0,0,,0,0,,0
Lloyd Pandi,Ottawa Blackjacks,2024-2025,offense,Play types,Drives Right,2,Spot Up,Spot Up > Drives Right,Spot Up,Drives Right,,,,,22,26.2,1.136,72.2,22.7,9.1,1,0.0,,,68.8,,16,68.8,9.1,,,11,5,,17.3,0.19,54.5,15,11,4,73.3,0,1,0.06,25
Lloyd Pandi,Ottawa Blackjacks,2024-2025,offense,Play types,To Basket,3,Drives Right,Spot Up > Drives Right > To Basket,Spot Up,Drives Right,To Basket,,,,14,63.6,1.5,73.3,0.0,14.3,0,,,,69.2,,13,69.2,14.3,,,9,4,,14.3,0.23,71.4,13,9,4,69.2,0,0,0.0,21
Lloyd Pandi,Ottawa Blackjacks,2024-2025,offense,Play types,Make 2 Pts,4,To Basket,Spot Up > Drives Right > To Basket > Make 2 Pts,Spot Up,Drives Right,To Basket,Make 2 Pts,,,8,57.1,2.0,100.0,0.0,0.0,0,,,,100.0,,8,100.0,0.0,,,8,0,,8.0,0.0,100.0,8,8,0,100.0,0,0,0.0,16
Lloyd Pandi,Ottawa Blackjacks,2024-2025,offense,Play types,Miss 2 Pts,4,To Basket,Spot Up > Drives Right > To Basket > Miss 2 Pts,Spot Up,Drives Right,To Basket,Miss 2 Pts,,,4,28.6,0.0,0.0,0.0,0.0,0,,,,0.0,,4,0.0,0.0,,,0,4,,4.0,0.0,0.0,4,0,4,0.0,0,0,0.0,0
Lloyd Pandi,Ottawa Blackjacks,2024-2025,offense,Play types,Make 2 Pts Foul,4,To Basket,Spot Up > Drives Right > To Basket > Make 2 Pts Foul,Spot Up,Drives Right,To Basket,Make 2 Pts Foul,,,1,7.1,3.0,104.2,0.0,100.0,0,,,,100.0,,1,100.0,100.0,,,1,0,,1.4,1.0,100.0,1,1,0,100.0,0,0,0.0,3
Lloyd Pandi,Ottawa Blackjacks,2024-2025,offense,Play types,1 Pts,5,Make 2 Pts Foul,Spot Up > Drives Right > To Basket > Make 2 Pts Foul > 1 Pts,Spot Up,Drives Right,To Basket,Make 2 Pts Foul,1 Pts,,1,100.0,3.0,104.2,0.0,100.0,0,,,,100.0,,1,100.0,100.0,,,1,0,,1.4,1.0,100.0,1,1,0,100.0,0,0,0.0,3
Lloyd Pandi,Ottawa Blackjacks,2024-2025,offense,Play types,Foul,4,To Basket,Spot Up > Drives Right > To Basket > Foul,Spot Up,Drives Right,To Basket,Foul,,,1,7.1,2.0,113.6,0.0,100.0,0,,,,,,0,,100.0,,,0,0,,0.9,,100.0,0,0,0,,0,0,,2
Lloyd Pandi,Ottawa Blackjacks,2024-2025,offense,Play types,Turnover,3,Drives Right,Spot Up > Drives Right > Turnover,Spot Up,Drives Right,Turnover,,,,5,22.7,0.0,,100.0,0.0,0,,,,,,0,,0.0,,,0,0,,0.0,,0.0,0,0,0,,0,0,,0
Lloyd Pandi,Ottawa Blackjacks,2024-2025,offense,Play types,Dribble Jumper,3,Drives Right,Spot Up > Drives Right > Dribble Jumper,Spot Up,Drives Right,Dribble Jumper,,,,3,13.6,1.333,66.7,0.0,0.0,1,0.0,,,66.7,,3,66.7,0.0,,,2,1,,3.0,0.0,66.7,2,2,0,100.0,0,1,0.33,4
Lloyd Pandi,Ottawa Blackjacks,2024-2025,offense,Play types,Short to < 17,4,Dribble Jumper,Spot Up > Drives Right > Dribble Jumper > Short to < 17,Spot Up,Drives Right,Dribble Jumper,Short to < 17,,,1,33.3,2.0,100.0,0.0,0.0,0,,,,100.0,,1,100.0,0.0,,,1,0,,1.0,0.0,100.0,1,1,0,100.0,0,0,0.0,2
Lloyd Pandi,Ottawa Blackjacks,2024-2025,offense,Play types,Make 2 Pts,5,Short to < 17,Spot Up > Drives Right > Dribble Jumper > Short to < 17 > Make 2 Pts,Spot Up,Drives Right,Dribble Jumper,Short to < 17,Make 2 Pts,,1,100.0,2.0,100.0,0.0,0.0,0,,,,100.0,,1,100.0,0.0,,,1,0,,1.0,0.0,100.0,1,1,0,100.0,0,0,0.0,2
Lloyd Pandi,Ottawa Blackjacks,2024-2025,offense,Play types,Long/3pt,4,Dribble Jumper,Spot Up > Drives Right > Dribble Jumper > Long/3pt,Spot Up,Drives Right,Dribble Jumper,Long/3pt,,,1,33.3,0.0,0.0,0.0,0.0,1,0.0,,,0.0,,1,0.0,0.0,,,0,1,,1.0,0.0,0.0,0,0,0,,0,1,1.0,0
Lloyd Pandi,Ottawa Blackjacks,2024-2025,offense,Play types,Miss 3 Pts,5,Long/3pt,Spot Up > Drives Right > Dribble Jumper > Long/3pt > Miss 3 Pts,Spot Up,Drives Right,Dribble Jumper,Long/3pt,Miss 3 Pts,,1,100.0,0.0,0.0,0.0,0.0,1,0.0,,,0.0,,1,0.0,0.0,,,0,1,,1.0,0.0,0.0,0,0,0,,0,1,1.0,0
Lloyd Pandi,Ottawa Blackjacks,2024-2025,offense,Play types,Medium/17' to 3pt,4,Dribble Jumper,Spot Up > Drives Right > Dribble Jumper > Medium/17' to 3pt,Spot Up,Drives Right,Dribble Jumper,Medium/17' to 3pt,,,1,33.3,2.0,100.0,0.0,0.0,0,,,,100.0,,1,100.0,0.0,,,1,0,,1.0,0.0,100.0,1,1,0,100.0,0,0,0.0,2
Lloyd Pandi,Ottawa Blackjacks,2024-2025,offense,Play types,Make 2 Pts,5,Medium/17' to 3pt,Spot Up > Drives Right > Dribble Jumper > Medium/17' to 3pt > Make 2 Pts,Spot Up,Drives Right,Dribble Jumper,Medium/17' to 3pt,Make 2 Pts,,1,100.0,2.0,100.0,0.0,0.0,0,,,,100.0,,1,100.0,0.0,,,1,0,,1.0,0.0,100.0,1,1,0,100.0,0,0,0.0,2
Lloyd Pandi,Ottawa Blackjacks,2024-2025,offense,Play types,Drives Straight,2,Spot Up,Spot Up > Drives Straight,Spot Up,Drives Straight,,,,,1,1.2,2.0,100.0,0.0,0.0,0,,,,100.0,,1,100.0,0.0,,,1,0,,1.0,0.0,100.0,1,1,0,100.0,0,0,0.0,2
Lloyd Pandi,Ottawa Blackjacks,2024-2025,offense,Play types,To Basket,3,Drives Straight,Spot Up > Drives Straight > To Basket,Spot Up,Drives Straight,To Basket,,,,1,100.0,2.0,100.0,0.0,0.0,0,,,,100.0,,1,100.0,0.0,,,1,0,,1.0,0.0,100.0,1,1,0,100.0,0,0,0.0,2
Lloyd Pandi,Ottawa Blackjacks,2024-2025,offense,Play types,Make 2 Pts,4,To Basket,Spot Up > Drives Straight > To Basket > Make 2 Pts,Spot Up,Drives Straight,To Basket,Make 2 Pts,,,1,100.0,2.0,100.0,0.0,0.0,0,,,,100.0,,1,100.0,0.0,,,1,0,,1.0,0.0,100.0,1,1,0,100.0,0,0,0.0,2
Lloyd Pandi,Ottawa Blackjacks,2024-2025,offense,Play types,Turnover,2,Spot Up,Spot Up > Turnover,Spot Up,Turnover,,,,,1,1.2,0.0,,100.0,0.0,0,,,,,,0,,0.0,,,0,0,,0.0,,0.0,0,0,0,,0,0,,0
Lloyd Pandi,Ottawa Blackjacks,2024-2025,offense,Play types,P&R Ball Handler,1,,P&R Ball Handler,P&R Ball Handler,,,,,,33,13.9,0.939,49.6,6.1,21.2,5,20.0,Very Good,79.0,42.3,17.0,26,44.2,21.2,,,11,15,,31.3,0.46,45.5,21,10,11,47.6,1,4,0.19,31
Lloyd Pandi,Ottawa Blackjacks,2024-2025,offense,Play types,P&R Ball Handler - Overall,2,P&R Ball Handler,P&R Ball Handler > P&R Ball Handler - Overall,P&R Ball Handler,P&R Ball Handler - Overall,,,,,33,100.0,0.939,49.6,6.1,21.2,5,20.0,,,42.3,,26,44.2,21.2,,,11,15,,31.3,0.46,45.5,21,10,11,47.6,1,4,0.19,31
Lloyd Pandi,Ottawa Blackjacks,2024-2025,offense,Play types,Dribble Off Pick,3,P&R Ball Handler - Overall,P&R Ball Handler > P&R Ball Handler - Overall > Dribble Off Pick,P&R Ball Handler,P&R Ball Handler - Overall,Dribble Off Pick,,,,24,72.7,0.833,45.5,8.3,20.8,4,25.0,,,38.9,,18,41.7,20.8,,,7,11,,22.0,0.5,41.7,14,6,8,42.9,1,3,0.22,20
Lloyd Pandi,Ottawa Blackjacks,2024-2025,offense,Play types,Go Away from Pick,3,P&R Ball Handler - Overall,P&R Ball Handler > P&R Ball Handler - Overall > Go Away from Pick,P&R Ball Handler,P&R Ball Handler - Overall,Go Away from Pick,,,,8,24.2,1.375,66.1,0.0,25.0,0,,,,57.1,,7,57.1,25.0,,,4,3,,8.3,0.43,62.5,7,4,3,57.1,0,0,0.0,11
Lloyd Pandi,Ottawa Blackjacks,2024-2025,offense,Play types,Takes Early Jump Shot,3,P&R Ball Handler - Overall,P&R Ball Handler > P&R Ball Handler - Overall > Takes Early Jump Shot,P&R Ball Handler,P&R Ball Handler - Overall,Takes Early Jump Shot,,,,1,3.0,0.0,0.0,0.0,0.0,1,0.0,,,0.0,,1,0.0,0.0,,,0,1,,1.0,0.0,0.0,0,0,0,,0,1,1.0,0
Lloyd Pandi,Ottawa Blackjacks,2024-2025,offense,Play types,High P&R,2,P&R Ball Handler,P&R Ball Handler > High P&R,P&R Ball Handler,High P&R,,,,,22,66.7,1.0,53.6,9.1,22.7,3,33.3,,,47.1,,17,50.0,22.7,,,8,9,,20.5,0.47,45.5,14,7,7,50.0,1,2,0.18,22
Lloyd Pandi,Ottawa Blackjacks,2024-2025,offense,Play types,Dribble Off Pick,3,High P&R,P&R Ball Handler > High P&R > Dribble Off Pick,P&R Ball Handler,High P&R,Dribble Off Pick,,,,19,86.4,0.789,43.6,10.5,15.8,3,33.3,,,40.0,,15,43.3,15.8,,,6,9,,17.2,0.33,36.8,12,5,7,41.7,1,2,0.2,15
Lloyd Pandi,Ottawa Blackjacks,2024-2025,offense,Play types,To Basket,4,Dribble Off Pick,P&R Ball Handler > High P&R > Dribble Off Pick > To Basket,P&R Ball Handler,High P&R,Dribble Off Pick,To Basket,,,10,52.6,0.8,39.2,0.0,30.0,0,,,,37.5,,8,37.5,30.0,,,3,5,,10.2,0.63,40.0,8,3,5,37.5,0,0,0.0,8
Lloyd Pandi,Ottawa Blackjacks,2024-2025,offense,Play types,Miss 2 Pts,5,To Basket,P&R Ball Handler > High P&R > Dribble Off Pick > To Basket > Miss 2 Pts,P&R Ball Handler,High P&R,Dribble Off Pick,To Basket,Miss 2 Pts,,5,50.0,0.0,0.0,0.0,0.0,0,,,,0.0,,5,0.0,0.0,,,0,5,,5.0,0.0,0.0,5,0,5,0.0,0,0,0.0,0
Lloyd Pandi,Ottawa Blackjacks,2024-2025,offense,Play types,Foul,5,To Basket,P&R Ball Handler > High P&R > Dribble Off Pick > To Basket > Foul,P&R Ball Handler,High P&R,Dribble Off Pick,To Basket,Foul,,2,20.0,0.5,28.4,0.0,100.0,0,,,,,,0,,100.0,,,0,0,,1.8,,50.0,0,0,0,,0,0,,1
Lloyd Pandi,Ottawa Blackjacks,2024-2025,offense,Play types,Make 2 Pts,5,To Basket,P&R Ball Handler > High P&R > Dribble Off Pick > To Basket > Make 2 Pts,P&R Ball Handler,High P&R,Dribble Off Pick,To Basket,Make 2 Pts,,2,20.0,2.0,100.0,0.0,0.0,0,,,,100.0,,2,100.0,0.0,,,2,0,,2.0,0.0,100.0,2,2,0,100.0,0,0,0.0,4
Lloyd Pandi,Ottawa Blackjacks,2024-2025,offense,Play types,Make 2 Pts Foul,5,To Basket,P&R Ball Handler > High P&R > Dribble Off Pick > To Basket > Make 2 Pts Foul,P&R Ball Handler,High P&R,Dribble Off Pick,To Basket,Make 2 Pts Foul,,1,10.0,3.0,104.2,0.0,100.0,0,,,,100.0,,1,100.0,100.0,,,1,0,,1.4,1.0,100.0,1,1,0,100.0,0,0,0.0,3
Lloyd Pandi,Ottawa Blackjacks,2024-2025,offense,Play types,Dribble Jumper,4,Dribble Off Pick,P&R Ball Handler > High P&R > Dribble Off Pick > Dribble Jumper,P&R Ball Handler,High P&R,Dribble Off Pick,Dribble Jumper,,,7,36.8,1.0,50.0,0.0,0.0,3,33.3,,,42.9,,7,50.0,0.0,,,3,4,,7.0,0.0,42.9,4,2,2,50.0,1,2,0.43,7
Lloyd Pandi,Ottawa Blackjacks,2024-2025,offense,Play types,Long/3pt,5,Dribble Jumper,P&R Ball Handler > High P&R > Dribble Off Pick > Dribble Jumper > Long/3pt,P&R Ball Handler,High P&R,Dribble Off Pick,Dribble Jumper,Long/3pt,,3,42.9,1.0,50.0,0.0,0.0,3,33.3,,,33.3,,3,50.0,0.0,,,1,2,,3.0,0.0,33.3,0,0,0,,1,2,1.0,3
Lloyd Pandi,Ottawa Blackjacks,2024-2025,offense,Play types,Medium/17' to 3pt,5,Dribble Jumper,P&R Ball Handler > High P&R > Dribble Off Pick > Dribble Jumper > Medium/17' to 3pt,P&R Ball Handler,High P&R,Dribble Off Pick,Dribble Jumper,Medium/17' to 3pt,,2,28.6,1.0,50.0,0.0,0.0,0,,,,50.0,,2,50.0,0.0,,,1,1,,2.0,0.0,50.0,2,1,1,50.0,0,0,0.0,2
Lloyd Pandi,Ottawa Blackjacks,2024-2025,offense,Play types,Short to < 17,5,Dribble Jumper,P&R Ball Handler > High P&R > Dribble Off Pick > Dribble Jumper > Short to < 17,P&R Ball Handler,High P&R,Dribble Off Pick,Dribble Jumper,Short to < 17,,2,28.6,1.0,50.0,0.0,0.0,0,,,,50.0,,2,50.0,0.0,,,1,1,,2.0,0.0,50.0,2,1,1,50.0,0,0,0.0,2
Lloyd Pandi,Ottawa Blackjacks,2024-2025,offense,Play types,Defense Commits,4,Dribble Off Pick,P&R Ball Handler > High P&R > Dribble Off Pick > Defense Commits,P&R Ball Handler,High P&R,Dribble Off Pick,Defense Commits,,,2,10.5,0.0,,100.0,0.0,0,,,,,,0,,0.0,,,0,0,,0.0,,0.0,0,0,0,,0,0,,0
Lloyd Pandi,Ottawa Blackjacks,2024-2025,offense,Play types,Turnover,5,Defense Commits,P&R Ball Handler > High P&R > Dribble Off Pick > Defense Commits > Turnover,P&R Ball Handler,High P&R,Dribble Off Pick,Defense Commits,Turnover,,2,100.0,0.0,,100.0,0.0,0,,,,,,0,,0.0,,,0,0,,0.0,,0.0,0,0,0,,0,0,,0
Lloyd Pandi,Ottawa Blackjacks,2024-2025,offense,Play types,Go Away from Pick,3,High P&R,P&R Ball Handler > High P&R > Go Away from Pick,P&R Ball Handler,High P&R,Go Away from Pick,,,,3,13.6,2.333,105.4,0.0,66.7,0,,,,100.0,,2,100.0,66.7,,,2,0,,3.3,1.5,100.0,2,2,0,100.0,0,0,0.0,7
Lloyd Pandi,Ottawa Blackjacks,2024-2025,offense,Play types,To Basket,4,Go Away from Pick,P&R Ball Handler > High P&R > Go Away from Pick > To Basket,P&R Ball Handler,High P&R,Go Away from Pick,To Basket,,,3,100.0,2.333,105.4,0.0,66.7,0,,,,100.0,,2,100.0,66.7,,,2,0,,3.3,1.5,100.0,2,2,0,100.0,0,0,0.0,7
Lloyd Pandi,Ottawa Blackjacks,2024-2025,offense,Play types,Foul,5,To Basket,P&R Ball Handler > High P&R > Go Away from Pick > To Basket > Foul,P&R Ball Handler,High P&R,Go Away from Pick,To Basket,Foul,,1,33.3,2.0,113.6,0.0,100.0,0,,,,,,0,,100.0,,,0,0,,0.9,,100.0,0,0,0,,0,0,,2
Lloyd Pandi,Ottawa Blackjacks,2024-2025,offense,Play types,Make 2 Pts,5,To Basket,P&R Ball Handler > High P&R > Go Away from Pick > To Basket > Make 2 Pts,P&R Ball Handler,High P&R,Go Away from Pick,To Basket,Make 2 Pts,,1,33.3,2.0,100.0,0.0,0.0,0,,,,100.0,,1,100.0,0.0,,,1,0,,1.0,0.0,100.0,1,1,0,100.0,0,0,0.0,2
Lloyd Pandi,Ottawa Blackjacks,2024-2025,offense,Play types,Make 2 Pts Foul,5,To Basket,P&R Ball Handler > High P&R > Go Away from Pick > To Basket > Make 2 Pts Foul,P&R Ball Handler,High P&R,Go Away from Pick,To Basket,Make 2 Pts Foul,,1,33.3,3.0,104.2,0.0,100.0,0,,,,100.0,,1,100.0,100.0,,,1,0,,1.4,1.0,100.0,1,1,0,100.0,0,0,0.0,3
Lloyd Pandi,Ottawa Blackjacks,2024-2025,offense,Play types,Right P&R,2,P&R Ball Handler,P&R Ball Handler > Right P&R,P&R Ball Handler,Right P&R,,,,,6,18.2,0.667,33.3,0.0,0.0,0,,,,33.3,,6,33.3,0.0,,,2,4,,6.0,0.0,33.3,6,2,4,33.3,0,0,0.0,4
Lloyd Pandi,Ottawa Blackjacks,2024-2025,offense,Play types,Side,3,Right P&R,P&R Ball Handler > Right P&R > Side,P&R Ball Handler,Right P&R,Side,,,,3,50.0,0.667,33.3,0.0,0.0,0,,,,33.3,,3,33.3,0.0,,,1,2,,3.0,0.0,33.3,3,1,2,33.3,0,0,0.0,2
Lloyd Pandi,Ottawa Blackjacks,2024-2025,offense,Play types,Dribble Off Pick,4,Side,P&R Ball Handler > Right P&R > Side > Dribble Off Pick,P&R Ball Handler,Right P&R,Side,Dribble Off Pick,,,2,66.7,1.0,50.0,0.0,0.0,0,,,,50.0,,2,50.0,0.0,,,1,1,,2.0,0.0,50.0,2,1,1,50.0,0,0,0.0,2
Lloyd Pandi,Ottawa Blackjacks,2024-2025,offense,Play types,To Basket,5,Dribble Off Pick,P&R Ball Handler > Right P&R > Side > Dribble Off Pick > To Basket,P&R Ball Handler,Right P&R,Side,Dribble Off Pick,To Basket,,2,100.0,1.0,50.0,0.0,0.0,0,,,,50.0,,2,50.0,0.0,,,1,1,,2.0,0.0,50.0,2,1,1,50.0,0,0,0.0,2
Lloyd Pandi,Ottawa Blackjacks,2024-2025,offense,Play types,Go Away from Pick,4,Side,P&R Ball Handler > Right P&R > Side > Go Away from Pick,P&R Ball Handler,Right P&R,Side,Go Away from Pick,,,1,33.3,0.0,0.0,0.0,0.0,0,,,,0.0,,1,0.0,0.0,,,0,1,,1.0,0.0,0.0,1,0,1,0.0,0,0,0.0,0
Lloyd Pandi,Ottawa Blackjacks,2024-2025,offense,Play types,To Basket,5,Go Away from Pick,P&R Ball Handler > Right P&R > Side > Go Away from Pick > To Basket,P&R Ball Handler,Right P&R,Side,Go Away from Pick,To Basket,,1,100.0,0.0,0.0,0.0,0.0,0,,,,0.0,,1,0.0,0.0,,,0,1,,1.0,0.0,0.0,1,0,1,0.0,0,0,0.0,0
Lloyd Pandi,Ottawa Blackjacks,2024-2025,offense,Play types,Baseline,3,Right P&R,P&R Ball Handler > Right P&R > Baseline,P&R Ball Handler,Right P&R,Baseline,,,,3,50.0,0.667,33.3,0.0,0.0,0,,,,33.3,,3,33.3,0.0,,,1,2,,3.0,0.0,33.3,3,1,2,33.3,0,0,0.0,2
Lloyd Pandi,Ottawa Blackjacks,2024-2025,offense,Play types,Go Away from Pick,4,Baseline,P&R Ball Handler > Right P&R > Baseline > Go Away from Pick,P&R Ball Handler,Right P&R,Baseline,Go Away from Pick,,,3,100.0,0.667,33.3,0.0,0.0,0,,,,33.3,,3,33.3,0.0,,,1,2,,3.0,0.0,33.3,3,1,2,33.3,0,0,0.0,2
Lloyd Pandi,Ottawa Blackjacks,2024-2025,offense,Play types,To Basket,5,Go Away from Pick,P&R Ball Handler > Right P&R > Baseline > Go Away from Pick > To Basket,P&R Ball Handler,Right P&R,Baseline,Go Away from Pick,To Basket,,3,100.0,0.667,33.3,0.0,0.0,0,,,,33.3,,3,33.3,0.0,,,1,2,,3.0,0.0,33.3,3,1,2,33.3,0,0,0.0,2
Lloyd Pandi,Ottawa Blackjacks,2024-2025,offense,Play types,Left P&R,2,P&R Ball Handler,P&R Ball Handler > Left P&R,P&R Ball Handler,Left P&R,,,,,5,15.2,1.0,52.5,0.0,40.0,2,0.0,,,33.3,,3,33.3,40.0,,,1,2,,4.8,1.33,60.0,1,1,0,100.0,0,2,0.67,5
Lloyd Pandi,Ottawa Blackjacks,2024-2025,offense,Play types,Side,3,Left P&R,P&R Ball Handler > Left P&R > Side,P&R Ball Handler,Left P&R,Side,,,,5,100.0,1.0,52.5,0.0,40.0,2,0.0,,,33.3,,3,33.3,40.0,,,1,2,,4.8,1.33,60.0,1,1,0,100.0,0,2,0.67,5
Lloyd Pandi,Ottawa Blackjacks,2024-2025,offense,Play types,Dribble Off Pick,4,Side,P&R Ball Handler > Left P&R > Side > Dribble Off Pick,P&R Ball Handler,Left P&R,Side,Dribble Off Pick,,,3,60.0,1.0,54.3,0.0,66.7,1,0.0,,,0.0,,1,0.0,66.7,,,0,1,,2.8,4.0,66.7,0,0,0,,0,1,1.0,3
Lloyd Pandi,Ottawa Blackjacks,2024-2025,offense,Play types,To Basket,5,Dribble Off Pick,P&R Ball Handler > Left P&R > Side > Dribble Off Pick > To Basket,P&R Ball Handler,Left P&R,Side,Dribble Off Pick,To Basket,,2,66.7,1.5,85.2,0.0,100.0,0,,,,,,0,,100.0,,,0,0,,1.8,,100.0,0,0,0,,0,0,,3
Lloyd Pandi,Ottawa Blackjacks,2024-2025,offense,Play types,Dribble Jumper,5,Dribble Off Pick,P&R Ball Handler > Left P&R > Side > Dribble Off Pick > Dribble Jumper,P&R Ball Handler,Left P&R,Side,Dribble Off Pick,Dribble Jumper,,1,33.3,0.0,0.0,0.0,0.0,1,0.0,,,0.0,,1,0.0,0.0,,,0,1,,1.0,0.0,0.0,0,0,0,,0,1,1.0,0
Lloyd Pandi,Ottawa Blackjacks,2024-2025,offense,Play types,Takes Early Jump Shot,4,Side,P&R Ball Handler > Left P&R > Side > Takes Early Jump Shot,P&R Ball Handler,Left P&R,Side,Takes Early Jump Shot,,,1,20.0,0.0,0.0,0.0,0.0,1,0.0,,,0.0,,1,0.0,0.0,,,0,1,,1.0,0.0,0.0,0,0,0,,0,1,1.0,0
Lloyd Pandi,Ottawa Blackjacks,2024-2025,offense,Play types,No Dribble Jumper,5,Takes Early Jump Shot,P&R Ball Handler > Left P&R > Side > Takes Early Jump Shot > No Dribble Jumper,P&R Ball Handler,Left P&R,Side,Takes Early Jump Shot,No Dribble Jumper,,1,100.0,0.0,0.0,0.0,0.0,1,0.0,,,0.0,,1,0.0,0.0,,,0,1,,1.0,0.0,0.0,0,0,0,,0,1,1.0,0
Lloyd Pandi,Ottawa Blackjacks,2024-2025,offense,Play types,Go Away from Pick,4,Side,P&R Ball Handler > Left P&R > Side > Go Away from Pick,P&R Ball Handler,Left P&R,Side,Go Away from Pick,,,1,20.0,2.0,100.0,0.0,0.0,0,,,,100.0,,1,100.0,0.0,,,1,0,,1.0,0.0,100.0,1,1,0,100.0,0,0,0.0,2
Lloyd Pandi,Ottawa Blackjacks,2024-2025,offense,Play types,To Basket,5,Go Away from Pick,P&R Ball Handler > Left P&R > Side > Go Away from Pick > To Basket,P&R Ball Handler,Left P&R,Side,Go Away from Pick,To Basket,,1,100.0,2.0,100.0,0.0,0.0,0,,,,100.0,,1,100.0,0.0,,,1,0,,1.0,0.0,100.0,1,1,0,100.0,0,0,0.0,2
Lloyd Pandi,Ottawa Blackjacks,2024-2025,offense,Play types,Transition,1,,Transition,Transition,,,,,,32,13.5,1.063,59.4,9.4,25.0,4,25.0,Average,49.0,59.1,10.0,22,61.4,18.8,,,13,9,,28.6,0.68,59.4,18,12,6,66.7,1,3,0.18,34
Lloyd Pandi,Ottawa Blackjacks,2024-2025,offense,Play types,Ballhandler,2,Transition,Transition > Ballhandler,Transition,Ballhandler,,,,,21,65.6,1.0,60.8,14.3,28.6,0,,,,66.7,,12,66.7,19.0,,,8,4,,17.3,1.0,61.9,12,8,4,66.7,0,0,0.0,21
Lloyd Pandi,Ottawa Blackjacks,2024-2025,offense,Play types,To Basket,3,Ballhandler,Transition > Ballhandler > To Basket,Transition,Ballhandler,To Basket,,,,17,81.0,1.176,64.4,5.9,23.5,0,,,,66.7,,12,66.7,23.5,,,8,4,,15.5,0.67,70.6,12,8,4,66.7,0,0,0.0,20
Lloyd Pandi,Ottawa Blackjacks,2024-2025,offense,Play types,Make 2 Pts,4,To Basket,Transition > Ballhandler > To Basket > Make 2 Pts,Transition,Ballhandler,To Basket,Make 2 Pts,,,8,47.1,2.0,100.0,0.0,0.0,0,,,,100.0,,8,100.0,0.0,,,8,0,,8.0,0.0,100.0,8,8,0,100.0,0,0,0.0,16
Lloyd Pandi,Ottawa Blackjacks,2024-2025,offense,Play types,Foul,4,To Basket,Transition > Ballhandler > To Basket > Foul,Transition,Ballhandler,To Basket,Foul,,,4,23.5,1.0,56.8,0.0,100.0,0,,,,,,0,,100.0,,,0,0,,3.5,,100.0,0,0,0,,0,0,,4
Lloyd Pandi,Ottawa Blackjacks,2024-2025,offense,Play types,Miss 2 Pts,4,To Basket,Transition > Ballhandler > To Basket > Miss 2 Pts,Transition,Ballhandler,To Basket,Miss 2 Pts,,,4,23.5,0.0,0.0,0.0,0.0,0,,,,0.0,,4,0.0,0.0,,,0,4,,4.0,0.0,0.0,4,0,4,0.0,0,0,0.0,0
Lloyd Pandi,Ottawa Blackjacks,2024-2025,offense,Play types,Turnover,4,To Basket,Transition > Ballhandler > To Basket > Turnover,Transition,Ballhandler,To Basket,Turnover,,,1,5.9,0.0,,100.0,0.0,0,,,,,,0,,0.0,,,0,0,,0.0,,0.0,0,0,0,,0,0,,0
Lloyd Pandi,Ottawa Blackjacks,2024-2025,offense,Play types,Turnover,3,Ballhandler,Transition > Ballhandler > Turnover,Transition,Ballhandler,Turnover,,,,2,9.5,0.0,,100.0,0.0,0,,,,,,0,,0.0,,,0,0,,0.0,,0.0,0,0,0,,0,0,,0
Lloyd Pandi,Ottawa Blackjacks,2024-2025,offense,Play types,Foul,3,Ballhandler,Transition > Ballhandler > Foul,Transition,Ballhandler,Foul,,,,2,9.5,0.5,28.4,0.0,100.0,0,,,,,,0,,0.0,,,0,0,,1.8,,50.0,0,0,0,,0,0,,1
Lloyd Pandi,Ottawa Blackjacks,2024-2025,offense,Play types,Trailer,2,Transition,Transition > Trailer,Transition,Trailer,,,,,3,9.4,1.333,58.1,0.0,33.3,1,0.0,,,66.7,,3,66.7,33.3,,,2,1,,3.4,0.33,66.7,2,2,0,100.0,0,1,0.33,4
Lloyd Pandi,Ottawa Blackjacks,2024-2025,offense,Play types,To Basket,3,Trailer,Transition > Trailer > To Basket,Transition,Trailer,To Basket,,,,2,66.7,2.0,82.0,0.0,50.0,0,,,,100.0,,2,100.0,50.0,,,2,0,,2.4,0.5,100.0,2,2,0,100.0,0,0,0.0,4
Lloyd Pandi,Ottawa Blackjacks,2024-2025,offense,Play types,Make 2 Pts,4,To Basket,Transition > Trailer > To Basket > Make 2 Pts,Transition,Trailer,To Basket,Make 2 Pts,,,1,50.0,2.0,100.0,0.0,0.0,0,,,,100.0,,1,100.0,0.0,,,1,0,,1.0,0.0,100.0,1,1,0,100.0,0,0,0.0,2
Lloyd Pandi,Ottawa Blackjacks,2024-2025,offense,Play types,Make 2 Pts Foul,4,To Basket,Transition > Trailer > To Basket > Make 2 Pts Foul,Transition,Trailer,To Basket,Make 2 Pts Foul,,,1,50.0,2.0,69.4,0.0,100.0,0,,,,100.0,,1,100.0,100.0,,,1,0,,1.4,1.0,100.0,1,1,0,100.0,0,0,0.0,2
Lloyd Pandi,Ottawa Blackjacks,2024-2025,offense,Play types,Dribble Jumper,3,Trailer,Transition > Trailer > Dribble Jumper,Transition,Trailer,Dribble Jumper,,,,1,33.3,0.0,0.0,0.0,0.0,1,0.0,,,0.0,,1,0.0,0.0,,,0,1,,1.0,0.0,0.0,0,0,0,,0,1,1.0,0
Lloyd Pandi,Ottawa Blackjacks,2024-2025,offense,Play types,Long/3pt,4,Dribble Jumper,Transition > Trailer > Dribble Jumper > Long/3pt,Transition,Trailer,Dribble Jumper,Long/3pt,,,1,100.0,0.0,0.0,0.0,0.0,1,0.0,,,0.0,,1,0.0,0.0,,,0,1,,1.0,0.0,0.0,0,0,0,,0,1,1.0,0
Lloyd Pandi,Ottawa Blackjacks,2024-2025,offense,Play types,Miss 3 Pts,5,Long/3pt,Transition > Trailer > Dribble Jumper > Long/3pt > Miss 3 Pts,Transition,Trailer,Dribble Jumper,Long/3pt,Miss 3 Pts,,1,100.0,0.0,0.0,0.0,0.0,1,0.0,,,0.0,,1,0.0,0.0,,,0,1,,1.0,0.0,0.0,0,0,0,,0,1,1.0,0
Lloyd Pandi,Ottawa Blackjacks,2024-2025,offense,Play types,First Middle,2,Transition,Transition > First Middle,Transition,First Middle,,,,,2,6.3,2.5,125.0,0.0,0.0,1,100.0,,,100.0,,2,125.0,0.0,,,2,0,,2.0,0.0,100.0,1,1,0,100.0,1,0,0.5,5
Lloyd Pandi,Ottawa Blackjacks,2024-2025,offense,Play types,No Dribble Jumper,3,First Middle,Transition > First Middle > No Dribble Jumper,Transition,First Middle,No Dribble Jumper,,,,1,50.0,3.0,150.0,0.0,0.0,1,100.0,,,100.0,,1,150.0,0.0,,,1,0,,1.0,0.0,100.0,0,0,0,,1,0,1.0,3
Lloyd Pandi,Ottawa Blackjacks,2024-2025,offense,Play types,Open,4,No Dribble Jumper,Transition > First Middle > No Dribble Jumper > Open,Transition,First Middle,No Dribble Jumper,Open,,,1,100.0,3.0,150.0,0.0,0.0,1,100.0,,,100.0,,1,150.0,0.0,,,1,0,,1.0,0.0,100.0,0,0,0,,1,0,1.0,3
Lloyd Pandi,Ottawa Blackjacks,2024-2025,offense,Play types,Long/3pt,5,Open,Transition > First Middle > No Dribble Jumper > Open > Long/3pt,Transition,First Middle,No Dribble Jumper,Open,Long/3pt,,1,100.0,3.0,150.0,0.0,0.0,1,100.0,,,100.0,,1,150.0,0.0,,,1,0,,1.0,0.0,100.0,0,0,0,,1,0,1.0,3
Lloyd Pandi,Ottawa Blackjacks,2024-2025,offense,Play types,To Basket,3,First Middle,Transition > First Middle > To Basket,Transition,First Middle,To Basket,,,,1,50.0,2.0,100.0,0.0,0.0,0,,,,100.0,,1,100.0,0.0,,,1,0,,1.0,0.0,100.0,1,1,0,100.0,0,0,0.0,2
Lloyd Pandi,Ottawa Blackjacks,2024-2025,offense,Play types,Make 2 Pts,4,To Basket,Transition > First Middle > To Basket > Make 2 Pts,Transition,First Middle,To Basket,Make 2 Pts,,,1,100.0,2.0,100.0,0.0,0.0,0,,,,100.0,,1,100.0,0.0,,,1,0,,1.0,0.0,100.0,1,1,0,100.0,0,0,0.0,2
Lloyd Pandi,Ottawa Blackjacks,2024-2025,offense,Play types,Leak Outs,2,Transition,Transition > Leak Outs,Transition,Leak Outs,,,,,2,6.3,1.0,53.2,0.0,50.0,0,,,,0.0,,1,0.0,50.0,,,0,1,,1.9,2.0,50.0,1,0,1,0.0,0,0,0.0,2
Lloyd Pandi,Ottawa Blackjacks,2024-2025,offense,Play types,To Basket,3,Leak Outs,Transition > Leak Outs > To Basket,Transition,Leak Outs,To Basket,,,,2,100.0,1.0,53.2,0.0,50.0,0,,,,0.0,,1,0.0,50.0,,,0,1,,1.9,2.0,50.0,1,0,1,0.0,0,0,0.0,2
Lloyd Pandi,Ottawa Blackjacks,2024-2025,offense,Play types,Miss 2 Pts,4,To Basket,Transition > Leak Outs > To Basket > Miss 2 Pts,Transition,Leak Outs,To Basket,Miss 2 Pts,,,1,50.0,0.0,0.0,0.0,0.0,0,,,,0.0,,1,0.0,0.0,,,0,1,,1.0,0.0,0.0,1,0,1,0.0,0,0,0.0,0
Lloyd Pandi,Ottawa Blackjacks,2024-2025,offense,Play types,Foul,4,To Basket,Transition > Leak Outs > To Basket > Foul,Transition,Leak Outs,To Basket,Foul,,,1,50.0,2.0,113.6,0.0,100.0,0,,,,,,0,,100.0,,,0,0,,0.9,,100.0,0,0,0,,0,0,,2
Lloyd Pandi,Ottawa Blackjacks,2024-2025,offense,Play types,Right Wing,2,Transition,Transition > Right Wing,Transition,Right Wing,,,,,2,6.3,0.0,0.0,0.0,0.0,1,0.0,,,0.0,,2,0.0,0.0,,,0,2,,2.0,0.0,0.0,1,0,1,0.0,0,1,0.5,0
Lloyd Pandi,Ottawa Blackjacks,2024-2025,offense,Play types,To Basket,3,Right Wing,Transition > Right Wing > To Basket,Transition,Right Wing,To Basket,,,,1,50.0,0.0,0.0,0.0,0.0,0,,,,0.0,,1,0.0,0.0,,,0,1,,1.0,0.0,0.0,1,0,1,0.0,0,0,0.0,0
Lloyd Pandi,Ottawa Blackjacks,2024-2025,offense,Play types,Miss 2 Pts,4,To Basket,Transition > Right Wing > To Basket > Miss 2 Pts,Transition,Right Wing,To Basket,Miss 2 Pts,,,1,100.0,0.0,0.0,0.0,0.0,0,,,,0.0,,1,0.0,0.0,,,0,1,,1.0,0.0,0.0,1,0,1,0.0,0,0,0.0,0
Lloyd Pandi,Ottawa Blackjacks,2024-2025,offense,Play types,No Dribble Jumper,3,Right Wing,Transition > Right Wing > No Dribble Jumper,Transition,Right Wing,No Dribble Jumper,,,,1,50.0,0.0,0.0,0.0,0.0,1,0.0,,,0.0,,1,0.0,0.0,,,0,1,,1.0,0.0,0.0,0,0,0,,0,1,1.0,0
Lloyd Pandi,Ottawa Blackjacks,2024-2025,offense,Play types,Open,4,No Dribble Jumper,Transition > Right Wing > No Dribble Jumper > Open,Transition,Right Wing,No Dribble Jumper,Open,,,1,100.0,0.0,0.0,0.0,0.0,1,0.0,,,0.0,,1,0.0,0.0,,,0,1,,1.0,0.0,0.0,0,0,0,,0,1,1.0,0
Lloyd Pandi,Ottawa Blackjacks,2024-2025,offense,Play types,Long/3pt,5,Open,Transition > Right Wing > No Dribble Jumper > Open > Long/3pt,Transition,Right Wing,No Dribble Jumper,Open,Long/3pt,,1,100.0,0.0,0.0,0.0,0.0,1,0.0,,,0.0,,1,0.0,0.0,,,0,1,,1.0,0.0,0.0,0,0,0,,0,1,1.0,0
Lloyd Pandi,Ottawa Blackjacks,2024-2025,offense,Play types,Left Wing,2,Transition,Transition > Left Wing,Transition,Left Wing,,,,,2,6.3,1.0,50.0,0.0,0.0,1,0.0,,,50.0,,2,50.0,0.0,,,1,1,,2.0,0.0,50.0,1,1,0,100.0,0,1,0.5,2
Lloyd Pandi,Ottawa Blackjacks,2024-2025,offense,Play types,Dribble Jumper,3,Left Wing,Transition > Left Wing > Dribble Jumper,Transition,Left Wing,Dribble Jumper,,,,1,50.0,2.0,100.0,0.0,0.0,0,,,,100.0,,1,100.0,0.0,,,1,0,,1.0,0.0,100.0,1,1,0,100.0,0,0,0.0,2
Lloyd Pandi,Ottawa Blackjacks,2024-2025,offense,Play types,Short to < 17,4,Dribble Jumper,Transition > Left Wing > Dribble Jumper > Short to < 17,Transition,Left Wing,Dribble Jumper,Short to < 17,,,1,100.0,2.0,100.0,0.0,0.0,0,,,,100.0,,1,100.0,0.0,,,1,0,,1.0,0.0,100.0,1,1,0,100.0,0,0,0.0,2
Lloyd Pandi,Ottawa Blackjacks,2024-2025,offense,Play types,Make 2 Pts,5,Short to < 17,Transition > Left Wing > Dribble Jumper > Short to < 17 > Make 2 Pts,Transition,Left Wing,Dribble Jumper,Short to < 17,Make 2 Pts,,1,100.0,2.0,100.0,0.0,0.0,0,,,,100.0,,1,100.0,0.0,,,1,0,,1.0,0.0,100.0,1,1,0,100.0,0,0,0.0,2
Lloyd Pandi,Ottawa Blackjacks,2024-2025,offense,Play types,No Dribble Jumper,3,Left Wing,Transition > Left Wing > No Dribble Jumper,Transition,Left Wing,No Dribble Jumper,,,,1,50.0,0.0,0.0,0.0,0.0,1,0.0,,,0.0,,1,0.0,0.0,,,0,1,,1.0,0.0,0.0,0,0,0,,0,1,1.0,0
Lloyd Pandi,Ottawa Blackjacks,2024-2025,offense,Play types,Guarded,4,No Dribble Jumper,Transition > Left Wing > No Dribble Jumper > Guarded,Transition,Left Wing,No Dribble Jumper,Guarded,,,1,100.0,0.0,0.0,0.0,0.0,1,0.0,,,0.0,,1,0.0,0.0,,,0,1,,1.0,0.0,0.0,0,0,0,,0,1,1.0,0
Lloyd Pandi,Ottawa Blackjacks,2024-2025,offense,Play types,Long/3pt,5,Guarded,Transition > Left Wing > No Dribble Jumper > Guarded > Long/3pt,Transition,Left Wing,No Dribble Jumper,Guarded,Long/3pt,,1,100.0,0.0,0.0,0.0,0.0,1,0.0,,,0.0,,1,0.0,0.0,,,0,1,,1.0,0.0,0.0,0,0,0,,0,1,1.0,0
Lloyd Pandi,Ottawa Blackjacks,2024-2025,offense,Play types,Cut,1,,Cut,Cut,,,,,,16,6.8,1.313,68.0,6.3,6.3,0,,Very Good,71.0,66.7,22.0,15,66.7,6.3,,,10,5,,15.4,0.07,62.5,15,10,5,66.7,0,0,0.0,21
Lloyd Pandi,Ottawa Blackjacks,2024-2025,offense,Play types,Basket,2,Cut,Cut > Basket,Cut,Basket,,,,,11,68.8,1.364,71.8,9.1,9.1,0,,,,70.0,,10,70.0,9.1,,,7,3,,10.4,0.1,63.6,10,7,3,70.0,0,0,0.0,15
Lloyd Pandi,Ottawa Blackjacks,2024-2025,offense,Play types,Make 2 Pts,3,Basket,Cut > Basket > Make 2 Pts,Cut,Basket,Make 2 Pts,,,,6,54.5,2.0,100.0,0.0,0.0,0,,,,100.0,,6,100.0,0.0,,,6,0,,6.0,0.0,100.0,6,6,0,100.0,0,0,0.0,12
Lloyd Pandi,Ottawa Blackjacks,2024-2025,offense,Play types,Miss 2 Pts,3,Basket,Cut > Basket > Miss 2 Pts,Cut,Basket,Miss 2 Pts,,,,3,27.3,0.0,0.0,0.0,0.0,0,,,,0.0,,3,0.0,0.0,,,0,3,,3.0,0.0,0.0,3,0,3,0.0,0,0,0.0,0
Lloyd Pandi,Ottawa Blackjacks,2024-2025,offense,Play types,Turnover,3,Basket,Cut > Basket > Turnover,Cut,Basket,Turnover,,,,1,9.1,0.0,,100.0,0.0,0,,,,,,0,,0.0,,,0,0,,0.0,,0.0,0,0,0,,0,0,,0
Lloyd Pandi,Ottawa Blackjacks,2024-2025,offense,Play types,Make 2 Pts Foul,3,Basket,Cut > Basket > Make 2 Pts Foul,Cut,Basket,Make 2 Pts Foul,,,,1,9.1,3.0,104.2,0.0,100.0,0,,,,100.0,,1,100.0,100.0,,,1,0,,1.4,1.0,100.0,1,1,0,100.0,0,0,0.0,3
Lloyd Pandi,Ottawa Blackjacks,2024-2025,offense,Play types,1 Pts,4,Make 2 Pts Foul,Cut > Basket > Make 2 Pts Foul > 1 Pts,Cut,Basket,Make 2 Pts Foul,1 Pts,,,1,100.0,3.0,104.2,0.0,100.0,0,,,,100.0,,1,100.0,100.0,,,1,0,,1.4,1.0,100.0,1,1,0,100.0,0,0,0.0,3
Lloyd Pandi,Ottawa Blackjacks,2024-2025,offense,Play types,Flash,2,Cut,Cut > Flash,Cut,Flash,,,,,5,31.3,1.2,60.0,0.0,0.0,0,,,,60.0,,5,60.0,0.0,,,3,2,,5.0,0.0,60.0,5,3,2,60.0,0,0,0.0,6
Lloyd Pandi,Ottawa Blackjacks,2024-2025,offense,Play types,Make 2 Pts,3,Flash,Cut > Flash > Make 2 Pts,Cut,Flash,Make 2 Pts,,,,3,60.0,2.0,100.0,0.0,0.0,0,,,,100.0,,3,100.0,0.0,,,3,0,,3.0,0.0,100.0,3,3,0,100.0,0,0,0.0,6
Lloyd Pandi,Ottawa Blackjacks,2024-2025,offense,Play types,Miss 2 Pts,3,Flash,Cut > Flash > Miss 2 Pts,Cut,Flash,Miss 2 Pts,,,,2,40.0,0.0,0.0,0.0,0.0,0,,,,0.0,,2,0.0,0.0,,,0,2,,2.0,0.0,0.0,2,0,2,0.0,0,0,0.0,0
Lloyd Pandi,Ottawa Blackjacks,2024-2025,offense,Play types,Offensive Rebounds (Put Backs),1,,Offensive Rebounds (Put Backs),Offensive Rebounds (Put Backs),,,,,,15,6.3,1.467,78.6,6.7,0.0,0,,Excellent,89.0,78.6,15.0,14,78.6,0.0,,,11,3,,14.0,0.0,73.3,14,11,3,78.6,0,0,0.0,22
Lloyd Pandi,Ottawa Blackjacks,2024-2025,offense,Play types,Short,2,Offensive Rebounds (Put Backs),Offensive Rebounds (Put Backs) > Short,Offensive Rebounds (Put Backs),Short,,,,,11,73.3,1.273,70.0,9.1,0.0,0,,,,70.0,,10,70.0,0.0,,,7,3,,10.0,0.0,63.6,10,7,3,70.0,0,0,0.0,14
Lloyd Pandi,Ottawa Blackjacks,2024-2025,offense,Play types,Scoring Attempt,3,Short,Offensive Rebounds (Put Backs) > Short > Scoring Attempt,Offensive Rebounds (Put Backs),Short,Scoring Attempt,,,,10,90.9,1.4,70.0,0.0,0.0,0,,,,70.0,,10,70.0,0.0,,,7,3,,10.0,0.0,70.0,10,7,3,70.0,0,0,0.0,14
Lloyd Pandi,Ottawa Blackjacks,2024-2025,offense,Play types,At Basket,4,Scoring Attempt,Offensive Rebounds (Put Backs) > Short > Scoring Attempt > At Basket,Offensive Rebounds (Put Backs),Short,Scoring Attempt,At Basket,,,9,90.0,1.556,77.8,0.0,0.0,0,,,,77.8,,9,77.8,0.0,,,7,2,,9.0,0.0,77.8,9,7,2,77.8,0,0,0.0,14
Lloyd Pandi,Ottawa Blackjacks,2024-2025,offense,Play types,Make 2 Pts,5,At Basket,Offensive Rebounds (Put Backs) > Short > Scoring Attempt > At Basket > Make 2 Pts,Offensive Rebounds (Put Backs),Short,Scoring Attempt,At Basket,Make 2 Pts,,7,77.8,2.0,100.0,0.0,0.0,0,,,,100.0,,7,100.0,0.0,,,7,0,,7.0,0.0,100.0,7,7,0,100.0,0,0,0.0,14
Lloyd Pandi,Ottawa Blackjacks,2024-2025,offense,Play types,Miss 2 Pts,5,At Basket,Offensive Rebounds (Put Backs) > Short > Scoring Attempt > At Basket > Miss 2 Pts,Offensive Rebounds (Put Backs),Short,Scoring Attempt,At Basket,Miss 2 Pts,,2,22.2,0.0,0.0,0.0,0.0,0,,,,0.0,,2,0.0,0.0,,,0,2,,2.0,0.0,0.0,2,0,2,0.0,0,0,0.0,0
Lloyd Pandi,Ottawa Blackjacks,2024-2025,offense,Play types,Short to < 17,4,Scoring Attempt,Offensive Rebounds (Put Backs) > Short > Scoring Attempt > Short to < 17,Offensive Rebounds (Put Backs),Short,Scoring Attempt,Short to < 17,,,1,10.0,0.0,0.0,0.0,0.0,0,,,,0.0,,1,0.0,0.0,,,0,1,,1.0,0.0,0.0,1,0,1,0.0,0,0,0.0,0
Lloyd Pandi,Ottawa Blackjacks,2024-2025,offense,Play types,Miss 2 Pts,5,Short to < 17,Offensive Rebounds (Put Backs) > Short > Scoring Attempt > Short to < 17 > Miss 2 Pts,Offensive Rebounds (Put Backs),Short,Scoring Attempt,Short to < 17,Miss 2 Pts,,1,100.0,0.0,0.0,0.0,0.0,0,,,,0.0,,1,0.0,0.0,,,0,1,,1.0,0.0,0.0,1,0,1,0.0,0,0,0.0,0
Lloyd Pandi,Ottawa Blackjacks,2024-2025,offense,Play types,Turnover,3,Short,Offensive Rebounds (Put Backs) > Short > Turnover,Offensive Rebounds (Put Backs),Short,Turnover,,,,1,9.1,0.0,,100.0,0.0,0,,,,,,0,,0.0,,,0,0,,0.0,,0.0,0,0,0,,0,0,,0
Lloyd Pandi,Ottawa Blackjacks,2024-2025,offense,Play types,Long,2,Offensive Rebounds (Put Backs),Offensive Rebounds (Put Backs) > Long,Offensive Rebounds (Put Backs),Long,,,,,4,26.7,2.0,100.0,0.0,0.0,0,,,,100.0,,4,100.0,0.0,,,4,0,,4.0,0.0,100.0,4,4,0,100.0,0,0,0.0,8
Lloyd Pandi,Ottawa Blackjacks,2024-2025,offense,Play types,Scoring Attempt,3,Long,Offensive Rebounds (Put Backs) > Long > Scoring Attempt,Offensive Rebounds (Put Backs),Long,Scoring Attempt,,,,4,100.0,2.0,100.0,0.0,0.0,0,,,,100.0,,4,100.0,0.0,,,4,0,,4.0,0.0,100.0,4,4,0,100.0,0,0,0.0,8
Lloyd Pandi,Ottawa Blackjacks,2024-2025,offense,Play types,At Basket,4,Scoring Attempt,Offensive Rebounds (Put Backs) > Long > Scoring Attempt > At Basket,Offensive Rebounds (Put Backs),Long,Scoring Attempt,At Basket,,,3,75.0,2.0,100.0,0.0,0.0,0,,,,100.0,,3,100.0,0.0,,,3,0,,3.0,0.0,100.0,3,3,0,100.0,0,0,0.0,6
Lloyd Pandi,Ottawa Blackjacks,2024-2025,offense,Play types,Make 2 Pts,5,At Basket,Offensive Rebounds (Put Backs) > Long > Scoring Attempt > At Basket > Make 2 Pts,Offensive Rebounds (Put Backs),Long,Scoring Attempt,At Basket,Make 2 Pts,,3,100.0,2.0,100.0,0.0,0.0,0,,,,100.0,,3,100.0,0.0,,,3,0,,3.0,0.0,100.0,3,3,0,100.0,0,0,0.0,6
Lloyd Pandi,Ottawa Blackjacks,2024-2025,offense,Play types,Short to < 17,4,Scoring Attempt,Offensive Rebounds (Put Backs) > Long > Scoring Attempt > Short to < 17,Offensive Rebounds (Put Backs),Long,Scoring Attempt,Short to < 17,,,1,25.0,2.0,100.0,0.0,0.0,0,,,,100.0,,1,100.0,0.0,,,1,0,,1.0,0.0,100.0,1,1,0,100.0,0,0,0.0,2
Lloyd Pandi,Ottawa Blackjacks,2024-2025,offense,Play types,Make 2 Pts,5,Short to < 17,Offensive Rebounds (Put Backs) > Long > Scoring Attempt > Short to < 17 > Make 2 Pts,Offensive Rebounds (Put Backs),Long,Scoring Attempt,Short to < 17,Make 2 Pts,,1,100.0,2.0,100.0,0.0,0.0,0,,,,100.0,,1,100.0,0.0,,,1,0,,1.0,0.0,100.0,1,1,0,100.0,0,0,0.0,2
Lloyd Pandi,Ottawa Blackjacks,2024-2025,offense,Play types,Isolation,1,,Isolation,Isolation,,,,,,14,5.9,0.357,25.3,28.6,7.1,0,,Poor,3.0,22.2,13.0,9,22.2,7.1,,,2,7,,9.9,0.22,21.4,9,2,7,22.2,0,0,0.0,5
Lloyd Pandi,Ottawa Blackjacks,2024-2025,offense,Play types,Isolation - Overall,2,Isolation,Isolation > Isolation - Overall,Isolation,Isolation - Overall,,,,,14,100.0,0.357,25.3,28.6,7.1,0,,,,22.2,,9,22.2,7.1,,,2,7,,9.9,0.22,21.4,9,2,7,22.2,0,0,0.0,5
Lloyd Pandi,Ottawa Blackjacks,2024-2025,offense,Play types,Drives Left,3,Isolation - Overall,Isolation > Isolation - Overall > Drives Left,Isolation,Isolation - Overall,Drives Left,,,,7,50.0,0.286,33.3,57.1,0.0,0,,,,33.3,,3,33.3,0.0,,,1,2,,3.0,0.0,14.3,3,1,2,33.3,0,0,0.0,2
Lloyd Pandi,Ottawa Blackjacks,2024-2025,offense,Play types,Drives Right,3,Isolation - Overall,Isolation > Isolation - Overall > Drives Right,Isolation,Isolation - Overall,Drives Right,,,,5,35.7,0.6,30.7,0.0,20.0,0,,,,25.0,,4,25.0,20.0,,,1,3,,4.9,0.5,40.0,4,1,3,25.0,0,0,0.0,3
Lloyd Pandi,Ottawa Blackjacks,2024-2025,offense,Play types,Early Jumper,3,Isolation - Overall,Isolation > Isolation - Overall > Early Jumper,Isolation,Isolation - Overall,Early Jumper,,,,2,14.3,0.0,0.0,0.0,0.0,0,,,,0.0,,2,0.0,0.0,,,0,2,,2.0,0.0,0.0,2,0,2,0.0,0,0,0.0,0
Lloyd Pandi,Ottawa Blackjacks,2024-2025,offense,Play types,Left,2,Isolation,Isolation > Left,Isolation,Left,,,,,7,50.0,0.286,20.0,28.6,0.0,0,,,,20.0,,5,20.0,0.0,,,1,4,,5.0,0.0,14.3,5,1,4,20.0,0,0,0.0,2
Lloyd Pandi,Ottawa Blackjacks,2024-2025,offense,Play types,Drives Left,3,Left,Isolation > Left > Drives Left,Isolation,Left,Drives Left,,,,3,42.9,0.0,0.0,66.7,0.0,0,,,,0.0,,1,0.0,0.0,,,0,1,,1.0,0.0,0.0,1,0,1,0.0,0,0,0.0,0
Lloyd Pandi,Ottawa Blackjacks,2024-2025,offense,Play types,Defense Commits,4,Drives Left,Isolation > Left > Drives Left > Defense Commits,Isolation,Left,Drives Left,Defense Commits,,,1,33.3,0.0,,100.0,0.0,0,,,,,,0,,0.0,,,0,0,,0.0,,0.0,0,0,0,,0,0,,0
Lloyd Pandi,Ottawa Blackjacks,2024-2025,offense,Play types,Turnover,5,Defense Commits,Isolation > Left > Drives Left > Defense Commits > Turnover,Isolation,Left,Drives Left,Defense Commits,Turnover,,1,100.0,0.0,,100.0,0.0,0,,,,,,0,,0.0,,,0,0,,0.0,,0.0,0,0,0,,0,0,,0
Lloyd Pandi,Ottawa Blackjacks,2024-2025,offense,Play types,Turnover,4,Drives Left,Isolation > Left > Drives Left > Turnover,Isolation,Left,Drives Left,Turnover,,,1,33.3,0.0,,100.0,0.0,0,,,,,,0,,0.0,,,0,0,,0.0,,0.0,0,0,0,,0,0,,0
Lloyd Pandi,Ottawa Blackjacks,2024-2025,offense,Play types,To Basket,4,Drives Left,Isolation > Left > Drives Left > To Basket,Isolation,Left,Drives Left,To Basket,,,1,33.3,0.0,0.0,0.0,0.0,0,,,,0.0,,1,0.0,0.0,,,0,1,,1.0,0.0,0.0,1,0,1,0.0,0,0,0.0,0
Lloyd Pandi,Ottawa Blackjacks,2024-2025,offense,Play types,Miss 2 Pts,5,To Basket,Isolation > Left > Drives Left > To Basket > Miss 2 Pts,Isolation,Left,Drives Left,To Basket,Miss 2 Pts,,1,100.0,0.0,0.0,0.0,0.0,0,,,,0.0,,1,0.0,0.0,,,0,1,,1.0,0.0,0.0,1,0,1,0.0,0,0,0.0,0
Lloyd Pandi,Ottawa Blackjacks,2024-2025,offense,Play types,Drives Right,3,Left,Isolation > Left > Drives Right,Isolation,Left,Drives Right,,,,2,28.6,1.0,50.0,0.0,0.0,0,,,,50.0,,2,50.0,0.0,,,1,1,,2.0,0.0,50.0,2,1,1,50.0,0,0,0.0,2
Lloyd Pandi,Ottawa Blackjacks,2024-2025,offense,Play types,To Basket,4,Drives Right,Isolation > Left > Drives Right > To Basket,Isolation,Left,Drives Right,To Basket,,,2,100.0,1.0,50.0,0.0,0.0,0,,,,50.0,,2,50.0,0.0,,,1,1,,2.0,0.0,50.0,2,1,1,50.0,0,0,0.0,2
Lloyd Pandi,Ottawa Blackjacks,2024-2025,offense,Play types,Make 2 Pts,5,To Basket,Isolation > Left > Drives Right > To Basket > Make 2 Pts,Isolation,Left,Drives Right,To Basket,Make 2 Pts,,1,50.0,2.0,100.0,0.0,0.0,0,,,,100.0,,1,100.0,0.0,,,1,0,,1.0,0.0,100.0,1,1,0,100.0,0,0,0.0,2
Lloyd Pandi,Ottawa Blackjacks,2024-2025,offense,Play types,Miss 2 Pts,5,To Basket,Isolation > Left > Drives Right > To Basket > Miss 2 Pts,Isolation,Left,Drives Right,To Basket,Miss 2 Pts,,1,50.0,0.0,0.0,0.0,0.0,0,,,,0.0,,1,0.0,0.0,,,0,1,,1.0,0.0,0.0,1,0,1,0.0,0,0,0.0,0
Lloyd Pandi,Ottawa Blackjacks,2024-2025,offense,Play types,Early Jumper,3,Left,Isolation > Left > Early Jumper,Isolation,Left,Early Jumper,,,,2,28.6,0.0,0.0,0.0,0.0,0,,,,0.0,,2,0.0,0.0,,,0,2,,2.0,0.0,0.0,2,0,2,0.0,0,0,0.0,0
Lloyd Pandi,Ottawa Blackjacks,2024-2025,offense,Play types,Dribble Jumper,4,Early Jumper,Isolation > Left > Early Jumper > Dribble Jumper,Isolation,Left,Early Jumper,Dribble Jumper,,,2,100.0,0.0,0.0,0.0,0.0,0,,,,0.0,,2,0.0,0.0,,,0,2,,2.0,0.0,0.0,2,0,2,0.0,0,0,0.0,0
Lloyd Pandi,Ottawa Blackjacks,2024-2025,offense,Play types,Medium/17' to 3pt,5,Dribble Jumper,Isolation > Left > Early Jumper > Dribble Jumper > Medium/17' to 3pt,Isolation,Left,Early Jumper,Dribble Jumper,Medium/17' to 3pt,,2,100.0,0.0,0.0,0.0,0.0,0,,,,0.0,,2,0.0,0.0,,,0,2,,2.0,0.0,0.0,2,0,2,0.0,0,0,0.0,0
Lloyd Pandi,Ottawa Blackjacks,2024-2025,offense,Play types,Top,2,Isolation,Isolation > Top,Isolation,Top,,,,,5,35.7,0.6,38.7,20.0,20.0,0,,,,33.3,,3,33.3,20.0,,,1,2,,3.9,0.67,40.0,3,1,2,33.3,0,0,0.0,3
Lloyd Pandi,Ottawa Blackjacks,2024-2025,offense,Play types,Drives Right,3,Top,Isolation > Top > Drives Right,Isolation,Top,Drives Right,,,,3,60.0,0.333,17.4,0.0,33.3,0,,,,0.0,,2,0.0,33.3,,,0,2,,2.9,1.0,33.3,2,0,2,0.0,0,0,0.0,1
Lloyd Pandi,Ottawa Blackjacks,2024-2025,offense,Play types,To Basket,4,Drives Right,Isolation > Top > Drives Right > To Basket,Isolation,Top,Drives Right,To Basket,,,2,66.7,0.5,26.6,0.0,50.0,0,,,,0.0,,1,0.0,50.0,,,0,1,,1.9,2.0,50.0,1,0,1,0.0,0,0,0.0,1
Lloyd Pandi,Ottawa Blackjacks,2024-2025,offense,Play types,Miss 2 Pts,5,To Basket,Isolation > Top > Drives Right > To Basket > Miss 2 Pts,Isolation,Top,Drives Right,To Basket,Miss 2 Pts,,1,50.0,0.0,0.0,0.0,0.0,0,,,,0.0,,1,0.0,0.0,,,0,1,,1.0,0.0,0.0,1,0,1,0.0,0,0,0.0,0
Lloyd Pandi,Ottawa Blackjacks,2024-2025,offense,Play types,Foul,5,To Basket,Isolation > Top > Drives Right > To Basket > Foul,Isolation,Top,Drives Right,To Basket,Foul,,1,50.0,1.0,56.8,0.0,100.0,0,,,,,,0,,100.0,,,0,0,,0.9,,100.0,0,0,0,,0,0,,1
Lloyd Pandi,Ottawa Blackjacks,2024-2025,offense,Play types,Dribble Jumper,4,Drives Right,Isolation > Top > Drives Right > Dribble Jumper,Isolation,Top,Drives Right,Dribble Jumper,,,1,33.3,0.0,0.0,0.0,0.0,0,,,,0.0,,1,0.0,0.0,,,0,1,,1.0,0.0,0.0,1,0,1,0.0,0,0,0.0,0
Lloyd Pandi,Ottawa Blackjacks,2024-2025,offense,Play types,Short to < 17,5,Dribble Jumper,Isolation > Top > Drives Right > Dribble Jumper > Short to < 17,Isolation,Top,Drives Right,Dribble Jumper,Short to < 17,,1,100.0,0.0,0.0,0.0,0.0,0,,,,0.0,,1,0.0,0.0,,,0,1,,1.0,0.0,0.0,1,0,1,0.0,0,0,0.0,0
Lloyd Pandi,Ottawa Blackjacks,2024-2025,offense,Play types,Drives Left,3,Top,Isolation > Top > Drives Left,Isolation,Top,Drives Left,,,,2,40.0,1.0,100.0,50.0,0.0,0,,,,100.0,,1,100.0,0.0,,,1,0,,1.0,0.0,50.0,1,1,0,100.0,0,0,0.0,2
Lloyd Pandi,Ottawa Blackjacks,2024-2025,offense,Play types,To Basket,4,Drives Left,Isolation > Top > Drives Left > To Basket,Isolation,Top,Drives Left,To Basket,,,1,50.0,2.0,100.0,0.0,0.0,0,,,,100.0,,1,100.0,0.0,,,1,0,,1.0,0.0,100.0,1,1,0,100.0,0,0,0.0,2
Lloyd Pandi,Ottawa Blackjacks,2024-2025,offense,Play types,Make 2 Pts,5,To Basket,Isolation > Top > Drives Left > To Basket > Make 2 Pts,Isolation,Top,Drives Left,To Basket,Make 2 Pts,,1,100.0,2.0,100.0,0.0,0.0,0,,,,100.0,,1,100.0,0.0,,,1,0,,1.0,0.0,100.0,1,1,0,100.0,0,0,0.0,2
Lloyd Pandi,Ottawa Blackjacks,2024-2025,offense,Play types,Turnover,4,Drives Left,Isolation > Top > Drives Left > Turnover,Isolation,Top,Drives Left,Turnover,,,1,50.0,0.0,,100.0,0.0,0,,,,,,0,,0.0,,,0,0,,0.0,,0.0,0,0,0,,0,0,,0
Lloyd Pandi,Ottawa Blackjacks,2024-2025,offense,Play types,Right,2,Isolation,Isolation > Right,Isolation,Right,,,,,2,14.3,0.0,0.0,50.0,0.0,0,,,,0.0,,1,0.0,0.0,,,0,1,,1.0,0.0,0.0,1,0,1,0.0,0,0,0.0,0
Lloyd Pandi,Ottawa Blackjacks,2024-2025,offense,Play types,Drives Left,3,Right,Isolation > Right > Drives Left,Isolation,Right,Drives Left,,,,2,100.0,0.0,0.0,50.0,0.0,0,,,,0.0,,1,0.0,0.0,,,0,1,,1.0,0.0,0.0,1,0,1,0.0,0,0,0.0,0
Lloyd Pandi,Ottawa Blackjacks,2024-2025,offense,Play types,Dribble Jumper,4,Drives Left,Isolation > Right > Drives Left > Dribble Jumper,Isolation,Right,Drives Left,Dribble Jumper,,,1,50.0,0.0,0.0,0.0,0.0,0,,,,0.0,,1,0.0,0.0,,,0,1,,1.0,0.0,0.0,1,0,1,0.0,0,0,0.0,0
Lloyd Pandi,Ottawa Blackjacks,2024-2025,offense,Play types,Short to < 17,5,Dribble Jumper,Isolation > Right > Drives Left > Dribble Jumper > Short to < 17,Isolation,Right,Drives Left,Dribble Jumper,Short to < 17,,1,100.0,0.0,0.0,0.0,0.0,0,,,,0.0,,1,0.0,0.0,,,0,1,,1.0,0.0,0.0,1,0,1,0.0,0,0,0.0,0
Lloyd Pandi,Ottawa Blackjacks,2024-2025,offense,Play types,Defense Commits,4,Drives Left,Isolation > Right > Drives Left > Defense Commits,Isolation,Right,Drives Left,Defense Commits,,,1,50.0,0.0,,100.0,0.0,0,,,,,,0,,0.0,,,0,0,,0.0,,0.0,0,0,0,,0,0,,0
Lloyd Pandi,Ottawa Blackjacks,2024-2025,offense,Play types,Turnover,5,Defense Commits,Isolation > Right > Drives Left > Defense Commits > Turnover,Isolation,Right,Drives Left,Defense Commits,Turnover,,1,100.0,0.0,,100.0,0.0,0,,,,,,0,,0.0,,,0,0,,0.0,,0.0,0,0,0,,0,0,,0
Lloyd Pandi,Ottawa Blackjacks,2024-2025,offense,Play types,Handoffs,1,,Handoffs,Handoffs,,,,,,13,5.5,1.231,62.7,0.0,15.4,1,0.0,Excellent,88.0,63.6,25.0,11,63.6,15.4,,,7,4,,12.8,0.36,69.2,10,7,3,70.0,0,1,0.09,16
Lloyd Pandi,Ottawa Blackjacks,2024-2025,offense,Play types,From Dribble,2,Handoffs,Handoffs > From Dribble,Handoffs,From Dribble,,,,,11,84.6,1.273,65.1,0.0,18.2,0,,,,66.7,,9,66.7,18.2,,,6,3,,10.8,0.44,72.7,9,6,3,66.7,0,0,0.0,14
Lloyd Pandi,Ottawa Blackjacks,2024-2025,offense,Play types,Top,3,From Dribble,Handoffs > From Dribble > Top,Handoffs,From Dribble,Top,,,,8,72.7,1.0,51.5,0.0,25.0,0,,,,50.0,,6,50.0,25.0,,,3,3,,7.8,0.67,62.5,6,3,3,50.0,0,0,0.0,8
Lloyd Pandi,Ottawa Blackjacks,2024-2025,offense,Play types,To Basket,4,Top,Handoffs > From Dribble > Top > To Basket,Handoffs,From Dribble,Top,To Basket,,,7,87.5,1.143,59.2,0.0,28.6,0,,,,60.0,,5,60.0,28.6,,,3,2,,6.8,0.8,71.4,5,3,2,60.0,0,0,0.0,8
Lloyd Pandi,Ottawa Blackjacks,2024-2025,offense,Play types,Make 2 Pts,5,To Basket,Handoffs > From Dribble > Top > To Basket > Make 2 Pts,Handoffs,From Dribble,Top,To Basket,Make 2 Pts,,3,42.9,2.0,100.0,0.0,0.0,0,,,,100.0,,3,100.0,0.0,,,3,0,,3.0,0.0,100.0,3,3,0,100.0,0,0,0.0,6
Lloyd Pandi,Ottawa Blackjacks,2024-2025,offense,Play types,Miss 2 Pts,5,To Basket,Handoffs > From Dribble > Top > To Basket > Miss 2 Pts,Handoffs,From Dribble,Top,To Basket,Miss 2 Pts,,2,28.6,0.0,0.0,0.0,0.0,0,,,,0.0,,2,0.0,0.0,,,0,2,,2.0,0.0,0.0,2,0,2,0.0,0,0,0.0,0
Lloyd Pandi,Ottawa Blackjacks,2024-2025,offense,Play types,Foul,5,To Basket,Handoffs > From Dribble > Top > To Basket > Foul,Handoffs,From Dribble,Top,To Basket,Foul,,2,28.6,1.0,56.8,0.0,100.0,0,,,,,,0,,100.0,,,0,0,,1.8,,100.0,0,0,0,,0,0,,2
Lloyd Pandi,Ottawa Blackjacks,2024-2025,offense,Play types,Dribble Jumper,4,Top,Handoffs > From Dribble > Top > Dribble Jumper,Handoffs,From Dribble,Top,Dribble Jumper,,,1,12.5,0.0,0.0,0.0,0.0,0,,,,0.0,,1,0.0,0.0,,,0,1,,1.0,0.0,0.0,1,0,1,0.0,0,0,0.0,0
Lloyd Pandi,Ottawa Blackjacks,2024-2025,offense,Play types,Medium/17' to 3pt,5,Dribble Jumper,Handoffs > From Dribble > Top > Dribble Jumper > Medium/17' to 3pt,Handoffs,From Dribble,Top,Dribble Jumper,Medium/17' to 3pt,,1,100.0,0.0,0.0,0.0,0.0,0,,,,0.0,,1,0.0,0.0,,,0,1,,1.0,0.0,0.0,1,0,1,0.0,0,0,0.0,0
Lloyd Pandi,Ottawa Blackjacks,2024-2025,offense,Play types,Left,3,From Dribble,Handoffs > From Dribble > Left,Handoffs,From Dribble,Left,,,,3,27.3,2.0,100.0,0.0,0.0,0,,,,100.0,,3,100.0,0.0,,,3,0,,3.0,0.0,100.0,3,3,0,100.0,0,0,0.0,6
Lloyd Pandi,Ottawa Blackjacks,2024-2025,offense,Play types,To Basket,4,Left,Handoffs > From Dribble > Left > To Basket,Handoffs,From Dribble,Left,To Basket,,,2,66.7,2.0,100.0,0.0,0.0,0,,,,100.0,,2,100.0,0.0,,,2,0,,2.0,0.0,100.0,2,2,0,100.0,0,0,0.0,4
Lloyd Pandi,Ottawa Blackjacks,2024-2025,offense,Play types,Make 2 Pts,5,To Basket,Handoffs > From Dribble > Left > To Basket > Make 2 Pts,Handoffs,From Dribble,Left,To Basket,Make 2 Pts,,2,100.0,2.0,100.0,0.0,0.0,0,,,,100.0,,2,100.0,0.0,,,2,0,,2.0,0.0,100.0,2,2,0,100.0,0,0,0.0,4
Lloyd Pandi,Ottawa Blackjacks,2024-2025,offense,Play types,Dribble Jumper,4,Left,Handoffs > From Dribble > Left > Dribble Jumper,Handoffs,From Dribble,Left,Dribble Jumper,,,1,33.3,2.0,100.0,0.0,0.0,0,,,,100.0,,1,100.0,0.0,,,1,0,,1.0,0.0,100.0,1,1,0,100.0,0,0,0.0,2
Lloyd Pandi,Ottawa Blackjacks,2024-2025,offense,Play types,Short to < 17,5,Dribble Jumper,Handoffs > From Dribble > Left > Dribble Jumper > Short to < 17,Handoffs,From Dribble,Left,Dribble Jumper,Short to < 17,,1,100.0,2.0,100.0,0.0,0.0,0,,,,100.0,,1,100.0,0.0,,,1,0,,1.0,0.0,100.0,1,1,0,100.0,0,0,0.0,2
Lloyd Pandi,Ottawa Blackjacks,2024-2025,offense,Play types,From Stationary,2,Handoffs,Handoffs > From Stationary,Handoffs,From Stationary,,,,,2,15.4,1.0,50.0,0.0,0.0,1,0.0,,,50.0,,2,50.0,0.0,,,1,1,,2.0,0.0,50.0,1,1,0,100.0,0,1,0.5,2
Lloyd Pandi,Ottawa Blackjacks,2024-2025,offense,Play types,Right,3,From Stationary,Handoffs > From Stationary > Right,Handoffs,From Stationary,Right,,,,1,50.0,0.0,0.0,0.0,0.0,1,0.0,,,0.0,,1,0.0,0.0,,,0,1,,1.0,0.0,0.0,0,0,0,,0,1,1.0,0
Lloyd Pandi,Ottawa Blackjacks,2024-2025,offense,Play types,No Dribble Jumper,4,Right,Handoffs > From Stationary > Right > No Dribble Jumper,Handoffs,From Stationary,Right,No Dribble Jumper,,,1,100.0,0.0,0.0,0.0,0.0,1,0.0,,,0.0,,1,0.0,0.0,,,0,1,,1.0,0.0,0.0,0,0,0,,0,1,1.0,0
Lloyd Pandi,Ottawa Blackjacks,2024-2025,offense,Play types,Open,5,No Dribble Jumper,Handoffs > From Stationary > Right > No Dribble Jumper > Open,Handoffs,From Stationary,Right,No Dribble Jumper,Open,,1,100.0,0.0,0.0,0.0,0.0,1,0.0,,,0.0,,1,0.0,0.0,,,0,1,,1.0,0.0,0.0,0,0,0,,0,1,1.0,0
Lloyd Pandi,Ottawa Blackjacks,2024-2025,offense,Play types,Top,3,From Stationary,Handoffs > From Stationary > Top,Handoffs,From Stationary,Top,,,,1,50.0,2.0,100.0,0.0,0.0,0,,,,100.0,,1,100.0,0.0,,,1,0,,1.0,0.0,100.0,1,1,0,100.0,0,0,0.0,2
Lloyd Pandi,Ottawa Blackjacks,2024-2025,offense,Play types,To Basket,4,Top,Handoffs > From Stationary > Top > To Basket,Handoffs,From Stationary,Top,To Basket,,,1,100.0,2.0,100.0,0.0,0.0,0,,,,100.0,,1,100.0,0.0,,,1,0,,1.0,0.0,100.0,1,1,0,100.0,0,0,0.0,2
Lloyd Pandi,Ottawa Blackjacks,2024-2025,offense,Play types,Make 2 Pts,5,To Basket,Handoffs > From Stationary > Top > To Basket > Make 2 Pts,Handoffs,From Stationary,Top,To Basket,Make 2 Pts,,1,100.0,2.0,100.0,0.0,0.0,0,,,,100.0,,1,100.0,0.0,,,1,0,,1.0,0.0,100.0,1,1,0,100.0,0,0,0.0,2
Lloyd Pandi,Ottawa Blackjacks,2024-2025,offense,Play types,Post-Up,1,,Post-Up,Post-Up,,,,,,12,5.1,1.167,70.9,16.7,8.3,0,,Excellent,96.0,66.7,4.0,9,66.7,8.3,,,6,3,,9.9,0.22,58.3,9,6,3,66.7,0,0,0.0,14
Lloyd Pandi,Ottawa Blackjacks,2024-2025,offense,Play types,Post-Up - Overall,2,Post-Up,Post-Up > Post-Up - Overall,Post-Up,Post-Up - Overall,,,,,12,100.0,1.167,70.9,16.7,8.3,0,,,,66.7,,9,66.7,8.3,,,6,3,,9.9,0.22,58.3,9,6,3,66.7,0,0,0.0,14
Lloyd Pandi,Ottawa Blackjacks,2024-2025,offense,Play types,Right Shoulder,3,Post-Up - Overall,Post-Up > Post-Up - Overall > Right Shoulder,Post-Up,Post-Up - Overall,Right Shoulder,,,,6,50.0,1.0,60.0,16.7,0.0,0,,,,60.0,,5,60.0,0.0,,,3,2,,5.0,0.0,50.0,5,3,2,60.0,0,0,0.0,6
Lloyd Pandi,Ottawa Blackjacks,2024-2025,offense,Play types,Left Shoulder,3,Post-Up - Overall,Post-Up > Post-Up - Overall > Left Shoulder,Post-Up,Post-Up - Overall,Left Shoulder,,,,4,33.3,1.0,69.4,25.0,25.0,0,,,,50.0,,2,50.0,25.0,,,1,1,,2.9,1.0,50.0,2,1,1,50.0,0,0,0.0,4
Lloyd Pandi,Ottawa Blackjacks,2024-2025,offense,Play types,Face-Up,3,Post-Up - Overall,Post-Up > Post-Up - Overall > Face-Up,Post-Up,Post-Up - Overall,Face-Up,,,,2,16.7,2.0,100.0,0.0,0.0,0,,,,100.0,,2,100.0,0.0,,,2,0,,2.0,0.0,100.0,2,2,0,100.0,0,0,0.0,4
Lloyd Pandi,Ottawa Blackjacks,2024-2025,offense,Play types,Left Block,2,Post-Up,Post-Up > Left Block,Post-Up,Left Block,,,,,7,58.3,1.714,87.2,0.0,14.3,0,,,,83.3,,6,83.3,14.3,,,5,1,,6.9,0.33,85.7,6,5,1,83.3,0,0,0.0,12
Lloyd Pandi,Ottawa Blackjacks,2024-2025,offense,Play types,Left Shoulder,3,Left Block,Post-Up > Left Block > Left Shoulder,Post-Up,Left Block,Left Shoulder,,,,3,42.9,1.333,69.4,0.0,33.3,0,,,,50.0,,2,50.0,33.3,,,1,1,,2.9,1.0,66.7,2,1,1,50.0,0,0,0.0,4
Lloyd Pandi,Ottawa Blackjacks,2024-2025,offense,Play types,Dribble Move,4,Left Shoulder,Post-Up > Left Block > Left Shoulder > Dribble Move,Post-Up,Left Block,Left Shoulder,Dribble Move,,,3,100.0,1.333,69.4,0.0,33.3,0,,,,50.0,,2,50.0,33.3,,,1,1,,2.9,1.0,66.7,2,1,1,50.0,0,0,0.0,4
Lloyd Pandi,Ottawa Blackjacks,2024-2025,offense,Play types,To Basket,5,Dribble Move,Post-Up > Left Block > Left Shoulder > Dribble Move > To Basket,Post-Up,Left Block,Left Shoulder,Dribble Move,To Basket,,3,100.0,1.333,69.4,0.0,33.3,0,,,,50.0,,2,50.0,33.3,,,1,1,,2.9,1.0,66.7,2,1,1,50.0,0,0,0.0,4
Lloyd Pandi,Ottawa Blackjacks,2024-2025,offense,Play types,Face-up,3,Left Block,Post-Up > Left Block > Face-up,Post-Up,Left Block,Face-up,,,,2,28.6,2.0,100.0,0.0,0.0,0,,,,100.0,,2,100.0,0.0,,,2,0,,2.0,0.0,100.0,2,2,0,100.0,0,0,0.0,4
Lloyd Pandi,Ottawa Blackjacks,2024-2025,offense,Play types,Drive Baseline,4,Face-up,Post-Up > Left Block > Face-up > Drive Baseline,Post-Up,Left Block,Face-up,Drive Baseline,,,1,50.0,2.0,100.0,0.0,0.0,0,,,,100.0,,1,100.0,0.0,,,1,0,,1.0,0.0,100.0,1,1,0,100.0,0,0,0.0,2
Lloyd Pandi,Ottawa Blackjacks,2024-2025,offense,Play types,Make 2 Pts,5,Drive Baseline,Post-Up > Left Block > Face-up > Drive Baseline > Make 2 Pts,Post-Up,Left Block,Face-up,Drive Baseline,Make 2 Pts,,1,100.0,2.0,100.0,0.0,0.0,0,,,,100.0,,1,100.0,0.0,,,1,0,,1.0,0.0,100.0,1,1,0,100.0,0,0,0.0,2
Lloyd Pandi,Ottawa Blackjacks,2024-2025,offense,Play types,Drive Middle,4,Face-up,Post-Up > Left Block > Face-up > Drive Middle,Post-Up,Left Block,Face-up,Drive Middle,,,1,50.0,2.0,100.0,0.0,0.0,0,,,,100.0,,1,100.0,0.0,,,1,0,,1.0,0.0,100.0,1,1,0,100.0,0,0,0.0,2
Lloyd Pandi,Ottawa Blackjacks,2024-2025,offense,Play types,Make 2 Pts,5,Drive Middle,Post-Up > Left Block > Face-up > Drive Middle > Make 2 Pts,Post-Up,Left Block,Face-up,Drive Middle,Make 2 Pts,,1,100.0,2.0,100.0,0.0,0.0,0,,,,100.0,,1,100.0,0.0,,,1,0,,1.0,0.0,100.0,1,1,0,100.0,0,0,0.0,2
Lloyd Pandi,Ottawa Blackjacks,2024-2025,offense,Play types,Right Shoulder,3,Left Block,Post-Up > Left Block > Right Shoulder,Post-Up,Left Block,Right Shoulder,,,,2,28.6,2.0,100.0,0.0,0.0,0,,,,100.0,,2,100.0,0.0,,,2,0,,2.0,0.0,100.0,2,2,0,100.0,0,0,0.0,4
Lloyd Pandi,Ottawa Blackjacks,2024-2025,offense,Play types,Dribble Move,4,Right Shoulder,Post-Up > Left Block > Right Shoulder > Dribble Move,Post-Up,Left Block,Right Shoulder,Dribble Move,,,2,100.0,2.0,100.0,0.0,0.0,0,,,,100.0,,2,100.0,0.0,,,2,0,,2.0,0.0,100.0,2,2,0,100.0,0,0,0.0,4
Lloyd Pandi,Ottawa Blackjacks,2024-2025,offense,Play types,To Basket,5,Dribble Move,Post-Up > Left Block > Right Shoulder > Dribble Move > To Basket,Post-Up,Left Block,Right Shoulder,Dribble Move,To Basket,,2,100.0,2.0,100.0,0.0,0.0,0,,,,100.0,,2,100.0,0.0,,,2,0,,2.0,0.0,100.0,2,2,0,100.0,0,0,0.0,4
Lloyd Pandi,Ottawa Blackjacks,2024-2025,offense,Play types,Right Block,2,Post-Up,Post-Up > Right Block,Post-Up,Right Block,,,,,5,41.7,0.4,33.3,40.0,0.0,0,,,,33.3,,3,33.3,0.0,,,1,2,,3.0,0.0,20.0,3,1,2,33.3,0,0,0.0,2
Lloyd Pandi,Ottawa Blackjacks,2024-2025,offense,Play types,Right Shoulder,3,Right Block,Post-Up > Right Block > Right Shoulder,Post-Up,Right Block,Right Shoulder,,,,4,80.0,0.5,33.3,25.0,0.0,0,,,,33.3,,3,33.3,0.0,,,1,2,,3.0,0.0,25.0,3,1,2,33.3,0,0,0.0,2
Lloyd Pandi,Ottawa Blackjacks,2024-2025,offense,Play types,Dribble Move,4,Right Shoulder,Post-Up > Right Block > Right Shoulder > Dribble Move,Post-Up,Right Block,Right Shoulder,Dribble Move,,,3,75.0,0.667,50.0,33.3,0.0,0,,,,50.0,,2,50.0,0.0,,,1,1,,2.0,0.0,33.3,2,1,1,50.0,0,0,0.0,2
Lloyd Pandi,Ottawa Blackjacks,2024-2025,offense,Play types,To Jumper,5,Dribble Move,Post-Up > Right Block > Right Shoulder > Dribble Move > To Jumper,Post-Up,Right Block,Right Shoulder,Dribble Move,To Jumper,,1,33.3,0.0,0.0,0.0,0.0,0,,,,0.0,,1,0.0,0.0,,,0,1,,1.0,0.0,0.0,1,0,1,0.0,0,0,0.0,0
Lloyd Pandi,Ottawa Blackjacks,2024-2025,offense,Play types,To Basket,5,Dribble Move,Post-Up > Right Block > Right Shoulder > Dribble Move > To Basket,Post-Up,Right Block,Right Shoulder,Dribble Move,To Basket,,1,33.3,2.0,100.0,0.0,0.0,0,,,,100.0,,1,100.0,0.0,,,1,0,,1.0,0.0,100.0,1,1,0,100.0,0,0,0.0,2
Lloyd Pandi,Ottawa Blackjacks,2024-2025,offense,Play types,Defense Commits,5,Dribble Move,Post-Up > Right Block > Right Shoulder > Dribble Move > Defense Commits,Post-Up,Right Block,Right Shoulder,Dribble Move,Defense Commits,,1,33.3,0.0,,100.0,0.0,0,,,,,,0,,0.0,,,0,0,,0.0,,0.0,0,0,0,,0,0,,0
Lloyd Pandi,Ottawa Blackjacks,2024-2025,offense,Play types,No Dribble Move,4,Right Shoulder,Post-Up > Right Block > Right Shoulder > No Dribble Move,Post-Up,Right Block,Right Shoulder,No Dribble Move,,,1,25.0,0.0,0.0,0.0,0.0,0,,,,0.0,,1,0.0,0.0,,,0,1,,1.0,0.0,0.0,1,0,1,0.0,0,0,0.0,0
Lloyd Pandi,Ottawa Blackjacks,2024-2025,offense,Play types,To Jumper,5,No Dribble Move,Post-Up > Right Block > Right Shoulder > No Dribble Move > To Jumper,Post-Up,Right Block,Right Shoulder,No Dribble Move,To Jumper,,1,100.0,0.0,0.0,0.0,0.0,0,,,,0.0,,1,0.0,0.0,,,0,1,,1.0,0.0,0.0,1,0,1,0.0,0,0,0.0,0
Lloyd Pandi,Ottawa Blackjacks,2024-2025,offense,Play types,Left Shoulder,3,Right Block,Post-Up > Right Block > Left Shoulder,Post-Up,Right Block,Left Shoulder,,,,1,20.0,0.0,,100.0,0.0,0,,,,,,0,,0.0,,,0,0,,0.0,,0.0,0,0,0,,0,0,,0
Lloyd Pandi,Ottawa Blackjacks,2024-2025,offense,Play types,Dribble Move,4,Left Shoulder,Post-Up > Right Block > Left Shoulder > Dribble Move,Post-Up,Right Block,Left Shoulder,Dribble Move,,,1,100.0,0.0,,100.0,0.0,0,,,,,,0,,0.0,,,0,0,,0.0,,0.0,0,0,0,,0,0,,0
Lloyd Pandi,Ottawa Blackjacks,2024-2025,offense,Play types,Turnover,5,Dribble Move,Post-Up > Right Block > Left Shoulder > Dribble Move > Turnover,Post-Up,Right Block,Left Shoulder,Dribble Move,Turnover,,1,100.0,0.0,,100.0,0.0,0,,,,,,0,,0.0,,,0,0,,0.0,,0.0,0,0,0,,0,0,,0
Lloyd Pandi,Ottawa Blackjacks,2024-2025,offense,Play types,Miscellaneous Plays,1,,Miscellaneous Plays,Miscellaneous Plays,,,,,,11,4.6,0.182,50.0,81.8,0.0,0,,Below Average,15.0,50.0,23.0,2,50.0,0.0,,,1,1,,2.0,0.0,9.1,2,1,1,50.0,0,0,0.0,2
Lloyd Pandi,Ottawa Blackjacks,2024-2025,offense,Play types,Turnover,2,Miscellaneous Plays,Miscellaneous Plays > Turnover,Miscellaneous Plays,Turnover,,,,,8,72.7,0.0,,100.0,0.0,0,,,,,,0,,0.0,,,0,0,,0.0,,0.0,0,0,0,,0,0,,0
Lloyd Pandi,Ottawa Blackjacks,2024-2025,offense,Play types,To Basket,2,Miscellaneous Plays,Miscellaneous Plays > To Basket,Miscellaneous Plays,To Basket,,,,,3,27.3,0.667,50.0,33.3,0.0,0,,,,50.0,,2,50.0,0.0,,,1,1,,2.0,0.0,33.3,2,1,1,50.0,0,0,0.0,2
Lloyd Pandi,Ottawa Blackjacks,2024-2025,offense,Play types,Make 2 Pts,3,To Basket,Miscellaneous Plays > To Basket > Make 2 Pts,Miscellaneous Plays,To Basket,Make 2 Pts,,,,1,33.3,2.0,100.0,0.0,0.0,0,,,,100.0,,1,100.0,0.0,,,1,0,,1.0,0.0,100.0,1,1,0,100.0,0,0,0.0,2
Lloyd Pandi,Ottawa Blackjacks,2024-2025,offense,Play types,Turnover,3,To Basket,Miscellaneous Plays > To Basket > Turnover,Miscellaneous Plays,To Basket,Turnover,,,,1,33.3,0.0,,100.0,0.0,0,,,,,,0,,0.0,,,0,0,,0.0,,0.0,0,0,0,,0,0,,0
Lloyd Pandi,Ottawa Blackjacks,2024-2025,offense,Play types,Miss 2 Pts,3,To Basket,Miscellaneous Plays > To Basket > Miss 2 Pts,Miscellaneous Plays,To Basket,Miss 2 Pts,,,,1,33.3,0.0,0.0,0.0,0.0,0,,,,0.0,,1,0.0,0.0,,,0,1,,1.0,0.0,0.0,1,0,1,0.0,0,0,0.0,0
Lloyd Pandi,Ottawa Blackjacks,2024-2025,offense,Play types,Off Screen,1,,Off Screen,Off Screen,,,,,,6,2.5,0.833,41.7,0.0,0.0,3,33.3,,,33.3,,6,41.7,0.0,,,2,4,,6.0,0.0,33.3,3,1,2,33.3,1,2,0.5,5
Lloyd Pandi,Ottawa Blackjacks,2024-2025,offense,Play types,To Shooter's Right,2,Off Screen,Off Screen > To Shooter's Right,Off Screen,To Shooter's Right,,,,,4,66.7,0.75,37.5,0.0,0.0,2,50.0,,,25.0,,4,37.5,0.0,,,1,3,,4.0,0.0,25.0,2,0,2,0.0,1,1,0.5,3
Lloyd Pandi,Ottawa Blackjacks,2024-2025,offense,Play types,Straight,3,To Shooter's Right,Off Screen > To Shooter's Right > Straight,Off Screen,To Shooter's Right,Straight,,,,4,100.0,0.75,37.5,0.0,0.0,2,50.0,,,25.0,,4,37.5,0.0,,,1,3,,4.0,0.0,25.0,2,0,2,0.0,1,1,0.5,3
Lloyd Pandi,Ottawa Blackjacks,2024-2025,offense,Play types,To Basket,4,Straight,Off Screen > To Shooter's Right > Straight > To Basket,Off Screen,To Shooter's Right,Straight,To Basket,,,2,50.0,0.0,0.0,0.0,0.0,0,,,,0.0,,2,0.0,0.0,,,0,2,,2.0,0.0,0.0,2,0,2,0.0,0,0,0.0,0
Lloyd Pandi,Ottawa Blackjacks,2024-2025,offense,Play types,Miss 2 Pts,5,To Basket,Off Screen > To Shooter's Right > Straight > To Basket > Miss 2 Pts,Off Screen,To Shooter's Right,Straight,To Basket,Miss 2 Pts,,2,100.0,0.0,0.0,0.0,0.0,0,,,,0.0,,2,0.0,0.0,,,0,2,,2.0,0.0,0.0,2,0,2,0.0,0,0,0.0,0
Lloyd Pandi,Ottawa Blackjacks,2024-2025,offense,Play types,No Dribble Jumper,4,Straight,Off Screen > To Shooter's Right > Straight > No Dribble Jumper,Off Screen,To Shooter's Right,Straight,No Dribble Jumper,,,1,25.0,0.0,0.0,0.0,0.0,1,0.0,,,0.0,,1,0.0,0.0,,,0,1,,1.0,0.0,0.0,0,0,0,,0,1,1.0,0
Lloyd Pandi,Ottawa Blackjacks,2024-2025,offense,Play types,Open,5,No Dribble Jumper,Off Screen > To Shooter's Right > Straight > No Dribble Jumper > Open,Off Screen,To Shooter's Right,Straight,No Dribble Jumper,Open,,1,100.0,0.0,0.0,0.0,0.0,1,0.0,,,0.0,,1,0.0,0.0,,,0,1,,1.0,0.0,0.0,0,0,0,,0,1,1.0,0
Lloyd Pandi,Ottawa Blackjacks,2024-2025,offense,Play types,Dribble Jumper,4,Straight,Off Screen > To Shooter's Right > Straight > Dribble Jumper,Off Screen,To Shooter's Right,Straight,Dribble Jumper,,,1,25.0,3.0,150.0,0.0,0.0,1,100.0,,,100.0,,1,150.0,0.0,,,1,0,,1.0,0.0,100.0,0,0,0,,1,0,1.0,3
Lloyd Pandi,Ottawa Blackjacks,2024-2025,offense,Play types,Long/3pt,5,Dribble Jumper,Off Screen > To Shooter's Right > Straight > Dribble Jumper > Long/3pt,Off Screen,To Shooter's Right,Straight,Dribble Jumper,Long/3pt,,1,100.0,3.0,150.0,0.0,0.0,1,100.0,,,100.0,,1,150.0,0.0,,,1,0,,1.0,0.0,100.0,0,0,0,,1,0,1.0,3
Lloyd Pandi,Ottawa Blackjacks,2024-2025,offense,Play types,To Shooter's Left,2,Off Screen,Off Screen > To Shooter's Left,Off Screen,To Shooter's Left,,,,,2,33.3,1.0,50.0,0.0,0.0,1,0.0,,,50.0,,2,50.0,0.0,,,1,1,,2.0,0.0,50.0,1,1,0,100.0,0,1,0.5,2
Lloyd Pandi,Ottawa Blackjacks,2024-2025,offense,Play types,Straight,3,To Shooter's Left,Off Screen > To Shooter's Left > Straight,Off Screen,To Shooter's Left,Straight,,,,1,50.0,0.0,0.0,0.0,0.0,1,0.0,,,0.0,,1,0.0,0.0,,,0,1,,1.0,0.0,0.0,0,0,0,,0,1,1.0,0
Lloyd Pandi,Ottawa Blackjacks,2024-2025,offense,Play types,Dribble Jumper,4,Straight,Off Screen > To Shooter's Left > Straight > Dribble Jumper,Off Screen,To Shooter's Left,Straight,Dribble Jumper,,,1,100.0,0.0,0.0,0.0,0.0,1,0.0,,,0.0,,1,0.0,0.0,,,0,1,,1.0,0.0,0.0,0,0,0,,0,1,1.0,0
Lloyd Pandi,Ottawa Blackjacks,2024-2025,offense,Play types,Long/3pt,5,Dribble Jumper,Off Screen > To Shooter's Left > Straight > Dribble Jumper > Long/3pt,Off Screen,To Shooter's Left,Straight,Dribble Jumper,Long/3pt,,1,100.0,0.0,0.0,0.0,0.0,1,0.0,,,0.0,,1,0.0,0.0,,,0,1,,1.0,0.0,0.0,0,0,0,,0,1,1.0,0
Lloyd Pandi,Ottawa Blackjacks,2024-2025,offense,Play types,Flare,3,To Shooter's Left,Off Screen > To Shooter's Left > Flare,Off Screen,To Shooter's Left,Flare,,,,1,50.0,2.0,100.0,0.0,0.0,0,,,,100.0,,1,100.0,0.0,,,1,0,,1.0,0.0,100.0,1,1,0,100.0,0,0,0.0,2
Lloyd Pandi,Ottawa Blackjacks,2024-2025,offense,Play types,To Basket,4,Flare,Off Screen > To Shooter's Left > Flare > To Basket,Off Screen,To Shooter's Left,Flare,To Basket,,,1,100.0,2.0,100.0,0.0,0.0,0,,,,100.0,,1,100.0,0.0,,,1,0,,1.0,0.0,100.0,1,1,0,100.0,0,0,0.0,2
Lloyd Pandi,Ottawa Blackjacks,2024-2025,offense,Play types,Make 2 Pts,5,To Basket,Off Screen > To Shooter's Left > Flare > To Basket > Make 2 Pts,Off Screen,To Shooter's Left,Flare,To Basket,Make 2 Pts,,1,100.0,2.0,100.0,0.0,0.0,0,,,,100.0,,1,100.0,0.0,,,1,0,,1.0,0.0,100.0,1,1,0,100.0,0,0,0.0,2
Lloyd Pandi,Ottawa Blackjacks,2024-2025,offense,Play types,P&R Roll Man,1,,P&R Roll Man,P&R Roll Man,,,,,,1,0.4,0.0,,100.0,0.0,0,,,,,,0,,0.0,,,0,0,,0.0,,0.0,0,0,0,,0,0,,0
Lloyd Pandi,Ottawa Blackjacks,2024-2025,offense,Play types,Pick and Pops,2,P&R Roll Man,P&R Roll Man > Pick and Pops,P&R Roll Man,Pick and Pops,,,,,1,100.0,0.0,,100.0,0.0,0,,,,,,0,,0.0,,,0,0,,0.0,,0.0,0,0,0,,0,0,,0
Lloyd Pandi,Ottawa Blackjacks,2024-2025,offense,Play types,Drives Left,3,Pick and Pops,P&R Roll Man > Pick and Pops > Drives Left,P&R Roll Man,Pick and Pops,Drives Left,,,,1,100.0,0.0,,100.0,0.0,0,,,,,,0,,0.0,,,0,0,,0.0,,0.0,0,0,0,,0,0,,0
Lloyd Pandi,Ottawa Blackjacks,2024-2025,offense,Play types,Turnover,4,Drives Left,P&R Roll Man > Pick and Pops > Drives Left > Turnover,P&R Roll Man,Pick and Pops,Drives Left,Turnover,,,1,100.0,0.0,,100.0,0.0,0,,,,,,0,,0.0,,,0,0,,0.0,,0.0,0,0,0,,0,0,,0
Lloyd Pandi,Ottawa Blackjacks,2024-2025,offense,Overall Drive Direction,Overall,1,,Overall,Overall,,,,,,63,26.6,0.889,54.7,19.0,12.7,1,0.0,,,48.9,,45,48.9,12.7,,,22,23,,51.2,0.31,44.4,44,22,22,50.0,0,1,0.02,56
Lloyd Pandi,Ottawa Blackjacks,2024-2025,offense,Overall Drive Direction,Drives Left,2,Overall,Overall > Drives Left,Overall,Drives Left,,,,,35,55.6,0.743,46.5,20.0,14.3,0,,,,37.5,,24,37.5,14.3,,,9,15,,28.0,0.38,37.1,24,9,15,37.5,0,0,0.0,26
Lloyd Pandi,Ottawa Blackjacks,2024-2025,offense,Overall Drive Direction,To Basket,3,Drives Left,Overall > Drives Left > To Basket,Overall,Drives Left,To Basket,,,,22,62.9,1.0,50.1,0.0,22.7,0,,,,38.9,,18,38.9,22.7,,,7,11,,22.0,0.5,50.0,18,7,11,38.9,0,0,0.0,22
Lloyd Pandi,Ottawa Blackjacks,2024-2025,offense,Overall Drive Direction,Dribble Jumper,3,Drives Left,Overall > Drives Left > Dribble Jumper,Overall,Drives Left,Dribble Jumper,,,,6,17.1,0.667,33.3,0.0,0.0,0,,,,33.3,,6,33.3,0.0,,,2,4,,6.0,0.0,33.3,6,2,4,33.3,0,0,0.0,4
Lloyd Pandi,Ottawa Blackjacks,2024-2025,offense,Overall Drive Direction,Turnover,3,Drives Left,Overall > Drives Left > Turnover,Overall,Drives Left,Turnover,,,,5,14.3,0.0,,100.0,0.0,0,,,,,,0,,0.0,,,0,0,,0.0,,0.0,0,0,0,,0,0,,0
Lloyd Pandi,Ottawa Blackjacks,2024-2025,offense,Overall Drive Direction,Defense Commits,3,Drives Left,Overall > Drives Left > Defense Commits,Overall,Drives Left,Defense Commits,,,,2,5.7,0.0,,100.0,0.0,0,,,,,,0,,0.0,,,0,0,,0.0,,0.0,0,0,0,,0,0,,0
Lloyd Pandi,Ottawa Blackjacks,2024-2025,offense,Overall Drive Direction,Foul,3,Drives Left,Overall > Drives Left > Foul,Overall,Drives Left,Foul,,,,0,0.0,,,,,0,,,,,,0,,,,,0,0,,0.0,,,0,0,0,,0,0,,0
Lloyd Pandi,Ottawa Blackjacks,2024-2025,offense,Overall Drive Direction,Drives Right,2,Overall,Overall > Drives Right,Overall,Drives Right,,,,,27,42.9,1.037,63.1,18.5,11.1,1,0.0,,,60.0,,20,60.0,11.1,,,12,8,,22.2,0.25,51.9,19,12,7,63.2,0,1,0.05,28
Lloyd Pandi,Ottawa Blackjacks,2024-2025,offense,Overall Drive Direction,To Basket,3,Drives Right,Overall > Drives Right > To Basket,Overall,Drives Right,To Basket,,,,18,66.7,1.333,65.9,0.0,16.7,0,,,,62.5,,16,62.5,16.7,,,10,6,,18.2,0.31,66.7,16,10,6,62.5,0,0,0.0,24
Lloyd Pandi,Ottawa Blackjacks,2024-2025,offense,Overall Drive Direction,Turnover,3,Drives Right,Overall > Drives Right > Turnover,Overall,Drives Right,Turnover,,,,5,18.5,0.0,,100.0,0.0,0,,,,,,0,,0.0,,,0,0,,0.0,,0.0,0,0,0,,0,0,,0
Lloyd Pandi,Ottawa Blackjacks,2024-2025,offense,Overall Drive Direction,Dribble Jumper,3,Drives Right,Overall > Drives Right > Dribble Jumper,Overall,Drives Right,Dribble Jumper,,,,4,14.8,1.0,50.0,0.0,0.0,1,0.0,,,50.0,,4,50.0,0.0,,,2,2,,4.0,0.0,50.0,3,2,1,66.7,0,1,0.25,4
Lloyd Pandi,Ottawa Blackjacks,2024-2025,offense,Overall Drive Direction,Foul,3,Drives Right,Overall > Drives Right > Foul,Overall,Drives Right,Foul,,,,0,0.0,,,,,0,,,,,,0,,,,,0,0,,0.0,,,0,0,0,,0,0,,0
Lloyd Pandi,Ottawa Blackjacks,2024-2025,offense,Overall Drive Direction,Defense Commits,3,Drives Right,Overall > Drives Right > Defense Commits,Overall,Drives Right,Defense Commits,,,,0,0.0,,,,,0,,,,,,0,,,,,0,0,,0.0,,,0,0,0,,0,0,,0
Lloyd Pandi,Ottawa Blackjacks,2024-2025,offense,Overall Drive Direction,Drives Straight,2,Overall,Overall > Drives Straight,Overall,Drives Straight,,,,,1,1.6,2.0,100.0,0.0,0.0,0,,,,100.0,,1,100.0,0.0,,,1,0,,1.0,0.0,100.0,1,1,0,100.0,0,0,0.0,2
Lloyd Pandi,Ottawa Blackjacks,2024-2025,offense,Overall Drive Direction,To Basket,3,Drives Straight,Overall > Drives Straight > To Basket,Overall,Drives Straight,To Basket,,,,1,100.0,2.0,100.0,0.0,0.0,0,,,,100.0,,1,100.0,0.0,,,1,0,,1.0,0.0,100.0,1,1,0,100.0,0,0,0.0,2
Lloyd Pandi,Ottawa Blackjacks,2024-2025,offense,Overall Drive Direction,Turnover,3,Drives Straight,Overall > Drives Straight > Turnover,Overall,Drives Straight,Turnover,,,,0,0.0,,,,,0,,,,,,0,,,,,0,0,,0.0,,,0,0,0,,0,0,,0
Lloyd Pandi,Ottawa Blackjacks,2024-2025,offense,Overall Drive Direction,Dribble Jumper,3,Drives Straight,Overall > Drives Straight > Dribble Jumper,Overall,Drives Straight,Dribble Jumper,,,,0,0.0,,,,,0,,,,,,0,,,,,0,0,,0.0,,,0,0,0,,0,0,,0
Lloyd Pandi,Ottawa Blackjacks,2024-2025,offense,Overall Drive Direction,Foul,3,Drives Straight,Overall > Drives Straight > Foul,Overall,Drives Straight,Foul,,,,0,0.0,,,,,0,,,,,,0,,,,,0,0,,0.0,,,0,0,0,,0,0,,0
Lloyd Pandi,Ottawa Blackjacks,2024-2025,offense,Overall Drive Direction,Defense Commits,3,Drives Straight,Overall > Drives Straight > Defense Commits,Overall,Drives Straight,Defense Commits,,,,0,0.0,,,,,0,,,,,,0,,,,,0,0,,0.0,,,0,0,0,,0,0,,0
Lloyd Pandi,Ottawa Blackjacks,2024-2025,offense,P&R ball handler,P&R Including Passes,1,,P&R Including Passes,P&R Including Passes,,,,,,60,27.6,0.967,50.3,5.0,15.0,17,23.5,Very Good,67.0,43.1,29.0,51,47.1,15.0,,,22,29,,57.6,0.29,45.0,34,18,16,52.9,4,13,0.33,58
Lloyd Pandi,Ottawa Blackjacks,2024-2025,offense,P&R ball handler,P&R Ball Handler,2,P&R Including Passes,P&R Including Passes > P&R Ball Handler,P&R Including Passes,P&R Ball Handler,,,,,33,55.0,0.939,49.6,6.1,21.2,5,20.0,,,42.3,,26,44.2,21.2,,,11,15,,31.3,0.46,45.5,21,10,11,47.6,1,4,0.19,31
Lloyd Pandi,Ottawa Blackjacks,2024-2025,offense,P&R ball handler,High P&R,3,P&R Ball Handler,P&R Including Passes > P&R Ball Handler > High P&R,P&R Including Passes,P&R Ball Handler,High P&R,,,,22,66.7,1.0,53.6,9.1,22.7,3,33.3,,,47.1,,17,50.0,22.7,,,8,9,,20.5,0.47,45.5,14,7,7,50.0,1,2,0.18,22
Lloyd Pandi,Ottawa Blackjacks,2024-2025,offense,P&R ball handler,Dribble Off Pick,4,High P&R,P&R Including Passes > P&R Ball Handler > High P&R > Dribble Off Pick,P&R Including Passes,P&R Ball Handler,High P&R,Dribble Off Pick,,,19,86.4,0.789,43.6,10.5,15.8,3,33.3,,,40.0,,15,43.3,15.8,,,6,9,,17.2,0.33,36.8,12,5,7,41.7,1,2,0.2,15
Lloyd Pandi,Ottawa Blackjacks,2024-2025,offense,P&R ball handler,To Basket,5,Dribble Off Pick,P&R Including Passes > P&R Ball Handler > High P&R > Dribble Off Pick > To Basket,P&R Including Passes,P&R Ball Handler,High P&R,Dribble Off Pick,To Basket,,10,52.6,0.8,39.2,0.0,30.0,0,,,,37.5,,8,37.5,30.0,,,3,5,,10.2,0.63,40.0,8,3,5,37.5,0,0,0.0,8
Lloyd Pandi,Ottawa Blackjacks,2024-2025,offense,P&R ball handler,Miss 2 Pts,6,To Basket,P&R Including Passes > P&R Ball Handler > High P&R > Dribble Off Pick > To Basket > Miss 2 Pts,P&R Including Passes,P&R Ball Handler,High P&R,Dribble Off Pick,To Basket,Miss 2 Pts,5,50.0,0.0,0.0,0.0,0.0,0,,,,0.0,,5,0.0,0.0,,,0,5,,5.0,0.0,0.0,5,0,5,0.0,0,0,0.0,0
Lloyd Pandi,Ottawa Blackjacks,2024-2025,offense,P&R ball handler,Foul,6,To Basket,P&R Including Passes > P&R Ball Handler > High P&R > Dribble Off Pick > To Basket > Foul,P&R Including Passes,P&R Ball Handler,High P&R,Dribble Off Pick,To Basket,Foul,2,20.0,0.5,28.4,0.0,100.0,0,,,,,,0,,100.0,,,0,0,,1.8,,50.0,0,0,0,,0,0,,1
Lloyd Pandi,Ottawa Blackjacks,2024-2025,offense,P&R ball handler,Make 2 Pts,6,To Basket,P&R Including Passes > P&R Ball Handler > High P&R > Dribble Off Pick > To Basket > Make 2 Pts,P&R Including Passes,P&R Ball Handler,High P&R,Dribble Off Pick,To Basket,Make 2 Pts,2,20.0,2.0,100.0,0.0,0.0,0,,,,100.0,,2,100.0,0.0,,,2,0,,2.0,0.0,100.0,2,2,0,100.0,0,0,0.0,4
Lloyd Pandi,Ottawa Blackjacks,2024-2025,offense,P&R ball handler,Make 2 Pts Foul,6,To Basket,P&R Including Passes > P&R Ball Handler > High P&R > Dribble Off Pick > To Basket > Make 2 Pts Foul,P&R Including Passes,P&R Ball Handler,High P&R,Dribble Off Pick,To Basket,Make 2 Pts Foul,1,10.0,3.0,104.2,0.0,100.0,0,,,,100.0,,1,100.0,100.0,,,1,0,,1.4,1.0,100.0,1,1,0,100.0,0,0,0.0,3
Lloyd Pandi,Ottawa Blackjacks,2024-2025,offense,P&R ball handler,Dribble Jumper,5,Dribble Off Pick,P&R Including Passes > P&R Ball Handler > High P&R > Dribble Off Pick > Dribble Jumper,P&R Including Passes,P&R Ball Handler,High P&R,Dribble Off Pick,Dribble Jumper,,7,36.8,1.0,50.0,0.0,0.0,3,33.3,,,42.9,,7,50.0,0.0,,,3,4,,7.0,0.0,42.9,4,2,2,50.0,1,2,0.43,7
Lloyd Pandi,Ottawa Blackjacks,2024-2025,offense,P&R ball handler,Long/3pt,6,Dribble Jumper,P&R Including Passes > P&R Ball Handler > High P&R > Dribble Off Pick > Dribble Jumper > Long/3pt,P&R Including Passes,P&R Ball Handler,High P&R,Dribble Off Pick,Dribble Jumper,Long/3pt,3,42.9,1.0,50.0,0.0,0.0,3,33.3,,,33.3,,3,50.0,0.0,,,1,2,,3.0,0.0,33.3,0,0,0,,1,2,1.0,3
Lloyd Pandi,Ottawa Blackjacks,2024-2025,offense,P&R ball handler,Medium/17' to 3pt,6,Dribble Jumper,P&R Including Passes > P&R Ball Handler > High P&R > Dribble Off Pick > Dribble Jumper > Medium/17' to 3pt,P&R Including Passes,P&R Ball Handler,High P&R,Dribble Off Pick,Dribble Jumper,Medium/17' to 3pt,2,28.6,1.0,50.0,0.0,0.0,0,,,,50.0,,2,50.0,0.0,,,1,1,,2.0,0.0,50.0,2,1,1,50.0,0,0,0.0,2
Lloyd Pandi,Ottawa Blackjacks,2024-2025,offense,P&R ball handler,Short to < 17,6,Dribble Jumper,P&R Including Passes > P&R Ball Handler > High P&R > Dribble Off Pick > Dribble Jumper > Short to < 17,P&R Including Passes,P&R Ball Handler,High P&R,Dribble Off Pick,Dribble Jumper,Short to < 17,2,28.6,1.0,50.0,0.0,0.0,0,,,,50.0,,2,50.0,0.0,,,1,1,,2.0,0.0,50.0,2,1,1,50.0,0,0,0.0,2
Lloyd Pandi,Ottawa Blackjacks,2024-2025,offense,P&R ball handler,Defense Commits,5,Dribble Off Pick,P&R Including Passes > P&R Ball Handler > High P&R > Dribble Off Pick > Defense Commits,P&R Including Passes,P&R Ball Handler,High P&R,Dribble Off Pick,Defense Commits,,2,10.5,0.0,,100.0,0.0,0,,,,,,0,,0.0,,,0,0,,0.0,,0.0,0,0,0,,0,0,,0
Lloyd Pandi,Ottawa Blackjacks,2024-2025,offense,P&R ball handler,Turnover,6,Defense Commits,P&R Including Passes > P&R Ball Handler > High P&R > Dribble Off Pick > Defense Commits > Turnover,P&R Including Passes,P&R Ball Handler,High P&R,Dribble Off Pick,Defense Commits,Turnover,2,100.0,0.0,,100.0,0.0,0,,,,,,0,,0.0,,,0,0,,0.0,,0.0,0,0,0,,0,0,,0
Lloyd Pandi,Ottawa Blackjacks,2024-2025,offense,P&R ball handler,Go Away from Pick,4,High P&R,P&R Including Passes > P&R Ball Handler > High P&R > Go Away from Pick,P&R Including Passes,P&R Ball Handler,High P&R,Go Away from Pick,,,3,13.6,2.333,105.4,0.0,66.7,0,,,,100.0,,2,100.0,66.7,,,2,0,,3.3,1.5,100.0,2,2,0,100.0,0,0,0.0,7
Lloyd Pandi,Ottawa Blackjacks,2024-2025,offense,P&R ball handler,To Basket,5,Go Away from Pick,P&R Including Passes > P&R Ball Handler > High P&R > Go Away from Pick > To Basket,P&R Including Passes,P&R Ball Handler,High P&R,Go Away from Pick,To Basket,,3,100.0,2.333,105.4,0.0,66.7,0,,,,100.0,,2,100.0,66.7,,,2,0,,3.3,1.5,100.0,2,2,0,100.0,0,0,0.0,7
Lloyd Pandi,Ottawa Blackjacks,2024-2025,offense,P&R ball handler,Make 2 Pts Foul,6,To Basket,P&R Including Passes > P&R Ball Handler > High P&R > Go Away from Pick > To Basket > Make 2 Pts Foul,P&R Including Passes,P&R Ball Handler,High P&R,Go Away from Pick,To Basket,Make 2 Pts Foul,1,33.3,3.0,104.2,0.0,100.0,0,,,,100.0,,1,100.0,100.0,,,1,0,,1.4,1.0,100.0,1,1,0,100.0,0,0,0.0,3
Lloyd Pandi,Ottawa Blackjacks,2024-2025,offense,P&R ball handler,Foul,6,To Basket,P&R Including Passes > P&R Ball Handler > High P&R > Go Away from Pick > To Basket > Foul,P&R Including Passes,P&R Ball Handler,High P&R,Go Away from Pick,To Basket,Foul,1,33.3,2.0,113.6,0.0,100.0,0,,,,,,0,,100.0,,,0,0,,0.9,,100.0,0,0,0,,0,0,,2
Lloyd Pandi,Ottawa Blackjacks,2024-2025,offense,P&R ball handler,Make 2 Pts,6,To Basket,P&R Including Passes > P&R Ball Handler > High P&R > Go Away from Pick > To Basket > Make 2 Pts,P&R Including Passes,P&R Ball Handler,High P&R,Go Away from Pick,To Basket,Make 2 Pts,1,33.3,2.0,100.0,0.0,0.0,0,,,,100.0,,1,100.0,0.0,,,1,0,,1.0,0.0,100.0,1,1,0,100.0,0,0,0.0,2
Lloyd Pandi,Ottawa Blackjacks,2024-2025,offense,P&R ball handler,Right P&R,3,P&R Ball Handler,P&R Including Passes > P&R Ball Handler > Right P&R,P&R Including Passes,P&R Ball Handler,Right P&R,,,,6,18.2,0.667,33.3,0.0,0.0,0,,,,33.3,,6,33.3,0.0,,,2,4,,6.0,0.0,33.3,6,2,4,33.3,0,0,0.0,4
Lloyd Pandi,Ottawa Blackjacks,2024-2025,offense,P&R ball handler,Baseline,4,Right P&R,P&R Including Passes > P&R Ball Handler > Right P&R > Baseline,P&R Including Passes,P&R Ball Handler,Right P&R,Baseline,,,3,50.0,0.667,33.3,0.0,0.0,0,,,,33.3,,3,33.3,0.0,,,1,2,,3.0,0.0,33.3,3,1,2,33.3,0,0,0.0,2
Lloyd Pandi,Ottawa Blackjacks,2024-2025,offense,P&R ball handler,Go Away from Pick,5,Baseline,P&R Including Passes > P&R Ball Handler > Right P&R > Baseline > Go Away from Pick,P&R Including Passes,P&R Ball Handler,Right P&R,Baseline,Go Away from Pick,,3,100.0,0.667,33.3,0.0,0.0,0,,,,33.3,,3,33.3,0.0,,,1,2,,3.0,0.0,33.3,3,1,2,33.3,0,0,0.0,2
Lloyd Pandi,Ottawa Blackjacks,2024-2025,offense,P&R ball handler,To Basket,6,Go Away from Pick,P&R Including Passes > P&R Ball Handler > Right P&R > Baseline > Go Away from Pick > To Basket,P&R Including Passes,P&R Ball Handler,Right P&R,Baseline,Go Away from Pick,To Basket,3,100.0,0.667,33.3,0.0,0.0,0,,,,33.3,,3,33.3,0.0,,,1,2,,3.0,0.0,33.3,3,1,2,33.3,0,0,0.0,2
Lloyd Pandi,Ottawa Blackjacks,2024-2025,offense,P&R ball handler,Side,4,Right P&R,P&R Including Passes > P&R Ball Handler > Right P&R > Side,P&R Including Passes,P&R Ball Handler,Right P&R,Side,,,3,50.0,0.667,33.3,0.0,0.0,0,,,,33.3,,3,33.3,0.0,,,1,2,,3.0,0.0,33.3,3,1,2,33.3,0,0,0.0,2
Lloyd Pandi,Ottawa Blackjacks,2024-2025,offense,P&R ball handler,Dribble Off Pick,5,Side,P&R Including Passes > P&R Ball Handler > Right P&R > Side > Dribble Off Pick,P&R Including Passes,P&R Ball Handler,Right P&R,Side,Dribble Off Pick,,2,66.7,1.0,50.0,0.0,0.0,0,,,,50.0,,2,50.0,0.0,,,1,1,,2.0,0.0,50.0,2,1,1,50.0,0,0,0.0,2
Lloyd Pandi,Ottawa Blackjacks,2024-2025,offense,P&R ball handler,To Basket,6,Dribble Off Pick,P&R Including Passes > P&R Ball Handler > Right P&R > Side > Dribble Off Pick > To Basket,P&R Including Passes,P&R Ball Handler,Right P&R,Side,Dribble Off Pick,To Basket,2,100.0,1.0,50.0,0.0,0.0,0,,,,50.0,,2,50.0,0.0,,,1,1,,2.0,0.0,50.0,2,1,1,50.0,0,0,0.0,2
Lloyd Pandi,Ottawa Blackjacks,2024-2025,offense,P&R ball handler,Go Away from Pick,5,Side,P&R Including Passes > P&R Ball Handler > Right P&R > Side > Go Away from Pick,P&R Including Passes,P&R Ball Handler,Right P&R,Side,Go Away from Pick,,1,33.3,0.0,0.0,0.0,0.0,0,,,,0.0,,1,0.0,0.0,,,0,1,,1.0,0.0,0.0,1,0,1,0.0,0,0,0.0,0
Lloyd Pandi,Ottawa Blackjacks,2024-2025,offense,P&R ball handler,To Basket,6,Go Away from Pick,P&R Including Passes > P&R Ball Handler > Right P&R > Side > Go Away from Pick > To Basket,P&R Including Passes,P&R Ball Handler,Right P&R,Side,Go Away from Pick,To Basket,1,100.0,0.0,0.0,0.0,0.0,0,,,,0.0,,1,0.0,0.0,,,0,1,,1.0,0.0,0.0,1,0,1,0.0,0,0,0.0,0
Lloyd Pandi,Ottawa Blackjacks,2024-2025,offense,P&R ball handler,Left P&R,3,P&R Ball Handler,P&R Including Passes > P&R Ball Handler > Left P&R,P&R Including Passes,P&R Ball Handler,Left P&R,,,,5,15.2,1.0,52.5,0.0,40.0,2,0.0,,,33.3,,3,33.3,40.0,,,1,2,,4.8,1.33,60.0,1,1,0,100.0,0,2,0.67,5
Lloyd Pandi,Ottawa Blackjacks,2024-2025,offense,P&R ball handler,Side,4,Left P&R,P&R Including Passes > P&R Ball Handler > Left P&R > Side,P&R Including Passes,P&R Ball Handler,Left P&R,Side,,,5,100.0,1.0,52.5,0.0,40.0,2,0.0,,,33.3,,3,33.3,40.0,,,1,2,,4.8,1.33,60.0,1,1,0,100.0,0,2,0.67,5
Lloyd Pandi,Ottawa Blackjacks,2024-2025,offense,P&R ball handler,Dribble Off Pick,5,Side,P&R Including Passes > P&R Ball Handler > Left P&R > Side > Dribble Off Pick,P&R Including Passes,P&R Ball Handler,Left P&R,Side,Dribble Off Pick,,3,60.0,1.0,54.3,0.0,66.7,1,0.0,,,0.0,,1,0.0,66.7,,,0,1,,2.8,4.0,66.7,0,0,0,,0,1,1.0,3
Lloyd Pandi,Ottawa Blackjacks,2024-2025,offense,P&R ball handler,To Basket,6,Dribble Off Pick,P&R Including Passes > P&R Ball Handler > Left P&R > Side > Dribble Off Pick > To Basket,P&R Including Passes,P&R Ball Handler,Left P&R,Side,Dribble Off Pick,To Basket,2,66.7,1.5,85.2,0.0,100.0,0,,,,,,0,,100.0,,,0,0,,1.8,,100.0,0,0,0,,0,0,,3
Lloyd Pandi,Ottawa Blackjacks,2024-2025,offense,P&R ball handler,Dribble Jumper,6,Dribble Off Pick,P&R Including Passes > P&R Ball Handler > Left P&R > Side > Dribble Off Pick > Dribble Jumper,P&R Including Passes,P&R Ball Handler,Left P&R,Side,Dribble Off Pick,Dribble Jumper,1,33.3,0.0,0.0,0.0,0.0,1,0.0,,,0.0,,1,0.0,0.0,,,0,1,,1.0,0.0,0.0,0,0,0,,0,1,1.0,0
Lloyd Pandi,Ottawa Blackjacks,2024-2025,offense,P&R ball handler,Go Away from Pick,5,Side,P&R Including Passes > P&R Ball Handler > Left P&R > Side > Go Away from Pick,P&R Including Passes,P&R Ball Handler,Left P&R,Side,Go Away from Pick,,1,20.0,2.0,100.0,0.0,0.0,0,,,,100.0,,1,100.0,0.0,,,1,0,,1.0,0.0,100.0,1,1,0,100.0,0,0,0.0,2
Lloyd Pandi,Ottawa Blackjacks,2024-2025,offense,P&R ball handler,To Basket,6,Go Away from Pick,P&R Including Passes > P&R Ball Handler > Left P&R > Side > Go Away from Pick > To Basket,P&R Including Passes,P&R Ball Handler,Left P&R,Side,Go Away from Pick,To Basket,1,100.0,2.0,100.0,0.0,0.0,0,,,,100.0,,1,100.0,0.0,,,1,0,,1.0,0.0,100.0,1,1,0,100.0,0,0,0.0,2
Lloyd Pandi,Ottawa Blackjacks,2024-2025,offense,P&R ball handler,Takes Early Jump Shot,5,Side,P&R Including Passes > P&R Ball Handler > Left P&R > Side > Takes Early Jump Shot,P&R Including Passes,P&R Ball Handler,Left P&R,Side,Takes Early Jump Shot,,1,20.0,0.0,0.0,0.0,0.0,1,0.0,,,0.0,,1,0.0,0.0,,,0,1,,1.0,0.0,0.0,0,0,0,,0,1,1.0,0
Lloyd Pandi,Ottawa Blackjacks,2024-2025,offense,P&R ball handler,No Dribble Jumper,6,Takes Early Jump Shot,P&R Including Passes > P&R Ball Handler > Left P&R > Side > Takes Early Jump Shot > No Dribble Jumper,P&R Including Passes,P&R Ball Handler,Left P&R,Side,Takes Early Jump Shot,No Dribble Jumper,1,100.0,0.0,0.0,0.0,0.0,1,0.0,,,0.0,,1,0.0,0.0,,,0,1,,1.0,0.0,0.0,0,0,0,,0,1,1.0,0
Lloyd Pandi,Ottawa Blackjacks,2024-2025,offense,P&R ball handler,Spot-Up,2,P&R Including Passes,P&R Including Passes > Spot-Up,P&R Including Passes,Spot-Up,,,,,13,21.7,1.0,48.4,0.0,7.7,10,20.0,,,38.5,,13,46.2,7.7,,,5,8,,13.4,0.08,38.5,3,3,0,100.0,2,8,0.77,13
Lloyd Pandi,Ottawa Blackjacks,2024-2025,offense,P&R ball handler,No Dribble Jumper,3,Spot-Up,P&R Including Passes > Spot-Up > No Dribble Jumper,P&R Including Passes,Spot-Up,No Dribble Jumper,,,,10,76.9,0.8,40.0,0.0,0.0,9,22.2,,,30.0,,10,40.0,0.0,,,3,7,,10.0,0.0,30.0,1,1,0,100.0,2,7,0.9,8
Lloyd Pandi,Ottawa Blackjacks,2024-2025,offense,P&R ball handler,Guarded,4,No Dribble Jumper,P&R Including Passes > Spot-Up > No Dribble Jumper > Guarded,P&R Including Passes,Spot-Up,No Dribble Jumper,Guarded,,,5,50.0,0.6,30.0,0.0,0.0,5,20.0,,,20.0,,5,30.0,0.0,,,1,4,,5.0,0.0,20.0,0,0,0,,1,4,1.0,3
Lloyd Pandi,Ottawa Blackjacks,2024-2025,offense,P&R ball handler,Long/3pt,5,Guarded,P&R Including Passes > Spot-Up > No Dribble Jumper > Guarded > Long/3pt,P&R Including Passes,Spot-Up,No Dribble Jumper,Guarded,Long/3pt,,5,100.0,0.6,30.0,0.0,0.0,5,20.0,,,20.0,,5,30.0,0.0,,,1,4,,5.0,0.0,20.0,0,0,0,,1,4,1.0,3
Lloyd Pandi,Ottawa Blackjacks,2024-2025,offense,P&R ball handler,Miss 3 Pts,6,Long/3pt,P&R Including Passes > Spot-Up > No Dribble Jumper > Guarded > Long/3pt > Miss 3 Pts,P&R Including Passes,Spot-Up,No Dribble Jumper,Guarded,Long/3pt,Miss 3 Pts,4,80.0,0.0,0.0,0.0,0.0,4,0.0,,,0.0,,4,0.0,0.0,,,0,4,,4.0,0.0,0.0,0,0,0,,0,4,1.0,0
Lloyd Pandi,Ottawa Blackjacks,2024-2025,offense,P&R ball handler,Make 3 Pts,6,Long/3pt,P&R Including Passes > Spot-Up > No Dribble Jumper > Guarded > Long/3pt > Make 3 Pts,P&R Including Passes,Spot-Up,No Dribble Jumper,Guarded,Long/3pt,Make 3 Pts,1,20.0,3.0,150.0,0.0,0.0,1,100.0,,,100.0,,1,150.0,0.0,,,1,0,,1.0,0.0,100.0,0,0,0,,1,0,1.0,3
Lloyd Pandi,Ottawa Blackjacks,2024-2025,offense,P&R ball handler,Open,4,No Dribble Jumper,P&R Including Passes > Spot-Up > No Dribble Jumper > Open,P&R Including Passes,Spot-Up,No Dribble Jumper,Open,,,5,50.0,1.0,50.0,0.0,0.0,4,25.0,,,40.0,,5,50.0,0.0,,,2,3,,5.0,0.0,40.0,1,1,0,100.0,1,3,0.8,5
Lloyd Pandi,Ottawa Blackjacks,2024-2025,offense,P&R ball handler,Long/3pt,5,Open,P&R Including Passes > Spot-Up > No Dribble Jumper > Open > Long/3pt,P&R Including Passes,Spot-Up,No Dribble Jumper,Open,Long/3pt,,4,80.0,0.75,37.5,0.0,0.0,4,25.0,,,25.0,,4,37.5,0.0,,,1,3,,4.0,0.0,25.0,0,0,0,,1,3,1.0,3
Lloyd Pandi,Ottawa Blackjacks,2024-2025,offense,P&R ball handler,Miss 3 Pts,6,Long/3pt,P&R Including Passes > Spot-Up > No Dribble Jumper > Open > Long/3pt > Miss 3 Pts,P&R Including Passes,Spot-Up,No Dribble Jumper,Open,Long/3pt,Miss 3 Pts,3,75.0,0.0,0.0,0.0,0.0,3,0.0,,,0.0,,3,0.0,0.0,,,0,3,,3.0,0.0,0.0,0,0,0,,0,3,1.0,0
Lloyd Pandi,Ottawa Blackjacks,2024-2025,offense,P&R ball handler,Make 3 Pts,6,Long/3pt,P&R Including Passes > Spot-Up > No Dribble Jumper > Open > Long/3pt > Make 3 Pts,P&R Including Passes,Spot-Up,No Dribble Jumper,Open,Long/3pt,Make 3 Pts,1,25.0,3.0,150.0,0.0,0.0,1,100.0,,,100.0,,1,150.0,0.0,,,1,0,,1.0,0.0,100.0,0,0,0,,1,0,1.0,3
Lloyd Pandi,Ottawa Blackjacks,2024-2025,offense,P&R ball handler,Medium/17' to 3pt,5,Open,P&R Including Passes > Spot-Up > No Dribble Jumper > Open > Medium/17' to 3pt,P&R Including Passes,Spot-Up,No Dribble Jumper,Open,Medium/17' to 3pt,,1,20.0,2.0,100.0,0.0,0.0,0,,,,100.0,,1,100.0,0.0,,,1,0,,1.0,0.0,100.0,1,1,0,100.0,0,0,0.0,2
Lloyd Pandi,Ottawa Blackjacks,2024-2025,offense,P&R ball handler,Make 2 Pts,6,Medium/17' to 3pt,P&R Including Passes > Spot-Up > No Dribble Jumper > Open > Medium/17' to 3pt > Make 2 Pts,P&R Including Passes,Spot-Up,No Dribble Jumper,Open,Medium/17' to 3pt,Make 2 Pts,1,100.0,2.0,100.0,0.0,0.0,0,,,,100.0,,1,100.0,0.0,,,1,0,,1.0,0.0,100.0,1,1,0,100.0,0,0,0.0,2
Lloyd Pandi,Ottawa Blackjacks,2024-2025,offense,P&R ball handler,Drives Left,3,Spot-Up,P&R Including Passes > Spot-Up > Drives Left,P&R Including Passes,Spot-Up,Drives Left,,,,2,15.4,1.5,61.5,0.0,50.0,1,0.0,,,50.0,,2,50.0,50.0,,,1,1,,2.4,0.5,50.0,1,1,0,100.0,0,1,0.5,3
Lloyd Pandi,Ottawa Blackjacks,2024-2025,offense,P&R ball handler,To Basket,4,Drives Left,P&R Including Passes > Spot-Up > Drives Left > To Basket,P&R Including Passes,Spot-Up,Drives Left,To Basket,,,1,50.0,3.0,104.2,0.0,100.0,0,,,,100.0,,1,100.0,100.0,,,1,0,,1.4,1.0,100.0,1,1,0,100.0,0,0,0.0,3
Lloyd Pandi,Ottawa Blackjacks,2024-2025,offense,P&R ball handler,Make 2 Pts Foul,5,To Basket,P&R Including Passes > Spot-Up > Drives Left > To Basket > Make 2 Pts Foul,P&R Including Passes,Spot-Up,Drives Left,To Basket,Make 2 Pts Foul,,1,100.0,3.0,104.2,0.0,100.0,0,,,,100.0,,1,100.0,100.0,,,1,0,,1.4,1.0,100.0,1,1,0,100.0,0,0,0.0,3
Lloyd Pandi,Ottawa Blackjacks,2024-2025,offense,P&R ball handler,1 Pts,6,Make 2 Pts Foul,P&R Including Passes > Spot-Up > Drives Left > To Basket > Make 2 Pts Foul > 1 Pts,P&R Including Passes,Spot-Up,Drives Left,To Basket,Make 2 Pts Foul,1 Pts,1,100.0,3.0,104.2,0.0,100.0,0,,,,100.0,,1,100.0,100.0,,,1,0,,1.4,1.0,100.0,1,1,0,100.0,0,0,0.0,3
Lloyd Pandi,Ottawa Blackjacks,2024-2025,offense,P&R ball handler,Dribble Jumper,4,Drives Left,P&R Including Passes > Spot-Up > Drives Left > Dribble Jumper,P&R Including Passes,Spot-Up,Drives Left,Dribble Jumper,,,1,50.0,0.0,0.0,0.0,0.0,1,0.0,,,0.0,,1,0.0,0.0,,,0,1,,1.0,0.0,0.0,0,0,0,,0,1,1.0,0
Lloyd Pandi,Ottawa Blackjacks,2024-2025,offense,P&R ball handler,Long/3pt,5,Dribble Jumper,P&R Including Passes > Spot-Up > Drives Left > Dribble Jumper > Long/3pt,P&R Including Passes,Spot-Up,Drives Left,Dribble Jumper,Long/3pt,,1,100.0,0.0,0.0,0.0,0.0,1,0.0,,,0.0,,1,0.0,0.0,,,0,1,,1.0,0.0,0.0,0,0,0,,0,1,1.0,0
Lloyd Pandi,Ottawa Blackjacks,2024-2025,offense,P&R ball handler,Miss 3 Pts,6,Long/3pt,P&R Including Passes > Spot-Up > Drives Left > Dribble Jumper > Long/3pt > Miss 3 Pts,P&R Including Passes,Spot-Up,Drives Left,Dribble Jumper,Long/3pt,Miss 3 Pts,1,100.0,0.0,0.0,0.0,0.0,1,0.0,,,0.0,,1,0.0,0.0,,,0,1,,1.0,0.0,0.0,0,0,0,,0,1,1.0,0
Lloyd Pandi,Ottawa Blackjacks,2024-2025,offense,P&R ball handler,Drives Right,3,Spot-Up,P&R Including Passes > Spot-Up > Drives Right,P&R Including Passes,Spot-Up,Drives Right,,,,1,7.7,2.0,100.0,0.0,0.0,0,,,,100.0,,1,100.0,0.0,,,1,0,,1.0,0.0,100.0,1,1,0,100.0,0,0,0.0,2
Lloyd Pandi,Ottawa Blackjacks,2024-2025,offense,P&R ball handler,To Basket,4,Drives Right,P&R Including Passes > Spot-Up > Drives Right > To Basket,P&R Including Passes,Spot-Up,Drives Right,To Basket,,,1,100.0,2.0,100.0,0.0,0.0,0,,,,100.0,,1,100.0,0.0,,,1,0,,1.0,0.0,100.0,1,1,0,100.0,0,0,0.0,2
Lloyd Pandi,Ottawa Blackjacks,2024-2025,offense,P&R ball handler,Make 2 Pts,5,To Basket,P&R Including Passes > Spot-Up > Drives Right > To Basket > Make 2 Pts,P&R Including Passes,Spot-Up,Drives Right,To Basket,Make 2 Pts,,1,100.0,2.0,100.0,0.0,0.0,0,,,,100.0,,1,100.0,0.0,,,1,0,,1.0,0.0,100.0,1,1,0,100.0,0,0,0.0,2
Lloyd Pandi,Ottawa Blackjacks,2024-2025,offense,P&R ball handler,P&R Roll Man,2,P&R Including Passes,P&R Including Passes > P&R Roll Man,P&R Including Passes,P&R Roll Man,,,,,11,18.3,1.0,55.0,9.1,0.0,2,50.0,,,50.0,,10,55.0,0.0,,,5,5,,10.0,0.0,45.5,8,4,4,50.0,1,1,0.2,11
Lloyd Pandi,Ottawa Blackjacks,2024-2025,offense,P&R ball handler,Pick and Pops,3,P&R Roll Man,P&R Including Passes > P&R Roll Man > Pick and Pops,P&R Including Passes,P&R Roll Man,Pick and Pops,,,,8,72.7,1.125,64.3,12.5,0.0,2,50.0,,,57.1,,7,64.3,0.0,,,4,3,,7.0,0.0,50.0,5,3,2,60.0,1,1,0.29,9
Lloyd Pandi,Ottawa Blackjacks,2024-2025,offense,P&R ball handler,No Dribble Jumper,4,Pick and Pops,P&R Including Passes > P&R Roll Man > Pick and Pops > No Dribble Jumper,P&R Including Passes,P&R Roll Man,Pick and Pops,No Dribble Jumper,,,4,50.0,1.0,50.0,0.0,0.0,1,0.0,,,50.0,,4,50.0,0.0,,,2,2,,4.0,0.0,50.0,3,2,1,66.7,0,1,0.25,4
Lloyd Pandi,Ottawa Blackjacks,2024-2025,offense,P&R ball handler,Guarded,5,No Dribble Jumper,P&R Including Passes > P&R Roll Man > Pick and Pops > No Dribble Jumper > Guarded,P&R Including Passes,P&R Roll Man,Pick and Pops,No Dribble Jumper,Guarded,,4,100.0,1.0,50.0,0.0,0.0,1,0.0,,,50.0,,4,50.0,0.0,,,2,2,,4.0,0.0,50.0,3,2,1,66.7,0,1,0.25,4
Lloyd Pandi,Ottawa Blackjacks,2024-2025,offense,P&R ball handler,Medium/17' to 3pt,6,Guarded,P&R Including Passes > P&R Roll Man > Pick and Pops > No Dribble Jumper > Guarded > Medium/17' to 3pt,P&R Including Passes,P&R Roll Man,Pick and Pops,No Dribble Jumper,Guarded,Medium/17' to 3pt,2,50.0,1.0,50.0,0.0,0.0,0,,,,50.0,,2,50.0,0.0,,,1,1,,2.0,0.0,50.0,2,1,1,50.0,0,0,0.0,2
Lloyd Pandi,Ottawa Blackjacks,2024-2025,offense,P&R ball handler,Short to < 17,6,Guarded,P&R Including Passes > P&R Roll Man > Pick and Pops > No Dribble Jumper > Guarded > Short to < 17,P&R Including Passes,P&R Roll Man,Pick and Pops,No Dribble Jumper,Guarded,Short to < 17,1,25.0,2.0,100.0,0.0,0.0,0,,,,100.0,,1,100.0,0.0,,,1,0,,1.0,0.0,100.0,1,1,0,100.0,0,0,0.0,2
Lloyd Pandi,Ottawa Blackjacks,2024-2025,offense,P&R ball handler,Long/3pt,6,Guarded,P&R Including Passes > P&R Roll Man > Pick and Pops > No Dribble Jumper > Guarded > Long/3pt,P&R Including Passes,P&R Roll Man,Pick and Pops,No Dribble Jumper,Guarded,Long/3pt,1,25.0,0.0,0.0,0.0,0.0,1,0.0,,,0.0,,1,0.0,0.0,,,0,1,,1.0,0.0,0.0,0,0,0,,0,1,1.0,0
Lloyd Pandi,Ottawa Blackjacks,2024-2025,offense,P&R ball handler,Drives Left,4,Pick and Pops,P&R Including Passes > P&R Roll Man > Pick and Pops > Drives Left,P&R Including Passes,P&R Roll Man,Pick and Pops,Drives Left,,,3,37.5,0.667,50.0,33.3,0.0,0,,,,50.0,,2,50.0,0.0,,,1,1,,2.0,0.0,33.3,2,1,1,50.0,0,0,0.0,2
Lloyd Pandi,Ottawa Blackjacks,2024-2025,offense,P&R ball handler,To Basket,5,Drives Left,P&R Including Passes > P&R Roll Man > Pick and Pops > Drives Left > To Basket,P&R Including Passes,P&R Roll Man,Pick and Pops,Drives Left,To Basket,,2,66.7,1.0,50.0,0.0,0.0,0,,,,50.0,,2,50.0,0.0,,,1,1,,2.0,0.0,50.0,2,1,1,50.0,0,0,0.0,2
Lloyd Pandi,Ottawa Blackjacks,2024-2025,offense,P&R ball handler,Make 2 Pts,6,To Basket,P&R Including Passes > P&R Roll Man > Pick and Pops > Drives Left > To Basket > Make 2 Pts,P&R Including Passes,P&R Roll Man,Pick and Pops,Drives Left,To Basket,Make 2 Pts,1,50.0,2.0,100.0,0.0,0.0,0,,,,100.0,,1,100.0,0.0,,,1,0,,1.0,0.0,100.0,1,1,0,100.0,0,0,0.0,2
Lloyd Pandi,Ottawa Blackjacks,2024-2025,offense,P&R ball handler,Miss 2 Pts,6,To Basket,P&R Including Passes > P&R Roll Man > Pick and Pops > Drives Left > To Basket > Miss 2 Pts,P&R Including Passes,P&R Roll Man,Pick and Pops,Drives Left,To Basket,Miss 2 Pts,1,50.0,0.0,0.0,0.0,0.0,0,,,,0.0,,1,0.0,0.0,,,0,1,,1.0,0.0,0.0,1,0,1,0.0,0,0,0.0,0
Lloyd Pandi,Ottawa Blackjacks,2024-2025,offense,P&R ball handler,Turnover,5,Drives Left,P&R Including Passes > P&R Roll Man > Pick and Pops > Drives Left > Turnover,P&R Including Passes,P&R Roll Man,Pick and Pops,Drives Left,Turnover,,1,33.3,0.0,,100.0,0.0,0,,,,,,0,,0.0,,,0,0,,0.0,,0.0,0,0,0,,0,0,,0
Lloyd Pandi,Ottawa Blackjacks,2024-2025,offense,P&R ball handler,Drives Straight,4,Pick and Pops,P&R Including Passes > P&R Roll Man > Pick and Pops > Drives Straight,P&R Including Passes,P&R Roll Man,Pick and Pops,Drives Straight,,,1,12.5,3.0,150.0,0.0,0.0,1,100.0,,,100.0,,1,150.0,0.0,,,1,0,,1.0,0.0,100.0,0,0,0,,1,0,1.0,3
Lloyd Pandi,Ottawa Blackjacks,2024-2025,offense,P&R ball handler,Dribble Jumper,5,Drives Straight,P&R Including Passes > P&R Roll Man > Pick and Pops > Drives Straight > Dribble Jumper,P&R Including Passes,P&R Roll Man,Pick and Pops,Drives Straight,Dribble Jumper,,1,100.0,3.0,150.0,0.0,0.0,1,100.0,,,100.0,,1,150.0,0.0,,,1,0,,1.0,0.0,100.0,0,0,0,,1,0,1.0,3
Lloyd Pandi,Ottawa Blackjacks,2024-2025,offense,P&R ball handler,Long/3pt,6,Dribble Jumper,P&R Including Passes > P&R Roll Man > Pick and Pops > Drives Straight > Dribble Jumper > Long/3pt,P&R Including Passes,P&R Roll Man,Pick and Pops,Drives Straight,Dribble Jumper,Long/3pt,1,100.0,3.0,150.0,0.0,0.0,1,100.0,,,100.0,,1,150.0,0.0,,,1,0,,1.0,0.0,100.0,0,0,0,,1,0,1.0,3
Lloyd Pandi,Ottawa Blackjacks,2024-2025,offense,P&R ball handler,Rolls to Basket,3,P&R Roll Man,P&R Including Passes > P&R Roll Man > Rolls to Basket,P&R Including Passes,P&R Roll Man,Rolls to Basket,,,,3,27.3,0.667,33.3,0.0,0.0,0,,,,33.3,,3,33.3,0.0,,,1,2,,3.0,0.0,33.3,3,1,2,33.3,0,0,0.0,2
Lloyd Pandi,Ottawa Blackjacks,2024-2025,offense,P&R ball handler,Miss 2 Pts,4,Rolls to Basket,P&R Including Passes > P&R Roll Man > Rolls to Basket > Miss 2 Pts,P&R Including Passes,P&R Roll Man,Rolls to Basket,Miss 2 Pts,,,2,66.7,0.0,0.0,0.0,0.0,0,,,,0.0,,2,0.0,0.0,,,0,2,,2.0,0.0,0.0,2,0,2,0.0,0,0,0.0,0
Lloyd Pandi,Ottawa Blackjacks,2024-2025,offense,P&R ball handler,Make 2 Pts,4,Rolls to Basket,P&R Including Passes > P&R Roll Man > Rolls to Basket > Make 2 Pts,P&R Including Passes,P&R Roll Man,Rolls to Basket,Make 2 Pts,,,1,33.3,2.0,100.0,0.0,0.0,0,,,,100.0,,1,100.0,0.0,,,1,0,,1.0,0.0,100.0,1,1,0,100.0,0,0,0.0,2
Lloyd Pandi,Ottawa Blackjacks,2024-2025,offense,P&R ball handler,Cut,2,P&R Including Passes,P&R Including Passes > Cut,P&R Including Passes,Cut,,,,,3,5.0,1.0,52.1,0.0,33.3,0,,,,50.0,,2,50.0,33.3,,,1,1,,2.9,1.0,66.7,2,1,1,50.0,0,0,0.0,3
Lloyd Pandi,Ottawa Blackjacks,2024-2025,offense,P&R ball handler,Basket,3,Cut,P&R Including Passes > Cut > Basket,P&R Including Passes,Cut,Basket,,,,3,100.0,1.0,52.1,0.0,33.3,0,,,,50.0,,2,50.0,33.3,,,1,1,,2.9,1.0,66.7,2,1,1,50.0,0,0,0.0,3
Lloyd Pandi,Ottawa Blackjacks,2024-2025,offense,P&R ball handler,Foul,4,Basket,P&R Including Passes > Cut > Basket > Foul,P&R Including Passes,Cut,Basket,Foul,,,1,33.3,1.0,56.8,0.0,100.0,0,,,,,,0,,100.0,,,0,0,,0.9,,100.0,0,0,0,,0,0,,1
Lloyd Pandi,Ottawa Blackjacks,2024-2025,offense,P&R ball handler,Miss 2 Pts,4,Basket,P&R Including Passes > Cut > Basket > Miss 2 Pts,P&R Including Passes,Cut,Basket,Miss 2 Pts,,,1,33.3,0.0,0.0,0.0,0.0,0,,,,0.0,,1,0.0,0.0,,,0,1,,1.0,0.0,0.0,1,0,1,0.0,0,0,0.0,0
Lloyd Pandi,Ottawa Blackjacks,2024-2025,offense,P&R ball handler,Make 2 Pts,4,Basket,P&R Including Passes > Cut > Basket > Make 2 Pts,P&R Including Passes,Cut,Basket,Make 2 Pts,,,1,33.3,2.0,100.0,0.0,0.0,0,,,,100.0,,1,100.0,0.0,,,1,0,,1.0,0.0,100.0,1,1,0,100.0,0,0,0.0,2
Lloyd Pandi,Ottawa Blackjacks,2024-2025,offense,P&R ball handler,P&R BH - Defense Commits,1,,P&R BH - Defense Commits,P&R BH - Defense Commits,,,,,,29,13.4,0.931,51.3,10.3,6.9,12,25.0,Very Good,65.0,44.0,18.0,25,50.0,6.9,,,11,14,,26.3,0.12,41.4,13,8,5,61.5,3,9,0.48,27
Lloyd Pandi,Ottawa Blackjacks,2024-2025,offense,P&R ball handler,Spot-Up,2,P&R BH - Defense Commits,P&R BH - Defense Commits > Spot-Up,P&R BH - Defense Commits,Spot-Up,,,,,13,44.8,1.0,48.4,0.0,7.7,10,20.0,,,38.5,,13,46.2,7.7,,,5,8,,13.4,0.08,38.5,3,3,0,100.0,2,8,0.77,13
Lloyd Pandi,Ottawa Blackjacks,2024-2025,offense,P&R ball handler,No Dribble Jumper,3,Spot-Up,P&R BH - Defense Commits > Spot-Up > No Dribble Jumper,P&R BH - Defense Commits,Spot-Up,No Dribble Jumper,,,,10,76.9,0.8,40.0,0.0,0.0,9,22.2,,,30.0,,10,40.0,0.0,,,3,7,,10.0,0.0,30.0,1,1,0,100.0,2,7,0.9,8
Lloyd Pandi,Ottawa Blackjacks,2024-2025,offense,P&R ball handler,Guarded,4,No Dribble Jumper,P&R BH - Defense Commits > Spot-Up > No Dribble Jumper > Guarded,P&R BH - Defense Commits,Spot-Up,No Dribble Jumper,Guarded,,,5,50.0,0.6,30.0,0.0,0.0,5,20.0,,,20.0,,5,30.0,0.0,,,1,4,,5.0,0.0,20.0,0,0,0,,1,4,1.0,3
Lloyd Pandi,Ottawa Blackjacks,2024-2025,offense,P&R ball handler,Long/3pt,5,Guarded,P&R BH - Defense Commits > Spot-Up > No Dribble Jumper > Guarded > Long/3pt,P&R BH - Defense Commits,Spot-Up,No Dribble Jumper,Guarded,Long/3pt,,5,100.0,0.6,30.0,0.0,0.0,5,20.0,,,20.0,,5,30.0,0.0,,,1,4,,5.0,0.0,20.0,0,0,0,,1,4,1.0,3
Lloyd Pandi,Ottawa Blackjacks,2024-2025,offense,P&R ball handler,Miss 3 Pts,6,Long/3pt,P&R BH - Defense Commits > Spot-Up > No Dribble Jumper > Guarded > Long/3pt > Miss 3 Pts,P&R BH - Defense Commits,Spot-Up,No Dribble Jumper,Guarded,Long/3pt,Miss 3 Pts,4,80.0,0.0,0.0,0.0,0.0,4,0.0,,,0.0,,4,0.0,0.0,,,0,4,,4.0,0.0,0.0,0,0,0,,0,4,1.0,0
Lloyd Pandi,Ottawa Blackjacks,2024-2025,offense,P&R ball handler,Make 3 Pts,6,Long/3pt,P&R BH - Defense Commits > Spot-Up > No Dribble Jumper > Guarded > Long/3pt > Make 3 Pts,P&R BH - Defense Commits,Spot-Up,No Dribble Jumper,Guarded,Long/3pt,Make 3 Pts,1,20.0,3.0,150.0,0.0,0.0,1,100.0,,,100.0,,1,150.0,0.0,,,1,0,,1.0,0.0,100.0,0,0,0,,1,0,1.0,3
Lloyd Pandi,Ottawa Blackjacks,2024-2025,offense,P&R ball handler,Open,4,No Dribble Jumper,P&R BH - Defense Commits > Spot-Up > No Dribble Jumper > Open,P&R BH - Defense Commits,Spot-Up,No Dribble Jumper,Open,,,5,50.0,1.0,50.0,0.0,0.0,4,25.0,,,40.0,,5,50.0,0.0,,,2,3,,5.0,0.0,40.0,1,1,0,100.0,1,3,0.8,5
Lloyd Pandi,Ottawa Blackjacks,2024-2025,offense,P&R ball handler,Long/3pt,5,Open,P&R BH - Defense Commits > Spot-Up > No Dribble Jumper > Open > Long/3pt,P&R BH - Defense Commits,Spot-Up,No Dribble Jumper,Open,Long/3pt,,4,80.0,0.75,37.5,0.0,0.0,4,25.0,,,25.0,,4,37.5,0.0,,,1,3,,4.0,0.0,25.0,0,0,0,,1,3,1.0,3
Lloyd Pandi,Ottawa Blackjacks,2024-2025,offense,P&R ball handler,Miss 3 Pts,6,Long/3pt,P&R BH - Defense Commits > Spot-Up > No Dribble Jumper > Open > Long/3pt > Miss 3 Pts,P&R BH - Defense Commits,Spot-Up,No Dribble Jumper,Open,Long/3pt,Miss 3 Pts,3,75.0,0.0,0.0,0.0,0.0,3,0.0,,,0.0,,3,0.0,0.0,,,0,3,,3.0,0.0,0.0,0,0,0,,0,3,1.0,0
Lloyd Pandi,Ottawa Blackjacks,2024-2025,offense,P&R ball handler,Make 3 Pts,6,Long/3pt,P&R BH - Defense Commits > Spot-Up > No Dribble Jumper > Open > Long/3pt > Make 3 Pts,P&R BH - Defense Commits,Spot-Up,No Dribble Jumper,Open,Long/3pt,Make 3 Pts,1,25.0,3.0,150.0,0.0,0.0,1,100.0,,,100.0,,1,150.0,0.0,,,1,0,,1.0,0.0,100.0,0,0,0,,1,0,1.0,3
Lloyd Pandi,Ottawa Blackjacks,2024-2025,offense,P&R ball handler,Medium/17' to 3pt,5,Open,P&R BH - Defense Commits > Spot-Up > No Dribble Jumper > Open > Medium/17' to 3pt,P&R BH - Defense Commits,Spot-Up,No Dribble Jumper,Open,Medium/17' to 3pt,,1,20.0,2.0,100.0,0.0,0.0,0,,,,100.0,,1,100.0,0.0,,,1,0,,1.0,0.0,100.0,1,1,0,100.0,0,0,0.0,2
Lloyd Pandi,Ottawa Blackjacks,2024-2025,offense,P&R ball handler,Make 2 Pts,6,Medium/17' to 3pt,P&R BH - Defense Commits > Spot-Up > No Dribble Jumper > Open > Medium/17' to 3pt > Make 2 Pts,P&R BH - Defense Commits,Spot-Up,No Dribble Jumper,Open,Medium/17' to 3pt,Make 2 Pts,1,100.0,2.0,100.0,0.0,0.0,0,,,,100.0,,1,100.0,0.0,,,1,0,,1.0,0.0,100.0,1,1,0,100.0,0,0,0.0,2
Lloyd Pandi,Ottawa Blackjacks,2024-2025,offense,P&R ball handler,Drives Left,3,Spot-Up,P&R BH - Defense Commits > Spot-Up > Drives Left,P&R BH - Defense Commits,Spot-Up,Drives Left,,,,2,15.4,1.5,61.5,0.0,50.0,1,0.0,,,50.0,,2,50.0,50.0,,,1,1,,2.4,0.5,50.0,1,1,0,100.0,0,1,0.5,3
Lloyd Pandi,Ottawa Blackjacks,2024-2025,offense,P&R ball handler,Dribble Jumper,4,Drives Left,P&R BH - Defense Commits > Spot-Up > Drives Left > Dribble Jumper,P&R BH - Defense Commits,Spot-Up,Drives Left,Dribble Jumper,,,1,50.0,0.0,0.0,0.0,0.0,1,0.0,,,0.0,,1,0.0,0.0,,,0,1,,1.0,0.0,0.0,0,0,0,,0,1,1.0,0
Lloyd Pandi,Ottawa Blackjacks,2024-2025,offense,P&R ball handler,Long/3pt,5,Dribble Jumper,P&R BH - Defense Commits > Spot-Up > Drives Left > Dribble Jumper > Long/3pt,P&R BH - Defense Commits,Spot-Up,Drives Left,Dribble Jumper,Long/3pt,,1,100.0,0.0,0.0,0.0,0.0,1,0.0,,,0.0,,1,0.0,0.0,,,0,1,,1.0,0.0,0.0,0,0,0,,0,1,1.0,0
Lloyd Pandi,Ottawa Blackjacks,2024-2025,offense,P&R ball handler,Miss 3 Pts,6,Long/3pt,P&R BH - Defense Commits > Spot-Up > Drives Left > Dribble Jumper > Long/3pt > Miss 3 Pts,P&R BH - Defense Commits,Spot-Up,Drives Left,Dribble Jumper,Long/3pt,Miss 3 Pts,1,100.0,0.0,0.0,0.0,0.0,1,0.0,,,0.0,,1,0.0,0.0,,,0,1,,1.0,0.0,0.0,0,0,0,,0,1,1.0,0
Lloyd Pandi,Ottawa Blackjacks,2024-2025,offense,P&R ball handler,To Basket,4,Drives Left,P&R BH - Defense Commits > Spot-Up > Drives Left > To Basket,P&R BH - Defense Commits,Spot-Up,Drives Left,To Basket,,,1,50.0,3.0,104.2,0.0,100.0,0,,,,100.0,,1,100.0,100.0,,,1,0,,1.4,1.0,100.0,1,1,0,100.0,0,0,0.0,3
Lloyd Pandi,Ottawa Blackjacks,2024-2025,offense,P&R ball handler,Make 2 Pts Foul,5,To Basket,P&R BH - Defense Commits > Spot-Up > Drives Left > To Basket > Make 2 Pts Foul,P&R BH - Defense Commits,Spot-Up,Drives Left,To Basket,Make 2 Pts Foul,,1,100.0,3.0,104.2,0.0,100.0,0,,,,100.0,,1,100.0,100.0,,,1,0,,1.4,1.0,100.0,1,1,0,100.0,0,0,0.0,3
Lloyd Pandi,Ottawa Blackjacks,2024-2025,offense,P&R ball handler,1 Pts,6,Make 2 Pts Foul,P&R BH - Defense Commits > Spot-Up > Drives Left > To Basket > Make 2 Pts Foul > 1 Pts,P&R BH - Defense Commits,Spot-Up,Drives Left,To Basket,Make 2 Pts Foul,1 Pts,1,100.0,3.0,104.2,0.0,100.0,0,,,,100.0,,1,100.0,100.0,,,1,0,,1.4,1.0,100.0,1,1,0,100.0,0,0,0.0,3
Lloyd Pandi,Ottawa Blackjacks,2024-2025,offense,P&R ball handler,Drives Right,3,Spot-Up,P&R BH - Defense Commits > Spot-Up > Drives Right,P&R BH - Defense Commits,Spot-Up,Drives Right,,,,1,7.7,2.0,100.0,0.0,0.0,0,,,,100.0,,1,100.0,0.0,,,1,0,,1.0,0.0,100.0,1,1,0,100.0,0,0,0.0,2
Lloyd Pandi,Ottawa Blackjacks,2024-2025,offense,P&R ball handler,To Basket,4,Drives Right,P&R BH - Defense Commits > Spot-Up > Drives Right > To Basket,P&R BH - Defense Commits,Spot-Up,Drives Right,To Basket,,,1,100.0,2.0,100.0,0.0,0.0,0,,,,100.0,,1,100.0,0.0,,,1,0,,1.0,0.0,100.0,1,1,0,100.0,0,0,0.0,2
Lloyd Pandi,Ottawa Blackjacks,2024-2025,offense,P&R ball handler,Make 2 Pts,5,To Basket,P&R BH - Defense Commits > Spot-Up > Drives Right > To Basket > Make 2 Pts,P&R BH - Defense Commits,Spot-Up,Drives Right,To Basket,Make 2 Pts,,1,100.0,2.0,100.0,0.0,0.0,0,,,,100.0,,1,100.0,0.0,,,1,0,,1.0,0.0,100.0,1,1,0,100.0,0,0,0.0,2
Lloyd Pandi,Ottawa Blackjacks,2024-2025,offense,P&R ball handler,P&R Roll Man,2,P&R BH - Defense Commits,P&R BH - Defense Commits > P&R Roll Man,P&R BH - Defense Commits,P&R Roll Man,,,,,11,37.9,1.0,55.0,9.1,0.0,2,50.0,,,50.0,,10,55.0,0.0,,,5,5,,10.0,0.0,45.5,8,4,4,50.0,1,1,0.2,11
Lloyd Pandi,Ottawa Blackjacks,2024-2025,offense,P&R ball handler,Pick and Pops,3,P&R Roll Man,P&R BH - Defense Commits > P&R Roll Man > Pick and Pops,P&R BH - Defense Commits,P&R Roll Man,Pick and Pops,,,,8,72.7,1.125,64.3,12.5,0.0,2,50.0,,,57.1,,7,64.3,0.0,,,4,3,,7.0,0.0,50.0,5,3,2,60.0,1,1,0.29,9
Lloyd Pandi,Ottawa Blackjacks,2024-2025,offense,P&R ball handler,No Dribble Jumper,4,Pick and Pops,P&R BH - Defense Commits > P&R Roll Man > Pick and Pops > No Dribble Jumper,P&R BH - Defense Commits,P&R Roll Man,Pick and Pops,No Dribble Jumper,,,4,50.0,1.0,50.0,0.0,0.0,1,0.0,,,50.0,,4,50.0,0.0,,,2,2,,4.0,0.0,50.0,3,2,1,66.7,0,1,0.25,4
Lloyd Pandi,Ottawa Blackjacks,2024-2025,offense,P&R ball handler,Guarded,5,No Dribble Jumper,P&R BH - Defense Commits > P&R Roll Man > Pick and Pops > No Dribble Jumper > Guarded,P&R BH - Defense Commits,P&R Roll Man,Pick and Pops,No Dribble Jumper,Guarded,,4,100.0,1.0,50.0,0.0,0.0,1,0.0,,,50.0,,4,50.0,0.0,,,2,2,,4.0,0.0,50.0,3,2,1,66.7,0,1,0.25,4
Lloyd Pandi,Ottawa Blackjacks,2024-2025,offense,P&R ball handler,Medium/17' to 3pt,6,Guarded,P&R BH - Defense Commits > P&R Roll Man > Pick and Pops > No Dribble Jumper > Guarded > Medium/17' to 3pt,P&R BH - Defense Commits,P&R Roll Man,Pick and Pops,No Dribble Jumper,Guarded,Medium/17' to 3pt,2,50.0,1.0,50.0,0.0,0.0,0,,,,50.0,,2,50.0,0.0,,,1,1,,2.0,0.0,50.0,2,1,1,50.0,0,0,0.0,2
Lloyd Pandi,Ottawa Blackjacks,2024-2025,offense,P&R ball handler,Long/3pt,6,Guarded,P&R BH - Defense Commits > P&R Roll Man > Pick and Pops > No Dribble Jumper > Guarded > Long/3pt,P&R BH - Defense Commits,P&R Roll Man,Pick and Pops,No Dribble Jumper,Guarded,Long/3pt,1,25.0,0.0,0.0,0.0,0.0,1,0.0,,,0.0,,1,0.0,0.0,,,0,1,,1.0,0.0,0.0,0,0,0,,0,1,1.0,0
Lloyd Pandi,Ottawa Blackjacks,2024-2025,offense,P&R ball handler,Short to < 17,6,Guarded,P&R BH - Defense Commits > P&R Roll Man > Pick and Pops > No Dribble Jumper > Guarded > Short to < 17,P&R BH - Defense Commits,P&R Roll Man,Pick and Pops,No Dribble Jumper,Guarded,Short to < 17,1,25.0,2.0,100.0,0.0,0.0,0,,,,100.0,,1,100.0,0.0,,,1,0,,1.0,0.0,100.0,1,1,0,100.0,0,0,0.0,2
Lloyd Pandi,Ottawa Blackjacks,2024-2025,offense,P&R ball handler,Drives Left,4,Pick and Pops,P&R BH - Defense Commits > P&R Roll Man > Pick and Pops > Drives Left,P&R BH - Defense Commits,P&R Roll Man,Pick and Pops,Drives Left,,,3,37.5,0.667,50.0,33.3,0.0,0,,,,50.0,,2,50.0,0.0,,,1,1,,2.0,0.0,33.3,2,1,1,50.0,0,0,0.0,2
Lloyd Pandi,Ottawa Blackjacks,2024-2025,offense,P&R ball handler,To Basket,5,Drives Left,P&R BH - Defense Commits > P&R Roll Man > Pick and Pops > Drives Left > To Basket,P&R BH - Defense Commits,P&R Roll Man,Pick and Pops,Drives Left,To Basket,,2,66.7,1.0,50.0,0.0,0.0,0,,,,50.0,,2,50.0,0.0,,,1,1,,2.0,0.0,50.0,2,1,1,50.0,0,0,0.0,2
Lloyd Pandi,Ottawa Blackjacks,2024-2025,offense,P&R ball handler,Miss 2 Pts,6,To Basket,P&R BH - Defense Commits > P&R Roll Man > Pick and Pops > Drives Left > To Basket > Miss 2 Pts,P&R BH - Defense Commits,P&R Roll Man,Pick and Pops,Drives Left,To Basket,Miss 2 Pts,1,50.0,0.0,0.0,0.0,0.0,0,,,,0.0,,1,0.0,0.0,,,0,1,,1.0,0.0,0.0,1,0,1,0.0,0,0,0.0,0
Lloyd Pandi,Ottawa Blackjacks,2024-2025,offense,P&R ball handler,Make 2 Pts,6,To Basket,P&R BH - Defense Commits > P&R Roll Man > Pick and Pops > Drives Left > To Basket > Make 2 Pts,P&R BH - Defense Commits,P&R Roll Man,Pick and Pops,Drives Left,To Basket,Make 2 Pts,1,50.0,2.0,100.0,0.0,0.0,0,,,,100.0,,1,100.0,0.0,,,1,0,,1.0,0.0,100.0,1,1,0,100.0,0,0,0.0,2
Lloyd Pandi,Ottawa Blackjacks,2024-2025,offense,P&R ball handler,Turnover,5,Drives Left,P&R BH - Defense Commits > P&R Roll Man > Pick and Pops > Drives Left > Turnover,P&R BH - Defense Commits,P&R Roll Man,Pick and Pops,Drives Left,Turnover,,1,33.3,0.0,,100.0,0.0,0,,,,,,0,,0.0,,,0,0,,0.0,,0.0,0,0,0,,0,0,,0
Lloyd Pandi,Ottawa Blackjacks,2024-2025,offense,P&R ball handler,Drives Straight,4,Pick and Pops,P&R BH - Defense Commits > P&R Roll Man > Pick and Pops > Drives Straight,P&R BH - Defense Commits,P&R Roll Man,Pick and Pops,Drives Straight,,,1,12.5,3.0,150.0,0.0,0.0,1,100.0,,,100.0,,1,150.0,0.0,,,1,0,,1.0,0.0,100.0,0,0,0,,1,0,1.0,3
Lloyd Pandi,Ottawa Blackjacks,2024-2025,offense,P&R ball handler,Dribble Jumper,5,Drives Straight,P&R BH - Defense Commits > P&R Roll Man > Pick and Pops > Drives Straight > Dribble Jumper,P&R BH - Defense Commits,P&R Roll Man,Pick and Pops,Drives Straight,Dribble Jumper,,1,100.0,3.0,150.0,0.0,0.0,1,100.0,,,100.0,,1,150.0,0.0,,,1,0,,1.0,0.0,100.0,0,0,0,,1,0,1.0,3
Lloyd Pandi,Ottawa Blackjacks,2024-2025,offense,P&R ball handler,Long/3pt,6,Dribble Jumper,P&R BH - Defense Commits > P&R Roll Man > Pick and Pops > Drives Straight > Dribble Jumper > Long/3pt,P&R BH - Defense Commits,P&R Roll Man,Pick and Pops,Drives Straight,Dribble Jumper,Long/3pt,1,100.0,3.0,150.0,0.0,0.0,1,100.0,,,100.0,,1,150.0,0.0,,,1,0,,1.0,0.0,100.0,0,0,0,,1,0,1.0,3
Lloyd Pandi,Ottawa Blackjacks,2024-2025,offense,P&R ball handler,Rolls to Basket,3,P&R Roll Man,P&R BH - Defense Commits > P&R Roll Man > Rolls to Basket,P&R BH - Defense Commits,P&R Roll Man,Rolls to Basket,,,,3,27.3,0.667,33.3,0.0,0.0,0,,,,33.3,,3,33.3,0.0,,,1,2,,3.0,0.0,33.3,3,1,2,33.3,0,0,0.0,2
Lloyd Pandi,Ottawa Blackjacks,2024-2025,offense,P&R ball handler,Miss 2 Pts,4,Rolls to Basket,P&R BH - Defense Commits > P&R Roll Man > Rolls to Basket > Miss 2 Pts,P&R BH - Defense Commits,P&R Roll Man,Rolls to Basket,Miss 2 Pts,,,2,66.7,0.0,0.0,0.0,0.0,0,,,,0.0,,2,0.0,0.0,,,0,2,,2.0,0.0,0.0,2,0,2,0.0,0,0,0.0,0
Lloyd Pandi,Ottawa Blackjacks,2024-2025,offense,P&R ball handler,Make 2 Pts,4,Rolls to Basket,P&R BH - Defense Commits > P&R Roll Man > Rolls to Basket > Make 2 Pts,P&R BH - Defense Commits,P&R Roll Man,Rolls to Basket,Make 2 Pts,,,1,33.3,2.0,100.0,0.0,0.0,0,,,,100.0,,1,100.0,0.0,,,1,0,,1.0,0.0,100.0,1,1,0,100.0,0,0,0.0,2
Lloyd Pandi,Ottawa Blackjacks,2024-2025,offense,P&R ball handler,Cut,2,P&R BH - Defense Commits,P&R BH - Defense Commits > Cut,P&R BH - Defense Commits,Cut,,,,,3,10.3,1.0,52.1,0.0,33.3,0,,,,50.0,,2,50.0,33.3,,,1,1,,2.9,1.0,66.7,2,1,1,50.0,0,0,0.0,3
Lloyd Pandi,Ottawa Blackjacks,2024-2025,offense,P&R ball handler,Basket,3,Cut,P&R BH - Defense Commits > Cut > Basket,P&R BH - Defense Commits,Cut,Basket,,,,3,100.0,1.0,52.1,0.0,33.3,0,,,,50.0,,2,50.0,33.3,,,1,1,,2.9,1.0,66.7,2,1,1,50.0,0,0,0.0,3
Lloyd Pandi,Ottawa Blackjacks,2024-2025,offense,P&R ball handler,Foul,4,Basket,P&R BH - Defense Commits > Cut > Basket > Foul,P&R BH - Defense Commits,Cut,Basket,Foul,,,1,33.3,1.0,56.8,0.0,100.0,0,,,,,,0,,100.0,,,0,0,,0.9,,100.0,0,0,0,,0,0,,1
Lloyd Pandi,Ottawa Blackjacks,2024-2025,offense,P&R ball handler,Miss 2 Pts,4,Basket,P&R BH - Defense Commits > Cut > Basket > Miss 2 Pts,P&R BH - Defense Commits,Cut,Basket,Miss 2 Pts,,,1,33.3,0.0,0.0,0.0,0.0,0,,,,0.0,,1,0.0,0.0,,,0,1,,1.0,0.0,0.0,1,0,1,0.0,0,0,0.0,0
Lloyd Pandi,Ottawa Blackjacks,2024-2025,offense,P&R ball handler,Make 2 Pts,4,Basket,P&R BH - Defense Commits > Cut > Basket > Make 2 Pts,P&R BH - Defense Commits,Cut,Basket,Make 2 Pts,,,1,33.3,2.0,100.0,0.0,0.0,0,,,,100.0,,1,100.0,0.0,,,1,0,,1.0,0.0,100.0,1,1,0,100.0,0,0,0.0,2
Lloyd Pandi,Ottawa Blackjacks,2024-2025,offense,P&R ball handler,P&R Ball Handler,2,P&R BH - Defense Commits,P&R BH - Defense Commits > P&R Ball Handler,P&R BH - Defense Commits,P&R Ball Handler,,,,,2,6.9,0.0,,100.0,0.0,0,,,,,,0,,0.0,,,0,0,,0.0,,0.0,0,0,0,,0,0,,0
Lloyd Pandi,Ottawa Blackjacks,2024-2025,offense,P&R ball handler,High P&R,3,P&R Ball Handler,P&R BH - Defense Commits > P&R Ball Handler > High P&R,P&R BH - Defense Commits,P&R Ball Handler,High P&R,,,,2,100.0,0.0,,100.0,0.0,0,,,,,,0,,0.0,,,0,0,,0.0,,0.0,0,0,0,,0,0,,0
Lloyd Pandi,Ottawa Blackjacks,2024-2025,offense,P&R ball handler,Dribble Off Pick,4,High P&R,P&R BH - Defense Commits > P&R Ball Handler > High P&R > Dribble Off Pick,P&R BH - Defense Commits,P&R Ball Handler,High P&R,Dribble Off Pick,,,2,100.0,0.0,,100.0,0.0,0,,,,,,0,,0.0,,,0,0,,0.0,,0.0,0,0,0,,0,0,,0
Lloyd Pandi,Ottawa Blackjacks,2024-2025,offense,P&R ball handler,Defense Commits,5,Dribble Off Pick,P&R BH - Defense Commits > P&R Ball Handler > High P&R > Dribble Off Pick > Defense Commits,P&R BH - Defense Commits,P&R Ball Handler,High P&R,Dribble Off Pick,Defense Commits,,2,100.0,0.0,,100.0,0.0,0,,,,,,0,,0.0,,,0,0,,0.0,,0.0,0,0,0,,0,0,,0
Lloyd Pandi,Ottawa Blackjacks,2024-2025,offense,P&R ball handler,Turnover,6,Defense Commits,P&R BH - Defense Commits > P&R Ball Handler > High P&R > Dribble Off Pick > Defense Commits > Turnover,P&R BH - Defense Commits,P&R Ball Handler,High P&R,Dribble Off Pick,Defense Commits,Turnover,2,100.0,0.0,,100.0,0.0,0,,,,,,0,,0.0,,,0,0,,0.0,,0.0,0,0,0,,0,0,,0
Lloyd Pandi,Ottawa Blackjacks,2024-2025,offense,P&R ball handler,P&R BH - Traps,1,,P&R BH - Traps,P&R BH - Traps,,,,,,0,0.0,,,,,0,,,,,,0,,,,,0,0,,0.0,,,0,0,0,,0,0,,0
Lloyd Pandi,Ottawa Blackjacks,2024-2025,offense,Isolation,ISO Including Passes,1,,ISO Including Passes,ISO Including Passes,,,,,,20,9.2,0.6,37.8,20.0,5.0,3,33.3,Below Average,27.0,33.3,45.0,15,36.7,5.0,,,5,10,,15.9,0.13,30.0,12,4,8,33.3,1,2,0.2,12
Lloyd Pandi,Ottawa Blackjacks,2024-2025,offense,Isolation,Isolation,2,ISO Including Passes,ISO Including Passes > Isolation,ISO Including Passes,Isolation,,,,,14,70.0,0.357,25.3,28.6,7.1,0,,,,22.2,,9,22.2,7.1,,,2,7,,9.9,0.22,21.4,9,2,7,22.2,0,0,0.0,5
Lloyd Pandi,Ottawa Blackjacks,2024-2025,offense,Isolation,Left,3,Isolation,ISO Including Passes > Isolation > Left,ISO Including Passes,Isolation,Left,,,,7,50.0,0.286,20.0,28.6,0.0,0,,,,20.0,,5,20.0,0.0,,,1,4,,5.0,0.0,14.3,5,1,4,20.0,0,0,0.0,2
Lloyd Pandi,Ottawa Blackjacks,2024-2025,offense,Isolation,Drives Left,4,Left,ISO Including Passes > Isolation > Left > Drives Left,ISO Including Passes,Isolation,Left,Drives Left,,,3,42.9,0.0,0.0,66.7,0.0,0,,,,0.0,,1,0.0,0.0,,,0,1,,1.0,0.0,0.0,1,0,1,0.0,0,0,0.0,0
Lloyd Pandi,Ottawa Blackjacks,2024-2025,offense,Isolation,To Basket,5,Drives Left,ISO Including Passes > Isolation > Left > Drives Left > To Basket,ISO Including Passes,Isolation,Left,Drives Left,To Basket,,1,33.3,0.0,0.0,0.0,0.0,0,,,,0.0,,1,0.0,0.0,,,0,1,,1.0,0.0,0.0,1,0,1,0.0,0,0,0.0,0
Lloyd Pandi,Ottawa Blackjacks,2024-2025,offense,Isolation,Miss 2 Pts,6,To Basket,ISO Including Passes > Isolation > Left > Drives Left > To Basket > Miss 2 Pts,ISO Including Passes,Isolation,Left,Drives Left,To Basket,Miss 2 Pts,1,100.0,0.0,0.0,0.0,0.0,0,,,,0.0,,1,0.0,0.0,,,0,1,,1.0,0.0,0.0,1,0,1,0.0,0,0,0.0,0
Lloyd Pandi,Ottawa Blackjacks,2024-2025,offense,Isolation,Defense Commits,5,Drives Left,ISO Including Passes > Isolation > Left > Drives Left > Defense Commits,ISO Including Passes,Isolation,Left,Drives Left,Defense Commits,,1,33.3,0.0,,100.0,0.0,0,,,,,,0,,0.0,,,0,0,,0.0,,0.0,0,0,0,,0,0,,0
Lloyd Pandi,Ottawa Blackjacks,2024-2025,offense,Isolation,Turnover,6,Defense Commits,ISO Including Passes > Isolation > Left > Drives Left > Defense Commits > Turnover,ISO Including Passes,Isolation,Left,Drives Left,Defense Commits,Turnover,1,100.0,0.0,,100.0,0.0,0,,,,,,0,,0.0,,,0,0,,0.0,,0.0,0,0,0,,0,0,,0
Lloyd Pandi,Ottawa Blackjacks,2024-2025,offense,Isolation,Turnover,5,Drives Left,ISO Including Passes > Isolation > Left > Drives Left > Turnover,ISO Including Passes,Isolation,Left,Drives Left,Turnover,,1,33.3,0.0,,100.0,0.0,0,,,,,,0,,0.0,,,0,0,,0.0,,0.0,0,0,0,,0,0,,0
Lloyd Pandi,Ottawa Blackjacks,2024-2025,offense,Isolation,Drives Right,4,Left,ISO Including Passes > Isolation > Left > Drives Right,ISO Including Passes,Isolation,Left,Drives Right,,,2,28.6,1.0,50.0,0.0,0.0,0,,,,50.0,,2,50.0,0.0,,,1,1,,2.0,0.0,50.0,2,1,1,50.0,0,0,0.0,2
Lloyd Pandi,Ottawa Blackjacks,2024-2025,offense,Isolation,To Basket,5,Drives Right,ISO Including Passes > Isolation > Left > Drives Right > To Basket,ISO Including Passes,Isolation,Left,Drives Right,To Basket,,2,100.0,1.0,50.0,0.0,0.0,0,,,,50.0,,2,50.0,0.0,,,1,1,,2.0,0.0,50.0,2,1,1,50.0,0,0,0.0,2
Lloyd Pandi,Ottawa Blackjacks,2024-2025,offense,Isolation,Miss 2 Pts,6,To Basket,ISO Including Passes > Isolation > Left > Drives Right > To Basket > Miss 2 Pts,ISO Including Passes,Isolation,Left,Drives Right,To Basket,Miss 2 Pts,1,50.0,0.0,0.0,0.0,0.0,0,,,,0.0,,1,0.0,0.0,,,0,1,,1.0,0.0,0.0,1,0,1,0.0,0,0,0.0,0
Lloyd Pandi,Ottawa Blackjacks,2024-2025,offense,Isolation,Make 2 Pts,6,To Basket,ISO Including Passes > Isolation > Left > Drives Right > To Basket > Make 2 Pts,ISO Including Passes,Isolation,Left,Drives Right,To Basket,Make 2 Pts,1,50.0,2.0,100.0,0.0,0.0,0,,,,100.0,,1,100.0,0.0,,,1,0,,1.0,0.0,100.0,1,1,0,100.0,0,0,0.0,2
Lloyd Pandi,Ottawa Blackjacks,2024-2025,offense,Isolation,Early Jumper,4,Left,ISO Including Passes > Isolation > Left > Early Jumper,ISO Including Passes,Isolation,Left,Early Jumper,,,2,28.6,0.0,0.0,0.0,0.0,0,,,,0.0,,2,0.0,0.0,,,0,2,,2.0,0.0,0.0,2,0,2,0.0,0,0,0.0,0
Lloyd Pandi,Ottawa Blackjacks,2024-2025,offense,Isolation,Dribble Jumper,5,Early Jumper,ISO Including Passes > Isolation > Left > Early Jumper > Dribble Jumper,ISO Including Passes,Isolation,Left,Early Jumper,Dribble Jumper,,2,100.0,0.0,0.0,0.0,0.0,0,,,,0.0,,2,0.0,0.0,,,0,2,,2.0,0.0,0.0,2,0,2,0.0,0,0,0.0,0
Lloyd Pandi,Ottawa Blackjacks,2024-2025,offense,Isolation,Medium/17' to 3pt,6,Dribble Jumper,ISO Including Passes > Isolation > Left > Early Jumper > Dribble Jumper > Medium/17' to 3pt,ISO Including Passes,Isolation,Left,Early Jumper,Dribble Jumper,Medium/17' to 3pt,2,100.0,0.0,0.0,0.0,0.0,0,,,,0.0,,2,0.0,0.0,,,0,2,,2.0,0.0,0.0,2,0,2,0.0,0,0,0.0,0
Lloyd Pandi,Ottawa Blackjacks,2024-2025,offense,Isolation,Top,3,Isolation,ISO Including Passes > Isolation > Top,ISO Including Passes,Isolation,Top,,,,5,35.7,0.6,38.7,20.0,20.0,0,,,,33.3,,3,33.3,20.0,,,1,2,,3.9,0.67,40.0,3,1,2,33.3,0,0,0.0,3
Lloyd Pandi,Ottawa Blackjacks,2024-2025,offense,Isolation,Drives Right,4,Top,ISO Including Passes > Isolation > Top > Drives Right,ISO Including Passes,Isolation,Top,Drives Right,,,3,60.0,0.333,17.4,0.0,33.3,0,,,,0.0,,2,0.0,33.3,,,0,2,,2.9,1.0,33.3,2,0,2,0.0,0,0,0.0,1
Lloyd Pandi,Ottawa Blackjacks,2024-2025,offense,Isolation,To Basket,5,Drives Right,ISO Including Passes > Isolation > Top > Drives Right > To Basket,ISO Including Passes,Isolation,Top,Drives Right,To Basket,,2,66.7,0.5,26.6,0.0,50.0,0,,,,0.0,,1,0.0,50.0,,,0,1,,1.9,2.0,50.0,1,0,1,0.0,0,0,0.0,1
Lloyd Pandi,Ottawa Blackjacks,2024-2025,offense,Isolation,Foul,6,To Basket,ISO Including Passes > Isolation > Top > Drives Right > To Basket > Foul,ISO Including Passes,Isolation,Top,Drives Right,To Basket,Foul,1,50.0,1.0,56.8,0.0,100.0,0,,,,,,0,,100.0,,,0,0,,0.9,,100.0,0,0,0,,0,0,,1
Lloyd Pandi,Ottawa Blackjacks,2024-2025,offense,Isolation,Miss 2 Pts,6,To Basket,ISO Including Passes > Isolation > Top > Drives Right > To Basket > Miss 2 Pts,ISO Including Passes,Isolation,Top,Drives Right,To Basket,Miss 2 Pts,1,50.0,0.0,0.0,0.0,0.0,0,,,,0.0,,1,0.0,0.0,,,0,1,,1.0,0.0,0.0,1,0,1,0.0,0,0,0.0,0
Lloyd Pandi,Ottawa Blackjacks,2024-2025,offense,Isolation,Dribble Jumper,5,Drives Right,ISO Including Passes > Isolation > Top > Drives Right > Dribble Jumper,ISO Including Passes,Isolation,Top,Drives Right,Dribble Jumper,,1,33.3,0.0,0.0,0.0,0.0,0,,,,0.0,,1,0.0,0.0,,,0,1,,1.0,0.0,0.0,1,0,1,0.0,0,0,0.0,0
Lloyd Pandi,Ottawa Blackjacks,2024-2025,offense,Isolation,Short to < 17,6,Dribble Jumper,ISO Including Passes > Isolation > Top > Drives Right > Dribble Jumper > Short to < 17,ISO Including Passes,Isolation,Top,Drives Right,Dribble Jumper,Short to < 17,1,100.0,0.0,0.0,0.0,0.0,0,,,,0.0,,1,0.0,0.0,,,0,1,,1.0,0.0,0.0,1,0,1,0.0,0,0,0.0,0
Lloyd Pandi,Ottawa Blackjacks,2024-2025,offense,Isolation,Drives Left,4,Top,ISO Including Passes > Isolation > Top > Drives Left,ISO Including Passes,Isolation,Top,Drives Left,,,2,40.0,1.0,100.0,50.0,0.0,0,,,,100.0,,1,100.0,0.0,,,1,0,,1.0,0.0,50.0,1,1,0,100.0,0,0,0.0,2
Lloyd Pandi,Ottawa Blackjacks,2024-2025,offense,Isolation,Turnover,5,Drives Left,ISO Including Passes > Isolation > Top > Drives Left > Turnover,ISO Including Passes,Isolation,Top,Drives Left,Turnover,,1,50.0,0.0,,100.0,0.0,0,,,,,,0,,0.0,,,0,0,,0.0,,0.0,0,0,0,,0,0,,0
Lloyd Pandi,Ottawa Blackjacks,2024-2025,offense,Isolation,To Basket,5,Drives Left,ISO Including Passes > Isolation > Top > Drives Left > To Basket,ISO Including Passes,Isolation,Top,Drives Left,To Basket,,1,50.0,2.0,100.0,0.0,0.0,0,,,,100.0,,1,100.0,0.0,,,1,0,,1.0,0.0,100.0,1,1,0,100.0,0,0,0.0,2
Lloyd Pandi,Ottawa Blackjacks,2024-2025,offense,Isolation,Make 2 Pts,6,To Basket,ISO Including Passes > Isolation > Top > Drives Left > To Basket > Make 2 Pts,ISO Including Passes,Isolation,Top,Drives Left,To Basket,Make 2 Pts,1,100.0,2.0,100.0,0.0,0.0,0,,,,100.0,,1,100.0,0.0,,,1,0,,1.0,0.0,100.0,1,1,0,100.0,0,0,0.0,2
Lloyd Pandi,Ottawa Blackjacks,2024-2025,offense,Isolation,Right,3,Isolation,ISO Including Passes > Isolation > Right,ISO Including Passes,Isolation,Right,,,,2,14.3,0.0,0.0,50.0,0.0,0,,,,0.0,,1,0.0,0.0,,,0,1,,1.0,0.0,0.0,1,0,1,0.0,0,0,0.0,0
Lloyd Pandi,Ottawa Blackjacks,2024-2025,offense,Isolation,Drives Left,4,Right,ISO Including Passes > Isolation > Right > Drives Left,ISO Including Passes,Isolation,Right,Drives Left,,,2,100.0,0.0,0.0,50.0,0.0,0,,,,0.0,,1,0.0,0.0,,,0,1,,1.0,0.0,0.0,1,0,1,0.0,0,0,0.0,0
Lloyd Pandi,Ottawa Blackjacks,2024-2025,offense,Isolation,Defense Commits,5,Drives Left,ISO Including Passes > Isolation > Right > Drives Left > Defense Commits,ISO Including Passes,Isolation,Right,Drives Left,Defense Commits,,1,50.0,0.0,,100.0,0.0,0,,,,,,0,,0.0,,,0,0,,0.0,,0.0,0,0,0,,0,0,,0
Lloyd Pandi,Ottawa Blackjacks,2024-2025,offense,Isolation,Turnover,6,Defense Commits,ISO Including Passes > Isolation > Right > Drives Left > Defense Commits > Turnover,ISO Including Passes,Isolation,Right,Drives Left,Defense Commits,Turnover,1,100.0,0.0,,100.0,0.0,0,,,,,,0,,0.0,,,0,0,,0.0,,0.0,0,0,0,,0,0,,0
Lloyd Pandi,Ottawa Blackjacks,2024-2025,offense,Isolation,Dribble Jumper,5,Drives Left,ISO Including Passes > Isolation > Right > Drives Left > Dribble Jumper,ISO Including Passes,Isolation,Right,Drives Left,Dribble Jumper,,1,50.0,0.0,0.0,0.0,0.0,0,,,,0.0,,1,0.0,0.0,,,0,1,,1.0,0.0,0.0,1,0,1,0.0,0,0,0.0,0
Lloyd Pandi,Ottawa Blackjacks,2024-2025,offense,Isolation,Short to < 17,6,Dribble Jumper,ISO Including Passes > Isolation > Right > Drives Left > Dribble Jumper > Short to < 17,ISO Including Passes,Isolation,Right,Drives Left,Dribble Jumper,Short to < 17,1,100.0,0.0,0.0,0.0,0.0,0,,,,0.0,,1,0.0,0.0,,,0,1,,1.0,0.0,0.0,1,0,1,0.0,0,0,0.0,0
Lloyd Pandi,Ottawa Blackjacks,2024-2025,offense,Isolation,Spot-Up,2,ISO Including Passes,ISO Including Passes > Spot-Up,ISO Including Passes,Spot-Up,,,,,4,20.0,1.25,62.5,0.0,0.0,3,33.3,,,50.0,,4,62.5,0.0,,,2,2,,4.0,0.0,50.0,1,1,0,100.0,1,2,0.75,5
Lloyd Pandi,Ottawa Blackjacks,2024-2025,offense,Isolation,No Dribble Jumper,3,Spot-Up,ISO Including Passes > Spot-Up > No Dribble Jumper,ISO Including Passes,Spot-Up,No Dribble Jumper,,,,3,75.0,1.0,50.0,0.0,0.0,3,33.3,,,33.3,,3,50.0,0.0,,,1,2,,3.0,0.0,33.3,0,0,0,,1,2,1.0,3
Lloyd Pandi,Ottawa Blackjacks,2024-2025,offense,Isolation,Guarded,4,No Dribble Jumper,ISO Including Passes > Spot-Up > No Dribble Jumper > Guarded,ISO Including Passes,Spot-Up,No Dribble Jumper,Guarded,,,2,66.7,1.5,75.0,0.0,0.0,2,50.0,,,50.0,,2,75.0,0.0,,,1,1,,2.0,0.0,50.0,0,0,0,,1,1,1.0,3
Lloyd Pandi,Ottawa Blackjacks,2024-2025,offense,Isolation,Long/3pt,5,Guarded,ISO Including Passes > Spot-Up > No Dribble Jumper > Guarded > Long/3pt,ISO Including Passes,Spot-Up,No Dribble Jumper,Guarded,Long/3pt,,2,100.0,1.5,75.0,0.0,0.0,2,50.0,,,50.0,,2,75.0,0.0,,,1,1,,2.0,0.0,50.0,0,0,0,,1,1,1.0,3
Lloyd Pandi,Ottawa Blackjacks,2024-2025,offense,Isolation,Make 3 Pts,6,Long/3pt,ISO Including Passes > Spot-Up > No Dribble Jumper > Guarded > Long/3pt > Make 3 Pts,ISO Including Passes,Spot-Up,No Dribble Jumper,Guarded,Long/3pt,Make 3 Pts,1,50.0,3.0,150.0,0.0,0.0,1,100.0,,,100.0,,1,150.0,0.0,,,1,0,,1.0,0.0,100.0,0,0,0,,1,0,1.0,3
Lloyd Pandi,Ottawa Blackjacks,2024-2025,offense,Isolation,Miss 3 Pts,6,Long/3pt,ISO Including Passes > Spot-Up > No Dribble Jumper > Guarded > Long/3pt > Miss 3 Pts,ISO Including Passes,Spot-Up,No Dribble Jumper,Guarded,Long/3pt,Miss 3 Pts,1,50.0,0.0,0.0,0.0,0.0,1,0.0,,,0.0,,1,0.0,0.0,,,0,1,,1.0,0.0,0.0,0,0,0,,0,1,1.0,0
Lloyd Pandi,Ottawa Blackjacks,2024-2025,offense,Isolation,Open,4,No Dribble Jumper,ISO Including Passes > Spot-Up > No Dribble Jumper > Open,ISO Including Passes,Spot-Up,No Dribble Jumper,Open,,,1,33.3,0.0,0.0,0.0,0.0,1,0.0,,,0.0,,1,0.0,0.0,,,0,1,,1.0,0.0,0.0,0,0,0,,0,1,1.0,0
Lloyd Pandi,Ottawa Blackjacks,2024-2025,offense,Isolation,Long/3pt,5,Open,ISO Including Passes > Spot-Up > No Dribble Jumper > Open > Long/3pt,ISO Including Passes,Spot-Up,No Dribble Jumper,Open,Long/3pt,,1,100.0,0.0,0.0,0.0,0.0,1,0.0,,,0.0,,1,0.0,0.0,,,0,1,,1.0,0.0,0.0,0,0,0,,0,1,1.0,0
Lloyd Pandi,Ottawa Blackjacks,2024-2025,offense,Isolation,Miss 3 Pts,6,Long/3pt,ISO Including Passes > Spot-Up > No Dribble Jumper > Open > Long/3pt > Miss 3 Pts,ISO Including Passes,Spot-Up,No Dribble Jumper,Open,Long/3pt,Miss 3 Pts,1,100.0,0.0,0.0,0.0,0.0,1,0.0,,,0.0,,1,0.0,0.0,,,0,1,,1.0,0.0,0.0,0,0,0,,0,1,1.0,0
Lloyd Pandi,Ottawa Blackjacks,2024-2025,offense,Isolation,Drives Right,3,Spot-Up,ISO Including Passes > Spot-Up > Drives Right,ISO Including Passes,Spot-Up,Drives Right,,,,1,25.0,2.0,100.0,0.0,0.0,0,,,,100.0,,1,100.0,0.0,,,1,0,,1.0,0.0,100.0,1,1,0,100.0,0,0,0.0,2
Lloyd Pandi,Ottawa Blackjacks,2024-2025,offense,Isolation,Dribble Jumper,4,Drives Right,ISO Including Passes > Spot-Up > Drives Right > Dribble Jumper,ISO Including Passes,Spot-Up,Drives Right,Dribble Jumper,,,1,100.0,2.0,100.0,0.0,0.0,0,,,,100.0,,1,100.0,0.0,,,1,0,,1.0,0.0,100.0,1,1,0,100.0,0,0,0.0,2
Lloyd Pandi,Ottawa Blackjacks,2024-2025,offense,Isolation,Short to < 17,5,Dribble Jumper,ISO Including Passes > Spot-Up > Drives Right > Dribble Jumper > Short to < 17,ISO Including Passes,Spot-Up,Drives Right,Dribble Jumper,Short to < 17,,1,100.0,2.0,100.0,0.0,0.0,0,,,,100.0,,1,100.0,0.0,,,1,0,,1.0,0.0,100.0,1,1,0,100.0,0,0,0.0,2
Lloyd Pandi,Ottawa Blackjacks,2024-2025,offense,Isolation,Make 2 Pts,6,Short to < 17,ISO Including Passes > Spot-Up > Drives Right > Dribble Jumper > Short to < 17 > Make 2 Pts,ISO Including Passes,Spot-Up,Drives Right,Dribble Jumper,Short to < 17,Make 2 Pts,1,100.0,2.0,100.0,0.0,0.0,0,,,,100.0,,1,100.0,0.0,,,1,0,,1.0,0.0,100.0,1,1,0,100.0,0,0,0.0,2
Lloyd Pandi,Ottawa Blackjacks,2024-2025,offense,Isolation,Cut,2,ISO Including Passes,ISO Including Passes > Cut,ISO Including Passes,Cut,,,,,2,10.0,1.0,50.0,0.0,0.0,0,,,,50.0,,2,50.0,0.0,,,1,1,,2.0,0.0,50.0,2,1,1,50.0,0,0,0.0,2
Lloyd Pandi,Ottawa Blackjacks,2024-2025,offense,Isolation,Basket,3,Cut,ISO Including Passes > Cut > Basket,ISO Including Passes,Cut,Basket,,,,1,50.0,2.0,100.0,0.0,0.0,0,,,,100.0,,1,100.0,0.0,,,1,0,,1.0,0.0,100.0,1,1,0,100.0,0,0,0.0,2
Lloyd Pandi,Ottawa Blackjacks,2024-2025,offense,Isolation,Make 2 Pts,4,Basket,ISO Including Passes > Cut > Basket > Make 2 Pts,ISO Including Passes,Cut,Basket,Make 2 Pts,,,1,100.0,2.0,100.0,0.0,0.0,0,,,,100.0,,1,100.0,0.0,,,1,0,,1.0,0.0,100.0,1,1,0,100.0,0,0,0.0,2
Lloyd Pandi,Ottawa Blackjacks,2024-2025,offense,Isolation,Flash,3,Cut,ISO Including Passes > Cut > Flash,ISO Including Passes,Cut,Flash,,,,1,50.0,0.0,0.0,0.0,0.0,0,,,,0.0,,1,0.0,0.0,,,0,1,,1.0,0.0,0.0,1,0,1,0.0,0,0,0.0,0
Lloyd Pandi,Ottawa Blackjacks,2024-2025,offense,Isolation,Miss 2 Pts,4,Flash,ISO Including Passes > Cut > Flash > Miss 2 Pts,ISO Including Passes,Cut,Flash,Miss 2 Pts,,,1,100.0,0.0,0.0,0.0,0.0,0,,,,0.0,,1,0.0,0.0,,,0,1,,1.0,0.0,0.0,1,0,1,0.0,0,0,0.0,0
Lloyd Pandi,Ottawa Blackjacks,2024-2025,offense,Isolation,ISO - Defense Commits,1,,ISO - Defense Commits,ISO - Defense Commits,,,,,,8,3.7,0.875,58.3,25.0,0.0,3,33.3,,,50.0,,6,58.3,0.0,,,3,3,,6.0,0.0,37.5,3,2,1,66.7,1,2,0.5,7
Lloyd Pandi,Ottawa Blackjacks,2024-2025,offense,Isolation,Spot-Up,2,ISO - Defense Commits,ISO - Defense Commits > Spot-Up,ISO - Defense Commits,Spot-Up,,,,,4,50.0,1.25,62.5,0.0,0.0,3,33.3,,,50.0,,4,62.5,0.0,,,2,2,,4.0,0.0,50.0,1,1,0,100.0,1,2,0.75,5
Lloyd Pandi,Ottawa Blackjacks,2024-2025,offense,Isolation,No Dribble Jumper,3,Spot-Up,ISO - Defense Commits > Spot-Up > No Dribble Jumper,ISO - Defense Commits,Spot-Up,No Dribble Jumper,,,,3,75.0,1.0,50.0,0.0,0.0,3,33.3,,,33.3,,3,50.0,0.0,,,1,2,,3.0,0.0,33.3,0,0,0,,1,2,1.0,3
Lloyd Pandi,Ottawa Blackjacks,2024-2025,offense,Isolation,Guarded,4,No Dribble Jumper,ISO - Defense Commits > Spot-Up > No Dribble Jumper > Guarded,ISO - Defense Commits,Spot-Up,No Dribble Jumper,Guarded,,,2,66.7,1.5,75.0,0.0,0.0,2,50.0,,,50.0,,2,75.0,0.0,,,1,1,,2.0,0.0,50.0,0,0,0,,1,1,1.0,3
Lloyd Pandi,Ottawa Blackjacks,2024-2025,offense,Isolation,Long/3pt,5,Guarded,ISO - Defense Commits > Spot-Up > No Dribble Jumper > Guarded > Long/3pt,ISO - Defense Commits,Spot-Up,No Dribble Jumper,Guarded,Long/3pt,,2,100.0,1.5,75.0,0.0,0.0,2,50.0,,,50.0,,2,75.0,0.0,,,1,1,,2.0,0.0,50.0,0,0,0,,1,1,1.0,3
Lloyd Pandi,Ottawa Blackjacks,2024-2025,offense,Isolation,Make 3 Pts,6,Long/3pt,ISO - Defense Commits > Spot-Up > No Dribble Jumper > Guarded > Long/3pt > Make 3 Pts,ISO - Defense Commits,Spot-Up,No Dribble Jumper,Guarded,Long/3pt,Make 3 Pts,1,50.0,3.0,150.0,0.0,0.0,1,100.0,,,100.0,,1,150.0,0.0,,,1,0,,1.0,0.0,100.0,0,0,0,,1,0,1.0,3
Lloyd Pandi,Ottawa Blackjacks,2024-2025,offense,Isolation,Miss 3 Pts,6,Long/3pt,ISO - Defense Commits > Spot-Up > No Dribble Jumper > Guarded > Long/3pt > Miss 3 Pts,ISO - Defense Commits,Spot-Up,No Dribble Jumper,Guarded,Long/3pt,Miss 3 Pts,1,50.0,0.0,0.0,0.0,0.0,1,0.0,,,0.0,,1,0.0,0.0,,,0,1,,1.0,0.0,0.0,0,0,0,,0,1,1.0,0
Lloyd Pandi,Ottawa Blackjacks,2024-2025,offense,Isolation,Open,4,No Dribble Jumper,ISO - Defense Commits > Spot-Up > No Dribble Jumper > Open,ISO - Defense Commits,Spot-Up,No Dribble Jumper,Open,,,1,33.3,0.0,0.0,0.0,0.0,1,0.0,,,0.0,,1,0.0,0.0,,,0,1,,1.0,0.0,0.0,0,0,0,,0,1,1.0,0
Lloyd Pandi,Ottawa Blackjacks,2024-2025,offense,Isolation,Long/3pt,5,Open,ISO - Defense Commits > Spot-Up > No Dribble Jumper > Open > Long/3pt,ISO - Defense Commits,Spot-Up,No Dribble Jumper,Open,Long/3pt,,1,100.0,0.0,0.0,0.0,0.0,1,0.0,,,0.0,,1,0.0,0.0,,,0,1,,1.0,0.0,0.0,0,0,0,,0,1,1.0,0
Lloyd Pandi,Ottawa Blackjacks,2024-2025,offense,Isolation,Miss 3 Pts,6,Long/3pt,ISO - Defense Commits > Spot-Up > No Dribble Jumper > Open > Long/3pt > Miss 3 Pts,ISO - Defense Commits,Spot-Up,No Dribble Jumper,Open,Long/3pt,Miss 3 Pts,1,100.0,0.0,0.0,0.0,0.0,1,0.0,,,0.0,,1,0.0,0.0,,,0,1,,1.0,0.0,0.0,0,0,0,,0,1,1.0,0
Lloyd Pandi,Ottawa Blackjacks,2024-2025,offense,Isolation,Drives Right,3,Spot-Up,ISO - Defense Commits > Spot-Up > Drives Right,ISO - Defense Commits,Spot-Up,Drives Right,,,,1,25.0,2.0,100.0,0.0,0.0,0,,,,100.0,,1,100.0,0.0,,,1,0,,1.0,0.0,100.0,1,1,0,100.0,0,0,0.0,2
Lloyd Pandi,Ottawa Blackjacks,2024-2025,offense,Isolation,Dribble Jumper,4,Drives Right,ISO - Defense Commits > Spot-Up > Drives Right > Dribble Jumper,ISO - Defense Commits,Spot-Up,Drives Right,Dribble Jumper,,,1,100.0,2.0,100.0,0.0,0.0,0,,,,100.0,,1,100.0,0.0,,,1,0,,1.0,0.0,100.0,1,1,0,100.0,0,0,0.0,2
Lloyd Pandi,Ottawa Blackjacks,2024-2025,offense,Isolation,Short to < 17,5,Dribble Jumper,ISO - Defense Commits > Spot-Up > Drives Right > Dribble Jumper > Short to < 17,ISO - Defense Commits,Spot-Up,Drives Right,Dribble Jumper,Short to < 17,,1,100.0,2.0,100.0,0.0,0.0,0,,,,100.0,,1,100.0,0.0,,,1,0,,1.0,0.0,100.0,1,1,0,100.0,0,0,0.0,2
Lloyd Pandi,Ottawa Blackjacks,2024-2025,offense,Isolation,Make 2 Pts,6,Short to < 17,ISO - Defense Commits > Spot-Up > Drives Right > Dribble Jumper > Short to < 17 > Make 2 Pts,ISO - Defense Commits,Spot-Up,Drives Right,Dribble Jumper,Short to < 17,Make 2 Pts,1,100.0,2.0,100.0,0.0,0.0,0,,,,100.0,,1,100.0,0.0,,,1,0,,1.0,0.0,100.0,1,1,0,100.0,0,0,0.0,2
Lloyd Pandi,Ottawa Blackjacks,2024-2025,offense,Isolation,Isolation,2,ISO - Defense Commits,ISO - Defense Commits > Isolation,ISO - Defense Commits,Isolation,,,,,2,25.0,0.0,,100.0,0.0,0,,,,,,0,,0.0,,,0,0,,0.0,,0.0,0,0,0,,0,0,,0
Lloyd Pandi,Ottawa Blackjacks,2024-2025,offense,Isolation,Left,3,Isolation,ISO - Defense Commits > Isolation > Left,ISO - Defense Commits,Isolation,Left,,,,1,50.0,0.0,,100.0,0.0,0,,,,,,0,,0.0,,,0,0,,0.0,,0.0,0,0,0,,0,0,,0
Lloyd Pandi,Ottawa Blackjacks,2024-2025,offense,Isolation,Drives Left,4,Left,ISO - Defense Commits > Isolation > Left > Drives Left,ISO - Defense Commits,Isolation,Left,Drives Left,,,1,100.0,0.0,,100.0,0.0,0,,,,,,0,,0.0,,,0,0,,0.0,,0.0,0,0,0,,0,0,,0
Lloyd Pandi,Ottawa Blackjacks,2024-2025,offense,Isolation,Defense Commits,5,Drives Left,ISO - Defense Commits > Isolation > Left > Drives Left > Defense Commits,ISO - Defense Commits,Isolation,Left,Drives Left,Defense Commits,,1,100.0,0.0,,100.0,0.0,0,,,,,,0,,0.0,,,0,0,,0.0,,0.0,0,0,0,,0,0,,0
Lloyd Pandi,Ottawa Blackjacks,2024-2025,offense,Isolation,Turnover,6,Defense Commits,ISO - Defense Commits > Isolation > Left > Drives Left > Defense Commits > Turnover,ISO - Defense Commits,Isolation,Left,Drives Left,Defense Commits,Turnover,1,100.0,0.0,,100.0,0.0,0,,,,,,0,,0.0,,,0,0,,0.0,,0.0,0,0,0,,0,0,,0
Lloyd Pandi,Ottawa Blackjacks,2024-2025,offense,Isolation,Right,3,Isolation,ISO - Defense Commits > Isolation > Right,ISO - Defense Commits,Isolation,Right,,,,1,50.0,0.0,,100.0,0.0,0,,,,,,0,,0.0,,,0,0,,0.0,,0.0,0,0,0,,0,0,,0
Lloyd Pandi,Ottawa Blackjacks,2024-2025,offense,Isolation,Drives Left,4,Right,ISO - Defense Commits > Isolation > Right > Drives Left,ISO - Defense Commits,Isolation,Right,Drives Left,,,1,100.0,0.0,,100.0,0.0,0,,,,,,0,,0.0,,,0,0,,0.0,,0.0,0,0,0,,0,0,,0
Lloyd Pandi,Ottawa Blackjacks,2024-2025,offense,Isolation,Defense Commits,5,Drives Left,ISO - Defense Commits > Isolation > Right > Drives Left > Defense Commits,ISO - Defense Commits,Isolation,Right,Drives Left,Defense Commits,,1,100.0,0.0,,100.0,0.0,0,,,,,,0,,0.0,,,0,0,,0.0,,0.0,0,0,0,,0,0,,0
Lloyd Pandi,Ottawa Blackjacks,2024-2025,offense,Isolation,Turnover,6,Defense Commits,ISO - Defense Commits > Isolation > Right > Drives Left > Defense Commits > Turnover,ISO - Defense Commits,Isolation,Right,Drives Left,Defense Commits,Turnover,1,100.0,0.0,,100.0,0.0,0,,,,,,0,,0.0,,,0,0,,0.0,,0.0,0,0,0,,0,0,,0
Lloyd Pandi,Ottawa Blackjacks,2024-2025,offense,Isolation,Cut,2,ISO - Defense Commits,ISO - Defense Commits > Cut,ISO - Defense Commits,Cut,,,,,2,25.0,1.0,50.0,0.0,0.0,0,,,,50.0,,2,50.0,0.0,,,1,1,,2.0,0.0,50.0,2,1,1,50.0,0,0,0.0,2
Lloyd Pandi,Ottawa Blackjacks,2024-2025,offense,Isolation,Basket,3,Cut,ISO - Defense Commits > Cut > Basket,ISO - Defense Commits,Cut,Basket,,,,1,50.0,2.0,100.0,0.0,0.0,0,,,,100.0,,1,100.0,0.0,,,1,0,,1.0,0.0,100.0,1,1,0,100.0,0,0,0.0,2
Lloyd Pandi,Ottawa Blackjacks,2024-2025,offense,Isolation,Make 2 Pts,4,Basket,ISO - Defense Commits > Cut > Basket > Make 2 Pts,ISO - Defense Commits,Cut,Basket,Make 2 Pts,,,1,100.0,2.0,100.0,0.0,0.0,0,,,,100.0,,1,100.0,0.0,,,1,0,,1.0,0.0,100.0,1,1,0,100.0,0,0,0.0,2
Lloyd Pandi,Ottawa Blackjacks,2024-2025,offense,Isolation,Flash,3,Cut,ISO - Defense Commits > Cut > Flash,ISO - Defense Commits,Cut,Flash,,,,1,50.0,0.0,0.0,0.0,0.0,0,,,,0.0,,1,0.0,0.0,,,0,1,,1.0,0.0,0.0,1,0,1,0.0,0,0,0.0,0
Lloyd Pandi,Ottawa Blackjacks,2024-2025,offense,Isolation,Miss 2 Pts,4,Flash,ISO - Defense Commits > Cut > Flash > Miss 2 Pts,ISO - Defense Commits,Cut,Flash,Miss 2 Pts,,,1,100.0,0.0,0.0,0.0,0.0,0,,,,0.0,,1,0.0,0.0,,,0,1,,1.0,0.0,0.0,1,0,1,0.0,0,0,0.0,0
Lloyd Pandi,Ottawa Blackjacks,2024-2025,offense,Post up,Post-Ups Including Passes,1,,Post-Ups Including Passes,Post-Ups Including Passes,,,,,,19,8.8,1.263,71.6,10.5,10.5,1,0.0,Excellent,91.0,66.7,18.0,15,66.7,10.5,,,10,5,,16.8,0.27,63.2,14,10,4,71.4,0,1,0.07,24
Lloyd Pandi,Ottawa Blackjacks,2024-2025,offense,Post up,Post-Up,2,Post-Ups Including Passes,Post-Ups Including Passes > Post-Up,Post-Ups Including Passes,Post-Up,,,,,12,63.2,1.167,70.9,16.7,8.3,0,,,,66.7,,9,66.7,8.3,,,6,3,,9.9,0.22,58.3,9,6,3,66.7,0,0,0.0,14
Lloyd Pandi,Ottawa Blackjacks,2024-2025,offense,Post up,Left Block,3,Post-Up,Post-Ups Including Passes > Post-Up > Left Block,Post-Ups Including Passes,Post-Up,Left Block,,,,7,58.3,1.714,87.2,0.0,14.3,0,,,,83.3,,6,83.3,14.3,,,5,1,,6.9,0.33,85.7,6,5,1,83.3,0,0,0.0,12
Lloyd Pandi,Ottawa Blackjacks,2024-2025,offense,Post up,Left Shoulder,4,Left Block,Post-Ups Including Passes > Post-Up > Left Block > Left Shoulder,Post-Ups Including Passes,Post-Up,Left Block,Left Shoulder,,,3,42.9,1.333,69.4,0.0,33.3,0,,,,50.0,,2,50.0,33.3,,,1,1,,2.9,1.0,66.7,2,1,1,50.0,0,0,0.0,4
Lloyd Pandi,Ottawa Blackjacks,2024-2025,offense,Post up,Dribble Move,5,Left Shoulder,Post-Ups Including Passes > Post-Up > Left Block > Left Shoulder > Dribble Move,Post-Ups Including Passes,Post-Up,Left Block,Left Shoulder,Dribble Move,,3,100.0,1.333,69.4,0.0,33.3,0,,,,50.0,,2,50.0,33.3,,,1,1,,2.9,1.0,66.7,2,1,1,50.0,0,0,0.0,4
Lloyd Pandi,Ottawa Blackjacks,2024-2025,offense,Post up,To Basket,6,Dribble Move,Post-Ups Including Passes > Post-Up > Left Block > Left Shoulder > Dribble Move > To Basket,Post-Ups Including Passes,Post-Up,Left Block,Left Shoulder,Dribble Move,To Basket,3,100.0,1.333,69.4,0.0,33.3,0,,,,50.0,,2,50.0,33.3,,,1,1,,2.9,1.0,66.7,2,1,1,50.0,0,0,0.0,4
Lloyd Pandi,Ottawa Blackjacks,2024-2025,offense,Post up,Face-up,4,Left Block,Post-Ups Including Passes > Post-Up > Left Block > Face-up,Post-Ups Including Passes,Post-Up,Left Block,Face-up,,,2,28.6,2.0,100.0,0.0,0.0,0,,,,100.0,,2,100.0,0.0,,,2,0,,2.0,0.0,100.0,2,2,0,100.0,0,0,0.0,4
Lloyd Pandi,Ottawa Blackjacks,2024-2025,offense,Post up,Drive Baseline,5,Face-up,Post-Ups Including Passes > Post-Up > Left Block > Face-up > Drive Baseline,Post-Ups Including Passes,Post-Up,Left Block,Face-up,Drive Baseline,,1,50.0,2.0,100.0,0.0,0.0,0,,,,100.0,,1,100.0,0.0,,,1,0,,1.0,0.0,100.0,1,1,0,100.0,0,0,0.0,2
Lloyd Pandi,Ottawa Blackjacks,2024-2025,offense,Post up,Make 2 Pts,6,Drive Baseline,Post-Ups Including Passes > Post-Up > Left Block > Face-up > Drive Baseline > Make 2 Pts,Post-Ups Including Passes,Post-Up,Left Block,Face-up,Drive Baseline,Make 2 Pts,1,100.0,2.0,100.0,0.0,0.0,0,,,,100.0,,1,100.0,0.0,,,1,0,,1.0,0.0,100.0,1,1,0,100.0,0,0,0.0,2
Lloyd Pandi,Ottawa Blackjacks,2024-2025,offense,Post up,Drive Middle,5,Face-up,Post-Ups Including Passes > Post-Up > Left Block > Face-up > Drive Middle,Post-Ups Including Passes,Post-Up,Left Block,Face-up,Drive Middle,,1,50.0,2.0,100.0,0.0,0.0,0,,,,100.0,,1,100.0,0.0,,,1,0,,1.0,0.0,100.0,1,1,0,100.0,0,0,0.0,2
Lloyd Pandi,Ottawa Blackjacks,2024-2025,offense,Post up,Make 2 Pts,6,Drive Middle,Post-Ups Including Passes > Post-Up > Left Block > Face-up > Drive Middle > Make 2 Pts,Post-Ups Including Passes,Post-Up,Left Block,Face-up,Drive Middle,Make 2 Pts,1,100.0,2.0,100.0,0.0,0.0,0,,,,100.0,,1,100.0,0.0,,,1,0,,1.0,0.0,100.0,1,1,0,100.0,0,0,0.0,2
Lloyd Pandi,Ottawa Blackjacks,2024-2025,offense,Post up,Right Shoulder,4,Left Block,Post-Ups Including Passes > Post-Up > Left Block > Right Shoulder,Post-Ups Including Passes,Post-Up,Left Block,Right Shoulder,,,2,28.6,2.0,100.0,0.0,0.0,0,,,,100.0,,2,100.0,0.0,,,2,0,,2.0,0.0,100.0,2,2,0,100.0,0,0,0.0,4
Lloyd Pandi,Ottawa Blackjacks,2024-2025,offense,Post up,Dribble Move,5,Right Shoulder,Post-Ups Including Passes > Post-Up > Left Block > Right Shoulder > Dribble Move,Post-Ups Including Passes,Post-Up,Left Block,Right Shoulder,Dribble Move,,2,100.0,2.0,100.0,0.0,0.0,0,,,,100.0,,2,100.0,0.0,,,2,0,,2.0,0.0,100.0,2,2,0,100.0,0,0,0.0,4
Lloyd Pandi,Ottawa Blackjacks,2024-2025,offense,Post up,To Basket,6,Dribble Move,Post-Ups Including Passes > Post-Up > Left Block > Right Shoulder > Dribble Move > To Basket,Post-Ups Including Passes,Post-Up,Left Block,Right Shoulder,Dribble Move,To Basket,2,100.0,2.0,100.0,0.0,0.0,0,,,,100.0,,2,100.0,0.0,,,2,0,,2.0,0.0,100.0,2,2,0,100.0,0,0,0.0,4
Lloyd Pandi,Ottawa Blackjacks,2024-2025,offense,Post up,Right Block,3,Post-Up,Post-Ups Including Passes > Post-Up > Right Block,Post-Ups Including Passes,Post-Up,Right Block,,,,5,41.7,0.4,33.3,40.0,0.0,0,,,,33.3,,3,33.3,0.0,,,1,2,,3.0,0.0,20.0,3,1,2,33.3,0,0,0.0,2
Lloyd Pandi,Ottawa Blackjacks,2024-2025,offense,Post up,Right Shoulder,4,Right Block,Post-Ups Including Passes > Post-Up > Right Block > Right Shoulder,Post-Ups Including Passes,Post-Up,Right Block,Right Shoulder,,,4,80.0,0.5,33.3,25.0,0.0,0,,,,33.3,,3,33.3,0.0,,,1,2,,3.0,0.0,25.0,3,1,2,33.3,0,0,0.0,2
Lloyd Pandi,Ottawa Blackjacks,2024-2025,offense,Post up,Dribble Move,5,Right Shoulder,Post-Ups Including Passes > Post-Up > Right Block > Right Shoulder > Dribble Move,Post-Ups Including Passes,Post-Up,Right Block,Right Shoulder,Dribble Move,,3,75.0,0.667,50.0,33.3,0.0,0,,,,50.0,,2,50.0,0.0,,,1,1,,2.0,0.0,33.3,2,1,1,50.0,0,0,0.0,2
Lloyd Pandi,Ottawa Blackjacks,2024-2025,offense,Post up,To Jumper,6,Dribble Move,Post-Ups Including Passes > Post-Up > Right Block > Right Shoulder > Dribble Move > To Jumper,Post-Ups Including Passes,Post-Up,Right Block,Right Shoulder,Dribble Move,To Jumper,1,33.3,0.0,0.0,0.0,0.0,0,,,,0.0,,1,0.0,0.0,,,0,1,,1.0,0.0,0.0,1,0,1,0.0,0,0,0.0,0
Lloyd Pandi,Ottawa Blackjacks,2024-2025,offense,Post up,To Basket,6,Dribble Move,Post-Ups Including Passes > Post-Up > Right Block > Right Shoulder > Dribble Move > To Basket,Post-Ups Including Passes,Post-Up,Right Block,Right Shoulder,Dribble Move,To Basket,1,33.3,2.0,100.0,0.0,0.0,0,,,,100.0,,1,100.0,0.0,,,1,0,,1.0,0.0,100.0,1,1,0,100.0,0,0,0.0,2
Lloyd Pandi,Ottawa Blackjacks,2024-2025,offense,Post up,Defense Commits,6,Dribble Move,Post-Ups Including Passes > Post-Up > Right Block > Right Shoulder > Dribble Move > Defense Commits,Post-Ups Including Passes,Post-Up,Right Block,Right Shoulder,Dribble Move,Defense Commits,1,33.3,0.0,,100.0,0.0,0,,,,,,0,,0.0,,,0,0,,0.0,,0.0,0,0,0,,0,0,,0
Lloyd Pandi,Ottawa Blackjacks,2024-2025,offense,Post up,No Dribble Move,5,Right Shoulder,Post-Ups Including Passes > Post-Up > Right Block > Right Shoulder > No Dribble Move,Post-Ups Including Passes,Post-Up,Right Block,Right Shoulder,No Dribble Move,,1,25.0,0.0,0.0,0.0,0.0,0,,,,0.0,,1,0.0,0.0,,,0,1,,1.0,0.0,0.0,1,0,1,0.0,0,0,0.0,0
Lloyd Pandi,Ottawa Blackjacks,2024-2025,offense,Post up,To Jumper,6,No Dribble Move,Post-Ups Including Passes > Post-Up > Right Block > Right Shoulder > No Dribble Move > To Jumper,Post-Ups Including Passes,Post-Up,Right Block,Right Shoulder,No Dribble Move,To Jumper,1,100.0,0.0,0.0,0.0,0.0,0,,,,0.0,,1,0.0,0.0,,,0,1,,1.0,0.0,0.0,1,0,1,0.0,0,0,0.0,0
Lloyd Pandi,Ottawa Blackjacks,2024-2025,offense,Post up,Left Shoulder,4,Right Block,Post-Ups Including Passes > Post-Up > Right Block > Left Shoulder,Post-Ups Including Passes,Post-Up,Right Block,Left Shoulder,,,1,20.0,0.0,,100.0,0.0,0,,,,,,0,,0.0,,,0,0,,0.0,,0.0,0,0,0,,0,0,,0
Lloyd Pandi,Ottawa Blackjacks,2024-2025,offense,Post up,Dribble Move,5,Left Shoulder,Post-Ups Including Passes > Post-Up > Right Block > Left Shoulder > Dribble Move,Post-Ups Including Passes,Post-Up,Right Block,Left Shoulder,Dribble Move,,1,100.0,0.0,,100.0,0.0,0,,,,,,0,,0.0,,,0,0,,0.0,,0.0,0,0,0,,0,0,,0
Lloyd Pandi,Ottawa Blackjacks,2024-2025,offense,Post up,Turnover,6,Dribble Move,Post-Ups Including Passes > Post-Up > Right Block > Left Shoulder > Dribble Move > Turnover,Post-Ups Including Passes,Post-Up,Right Block,Left Shoulder,Dribble Move,Turnover,1,100.0,0.0,,100.0,0.0,0,,,,,,0,,0.0,,,0,0,,0.0,,0.0,0,0,0,,0,0,,0
Lloyd Pandi,Ottawa Blackjacks,2024-2025,offense,Post up,Spot-Up,2,Post-Ups Including Passes,Post-Ups Including Passes > Spot-Up,Post-Ups Including Passes,Spot-Up,,,,,4,21.1,1.0,50.0,0.0,0.0,1,0.0,,,50.0,,4,50.0,0.0,,,2,2,,4.0,0.0,50.0,3,2,1,66.7,0,1,0.25,4
Lloyd Pandi,Ottawa Blackjacks,2024-2025,offense,Post up,Drives Right,3,Spot-Up,Post-Ups Including Passes > Spot-Up > Drives Right,Post-Ups Including Passes,Spot-Up,Drives Right,,,,2,50.0,1.0,50.0,0.0,0.0,0,,,,50.0,,2,50.0,0.0,,,1,1,,2.0,0.0,50.0,2,1,1,50.0,0,0,0.0,2
Lloyd Pandi,Ottawa Blackjacks,2024-2025,offense,Post up,Dribble Jumper,4,Drives Right,Post-Ups Including Passes > Spot-Up > Drives Right > Dribble Jumper,Post-Ups Including Passes,Spot-Up,Drives Right,Dribble Jumper,,,2,100.0,1.0,50.0,0.0,0.0,0,,,,50.0,,2,50.0,0.0,,,1,1,,2.0,0.0,50.0,2,1,1,50.0,0,0,0.0,2
Lloyd Pandi,Ottawa Blackjacks,2024-2025,offense,Post up,Medium/17' to 3pt,5,Dribble Jumper,Post-Ups Including Passes > Spot-Up > Drives Right > Dribble Jumper > Medium/17' to 3pt,Post-Ups Including Passes,Spot-Up,Drives Right,Dribble Jumper,Medium/17' to 3pt,,2,100.0,1.0,50.0,0.0,0.0,0,,,,50.0,,2,50.0,0.0,,,1,1,,2.0,0.0,50.0,2,1,1,50.0,0,0,0.0,2
Lloyd Pandi,Ottawa Blackjacks,2024-2025,offense,Post up,Make 2 Pts,6,Medium/17' to 3pt,Post-Ups Including Passes > Spot-Up > Drives Right > Dribble Jumper > Medium/17' to 3pt > Make 2 Pts,Post-Ups Including Passes,Spot-Up,Drives Right,Dribble Jumper,Medium/17' to 3pt,Make 2 Pts,1,50.0,2.0,100.0,0.0,0.0,0,,,,100.0,,1,100.0,0.0,,,1,0,,1.0,0.0,100.0,1,1,0,100.0,0,0,0.0,2
Lloyd Pandi,Ottawa Blackjacks,2024-2025,offense,Post up,Miss 2 Pts,6,Medium/17' to 3pt,Post-Ups Including Passes > Spot-Up > Drives Right > Dribble Jumper > Medium/17' to 3pt > Miss 2 Pts,Post-Ups Including Passes,Spot-Up,Drives Right,Dribble Jumper,Medium/17' to 3pt,Miss 2 Pts,1,50.0,0.0,0.0,0.0,0.0,0,,,,0.0,,1,0.0,0.0,,,0,1,,1.0,0.0,0.0,1,0,1,0.0,0,0,0.0,0
Lloyd Pandi,Ottawa Blackjacks,2024-2025,offense,Post up,No Dribble Jumper,3,Spot-Up,Post-Ups Including Passes > Spot-Up > No Dribble Jumper,Post-Ups Including Passes,Spot-Up,No Dribble Jumper,,,,2,50.0,1.0,50.0,0.0,0.0,1,0.0,,,50.0,,2,50.0,0.0,,,1,1,,2.0,0.0,50.0,1,1,0,100.0,0,1,0.5,2
Lloyd Pandi,Ottawa Blackjacks,2024-2025,offense,Post up,Open,4,No Dribble Jumper,Post-Ups Including Passes > Spot-Up > No Dribble Jumper > Open,Post-Ups Including Passes,Spot-Up,No Dribble Jumper,Open,,,1,50.0,2.0,100.0,0.0,0.0,0,,,,100.0,,1,100.0,0.0,,,1,0,,1.0,0.0,100.0,1,1,0,100.0,0,0,0.0,2
Lloyd Pandi,Ottawa Blackjacks,2024-2025,offense,Post up,Medium/17' to 3pt,5,Open,Post-Ups Including Passes > Spot-Up > No Dribble Jumper > Open > Medium/17' to 3pt,Post-Ups Including Passes,Spot-Up,No Dribble Jumper,Open,Medium/17' to 3pt,,1,100.0,2.0,100.0,0.0,0.0,0,,,,100.0,,1,100.0,0.0,,,1,0,,1.0,0.0,100.0,1,1,0,100.0,0,0,0.0,2
Lloyd Pandi,Ottawa Blackjacks,2024-2025,offense,Post up,Make 2 Pts,6,Medium/17' to 3pt,Post-Ups Including Passes > Spot-Up > No Dribble Jumper > Open > Medium/17' to 3pt > Make 2 Pts,Post-Ups Including Passes,Spot-Up,No Dribble Jumper,Open,Medium/17' to 3pt,Make 2 Pts,1,100.0,2.0,100.0,0.0,0.0,0,,,,100.0,,1,100.0,0.0,,,1,0,,1.0,0.0,100.0,1,1,0,100.0,0,0,0.0,2
Lloyd Pandi,Ottawa Blackjacks,2024-2025,offense,Post up,Guarded,4,No Dribble Jumper,Post-Ups Including Passes > Spot-Up > No Dribble Jumper > Guarded,Post-Ups Including Passes,Spot-Up,No Dribble Jumper,Guarded,,,1,50.0,0.0,0.0,0.0,0.0,1,0.0,,,0.0,,1,0.0,0.0,,,0,1,,1.0,0.0,0.0,0,0,0,,0,1,1.0,0
Lloyd Pandi,Ottawa Blackjacks,2024-2025,offense,Post up,Long/3pt,5,Guarded,Post-Ups Including Passes > Spot-Up > No Dribble Jumper > Guarded > Long/3pt,Post-Ups Including Passes,Spot-Up,No Dribble Jumper,Guarded,Long/3pt,,1,100.0,0.0,0.0,0.0,0.0,1,0.0,,,0.0,,1,0.0,0.0,,,0,1,,1.0,0.0,0.0,0,0,0,,0,1,1.0,0
Lloyd Pandi,Ottawa Blackjacks,2024-2025,offense,Post up,Miss 3 Pts,6,Long/3pt,Post-Ups Including Passes > Spot-Up > No Dribble Jumper > Guarded > Long/3pt > Miss 3 Pts,Post-Ups Including Passes,Spot-Up,No Dribble Jumper,Guarded,Long/3pt,Miss 3 Pts,1,100.0,0.0,0.0,0.0,0.0,1,0.0,,,0.0,,1,0.0,0.0,,,0,1,,1.0,0.0,0.0,0,0,0,,0,1,1.0,0
Lloyd Pandi,Ottawa Blackjacks,2024-2025,offense,Post up,Cut,2,Post-Ups Including Passes,Post-Ups Including Passes > Cut,Post-Ups Including Passes,Cut,,,,,3,15.8,2.0,104.2,0.0,33.3,0,,,,100.0,,2,100.0,33.3,,,2,0,,2.9,1.0,100.0,2,2,0,100.0,0,0,0.0,6
Lloyd Pandi,Ottawa Blackjacks,2024-2025,offense,Post up,Basket,3,Cut,Post-Ups Including Passes > Cut > Basket,Post-Ups Including Passes,Cut,Basket,,,,3,100.0,2.0,104.2,0.0,33.3,0,,,,100.0,,2,100.0,33.3,,,2,0,,2.9,1.0,100.0,2,2,0,100.0,0,0,0.0,6
Lloyd Pandi,Ottawa Blackjacks,2024-2025,offense,Post up,Make 2 Pts,4,Basket,Post-Ups Including Passes > Cut > Basket > Make 2 Pts,Post-Ups Including Passes,Cut,Basket,Make 2 Pts,,,2,66.7,2.0,100.0,0.0,0.0,0,,,,100.0,,2,100.0,0.0,,,2,0,,2.0,0.0,100.0,2,2,0,100.0,0,0,0.0,4
Lloyd Pandi,Ottawa Blackjacks,2024-2025,offense,Post up,Foul,4,Basket,Post-Ups Including Passes > Cut > Basket > Foul,Post-Ups Including Passes,Cut,Basket,Foul,,,1,33.3,2.0,113.6,0.0,100.0,0,,,,,,0,,100.0,,,0,0,,0.9,,100.0,0,0,0,,0,0,,2
Lloyd Pandi,Ottawa Blackjacks,2024-2025,offense,Post up,Post-Up - Defense Commits,1,,Post-Up - Defense Commits,Post-Up - Defense Commits,,,,,,8,3.7,1.25,72.7,12.5,12.5,1,0.0,,,66.7,,6,66.7,12.5,,,4,2,,6.9,0.33,62.5,5,4,1,80.0,0,1,0.17,10
Lloyd Pandi,Ottawa Blackjacks,2024-2025,offense,Post up,Spot-Up,2,Post-Up - Defense Commits,Post-Up - Defense Commits > Spot-Up,Post-Up - Defense Commits,Spot-Up,,,,,4,50.0,1.0,50.0,0.0,0.0,1,0.0,,,50.0,,4,50.0,0.0,,,2,2,,4.0,0.0,50.0,3,2,1,66.7,0,1,0.25,4
Lloyd Pandi,Ottawa Blackjacks,2024-2025,offense,Post up,No Dribble Jumper,3,Spot-Up,Post-Up - Defense Commits > Spot-Up > No Dribble Jumper,Post-Up - Defense Commits,Spot-Up,No Dribble Jumper,,,,2,50.0,1.0,50.0,0.0,0.0,1,0.0,,,50.0,,2,50.0,0.0,,,1,1,,2.0,0.0,50.0,1,1,0,100.0,0,1,0.5,2
Lloyd Pandi,Ottawa Blackjacks,2024-2025,offense,Post up,Guarded,4,No Dribble Jumper,Post-Up - Defense Commits > Spot-Up > No Dribble Jumper > Guarded,Post-Up - Defense Commits,Spot-Up,No Dribble Jumper,Guarded,,,1,50.0,0.0,0.0,0.0,0.0,1,0.0,,,0.0,,1,0.0,0.0,,,0,1,,1.0,0.0,0.0,0,0,0,,0,1,1.0,0
Lloyd Pandi,Ottawa Blackjacks,2024-2025,offense,Post up,Long/3pt,5,Guarded,Post-Up - Defense Commits > Spot-Up > No Dribble Jumper > Guarded > Long/3pt,Post-Up - Defense Commits,Spot-Up,No Dribble Jumper,Guarded,Long/3pt,,1,100.0,0.0,0.0,0.0,0.0,1,0.0,,,0.0,,1,0.0,0.0,,,0,1,,1.0,0.0,0.0,0,0,0,,0,1,1.0,0
Lloyd Pandi,Ottawa Blackjacks,2024-2025,offense,Post up,Miss 3 Pts,6,Long/3pt,Post-Up - Defense Commits > Spot-Up > No Dribble Jumper > Guarded > Long/3pt > Miss 3 Pts,Post-Up - Defense Commits,Spot-Up,No Dribble Jumper,Guarded,Long/3pt,Miss 3 Pts,1,100.0,0.0,0.0,0.0,0.0,1,0.0,,,0.0,,1,0.0,0.0,,,0,1,,1.0,0.0,0.0,0,0,0,,0,1,1.0,0
Lloyd Pandi,Ottawa Blackjacks,2024-2025,offense,Post up,Open,4,No Dribble Jumper,Post-Up - Defense Commits > Spot-Up > No Dribble Jumper > Open,Post-Up - Defense Commits,Spot-Up,No Dribble Jumper,Open,,,1,50.0,2.0,100.0,0.0,0.0,0,,,,100.0,,1,100.0,0.0,,,1,0,,1.0,0.0,100.0,1,1,0,100.0,0,0,0.0,2
Lloyd Pandi,Ottawa Blackjacks,2024-2025,offense,Post up,Medium/17' to 3pt,5,Open,Post-Up - Defense Commits > Spot-Up > No Dribble Jumper > Open > Medium/17' to 3pt,Post-Up - Defense Commits,Spot-Up,No Dribble Jumper,Open,Medium/17' to 3pt,,1,100.0,2.0,100.0,0.0,0.0,0,,,,100.0,,1,100.0,0.0,,,1,0,,1.0,0.0,100.0,1,1,0,100.0,0,0,0.0,2
Lloyd Pandi,Ottawa Blackjacks,2024-2025,offense,Post up,Make 2 Pts,6,Medium/17' to 3pt,Post-Up - Defense Commits > Spot-Up > No Dribble Jumper > Open > Medium/17' to 3pt > Make 2 Pts,Post-Up - Defense Commits,Spot-Up,No Dribble Jumper,Open,Medium/17' to 3pt,Make 2 Pts,1,100.0,2.0,100.0,0.0,0.0,0,,,,100.0,,1,100.0,0.0,,,1,0,,1.0,0.0,100.0,1,1,0,100.0,0,0,0.0,2
Lloyd Pandi,Ottawa Blackjacks,2024-2025,offense,Post up,Drives Right,3,Spot-Up,Post-Up - Defense Commits > Spot-Up > Drives Right,Post-Up - Defense Commits,Spot-Up,Drives Right,,,,2,50.0,1.0,50.0,0.0,0.0,0,,,,50.0,,2,50.0,0.0,,,1,1,,2.0,0.0,50.0,2,1,1,50.0,0,0,0.0,2
Lloyd Pandi,Ottawa Blackjacks,2024-2025,offense,Post up,Dribble Jumper,4,Drives Right,Post-Up - Defense Commits > Spot-Up > Drives Right > Dribble Jumper,Post-Up - Defense Commits,Spot-Up,Drives Right,Dribble Jumper,,,2,100.0,1.0,50.0,0.0,0.0,0,,,,50.0,,2,50.0,0.0,,,1,1,,2.0,0.0,50.0,2,1,1,50.0,0,0,0.0,2
Lloyd Pandi,Ottawa Blackjacks,2024-2025,offense,Post up,Medium/17' to 3pt,5,Dribble Jumper,Post-Up - Defense Commits > Spot-Up > Drives Right > Dribble Jumper > Medium/17' to 3pt,Post-Up - Defense Commits,Spot-Up,Drives Right,Dribble Jumper,Medium/17' to 3pt,,2,100.0,1.0,50.0,0.0,0.0,0,,,,50.0,,2,50.0,0.0,,,1,1,,2.0,0.0,50.0,2,1,1,50.0,0,0,0.0,2
Lloyd Pandi,Ottawa Blackjacks,2024-2025,offense,Post up,Make 2 Pts,6,Medium/17' to 3pt,Post-Up - Defense Commits > Spot-Up > Drives Right > Dribble Jumper > Medium/17' to 3pt > Make 2 Pts,Post-Up - Defense Commits,Spot-Up,Drives Right,Dribble Jumper,Medium/17' to 3pt,Make 2 Pts,1,50.0,2.0,100.0,0.0,0.0,0,,,,100.0,,1,100.0,0.0,,,1,0,,1.0,0.0,100.0,1,1,0,100.0,0,0,0.0,2
Lloyd Pandi,Ottawa Blackjacks,2024-2025,offense,Post up,Miss 2 Pts,6,Medium/17' to 3pt,Post-Up - Defense Commits > Spot-Up > Drives Right > Dribble Jumper > Medium/17' to 3pt > Miss 2 Pts,Post-Up - Defense Commits,Spot-Up,Drives Right,Dribble Jumper,Medium/17' to 3pt,Miss 2 Pts,1,50.0,0.0,0.0,0.0,0.0,0,,,,0.0,,1,0.0,0.0,,,0,1,,1.0,0.0,0.0,1,0,1,0.0,0,0,0.0,0
Lloyd Pandi,Ottawa Blackjacks,2024-2025,offense,Post up,Cut,2,Post-Up - Defense Commits,Post-Up - Defense Commits > Cut,Post-Up - Defense Commits,Cut,,,,,3,37.5,2.0,104.2,0.0,33.3,0,,,,100.0,,2,100.0,33.3,,,2,0,,2.9,1.0,100.0,2,2,0,100.0,0,0,0.0,6
Lloyd Pandi,Ottawa Blackjacks,2024-2025,offense,Post up,Basket,3,Cut,Post-Up - Defense Commits > Cut > Basket,Post-Up - Defense Commits,Cut,Basket,,,,3,100.0,2.0,104.2,0.0,33.3,0,,,,100.0,,2,100.0,33.3,,,2,0,,2.9,1.0,100.0,2,2,0,100.0,0,0,0.0,6
Lloyd Pandi,Ottawa Blackjacks,2024-2025,offense,Post up,Make 2 Pts,4,Basket,Post-Up - Defense Commits > Cut > Basket > Make 2 Pts,Post-Up - Defense Commits,Cut,Basket,Make 2 Pts,,,2,66.7,2.0,100.0,0.0,0.0,0,,,,100.0,,2,100.0,0.0,,,2,0,,2.0,0.0,100.0,2,2,0,100.0,0,0,0.0,4
Lloyd Pandi,Ottawa Blackjacks,2024-2025,offense,Post up,Foul,4,Basket,Post-Up - Defense Commits > Cut > Basket > Foul,Post-Up - Defense Commits,Cut,Basket,Foul,,,1,33.3,2.0,113.6,0.0,100.0,0,,,,,,0,,100.0,,,0,0,,0.9,,100.0,0,0,0,,0,0,,2
Lloyd Pandi,Ottawa Blackjacks,2024-2025,offense,Post up,Post-Up,2,Post-Up - Defense Commits,Post-Up - Defense Commits > Post-Up,Post-Up - Defense Commits,Post-Up,,,,,1,12.5,0.0,,100.0,0.0,0,,,,,,0,,0.0,,,0,0,,0.0,,0.0,0,0,0,,0,0,,0
Lloyd Pandi,Ottawa Blackjacks,2024-2025,offense,Post up,Right Block,3,Post-Up,Post-Up - Defense Commits > Post-Up > Right Block,Post-Up - Defense Commits,Post-Up,Right Block,,,,1,100.0,0.0,,100.0,0.0,0,,,,,,0,,0.0,,,0,0,,0.0,,0.0,0,0,0,,0,0,,0
Lloyd Pandi,Ottawa Blackjacks,2024-2025,offense,Post up,Right Shoulder,4,Right Block,Post-Up - Defense Commits > Post-Up > Right Block > Right Shoulder,Post-Up - Defense Commits,Post-Up,Right Block,Right Shoulder,,,1,100.0,0.0,,100.0,0.0,0,,,,,,0,,0.0,,,0,0,,0.0,,0.0,0,0,0,,0,0,,0
Lloyd Pandi,Ottawa Blackjacks,2024-2025,offense,Post up,Dribble Move,5,Right Shoulder,Post-Up - Defense Commits > Post-Up > Right Block > Right Shoulder > Dribble Move,Post-Up - Defense Commits,Post-Up,Right Block,Right Shoulder,Dribble Move,,1,100.0,0.0,,100.0,0.0,0,,,,,,0,,0.0,,,0,0,,0.0,,0.0,0,0,0,,0,0,,0
Lloyd Pandi,Ottawa Blackjacks,2024-2025,offense,Post up,Defense Commits,6,Dribble Move,Post-Up - Defense Commits > Post-Up > Right Block > Right Shoulder > Dribble Move > Defense Commits,Post-Up - Defense Commits,Post-Up,Right Block,Right Shoulder,Dribble Move,Defense Commits,1,100.0,0.0,,100.0,0.0,0,,,,,,0,,0.0,,,0,0,,0.0,,0.0,0,0,0,,0,0,,0
Lloyd Pandi,Ottawa Blackjacks,2024-2025,offense,Post up,Post-Up - Hard Double,1,,Post-Up - Hard Double,Post-Up - Hard Double,,,,,,3,1.4,1.333,66.7,0.0,0.0,1,0.0,,,66.7,,3,66.7,0.0,,,2,1,,3.0,0.0,66.7,2,2,0,100.0,0,1,0.33,4
Lloyd Pandi,Ottawa Blackjacks,2024-2025,offense,Post up,Spot-Up,2,Post-Up - Hard Double,Post-Up - Hard Double > Spot-Up,Post-Up - Hard Double,Spot-Up,,,,,2,66.7,1.0,50.0,0.0,0.0,1,0.0,,,50.0,,2,50.0,0.0,,,1,1,,2.0,0.0,50.0,1,1,0,100.0,0,1,0.5,2
Lloyd Pandi,Ottawa Blackjacks,2024-2025,offense,Post up,Drives Right,3,Spot-Up,Post-Up - Hard Double > Spot-Up > Drives Right,Post-Up - Hard Double,Spot-Up,Drives Right,,,,1,50.0,2.0,100.0,0.0,0.0,0,,,,100.0,,1,100.0,0.0,,,1,0,,1.0,0.0,100.0,1,1,0,100.0,0,0,0.0,2
Lloyd Pandi,Ottawa Blackjacks,2024-2025,offense,Post up,Dribble Jumper,4,Drives Right,Post-Up - Hard Double > Spot-Up > Drives Right > Dribble Jumper,Post-Up - Hard Double,Spot-Up,Drives Right,Dribble Jumper,,,1,100.0,2.0,100.0,0.0,0.0,0,,,,100.0,,1,100.0,0.0,,,1,0,,1.0,0.0,100.0,1,1,0,100.0,0,0,0.0,2
Lloyd Pandi,Ottawa Blackjacks,2024-2025,offense,Post up,Medium/17' to 3pt,5,Dribble Jumper,Post-Up - Hard Double > Spot-Up > Drives Right > Dribble Jumper > Medium/17' to 3pt,Post-Up - Hard Double,Spot-Up,Drives Right,Dribble Jumper,Medium/17' to 3pt,,1,100.0,2.0,100.0,0.0,0.0,0,,,,100.0,,1,100.0,0.0,,,1,0,,1.0,0.0,100.0,1,1,0,100.0,0,0,0.0,2
Lloyd Pandi,Ottawa Blackjacks,2024-2025,offense,Post up,Make 2 Pts,6,Medium/17' to 3pt,Post-Up - Hard Double > Spot-Up > Drives Right > Dribble Jumper > Medium/17' to 3pt > Make 2 Pts,Post-Up - Hard Double,Spot-Up,Drives Right,Dribble Jumper,Medium/17' to 3pt,Make 2 Pts,1,100.0,2.0,100.0,0.0,0.0,0,,,,100.0,,1,100.0,0.0,,,1,0,,1.0,0.0,100.0,1,1,0,100.0,0,0,0.0,2
Lloyd Pandi,Ottawa Blackjacks,2024-2025,offense,Post up,No Dribble Jumper,3,Spot-Up,Post-Up - Hard Double > Spot-Up > No Dribble Jumper,Post-Up - Hard Double,Spot-Up,No Dribble Jumper,,,,1,50.0,0.0,0.0,0.0,0.0,1,0.0,,,0.0,,1,0.0,0.0,,,0,1,,1.0,0.0,0.0,0,0,0,,0,1,1.0,0
Lloyd Pandi,Ottawa Blackjacks,2024-2025,offense,Post up,Guarded,4,No Dribble Jumper,Post-Up - Hard Double > Spot-Up > No Dribble Jumper > Guarded,Post-Up - Hard Double,Spot-Up,No Dribble Jumper,Guarded,,,1,100.0,0.0,0.0,0.0,0.0,1,0.0,,,0.0,,1,0.0,0.0,,,0,1,,1.0,0.0,0.0,0,0,0,,0,1,1.0,0
Lloyd Pandi,Ottawa Blackjacks,2024-2025,offense,Post up,Long/3pt,5,Guarded,Post-Up - Hard Double > Spot-Up > No Dribble Jumper > Guarded > Long/3pt,Post-Up - Hard Double,Spot-Up,No Dribble Jumper,Guarded,Long/3pt,,1,100.0,0.0,0.0,0.0,0.0,1,0.0,,,0.0,,1,0.0,0.0,,,0,1,,1.0,0.0,0.0,0,0,0,,0,1,1.0,0
Lloyd Pandi,Ottawa Blackjacks,2024-2025,offense,Post up,Miss 3 Pts,6,Long/3pt,Post-Up - Hard Double > Spot-Up > No Dribble Jumper > Guarded > Long/3pt > Miss 3 Pts,Post-Up - Hard Double,Spot-Up,No Dribble Jumper,Guarded,Long/3pt,Miss 3 Pts,1,100.0,0.0,0.0,0.0,0.0,1,0.0,,,0.0,,1,0.0,0.0,,,0,1,,1.0,0.0,0.0,0,0,0,,0,1,1.0,0
Lloyd Pandi,Ottawa Blackjacks,2024-2025,offense,Post up,Cut,2,Post-Up - Hard Double,Post-Up - Hard Double > Cut,Post-Up - Hard Double,Cut,,,,,1,33.3,2.0,100.0,0.0,0.0,0,,,,100.0,,1,100.0,0.0,,,1,0,,1.0,0.0,100.0,1,1,0,100.0,0,0,0.0,2
Lloyd Pandi,Ottawa Blackjacks,2024-2025,offense,Post up,Basket,3,Cut,Post-Up - Hard Double > Cut > Basket,Post-Up - Hard Double,Cut,Basket,,,,1,100.0,2.0,100.0,0.0,0.0,0,,,,100.0,,1,100.0,0.0,,,1,0,,1.0,0.0,100.0,1,1,0,100.0,0,0,0.0,2
Lloyd Pandi,Ottawa Blackjacks,2024-2025,offense,Post up,Make 2 Pts,4,Basket,Post-Up - Hard Double > Cut > Basket > Make 2 Pts,Post-Up - Hard Double,Cut,Basket,Make 2 Pts,,,1,100.0,2.0,100.0,0.0,0.0,0,,,,100.0,,1,100.0,0.0,,,1,0,,1.0,0.0,100.0,1,1,0,100.0,0,0,0.0,2
