PLAYER,TEAM,SEASON,SIDE,TABLE,STAT,DEPTH,PARENT,PATH,LEVEL_1,LEVEL_2,LEVEL_3,LEVEL_4,LEVEL_5,LEVEL_6,POSS,%TIME,PPP,TS%,TO%,%FT,3FG ATT,3 FG%,PPP RATING,PPP RANK,FG%,%TIME RANK,FG ATT,EFG%,%SF,SSQ,PPS,FG MADE,FG MISS,SSM,TSA,FTA/FGA,SCORE%,2 FG ATT,2 FG MADE,2 FG MISS,2 FG%,3 FG MADE,3 FG MISS,3PA/FGA,PTS
Javan Johnson,Scarborough Shooting Stars,2026-2027,defense,Play types,Spot Up,1,,Spot Up,Spot Up,,,,,,77,39.5,0.597,31.7,6.5,5.2,45,17.8,Excellent,93.0,21.7,43.0,69,27.5,5.2,,,15,54,,73,0.12,23.4,24,7,17,29.2,8,37,0.65,46
Javan Johnson,Scarborough Shooting Stars,2026-2027,defense,Play types,No Dribble Jumper,2,Spot Up,Spot Up > No Dribble Jumper,Spot Up,No Dribble Jumper,,,,,46,59.7,0.587,29.1,0.0,2.2,43,18.6,,,17.8,,45,26.7,2.2,,,8,37,,46,0.07,19.6,2,0,2,0.0,8,35,0.96,27
Javan Johnson,Scarborough Shooting Stars,2026-2027,defense,Play types,Guarded,3,No Dribble Jumper,Spot Up > No Dribble Jumper > Guarded,Spot Up,No Dribble Jumper,Guarded,,,,32,69.6,0.563,27.8,0.0,3.1,30,16.7,,,16.1,,31,24.2,3.1,,,5,26,,32,0.1,18.8,1,0,1,0.0,5,25,0.97,18
Javan Johnson,Scarborough Shooting Stars,2026-2027,defense,Play types,Long/3pt,4,Guarded,Spot Up > No Dribble Jumper > Guarded > Long/3pt,Spot Up,No Dribble Jumper,Guarded,Long/3pt,,,31,96.9,0.581,28.7,0.0,3.2,30,16.7,,,16.7,,30,25.0,3.2,,,5,25,,31,0.1,19.4,0,0,0,,5,25,1.0,18
Javan Johnson,Scarborough Shooting Stars,2026-2027,defense,Play types,Miss 3 Pts,5,Long/3pt,Spot Up > No Dribble Jumper > Guarded > Long/3pt > Miss 3 Pts,Spot Up,No Dribble Jumper,Guarded,Long/3pt,Miss 3 Pts,,25,80.6,0.0,0.0,0.0,0.0,25,0.0,,,0.0,,25,0.0,0.0,,,0,25,,25,0.0,0.0,0,0,0,,0,25,1.0,0
Javan Johnson,Scarborough Shooting Stars,2026-2027,defense,Play types,Make 3 Pts,5,Long/3pt,Spot Up > No Dribble Jumper > Guarded > Long/3pt > Make 3 Pts,Spot Up,No Dribble Jumper,Guarded,Long/3pt,Make 3 Pts,,5,16.1,3.0,150.0,0.0,0.0,5,100.0,,,100.0,,5,150.0,0.0,,,5,0,,5,0.0,100.0,0,0,0,,5,0,1.0,15
Javan Johnson,Scarborough Shooting Stars,2026-2027,defense,Play types,Foul,5,Long/3pt,Spot Up > No Dribble Jumper > Guarded > Long/3pt > Foul,Spot Up,No Dribble Jumper,Guarded,Long/3pt,Foul,,1,3.2,3.0,113.6,0.0,100.0,0,,,,,,0,,100.0,,,0,0,,1,,100.0,0,0,0,,0,0,,3
Javan Johnson,Scarborough Shooting Stars,2026-2027,defense,Play types,Medium/17' to 3pt,4,Guarded,Spot Up > No Dribble Jumper > Guarded > Medium/17' to 3pt,Spot Up,No Dribble Jumper,Guarded,Medium/17' to 3pt,,,1,3.1,0.0,0.0,0.0,0.0,0,,,,0.0,,1,0.0,0.0,,,0,1,,1,0.0,0.0,1,0,1,0.0,0,0,0.0,0
Javan Johnson,Scarborough Shooting Stars,2026-2027,defense,Play types,Miss 2 Pts,5,Medium/17' to 3pt,Spot Up > No Dribble Jumper > Guarded > Medium/17' to 3pt > Miss 2 Pts,Spot Up,No Dribble Jumper,Guarded,Medium/17' to 3pt,Miss 2 Pts,,1,100.0,0.0,0.0,0.0,0.0,0,,,,0.0,,1,0.0,0.0,,,0,1,,1,0.0,0.0,1,0,1,0.0,0,0,0.0,0
Javan Johnson,Scarborough Shooting Stars,2026-2027,defense,Play types,Open,3,No Dribble Jumper,Spot Up > No Dribble Jumper > Open,Spot Up,No Dribble Jumper,Open,,,,14,30.4,0.643,32.1,0.0,0.0,13,23.1,,,21.4,,14,32.1,0.0,,,3,11,,14,0.0,21.4,1,0,1,0.0,3,10,0.93,9
Javan Johnson,Scarborough Shooting Stars,2026-2027,defense,Play types,Long/3pt,4,Open,Spot Up > No Dribble Jumper > Open > Long/3pt,Spot Up,No Dribble Jumper,Open,Long/3pt,,,13,92.9,0.692,34.6,0.0,0.0,13,23.1,,,23.1,,13,34.6,0.0,,,3,10,,13,0.0,23.1,0,0,0,,3,10,1.0,9
Javan Johnson,Scarborough Shooting Stars,2026-2027,defense,Play types,Miss 3 Pts,5,Long/3pt,Spot Up > No Dribble Jumper > Open > Long/3pt > Miss 3 Pts,Spot Up,No Dribble Jumper,Open,Long/3pt,Miss 3 Pts,,10,76.9,0.0,0.0,0.0,0.0,10,0.0,,,0.0,,10,0.0,0.0,,,0,10,,10,0.0,0.0,0,0,0,,0,10,1.0,0
Javan Johnson,Scarborough Shooting Stars,2026-2027,defense,Play types,Make 3 Pts,5,Long/3pt,Spot Up > No Dribble Jumper > Open > Long/3pt > Make 3 Pts,Spot Up,No Dribble Jumper,Open,Long/3pt,Make 3 Pts,,3,23.1,3.0,150.0,0.0,0.0,3,100.0,,,100.0,,3,150.0,0.0,,,3,0,,3,0.0,100.0,0,0,0,,3,0,1.0,9
Javan Johnson,Scarborough Shooting Stars,2026-2027,defense,Play types,Medium/17' to 3pt,4,Open,Spot Up > No Dribble Jumper > Open > Medium/17' to 3pt,Spot Up,No Dribble Jumper,Open,Medium/17' to 3pt,,,1,7.1,0.0,0.0,0.0,0.0,0,,,,0.0,,1,0.0,0.0,,,0,1,,1,0.0,0.0,1,0,1,0.0,0,0,0.0,0
Javan Johnson,Scarborough Shooting Stars,2026-2027,defense,Play types,Miss 2 Pts,5,Medium/17' to 3pt,Spot Up > No Dribble Jumper > Open > Medium/17' to 3pt > Miss 2 Pts,Spot Up,No Dribble Jumper,Open,Medium/17' to 3pt,Miss 2 Pts,,1,100.0,0.0,0.0,0.0,0.0,0,,,,0.0,,1,0.0,0.0,,,0,1,,1,0.0,0.0,1,0,1,0.0,0,0,0.0,0
Javan Johnson,Scarborough Shooting Stars,2026-2027,defense,Play types,Drives Left,2,Spot Up,Spot Up > Drives Left,Spot Up,Drives Left,,,,,19,24.7,0.579,31.5,10.5,5.3,1,0.0,,,29.4,,17,29.4,5.3,,,5,12,,17,0.06,26.3,16,5,11,31.3,0,1,0.06,11
Javan Johnson,Scarborough Shooting Stars,2026-2027,defense,Play types,To Basket,3,Drives Left,Spot Up > Drives Left > To Basket,Spot Up,Drives Left,To Basket,,,,10,52.6,0.9,43.1,0.0,10.0,0,,,,40.0,,10,40.0,10.0,,,4,6,,10,0.1,40.0,10,4,6,40.0,0,0,0.0,9
Javan Johnson,Scarborough Shooting Stars,2026-2027,defense,Play types,Miss 2 Pts,4,To Basket,Spot Up > Drives Left > To Basket > Miss 2 Pts,Spot Up,Drives Left,To Basket,Miss 2 Pts,,,6,60.0,0.0,0.0,0.0,0.0,0,,,,0.0,,6,0.0,0.0,,,0,6,,6,0.0,0.0,6,0,6,0.0,0,0,0.0,0
Javan Johnson,Scarborough Shooting Stars,2026-2027,defense,Play types,Make 2 Pts,4,To Basket,Spot Up > Drives Left > To Basket > Make 2 Pts,Spot Up,Drives Left,To Basket,Make 2 Pts,,,3,30.0,2.0,100.0,0.0,0.0,0,,,,100.0,,3,100.0,0.0,,,3,0,,3,0.0,100.0,3,3,0,100.0,0,0,0.0,6
Javan Johnson,Scarborough Shooting Stars,2026-2027,defense,Play types,Make 2 Pts Foul,4,To Basket,Spot Up > Drives Left > To Basket > Make 2 Pts Foul,Spot Up,Drives Left,To Basket,Make 2 Pts Foul,,,1,10.0,3.0,104.2,0.0,100.0,0,,,,100.0,,1,100.0,100.0,,,1,0,,1,1.0,100.0,1,1,0,100.0,0,0,0.0,3
Javan Johnson,Scarborough Shooting Stars,2026-2027,defense,Play types,1 Pts,5,Make 2 Pts Foul,Spot Up > Drives Left > To Basket > Make 2 Pts Foul > 1 Pts,Spot Up,Drives Left,To Basket,Make 2 Pts Foul,1 Pts,,1,100.0,3.0,104.2,0.0,100.0,0,,,,100.0,,1,100.0,100.0,,,1,0,,1,1.0,100.0,1,1,0,100.0,0,0,0.0,3
Javan Johnson,Scarborough Shooting Stars,2026-2027,defense,Play types,Dribble Jumper,3,Drives Left,Spot Up > Drives Left > Dribble Jumper,Spot Up,Drives Left,Dribble Jumper,,,,7,36.8,0.286,14.3,0.0,0.0,1,0.0,,,14.3,,7,14.3,0.0,,,1,6,,7,0.0,14.3,6,1,5,16.7,0,1,0.14,2
Javan Johnson,Scarborough Shooting Stars,2026-2027,defense,Play types,Short to < 17,4,Dribble Jumper,Spot Up > Drives Left > Dribble Jumper > Short to < 17,Spot Up,Drives Left,Dribble Jumper,Short to < 17,,,4,57.1,0.5,25.0,0.0,0.0,0,,,,25.0,,4,25.0,0.0,,,1,3,,4,0.0,25.0,4,1,3,25.0,0,0,0.0,2
Javan Johnson,Scarborough Shooting Stars,2026-2027,defense,Play types,Miss 2 Pts,5,Short to < 17,Spot Up > Drives Left > Dribble Jumper > Short to < 17 > Miss 2 Pts,Spot Up,Drives Left,Dribble Jumper,Short to < 17,Miss 2 Pts,,3,75.0,0.0,0.0,0.0,0.0,0,,,,0.0,,3,0.0,0.0,,,0,3,,3,0.0,0.0,3,0,3,0.0,0,0,0.0,0
Javan Johnson,Scarborough Shooting Stars,2026-2027,defense,Play types,Make 2 Pts,5,Short to < 17,Spot Up > Drives Left > Dribble Jumper > Short to < 17 > Make 2 Pts,Spot Up,Drives Left,Dribble Jumper,Short to < 17,Make 2 Pts,,1,25.0,2.0,100.0,0.0,0.0,0,,,,100.0,,1,100.0,0.0,,,1,0,,1,0.0,100.0,1,1,0,100.0,0,0,0.0,2
Javan Johnson,Scarborough Shooting Stars,2026-2027,defense,Play types,Medium/17' to 3pt,4,Dribble Jumper,Spot Up > Drives Left > Dribble Jumper > Medium/17' to 3pt,Spot Up,Drives Left,Dribble Jumper,Medium/17' to 3pt,,,2,28.6,0.0,0.0,0.0,0.0,0,,,,0.0,,2,0.0,0.0,,,0,2,,2,0.0,0.0,2,0,2,0.0,0,0,0.0,0
Javan Johnson,Scarborough Shooting Stars,2026-2027,defense,Play types,Miss 2 Pts,5,Medium/17' to 3pt,Spot Up > Drives Left > Dribble Jumper > Medium/17' to 3pt > Miss 2 Pts,Spot Up,Drives Left,Dribble Jumper,Medium/17' to 3pt,Miss 2 Pts,,2,100.0,0.0,0.0,0.0,0.0,0,,,,0.0,,2,0.0,0.0,,,0,2,,2,0.0,0.0,2,0,2,0.0,0,0,0.0,0
Javan Johnson,Scarborough Shooting Stars,2026-2027,defense,Play types,Long/3pt,4,Dribble Jumper,Spot Up > Drives Left > Dribble Jumper > Long/3pt,Spot Up,Drives Left,Dribble Jumper,Long/3pt,,,1,14.3,0.0,0.0,0.0,0.0,1,0.0,,,0.0,,1,0.0,0.0,,,0,1,,1,0.0,0.0,0,0,0,,0,1,1.0,0
Javan Johnson,Scarborough Shooting Stars,2026-2027,defense,Play types,Miss 3 Pts,5,Long/3pt,Spot Up > Drives Left > Dribble Jumper > Long/3pt > Miss 3 Pts,Spot Up,Drives Left,Dribble Jumper,Long/3pt,Miss 3 Pts,,1,100.0,0.0,0.0,0.0,0.0,1,0.0,,,0.0,,1,0.0,0.0,,,0,1,,1,0.0,0.0,0,0,0,,0,1,1.0,0
Javan Johnson,Scarborough Shooting Stars,2026-2027,defense,Play types,Turnover,3,Drives Left,Spot Up > Drives Left > Turnover,Spot Up,Drives Left,Turnover,,,,2,10.5,0.0,,100.0,0.0,0,,,,,,0,,0.0,,,0,0,,0,,0.0,0,0,0,,0,0,,0
Javan Johnson,Scarborough Shooting Stars,2026-2027,defense,Play types,Drives Right,2,Spot Up,Spot Up > Drives Right,Spot Up,Drives Right,,,,,11,14.3,0.727,51.5,27.3,18.2,0,,,,33.3,,6,33.3,18.2,,,2,4,,8,0.67,36.4,6,2,4,33.3,0,0,0.0,8
Javan Johnson,Scarborough Shooting Stars,2026-2027,defense,Play types,To Basket,3,Drives Right,Spot Up > Drives Right > To Basket,Spot Up,Drives Right,To Basket,,,,4,36.4,1.0,51.5,0.0,25.0,0,,,,33.3,,3,33.3,25.0,,,1,2,,4,0.67,50.0,3,1,2,33.3,0,0,0.0,4
Javan Johnson,Scarborough Shooting Stars,2026-2027,defense,Play types,Miss 2 Pts,4,To Basket,Spot Up > Drives Right > To Basket > Miss 2 Pts,Spot Up,Drives Right,To Basket,Miss 2 Pts,,,2,50.0,0.0,0.0,0.0,0.0,0,,,,0.0,,2,0.0,0.0,,,0,2,,2,0.0,0.0,2,0,2,0.0,0,0,0.0,0
Javan Johnson,Scarborough Shooting Stars,2026-2027,defense,Play types,Foul,4,To Basket,Spot Up > Drives Right > To Basket > Foul,Spot Up,Drives Right,To Basket,Foul,,,1,25.0,2.0,113.6,0.0,100.0,0,,,,,,0,,100.0,,,0,0,,1,,100.0,0,0,0,,0,0,,2
Javan Johnson,Scarborough Shooting Stars,2026-2027,defense,Play types,Make 2 Pts,4,To Basket,Spot Up > Drives Right > To Basket > Make 2 Pts,Spot Up,Drives Right,To Basket,Make 2 Pts,,,1,25.0,2.0,100.0,0.0,0.0,0,,,,100.0,,1,100.0,0.0,,,1,0,,1,0.0,100.0,1,1,0,100.0,0,0,0.0,2
Javan Johnson,Scarborough Shooting Stars,2026-2027,defense,Play types,Dribble Jumper,3,Drives Right,Spot Up > Drives Right > Dribble Jumper,Spot Up,Drives Right,Dribble Jumper,,,,4,36.4,1.0,51.5,0.0,25.0,0,,,,33.3,,3,33.3,25.0,,,1,2,,4,0.67,50.0,3,1,2,33.3,0,0,0.0,4
Javan Johnson,Scarborough Shooting Stars,2026-2027,defense,Play types,Short to < 17,4,Dribble Jumper,Spot Up > Drives Right > Dribble Jumper > Short to < 17,Spot Up,Drives Right,Dribble Jumper,Short to < 17,,,4,100.0,1.0,51.5,0.0,25.0,0,,,,33.3,,3,33.3,25.0,,,1,2,,4,0.67,50.0,3,1,2,33.3,0,0,0.0,4
Javan Johnson,Scarborough Shooting Stars,2026-2027,defense,Play types,Miss 2 Pts,5,Short to < 17,Spot Up > Drives Right > Dribble Jumper > Short to < 17 > Miss 2 Pts,Spot Up,Drives Right,Dribble Jumper,Short to < 17,Miss 2 Pts,,2,50.0,0.0,0.0,0.0,0.0,0,,,,0.0,,2,0.0,0.0,,,0,2,,2,0.0,0.0,2,0,2,0.0,0,0,0.0,0
Javan Johnson,Scarborough Shooting Stars,2026-2027,defense,Play types,Make 2 Pts,5,Short to < 17,Spot Up > Drives Right > Dribble Jumper > Short to < 17 > Make 2 Pts,Spot Up,Drives Right,Dribble Jumper,Short to < 17,Make 2 Pts,,1,25.0,2.0,100.0,0.0,0.0,0,,,,100.0,,1,100.0,0.0,,,1,0,,1,0.0,100.0,1,1,0,100.0,0,0,0.0,2
Javan Johnson,Scarborough Shooting Stars,2026-2027,defense,Play types,Foul,5,Short to < 17,Spot Up > Drives Right > Dribble Jumper > Short to < 17 > Foul,Spot Up,Drives Right,Dribble Jumper,Short to < 17,Foul,,1,25.0,2.0,113.6,0.0,100.0,0,,,,,,0,,100.0,,,0,0,,1,,100.0,0,0,0,,0,0,,2
Javan Johnson,Scarborough Shooting Stars,2026-2027,defense,Play types,Turnover,3,Drives Right,Spot Up > Drives Right > Turnover,Spot Up,Drives Right,Turnover,,,,3,27.3,0.0,,100.0,0.0,0,,,,,,0,,0.0,,,0,0,,0,,0.0,0,0,0,,0,0,,0
Javan Johnson,Scarborough Shooting Stars,2026-2027,defense,Play types,Drives Straight,2,Spot Up,Spot Up > Drives Straight,Spot Up,Drives Straight,,,,,1,1.3,0.0,0.0,0.0,0.0,1,0.0,,,0.0,,1,0.0,0.0,,,0,1,,1,0.0,0.0,0,0,0,,0,1,1.0,0
Javan Johnson,Scarborough Shooting Stars,2026-2027,defense,Play types,Dribble Jumper,3,Drives Straight,Spot Up > Drives Straight > Dribble Jumper,Spot Up,Drives Straight,Dribble Jumper,,,,1,100.0,0.0,0.0,0.0,0.0,1,0.0,,,0.0,,1,0.0,0.0,,,0,1,,1,0.0,0.0,0,0,0,,0,1,1.0,0
Javan Johnson,Scarborough Shooting Stars,2026-2027,defense,Play types,Long/3pt,4,Dribble Jumper,Spot Up > Drives Straight > Dribble Jumper > Long/3pt,Spot Up,Drives Straight,Dribble Jumper,Long/3pt,,,1,100.0,0.0,0.0,0.0,0.0,1,0.0,,,0.0,,1,0.0,0.0,,,0,1,,1,0.0,0.0,0,0,0,,0,1,1.0,0
Javan Johnson,Scarborough Shooting Stars,2026-2027,defense,Play types,Miss 3 Pts,5,Long/3pt,Spot Up > Drives Straight > Dribble Jumper > Long/3pt > Miss 3 Pts,Spot Up,Drives Straight,Dribble Jumper,Long/3pt,Miss 3 Pts,,1,100.0,0.0,0.0,0.0,0.0,1,0.0,,,0.0,,1,0.0,0.0,,,0,1,,1,0.0,0.0,0,0,0,,0,1,1.0,0
Javan Johnson,Scarborough Shooting Stars,2026-2027,defense,Play types,P&R Ball Handler,1,,P&R Ball Handler,P&R Ball Handler,,,,,,63,32.3,0.556,33.3,17.5,7.9,20,25.0,Excellent,90.0,24.5,38.0,49,29.6,7.9,,,12,37,,53,0.16,23.8,29,7,22,24.1,5,15,0.41,35
Javan Johnson,Scarborough Shooting Stars,2026-2027,defense,Play types,P&R Ball Handler - Overall,2,P&R Ball Handler,P&R Ball Handler > P&R Ball Handler - Overall,P&R Ball Handler,P&R Ball Handler - Overall,,,,,63,100.0,0.556,33.3,17.5,7.9,20,25.0,,,24.5,,49,29.6,7.9,,,12,37,,53,0.16,23.8,29,7,22,24.1,5,15,0.41,35
Javan Johnson,Scarborough Shooting Stars,2026-2027,defense,Play types,High P&R,2,P&R Ball Handler,P&R Ball Handler > High P&R,P&R Ball Handler,High P&R,,,,,49,77.8,0.551,34.0,20.4,6.1,13,30.8,,,26.3,,38,31.6,6.1,,,10,28,,40,0.11,22.4,25,6,19,24.0,4,9,0.34,27
Javan Johnson,Scarborough Shooting Stars,2026-2027,defense,Play types,Dribble Off Pick,3,High P&R,P&R Ball Handler > High P&R > Dribble Off Pick,P&R Ball Handler,High P&R,Dribble Off Pick,,,,42,85.7,0.524,31.6,19.0,7.1,11,27.3,,,24.2,,33,28.8,7.1,,,8,25,,35,0.12,21.4,22,5,17,22.7,3,8,0.33,22
Javan Johnson,Scarborough Shooting Stars,2026-2027,defense,Play types,Dribble Jumper,4,Dribble Off Pick,P&R Ball Handler > High P&R > Dribble Off Pick > Dribble Jumper,P&R Ball Handler,High P&R,Dribble Off Pick,Dribble Jumper,,,18,42.9,0.722,35.5,0.0,11.1,11,27.3,,,23.5,,17,32.4,11.1,,,4,13,,18,0.18,27.8,6,1,5,16.7,3,8,0.65,13
Javan Johnson,Scarborough Shooting Stars,2026-2027,defense,Play types,Long/3pt,5,Dribble Jumper,P&R Ball Handler > High P&R > Dribble Off Pick > Dribble Jumper > Long/3pt,P&R Ball Handler,High P&R,Dribble Off Pick,Dribble Jumper,Long/3pt,,11,61.1,0.818,39.3,0.0,9.1,11,27.3,,,27.3,,11,40.9,9.1,,,3,8,,11,0.09,27.3,0,0,0,,3,8,1.0,9
Javan Johnson,Scarborough Shooting Stars,2026-2027,defense,Play types,Short to < 17,5,Dribble Jumper,P&R Ball Handler > High P&R > Dribble Off Pick > Dribble Jumper > Short to < 17,P&R Ball Handler,High P&R,Dribble Off Pick,Dribble Jumper,Short to < 17,,5,27.8,0.4,20.5,0.0,20.0,0,,,,0.0,,4,0.0,20.0,,,0,4,,5,0.5,20.0,4,0,4,0.0,0,0,0.0,2
Javan Johnson,Scarborough Shooting Stars,2026-2027,defense,Play types,Medium/17' to 3pt,5,Dribble Jumper,P&R Ball Handler > High P&R > Dribble Off Pick > Dribble Jumper > Medium/17' to 3pt,P&R Ball Handler,High P&R,Dribble Off Pick,Dribble Jumper,Medium/17' to 3pt,,2,11.1,1.0,50.0,0.0,0.0,0,,,,50.0,,2,50.0,0.0,,,1,1,,2,0.0,50.0,2,1,1,50.0,0,0,0.0,2
Javan Johnson,Scarborough Shooting Stars,2026-2027,defense,Play types,To Basket,4,Dribble Off Pick,P&R Ball Handler > High P&R > Dribble Off Pick > To Basket,P&R Ball Handler,High P&R,Dribble Off Pick,To Basket,,,17,40.5,0.529,27.4,5.9,5.9,0,,,,25.0,,16,25.0,5.9,,,4,12,,16,0.06,23.5,16,4,12,25.0,0,0,0.0,9
Javan Johnson,Scarborough Shooting Stars,2026-2027,defense,Play types,Miss 2 Pts,5,To Basket,P&R Ball Handler > High P&R > Dribble Off Pick > To Basket > Miss 2 Pts,P&R Ball Handler,High P&R,Dribble Off Pick,To Basket,Miss 2 Pts,,12,70.6,0.0,0.0,0.0,0.0,0,,,,0.0,,12,0.0,0.0,,,0,12,,12,0.0,0.0,12,0,12,0.0,0,0,0.0,0
Javan Johnson,Scarborough Shooting Stars,2026-2027,defense,Play types,Make 2 Pts,5,To Basket,P&R Ball Handler > High P&R > Dribble Off Pick > To Basket > Make 2 Pts,P&R Ball Handler,High P&R,Dribble Off Pick,To Basket,Make 2 Pts,,3,17.6,2.0,100.0,0.0,0.0,0,,,,100.0,,3,100.0,0.0,,,3,0,,3,0.0,100.0,3,3,0,100.0,0,0,0.0,6
Javan Johnson,Scarborough Shooting Stars,2026-2027,defense,Play types,Make 2 Pts Foul,5,To Basket,P&R Ball Handler > High P&R > Dribble Off Pick > To Basket > Make 2 Pts Foul,P&R Ball Handler,High P&R,Dribble Off Pick,To Basket,Make 2 Pts Foul,,1,5.9,3.0,104.2,0.0,100.0,0,,,,100.0,,1,100.0,100.0,,,1,0,,1,1.0,100.0,1,1,0,100.0,0,0,0.0,3
Javan Johnson,Scarborough Shooting Stars,2026-2027,defense,Play types,Turnover,5,To Basket,P&R Ball Handler > High P&R > Dribble Off Pick > To Basket > Turnover,P&R Ball Handler,High P&R,Dribble Off Pick,To Basket,Turnover,,1,5.9,0.0,,100.0,0.0,0,,,,,,0,,0.0,,,0,0,,0,,0.0,0,0,0,,0,0,,0
Javan Johnson,Scarborough Shooting Stars,2026-2027,defense,Play types,Defense Commits,4,Dribble Off Pick,P&R Ball Handler > High P&R > Dribble Off Pick > Defense Commits,P&R Ball Handler,High P&R,Dribble Off Pick,Defense Commits,,,7,16.7,0.0,,100.0,0.0,0,,,,,,0,,0.0,,,0,0,,0,,0.0,0,0,0,,0,0,,0
Javan Johnson,Scarborough Shooting Stars,2026-2027,defense,Play types,Turnover,5,Defense Commits,P&R Ball Handler > High P&R > Dribble Off Pick > Defense Commits > Turnover,P&R Ball Handler,High P&R,Dribble Off Pick,Defense Commits,Turnover,,7,100.0,0.0,,100.0,0.0,0,,,,,,0,,0.0,,,0,0,,0,,0.0,0,0,0,,0,0,,0
Javan Johnson,Scarborough Shooting Stars,2026-2027,defense,Play types,Go Away from Pick,3,High P&R,P&R Ball Handler > High P&R > Go Away from Pick,P&R Ball Handler,High P&R,Go Away from Pick,,,,4,8.2,0.5,33.3,25.0,0.0,0,,,,33.3,,3,33.3,0.0,,,1,2,,3,0.0,25.0,3,1,2,33.3,0,0,0.0,2
Javan Johnson,Scarborough Shooting Stars,2026-2027,defense,Play types,To Basket,4,Go Away from Pick,P&R Ball Handler > High P&R > Go Away from Pick > To Basket,P&R Ball Handler,High P&R,Go Away from Pick,To Basket,,,2,50.0,1.0,50.0,0.0,0.0,0,,,,50.0,,2,50.0,0.0,,,1,1,,2,0.0,50.0,2,1,1,50.0,0,0,0.0,2
Javan Johnson,Scarborough Shooting Stars,2026-2027,defense,Play types,Make 2 Pts,5,To Basket,P&R Ball Handler > High P&R > Go Away from Pick > To Basket > Make 2 Pts,P&R Ball Handler,High P&R,Go Away from Pick,To Basket,Make 2 Pts,,1,50.0,2.0,100.0,0.0,0.0,0,,,,100.0,,1,100.0,0.0,,,1,0,,1,0.0,100.0,1,1,0,100.0,0,0,0.0,2
Javan Johnson,Scarborough Shooting Stars,2026-2027,defense,Play types,Miss 2 Pts,5,To Basket,P&R Ball Handler > High P&R > Go Away from Pick > To Basket > Miss 2 Pts,P&R Ball Handler,High P&R,Go Away from Pick,To Basket,Miss 2 Pts,,1,50.0,0.0,0.0,0.0,0.0,0,,,,0.0,,1,0.0,0.0,,,0,1,,1,0.0,0.0,1,0,1,0.0,0,0,0.0,0
Javan Johnson,Scarborough Shooting Stars,2026-2027,defense,Play types,Defense Commits,4,Go Away from Pick,P&R Ball Handler > High P&R > Go Away from Pick > Defense Commits,P&R Ball Handler,High P&R,Go Away from Pick,Defense Commits,,,1,25.0,0.0,,100.0,0.0,0,,,,,,0,,0.0,,,0,0,,0,,0.0,0,0,0,,0,0,,0
Javan Johnson,Scarborough Shooting Stars,2026-2027,defense,Play types,Turnover,5,Defense Commits,P&R Ball Handler > High P&R > Go Away from Pick > Defense Commits > Turnover,P&R Ball Handler,High P&R,Go Away from Pick,Defense Commits,Turnover,,1,100.0,0.0,,100.0,0.0,0,,,,,,0,,0.0,,,0,0,,0,,0.0,0,0,0,,0,0,,0
Javan Johnson,Scarborough Shooting Stars,2026-2027,defense,Play types,Dribble Jumper,4,Go Away from Pick,P&R Ball Handler > High P&R > Go Away from Pick > Dribble Jumper,P&R Ball Handler,High P&R,Go Away from Pick,Dribble Jumper,,,1,25.0,0.0,0.0,0.0,0.0,0,,,,0.0,,1,0.0,0.0,,,0,1,,1,0.0,0.0,1,0,1,0.0,0,0,0.0,0
Javan Johnson,Scarborough Shooting Stars,2026-2027,defense,Play types,Short to < 17,5,Dribble Jumper,P&R Ball Handler > High P&R > Go Away from Pick > Dribble Jumper > Short to < 17,P&R Ball Handler,High P&R,Go Away from Pick,Dribble Jumper,Short to < 17,,1,100.0,0.0,0.0,0.0,0.0,0,,,,0.0,,1,0.0,0.0,,,0,1,,1,0.0,0.0,1,0,1,0.0,0,0,0.0,0
Javan Johnson,Scarborough Shooting Stars,2026-2027,defense,Play types,Takes Early Jump Shot,3,High P&R,P&R Ball Handler > High P&R > Takes Early Jump Shot,P&R Ball Handler,High P&R,Takes Early Jump Shot,,,,2,4.1,1.5,75.0,0.0,0.0,2,50.0,,,50.0,,2,75.0,0.0,,,1,1,,2,0.0,50.0,0,0,0,,1,1,1.0,3
Javan Johnson,Scarborough Shooting Stars,2026-2027,defense,Play types,Dribble Jumper,4,Takes Early Jump Shot,P&R Ball Handler > High P&R > Takes Early Jump Shot > Dribble Jumper,P&R Ball Handler,High P&R,Takes Early Jump Shot,Dribble Jumper,,,2,100.0,1.5,75.0,0.0,0.0,2,50.0,,,50.0,,2,75.0,0.0,,,1,1,,2,0.0,50.0,0,0,0,,1,1,1.0,3
Javan Johnson,Scarborough Shooting Stars,2026-2027,defense,Play types,Long/3pt,5,Dribble Jumper,P&R Ball Handler > High P&R > Takes Early Jump Shot > Dribble Jumper > Long/3pt,P&R Ball Handler,High P&R,Takes Early Jump Shot,Dribble Jumper,Long/3pt,,2,100.0,1.5,75.0,0.0,0.0,2,50.0,,,50.0,,2,75.0,0.0,,,1,1,,2,0.0,50.0,0,0,0,,1,1,1.0,3
Javan Johnson,Scarborough Shooting Stars,2026-2027,defense,Play types,Defense Commits,3,High P&R,P&R Ball Handler > High P&R > Defense Commits,P&R Ball Handler,High P&R,Defense Commits,,,,1,2.0,0.0,,100.0,0.0,0,,,,,,0,,0.0,,,0,0,,0,,0.0,0,0,0,,0,0,,0
Javan Johnson,Scarborough Shooting Stars,2026-2027,defense,Play types,Turnover,4,Defense Commits,P&R Ball Handler > High P&R > Defense Commits > Turnover,P&R Ball Handler,High P&R,Defense Commits,Turnover,,,1,100.0,0.0,,100.0,0.0,0,,,,,,0,,0.0,,,0,0,,0,,0.0,0,0,0,,0,0,,0
Javan Johnson,Scarborough Shooting Stars,2026-2027,defense,Play types,Right P&R,2,P&R Ball Handler,P&R Ball Handler > Right P&R,P&R Ball Handler,Right P&R,,,,,8,12.7,0.375,21.4,12.5,0.0,5,20.0,,,14.3,,7,21.4,0.0,,,1,6,,7,0.0,12.5,2,0,2,0.0,1,4,0.71,3
Javan Johnson,Scarborough Shooting Stars,2026-2027,defense,Play types,Side,3,Right P&R,P&R Ball Handler > Right P&R > Side,P&R Ball Handler,Right P&R,Side,,,,4,50.0,0.75,37.5,0.0,0.0,3,33.3,,,25.0,,4,37.5,0.0,,,1,3,,4,0.0,25.0,1,0,1,0.0,1,2,0.75,3
Javan Johnson,Scarborough Shooting Stars,2026-2027,defense,Play types,Dribble Off Pick,4,Side,P&R Ball Handler > Right P&R > Side > Dribble Off Pick,P&R Ball Handler,Right P&R,Side,Dribble Off Pick,,,3,75.0,1.0,50.0,0.0,0.0,2,50.0,,,33.3,,3,50.0,0.0,,,1,2,,3,0.0,33.3,1,0,1,0.0,1,1,0.67,3
Javan Johnson,Scarborough Shooting Stars,2026-2027,defense,Play types,Dribble Jumper,5,Dribble Off Pick,P&R Ball Handler > Right P&R > Side > Dribble Off Pick > Dribble Jumper,P&R Ball Handler,Right P&R,Side,Dribble Off Pick,Dribble Jumper,,2,66.7,1.5,75.0,0.0,0.0,2,50.0,,,50.0,,2,75.0,0.0,,,1,1,,2,0.0,50.0,0,0,0,,1,1,1.0,3
Javan Johnson,Scarborough Shooting Stars,2026-2027,defense,Play types,To Basket,5,Dribble Off Pick,P&R Ball Handler > Right P&R > Side > Dribble Off Pick > To Basket,P&R Ball Handler,Right P&R,Side,Dribble Off Pick,To Basket,,1,33.3,0.0,0.0,0.0,0.0,0,,,,0.0,,1,0.0,0.0,,,0,1,,1,0.0,0.0,1,0,1,0.0,0,0,0.0,0
Javan Johnson,Scarborough Shooting Stars,2026-2027,defense,Play types,Go Away from Pick,4,Side,P&R Ball Handler > Right P&R > Side > Go Away from Pick,P&R Ball Handler,Right P&R,Side,Go Away from Pick,,,1,25.0,0.0,0.0,0.0,0.0,1,0.0,,,0.0,,1,0.0,0.0,,,0,1,,1,0.0,0.0,0,0,0,,0,1,1.0,0
Javan Johnson,Scarborough Shooting Stars,2026-2027,defense,Play types,Dribble Jumper,5,Go Away from Pick,P&R Ball Handler > Right P&R > Side > Go Away from Pick > Dribble Jumper,P&R Ball Handler,Right P&R,Side,Go Away from Pick,Dribble Jumper,,1,100.0,0.0,0.0,0.0,0.0,1,0.0,,,0.0,,1,0.0,0.0,,,0,1,,1,0.0,0.0,0,0,0,,0,1,1.0,0
Javan Johnson,Scarborough Shooting Stars,2026-2027,defense,Play types,Baseline,3,Right P&R,P&R Ball Handler > Right P&R > Baseline,P&R Ball Handler,Right P&R,Baseline,,,,4,50.0,0.0,0.0,25.0,0.0,2,0.0,,,0.0,,3,0.0,0.0,,,0,3,,3,0.0,0.0,1,0,1,0.0,0,2,0.67,0
Javan Johnson,Scarborough Shooting Stars,2026-2027,defense,Play types,Dribble Off Pick,4,Baseline,P&R Ball Handler > Right P&R > Baseline > Dribble Off Pick,P&R Ball Handler,Right P&R,Baseline,Dribble Off Pick,,,4,100.0,0.0,0.0,25.0,0.0,2,0.0,,,0.0,,3,0.0,0.0,,,0,3,,3,0.0,0.0,1,0,1,0.0,0,2,0.67,0
Javan Johnson,Scarborough Shooting Stars,2026-2027,defense,Play types,Dribble Jumper,5,Dribble Off Pick,P&R Ball Handler > Right P&R > Baseline > Dribble Off Pick > Dribble Jumper,P&R Ball Handler,Right P&R,Baseline,Dribble Off Pick,Dribble Jumper,,3,75.0,0.0,0.0,0.0,0.0,2,0.0,,,0.0,,3,0.0,0.0,,,0,3,,3,0.0,0.0,1,0,1,0.0,0,2,0.67,0
Javan Johnson,Scarborough Shooting Stars,2026-2027,defense,Play types,Defense Commits,5,Dribble Off Pick,P&R Ball Handler > Right P&R > Baseline > Dribble Off Pick > Defense Commits,P&R Ball Handler,Right P&R,Baseline,Dribble Off Pick,Defense Commits,,1,25.0,0.0,,100.0,0.0,0,,,,,,0,,0.0,,,0,0,,0,,0.0,0,0,0,,0,0,,0
Javan Johnson,Scarborough Shooting Stars,2026-2027,defense,Play types,Left P&R,2,P&R Ball Handler,P&R Ball Handler > Left P&R,P&R Ball Handler,Left P&R,,,,,6,9.5,0.833,43.4,0.0,33.3,2,0.0,,,25.0,,4,25.0,33.3,,,1,3,,6,1.0,50.0,2,1,1,50.0,0,2,0.5,5
Javan Johnson,Scarborough Shooting Stars,2026-2027,defense,Play types,Side,3,Left P&R,P&R Ball Handler > Left P&R > Side,P&R Ball Handler,Left P&R,Side,,,,4,66.7,1.0,51.5,0.0,25.0,1,0.0,,,33.3,,3,33.3,25.0,,,1,2,,4,0.67,50.0,2,1,1,50.0,0,1,0.33,4
Javan Johnson,Scarborough Shooting Stars,2026-2027,defense,Play types,Dribble Off Pick,4,Side,P&R Ball Handler > Left P&R > Side > Dribble Off Pick,P&R Ball Handler,Left P&R,Side,Dribble Off Pick,,,4,100.0,1.0,51.5,0.0,25.0,1,0.0,,,33.3,,3,33.3,25.0,,,1,2,,4,0.67,50.0,2,1,1,50.0,0,1,0.33,4
Javan Johnson,Scarborough Shooting Stars,2026-2027,defense,Play types,To Basket,5,Dribble Off Pick,P&R Ball Handler > Left P&R > Side > Dribble Off Pick > To Basket,P&R Ball Handler,Left P&R,Side,Dribble Off Pick,To Basket,,3,75.0,1.333,69.4,0.0,33.3,0,,,,50.0,,2,50.0,33.3,,,1,1,,3,1.0,66.7,2,1,1,50.0,0,0,0.0,4
Javan Johnson,Scarborough Shooting Stars,2026-2027,defense,Play types,Dribble Jumper,5,Dribble Off Pick,P&R Ball Handler > Left P&R > Side > Dribble Off Pick > Dribble Jumper,P&R Ball Handler,Left P&R,Side,Dribble Off Pick,Dribble Jumper,,1,25.0,0.0,0.0,0.0,0.0,1,0.0,,,0.0,,1,0.0,0.0,,,0,1,,1,0.0,0.0,0,0,0,,0,1,1.0,0
Javan Johnson,Scarborough Shooting Stars,2026-2027,defense,Play types,Baseline,3,Left P&R,P&R Ball Handler > Left P&R > Baseline,P&R Ball Handler,Left P&R,Baseline,,,,2,33.3,0.5,26.6,0.0,50.0,1,0.0,,,0.0,,1,0.0,50.0,,,0,1,,2,2.0,50.0,0,0,0,,0,1,1.0,1
Javan Johnson,Scarborough Shooting Stars,2026-2027,defense,Play types,Dribble Off Pick,4,Baseline,P&R Ball Handler > Left P&R > Baseline > Dribble Off Pick,P&R Ball Handler,Left P&R,Baseline,Dribble Off Pick,,,2,100.0,0.5,26.6,0.0,50.0,1,0.0,,,0.0,,1,0.0,50.0,,,0,1,,2,2.0,50.0,0,0,0,,0,1,1.0,1
Javan Johnson,Scarborough Shooting Stars,2026-2027,defense,Play types,Dribble Jumper,5,Dribble Off Pick,P&R Ball Handler > Left P&R > Baseline > Dribble Off Pick > Dribble Jumper,P&R Ball Handler,Left P&R,Baseline,Dribble Off Pick,Dribble Jumper,,1,50.0,0.0,0.0,0.0,0.0,1,0.0,,,0.0,,1,0.0,0.0,,,0,1,,1,0.0,0.0,0,0,0,,0,1,1.0,0
Javan Johnson,Scarborough Shooting Stars,2026-2027,defense,Play types,To Basket,5,Dribble Off Pick,P&R Ball Handler > Left P&R > Baseline > Dribble Off Pick > To Basket,P&R Ball Handler,Left P&R,Baseline,Dribble Off Pick,To Basket,,1,50.0,1.0,56.8,0.0,100.0,0,,,,,,0,,100.0,,,0,0,,1,,100.0,0,0,0,,0,0,,1
Javan Johnson,Scarborough Shooting Stars,2026-2027,defense,Play types,Isolation,1,,Isolation,Isolation,,,,,,17,8.7,1.118,65.8,17.6,5.9,6,66.7,Below Average,17.0,50.0,32.0,14,64.3,5.9,,,7,7,,14,0.07,41.2,8,3,5,37.5,4,2,0.43,19
Javan Johnson,Scarborough Shooting Stars,2026-2027,defense,Play types,Isolation - Overall,2,Isolation,Isolation > Isolation - Overall,Isolation,Isolation - Overall,,,,,17,100.0,1.118,65.8,17.6,5.9,6,66.7,,,50.0,,14,64.3,5.9,,,7,7,,14,0.07,41.2,8,3,5,37.5,4,2,0.43,19
Javan Johnson,Scarborough Shooting Stars,2026-2027,defense,Play types,Drives Left,3,Isolation - Overall,Isolation > Isolation - Overall > Drives Left,Isolation,Isolation - Overall,Drives Left,,,,6,35.3,0.833,56.3,33.3,16.7,0,,,,50.0,,4,50.0,16.7,,,2,2,,4,0.25,33.3,4,2,2,50.0,0,0,0.0,5
Javan Johnson,Scarborough Shooting Stars,2026-2027,defense,Play types,Drives Right,3,Isolation - Overall,Isolation > Isolation - Overall > Drives Right,Isolation,Isolation - Overall,Drives Right,,,,6,35.3,0.833,50.0,16.7,0.0,1,100.0,,,40.0,,5,50.0,0.0,,,2,3,,5,0.0,33.3,4,1,3,25.0,1,0,0.2,5
Javan Johnson,Scarborough Shooting Stars,2026-2027,defense,Play types,Early Jumper,3,Isolation - Overall,Isolation > Isolation - Overall > Early Jumper,Isolation,Isolation - Overall,Early Jumper,,,,5,29.4,1.8,90.0,0.0,0.0,5,60.0,,,60.0,,5,90.0,0.0,,,3,2,,5,0.0,60.0,0,0,0,,3,2,1.0,9
Javan Johnson,Scarborough Shooting Stars,2026-2027,defense,Play types,Top,2,Isolation,Isolation > Top,Isolation,Top,,,,,9,52.9,1.0,56.3,11.1,0.0,3,100.0,,,37.5,,8,56.3,0.0,,,3,5,,8,0.0,33.3,5,0,5,0.0,3,0,0.38,9
Javan Johnson,Scarborough Shooting Stars,2026-2027,defense,Play types,Drives Right,3,Top,Isolation > Top > Drives Right,Isolation,Top,Drives Right,,,,4,44.4,0.75,37.5,0.0,0.0,1,100.0,,,25.0,,4,37.5,0.0,,,1,3,,4,0.0,25.0,3,0,3,0.0,1,0,0.25,3
Javan Johnson,Scarborough Shooting Stars,2026-2027,defense,Play types,Dribble Jumper,4,Drives Right,Isolation > Top > Drives Right > Dribble Jumper,Isolation,Top,Drives Right,Dribble Jumper,,,2,50.0,1.5,75.0,0.0,0.0,1,100.0,,,50.0,,2,75.0,0.0,,,1,1,,2,0.0,50.0,1,0,1,0.0,1,0,0.5,3
Javan Johnson,Scarborough Shooting Stars,2026-2027,defense,Play types,Long/3pt,5,Dribble Jumper,Isolation > Top > Drives Right > Dribble Jumper > Long/3pt,Isolation,Top,Drives Right,Dribble Jumper,Long/3pt,,1,50.0,3.0,150.0,0.0,0.0,1,100.0,,,100.0,,1,150.0,0.0,,,1,0,,1,0.0,100.0,0,0,0,,1,0,1.0,3
Javan Johnson,Scarborough Shooting Stars,2026-2027,defense,Play types,Medium/17' to 3pt,5,Dribble Jumper,Isolation > Top > Drives Right > Dribble Jumper > Medium/17' to 3pt,Isolation,Top,Drives Right,Dribble Jumper,Medium/17' to 3pt,,1,50.0,0.0,0.0,0.0,0.0,0,,,,0.0,,1,0.0,0.0,,,0,1,,1,0.0,0.0,1,0,1,0.0,0,0,0.0,0
Javan Johnson,Scarborough Shooting Stars,2026-2027,defense,Play types,To Basket,4,Drives Right,Isolation > Top > Drives Right > To Basket,Isolation,Top,Drives Right,To Basket,,,2,50.0,0.0,0.0,0.0,0.0,0,,,,0.0,,2,0.0,0.0,,,0,2,,2,0.0,0.0,2,0,2,0.0,0,0,0.0,0
Javan Johnson,Scarborough Shooting Stars,2026-2027,defense,Play types,Miss 2 Pts,5,To Basket,Isolation > Top > Drives Right > To Basket > Miss 2 Pts,Isolation,Top,Drives Right,To Basket,Miss 2 Pts,,2,100.0,0.0,0.0,0.0,0.0,0,,,,0.0,,2,0.0,0.0,,,0,2,,2,0.0,0.0,2,0,2,0.0,0,0,0.0,0
Javan Johnson,Scarborough Shooting Stars,2026-2027,defense,Play types,Drives Left,3,Top,Isolation > Top > Drives Left,Isolation,Top,Drives Left,,,,3,33.3,0.0,0.0,33.3,0.0,0,,,,0.0,,2,0.0,0.0,,,0,2,,2,0.0,0.0,2,0,2,0.0,0,0,0.0,0
Javan Johnson,Scarborough Shooting Stars,2026-2027,defense,Play types,To Basket,4,Drives Left,Isolation > Top > Drives Left > To Basket,Isolation,Top,Drives Left,To Basket,,,2,66.7,0.0,0.0,50.0,0.0,0,,,,0.0,,1,0.0,0.0,,,0,1,,1,0.0,0.0,1,0,1,0.0,0,0,0.0,0
Javan Johnson,Scarborough Shooting Stars,2026-2027,defense,Play types,Miss 2 Pts,5,To Basket,Isolation > Top > Drives Left > To Basket > Miss 2 Pts,Isolation,Top,Drives Left,To Basket,Miss 2 Pts,,1,50.0,0.0,0.0,0.0,0.0,0,,,,0.0,,1,0.0,0.0,,,0,1,,1,0.0,0.0,1,0,1,0.0,0,0,0.0,0
Javan Johnson,Scarborough Shooting Stars,2026-2027,defense,Play types,Turnover,5,To Basket,Isolation > Top > Drives Left > To Basket > Turnover,Isolation,Top,Drives Left,To Basket,Turnover,,1,50.0,0.0,,100.0,0.0,0,,,,,,0,,0.0,,,0,0,,0,,0.0,0,0,0,,0,0,,0
Javan Johnson,Scarborough Shooting Stars,2026-2027,defense,Play types,Dribble Jumper,4,Drives Left,Isolation > Top > Drives Left > Dribble Jumper,Isolation,Top,Drives Left,Dribble Jumper,,,1,33.3,0.0,0.0,0.0,0.0,0,,,,0.0,,1,0.0,0.0,,,0,1,,1,0.0,0.0,1,0,1,0.0,0,0,0.0,0
Javan Johnson,Scarborough Shooting Stars,2026-2027,defense,Play types,Short to < 17,5,Dribble Jumper,Isolation > Top > Drives Left > Dribble Jumper > Short to < 17,Isolation,Top,Drives Left,Dribble Jumper,Short to < 17,,1,100.0,0.0,0.0,0.0,0.0,0,,,,0.0,,1,0.0,0.0,,,0,1,,1,0.0,0.0,1,0,1,0.0,0,0,0.0,0
Javan Johnson,Scarborough Shooting Stars,2026-2027,defense,Play types,Early Jumper,3,Top,Isolation > Top > Early Jumper,Isolation,Top,Early Jumper,,,,2,22.2,3.0,150.0,0.0,0.0,2,100.0,,,100.0,,2,150.0,0.0,,,2,0,,2,0.0,100.0,0,0,0,,2,0,1.0,6
Javan Johnson,Scarborough Shooting Stars,2026-2027,defense,Play types,Dribble Jumper,4,Early Jumper,Isolation > Top > Early Jumper > Dribble Jumper,Isolation,Top,Early Jumper,Dribble Jumper,,,2,100.0,3.0,150.0,0.0,0.0,2,100.0,,,100.0,,2,150.0,0.0,,,2,0,,2,0.0,100.0,0,0,0,,2,0,1.0,6
Javan Johnson,Scarborough Shooting Stars,2026-2027,defense,Play types,Long/3pt,5,Dribble Jumper,Isolation > Top > Early Jumper > Dribble Jumper > Long/3pt,Isolation,Top,Early Jumper,Dribble Jumper,Long/3pt,,2,100.0,3.0,150.0,0.0,0.0,2,100.0,,,100.0,,2,150.0,0.0,,,2,0,,2,0.0,100.0,0,0,0,,2,0,1.0,6
Javan Johnson,Scarborough Shooting Stars,2026-2027,defense,Play types,Right,2,Isolation,Isolation > Right,Isolation,Right,,,,,6,35.3,1.167,87.5,33.3,0.0,2,50.0,,,75.0,,4,87.5,0.0,,,3,1,,4,0.0,50.0,2,2,0,100.0,1,1,0.5,7
Javan Johnson,Scarborough Shooting Stars,2026-2027,defense,Play types,Early Jumper,3,Right,Isolation > Right > Early Jumper,Isolation,Right,Early Jumper,,,,2,33.3,1.5,75.0,0.0,0.0,2,50.0,,,50.0,,2,75.0,0.0,,,1,1,,2,0.0,50.0,0,0,0,,1,1,1.0,3
Javan Johnson,Scarborough Shooting Stars,2026-2027,defense,Play types,Dribble Jumper,4,Early Jumper,Isolation > Right > Early Jumper > Dribble Jumper,Isolation,Right,Early Jumper,Dribble Jumper,,,2,100.0,1.5,75.0,0.0,0.0,2,50.0,,,50.0,,2,75.0,0.0,,,1,1,,2,0.0,50.0,0,0,0,,1,1,1.0,3
Javan Johnson,Scarborough Shooting Stars,2026-2027,defense,Play types,Long/3pt,5,Dribble Jumper,Isolation > Right > Early Jumper > Dribble Jumper > Long/3pt,Isolation,Right,Early Jumper,Dribble Jumper,Long/3pt,,2,100.0,1.5,75.0,0.0,0.0,2,50.0,,,50.0,,2,75.0,0.0,,,1,1,,2,0.0,50.0,0,0,0,,1,1,1.0,3
Javan Johnson,Scarborough Shooting Stars,2026-2027,defense,Play types,Drives Left,3,Right,Isolation > Right > Drives Left,Isolation,Right,Drives Left,,,,2,33.3,1.0,100.0,50.0,0.0,0,,,,100.0,,1,100.0,0.0,,,1,0,,1,0.0,50.0,1,1,0,100.0,0,0,0.0,2
Javan Johnson,Scarborough Shooting Stars,2026-2027,defense,Play types,Defense Commits,4,Drives Left,Isolation > Right > Drives Left > Defense Commits,Isolation,Right,Drives Left,Defense Commits,,,1,50.0,0.0,,100.0,0.0,0,,,,,,0,,0.0,,,0,0,,0,,0.0,0,0,0,,0,0,,0
Javan Johnson,Scarborough Shooting Stars,2026-2027,defense,Play types,Turnover,5,Defense Commits,Isolation > Right > Drives Left > Defense Commits > Turnover,Isolation,Right,Drives Left,Defense Commits,Turnover,,1,100.0,0.0,,100.0,0.0,0,,,,,,0,,0.0,,,0,0,,0,,0.0,0,0,0,,0,0,,0
Javan Johnson,Scarborough Shooting Stars,2026-2027,defense,Play types,Dribble Jumper,4,Drives Left,Isolation > Right > Drives Left > Dribble Jumper,Isolation,Right,Drives Left,Dribble Jumper,,,1,50.0,2.0,100.0,0.0,0.0,0,,,,100.0,,1,100.0,0.0,,,1,0,,1,0.0,100.0,1,1,0,100.0,0,0,0.0,2
Javan Johnson,Scarborough Shooting Stars,2026-2027,defense,Play types,Short to < 17,5,Dribble Jumper,Isolation > Right > Drives Left > Dribble Jumper > Short to < 17,Isolation,Right,Drives Left,Dribble Jumper,Short to < 17,,1,100.0,2.0,100.0,0.0,0.0,0,,,,100.0,,1,100.0,0.0,,,1,0,,1,0.0,100.0,1,1,0,100.0,0,0,0.0,2
Javan Johnson,Scarborough Shooting Stars,2026-2027,defense,Play types,Drives Right,3,Right,Isolation > Right > Drives Right,Isolation,Right,Drives Right,,,,2,33.3,1.0,100.0,50.0,0.0,0,,,,100.0,,1,100.0,0.0,,,1,0,,1,0.0,50.0,1,1,0,100.0,0,0,0.0,2
Javan Johnson,Scarborough Shooting Stars,2026-2027,defense,Play types,Defense Commits,4,Drives Right,Isolation > Right > Drives Right > Defense Commits,Isolation,Right,Drives Right,Defense Commits,,,1,50.0,0.0,,100.0,0.0,0,,,,,,0,,0.0,,,0,0,,0,,0.0,0,0,0,,0,0,,0
Javan Johnson,Scarborough Shooting Stars,2026-2027,defense,Play types,Turnover,5,Defense Commits,Isolation > Right > Drives Right > Defense Commits > Turnover,Isolation,Right,Drives Right,Defense Commits,Turnover,,1,100.0,0.0,,100.0,0.0,0,,,,,,0,,0.0,,,0,0,,0,,0.0,0,0,0,,0,0,,0
Javan Johnson,Scarborough Shooting Stars,2026-2027,defense,Play types,To Basket,4,Drives Right,Isolation > Right > Drives Right > To Basket,Isolation,Right,Drives Right,To Basket,,,1,50.0,2.0,100.0,0.0,0.0,0,,,,100.0,,1,100.0,0.0,,,1,0,,1,0.0,100.0,1,1,0,100.0,0,0,0.0,2
Javan Johnson,Scarborough Shooting Stars,2026-2027,defense,Play types,Make 2 Pts,5,To Basket,Isolation > Right > Drives Right > To Basket > Make 2 Pts,Isolation,Right,Drives Right,To Basket,Make 2 Pts,,1,100.0,2.0,100.0,0.0,0.0,0,,,,100.0,,1,100.0,0.0,,,1,0,,1,0.0,100.0,1,1,0,100.0,0,0,0.0,2
Javan Johnson,Scarborough Shooting Stars,2026-2027,defense,Play types,Left,2,Isolation,Isolation > Left,Isolation,Left,,,,,2,11.8,1.5,61.5,0.0,50.0,1,0.0,,,50.0,,2,50.0,50.0,,,1,1,,2,0.5,50.0,1,1,0,100.0,0,1,0.5,3
Javan Johnson,Scarborough Shooting Stars,2026-2027,defense,Play types,Early Jumper,3,Left,Isolation > Left > Early Jumper,Isolation,Left,Early Jumper,,,,1,50.0,0.0,0.0,0.0,0.0,1,0.0,,,0.0,,1,0.0,0.0,,,0,1,,1,0.0,0.0,0,0,0,,0,1,1.0,0
Javan Johnson,Scarborough Shooting Stars,2026-2027,defense,Play types,Dribble Jumper,4,Early Jumper,Isolation > Left > Early Jumper > Dribble Jumper,Isolation,Left,Early Jumper,Dribble Jumper,,,1,100.0,0.0,0.0,0.0,0.0,1,0.0,,,0.0,,1,0.0,0.0,,,0,1,,1,0.0,0.0,0,0,0,,0,1,1.0,0
Javan Johnson,Scarborough Shooting Stars,2026-2027,defense,Play types,Long/3pt,5,Dribble Jumper,Isolation > Left > Early Jumper > Dribble Jumper > Long/3pt,Isolation,Left,Early Jumper,Dribble Jumper,Long/3pt,,1,100.0,0.0,0.0,0.0,0.0,1,0.0,,,0.0,,1,0.0,0.0,,,0,1,,1,0.0,0.0,0,0,0,,0,1,1.0,0
Javan Johnson,Scarborough Shooting Stars,2026-2027,defense,Play types,Drives Left,3,Left,Isolation > Left > Drives Left,Isolation,Left,Drives Left,,,,1,50.0,3.0,104.2,0.0,100.0,0,,,,100.0,,1,100.0,100.0,,,1,0,,1,1.0,100.0,1,1,0,100.0,0,0,0.0,3
Javan Johnson,Scarborough Shooting Stars,2026-2027,defense,Play types,To Basket,4,Drives Left,Isolation > Left > Drives Left > To Basket,Isolation,Left,Drives Left,To Basket,,,1,100.0,3.0,104.2,0.0,100.0,0,,,,100.0,,1,100.0,100.0,,,1,0,,1,1.0,100.0,1,1,0,100.0,0,0,0.0,3
Javan Johnson,Scarborough Shooting Stars,2026-2027,defense,Play types,Make 2 Pts Foul,5,To Basket,Isolation > Left > Drives Left > To Basket > Make 2 Pts Foul,Isolation,Left,Drives Left,To Basket,Make 2 Pts Foul,,1,100.0,3.0,104.2,0.0,100.0,0,,,,100.0,,1,100.0,100.0,,,1,0,,1,1.0,100.0,1,1,0,100.0,0,0,0.0,3
Javan Johnson,Scarborough Shooting Stars,2026-2027,defense,Play types,Handoffs,1,,Handoffs,Handoffs,,,,,,15,7.7,0.8,41.6,6.7,6.7,8,37.5,Good,52.0,28.6,41.0,14,39.3,6.7,,,4,10,,14,0.07,26.7,6,1,5,16.7,3,5,0.57,12
Javan Johnson,Scarborough Shooting Stars,2026-2027,defense,Play types,From Dribble,2,Handoffs,Handoffs > From Dribble,Handoffs,From Dribble,,,,,12,80.0,1.0,52.4,8.3,8.3,6,50.0,,,36.4,,11,50.0,8.3,,,4,7,,11,0.09,33.3,5,1,4,20.0,3,3,0.55,12
Javan Johnson,Scarborough Shooting Stars,2026-2027,defense,Play types,Top,3,From Dribble,Handoffs > From Dribble > Top,Handoffs,From Dribble,Top,,,,5,41.7,0.0,0.0,20.0,0.0,3,0.0,,,0.0,,4,0.0,0.0,,,0,4,,4,0.0,0.0,1,0,1,0.0,0,3,0.75,0
Javan Johnson,Scarborough Shooting Stars,2026-2027,defense,Play types,Dribble Jumper,4,Top,Handoffs > From Dribble > Top > Dribble Jumper,Handoffs,From Dribble,Top,Dribble Jumper,,,2,40.0,0.0,0.0,0.0,0.0,2,0.0,,,0.0,,2,0.0,0.0,,,0,2,,2,0.0,0.0,0,0,0,,0,2,1.0,0
Javan Johnson,Scarborough Shooting Stars,2026-2027,defense,Play types,Long/3pt,5,Dribble Jumper,Handoffs > From Dribble > Top > Dribble Jumper > Long/3pt,Handoffs,From Dribble,Top,Dribble Jumper,Long/3pt,,2,100.0,0.0,0.0,0.0,0.0,2,0.0,,,0.0,,2,0.0,0.0,,,0,2,,2,0.0,0.0,0,0,0,,0,2,1.0,0
Javan Johnson,Scarborough Shooting Stars,2026-2027,defense,Play types,No Dribble Jumper,4,Top,Handoffs > From Dribble > Top > No Dribble Jumper,Handoffs,From Dribble,Top,No Dribble Jumper,,,1,20.0,0.0,0.0,0.0,0.0,1,0.0,,,0.0,,1,0.0,0.0,,,0,1,,1,0.0,0.0,0,0,0,,0,1,1.0,0
Javan Johnson,Scarborough Shooting Stars,2026-2027,defense,Play types,Guarded,5,No Dribble Jumper,Handoffs > From Dribble > Top > No Dribble Jumper > Guarded,Handoffs,From Dribble,Top,No Dribble Jumper,Guarded,,1,100.0,0.0,0.0,0.0,0.0,1,0.0,,,0.0,,1,0.0,0.0,,,0,1,,1,0.0,0.0,0,0,0,,0,1,1.0,0
Javan Johnson,Scarborough Shooting Stars,2026-2027,defense,Play types,To Basket,4,Top,Handoffs > From Dribble > Top > To Basket,Handoffs,From Dribble,Top,To Basket,,,1,20.0,0.0,0.0,0.0,0.0,0,,,,0.0,,1,0.0,0.0,,,0,1,,1,0.0,0.0,1,0,1,0.0,0,0,0.0,0
Javan Johnson,Scarborough Shooting Stars,2026-2027,defense,Play types,Miss 2 Pts,5,To Basket,Handoffs > From Dribble > Top > To Basket > Miss 2 Pts,Handoffs,From Dribble,Top,To Basket,Miss 2 Pts,,1,100.0,0.0,0.0,0.0,0.0,0,,,,0.0,,1,0.0,0.0,,,0,1,,1,0.0,0.0,1,0,1,0.0,0,0,0.0,0
Javan Johnson,Scarborough Shooting Stars,2026-2027,defense,Play types,Turnover,4,Top,Handoffs > From Dribble > Top > Turnover,Handoffs,From Dribble,Top,Turnover,,,1,20.0,0.0,,100.0,0.0,0,,,,,,0,,0.0,,,0,0,,0,,0.0,0,0,0,,0,0,,0
Javan Johnson,Scarborough Shooting Stars,2026-2027,defense,Play types,Left,3,From Dribble,Handoffs > From Dribble > Left,Handoffs,From Dribble,Left,,,,4,33.3,1.5,67.6,0.0,25.0,1,100.0,,,50.0,,4,62.5,25.0,,,2,2,,4,0.25,50.0,3,1,2,33.3,1,0,0.25,6
Javan Johnson,Scarborough Shooting Stars,2026-2027,defense,Play types,Dribble Jumper,4,Left,Handoffs > From Dribble > Left > Dribble Jumper,Handoffs,From Dribble,Left,Dribble Jumper,,,3,75.0,2.0,87.2,0.0,33.3,1,100.0,,,66.7,,3,83.3,33.3,,,2,1,,3,0.33,66.7,2,1,1,50.0,1,0,0.33,6
Javan Johnson,Scarborough Shooting Stars,2026-2027,defense,Play types,Short to < 17,5,Dribble Jumper,Handoffs > From Dribble > Left > Dribble Jumper > Short to < 17,Handoffs,From Dribble,Left,Dribble Jumper,Short to < 17,,2,66.7,1.5,61.5,0.0,50.0,0,,,,50.0,,2,50.0,50.0,,,1,1,,2,0.5,50.0,2,1,1,50.0,0,0,0.0,3
Javan Johnson,Scarborough Shooting Stars,2026-2027,defense,Play types,Long/3pt,5,Dribble Jumper,Handoffs > From Dribble > Left > Dribble Jumper > Long/3pt,Handoffs,From Dribble,Left,Dribble Jumper,Long/3pt,,1,33.3,3.0,150.0,0.0,0.0,1,100.0,,,100.0,,1,150.0,0.0,,,1,0,,1,0.0,100.0,0,0,0,,1,0,1.0,3
Javan Johnson,Scarborough Shooting Stars,2026-2027,defense,Play types,To Basket,4,Left,Handoffs > From Dribble > Left > To Basket,Handoffs,From Dribble,Left,To Basket,,,1,25.0,0.0,0.0,0.0,0.0,0,,,,0.0,,1,0.0,0.0,,,0,1,,1,0.0,0.0,1,0,1,0.0,0,0,0.0,0
Javan Johnson,Scarborough Shooting Stars,2026-2027,defense,Play types,Miss 2 Pts,5,To Basket,Handoffs > From Dribble > Left > To Basket > Miss 2 Pts,Handoffs,From Dribble,Left,To Basket,Miss 2 Pts,,1,100.0,0.0,0.0,0.0,0.0,0,,,,0.0,,1,0.0,0.0,,,0,1,,1,0.0,0.0,1,0,1,0.0,0,0,0.0,0
Javan Johnson,Scarborough Shooting Stars,2026-2027,defense,Play types,Right,3,From Dribble,Handoffs > From Dribble > Right,Handoffs,From Dribble,Right,,,,3,25.0,2.0,100.0,0.0,0.0,2,100.0,,,66.7,,3,100.0,0.0,,,2,1,,3,0.0,66.7,1,0,1,0.0,2,0,0.67,6
Javan Johnson,Scarborough Shooting Stars,2026-2027,defense,Play types,No Dribble Jumper,4,Right,Handoffs > From Dribble > Right > No Dribble Jumper,Handoffs,From Dribble,Right,No Dribble Jumper,,,2,66.7,3.0,150.0,0.0,0.0,2,100.0,,,100.0,,2,150.0,0.0,,,2,0,,2,0.0,100.0,0,0,0,,2,0,1.0,6
Javan Johnson,Scarborough Shooting Stars,2026-2027,defense,Play types,Open,5,No Dribble Jumper,Handoffs > From Dribble > Right > No Dribble Jumper > Open,Handoffs,From Dribble,Right,No Dribble Jumper,Open,,1,50.0,3.0,150.0,0.0,0.0,1,100.0,,,100.0,,1,150.0,0.0,,,1,0,,1,0.0,100.0,0,0,0,,1,0,1.0,3
Javan Johnson,Scarborough Shooting Stars,2026-2027,defense,Play types,Guarded,5,No Dribble Jumper,Handoffs > From Dribble > Right > No Dribble Jumper > Guarded,Handoffs,From Dribble,Right,No Dribble Jumper,Guarded,,1,50.0,3.0,150.0,0.0,0.0,1,100.0,,,100.0,,1,150.0,0.0,,,1,0,,1,0.0,100.0,0,0,0,,1,0,1.0,3
Javan Johnson,Scarborough Shooting Stars,2026-2027,defense,Play types,Dribble Jumper,4,Right,Handoffs > From Dribble > Right > Dribble Jumper,Handoffs,From Dribble,Right,Dribble Jumper,,,1,33.3,0.0,0.0,0.0,0.0,0,,,,0.0,,1,0.0,0.0,,,0,1,,1,0.0,0.0,1,0,1,0.0,0,0,0.0,0
Javan Johnson,Scarborough Shooting Stars,2026-2027,defense,Play types,Short to < 17,5,Dribble Jumper,Handoffs > From Dribble > Right > Dribble Jumper > Short to < 17,Handoffs,From Dribble,Right,Dribble Jumper,Short to < 17,,1,100.0,0.0,0.0,0.0,0.0,0,,,,0.0,,1,0.0,0.0,,,0,1,,1,0.0,0.0,1,0,1,0.0,0,0,0.0,0
Javan Johnson,Scarborough Shooting Stars,2026-2027,defense,Play types,From Stationary,2,Handoffs,Handoffs > From Stationary,Handoffs,From Stationary,,,,,3,20.0,0.0,0.0,0.0,0.0,2,0.0,,,0.0,,3,0.0,0.0,,,0,3,,3,0.0,0.0,1,0,1,0.0,0,2,0.67,0
Javan Johnson,Scarborough Shooting Stars,2026-2027,defense,Play types,Right,3,From Stationary,Handoffs > From Stationary > Right,Handoffs,From Stationary,Right,,,,2,66.7,0.0,0.0,0.0,0.0,2,0.0,,,0.0,,2,0.0,0.0,,,0,2,,2,0.0,0.0,0,0,0,,0,2,1.0,0
Javan Johnson,Scarborough Shooting Stars,2026-2027,defense,Play types,No Dribble Jumper,4,Right,Handoffs > From Stationary > Right > No Dribble Jumper,Handoffs,From Stationary,Right,No Dribble Jumper,,,2,100.0,0.0,0.0,0.0,0.0,2,0.0,,,0.0,,2,0.0,0.0,,,0,2,,2,0.0,0.0,0,0,0,,0,2,1.0,0
Javan Johnson,Scarborough Shooting Stars,2026-2027,defense,Play types,Open,5,No Dribble Jumper,Handoffs > From Stationary > Right > No Dribble Jumper > Open,Handoffs,From Stationary,Right,No Dribble Jumper,Open,,2,100.0,0.0,0.0,0.0,0.0,2,0.0,,,0.0,,2,0.0,0.0,,,0,2,,2,0.0,0.0,0,0,0,,0,2,1.0,0
Javan Johnson,Scarborough Shooting Stars,2026-2027,defense,Play types,Top,3,From Stationary,Handoffs > From Stationary > Top,Handoffs,From Stationary,Top,,,,1,33.3,0.0,0.0,0.0,0.0,0,,,,0.0,,1,0.0,0.0,,,0,1,,1,0.0,0.0,1,0,1,0.0,0,0,0.0,0
Javan Johnson,Scarborough Shooting Stars,2026-2027,defense,Play types,To Basket,4,Top,Handoffs > From Stationary > Top > To Basket,Handoffs,From Stationary,Top,To Basket,,,1,100.0,0.0,0.0,0.0,0.0,0,,,,0.0,,1,0.0,0.0,,,0,1,,1,0.0,0.0,1,0,1,0.0,0,0,0.0,0
Javan Johnson,Scarborough Shooting Stars,2026-2027,defense,Play types,Miss 2 Pts,5,To Basket,Handoffs > From Stationary > Top > To Basket > Miss 2 Pts,Handoffs,From Stationary,Top,To Basket,Miss 2 Pts,,1,100.0,0.0,0.0,0.0,0.0,0,,,,0.0,,1,0.0,0.0,,,0,1,,1,0.0,0.0,1,0,1,0.0,0,0,0.0,0
Javan Johnson,Scarborough Shooting Stars,2026-2027,defense,Play types,Post-Up,1,,Post-Up,Post-Up,,,,,,9,4.6,0.667,38.7,11.1,22.2,0,,,,33.3,,6,33.3,22.2,,,2,4,,8,0.67,44.4,6,2,4,33.3,0,0,0.0,6
Javan Johnson,Scarborough Shooting Stars,2026-2027,defense,Play types,Post-Up - Overall,2,Post-Up,Post-Up > Post-Up - Overall,Post-Up,Post-Up - Overall,,,,,9,100.0,0.667,38.7,11.1,22.2,0,,,,33.3,,6,33.3,22.2,,,2,4,,8,0.67,44.4,6,2,4,33.3,0,0,0.0,6
Javan Johnson,Scarborough Shooting Stars,2026-2027,defense,Play types,Right Shoulder,3,Post-Up - Overall,Post-Up > Post-Up - Overall > Right Shoulder,Post-Up,Post-Up - Overall,Right Shoulder,,,,5,55.6,0.6,38.7,20.0,20.0,0,,,,33.3,,3,33.3,20.0,,,1,2,,4,0.67,40.0,3,1,2,33.3,0,0,0.0,3
Javan Johnson,Scarborough Shooting Stars,2026-2027,defense,Play types,Post Pin,3,Post-Up - Overall,Post-Up > Post-Up - Overall > Post Pin,Post-Up,Post-Up - Overall,Post Pin,,,,2,22.2,0.5,26.6,0.0,50.0,0,,,,0.0,,1,0.0,50.0,,,0,1,,2,2.0,50.0,1,0,1,0.0,0,0,0.0,1
Javan Johnson,Scarborough Shooting Stars,2026-2027,defense,Play types,Left Shoulder,3,Post-Up - Overall,Post-Up > Post-Up - Overall > Left Shoulder,Post-Up,Post-Up - Overall,Left Shoulder,,,,1,11.1,2.0,100.0,0.0,0.0,0,,,,100.0,,1,100.0,0.0,,,1,0,,1,0.0,100.0,1,1,0,100.0,0,0,0.0,2
Javan Johnson,Scarborough Shooting Stars,2026-2027,defense,Play types,Face-Up,3,Post-Up - Overall,Post-Up > Post-Up - Overall > Face-Up,Post-Up,Post-Up - Overall,Face-Up,,,,1,11.1,0.0,0.0,0.0,0.0,0,,,,0.0,,1,0.0,0.0,,,0,1,,1,0.0,0.0,1,0,1,0.0,0,0,0.0,0
Javan Johnson,Scarborough Shooting Stars,2026-2027,defense,Play types,Left Block,2,Post-Up,Post-Up > Left Block,Post-Up,Left Block,,,,,4,44.4,0.5,33.3,25.0,0.0,0,,,,33.3,,3,33.3,0.0,,,1,2,,3,0.0,25.0,3,1,2,33.3,0,0,0.0,2
Javan Johnson,Scarborough Shooting Stars,2026-2027,defense,Play types,Right Shoulder,3,Left Block,Post-Up > Left Block > Right Shoulder,Post-Up,Left Block,Right Shoulder,,,,3,75.0,0.0,0.0,33.3,0.0,0,,,,0.0,,2,0.0,0.0,,,0,2,,2,0.0,0.0,2,0,2,0.0,0,0,0.0,0
Javan Johnson,Scarborough Shooting Stars,2026-2027,defense,Play types,Dribble Move,4,Right Shoulder,Post-Up > Left Block > Right Shoulder > Dribble Move,Post-Up,Left Block,Right Shoulder,Dribble Move,,,3,100.0,0.0,0.0,33.3,0.0,0,,,,0.0,,2,0.0,0.0,,,0,2,,2,0.0,0.0,2,0,2,0.0,0,0,0.0,0
Javan Johnson,Scarborough Shooting Stars,2026-2027,defense,Play types,To Drop Step,5,Dribble Move,Post-Up > Left Block > Right Shoulder > Dribble Move > To Drop Step,Post-Up,Left Block,Right Shoulder,Dribble Move,To Drop Step,,1,33.3,0.0,0.0,0.0,0.0,0,,,,0.0,,1,0.0,0.0,,,0,1,,1,0.0,0.0,1,0,1,0.0,0,0,0.0,0
Javan Johnson,Scarborough Shooting Stars,2026-2027,defense,Play types,To Jumper,5,Dribble Move,Post-Up > Left Block > Right Shoulder > Dribble Move > To Jumper,Post-Up,Left Block,Right Shoulder,Dribble Move,To Jumper,,1,33.3,0.0,0.0,0.0,0.0,0,,,,0.0,,1,0.0,0.0,,,0,1,,1,0.0,0.0,1,0,1,0.0,0,0,0.0,0
Javan Johnson,Scarborough Shooting Stars,2026-2027,defense,Play types,Defense Commits,5,Dribble Move,Post-Up > Left Block > Right Shoulder > Dribble Move > Defense Commits,Post-Up,Left Block,Right Shoulder,Dribble Move,Defense Commits,,1,33.3,0.0,,100.0,0.0,0,,,,,,0,,0.0,,,0,0,,0,,0.0,0,0,0,,0,0,,0
Javan Johnson,Scarborough Shooting Stars,2026-2027,defense,Play types,Left Shoulder,3,Left Block,Post-Up > Left Block > Left Shoulder,Post-Up,Left Block,Left Shoulder,,,,1,25.0,2.0,100.0,0.0,0.0,0,,,,100.0,,1,100.0,0.0,,,1,0,,1,0.0,100.0,1,1,0,100.0,0,0,0.0,2
Javan Johnson,Scarborough Shooting Stars,2026-2027,defense,Play types,Dribble Move,4,Left Shoulder,Post-Up > Left Block > Left Shoulder > Dribble Move,Post-Up,Left Block,Left Shoulder,Dribble Move,,,1,100.0,2.0,100.0,0.0,0.0,0,,,,100.0,,1,100.0,0.0,,,1,0,,1,0.0,100.0,1,1,0,100.0,0,0,0.0,2
Javan Johnson,Scarborough Shooting Stars,2026-2027,defense,Play types,To Jumper,5,Dribble Move,Post-Up > Left Block > Left Shoulder > Dribble Move > To Jumper,Post-Up,Left Block,Left Shoulder,Dribble Move,To Jumper,,1,100.0,2.0,100.0,0.0,0.0,0,,,,100.0,,1,100.0,0.0,,,1,0,,1,0.0,100.0,1,1,0,100.0,0,0,0.0,2
Javan Johnson,Scarborough Shooting Stars,2026-2027,defense,Play types,Right Block,2,Post-Up,Post-Up > Right Block,Post-Up,Right Block,,,,,4,44.4,0.75,38.7,0.0,25.0,0,,,,33.3,,3,33.3,25.0,,,1,2,,4,0.67,50.0,3,1,2,33.3,0,0,0.0,3
Javan Johnson,Scarborough Shooting Stars,2026-2027,defense,Play types,Right Shoulder,3,Right Block,Post-Up > Right Block > Right Shoulder,Post-Up,Right Block,Right Shoulder,,,,2,50.0,1.5,79.8,0.0,50.0,0,,,,100.0,,1,100.0,50.0,,,1,0,,2,2.0,100.0,1,1,0,100.0,0,0,0.0,3
Javan Johnson,Scarborough Shooting Stars,2026-2027,defense,Play types,Dribble Move,4,Right Shoulder,Post-Up > Right Block > Right Shoulder > Dribble Move,Post-Up,Right Block,Right Shoulder,Dribble Move,,,2,100.0,1.5,79.8,0.0,50.0,0,,,,100.0,,1,100.0,50.0,,,1,0,,2,2.0,100.0,1,1,0,100.0,0,0,0.0,3
Javan Johnson,Scarborough Shooting Stars,2026-2027,defense,Play types,To Jumper,5,Dribble Move,Post-Up > Right Block > Right Shoulder > Dribble Move > To Jumper,Post-Up,Right Block,Right Shoulder,Dribble Move,To Jumper,,1,50.0,2.0,100.0,0.0,0.0,0,,,,100.0,,1,100.0,0.0,,,1,0,,1,0.0,100.0,1,1,0,100.0,0,0,0.0,2
Javan Johnson,Scarborough Shooting Stars,2026-2027,defense,Play types,To Basket,5,Dribble Move,Post-Up > Right Block > Right Shoulder > Dribble Move > To Basket,Post-Up,Right Block,Right Shoulder,Dribble Move,To Basket,,1,50.0,1.0,56.8,0.0,100.0,0,,,,,,0,,100.0,,,0,0,,1,,100.0,0,0,0,,0,0,,1
Javan Johnson,Scarborough Shooting Stars,2026-2027,defense,Play types,Face-up,3,Right Block,Post-Up > Right Block > Face-up,Post-Up,Right Block,Face-up,,,,1,25.0,0.0,0.0,0.0,0.0,0,,,,0.0,,1,0.0,0.0,,,0,1,,1,0.0,0.0,1,0,1,0.0,0,0,0.0,0
Javan Johnson,Scarborough Shooting Stars,2026-2027,defense,Play types,Drive Baseline,4,Face-up,Post-Up > Right Block > Face-up > Drive Baseline,Post-Up,Right Block,Face-up,Drive Baseline,,,1,100.0,0.0,0.0,0.0,0.0,0,,,,0.0,,1,0.0,0.0,,,0,1,,1,0.0,0.0,1,0,1,0.0,0,0,0.0,0
Javan Johnson,Scarborough Shooting Stars,2026-2027,defense,Play types,Miss 2 Pts,5,Drive Baseline,Post-Up > Right Block > Face-up > Drive Baseline > Miss 2 Pts,Post-Up,Right Block,Face-up,Drive Baseline,Miss 2 Pts,,1,100.0,0.0,0.0,0.0,0.0,0,,,,0.0,,1,0.0,0.0,,,0,1,,1,0.0,0.0,1,0,1,0.0,0,0,0.0,0
Javan Johnson,Scarborough Shooting Stars,2026-2027,defense,Play types,Post Pin,3,Right Block,Post-Up > Right Block > Post Pin,Post-Up,Right Block,Post Pin,,,,1,25.0,0.0,0.0,0.0,0.0,0,,,,0.0,,1,0.0,0.0,,,0,1,,1,0.0,0.0,1,0,1,0.0,0,0,0.0,0
Javan Johnson,Scarborough Shooting Stars,2026-2027,defense,Play types,Dribble Move,4,Post Pin,Post-Up > Right Block > Post Pin > Dribble Move,Post-Up,Right Block,Post Pin,Dribble Move,,,1,100.0,0.0,0.0,0.0,0.0,0,,,,0.0,,1,0.0,0.0,,,0,1,,1,0.0,0.0,1,0,1,0.0,0,0,0.0,0
Javan Johnson,Scarborough Shooting Stars,2026-2027,defense,Play types,To Basket,5,Dribble Move,Post-Up > Right Block > Post Pin > Dribble Move > To Basket,Post-Up,Right Block,Post Pin,Dribble Move,To Basket,,1,100.0,0.0,0.0,0.0,0.0,0,,,,0.0,,1,0.0,0.0,,,0,1,,1,0.0,0.0,1,0,1,0.0,0,0,0.0,0
Javan Johnson,Scarborough Shooting Stars,2026-2027,defense,Play types,Flash Middle,2,Post-Up,Post-Up > Flash Middle,Post-Up,Flash Middle,,,,,1,11.1,1.0,56.8,0.0,100.0,0,,,,,,0,,100.0,,,0,0,,1,,100.0,0,0,0,,0,0,,1
Javan Johnson,Scarborough Shooting Stars,2026-2027,defense,Play types,Post Pin,3,Flash Middle,Post-Up > Flash Middle > Post Pin,Post-Up,Flash Middle,Post Pin,,,,1,100.0,1.0,56.8,0.0,100.0,0,,,,,,0,,100.0,,,0,0,,1,,100.0,0,0,0,,0,0,,1
Javan Johnson,Scarborough Shooting Stars,2026-2027,defense,Play types,No Dribble Move,4,Post Pin,Post-Up > Flash Middle > Post Pin > No Dribble Move,Post-Up,Flash Middle,Post Pin,No Dribble Move,,,1,100.0,1.0,56.8,0.0,100.0,0,,,,,,0,,100.0,,,0,0,,1,,100.0,0,0,0,,0,0,,1
Javan Johnson,Scarborough Shooting Stars,2026-2027,defense,Play types,To Basket,5,No Dribble Move,Post-Up > Flash Middle > Post Pin > No Dribble Move > To Basket,Post-Up,Flash Middle,Post Pin,No Dribble Move,To Basket,,1,100.0,1.0,56.8,0.0,100.0,0,,,,,,0,,100.0,,,0,0,,1,,100.0,0,0,0,,0,0,,1
Javan Johnson,Scarborough Shooting Stars,2026-2027,defense,Play types,Off Screen,1,,Off Screen,Off Screen,,,,,,9,4.6,0.556,27.8,0.0,0.0,6,16.7,,,22.2,,9,27.8,0.0,,,2,7,,9,0.0,22.2,3,1,2,33.3,1,5,0.67,5
Javan Johnson,Scarborough Shooting Stars,2026-2027,defense,Play types,To Shooter's Left,2,Off Screen,Off Screen > To Shooter's Left,Off Screen,To Shooter's Left,,,,,5,55.6,1.0,50.0,0.0,0.0,4,25.0,,,40.0,,5,50.0,0.0,,,2,3,,5,0.0,40.0,1,1,0,100.0,1,3,0.8,5
Javan Johnson,Scarborough Shooting Stars,2026-2027,defense,Play types,Straight,3,To Shooter's Left,Off Screen > To Shooter's Left > Straight,Off Screen,To Shooter's Left,Straight,,,,4,80.0,0.75,37.5,0.0,0.0,4,25.0,,,25.0,,4,37.5,0.0,,,1,3,,4,0.0,25.0,0,0,0,,1,3,1.0,3
Javan Johnson,Scarborough Shooting Stars,2026-2027,defense,Play types,No Dribble Jumper,4,Straight,Off Screen > To Shooter's Left > Straight > No Dribble Jumper,Off Screen,To Shooter's Left,Straight,No Dribble Jumper,,,3,75.0,1.0,50.0,0.0,0.0,3,33.3,,,33.3,,3,50.0,0.0,,,1,2,,3,0.0,33.3,0,0,0,,1,2,1.0,3
Javan Johnson,Scarborough Shooting Stars,2026-2027,defense,Play types,Open,5,No Dribble Jumper,Off Screen > To Shooter's Left > Straight > No Dribble Jumper > Open,Off Screen,To Shooter's Left,Straight,No Dribble Jumper,Open,,2,66.7,1.5,75.0,0.0,0.0,2,50.0,,,50.0,,2,75.0,0.0,,,1,1,,2,0.0,50.0,0,0,0,,1,1,1.0,3
Javan Johnson,Scarborough Shooting Stars,2026-2027,defense,Play types,Guarded,5,No Dribble Jumper,Off Screen > To Shooter's Left > Straight > No Dribble Jumper > Guarded,Off Screen,To Shooter's Left,Straight,No Dribble Jumper,Guarded,,1,33.3,0.0,0.0,0.0,0.0,1,0.0,,,0.0,,1,0.0,0.0,,,0,1,,1,0.0,0.0,0,0,0,,0,1,1.0,0
Javan Johnson,Scarborough Shooting Stars,2026-2027,defense,Play types,Dribble Jumper,4,Straight,Off Screen > To Shooter's Left > Straight > Dribble Jumper,Off Screen,To Shooter's Left,Straight,Dribble Jumper,,,1,25.0,0.0,0.0,0.0,0.0,1,0.0,,,0.0,,1,0.0,0.0,,,0,1,,1,0.0,0.0,0,0,0,,0,1,1.0,0
Javan Johnson,Scarborough Shooting Stars,2026-2027,defense,Play types,Long/3pt,5,Dribble Jumper,Off Screen > To Shooter's Left > Straight > Dribble Jumper > Long/3pt,Off Screen,To Shooter's Left,Straight,Dribble Jumper,Long/3pt,,1,100.0,0.0,0.0,0.0,0.0,1,0.0,,,0.0,,1,0.0,0.0,,,0,1,,1,0.0,0.0,0,0,0,,0,1,1.0,0
Javan Johnson,Scarborough Shooting Stars,2026-2027,defense,Play types,Flare,3,To Shooter's Left,Off Screen > To Shooter's Left > Flare,Off Screen,To Shooter's Left,Flare,,,,1,20.0,2.0,100.0,0.0,0.0,0,,,,100.0,,1,100.0,0.0,,,1,0,,1,0.0,100.0,1,1,0,100.0,0,0,0.0,2
Javan Johnson,Scarborough Shooting Stars,2026-2027,defense,Play types,To Basket,4,Flare,Off Screen > To Shooter's Left > Flare > To Basket,Off Screen,To Shooter's Left,Flare,To Basket,,,1,100.0,2.0,100.0,0.0,0.0,0,,,,100.0,,1,100.0,0.0,,,1,0,,1,0.0,100.0,1,1,0,100.0,0,0,0.0,2
Javan Johnson,Scarborough Shooting Stars,2026-2027,defense,Play types,Make 2 Pts,5,To Basket,Off Screen > To Shooter's Left > Flare > To Basket > Make 2 Pts,Off Screen,To Shooter's Left,Flare,To Basket,Make 2 Pts,,1,100.0,2.0,100.0,0.0,0.0,0,,,,100.0,,1,100.0,0.0,,,1,0,,1,0.0,100.0,1,1,0,100.0,0,0,0.0,2
Javan Johnson,Scarborough Shooting Stars,2026-2027,defense,Play types,To Shooter's Right,2,Off Screen,Off Screen > To Shooter's Right,Off Screen,To Shooter's Right,,,,,4,44.4,0.0,0.0,0.0,0.0,2,0.0,,,0.0,,4,0.0,0.0,,,0,4,,4,0.0,0.0,2,0,2,0.0,0,2,0.5,0
Javan Johnson,Scarborough Shooting Stars,2026-2027,defense,Play types,Straight,3,To Shooter's Right,Off Screen > To Shooter's Right > Straight,Off Screen,To Shooter's Right,Straight,,,,4,100.0,0.0,0.0,0.0,0.0,2,0.0,,,0.0,,4,0.0,0.0,,,0,4,,4,0.0,0.0,2,0,2,0.0,0,2,0.5,0
Javan Johnson,Scarborough Shooting Stars,2026-2027,defense,Play types,No Dribble Jumper,4,Straight,Off Screen > To Shooter's Right > Straight > No Dribble Jumper,Off Screen,To Shooter's Right,Straight,No Dribble Jumper,,,2,50.0,0.0,0.0,0.0,0.0,1,0.0,,,0.0,,2,0.0,0.0,,,0,2,,2,0.0,0.0,1,0,1,0.0,0,1,0.5,0
Javan Johnson,Scarborough Shooting Stars,2026-2027,defense,Play types,Open,5,No Dribble Jumper,Off Screen > To Shooter's Right > Straight > No Dribble Jumper > Open,Off Screen,To Shooter's Right,Straight,No Dribble Jumper,Open,,1,50.0,0.0,0.0,0.0,0.0,1,0.0,,,0.0,,1,0.0,0.0,,,0,1,,1,0.0,0.0,0,0,0,,0,1,1.0,0
Javan Johnson,Scarborough Shooting Stars,2026-2027,defense,Play types,Guarded,5,No Dribble Jumper,Off Screen > To Shooter's Right > Straight > No Dribble Jumper > Guarded,Off Screen,To Shooter's Right,Straight,No Dribble Jumper,Guarded,,1,50.0,0.0,0.0,0.0,0.0,0,,,,0.0,,1,0.0,0.0,,,0,1,,1,0.0,0.0,1,0,1,0.0,0,0,0.0,0
Javan Johnson,Scarborough Shooting Stars,2026-2027,defense,Play types,Dribble Jumper,4,Straight,Off Screen > To Shooter's Right > Straight > Dribble Jumper,Off Screen,To Shooter's Right,Straight,Dribble Jumper,,,1,25.0,0.0,0.0,0.0,0.0,1,0.0,,,0.0,,1,0.0,0.0,,,0,1,,1,0.0,0.0,0,0,0,,0,1,1.0,0
Javan Johnson,Scarborough Shooting Stars,2026-2027,defense,Play types,Long/3pt,5,Dribble Jumper,Off Screen > To Shooter's Right > Straight > Dribble Jumper > Long/3pt,Off Screen,To Shooter's Right,Straight,Dribble Jumper,Long/3pt,,1,100.0,0.0,0.0,0.0,0.0,1,0.0,,,0.0,,1,0.0,0.0,,,0,1,,1,0.0,0.0,0,0,0,,0,1,1.0,0
Javan Johnson,Scarborough Shooting Stars,2026-2027,defense,Play types,To Basket,4,Straight,Off Screen > To Shooter's Right > Straight > To Basket,Off Screen,To Shooter's Right,Straight,To Basket,,,1,25.0,0.0,0.0,0.0,0.0,0,,,,0.0,,1,0.0,0.0,,,0,1,,1,0.0,0.0,1,0,1,0.0,0,0,0.0,0
Javan Johnson,Scarborough Shooting Stars,2026-2027,defense,Play types,Miss 2 Pts,5,To Basket,Off Screen > To Shooter's Right > Straight > To Basket > Miss 2 Pts,Off Screen,To Shooter's Right,Straight,To Basket,Miss 2 Pts,,1,100.0,0.0,0.0,0.0,0.0,0,,,,0.0,,1,0.0,0.0,,,0,1,,1,0.0,0.0,1,0,1,0.0,0,0,0.0,0
Javan Johnson,Scarborough Shooting Stars,2026-2027,defense,Play types,P&R Roll Man,1,,P&R Roll Man,P&R Roll Man,,,,,,5,2.6,1.0,51.2,0.0,20.0,3,33.3,,,50.0,,4,62.5,20.0,,,2,2,,5,0.5,40.0,1,1,0,100.0,1,2,0.75,5
Javan Johnson,Scarborough Shooting Stars,2026-2027,defense,Play types,Slips the Pick,2,P&R Roll Man,P&R Roll Man > Slips the Pick,P&R Roll Man,Slips the Pick,,,,,3,60.0,0.667,34.7,0.0,33.3,1,0.0,,,50.0,,2,50.0,33.3,,,1,1,,3,1.0,33.3,1,1,0,100.0,0,1,0.5,2
Javan Johnson,Scarborough Shooting Stars,2026-2027,defense,Play types,To Basket,3,Slips the Pick,P&R Roll Man > Slips the Pick > To Basket,P&R Roll Man,Slips the Pick,To Basket,,,,2,66.7,1.0,53.2,0.0,50.0,0,,,,100.0,,1,100.0,50.0,,,1,0,,2,2.0,50.0,1,1,0,100.0,0,0,0.0,2
Javan Johnson,Scarborough Shooting Stars,2026-2027,defense,Play types,Make 2 Pts,4,To Basket,P&R Roll Man > Slips the Pick > To Basket > Make 2 Pts,P&R Roll Man,Slips the Pick,To Basket,Make 2 Pts,,,1,50.0,2.0,100.0,0.0,0.0,0,,,,100.0,,1,100.0,0.0,,,1,0,,1,0.0,100.0,1,1,0,100.0,0,0,0.0,2
Javan Johnson,Scarborough Shooting Stars,2026-2027,defense,Play types,Foul,4,To Basket,P&R Roll Man > Slips the Pick > To Basket > Foul,P&R Roll Man,Slips the Pick,To Basket,Foul,,,1,50.0,0.0,0.0,0.0,100.0,0,,,,,,0,,100.0,,,0,0,,1,,0.0,0,0,0,,0,0,,0
Javan Johnson,Scarborough Shooting Stars,2026-2027,defense,Play types,No Dribble Jumper,3,Slips the Pick,P&R Roll Man > Slips the Pick > No Dribble Jumper,P&R Roll Man,Slips the Pick,No Dribble Jumper,,,,1,33.3,0.0,0.0,0.0,0.0,1,0.0,,,0.0,,1,0.0,0.0,,,0,1,,1,0.0,0.0,0,0,0,,0,1,1.0,0
Javan Johnson,Scarborough Shooting Stars,2026-2027,defense,Play types,Guarded,4,No Dribble Jumper,P&R Roll Man > Slips the Pick > No Dribble Jumper > Guarded,P&R Roll Man,Slips the Pick,No Dribble Jumper,Guarded,,,1,100.0,0.0,0.0,0.0,0.0,1,0.0,,,0.0,,1,0.0,0.0,,,0,1,,1,0.0,0.0,0,0,0,,0,1,1.0,0
Javan Johnson,Scarborough Shooting Stars,2026-2027,defense,Play types,Long/3pt,5,Guarded,P&R Roll Man > Slips the Pick > No Dribble Jumper > Guarded > Long/3pt,P&R Roll Man,Slips the Pick,No Dribble Jumper,Guarded,Long/3pt,,1,100.0,0.0,0.0,0.0,0.0,1,0.0,,,0.0,,1,0.0,0.0,,,0,1,,1,0.0,0.0,0,0,0,,0,1,1.0,0
Javan Johnson,Scarborough Shooting Stars,2026-2027,defense,Play types,Pick and Pops,2,P&R Roll Man,P&R Roll Man > Pick and Pops,P&R Roll Man,Pick and Pops,,,,,2,40.0,1.5,75.0,0.0,0.0,2,50.0,,,50.0,,2,75.0,0.0,,,1,1,,2,0.0,50.0,0,0,0,,1,1,1.0,3
Javan Johnson,Scarborough Shooting Stars,2026-2027,defense,Play types,No Dribble Jumper,3,Pick and Pops,P&R Roll Man > Pick and Pops > No Dribble Jumper,P&R Roll Man,Pick and Pops,No Dribble Jumper,,,,2,100.0,1.5,75.0,0.0,0.0,2,50.0,,,50.0,,2,75.0,0.0,,,1,1,,2,0.0,50.0,0,0,0,,1,1,1.0,3
Javan Johnson,Scarborough Shooting Stars,2026-2027,defense,Play types,Guarded,4,No Dribble Jumper,P&R Roll Man > Pick and Pops > No Dribble Jumper > Guarded,P&R Roll Man,Pick and Pops,No Dribble Jumper,Guarded,,,2,100.0,1.5,75.0,0.0,0.0,2,50.0,,,50.0,,2,75.0,0.0,,,1,1,,2,0.0,50.0,0,0,0,,1,1,1.0,3
Javan Johnson,Scarborough Shooting Stars,2026-2027,defense,Play types,Long/3pt,5,Guarded,P&R Roll Man > Pick and Pops > No Dribble Jumper > Guarded > Long/3pt,P&R Roll Man,Pick and Pops,No Dribble Jumper,Guarded,Long/3pt,,2,100.0,1.5,75.0,0.0,0.0,2,50.0,,,50.0,,2,75.0,0.0,,,1,1,,2,0.0,50.0,0,0,0,,1,1,1.0,3
Javan Johnson,Scarborough Shooting Stars,2026-2027,defense,Play types,Transition,1,,Transition,Transition,,,,,,0,0.0,,,,,0,,,,,,0,,,,,0,0,,0,,,0,0,0,,0,0,,0
Javan Johnson,Scarborough Shooting Stars,2026-2027,defense,Play types,Cut,1,,Cut,Cut,,,,,,0,0.0,,,,,0,,,,,,0,,,,,0,0,,0,,,0,0,0,,0,0,,0
Javan Johnson,Scarborough Shooting Stars,2026-2027,defense,Play types,Offensive Rebounds (Put Backs),1,,Offensive Rebounds (Put Backs),Offensive Rebounds (Put Backs),,,,,,0,0.0,,,,,0,,,,,,0,,,,,0,0,,0,,,0,0,0,,0,0,,0
Javan Johnson,Scarborough Shooting Stars,2026-2027,defense,Play types,Miscellaneous Plays,1,,Miscellaneous Plays,Miscellaneous Plays,,,,,,0,0.0,,,,,0,,,,,,0,,,,,0,0,,0,,,0,0,0,,0,0,,0
Javan Johnson,Scarborough Shooting Stars,2026-2027,defense,Overall Drive Direction,Overall,1,,Overall,Overall,,,,,,43,22.1,0.674,40.7,18.6,9.3,3,33.3,,,33.3,,33,34.8,9.3,,,11,22,,36,0.18,30.2,30,10,20,33.3,1,2,0.09,29
Javan Johnson,Scarborough Shooting Stars,2026-2027,defense,Overall Drive Direction,Drives Left,2,Overall,Overall > Drives Left,Overall,Drives Left,,,,,25,58.1,0.64,36.6,16.0,8.0,1,0.0,,,33.3,,21,33.3,8.0,,,7,14,,22,0.1,28.0,20,7,13,35.0,0,1,0.05,16
Javan Johnson,Scarborough Shooting Stars,2026-2027,defense,Overall Drive Direction,To Basket,3,Drives Left,Overall > Drives Left > To Basket,Overall,Drives Left,To Basket,,,,13,52.0,0.923,46.6,7.7,15.4,0,,,,41.7,,12,41.7,15.4,,,5,7,,13,0.17,38.5,12,5,7,41.7,0,0,0.0,12
Javan Johnson,Scarborough Shooting Stars,2026-2027,defense,Overall Drive Direction,Dribble Jumper,3,Drives Left,Overall > Drives Left > Dribble Jumper,Overall,Drives Left,Dribble Jumper,,,,9,36.0,0.444,22.2,0.0,0.0,1,0.0,,,22.2,,9,22.2,0.0,,,2,7,,9,0.0,22.2,8,2,6,25.0,0,1,0.11,4
Javan Johnson,Scarborough Shooting Stars,2026-2027,defense,Overall Drive Direction,Turnover,3,Drives Left,Overall > Drives Left > Turnover,Overall,Drives Left,Turnover,,,,2,8.0,0.0,,100.0,0.0,0,,,,,,0,,0.0,,,0,0,,0,,0.0,0,0,0,,0,0,,0
Javan Johnson,Scarborough Shooting Stars,2026-2027,defense,Overall Drive Direction,Defense Commits,3,Drives Left,Overall > Drives Left > Defense Commits,Overall,Drives Left,Defense Commits,,,,1,4.0,0.0,,100.0,0.0,0,,,,,,0,,0.0,,,0,0,,0,,0.0,0,0,0,,0,0,,0
Javan Johnson,Scarborough Shooting Stars,2026-2027,defense,Overall Drive Direction,Foul,3,Drives Left,Overall > Drives Left > Foul,Overall,Drives Left,Foul,,,,0,0.0,,,,,0,,,,,,0,,,,,0,0,,0,,,0,0,0,,0,0,,0
Javan Johnson,Scarborough Shooting Stars,2026-2027,defense,Overall Drive Direction,Drives Right,2,Overall,Overall > Drives Right,Overall,Drives Right,,,,,17,39.5,0.765,50.9,23.5,11.8,1,100.0,,,36.4,,11,40.9,11.8,,,4,7,,13,0.36,35.3,10,3,7,30.0,1,0,0.09,13
Javan Johnson,Scarborough Shooting Stars,2026-2027,defense,Overall Drive Direction,To Basket,3,Drives Right,Overall > Drives Right > To Basket,Overall,Drives Right,To Basket,,,,7,41.2,0.857,43.6,0.0,14.3,0,,,,33.3,,6,33.3,14.3,,,2,4,,7,0.33,42.9,6,2,4,33.3,0,0,0.0,6
Javan Johnson,Scarborough Shooting Stars,2026-2027,defense,Overall Drive Direction,Dribble Jumper,3,Drives Right,Overall > Drives Right > Dribble Jumper,Overall,Drives Right,Dribble Jumper,,,,6,35.3,1.167,59.5,0.0,16.7,1,100.0,,,40.0,,5,50.0,16.7,,,2,3,,6,0.4,50.0,4,1,3,25.0,1,0,0.2,7
Javan Johnson,Scarborough Shooting Stars,2026-2027,defense,Overall Drive Direction,Turnover,3,Drives Right,Overall > Drives Right > Turnover,Overall,Drives Right,Turnover,,,,3,17.6,0.0,,100.0,0.0,0,,,,,,0,,0.0,,,0,0,,0,,0.0,0,0,0,,0,0,,0
Javan Johnson,Scarborough Shooting Stars,2026-2027,defense,Overall Drive Direction,Defense Commits,3,Drives Right,Overall > Drives Right > Defense Commits,Overall,Drives Right,Defense Commits,,,,1,5.9,0.0,,100.0,0.0,0,,,,,,0,,0.0,,,0,0,,0,,0.0,0,0,0,,0,0,,0
Javan Johnson,Scarborough Shooting Stars,2026-2027,defense,Overall Drive Direction,Foul,3,Drives Right,Overall > Drives Right > Foul,Overall,Drives Right,Foul,,,,0,0.0,,,,,0,,,,,,0,,,,,0,0,,0,,,0,0,0,,0,0,,0
Javan Johnson,Scarborough Shooting Stars,2026-2027,defense,Overall Drive Direction,Drives Straight,2,Overall,Overall > Drives Straight,Overall,Drives Straight,,,,,1,2.3,0.0,0.0,0.0,0.0,1,0.0,,,0.0,,1,0.0,0.0,,,0,1,,1,0.0,0.0,0,0,0,,0,1,1.0,0
Javan Johnson,Scarborough Shooting Stars,2026-2027,defense,Overall Drive Direction,Dribble Jumper,3,Drives Straight,Overall > Drives Straight > Dribble Jumper,Overall,Drives Straight,Dribble Jumper,,,,1,100.0,0.0,0.0,0.0,0.0,1,0.0,,,0.0,,1,0.0,0.0,,,0,1,,1,0.0,0.0,0,0,0,,0,1,1.0,0
Javan Johnson,Scarborough Shooting Stars,2026-2027,defense,Overall Drive Direction,To Basket,3,Drives Straight,Overall > Drives Straight > To Basket,Overall,Drives Straight,To Basket,,,,0,0.0,,,,,0,,,,,,0,,,,,0,0,,0,,,0,0,0,,0,0,,0
Javan Johnson,Scarborough Shooting Stars,2026-2027,defense,Overall Drive Direction,Turnover,3,Drives Straight,Overall > Drives Straight > Turnover,Overall,Drives Straight,Turnover,,,,0,0.0,,,,,0,,,,,,0,,,,,0,0,,0,,,0,0,0,,0,0,,0
Javan Johnson,Scarborough Shooting Stars,2026-2027,defense,Overall Drive Direction,Foul,3,Drives Straight,Overall > Drives Straight > Foul,Overall,Drives Straight,Foul,,,,0,0.0,,,,,0,,,,,,0,,,,,0,0,,0,,,0,0,0,,0,0,,0
Javan Johnson,Scarborough Shooting Stars,2026-2027,defense,Overall Drive Direction,Defense Commits,3,Drives Straight,Overall > Drives Straight > Defense Commits,Overall,Drives Straight,Defense Commits,,,,0,0.0,,,,,0,,,,,,0,,,,,0,0,,0,,,0,0,0,,0,0,,0
Javan Johnson,Scarborough Shooting Stars,2026-2027,defense,P&R ball handler,P&R Including Passes,1,,P&R Including Passes,P&R Including Passes,,,,,,94,48.2,0.596,33.8,12.8,7.4,41,22.0,Excellent,89.0,24.7,49.0,77,30.5,7.4,,,19,58,,83,0.17,24.5,36,10,26,27.8,9,32,0.53,56
Javan Johnson,Scarborough Shooting Stars,2026-2027,defense,P&R ball handler,P&R Ball Handler,2,P&R Including Passes,P&R Including Passes > P&R Ball Handler,P&R Including Passes,P&R Ball Handler,,,,,63,67.0,0.556,33.3,17.5,7.9,20,25.0,,,24.5,,49,29.6,7.9,,,12,37,,53,0.16,23.8,29,7,22,24.1,5,15,0.41,35
Javan Johnson,Scarborough Shooting Stars,2026-2027,defense,P&R ball handler,High P&R,3,P&R Ball Handler,P&R Including Passes > P&R Ball Handler > High P&R,P&R Including Passes,P&R Ball Handler,High P&R,,,,49,77.8,0.551,34.0,20.4,6.1,13,30.8,,,26.3,,38,31.6,6.1,,,10,28,,40,0.11,22.4,25,6,19,24.0,4,9,0.34,27
Javan Johnson,Scarborough Shooting Stars,2026-2027,defense,P&R ball handler,Dribble Off Pick,4,High P&R,P&R Including Passes > P&R Ball Handler > High P&R > Dribble Off Pick,P&R Including Passes,P&R Ball Handler,High P&R,Dribble Off Pick,,,42,85.7,0.524,31.6,19.0,7.1,11,27.3,,,24.2,,33,28.8,7.1,,,8,25,,35,0.12,21.4,22,5,17,22.7,3,8,0.33,22
Javan Johnson,Scarborough Shooting Stars,2026-2027,defense,P&R ball handler,Dribble Jumper,5,Dribble Off Pick,P&R Including Passes > P&R Ball Handler > High P&R > Dribble Off Pick > Dribble Jumper,P&R Including Passes,P&R Ball Handler,High P&R,Dribble Off Pick,Dribble Jumper,,18,42.9,0.722,35.5,0.0,11.1,11,27.3,,,23.5,,17,32.4,11.1,,,4,13,,18,0.18,27.8,6,1,5,16.7,3,8,0.65,13
Javan Johnson,Scarborough Shooting Stars,2026-2027,defense,P&R ball handler,Long/3pt,6,Dribble Jumper,P&R Including Passes > P&R Ball Handler > High P&R > Dribble Off Pick > Dribble Jumper > Long/3pt,P&R Including Passes,P&R Ball Handler,High P&R,Dribble Off Pick,Dribble Jumper,Long/3pt,11,61.1,0.818,39.3,0.0,9.1,11,27.3,,,27.3,,11,40.9,9.1,,,3,8,,11,0.09,27.3,0,0,0,,3,8,1.0,9
Javan Johnson,Scarborough Shooting Stars,2026-2027,defense,P&R ball handler,Short to < 17,6,Dribble Jumper,P&R Including Passes > P&R Ball Handler > High P&R > Dribble Off Pick > Dribble Jumper > Short to < 17,P&R Including Passes,P&R Ball Handler,High P&R,Dribble Off Pick,Dribble Jumper,Short to < 17,5,27.8,0.4,20.5,0.0,20.0,0,,,,0.0,,4,0.0,20.0,,,0,4,,5,0.5,20.0,4,0,4,0.0,0,0,0.0,2
Javan Johnson,Scarborough Shooting Stars,2026-2027,defense,P&R ball handler,Medium/17' to 3pt,6,Dribble Jumper,P&R Including Passes > P&R Ball Handler > High P&R > Dribble Off Pick > Dribble Jumper > Medium/17' to 3pt,P&R Including Passes,P&R Ball Handler,High P&R,Dribble Off Pick,Dribble Jumper,Medium/17' to 3pt,2,11.1,1.0,50.0,0.0,0.0,0,,,,50.0,,2,50.0,0.0,,,1,1,,2,0.0,50.0,2,1,1,50.0,0,0,0.0,2
Javan Johnson,Scarborough Shooting Stars,2026-2027,defense,P&R ball handler,To Basket,5,Dribble Off Pick,P&R Including Passes > P&R Ball Handler > High P&R > Dribble Off Pick > To Basket,P&R Including Passes,P&R Ball Handler,High P&R,Dribble Off Pick,To Basket,,17,40.5,0.529,27.4,5.9,5.9,0,,,,25.0,,16,25.0,5.9,,,4,12,,16,0.06,23.5,16,4,12,25.0,0,0,0.0,9
Javan Johnson,Scarborough Shooting Stars,2026-2027,defense,P&R ball handler,Miss 2 Pts,6,To Basket,P&R Including Passes > P&R Ball Handler > High P&R > Dribble Off Pick > To Basket > Miss 2 Pts,P&R Including Passes,P&R Ball Handler,High P&R,Dribble Off Pick,To Basket,Miss 2 Pts,12,70.6,0.0,0.0,0.0,0.0,0,,,,0.0,,12,0.0,0.0,,,0,12,,12,0.0,0.0,12,0,12,0.0,0,0,0.0,0
Javan Johnson,Scarborough Shooting Stars,2026-2027,defense,P&R ball handler,Make 2 Pts,6,To Basket,P&R Including Passes > P&R Ball Handler > High P&R > Dribble Off Pick > To Basket > Make 2 Pts,P&R Including Passes,P&R Ball Handler,High P&R,Dribble Off Pick,To Basket,Make 2 Pts,3,17.6,2.0,100.0,0.0,0.0,0,,,,100.0,,3,100.0,0.0,,,3,0,,3,0.0,100.0,3,3,0,100.0,0,0,0.0,6
Javan Johnson,Scarborough Shooting Stars,2026-2027,defense,P&R ball handler,Make 2 Pts Foul,6,To Basket,P&R Including Passes > P&R Ball Handler > High P&R > Dribble Off Pick > To Basket > Make 2 Pts Foul,P&R Including Passes,P&R Ball Handler,High P&R,Dribble Off Pick,To Basket,Make 2 Pts Foul,1,5.9,3.0,104.2,0.0,100.0,0,,,,100.0,,1,100.0,100.0,,,1,0,,1,1.0,100.0,1,1,0,100.0,0,0,0.0,3
Javan Johnson,Scarborough Shooting Stars,2026-2027,defense,P&R ball handler,Turnover,6,To Basket,P&R Including Passes > P&R Ball Handler > High P&R > Dribble Off Pick > To Basket > Turnover,P&R Including Passes,P&R Ball Handler,High P&R,Dribble Off Pick,To Basket,Turnover,1,5.9,0.0,,100.0,0.0,0,,,,,,0,,0.0,,,0,0,,0,,0.0,0,0,0,,0,0,,0
Javan Johnson,Scarborough Shooting Stars,2026-2027,defense,P&R ball handler,Defense Commits,5,Dribble Off Pick,P&R Including Passes > P&R Ball Handler > High P&R > Dribble Off Pick > Defense Commits,P&R Including Passes,P&R Ball Handler,High P&R,Dribble Off Pick,Defense Commits,,7,16.7,0.0,,100.0,0.0,0,,,,,,0,,0.0,,,0,0,,0,,0.0,0,0,0,,0,0,,0
Javan Johnson,Scarborough Shooting Stars,2026-2027,defense,P&R ball handler,Turnover,6,Defense Commits,P&R Including Passes > P&R Ball Handler > High P&R > Dribble Off Pick > Defense Commits > Turnover,P&R Including Passes,P&R Ball Handler,High P&R,Dribble Off Pick,Defense Commits,Turnover,7,100.0,0.0,,100.0,0.0,0,,,,,,0,,0.0,,,0,0,,0,,0.0,0,0,0,,0,0,,0
Javan Johnson,Scarborough Shooting Stars,2026-2027,defense,P&R ball handler,Go Away from Pick,4,High P&R,P&R Including Passes > P&R Ball Handler > High P&R > Go Away from Pick,P&R Including Passes,P&R Ball Handler,High P&R,Go Away from Pick,,,4,8.2,0.5,33.3,25.0,0.0,0,,,,33.3,,3,33.3,0.0,,,1,2,,3,0.0,25.0,3,1,2,33.3,0,0,0.0,2
Javan Johnson,Scarborough Shooting Stars,2026-2027,defense,P&R ball handler,To Basket,5,Go Away from Pick,P&R Including Passes > P&R Ball Handler > High P&R > Go Away from Pick > To Basket,P&R Including Passes,P&R Ball Handler,High P&R,Go Away from Pick,To Basket,,2,50.0,1.0,50.0,0.0,0.0,0,,,,50.0,,2,50.0,0.0,,,1,1,,2,0.0,50.0,2,1,1,50.0,0,0,0.0,2
Javan Johnson,Scarborough Shooting Stars,2026-2027,defense,P&R ball handler,Make 2 Pts,6,To Basket,P&R Including Passes > P&R Ball Handler > High P&R > Go Away from Pick > To Basket > Make 2 Pts,P&R Including Passes,P&R Ball Handler,High P&R,Go Away from Pick,To Basket,Make 2 Pts,1,50.0,2.0,100.0,0.0,0.0,0,,,,100.0,,1,100.0,0.0,,,1,0,,1,0.0,100.0,1,1,0,100.0,0,0,0.0,2
Javan Johnson,Scarborough Shooting Stars,2026-2027,defense,P&R ball handler,Miss 2 Pts,6,To Basket,P&R Including Passes > P&R Ball Handler > High P&R > Go Away from Pick > To Basket > Miss 2 Pts,P&R Including Passes,P&R Ball Handler,High P&R,Go Away from Pick,To Basket,Miss 2 Pts,1,50.0,0.0,0.0,0.0,0.0,0,,,,0.0,,1,0.0,0.0,,,0,1,,1,0.0,0.0,1,0,1,0.0,0,0,0.0,0
Javan Johnson,Scarborough Shooting Stars,2026-2027,defense,P&R ball handler,Dribble Jumper,5,Go Away from Pick,P&R Including Passes > P&R Ball Handler > High P&R > Go Away from Pick > Dribble Jumper,P&R Including Passes,P&R Ball Handler,High P&R,Go Away from Pick,Dribble Jumper,,1,25.0,0.0,0.0,0.0,0.0,0,,,,0.0,,1,0.0,0.0,,,0,1,,1,0.0,0.0,1,0,1,0.0,0,0,0.0,0
Javan Johnson,Scarborough Shooting Stars,2026-2027,defense,P&R ball handler,Short to < 17,6,Dribble Jumper,P&R Including Passes > P&R Ball Handler > High P&R > Go Away from Pick > Dribble Jumper > Short to < 17,P&R Including Passes,P&R Ball Handler,High P&R,Go Away from Pick,Dribble Jumper,Short to < 17,1,100.0,0.0,0.0,0.0,0.0,0,,,,0.0,,1,0.0,0.0,,,0,1,,1,0.0,0.0,1,0,1,0.0,0,0,0.0,0
Javan Johnson,Scarborough Shooting Stars,2026-2027,defense,P&R ball handler,Defense Commits,5,Go Away from Pick,P&R Including Passes > P&R Ball Handler > High P&R > Go Away from Pick > Defense Commits,P&R Including Passes,P&R Ball Handler,High P&R,Go Away from Pick,Defense Commits,,1,25.0,0.0,,100.0,0.0,0,,,,,,0,,0.0,,,0,0,,0,,0.0,0,0,0,,0,0,,0
Javan Johnson,Scarborough Shooting Stars,2026-2027,defense,P&R ball handler,Turnover,6,Defense Commits,P&R Including Passes > P&R Ball Handler > High P&R > Go Away from Pick > Defense Commits > Turnover,P&R Including Passes,P&R Ball Handler,High P&R,Go Away from Pick,Defense Commits,Turnover,1,100.0,0.0,,100.0,0.0,0,,,,,,0,,0.0,,,0,0,,0,,0.0,0,0,0,,0,0,,0
Javan Johnson,Scarborough Shooting Stars,2026-2027,defense,P&R ball handler,Takes Early Jump Shot,4,High P&R,P&R Including Passes > P&R Ball Handler > High P&R > Takes Early Jump Shot,P&R Including Passes,P&R Ball Handler,High P&R,Takes Early Jump Shot,,,2,4.1,1.5,75.0,0.0,0.0,2,50.0,,,50.0,,2,75.0,0.0,,,1,1,,2,0.0,50.0,0,0,0,,1,1,1.0,3
Javan Johnson,Scarborough Shooting Stars,2026-2027,defense,P&R ball handler,Dribble Jumper,5,Takes Early Jump Shot,P&R Including Passes > P&R Ball Handler > High P&R > Takes Early Jump Shot > Dribble Jumper,P&R Including Passes,P&R Ball Handler,High P&R,Takes Early Jump Shot,Dribble Jumper,,2,100.0,1.5,75.0,0.0,0.0,2,50.0,,,50.0,,2,75.0,0.0,,,1,1,,2,0.0,50.0,0,0,0,,1,1,1.0,3
Javan Johnson,Scarborough Shooting Stars,2026-2027,defense,P&R ball handler,Long/3pt,6,Dribble Jumper,P&R Including Passes > P&R Ball Handler > High P&R > Takes Early Jump Shot > Dribble Jumper > Long/3pt,P&R Including Passes,P&R Ball Handler,High P&R,Takes Early Jump Shot,Dribble Jumper,Long/3pt,2,100.0,1.5,75.0,0.0,0.0,2,50.0,,,50.0,,2,75.0,0.0,,,1,1,,2,0.0,50.0,0,0,0,,1,1,1.0,3
Javan Johnson,Scarborough Shooting Stars,2026-2027,defense,P&R ball handler,Defense Commits,4,High P&R,P&R Including Passes > P&R Ball Handler > High P&R > Defense Commits,P&R Including Passes,P&R Ball Handler,High P&R,Defense Commits,,,1,2.0,0.0,,100.0,0.0,0,,,,,,0,,0.0,,,0,0,,0,,0.0,0,0,0,,0,0,,0
Javan Johnson,Scarborough Shooting Stars,2026-2027,defense,P&R ball handler,Turnover,5,Defense Commits,P&R Including Passes > P&R Ball Handler > High P&R > Defense Commits > Turnover,P&R Including Passes,P&R Ball Handler,High P&R,Defense Commits,Turnover,,1,100.0,0.0,,100.0,0.0,0,,,,,,0,,0.0,,,0,0,,0,,0.0,0,0,0,,0,0,,0
Javan Johnson,Scarborough Shooting Stars,2026-2027,defense,P&R ball handler,Right P&R,3,P&R Ball Handler,P&R Including Passes > P&R Ball Handler > Right P&R,P&R Including Passes,P&R Ball Handler,Right P&R,,,,8,12.7,0.375,21.4,12.5,0.0,5,20.0,,,14.3,,7,21.4,0.0,,,1,6,,7,0.0,12.5,2,0,2,0.0,1,4,0.71,3
Javan Johnson,Scarborough Shooting Stars,2026-2027,defense,P&R ball handler,Side,4,Right P&R,P&R Including Passes > P&R Ball Handler > Right P&R > Side,P&R Including Passes,P&R Ball Handler,Right P&R,Side,,,4,50.0,0.75,37.5,0.0,0.0,3,33.3,,,25.0,,4,37.5,0.0,,,1,3,,4,0.0,25.0,1,0,1,0.0,1,2,0.75,3
Javan Johnson,Scarborough Shooting Stars,2026-2027,defense,P&R ball handler,Dribble Off Pick,5,Side,P&R Including Passes > P&R Ball Handler > Right P&R > Side > Dribble Off Pick,P&R Including Passes,P&R Ball Handler,Right P&R,Side,Dribble Off Pick,,3,75.0,1.0,50.0,0.0,0.0,2,50.0,,,33.3,,3,50.0,0.0,,,1,2,,3,0.0,33.3,1,0,1,0.0,1,1,0.67,3
Javan Johnson,Scarborough Shooting Stars,2026-2027,defense,P&R ball handler,Dribble Jumper,6,Dribble Off Pick,P&R Including Passes > P&R Ball Handler > Right P&R > Side > Dribble Off Pick > Dribble Jumper,P&R Including Passes,P&R Ball Handler,Right P&R,Side,Dribble Off Pick,Dribble Jumper,2,66.7,1.5,75.0,0.0,0.0,2,50.0,,,50.0,,2,75.0,0.0,,,1,1,,2,0.0,50.0,0,0,0,,1,1,1.0,3
Javan Johnson,Scarborough Shooting Stars,2026-2027,defense,P&R ball handler,To Basket,6,Dribble Off Pick,P&R Including Passes > P&R Ball Handler > Right P&R > Side > Dribble Off Pick > To Basket,P&R Including Passes,P&R Ball Handler,Right P&R,Side,Dribble Off Pick,To Basket,1,33.3,0.0,0.0,0.0,0.0,0,,,,0.0,,1,0.0,0.0,,,0,1,,1,0.0,0.0,1,0,1,0.0,0,0,0.0,0
Javan Johnson,Scarborough Shooting Stars,2026-2027,defense,P&R ball handler,Go Away from Pick,5,Side,P&R Including Passes > P&R Ball Handler > Right P&R > Side > Go Away from Pick,P&R Including Passes,P&R Ball Handler,Right P&R,Side,Go Away from Pick,,1,25.0,0.0,0.0,0.0,0.0,1,0.0,,,0.0,,1,0.0,0.0,,,0,1,,1,0.0,0.0,0,0,0,,0,1,1.0,0
Javan Johnson,Scarborough Shooting Stars,2026-2027,defense,P&R ball handler,Dribble Jumper,6,Go Away from Pick,P&R Including Passes > P&R Ball Handler > Right P&R > Side > Go Away from Pick > Dribble Jumper,P&R Including Passes,P&R Ball Handler,Right P&R,Side,Go Away from Pick,Dribble Jumper,1,100.0,0.0,0.0,0.0,0.0,1,0.0,,,0.0,,1,0.0,0.0,,,0,1,,1,0.0,0.0,0,0,0,,0,1,1.0,0
Javan Johnson,Scarborough Shooting Stars,2026-2027,defense,P&R ball handler,Baseline,4,Right P&R,P&R Including Passes > P&R Ball Handler > Right P&R > Baseline,P&R Including Passes,P&R Ball Handler,Right P&R,Baseline,,,4,50.0,0.0,0.0,25.0,0.0,2,0.0,,,0.0,,3,0.0,0.0,,,0,3,,3,0.0,0.0,1,0,1,0.0,0,2,0.67,0
Javan Johnson,Scarborough Shooting Stars,2026-2027,defense,P&R ball handler,Dribble Off Pick,5,Baseline,P&R Including Passes > P&R Ball Handler > Right P&R > Baseline > Dribble Off Pick,P&R Including Passes,P&R Ball Handler,Right P&R,Baseline,Dribble Off Pick,,4,100.0,0.0,0.0,25.0,0.0,2,0.0,,,0.0,,3,0.0,0.0,,,0,3,,3,0.0,0.0,1,0,1,0.0,0,2,0.67,0
Javan Johnson,Scarborough Shooting Stars,2026-2027,defense,P&R ball handler,Dribble Jumper,6,Dribble Off Pick,P&R Including Passes > P&R Ball Handler > Right P&R > Baseline > Dribble Off Pick > Dribble Jumper,P&R Including Passes,P&R Ball Handler,Right P&R,Baseline,Dribble Off Pick,Dribble Jumper,3,75.0,0.0,0.0,0.0,0.0,2,0.0,,,0.0,,3,0.0,0.0,,,0,3,,3,0.0,0.0,1,0,1,0.0,0,2,0.67,0
Javan Johnson,Scarborough Shooting Stars,2026-2027,defense,P&R ball handler,Defense Commits,6,Dribble Off Pick,P&R Including Passes > P&R Ball Handler > Right P&R > Baseline > Dribble Off Pick > Defense Commits,P&R Including Passes,P&R Ball Handler,Right P&R,Baseline,Dribble Off Pick,Defense Commits,1,25.0,0.0,,100.0,0.0,0,,,,,,0,,0.0,,,0,0,,0,,0.0,0,0,0,,0,0,,0
Javan Johnson,Scarborough Shooting Stars,2026-2027,defense,P&R ball handler,Left P&R,3,P&R Ball Handler,P&R Including Passes > P&R Ball Handler > Left P&R,P&R Including Passes,P&R Ball Handler,Left P&R,,,,6,9.5,0.833,43.4,0.0,33.3,2,0.0,,,25.0,,4,25.0,33.3,,,1,3,,6,1.0,50.0,2,1,1,50.0,0,2,0.5,5
Javan Johnson,Scarborough Shooting Stars,2026-2027,defense,P&R ball handler,Side,4,Left P&R,P&R Including Passes > P&R Ball Handler > Left P&R > Side,P&R Including Passes,P&R Ball Handler,Left P&R,Side,,,4,66.7,1.0,51.5,0.0,25.0,1,0.0,,,33.3,,3,33.3,25.0,,,1,2,,4,0.67,50.0,2,1,1,50.0,0,1,0.33,4
Javan Johnson,Scarborough Shooting Stars,2026-2027,defense,P&R ball handler,Dribble Off Pick,5,Side,P&R Including Passes > P&R Ball Handler > Left P&R > Side > Dribble Off Pick,P&R Including Passes,P&R Ball Handler,Left P&R,Side,Dribble Off Pick,,4,100.0,1.0,51.5,0.0,25.0,1,0.0,,,33.3,,3,33.3,25.0,,,1,2,,4,0.67,50.0,2,1,1,50.0,0,1,0.33,4
Javan Johnson,Scarborough Shooting Stars,2026-2027,defense,P&R ball handler,To Basket,6,Dribble Off Pick,P&R Including Passes > P&R Ball Handler > Left P&R > Side > Dribble Off Pick > To Basket,P&R Including Passes,P&R Ball Handler,Left P&R,Side,Dribble Off Pick,To Basket,3,75.0,1.333,69.4,0.0,33.3,0,,,,50.0,,2,50.0,33.3,,,1,1,,3,1.0,66.7,2,1,1,50.0,0,0,0.0,4
Javan Johnson,Scarborough Shooting Stars,2026-2027,defense,P&R ball handler,Dribble Jumper,6,Dribble Off Pick,P&R Including Passes > P&R Ball Handler > Left P&R > Side > Dribble Off Pick > Dribble Jumper,P&R Including Passes,P&R Ball Handler,Left P&R,Side,Dribble Off Pick,Dribble Jumper,1,25.0,0.0,0.0,0.0,0.0,1,0.0,,,0.0,,1,0.0,0.0,,,0,1,,1,0.0,0.0,0,0,0,,0,1,1.0,0
Javan Johnson,Scarborough Shooting Stars,2026-2027,defense,P&R ball handler,Baseline,4,Left P&R,P&R Including Passes > P&R Ball Handler > Left P&R > Baseline,P&R Including Passes,P&R Ball Handler,Left P&R,Baseline,,,2,33.3,0.5,26.6,0.0,50.0,1,0.0,,,0.0,,1,0.0,50.0,,,0,1,,2,2.0,50.0,0,0,0,,0,1,1.0,1
Javan Johnson,Scarborough Shooting Stars,2026-2027,defense,P&R ball handler,Dribble Off Pick,5,Baseline,P&R Including Passes > P&R Ball Handler > Left P&R > Baseline > Dribble Off Pick,P&R Including Passes,P&R Ball Handler,Left P&R,Baseline,Dribble Off Pick,,2,100.0,0.5,26.6,0.0,50.0,1,0.0,,,0.0,,1,0.0,50.0,,,0,1,,2,2.0,50.0,0,0,0,,0,1,1.0,1
Javan Johnson,Scarborough Shooting Stars,2026-2027,defense,P&R ball handler,Dribble Jumper,6,Dribble Off Pick,P&R Including Passes > P&R Ball Handler > Left P&R > Baseline > Dribble Off Pick > Dribble Jumper,P&R Including Passes,P&R Ball Handler,Left P&R,Baseline,Dribble Off Pick,Dribble Jumper,1,50.0,0.0,0.0,0.0,0.0,1,0.0,,,0.0,,1,0.0,0.0,,,0,1,,1,0.0,0.0,0,0,0,,0,1,1.0,0
Javan Johnson,Scarborough Shooting Stars,2026-2027,defense,P&R ball handler,To Basket,6,Dribble Off Pick,P&R Including Passes > P&R Ball Handler > Left P&R > Baseline > Dribble Off Pick > To Basket,P&R Including Passes,P&R Ball Handler,Left P&R,Baseline,Dribble Off Pick,To Basket,1,50.0,1.0,56.8,0.0,100.0,0,,,,,,0,,100.0,,,0,0,,1,,100.0,0,0,0,,0,0,,1
Javan Johnson,Scarborough Shooting Stars,2026-2027,defense,P&R ball handler,Spot-Up,2,P&R Including Passes,P&R Including Passes > Spot-Up,P&R Including Passes,Spot-Up,,,,,26,27.7,0.615,31.6,3.8,3.8,18,16.7,,,20.8,,24,27.1,3.8,,,5,19,,25,0.13,23.1,6,2,4,33.3,3,15,0.75,16
Javan Johnson,Scarborough Shooting Stars,2026-2027,defense,P&R ball handler,No Dribble Jumper,3,Spot-Up,P&R Including Passes > Spot-Up > No Dribble Jumper,P&R Including Passes,Spot-Up,No Dribble Jumper,,,,18,69.2,0.667,32.8,0.0,5.6,17,17.6,,,17.6,,17,26.5,5.6,,,3,14,,18,0.18,22.2,0,0,0,,3,14,1.0,12
Javan Johnson,Scarborough Shooting Stars,2026-2027,defense,P&R ball handler,Guarded,4,No Dribble Jumper,P&R Including Passes > Spot-Up > No Dribble Jumper > Guarded,P&R Including Passes,Spot-Up,No Dribble Jumper,Guarded,,,16,88.9,0.563,27.6,0.0,6.3,15,13.3,,,13.3,,15,20.0,6.3,,,2,13,,16,0.2,18.8,0,0,0,,2,13,1.0,9
Javan Johnson,Scarborough Shooting Stars,2026-2027,defense,P&R ball handler,Long/3pt,5,Guarded,P&R Including Passes > Spot-Up > No Dribble Jumper > Guarded > Long/3pt,P&R Including Passes,Spot-Up,No Dribble Jumper,Guarded,Long/3pt,,16,100.0,0.563,27.6,0.0,6.3,15,13.3,,,13.3,,15,20.0,6.3,,,2,13,,16,0.2,18.8,0,0,0,,2,13,1.0,9
Javan Johnson,Scarborough Shooting Stars,2026-2027,defense,P&R ball handler,Miss 3 Pts,6,Long/3pt,P&R Including Passes > Spot-Up > No Dribble Jumper > Guarded > Long/3pt > Miss 3 Pts,P&R Including Passes,Spot-Up,No Dribble Jumper,Guarded,Long/3pt,Miss 3 Pts,13,81.3,0.0,0.0,0.0,0.0,13,0.0,,,0.0,,13,0.0,0.0,,,0,13,,13,0.0,0.0,0,0,0,,0,13,1.0,0
Javan Johnson,Scarborough Shooting Stars,2026-2027,defense,P&R ball handler,Make 3 Pts,6,Long/3pt,P&R Including Passes > Spot-Up > No Dribble Jumper > Guarded > Long/3pt > Make 3 Pts,P&R Including Passes,Spot-Up,No Dribble Jumper,Guarded,Long/3pt,Make 3 Pts,2,12.5,3.0,150.0,0.0,0.0,2,100.0,,,100.0,,2,150.0,0.0,,,2,0,,2,0.0,100.0,0,0,0,,2,0,1.0,6
Javan Johnson,Scarborough Shooting Stars,2026-2027,defense,P&R ball handler,Foul,6,Long/3pt,P&R Including Passes > Spot-Up > No Dribble Jumper > Guarded > Long/3pt > Foul,P&R Including Passes,Spot-Up,No Dribble Jumper,Guarded,Long/3pt,Foul,1,6.3,3.0,113.6,0.0,100.0,0,,,,,,0,,100.0,,,0,0,,1,,100.0,0,0,0,,0,0,,3
Javan Johnson,Scarborough Shooting Stars,2026-2027,defense,P&R ball handler,Open,4,No Dribble Jumper,P&R Including Passes > Spot-Up > No Dribble Jumper > Open,P&R Including Passes,Spot-Up,No Dribble Jumper,Open,,,2,11.1,1.5,75.0,0.0,0.0,2,50.0,,,50.0,,2,75.0,0.0,,,1,1,,2,0.0,50.0,0,0,0,,1,1,1.0,3
Javan Johnson,Scarborough Shooting Stars,2026-2027,defense,P&R ball handler,Long/3pt,5,Open,P&R Including Passes > Spot-Up > No Dribble Jumper > Open > Long/3pt,P&R Including Passes,Spot-Up,No Dribble Jumper,Open,Long/3pt,,2,100.0,1.5,75.0,0.0,0.0,2,50.0,,,50.0,,2,75.0,0.0,,,1,1,,2,0.0,50.0,0,0,0,,1,1,1.0,3
Javan Johnson,Scarborough Shooting Stars,2026-2027,defense,P&R ball handler,Make 3 Pts,6,Long/3pt,P&R Including Passes > Spot-Up > No Dribble Jumper > Open > Long/3pt > Make 3 Pts,P&R Including Passes,Spot-Up,No Dribble Jumper,Open,Long/3pt,Make 3 Pts,1,50.0,3.0,150.0,0.0,0.0,1,100.0,,,100.0,,1,150.0,0.0,,,1,0,,1,0.0,100.0,0,0,0,,1,0,1.0,3
Javan Johnson,Scarborough Shooting Stars,2026-2027,defense,P&R ball handler,Miss 3 Pts,6,Long/3pt,P&R Including Passes > Spot-Up > No Dribble Jumper > Open > Long/3pt > Miss 3 Pts,P&R Including Passes,Spot-Up,No Dribble Jumper,Open,Long/3pt,Miss 3 Pts,1,50.0,0.0,0.0,0.0,0.0,1,0.0,,,0.0,,1,0.0,0.0,,,0,1,,1,0.0,0.0,0,0,0,,0,1,1.0,0
Javan Johnson,Scarborough Shooting Stars,2026-2027,defense,P&R ball handler,Drives Left,3,Spot-Up,P&R Including Passes > Spot-Up > Drives Left,P&R Including Passes,Spot-Up,Drives Left,,,,5,19.2,0.8,40.0,0.0,0.0,1,0.0,,,40.0,,5,40.0,0.0,,,2,3,,5,0.0,40.0,4,2,2,50.0,0,1,0.2,4
Javan Johnson,Scarborough Shooting Stars,2026-2027,defense,P&R ball handler,To Basket,4,Drives Left,P&R Including Passes > Spot-Up > Drives Left > To Basket,P&R Including Passes,Spot-Up,Drives Left,To Basket,,,3,60.0,0.667,33.3,0.0,0.0,0,,,,33.3,,3,33.3,0.0,,,1,2,,3,0.0,33.3,3,1,2,33.3,0,0,0.0,2
Javan Johnson,Scarborough Shooting Stars,2026-2027,defense,P&R ball handler,Miss 2 Pts,5,To Basket,P&R Including Passes > Spot-Up > Drives Left > To Basket > Miss 2 Pts,P&R Including Passes,Spot-Up,Drives Left,To Basket,Miss 2 Pts,,2,66.7,0.0,0.0,0.0,0.0,0,,,,0.0,,2,0.0,0.0,,,0,2,,2,0.0,0.0,2,0,2,0.0,0,0,0.0,0
Javan Johnson,Scarborough Shooting Stars,2026-2027,defense,P&R ball handler,Make 2 Pts,5,To Basket,P&R Including Passes > Spot-Up > Drives Left > To Basket > Make 2 Pts,P&R Including Passes,Spot-Up,Drives Left,To Basket,Make 2 Pts,,1,33.3,2.0,100.0,0.0,0.0,0,,,,100.0,,1,100.0,0.0,,,1,0,,1,0.0,100.0,1,1,0,100.0,0,0,0.0,2
Javan Johnson,Scarborough Shooting Stars,2026-2027,defense,P&R ball handler,Dribble Jumper,4,Drives Left,P&R Including Passes > Spot-Up > Drives Left > Dribble Jumper,P&R Including Passes,Spot-Up,Drives Left,Dribble Jumper,,,2,40.0,1.0,50.0,0.0,0.0,1,0.0,,,50.0,,2,50.0,0.0,,,1,1,,2,0.0,50.0,1,1,0,100.0,0,1,0.5,2
Javan Johnson,Scarborough Shooting Stars,2026-2027,defense,P&R ball handler,Long/3pt,5,Dribble Jumper,P&R Including Passes > Spot-Up > Drives Left > Dribble Jumper > Long/3pt,P&R Including Passes,Spot-Up,Drives Left,Dribble Jumper,Long/3pt,,1,50.0,0.0,0.0,0.0,0.0,1,0.0,,,0.0,,1,0.0,0.0,,,0,1,,1,0.0,0.0,0,0,0,,0,1,1.0,0
Javan Johnson,Scarborough Shooting Stars,2026-2027,defense,P&R ball handler,Miss 3 Pts,6,Long/3pt,P&R Including Passes > Spot-Up > Drives Left > Dribble Jumper > Long/3pt > Miss 3 Pts,P&R Including Passes,Spot-Up,Drives Left,Dribble Jumper,Long/3pt,Miss 3 Pts,1,100.0,0.0,0.0,0.0,0.0,1,0.0,,,0.0,,1,0.0,0.0,,,0,1,,1,0.0,0.0,0,0,0,,0,1,1.0,0
Javan Johnson,Scarborough Shooting Stars,2026-2027,defense,P&R ball handler,Short to < 17,5,Dribble Jumper,P&R Including Passes > Spot-Up > Drives Left > Dribble Jumper > Short to < 17,P&R Including Passes,Spot-Up,Drives Left,Dribble Jumper,Short to < 17,,1,50.0,2.0,100.0,0.0,0.0,0,,,,100.0,,1,100.0,0.0,,,1,0,,1,0.0,100.0,1,1,0,100.0,0,0,0.0,2
Javan Johnson,Scarborough Shooting Stars,2026-2027,defense,P&R ball handler,Make 2 Pts,6,Short to < 17,P&R Including Passes > Spot-Up > Drives Left > Dribble Jumper > Short to < 17 > Make 2 Pts,P&R Including Passes,Spot-Up,Drives Left,Dribble Jumper,Short to < 17,Make 2 Pts,1,100.0,2.0,100.0,0.0,0.0,0,,,,100.0,,1,100.0,0.0,,,1,0,,1,0.0,100.0,1,1,0,100.0,0,0,0.0,2
Javan Johnson,Scarborough Shooting Stars,2026-2027,defense,P&R ball handler,Drives Right,3,Spot-Up,P&R Including Passes > Spot-Up > Drives Right,P&R Including Passes,Spot-Up,Drives Right,,,,3,11.5,0.0,0.0,33.3,0.0,0,,,,0.0,,2,0.0,0.0,,,0,2,,2,0.0,0.0,2,0,2,0.0,0,0,0.0,0
Javan Johnson,Scarborough Shooting Stars,2026-2027,defense,P&R ball handler,Turnover,4,Drives Right,P&R Including Passes > Spot-Up > Drives Right > Turnover,P&R Including Passes,Spot-Up,Drives Right,Turnover,,,1,33.3,0.0,,100.0,0.0,0,,,,,,0,,0.0,,,0,0,,0,,0.0,0,0,0,,0,0,,0
Javan Johnson,Scarborough Shooting Stars,2026-2027,defense,P&R ball handler,Dribble Jumper,4,Drives Right,P&R Including Passes > Spot-Up > Drives Right > Dribble Jumper,P&R Including Passes,Spot-Up,Drives Right,Dribble Jumper,,,1,33.3,0.0,0.0,0.0,0.0,0,,,,0.0,,1,0.0,0.0,,,0,1,,1,0.0,0.0,1,0,1,0.0,0,0,0.0,0
Javan Johnson,Scarborough Shooting Stars,2026-2027,defense,P&R ball handler,Short to < 17,5,Dribble Jumper,P&R Including Passes > Spot-Up > Drives Right > Dribble Jumper > Short to < 17,P&R Including Passes,Spot-Up,Drives Right,Dribble Jumper,Short to < 17,,1,100.0,0.0,0.0,0.0,0.0,0,,,,0.0,,1,0.0,0.0,,,0,1,,1,0.0,0.0,1,0,1,0.0,0,0,0.0,0
Javan Johnson,Scarborough Shooting Stars,2026-2027,defense,P&R ball handler,Miss 2 Pts,6,Short to < 17,P&R Including Passes > Spot-Up > Drives Right > Dribble Jumper > Short to < 17 > Miss 2 Pts,P&R Including Passes,Spot-Up,Drives Right,Dribble Jumper,Short to < 17,Miss 2 Pts,1,100.0,0.0,0.0,0.0,0.0,0,,,,0.0,,1,0.0,0.0,,,0,1,,1,0.0,0.0,1,0,1,0.0,0,0,0.0,0
Javan Johnson,Scarborough Shooting Stars,2026-2027,defense,P&R ball handler,To Basket,4,Drives Right,P&R Including Passes > Spot-Up > Drives Right > To Basket,P&R Including Passes,Spot-Up,Drives Right,To Basket,,,1,33.3,0.0,0.0,0.0,0.0,0,,,,0.0,,1,0.0,0.0,,,0,1,,1,0.0,0.0,1,0,1,0.0,0,0,0.0,0
Javan Johnson,Scarborough Shooting Stars,2026-2027,defense,P&R ball handler,Miss 2 Pts,5,To Basket,P&R Including Passes > Spot-Up > Drives Right > To Basket > Miss 2 Pts,P&R Including Passes,Spot-Up,Drives Right,To Basket,Miss 2 Pts,,1,100.0,0.0,0.0,0.0,0.0,0,,,,0.0,,1,0.0,0.0,,,0,1,,1,0.0,0.0,1,0,1,0.0,0,0,0.0,0
Javan Johnson,Scarborough Shooting Stars,2026-2027,defense,P&R ball handler,P&R Roll Man,2,P&R Including Passes,P&R Including Passes > P&R Roll Man,P&R Including Passes,P&R Roll Man,,,,,5,5.3,1.0,51.2,0.0,20.0,3,33.3,,,50.0,,4,62.5,20.0,,,2,2,,5,0.5,40.0,1,1,0,100.0,1,2,0.75,5
Javan Johnson,Scarborough Shooting Stars,2026-2027,defense,P&R ball handler,Slips the Pick,3,P&R Roll Man,P&R Including Passes > P&R Roll Man > Slips the Pick,P&R Including Passes,P&R Roll Man,Slips the Pick,,,,3,60.0,0.667,34.7,0.0,33.3,1,0.0,,,50.0,,2,50.0,33.3,,,1,1,,3,1.0,33.3,1,1,0,100.0,0,1,0.5,2
Javan Johnson,Scarborough Shooting Stars,2026-2027,defense,P&R ball handler,To Basket,4,Slips the Pick,P&R Including Passes > P&R Roll Man > Slips the Pick > To Basket,P&R Including Passes,P&R Roll Man,Slips the Pick,To Basket,,,2,66.7,1.0,53.2,0.0,50.0,0,,,,100.0,,1,100.0,50.0,,,1,0,,2,2.0,50.0,1,1,0,100.0,0,0,0.0,2
Javan Johnson,Scarborough Shooting Stars,2026-2027,defense,P&R ball handler,Make 2 Pts,5,To Basket,P&R Including Passes > P&R Roll Man > Slips the Pick > To Basket > Make 2 Pts,P&R Including Passes,P&R Roll Man,Slips the Pick,To Basket,Make 2 Pts,,1,50.0,2.0,100.0,0.0,0.0,0,,,,100.0,,1,100.0,0.0,,,1,0,,1,0.0,100.0,1,1,0,100.0,0,0,0.0,2
Javan Johnson,Scarborough Shooting Stars,2026-2027,defense,P&R ball handler,Foul,5,To Basket,P&R Including Passes > P&R Roll Man > Slips the Pick > To Basket > Foul,P&R Including Passes,P&R Roll Man,Slips the Pick,To Basket,Foul,,1,50.0,0.0,0.0,0.0,100.0,0,,,,,,0,,100.0,,,0,0,,1,,0.0,0,0,0,,0,0,,0
Javan Johnson,Scarborough Shooting Stars,2026-2027,defense,P&R ball handler,No Dribble Jumper,4,Slips the Pick,P&R Including Passes > P&R Roll Man > Slips the Pick > No Dribble Jumper,P&R Including Passes,P&R Roll Man,Slips the Pick,No Dribble Jumper,,,1,33.3,0.0,0.0,0.0,0.0,1,0.0,,,0.0,,1,0.0,0.0,,,0,1,,1,0.0,0.0,0,0,0,,0,1,1.0,0
Javan Johnson,Scarborough Shooting Stars,2026-2027,defense,P&R ball handler,Guarded,5,No Dribble Jumper,P&R Including Passes > P&R Roll Man > Slips the Pick > No Dribble Jumper > Guarded,P&R Including Passes,P&R Roll Man,Slips the Pick,No Dribble Jumper,Guarded,,1,100.0,0.0,0.0,0.0,0.0,1,0.0,,,0.0,,1,0.0,0.0,,,0,1,,1,0.0,0.0,0,0,0,,0,1,1.0,0
Javan Johnson,Scarborough Shooting Stars,2026-2027,defense,P&R ball handler,Long/3pt,6,Guarded,P&R Including Passes > P&R Roll Man > Slips the Pick > No Dribble Jumper > Guarded > Long/3pt,P&R Including Passes,P&R Roll Man,Slips the Pick,No Dribble Jumper,Guarded,Long/3pt,1,100.0,0.0,0.0,0.0,0.0,1,0.0,,,0.0,,1,0.0,0.0,,,0,1,,1,0.0,0.0,0,0,0,,0,1,1.0,0
Javan Johnson,Scarborough Shooting Stars,2026-2027,defense,P&R ball handler,Pick and Pops,3,P&R Roll Man,P&R Including Passes > P&R Roll Man > Pick and Pops,P&R Including Passes,P&R Roll Man,Pick and Pops,,,,2,40.0,1.5,75.0,0.0,0.0,2,50.0,,,50.0,,2,75.0,0.0,,,1,1,,2,0.0,50.0,0,0,0,,1,1,1.0,3
Javan Johnson,Scarborough Shooting Stars,2026-2027,defense,P&R ball handler,No Dribble Jumper,4,Pick and Pops,P&R Including Passes > P&R Roll Man > Pick and Pops > No Dribble Jumper,P&R Including Passes,P&R Roll Man,Pick and Pops,No Dribble Jumper,,,2,100.0,1.5,75.0,0.0,0.0,2,50.0,,,50.0,,2,75.0,0.0,,,1,1,,2,0.0,50.0,0,0,0,,1,1,1.0,3
Javan Johnson,Scarborough Shooting Stars,2026-2027,defense,P&R ball handler,Guarded,5,No Dribble Jumper,P&R Including Passes > P&R Roll Man > Pick and Pops > No Dribble Jumper > Guarded,P&R Including Passes,P&R Roll Man,Pick and Pops,No Dribble Jumper,Guarded,,2,100.0,1.5,75.0,0.0,0.0,2,50.0,,,50.0,,2,75.0,0.0,,,1,1,,2,0.0,50.0,0,0,0,,1,1,1.0,3
Javan Johnson,Scarborough Shooting Stars,2026-2027,defense,P&R ball handler,Long/3pt,6,Guarded,P&R Including Passes > P&R Roll Man > Pick and Pops > No Dribble Jumper > Guarded > Long/3pt,P&R Including Passes,P&R Roll Man,Pick and Pops,No Dribble Jumper,Guarded,Long/3pt,2,100.0,1.5,75.0,0.0,0.0,2,50.0,,,50.0,,2,75.0,0.0,,,1,1,,2,0.0,50.0,0,0,0,,1,1,1.0,3
Javan Johnson,Scarborough Shooting Stars,2026-2027,defense,P&R ball handler,P&R BH - Defense Commits,1,,P&R BH - Defense Commits,P&R BH - Defense Commits,,,,,,41,21.0,0.512,34.8,26.8,4.9,21,19.0,Excellent,86.0,25.0,28.0,28,32.1,4.9,,,7,21,,30,0.18,19.5,7,3,4,42.9,4,17,0.75,21
Javan Johnson,Scarborough Shooting Stars,2026-2027,defense,P&R ball handler,Spot-Up,2,P&R BH - Defense Commits,P&R BH - Defense Commits > Spot-Up,P&R BH - Defense Commits,Spot-Up,,,,,26,63.4,0.615,31.6,3.8,3.8,18,16.7,,,20.8,,24,27.1,3.8,,,5,19,,25,0.13,23.1,6,2,4,33.3,3,15,0.75,16
Javan Johnson,Scarborough Shooting Stars,2026-2027,defense,P&R ball handler,No Dribble Jumper,3,Spot-Up,P&R BH - Defense Commits > Spot-Up > No Dribble Jumper,P&R BH - Defense Commits,Spot-Up,No Dribble Jumper,,,,18,69.2,0.667,32.8,0.0,5.6,17,17.6,,,17.6,,17,26.5,5.6,,,3,14,,18,0.18,22.2,0,0,0,,3,14,1.0,12
Javan Johnson,Scarborough Shooting Stars,2026-2027,defense,P&R ball handler,Guarded,4,No Dribble Jumper,P&R BH - Defense Commits > Spot-Up > No Dribble Jumper > Guarded,P&R BH - Defense Commits,Spot-Up,No Dribble Jumper,Guarded,,,16,88.9,0.563,27.6,0.0,6.3,15,13.3,,,13.3,,15,20.0,6.3,,,2,13,,16,0.2,18.8,0,0,0,,2,13,1.0,9
Javan Johnson,Scarborough Shooting Stars,2026-2027,defense,P&R ball handler,Long/3pt,5,Guarded,P&R BH - Defense Commits > Spot-Up > No Dribble Jumper > Guarded > Long/3pt,P&R BH - Defense Commits,Spot-Up,No Dribble Jumper,Guarded,Long/3pt,,16,100.0,0.563,27.6,0.0,6.3,15,13.3,,,13.3,,15,20.0,6.3,,,2,13,,16,0.2,18.8,0,0,0,,2,13,1.0,9
Javan Johnson,Scarborough Shooting Stars,2026-2027,defense,P&R ball handler,Miss 3 Pts,6,Long/3pt,P&R BH - Defense Commits > Spot-Up > No Dribble Jumper > Guarded > Long/3pt > Miss 3 Pts,P&R BH - Defense Commits,Spot-Up,No Dribble Jumper,Guarded,Long/3pt,Miss 3 Pts,13,81.3,0.0,0.0,0.0,0.0,13,0.0,,,0.0,,13,0.0,0.0,,,0,13,,13,0.0,0.0,0,0,0,,0,13,1.0,0
Javan Johnson,Scarborough Shooting Stars,2026-2027,defense,P&R ball handler,Make 3 Pts,6,Long/3pt,P&R BH - Defense Commits > Spot-Up > No Dribble Jumper > Guarded > Long/3pt > Make 3 Pts,P&R BH - Defense Commits,Spot-Up,No Dribble Jumper,Guarded,Long/3pt,Make 3 Pts,2,12.5,3.0,150.0,0.0,0.0,2,100.0,,,100.0,,2,150.0,0.0,,,2,0,,2,0.0,100.0,0,0,0,,2,0,1.0,6
Javan Johnson,Scarborough Shooting Stars,2026-2027,defense,P&R ball handler,Foul,6,Long/3pt,P&R BH - Defense Commits > Spot-Up > No Dribble Jumper > Guarded > Long/3pt > Foul,P&R BH - Defense Commits,Spot-Up,No Dribble Jumper,Guarded,Long/3pt,Foul,1,6.3,3.0,113.6,0.0,100.0,0,,,,,,0,,100.0,,,0,0,,1,,100.0,0,0,0,,0,0,,3
Javan Johnson,Scarborough Shooting Stars,2026-2027,defense,P&R ball handler,Open,4,No Dribble Jumper,P&R BH - Defense Commits > Spot-Up > No Dribble Jumper > Open,P&R BH - Defense Commits,Spot-Up,No Dribble Jumper,Open,,,2,11.1,1.5,75.0,0.0,0.0,2,50.0,,,50.0,,2,75.0,0.0,,,1,1,,2,0.0,50.0,0,0,0,,1,1,1.0,3
Javan Johnson,Scarborough Shooting Stars,2026-2027,defense,P&R ball handler,Long/3pt,5,Open,P&R BH - Defense Commits > Spot-Up > No Dribble Jumper > Open > Long/3pt,P&R BH - Defense Commits,Spot-Up,No Dribble Jumper,Open,Long/3pt,,2,100.0,1.5,75.0,0.0,0.0,2,50.0,,,50.0,,2,75.0,0.0,,,1,1,,2,0.0,50.0,0,0,0,,1,1,1.0,3
Javan Johnson,Scarborough Shooting Stars,2026-2027,defense,P&R ball handler,Make 3 Pts,6,Long/3pt,P&R BH - Defense Commits > Spot-Up > No Dribble Jumper > Open > Long/3pt > Make 3 Pts,P&R BH - Defense Commits,Spot-Up,No Dribble Jumper,Open,Long/3pt,Make 3 Pts,1,50.0,3.0,150.0,0.0,0.0,1,100.0,,,100.0,,1,150.0,0.0,,,1,0,,1,0.0,100.0,0,0,0,,1,0,1.0,3
Javan Johnson,Scarborough Shooting Stars,2026-2027,defense,P&R ball handler,Miss 3 Pts,6,Long/3pt,P&R BH - Defense Commits > Spot-Up > No Dribble Jumper > Open > Long/3pt > Miss 3 Pts,P&R BH - Defense Commits,Spot-Up,No Dribble Jumper,Open,Long/3pt,Miss 3 Pts,1,50.0,0.0,0.0,0.0,0.0,1,0.0,,,0.0,,1,0.0,0.0,,,0,1,,1,0.0,0.0,0,0,0,,0,1,1.0,0
Javan Johnson,Scarborough Shooting Stars,2026-2027,defense,P&R ball handler,Drives Left,3,Spot-Up,P&R BH - Defense Commits > Spot-Up > Drives Left,P&R BH - Defense Commits,Spot-Up,Drives Left,,,,5,19.2,0.8,40.0,0.0,0.0,1,0.0,,,40.0,,5,40.0,0.0,,,2,3,,5,0.0,40.0,4,2,2,50.0,0,1,0.2,4
Javan Johnson,Scarborough Shooting Stars,2026-2027,defense,P&R ball handler,To Basket,4,Drives Left,P&R BH - Defense Commits > Spot-Up > Drives Left > To Basket,P&R BH - Defense Commits,Spot-Up,Drives Left,To Basket,,,3,60.0,0.667,33.3,0.0,0.0,0,,,,33.3,,3,33.3,0.0,,,1,2,,3,0.0,33.3,3,1,2,33.3,0,0,0.0,2
Javan Johnson,Scarborough Shooting Stars,2026-2027,defense,P&R ball handler,Miss 2 Pts,5,To Basket,P&R BH - Defense Commits > Spot-Up > Drives Left > To Basket > Miss 2 Pts,P&R BH - Defense Commits,Spot-Up,Drives Left,To Basket,Miss 2 Pts,,2,66.7,0.0,0.0,0.0,0.0,0,,,,0.0,,2,0.0,0.0,,,0,2,,2,0.0,0.0,2,0,2,0.0,0,0,0.0,0
Javan Johnson,Scarborough Shooting Stars,2026-2027,defense,P&R ball handler,Make 2 Pts,5,To Basket,P&R BH - Defense Commits > Spot-Up > Drives Left > To Basket > Make 2 Pts,P&R BH - Defense Commits,Spot-Up,Drives Left,To Basket,Make 2 Pts,,1,33.3,2.0,100.0,0.0,0.0,0,,,,100.0,,1,100.0,0.0,,,1,0,,1,0.0,100.0,1,1,0,100.0,0,0,0.0,2
Javan Johnson,Scarborough Shooting Stars,2026-2027,defense,P&R ball handler,Dribble Jumper,4,Drives Left,P&R BH - Defense Commits > Spot-Up > Drives Left > Dribble Jumper,P&R BH - Defense Commits,Spot-Up,Drives Left,Dribble Jumper,,,2,40.0,1.0,50.0,0.0,0.0,1,0.0,,,50.0,,2,50.0,0.0,,,1,1,,2,0.0,50.0,1,1,0,100.0,0,1,0.5,2
Javan Johnson,Scarborough Shooting Stars,2026-2027,defense,P&R ball handler,Short to < 17,5,Dribble Jumper,P&R BH - Defense Commits > Spot-Up > Drives Left > Dribble Jumper > Short to < 17,P&R BH - Defense Commits,Spot-Up,Drives Left,Dribble Jumper,Short to < 17,,1,50.0,2.0,100.0,0.0,0.0,0,,,,100.0,,1,100.0,0.0,,,1,0,,1,0.0,100.0,1,1,0,100.0,0,0,0.0,2
Javan Johnson,Scarborough Shooting Stars,2026-2027,defense,P&R ball handler,Make 2 Pts,6,Short to < 17,P&R BH - Defense Commits > Spot-Up > Drives Left > Dribble Jumper > Short to < 17 > Make 2 Pts,P&R BH - Defense Commits,Spot-Up,Drives Left,Dribble Jumper,Short to < 17,Make 2 Pts,1,100.0,2.0,100.0,0.0,0.0,0,,,,100.0,,1,100.0,0.0,,,1,0,,1,0.0,100.0,1,1,0,100.0,0,0,0.0,2
Javan Johnson,Scarborough Shooting Stars,2026-2027,defense,P&R ball handler,Long/3pt,5,Dribble Jumper,P&R BH - Defense Commits > Spot-Up > Drives Left > Dribble Jumper > Long/3pt,P&R BH - Defense Commits,Spot-Up,Drives Left,Dribble Jumper,Long/3pt,,1,50.0,0.0,0.0,0.0,0.0,1,0.0,,,0.0,,1,0.0,0.0,,,0,1,,1,0.0,0.0,0,0,0,,0,1,1.0,0
Javan Johnson,Scarborough Shooting Stars,2026-2027,defense,P&R ball handler,Miss 3 Pts,6,Long/3pt,P&R BH - Defense Commits > Spot-Up > Drives Left > Dribble Jumper > Long/3pt > Miss 3 Pts,P&R BH - Defense Commits,Spot-Up,Drives Left,Dribble Jumper,Long/3pt,Miss 3 Pts,1,100.0,0.0,0.0,0.0,0.0,1,0.0,,,0.0,,1,0.0,0.0,,,0,1,,1,0.0,0.0,0,0,0,,0,1,1.0,0
Javan Johnson,Scarborough Shooting Stars,2026-2027,defense,P&R ball handler,Drives Right,3,Spot-Up,P&R BH - Defense Commits > Spot-Up > Drives Right,P&R BH - Defense Commits,Spot-Up,Drives Right,,,,3,11.5,0.0,0.0,33.3,0.0,0,,,,0.0,,2,0.0,0.0,,,0,2,,2,0.0,0.0,2,0,2,0.0,0,0,0.0,0
Javan Johnson,Scarborough Shooting Stars,2026-2027,defense,P&R ball handler,Dribble Jumper,4,Drives Right,P&R BH - Defense Commits > Spot-Up > Drives Right > Dribble Jumper,P&R BH - Defense Commits,Spot-Up,Drives Right,Dribble Jumper,,,1,33.3,0.0,0.0,0.0,0.0,0,,,,0.0,,1,0.0,0.0,,,0,1,,1,0.0,0.0,1,0,1,0.0,0,0,0.0,0
Javan Johnson,Scarborough Shooting Stars,2026-2027,defense,P&R ball handler,Short to < 17,5,Dribble Jumper,P&R BH - Defense Commits > Spot-Up > Drives Right > Dribble Jumper > Short to < 17,P&R BH - Defense Commits,Spot-Up,Drives Right,Dribble Jumper,Short to < 17,,1,100.0,0.0,0.0,0.0,0.0,0,,,,0.0,,1,0.0,0.0,,,0,1,,1,0.0,0.0,1,0,1,0.0,0,0,0.0,0
Javan Johnson,Scarborough Shooting Stars,2026-2027,defense,P&R ball handler,Miss 2 Pts,6,Short to < 17,P&R BH - Defense Commits > Spot-Up > Drives Right > Dribble Jumper > Short to < 17 > Miss 2 Pts,P&R BH - Defense Commits,Spot-Up,Drives Right,Dribble Jumper,Short to < 17,Miss 2 Pts,1,100.0,0.0,0.0,0.0,0.0,0,,,,0.0,,1,0.0,0.0,,,0,1,,1,0.0,0.0,1,0,1,0.0,0,0,0.0,0
Javan Johnson,Scarborough Shooting Stars,2026-2027,defense,P&R ball handler,Turnover,4,Drives Right,P&R BH - Defense Commits > Spot-Up > Drives Right > Turnover,P&R BH - Defense Commits,Spot-Up,Drives Right,Turnover,,,1,33.3,0.0,,100.0,0.0,0,,,,,,0,,0.0,,,0,0,,0,,0.0,0,0,0,,0,0,,0
Javan Johnson,Scarborough Shooting Stars,2026-2027,defense,P&R ball handler,To Basket,4,Drives Right,P&R BH - Defense Commits > Spot-Up > Drives Right > To Basket,P&R BH - Defense Commits,Spot-Up,Drives Right,To Basket,,,1,33.3,0.0,0.0,0.0,0.0,0,,,,0.0,,1,0.0,0.0,,,0,1,,1,0.0,0.0,1,0,1,0.0,0,0,0.0,0
Javan Johnson,Scarborough Shooting Stars,2026-2027,defense,P&R ball handler,Miss 2 Pts,5,To Basket,P&R BH - Defense Commits > Spot-Up > Drives Right > To Basket > Miss 2 Pts,P&R BH - Defense Commits,Spot-Up,Drives Right,To Basket,Miss 2 Pts,,1,100.0,0.0,0.0,0.0,0.0,0,,,,0.0,,1,0.0,0.0,,,0,1,,1,0.0,0.0,1,0,1,0.0,0,0,0.0,0
Javan Johnson,Scarborough Shooting Stars,2026-2027,defense,P&R ball handler,P&R Ball Handler,2,P&R BH - Defense Commits,P&R BH - Defense Commits > P&R Ball Handler,P&R BH - Defense Commits,P&R Ball Handler,,,,,10,24.4,0.0,,100.0,0.0,0,,,,,,0,,0.0,,,0,0,,0,,0.0,0,0,0,,0,0,,0
Javan Johnson,Scarborough Shooting Stars,2026-2027,defense,P&R ball handler,High P&R,3,P&R Ball Handler,P&R BH - Defense Commits > P&R Ball Handler > High P&R,P&R BH - Defense Commits,P&R Ball Handler,High P&R,,,,9,90.0,0.0,,100.0,0.0,0,,,,,,0,,0.0,,,0,0,,0,,0.0,0,0,0,,0,0,,0
Javan Johnson,Scarborough Shooting Stars,2026-2027,defense,P&R ball handler,Dribble Off Pick,4,High P&R,P&R BH - Defense Commits > P&R Ball Handler > High P&R > Dribble Off Pick,P&R BH - Defense Commits,P&R Ball Handler,High P&R,Dribble Off Pick,,,7,77.8,0.0,,100.0,0.0,0,,,,,,0,,0.0,,,0,0,,0,,0.0,0,0,0,,0,0,,0
Javan Johnson,Scarborough Shooting Stars,2026-2027,defense,P&R ball handler,Defense Commits,5,Dribble Off Pick,P&R BH - Defense Commits > P&R Ball Handler > High P&R > Dribble Off Pick > Defense Commits,P&R BH - Defense Commits,P&R Ball Handler,High P&R,Dribble Off Pick,Defense Commits,,7,100.0,0.0,,100.0,0.0,0,,,,,,0,,0.0,,,0,0,,0,,0.0,0,0,0,,0,0,,0
Javan Johnson,Scarborough Shooting Stars,2026-2027,defense,P&R ball handler,Turnover,6,Defense Commits,P&R BH - Defense Commits > P&R Ball Handler > High P&R > Dribble Off Pick > Defense Commits > Turnover,P&R BH - Defense Commits,P&R Ball Handler,High P&R,Dribble Off Pick,Defense Commits,Turnover,7,100.0,0.0,,100.0,0.0,0,,,,,,0,,0.0,,,0,0,,0,,0.0,0,0,0,,0,0,,0
Javan Johnson,Scarborough Shooting Stars,2026-2027,defense,P&R ball handler,Defense Commits,4,High P&R,P&R BH - Defense Commits > P&R Ball Handler > High P&R > Defense Commits,P&R BH - Defense Commits,P&R Ball Handler,High P&R,Defense Commits,,,1,11.1,0.0,,100.0,0.0,0,,,,,,0,,0.0,,,0,0,,0,,0.0,0,0,0,,0,0,,0
Javan Johnson,Scarborough Shooting Stars,2026-2027,defense,P&R ball handler,Turnover,5,Defense Commits,P&R BH - Defense Commits > P&R Ball Handler > High P&R > Defense Commits > Turnover,P&R BH - Defense Commits,P&R Ball Handler,High P&R,Defense Commits,Turnover,,1,100.0,0.0,,100.0,0.0,0,,,,,,0,,0.0,,,0,0,,0,,0.0,0,0,0,,0,0,,0
Javan Johnson,Scarborough Shooting Stars,2026-2027,defense,P&R ball handler,Go Away from Pick,4,High P&R,P&R BH - Defense Commits > P&R Ball Handler > High P&R > Go Away from Pick,P&R BH - Defense Commits,P&R Ball Handler,High P&R,Go Away from Pick,,,1,11.1,0.0,,100.0,0.0,0,,,,,,0,,0.0,,,0,0,,0,,0.0,0,0,0,,0,0,,0
Javan Johnson,Scarborough Shooting Stars,2026-2027,defense,P&R ball handler,Defense Commits,5,Go Away from Pick,P&R BH - Defense Commits > P&R Ball Handler > High P&R > Go Away from Pick > Defense Commits,P&R BH - Defense Commits,P&R Ball Handler,High P&R,Go Away from Pick,Defense Commits,,1,100.0,0.0,,100.0,0.0,0,,,,,,0,,0.0,,,0,0,,0,,0.0,0,0,0,,0,0,,0
Javan Johnson,Scarborough Shooting Stars,2026-2027,defense,P&R ball handler,Turnover,6,Defense Commits,P&R BH - Defense Commits > P&R Ball Handler > High P&R > Go Away from Pick > Defense Commits > Turnover,P&R BH - Defense Commits,P&R Ball Handler,High P&R,Go Away from Pick,Defense Commits,Turnover,1,100.0,0.0,,100.0,0.0,0,,,,,,0,,0.0,,,0,0,,0,,0.0,0,0,0,,0,0,,0
Javan Johnson,Scarborough Shooting Stars,2026-2027,defense,P&R ball handler,Right P&R,3,P&R Ball Handler,P&R BH - Defense Commits > P&R Ball Handler > Right P&R,P&R BH - Defense Commits,P&R Ball Handler,Right P&R,,,,1,10.0,0.0,,100.0,0.0,0,,,,,,0,,0.0,,,0,0,,0,,0.0,0,0,0,,0,0,,0
Javan Johnson,Scarborough Shooting Stars,2026-2027,defense,P&R ball handler,Baseline,4,Right P&R,P&R BH - Defense Commits > P&R Ball Handler > Right P&R > Baseline,P&R BH - Defense Commits,P&R Ball Handler,Right P&R,Baseline,,,1,100.0,0.0,,100.0,0.0,0,,,,,,0,,0.0,,,0,0,,0,,0.0,0,0,0,,0,0,,0
Javan Johnson,Scarborough Shooting Stars,2026-2027,defense,P&R ball handler,Dribble Off Pick,5,Baseline,P&R BH - Defense Commits > P&R Ball Handler > Right P&R > Baseline > Dribble Off Pick,P&R BH - Defense Commits,P&R Ball Handler,Right P&R,Baseline,Dribble Off Pick,,1,100.0,0.0,,100.0,0.0,0,,,,,,0,,0.0,,,0,0,,0,,0.0,0,0,0,,0,0,,0
Javan Johnson,Scarborough Shooting Stars,2026-2027,defense,P&R ball handler,Defense Commits,6,Dribble Off Pick,P&R BH - Defense Commits > P&R Ball Handler > Right P&R > Baseline > Dribble Off Pick > Defense Commits,P&R BH - Defense Commits,P&R Ball Handler,Right P&R,Baseline,Dribble Off Pick,Defense Commits,1,100.0,0.0,,100.0,0.0,0,,,,,,0,,0.0,,,0,0,,0,,0.0,0,0,0,,0,0,,0
Javan Johnson,Scarborough Shooting Stars,2026-2027,defense,P&R ball handler,P&R Roll Man,2,P&R BH - Defense Commits,P&R BH - Defense Commits > P&R Roll Man,P&R BH - Defense Commits,P&R Roll Man,,,,,5,12.2,1.0,51.2,0.0,20.0,3,33.3,,,50.0,,4,62.5,20.0,,,2,2,,5,0.5,40.0,1,1,0,100.0,1,2,0.75,5
Javan Johnson,Scarborough Shooting Stars,2026-2027,defense,P&R ball handler,Slips the Pick,3,P&R Roll Man,P&R BH - Defense Commits > P&R Roll Man > Slips the Pick,P&R BH - Defense Commits,P&R Roll Man,Slips the Pick,,,,3,60.0,0.667,34.7,0.0,33.3,1,0.0,,,50.0,,2,50.0,33.3,,,1,1,,3,1.0,33.3,1,1,0,100.0,0,1,0.5,2
Javan Johnson,Scarborough Shooting Stars,2026-2027,defense,P&R ball handler,To Basket,4,Slips the Pick,P&R BH - Defense Commits > P&R Roll Man > Slips the Pick > To Basket,P&R BH - Defense Commits,P&R Roll Man,Slips the Pick,To Basket,,,2,66.7,1.0,53.2,0.0,50.0,0,,,,100.0,,1,100.0,50.0,,,1,0,,2,2.0,50.0,1,1,0,100.0,0,0,0.0,2
Javan Johnson,Scarborough Shooting Stars,2026-2027,defense,P&R ball handler,Foul,5,To Basket,P&R BH - Defense Commits > P&R Roll Man > Slips the Pick > To Basket > Foul,P&R BH - Defense Commits,P&R Roll Man,Slips the Pick,To Basket,Foul,,1,50.0,0.0,0.0,0.0,100.0,0,,,,,,0,,100.0,,,0,0,,1,,0.0,0,0,0,,0,0,,0
Javan Johnson,Scarborough Shooting Stars,2026-2027,defense,P&R ball handler,Make 2 Pts,5,To Basket,P&R BH - Defense Commits > P&R Roll Man > Slips the Pick > To Basket > Make 2 Pts,P&R BH - Defense Commits,P&R Roll Man,Slips the Pick,To Basket,Make 2 Pts,,1,50.0,2.0,100.0,0.0,0.0,0,,,,100.0,,1,100.0,0.0,,,1,0,,1,0.0,100.0,1,1,0,100.0,0,0,0.0,2
Javan Johnson,Scarborough Shooting Stars,2026-2027,defense,P&R ball handler,No Dribble Jumper,4,Slips the Pick,P&R BH - Defense Commits > P&R Roll Man > Slips the Pick > No Dribble Jumper,P&R BH - Defense Commits,P&R Roll Man,Slips the Pick,No Dribble Jumper,,,1,33.3,0.0,0.0,0.0,0.0,1,0.0,,,0.0,,1,0.0,0.0,,,0,1,,1,0.0,0.0,0,0,0,,0,1,1.0,0
Javan Johnson,Scarborough Shooting Stars,2026-2027,defense,P&R ball handler,Guarded,5,No Dribble Jumper,P&R BH - Defense Commits > P&R Roll Man > Slips the Pick > No Dribble Jumper > Guarded,P&R BH - Defense Commits,P&R Roll Man,Slips the Pick,No Dribble Jumper,Guarded,,1,100.0,0.0,0.0,0.0,0.0,1,0.0,,,0.0,,1,0.0,0.0,,,0,1,,1,0.0,0.0,0,0,0,,0,1,1.0,0
Javan Johnson,Scarborough Shooting Stars,2026-2027,defense,P&R ball handler,Long/3pt,6,Guarded,P&R BH - Defense Commits > P&R Roll Man > Slips the Pick > No Dribble Jumper > Guarded > Long/3pt,P&R BH - Defense Commits,P&R Roll Man,Slips the Pick,No Dribble Jumper,Guarded,Long/3pt,1,100.0,0.0,0.0,0.0,0.0,1,0.0,,,0.0,,1,0.0,0.0,,,0,1,,1,0.0,0.0,0,0,0,,0,1,1.0,0
Javan Johnson,Scarborough Shooting Stars,2026-2027,defense,P&R ball handler,Pick and Pops,3,P&R Roll Man,P&R BH - Defense Commits > P&R Roll Man > Pick and Pops,P&R BH - Defense Commits,P&R Roll Man,Pick and Pops,,,,2,40.0,1.5,75.0,0.0,0.0,2,50.0,,,50.0,,2,75.0,0.0,,,1,1,,2,0.0,50.0,0,0,0,,1,1,1.0,3
Javan Johnson,Scarborough Shooting Stars,2026-2027,defense,P&R ball handler,No Dribble Jumper,4,Pick and Pops,P&R BH - Defense Commits > P&R Roll Man > Pick and Pops > No Dribble Jumper,P&R BH - Defense Commits,P&R Roll Man,Pick and Pops,No Dribble Jumper,,,2,100.0,1.5,75.0,0.0,0.0,2,50.0,,,50.0,,2,75.0,0.0,,,1,1,,2,0.0,50.0,0,0,0,,1,1,1.0,3
Javan Johnson,Scarborough Shooting Stars,2026-2027,defense,P&R ball handler,Guarded,5,No Dribble Jumper,P&R BH - Defense Commits > P&R Roll Man > Pick and Pops > No Dribble Jumper > Guarded,P&R BH - Defense Commits,P&R Roll Man,Pick and Pops,No Dribble Jumper,Guarded,,2,100.0,1.5,75.0,0.0,0.0,2,50.0,,,50.0,,2,75.0,0.0,,,1,1,,2,0.0,50.0,0,0,0,,1,1,1.0,3
Javan Johnson,Scarborough Shooting Stars,2026-2027,defense,P&R ball handler,Long/3pt,6,Guarded,P&R BH - Defense Commits > P&R Roll Man > Pick and Pops > No Dribble Jumper > Guarded > Long/3pt,P&R BH - Defense Commits,P&R Roll Man,Pick and Pops,No Dribble Jumper,Guarded,Long/3pt,2,100.0,1.5,75.0,0.0,0.0,2,50.0,,,50.0,,2,75.0,0.0,,,1,1,,2,0.0,50.0,0,0,0,,1,1,1.0,3
Javan Johnson,Scarborough Shooting Stars,2026-2027,defense,P&R ball handler,P&R BH - Traps,1,,P&R BH - Traps,P&R BH - Traps,,,,,,2,1.0,0.0,0.0,0.0,0.0,2,0.0,,,0.0,,2,0.0,0.0,,,0,2,,2,0.0,0.0,0,0,0,,0,2,1.0,0
Javan Johnson,Scarborough Shooting Stars,2026-2027,defense,P&R ball handler,No Dribble Jumper,2,P&R BH - Traps,P&R BH - Traps > No Dribble Jumper,P&R BH - Traps,No Dribble Jumper,,,,,2,100.0,0.0,0.0,0.0,0.0,2,0.0,,,0.0,,2,0.0,0.0,,,0,2,,2,0.0,0.0,0,0,0,,0,2,1.0,0
Javan Johnson,Scarborough Shooting Stars,2026-2027,defense,P&R ball handler,Guarded,3,No Dribble Jumper,P&R BH - Traps > No Dribble Jumper > Guarded,P&R BH - Traps,No Dribble Jumper,Guarded,,,,2,100.0,0.0,0.0,0.0,0.0,2,0.0,,,0.0,,2,0.0,0.0,,,0,2,,2,0.0,0.0,0,0,0,,0,2,1.0,0
Javan Johnson,Scarborough Shooting Stars,2026-2027,defense,P&R ball handler,Long/3pt,4,Guarded,P&R BH - Traps > No Dribble Jumper > Guarded > Long/3pt,P&R BH - Traps,No Dribble Jumper,Guarded,Long/3pt,,,2,100.0,0.0,0.0,0.0,0.0,2,0.0,,,0.0,,2,0.0,0.0,,,0,2,,2,0.0,0.0,0,0,0,,0,2,1.0,0
Javan Johnson,Scarborough Shooting Stars,2026-2027,defense,P&R ball handler,Miss 3 Pts,5,Long/3pt,P&R BH - Traps > No Dribble Jumper > Guarded > Long/3pt > Miss 3 Pts,P&R BH - Traps,No Dribble Jumper,Guarded,Long/3pt,Miss 3 Pts,,2,100.0,0.0,0.0,0.0,0.0,2,0.0,,,0.0,,2,0.0,0.0,,,0,2,,2,0.0,0.0,0,0,0,,0,2,1.0,0
Javan Johnson,Scarborough Shooting Stars,2026-2027,defense,Isolation,ISO Including Passes,1,,ISO Including Passes,ISO Including Passes,,,,,,22,11.3,0.955,54.3,13.6,9.1,9,44.4,Average,36.0,38.9,46.0,18,50.0,9.1,,,7,11,,19,0.17,36.4,9,3,6,33.3,4,5,0.5,21
Javan Johnson,Scarborough Shooting Stars,2026-2027,defense,Isolation,Isolation,2,ISO Including Passes,ISO Including Passes > Isolation,ISO Including Passes,Isolation,,,,,17,77.3,1.118,65.8,17.6,5.9,6,66.7,,,50.0,,14,64.3,5.9,,,7,7,,14,0.07,41.2,8,3,5,37.5,4,2,0.43,19
Javan Johnson,Scarborough Shooting Stars,2026-2027,defense,Isolation,Top,3,Isolation,ISO Including Passes > Isolation > Top,ISO Including Passes,Isolation,Top,,,,9,52.9,1.0,56.3,11.1,0.0,3,100.0,,,37.5,,8,56.3,0.0,,,3,5,,8,0.0,33.3,5,0,5,0.0,3,0,0.38,9
Javan Johnson,Scarborough Shooting Stars,2026-2027,defense,Isolation,Drives Right,4,Top,ISO Including Passes > Isolation > Top > Drives Right,ISO Including Passes,Isolation,Top,Drives Right,,,4,44.4,0.75,37.5,0.0,0.0,1,100.0,,,25.0,,4,37.5,0.0,,,1,3,,4,0.0,25.0,3,0,3,0.0,1,0,0.25,3
Javan Johnson,Scarborough Shooting Stars,2026-2027,defense,Isolation,To Basket,5,Drives Right,ISO Including Passes > Isolation > Top > Drives Right > To Basket,ISO Including Passes,Isolation,Top,Drives Right,To Basket,,2,50.0,0.0,0.0,0.0,0.0,0,,,,0.0,,2,0.0,0.0,,,0,2,,2,0.0,0.0,2,0,2,0.0,0,0,0.0,0
Javan Johnson,Scarborough Shooting Stars,2026-2027,defense,Isolation,Miss 2 Pts,6,To Basket,ISO Including Passes > Isolation > Top > Drives Right > To Basket > Miss 2 Pts,ISO Including Passes,Isolation,Top,Drives Right,To Basket,Miss 2 Pts,2,100.0,0.0,0.0,0.0,0.0,0,,,,0.0,,2,0.0,0.0,,,0,2,,2,0.0,0.0,2,0,2,0.0,0,0,0.0,0
Javan Johnson,Scarborough Shooting Stars,2026-2027,defense,Isolation,Dribble Jumper,5,Drives Right,ISO Including Passes > Isolation > Top > Drives Right > Dribble Jumper,ISO Including Passes,Isolation,Top,Drives Right,Dribble Jumper,,2,50.0,1.5,75.0,0.0,0.0,1,100.0,,,50.0,,2,75.0,0.0,,,1,1,,2,0.0,50.0,1,0,1,0.0,1,0,0.5,3
Javan Johnson,Scarborough Shooting Stars,2026-2027,defense,Isolation,Medium/17' to 3pt,6,Dribble Jumper,ISO Including Passes > Isolation > Top > Drives Right > Dribble Jumper > Medium/17' to 3pt,ISO Including Passes,Isolation,Top,Drives Right,Dribble Jumper,Medium/17' to 3pt,1,50.0,0.0,0.0,0.0,0.0,0,,,,0.0,,1,0.0,0.0,,,0,1,,1,0.0,0.0,1,0,1,0.0,0,0,0.0,0
Javan Johnson,Scarborough Shooting Stars,2026-2027,defense,Isolation,Long/3pt,6,Dribble Jumper,ISO Including Passes > Isolation > Top > Drives Right > Dribble Jumper > Long/3pt,ISO Including Passes,Isolation,Top,Drives Right,Dribble Jumper,Long/3pt,1,50.0,3.0,150.0,0.0,0.0,1,100.0,,,100.0,,1,150.0,0.0,,,1,0,,1,0.0,100.0,0,0,0,,1,0,1.0,3
Javan Johnson,Scarborough Shooting Stars,2026-2027,defense,Isolation,Drives Left,4,Top,ISO Including Passes > Isolation > Top > Drives Left,ISO Including Passes,Isolation,Top,Drives Left,,,3,33.3,0.0,0.0,33.3,0.0,0,,,,0.0,,2,0.0,0.0,,,0,2,,2,0.0,0.0,2,0,2,0.0,0,0,0.0,0
Javan Johnson,Scarborough Shooting Stars,2026-2027,defense,Isolation,To Basket,5,Drives Left,ISO Including Passes > Isolation > Top > Drives Left > To Basket,ISO Including Passes,Isolation,Top,Drives Left,To Basket,,2,66.7,0.0,0.0,50.0,0.0,0,,,,0.0,,1,0.0,0.0,,,0,1,,1,0.0,0.0,1,0,1,0.0,0,0,0.0,0
Javan Johnson,Scarborough Shooting Stars,2026-2027,defense,Isolation,Miss 2 Pts,6,To Basket,ISO Including Passes > Isolation > Top > Drives Left > To Basket > Miss 2 Pts,ISO Including Passes,Isolation,Top,Drives Left,To Basket,Miss 2 Pts,1,50.0,0.0,0.0,0.0,0.0,0,,,,0.0,,1,0.0,0.0,,,0,1,,1,0.0,0.0,1,0,1,0.0,0,0,0.0,0
Javan Johnson,Scarborough Shooting Stars,2026-2027,defense,Isolation,Turnover,6,To Basket,ISO Including Passes > Isolation > Top > Drives Left > To Basket > Turnover,ISO Including Passes,Isolation,Top,Drives Left,To Basket,Turnover,1,50.0,0.0,,100.0,0.0,0,,,,,,0,,0.0,,,0,0,,0,,0.0,0,0,0,,0,0,,0
Javan Johnson,Scarborough Shooting Stars,2026-2027,defense,Isolation,Dribble Jumper,5,Drives Left,ISO Including Passes > Isolation > Top > Drives Left > Dribble Jumper,ISO Including Passes,Isolation,Top,Drives Left,Dribble Jumper,,1,33.3,0.0,0.0,0.0,0.0,0,,,,0.0,,1,0.0,0.0,,,0,1,,1,0.0,0.0,1,0,1,0.0,0,0,0.0,0
Javan Johnson,Scarborough Shooting Stars,2026-2027,defense,Isolation,Short to < 17,6,Dribble Jumper,ISO Including Passes > Isolation > Top > Drives Left > Dribble Jumper > Short to < 17,ISO Including Passes,Isolation,Top,Drives Left,Dribble Jumper,Short to < 17,1,100.0,0.0,0.0,0.0,0.0,0,,,,0.0,,1,0.0,0.0,,,0,1,,1,0.0,0.0,1,0,1,0.0,0,0,0.0,0
Javan Johnson,Scarborough Shooting Stars,2026-2027,defense,Isolation,Early Jumper,4,Top,ISO Including Passes > Isolation > Top > Early Jumper,ISO Including Passes,Isolation,Top,Early Jumper,,,2,22.2,3.0,150.0,0.0,0.0,2,100.0,,,100.0,,2,150.0,0.0,,,2,0,,2,0.0,100.0,0,0,0,,2,0,1.0,6
Javan Johnson,Scarborough Shooting Stars,2026-2027,defense,Isolation,Dribble Jumper,5,Early Jumper,ISO Including Passes > Isolation > Top > Early Jumper > Dribble Jumper,ISO Including Passes,Isolation,Top,Early Jumper,Dribble Jumper,,2,100.0,3.0,150.0,0.0,0.0,2,100.0,,,100.0,,2,150.0,0.0,,,2,0,,2,0.0,100.0,0,0,0,,2,0,1.0,6
Javan Johnson,Scarborough Shooting Stars,2026-2027,defense,Isolation,Long/3pt,6,Dribble Jumper,ISO Including Passes > Isolation > Top > Early Jumper > Dribble Jumper > Long/3pt,ISO Including Passes,Isolation,Top,Early Jumper,Dribble Jumper,Long/3pt,2,100.0,3.0,150.0,0.0,0.0,2,100.0,,,100.0,,2,150.0,0.0,,,2,0,,2,0.0,100.0,0,0,0,,2,0,1.0,6
Javan Johnson,Scarborough Shooting Stars,2026-2027,defense,Isolation,Right,3,Isolation,ISO Including Passes > Isolation > Right,ISO Including Passes,Isolation,Right,,,,6,35.3,1.167,87.5,33.3,0.0,2,50.0,,,75.0,,4,87.5,0.0,,,3,1,,4,0.0,50.0,2,2,0,100.0,1,1,0.5,7
Javan Johnson,Scarborough Shooting Stars,2026-2027,defense,Isolation,Drives Left,4,Right,ISO Including Passes > Isolation > Right > Drives Left,ISO Including Passes,Isolation,Right,Drives Left,,,2,33.3,1.0,100.0,50.0,0.0,0,,,,100.0,,1,100.0,0.0,,,1,0,,1,0.0,50.0,1,1,0,100.0,0,0,0.0,2
Javan Johnson,Scarborough Shooting Stars,2026-2027,defense,Isolation,Dribble Jumper,5,Drives Left,ISO Including Passes > Isolation > Right > Drives Left > Dribble Jumper,ISO Including Passes,Isolation,Right,Drives Left,Dribble Jumper,,1,50.0,2.0,100.0,0.0,0.0,0,,,,100.0,,1,100.0,0.0,,,1,0,,1,0.0,100.0,1,1,0,100.0,0,0,0.0,2
Javan Johnson,Scarborough Shooting Stars,2026-2027,defense,Isolation,Short to < 17,6,Dribble Jumper,ISO Including Passes > Isolation > Right > Drives Left > Dribble Jumper > Short to < 17,ISO Including Passes,Isolation,Right,Drives Left,Dribble Jumper,Short to < 17,1,100.0,2.0,100.0,0.0,0.0,0,,,,100.0,,1,100.0,0.0,,,1,0,,1,0.0,100.0,1,1,0,100.0,0,0,0.0,2
Javan Johnson,Scarborough Shooting Stars,2026-2027,defense,Isolation,Defense Commits,5,Drives Left,ISO Including Passes > Isolation > Right > Drives Left > Defense Commits,ISO Including Passes,Isolation,Right,Drives Left,Defense Commits,,1,50.0,0.0,,100.0,0.0,0,,,,,,0,,0.0,,,0,0,,0,,0.0,0,0,0,,0,0,,0
Javan Johnson,Scarborough Shooting Stars,2026-2027,defense,Isolation,Turnover,6,Defense Commits,ISO Including Passes > Isolation > Right > Drives Left > Defense Commits > Turnover,ISO Including Passes,Isolation,Right,Drives Left,Defense Commits,Turnover,1,100.0,0.0,,100.0,0.0,0,,,,,,0,,0.0,,,0,0,,0,,0.0,0,0,0,,0,0,,0
Javan Johnson,Scarborough Shooting Stars,2026-2027,defense,Isolation,Early Jumper,4,Right,ISO Including Passes > Isolation > Right > Early Jumper,ISO Including Passes,Isolation,Right,Early Jumper,,,2,33.3,1.5,75.0,0.0,0.0,2,50.0,,,50.0,,2,75.0,0.0,,,1,1,,2,0.0,50.0,0,0,0,,1,1,1.0,3
Javan Johnson,Scarborough Shooting Stars,2026-2027,defense,Isolation,Dribble Jumper,5,Early Jumper,ISO Including Passes > Isolation > Right > Early Jumper > Dribble Jumper,ISO Including Passes,Isolation,Right,Early Jumper,Dribble Jumper,,2,100.0,1.5,75.0,0.0,0.0,2,50.0,,,50.0,,2,75.0,0.0,,,1,1,,2,0.0,50.0,0,0,0,,1,1,1.0,3
Javan Johnson,Scarborough Shooting Stars,2026-2027,defense,Isolation,Long/3pt,6,Dribble Jumper,ISO Including Passes > Isolation > Right > Early Jumper > Dribble Jumper > Long/3pt,ISO Including Passes,Isolation,Right,Early Jumper,Dribble Jumper,Long/3pt,2,100.0,1.5,75.0,0.0,0.0,2,50.0,,,50.0,,2,75.0,0.0,,,1,1,,2,0.0,50.0,0,0,0,,1,1,1.0,3
Javan Johnson,Scarborough Shooting Stars,2026-2027,defense,Isolation,Drives Right,4,Right,ISO Including Passes > Isolation > Right > Drives Right,ISO Including Passes,Isolation,Right,Drives Right,,,2,33.3,1.0,100.0,50.0,0.0,0,,,,100.0,,1,100.0,0.0,,,1,0,,1,0.0,50.0,1,1,0,100.0,0,0,0.0,2
Javan Johnson,Scarborough Shooting Stars,2026-2027,defense,Isolation,To Basket,5,Drives Right,ISO Including Passes > Isolation > Right > Drives Right > To Basket,ISO Including Passes,Isolation,Right,Drives Right,To Basket,,1,50.0,2.0,100.0,0.0,0.0,0,,,,100.0,,1,100.0,0.0,,,1,0,,1,0.0,100.0,1,1,0,100.0,0,0,0.0,2
Javan Johnson,Scarborough Shooting Stars,2026-2027,defense,Isolation,Make 2 Pts,6,To Basket,ISO Including Passes > Isolation > Right > Drives Right > To Basket > Make 2 Pts,ISO Including Passes,Isolation,Right,Drives Right,To Basket,Make 2 Pts,1,100.0,2.0,100.0,0.0,0.0,0,,,,100.0,,1,100.0,0.0,,,1,0,,1,0.0,100.0,1,1,0,100.0,0,0,0.0,2
Javan Johnson,Scarborough Shooting Stars,2026-2027,defense,Isolation,Defense Commits,5,Drives Right,ISO Including Passes > Isolation > Right > Drives Right > Defense Commits,ISO Including Passes,Isolation,Right,Drives Right,Defense Commits,,1,50.0,0.0,,100.0,0.0,0,,,,,,0,,0.0,,,0,0,,0,,0.0,0,0,0,,0,0,,0
Javan Johnson,Scarborough Shooting Stars,2026-2027,defense,Isolation,Turnover,6,Defense Commits,ISO Including Passes > Isolation > Right > Drives Right > Defense Commits > Turnover,ISO Including Passes,Isolation,Right,Drives Right,Defense Commits,Turnover,1,100.0,0.0,,100.0,0.0,0,,,,,,0,,0.0,,,0,0,,0,,0.0,0,0,0,,0,0,,0
Javan Johnson,Scarborough Shooting Stars,2026-2027,defense,Isolation,Left,3,Isolation,ISO Including Passes > Isolation > Left,ISO Including Passes,Isolation,Left,,,,2,11.8,1.5,61.5,0.0,50.0,1,0.0,,,50.0,,2,50.0,50.0,,,1,1,,2,0.5,50.0,1,1,0,100.0,0,1,0.5,3
Javan Johnson,Scarborough Shooting Stars,2026-2027,defense,Isolation,Drives Left,4,Left,ISO Including Passes > Isolation > Left > Drives Left,ISO Including Passes,Isolation,Left,Drives Left,,,1,50.0,3.0,104.2,0.0,100.0,0,,,,100.0,,1,100.0,100.0,,,1,0,,1,1.0,100.0,1,1,0,100.0,0,0,0.0,3
Javan Johnson,Scarborough Shooting Stars,2026-2027,defense,Isolation,To Basket,5,Drives Left,ISO Including Passes > Isolation > Left > Drives Left > To Basket,ISO Including Passes,Isolation,Left,Drives Left,To Basket,,1,100.0,3.0,104.2,0.0,100.0,0,,,,100.0,,1,100.0,100.0,,,1,0,,1,1.0,100.0,1,1,0,100.0,0,0,0.0,3
Javan Johnson,Scarborough Shooting Stars,2026-2027,defense,Isolation,Make 2 Pts Foul,6,To Basket,ISO Including Passes > Isolation > Left > Drives Left > To Basket > Make 2 Pts Foul,ISO Including Passes,Isolation,Left,Drives Left,To Basket,Make 2 Pts Foul,1,100.0,3.0,104.2,0.0,100.0,0,,,,100.0,,1,100.0,100.0,,,1,0,,1,1.0,100.0,1,1,0,100.0,0,0,0.0,3
Javan Johnson,Scarborough Shooting Stars,2026-2027,defense,Isolation,Early Jumper,4,Left,ISO Including Passes > Isolation > Left > Early Jumper,ISO Including Passes,Isolation,Left,Early Jumper,,,1,50.0,0.0,0.0,0.0,0.0,1,0.0,,,0.0,,1,0.0,0.0,,,0,1,,1,0.0,0.0,0,0,0,,0,1,1.0,0
Javan Johnson,Scarborough Shooting Stars,2026-2027,defense,Isolation,Dribble Jumper,5,Early Jumper,ISO Including Passes > Isolation > Left > Early Jumper > Dribble Jumper,ISO Including Passes,Isolation,Left,Early Jumper,Dribble Jumper,,1,100.0,0.0,0.0,0.0,0.0,1,0.0,,,0.0,,1,0.0,0.0,,,0,1,,1,0.0,0.0,0,0,0,,0,1,1.0,0
Javan Johnson,Scarborough Shooting Stars,2026-2027,defense,Isolation,Long/3pt,6,Dribble Jumper,ISO Including Passes > Isolation > Left > Early Jumper > Dribble Jumper > Long/3pt,ISO Including Passes,Isolation,Left,Early Jumper,Dribble Jumper,Long/3pt,1,100.0,0.0,0.0,0.0,0.0,1,0.0,,,0.0,,1,0.0,0.0,,,0,1,,1,0.0,0.0,0,0,0,,0,1,1.0,0
Javan Johnson,Scarborough Shooting Stars,2026-2027,defense,Isolation,Spot-Up,2,ISO Including Passes,ISO Including Passes > Spot-Up,ISO Including Passes,Spot-Up,,,,,5,22.7,0.4,20.5,0.0,20.0,3,0.0,,,0.0,,4,0.0,20.0,,,0,4,,5,0.5,20.0,1,0,1,0.0,0,3,0.75,2
Javan Johnson,Scarborough Shooting Stars,2026-2027,defense,Isolation,No Dribble Jumper,3,Spot-Up,ISO Including Passes > Spot-Up > No Dribble Jumper,ISO Including Passes,Spot-Up,No Dribble Jumper,,,,3,60.0,0.0,0.0,0.0,0.0,3,0.0,,,0.0,,3,0.0,0.0,,,0,3,,3,0.0,0.0,0,0,0,,0,3,1.0,0
Javan Johnson,Scarborough Shooting Stars,2026-2027,defense,Isolation,Open,4,No Dribble Jumper,ISO Including Passes > Spot-Up > No Dribble Jumper > Open,ISO Including Passes,Spot-Up,No Dribble Jumper,Open,,,2,66.7,0.0,0.0,0.0,0.0,2,0.0,,,0.0,,2,0.0,0.0,,,0,2,,2,0.0,0.0,0,0,0,,0,2,1.0,0
Javan Johnson,Scarborough Shooting Stars,2026-2027,defense,Isolation,Long/3pt,5,Open,ISO Including Passes > Spot-Up > No Dribble Jumper > Open > Long/3pt,ISO Including Passes,Spot-Up,No Dribble Jumper,Open,Long/3pt,,2,100.0,0.0,0.0,0.0,0.0,2,0.0,,,0.0,,2,0.0,0.0,,,0,2,,2,0.0,0.0,0,0,0,,0,2,1.0,0
Javan Johnson,Scarborough Shooting Stars,2026-2027,defense,Isolation,Miss 3 Pts,6,Long/3pt,ISO Including Passes > Spot-Up > No Dribble Jumper > Open > Long/3pt > Miss 3 Pts,ISO Including Passes,Spot-Up,No Dribble Jumper,Open,Long/3pt,Miss 3 Pts,2,100.0,0.0,0.0,0.0,0.0,2,0.0,,,0.0,,2,0.0,0.0,,,0,2,,2,0.0,0.0,0,0,0,,0,2,1.0,0
Javan Johnson,Scarborough Shooting Stars,2026-2027,defense,Isolation,Guarded,4,No Dribble Jumper,ISO Including Passes > Spot-Up > No Dribble Jumper > Guarded,ISO Including Passes,Spot-Up,No Dribble Jumper,Guarded,,,1,33.3,0.0,0.0,0.0,0.0,1,0.0,,,0.0,,1,0.0,0.0,,,0,1,,1,0.0,0.0,0,0,0,,0,1,1.0,0
Javan Johnson,Scarborough Shooting Stars,2026-2027,defense,Isolation,Long/3pt,5,Guarded,ISO Including Passes > Spot-Up > No Dribble Jumper > Guarded > Long/3pt,ISO Including Passes,Spot-Up,No Dribble Jumper,Guarded,Long/3pt,,1,100.0,0.0,0.0,0.0,0.0,1,0.0,,,0.0,,1,0.0,0.0,,,0,1,,1,0.0,0.0,0,0,0,,0,1,1.0,0
Javan Johnson,Scarborough Shooting Stars,2026-2027,defense,Isolation,Miss 3 Pts,6,Long/3pt,ISO Including Passes > Spot-Up > No Dribble Jumper > Guarded > Long/3pt > Miss 3 Pts,ISO Including Passes,Spot-Up,No Dribble Jumper,Guarded,Long/3pt,Miss 3 Pts,1,100.0,0.0,0.0,0.0,0.0,1,0.0,,,0.0,,1,0.0,0.0,,,0,1,,1,0.0,0.0,0,0,0,,0,1,1.0,0
Javan Johnson,Scarborough Shooting Stars,2026-2027,defense,Isolation,Drives Right,3,Spot-Up,ISO Including Passes > Spot-Up > Drives Right,ISO Including Passes,Spot-Up,Drives Right,,,,1,20.0,2.0,113.6,0.0,100.0,0,,,,,,0,,100.0,,,0,0,,1,,100.0,0,0,0,,0,0,,2
Javan Johnson,Scarborough Shooting Stars,2026-2027,defense,Isolation,To Basket,4,Drives Right,ISO Including Passes > Spot-Up > Drives Right > To Basket,ISO Including Passes,Spot-Up,Drives Right,To Basket,,,1,100.0,2.0,113.6,0.0,100.0,0,,,,,,0,,100.0,,,0,0,,1,,100.0,0,0,0,,0,0,,2
Javan Johnson,Scarborough Shooting Stars,2026-2027,defense,Isolation,Foul,5,To Basket,ISO Including Passes > Spot-Up > Drives Right > To Basket > Foul,ISO Including Passes,Spot-Up,Drives Right,To Basket,Foul,,1,100.0,2.0,113.6,0.0,100.0,0,,,,,,0,,100.0,,,0,0,,1,,100.0,0,0,0,,0,0,,2
Javan Johnson,Scarborough Shooting Stars,2026-2027,defense,Isolation,Drives Left,3,Spot-Up,ISO Including Passes > Spot-Up > Drives Left,ISO Including Passes,Spot-Up,Drives Left,,,,1,20.0,0.0,0.0,0.0,0.0,0,,,,0.0,,1,0.0,0.0,,,0,1,,1,0.0,0.0,1,0,1,0.0,0,0,0.0,0
Javan Johnson,Scarborough Shooting Stars,2026-2027,defense,Isolation,To Basket,4,Drives Left,ISO Including Passes > Spot-Up > Drives Left > To Basket,ISO Including Passes,Spot-Up,Drives Left,To Basket,,,1,100.0,0.0,0.0,0.0,0.0,0,,,,0.0,,1,0.0,0.0,,,0,1,,1,0.0,0.0,1,0,1,0.0,0,0,0.0,0
Javan Johnson,Scarborough Shooting Stars,2026-2027,defense,Isolation,Miss 2 Pts,5,To Basket,ISO Including Passes > Spot-Up > Drives Left > To Basket > Miss 2 Pts,ISO Including Passes,Spot-Up,Drives Left,To Basket,Miss 2 Pts,,1,100.0,0.0,0.0,0.0,0.0,0,,,,0.0,,1,0.0,0.0,,,0,1,,1,0.0,0.0,1,0,1,0.0,0,0,0.0,0
Javan Johnson,Scarborough Shooting Stars,2026-2027,defense,Isolation,ISO - Defense Commits,1,,ISO - Defense Commits,ISO - Defense Commits,,,,,,7,3.6,0.286,20.5,28.6,14.3,3,0.0,,,0.0,,4,0.0,14.3,,,0,4,,5,0.5,14.3,1,0,1,0.0,0,3,0.75,2
Javan Johnson,Scarborough Shooting Stars,2026-2027,defense,Isolation,Spot-Up,2,ISO - Defense Commits,ISO - Defense Commits > Spot-Up,ISO - Defense Commits,Spot-Up,,,,,5,71.4,0.4,20.5,0.0,20.0,3,0.0,,,0.0,,4,0.0,20.0,,,0,4,,5,0.5,20.0,1,0,1,0.0,0,3,0.75,2
Javan Johnson,Scarborough Shooting Stars,2026-2027,defense,Isolation,No Dribble Jumper,3,Spot-Up,ISO - Defense Commits > Spot-Up > No Dribble Jumper,ISO - Defense Commits,Spot-Up,No Dribble Jumper,,,,3,60.0,0.0,0.0,0.0,0.0,3,0.0,,,0.0,,3,0.0,0.0,,,0,3,,3,0.0,0.0,0,0,0,,0,3,1.0,0
Javan Johnson,Scarborough Shooting Stars,2026-2027,defense,Isolation,Open,4,No Dribble Jumper,ISO - Defense Commits > Spot-Up > No Dribble Jumper > Open,ISO - Defense Commits,Spot-Up,No Dribble Jumper,Open,,,2,66.7,0.0,0.0,0.0,0.0,2,0.0,,,0.0,,2,0.0,0.0,,,0,2,,2,0.0,0.0,0,0,0,,0,2,1.0,0
Javan Johnson,Scarborough Shooting Stars,2026-2027,defense,Isolation,Long/3pt,5,Open,ISO - Defense Commits > Spot-Up > No Dribble Jumper > Open > Long/3pt,ISO - Defense Commits,Spot-Up,No Dribble Jumper,Open,Long/3pt,,2,100.0,0.0,0.0,0.0,0.0,2,0.0,,,0.0,,2,0.0,0.0,,,0,2,,2,0.0,0.0,0,0,0,,0,2,1.0,0
Javan Johnson,Scarborough Shooting Stars,2026-2027,defense,Isolation,Miss 3 Pts,6,Long/3pt,ISO - Defense Commits > Spot-Up > No Dribble Jumper > Open > Long/3pt > Miss 3 Pts,ISO - Defense Commits,Spot-Up,No Dribble Jumper,Open,Long/3pt,Miss 3 Pts,2,100.0,0.0,0.0,0.0,0.0,2,0.0,,,0.0,,2,0.0,0.0,,,0,2,,2,0.0,0.0,0,0,0,,0,2,1.0,0
Javan Johnson,Scarborough Shooting Stars,2026-2027,defense,Isolation,Guarded,4,No Dribble Jumper,ISO - Defense Commits > Spot-Up > No Dribble Jumper > Guarded,ISO - Defense Commits,Spot-Up,No Dribble Jumper,Guarded,,,1,33.3,0.0,0.0,0.0,0.0,1,0.0,,,0.0,,1,0.0,0.0,,,0,1,,1,0.0,0.0,0,0,0,,0,1,1.0,0
Javan Johnson,Scarborough Shooting Stars,2026-2027,defense,Isolation,Long/3pt,5,Guarded,ISO - Defense Commits > Spot-Up > No Dribble Jumper > Guarded > Long/3pt,ISO - Defense Commits,Spot-Up,No Dribble Jumper,Guarded,Long/3pt,,1,100.0,0.0,0.0,0.0,0.0,1,0.0,,,0.0,,1,0.0,0.0,,,0,1,,1,0.0,0.0,0,0,0,,0,1,1.0,0
Javan Johnson,Scarborough Shooting Stars,2026-2027,defense,Isolation,Miss 3 Pts,6,Long/3pt,ISO - Defense Commits > Spot-Up > No Dribble Jumper > Guarded > Long/3pt > Miss 3 Pts,ISO - Defense Commits,Spot-Up,No Dribble Jumper,Guarded,Long/3pt,Miss 3 Pts,1,100.0,0.0,0.0,0.0,0.0,1,0.0,,,0.0,,1,0.0,0.0,,,0,1,,1,0.0,0.0,0,0,0,,0,1,1.0,0
Javan Johnson,Scarborough Shooting Stars,2026-2027,defense,Isolation,Drives Right,3,Spot-Up,ISO - Defense Commits > Spot-Up > Drives Right,ISO - Defense Commits,Spot-Up,Drives Right,,,,1,20.0,2.0,113.6,0.0,100.0,0,,,,,,0,,100.0,,,0,0,,1,,100.0,0,0,0,,0,0,,2
Javan Johnson,Scarborough Shooting Stars,2026-2027,defense,Isolation,To Basket,4,Drives Right,ISO - Defense Commits > Spot-Up > Drives Right > To Basket,ISO - Defense Commits,Spot-Up,Drives Right,To Basket,,,1,100.0,2.0,113.6,0.0,100.0,0,,,,,,0,,100.0,,,0,0,,1,,100.0,0,0,0,,0,0,,2
Javan Johnson,Scarborough Shooting Stars,2026-2027,defense,Isolation,Foul,5,To Basket,ISO - Defense Commits > Spot-Up > Drives Right > To Basket > Foul,ISO - Defense Commits,Spot-Up,Drives Right,To Basket,Foul,,1,100.0,2.0,113.6,0.0,100.0,0,,,,,,0,,100.0,,,0,0,,1,,100.0,0,0,0,,0,0,,2
Javan Johnson,Scarborough Shooting Stars,2026-2027,defense,Isolation,Drives Left,3,Spot-Up,ISO - Defense Commits > Spot-Up > Drives Left,ISO - Defense Commits,Spot-Up,Drives Left,,,,1,20.0,0.0,0.0,0.0,0.0,0,,,,0.0,,1,0.0,0.0,,,0,1,,1,0.0,0.0,1,0,1,0.0,0,0,0.0,0
Javan Johnson,Scarborough Shooting Stars,2026-2027,defense,Isolation,To Basket,4,Drives Left,ISO - Defense Commits > Spot-Up > Drives Left > To Basket,ISO - Defense Commits,Spot-Up,Drives Left,To Basket,,,1,100.0,0.0,0.0,0.0,0.0,0,,,,0.0,,1,0.0,0.0,,,0,1,,1,0.0,0.0,1,0,1,0.0,0,0,0.0,0
Javan Johnson,Scarborough Shooting Stars,2026-2027,defense,Isolation,Miss 2 Pts,5,To Basket,ISO - Defense Commits > Spot-Up > Drives Left > To Basket > Miss 2 Pts,ISO - Defense Commits,Spot-Up,Drives Left,To Basket,Miss 2 Pts,,1,100.0,0.0,0.0,0.0,0.0,0,,,,0.0,,1,0.0,0.0,,,0,1,,1,0.0,0.0,1,0,1,0.0,0,0,0.0,0
Javan Johnson,Scarborough Shooting Stars,2026-2027,defense,Isolation,Isolation,2,ISO - Defense Commits,ISO - Defense Commits > Isolation,ISO - Defense Commits,Isolation,,,,,2,28.6,0.0,,100.0,0.0,0,,,,,,0,,0.0,,,0,0,,0,,0.0,0,0,0,,0,0,,0
Javan Johnson,Scarborough Shooting Stars,2026-2027,defense,Isolation,Right,3,Isolation,ISO - Defense Commits > Isolation > Right,ISO - Defense Commits,Isolation,Right,,,,2,100.0,0.0,,100.0,0.0,0,,,,,,0,,0.0,,,0,0,,0,,0.0,0,0,0,,0,0,,0
Javan Johnson,Scarborough Shooting Stars,2026-2027,defense,Isolation,Drives Left,4,Right,ISO - Defense Commits > Isolation > Right > Drives Left,ISO - Defense Commits,Isolation,Right,Drives Left,,,1,50.0,0.0,,100.0,0.0,0,,,,,,0,,0.0,,,0,0,,0,,0.0,0,0,0,,0,0,,0
Javan Johnson,Scarborough Shooting Stars,2026-2027,defense,Isolation,Defense Commits,5,Drives Left,ISO - Defense Commits > Isolation > Right > Drives Left > Defense Commits,ISO - Defense Commits,Isolation,Right,Drives Left,Defense Commits,,1,100.0,0.0,,100.0,0.0,0,,,,,,0,,0.0,,,0,0,,0,,0.0,0,0,0,,0,0,,0
Javan Johnson,Scarborough Shooting Stars,2026-2027,defense,Isolation,Turnover,6,Defense Commits,ISO - Defense Commits > Isolation > Right > Drives Left > Defense Commits > Turnover,ISO - Defense Commits,Isolation,Right,Drives Left,Defense Commits,Turnover,1,100.0,0.0,,100.0,0.0,0,,,,,,0,,0.0,,,0,0,,0,,0.0,0,0,0,,0,0,,0
Javan Johnson,Scarborough Shooting Stars,2026-2027,defense,Isolation,Drives Right,4,Right,ISO - Defense Commits > Isolation > Right > Drives Right,ISO - Defense Commits,Isolation,Right,Drives Right,,,1,50.0,0.0,,100.0,0.0,0,,,,,,0,,0.0,,,0,0,,0,,0.0,0,0,0,,0,0,,0
Javan Johnson,Scarborough Shooting Stars,2026-2027,defense,Isolation,Defense Commits,5,Drives Right,ISO - Defense Commits > Isolation > Right > Drives Right > Defense Commits,ISO - Defense Commits,Isolation,Right,Drives Right,Defense Commits,,1,100.0,0.0,,100.0,0.0,0,,,,,,0,,0.0,,,0,0,,0,,0.0,0,0,0,,0,0,,0
Javan Johnson,Scarborough Shooting Stars,2026-2027,defense,Isolation,Turnover,6,Defense Commits,ISO - Defense Commits > Isolation > Right > Drives Right > Defense Commits > Turnover,ISO - Defense Commits,Isolation,Right,Drives Right,Defense Commits,Turnover,1,100.0,0.0,,100.0,0.0,0,,,,,,0,,0.0,,,0,0,,0,,0.0,0,0,0,,0,0,,0
Javan Johnson,Scarborough Shooting Stars,2026-2027,defense,Post up,Post-Ups Including Passes,1,,Post-Ups Including Passes,Post-Ups Including Passes,,,,,,13,6.7,0.692,41.8,15.4,15.4,2,50.0,Very Good,82.0,33.3,13.0,9,38.9,15.4,,,3,6,,11,0.44,38.5,7,2,5,28.6,1,1,0.22,9
Javan Johnson,Scarborough Shooting Stars,2026-2027,defense,Post up,Post-Up,2,Post-Ups Including Passes,Post-Ups Including Passes > Post-Up,Post-Ups Including Passes,Post-Up,,,,,9,69.2,0.667,38.7,11.1,22.2,0,,,,33.3,,6,33.3,22.2,,,2,4,,8,0.67,44.4,6,2,4,33.3,0,0,0.0,6
Javan Johnson,Scarborough Shooting Stars,2026-2027,defense,Post up,Left Block,3,Post-Up,Post-Ups Including Passes > Post-Up > Left Block,Post-Ups Including Passes,Post-Up,Left Block,,,,4,44.4,0.5,33.3,25.0,0.0,0,,,,33.3,,3,33.3,0.0,,,1,2,,3,0.0,25.0,3,1,2,33.3,0,0,0.0,2
Javan Johnson,Scarborough Shooting Stars,2026-2027,defense,Post up,Right Shoulder,4,Left Block,Post-Ups Including Passes > Post-Up > Left Block > Right Shoulder,Post-Ups Including Passes,Post-Up,Left Block,Right Shoulder,,,3,75.0,0.0,0.0,33.3,0.0,0,,,,0.0,,2,0.0,0.0,,,0,2,,2,0.0,0.0,2,0,2,0.0,0,0,0.0,0
Javan Johnson,Scarborough Shooting Stars,2026-2027,defense,Post up,Dribble Move,5,Right Shoulder,Post-Ups Including Passes > Post-Up > Left Block > Right Shoulder > Dribble Move,Post-Ups Including Passes,Post-Up,Left Block,Right Shoulder,Dribble Move,,3,100.0,0.0,0.0,33.3,0.0,0,,,,0.0,,2,0.0,0.0,,,0,2,,2,0.0,0.0,2,0,2,0.0,0,0,0.0,0
Javan Johnson,Scarborough Shooting Stars,2026-2027,defense,Post up,To Jumper,6,Dribble Move,Post-Ups Including Passes > Post-Up > Left Block > Right Shoulder > Dribble Move > To Jumper,Post-Ups Including Passes,Post-Up,Left Block,Right Shoulder,Dribble Move,To Jumper,1,33.3,0.0,0.0,0.0,0.0,0,,,,0.0,,1,0.0,0.0,,,0,1,,1,0.0,0.0,1,0,1,0.0,0,0,0.0,0
Javan Johnson,Scarborough Shooting Stars,2026-2027,defense,Post up,To Drop Step,6,Dribble Move,Post-Ups Including Passes > Post-Up > Left Block > Right Shoulder > Dribble Move > To Drop Step,Post-Ups Including Passes,Post-Up,Left Block,Right Shoulder,Dribble Move,To Drop Step,1,33.3,0.0,0.0,0.0,0.0,0,,,,0.0,,1,0.0,0.0,,,0,1,,1,0.0,0.0,1,0,1,0.0,0,0,0.0,0
Javan Johnson,Scarborough Shooting Stars,2026-2027,defense,Post up,Defense Commits,6,Dribble Move,Post-Ups Including Passes > Post-Up > Left Block > Right Shoulder > Dribble Move > Defense Commits,Post-Ups Including Passes,Post-Up,Left Block,Right Shoulder,Dribble Move,Defense Commits,1,33.3,0.0,,100.0,0.0,0,,,,,,0,,0.0,,,0,0,,0,,0.0,0,0,0,,0,0,,0
Javan Johnson,Scarborough Shooting Stars,2026-2027,defense,Post up,Left Shoulder,4,Left Block,Post-Ups Including Passes > Post-Up > Left Block > Left Shoulder,Post-Ups Including Passes,Post-Up,Left Block,Left Shoulder,,,1,25.0,2.0,100.0,0.0,0.0,0,,,,100.0,,1,100.0,0.0,,,1,0,,1,0.0,100.0,1,1,0,100.0,0,0,0.0,2
Javan Johnson,Scarborough Shooting Stars,2026-2027,defense,Post up,Dribble Move,5,Left Shoulder,Post-Ups Including Passes > Post-Up > Left Block > Left Shoulder > Dribble Move,Post-Ups Including Passes,Post-Up,Left Block,Left Shoulder,Dribble Move,,1,100.0,2.0,100.0,0.0,0.0,0,,,,100.0,,1,100.0,0.0,,,1,0,,1,0.0,100.0,1,1,0,100.0,0,0,0.0,2
Javan Johnson,Scarborough Shooting Stars,2026-2027,defense,Post up,To Jumper,6,Dribble Move,Post-Ups Including Passes > Post-Up > Left Block > Left Shoulder > Dribble Move > To Jumper,Post-Ups Including Passes,Post-Up,Left Block,Left Shoulder,Dribble Move,To Jumper,1,100.0,2.0,100.0,0.0,0.0,0,,,,100.0,,1,100.0,0.0,,,1,0,,1,0.0,100.0,1,1,0,100.0,0,0,0.0,2
Javan Johnson,Scarborough Shooting Stars,2026-2027,defense,Post up,Right Block,3,Post-Up,Post-Ups Including Passes > Post-Up > Right Block,Post-Ups Including Passes,Post-Up,Right Block,,,,4,44.4,0.75,38.7,0.0,25.0,0,,,,33.3,,3,33.3,25.0,,,1,2,,4,0.67,50.0,3,1,2,33.3,0,0,0.0,3
Javan Johnson,Scarborough Shooting Stars,2026-2027,defense,Post up,Right Shoulder,4,Right Block,Post-Ups Including Passes > Post-Up > Right Block > Right Shoulder,Post-Ups Including Passes,Post-Up,Right Block,Right Shoulder,,,2,50.0,1.5,79.8,0.0,50.0,0,,,,100.0,,1,100.0,50.0,,,1,0,,2,2.0,100.0,1,1,0,100.0,0,0,0.0,3
Javan Johnson,Scarborough Shooting Stars,2026-2027,defense,Post up,Dribble Move,5,Right Shoulder,Post-Ups Including Passes > Post-Up > Right Block > Right Shoulder > Dribble Move,Post-Ups Including Passes,Post-Up,Right Block,Right Shoulder,Dribble Move,,2,100.0,1.5,79.8,0.0,50.0,0,,,,100.0,,1,100.0,50.0,,,1,0,,2,2.0,100.0,1,1,0,100.0,0,0,0.0,3
Javan Johnson,Scarborough Shooting Stars,2026-2027,defense,Post up,To Jumper,6,Dribble Move,Post-Ups Including Passes > Post-Up > Right Block > Right Shoulder > Dribble Move > To Jumper,Post-Ups Including Passes,Post-Up,Right Block,Right Shoulder,Dribble Move,To Jumper,1,50.0,2.0,100.0,0.0,0.0,0,,,,100.0,,1,100.0,0.0,,,1,0,,1,0.0,100.0,1,1,0,100.0,0,0,0.0,2
Javan Johnson,Scarborough Shooting Stars,2026-2027,defense,Post up,To Basket,6,Dribble Move,Post-Ups Including Passes > Post-Up > Right Block > Right Shoulder > Dribble Move > To Basket,Post-Ups Including Passes,Post-Up,Right Block,Right Shoulder,Dribble Move,To Basket,1,50.0,1.0,56.8,0.0,100.0,0,,,,,,0,,100.0,,,0,0,,1,,100.0,0,0,0,,0,0,,1
Javan Johnson,Scarborough Shooting Stars,2026-2027,defense,Post up,Face-up,4,Right Block,Post-Ups Including Passes > Post-Up > Right Block > Face-up,Post-Ups Including Passes,Post-Up,Right Block,Face-up,,,1,25.0,0.0,0.0,0.0,0.0,0,,,,0.0,,1,0.0,0.0,,,0,1,,1,0.0,0.0,1,0,1,0.0,0,0,0.0,0
Javan Johnson,Scarborough Shooting Stars,2026-2027,defense,Post up,Drive Baseline,5,Face-up,Post-Ups Including Passes > Post-Up > Right Block > Face-up > Drive Baseline,Post-Ups Including Passes,Post-Up,Right Block,Face-up,Drive Baseline,,1,100.0,0.0,0.0,0.0,0.0,0,,,,0.0,,1,0.0,0.0,,,0,1,,1,0.0,0.0,1,0,1,0.0,0,0,0.0,0
Javan Johnson,Scarborough Shooting Stars,2026-2027,defense,Post up,Miss 2 Pts,6,Drive Baseline,Post-Ups Including Passes > Post-Up > Right Block > Face-up > Drive Baseline > Miss 2 Pts,Post-Ups Including Passes,Post-Up,Right Block,Face-up,Drive Baseline,Miss 2 Pts,1,100.0,0.0,0.0,0.0,0.0,0,,,,0.0,,1,0.0,0.0,,,0,1,,1,0.0,0.0,1,0,1,0.0,0,0,0.0,0
Javan Johnson,Scarborough Shooting Stars,2026-2027,defense,Post up,Post Pin,4,Right Block,Post-Ups Including Passes > Post-Up > Right Block > Post Pin,Post-Ups Including Passes,Post-Up,Right Block,Post Pin,,,1,25.0,0.0,0.0,0.0,0.0,0,,,,0.0,,1,0.0,0.0,,,0,1,,1,0.0,0.0,1,0,1,0.0,0,0,0.0,0
Javan Johnson,Scarborough Shooting Stars,2026-2027,defense,Post up,Dribble Move,5,Post Pin,Post-Ups Including Passes > Post-Up > Right Block > Post Pin > Dribble Move,Post-Ups Including Passes,Post-Up,Right Block,Post Pin,Dribble Move,,1,100.0,0.0,0.0,0.0,0.0,0,,,,0.0,,1,0.0,0.0,,,0,1,,1,0.0,0.0,1,0,1,0.0,0,0,0.0,0
Javan Johnson,Scarborough Shooting Stars,2026-2027,defense,Post up,To Basket,6,Dribble Move,Post-Ups Including Passes > Post-Up > Right Block > Post Pin > Dribble Move > To Basket,Post-Ups Including Passes,Post-Up,Right Block,Post Pin,Dribble Move,To Basket,1,100.0,0.0,0.0,0.0,0.0,0,,,,0.0,,1,0.0,0.0,,,0,1,,1,0.0,0.0,1,0,1,0.0,0,0,0.0,0
Javan Johnson,Scarborough Shooting Stars,2026-2027,defense,Post up,Flash Middle,3,Post-Up,Post-Ups Including Passes > Post-Up > Flash Middle,Post-Ups Including Passes,Post-Up,Flash Middle,,,,1,11.1,1.0,56.8,0.0,100.0,0,,,,,,0,,100.0,,,0,0,,1,,100.0,0,0,0,,0,0,,1
Javan Johnson,Scarborough Shooting Stars,2026-2027,defense,Post up,Post Pin,4,Flash Middle,Post-Ups Including Passes > Post-Up > Flash Middle > Post Pin,Post-Ups Including Passes,Post-Up,Flash Middle,Post Pin,,,1,100.0,1.0,56.8,0.0,100.0,0,,,,,,0,,100.0,,,0,0,,1,,100.0,0,0,0,,0,0,,1
Javan Johnson,Scarborough Shooting Stars,2026-2027,defense,Post up,No Dribble Move,5,Post Pin,Post-Ups Including Passes > Post-Up > Flash Middle > Post Pin > No Dribble Move,Post-Ups Including Passes,Post-Up,Flash Middle,Post Pin,No Dribble Move,,1,100.0,1.0,56.8,0.0,100.0,0,,,,,,0,,100.0,,,0,0,,1,,100.0,0,0,0,,0,0,,1
Javan Johnson,Scarborough Shooting Stars,2026-2027,defense,Post up,To Basket,6,No Dribble Move,Post-Ups Including Passes > Post-Up > Flash Middle > Post Pin > No Dribble Move > To Basket,Post-Ups Including Passes,Post-Up,Flash Middle,Post Pin,No Dribble Move,To Basket,1,100.0,1.0,56.8,0.0,100.0,0,,,,,,0,,100.0,,,0,0,,1,,100.0,0,0,0,,0,0,,1
Javan Johnson,Scarborough Shooting Stars,2026-2027,defense,Post up,Spot-Up,2,Post-Ups Including Passes,Post-Ups Including Passes > Spot-Up,Post-Ups Including Passes,Spot-Up,,,,,4,30.8,0.75,50.0,25.0,0.0,2,50.0,,,33.3,,3,50.0,0.0,,,1,2,,3,0.0,25.0,1,0,1,0.0,1,1,0.67,3
Javan Johnson,Scarborough Shooting Stars,2026-2027,defense,Post up,No Dribble Jumper,3,Spot-Up,Post-Ups Including Passes > Spot-Up > No Dribble Jumper,Post-Ups Including Passes,Spot-Up,No Dribble Jumper,,,,2,50.0,1.5,75.0,0.0,0.0,2,50.0,,,50.0,,2,75.0,0.0,,,1,1,,2,0.0,50.0,0,0,0,,1,1,1.0,3
Javan Johnson,Scarborough Shooting Stars,2026-2027,defense,Post up,Open,4,No Dribble Jumper,Post-Ups Including Passes > Spot-Up > No Dribble Jumper > Open,Post-Ups Including Passes,Spot-Up,No Dribble Jumper,Open,,,2,100.0,1.5,75.0,0.0,0.0,2,50.0,,,50.0,,2,75.0,0.0,,,1,1,,2,0.0,50.0,0,0,0,,1,1,1.0,3
Javan Johnson,Scarborough Shooting Stars,2026-2027,defense,Post up,Long/3pt,5,Open,Post-Ups Including Passes > Spot-Up > No Dribble Jumper > Open > Long/3pt,Post-Ups Including Passes,Spot-Up,No Dribble Jumper,Open,Long/3pt,,2,100.0,1.5,75.0,0.0,0.0,2,50.0,,,50.0,,2,75.0,0.0,,,1,1,,2,0.0,50.0,0,0,0,,1,1,1.0,3
Javan Johnson,Scarborough Shooting Stars,2026-2027,defense,Post up,Miss 3 Pts,6,Long/3pt,Post-Ups Including Passes > Spot-Up > No Dribble Jumper > Open > Long/3pt > Miss 3 Pts,Post-Ups Including Passes,Spot-Up,No Dribble Jumper,Open,Long/3pt,Miss 3 Pts,1,50.0,0.0,0.0,0.0,0.0,1,0.0,,,0.0,,1,0.0,0.0,,,0,1,,1,0.0,0.0,0,0,0,,0,1,1.0,0
Javan Johnson,Scarborough Shooting Stars,2026-2027,defense,Post up,Make 3 Pts,6,Long/3pt,Post-Ups Including Passes > Spot-Up > No Dribble Jumper > Open > Long/3pt > Make 3 Pts,Post-Ups Including Passes,Spot-Up,No Dribble Jumper,Open,Long/3pt,Make 3 Pts,1,50.0,3.0,150.0,0.0,0.0,1,100.0,,,100.0,,1,150.0,0.0,,,1,0,,1,0.0,100.0,0,0,0,,1,0,1.0,3
Javan Johnson,Scarborough Shooting Stars,2026-2027,defense,Post up,Drives Left,3,Spot-Up,Post-Ups Including Passes > Spot-Up > Drives Left,Post-Ups Including Passes,Spot-Up,Drives Left,,,,1,25.0,0.0,0.0,0.0,0.0,0,,,,0.0,,1,0.0,0.0,,,0,1,,1,0.0,0.0,1,0,1,0.0,0,0,0.0,0
Javan Johnson,Scarborough Shooting Stars,2026-2027,defense,Post up,Dribble Jumper,4,Drives Left,Post-Ups Including Passes > Spot-Up > Drives Left > Dribble Jumper,Post-Ups Including Passes,Spot-Up,Drives Left,Dribble Jumper,,,1,100.0,0.0,0.0,0.0,0.0,0,,,,0.0,,1,0.0,0.0,,,0,1,,1,0.0,0.0,1,0,1,0.0,0,0,0.0,0
Javan Johnson,Scarborough Shooting Stars,2026-2027,defense,Post up,Short to < 17,5,Dribble Jumper,Post-Ups Including Passes > Spot-Up > Drives Left > Dribble Jumper > Short to < 17,Post-Ups Including Passes,Spot-Up,Drives Left,Dribble Jumper,Short to < 17,,1,100.0,0.0,0.0,0.0,0.0,0,,,,0.0,,1,0.0,0.0,,,0,1,,1,0.0,0.0,1,0,1,0.0,0,0,0.0,0
Javan Johnson,Scarborough Shooting Stars,2026-2027,defense,Post up,Miss 2 Pts,6,Short to < 17,Post-Ups Including Passes > Spot-Up > Drives Left > Dribble Jumper > Short to < 17 > Miss 2 Pts,Post-Ups Including Passes,Spot-Up,Drives Left,Dribble Jumper,Short to < 17,Miss 2 Pts,1,100.0,0.0,0.0,0.0,0.0,0,,,,0.0,,1,0.0,0.0,,,0,1,,1,0.0,0.0,1,0,1,0.0,0,0,0.0,0
Javan Johnson,Scarborough Shooting Stars,2026-2027,defense,Post up,Drives Right,3,Spot-Up,Post-Ups Including Passes > Spot-Up > Drives Right,Post-Ups Including Passes,Spot-Up,Drives Right,,,,1,25.0,0.0,,100.0,0.0,0,,,,,,0,,0.0,,,0,0,,0,,0.0,0,0,0,,0,0,,0
Javan Johnson,Scarborough Shooting Stars,2026-2027,defense,Post up,Turnover,4,Drives Right,Post-Ups Including Passes > Spot-Up > Drives Right > Turnover,Post-Ups Including Passes,Spot-Up,Drives Right,Turnover,,,1,100.0,0.0,,100.0,0.0,0,,,,,,0,,0.0,,,0,0,,0,,0.0,0,0,0,,0,0,,0
Javan Johnson,Scarborough Shooting Stars,2026-2027,defense,Post up,Post-Up - Defense Commits,1,,Post-Up - Defense Commits,Post-Up - Defense Commits,,,,,,5,2.6,0.6,50.0,40.0,0.0,2,50.0,,,33.3,,3,50.0,0.0,,,1,2,,3,0.0,20.0,1,0,1,0.0,1,1,0.67,3
Javan Johnson,Scarborough Shooting Stars,2026-2027,defense,Post up,Spot-Up,2,Post-Up - Defense Commits,Post-Up - Defense Commits > Spot-Up,Post-Up - Defense Commits,Spot-Up,,,,,4,80.0,0.75,50.0,25.0,0.0,2,50.0,,,33.3,,3,50.0,0.0,,,1,2,,3,0.0,25.0,1,0,1,0.0,1,1,0.67,3
Javan Johnson,Scarborough Shooting Stars,2026-2027,defense,Post up,No Dribble Jumper,3,Spot-Up,Post-Up - Defense Commits > Spot-Up > No Dribble Jumper,Post-Up - Defense Commits,Spot-Up,No Dribble Jumper,,,,2,50.0,1.5,75.0,0.0,0.0,2,50.0,,,50.0,,2,75.0,0.0,,,1,1,,2,0.0,50.0,0,0,0,,1,1,1.0,3
Javan Johnson,Scarborough Shooting Stars,2026-2027,defense,Post up,Open,4,No Dribble Jumper,Post-Up - Defense Commits > Spot-Up > No Dribble Jumper > Open,Post-Up - Defense Commits,Spot-Up,No Dribble Jumper,Open,,,2,100.0,1.5,75.0,0.0,0.0,2,50.0,,,50.0,,2,75.0,0.0,,,1,1,,2,0.0,50.0,0,0,0,,1,1,1.0,3
Javan Johnson,Scarborough Shooting Stars,2026-2027,defense,Post up,Long/3pt,5,Open,Post-Up - Defense Commits > Spot-Up > No Dribble Jumper > Open > Long/3pt,Post-Up - Defense Commits,Spot-Up,No Dribble Jumper,Open,Long/3pt,,2,100.0,1.5,75.0,0.0,0.0,2,50.0,,,50.0,,2,75.0,0.0,,,1,1,,2,0.0,50.0,0,0,0,,1,1,1.0,3
Javan Johnson,Scarborough Shooting Stars,2026-2027,defense,Post up,Miss 3 Pts,6,Long/3pt,Post-Up - Defense Commits > Spot-Up > No Dribble Jumper > Open > Long/3pt > Miss 3 Pts,Post-Up - Defense Commits,Spot-Up,No Dribble Jumper,Open,Long/3pt,Miss 3 Pts,1,50.0,0.0,0.0,0.0,0.0,1,0.0,,,0.0,,1,0.0,0.0,,,0,1,,1,0.0,0.0,0,0,0,,0,1,1.0,0
Javan Johnson,Scarborough Shooting Stars,2026-2027,defense,Post up,Make 3 Pts,6,Long/3pt,Post-Up - Defense Commits > Spot-Up > No Dribble Jumper > Open > Long/3pt > Make 3 Pts,Post-Up - Defense Commits,Spot-Up,No Dribble Jumper,Open,Long/3pt,Make 3 Pts,1,50.0,3.0,150.0,0.0,0.0,1,100.0,,,100.0,,1,150.0,0.0,,,1,0,,1,0.0,100.0,0,0,0,,1,0,1.0,3
Javan Johnson,Scarborough Shooting Stars,2026-2027,defense,Post up,Drives Left,3,Spot-Up,Post-Up - Defense Commits > Spot-Up > Drives Left,Post-Up - Defense Commits,Spot-Up,Drives Left,,,,1,25.0,0.0,0.0,0.0,0.0,0,,,,0.0,,1,0.0,0.0,,,0,1,,1,0.0,0.0,1,0,1,0.0,0,0,0.0,0
Javan Johnson,Scarborough Shooting Stars,2026-2027,defense,Post up,Dribble Jumper,4,Drives Left,Post-Up - Defense Commits > Spot-Up > Drives Left > Dribble Jumper,Post-Up - Defense Commits,Spot-Up,Drives Left,Dribble Jumper,,,1,100.0,0.0,0.0,0.0,0.0,0,,,,0.0,,1,0.0,0.0,,,0,1,,1,0.0,0.0,1,0,1,0.0,0,0,0.0,0
Javan Johnson,Scarborough Shooting Stars,2026-2027,defense,Post up,Short to < 17,5,Dribble Jumper,Post-Up - Defense Commits > Spot-Up > Drives Left > Dribble Jumper > Short to < 17,Post-Up - Defense Commits,Spot-Up,Drives Left,Dribble Jumper,Short to < 17,,1,100.0,0.0,0.0,0.0,0.0,0,,,,0.0,,1,0.0,0.0,,,0,1,,1,0.0,0.0,1,0,1,0.0,0,0,0.0,0
Javan Johnson,Scarborough Shooting Stars,2026-2027,defense,Post up,Miss 2 Pts,6,Short to < 17,Post-Up - Defense Commits > Spot-Up > Drives Left > Dribble Jumper > Short to < 17 > Miss 2 Pts,Post-Up - Defense Commits,Spot-Up,Drives Left,Dribble Jumper,Short to < 17,Miss 2 Pts,1,100.0,0.0,0.0,0.0,0.0,0,,,,0.0,,1,0.0,0.0,,,0,1,,1,0.0,0.0,1,0,1,0.0,0,0,0.0,0
Javan Johnson,Scarborough Shooting Stars,2026-2027,defense,Post up,Drives Right,3,Spot-Up,Post-Up - Defense Commits > Spot-Up > Drives Right,Post-Up - Defense Commits,Spot-Up,Drives Right,,,,1,25.0,0.0,,100.0,0.0,0,,,,,,0,,0.0,,,0,0,,0,,0.0,0,0,0,,0,0,,0
Javan Johnson,Scarborough Shooting Stars,2026-2027,defense,Post up,Turnover,4,Drives Right,Post-Up - Defense Commits > Spot-Up > Drives Right > Turnover,Post-Up - Defense Commits,Spot-Up,Drives Right,Turnover,,,1,100.0,0.0,,100.0,0.0,0,,,,,,0,,0.0,,,0,0,,0,,0.0,0,0,0,,0,0,,0
Javan Johnson,Scarborough Shooting Stars,2026-2027,defense,Post up,Post-Up,2,Post-Up - Defense Commits,Post-Up - Defense Commits > Post-Up,Post-Up - Defense Commits,Post-Up,,,,,1,20.0,0.0,,100.0,0.0,0,,,,,,0,,0.0,,,0,0,,0,,0.0,0,0,0,,0,0,,0
Javan Johnson,Scarborough Shooting Stars,2026-2027,defense,Post up,Left Block,3,Post-Up,Post-Up - Defense Commits > Post-Up > Left Block,Post-Up - Defense Commits,Post-Up,Left Block,,,,1,100.0,0.0,,100.0,0.0,0,,,,,,0,,0.0,,,0,0,,0,,0.0,0,0,0,,0,0,,0
Javan Johnson,Scarborough Shooting Stars,2026-2027,defense,Post up,Right Shoulder,4,Left Block,Post-Up - Defense Commits > Post-Up > Left Block > Right Shoulder,Post-Up - Defense Commits,Post-Up,Left Block,Right Shoulder,,,1,100.0,0.0,,100.0,0.0,0,,,,,,0,,0.0,,,0,0,,0,,0.0,0,0,0,,0,0,,0
Javan Johnson,Scarborough Shooting Stars,2026-2027,defense,Post up,Dribble Move,5,Right Shoulder,Post-Up - Defense Commits > Post-Up > Left Block > Right Shoulder > Dribble Move,Post-Up - Defense Commits,Post-Up,Left Block,Right Shoulder,Dribble Move,,1,100.0,0.0,,100.0,0.0,0,,,,,,0,,0.0,,,0,0,,0,,0.0,0,0,0,,0,0,,0
Javan Johnson,Scarborough Shooting Stars,2026-2027,defense,Post up,Defense Commits,6,Dribble Move,Post-Up - Defense Commits > Post-Up > Left Block > Right Shoulder > Dribble Move > Defense Commits,Post-Up - Defense Commits,Post-Up,Left Block,Right Shoulder,Dribble Move,Defense Commits,1,100.0,0.0,,100.0,0.0,0,,,,,,0,,0.0,,,0,0,,0,,0.0,0,0,0,,0,0,,0
Javan Johnson,Scarborough Shooting Stars,2026-2027,defense,Post up,Post-Up - Hard Double,1,,Post-Up - Hard Double,Post-Up - Hard Double,,,,,,1,0.5,0.0,,100.0,0.0,0,,,,,,0,,0.0,,,0,0,,0,,0.0,0,0,0,,0,0,,0
Javan Johnson,Scarborough Shooting Stars,2026-2027,defense,Post up,Left Block,2,Post-Up - Hard Double,Post-Up - Hard Double > Left Block,Post-Up - Hard Double,Left Block,,,,,1,100.0,0.0,,100.0,0.0,0,,,,,,0,,0.0,,,0,0,,0,,0.0,0,0,0,,0,0,,0
Javan Johnson,Scarborough Shooting Stars,2026-2027,defense,Post up,Right Shoulder,3,Left Block,Post-Up - Hard Double > Left Block > Right Shoulder,Post-Up - Hard Double,Left Block,Right Shoulder,,,,1,100.0,0.0,,100.0,0.0,0,,,,,,0,,0.0,,,0,0,,0,,0.0,0,0,0,,0,0,,0
Javan Johnson,Scarborough Shooting Stars,2026-2027,defense,Post up,Dribble Move,4,Right Shoulder,Post-Up - Hard Double > Left Block > Right Shoulder > Dribble Move,Post-Up - Hard Double,Left Block,Right Shoulder,Dribble Move,,,1,100.0,0.0,,100.0,0.0,0,,,,,,0,,0.0,,,0,0,,0,,0.0,0,0,0,,0,0,,0
Javan Johnson,Scarborough Shooting Stars,2026-2027,defense,Post up,Defense Commits,5,Dribble Move,Post-Up - Hard Double > Left Block > Right Shoulder > Dribble Move > Defense Commits,Post-Up - Hard Double,Left Block,Right Shoulder,Dribble Move,Defense Commits,,1,100.0,0.0,,100.0,0.0,0,,,,,,0,,0.0,,,0,0,,0,,0.0,0,0,0,,0,0,,0
