PLAYER,TEAM,SEASON,SIDE,TABLE,STAT,DEPTH,PARENT,PATH,LEVEL_1,LEVEL_2,LEVEL_3,LEVEL_4,LEVEL_5,LEVEL_6,POSS,%TIME,PPP,TS%,TO%,%FT,3FG ATT,3 FG%,PPP RATING,PPP RANK,FG%,%TIME RANK,FG ATT,EFG%,%SF,SSQ,PPS,FG MADE,FG MISS,SSM,TSA,FTA/FGA,SCORE%,2 FG ATT,2 FG MADE,2 FG MISS,2 FG%,3 FG MADE,3 FG MISS,3PA/FGA,PTS
Shamar Givance,Ottawa Blackjacks,2024-2025,offense,Play types,P&R Ball Handler,1,,P&R Ball Handler,P&R Ball Handler,,,,,,32,27.6,0.938,60.6,21.9,6.3,9,55.6,Very Good,77.0,47.8,64.0,23,58.7,6.3,,,11,12,,24.8,0.17,40.6,14,6,8,42.9,5,4,0.39,30
Shamar Givance,Ottawa Blackjacks,2024-2025,offense,Play types,P&R Ball Handler - Overall,2,P&R Ball Handler,P&R Ball Handler > P&R Ball Handler - Overall,P&R Ball Handler,P&R Ball Handler - Overall,,,,,32,100.0,0.938,60.6,21.9,6.3,9,55.6,,,47.8,,23,58.7,6.3,,,11,12,,24.8,0.17,40.6,14,6,8,42.9,5,4,0.39,30
Shamar Givance,Ottawa Blackjacks,2024-2025,offense,Play types,Dribble Off Pick,3,P&R Ball Handler - Overall,P&R Ball Handler > P&R Ball Handler - Overall > Dribble Off Pick,P&R Ball Handler,P&R Ball Handler - Overall,Dribble Off Pick,,,,23,71.9,0.826,55.9,26.1,0.0,9,55.6,,,41.2,,17,55.9,0.0,,,7,10,,17.0,0.0,30.4,8,2,6,25.0,5,4,0.53,19
Shamar Givance,Ottawa Blackjacks,2024-2025,offense,Play types,Go Away from Pick,3,P&R Ball Handler - Overall,P&R Ball Handler > P&R Ball Handler - Overall > Go Away from Pick,P&R Ball Handler,P&R Ball Handler - Overall,Go Away from Pick,,,,9,28.1,1.222,70.9,11.1,22.2,0,,,,66.7,,6,66.7,22.2,,,4,2,,7.8,0.67,66.7,6,4,2,66.7,0,0,0.0,11
Shamar Givance,Ottawa Blackjacks,2024-2025,offense,Play types,High P&R,2,P&R Ball Handler,P&R Ball Handler > High P&R,P&R Ball Handler,High P&R,,,,,21,65.6,1.095,68.6,19.0,9.5,7,57.1,,,53.3,,15,66.7,9.5,,,8,7,,16.8,0.27,47.6,8,4,4,50.0,4,3,0.47,23
Shamar Givance,Ottawa Blackjacks,2024-2025,offense,Play types,Dribble Off Pick,3,High P&R,P&R Ball Handler > High P&R > Dribble Off Pick,P&R Ball Handler,High P&R,Dribble Off Pick,,,,15,71.4,0.933,58.3,20.0,0.0,7,57.1,,,41.7,,12,58.3,0.0,,,5,7,,12.0,0.0,33.3,5,1,4,20.0,4,3,0.58,14
Shamar Givance,Ottawa Blackjacks,2024-2025,offense,Play types,Dribble Jumper,4,Dribble Off Pick,P&R Ball Handler > High P&R > Dribble Off Pick > Dribble Jumper,P&R Ball Handler,High P&R,Dribble Off Pick,Dribble Jumper,,,10,66.7,1.2,60.0,0.0,0.0,7,57.1,,,40.0,,10,60.0,0.0,,,4,6,,10.0,0.0,40.0,3,0,3,0.0,4,3,0.7,12
Shamar Givance,Ottawa Blackjacks,2024-2025,offense,Play types,Long/3pt,5,Dribble Jumper,P&R Ball Handler > High P&R > Dribble Off Pick > Dribble Jumper > Long/3pt,P&R Ball Handler,High P&R,Dribble Off Pick,Dribble Jumper,Long/3pt,,7,70.0,1.714,85.7,0.0,0.0,7,57.1,,,57.1,,7,85.7,0.0,,,4,3,,7.0,0.0,57.1,0,0,0,,4,3,1.0,12
Shamar Givance,Ottawa Blackjacks,2024-2025,offense,Play types,Short to < 17,5,Dribble Jumper,P&R Ball Handler > High P&R > Dribble Off Pick > Dribble Jumper > Short to < 17,P&R Ball Handler,High P&R,Dribble Off Pick,Dribble Jumper,Short to < 17,,3,30.0,0.0,0.0,0.0,0.0,0,,,,0.0,,3,0.0,0.0,,,0,3,,3.0,0.0,0.0,3,0,3,0.0,0,0,0.0,0
Shamar Givance,Ottawa Blackjacks,2024-2025,offense,Play types,Defense Commits,4,Dribble Off Pick,P&R Ball Handler > High P&R > Dribble Off Pick > Defense Commits,P&R Ball Handler,High P&R,Dribble Off Pick,Defense Commits,,,3,20.0,0.0,,100.0,0.0,0,,,,,,0,,0.0,,,0,0,,0.0,,0.0,0,0,0,,0,0,,0
Shamar Givance,Ottawa Blackjacks,2024-2025,offense,Play types,Turnover,5,Defense Commits,P&R Ball Handler > High P&R > Dribble Off Pick > Defense Commits > Turnover,P&R Ball Handler,High P&R,Dribble Off Pick,Defense Commits,Turnover,,3,100.0,0.0,,100.0,0.0,0,,,,,,0,,0.0,,,0,0,,0.0,,0.0,0,0,0,,0,0,,0
Shamar Givance,Ottawa Blackjacks,2024-2025,offense,Play types,To Basket,4,Dribble Off Pick,P&R Ball Handler > High P&R > Dribble Off Pick > To Basket,P&R Ball Handler,High P&R,Dribble Off Pick,To Basket,,,2,13.3,1.0,50.0,0.0,0.0,0,,,,50.0,,2,50.0,0.0,,,1,1,,2.0,0.0,50.0,2,1,1,50.0,0,0,0.0,2
Shamar Givance,Ottawa Blackjacks,2024-2025,offense,Play types,Make 2 Pts,5,To Basket,P&R Ball Handler > High P&R > Dribble Off Pick > To Basket > Make 2 Pts,P&R Ball Handler,High P&R,Dribble Off Pick,To Basket,Make 2 Pts,,1,50.0,2.0,100.0,0.0,0.0,0,,,,100.0,,1,100.0,0.0,,,1,0,,1.0,0.0,100.0,1,1,0,100.0,0,0,0.0,2
Shamar Givance,Ottawa Blackjacks,2024-2025,offense,Play types,Miss 2 Pts,5,To Basket,P&R Ball Handler > High P&R > Dribble Off Pick > To Basket > Miss 2 Pts,P&R Ball Handler,High P&R,Dribble Off Pick,To Basket,Miss 2 Pts,,1,50.0,0.0,0.0,0.0,0.0,0,,,,0.0,,1,0.0,0.0,,,0,1,,1.0,0.0,0.0,1,0,1,0.0,0,0,0.0,0
Shamar Givance,Ottawa Blackjacks,2024-2025,offense,Play types,Go Away from Pick,3,High P&R,P&R Ball Handler > High P&R > Go Away from Pick,P&R Ball Handler,High P&R,Go Away from Pick,,,,6,28.6,1.5,94.5,16.7,33.3,0,,,,100.0,,3,100.0,33.3,,,3,0,,4.8,1.33,83.3,3,3,0,100.0,0,0,0.0,9
Shamar Givance,Ottawa Blackjacks,2024-2025,offense,Play types,To Basket,4,Go Away from Pick,P&R Ball Handler > High P&R > Go Away from Pick > To Basket,P&R Ball Handler,High P&R,Go Away from Pick,To Basket,,,4,66.7,1.75,93.1,0.0,50.0,0,,,,100.0,,2,100.0,50.0,,,2,0,,3.8,2.0,100.0,2,2,0,100.0,0,0,0.0,7
Shamar Givance,Ottawa Blackjacks,2024-2025,offense,Play types,Foul,5,To Basket,P&R Ball Handler > High P&R > Go Away from Pick > To Basket > Foul,P&R Ball Handler,High P&R,Go Away from Pick,To Basket,Foul,,2,50.0,1.5,85.2,0.0,100.0,0,,,,,,0,,100.0,,,0,0,,1.8,,100.0,0,0,0,,0,0,,3
Shamar Givance,Ottawa Blackjacks,2024-2025,offense,Play types,Make 2 Pts,5,To Basket,P&R Ball Handler > High P&R > Go Away from Pick > To Basket > Make 2 Pts,P&R Ball Handler,High P&R,Go Away from Pick,To Basket,Make 2 Pts,,2,50.0,2.0,100.0,0.0,0.0,0,,,,100.0,,2,100.0,0.0,,,2,0,,2.0,0.0,100.0,2,2,0,100.0,0,0,0.0,4
Shamar Givance,Ottawa Blackjacks,2024-2025,offense,Play types,Defense Commits,4,Go Away from Pick,P&R Ball Handler > High P&R > Go Away from Pick > Defense Commits,P&R Ball Handler,High P&R,Go Away from Pick,Defense Commits,,,1,16.7,0.0,,100.0,0.0,0,,,,,,0,,0.0,,,0,0,,0.0,,0.0,0,0,0,,0,0,,0
Shamar Givance,Ottawa Blackjacks,2024-2025,offense,Play types,Turnover,5,Defense Commits,P&R Ball Handler > High P&R > Go Away from Pick > Defense Commits > Turnover,P&R Ball Handler,High P&R,Go Away from Pick,Defense Commits,Turnover,,1,100.0,0.0,,100.0,0.0,0,,,,,,0,,0.0,,,0,0,,0.0,,0.0,0,0,0,,0,0,,0
Shamar Givance,Ottawa Blackjacks,2024-2025,offense,Play types,Dribble Jumper,4,Go Away from Pick,P&R Ball Handler > High P&R > Go Away from Pick > Dribble Jumper,P&R Ball Handler,High P&R,Go Away from Pick,Dribble Jumper,,,1,16.7,2.0,100.0,0.0,0.0,0,,,,100.0,,1,100.0,0.0,,,1,0,,1.0,0.0,100.0,1,1,0,100.0,0,0,0.0,2
Shamar Givance,Ottawa Blackjacks,2024-2025,offense,Play types,Medium/17' to 3pt,5,Dribble Jumper,P&R Ball Handler > High P&R > Go Away from Pick > Dribble Jumper > Medium/17' to 3pt,P&R Ball Handler,High P&R,Go Away from Pick,Dribble Jumper,Medium/17' to 3pt,,1,100.0,2.0,100.0,0.0,0.0,0,,,,100.0,,1,100.0,0.0,,,1,0,,1.0,0.0,100.0,1,1,0,100.0,0,0,0.0,2
Shamar Givance,Ottawa Blackjacks,2024-2025,offense,Play types,Left P&R,2,P&R Ball Handler,P&R Ball Handler > Left P&R,P&R Ball Handler,Left P&R,,,,,7,21.9,0.714,41.7,14.3,0.0,2,50.0,,,33.3,,6,41.7,0.0,,,2,4,,6.0,0.0,28.6,4,1,3,25.0,1,1,0.33,5
Shamar Givance,Ottawa Blackjacks,2024-2025,offense,Play types,Baseline,3,Left P&R,P&R Ball Handler > Left P&R > Baseline,P&R Ball Handler,Left P&R,Baseline,,,,4,57.1,0.75,50.0,25.0,0.0,1,100.0,,,33.3,,3,50.0,0.0,,,1,2,,3.0,0.0,25.0,2,0,2,0.0,1,0,0.33,3
Shamar Givance,Ottawa Blackjacks,2024-2025,offense,Play types,Dribble Off Pick,4,Baseline,P&R Ball Handler > Left P&R > Baseline > Dribble Off Pick,P&R Ball Handler,Left P&R,Baseline,Dribble Off Pick,,,3,75.0,1.0,75.0,33.3,0.0,1,100.0,,,50.0,,2,75.0,0.0,,,1,1,,2.0,0.0,33.3,1,0,1,0.0,1,0,0.5,3
Shamar Givance,Ottawa Blackjacks,2024-2025,offense,Play types,To Basket,5,Dribble Off Pick,P&R Ball Handler > Left P&R > Baseline > Dribble Off Pick > To Basket,P&R Ball Handler,Left P&R,Baseline,Dribble Off Pick,To Basket,,1,33.3,0.0,0.0,0.0,0.0,0,,,,0.0,,1,0.0,0.0,,,0,1,,1.0,0.0,0.0,1,0,1,0.0,0,0,0.0,0
Shamar Givance,Ottawa Blackjacks,2024-2025,offense,Play types,Defense Commits,5,Dribble Off Pick,P&R Ball Handler > Left P&R > Baseline > Dribble Off Pick > Defense Commits,P&R Ball Handler,Left P&R,Baseline,Dribble Off Pick,Defense Commits,,1,33.3,0.0,,100.0,0.0,0,,,,,,0,,0.0,,,0,0,,0.0,,0.0,0,0,0,,0,0,,0
Shamar Givance,Ottawa Blackjacks,2024-2025,offense,Play types,Dribble Jumper,5,Dribble Off Pick,P&R Ball Handler > Left P&R > Baseline > Dribble Off Pick > Dribble Jumper,P&R Ball Handler,Left P&R,Baseline,Dribble Off Pick,Dribble Jumper,,1,33.3,3.0,150.0,0.0,0.0,1,100.0,,,100.0,,1,150.0,0.0,,,1,0,,1.0,0.0,100.0,0,0,0,,1,0,1.0,3
Shamar Givance,Ottawa Blackjacks,2024-2025,offense,Play types,Go Away from Pick,4,Baseline,P&R Ball Handler > Left P&R > Baseline > Go Away from Pick,P&R Ball Handler,Left P&R,Baseline,Go Away from Pick,,,1,25.0,0.0,0.0,0.0,0.0,0,,,,0.0,,1,0.0,0.0,,,0,1,,1.0,0.0,0.0,1,0,1,0.0,0,0,0.0,0
Shamar Givance,Ottawa Blackjacks,2024-2025,offense,Play types,Dribble Jumper,5,Go Away from Pick,P&R Ball Handler > Left P&R > Baseline > Go Away from Pick > Dribble Jumper,P&R Ball Handler,Left P&R,Baseline,Go Away from Pick,Dribble Jumper,,1,100.0,0.0,0.0,0.0,0.0,0,,,,0.0,,1,0.0,0.0,,,0,1,,1.0,0.0,0.0,1,0,1,0.0,0,0,0.0,0
Shamar Givance,Ottawa Blackjacks,2024-2025,offense,Play types,Side,3,Left P&R,P&R Ball Handler > Left P&R > Side,P&R Ball Handler,Left P&R,Side,,,,3,42.9,0.667,33.3,0.0,0.0,1,0.0,,,33.3,,3,33.3,0.0,,,1,2,,3.0,0.0,33.3,2,1,1,50.0,0,1,0.33,2
Shamar Givance,Ottawa Blackjacks,2024-2025,offense,Play types,Go Away from Pick,4,Side,P&R Ball Handler > Left P&R > Side > Go Away from Pick,P&R Ball Handler,Left P&R,Side,Go Away from Pick,,,2,66.7,1.0,50.0,0.0,0.0,0,,,,50.0,,2,50.0,0.0,,,1,1,,2.0,0.0,50.0,2,1,1,50.0,0,0,0.0,2
Shamar Givance,Ottawa Blackjacks,2024-2025,offense,Play types,Dribble Jumper,5,Go Away from Pick,P&R Ball Handler > Left P&R > Side > Go Away from Pick > Dribble Jumper,P&R Ball Handler,Left P&R,Side,Go Away from Pick,Dribble Jumper,,1,50.0,0.0,0.0,0.0,0.0,0,,,,0.0,,1,0.0,0.0,,,0,1,,1.0,0.0,0.0,1,0,1,0.0,0,0,0.0,0
Shamar Givance,Ottawa Blackjacks,2024-2025,offense,Play types,To Basket,5,Go Away from Pick,P&R Ball Handler > Left P&R > Side > Go Away from Pick > To Basket,P&R Ball Handler,Left P&R,Side,Go Away from Pick,To Basket,,1,50.0,2.0,100.0,0.0,0.0,0,,,,100.0,,1,100.0,0.0,,,1,0,,1.0,0.0,100.0,1,1,0,100.0,0,0,0.0,2
Shamar Givance,Ottawa Blackjacks,2024-2025,offense,Play types,Dribble Off Pick,4,Side,P&R Ball Handler > Left P&R > Side > Dribble Off Pick,P&R Ball Handler,Left P&R,Side,Dribble Off Pick,,,1,33.3,0.0,0.0,0.0,0.0,1,0.0,,,0.0,,1,0.0,0.0,,,0,1,,1.0,0.0,0.0,0,0,0,,0,1,1.0,0
Shamar Givance,Ottawa Blackjacks,2024-2025,offense,Play types,Dribble Jumper,5,Dribble Off Pick,P&R Ball Handler > Left P&R > Side > Dribble Off Pick > Dribble Jumper,P&R Ball Handler,Left P&R,Side,Dribble Off Pick,Dribble Jumper,,1,100.0,0.0,0.0,0.0,0.0,1,0.0,,,0.0,,1,0.0,0.0,,,0,1,,1.0,0.0,0.0,0,0,0,,0,1,1.0,0
Shamar Givance,Ottawa Blackjacks,2024-2025,offense,Play types,Right P&R,2,P&R Ball Handler,P&R Ball Handler > Right P&R,P&R Ball Handler,Right P&R,,,,,4,12.5,0.5,50.0,50.0,0.0,0,,,,50.0,,2,50.0,0.0,,,1,1,,2.0,0.0,25.0,2,1,1,50.0,0,0,0.0,2
Shamar Givance,Ottawa Blackjacks,2024-2025,offense,Play types,Baseline,3,Right P&R,P&R Ball Handler > Right P&R > Baseline,P&R Ball Handler,Right P&R,Baseline,,,,3,75.0,0.667,50.0,33.3,0.0,0,,,,50.0,,2,50.0,0.0,,,1,1,,2.0,0.0,33.3,2,1,1,50.0,0,0,0.0,2
Shamar Givance,Ottawa Blackjacks,2024-2025,offense,Play types,Dribble Off Pick,4,Baseline,P&R Ball Handler > Right P&R > Baseline > Dribble Off Pick,P&R Ball Handler,Right P&R,Baseline,Dribble Off Pick,,,3,100.0,0.667,50.0,33.3,0.0,0,,,,50.0,,2,50.0,0.0,,,1,1,,2.0,0.0,33.3,2,1,1,50.0,0,0,0.0,2
Shamar Givance,Ottawa Blackjacks,2024-2025,offense,Play types,Dribble Jumper,5,Dribble Off Pick,P&R Ball Handler > Right P&R > Baseline > Dribble Off Pick > Dribble Jumper,P&R Ball Handler,Right P&R,Baseline,Dribble Off Pick,Dribble Jumper,,2,66.7,1.0,50.0,0.0,0.0,0,,,,50.0,,2,50.0,0.0,,,1,1,,2.0,0.0,50.0,2,1,1,50.0,0,0,0.0,2
Shamar Givance,Ottawa Blackjacks,2024-2025,offense,Play types,Defense Commits,5,Dribble Off Pick,P&R Ball Handler > Right P&R > Baseline > Dribble Off Pick > Defense Commits,P&R Ball Handler,Right P&R,Baseline,Dribble Off Pick,Defense Commits,,1,33.3,0.0,,100.0,0.0,0,,,,,,0,,0.0,,,0,0,,0.0,,0.0,0,0,0,,0,0,,0
Shamar Givance,Ottawa Blackjacks,2024-2025,offense,Play types,Side,3,Right P&R,P&R Ball Handler > Right P&R > Side,P&R Ball Handler,Right P&R,Side,,,,1,25.0,0.0,,100.0,0.0,0,,,,,,0,,0.0,,,0,0,,0.0,,0.0,0,0,0,,0,0,,0
Shamar Givance,Ottawa Blackjacks,2024-2025,offense,Play types,Dribble Off Pick,4,Side,P&R Ball Handler > Right P&R > Side > Dribble Off Pick,P&R Ball Handler,Right P&R,Side,Dribble Off Pick,,,1,100.0,0.0,,100.0,0.0,0,,,,,,0,,0.0,,,0,0,,0.0,,0.0,0,0,0,,0,0,,0
Shamar Givance,Ottawa Blackjacks,2024-2025,offense,Play types,Defense Commits,5,Dribble Off Pick,P&R Ball Handler > Right P&R > Side > Dribble Off Pick > Defense Commits,P&R Ball Handler,Right P&R,Side,Dribble Off Pick,Defense Commits,,1,100.0,0.0,,100.0,0.0,0,,,,,,0,,0.0,,,0,0,,0.0,,0.0,0,0,0,,0,0,,0
Shamar Givance,Ottawa Blackjacks,2024-2025,offense,Play types,Transition,1,,Transition,Transition,,,,,,28,24.1,1.536,80.3,3.6,7.1,16,62.5,Excellent,97.0,60.0,73.0,25,80.0,3.6,,,15,10,,26.8,0.16,60.7,9,5,4,55.6,10,6,0.64,43
Shamar Givance,Ottawa Blackjacks,2024-2025,offense,Play types,Ballhandler,2,Transition,Transition > Ballhandler,Transition,Ballhandler,,,,,13,46.4,1.462,80.8,7.7,15.4,2,100.0,,,70.0,,10,80.0,7.7,,,7,3,,11.8,0.4,69.2,8,5,3,62.5,2,0,0.2,19
Shamar Givance,Ottawa Blackjacks,2024-2025,offense,Play types,To Basket,3,Ballhandler,Transition > Ballhandler > To Basket,Transition,Ballhandler,To Basket,,,,9,69.2,1.333,67.6,0.0,11.1,0,,,,62.5,,8,62.5,11.1,,,5,3,,8.9,0.25,66.7,8,5,3,62.5,0,0,0.0,12
Shamar Givance,Ottawa Blackjacks,2024-2025,offense,Play types,Make 2 Pts,4,To Basket,Transition > Ballhandler > To Basket > Make 2 Pts,Transition,Ballhandler,To Basket,Make 2 Pts,,,5,55.6,2.0,100.0,0.0,0.0,0,,,,100.0,,5,100.0,0.0,,,5,0,,5.0,0.0,100.0,5,5,0,100.0,0,0,0.0,10
Shamar Givance,Ottawa Blackjacks,2024-2025,offense,Play types,Miss 2 Pts,4,To Basket,Transition > Ballhandler > To Basket > Miss 2 Pts,Transition,Ballhandler,To Basket,Miss 2 Pts,,,3,33.3,0.0,0.0,0.0,0.0,0,,,,0.0,,3,0.0,0.0,,,0,3,,3.0,0.0,0.0,3,0,3,0.0,0,0,0.0,0
Shamar Givance,Ottawa Blackjacks,2024-2025,offense,Play types,Foul,4,To Basket,Transition > Ballhandler > To Basket > Foul,Transition,Ballhandler,To Basket,Foul,,,1,11.1,2.0,113.6,0.0,100.0,0,,,,,,0,,100.0,,,0,0,,0.9,,100.0,0,0,0,,0,0,,2
Shamar Givance,Ottawa Blackjacks,2024-2025,offense,Play types,Dribble Jumper,3,Ballhandler,Transition > Ballhandler > Dribble Jumper,Transition,Ballhandler,Dribble Jumper,,,,2,15.4,3.0,150.0,0.0,0.0,2,100.0,,,100.0,,2,150.0,0.0,,,2,0,,2.0,0.0,100.0,0,0,0,,2,0,1.0,6
Shamar Givance,Ottawa Blackjacks,2024-2025,offense,Play types,Long/3pt,4,Dribble Jumper,Transition > Ballhandler > Dribble Jumper > Long/3pt,Transition,Ballhandler,Dribble Jumper,Long/3pt,,,2,100.0,3.0,150.0,0.0,0.0,2,100.0,,,100.0,,2,150.0,0.0,,,2,0,,2.0,0.0,100.0,0,0,0,,2,0,1.0,6
Shamar Givance,Ottawa Blackjacks,2024-2025,offense,Play types,Make 3 Pts,5,Long/3pt,Transition > Ballhandler > Dribble Jumper > Long/3pt > Make 3 Pts,Transition,Ballhandler,Dribble Jumper,Long/3pt,Make 3 Pts,,2,100.0,3.0,150.0,0.0,0.0,2,100.0,,,100.0,,2,150.0,0.0,,,2,0,,2.0,0.0,100.0,0,0,0,,2,0,1.0,6
Shamar Givance,Ottawa Blackjacks,2024-2025,offense,Play types,Foul,3,Ballhandler,Transition > Ballhandler > Foul,Transition,Ballhandler,Foul,,,,1,7.7,1.0,56.8,0.0,100.0,0,,,,,,0,,0.0,,,0,0,,0.9,,100.0,0,0,0,,0,0,,1
Shamar Givance,Ottawa Blackjacks,2024-2025,offense,Play types,Turnover,3,Ballhandler,Transition > Ballhandler > Turnover,Transition,Ballhandler,Turnover,,,,1,7.7,0.0,,100.0,0.0,0,,,,,,0,,0.0,,,0,0,,0.0,,0.0,0,0,0,,0,0,,0
Shamar Givance,Ottawa Blackjacks,2024-2025,offense,Play types,Left Wing,2,Transition,Transition > Left Wing,Transition,Left Wing,,,,,7,25.0,1.714,85.7,0.0,0.0,6,66.7,,,57.1,,7,85.7,0.0,,,4,3,,7.0,0.0,57.1,1,0,1,0.0,4,2,0.86,12
Shamar Givance,Ottawa Blackjacks,2024-2025,offense,Play types,No Dribble Jumper,3,Left Wing,Transition > Left Wing > No Dribble Jumper,Transition,Left Wing,No Dribble Jumper,,,,5,71.4,1.8,90.0,0.0,0.0,5,60.0,,,60.0,,5,90.0,0.0,,,3,2,,5.0,0.0,60.0,0,0,0,,3,2,1.0,9
Shamar Givance,Ottawa Blackjacks,2024-2025,offense,Play types,Guarded,4,No Dribble Jumper,Transition > Left Wing > No Dribble Jumper > Guarded,Transition,Left Wing,No Dribble Jumper,Guarded,,,3,60.0,1.0,50.0,0.0,0.0,3,33.3,,,33.3,,3,50.0,0.0,,,1,2,,3.0,0.0,33.3,0,0,0,,1,2,1.0,3
Shamar Givance,Ottawa Blackjacks,2024-2025,offense,Play types,Long/3pt,5,Guarded,Transition > Left Wing > No Dribble Jumper > Guarded > Long/3pt,Transition,Left Wing,No Dribble Jumper,Guarded,Long/3pt,,3,100.0,1.0,50.0,0.0,0.0,3,33.3,,,33.3,,3,50.0,0.0,,,1,2,,3.0,0.0,33.3,0,0,0,,1,2,1.0,3
Shamar Givance,Ottawa Blackjacks,2024-2025,offense,Play types,Open,4,No Dribble Jumper,Transition > Left Wing > No Dribble Jumper > Open,Transition,Left Wing,No Dribble Jumper,Open,,,2,40.0,3.0,150.0,0.0,0.0,2,100.0,,,100.0,,2,150.0,0.0,,,2,0,,2.0,0.0,100.0,0,0,0,,2,0,1.0,6
Shamar Givance,Ottawa Blackjacks,2024-2025,offense,Play types,Long/3pt,5,Open,Transition > Left Wing > No Dribble Jumper > Open > Long/3pt,Transition,Left Wing,No Dribble Jumper,Open,Long/3pt,,2,100.0,3.0,150.0,0.0,0.0,2,100.0,,,100.0,,2,150.0,0.0,,,2,0,,2.0,0.0,100.0,0,0,0,,2,0,1.0,6
Shamar Givance,Ottawa Blackjacks,2024-2025,offense,Play types,To Basket,3,Left Wing,Transition > Left Wing > To Basket,Transition,Left Wing,To Basket,,,,1,14.3,0.0,0.0,0.0,0.0,0,,,,0.0,,1,0.0,0.0,,,0,1,,1.0,0.0,0.0,1,0,1,0.0,0,0,0.0,0
Shamar Givance,Ottawa Blackjacks,2024-2025,offense,Play types,Miss 2 Pts,4,To Basket,Transition > Left Wing > To Basket > Miss 2 Pts,Transition,Left Wing,To Basket,Miss 2 Pts,,,1,100.0,0.0,0.0,0.0,0.0,0,,,,0.0,,1,0.0,0.0,,,0,1,,1.0,0.0,0.0,1,0,1,0.0,0,0,0.0,0
Shamar Givance,Ottawa Blackjacks,2024-2025,offense,Play types,Dribble Jumper,3,Left Wing,Transition > Left Wing > Dribble Jumper,Transition,Left Wing,Dribble Jumper,,,,1,14.3,3.0,150.0,0.0,0.0,1,100.0,,,100.0,,1,150.0,0.0,,,1,0,,1.0,0.0,100.0,0,0,0,,1,0,1.0,3
Shamar Givance,Ottawa Blackjacks,2024-2025,offense,Play types,Long/3pt,4,Dribble Jumper,Transition > Left Wing > Dribble Jumper > Long/3pt,Transition,Left Wing,Dribble Jumper,Long/3pt,,,1,100.0,3.0,150.0,0.0,0.0,1,100.0,,,100.0,,1,150.0,0.0,,,1,0,,1.0,0.0,100.0,0,0,0,,1,0,1.0,3
Shamar Givance,Ottawa Blackjacks,2024-2025,offense,Play types,Make 3 Pts,5,Long/3pt,Transition > Left Wing > Dribble Jumper > Long/3pt > Make 3 Pts,Transition,Left Wing,Dribble Jumper,Long/3pt,Make 3 Pts,,1,100.0,3.0,150.0,0.0,0.0,1,100.0,,,100.0,,1,150.0,0.0,,,1,0,,1.0,0.0,100.0,0,0,0,,1,0,1.0,3
Shamar Givance,Ottawa Blackjacks,2024-2025,offense,Play types,Right Wing,2,Transition,Transition > Right Wing,Transition,Right Wing,,,,,5,17.9,2.4,120.0,0.0,0.0,5,80.0,,,80.0,,5,120.0,0.0,,,4,1,,5.0,0.0,80.0,0,0,0,,4,1,1.0,12
Shamar Givance,Ottawa Blackjacks,2024-2025,offense,Play types,No Dribble Jumper,3,Right Wing,Transition > Right Wing > No Dribble Jumper,Transition,Right Wing,No Dribble Jumper,,,,3,60.0,3.0,150.0,0.0,0.0,3,100.0,,,100.0,,3,150.0,0.0,,,3,0,,3.0,0.0,100.0,0,0,0,,3,0,1.0,9
Shamar Givance,Ottawa Blackjacks,2024-2025,offense,Play types,Open,4,No Dribble Jumper,Transition > Right Wing > No Dribble Jumper > Open,Transition,Right Wing,No Dribble Jumper,Open,,,2,66.7,3.0,150.0,0.0,0.0,2,100.0,,,100.0,,2,150.0,0.0,,,2,0,,2.0,0.0,100.0,0,0,0,,2,0,1.0,6
Shamar Givance,Ottawa Blackjacks,2024-2025,offense,Play types,Long/3pt,5,Open,Transition > Right Wing > No Dribble Jumper > Open > Long/3pt,Transition,Right Wing,No Dribble Jumper,Open,Long/3pt,,2,100.0,3.0,150.0,0.0,0.0,2,100.0,,,100.0,,2,150.0,0.0,,,2,0,,2.0,0.0,100.0,0,0,0,,2,0,1.0,6
Shamar Givance,Ottawa Blackjacks,2024-2025,offense,Play types,Guarded,4,No Dribble Jumper,Transition > Right Wing > No Dribble Jumper > Guarded,Transition,Right Wing,No Dribble Jumper,Guarded,,,1,33.3,3.0,150.0,0.0,0.0,1,100.0,,,100.0,,1,150.0,0.0,,,1,0,,1.0,0.0,100.0,0,0,0,,1,0,1.0,3
Shamar Givance,Ottawa Blackjacks,2024-2025,offense,Play types,Long/3pt,5,Guarded,Transition > Right Wing > No Dribble Jumper > Guarded > Long/3pt,Transition,Right Wing,No Dribble Jumper,Guarded,Long/3pt,,1,100.0,3.0,150.0,0.0,0.0,1,100.0,,,100.0,,1,150.0,0.0,,,1,0,,1.0,0.0,100.0,0,0,0,,1,0,1.0,3
Shamar Givance,Ottawa Blackjacks,2024-2025,offense,Play types,Dribble Jumper,3,Right Wing,Transition > Right Wing > Dribble Jumper,Transition,Right Wing,Dribble Jumper,,,,2,40.0,1.5,75.0,0.0,0.0,2,50.0,,,50.0,,2,75.0,0.0,,,1,1,,2.0,0.0,50.0,0,0,0,,1,1,1.0,3
Shamar Givance,Ottawa Blackjacks,2024-2025,offense,Play types,Long/3pt,4,Dribble Jumper,Transition > Right Wing > Dribble Jumper > Long/3pt,Transition,Right Wing,Dribble Jumper,Long/3pt,,,2,100.0,1.5,75.0,0.0,0.0,2,50.0,,,50.0,,2,75.0,0.0,,,1,1,,2.0,0.0,50.0,0,0,0,,1,1,1.0,3
Shamar Givance,Ottawa Blackjacks,2024-2025,offense,Play types,Miss 3 Pts,5,Long/3pt,Transition > Right Wing > Dribble Jumper > Long/3pt > Miss 3 Pts,Transition,Right Wing,Dribble Jumper,Long/3pt,Miss 3 Pts,,1,50.0,0.0,0.0,0.0,0.0,1,0.0,,,0.0,,1,0.0,0.0,,,0,1,,1.0,0.0,0.0,0,0,0,,0,1,1.0,0
Shamar Givance,Ottawa Blackjacks,2024-2025,offense,Play types,Make 3 Pts,5,Long/3pt,Transition > Right Wing > Dribble Jumper > Long/3pt > Make 3 Pts,Transition,Right Wing,Dribble Jumper,Long/3pt,Make 3 Pts,,1,50.0,3.0,150.0,0.0,0.0,1,100.0,,,100.0,,1,150.0,0.0,,,1,0,,1.0,0.0,100.0,0,0,0,,1,0,1.0,3
Shamar Givance,Ottawa Blackjacks,2024-2025,offense,Play types,Trailer,2,Transition,Transition > Trailer,Transition,Trailer,,,,,2,7.1,0.0,0.0,0.0,0.0,2,0.0,,,0.0,,2,0.0,0.0,,,0,2,,2.0,0.0,0.0,0,0,0,,0,2,1.0,0
Shamar Givance,Ottawa Blackjacks,2024-2025,offense,Play types,No Dribble Jumper,3,Trailer,Transition > Trailer > No Dribble Jumper,Transition,Trailer,No Dribble Jumper,,,,2,100.0,0.0,0.0,0.0,0.0,2,0.0,,,0.0,,2,0.0,0.0,,,0,2,,2.0,0.0,0.0,0,0,0,,0,2,1.0,0
Shamar Givance,Ottawa Blackjacks,2024-2025,offense,Play types,Guarded,4,No Dribble Jumper,Transition > Trailer > No Dribble Jumper > Guarded,Transition,Trailer,No Dribble Jumper,Guarded,,,2,100.0,0.0,0.0,0.0,0.0,2,0.0,,,0.0,,2,0.0,0.0,,,0,2,,2.0,0.0,0.0,0,0,0,,0,2,1.0,0
Shamar Givance,Ottawa Blackjacks,2024-2025,offense,Play types,Long/3pt,5,Guarded,Transition > Trailer > No Dribble Jumper > Guarded > Long/3pt,Transition,Trailer,No Dribble Jumper,Guarded,Long/3pt,,2,100.0,0.0,0.0,0.0,0.0,2,0.0,,,0.0,,2,0.0,0.0,,,0,2,,2.0,0.0,0.0,0,0,0,,0,2,1.0,0
Shamar Givance,Ottawa Blackjacks,2024-2025,offense,Play types,First Middle,2,Transition,Transition > First Middle,Transition,First Middle,,,,,1,3.6,0.0,0.0,0.0,0.0,1,0.0,,,0.0,,1,0.0,0.0,,,0,1,,1.0,0.0,0.0,0,0,0,,0,1,1.0,0
Shamar Givance,Ottawa Blackjacks,2024-2025,offense,Play types,No Dribble Jumper,3,First Middle,Transition > First Middle > No Dribble Jumper,Transition,First Middle,No Dribble Jumper,,,,1,100.0,0.0,0.0,0.0,0.0,1,0.0,,,0.0,,1,0.0,0.0,,,0,1,,1.0,0.0,0.0,0,0,0,,0,1,1.0,0
Shamar Givance,Ottawa Blackjacks,2024-2025,offense,Play types,Guarded,4,No Dribble Jumper,Transition > First Middle > No Dribble Jumper > Guarded,Transition,First Middle,No Dribble Jumper,Guarded,,,1,100.0,0.0,0.0,0.0,0.0,1,0.0,,,0.0,,1,0.0,0.0,,,0,1,,1.0,0.0,0.0,0,0,0,,0,1,1.0,0
Shamar Givance,Ottawa Blackjacks,2024-2025,offense,Play types,Long/3pt,5,Guarded,Transition > First Middle > No Dribble Jumper > Guarded > Long/3pt,Transition,First Middle,No Dribble Jumper,Guarded,Long/3pt,,1,100.0,0.0,0.0,0.0,0.0,1,0.0,,,0.0,,1,0.0,0.0,,,0,1,,1.0,0.0,0.0,0,0,0,,0,1,1.0,0
Shamar Givance,Ottawa Blackjacks,2024-2025,offense,Play types,Spot Up,1,,Spot Up,Spot Up,,,,,,27,23.3,0.926,65.8,29.6,0.0,16,43.8,Average,40.0,47.4,36.0,19,65.8,0.0,,,9,10,,19.0,0.0,33.3,3,2,1,66.7,7,9,0.84,25
Shamar Givance,Ottawa Blackjacks,2024-2025,offense,Play types,No Dribble Jumper,2,Spot Up,Spot Up > No Dribble Jumper,Spot Up,No Dribble Jumper,,,,,15,55.6,1.4,70.0,0.0,0.0,15,46.7,,,46.7,,15,70.0,0.0,,,7,8,,15.0,0.0,46.7,0,0,0,,7,8,1.0,21
Shamar Givance,Ottawa Blackjacks,2024-2025,offense,Play types,Guarded,3,No Dribble Jumper,Spot Up > No Dribble Jumper > Guarded,Spot Up,No Dribble Jumper,Guarded,,,,8,53.3,1.5,75.0,0.0,0.0,8,50.0,,,50.0,,8,75.0,0.0,,,4,4,,8.0,0.0,50.0,0,0,0,,4,4,1.0,12
Shamar Givance,Ottawa Blackjacks,2024-2025,offense,Play types,Long/3pt,4,Guarded,Spot Up > No Dribble Jumper > Guarded > Long/3pt,Spot Up,No Dribble Jumper,Guarded,Long/3pt,,,8,100.0,1.5,75.0,0.0,0.0,8,50.0,,,50.0,,8,75.0,0.0,,,4,4,,8.0,0.0,50.0,0,0,0,,4,4,1.0,12
Shamar Givance,Ottawa Blackjacks,2024-2025,offense,Play types,Miss 3 Pts,5,Long/3pt,Spot Up > No Dribble Jumper > Guarded > Long/3pt > Miss 3 Pts,Spot Up,No Dribble Jumper,Guarded,Long/3pt,Miss 3 Pts,,4,50.0,0.0,0.0,0.0,0.0,4,0.0,,,0.0,,4,0.0,0.0,,,0,4,,4.0,0.0,0.0,0,0,0,,0,4,1.0,0
Shamar Givance,Ottawa Blackjacks,2024-2025,offense,Play types,Make 3 Pts,5,Long/3pt,Spot Up > No Dribble Jumper > Guarded > Long/3pt > Make 3 Pts,Spot Up,No Dribble Jumper,Guarded,Long/3pt,Make 3 Pts,,4,50.0,3.0,150.0,0.0,0.0,4,100.0,,,100.0,,4,150.0,0.0,,,4,0,,4.0,0.0,100.0,0,0,0,,4,0,1.0,12
Shamar Givance,Ottawa Blackjacks,2024-2025,offense,Play types,Open,3,No Dribble Jumper,Spot Up > No Dribble Jumper > Open,Spot Up,No Dribble Jumper,Open,,,,7,46.7,1.286,64.3,0.0,0.0,7,42.9,,,42.9,,7,64.3,0.0,,,3,4,,7.0,0.0,42.9,0,0,0,,3,4,1.0,9
Shamar Givance,Ottawa Blackjacks,2024-2025,offense,Play types,Long/3pt,4,Open,Spot Up > No Dribble Jumper > Open > Long/3pt,Spot Up,No Dribble Jumper,Open,Long/3pt,,,7,100.0,1.286,64.3,0.0,0.0,7,42.9,,,42.9,,7,64.3,0.0,,,3,4,,7.0,0.0,42.9,0,0,0,,3,4,1.0,9
Shamar Givance,Ottawa Blackjacks,2024-2025,offense,Play types,Miss 3 Pts,5,Long/3pt,Spot Up > No Dribble Jumper > Open > Long/3pt > Miss 3 Pts,Spot Up,No Dribble Jumper,Open,Long/3pt,Miss 3 Pts,,4,57.1,0.0,0.0,0.0,0.0,4,0.0,,,0.0,,4,0.0,0.0,,,0,4,,4.0,0.0,0.0,0,0,0,,0,4,1.0,0
Shamar Givance,Ottawa Blackjacks,2024-2025,offense,Play types,Make 3 Pts,5,Long/3pt,Spot Up > No Dribble Jumper > Open > Long/3pt > Make 3 Pts,Spot Up,No Dribble Jumper,Open,Long/3pt,Make 3 Pts,,3,42.9,3.0,150.0,0.0,0.0,3,100.0,,,100.0,,3,150.0,0.0,,,3,0,,3.0,0.0,100.0,0,0,0,,3,0,1.0,9
Shamar Givance,Ottawa Blackjacks,2024-2025,offense,Play types,Drives Left,2,Spot Up,Spot Up > Drives Left,Spot Up,Drives Left,,,,,7,25.9,0.286,50.0,71.4,0.0,1,0.0,,,50.0,,2,50.0,0.0,,,1,1,,2.0,0.0,14.3,1,1,0,100.0,0,1,0.5,2
Shamar Givance,Ottawa Blackjacks,2024-2025,offense,Play types,Turnover,3,Drives Left,Spot Up > Drives Left > Turnover,Spot Up,Drives Left,Turnover,,,,5,71.4,0.0,,100.0,0.0,0,,,,,,0,,0.0,,,0,0,,0.0,,0.0,0,0,0,,0,0,,0
Shamar Givance,Ottawa Blackjacks,2024-2025,offense,Play types,Dribble Jumper,3,Drives Left,Spot Up > Drives Left > Dribble Jumper,Spot Up,Drives Left,Dribble Jumper,,,,1,14.3,0.0,0.0,0.0,0.0,1,0.0,,,0.0,,1,0.0,0.0,,,0,1,,1.0,0.0,0.0,0,0,0,,0,1,1.0,0
Shamar Givance,Ottawa Blackjacks,2024-2025,offense,Play types,Long/3pt,4,Dribble Jumper,Spot Up > Drives Left > Dribble Jumper > Long/3pt,Spot Up,Drives Left,Dribble Jumper,Long/3pt,,,1,100.0,0.0,0.0,0.0,0.0,1,0.0,,,0.0,,1,0.0,0.0,,,0,1,,1.0,0.0,0.0,0,0,0,,0,1,1.0,0
Shamar Givance,Ottawa Blackjacks,2024-2025,offense,Play types,Miss 3 Pts,5,Long/3pt,Spot Up > Drives Left > Dribble Jumper > Long/3pt > Miss 3 Pts,Spot Up,Drives Left,Dribble Jumper,Long/3pt,Miss 3 Pts,,1,100.0,0.0,0.0,0.0,0.0,1,0.0,,,0.0,,1,0.0,0.0,,,0,1,,1.0,0.0,0.0,0,0,0,,0,1,1.0,0
Shamar Givance,Ottawa Blackjacks,2024-2025,offense,Play types,To Basket,3,Drives Left,Spot Up > Drives Left > To Basket,Spot Up,Drives Left,To Basket,,,,1,14.3,2.0,100.0,0.0,0.0,0,,,,100.0,,1,100.0,0.0,,,1,0,,1.0,0.0,100.0,1,1,0,100.0,0,0,0.0,2
Shamar Givance,Ottawa Blackjacks,2024-2025,offense,Play types,Make 2 Pts,4,To Basket,Spot Up > Drives Left > To Basket > Make 2 Pts,Spot Up,Drives Left,To Basket,Make 2 Pts,,,1,100.0,2.0,100.0,0.0,0.0,0,,,,100.0,,1,100.0,0.0,,,1,0,,1.0,0.0,100.0,1,1,0,100.0,0,0,0.0,2
Shamar Givance,Ottawa Blackjacks,2024-2025,offense,Play types,Drives Right,2,Spot Up,Spot Up > Drives Right,Spot Up,Drives Right,,,,,4,14.8,0.5,50.0,50.0,0.0,0,,,,50.0,,2,50.0,0.0,,,1,1,,2.0,0.0,25.0,2,1,1,50.0,0,0,0.0,2
Shamar Givance,Ottawa Blackjacks,2024-2025,offense,Play types,To Basket,3,Drives Right,Spot Up > Drives Right > To Basket,Spot Up,Drives Right,To Basket,,,,3,75.0,0.667,50.0,33.3,0.0,0,,,,50.0,,2,50.0,0.0,,,1,1,,2.0,0.0,33.3,2,1,1,50.0,0,0,0.0,2
Shamar Givance,Ottawa Blackjacks,2024-2025,offense,Play types,Make 2 Pts,4,To Basket,Spot Up > Drives Right > To Basket > Make 2 Pts,Spot Up,Drives Right,To Basket,Make 2 Pts,,,1,33.3,2.0,100.0,0.0,0.0,0,,,,100.0,,1,100.0,0.0,,,1,0,,1.0,0.0,100.0,1,1,0,100.0,0,0,0.0,2
Shamar Givance,Ottawa Blackjacks,2024-2025,offense,Play types,Turnover,4,To Basket,Spot Up > Drives Right > To Basket > Turnover,Spot Up,Drives Right,To Basket,Turnover,,,1,33.3,0.0,,100.0,0.0,0,,,,,,0,,0.0,,,0,0,,0.0,,0.0,0,0,0,,0,0,,0
Shamar Givance,Ottawa Blackjacks,2024-2025,offense,Play types,Miss 2 Pts,4,To Basket,Spot Up > Drives Right > To Basket > Miss 2 Pts,Spot Up,Drives Right,To Basket,Miss 2 Pts,,,1,33.3,0.0,0.0,0.0,0.0,0,,,,0.0,,1,0.0,0.0,,,0,1,,1.0,0.0,0.0,1,0,1,0.0,0,0,0.0,0
Shamar Givance,Ottawa Blackjacks,2024-2025,offense,Play types,Turnover,3,Drives Right,Spot Up > Drives Right > Turnover,Spot Up,Drives Right,Turnover,,,,1,25.0,0.0,,100.0,0.0,0,,,,,,0,,0.0,,,0,0,,0.0,,0.0,0,0,0,,0,0,,0
Shamar Givance,Ottawa Blackjacks,2024-2025,offense,Play types,Drives Straight,2,Spot Up,Spot Up > Drives Straight,Spot Up,Drives Straight,,,,,1,3.7,0.0,,100.0,0.0,0,,,,,,0,,0.0,,,0,0,,0.0,,0.0,0,0,0,,0,0,,0
Shamar Givance,Ottawa Blackjacks,2024-2025,offense,Play types,Turnover,3,Drives Straight,Spot Up > Drives Straight > Turnover,Spot Up,Drives Straight,Turnover,,,,1,100.0,0.0,,100.0,0.0,0,,,,,,0,,0.0,,,0,0,,0.0,,0.0,0,0,0,,0,0,,0
Shamar Givance,Ottawa Blackjacks,2024-2025,offense,Play types,Isolation,1,,Isolation,Isolation,,,,,,9,7.8,1.111,63.5,11.1,11.1,3,66.7,,,42.9,,7,57.1,11.1,,,3,4,,7.9,0.29,44.4,4,1,3,25.0,2,1,0.43,10
Shamar Givance,Ottawa Blackjacks,2024-2025,offense,Play types,Isolation - Overall,2,Isolation,Isolation > Isolation - Overall,Isolation,Isolation - Overall,,,,,9,100.0,1.111,63.5,11.1,11.1,3,66.7,,,42.9,,7,57.1,11.1,,,3,4,,7.9,0.29,44.4,4,1,3,25.0,2,1,0.43,10
Shamar Givance,Ottawa Blackjacks,2024-2025,offense,Play types,Drives Left,3,Isolation - Overall,Isolation > Isolation - Overall > Drives Left,Isolation,Isolation - Overall,Drives Left,,,,4,44.4,0.5,34.7,25.0,25.0,0,,,,0.0,,2,0.0,25.0,,,0,2,,2.9,1.0,25.0,2,0,2,0.0,0,0,0.0,2
Shamar Givance,Ottawa Blackjacks,2024-2025,offense,Play types,Drives Right,3,Isolation - Overall,Isolation > Isolation - Overall > Drives Right,Isolation,Isolation - Overall,Drives Right,,,,3,33.3,0.667,33.3,0.0,0.0,1,0.0,,,33.3,,3,33.3,0.0,,,1,2,,3.0,0.0,33.3,2,1,1,50.0,0,1,0.33,2
Shamar Givance,Ottawa Blackjacks,2024-2025,offense,Play types,Early Jumper,3,Isolation - Overall,Isolation > Isolation - Overall > Early Jumper,Isolation,Isolation - Overall,Early Jumper,,,,2,22.2,3.0,150.0,0.0,0.0,2,100.0,,,100.0,,2,150.0,0.0,,,2,0,,2.0,0.0,100.0,0,0,0,,2,0,1.0,6
Shamar Givance,Ottawa Blackjacks,2024-2025,offense,Play types,Top,2,Isolation,Isolation > Top,Isolation,Top,,,,,6,66.7,1.333,68.0,0.0,16.7,2,100.0,,,40.0,,5,60.0,16.7,,,2,3,,5.9,0.4,50.0,3,0,3,0.0,2,0,0.4,8
Shamar Givance,Ottawa Blackjacks,2024-2025,offense,Play types,Drives Left,3,Top,Isolation > Top > Drives Left,Isolation,Top,Drives Left,,,,3,50.0,0.667,34.7,0.0,33.3,0,,,,0.0,,2,0.0,33.3,,,0,2,,2.9,1.0,33.3,2,0,2,0.0,0,0,0.0,2
Shamar Givance,Ottawa Blackjacks,2024-2025,offense,Play types,To Basket,4,Drives Left,Isolation > Top > Drives Left > To Basket,Isolation,Top,Drives Left,To Basket,,,2,66.7,1.0,53.2,0.0,50.0,0,,,,0.0,,1,0.0,50.0,,,0,1,,1.9,2.0,50.0,1,0,1,0.0,0,0,0.0,2
Shamar Givance,Ottawa Blackjacks,2024-2025,offense,Play types,Foul,5,To Basket,Isolation > Top > Drives Left > To Basket > Foul,Isolation,Top,Drives Left,To Basket,Foul,,1,50.0,2.0,113.6,0.0,100.0,0,,,,,,0,,100.0,,,0,0,,0.9,,100.0,0,0,0,,0,0,,2
Shamar Givance,Ottawa Blackjacks,2024-2025,offense,Play types,Miss 2 Pts,5,To Basket,Isolation > Top > Drives Left > To Basket > Miss 2 Pts,Isolation,Top,Drives Left,To Basket,Miss 2 Pts,,1,50.0,0.0,0.0,0.0,0.0,0,,,,0.0,,1,0.0,0.0,,,0,1,,1.0,0.0,0.0,1,0,1,0.0,0,0,0.0,0
Shamar Givance,Ottawa Blackjacks,2024-2025,offense,Play types,Dribble Jumper,4,Drives Left,Isolation > Top > Drives Left > Dribble Jumper,Isolation,Top,Drives Left,Dribble Jumper,,,1,33.3,0.0,0.0,0.0,0.0,0,,,,0.0,,1,0.0,0.0,,,0,1,,1.0,0.0,0.0,1,0,1,0.0,0,0,0.0,0
Shamar Givance,Ottawa Blackjacks,2024-2025,offense,Play types,Short to < 17,5,Dribble Jumper,Isolation > Top > Drives Left > Dribble Jumper > Short to < 17,Isolation,Top,Drives Left,Dribble Jumper,Short to < 17,,1,100.0,0.0,0.0,0.0,0.0,0,,,,0.0,,1,0.0,0.0,,,0,1,,1.0,0.0,0.0,1,0,1,0.0,0,0,0.0,0
Shamar Givance,Ottawa Blackjacks,2024-2025,offense,Play types,Early Jumper,3,Top,Isolation > Top > Early Jumper,Isolation,Top,Early Jumper,,,,2,33.3,3.0,150.0,0.0,0.0,2,100.0,,,100.0,,2,150.0,0.0,,,2,0,,2.0,0.0,100.0,0,0,0,,2,0,1.0,6
Shamar Givance,Ottawa Blackjacks,2024-2025,offense,Play types,Dribble Jumper,4,Early Jumper,Isolation > Top > Early Jumper > Dribble Jumper,Isolation,Top,Early Jumper,Dribble Jumper,,,2,100.0,3.0,150.0,0.0,0.0,2,100.0,,,100.0,,2,150.0,0.0,,,2,0,,2.0,0.0,100.0,0,0,0,,2,0,1.0,6
Shamar Givance,Ottawa Blackjacks,2024-2025,offense,Play types,Long/3pt,5,Dribble Jumper,Isolation > Top > Early Jumper > Dribble Jumper > Long/3pt,Isolation,Top,Early Jumper,Dribble Jumper,Long/3pt,,2,100.0,3.0,150.0,0.0,0.0,2,100.0,,,100.0,,2,150.0,0.0,,,2,0,,2.0,0.0,100.0,0,0,0,,2,0,1.0,6
Shamar Givance,Ottawa Blackjacks,2024-2025,offense,Play types,Drives Right,3,Top,Isolation > Top > Drives Right,Isolation,Top,Drives Right,,,,1,16.7,0.0,0.0,0.0,0.0,0,,,,0.0,,1,0.0,0.0,,,0,1,,1.0,0.0,0.0,1,0,1,0.0,0,0,0.0,0
Shamar Givance,Ottawa Blackjacks,2024-2025,offense,Play types,To Basket,4,Drives Right,Isolation > Top > Drives Right > To Basket,Isolation,Top,Drives Right,To Basket,,,1,100.0,0.0,0.0,0.0,0.0,0,,,,0.0,,1,0.0,0.0,,,0,1,,1.0,0.0,0.0,1,0,1,0.0,0,0,0.0,0
Shamar Givance,Ottawa Blackjacks,2024-2025,offense,Play types,Miss 2 Pts,5,To Basket,Isolation > Top > Drives Right > To Basket > Miss 2 Pts,Isolation,Top,Drives Right,To Basket,Miss 2 Pts,,1,100.0,0.0,0.0,0.0,0.0,0,,,,0.0,,1,0.0,0.0,,,0,1,,1.0,0.0,0.0,1,0,1,0.0,0,0,0.0,0
Shamar Givance,Ottawa Blackjacks,2024-2025,offense,Play types,Right,2,Isolation,Isolation > Right,Isolation,Right,,,,,2,22.2,0.0,0.0,50.0,0.0,1,0.0,,,0.0,,1,0.0,0.0,,,0,1,,1.0,0.0,0.0,0,0,0,,0,1,1.0,0
Shamar Givance,Ottawa Blackjacks,2024-2025,offense,Play types,Drives Left,3,Right,Isolation > Right > Drives Left,Isolation,Right,Drives Left,,,,1,50.0,0.0,,100.0,0.0,0,,,,,,0,,0.0,,,0,0,,0.0,,0.0,0,0,0,,0,0,,0
Shamar Givance,Ottawa Blackjacks,2024-2025,offense,Play types,Turnover,4,Drives Left,Isolation > Right > Drives Left > Turnover,Isolation,Right,Drives Left,Turnover,,,1,100.0,0.0,,100.0,0.0,0,,,,,,0,,0.0,,,0,0,,0.0,,0.0,0,0,0,,0,0,,0
Shamar Givance,Ottawa Blackjacks,2024-2025,offense,Play types,Drives Right,3,Right,Isolation > Right > Drives Right,Isolation,Right,Drives Right,,,,1,50.0,0.0,0.0,0.0,0.0,1,0.0,,,0.0,,1,0.0,0.0,,,0,1,,1.0,0.0,0.0,0,0,0,,0,1,1.0,0
Shamar Givance,Ottawa Blackjacks,2024-2025,offense,Play types,Dribble Jumper,4,Drives Right,Isolation > Right > Drives Right > Dribble Jumper,Isolation,Right,Drives Right,Dribble Jumper,,,1,100.0,0.0,0.0,0.0,0.0,1,0.0,,,0.0,,1,0.0,0.0,,,0,1,,1.0,0.0,0.0,0,0,0,,0,1,1.0,0
Shamar Givance,Ottawa Blackjacks,2024-2025,offense,Play types,Long/3pt,5,Dribble Jumper,Isolation > Right > Drives Right > Dribble Jumper > Long/3pt,Isolation,Right,Drives Right,Dribble Jumper,Long/3pt,,1,100.0,0.0,0.0,0.0,0.0,1,0.0,,,0.0,,1,0.0,0.0,,,0,1,,1.0,0.0,0.0,0,0,0,,0,1,1.0,0
Shamar Givance,Ottawa Blackjacks,2024-2025,offense,Play types,Left,2,Isolation,Isolation > Left,Isolation,Left,,,,,1,11.1,2.0,100.0,0.0,0.0,0,,,,100.0,,1,100.0,0.0,,,1,0,,1.0,0.0,100.0,1,1,0,100.0,0,0,0.0,2
Shamar Givance,Ottawa Blackjacks,2024-2025,offense,Play types,Drives Right,3,Left,Isolation > Left > Drives Right,Isolation,Left,Drives Right,,,,1,100.0,2.0,100.0,0.0,0.0,0,,,,100.0,,1,100.0,0.0,,,1,0,,1.0,0.0,100.0,1,1,0,100.0,0,0,0.0,2
Shamar Givance,Ottawa Blackjacks,2024-2025,offense,Play types,Dribble Jumper,4,Drives Right,Isolation > Left > Drives Right > Dribble Jumper,Isolation,Left,Drives Right,Dribble Jumper,,,1,100.0,2.0,100.0,0.0,0.0,0,,,,100.0,,1,100.0,0.0,,,1,0,,1.0,0.0,100.0,1,1,0,100.0,0,0,0.0,2
Shamar Givance,Ottawa Blackjacks,2024-2025,offense,Play types,Short to < 17,5,Dribble Jumper,Isolation > Left > Drives Right > Dribble Jumper > Short to < 17,Isolation,Left,Drives Right,Dribble Jumper,Short to < 17,,1,100.0,2.0,100.0,0.0,0.0,0,,,,100.0,,1,100.0,0.0,,,1,0,,1.0,0.0,100.0,1,1,0,100.0,0,0,0.0,2
Shamar Givance,Ottawa Blackjacks,2024-2025,offense,Play types,Handoffs,1,,Handoffs,Handoffs,,,,,,6,5.2,1.5,112.5,33.3,0.0,1,100.0,,,100.0,,4,112.5,0.0,,,4,0,,4.0,0.0,66.7,3,3,0,100.0,1,0,0.25,9
Shamar Givance,Ottawa Blackjacks,2024-2025,offense,Play types,From Dribble,2,Handoffs,Handoffs > From Dribble,Handoffs,From Dribble,,,,,3,50.0,1.333,100.0,33.3,0.0,0,,,,100.0,,2,100.0,0.0,,,2,0,,2.0,0.0,66.7,2,2,0,100.0,0,0,0.0,4
Shamar Givance,Ottawa Blackjacks,2024-2025,offense,Play types,Left,3,From Dribble,Handoffs > From Dribble > Left,Handoffs,From Dribble,Left,,,,2,66.7,1.0,100.0,50.0,0.0,0,,,,100.0,,1,100.0,0.0,,,1,0,,1.0,0.0,50.0,1,1,0,100.0,0,0,0.0,2
Shamar Givance,Ottawa Blackjacks,2024-2025,offense,Play types,To Basket,4,Left,Handoffs > From Dribble > Left > To Basket,Handoffs,From Dribble,Left,To Basket,,,1,50.0,2.0,100.0,0.0,0.0,0,,,,100.0,,1,100.0,0.0,,,1,0,,1.0,0.0,100.0,1,1,0,100.0,0,0,0.0,2
Shamar Givance,Ottawa Blackjacks,2024-2025,offense,Play types,Make 2 Pts,5,To Basket,Handoffs > From Dribble > Left > To Basket > Make 2 Pts,Handoffs,From Dribble,Left,To Basket,Make 2 Pts,,1,100.0,2.0,100.0,0.0,0.0,0,,,,100.0,,1,100.0,0.0,,,1,0,,1.0,0.0,100.0,1,1,0,100.0,0,0,0.0,2
Shamar Givance,Ottawa Blackjacks,2024-2025,offense,Play types,Turnover,4,Left,Handoffs > From Dribble > Left > Turnover,Handoffs,From Dribble,Left,Turnover,,,1,50.0,0.0,,100.0,0.0,0,,,,,,0,,0.0,,,0,0,,0.0,,0.0,0,0,0,,0,0,,0
Shamar Givance,Ottawa Blackjacks,2024-2025,offense,Play types,Top,3,From Dribble,Handoffs > From Dribble > Top,Handoffs,From Dribble,Top,,,,1,33.3,2.0,100.0,0.0,0.0,0,,,,100.0,,1,100.0,0.0,,,1,0,,1.0,0.0,100.0,1,1,0,100.0,0,0,0.0,2
Shamar Givance,Ottawa Blackjacks,2024-2025,offense,Play types,To Basket,4,Top,Handoffs > From Dribble > Top > To Basket,Handoffs,From Dribble,Top,To Basket,,,1,100.0,2.0,100.0,0.0,0.0,0,,,,100.0,,1,100.0,0.0,,,1,0,,1.0,0.0,100.0,1,1,0,100.0,0,0,0.0,2
Shamar Givance,Ottawa Blackjacks,2024-2025,offense,Play types,Make 2 Pts,5,To Basket,Handoffs > From Dribble > Top > To Basket > Make 2 Pts,Handoffs,From Dribble,Top,To Basket,Make 2 Pts,,1,100.0,2.0,100.0,0.0,0.0,0,,,,100.0,,1,100.0,0.0,,,1,0,,1.0,0.0,100.0,1,1,0,100.0,0,0,0.0,2
Shamar Givance,Ottawa Blackjacks,2024-2025,offense,Play types,From Stationary,2,Handoffs,Handoffs > From Stationary,Handoffs,From Stationary,,,,,3,50.0,1.667,125.0,33.3,0.0,1,100.0,,,100.0,,2,125.0,0.0,,,2,0,,2.0,0.0,66.7,1,1,0,100.0,1,0,0.5,5
Shamar Givance,Ottawa Blackjacks,2024-2025,offense,Play types,Top,3,From Stationary,Handoffs > From Stationary > Top,Handoffs,From Stationary,Top,,,,1,33.3,3.0,150.0,0.0,0.0,1,100.0,,,100.0,,1,150.0,0.0,,,1,0,,1.0,0.0,100.0,0,0,0,,1,0,1.0,3
Shamar Givance,Ottawa Blackjacks,2024-2025,offense,Play types,Dribble Jumper,4,Top,Handoffs > From Stationary > Top > Dribble Jumper,Handoffs,From Stationary,Top,Dribble Jumper,,,1,100.0,3.0,150.0,0.0,0.0,1,100.0,,,100.0,,1,150.0,0.0,,,1,0,,1.0,0.0,100.0,0,0,0,,1,0,1.0,3
Shamar Givance,Ottawa Blackjacks,2024-2025,offense,Play types,Long/3pt,5,Dribble Jumper,Handoffs > From Stationary > Top > Dribble Jumper > Long/3pt,Handoffs,From Stationary,Top,Dribble Jumper,Long/3pt,,1,100.0,3.0,150.0,0.0,0.0,1,100.0,,,100.0,,1,150.0,0.0,,,1,0,,1.0,0.0,100.0,0,0,0,,1,0,1.0,3
Shamar Givance,Ottawa Blackjacks,2024-2025,offense,Play types,Right,3,From Stationary,Handoffs > From Stationary > Right,Handoffs,From Stationary,Right,,,,1,33.3,2.0,100.0,0.0,0.0,0,,,,100.0,,1,100.0,0.0,,,1,0,,1.0,0.0,100.0,1,1,0,100.0,0,0,0.0,2
Shamar Givance,Ottawa Blackjacks,2024-2025,offense,Play types,To Basket,4,Right,Handoffs > From Stationary > Right > To Basket,Handoffs,From Stationary,Right,To Basket,,,1,100.0,2.0,100.0,0.0,0.0,0,,,,100.0,,1,100.0,0.0,,,1,0,,1.0,0.0,100.0,1,1,0,100.0,0,0,0.0,2
Shamar Givance,Ottawa Blackjacks,2024-2025,offense,Play types,Make 2 Pts,5,To Basket,Handoffs > From Stationary > Right > To Basket > Make 2 Pts,Handoffs,From Stationary,Right,To Basket,Make 2 Pts,,1,100.0,2.0,100.0,0.0,0.0,0,,,,100.0,,1,100.0,0.0,,,1,0,,1.0,0.0,100.0,1,1,0,100.0,0,0,0.0,2
Shamar Givance,Ottawa Blackjacks,2024-2025,offense,Play types,Left,3,From Stationary,Handoffs > From Stationary > Left,Handoffs,From Stationary,Left,,,,1,33.3,0.0,,100.0,0.0,0,,,,,,0,,0.0,,,0,0,,0.0,,0.0,0,0,0,,0,0,,0
Shamar Givance,Ottawa Blackjacks,2024-2025,offense,Play types,Turnover,4,Left,Handoffs > From Stationary > Left > Turnover,Handoffs,From Stationary,Left,Turnover,,,1,100.0,0.0,,100.0,0.0,0,,,,,,0,,0.0,,,0,0,,0.0,,0.0,0,0,0,,0,0,,0
Shamar Givance,Ottawa Blackjacks,2024-2025,offense,Play types,Miscellaneous Plays,1,,Miscellaneous Plays,Miscellaneous Plays,,,,,,6,5.2,0.5,61.5,66.7,16.7,1,0.0,,,50.0,,2,50.0,16.7,,,1,1,,2.4,0.5,16.7,1,1,0,100.0,0,1,0.5,3
Shamar Givance,Ottawa Blackjacks,2024-2025,offense,Play types,Turnover,2,Miscellaneous Plays,Miscellaneous Plays > Turnover,Miscellaneous Plays,Turnover,,,,,4,66.7,0.0,,100.0,0.0,0,,,,,,0,,0.0,,,0,0,,0.0,,0.0,0,0,0,,0,0,,0
Shamar Givance,Ottawa Blackjacks,2024-2025,offense,Play types,Dribble Jumper,2,Miscellaneous Plays,Miscellaneous Plays > Dribble Jumper,Miscellaneous Plays,Dribble Jumper,,,,,1,16.7,0.0,0.0,0.0,0.0,1,0.0,,,0.0,,1,0.0,0.0,,,0,1,,1.0,0.0,0.0,0,0,0,,0,1,1.0,0
Shamar Givance,Ottawa Blackjacks,2024-2025,offense,Play types,Long/3pt,3,Dribble Jumper,Miscellaneous Plays > Dribble Jumper > Long/3pt,Miscellaneous Plays,Dribble Jumper,Long/3pt,,,,1,100.0,0.0,0.0,0.0,0.0,1,0.0,,,0.0,,1,0.0,0.0,,,0,1,,1.0,0.0,0.0,0,0,0,,0,1,1.0,0
Shamar Givance,Ottawa Blackjacks,2024-2025,offense,Play types,Miss 3 Pts,4,Long/3pt,Miscellaneous Plays > Dribble Jumper > Long/3pt > Miss 3 Pts,Miscellaneous Plays,Dribble Jumper,Long/3pt,Miss 3 Pts,,,1,100.0,0.0,0.0,0.0,0.0,1,0.0,,,0.0,,1,0.0,0.0,,,0,1,,1.0,0.0,0.0,0,0,0,,0,1,1.0,0
Shamar Givance,Ottawa Blackjacks,2024-2025,offense,Play types,To Basket,2,Miscellaneous Plays,Miscellaneous Plays > To Basket,Miscellaneous Plays,To Basket,,,,,1,16.7,3.0,104.2,0.0,100.0,0,,,,100.0,,1,100.0,100.0,,,1,0,,1.4,1.0,100.0,1,1,0,100.0,0,0,0.0,3
Shamar Givance,Ottawa Blackjacks,2024-2025,offense,Play types,Make 2 Pts Foul,3,To Basket,Miscellaneous Plays > To Basket > Make 2 Pts Foul,Miscellaneous Plays,To Basket,Make 2 Pts Foul,,,,1,100.0,3.0,104.2,0.0,100.0,0,,,,100.0,,1,100.0,100.0,,,1,0,,1.4,1.0,100.0,1,1,0,100.0,0,0,0.0,3
Shamar Givance,Ottawa Blackjacks,2024-2025,offense,Play types,1 Pts,4,Make 2 Pts Foul,Miscellaneous Plays > To Basket > Make 2 Pts Foul > 1 Pts,Miscellaneous Plays,To Basket,Make 2 Pts Foul,1 Pts,,,1,100.0,3.0,104.2,0.0,100.0,0,,,,100.0,,1,100.0,100.0,,,1,0,,1.4,1.0,100.0,1,1,0,100.0,0,0,0.0,3
Shamar Givance,Ottawa Blackjacks,2024-2025,offense,Play types,Off Screen,1,,Off Screen,Off Screen,,,,,,3,2.6,0.667,33.3,0.0,0.0,2,0.0,,,33.3,,3,33.3,0.0,,,1,2,,3.0,0.0,33.3,1,1,0,100.0,0,2,0.67,2
Shamar Givance,Ottawa Blackjacks,2024-2025,offense,Play types,To Shooter's Left,2,Off Screen,Off Screen > To Shooter's Left,Off Screen,To Shooter's Left,,,,,3,100.0,0.667,33.3,0.0,0.0,2,0.0,,,33.3,,3,33.3,0.0,,,1,2,,3.0,0.0,33.3,1,1,0,100.0,0,2,0.67,2
Shamar Givance,Ottawa Blackjacks,2024-2025,offense,Play types,Flare,3,To Shooter's Left,Off Screen > To Shooter's Left > Flare,Off Screen,To Shooter's Left,Flare,,,,2,66.7,1.0,50.0,0.0,0.0,1,0.0,,,50.0,,2,50.0,0.0,,,1,1,,2.0,0.0,50.0,1,1,0,100.0,0,1,0.5,2
Shamar Givance,Ottawa Blackjacks,2024-2025,offense,Play types,To Basket,4,Flare,Off Screen > To Shooter's Left > Flare > To Basket,Off Screen,To Shooter's Left,Flare,To Basket,,,1,50.0,2.0,100.0,0.0,0.0,0,,,,100.0,,1,100.0,0.0,,,1,0,,1.0,0.0,100.0,1,1,0,100.0,0,0,0.0,2
Shamar Givance,Ottawa Blackjacks,2024-2025,offense,Play types,Make 2 Pts,5,To Basket,Off Screen > To Shooter's Left > Flare > To Basket > Make 2 Pts,Off Screen,To Shooter's Left,Flare,To Basket,Make 2 Pts,,1,100.0,2.0,100.0,0.0,0.0,0,,,,100.0,,1,100.0,0.0,,,1,0,,1.0,0.0,100.0,1,1,0,100.0,0,0,0.0,2
Shamar Givance,Ottawa Blackjacks,2024-2025,offense,Play types,No Dribble Jumper,4,Flare,Off Screen > To Shooter's Left > Flare > No Dribble Jumper,Off Screen,To Shooter's Left,Flare,No Dribble Jumper,,,1,50.0,0.0,0.0,0.0,0.0,1,0.0,,,0.0,,1,0.0,0.0,,,0,1,,1.0,0.0,0.0,0,0,0,,0,1,1.0,0
Shamar Givance,Ottawa Blackjacks,2024-2025,offense,Play types,Open,5,No Dribble Jumper,Off Screen > To Shooter's Left > Flare > No Dribble Jumper > Open,Off Screen,To Shooter's Left,Flare,No Dribble Jumper,Open,,1,100.0,0.0,0.0,0.0,0.0,1,0.0,,,0.0,,1,0.0,0.0,,,0,1,,1.0,0.0,0.0,0,0,0,,0,1,1.0,0
Shamar Givance,Ottawa Blackjacks,2024-2025,offense,Play types,Straight,3,To Shooter's Left,Off Screen > To Shooter's Left > Straight,Off Screen,To Shooter's Left,Straight,,,,1,33.3,0.0,0.0,0.0,0.0,1,0.0,,,0.0,,1,0.0,0.0,,,0,1,,1.0,0.0,0.0,0,0,0,,0,1,1.0,0
Shamar Givance,Ottawa Blackjacks,2024-2025,offense,Play types,Dribble Jumper,4,Straight,Off Screen > To Shooter's Left > Straight > Dribble Jumper,Off Screen,To Shooter's Left,Straight,Dribble Jumper,,,1,100.0,0.0,0.0,0.0,0.0,1,0.0,,,0.0,,1,0.0,0.0,,,0,1,,1.0,0.0,0.0,0,0,0,,0,1,1.0,0
Shamar Givance,Ottawa Blackjacks,2024-2025,offense,Play types,Long/3pt,5,Dribble Jumper,Off Screen > To Shooter's Left > Straight > Dribble Jumper > Long/3pt,Off Screen,To Shooter's Left,Straight,Dribble Jumper,Long/3pt,,1,100.0,0.0,0.0,0.0,0.0,1,0.0,,,0.0,,1,0.0,0.0,,,0,1,,1.0,0.0,0.0,0,0,0,,0,1,1.0,0
Shamar Givance,Ottawa Blackjacks,2024-2025,offense,Play types,Cut,1,,Cut,Cut,,,,,,2,1.7,1.0,50.0,0.0,0.0,0,,,,50.0,,2,50.0,0.0,,,1,1,,2.0,0.0,50.0,2,1,1,50.0,0,0,0.0,2
Shamar Givance,Ottawa Blackjacks,2024-2025,offense,Play types,Basket,2,Cut,Cut > Basket,Cut,Basket,,,,,2,100.0,1.0,50.0,0.0,0.0,0,,,,50.0,,2,50.0,0.0,,,1,1,,2.0,0.0,50.0,2,1,1,50.0,0,0,0.0,2
Shamar Givance,Ottawa Blackjacks,2024-2025,offense,Play types,Make 2 Pts,3,Basket,Cut > Basket > Make 2 Pts,Cut,Basket,Make 2 Pts,,,,1,50.0,2.0,100.0,0.0,0.0,0,,,,100.0,,1,100.0,0.0,,,1,0,,1.0,0.0,100.0,1,1,0,100.0,0,0,0.0,2
Shamar Givance,Ottawa Blackjacks,2024-2025,offense,Play types,Miss 2 Pts,3,Basket,Cut > Basket > Miss 2 Pts,Cut,Basket,Miss 2 Pts,,,,1,50.0,0.0,0.0,0.0,0.0,0,,,,0.0,,1,0.0,0.0,,,0,1,,1.0,0.0,0.0,1,0,1,0.0,0,0,0.0,0
Shamar Givance,Ottawa Blackjacks,2024-2025,offense,Play types,Offensive Rebounds (Put Backs),1,,Offensive Rebounds (Put Backs),Offensive Rebounds (Put Backs),,,,,,2,1.7,1.0,113.6,50.0,50.0,0,,,,,,0,,50.0,,,0,0,,0.9,,50.0,0,0,0,,0,0,,2
Shamar Givance,Ottawa Blackjacks,2024-2025,offense,Play types,Short,2,Offensive Rebounds (Put Backs),Offensive Rebounds (Put Backs) > Short,Offensive Rebounds (Put Backs),Short,,,,,2,100.0,1.0,113.6,50.0,50.0,0,,,,,,0,,50.0,,,0,0,,0.9,,50.0,0,0,0,,0,0,,2
Shamar Givance,Ottawa Blackjacks,2024-2025,offense,Play types,Scoring Attempt,3,Short,Offensive Rebounds (Put Backs) > Short > Scoring Attempt,Offensive Rebounds (Put Backs),Short,Scoring Attempt,,,,1,50.0,2.0,113.6,0.0,100.0,0,,,,,,0,,100.0,,,0,0,,0.9,,100.0,0,0,0,,0,0,,2
Shamar Givance,Ottawa Blackjacks,2024-2025,offense,Play types,At Basket,4,Scoring Attempt,Offensive Rebounds (Put Backs) > Short > Scoring Attempt > At Basket,Offensive Rebounds (Put Backs),Short,Scoring Attempt,At Basket,,,1,100.0,2.0,113.6,0.0,100.0,0,,,,,,0,,100.0,,,0,0,,0.9,,100.0,0,0,0,,0,0,,2
Shamar Givance,Ottawa Blackjacks,2024-2025,offense,Play types,Foul,5,At Basket,Offensive Rebounds (Put Backs) > Short > Scoring Attempt > At Basket > Foul,Offensive Rebounds (Put Backs),Short,Scoring Attempt,At Basket,Foul,,1,100.0,2.0,113.6,0.0,100.0,0,,,,,,0,,100.0,,,0,0,,0.9,,100.0,0,0,0,,0,0,,2
Shamar Givance,Ottawa Blackjacks,2024-2025,offense,Play types,Turnover,3,Short,Offensive Rebounds (Put Backs) > Short > Turnover,Offensive Rebounds (Put Backs),Short,Turnover,,,,1,50.0,0.0,,100.0,0.0,0,,,,,,0,,0.0,,,0,0,,0.0,,0.0,0,0,0,,0,0,,0
Shamar Givance,Ottawa Blackjacks,2024-2025,offense,Play types,P&R Roll Man,1,,P&R Roll Man,P&R Roll Man,,,,,,1,0.9,0.0,0.0,0.0,0.0,1,0.0,,,0.0,,1,0.0,0.0,,,0,1,,1.0,0.0,0.0,0,0,0,,0,1,1.0,0
Shamar Givance,Ottawa Blackjacks,2024-2025,offense,Play types,Pick and Pops,2,P&R Roll Man,P&R Roll Man > Pick and Pops,P&R Roll Man,Pick and Pops,,,,,1,100.0,0.0,0.0,0.0,0.0,1,0.0,,,0.0,,1,0.0,0.0,,,0,1,,1.0,0.0,0.0,0,0,0,,0,1,1.0,0
Shamar Givance,Ottawa Blackjacks,2024-2025,offense,Play types,No Dribble Jumper,3,Pick and Pops,P&R Roll Man > Pick and Pops > No Dribble Jumper,P&R Roll Man,Pick and Pops,No Dribble Jumper,,,,1,100.0,0.0,0.0,0.0,0.0,1,0.0,,,0.0,,1,0.0,0.0,,,0,1,,1.0,0.0,0.0,0,0,0,,0,1,1.0,0
Shamar Givance,Ottawa Blackjacks,2024-2025,offense,Play types,Guarded,4,No Dribble Jumper,P&R Roll Man > Pick and Pops > No Dribble Jumper > Guarded,P&R Roll Man,Pick and Pops,No Dribble Jumper,Guarded,,,1,100.0,0.0,0.0,0.0,0.0,1,0.0,,,0.0,,1,0.0,0.0,,,0,1,,1.0,0.0,0.0,0,0,0,,0,1,1.0,0
Shamar Givance,Ottawa Blackjacks,2024-2025,offense,Play types,Long/3pt,5,Guarded,P&R Roll Man > Pick and Pops > No Dribble Jumper > Guarded > Long/3pt,P&R Roll Man,Pick and Pops,No Dribble Jumper,Guarded,Long/3pt,,1,100.0,0.0,0.0,0.0,0.0,1,0.0,,,0.0,,1,0.0,0.0,,,0,1,,1.0,0.0,0.0,0,0,0,,0,1,1.0,0
Shamar Givance,Ottawa Blackjacks,2024-2025,offense,Play types,Post-Up,1,,Post-Up,Post-Up,,,,,,0,0.0,,,,,0,,,,,,0,,,,,0,0,,0.0,,,0,0,0,,0,0,,0
Shamar Givance,Ottawa Blackjacks,2024-2025,offense,Overall Drive Direction,Overall,1,,Overall,Overall,,,,,,19,16.4,0.421,40.5,47.4,5.3,2,0.0,,,33.3,,9,33.3,5.3,,,3,6,,9.9,0.22,21.1,7,3,4,42.9,0,2,0.22,8
Shamar Givance,Ottawa Blackjacks,2024-2025,offense,Overall Drive Direction,Drives Left,2,Overall,Overall > Drives Left,Overall,Drives Left,,,,,11,57.9,0.364,41.0,54.5,9.1,1,0.0,,,25.0,,4,25.0,9.1,,,1,3,,4.9,0.5,18.2,3,1,2,33.3,0,1,0.25,4
Shamar Givance,Ottawa Blackjacks,2024-2025,offense,Overall Drive Direction,Turnover,3,Drives Left,Overall > Drives Left > Turnover,Overall,Drives Left,Turnover,,,,6,54.5,0.0,,100.0,0.0,0,,,,,,0,,0.0,,,0,0,,0.0,,0.0,0,0,0,,0,0,,0
Shamar Givance,Ottawa Blackjacks,2024-2025,offense,Overall Drive Direction,To Basket,3,Drives Left,Overall > Drives Left > To Basket,Overall,Drives Left,To Basket,,,,3,27.3,1.333,69.4,0.0,33.3,0,,,,50.0,,2,50.0,33.3,,,1,1,,2.9,1.0,66.7,2,1,1,50.0,0,0,0.0,4
Shamar Givance,Ottawa Blackjacks,2024-2025,offense,Overall Drive Direction,Dribble Jumper,3,Drives Left,Overall > Drives Left > Dribble Jumper,Overall,Drives Left,Dribble Jumper,,,,2,18.2,0.0,0.0,0.0,0.0,1,0.0,,,0.0,,2,0.0,0.0,,,0,2,,2.0,0.0,0.0,1,0,1,0.0,0,1,0.5,0
Shamar Givance,Ottawa Blackjacks,2024-2025,offense,Overall Drive Direction,Foul,3,Drives Left,Overall > Drives Left > Foul,Overall,Drives Left,Foul,,,,0,0.0,,,,,0,,,,,,0,,,,,0,0,,0.0,,,0,0,0,,0,0,,0
Shamar Givance,Ottawa Blackjacks,2024-2025,offense,Overall Drive Direction,Defense Commits,3,Drives Left,Overall > Drives Left > Defense Commits,Overall,Drives Left,Defense Commits,,,,0,0.0,,,,,0,,,,,,0,,,,,0,0,,0.0,,,0,0,0,,0,0,,0
Shamar Givance,Ottawa Blackjacks,2024-2025,offense,Overall Drive Direction,Drives Right,2,Overall,Overall > Drives Right,Overall,Drives Right,,,,,7,36.8,0.571,40.0,28.6,0.0,1,0.0,,,40.0,,5,40.0,0.0,,,2,3,,5.0,0.0,28.6,4,2,2,50.0,0,1,0.2,4
Shamar Givance,Ottawa Blackjacks,2024-2025,offense,Overall Drive Direction,To Basket,3,Drives Right,Overall > Drives Right > To Basket,Overall,Drives Right,To Basket,,,,4,57.1,0.5,33.3,25.0,0.0,0,,,,33.3,,3,33.3,0.0,,,1,2,,3.0,0.0,25.0,3,1,2,33.3,0,0,0.0,2
Shamar Givance,Ottawa Blackjacks,2024-2025,offense,Overall Drive Direction,Dribble Jumper,3,Drives Right,Overall > Drives Right > Dribble Jumper,Overall,Drives Right,Dribble Jumper,,,,2,28.6,1.0,50.0,0.0,0.0,1,0.0,,,50.0,,2,50.0,0.0,,,1,1,,2.0,0.0,50.0,1,1,0,100.0,0,1,0.5,2
Shamar Givance,Ottawa Blackjacks,2024-2025,offense,Overall Drive Direction,Turnover,3,Drives Right,Overall > Drives Right > Turnover,Overall,Drives Right,Turnover,,,,1,14.3,0.0,,100.0,0.0,0,,,,,,0,,0.0,,,0,0,,0.0,,0.0,0,0,0,,0,0,,0
Shamar Givance,Ottawa Blackjacks,2024-2025,offense,Overall Drive Direction,Foul,3,Drives Right,Overall > Drives Right > Foul,Overall,Drives Right,Foul,,,,0,0.0,,,,,0,,,,,,0,,,,,0,0,,0.0,,,0,0,0,,0,0,,0
Shamar Givance,Ottawa Blackjacks,2024-2025,offense,Overall Drive Direction,Defense Commits,3,Drives Right,Overall > Drives Right > Defense Commits,Overall,Drives Right,Defense Commits,,,,0,0.0,,,,,0,,,,,,0,,,,,0,0,,0.0,,,0,0,0,,0,0,,0
Shamar Givance,Ottawa Blackjacks,2024-2025,offense,Overall Drive Direction,Drives Straight,2,Overall,Overall > Drives Straight,Overall,Drives Straight,,,,,1,5.3,0.0,,100.0,0.0,0,,,,,,0,,0.0,,,0,0,,0.0,,0.0,0,0,0,,0,0,,0
Shamar Givance,Ottawa Blackjacks,2024-2025,offense,Overall Drive Direction,Turnover,3,Drives Straight,Overall > Drives Straight > Turnover,Overall,Drives Straight,Turnover,,,,1,100.0,0.0,,100.0,0.0,0,,,,,,0,,0.0,,,0,0,,0.0,,0.0,0,0,0,,0,0,,0
Shamar Givance,Ottawa Blackjacks,2024-2025,offense,Overall Drive Direction,To Basket,3,Drives Straight,Overall > Drives Straight > To Basket,Overall,Drives Straight,To Basket,,,,0,0.0,,,,,0,,,,,,0,,,,,0,0,,0.0,,,0,0,0,,0,0,,0
Shamar Givance,Ottawa Blackjacks,2024-2025,offense,Overall Drive Direction,Dribble Jumper,3,Drives Straight,Overall > Drives Straight > Dribble Jumper,Overall,Drives Straight,Dribble Jumper,,,,0,0.0,,,,,0,,,,,,0,,,,,0,0,,0.0,,,0,0,0,,0,0,,0
Shamar Givance,Ottawa Blackjacks,2024-2025,offense,Overall Drive Direction,Foul,3,Drives Straight,Overall > Drives Straight > Foul,Overall,Drives Straight,Foul,,,,0,0.0,,,,,0,,,,,,0,,,,,0,0,,0.0,,,0,0,0,,0,0,,0
Shamar Givance,Ottawa Blackjacks,2024-2025,offense,Overall Drive Direction,Defense Commits,3,Drives Straight,Overall > Drives Straight > Defense Commits,Overall,Drives Straight,Defense Commits,,,,0,0.0,,,,,0,,,,,,0,,,,,0,0,,0.0,,,0,0,0,,0,0,,0
Shamar Givance,Ottawa Blackjacks,2024-2025,offense,P&R ball handler,P&R Including Passes,1,,P&R Including Passes,P&R Including Passes,,,,,,67,46.9,1.03,59.5,14.9,7.5,22,45.5,Very Good,75.0,48.1,63.0,54,57.4,7.5,,,26,28,,58.0,0.17,43.3,32,16,16,50.0,10,12,0.41,69
Shamar Givance,Ottawa Blackjacks,2024-2025,offense,P&R ball handler,P&R Ball Handler,2,P&R Including Passes,P&R Including Passes > P&R Ball Handler,P&R Including Passes,P&R Ball Handler,,,,,32,47.8,0.938,60.6,21.9,6.3,9,55.6,,,47.8,,23,58.7,6.3,,,11,12,,24.8,0.17,40.6,14,6,8,42.9,5,4,0.39,30
Shamar Givance,Ottawa Blackjacks,2024-2025,offense,P&R ball handler,High P&R,3,P&R Ball Handler,P&R Including Passes > P&R Ball Handler > High P&R,P&R Including Passes,P&R Ball Handler,High P&R,,,,21,65.6,1.095,68.6,19.0,9.5,7,57.1,,,53.3,,15,66.7,9.5,,,8,7,,16.8,0.27,47.6,8,4,4,50.0,4,3,0.47,23
Shamar Givance,Ottawa Blackjacks,2024-2025,offense,P&R ball handler,Dribble Off Pick,4,High P&R,P&R Including Passes > P&R Ball Handler > High P&R > Dribble Off Pick,P&R Including Passes,P&R Ball Handler,High P&R,Dribble Off Pick,,,15,71.4,0.933,58.3,20.0,0.0,7,57.1,,,41.7,,12,58.3,0.0,,,5,7,,12.0,0.0,33.3,5,1,4,20.0,4,3,0.58,14
Shamar Givance,Ottawa Blackjacks,2024-2025,offense,P&R ball handler,Dribble Jumper,5,Dribble Off Pick,P&R Including Passes > P&R Ball Handler > High P&R > Dribble Off Pick > Dribble Jumper,P&R Including Passes,P&R Ball Handler,High P&R,Dribble Off Pick,Dribble Jumper,,10,66.7,1.2,60.0,0.0,0.0,7,57.1,,,40.0,,10,60.0,0.0,,,4,6,,10.0,0.0,40.0,3,0,3,0.0,4,3,0.7,12
Shamar Givance,Ottawa Blackjacks,2024-2025,offense,P&R ball handler,Long/3pt,6,Dribble Jumper,P&R Including Passes > P&R Ball Handler > High P&R > Dribble Off Pick > Dribble Jumper > Long/3pt,P&R Including Passes,P&R Ball Handler,High P&R,Dribble Off Pick,Dribble Jumper,Long/3pt,7,70.0,1.714,85.7,0.0,0.0,7,57.1,,,57.1,,7,85.7,0.0,,,4,3,,7.0,0.0,57.1,0,0,0,,4,3,1.0,12
Shamar Givance,Ottawa Blackjacks,2024-2025,offense,P&R ball handler,Short to < 17,6,Dribble Jumper,P&R Including Passes > P&R Ball Handler > High P&R > Dribble Off Pick > Dribble Jumper > Short to < 17,P&R Including Passes,P&R Ball Handler,High P&R,Dribble Off Pick,Dribble Jumper,Short to < 17,3,30.0,0.0,0.0,0.0,0.0,0,,,,0.0,,3,0.0,0.0,,,0,3,,3.0,0.0,0.0,3,0,3,0.0,0,0,0.0,0
Shamar Givance,Ottawa Blackjacks,2024-2025,offense,P&R ball handler,Defense Commits,5,Dribble Off Pick,P&R Including Passes > P&R Ball Handler > High P&R > Dribble Off Pick > Defense Commits,P&R Including Passes,P&R Ball Handler,High P&R,Dribble Off Pick,Defense Commits,,3,20.0,0.0,,100.0,0.0,0,,,,,,0,,0.0,,,0,0,,0.0,,0.0,0,0,0,,0,0,,0
Shamar Givance,Ottawa Blackjacks,2024-2025,offense,P&R ball handler,Turnover,6,Defense Commits,P&R Including Passes > P&R Ball Handler > High P&R > Dribble Off Pick > Defense Commits > Turnover,P&R Including Passes,P&R Ball Handler,High P&R,Dribble Off Pick,Defense Commits,Turnover,3,100.0,0.0,,100.0,0.0,0,,,,,,0,,0.0,,,0,0,,0.0,,0.0,0,0,0,,0,0,,0
Shamar Givance,Ottawa Blackjacks,2024-2025,offense,P&R ball handler,To Basket,5,Dribble Off Pick,P&R Including Passes > P&R Ball Handler > High P&R > Dribble Off Pick > To Basket,P&R Including Passes,P&R Ball Handler,High P&R,Dribble Off Pick,To Basket,,2,13.3,1.0,50.0,0.0,0.0,0,,,,50.0,,2,50.0,0.0,,,1,1,,2.0,0.0,50.0,2,1,1,50.0,0,0,0.0,2
Shamar Givance,Ottawa Blackjacks,2024-2025,offense,P&R ball handler,Miss 2 Pts,6,To Basket,P&R Including Passes > P&R Ball Handler > High P&R > Dribble Off Pick > To Basket > Miss 2 Pts,P&R Including Passes,P&R Ball Handler,High P&R,Dribble Off Pick,To Basket,Miss 2 Pts,1,50.0,0.0,0.0,0.0,0.0,0,,,,0.0,,1,0.0,0.0,,,0,1,,1.0,0.0,0.0,1,0,1,0.0,0,0,0.0,0
Shamar Givance,Ottawa Blackjacks,2024-2025,offense,P&R ball handler,Make 2 Pts,6,To Basket,P&R Including Passes > P&R Ball Handler > High P&R > Dribble Off Pick > To Basket > Make 2 Pts,P&R Including Passes,P&R Ball Handler,High P&R,Dribble Off Pick,To Basket,Make 2 Pts,1,50.0,2.0,100.0,0.0,0.0,0,,,,100.0,,1,100.0,0.0,,,1,0,,1.0,0.0,100.0,1,1,0,100.0,0,0,0.0,2
Shamar Givance,Ottawa Blackjacks,2024-2025,offense,P&R ball handler,Go Away from Pick,4,High P&R,P&R Including Passes > P&R Ball Handler > High P&R > Go Away from Pick,P&R Including Passes,P&R Ball Handler,High P&R,Go Away from Pick,,,6,28.6,1.5,94.5,16.7,33.3,0,,,,100.0,,3,100.0,33.3,,,3,0,,4.8,1.33,83.3,3,3,0,100.0,0,0,0.0,9
Shamar Givance,Ottawa Blackjacks,2024-2025,offense,P&R ball handler,To Basket,5,Go Away from Pick,P&R Including Passes > P&R Ball Handler > High P&R > Go Away from Pick > To Basket,P&R Including Passes,P&R Ball Handler,High P&R,Go Away from Pick,To Basket,,4,66.7,1.75,93.1,0.0,50.0,0,,,,100.0,,2,100.0,50.0,,,2,0,,3.8,2.0,100.0,2,2,0,100.0,0,0,0.0,7
Shamar Givance,Ottawa Blackjacks,2024-2025,offense,P&R ball handler,Make 2 Pts,6,To Basket,P&R Including Passes > P&R Ball Handler > High P&R > Go Away from Pick > To Basket > Make 2 Pts,P&R Including Passes,P&R Ball Handler,High P&R,Go Away from Pick,To Basket,Make 2 Pts,2,50.0,2.0,100.0,0.0,0.0,0,,,,100.0,,2,100.0,0.0,,,2,0,,2.0,0.0,100.0,2,2,0,100.0,0,0,0.0,4
Shamar Givance,Ottawa Blackjacks,2024-2025,offense,P&R ball handler,Foul,6,To Basket,P&R Including Passes > P&R Ball Handler > High P&R > Go Away from Pick > To Basket > Foul,P&R Including Passes,P&R Ball Handler,High P&R,Go Away from Pick,To Basket,Foul,2,50.0,1.5,85.2,0.0,100.0,0,,,,,,0,,100.0,,,0,0,,1.8,,100.0,0,0,0,,0,0,,3
Shamar Givance,Ottawa Blackjacks,2024-2025,offense,P&R ball handler,Defense Commits,5,Go Away from Pick,P&R Including Passes > P&R Ball Handler > High P&R > Go Away from Pick > Defense Commits,P&R Including Passes,P&R Ball Handler,High P&R,Go Away from Pick,Defense Commits,,1,16.7,0.0,,100.0,0.0,0,,,,,,0,,0.0,,,0,0,,0.0,,0.0,0,0,0,,0,0,,0
Shamar Givance,Ottawa Blackjacks,2024-2025,offense,P&R ball handler,Turnover,6,Defense Commits,P&R Including Passes > P&R Ball Handler > High P&R > Go Away from Pick > Defense Commits > Turnover,P&R Including Passes,P&R Ball Handler,High P&R,Go Away from Pick,Defense Commits,Turnover,1,100.0,0.0,,100.0,0.0,0,,,,,,0,,0.0,,,0,0,,0.0,,0.0,0,0,0,,0,0,,0
Shamar Givance,Ottawa Blackjacks,2024-2025,offense,P&R ball handler,Dribble Jumper,5,Go Away from Pick,P&R Including Passes > P&R Ball Handler > High P&R > Go Away from Pick > Dribble Jumper,P&R Including Passes,P&R Ball Handler,High P&R,Go Away from Pick,Dribble Jumper,,1,16.7,2.0,100.0,0.0,0.0,0,,,,100.0,,1,100.0,0.0,,,1,0,,1.0,0.0,100.0,1,1,0,100.0,0,0,0.0,2
Shamar Givance,Ottawa Blackjacks,2024-2025,offense,P&R ball handler,Medium/17' to 3pt,6,Dribble Jumper,P&R Including Passes > P&R Ball Handler > High P&R > Go Away from Pick > Dribble Jumper > Medium/17' to 3pt,P&R Including Passes,P&R Ball Handler,High P&R,Go Away from Pick,Dribble Jumper,Medium/17' to 3pt,1,100.0,2.0,100.0,0.0,0.0,0,,,,100.0,,1,100.0,0.0,,,1,0,,1.0,0.0,100.0,1,1,0,100.0,0,0,0.0,2
Shamar Givance,Ottawa Blackjacks,2024-2025,offense,P&R ball handler,Left P&R,3,P&R Ball Handler,P&R Including Passes > P&R Ball Handler > Left P&R,P&R Including Passes,P&R Ball Handler,Left P&R,,,,7,21.9,0.714,41.7,14.3,0.0,2,50.0,,,33.3,,6,41.7,0.0,,,2,4,,6.0,0.0,28.6,4,1,3,25.0,1,1,0.33,5
Shamar Givance,Ottawa Blackjacks,2024-2025,offense,P&R ball handler,Baseline,4,Left P&R,P&R Including Passes > P&R Ball Handler > Left P&R > Baseline,P&R Including Passes,P&R Ball Handler,Left P&R,Baseline,,,4,57.1,0.75,50.0,25.0,0.0,1,100.0,,,33.3,,3,50.0,0.0,,,1,2,,3.0,0.0,25.0,2,0,2,0.0,1,0,0.33,3
Shamar Givance,Ottawa Blackjacks,2024-2025,offense,P&R ball handler,Dribble Off Pick,5,Baseline,P&R Including Passes > P&R Ball Handler > Left P&R > Baseline > Dribble Off Pick,P&R Including Passes,P&R Ball Handler,Left P&R,Baseline,Dribble Off Pick,,3,75.0,1.0,75.0,33.3,0.0,1,100.0,,,50.0,,2,75.0,0.0,,,1,1,,2.0,0.0,33.3,1,0,1,0.0,1,0,0.5,3
Shamar Givance,Ottawa Blackjacks,2024-2025,offense,P&R ball handler,To Basket,6,Dribble Off Pick,P&R Including Passes > P&R Ball Handler > Left P&R > Baseline > Dribble Off Pick > To Basket,P&R Including Passes,P&R Ball Handler,Left P&R,Baseline,Dribble Off Pick,To Basket,1,33.3,0.0,0.0,0.0,0.0,0,,,,0.0,,1,0.0,0.0,,,0,1,,1.0,0.0,0.0,1,0,1,0.0,0,0,0.0,0
Shamar Givance,Ottawa Blackjacks,2024-2025,offense,P&R ball handler,Dribble Jumper,6,Dribble Off Pick,P&R Including Passes > P&R Ball Handler > Left P&R > Baseline > Dribble Off Pick > Dribble Jumper,P&R Including Passes,P&R Ball Handler,Left P&R,Baseline,Dribble Off Pick,Dribble Jumper,1,33.3,3.0,150.0,0.0,0.0,1,100.0,,,100.0,,1,150.0,0.0,,,1,0,,1.0,0.0,100.0,0,0,0,,1,0,1.0,3
Shamar Givance,Ottawa Blackjacks,2024-2025,offense,P&R ball handler,Defense Commits,6,Dribble Off Pick,P&R Including Passes > P&R Ball Handler > Left P&R > Baseline > Dribble Off Pick > Defense Commits,P&R Including Passes,P&R Ball Handler,Left P&R,Baseline,Dribble Off Pick,Defense Commits,1,33.3,0.0,,100.0,0.0,0,,,,,,0,,0.0,,,0,0,,0.0,,0.0,0,0,0,,0,0,,0
Shamar Givance,Ottawa Blackjacks,2024-2025,offense,P&R ball handler,Go Away from Pick,5,Baseline,P&R Including Passes > P&R Ball Handler > Left P&R > Baseline > Go Away from Pick,P&R Including Passes,P&R Ball Handler,Left P&R,Baseline,Go Away from Pick,,1,25.0,0.0,0.0,0.0,0.0,0,,,,0.0,,1,0.0,0.0,,,0,1,,1.0,0.0,0.0,1,0,1,0.0,0,0,0.0,0
Shamar Givance,Ottawa Blackjacks,2024-2025,offense,P&R ball handler,Dribble Jumper,6,Go Away from Pick,P&R Including Passes > P&R Ball Handler > Left P&R > Baseline > Go Away from Pick > Dribble Jumper,P&R Including Passes,P&R Ball Handler,Left P&R,Baseline,Go Away from Pick,Dribble Jumper,1,100.0,0.0,0.0,0.0,0.0,0,,,,0.0,,1,0.0,0.0,,,0,1,,1.0,0.0,0.0,1,0,1,0.0,0,0,0.0,0
Shamar Givance,Ottawa Blackjacks,2024-2025,offense,P&R ball handler,Side,4,Left P&R,P&R Including Passes > P&R Ball Handler > Left P&R > Side,P&R Including Passes,P&R Ball Handler,Left P&R,Side,,,3,42.9,0.667,33.3,0.0,0.0,1,0.0,,,33.3,,3,33.3,0.0,,,1,2,,3.0,0.0,33.3,2,1,1,50.0,0,1,0.33,2
Shamar Givance,Ottawa Blackjacks,2024-2025,offense,P&R ball handler,Go Away from Pick,5,Side,P&R Including Passes > P&R Ball Handler > Left P&R > Side > Go Away from Pick,P&R Including Passes,P&R Ball Handler,Left P&R,Side,Go Away from Pick,,2,66.7,1.0,50.0,0.0,0.0,0,,,,50.0,,2,50.0,0.0,,,1,1,,2.0,0.0,50.0,2,1,1,50.0,0,0,0.0,2
Shamar Givance,Ottawa Blackjacks,2024-2025,offense,P&R ball handler,To Basket,6,Go Away from Pick,P&R Including Passes > P&R Ball Handler > Left P&R > Side > Go Away from Pick > To Basket,P&R Including Passes,P&R Ball Handler,Left P&R,Side,Go Away from Pick,To Basket,1,50.0,2.0,100.0,0.0,0.0,0,,,,100.0,,1,100.0,0.0,,,1,0,,1.0,0.0,100.0,1,1,0,100.0,0,0,0.0,2
Shamar Givance,Ottawa Blackjacks,2024-2025,offense,P&R ball handler,Dribble Jumper,6,Go Away from Pick,P&R Including Passes > P&R Ball Handler > Left P&R > Side > Go Away from Pick > Dribble Jumper,P&R Including Passes,P&R Ball Handler,Left P&R,Side,Go Away from Pick,Dribble Jumper,1,50.0,0.0,0.0,0.0,0.0,0,,,,0.0,,1,0.0,0.0,,,0,1,,1.0,0.0,0.0,1,0,1,0.0,0,0,0.0,0
Shamar Givance,Ottawa Blackjacks,2024-2025,offense,P&R ball handler,Dribble Off Pick,5,Side,P&R Including Passes > P&R Ball Handler > Left P&R > Side > Dribble Off Pick,P&R Including Passes,P&R Ball Handler,Left P&R,Side,Dribble Off Pick,,1,33.3,0.0,0.0,0.0,0.0,1,0.0,,,0.0,,1,0.0,0.0,,,0,1,,1.0,0.0,0.0,0,0,0,,0,1,1.0,0
Shamar Givance,Ottawa Blackjacks,2024-2025,offense,P&R ball handler,Dribble Jumper,6,Dribble Off Pick,P&R Including Passes > P&R Ball Handler > Left P&R > Side > Dribble Off Pick > Dribble Jumper,P&R Including Passes,P&R Ball Handler,Left P&R,Side,Dribble Off Pick,Dribble Jumper,1,100.0,0.0,0.0,0.0,0.0,1,0.0,,,0.0,,1,0.0,0.0,,,0,1,,1.0,0.0,0.0,0,0,0,,0,1,1.0,0
Shamar Givance,Ottawa Blackjacks,2024-2025,offense,P&R ball handler,Right P&R,3,P&R Ball Handler,P&R Including Passes > P&R Ball Handler > Right P&R,P&R Including Passes,P&R Ball Handler,Right P&R,,,,4,12.5,0.5,50.0,50.0,0.0,0,,,,50.0,,2,50.0,0.0,,,1,1,,2.0,0.0,25.0,2,1,1,50.0,0,0,0.0,2
Shamar Givance,Ottawa Blackjacks,2024-2025,offense,P&R ball handler,Baseline,4,Right P&R,P&R Including Passes > P&R Ball Handler > Right P&R > Baseline,P&R Including Passes,P&R Ball Handler,Right P&R,Baseline,,,3,75.0,0.667,50.0,33.3,0.0,0,,,,50.0,,2,50.0,0.0,,,1,1,,2.0,0.0,33.3,2,1,1,50.0,0,0,0.0,2
Shamar Givance,Ottawa Blackjacks,2024-2025,offense,P&R ball handler,Dribble Off Pick,5,Baseline,P&R Including Passes > P&R Ball Handler > Right P&R > Baseline > Dribble Off Pick,P&R Including Passes,P&R Ball Handler,Right P&R,Baseline,Dribble Off Pick,,3,100.0,0.667,50.0,33.3,0.0,0,,,,50.0,,2,50.0,0.0,,,1,1,,2.0,0.0,33.3,2,1,1,50.0,0,0,0.0,2
Shamar Givance,Ottawa Blackjacks,2024-2025,offense,P&R ball handler,Dribble Jumper,6,Dribble Off Pick,P&R Including Passes > P&R Ball Handler > Right P&R > Baseline > Dribble Off Pick > Dribble Jumper,P&R Including Passes,P&R Ball Handler,Right P&R,Baseline,Dribble Off Pick,Dribble Jumper,2,66.7,1.0,50.0,0.0,0.0,0,,,,50.0,,2,50.0,0.0,,,1,1,,2.0,0.0,50.0,2,1,1,50.0,0,0,0.0,2
Shamar Givance,Ottawa Blackjacks,2024-2025,offense,P&R ball handler,Defense Commits,6,Dribble Off Pick,P&R Including Passes > P&R Ball Handler > Right P&R > Baseline > Dribble Off Pick > Defense Commits,P&R Including Passes,P&R Ball Handler,Right P&R,Baseline,Dribble Off Pick,Defense Commits,1,33.3,0.0,,100.0,0.0,0,,,,,,0,,0.0,,,0,0,,0.0,,0.0,0,0,0,,0,0,,0
Shamar Givance,Ottawa Blackjacks,2024-2025,offense,P&R ball handler,Side,4,Right P&R,P&R Including Passes > P&R Ball Handler > Right P&R > Side,P&R Including Passes,P&R Ball Handler,Right P&R,Side,,,1,25.0,0.0,,100.0,0.0,0,,,,,,0,,0.0,,,0,0,,0.0,,0.0,0,0,0,,0,0,,0
Shamar Givance,Ottawa Blackjacks,2024-2025,offense,P&R ball handler,Dribble Off Pick,5,Side,P&R Including Passes > P&R Ball Handler > Right P&R > Side > Dribble Off Pick,P&R Including Passes,P&R Ball Handler,Right P&R,Side,Dribble Off Pick,,1,100.0,0.0,,100.0,0.0,0,,,,,,0,,0.0,,,0,0,,0.0,,0.0,0,0,0,,0,0,,0
Shamar Givance,Ottawa Blackjacks,2024-2025,offense,P&R ball handler,Defense Commits,6,Dribble Off Pick,P&R Including Passes > P&R Ball Handler > Right P&R > Side > Dribble Off Pick > Defense Commits,P&R Including Passes,P&R Ball Handler,Right P&R,Side,Dribble Off Pick,Defense Commits,1,100.0,0.0,,100.0,0.0,0,,,,,,0,,0.0,,,0,0,,0.0,,0.0,0,0,0,,0,0,,0
Shamar Givance,Ottawa Blackjacks,2024-2025,offense,P&R ball handler,Spot-Up,2,P&R Including Passes,P&R Including Passes > Spot-Up,P&R Including Passes,Spot-Up,,,,,23,34.3,1.261,62.5,4.3,13.0,12,41.7,,,47.6,,21,59.5,13.0,,,10,11,,23.2,0.24,47.8,9,5,4,55.6,5,7,0.57,29
Shamar Givance,Ottawa Blackjacks,2024-2025,offense,P&R ball handler,No Dribble Jumper,3,Spot-Up,P&R Including Passes > Spot-Up > No Dribble Jumper,P&R Including Passes,Spot-Up,No Dribble Jumper,,,,12,52.2,1.333,64.3,0.0,8.3,12,41.7,,,41.7,,12,62.5,8.3,,,5,7,,12.4,0.08,41.7,0,0,0,,5,7,1.0,16
Shamar Givance,Ottawa Blackjacks,2024-2025,offense,P&R ball handler,Guarded,4,No Dribble Jumper,P&R Including Passes > Spot-Up > No Dribble Jumper > Guarded,P&R Including Passes,Spot-Up,No Dribble Jumper,Guarded,,,9,75.0,1.778,84.7,0.0,11.1,9,55.6,,,55.6,,9,83.3,11.1,,,5,4,,9.4,0.11,55.6,0,0,0,,5,4,1.0,16
Shamar Givance,Ottawa Blackjacks,2024-2025,offense,P&R ball handler,Long/3pt,5,Guarded,P&R Including Passes > Spot-Up > No Dribble Jumper > Guarded > Long/3pt,P&R Including Passes,Spot-Up,No Dribble Jumper,Guarded,Long/3pt,,9,100.0,1.778,84.7,0.0,11.1,9,55.6,,,55.6,,9,83.3,11.1,,,5,4,,9.4,0.11,55.6,0,0,0,,5,4,1.0,16
Shamar Givance,Ottawa Blackjacks,2024-2025,offense,P&R ball handler,Make 3 Pts,6,Long/3pt,P&R Including Passes > Spot-Up > No Dribble Jumper > Guarded > Long/3pt > Make 3 Pts,P&R Including Passes,Spot-Up,No Dribble Jumper,Guarded,Long/3pt,Make 3 Pts,4,44.4,3.0,150.0,0.0,0.0,4,100.0,,,100.0,,4,150.0,0.0,,,4,0,,4.0,0.0,100.0,0,0,0,,4,0,1.0,12
Shamar Givance,Ottawa Blackjacks,2024-2025,offense,P&R ball handler,Miss 3 Pts,6,Long/3pt,P&R Including Passes > Spot-Up > No Dribble Jumper > Guarded > Long/3pt > Miss 3 Pts,P&R Including Passes,Spot-Up,No Dribble Jumper,Guarded,Long/3pt,Miss 3 Pts,4,44.4,0.0,0.0,0.0,0.0,4,0.0,,,0.0,,4,0.0,0.0,,,0,4,,4.0,0.0,0.0,0,0,0,,0,4,1.0,0
Shamar Givance,Ottawa Blackjacks,2024-2025,offense,P&R ball handler,Make 3 Pts Foul,6,Long/3pt,P&R Including Passes > Spot-Up > No Dribble Jumper > Guarded > Long/3pt > Make 3 Pts Foul,P&R Including Passes,Spot-Up,No Dribble Jumper,Guarded,Long/3pt,Make 3 Pts Foul,1,11.1,4.0,138.9,0.0,100.0,1,100.0,,,100.0,,1,150.0,100.0,,,1,0,,1.4,1.0,100.0,0,0,0,,1,0,1.0,4
Shamar Givance,Ottawa Blackjacks,2024-2025,offense,P&R ball handler,Open,4,No Dribble Jumper,P&R Including Passes > Spot-Up > No Dribble Jumper > Open,P&R Including Passes,Spot-Up,No Dribble Jumper,Open,,,3,25.0,0.0,0.0,0.0,0.0,3,0.0,,,0.0,,3,0.0,0.0,,,0,3,,3.0,0.0,0.0,0,0,0,,0,3,1.0,0
Shamar Givance,Ottawa Blackjacks,2024-2025,offense,P&R ball handler,Long/3pt,5,Open,P&R Including Passes > Spot-Up > No Dribble Jumper > Open > Long/3pt,P&R Including Passes,Spot-Up,No Dribble Jumper,Open,Long/3pt,,3,100.0,0.0,0.0,0.0,0.0,3,0.0,,,0.0,,3,0.0,0.0,,,0,3,,3.0,0.0,0.0,0,0,0,,0,3,1.0,0
Shamar Givance,Ottawa Blackjacks,2024-2025,offense,P&R ball handler,Miss 3 Pts,6,Long/3pt,P&R Including Passes > Spot-Up > No Dribble Jumper > Open > Long/3pt > Miss 3 Pts,P&R Including Passes,Spot-Up,No Dribble Jumper,Open,Long/3pt,Miss 3 Pts,3,100.0,0.0,0.0,0.0,0.0,3,0.0,,,0.0,,3,0.0,0.0,,,0,3,,3.0,0.0,0.0,0,0,0,,0,3,1.0,0
Shamar Givance,Ottawa Blackjacks,2024-2025,offense,P&R ball handler,Drives Right,3,Spot-Up,P&R Including Passes > Spot-Up > Drives Right,P&R Including Passes,Spot-Up,Drives Right,,,,5,21.7,1.2,75.0,20.0,0.0,0,,,,75.0,,4,75.0,0.0,,,3,1,,4.0,0.0,60.0,4,3,1,75.0,0,0,0.0,6
Shamar Givance,Ottawa Blackjacks,2024-2025,offense,P&R ball handler,To Basket,4,Drives Right,P&R Including Passes > Spot-Up > Drives Right > To Basket,P&R Including Passes,Spot-Up,Drives Right,To Basket,,,3,60.0,1.333,66.7,0.0,0.0,0,,,,66.7,,3,66.7,0.0,,,2,1,,3.0,0.0,66.7,3,2,1,66.7,0,0,0.0,4
Shamar Givance,Ottawa Blackjacks,2024-2025,offense,P&R ball handler,Make 2 Pts,5,To Basket,P&R Including Passes > Spot-Up > Drives Right > To Basket > Make 2 Pts,P&R Including Passes,Spot-Up,Drives Right,To Basket,Make 2 Pts,,2,66.7,2.0,100.0,0.0,0.0,0,,,,100.0,,2,100.0,0.0,,,2,0,,2.0,0.0,100.0,2,2,0,100.0,0,0,0.0,4
Shamar Givance,Ottawa Blackjacks,2024-2025,offense,P&R ball handler,Miss 2 Pts,5,To Basket,P&R Including Passes > Spot-Up > Drives Right > To Basket > Miss 2 Pts,P&R Including Passes,Spot-Up,Drives Right,To Basket,Miss 2 Pts,,1,33.3,0.0,0.0,0.0,0.0,0,,,,0.0,,1,0.0,0.0,,,0,1,,1.0,0.0,0.0,1,0,1,0.0,0,0,0.0,0
Shamar Givance,Ottawa Blackjacks,2024-2025,offense,P&R ball handler,Turnover,4,Drives Right,P&R Including Passes > Spot-Up > Drives Right > Turnover,P&R Including Passes,Spot-Up,Drives Right,Turnover,,,1,20.0,0.0,,100.0,0.0,0,,,,,,0,,0.0,,,0,0,,0.0,,0.0,0,0,0,,0,0,,0
Shamar Givance,Ottawa Blackjacks,2024-2025,offense,P&R ball handler,Dribble Jumper,4,Drives Right,P&R Including Passes > Spot-Up > Drives Right > Dribble Jumper,P&R Including Passes,Spot-Up,Drives Right,Dribble Jumper,,,1,20.0,2.0,100.0,0.0,0.0,0,,,,100.0,,1,100.0,0.0,,,1,0,,1.0,0.0,100.0,1,1,0,100.0,0,0,0.0,2
Shamar Givance,Ottawa Blackjacks,2024-2025,offense,P&R ball handler,Short to < 17,5,Dribble Jumper,P&R Including Passes > Spot-Up > Drives Right > Dribble Jumper > Short to < 17,P&R Including Passes,Spot-Up,Drives Right,Dribble Jumper,Short to < 17,,1,100.0,2.0,100.0,0.0,0.0,0,,,,100.0,,1,100.0,0.0,,,1,0,,1.0,0.0,100.0,1,1,0,100.0,0,0,0.0,2
Shamar Givance,Ottawa Blackjacks,2024-2025,offense,P&R ball handler,Make 2 Pts,6,Short to < 17,P&R Including Passes > Spot-Up > Drives Right > Dribble Jumper > Short to < 17 > Make 2 Pts,P&R Including Passes,Spot-Up,Drives Right,Dribble Jumper,Short to < 17,Make 2 Pts,1,100.0,2.0,100.0,0.0,0.0,0,,,,100.0,,1,100.0,0.0,,,1,0,,1.0,0.0,100.0,1,1,0,100.0,0,0,0.0,2
Shamar Givance,Ottawa Blackjacks,2024-2025,offense,P&R ball handler,Drives Left,3,Spot-Up,P&R Including Passes > Spot-Up > Drives Left,P&R Including Passes,Spot-Up,Drives Left,,,,5,21.7,1.4,60.8,0.0,40.0,0,,,,50.0,,4,50.0,40.0,,,2,2,,5.8,1.0,60.0,4,2,2,50.0,0,0,0.0,7
Shamar Givance,Ottawa Blackjacks,2024-2025,offense,P&R ball handler,To Basket,4,Drives Left,P&R Including Passes > Spot-Up > Drives Left > To Basket,P&R Including Passes,Spot-Up,Drives Left,To Basket,,,4,80.0,1.25,56.3,0.0,25.0,0,,,,50.0,,4,50.0,25.0,,,2,2,,4.4,0.25,50.0,4,2,2,50.0,0,0,0.0,5
Shamar Givance,Ottawa Blackjacks,2024-2025,offense,P&R ball handler,Miss 2 Pts,5,To Basket,P&R Including Passes > Spot-Up > Drives Left > To Basket > Miss 2 Pts,P&R Including Passes,Spot-Up,Drives Left,To Basket,Miss 2 Pts,,2,50.0,0.0,0.0,0.0,0.0,0,,,,0.0,,2,0.0,0.0,,,0,2,,2.0,0.0,0.0,2,0,2,0.0,0,0,0.0,0
Shamar Givance,Ottawa Blackjacks,2024-2025,offense,P&R ball handler,Make 2 Pts,5,To Basket,P&R Including Passes > Spot-Up > Drives Left > To Basket > Make 2 Pts,P&R Including Passes,Spot-Up,Drives Left,To Basket,Make 2 Pts,,1,25.0,2.0,100.0,0.0,0.0,0,,,,100.0,,1,100.0,0.0,,,1,0,,1.0,0.0,100.0,1,1,0,100.0,0,0,0.0,2
Shamar Givance,Ottawa Blackjacks,2024-2025,offense,P&R ball handler,Make 2 Pts Foul,5,To Basket,P&R Including Passes > Spot-Up > Drives Left > To Basket > Make 2 Pts Foul,P&R Including Passes,Spot-Up,Drives Left,To Basket,Make 2 Pts Foul,,1,25.0,3.0,104.2,0.0,100.0,0,,,,100.0,,1,100.0,100.0,,,1,0,,1.4,1.0,100.0,1,1,0,100.0,0,0,0.0,3
Shamar Givance,Ottawa Blackjacks,2024-2025,offense,P&R ball handler,1 Pts,6,Make 2 Pts Foul,P&R Including Passes > Spot-Up > Drives Left > To Basket > Make 2 Pts Foul > 1 Pts,P&R Including Passes,Spot-Up,Drives Left,To Basket,Make 2 Pts Foul,1 Pts,1,100.0,3.0,104.2,0.0,100.0,0,,,,100.0,,1,100.0,100.0,,,1,0,,1.4,1.0,100.0,1,1,0,100.0,0,0,0.0,3
Shamar Givance,Ottawa Blackjacks,2024-2025,offense,P&R ball handler,Dribble Jumper,4,Drives Left,P&R Including Passes > Spot-Up > Drives Left > Dribble Jumper,P&R Including Passes,Spot-Up,Drives Left,Dribble Jumper,,,1,20.0,2.0,75.8,0.0,100.0,0,,,,,,0,,100.0,,,0,0,,1.3,,100.0,0,0,0,,0,0,,2
Shamar Givance,Ottawa Blackjacks,2024-2025,offense,P&R ball handler,Long/3pt,5,Dribble Jumper,P&R Including Passes > Spot-Up > Drives Left > Dribble Jumper > Long/3pt,P&R Including Passes,Spot-Up,Drives Left,Dribble Jumper,Long/3pt,,1,100.0,2.0,75.8,0.0,100.0,0,,,,,,0,,100.0,,,0,0,,1.3,,100.0,0,0,0,,0,0,,2
Shamar Givance,Ottawa Blackjacks,2024-2025,offense,P&R ball handler,Foul,6,Long/3pt,P&R Including Passes > Spot-Up > Drives Left > Dribble Jumper > Long/3pt > Foul,P&R Including Passes,Spot-Up,Drives Left,Dribble Jumper,Long/3pt,Foul,1,100.0,2.0,75.8,0.0,100.0,0,,,,,,0,,100.0,,,0,0,,1.3,,100.0,0,0,0,,0,0,,2
Shamar Givance,Ottawa Blackjacks,2024-2025,offense,P&R ball handler,Drives Straight,3,Spot-Up,P&R Including Passes > Spot-Up > Drives Straight,P&R Including Passes,Spot-Up,Drives Straight,,,,1,4.3,0.0,0.0,0.0,0.0,0,,,,0.0,,1,0.0,0.0,,,0,1,,1.0,0.0,0.0,1,0,1,0.0,0,0,0.0,0
Shamar Givance,Ottawa Blackjacks,2024-2025,offense,P&R ball handler,Dribble Jumper,4,Drives Straight,P&R Including Passes > Spot-Up > Drives Straight > Dribble Jumper,P&R Including Passes,Spot-Up,Drives Straight,Dribble Jumper,,,1,100.0,0.0,0.0,0.0,0.0,0,,,,0.0,,1,0.0,0.0,,,0,1,,1.0,0.0,0.0,1,0,1,0.0,0,0,0.0,0
Shamar Givance,Ottawa Blackjacks,2024-2025,offense,P&R ball handler,Medium/17' to 3pt,5,Dribble Jumper,P&R Including Passes > Spot-Up > Drives Straight > Dribble Jumper > Medium/17' to 3pt,P&R Including Passes,Spot-Up,Drives Straight,Dribble Jumper,Medium/17' to 3pt,,1,100.0,0.0,0.0,0.0,0.0,0,,,,0.0,,1,0.0,0.0,,,0,1,,1.0,0.0,0.0,1,0,1,0.0,0,0,0.0,0
Shamar Givance,Ottawa Blackjacks,2024-2025,offense,P&R ball handler,Miss 2 Pts,6,Medium/17' to 3pt,P&R Including Passes > Spot-Up > Drives Straight > Dribble Jumper > Medium/17' to 3pt > Miss 2 Pts,P&R Including Passes,Spot-Up,Drives Straight,Dribble Jumper,Medium/17' to 3pt,Miss 2 Pts,1,100.0,0.0,0.0,0.0,0.0,0,,,,0.0,,1,0.0,0.0,,,0,1,,1.0,0.0,0.0,1,0,1,0.0,0,0,0.0,0
Shamar Givance,Ottawa Blackjacks,2024-2025,offense,P&R ball handler,P&R Roll Man,2,P&R Including Passes,P&R Including Passes > P&R Roll Man,P&R Including Passes,P&R Roll Man,,,,,10,14.9,0.8,50.0,20.0,0.0,1,0.0,,,50.0,,8,50.0,0.0,,,4,4,,8.0,0.0,40.0,7,4,3,57.1,0,1,0.13,8
Shamar Givance,Ottawa Blackjacks,2024-2025,offense,P&R ball handler,Rolls to Basket,3,P&R Roll Man,P&R Including Passes > P&R Roll Man > Rolls to Basket,P&R Including Passes,P&R Roll Man,Rolls to Basket,,,,6,60.0,1.0,75.0,33.3,0.0,0,,,,75.0,,4,75.0,0.0,,,3,1,,4.0,0.0,50.0,4,3,1,75.0,0,0,0.0,6
Shamar Givance,Ottawa Blackjacks,2024-2025,offense,P&R ball handler,Make 2 Pts,4,Rolls to Basket,P&R Including Passes > P&R Roll Man > Rolls to Basket > Make 2 Pts,P&R Including Passes,P&R Roll Man,Rolls to Basket,Make 2 Pts,,,3,50.0,2.0,100.0,0.0,0.0,0,,,,100.0,,3,100.0,0.0,,,3,0,,3.0,0.0,100.0,3,3,0,100.0,0,0,0.0,6
Shamar Givance,Ottawa Blackjacks,2024-2025,offense,P&R ball handler,Turnover,4,Rolls to Basket,P&R Including Passes > P&R Roll Man > Rolls to Basket > Turnover,P&R Including Passes,P&R Roll Man,Rolls to Basket,Turnover,,,2,33.3,0.0,,100.0,0.0,0,,,,,,0,,0.0,,,0,0,,0.0,,0.0,0,0,0,,0,0,,0
Shamar Givance,Ottawa Blackjacks,2024-2025,offense,P&R ball handler,Miss 2 Pts,4,Rolls to Basket,P&R Including Passes > P&R Roll Man > Rolls to Basket > Miss 2 Pts,P&R Including Passes,P&R Roll Man,Rolls to Basket,Miss 2 Pts,,,1,16.7,0.0,0.0,0.0,0.0,0,,,,0.0,,1,0.0,0.0,,,0,1,,1.0,0.0,0.0,1,0,1,0.0,0,0,0.0,0
Shamar Givance,Ottawa Blackjacks,2024-2025,offense,P&R ball handler,Pick and Pops,3,P&R Roll Man,P&R Including Passes > P&R Roll Man > Pick and Pops,P&R Including Passes,P&R Roll Man,Pick and Pops,,,,2,20.0,0.0,0.0,0.0,0.0,1,0.0,,,0.0,,2,0.0,0.0,,,0,2,,2.0,0.0,0.0,1,0,1,0.0,0,1,0.5,0
Shamar Givance,Ottawa Blackjacks,2024-2025,offense,P&R ball handler,No Dribble Jumper,4,Pick and Pops,P&R Including Passes > P&R Roll Man > Pick and Pops > No Dribble Jumper,P&R Including Passes,P&R Roll Man,Pick and Pops,No Dribble Jumper,,,2,100.0,0.0,0.0,0.0,0.0,1,0.0,,,0.0,,2,0.0,0.0,,,0,2,,2.0,0.0,0.0,1,0,1,0.0,0,1,0.5,0
Shamar Givance,Ottawa Blackjacks,2024-2025,offense,P&R ball handler,Open,5,No Dribble Jumper,P&R Including Passes > P&R Roll Man > Pick and Pops > No Dribble Jumper > Open,P&R Including Passes,P&R Roll Man,Pick and Pops,No Dribble Jumper,Open,,1,50.0,0.0,0.0,0.0,0.0,1,0.0,,,0.0,,1,0.0,0.0,,,0,1,,1.0,0.0,0.0,0,0,0,,0,1,1.0,0
Shamar Givance,Ottawa Blackjacks,2024-2025,offense,P&R ball handler,Long/3pt,6,Open,P&R Including Passes > P&R Roll Man > Pick and Pops > No Dribble Jumper > Open > Long/3pt,P&R Including Passes,P&R Roll Man,Pick and Pops,No Dribble Jumper,Open,Long/3pt,1,100.0,0.0,0.0,0.0,0.0,1,0.0,,,0.0,,1,0.0,0.0,,,0,1,,1.0,0.0,0.0,0,0,0,,0,1,1.0,0
Shamar Givance,Ottawa Blackjacks,2024-2025,offense,P&R ball handler,Guarded,5,No Dribble Jumper,P&R Including Passes > P&R Roll Man > Pick and Pops > No Dribble Jumper > Guarded,P&R Including Passes,P&R Roll Man,Pick and Pops,No Dribble Jumper,Guarded,,1,50.0,0.0,0.0,0.0,0.0,0,,,,0.0,,1,0.0,0.0,,,0,1,,1.0,0.0,0.0,1,0,1,0.0,0,0,0.0,0
Shamar Givance,Ottawa Blackjacks,2024-2025,offense,P&R ball handler,Medium/17' to 3pt,6,Guarded,P&R Including Passes > P&R Roll Man > Pick and Pops > No Dribble Jumper > Guarded > Medium/17' to 3pt,P&R Including Passes,P&R Roll Man,Pick and Pops,No Dribble Jumper,Guarded,Medium/17' to 3pt,1,100.0,0.0,0.0,0.0,0.0,0,,,,0.0,,1,0.0,0.0,,,0,1,,1.0,0.0,0.0,1,0,1,0.0,0,0,0.0,0
Shamar Givance,Ottawa Blackjacks,2024-2025,offense,P&R ball handler,Slips the Pick,3,P&R Roll Man,P&R Including Passes > P&R Roll Man > Slips the Pick,P&R Including Passes,P&R Roll Man,Slips the Pick,,,,2,20.0,1.0,50.0,0.0,0.0,0,,,,50.0,,2,50.0,0.0,,,1,1,,2.0,0.0,50.0,2,1,1,50.0,0,0,0.0,2
Shamar Givance,Ottawa Blackjacks,2024-2025,offense,P&R ball handler,To Basket,4,Slips the Pick,P&R Including Passes > P&R Roll Man > Slips the Pick > To Basket,P&R Including Passes,P&R Roll Man,Slips the Pick,To Basket,,,2,100.0,1.0,50.0,0.0,0.0,0,,,,50.0,,2,50.0,0.0,,,1,1,,2.0,0.0,50.0,2,1,1,50.0,0,0,0.0,2
Shamar Givance,Ottawa Blackjacks,2024-2025,offense,P&R ball handler,Make 2 Pts,5,To Basket,P&R Including Passes > P&R Roll Man > Slips the Pick > To Basket > Make 2 Pts,P&R Including Passes,P&R Roll Man,Slips the Pick,To Basket,Make 2 Pts,,1,50.0,2.0,100.0,0.0,0.0,0,,,,100.0,,1,100.0,0.0,,,1,0,,1.0,0.0,100.0,1,1,0,100.0,0,0,0.0,2
Shamar Givance,Ottawa Blackjacks,2024-2025,offense,P&R ball handler,Miss 2 Pts,5,To Basket,P&R Including Passes > P&R Roll Man > Slips the Pick > To Basket > Miss 2 Pts,P&R Including Passes,P&R Roll Man,Slips the Pick,To Basket,Miss 2 Pts,,1,50.0,0.0,0.0,0.0,0.0,0,,,,0.0,,1,0.0,0.0,,,0,1,,1.0,0.0,0.0,1,0,1,0.0,0,0,0.0,0
Shamar Givance,Ottawa Blackjacks,2024-2025,offense,P&R ball handler,Cut,2,P&R Including Passes,P&R Including Passes > Cut,P&R Including Passes,Cut,,,,,2,3.0,1.0,50.0,0.0,0.0,0,,,,50.0,,2,50.0,0.0,,,1,1,,2.0,0.0,50.0,2,1,1,50.0,0,0,0.0,2
Shamar Givance,Ottawa Blackjacks,2024-2025,offense,P&R ball handler,Flash,3,Cut,P&R Including Passes > Cut > Flash,P&R Including Passes,Cut,Flash,,,,1,50.0,0.0,0.0,0.0,0.0,0,,,,0.0,,1,0.0,0.0,,,0,1,,1.0,0.0,0.0,1,0,1,0.0,0,0,0.0,0
Shamar Givance,Ottawa Blackjacks,2024-2025,offense,P&R ball handler,Miss 2 Pts,4,Flash,P&R Including Passes > Cut > Flash > Miss 2 Pts,P&R Including Passes,Cut,Flash,Miss 2 Pts,,,1,100.0,0.0,0.0,0.0,0.0,0,,,,0.0,,1,0.0,0.0,,,0,1,,1.0,0.0,0.0,1,0,1,0.0,0,0,0.0,0
Shamar Givance,Ottawa Blackjacks,2024-2025,offense,P&R ball handler,Basket,3,Cut,P&R Including Passes > Cut > Basket,P&R Including Passes,Cut,Basket,,,,1,50.0,2.0,100.0,0.0,0.0,0,,,,100.0,,1,100.0,0.0,,,1,0,,1.0,0.0,100.0,1,1,0,100.0,0,0,0.0,2
Shamar Givance,Ottawa Blackjacks,2024-2025,offense,P&R ball handler,Make 2 Pts,4,Basket,P&R Including Passes > Cut > Basket > Make 2 Pts,P&R Including Passes,Cut,Basket,Make 2 Pts,,,1,100.0,2.0,100.0,0.0,0.0,0,,,,100.0,,1,100.0,0.0,,,1,0,,1.0,0.0,100.0,1,1,0,100.0,0,0,0.0,2
Shamar Givance,Ottawa Blackjacks,2024-2025,offense,P&R ball handler,P&R BH - Defense Commits,1,,P&R BH - Defense Commits,P&R BH - Defense Commits,,,,,,42,29.4,0.929,58.7,23.8,7.1,13,38.5,Good,64.0,48.4,70.0,31,56.5,7.1,,,15,16,,33.2,0.16,38.1,18,10,8,55.6,5,8,0.42,39
Shamar Givance,Ottawa Blackjacks,2024-2025,offense,P&R ball handler,Spot-Up,2,P&R BH - Defense Commits,P&R BH - Defense Commits > Spot-Up,P&R BH - Defense Commits,Spot-Up,,,,,23,54.8,1.261,62.5,4.3,13.0,12,41.7,,,47.6,,21,59.5,13.0,,,10,11,,23.2,0.24,47.8,9,5,4,55.6,5,7,0.57,29
Shamar Givance,Ottawa Blackjacks,2024-2025,offense,P&R ball handler,No Dribble Jumper,3,Spot-Up,P&R BH - Defense Commits > Spot-Up > No Dribble Jumper,P&R BH - Defense Commits,Spot-Up,No Dribble Jumper,,,,12,52.2,1.333,64.3,0.0,8.3,12,41.7,,,41.7,,12,62.5,8.3,,,5,7,,12.4,0.08,41.7,0,0,0,,5,7,1.0,16
Shamar Givance,Ottawa Blackjacks,2024-2025,offense,P&R ball handler,Guarded,4,No Dribble Jumper,P&R BH - Defense Commits > Spot-Up > No Dribble Jumper > Guarded,P&R BH - Defense Commits,Spot-Up,No Dribble Jumper,Guarded,,,9,75.0,1.778,84.7,0.0,11.1,9,55.6,,,55.6,,9,83.3,11.1,,,5,4,,9.4,0.11,55.6,0,0,0,,5,4,1.0,16
Shamar Givance,Ottawa Blackjacks,2024-2025,offense,P&R ball handler,Long/3pt,5,Guarded,P&R BH - Defense Commits > Spot-Up > No Dribble Jumper > Guarded > Long/3pt,P&R BH - Defense Commits,Spot-Up,No Dribble Jumper,Guarded,Long/3pt,,9,100.0,1.778,84.7,0.0,11.1,9,55.6,,,55.6,,9,83.3,11.1,,,5,4,,9.4,0.11,55.6,0,0,0,,5,4,1.0,16
Shamar Givance,Ottawa Blackjacks,2024-2025,offense,P&R ball handler,Make 3 Pts,6,Long/3pt,P&R BH - Defense Commits > Spot-Up > No Dribble Jumper > Guarded > Long/3pt > Make 3 Pts,P&R BH - Defense Commits,Spot-Up,No Dribble Jumper,Guarded,Long/3pt,Make 3 Pts,4,44.4,3.0,150.0,0.0,0.0,4,100.0,,,100.0,,4,150.0,0.0,,,4,0,,4.0,0.0,100.0,0,0,0,,4,0,1.0,12
Shamar Givance,Ottawa Blackjacks,2024-2025,offense,P&R ball handler,Miss 3 Pts,6,Long/3pt,P&R BH - Defense Commits > Spot-Up > No Dribble Jumper > Guarded > Long/3pt > Miss 3 Pts,P&R BH - Defense Commits,Spot-Up,No Dribble Jumper,Guarded,Long/3pt,Miss 3 Pts,4,44.4,0.0,0.0,0.0,0.0,4,0.0,,,0.0,,4,0.0,0.0,,,0,4,,4.0,0.0,0.0,0,0,0,,0,4,1.0,0
Shamar Givance,Ottawa Blackjacks,2024-2025,offense,P&R ball handler,Make 3 Pts Foul,6,Long/3pt,P&R BH - Defense Commits > Spot-Up > No Dribble Jumper > Guarded > Long/3pt > Make 3 Pts Foul,P&R BH - Defense Commits,Spot-Up,No Dribble Jumper,Guarded,Long/3pt,Make 3 Pts Foul,1,11.1,4.0,138.9,0.0,100.0,1,100.0,,,100.0,,1,150.0,100.0,,,1,0,,1.4,1.0,100.0,0,0,0,,1,0,1.0,4
Shamar Givance,Ottawa Blackjacks,2024-2025,offense,P&R ball handler,Open,4,No Dribble Jumper,P&R BH - Defense Commits > Spot-Up > No Dribble Jumper > Open,P&R BH - Defense Commits,Spot-Up,No Dribble Jumper,Open,,,3,25.0,0.0,0.0,0.0,0.0,3,0.0,,,0.0,,3,0.0,0.0,,,0,3,,3.0,0.0,0.0,0,0,0,,0,3,1.0,0
Shamar Givance,Ottawa Blackjacks,2024-2025,offense,P&R ball handler,Long/3pt,5,Open,P&R BH - Defense Commits > Spot-Up > No Dribble Jumper > Open > Long/3pt,P&R BH - Defense Commits,Spot-Up,No Dribble Jumper,Open,Long/3pt,,3,100.0,0.0,0.0,0.0,0.0,3,0.0,,,0.0,,3,0.0,0.0,,,0,3,,3.0,0.0,0.0,0,0,0,,0,3,1.0,0
Shamar Givance,Ottawa Blackjacks,2024-2025,offense,P&R ball handler,Miss 3 Pts,6,Long/3pt,P&R BH - Defense Commits > Spot-Up > No Dribble Jumper > Open > Long/3pt > Miss 3 Pts,P&R BH - Defense Commits,Spot-Up,No Dribble Jumper,Open,Long/3pt,Miss 3 Pts,3,100.0,0.0,0.0,0.0,0.0,3,0.0,,,0.0,,3,0.0,0.0,,,0,3,,3.0,0.0,0.0,0,0,0,,0,3,1.0,0
Shamar Givance,Ottawa Blackjacks,2024-2025,offense,P&R ball handler,Drives Left,3,Spot-Up,P&R BH - Defense Commits > Spot-Up > Drives Left,P&R BH - Defense Commits,Spot-Up,Drives Left,,,,5,21.7,1.4,60.8,0.0,40.0,0,,,,50.0,,4,50.0,40.0,,,2,2,,5.8,1.0,60.0,4,2,2,50.0,0,0,0.0,7
Shamar Givance,Ottawa Blackjacks,2024-2025,offense,P&R ball handler,To Basket,4,Drives Left,P&R BH - Defense Commits > Spot-Up > Drives Left > To Basket,P&R BH - Defense Commits,Spot-Up,Drives Left,To Basket,,,4,80.0,1.25,56.3,0.0,25.0,0,,,,50.0,,4,50.0,25.0,,,2,2,,4.4,0.25,50.0,4,2,2,50.0,0,0,0.0,5
Shamar Givance,Ottawa Blackjacks,2024-2025,offense,P&R ball handler,Miss 2 Pts,5,To Basket,P&R BH - Defense Commits > Spot-Up > Drives Left > To Basket > Miss 2 Pts,P&R BH - Defense Commits,Spot-Up,Drives Left,To Basket,Miss 2 Pts,,2,50.0,0.0,0.0,0.0,0.0,0,,,,0.0,,2,0.0,0.0,,,0,2,,2.0,0.0,0.0,2,0,2,0.0,0,0,0.0,0
Shamar Givance,Ottawa Blackjacks,2024-2025,offense,P&R ball handler,Make 2 Pts Foul,5,To Basket,P&R BH - Defense Commits > Spot-Up > Drives Left > To Basket > Make 2 Pts Foul,P&R BH - Defense Commits,Spot-Up,Drives Left,To Basket,Make 2 Pts Foul,,1,25.0,3.0,104.2,0.0,100.0,0,,,,100.0,,1,100.0,100.0,,,1,0,,1.4,1.0,100.0,1,1,0,100.0,0,0,0.0,3
Shamar Givance,Ottawa Blackjacks,2024-2025,offense,P&R ball handler,1 Pts,6,Make 2 Pts Foul,P&R BH - Defense Commits > Spot-Up > Drives Left > To Basket > Make 2 Pts Foul > 1 Pts,P&R BH - Defense Commits,Spot-Up,Drives Left,To Basket,Make 2 Pts Foul,1 Pts,1,100.0,3.0,104.2,0.0,100.0,0,,,,100.0,,1,100.0,100.0,,,1,0,,1.4,1.0,100.0,1,1,0,100.0,0,0,0.0,3
Shamar Givance,Ottawa Blackjacks,2024-2025,offense,P&R ball handler,Make 2 Pts,5,To Basket,P&R BH - Defense Commits > Spot-Up > Drives Left > To Basket > Make 2 Pts,P&R BH - Defense Commits,Spot-Up,Drives Left,To Basket,Make 2 Pts,,1,25.0,2.0,100.0,0.0,0.0,0,,,,100.0,,1,100.0,0.0,,,1,0,,1.0,0.0,100.0,1,1,0,100.0,0,0,0.0,2
Shamar Givance,Ottawa Blackjacks,2024-2025,offense,P&R ball handler,Dribble Jumper,4,Drives Left,P&R BH - Defense Commits > Spot-Up > Drives Left > Dribble Jumper,P&R BH - Defense Commits,Spot-Up,Drives Left,Dribble Jumper,,,1,20.0,2.0,75.8,0.0,100.0,0,,,,,,0,,100.0,,,0,0,,1.3,,100.0,0,0,0,,0,0,,2
Shamar Givance,Ottawa Blackjacks,2024-2025,offense,P&R ball handler,Long/3pt,5,Dribble Jumper,P&R BH - Defense Commits > Spot-Up > Drives Left > Dribble Jumper > Long/3pt,P&R BH - Defense Commits,Spot-Up,Drives Left,Dribble Jumper,Long/3pt,,1,100.0,2.0,75.8,0.0,100.0,0,,,,,,0,,100.0,,,0,0,,1.3,,100.0,0,0,0,,0,0,,2
Shamar Givance,Ottawa Blackjacks,2024-2025,offense,P&R ball handler,Foul,6,Long/3pt,P&R BH - Defense Commits > Spot-Up > Drives Left > Dribble Jumper > Long/3pt > Foul,P&R BH - Defense Commits,Spot-Up,Drives Left,Dribble Jumper,Long/3pt,Foul,1,100.0,2.0,75.8,0.0,100.0,0,,,,,,0,,100.0,,,0,0,,1.3,,100.0,0,0,0,,0,0,,2
Shamar Givance,Ottawa Blackjacks,2024-2025,offense,P&R ball handler,Drives Right,3,Spot-Up,P&R BH - Defense Commits > Spot-Up > Drives Right,P&R BH - Defense Commits,Spot-Up,Drives Right,,,,5,21.7,1.2,75.0,20.0,0.0,0,,,,75.0,,4,75.0,0.0,,,3,1,,4.0,0.0,60.0,4,3,1,75.0,0,0,0.0,6
Shamar Givance,Ottawa Blackjacks,2024-2025,offense,P&R ball handler,To Basket,4,Drives Right,P&R BH - Defense Commits > Spot-Up > Drives Right > To Basket,P&R BH - Defense Commits,Spot-Up,Drives Right,To Basket,,,3,60.0,1.333,66.7,0.0,0.0,0,,,,66.7,,3,66.7,0.0,,,2,1,,3.0,0.0,66.7,3,2,1,66.7,0,0,0.0,4
Shamar Givance,Ottawa Blackjacks,2024-2025,offense,P&R ball handler,Make 2 Pts,5,To Basket,P&R BH - Defense Commits > Spot-Up > Drives Right > To Basket > Make 2 Pts,P&R BH - Defense Commits,Spot-Up,Drives Right,To Basket,Make 2 Pts,,2,66.7,2.0,100.0,0.0,0.0,0,,,,100.0,,2,100.0,0.0,,,2,0,,2.0,0.0,100.0,2,2,0,100.0,0,0,0.0,4
Shamar Givance,Ottawa Blackjacks,2024-2025,offense,P&R ball handler,Miss 2 Pts,5,To Basket,P&R BH - Defense Commits > Spot-Up > Drives Right > To Basket > Miss 2 Pts,P&R BH - Defense Commits,Spot-Up,Drives Right,To Basket,Miss 2 Pts,,1,33.3,0.0,0.0,0.0,0.0,0,,,,0.0,,1,0.0,0.0,,,0,1,,1.0,0.0,0.0,1,0,1,0.0,0,0,0.0,0
Shamar Givance,Ottawa Blackjacks,2024-2025,offense,P&R ball handler,Turnover,4,Drives Right,P&R BH - Defense Commits > Spot-Up > Drives Right > Turnover,P&R BH - Defense Commits,Spot-Up,Drives Right,Turnover,,,1,20.0,0.0,,100.0,0.0,0,,,,,,0,,0.0,,,0,0,,0.0,,0.0,0,0,0,,0,0,,0
Shamar Givance,Ottawa Blackjacks,2024-2025,offense,P&R ball handler,Dribble Jumper,4,Drives Right,P&R BH - Defense Commits > Spot-Up > Drives Right > Dribble Jumper,P&R BH - Defense Commits,Spot-Up,Drives Right,Dribble Jumper,,,1,20.0,2.0,100.0,0.0,0.0,0,,,,100.0,,1,100.0,0.0,,,1,0,,1.0,0.0,100.0,1,1,0,100.0,0,0,0.0,2
Shamar Givance,Ottawa Blackjacks,2024-2025,offense,P&R ball handler,Short to < 17,5,Dribble Jumper,P&R BH - Defense Commits > Spot-Up > Drives Right > Dribble Jumper > Short to < 17,P&R BH - Defense Commits,Spot-Up,Drives Right,Dribble Jumper,Short to < 17,,1,100.0,2.0,100.0,0.0,0.0,0,,,,100.0,,1,100.0,0.0,,,1,0,,1.0,0.0,100.0,1,1,0,100.0,0,0,0.0,2
Shamar Givance,Ottawa Blackjacks,2024-2025,offense,P&R ball handler,Make 2 Pts,6,Short to < 17,P&R BH - Defense Commits > Spot-Up > Drives Right > Dribble Jumper > Short to < 17 > Make 2 Pts,P&R BH - Defense Commits,Spot-Up,Drives Right,Dribble Jumper,Short to < 17,Make 2 Pts,1,100.0,2.0,100.0,0.0,0.0,0,,,,100.0,,1,100.0,0.0,,,1,0,,1.0,0.0,100.0,1,1,0,100.0,0,0,0.0,2
Shamar Givance,Ottawa Blackjacks,2024-2025,offense,P&R ball handler,Drives Straight,3,Spot-Up,P&R BH - Defense Commits > Spot-Up > Drives Straight,P&R BH - Defense Commits,Spot-Up,Drives Straight,,,,1,4.3,0.0,0.0,0.0,0.0,0,,,,0.0,,1,0.0,0.0,,,0,1,,1.0,0.0,0.0,1,0,1,0.0,0,0,0.0,0
Shamar Givance,Ottawa Blackjacks,2024-2025,offense,P&R ball handler,Dribble Jumper,4,Drives Straight,P&R BH - Defense Commits > Spot-Up > Drives Straight > Dribble Jumper,P&R BH - Defense Commits,Spot-Up,Drives Straight,Dribble Jumper,,,1,100.0,0.0,0.0,0.0,0.0,0,,,,0.0,,1,0.0,0.0,,,0,1,,1.0,0.0,0.0,1,0,1,0.0,0,0,0.0,0
Shamar Givance,Ottawa Blackjacks,2024-2025,offense,P&R ball handler,Medium/17' to 3pt,5,Dribble Jumper,P&R BH - Defense Commits > Spot-Up > Drives Straight > Dribble Jumper > Medium/17' to 3pt,P&R BH - Defense Commits,Spot-Up,Drives Straight,Dribble Jumper,Medium/17' to 3pt,,1,100.0,0.0,0.0,0.0,0.0,0,,,,0.0,,1,0.0,0.0,,,0,1,,1.0,0.0,0.0,1,0,1,0.0,0,0,0.0,0
Shamar Givance,Ottawa Blackjacks,2024-2025,offense,P&R ball handler,Miss 2 Pts,6,Medium/17' to 3pt,P&R BH - Defense Commits > Spot-Up > Drives Straight > Dribble Jumper > Medium/17' to 3pt > Miss 2 Pts,P&R BH - Defense Commits,Spot-Up,Drives Straight,Dribble Jumper,Medium/17' to 3pt,Miss 2 Pts,1,100.0,0.0,0.0,0.0,0.0,0,,,,0.0,,1,0.0,0.0,,,0,1,,1.0,0.0,0.0,1,0,1,0.0,0,0,0.0,0
Shamar Givance,Ottawa Blackjacks,2024-2025,offense,P&R ball handler,P&R Roll Man,2,P&R BH - Defense Commits,P&R BH - Defense Commits > P&R Roll Man,P&R BH - Defense Commits,P&R Roll Man,,,,,10,23.8,0.8,50.0,20.0,0.0,1,0.0,,,50.0,,8,50.0,0.0,,,4,4,,8.0,0.0,40.0,7,4,3,57.1,0,1,0.13,8
Shamar Givance,Ottawa Blackjacks,2024-2025,offense,P&R ball handler,Rolls to Basket,3,P&R Roll Man,P&R BH - Defense Commits > P&R Roll Man > Rolls to Basket,P&R BH - Defense Commits,P&R Roll Man,Rolls to Basket,,,,6,60.0,1.0,75.0,33.3,0.0,0,,,,75.0,,4,75.0,0.0,,,3,1,,4.0,0.0,50.0,4,3,1,75.0,0,0,0.0,6
Shamar Givance,Ottawa Blackjacks,2024-2025,offense,P&R ball handler,Make 2 Pts,4,Rolls to Basket,P&R BH - Defense Commits > P&R Roll Man > Rolls to Basket > Make 2 Pts,P&R BH - Defense Commits,P&R Roll Man,Rolls to Basket,Make 2 Pts,,,3,50.0,2.0,100.0,0.0,0.0,0,,,,100.0,,3,100.0,0.0,,,3,0,,3.0,0.0,100.0,3,3,0,100.0,0,0,0.0,6
Shamar Givance,Ottawa Blackjacks,2024-2025,offense,P&R ball handler,Turnover,4,Rolls to Basket,P&R BH - Defense Commits > P&R Roll Man > Rolls to Basket > Turnover,P&R BH - Defense Commits,P&R Roll Man,Rolls to Basket,Turnover,,,2,33.3,0.0,,100.0,0.0,0,,,,,,0,,0.0,,,0,0,,0.0,,0.0,0,0,0,,0,0,,0
Shamar Givance,Ottawa Blackjacks,2024-2025,offense,P&R ball handler,Miss 2 Pts,4,Rolls to Basket,P&R BH - Defense Commits > P&R Roll Man > Rolls to Basket > Miss 2 Pts,P&R BH - Defense Commits,P&R Roll Man,Rolls to Basket,Miss 2 Pts,,,1,16.7,0.0,0.0,0.0,0.0,0,,,,0.0,,1,0.0,0.0,,,0,1,,1.0,0.0,0.0,1,0,1,0.0,0,0,0.0,0
Shamar Givance,Ottawa Blackjacks,2024-2025,offense,P&R ball handler,Pick and Pops,3,P&R Roll Man,P&R BH - Defense Commits > P&R Roll Man > Pick and Pops,P&R BH - Defense Commits,P&R Roll Man,Pick and Pops,,,,2,20.0,0.0,0.0,0.0,0.0,1,0.0,,,0.0,,2,0.0,0.0,,,0,2,,2.0,0.0,0.0,1,0,1,0.0,0,1,0.5,0
Shamar Givance,Ottawa Blackjacks,2024-2025,offense,P&R ball handler,No Dribble Jumper,4,Pick and Pops,P&R BH - Defense Commits > P&R Roll Man > Pick and Pops > No Dribble Jumper,P&R BH - Defense Commits,P&R Roll Man,Pick and Pops,No Dribble Jumper,,,2,100.0,0.0,0.0,0.0,0.0,1,0.0,,,0.0,,2,0.0,0.0,,,0,2,,2.0,0.0,0.0,1,0,1,0.0,0,1,0.5,0
Shamar Givance,Ottawa Blackjacks,2024-2025,offense,P&R ball handler,Guarded,5,No Dribble Jumper,P&R BH - Defense Commits > P&R Roll Man > Pick and Pops > No Dribble Jumper > Guarded,P&R BH - Defense Commits,P&R Roll Man,Pick and Pops,No Dribble Jumper,Guarded,,1,50.0,0.0,0.0,0.0,0.0,0,,,,0.0,,1,0.0,0.0,,,0,1,,1.0,0.0,0.0,1,0,1,0.0,0,0,0.0,0
Shamar Givance,Ottawa Blackjacks,2024-2025,offense,P&R ball handler,Medium/17' to 3pt,6,Guarded,P&R BH - Defense Commits > P&R Roll Man > Pick and Pops > No Dribble Jumper > Guarded > Medium/17' to 3pt,P&R BH - Defense Commits,P&R Roll Man,Pick and Pops,No Dribble Jumper,Guarded,Medium/17' to 3pt,1,100.0,0.0,0.0,0.0,0.0,0,,,,0.0,,1,0.0,0.0,,,0,1,,1.0,0.0,0.0,1,0,1,0.0,0,0,0.0,0
Shamar Givance,Ottawa Blackjacks,2024-2025,offense,P&R ball handler,Open,5,No Dribble Jumper,P&R BH - Defense Commits > P&R Roll Man > Pick and Pops > No Dribble Jumper > Open,P&R BH - Defense Commits,P&R Roll Man,Pick and Pops,No Dribble Jumper,Open,,1,50.0,0.0,0.0,0.0,0.0,1,0.0,,,0.0,,1,0.0,0.0,,,0,1,,1.0,0.0,0.0,0,0,0,,0,1,1.0,0
Shamar Givance,Ottawa Blackjacks,2024-2025,offense,P&R ball handler,Long/3pt,6,Open,P&R BH - Defense Commits > P&R Roll Man > Pick and Pops > No Dribble Jumper > Open > Long/3pt,P&R BH - Defense Commits,P&R Roll Man,Pick and Pops,No Dribble Jumper,Open,Long/3pt,1,100.0,0.0,0.0,0.0,0.0,1,0.0,,,0.0,,1,0.0,0.0,,,0,1,,1.0,0.0,0.0,0,0,0,,0,1,1.0,0
Shamar Givance,Ottawa Blackjacks,2024-2025,offense,P&R ball handler,Slips the Pick,3,P&R Roll Man,P&R BH - Defense Commits > P&R Roll Man > Slips the Pick,P&R BH - Defense Commits,P&R Roll Man,Slips the Pick,,,,2,20.0,1.0,50.0,0.0,0.0,0,,,,50.0,,2,50.0,0.0,,,1,1,,2.0,0.0,50.0,2,1,1,50.0,0,0,0.0,2
Shamar Givance,Ottawa Blackjacks,2024-2025,offense,P&R ball handler,To Basket,4,Slips the Pick,P&R BH - Defense Commits > P&R Roll Man > Slips the Pick > To Basket,P&R BH - Defense Commits,P&R Roll Man,Slips the Pick,To Basket,,,2,100.0,1.0,50.0,0.0,0.0,0,,,,50.0,,2,50.0,0.0,,,1,1,,2.0,0.0,50.0,2,1,1,50.0,0,0,0.0,2
Shamar Givance,Ottawa Blackjacks,2024-2025,offense,P&R ball handler,Miss 2 Pts,5,To Basket,P&R BH - Defense Commits > P&R Roll Man > Slips the Pick > To Basket > Miss 2 Pts,P&R BH - Defense Commits,P&R Roll Man,Slips the Pick,To Basket,Miss 2 Pts,,1,50.0,0.0,0.0,0.0,0.0,0,,,,0.0,,1,0.0,0.0,,,0,1,,1.0,0.0,0.0,1,0,1,0.0,0,0,0.0,0
Shamar Givance,Ottawa Blackjacks,2024-2025,offense,P&R ball handler,Make 2 Pts,5,To Basket,P&R BH - Defense Commits > P&R Roll Man > Slips the Pick > To Basket > Make 2 Pts,P&R BH - Defense Commits,P&R Roll Man,Slips the Pick,To Basket,Make 2 Pts,,1,50.0,2.0,100.0,0.0,0.0,0,,,,100.0,,1,100.0,0.0,,,1,0,,1.0,0.0,100.0,1,1,0,100.0,0,0,0.0,2
Shamar Givance,Ottawa Blackjacks,2024-2025,offense,P&R ball handler,P&R Ball Handler,2,P&R BH - Defense Commits,P&R BH - Defense Commits > P&R Ball Handler,P&R BH - Defense Commits,P&R Ball Handler,,,,,7,16.7,0.0,,100.0,0.0,0,,,,,,0,,0.0,,,0,0,,0.0,,0.0,0,0,0,,0,0,,0
Shamar Givance,Ottawa Blackjacks,2024-2025,offense,P&R ball handler,High P&R,3,P&R Ball Handler,P&R BH - Defense Commits > P&R Ball Handler > High P&R,P&R BH - Defense Commits,P&R Ball Handler,High P&R,,,,4,57.1,0.0,,100.0,0.0,0,,,,,,0,,0.0,,,0,0,,0.0,,0.0,0,0,0,,0,0,,0
Shamar Givance,Ottawa Blackjacks,2024-2025,offense,P&R ball handler,Dribble Off Pick,4,High P&R,P&R BH - Defense Commits > P&R Ball Handler > High P&R > Dribble Off Pick,P&R BH - Defense Commits,P&R Ball Handler,High P&R,Dribble Off Pick,,,3,75.0,0.0,,100.0,0.0,0,,,,,,0,,0.0,,,0,0,,0.0,,0.0,0,0,0,,0,0,,0
Shamar Givance,Ottawa Blackjacks,2024-2025,offense,P&R ball handler,Defense Commits,5,Dribble Off Pick,P&R BH - Defense Commits > P&R Ball Handler > High P&R > Dribble Off Pick > Defense Commits,P&R BH - Defense Commits,P&R Ball Handler,High P&R,Dribble Off Pick,Defense Commits,,3,100.0,0.0,,100.0,0.0,0,,,,,,0,,0.0,,,0,0,,0.0,,0.0,0,0,0,,0,0,,0
Shamar Givance,Ottawa Blackjacks,2024-2025,offense,P&R ball handler,Turnover,6,Defense Commits,P&R BH - Defense Commits > P&R Ball Handler > High P&R > Dribble Off Pick > Defense Commits > Turnover,P&R BH - Defense Commits,P&R Ball Handler,High P&R,Dribble Off Pick,Defense Commits,Turnover,3,100.0,0.0,,100.0,0.0,0,,,,,,0,,0.0,,,0,0,,0.0,,0.0,0,0,0,,0,0,,0
Shamar Givance,Ottawa Blackjacks,2024-2025,offense,P&R ball handler,Go Away from Pick,4,High P&R,P&R BH - Defense Commits > P&R Ball Handler > High P&R > Go Away from Pick,P&R BH - Defense Commits,P&R Ball Handler,High P&R,Go Away from Pick,,,1,25.0,0.0,,100.0,0.0,0,,,,,,0,,0.0,,,0,0,,0.0,,0.0,0,0,0,,0,0,,0
Shamar Givance,Ottawa Blackjacks,2024-2025,offense,P&R ball handler,Defense Commits,5,Go Away from Pick,P&R BH - Defense Commits > P&R Ball Handler > High P&R > Go Away from Pick > Defense Commits,P&R BH - Defense Commits,P&R Ball Handler,High P&R,Go Away from Pick,Defense Commits,,1,100.0,0.0,,100.0,0.0,0,,,,,,0,,0.0,,,0,0,,0.0,,0.0,0,0,0,,0,0,,0
Shamar Givance,Ottawa Blackjacks,2024-2025,offense,P&R ball handler,Turnover,6,Defense Commits,P&R BH - Defense Commits > P&R Ball Handler > High P&R > Go Away from Pick > Defense Commits > Turnover,P&R BH - Defense Commits,P&R Ball Handler,High P&R,Go Away from Pick,Defense Commits,Turnover,1,100.0,0.0,,100.0,0.0,0,,,,,,0,,0.0,,,0,0,,0.0,,0.0,0,0,0,,0,0,,0
Shamar Givance,Ottawa Blackjacks,2024-2025,offense,P&R ball handler,Right P&R,3,P&R Ball Handler,P&R BH - Defense Commits > P&R Ball Handler > Right P&R,P&R BH - Defense Commits,P&R Ball Handler,Right P&R,,,,2,28.6,0.0,,100.0,0.0,0,,,,,,0,,0.0,,,0,0,,0.0,,0.0,0,0,0,,0,0,,0
Shamar Givance,Ottawa Blackjacks,2024-2025,offense,P&R ball handler,Side,4,Right P&R,P&R BH - Defense Commits > P&R Ball Handler > Right P&R > Side,P&R BH - Defense Commits,P&R Ball Handler,Right P&R,Side,,,1,50.0,0.0,,100.0,0.0,0,,,,,,0,,0.0,,,0,0,,0.0,,0.0,0,0,0,,0,0,,0
Shamar Givance,Ottawa Blackjacks,2024-2025,offense,P&R ball handler,Dribble Off Pick,5,Side,P&R BH - Defense Commits > P&R Ball Handler > Right P&R > Side > Dribble Off Pick,P&R BH - Defense Commits,P&R Ball Handler,Right P&R,Side,Dribble Off Pick,,1,100.0,0.0,,100.0,0.0,0,,,,,,0,,0.0,,,0,0,,0.0,,0.0,0,0,0,,0,0,,0
Shamar Givance,Ottawa Blackjacks,2024-2025,offense,P&R ball handler,Defense Commits,6,Dribble Off Pick,P&R BH - Defense Commits > P&R Ball Handler > Right P&R > Side > Dribble Off Pick > Defense Commits,P&R BH - Defense Commits,P&R Ball Handler,Right P&R,Side,Dribble Off Pick,Defense Commits,1,100.0,0.0,,100.0,0.0,0,,,,,,0,,0.0,,,0,0,,0.0,,0.0,0,0,0,,0,0,,0
Shamar Givance,Ottawa Blackjacks,2024-2025,offense,P&R ball handler,Baseline,4,Right P&R,P&R BH - Defense Commits > P&R Ball Handler > Right P&R > Baseline,P&R BH - Defense Commits,P&R Ball Handler,Right P&R,Baseline,,,1,50.0,0.0,,100.0,0.0,0,,,,,,0,,0.0,,,0,0,,0.0,,0.0,0,0,0,,0,0,,0
Shamar Givance,Ottawa Blackjacks,2024-2025,offense,P&R ball handler,Dribble Off Pick,5,Baseline,P&R BH - Defense Commits > P&R Ball Handler > Right P&R > Baseline > Dribble Off Pick,P&R BH - Defense Commits,P&R Ball Handler,Right P&R,Baseline,Dribble Off Pick,,1,100.0,0.0,,100.0,0.0,0,,,,,,0,,0.0,,,0,0,,0.0,,0.0,0,0,0,,0,0,,0
Shamar Givance,Ottawa Blackjacks,2024-2025,offense,P&R ball handler,Defense Commits,6,Dribble Off Pick,P&R BH - Defense Commits > P&R Ball Handler > Right P&R > Baseline > Dribble Off Pick > Defense Commits,P&R BH - Defense Commits,P&R Ball Handler,Right P&R,Baseline,Dribble Off Pick,Defense Commits,1,100.0,0.0,,100.0,0.0,0,,,,,,0,,0.0,,,0,0,,0.0,,0.0,0,0,0,,0,0,,0
Shamar Givance,Ottawa Blackjacks,2024-2025,offense,P&R ball handler,Left P&R,3,P&R Ball Handler,P&R BH - Defense Commits > P&R Ball Handler > Left P&R,P&R BH - Defense Commits,P&R Ball Handler,Left P&R,,,,1,14.3,0.0,,100.0,0.0,0,,,,,,0,,0.0,,,0,0,,0.0,,0.0,0,0,0,,0,0,,0
Shamar Givance,Ottawa Blackjacks,2024-2025,offense,P&R ball handler,Baseline,4,Left P&R,P&R BH - Defense Commits > P&R Ball Handler > Left P&R > Baseline,P&R BH - Defense Commits,P&R Ball Handler,Left P&R,Baseline,,,1,100.0,0.0,,100.0,0.0,0,,,,,,0,,0.0,,,0,0,,0.0,,0.0,0,0,0,,0,0,,0
Shamar Givance,Ottawa Blackjacks,2024-2025,offense,P&R ball handler,Dribble Off Pick,5,Baseline,P&R BH - Defense Commits > P&R Ball Handler > Left P&R > Baseline > Dribble Off Pick,P&R BH - Defense Commits,P&R Ball Handler,Left P&R,Baseline,Dribble Off Pick,,1,100.0,0.0,,100.0,0.0,0,,,,,,0,,0.0,,,0,0,,0.0,,0.0,0,0,0,,0,0,,0
Shamar Givance,Ottawa Blackjacks,2024-2025,offense,P&R ball handler,Defense Commits,6,Dribble Off Pick,P&R BH - Defense Commits > P&R Ball Handler > Left P&R > Baseline > Dribble Off Pick > Defense Commits,P&R BH - Defense Commits,P&R Ball Handler,Left P&R,Baseline,Dribble Off Pick,Defense Commits,1,100.0,0.0,,100.0,0.0,0,,,,,,0,,0.0,,,0,0,,0.0,,0.0,0,0,0,,0,0,,0
Shamar Givance,Ottawa Blackjacks,2024-2025,offense,P&R ball handler,Cut,2,P&R BH - Defense Commits,P&R BH - Defense Commits > Cut,P&R BH - Defense Commits,Cut,,,,,2,4.8,1.0,50.0,0.0,0.0,0,,,,50.0,,2,50.0,0.0,,,1,1,,2.0,0.0,50.0,2,1,1,50.0,0,0,0.0,2
Shamar Givance,Ottawa Blackjacks,2024-2025,offense,P&R ball handler,Basket,3,Cut,P&R BH - Defense Commits > Cut > Basket,P&R BH - Defense Commits,Cut,Basket,,,,1,50.0,2.0,100.0,0.0,0.0,0,,,,100.0,,1,100.0,0.0,,,1,0,,1.0,0.0,100.0,1,1,0,100.0,0,0,0.0,2
Shamar Givance,Ottawa Blackjacks,2024-2025,offense,P&R ball handler,Make 2 Pts,4,Basket,P&R BH - Defense Commits > Cut > Basket > Make 2 Pts,P&R BH - Defense Commits,Cut,Basket,Make 2 Pts,,,1,100.0,2.0,100.0,0.0,0.0,0,,,,100.0,,1,100.0,0.0,,,1,0,,1.0,0.0,100.0,1,1,0,100.0,0,0,0.0,2
Shamar Givance,Ottawa Blackjacks,2024-2025,offense,P&R ball handler,Flash,3,Cut,P&R BH - Defense Commits > Cut > Flash,P&R BH - Defense Commits,Cut,Flash,,,,1,50.0,0.0,0.0,0.0,0.0,0,,,,0.0,,1,0.0,0.0,,,0,1,,1.0,0.0,0.0,1,0,1,0.0,0,0,0.0,0
Shamar Givance,Ottawa Blackjacks,2024-2025,offense,P&R ball handler,Miss 2 Pts,4,Flash,P&R BH - Defense Commits > Cut > Flash > Miss 2 Pts,P&R BH - Defense Commits,Cut,Flash,Miss 2 Pts,,,1,100.0,0.0,0.0,0.0,0.0,0,,,,0.0,,1,0.0,0.0,,,0,1,,1.0,0.0,0.0,1,0,1,0.0,0,0,0.0,0
Shamar Givance,Ottawa Blackjacks,2024-2025,offense,P&R ball handler,P&R BH - Traps,1,,P&R BH - Traps,P&R BH - Traps,,,,,,0,0.0,,,,,0,,,,,,0,,,,,0,0,,0.0,,,0,0,0,,0,0,,0
Shamar Givance,Ottawa Blackjacks,2024-2025,offense,Isolation,ISO Including Passes,1,,ISO Including Passes,ISO Including Passes,,,,,,15,10.5,0.867,49.2,6.7,20.0,6,33.3,Good,59.0,27.3,69.0,11,36.4,20.0,,,3,8,,13.2,0.45,40.0,5,1,4,20.0,2,4,0.55,13
Shamar Givance,Ottawa Blackjacks,2024-2025,offense,Isolation,Isolation,2,ISO Including Passes,ISO Including Passes > Isolation,ISO Including Passes,Isolation,,,,,9,60.0,1.111,63.5,11.1,11.1,3,66.7,,,42.9,,7,57.1,11.1,,,3,4,,7.9,0.29,44.4,4,1,3,25.0,2,1,0.43,10
Shamar Givance,Ottawa Blackjacks,2024-2025,offense,Isolation,Top,3,Isolation,ISO Including Passes > Isolation > Top,ISO Including Passes,Isolation,Top,,,,6,66.7,1.333,68.0,0.0,16.7,2,100.0,,,40.0,,5,60.0,16.7,,,2,3,,5.9,0.4,50.0,3,0,3,0.0,2,0,0.4,8
Shamar Givance,Ottawa Blackjacks,2024-2025,offense,Isolation,Drives Left,4,Top,ISO Including Passes > Isolation > Top > Drives Left,ISO Including Passes,Isolation,Top,Drives Left,,,3,50.0,0.667,34.7,0.0,33.3,0,,,,0.0,,2,0.0,33.3,,,0,2,,2.9,1.0,33.3,2,0,2,0.0,0,0,0.0,2
Shamar Givance,Ottawa Blackjacks,2024-2025,offense,Isolation,To Basket,5,Drives Left,ISO Including Passes > Isolation > Top > Drives Left > To Basket,ISO Including Passes,Isolation,Top,Drives Left,To Basket,,2,66.7,1.0,53.2,0.0,50.0,0,,,,0.0,,1,0.0,50.0,,,0,1,,1.9,2.0,50.0,1,0,1,0.0,0,0,0.0,2
Shamar Givance,Ottawa Blackjacks,2024-2025,offense,Isolation,Miss 2 Pts,6,To Basket,ISO Including Passes > Isolation > Top > Drives Left > To Basket > Miss 2 Pts,ISO Including Passes,Isolation,Top,Drives Left,To Basket,Miss 2 Pts,1,50.0,0.0,0.0,0.0,0.0,0,,,,0.0,,1,0.0,0.0,,,0,1,,1.0,0.0,0.0,1,0,1,0.0,0,0,0.0,0
Shamar Givance,Ottawa Blackjacks,2024-2025,offense,Isolation,Foul,6,To Basket,ISO Including Passes > Isolation > Top > Drives Left > To Basket > Foul,ISO Including Passes,Isolation,Top,Drives Left,To Basket,Foul,1,50.0,2.0,113.6,0.0,100.0,0,,,,,,0,,100.0,,,0,0,,0.9,,100.0,0,0,0,,0,0,,2
Shamar Givance,Ottawa Blackjacks,2024-2025,offense,Isolation,Dribble Jumper,5,Drives Left,ISO Including Passes > Isolation > Top > Drives Left > Dribble Jumper,ISO Including Passes,Isolation,Top,Drives Left,Dribble Jumper,,1,33.3,0.0,0.0,0.0,0.0,0,,,,0.0,,1,0.0,0.0,,,0,1,,1.0,0.0,0.0,1,0,1,0.0,0,0,0.0,0
Shamar Givance,Ottawa Blackjacks,2024-2025,offense,Isolation,Short to < 17,6,Dribble Jumper,ISO Including Passes > Isolation > Top > Drives Left > Dribble Jumper > Short to < 17,ISO Including Passes,Isolation,Top,Drives Left,Dribble Jumper,Short to < 17,1,100.0,0.0,0.0,0.0,0.0,0,,,,0.0,,1,0.0,0.0,,,0,1,,1.0,0.0,0.0,1,0,1,0.0,0,0,0.0,0
Shamar Givance,Ottawa Blackjacks,2024-2025,offense,Isolation,Early Jumper,4,Top,ISO Including Passes > Isolation > Top > Early Jumper,ISO Including Passes,Isolation,Top,Early Jumper,,,2,33.3,3.0,150.0,0.0,0.0,2,100.0,,,100.0,,2,150.0,0.0,,,2,0,,2.0,0.0,100.0,0,0,0,,2,0,1.0,6
Shamar Givance,Ottawa Blackjacks,2024-2025,offense,Isolation,Dribble Jumper,5,Early Jumper,ISO Including Passes > Isolation > Top > Early Jumper > Dribble Jumper,ISO Including Passes,Isolation,Top,Early Jumper,Dribble Jumper,,2,100.0,3.0,150.0,0.0,0.0,2,100.0,,,100.0,,2,150.0,0.0,,,2,0,,2.0,0.0,100.0,0,0,0,,2,0,1.0,6
Shamar Givance,Ottawa Blackjacks,2024-2025,offense,Isolation,Long/3pt,6,Dribble Jumper,ISO Including Passes > Isolation > Top > Early Jumper > Dribble Jumper > Long/3pt,ISO Including Passes,Isolation,Top,Early Jumper,Dribble Jumper,Long/3pt,2,100.0,3.0,150.0,0.0,0.0,2,100.0,,,100.0,,2,150.0,0.0,,,2,0,,2.0,0.0,100.0,0,0,0,,2,0,1.0,6
Shamar Givance,Ottawa Blackjacks,2024-2025,offense,Isolation,Drives Right,4,Top,ISO Including Passes > Isolation > Top > Drives Right,ISO Including Passes,Isolation,Top,Drives Right,,,1,16.7,0.0,0.0,0.0,0.0,0,,,,0.0,,1,0.0,0.0,,,0,1,,1.0,0.0,0.0,1,0,1,0.0,0,0,0.0,0
Shamar Givance,Ottawa Blackjacks,2024-2025,offense,Isolation,To Basket,5,Drives Right,ISO Including Passes > Isolation > Top > Drives Right > To Basket,ISO Including Passes,Isolation,Top,Drives Right,To Basket,,1,100.0,0.0,0.0,0.0,0.0,0,,,,0.0,,1,0.0,0.0,,,0,1,,1.0,0.0,0.0,1,0,1,0.0,0,0,0.0,0
Shamar Givance,Ottawa Blackjacks,2024-2025,offense,Isolation,Miss 2 Pts,6,To Basket,ISO Including Passes > Isolation > Top > Drives Right > To Basket > Miss 2 Pts,ISO Including Passes,Isolation,Top,Drives Right,To Basket,Miss 2 Pts,1,100.0,0.0,0.0,0.0,0.0,0,,,,0.0,,1,0.0,0.0,,,0,1,,1.0,0.0,0.0,1,0,1,0.0,0,0,0.0,0
Shamar Givance,Ottawa Blackjacks,2024-2025,offense,Isolation,Right,3,Isolation,ISO Including Passes > Isolation > Right,ISO Including Passes,Isolation,Right,,,,2,22.2,0.0,0.0,50.0,0.0,1,0.0,,,0.0,,1,0.0,0.0,,,0,1,,1.0,0.0,0.0,0,0,0,,0,1,1.0,0
Shamar Givance,Ottawa Blackjacks,2024-2025,offense,Isolation,Drives Right,4,Right,ISO Including Passes > Isolation > Right > Drives Right,ISO Including Passes,Isolation,Right,Drives Right,,,1,50.0,0.0,0.0,0.0,0.0,1,0.0,,,0.0,,1,0.0,0.0,,,0,1,,1.0,0.0,0.0,0,0,0,,0,1,1.0,0
Shamar Givance,Ottawa Blackjacks,2024-2025,offense,Isolation,Dribble Jumper,5,Drives Right,ISO Including Passes > Isolation > Right > Drives Right > Dribble Jumper,ISO Including Passes,Isolation,Right,Drives Right,Dribble Jumper,,1,100.0,0.0,0.0,0.0,0.0,1,0.0,,,0.0,,1,0.0,0.0,,,0,1,,1.0,0.0,0.0,0,0,0,,0,1,1.0,0
Shamar Givance,Ottawa Blackjacks,2024-2025,offense,Isolation,Long/3pt,6,Dribble Jumper,ISO Including Passes > Isolation > Right > Drives Right > Dribble Jumper > Long/3pt,ISO Including Passes,Isolation,Right,Drives Right,Dribble Jumper,Long/3pt,1,100.0,0.0,0.0,0.0,0.0,1,0.0,,,0.0,,1,0.0,0.0,,,0,1,,1.0,0.0,0.0,0,0,0,,0,1,1.0,0
Shamar Givance,Ottawa Blackjacks,2024-2025,offense,Isolation,Drives Left,4,Right,ISO Including Passes > Isolation > Right > Drives Left,ISO Including Passes,Isolation,Right,Drives Left,,,1,50.0,0.0,,100.0,0.0,0,,,,,,0,,0.0,,,0,0,,0.0,,0.0,0,0,0,,0,0,,0
Shamar Givance,Ottawa Blackjacks,2024-2025,offense,Isolation,Turnover,5,Drives Left,ISO Including Passes > Isolation > Right > Drives Left > Turnover,ISO Including Passes,Isolation,Right,Drives Left,Turnover,,1,100.0,0.0,,100.0,0.0,0,,,,,,0,,0.0,,,0,0,,0.0,,0.0,0,0,0,,0,0,,0
Shamar Givance,Ottawa Blackjacks,2024-2025,offense,Isolation,Left,3,Isolation,ISO Including Passes > Isolation > Left,ISO Including Passes,Isolation,Left,,,,1,11.1,2.0,100.0,0.0,0.0,0,,,,100.0,,1,100.0,0.0,,,1,0,,1.0,0.0,100.0,1,1,0,100.0,0,0,0.0,2
Shamar Givance,Ottawa Blackjacks,2024-2025,offense,Isolation,Drives Right,4,Left,ISO Including Passes > Isolation > Left > Drives Right,ISO Including Passes,Isolation,Left,Drives Right,,,1,100.0,2.0,100.0,0.0,0.0,0,,,,100.0,,1,100.0,0.0,,,1,0,,1.0,0.0,100.0,1,1,0,100.0,0,0,0.0,2
Shamar Givance,Ottawa Blackjacks,2024-2025,offense,Isolation,Dribble Jumper,5,Drives Right,ISO Including Passes > Isolation > Left > Drives Right > Dribble Jumper,ISO Including Passes,Isolation,Left,Drives Right,Dribble Jumper,,1,100.0,2.0,100.0,0.0,0.0,0,,,,100.0,,1,100.0,0.0,,,1,0,,1.0,0.0,100.0,1,1,0,100.0,0,0,0.0,2
Shamar Givance,Ottawa Blackjacks,2024-2025,offense,Isolation,Short to < 17,6,Dribble Jumper,ISO Including Passes > Isolation > Left > Drives Right > Dribble Jumper > Short to < 17,ISO Including Passes,Isolation,Left,Drives Right,Dribble Jumper,Short to < 17,1,100.0,2.0,100.0,0.0,0.0,0,,,,100.0,,1,100.0,0.0,,,1,0,,1.0,0.0,100.0,1,1,0,100.0,0,0,0.0,2
Shamar Givance,Ottawa Blackjacks,2024-2025,offense,Isolation,Spot-Up,2,ISO Including Passes,ISO Including Passes > Spot-Up,ISO Including Passes,Spot-Up,,,,,4,26.7,0.0,0.0,0.0,0.0,3,0.0,,,0.0,,4,0.0,0.0,,,0,4,,4.0,0.0,0.0,1,0,1,0.0,0,3,0.75,0
Shamar Givance,Ottawa Blackjacks,2024-2025,offense,Isolation,No Dribble Jumper,3,Spot-Up,ISO Including Passes > Spot-Up > No Dribble Jumper,ISO Including Passes,Spot-Up,No Dribble Jumper,,,,3,75.0,0.0,0.0,0.0,0.0,3,0.0,,,0.0,,3,0.0,0.0,,,0,3,,3.0,0.0,0.0,0,0,0,,0,3,1.0,0
Shamar Givance,Ottawa Blackjacks,2024-2025,offense,Isolation,Guarded,4,No Dribble Jumper,ISO Including Passes > Spot-Up > No Dribble Jumper > Guarded,ISO Including Passes,Spot-Up,No Dribble Jumper,Guarded,,,3,100.0,0.0,0.0,0.0,0.0,3,0.0,,,0.0,,3,0.0,0.0,,,0,3,,3.0,0.0,0.0,0,0,0,,0,3,1.0,0
Shamar Givance,Ottawa Blackjacks,2024-2025,offense,Isolation,Long/3pt,5,Guarded,ISO Including Passes > Spot-Up > No Dribble Jumper > Guarded > Long/3pt,ISO Including Passes,Spot-Up,No Dribble Jumper,Guarded,Long/3pt,,3,100.0,0.0,0.0,0.0,0.0,3,0.0,,,0.0,,3,0.0,0.0,,,0,3,,3.0,0.0,0.0,0,0,0,,0,3,1.0,0
Shamar Givance,Ottawa Blackjacks,2024-2025,offense,Isolation,Miss 3 Pts,6,Long/3pt,ISO Including Passes > Spot-Up > No Dribble Jumper > Guarded > Long/3pt > Miss 3 Pts,ISO Including Passes,Spot-Up,No Dribble Jumper,Guarded,Long/3pt,Miss 3 Pts,3,100.0,0.0,0.0,0.0,0.0,3,0.0,,,0.0,,3,0.0,0.0,,,0,3,,3.0,0.0,0.0,0,0,0,,0,3,1.0,0
Shamar Givance,Ottawa Blackjacks,2024-2025,offense,Isolation,Drives Left,3,Spot-Up,ISO Including Passes > Spot-Up > Drives Left,ISO Including Passes,Spot-Up,Drives Left,,,,1,25.0,0.0,0.0,0.0,0.0,0,,,,0.0,,1,0.0,0.0,,,0,1,,1.0,0.0,0.0,1,0,1,0.0,0,0,0.0,0
Shamar Givance,Ottawa Blackjacks,2024-2025,offense,Isolation,Dribble Jumper,4,Drives Left,ISO Including Passes > Spot-Up > Drives Left > Dribble Jumper,ISO Including Passes,Spot-Up,Drives Left,Dribble Jumper,,,1,100.0,0.0,0.0,0.0,0.0,0,,,,0.0,,1,0.0,0.0,,,0,1,,1.0,0.0,0.0,1,0,1,0.0,0,0,0.0,0
Shamar Givance,Ottawa Blackjacks,2024-2025,offense,Isolation,Short to < 17,5,Dribble Jumper,ISO Including Passes > Spot-Up > Drives Left > Dribble Jumper > Short to < 17,ISO Including Passes,Spot-Up,Drives Left,Dribble Jumper,Short to < 17,,1,100.0,0.0,0.0,0.0,0.0,0,,,,0.0,,1,0.0,0.0,,,0,1,,1.0,0.0,0.0,1,0,1,0.0,0,0,0.0,0
Shamar Givance,Ottawa Blackjacks,2024-2025,offense,Isolation,Miss 2 Pts,6,Short to < 17,ISO Including Passes > Spot-Up > Drives Left > Dribble Jumper > Short to < 17 > Miss 2 Pts,ISO Including Passes,Spot-Up,Drives Left,Dribble Jumper,Short to < 17,Miss 2 Pts,1,100.0,0.0,0.0,0.0,0.0,0,,,,0.0,,1,0.0,0.0,,,0,1,,1.0,0.0,0.0,1,0,1,0.0,0,0,0.0,0
Shamar Givance,Ottawa Blackjacks,2024-2025,offense,Isolation,Cut,2,ISO Including Passes,ISO Including Passes > Cut,ISO Including Passes,Cut,,,,,2,13.3,1.5,113.6,0.0,100.0,0,,,,,,0,,100.0,,,0,0,,1.3,,100.0,0,0,0,,0,0,,3
Shamar Givance,Ottawa Blackjacks,2024-2025,offense,Isolation,Basket,3,Cut,ISO Including Passes > Cut > Basket,ISO Including Passes,Cut,Basket,,,,2,100.0,1.5,113.6,0.0,100.0,0,,,,,,0,,100.0,,,0,0,,1.3,,100.0,0,0,0,,0,0,,3
Shamar Givance,Ottawa Blackjacks,2024-2025,offense,Isolation,Foul,4,Basket,ISO Including Passes > Cut > Basket > Foul,ISO Including Passes,Cut,Basket,Foul,,,2,100.0,1.5,113.6,0.0,100.0,0,,,,,,0,,100.0,,,0,0,,1.3,,100.0,0,0,0,,0,0,,3
Shamar Givance,Ottawa Blackjacks,2024-2025,offense,Isolation,ISO - Defense Commits,1,,ISO - Defense Commits,ISO - Defense Commits,,,,,,6,4.2,0.5,28.2,0.0,33.3,3,0.0,,,0.0,,4,0.0,33.3,,,0,4,,5.3,0.75,33.3,1,0,1,0.0,0,3,0.75,3
Shamar Givance,Ottawa Blackjacks,2024-2025,offense,Isolation,Spot-Up,2,ISO - Defense Commits,ISO - Defense Commits > Spot-Up,ISO - Defense Commits,Spot-Up,,,,,4,66.7,0.0,0.0,0.0,0.0,3,0.0,,,0.0,,4,0.0,0.0,,,0,4,,4.0,0.0,0.0,1,0,1,0.0,0,3,0.75,0
Shamar Givance,Ottawa Blackjacks,2024-2025,offense,Isolation,No Dribble Jumper,3,Spot-Up,ISO - Defense Commits > Spot-Up > No Dribble Jumper,ISO - Defense Commits,Spot-Up,No Dribble Jumper,,,,3,75.0,0.0,0.0,0.0,0.0,3,0.0,,,0.0,,3,0.0,0.0,,,0,3,,3.0,0.0,0.0,0,0,0,,0,3,1.0,0
Shamar Givance,Ottawa Blackjacks,2024-2025,offense,Isolation,Guarded,4,No Dribble Jumper,ISO - Defense Commits > Spot-Up > No Dribble Jumper > Guarded,ISO - Defense Commits,Spot-Up,No Dribble Jumper,Guarded,,,3,100.0,0.0,0.0,0.0,0.0,3,0.0,,,0.0,,3,0.0,0.0,,,0,3,,3.0,0.0,0.0,0,0,0,,0,3,1.0,0
Shamar Givance,Ottawa Blackjacks,2024-2025,offense,Isolation,Long/3pt,5,Guarded,ISO - Defense Commits > Spot-Up > No Dribble Jumper > Guarded > Long/3pt,ISO - Defense Commits,Spot-Up,No Dribble Jumper,Guarded,Long/3pt,,3,100.0,0.0,0.0,0.0,0.0,3,0.0,,,0.0,,3,0.0,0.0,,,0,3,,3.0,0.0,0.0,0,0,0,,0,3,1.0,0
Shamar Givance,Ottawa Blackjacks,2024-2025,offense,Isolation,Miss 3 Pts,6,Long/3pt,ISO - Defense Commits > Spot-Up > No Dribble Jumper > Guarded > Long/3pt > Miss 3 Pts,ISO - Defense Commits,Spot-Up,No Dribble Jumper,Guarded,Long/3pt,Miss 3 Pts,3,100.0,0.0,0.0,0.0,0.0,3,0.0,,,0.0,,3,0.0,0.0,,,0,3,,3.0,0.0,0.0,0,0,0,,0,3,1.0,0
Shamar Givance,Ottawa Blackjacks,2024-2025,offense,Isolation,Drives Left,3,Spot-Up,ISO - Defense Commits > Spot-Up > Drives Left,ISO - Defense Commits,Spot-Up,Drives Left,,,,1,25.0,0.0,0.0,0.0,0.0,0,,,,0.0,,1,0.0,0.0,,,0,1,,1.0,0.0,0.0,1,0,1,0.0,0,0,0.0,0
Shamar Givance,Ottawa Blackjacks,2024-2025,offense,Isolation,Dribble Jumper,4,Drives Left,ISO - Defense Commits > Spot-Up > Drives Left > Dribble Jumper,ISO - Defense Commits,Spot-Up,Drives Left,Dribble Jumper,,,1,100.0,0.0,0.0,0.0,0.0,0,,,,0.0,,1,0.0,0.0,,,0,1,,1.0,0.0,0.0,1,0,1,0.0,0,0,0.0,0
Shamar Givance,Ottawa Blackjacks,2024-2025,offense,Isolation,Short to < 17,5,Dribble Jumper,ISO - Defense Commits > Spot-Up > Drives Left > Dribble Jumper > Short to < 17,ISO - Defense Commits,Spot-Up,Drives Left,Dribble Jumper,Short to < 17,,1,100.0,0.0,0.0,0.0,0.0,0,,,,0.0,,1,0.0,0.0,,,0,1,,1.0,0.0,0.0,1,0,1,0.0,0,0,0.0,0
Shamar Givance,Ottawa Blackjacks,2024-2025,offense,Isolation,Miss 2 Pts,6,Short to < 17,ISO - Defense Commits > Spot-Up > Drives Left > Dribble Jumper > Short to < 17 > Miss 2 Pts,ISO - Defense Commits,Spot-Up,Drives Left,Dribble Jumper,Short to < 17,Miss 2 Pts,1,100.0,0.0,0.0,0.0,0.0,0,,,,0.0,,1,0.0,0.0,,,0,1,,1.0,0.0,0.0,1,0,1,0.0,0,0,0.0,0
Shamar Givance,Ottawa Blackjacks,2024-2025,offense,Isolation,Cut,2,ISO - Defense Commits,ISO - Defense Commits > Cut,ISO - Defense Commits,Cut,,,,,2,33.3,1.5,113.6,0.0,100.0,0,,,,,,0,,100.0,,,0,0,,1.3,,100.0,0,0,0,,0,0,,3
Shamar Givance,Ottawa Blackjacks,2024-2025,offense,Isolation,Basket,3,Cut,ISO - Defense Commits > Cut > Basket,ISO - Defense Commits,Cut,Basket,,,,2,100.0,1.5,113.6,0.0,100.0,0,,,,,,0,,100.0,,,0,0,,1.3,,100.0,0,0,0,,0,0,,3
Shamar Givance,Ottawa Blackjacks,2024-2025,offense,Isolation,Foul,4,Basket,ISO - Defense Commits > Cut > Basket > Foul,ISO - Defense Commits,Cut,Basket,Foul,,,2,100.0,1.5,113.6,0.0,100.0,0,,,,,,0,,100.0,,,0,0,,1.3,,100.0,0,0,0,,0,0,,3
Shamar Givance,Ottawa Blackjacks,2024-2025,offense,Post up,Post-Ups Including Passes,1,,Post-Ups Including Passes,Post-Ups Including Passes,,,,,,0,0.0,,,,,0,,,,,,0,,,,,0,0,,0.0,,,0,0,0,,0,0,,0
Shamar Givance,Ottawa Blackjacks,2024-2025,offense,Post up,Post-Up - Defense Commits,1,,Post-Up - Defense Commits,Post-Up - Defense Commits,,,,,,0,0.0,,,,,0,,,,,,0,,,,,0,0,,0.0,,,0,0,0,,0,0,,0
Shamar Givance,Ottawa Blackjacks,2024-2025,offense,Post up,Post-Up - Hard Double,1,,Post-Up - Hard Double,Post-Up - Hard Double,,,,,,0,0.0,,,,,0,,,,,,0,,,,,0,0,,0.0,,,0,0,0,,0,0,,0
