PLAYER,TEAM,SEASON,SIDE,TABLE,STAT,DEPTH,PARENT,PATH,LEVEL_1,LEVEL_2,LEVEL_3,LEVEL_4,LEVEL_5,LEVEL_6,POSS,%TIME,PPP,TS%,TO%,%FT,3FG ATT,3 FG%,PPP RATING,PPP RANK,FG%,%TIME RANK,FG ATT,EFG%,%SF,SSQ,PPS,FG MADE,FG MISS,SSM,TSA,FTA/FGA,SCORE%,2 FG ATT,2 FG MADE,2 FG MISS,2 FG%,3 FG MADE,3 FG MISS,3PA/FGA,PTS
Kobe Elvis,Ottawa BlackJacks,2026-2027,offense,Play types,P&R Ball Handler,1,,P&R Ball Handler,P&R Ball Handler,,,,,,52,37.1,0.615,41.9,26.9,5.8,14,35.7,Below Average,18.0,33.3,77.0,36,40.3,1.9,,,12,24,,38,0.14,26.9,22,7,15,31.8,5,9,0.39,32
Kobe Elvis,Ottawa BlackJacks,2026-2027,offense,Play types,P&R Ball Handler - Overall,2,P&R Ball Handler,P&R Ball Handler > P&R Ball Handler - Overall,P&R Ball Handler,P&R Ball Handler - Overall,,,,,52,100.0,0.615,41.9,26.9,5.8,14,35.7,,,33.3,,36,40.3,1.9,,,12,24,,38,0.14,26.9,22,7,15,31.8,5,9,0.39,32
Kobe Elvis,Ottawa BlackJacks,2026-2027,offense,Play types,Dribble Off Pick,3,P&R Ball Handler - Overall,P&R Ball Handler > P&R Ball Handler - Overall > Dribble Off Pick,P&R Ball Handler,P&R Ball Handler - Overall,Dribble Off Pick,,,,45,86.5,0.622,38.7,20.0,6.7,14,35.7,,,29.4,,34,36.8,2.2,,,10,24,,36,0.15,26.7,20,5,15,25.0,5,9,0.41,28
Kobe Elvis,Ottawa BlackJacks,2026-2027,offense,Play types,Go Away from Pick,3,P&R Ball Handler - Overall,P&R Ball Handler > P&R Ball Handler - Overall > Go Away from Pick,P&R Ball Handler,P&R Ball Handler - Overall,Go Away from Pick,,,,6,11.5,0.667,100.0,66.7,0.0,0,,,,100.0,,2,100.0,0.0,,,2,0,,2,0.0,33.3,2,2,0,100.0,0,0,0.0,4
Kobe Elvis,Ottawa BlackJacks,2026-2027,offense,Play types,Turnover,3,P&R Ball Handler - Overall,P&R Ball Handler > P&R Ball Handler - Overall > Turnover,P&R Ball Handler,P&R Ball Handler - Overall,Turnover,,,,1,1.9,0.0,,100.0,0.0,0,,,,,,0,,0.0,,,0,0,,0,,0.0,0,0,0,,0,0,,0
Kobe Elvis,Ottawa BlackJacks,2026-2027,offense,Play types,High P&R,2,P&R Ball Handler,P&R Ball Handler > High P&R,P&R Ball Handler,High P&R,,,,,40,76.9,0.475,33.5,30.0,5.0,10,40.0,,,25.9,,27,33.3,2.5,,,7,20,,28,0.11,20.0,17,3,14,17.6,4,6,0.37,19
Kobe Elvis,Ottawa BlackJacks,2026-2027,offense,Play types,Dribble Off Pick,3,High P&R,P&R Ball Handler > High P&R > Dribble Off Pick,P&R Ball Handler,High P&R,Dribble Off Pick,,,,36,90.0,0.528,33.5,22.2,5.6,10,40.0,,,25.9,,27,33.3,2.8,,,7,20,,28,0.11,22.2,17,3,14,17.6,4,6,0.37,19
Kobe Elvis,Ottawa BlackJacks,2026-2027,offense,Play types,Dribble Jumper,4,Dribble Off Pick,P&R Ball Handler > High P&R > Dribble Off Pick > Dribble Jumper,P&R Ball Handler,High P&R,Dribble Off Pick,Dribble Jumper,,,17,47.2,0.706,35.3,0.0,0.0,10,40.0,,,23.5,,17,35.3,0.0,,,4,13,,17,0.0,23.5,7,0,7,0.0,4,6,0.59,12
Kobe Elvis,Ottawa BlackJacks,2026-2027,offense,Play types,Long/3pt,5,Dribble Jumper,P&R Ball Handler > High P&R > Dribble Off Pick > Dribble Jumper > Long/3pt,P&R Ball Handler,High P&R,Dribble Off Pick,Dribble Jumper,Long/3pt,,10,58.8,1.2,60.0,0.0,0.0,10,40.0,,,40.0,,10,60.0,0.0,,,4,6,,10,0.0,40.0,0,0,0,,4,6,1.0,12
Kobe Elvis,Ottawa BlackJacks,2026-2027,offense,Play types,Short to < 17,5,Dribble Jumper,P&R Ball Handler > High P&R > Dribble Off Pick > Dribble Jumper > Short to < 17,P&R Ball Handler,High P&R,Dribble Off Pick,Dribble Jumper,Short to < 17,,5,29.4,0.0,0.0,0.0,0.0,0,,,,0.0,,5,0.0,0.0,,,0,5,,5,0.0,0.0,5,0,5,0.0,0,0,0.0,0
Kobe Elvis,Ottawa BlackJacks,2026-2027,offense,Play types,Medium/17' to 3pt,5,Dribble Jumper,P&R Ball Handler > High P&R > Dribble Off Pick > Dribble Jumper > Medium/17' to 3pt,P&R Ball Handler,High P&R,Dribble Off Pick,Dribble Jumper,Medium/17' to 3pt,,2,11.8,0.0,0.0,0.0,0.0,0,,,,0.0,,2,0.0,0.0,,,0,2,,2,0.0,0.0,2,0,2,0.0,0,0,0.0,0
Kobe Elvis,Ottawa BlackJacks,2026-2027,offense,Play types,To Basket,4,Dribble Off Pick,P&R Ball Handler > High P&R > Dribble Off Pick > To Basket,P&R Ball Handler,High P&R,Dribble Off Pick,To Basket,,,10,27.8,0.6,28.7,0.0,10.0,0,,,,30.0,,10,30.0,10.0,,,3,7,,10,0.1,30.0,10,3,7,30.0,0,0,0.0,6
Kobe Elvis,Ottawa BlackJacks,2026-2027,offense,Play types,Miss 2 Pts,5,To Basket,P&R Ball Handler > High P&R > Dribble Off Pick > To Basket > Miss 2 Pts,P&R Ball Handler,High P&R,Dribble Off Pick,To Basket,Miss 2 Pts,,7,70.0,0.0,0.0,0.0,0.0,0,,,,0.0,,7,0.0,0.0,,,0,7,,7,0.0,0.0,7,0,7,0.0,0,0,0.0,0
Kobe Elvis,Ottawa BlackJacks,2026-2027,offense,Play types,Make 2 Pts,5,To Basket,P&R Ball Handler > High P&R > Dribble Off Pick > To Basket > Make 2 Pts,P&R Ball Handler,High P&R,Dribble Off Pick,To Basket,Make 2 Pts,,2,20.0,2.0,100.0,0.0,0.0,0,,,,100.0,,2,100.0,0.0,,,2,0,,2,0.0,100.0,2,2,0,100.0,0,0,0.0,4
Kobe Elvis,Ottawa BlackJacks,2026-2027,offense,Play types,Make 2 Pts Foul,5,To Basket,P&R Ball Handler > High P&R > Dribble Off Pick > To Basket > Make 2 Pts Foul,P&R Ball Handler,High P&R,Dribble Off Pick,To Basket,Make 2 Pts Foul,,1,10.0,2.0,69.4,0.0,100.0,0,,,,100.0,,1,100.0,100.0,,,1,0,,1,1.0,100.0,1,1,0,100.0,0,0,0.0,2
Kobe Elvis,Ottawa BlackJacks,2026-2027,offense,Play types,Defense Commits,4,Dribble Off Pick,P&R Ball Handler > High P&R > Dribble Off Pick > Defense Commits,P&R Ball Handler,High P&R,Dribble Off Pick,Defense Commits,,,8,22.2,0.0,,100.0,0.0,0,,,,,,0,,0.0,,,0,0,,0,,0.0,0,0,0,,0,0,,0
Kobe Elvis,Ottawa BlackJacks,2026-2027,offense,Play types,Turnover,5,Defense Commits,P&R Ball Handler > High P&R > Dribble Off Pick > Defense Commits > Turnover,P&R Ball Handler,High P&R,Dribble Off Pick,Defense Commits,Turnover,,8,100.0,0.0,,100.0,0.0,0,,,,,,0,,0.0,,,0,0,,0,,0.0,0,0,0,,0,0,,0
Kobe Elvis,Ottawa BlackJacks,2026-2027,offense,Play types,Foul,4,Dribble Off Pick,P&R Ball Handler > High P&R > Dribble Off Pick > Foul,P&R Ball Handler,High P&R,Dribble Off Pick,Foul,,,1,2.8,1.0,56.8,0.0,100.0,0,,,,,,0,,0.0,,,0,0,,1,,100.0,0,0,0,,0,0,,1
Kobe Elvis,Ottawa BlackJacks,2026-2027,offense,Play types,Go Away from Pick,3,High P&R,P&R Ball Handler > High P&R > Go Away from Pick,P&R Ball Handler,High P&R,Go Away from Pick,,,,3,7.5,0.0,,100.0,0.0,0,,,,,,0,,0.0,,,0,0,,0,,0.0,0,0,0,,0,0,,0
Kobe Elvis,Ottawa BlackJacks,2026-2027,offense,Play types,Turnover,4,Go Away from Pick,P&R Ball Handler > High P&R > Go Away from Pick > Turnover,P&R Ball Handler,High P&R,Go Away from Pick,Turnover,,,2,66.7,0.0,,100.0,0.0,0,,,,,,0,,0.0,,,0,0,,0,,0.0,0,0,0,,0,0,,0
Kobe Elvis,Ottawa BlackJacks,2026-2027,offense,Play types,Defense Commits,4,Go Away from Pick,P&R Ball Handler > High P&R > Go Away from Pick > Defense Commits,P&R Ball Handler,High P&R,Go Away from Pick,Defense Commits,,,1,33.3,0.0,,100.0,0.0,0,,,,,,0,,0.0,,,0,0,,0,,0.0,0,0,0,,0,0,,0
Kobe Elvis,Ottawa BlackJacks,2026-2027,offense,Play types,Turnover,5,Defense Commits,P&R Ball Handler > High P&R > Go Away from Pick > Defense Commits > Turnover,P&R Ball Handler,High P&R,Go Away from Pick,Defense Commits,Turnover,,1,100.0,0.0,,100.0,0.0,0,,,,,,0,,0.0,,,0,0,,0,,0.0,0,0,0,,0,0,,0
Kobe Elvis,Ottawa BlackJacks,2026-2027,offense,Play types,Turnover,3,High P&R,P&R Ball Handler > High P&R > Turnover,P&R Ball Handler,High P&R,Turnover,,,,1,2.5,0.0,,100.0,0.0,0,,,,,,0,,0.0,,,0,0,,0,,0.0,0,0,0,,0,0,,0
Kobe Elvis,Ottawa BlackJacks,2026-2027,offense,Play types,Right P&R,2,P&R Ball Handler,P&R Ball Handler > Right P&R,P&R Ball Handler,Right P&R,,,,,8,15.4,1.125,65.4,12.5,12.5,4,25.0,,,50.0,,6,58.3,0.0,,,3,3,,7,0.33,50.0,2,2,0,100.0,1,3,0.67,9
Kobe Elvis,Ottawa BlackJacks,2026-2027,offense,Play types,Side,3,Right P&R,P&R Ball Handler > Right P&R > Side,P&R Ball Handler,Right P&R,Side,,,,5,62.5,1.4,87.5,20.0,0.0,2,50.0,,,75.0,,4,87.5,0.0,,,3,1,,4,0.0,60.0,2,2,0,100.0,1,1,0.5,7
Kobe Elvis,Ottawa BlackJacks,2026-2027,offense,Play types,Dribble Off Pick,4,Side,P&R Ball Handler > Right P&R > Side > Dribble Off Pick,P&R Ball Handler,Right P&R,Side,Dribble Off Pick,,,3,60.0,1.667,83.3,0.0,0.0,2,50.0,,,66.7,,3,83.3,0.0,,,2,1,,3,0.0,66.7,1,1,0,100.0,1,1,0.67,5
Kobe Elvis,Ottawa BlackJacks,2026-2027,offense,Play types,Dribble Jumper,5,Dribble Off Pick,P&R Ball Handler > Right P&R > Side > Dribble Off Pick > Dribble Jumper,P&R Ball Handler,Right P&R,Side,Dribble Off Pick,Dribble Jumper,,2,66.7,1.5,75.0,0.0,0.0,2,50.0,,,50.0,,2,75.0,0.0,,,1,1,,2,0.0,50.0,0,0,0,,1,1,1.0,3
Kobe Elvis,Ottawa BlackJacks,2026-2027,offense,Play types,To Basket,5,Dribble Off Pick,P&R Ball Handler > Right P&R > Side > Dribble Off Pick > To Basket,P&R Ball Handler,Right P&R,Side,Dribble Off Pick,To Basket,,1,33.3,2.0,100.0,0.0,0.0,0,,,,100.0,,1,100.0,0.0,,,1,0,,1,0.0,100.0,1,1,0,100.0,0,0,0.0,2
Kobe Elvis,Ottawa BlackJacks,2026-2027,offense,Play types,Go Away from Pick,4,Side,P&R Ball Handler > Right P&R > Side > Go Away from Pick,P&R Ball Handler,Right P&R,Side,Go Away from Pick,,,2,40.0,1.0,100.0,50.0,0.0,0,,,,100.0,,1,100.0,0.0,,,1,0,,1,0.0,50.0,1,1,0,100.0,0,0,0.0,2
Kobe Elvis,Ottawa BlackJacks,2026-2027,offense,Play types,Defense Commits,5,Go Away from Pick,P&R Ball Handler > Right P&R > Side > Go Away from Pick > Defense Commits,P&R Ball Handler,Right P&R,Side,Go Away from Pick,Defense Commits,,1,50.0,0.0,,100.0,0.0,0,,,,,,0,,0.0,,,0,0,,0,,0.0,0,0,0,,0,0,,0
Kobe Elvis,Ottawa BlackJacks,2026-2027,offense,Play types,To Basket,5,Go Away from Pick,P&R Ball Handler > Right P&R > Side > Go Away from Pick > To Basket,P&R Ball Handler,Right P&R,Side,Go Away from Pick,To Basket,,1,50.0,2.0,100.0,0.0,0.0,0,,,,100.0,,1,100.0,0.0,,,1,0,,1,0.0,100.0,1,1,0,100.0,0,0,0.0,2
Kobe Elvis,Ottawa BlackJacks,2026-2027,offense,Play types,Baseline,3,Right P&R,P&R Ball Handler > Right P&R > Baseline,P&R Ball Handler,Right P&R,Baseline,,,,3,37.5,0.667,34.7,0.0,33.3,2,0.0,,,0.0,,2,0.0,0.0,,,0,2,,3,1.0,33.3,0,0,0,,0,2,1.0,2
Kobe Elvis,Ottawa BlackJacks,2026-2027,offense,Play types,Dribble Off Pick,4,Baseline,P&R Ball Handler > Right P&R > Baseline > Dribble Off Pick,P&R Ball Handler,Right P&R,Baseline,Dribble Off Pick,,,3,100.0,0.667,34.7,0.0,33.3,2,0.0,,,0.0,,2,0.0,0.0,,,0,2,,3,1.0,33.3,0,0,0,,0,2,1.0,2
Kobe Elvis,Ottawa BlackJacks,2026-2027,offense,Play types,Dribble Jumper,5,Dribble Off Pick,P&R Ball Handler > Right P&R > Baseline > Dribble Off Pick > Dribble Jumper,P&R Ball Handler,Right P&R,Baseline,Dribble Off Pick,Dribble Jumper,,2,66.7,0.0,0.0,0.0,0.0,2,0.0,,,0.0,,2,0.0,0.0,,,0,2,,2,0.0,0.0,0,0,0,,0,2,1.0,0
Kobe Elvis,Ottawa BlackJacks,2026-2027,offense,Play types,Foul,5,Dribble Off Pick,P&R Ball Handler > Right P&R > Baseline > Dribble Off Pick > Foul,P&R Ball Handler,Right P&R,Baseline,Dribble Off Pick,Foul,,1,33.3,2.0,113.6,0.0,100.0,0,,,,,,0,,0.0,,,0,0,,1,,100.0,0,0,0,,0,0,,2
Kobe Elvis,Ottawa BlackJacks,2026-2027,offense,Play types,Left P&R,2,P&R Ball Handler,P&R Ball Handler > Left P&R,P&R Ball Handler,Left P&R,,,,,4,7.7,1.0,66.7,25.0,0.0,0,,,,66.7,,3,66.7,0.0,,,2,1,,3,0.0,50.0,3,2,1,66.7,0,0,0.0,4
Kobe Elvis,Ottawa BlackJacks,2026-2027,offense,Play types,Baseline,3,Left P&R,P&R Ball Handler > Left P&R > Baseline,P&R Ball Handler,Left P&R,Baseline,,,,2,50.0,1.0,50.0,0.0,0.0,0,,,,50.0,,2,50.0,0.0,,,1,1,,2,0.0,50.0,2,1,1,50.0,0,0,0.0,2
Kobe Elvis,Ottawa BlackJacks,2026-2027,offense,Play types,Dribble Off Pick,4,Baseline,P&R Ball Handler > Left P&R > Baseline > Dribble Off Pick,P&R Ball Handler,Left P&R,Baseline,Dribble Off Pick,,,2,100.0,1.0,50.0,0.0,0.0,0,,,,50.0,,2,50.0,0.0,,,1,1,,2,0.0,50.0,2,1,1,50.0,0,0,0.0,2
Kobe Elvis,Ottawa BlackJacks,2026-2027,offense,Play types,Dribble Jumper,5,Dribble Off Pick,P&R Ball Handler > Left P&R > Baseline > Dribble Off Pick > Dribble Jumper,P&R Ball Handler,Left P&R,Baseline,Dribble Off Pick,Dribble Jumper,,1,50.0,2.0,100.0,0.0,0.0,0,,,,100.0,,1,100.0,0.0,,,1,0,,1,0.0,100.0,1,1,0,100.0,0,0,0.0,2
Kobe Elvis,Ottawa BlackJacks,2026-2027,offense,Play types,To Basket,5,Dribble Off Pick,P&R Ball Handler > Left P&R > Baseline > Dribble Off Pick > To Basket,P&R Ball Handler,Left P&R,Baseline,Dribble Off Pick,To Basket,,1,50.0,0.0,0.0,0.0,0.0,0,,,,0.0,,1,0.0,0.0,,,0,1,,1,0.0,0.0,1,0,1,0.0,0,0,0.0,0
Kobe Elvis,Ottawa BlackJacks,2026-2027,offense,Play types,Side,3,Left P&R,P&R Ball Handler > Left P&R > Side,P&R Ball Handler,Left P&R,Side,,,,2,50.0,1.0,100.0,50.0,0.0,0,,,,100.0,,1,100.0,0.0,,,1,0,,1,0.0,50.0,1,1,0,100.0,0,0,0.0,2
Kobe Elvis,Ottawa BlackJacks,2026-2027,offense,Play types,Dribble Off Pick,4,Side,P&R Ball Handler > Left P&R > Side > Dribble Off Pick,P&R Ball Handler,Left P&R,Side,Dribble Off Pick,,,1,50.0,0.0,,100.0,0.0,0,,,,,,0,,0.0,,,0,0,,0,,0.0,0,0,0,,0,0,,0
Kobe Elvis,Ottawa BlackJacks,2026-2027,offense,Play types,Defense Commits,5,Dribble Off Pick,P&R Ball Handler > Left P&R > Side > Dribble Off Pick > Defense Commits,P&R Ball Handler,Left P&R,Side,Dribble Off Pick,Defense Commits,,1,100.0,0.0,,100.0,0.0,0,,,,,,0,,0.0,,,0,0,,0,,0.0,0,0,0,,0,0,,0
Kobe Elvis,Ottawa BlackJacks,2026-2027,offense,Play types,Go Away from Pick,4,Side,P&R Ball Handler > Left P&R > Side > Go Away from Pick,P&R Ball Handler,Left P&R,Side,Go Away from Pick,,,1,50.0,2.0,100.0,0.0,0.0,0,,,,100.0,,1,100.0,0.0,,,1,0,,1,0.0,100.0,1,1,0,100.0,0,0,0.0,2
Kobe Elvis,Ottawa BlackJacks,2026-2027,offense,Play types,Dribble Jumper,5,Go Away from Pick,P&R Ball Handler > Left P&R > Side > Go Away from Pick > Dribble Jumper,P&R Ball Handler,Left P&R,Side,Go Away from Pick,Dribble Jumper,,1,100.0,2.0,100.0,0.0,0.0,0,,,,100.0,,1,100.0,0.0,,,1,0,,1,0.0,100.0,1,1,0,100.0,0,0,0.0,2
Kobe Elvis,Ottawa BlackJacks,2026-2027,offense,Play types,Transition,1,,Transition,Transition,,,,,,38,27.1,1.105,61.8,10.5,0.0,26,46.2,Average,48.0,44.1,83.0,34,61.8,0.0,,,15,19,,34,0.0,39.5,8,3,5,37.5,12,14,0.76,42
Kobe Elvis,Ottawa BlackJacks,2026-2027,offense,Play types,Left Wing,2,Transition,Transition > Left Wing,Transition,Left Wing,,,,,13,34.2,1.385,75.0,7.7,0.0,10,60.0,,,50.0,,12,75.0,0.0,,,6,6,,12,0.0,46.2,2,0,2,0.0,6,4,0.83,18
Kobe Elvis,Ottawa BlackJacks,2026-2027,offense,Play types,No Dribble Jumper,3,Left Wing,Transition > Left Wing > No Dribble Jumper,Transition,Left Wing,No Dribble Jumper,,,,9,69.2,1.667,83.3,0.0,0.0,9,55.6,,,55.6,,9,83.3,0.0,,,5,4,,9,0.0,55.6,0,0,0,,5,4,1.0,15
Kobe Elvis,Ottawa BlackJacks,2026-2027,offense,Play types,Guarded,4,No Dribble Jumper,Transition > Left Wing > No Dribble Jumper > Guarded,Transition,Left Wing,No Dribble Jumper,Guarded,,,7,77.8,1.714,85.7,0.0,0.0,7,57.1,,,57.1,,7,85.7,0.0,,,4,3,,7,0.0,57.1,0,0,0,,4,3,1.0,12
Kobe Elvis,Ottawa BlackJacks,2026-2027,offense,Play types,Long/3pt,5,Guarded,Transition > Left Wing > No Dribble Jumper > Guarded > Long/3pt,Transition,Left Wing,No Dribble Jumper,Guarded,Long/3pt,,7,100.0,1.714,85.7,0.0,0.0,7,57.1,,,57.1,,7,85.7,0.0,,,4,3,,7,0.0,57.1,0,0,0,,4,3,1.0,12
Kobe Elvis,Ottawa BlackJacks,2026-2027,offense,Play types,Open,4,No Dribble Jumper,Transition > Left Wing > No Dribble Jumper > Open,Transition,Left Wing,No Dribble Jumper,Open,,,2,22.2,1.5,75.0,0.0,0.0,2,50.0,,,50.0,,2,75.0,0.0,,,1,1,,2,0.0,50.0,0,0,0,,1,1,1.0,3
Kobe Elvis,Ottawa BlackJacks,2026-2027,offense,Play types,Long/3pt,5,Open,Transition > Left Wing > No Dribble Jumper > Open > Long/3pt,Transition,Left Wing,No Dribble Jumper,Open,Long/3pt,,2,100.0,1.5,75.0,0.0,0.0,2,50.0,,,50.0,,2,75.0,0.0,,,1,1,,2,0.0,50.0,0,0,0,,1,1,1.0,3
Kobe Elvis,Ottawa BlackJacks,2026-2027,offense,Play types,To Basket,3,Left Wing,Transition > Left Wing > To Basket,Transition,Left Wing,To Basket,,,,2,15.4,0.0,0.0,0.0,0.0,0,,,,0.0,,2,0.0,0.0,,,0,2,,2,0.0,0.0,2,0,2,0.0,0,0,0.0,0
Kobe Elvis,Ottawa BlackJacks,2026-2027,offense,Play types,Miss 2 Pts,4,To Basket,Transition > Left Wing > To Basket > Miss 2 Pts,Transition,Left Wing,To Basket,Miss 2 Pts,,,2,100.0,0.0,0.0,0.0,0.0,0,,,,0.0,,2,0.0,0.0,,,0,2,,2,0.0,0.0,2,0,2,0.0,0,0,0.0,0
Kobe Elvis,Ottawa BlackJacks,2026-2027,offense,Play types,Dribble Jumper,3,Left Wing,Transition > Left Wing > Dribble Jumper,Transition,Left Wing,Dribble Jumper,,,,1,7.7,3.0,150.0,0.0,0.0,1,100.0,,,100.0,,1,150.0,0.0,,,1,0,,1,0.0,100.0,0,0,0,,1,0,1.0,3
Kobe Elvis,Ottawa BlackJacks,2026-2027,offense,Play types,Long/3pt,4,Dribble Jumper,Transition > Left Wing > Dribble Jumper > Long/3pt,Transition,Left Wing,Dribble Jumper,Long/3pt,,,1,100.0,3.0,150.0,0.0,0.0,1,100.0,,,100.0,,1,150.0,0.0,,,1,0,,1,0.0,100.0,0,0,0,,1,0,1.0,3
Kobe Elvis,Ottawa BlackJacks,2026-2027,offense,Play types,Make 3 Pts,5,Long/3pt,Transition > Left Wing > Dribble Jumper > Long/3pt > Make 3 Pts,Transition,Left Wing,Dribble Jumper,Long/3pt,Make 3 Pts,,1,100.0,3.0,150.0,0.0,0.0,1,100.0,,,100.0,,1,150.0,0.0,,,1,0,,1,0.0,100.0,0,0,0,,1,0,1.0,3
Kobe Elvis,Ottawa BlackJacks,2026-2027,offense,Play types,Turnover,3,Left Wing,Transition > Left Wing > Turnover,Transition,Left Wing,Turnover,,,,1,7.7,0.0,,100.0,0.0,0,,,,,,0,,0.0,,,0,0,,0,,0.0,0,0,0,,0,0,,0
Kobe Elvis,Ottawa BlackJacks,2026-2027,offense,Play types,Right Wing,2,Transition,Transition > Right Wing,Transition,Right Wing,,,,,10,26.3,1.4,70.0,0.0,0.0,8,50.0,,,50.0,,10,70.0,0.0,,,5,5,,10,0.0,50.0,2,1,1,50.0,4,4,0.8,14
Kobe Elvis,Ottawa BlackJacks,2026-2027,offense,Play types,No Dribble Jumper,3,Right Wing,Transition > Right Wing > No Dribble Jumper,Transition,Right Wing,No Dribble Jumper,,,,6,60.0,1.5,75.0,0.0,0.0,6,50.0,,,50.0,,6,75.0,0.0,,,3,3,,6,0.0,50.0,0,0,0,,3,3,1.0,9
Kobe Elvis,Ottawa BlackJacks,2026-2027,offense,Play types,Guarded,4,No Dribble Jumper,Transition > Right Wing > No Dribble Jumper > Guarded,Transition,Right Wing,No Dribble Jumper,Guarded,,,3,50.0,1.0,50.0,0.0,0.0,3,33.3,,,33.3,,3,50.0,0.0,,,1,2,,3,0.0,33.3,0,0,0,,1,2,1.0,3
Kobe Elvis,Ottawa BlackJacks,2026-2027,offense,Play types,Long/3pt,5,Guarded,Transition > Right Wing > No Dribble Jumper > Guarded > Long/3pt,Transition,Right Wing,No Dribble Jumper,Guarded,Long/3pt,,3,100.0,1.0,50.0,0.0,0.0,3,33.3,,,33.3,,3,50.0,0.0,,,1,2,,3,0.0,33.3,0,0,0,,1,2,1.0,3
Kobe Elvis,Ottawa BlackJacks,2026-2027,offense,Play types,Open,4,No Dribble Jumper,Transition > Right Wing > No Dribble Jumper > Open,Transition,Right Wing,No Dribble Jumper,Open,,,3,50.0,2.0,100.0,0.0,0.0,3,66.7,,,66.7,,3,100.0,0.0,,,2,1,,3,0.0,66.7,0,0,0,,2,1,1.0,6
Kobe Elvis,Ottawa BlackJacks,2026-2027,offense,Play types,Long/3pt,5,Open,Transition > Right Wing > No Dribble Jumper > Open > Long/3pt,Transition,Right Wing,No Dribble Jumper,Open,Long/3pt,,3,100.0,2.0,100.0,0.0,0.0,3,66.7,,,66.7,,3,100.0,0.0,,,2,1,,3,0.0,66.7,0,0,0,,2,1,1.0,6
Kobe Elvis,Ottawa BlackJacks,2026-2027,offense,Play types,To Basket,3,Right Wing,Transition > Right Wing > To Basket,Transition,Right Wing,To Basket,,,,2,20.0,1.0,50.0,0.0,0.0,0,,,,50.0,,2,50.0,0.0,,,1,1,,2,0.0,50.0,2,1,1,50.0,0,0,0.0,2
Kobe Elvis,Ottawa BlackJacks,2026-2027,offense,Play types,Miss 2 Pts,4,To Basket,Transition > Right Wing > To Basket > Miss 2 Pts,Transition,Right Wing,To Basket,Miss 2 Pts,,,1,50.0,0.0,0.0,0.0,0.0,0,,,,0.0,,1,0.0,0.0,,,0,1,,1,0.0,0.0,1,0,1,0.0,0,0,0.0,0
Kobe Elvis,Ottawa BlackJacks,2026-2027,offense,Play types,Make 2 Pts,4,To Basket,Transition > Right Wing > To Basket > Make 2 Pts,Transition,Right Wing,To Basket,Make 2 Pts,,,1,50.0,2.0,100.0,0.0,0.0,0,,,,100.0,,1,100.0,0.0,,,1,0,,1,0.0,100.0,1,1,0,100.0,0,0,0.0,2
Kobe Elvis,Ottawa BlackJacks,2026-2027,offense,Play types,Dribble Jumper,3,Right Wing,Transition > Right Wing > Dribble Jumper,Transition,Right Wing,Dribble Jumper,,,,2,20.0,1.5,75.0,0.0,0.0,2,50.0,,,50.0,,2,75.0,0.0,,,1,1,,2,0.0,50.0,0,0,0,,1,1,1.0,3
Kobe Elvis,Ottawa BlackJacks,2026-2027,offense,Play types,Long/3pt,4,Dribble Jumper,Transition > Right Wing > Dribble Jumper > Long/3pt,Transition,Right Wing,Dribble Jumper,Long/3pt,,,2,100.0,1.5,75.0,0.0,0.0,2,50.0,,,50.0,,2,75.0,0.0,,,1,1,,2,0.0,50.0,0,0,0,,1,1,1.0,3
Kobe Elvis,Ottawa BlackJacks,2026-2027,offense,Play types,Miss 3 Pts,5,Long/3pt,Transition > Right Wing > Dribble Jumper > Long/3pt > Miss 3 Pts,Transition,Right Wing,Dribble Jumper,Long/3pt,Miss 3 Pts,,1,50.0,0.0,0.0,0.0,0.0,1,0.0,,,0.0,,1,0.0,0.0,,,0,1,,1,0.0,0.0,0,0,0,,0,1,1.0,0
Kobe Elvis,Ottawa BlackJacks,2026-2027,offense,Play types,Make 3 Pts,5,Long/3pt,Transition > Right Wing > Dribble Jumper > Long/3pt > Make 3 Pts,Transition,Right Wing,Dribble Jumper,Long/3pt,Make 3 Pts,,1,50.0,3.0,150.0,0.0,0.0,1,100.0,,,100.0,,1,150.0,0.0,,,1,0,,1,0.0,100.0,0,0,0,,1,0,1.0,3
Kobe Elvis,Ottawa BlackJacks,2026-2027,offense,Play types,Ballhandler,2,Transition,Transition > Ballhandler,Transition,Ballhandler,,,,,10,26.3,0.8,57.1,30.0,0.0,5,40.0,,,42.9,,7,57.1,0.0,,,3,4,,7,0.0,30.0,2,1,1,50.0,2,3,0.71,8
Kobe Elvis,Ottawa BlackJacks,2026-2027,offense,Play types,Dribble Jumper,3,Ballhandler,Transition > Ballhandler > Dribble Jumper,Transition,Ballhandler,Dribble Jumper,,,,5,50.0,1.2,60.0,0.0,0.0,5,40.0,,,40.0,,5,60.0,0.0,,,2,3,,5,0.0,40.0,0,0,0,,2,3,1.0,6
Kobe Elvis,Ottawa BlackJacks,2026-2027,offense,Play types,Long/3pt,4,Dribble Jumper,Transition > Ballhandler > Dribble Jumper > Long/3pt,Transition,Ballhandler,Dribble Jumper,Long/3pt,,,5,100.0,1.2,60.0,0.0,0.0,5,40.0,,,40.0,,5,60.0,0.0,,,2,3,,5,0.0,40.0,0,0,0,,2,3,1.0,6
Kobe Elvis,Ottawa BlackJacks,2026-2027,offense,Play types,Miss 3 Pts,5,Long/3pt,Transition > Ballhandler > Dribble Jumper > Long/3pt > Miss 3 Pts,Transition,Ballhandler,Dribble Jumper,Long/3pt,Miss 3 Pts,,3,60.0,0.0,0.0,0.0,0.0,3,0.0,,,0.0,,3,0.0,0.0,,,0,3,,3,0.0,0.0,0,0,0,,0,3,1.0,0
Kobe Elvis,Ottawa BlackJacks,2026-2027,offense,Play types,Make 3 Pts,5,Long/3pt,Transition > Ballhandler > Dribble Jumper > Long/3pt > Make 3 Pts,Transition,Ballhandler,Dribble Jumper,Long/3pt,Make 3 Pts,,2,40.0,3.0,150.0,0.0,0.0,2,100.0,,,100.0,,2,150.0,0.0,,,2,0,,2,0.0,100.0,0,0,0,,2,0,1.0,6
Kobe Elvis,Ottawa BlackJacks,2026-2027,offense,Play types,Turnover,3,Ballhandler,Transition > Ballhandler > Turnover,Transition,Ballhandler,Turnover,,,,3,30.0,0.0,,100.0,0.0,0,,,,,,0,,0.0,,,0,0,,0,,0.0,0,0,0,,0,0,,0
Kobe Elvis,Ottawa BlackJacks,2026-2027,offense,Play types,To Basket,3,Ballhandler,Transition > Ballhandler > To Basket,Transition,Ballhandler,To Basket,,,,2,20.0,1.0,50.0,0.0,0.0,0,,,,50.0,,2,50.0,0.0,,,1,1,,2,0.0,50.0,2,1,1,50.0,0,0,0.0,2
Kobe Elvis,Ottawa BlackJacks,2026-2027,offense,Play types,Make 2 Pts,4,To Basket,Transition > Ballhandler > To Basket > Make 2 Pts,Transition,Ballhandler,To Basket,Make 2 Pts,,,1,50.0,2.0,100.0,0.0,0.0,0,,,,100.0,,1,100.0,0.0,,,1,0,,1,0.0,100.0,1,1,0,100.0,0,0,0.0,2
Kobe Elvis,Ottawa BlackJacks,2026-2027,offense,Play types,Miss 2 Pts,4,To Basket,Transition > Ballhandler > To Basket > Miss 2 Pts,Transition,Ballhandler,To Basket,Miss 2 Pts,,,1,50.0,0.0,0.0,0.0,0.0,0,,,,0.0,,1,0.0,0.0,,,0,1,,1,0.0,0.0,1,0,1,0.0,0,0,0.0,0
Kobe Elvis,Ottawa BlackJacks,2026-2027,offense,Play types,Trailer,2,Transition,Transition > Trailer,Transition,Trailer,,,,,5,13.2,0.4,20.0,0.0,0.0,3,0.0,,,20.0,,5,20.0,0.0,,,1,4,,5,0.0,20.0,2,1,1,50.0,0,3,0.6,2
Kobe Elvis,Ottawa BlackJacks,2026-2027,offense,Play types,No Dribble Jumper,3,Trailer,Transition > Trailer > No Dribble Jumper,Transition,Trailer,No Dribble Jumper,,,,3,60.0,0.0,0.0,0.0,0.0,3,0.0,,,0.0,,3,0.0,0.0,,,0,3,,3,0.0,0.0,0,0,0,,0,3,1.0,0
Kobe Elvis,Ottawa BlackJacks,2026-2027,offense,Play types,Open,4,No Dribble Jumper,Transition > Trailer > No Dribble Jumper > Open,Transition,Trailer,No Dribble Jumper,Open,,,3,100.0,0.0,0.0,0.0,0.0,3,0.0,,,0.0,,3,0.0,0.0,,,0,3,,3,0.0,0.0,0,0,0,,0,3,1.0,0
Kobe Elvis,Ottawa BlackJacks,2026-2027,offense,Play types,Long/3pt,5,Open,Transition > Trailer > No Dribble Jumper > Open > Long/3pt,Transition,Trailer,No Dribble Jumper,Open,Long/3pt,,3,100.0,0.0,0.0,0.0,0.0,3,0.0,,,0.0,,3,0.0,0.0,,,0,3,,3,0.0,0.0,0,0,0,,0,3,1.0,0
Kobe Elvis,Ottawa BlackJacks,2026-2027,offense,Play types,To Basket,3,Trailer,Transition > Trailer > To Basket,Transition,Trailer,To Basket,,,,2,40.0,1.0,50.0,0.0,0.0,0,,,,50.0,,2,50.0,0.0,,,1,1,,2,0.0,50.0,2,1,1,50.0,0,0,0.0,2
Kobe Elvis,Ottawa BlackJacks,2026-2027,offense,Play types,Miss 2 Pts,4,To Basket,Transition > Trailer > To Basket > Miss 2 Pts,Transition,Trailer,To Basket,Miss 2 Pts,,,1,50.0,0.0,0.0,0.0,0.0,0,,,,0.0,,1,0.0,0.0,,,0,1,,1,0.0,0.0,1,0,1,0.0,0,0,0.0,0
Kobe Elvis,Ottawa BlackJacks,2026-2027,offense,Play types,Make 2 Pts,4,To Basket,Transition > Trailer > To Basket > Make 2 Pts,Transition,Trailer,To Basket,Make 2 Pts,,,1,50.0,2.0,100.0,0.0,0.0,0,,,,100.0,,1,100.0,0.0,,,1,0,,1,0.0,100.0,1,1,0,100.0,0,0,0.0,2
Kobe Elvis,Ottawa BlackJacks,2026-2027,offense,Play types,Spot Up,1,,Spot Up,Spot Up,,,,,,27,19.3,1.148,57.9,0.0,7.4,20,40.0,Very Good,78.0,40.0,27.0,25,56.0,3.7,,,10,15,,27,0.16,44.4,5,2,3,40.0,8,12,0.8,31
Kobe Elvis,Ottawa BlackJacks,2026-2027,offense,Play types,No Dribble Jumper,2,Spot Up,Spot Up > No Dribble Jumper,Spot Up,No Dribble Jumper,,,,,17,63.0,1.235,61.8,0.0,0.0,17,41.2,,,41.2,,17,61.8,0.0,,,7,10,,17,0.0,41.2,0,0,0,,7,10,1.0,21
Kobe Elvis,Ottawa BlackJacks,2026-2027,offense,Play types,Guarded,3,No Dribble Jumper,Spot Up > No Dribble Jumper > Guarded,Spot Up,No Dribble Jumper,Guarded,,,,9,52.9,1.0,50.0,0.0,0.0,9,33.3,,,33.3,,9,50.0,0.0,,,3,6,,9,0.0,33.3,0,0,0,,3,6,1.0,9
Kobe Elvis,Ottawa BlackJacks,2026-2027,offense,Play types,Long/3pt,4,Guarded,Spot Up > No Dribble Jumper > Guarded > Long/3pt,Spot Up,No Dribble Jumper,Guarded,Long/3pt,,,9,100.0,1.0,50.0,0.0,0.0,9,33.3,,,33.3,,9,50.0,0.0,,,3,6,,9,0.0,33.3,0,0,0,,3,6,1.0,9
Kobe Elvis,Ottawa BlackJacks,2026-2027,offense,Play types,Miss 3 Pts,5,Long/3pt,Spot Up > No Dribble Jumper > Guarded > Long/3pt > Miss 3 Pts,Spot Up,No Dribble Jumper,Guarded,Long/3pt,Miss 3 Pts,,6,66.7,0.0,0.0,0.0,0.0,6,0.0,,,0.0,,6,0.0,0.0,,,0,6,,6,0.0,0.0,0,0,0,,0,6,1.0,0
Kobe Elvis,Ottawa BlackJacks,2026-2027,offense,Play types,Make 3 Pts,5,Long/3pt,Spot Up > No Dribble Jumper > Guarded > Long/3pt > Make 3 Pts,Spot Up,No Dribble Jumper,Guarded,Long/3pt,Make 3 Pts,,3,33.3,3.0,150.0,0.0,0.0,3,100.0,,,100.0,,3,150.0,0.0,,,3,0,,3,0.0,100.0,0,0,0,,3,0,1.0,9
Kobe Elvis,Ottawa BlackJacks,2026-2027,offense,Play types,Open,3,No Dribble Jumper,Spot Up > No Dribble Jumper > Open,Spot Up,No Dribble Jumper,Open,,,,8,47.1,1.5,75.0,0.0,0.0,8,50.0,,,50.0,,8,75.0,0.0,,,4,4,,8,0.0,50.0,0,0,0,,4,4,1.0,12
Kobe Elvis,Ottawa BlackJacks,2026-2027,offense,Play types,Long/3pt,4,Open,Spot Up > No Dribble Jumper > Open > Long/3pt,Spot Up,No Dribble Jumper,Open,Long/3pt,,,8,100.0,1.5,75.0,0.0,0.0,8,50.0,,,50.0,,8,75.0,0.0,,,4,4,,8,0.0,50.0,0,0,0,,4,4,1.0,12
Kobe Elvis,Ottawa BlackJacks,2026-2027,offense,Play types,Miss 3 Pts,5,Long/3pt,Spot Up > No Dribble Jumper > Open > Long/3pt > Miss 3 Pts,Spot Up,No Dribble Jumper,Open,Long/3pt,Miss 3 Pts,,4,50.0,0.0,0.0,0.0,0.0,4,0.0,,,0.0,,4,0.0,0.0,,,0,4,,4,0.0,0.0,0,0,0,,0,4,1.0,0
Kobe Elvis,Ottawa BlackJacks,2026-2027,offense,Play types,Make 3 Pts,5,Long/3pt,Spot Up > No Dribble Jumper > Open > Long/3pt > Make 3 Pts,Spot Up,No Dribble Jumper,Open,Long/3pt,Make 3 Pts,,4,50.0,3.0,150.0,0.0,0.0,4,100.0,,,100.0,,4,150.0,0.0,,,4,0,,4,0.0,100.0,0,0,0,,4,0,1.0,12
Kobe Elvis,Ottawa BlackJacks,2026-2027,offense,Play types,Drives Left,2,Spot Up,Spot Up > Drives Left,Spot Up,Drives Left,,,,,6,22.2,1.333,69.4,0.0,33.3,2,50.0,,,50.0,,4,62.5,16.7,,,2,2,,6,1.0,66.7,2,1,1,50.0,1,1,0.5,8
Kobe Elvis,Ottawa BlackJacks,2026-2027,offense,Play types,Dribble Jumper,3,Drives Left,Spot Up > Drives Left > Dribble Jumper,Spot Up,Drives Left,Dribble Jumper,,,,4,66.7,1.25,62.5,0.0,0.0,2,50.0,,,50.0,,4,62.5,0.0,,,2,2,,4,0.0,50.0,2,1,1,50.0,1,1,0.5,5
Kobe Elvis,Ottawa BlackJacks,2026-2027,offense,Play types,Short to < 17,4,Dribble Jumper,Spot Up > Drives Left > Dribble Jumper > Short to < 17,Spot Up,Drives Left,Dribble Jumper,Short to < 17,,,2,50.0,1.0,50.0,0.0,0.0,0,,,,50.0,,2,50.0,0.0,,,1,1,,2,0.0,50.0,2,1,1,50.0,0,0,0.0,2
Kobe Elvis,Ottawa BlackJacks,2026-2027,offense,Play types,Make 2 Pts,5,Short to < 17,Spot Up > Drives Left > Dribble Jumper > Short to < 17 > Make 2 Pts,Spot Up,Drives Left,Dribble Jumper,Short to < 17,Make 2 Pts,,1,50.0,2.0,100.0,0.0,0.0,0,,,,100.0,,1,100.0,0.0,,,1,0,,1,0.0,100.0,1,1,0,100.0,0,0,0.0,2
Kobe Elvis,Ottawa BlackJacks,2026-2027,offense,Play types,Miss 2 Pts,5,Short to < 17,Spot Up > Drives Left > Dribble Jumper > Short to < 17 > Miss 2 Pts,Spot Up,Drives Left,Dribble Jumper,Short to < 17,Miss 2 Pts,,1,50.0,0.0,0.0,0.0,0.0,0,,,,0.0,,1,0.0,0.0,,,0,1,,1,0.0,0.0,1,0,1,0.0,0,0,0.0,0
Kobe Elvis,Ottawa BlackJacks,2026-2027,offense,Play types,Long/3pt,4,Dribble Jumper,Spot Up > Drives Left > Dribble Jumper > Long/3pt,Spot Up,Drives Left,Dribble Jumper,Long/3pt,,,2,50.0,1.5,75.0,0.0,0.0,2,50.0,,,50.0,,2,75.0,0.0,,,1,1,,2,0.0,50.0,0,0,0,,1,1,1.0,3
Kobe Elvis,Ottawa BlackJacks,2026-2027,offense,Play types,Miss 3 Pts,5,Long/3pt,Spot Up > Drives Left > Dribble Jumper > Long/3pt > Miss 3 Pts,Spot Up,Drives Left,Dribble Jumper,Long/3pt,Miss 3 Pts,,1,50.0,0.0,0.0,0.0,0.0,1,0.0,,,0.0,,1,0.0,0.0,,,0,1,,1,0.0,0.0,0,0,0,,0,1,1.0,0
Kobe Elvis,Ottawa BlackJacks,2026-2027,offense,Play types,Make 3 Pts,5,Long/3pt,Spot Up > Drives Left > Dribble Jumper > Long/3pt > Make 3 Pts,Spot Up,Drives Left,Dribble Jumper,Long/3pt,Make 3 Pts,,1,50.0,3.0,150.0,0.0,0.0,1,100.0,,,100.0,,1,150.0,0.0,,,1,0,,1,0.0,100.0,0,0,0,,1,0,1.0,3
Kobe Elvis,Ottawa BlackJacks,2026-2027,offense,Play types,Foul,3,Drives Left,Spot Up > Drives Left > Foul,Spot Up,Drives Left,Foul,,,,1,16.7,2.0,113.6,0.0,100.0,0,,,,,,0,,0.0,,,0,0,,1,,100.0,0,0,0,,0,0,,2
Kobe Elvis,Ottawa BlackJacks,2026-2027,offense,Play types,To Basket,3,Drives Left,Spot Up > Drives Left > To Basket,Spot Up,Drives Left,To Basket,,,,1,16.7,1.0,56.8,0.0,100.0,0,,,,,,0,,100.0,,,0,0,,1,,100.0,0,0,0,,0,0,,1
Kobe Elvis,Ottawa BlackJacks,2026-2027,offense,Play types,Foul,4,To Basket,Spot Up > Drives Left > To Basket > Foul,Spot Up,Drives Left,To Basket,Foul,,,1,100.0,1.0,56.8,0.0,100.0,0,,,,,,0,,100.0,,,0,0,,1,,100.0,0,0,0,,0,0,,1
Kobe Elvis,Ottawa BlackJacks,2026-2027,offense,Play types,Drives Right,2,Spot Up,Spot Up > Drives Right,Spot Up,Drives Right,,,,,4,14.8,0.5,25.0,0.0,0.0,1,0.0,,,25.0,,4,25.0,0.0,,,1,3,,4,0.0,25.0,3,1,2,33.3,0,1,0.25,2
Kobe Elvis,Ottawa BlackJacks,2026-2027,offense,Play types,Dribble Jumper,3,Drives Right,Spot Up > Drives Right > Dribble Jumper,Spot Up,Drives Right,Dribble Jumper,,,,3,75.0,0.667,33.3,0.0,0.0,1,0.0,,,33.3,,3,33.3,0.0,,,1,2,,3,0.0,33.3,2,1,1,50.0,0,1,0.33,2
Kobe Elvis,Ottawa BlackJacks,2026-2027,offense,Play types,Long/3pt,4,Dribble Jumper,Spot Up > Drives Right > Dribble Jumper > Long/3pt,Spot Up,Drives Right,Dribble Jumper,Long/3pt,,,1,33.3,0.0,0.0,0.0,0.0,1,0.0,,,0.0,,1,0.0,0.0,,,0,1,,1,0.0,0.0,0,0,0,,0,1,1.0,0
Kobe Elvis,Ottawa BlackJacks,2026-2027,offense,Play types,Miss 3 Pts,5,Long/3pt,Spot Up > Drives Right > Dribble Jumper > Long/3pt > Miss 3 Pts,Spot Up,Drives Right,Dribble Jumper,Long/3pt,Miss 3 Pts,,1,100.0,0.0,0.0,0.0,0.0,1,0.0,,,0.0,,1,0.0,0.0,,,0,1,,1,0.0,0.0,0,0,0,,0,1,1.0,0
Kobe Elvis,Ottawa BlackJacks,2026-2027,offense,Play types,Medium/17' to 3pt,4,Dribble Jumper,Spot Up > Drives Right > Dribble Jumper > Medium/17' to 3pt,Spot Up,Drives Right,Dribble Jumper,Medium/17' to 3pt,,,1,33.3,2.0,100.0,0.0,0.0,0,,,,100.0,,1,100.0,0.0,,,1,0,,1,0.0,100.0,1,1,0,100.0,0,0,0.0,2
Kobe Elvis,Ottawa BlackJacks,2026-2027,offense,Play types,Make 2 Pts,5,Medium/17' to 3pt,Spot Up > Drives Right > Dribble Jumper > Medium/17' to 3pt > Make 2 Pts,Spot Up,Drives Right,Dribble Jumper,Medium/17' to 3pt,Make 2 Pts,,1,100.0,2.0,100.0,0.0,0.0,0,,,,100.0,,1,100.0,0.0,,,1,0,,1,0.0,100.0,1,1,0,100.0,0,0,0.0,2
Kobe Elvis,Ottawa BlackJacks,2026-2027,offense,Play types,Short to < 17,4,Dribble Jumper,Spot Up > Drives Right > Dribble Jumper > Short to < 17,Spot Up,Drives Right,Dribble Jumper,Short to < 17,,,1,33.3,0.0,0.0,0.0,0.0,0,,,,0.0,,1,0.0,0.0,,,0,1,,1,0.0,0.0,1,0,1,0.0,0,0,0.0,0
Kobe Elvis,Ottawa BlackJacks,2026-2027,offense,Play types,Miss 2 Pts,5,Short to < 17,Spot Up > Drives Right > Dribble Jumper > Short to < 17 > Miss 2 Pts,Spot Up,Drives Right,Dribble Jumper,Short to < 17,Miss 2 Pts,,1,100.0,0.0,0.0,0.0,0.0,0,,,,0.0,,1,0.0,0.0,,,0,1,,1,0.0,0.0,1,0,1,0.0,0,0,0.0,0
Kobe Elvis,Ottawa BlackJacks,2026-2027,offense,Play types,To Basket,3,Drives Right,Spot Up > Drives Right > To Basket,Spot Up,Drives Right,To Basket,,,,1,25.0,0.0,0.0,0.0,0.0,0,,,,0.0,,1,0.0,0.0,,,0,1,,1,0.0,0.0,1,0,1,0.0,0,0,0.0,0
Kobe Elvis,Ottawa BlackJacks,2026-2027,offense,Play types,Miss 2 Pts,4,To Basket,Spot Up > Drives Right > To Basket > Miss 2 Pts,Spot Up,Drives Right,To Basket,Miss 2 Pts,,,1,100.0,0.0,0.0,0.0,0.0,0,,,,0.0,,1,0.0,0.0,,,0,1,,1,0.0,0.0,1,0,1,0.0,0,0,0.0,0
Kobe Elvis,Ottawa BlackJacks,2026-2027,offense,Play types,Isolation,1,,Isolation,Isolation,,,,,,9,6.4,1.222,69.8,11.1,11.1,4,75.0,,,42.9,,7,64.3,0.0,,,3,4,,8,0.29,44.4,3,0,3,0.0,3,1,0.57,11
Kobe Elvis,Ottawa BlackJacks,2026-2027,offense,Play types,Isolation - Overall,2,Isolation,Isolation > Isolation - Overall,Isolation,Isolation - Overall,,,,,9,100.0,1.222,69.8,11.1,11.1,4,75.0,,,42.9,,7,64.3,0.0,,,3,4,,8,0.29,44.4,3,0,3,0.0,3,1,0.57,11
Kobe Elvis,Ottawa BlackJacks,2026-2027,offense,Play types,Drives Right,3,Isolation - Overall,Isolation > Isolation - Overall > Drives Right,Isolation,Isolation - Overall,Drives Right,,,,4,44.4,0.75,37.5,0.0,0.0,1,100.0,,,25.0,,4,37.5,0.0,,,1,3,,4,0.0,25.0,3,0,3,0.0,1,0,0.25,3
Kobe Elvis,Ottawa BlackJacks,2026-2027,offense,Play types,Early Jumper,3,Isolation - Overall,Isolation > Isolation - Overall > Early Jumper,Isolation,Isolation - Overall,Early Jumper,,,,3,33.3,2.0,100.0,0.0,0.0,3,66.7,,,66.7,,3,100.0,0.0,,,2,1,,3,0.0,66.7,0,0,0,,2,1,1.0,6
Kobe Elvis,Ottawa BlackJacks,2026-2027,offense,Play types,Drives Left,3,Isolation - Overall,Isolation > Isolation - Overall > Drives Left,Isolation,Isolation - Overall,Drives Left,,,,1,11.1,0.0,,100.0,0.0,0,,,,,,0,,0.0,,,0,0,,0,,0.0,0,0,0,,0,0,,0
Kobe Elvis,Ottawa BlackJacks,2026-2027,offense,Play types,Foul,3,Isolation - Overall,Isolation > Isolation - Overall > Foul,Isolation,Isolation - Overall,Foul,,,,1,11.1,2.0,113.6,0.0,100.0,0,,,,,,0,,0.0,,,0,0,,1,,100.0,0,0,0,,0,0,,2
Kobe Elvis,Ottawa BlackJacks,2026-2027,offense,Play types,Left,2,Isolation,Isolation > Left,Isolation,Left,,,,,4,44.4,0.5,34.7,25.0,25.0,1,0.0,,,0.0,,2,0.0,0.0,,,0,2,,3,1.0,25.0,1,0,1,0.0,0,1,0.5,2
Kobe Elvis,Ottawa BlackJacks,2026-2027,offense,Play types,Foul,3,Left,Isolation > Left > Foul,Isolation,Left,Foul,,,,1,25.0,2.0,113.6,0.0,100.0,0,,,,,,0,,0.0,,,0,0,,1,,100.0,0,0,0,,0,0,,2
Kobe Elvis,Ottawa BlackJacks,2026-2027,offense,Play types,Drives Left,3,Left,Isolation > Left > Drives Left,Isolation,Left,Drives Left,,,,1,25.0,0.0,,100.0,0.0,0,,,,,,0,,0.0,,,0,0,,0,,0.0,0,0,0,,0,0,,0
Kobe Elvis,Ottawa BlackJacks,2026-2027,offense,Play types,Turnover,4,Drives Left,Isolation > Left > Drives Left > Turnover,Isolation,Left,Drives Left,Turnover,,,1,100.0,0.0,,100.0,0.0,0,,,,,,0,,0.0,,,0,0,,0,,0.0,0,0,0,,0,0,,0
Kobe Elvis,Ottawa BlackJacks,2026-2027,offense,Play types,Early Jumper,3,Left,Isolation > Left > Early Jumper,Isolation,Left,Early Jumper,,,,1,25.0,0.0,0.0,0.0,0.0,1,0.0,,,0.0,,1,0.0,0.0,,,0,1,,1,0.0,0.0,0,0,0,,0,1,1.0,0
Kobe Elvis,Ottawa BlackJacks,2026-2027,offense,Play types,Dribble Jumper,4,Early Jumper,Isolation > Left > Early Jumper > Dribble Jumper,Isolation,Left,Early Jumper,Dribble Jumper,,,1,100.0,0.0,0.0,0.0,0.0,1,0.0,,,0.0,,1,0.0,0.0,,,0,1,,1,0.0,0.0,0,0,0,,0,1,1.0,0
Kobe Elvis,Ottawa BlackJacks,2026-2027,offense,Play types,Long/3pt,5,Dribble Jumper,Isolation > Left > Early Jumper > Dribble Jumper > Long/3pt,Isolation,Left,Early Jumper,Dribble Jumper,Long/3pt,,1,100.0,0.0,0.0,0.0,0.0,1,0.0,,,0.0,,1,0.0,0.0,,,0,1,,1,0.0,0.0,0,0,0,,0,1,1.0,0
Kobe Elvis,Ottawa BlackJacks,2026-2027,offense,Play types,Drives Right,3,Left,Isolation > Left > Drives Right,Isolation,Left,Drives Right,,,,1,25.0,0.0,0.0,0.0,0.0,0,,,,0.0,,1,0.0,0.0,,,0,1,,1,0.0,0.0,1,0,1,0.0,0,0,0.0,0
Kobe Elvis,Ottawa BlackJacks,2026-2027,offense,Play types,Dribble Jumper,4,Drives Right,Isolation > Left > Drives Right > Dribble Jumper,Isolation,Left,Drives Right,Dribble Jumper,,,1,100.0,0.0,0.0,0.0,0.0,0,,,,0.0,,1,0.0,0.0,,,0,1,,1,0.0,0.0,1,0,1,0.0,0,0,0.0,0
Kobe Elvis,Ottawa BlackJacks,2026-2027,offense,Play types,Short to < 17,5,Dribble Jumper,Isolation > Left > Drives Right > Dribble Jumper > Short to < 17,Isolation,Left,Drives Right,Dribble Jumper,Short to < 17,,1,100.0,0.0,0.0,0.0,0.0,0,,,,0.0,,1,0.0,0.0,,,0,1,,1,0.0,0.0,1,0,1,0.0,0,0,0.0,0
Kobe Elvis,Ottawa BlackJacks,2026-2027,offense,Play types,Top,2,Isolation,Isolation > Top,Isolation,Top,,,,,4,44.4,2.25,112.5,0.0,0.0,3,100.0,,,75.0,,4,112.5,0.0,,,3,1,,4,0.0,75.0,1,0,1,0.0,3,0,0.75,9
Kobe Elvis,Ottawa BlackJacks,2026-2027,offense,Play types,Drives Right,3,Top,Isolation > Top > Drives Right,Isolation,Top,Drives Right,,,,2,50.0,1.5,75.0,0.0,0.0,1,100.0,,,50.0,,2,75.0,0.0,,,1,1,,2,0.0,50.0,1,0,1,0.0,1,0,0.5,3
Kobe Elvis,Ottawa BlackJacks,2026-2027,offense,Play types,Dribble Jumper,4,Drives Right,Isolation > Top > Drives Right > Dribble Jumper,Isolation,Top,Drives Right,Dribble Jumper,,,2,100.0,1.5,75.0,0.0,0.0,1,100.0,,,50.0,,2,75.0,0.0,,,1,1,,2,0.0,50.0,1,0,1,0.0,1,0,0.5,3
Kobe Elvis,Ottawa BlackJacks,2026-2027,offense,Play types,Long/3pt,5,Dribble Jumper,Isolation > Top > Drives Right > Dribble Jumper > Long/3pt,Isolation,Top,Drives Right,Dribble Jumper,Long/3pt,,1,50.0,3.0,150.0,0.0,0.0,1,100.0,,,100.0,,1,150.0,0.0,,,1,0,,1,0.0,100.0,0,0,0,,1,0,1.0,3
Kobe Elvis,Ottawa BlackJacks,2026-2027,offense,Play types,Short to < 17,5,Dribble Jumper,Isolation > Top > Drives Right > Dribble Jumper > Short to < 17,Isolation,Top,Drives Right,Dribble Jumper,Short to < 17,,1,50.0,0.0,0.0,0.0,0.0,0,,,,0.0,,1,0.0,0.0,,,0,1,,1,0.0,0.0,1,0,1,0.0,0,0,0.0,0
Kobe Elvis,Ottawa BlackJacks,2026-2027,offense,Play types,Early Jumper,3,Top,Isolation > Top > Early Jumper,Isolation,Top,Early Jumper,,,,2,50.0,3.0,150.0,0.0,0.0,2,100.0,,,100.0,,2,150.0,0.0,,,2,0,,2,0.0,100.0,0,0,0,,2,0,1.0,6
Kobe Elvis,Ottawa BlackJacks,2026-2027,offense,Play types,Dribble Jumper,4,Early Jumper,Isolation > Top > Early Jumper > Dribble Jumper,Isolation,Top,Early Jumper,Dribble Jumper,,,2,100.0,3.0,150.0,0.0,0.0,2,100.0,,,100.0,,2,150.0,0.0,,,2,0,,2,0.0,100.0,0,0,0,,2,0,1.0,6
Kobe Elvis,Ottawa BlackJacks,2026-2027,offense,Play types,Long/3pt,5,Dribble Jumper,Isolation > Top > Early Jumper > Dribble Jumper > Long/3pt,Isolation,Top,Early Jumper,Dribble Jumper,Long/3pt,,2,100.0,3.0,150.0,0.0,0.0,2,100.0,,,100.0,,2,150.0,0.0,,,2,0,,2,0.0,100.0,0,0,0,,2,0,1.0,6
Kobe Elvis,Ottawa BlackJacks,2026-2027,offense,Play types,Right,2,Isolation,Isolation > Right,Isolation,Right,,,,,1,11.1,0.0,0.0,0.0,0.0,0,,,,0.0,,1,0.0,0.0,,,0,1,,1,0.0,0.0,1,0,1,0.0,0,0,0.0,0
Kobe Elvis,Ottawa BlackJacks,2026-2027,offense,Play types,Drives Right,3,Right,Isolation > Right > Drives Right,Isolation,Right,Drives Right,,,,1,100.0,0.0,0.0,0.0,0.0,0,,,,0.0,,1,0.0,0.0,,,0,1,,1,0.0,0.0,1,0,1,0.0,0,0,0.0,0
Kobe Elvis,Ottawa BlackJacks,2026-2027,offense,Play types,Dribble Jumper,4,Drives Right,Isolation > Right > Drives Right > Dribble Jumper,Isolation,Right,Drives Right,Dribble Jumper,,,1,100.0,0.0,0.0,0.0,0.0,0,,,,0.0,,1,0.0,0.0,,,0,1,,1,0.0,0.0,1,0,1,0.0,0,0,0.0,0
Kobe Elvis,Ottawa BlackJacks,2026-2027,offense,Play types,Short to < 17,5,Dribble Jumper,Isolation > Right > Drives Right > Dribble Jumper > Short to < 17,Isolation,Right,Drives Right,Dribble Jumper,Short to < 17,,1,100.0,0.0,0.0,0.0,0.0,0,,,,0.0,,1,0.0,0.0,,,0,1,,1,0.0,0.0,1,0,1,0.0,0,0,0.0,0
Kobe Elvis,Ottawa BlackJacks,2026-2027,offense,Play types,Handoffs,1,,Handoffs,Handoffs,,,,,,7,5.0,1.286,75.0,14.3,0.0,4,75.0,,,50.0,,6,75.0,0.0,,,3,3,,6,0.0,42.9,2,0,2,0.0,3,1,0.67,9
Kobe Elvis,Ottawa BlackJacks,2026-2027,offense,Play types,From Dribble,2,Handoffs,Handoffs > From Dribble,Handoffs,From Dribble,,,,,6,85.7,1.5,90.0,16.7,0.0,4,75.0,,,60.0,,5,90.0,0.0,,,3,2,,5,0.0,50.0,1,0,1,0.0,3,1,0.8,9
Kobe Elvis,Ottawa BlackJacks,2026-2027,offense,Play types,Top,3,From Dribble,Handoffs > From Dribble > Top,Handoffs,From Dribble,Top,,,,3,50.0,0.0,0.0,33.3,0.0,1,0.0,,,0.0,,2,0.0,0.0,,,0,2,,2,0.0,0.0,1,0,1,0.0,0,1,0.5,0
Kobe Elvis,Ottawa BlackJacks,2026-2027,offense,Play types,Dribble Jumper,4,Top,Handoffs > From Dribble > Top > Dribble Jumper,Handoffs,From Dribble,Top,Dribble Jumper,,,1,33.3,0.0,0.0,0.0,0.0,1,0.0,,,0.0,,1,0.0,0.0,,,0,1,,1,0.0,0.0,0,0,0,,0,1,1.0,0
Kobe Elvis,Ottawa BlackJacks,2026-2027,offense,Play types,Long/3pt,5,Dribble Jumper,Handoffs > From Dribble > Top > Dribble Jumper > Long/3pt,Handoffs,From Dribble,Top,Dribble Jumper,Long/3pt,,1,100.0,0.0,0.0,0.0,0.0,1,0.0,,,0.0,,1,0.0,0.0,,,0,1,,1,0.0,0.0,0,0,0,,0,1,1.0,0
Kobe Elvis,Ottawa BlackJacks,2026-2027,offense,Play types,To Basket,4,Top,Handoffs > From Dribble > Top > To Basket,Handoffs,From Dribble,Top,To Basket,,,1,33.3,0.0,0.0,0.0,0.0,0,,,,0.0,,1,0.0,0.0,,,0,1,,1,0.0,0.0,1,0,1,0.0,0,0,0.0,0
Kobe Elvis,Ottawa BlackJacks,2026-2027,offense,Play types,Miss 2 Pts,5,To Basket,Handoffs > From Dribble > Top > To Basket > Miss 2 Pts,Handoffs,From Dribble,Top,To Basket,Miss 2 Pts,,1,100.0,0.0,0.0,0.0,0.0,0,,,,0.0,,1,0.0,0.0,,,0,1,,1,0.0,0.0,1,0,1,0.0,0,0,0.0,0
Kobe Elvis,Ottawa BlackJacks,2026-2027,offense,Play types,Turnover,4,Top,Handoffs > From Dribble > Top > Turnover,Handoffs,From Dribble,Top,Turnover,,,1,33.3,0.0,,100.0,0.0,0,,,,,,0,,0.0,,,0,0,,0,,0.0,0,0,0,,0,0,,0
Kobe Elvis,Ottawa BlackJacks,2026-2027,offense,Play types,Left,3,From Dribble,Handoffs > From Dribble > Left,Handoffs,From Dribble,Left,,,,3,50.0,3.0,150.0,0.0,0.0,3,100.0,,,100.0,,3,150.0,0.0,,,3,0,,3,0.0,100.0,0,0,0,,3,0,1.0,9
Kobe Elvis,Ottawa BlackJacks,2026-2027,offense,Play types,Dribble Jumper,4,Left,Handoffs > From Dribble > Left > Dribble Jumper,Handoffs,From Dribble,Left,Dribble Jumper,,,3,100.0,3.0,150.0,0.0,0.0,3,100.0,,,100.0,,3,150.0,0.0,,,3,0,,3,0.0,100.0,0,0,0,,3,0,1.0,9
Kobe Elvis,Ottawa BlackJacks,2026-2027,offense,Play types,Long/3pt,5,Dribble Jumper,Handoffs > From Dribble > Left > Dribble Jumper > Long/3pt,Handoffs,From Dribble,Left,Dribble Jumper,Long/3pt,,3,100.0,3.0,150.0,0.0,0.0,3,100.0,,,100.0,,3,150.0,0.0,,,3,0,,3,0.0,100.0,0,0,0,,3,0,1.0,9
Kobe Elvis,Ottawa BlackJacks,2026-2027,offense,Play types,From Stationary,2,Handoffs,Handoffs > From Stationary,Handoffs,From Stationary,,,,,1,14.3,0.0,0.0,0.0,0.0,0,,,,0.0,,1,0.0,0.0,,,0,1,,1,0.0,0.0,1,0,1,0.0,0,0,0.0,0
Kobe Elvis,Ottawa BlackJacks,2026-2027,offense,Play types,Top,3,From Stationary,Handoffs > From Stationary > Top,Handoffs,From Stationary,Top,,,,1,100.0,0.0,0.0,0.0,0.0,0,,,,0.0,,1,0.0,0.0,,,0,1,,1,0.0,0.0,1,0,1,0.0,0,0,0.0,0
Kobe Elvis,Ottawa BlackJacks,2026-2027,offense,Play types,To Basket,4,Top,Handoffs > From Stationary > Top > To Basket,Handoffs,From Stationary,Top,To Basket,,,1,100.0,0.0,0.0,0.0,0.0,0,,,,0.0,,1,0.0,0.0,,,0,1,,1,0.0,0.0,1,0,1,0.0,0,0,0.0,0
Kobe Elvis,Ottawa BlackJacks,2026-2027,offense,Play types,Miss 2 Pts,5,To Basket,Handoffs > From Stationary > Top > To Basket > Miss 2 Pts,Handoffs,From Stationary,Top,To Basket,Miss 2 Pts,,1,100.0,0.0,0.0,0.0,0.0,0,,,,0.0,,1,0.0,0.0,,,0,1,,1,0.0,0.0,1,0,1,0.0,0,0,0.0,0
Kobe Elvis,Ottawa BlackJacks,2026-2027,offense,Play types,Miscellaneous Plays,1,,Miscellaneous Plays,Miscellaneous Plays,,,,,,3,2.1,1.333,106.4,33.3,33.3,0,,,,100.0,,1,100.0,0.0,,,1,0,,2,2.0,66.7,1,1,0,100.0,0,0,0.0,4
Kobe Elvis,Ottawa BlackJacks,2026-2027,offense,Play types,Foul,2,Miscellaneous Plays,Miscellaneous Plays > Foul,Miscellaneous Plays,Foul,,,,,1,33.3,2.0,113.6,0.0,100.0,0,,,,,,0,,0.0,,,0,0,,1,,100.0,0,0,0,,0,0,,2
Kobe Elvis,Ottawa BlackJacks,2026-2027,offense,Play types,Dribble Jumper,2,Miscellaneous Plays,Miscellaneous Plays > Dribble Jumper,Miscellaneous Plays,Dribble Jumper,,,,,1,33.3,2.0,100.0,0.0,0.0,0,,,,100.0,,1,100.0,0.0,,,1,0,,1,0.0,100.0,1,1,0,100.0,0,0,0.0,2
Kobe Elvis,Ottawa BlackJacks,2026-2027,offense,Play types,Medium/17' to 3pt,3,Dribble Jumper,Miscellaneous Plays > Dribble Jumper > Medium/17' to 3pt,Miscellaneous Plays,Dribble Jumper,Medium/17' to 3pt,,,,1,100.0,2.0,100.0,0.0,0.0,0,,,,100.0,,1,100.0,0.0,,,1,0,,1,0.0,100.0,1,1,0,100.0,0,0,0.0,2
Kobe Elvis,Ottawa BlackJacks,2026-2027,offense,Play types,Make 2 Pts,4,Medium/17' to 3pt,Miscellaneous Plays > Dribble Jumper > Medium/17' to 3pt > Make 2 Pts,Miscellaneous Plays,Dribble Jumper,Medium/17' to 3pt,Make 2 Pts,,,1,100.0,2.0,100.0,0.0,0.0,0,,,,100.0,,1,100.0,0.0,,,1,0,,1,0.0,100.0,1,1,0,100.0,0,0,0.0,2
Kobe Elvis,Ottawa BlackJacks,2026-2027,offense,Play types,Turnover,2,Miscellaneous Plays,Miscellaneous Plays > Turnover,Miscellaneous Plays,Turnover,,,,,1,33.3,0.0,,100.0,0.0,0,,,,,,0,,0.0,,,0,0,,0,,0.0,0,0,0,,0,0,,0
Kobe Elvis,Ottawa BlackJacks,2026-2027,offense,Play types,Offensive Rebounds (Put Backs),1,,Offensive Rebounds (Put Backs),Offensive Rebounds (Put Backs),,,,,,2,1.4,0.0,0.0,0.0,0.0,0,,,,0.0,,2,0.0,0.0,,,0,2,,2,0.0,0.0,2,0,2,0.0,0,0,0.0,0
Kobe Elvis,Ottawa BlackJacks,2026-2027,offense,Play types,Short,2,Offensive Rebounds (Put Backs),Offensive Rebounds (Put Backs) > Short,Offensive Rebounds (Put Backs),Short,,,,,2,100.0,0.0,0.0,0.0,0.0,0,,,,0.0,,2,0.0,0.0,,,0,2,,2,0.0,0.0,2,0,2,0.0,0,0,0.0,0
Kobe Elvis,Ottawa BlackJacks,2026-2027,offense,Play types,Scoring Attempt,3,Short,Offensive Rebounds (Put Backs) > Short > Scoring Attempt,Offensive Rebounds (Put Backs),Short,Scoring Attempt,,,,2,100.0,0.0,0.0,0.0,0.0,0,,,,0.0,,2,0.0,0.0,,,0,2,,2,0.0,0.0,2,0,2,0.0,0,0,0.0,0
Kobe Elvis,Ottawa BlackJacks,2026-2027,offense,Play types,Short to < 17,4,Scoring Attempt,Offensive Rebounds (Put Backs) > Short > Scoring Attempt > Short to < 17,Offensive Rebounds (Put Backs),Short,Scoring Attempt,Short to < 17,,,2,100.0,0.0,0.0,0.0,0.0,0,,,,0.0,,2,0.0,0.0,,,0,2,,2,0.0,0.0,2,0,2,0.0,0,0,0.0,0
Kobe Elvis,Ottawa BlackJacks,2026-2027,offense,Play types,Miss 2 Pts,5,Short to < 17,Offensive Rebounds (Put Backs) > Short > Scoring Attempt > Short to < 17 > Miss 2 Pts,Offensive Rebounds (Put Backs),Short,Scoring Attempt,Short to < 17,Miss 2 Pts,,2,100.0,0.0,0.0,0.0,0.0,0,,,,0.0,,2,0.0,0.0,,,0,2,,2,0.0,0.0,2,0,2,0.0,0,0,0.0,0
Kobe Elvis,Ottawa BlackJacks,2026-2027,offense,Play types,P&R Roll Man,1,,P&R Roll Man,P&R Roll Man,,,,,,1,0.7,0.0,0.0,0.0,0.0,1,0.0,,,0.0,,1,0.0,0.0,,,0,1,,1,0.0,0.0,0,0,0,,0,1,1.0,0
Kobe Elvis,Ottawa BlackJacks,2026-2027,offense,Play types,Slips the Pick,2,P&R Roll Man,P&R Roll Man > Slips the Pick,P&R Roll Man,Slips the Pick,,,,,1,100.0,0.0,0.0,0.0,0.0,1,0.0,,,0.0,,1,0.0,0.0,,,0,1,,1,0.0,0.0,0,0,0,,0,1,1.0,0
Kobe Elvis,Ottawa BlackJacks,2026-2027,offense,Play types,No Dribble Jumper,3,Slips the Pick,P&R Roll Man > Slips the Pick > No Dribble Jumper,P&R Roll Man,Slips the Pick,No Dribble Jumper,,,,1,100.0,0.0,0.0,0.0,0.0,1,0.0,,,0.0,,1,0.0,0.0,,,0,1,,1,0.0,0.0,0,0,0,,0,1,1.0,0
Kobe Elvis,Ottawa BlackJacks,2026-2027,offense,Play types,Guarded,4,No Dribble Jumper,P&R Roll Man > Slips the Pick > No Dribble Jumper > Guarded,P&R Roll Man,Slips the Pick,No Dribble Jumper,Guarded,,,1,100.0,0.0,0.0,0.0,0.0,1,0.0,,,0.0,,1,0.0,0.0,,,0,1,,1,0.0,0.0,0,0,0,,0,1,1.0,0
Kobe Elvis,Ottawa BlackJacks,2026-2027,offense,Play types,Long/3pt,5,Guarded,P&R Roll Man > Slips the Pick > No Dribble Jumper > Guarded > Long/3pt,P&R Roll Man,Slips the Pick,No Dribble Jumper,Guarded,Long/3pt,,1,100.0,0.0,0.0,0.0,0.0,1,0.0,,,0.0,,1,0.0,0.0,,,0,1,,1,0.0,0.0,0,0,0,,0,1,1.0,0
Kobe Elvis,Ottawa BlackJacks,2026-2027,offense,Play types,Cut,1,,Cut,Cut,,,,,,1,0.7,2.0,100.0,0.0,0.0,0,,,,100.0,,1,100.0,0.0,,,1,0,,1,0.0,100.0,1,1,0,100.0,0,0,0.0,2
Kobe Elvis,Ottawa BlackJacks,2026-2027,offense,Play types,Basket,2,Cut,Cut > Basket,Cut,Basket,,,,,1,100.0,2.0,100.0,0.0,0.0,0,,,,100.0,,1,100.0,0.0,,,1,0,,1,0.0,100.0,1,1,0,100.0,0,0,0.0,2
Kobe Elvis,Ottawa BlackJacks,2026-2027,offense,Play types,Make 2 Pts,3,Basket,Cut > Basket > Make 2 Pts,Cut,Basket,Make 2 Pts,,,,1,100.0,2.0,100.0,0.0,0.0,0,,,,100.0,,1,100.0,0.0,,,1,0,,1,0.0,100.0,1,1,0,100.0,0,0,0.0,2
Kobe Elvis,Ottawa BlackJacks,2026-2027,offense,Play types,Post-Up,1,,Post-Up,Post-Up,,,,,,0,0.0,,,,,0,,,,,,0,,,,,0,0,,0,,,0,0,0,,0,0,,0
Kobe Elvis,Ottawa BlackJacks,2026-2027,offense,Play types,Off Screen,1,,Off Screen,Off Screen,,,,,,0,0.0,,,,,0,,,,,,0,,,,,0,0,,0,,,0,0,0,,0,0,,0
Kobe Elvis,Ottawa BlackJacks,2026-2027,offense,Overall Drive Direction,Overall,1,,Overall,Overall,,,,,,15,10.7,0.867,47.2,6.7,13.3,4,50.0,,,33.3,,12,41.7,6.7,,,4,8,,14,0.33,40.0,8,2,6,25.0,2,2,0.33,13
Kobe Elvis,Ottawa BlackJacks,2026-2027,offense,Overall Drive Direction,Drives Right,2,Overall,Overall > Drives Right,Overall,Drives Right,,,,,8,53.3,0.625,31.3,0.0,0.0,2,50.0,,,25.0,,8,31.3,0.0,,,2,6,,8,0.0,25.0,6,1,5,16.7,1,1,0.25,5
Kobe Elvis,Ottawa BlackJacks,2026-2027,offense,Overall Drive Direction,Dribble Jumper,3,Drives Right,Overall > Drives Right > Dribble Jumper,Overall,Drives Right,Dribble Jumper,,,,7,87.5,0.714,35.7,0.0,0.0,2,50.0,,,28.6,,7,35.7,0.0,,,2,5,,7,0.0,28.6,5,1,4,20.0,1,1,0.29,5
Kobe Elvis,Ottawa BlackJacks,2026-2027,offense,Overall Drive Direction,To Basket,3,Drives Right,Overall > Drives Right > To Basket,Overall,Drives Right,To Basket,,,,1,12.5,0.0,0.0,0.0,0.0,0,,,,0.0,,1,0.0,0.0,,,0,1,,1,0.0,0.0,1,0,1,0.0,0,0,0.0,0
Kobe Elvis,Ottawa BlackJacks,2026-2027,offense,Overall Drive Direction,Turnover,3,Drives Right,Overall > Drives Right > Turnover,Overall,Drives Right,Turnover,,,,0,0.0,,,,,0,,,,,,0,,,,,0,0,,0,,,0,0,0,,0,0,,0
Kobe Elvis,Ottawa BlackJacks,2026-2027,offense,Overall Drive Direction,Foul,3,Drives Right,Overall > Drives Right > Foul,Overall,Drives Right,Foul,,,,0,0.0,,,,,0,,,,,,0,,,,,0,0,,0,,,0,0,0,,0,0,,0
Kobe Elvis,Ottawa BlackJacks,2026-2027,offense,Overall Drive Direction,Defense Commits,3,Drives Right,Overall > Drives Right > Defense Commits,Overall,Drives Right,Defense Commits,,,,0,0.0,,,,,0,,,,,,0,,,,,0,0,,0,,,0,0,0,,0,0,,0
Kobe Elvis,Ottawa BlackJacks,2026-2027,offense,Overall Drive Direction,Drives Left,2,Overall,Overall > Drives Left,Overall,Drives Left,,,,,7,46.7,1.143,69.4,14.3,28.6,2,50.0,,,50.0,,4,62.5,14.3,,,2,2,,6,1.0,57.1,2,1,1,50.0,1,1,0.5,8
Kobe Elvis,Ottawa BlackJacks,2026-2027,offense,Overall Drive Direction,Dribble Jumper,3,Drives Left,Overall > Drives Left > Dribble Jumper,Overall,Drives Left,Dribble Jumper,,,,4,57.1,1.25,62.5,0.0,0.0,2,50.0,,,50.0,,4,62.5,0.0,,,2,2,,4,0.0,50.0,2,1,1,50.0,1,1,0.5,5
Kobe Elvis,Ottawa BlackJacks,2026-2027,offense,Overall Drive Direction,To Basket,3,Drives Left,Overall > Drives Left > To Basket,Overall,Drives Left,To Basket,,,,1,14.3,1.0,56.8,0.0,100.0,0,,,,,,0,,100.0,,,0,0,,1,,100.0,0,0,0,,0,0,,1
Kobe Elvis,Ottawa BlackJacks,2026-2027,offense,Overall Drive Direction,Turnover,3,Drives Left,Overall > Drives Left > Turnover,Overall,Drives Left,Turnover,,,,1,14.3,0.0,,100.0,0.0,0,,,,,,0,,0.0,,,0,0,,0,,0.0,0,0,0,,0,0,,0
Kobe Elvis,Ottawa BlackJacks,2026-2027,offense,Overall Drive Direction,Foul,3,Drives Left,Overall > Drives Left > Foul,Overall,Drives Left,Foul,,,,1,14.3,2.0,113.6,0.0,100.0,0,,,,,,0,,0.0,,,0,0,,1,,100.0,0,0,0,,0,0,,2
Kobe Elvis,Ottawa BlackJacks,2026-2027,offense,Overall Drive Direction,Defense Commits,3,Drives Left,Overall > Drives Left > Defense Commits,Overall,Drives Left,Defense Commits,,,,0,0.0,,,,,0,,,,,,0,,,,,0,0,,0,,,0,0,0,,0,0,,0
Kobe Elvis,Ottawa BlackJacks,2026-2027,offense,Overall Drive Direction,Drives Straight,2,Overall,Overall > Drives Straight,Overall,Drives Straight,,,,,0,0.0,,,,,0,,,,,,0,,,,,0,0,,0,,,0,0,0,,0,0,,0
Kobe Elvis,Ottawa BlackJacks,2026-2027,offense,Overall Drive Direction,To Basket,3,Drives Straight,Overall > Drives Straight > To Basket,Overall,Drives Straight,To Basket,,,,0,0.0,,,,,0,,,,,,0,,,,,0,0,,0,,,0,0,0,,0,0,,0
Kobe Elvis,Ottawa BlackJacks,2026-2027,offense,Overall Drive Direction,Turnover,3,Drives Straight,Overall > Drives Straight > Turnover,Overall,Drives Straight,Turnover,,,,0,0.0,,,,,0,,,,,,0,,,,,0,0,,0,,,0,0,0,,0,0,,0
Kobe Elvis,Ottawa BlackJacks,2026-2027,offense,Overall Drive Direction,Dribble Jumper,3,Drives Straight,Overall > Drives Straight > Dribble Jumper,Overall,Drives Straight,Dribble Jumper,,,,0,0.0,,,,,0,,,,,,0,,,,,0,0,,0,,,0,0,0,,0,0,,0
Kobe Elvis,Ottawa BlackJacks,2026-2027,offense,Overall Drive Direction,Foul,3,Drives Straight,Overall > Drives Straight > Foul,Overall,Drives Straight,Foul,,,,0,0.0,,,,,0,,,,,,0,,,,,0,0,,0,,,0,0,0,,0,0,,0
Kobe Elvis,Ottawa BlackJacks,2026-2027,offense,Overall Drive Direction,Defense Commits,3,Drives Straight,Overall > Drives Straight > Defense Commits,Overall,Drives Straight,Defense Commits,,,,0,0.0,,,,,0,,,,,,0,,,,,0,0,,0,,,0,0,0,,0,0,,0
Kobe Elvis,Ottawa BlackJacks,2026-2027,offense,P&R ball handler,P&R Including Passes,1,,P&R Including Passes,P&R Including Passes,,,,,,131,61.8,0.931,56.6,17.6,8.4,45,44.4,Good,55.0,44.4,89.0,99,54.5,6.9,,,44,55,,108,0.2,40.5,54,24,30,44.4,20,25,0.45,122
Kobe Elvis,Ottawa BlackJacks,2026-2027,offense,P&R ball handler,P&R Ball Handler,2,P&R Including Passes,P&R Including Passes > P&R Ball Handler,P&R Including Passes,P&R Ball Handler,,,,,52,39.7,0.615,41.9,26.9,5.8,14,35.7,,,33.3,,36,40.3,1.9,,,12,24,,38,0.14,26.9,22,7,15,31.8,5,9,0.39,32
Kobe Elvis,Ottawa BlackJacks,2026-2027,offense,P&R ball handler,High P&R,3,P&R Ball Handler,P&R Including Passes > P&R Ball Handler > High P&R,P&R Including Passes,P&R Ball Handler,High P&R,,,,40,76.9,0.475,33.5,30.0,5.0,10,40.0,,,25.9,,27,33.3,2.5,,,7,20,,28,0.11,20.0,17,3,14,17.6,4,6,0.37,19
Kobe Elvis,Ottawa BlackJacks,2026-2027,offense,P&R ball handler,Dribble Off Pick,4,High P&R,P&R Including Passes > P&R Ball Handler > High P&R > Dribble Off Pick,P&R Including Passes,P&R Ball Handler,High P&R,Dribble Off Pick,,,36,90.0,0.528,33.5,22.2,5.6,10,40.0,,,25.9,,27,33.3,2.8,,,7,20,,28,0.11,22.2,17,3,14,17.6,4,6,0.37,19
Kobe Elvis,Ottawa BlackJacks,2026-2027,offense,P&R ball handler,Dribble Jumper,5,Dribble Off Pick,P&R Including Passes > P&R Ball Handler > High P&R > Dribble Off Pick > Dribble Jumper,P&R Including Passes,P&R Ball Handler,High P&R,Dribble Off Pick,Dribble Jumper,,17,47.2,0.706,35.3,0.0,0.0,10,40.0,,,23.5,,17,35.3,0.0,,,4,13,,17,0.0,23.5,7,0,7,0.0,4,6,0.59,12
Kobe Elvis,Ottawa BlackJacks,2026-2027,offense,P&R ball handler,Long/3pt,6,Dribble Jumper,P&R Including Passes > P&R Ball Handler > High P&R > Dribble Off Pick > Dribble Jumper > Long/3pt,P&R Including Passes,P&R Ball Handler,High P&R,Dribble Off Pick,Dribble Jumper,Long/3pt,10,58.8,1.2,60.0,0.0,0.0,10,40.0,,,40.0,,10,60.0,0.0,,,4,6,,10,0.0,40.0,0,0,0,,4,6,1.0,12
Kobe Elvis,Ottawa BlackJacks,2026-2027,offense,P&R ball handler,Short to < 17,6,Dribble Jumper,P&R Including Passes > P&R Ball Handler > High P&R > Dribble Off Pick > Dribble Jumper > Short to < 17,P&R Including Passes,P&R Ball Handler,High P&R,Dribble Off Pick,Dribble Jumper,Short to < 17,5,29.4,0.0,0.0,0.0,0.0,0,,,,0.0,,5,0.0,0.0,,,0,5,,5,0.0,0.0,5,0,5,0.0,0,0,0.0,0
Kobe Elvis,Ottawa BlackJacks,2026-2027,offense,P&R ball handler,Medium/17' to 3pt,6,Dribble Jumper,P&R Including Passes > P&R Ball Handler > High P&R > Dribble Off Pick > Dribble Jumper > Medium/17' to 3pt,P&R Including Passes,P&R Ball Handler,High P&R,Dribble Off Pick,Dribble Jumper,Medium/17' to 3pt,2,11.8,0.0,0.0,0.0,0.0,0,,,,0.0,,2,0.0,0.0,,,0,2,,2,0.0,0.0,2,0,2,0.0,0,0,0.0,0
Kobe Elvis,Ottawa BlackJacks,2026-2027,offense,P&R ball handler,To Basket,5,Dribble Off Pick,P&R Including Passes > P&R Ball Handler > High P&R > Dribble Off Pick > To Basket,P&R Including Passes,P&R Ball Handler,High P&R,Dribble Off Pick,To Basket,,10,27.8,0.6,28.7,0.0,10.0,0,,,,30.0,,10,30.0,10.0,,,3,7,,10,0.1,30.0,10,3,7,30.0,0,0,0.0,6
Kobe Elvis,Ottawa BlackJacks,2026-2027,offense,P&R ball handler,Miss 2 Pts,6,To Basket,P&R Including Passes > P&R Ball Handler > High P&R > Dribble Off Pick > To Basket > Miss 2 Pts,P&R Including Passes,P&R Ball Handler,High P&R,Dribble Off Pick,To Basket,Miss 2 Pts,7,70.0,0.0,0.0,0.0,0.0,0,,,,0.0,,7,0.0,0.0,,,0,7,,7,0.0,0.0,7,0,7,0.0,0,0,0.0,0
Kobe Elvis,Ottawa BlackJacks,2026-2027,offense,P&R ball handler,Make 2 Pts,6,To Basket,P&R Including Passes > P&R Ball Handler > High P&R > Dribble Off Pick > To Basket > Make 2 Pts,P&R Including Passes,P&R Ball Handler,High P&R,Dribble Off Pick,To Basket,Make 2 Pts,2,20.0,2.0,100.0,0.0,0.0,0,,,,100.0,,2,100.0,0.0,,,2,0,,2,0.0,100.0,2,2,0,100.0,0,0,0.0,4
Kobe Elvis,Ottawa BlackJacks,2026-2027,offense,P&R ball handler,Make 2 Pts Foul,6,To Basket,P&R Including Passes > P&R Ball Handler > High P&R > Dribble Off Pick > To Basket > Make 2 Pts Foul,P&R Including Passes,P&R Ball Handler,High P&R,Dribble Off Pick,To Basket,Make 2 Pts Foul,1,10.0,2.0,69.4,0.0,100.0,0,,,,100.0,,1,100.0,100.0,,,1,0,,1,1.0,100.0,1,1,0,100.0,0,0,0.0,2
Kobe Elvis,Ottawa BlackJacks,2026-2027,offense,P&R ball handler,Defense Commits,5,Dribble Off Pick,P&R Including Passes > P&R Ball Handler > High P&R > Dribble Off Pick > Defense Commits,P&R Including Passes,P&R Ball Handler,High P&R,Dribble Off Pick,Defense Commits,,8,22.2,0.0,,100.0,0.0,0,,,,,,0,,0.0,,,0,0,,0,,0.0,0,0,0,,0,0,,0
Kobe Elvis,Ottawa BlackJacks,2026-2027,offense,P&R ball handler,Turnover,6,Defense Commits,P&R Including Passes > P&R Ball Handler > High P&R > Dribble Off Pick > Defense Commits > Turnover,P&R Including Passes,P&R Ball Handler,High P&R,Dribble Off Pick,Defense Commits,Turnover,8,100.0,0.0,,100.0,0.0,0,,,,,,0,,0.0,,,0,0,,0,,0.0,0,0,0,,0,0,,0
Kobe Elvis,Ottawa BlackJacks,2026-2027,offense,P&R ball handler,Foul,5,Dribble Off Pick,P&R Including Passes > P&R Ball Handler > High P&R > Dribble Off Pick > Foul,P&R Including Passes,P&R Ball Handler,High P&R,Dribble Off Pick,Foul,,1,2.8,1.0,56.8,0.0,100.0,0,,,,,,0,,0.0,,,0,0,,1,,100.0,0,0,0,,0,0,,1
Kobe Elvis,Ottawa BlackJacks,2026-2027,offense,P&R ball handler,Go Away from Pick,4,High P&R,P&R Including Passes > P&R Ball Handler > High P&R > Go Away from Pick,P&R Including Passes,P&R Ball Handler,High P&R,Go Away from Pick,,,3,7.5,0.0,,100.0,0.0,0,,,,,,0,,0.0,,,0,0,,0,,0.0,0,0,0,,0,0,,0
Kobe Elvis,Ottawa BlackJacks,2026-2027,offense,P&R ball handler,Turnover,5,Go Away from Pick,P&R Including Passes > P&R Ball Handler > High P&R > Go Away from Pick > Turnover,P&R Including Passes,P&R Ball Handler,High P&R,Go Away from Pick,Turnover,,2,66.7,0.0,,100.0,0.0,0,,,,,,0,,0.0,,,0,0,,0,,0.0,0,0,0,,0,0,,0
Kobe Elvis,Ottawa BlackJacks,2026-2027,offense,P&R ball handler,Defense Commits,5,Go Away from Pick,P&R Including Passes > P&R Ball Handler > High P&R > Go Away from Pick > Defense Commits,P&R Including Passes,P&R Ball Handler,High P&R,Go Away from Pick,Defense Commits,,1,33.3,0.0,,100.0,0.0,0,,,,,,0,,0.0,,,0,0,,0,,0.0,0,0,0,,0,0,,0
Kobe Elvis,Ottawa BlackJacks,2026-2027,offense,P&R ball handler,Turnover,6,Defense Commits,P&R Including Passes > P&R Ball Handler > High P&R > Go Away from Pick > Defense Commits > Turnover,P&R Including Passes,P&R Ball Handler,High P&R,Go Away from Pick,Defense Commits,Turnover,1,100.0,0.0,,100.0,0.0,0,,,,,,0,,0.0,,,0,0,,0,,0.0,0,0,0,,0,0,,0
Kobe Elvis,Ottawa BlackJacks,2026-2027,offense,P&R ball handler,Turnover,4,High P&R,P&R Including Passes > P&R Ball Handler > High P&R > Turnover,P&R Including Passes,P&R Ball Handler,High P&R,Turnover,,,1,2.5,0.0,,100.0,0.0,0,,,,,,0,,0.0,,,0,0,,0,,0.0,0,0,0,,0,0,,0
Kobe Elvis,Ottawa BlackJacks,2026-2027,offense,P&R ball handler,Right P&R,3,P&R Ball Handler,P&R Including Passes > P&R Ball Handler > Right P&R,P&R Including Passes,P&R Ball Handler,Right P&R,,,,8,15.4,1.125,65.4,12.5,12.5,4,25.0,,,50.0,,6,58.3,0.0,,,3,3,,7,0.33,50.0,2,2,0,100.0,1,3,0.67,9
Kobe Elvis,Ottawa BlackJacks,2026-2027,offense,P&R ball handler,Side,4,Right P&R,P&R Including Passes > P&R Ball Handler > Right P&R > Side,P&R Including Passes,P&R Ball Handler,Right P&R,Side,,,5,62.5,1.4,87.5,20.0,0.0,2,50.0,,,75.0,,4,87.5,0.0,,,3,1,,4,0.0,60.0,2,2,0,100.0,1,1,0.5,7
Kobe Elvis,Ottawa BlackJacks,2026-2027,offense,P&R ball handler,Dribble Off Pick,5,Side,P&R Including Passes > P&R Ball Handler > Right P&R > Side > Dribble Off Pick,P&R Including Passes,P&R Ball Handler,Right P&R,Side,Dribble Off Pick,,3,60.0,1.667,83.3,0.0,0.0,2,50.0,,,66.7,,3,83.3,0.0,,,2,1,,3,0.0,66.7,1,1,0,100.0,1,1,0.67,5
Kobe Elvis,Ottawa BlackJacks,2026-2027,offense,P&R ball handler,Dribble Jumper,6,Dribble Off Pick,P&R Including Passes > P&R Ball Handler > Right P&R > Side > Dribble Off Pick > Dribble Jumper,P&R Including Passes,P&R Ball Handler,Right P&R,Side,Dribble Off Pick,Dribble Jumper,2,66.7,1.5,75.0,0.0,0.0,2,50.0,,,50.0,,2,75.0,0.0,,,1,1,,2,0.0,50.0,0,0,0,,1,1,1.0,3
Kobe Elvis,Ottawa BlackJacks,2026-2027,offense,P&R ball handler,To Basket,6,Dribble Off Pick,P&R Including Passes > P&R Ball Handler > Right P&R > Side > Dribble Off Pick > To Basket,P&R Including Passes,P&R Ball Handler,Right P&R,Side,Dribble Off Pick,To Basket,1,33.3,2.0,100.0,0.0,0.0,0,,,,100.0,,1,100.0,0.0,,,1,0,,1,0.0,100.0,1,1,0,100.0,0,0,0.0,2
Kobe Elvis,Ottawa BlackJacks,2026-2027,offense,P&R ball handler,Go Away from Pick,5,Side,P&R Including Passes > P&R Ball Handler > Right P&R > Side > Go Away from Pick,P&R Including Passes,P&R Ball Handler,Right P&R,Side,Go Away from Pick,,2,40.0,1.0,100.0,50.0,0.0,0,,,,100.0,,1,100.0,0.0,,,1,0,,1,0.0,50.0,1,1,0,100.0,0,0,0.0,2
Kobe Elvis,Ottawa BlackJacks,2026-2027,offense,P&R ball handler,Defense Commits,6,Go Away from Pick,P&R Including Passes > P&R Ball Handler > Right P&R > Side > Go Away from Pick > Defense Commits,P&R Including Passes,P&R Ball Handler,Right P&R,Side,Go Away from Pick,Defense Commits,1,50.0,0.0,,100.0,0.0,0,,,,,,0,,0.0,,,0,0,,0,,0.0,0,0,0,,0,0,,0
Kobe Elvis,Ottawa BlackJacks,2026-2027,offense,P&R ball handler,To Basket,6,Go Away from Pick,P&R Including Passes > P&R Ball Handler > Right P&R > Side > Go Away from Pick > To Basket,P&R Including Passes,P&R Ball Handler,Right P&R,Side,Go Away from Pick,To Basket,1,50.0,2.0,100.0,0.0,0.0,0,,,,100.0,,1,100.0,0.0,,,1,0,,1,0.0,100.0,1,1,0,100.0,0,0,0.0,2
Kobe Elvis,Ottawa BlackJacks,2026-2027,offense,P&R ball handler,Baseline,4,Right P&R,P&R Including Passes > P&R Ball Handler > Right P&R > Baseline,P&R Including Passes,P&R Ball Handler,Right P&R,Baseline,,,3,37.5,0.667,34.7,0.0,33.3,2,0.0,,,0.0,,2,0.0,0.0,,,0,2,,3,1.0,33.3,0,0,0,,0,2,1.0,2
Kobe Elvis,Ottawa BlackJacks,2026-2027,offense,P&R ball handler,Dribble Off Pick,5,Baseline,P&R Including Passes > P&R Ball Handler > Right P&R > Baseline > Dribble Off Pick,P&R Including Passes,P&R Ball Handler,Right P&R,Baseline,Dribble Off Pick,,3,100.0,0.667,34.7,0.0,33.3,2,0.0,,,0.0,,2,0.0,0.0,,,0,2,,3,1.0,33.3,0,0,0,,0,2,1.0,2
Kobe Elvis,Ottawa BlackJacks,2026-2027,offense,P&R ball handler,Dribble Jumper,6,Dribble Off Pick,P&R Including Passes > P&R Ball Handler > Right P&R > Baseline > Dribble Off Pick > Dribble Jumper,P&R Including Passes,P&R Ball Handler,Right P&R,Baseline,Dribble Off Pick,Dribble Jumper,2,66.7,0.0,0.0,0.0,0.0,2,0.0,,,0.0,,2,0.0,0.0,,,0,2,,2,0.0,0.0,0,0,0,,0,2,1.0,0
Kobe Elvis,Ottawa BlackJacks,2026-2027,offense,P&R ball handler,Foul,6,Dribble Off Pick,P&R Including Passes > P&R Ball Handler > Right P&R > Baseline > Dribble Off Pick > Foul,P&R Including Passes,P&R Ball Handler,Right P&R,Baseline,Dribble Off Pick,Foul,1,33.3,2.0,113.6,0.0,100.0,0,,,,,,0,,0.0,,,0,0,,1,,100.0,0,0,0,,0,0,,2
Kobe Elvis,Ottawa BlackJacks,2026-2027,offense,P&R ball handler,Left P&R,3,P&R Ball Handler,P&R Including Passes > P&R Ball Handler > Left P&R,P&R Including Passes,P&R Ball Handler,Left P&R,,,,4,7.7,1.0,66.7,25.0,0.0,0,,,,66.7,,3,66.7,0.0,,,2,1,,3,0.0,50.0,3,2,1,66.7,0,0,0.0,4
Kobe Elvis,Ottawa BlackJacks,2026-2027,offense,P&R ball handler,Side,4,Left P&R,P&R Including Passes > P&R Ball Handler > Left P&R > Side,P&R Including Passes,P&R Ball Handler,Left P&R,Side,,,2,50.0,1.0,100.0,50.0,0.0,0,,,,100.0,,1,100.0,0.0,,,1,0,,1,0.0,50.0,1,1,0,100.0,0,0,0.0,2
Kobe Elvis,Ottawa BlackJacks,2026-2027,offense,P&R ball handler,Dribble Off Pick,5,Side,P&R Including Passes > P&R Ball Handler > Left P&R > Side > Dribble Off Pick,P&R Including Passes,P&R Ball Handler,Left P&R,Side,Dribble Off Pick,,1,50.0,0.0,,100.0,0.0,0,,,,,,0,,0.0,,,0,0,,0,,0.0,0,0,0,,0,0,,0
Kobe Elvis,Ottawa BlackJacks,2026-2027,offense,P&R ball handler,Defense Commits,6,Dribble Off Pick,P&R Including Passes > P&R Ball Handler > Left P&R > Side > Dribble Off Pick > Defense Commits,P&R Including Passes,P&R Ball Handler,Left P&R,Side,Dribble Off Pick,Defense Commits,1,100.0,0.0,,100.0,0.0,0,,,,,,0,,0.0,,,0,0,,0,,0.0,0,0,0,,0,0,,0
Kobe Elvis,Ottawa BlackJacks,2026-2027,offense,P&R ball handler,Go Away from Pick,5,Side,P&R Including Passes > P&R Ball Handler > Left P&R > Side > Go Away from Pick,P&R Including Passes,P&R Ball Handler,Left P&R,Side,Go Away from Pick,,1,50.0,2.0,100.0,0.0,0.0,0,,,,100.0,,1,100.0,0.0,,,1,0,,1,0.0,100.0,1,1,0,100.0,0,0,0.0,2
Kobe Elvis,Ottawa BlackJacks,2026-2027,offense,P&R ball handler,Dribble Jumper,6,Go Away from Pick,P&R Including Passes > P&R Ball Handler > Left P&R > Side > Go Away from Pick > Dribble Jumper,P&R Including Passes,P&R Ball Handler,Left P&R,Side,Go Away from Pick,Dribble Jumper,1,100.0,2.0,100.0,0.0,0.0,0,,,,100.0,,1,100.0,0.0,,,1,0,,1,0.0,100.0,1,1,0,100.0,0,0,0.0,2
Kobe Elvis,Ottawa BlackJacks,2026-2027,offense,P&R ball handler,Baseline,4,Left P&R,P&R Including Passes > P&R Ball Handler > Left P&R > Baseline,P&R Including Passes,P&R Ball Handler,Left P&R,Baseline,,,2,50.0,1.0,50.0,0.0,0.0,0,,,,50.0,,2,50.0,0.0,,,1,1,,2,0.0,50.0,2,1,1,50.0,0,0,0.0,2
Kobe Elvis,Ottawa BlackJacks,2026-2027,offense,P&R ball handler,Dribble Off Pick,5,Baseline,P&R Including Passes > P&R Ball Handler > Left P&R > Baseline > Dribble Off Pick,P&R Including Passes,P&R Ball Handler,Left P&R,Baseline,Dribble Off Pick,,2,100.0,1.0,50.0,0.0,0.0,0,,,,50.0,,2,50.0,0.0,,,1,1,,2,0.0,50.0,2,1,1,50.0,0,0,0.0,2
Kobe Elvis,Ottawa BlackJacks,2026-2027,offense,P&R ball handler,To Basket,6,Dribble Off Pick,P&R Including Passes > P&R Ball Handler > Left P&R > Baseline > Dribble Off Pick > To Basket,P&R Including Passes,P&R Ball Handler,Left P&R,Baseline,Dribble Off Pick,To Basket,1,50.0,0.0,0.0,0.0,0.0,0,,,,0.0,,1,0.0,0.0,,,0,1,,1,0.0,0.0,1,0,1,0.0,0,0,0.0,0
Kobe Elvis,Ottawa BlackJacks,2026-2027,offense,P&R ball handler,Dribble Jumper,6,Dribble Off Pick,P&R Including Passes > P&R Ball Handler > Left P&R > Baseline > Dribble Off Pick > Dribble Jumper,P&R Including Passes,P&R Ball Handler,Left P&R,Baseline,Dribble Off Pick,Dribble Jumper,1,50.0,2.0,100.0,0.0,0.0,0,,,,100.0,,1,100.0,0.0,,,1,0,,1,0.0,100.0,1,1,0,100.0,0,0,0.0,2
Kobe Elvis,Ottawa BlackJacks,2026-2027,offense,P&R ball handler,P&R Roll Man,2,P&R Including Passes,P&R Including Passes > P&R Roll Man,P&R Including Passes,P&R Roll Man,,,,,41,31.3,1.22,70.2,12.2,19.5,10,70.0,,,55.2,,29,67.2,19.5,,,16,13,,36,0.52,56.1,19,9,10,47.4,7,3,0.34,50
Kobe Elvis,Ottawa BlackJacks,2026-2027,offense,P&R ball handler,Rolls to Basket,3,P&R Roll Man,P&R Including Passes > P&R Roll Man > Rolls to Basket,P&R Including Passes,P&R Roll Man,Rolls to Basket,,,,19,46.3,0.789,45.4,10.5,21.1,0,,,,38.5,,13,38.5,21.1,,,5,8,,17,0.62,47.4,13,5,8,38.5,0,0,0.0,15
Kobe Elvis,Ottawa BlackJacks,2026-2027,offense,P&R ball handler,Miss 2 Pts,4,Rolls to Basket,P&R Including Passes > P&R Roll Man > Rolls to Basket > Miss 2 Pts,P&R Including Passes,P&R Roll Man,Rolls to Basket,Miss 2 Pts,,,8,42.1,0.0,0.0,0.0,0.0,0,,,,0.0,,8,0.0,0.0,,,0,8,,8,0.0,0.0,8,0,8,0.0,0,0,0.0,0
Kobe Elvis,Ottawa BlackJacks,2026-2027,offense,P&R ball handler,Make 2 Pts,4,Rolls to Basket,P&R Including Passes > P&R Roll Man > Rolls to Basket > Make 2 Pts,P&R Including Passes,P&R Roll Man,Rolls to Basket,Make 2 Pts,,,5,26.3,2.0,100.0,0.0,0.0,0,,,,100.0,,5,100.0,0.0,,,5,0,,5,0.0,100.0,5,5,0,100.0,0,0,0.0,10
Kobe Elvis,Ottawa BlackJacks,2026-2027,offense,P&R ball handler,Foul,4,Rolls to Basket,P&R Including Passes > P&R Roll Man > Rolls to Basket > Foul,P&R Including Passes,P&R Roll Man,Rolls to Basket,Foul,,,4,21.1,1.25,71.0,0.0,100.0,0,,,,,,0,,100.0,,,0,0,,4,,100.0,0,0,0,,0,0,,5
Kobe Elvis,Ottawa BlackJacks,2026-2027,offense,P&R ball handler,Turnover,4,Rolls to Basket,P&R Including Passes > P&R Roll Man > Rolls to Basket > Turnover,P&R Including Passes,P&R Roll Man,Rolls to Basket,Turnover,,,2,10.5,0.0,,100.0,0.0,0,,,,,,0,,0.0,,,0,0,,0,,0.0,0,0,0,,0,0,,0
Kobe Elvis,Ottawa BlackJacks,2026-2027,offense,P&R ball handler,Pick and Pops,3,P&R Roll Man,P&R Including Passes > P&R Roll Man > Pick and Pops,P&R Including Passes,P&R Roll Man,Pick and Pops,,,,12,29.3,1.583,86.4,8.3,0.0,7,71.4,,,63.6,,11,86.4,0.0,,,7,4,,11,0.0,58.3,4,2,2,50.0,5,2,0.64,19
Kobe Elvis,Ottawa BlackJacks,2026-2027,offense,P&R ball handler,No Dribble Jumper,4,Pick and Pops,P&R Including Passes > P&R Roll Man > Pick and Pops > No Dribble Jumper,P&R Including Passes,P&R Roll Man,Pick and Pops,No Dribble Jumper,,,8,66.7,2.125,106.3,0.0,0.0,7,71.4,,,75.0,,8,106.3,0.0,,,6,2,,8,0.0,75.0,1,1,0,100.0,5,2,0.88,17
Kobe Elvis,Ottawa BlackJacks,2026-2027,offense,P&R ball handler,Guarded,5,No Dribble Jumper,P&R Including Passes > P&R Roll Man > Pick and Pops > No Dribble Jumper > Guarded,P&R Including Passes,P&R Roll Man,Pick and Pops,No Dribble Jumper,Guarded,,5,62.5,2.2,110.0,0.0,0.0,4,75.0,,,80.0,,5,110.0,0.0,,,4,1,,5,0.0,80.0,1,1,0,100.0,3,1,0.8,11
Kobe Elvis,Ottawa BlackJacks,2026-2027,offense,P&R ball handler,Long/3pt,6,Guarded,P&R Including Passes > P&R Roll Man > Pick and Pops > No Dribble Jumper > Guarded > Long/3pt,P&R Including Passes,P&R Roll Man,Pick and Pops,No Dribble Jumper,Guarded,Long/3pt,4,80.0,2.25,112.5,0.0,0.0,4,75.0,,,75.0,,4,112.5,0.0,,,3,1,,4,0.0,75.0,0,0,0,,3,1,1.0,9
Kobe Elvis,Ottawa BlackJacks,2026-2027,offense,P&R ball handler,Short to < 17,6,Guarded,P&R Including Passes > P&R Roll Man > Pick and Pops > No Dribble Jumper > Guarded > Short to < 17,P&R Including Passes,P&R Roll Man,Pick and Pops,No Dribble Jumper,Guarded,Short to < 17,1,20.0,2.0,100.0,0.0,0.0,0,,,,100.0,,1,100.0,0.0,,,1,0,,1,0.0,100.0,1,1,0,100.0,0,0,0.0,2
Kobe Elvis,Ottawa BlackJacks,2026-2027,offense,P&R ball handler,Open,5,No Dribble Jumper,P&R Including Passes > P&R Roll Man > Pick and Pops > No Dribble Jumper > Open,P&R Including Passes,P&R Roll Man,Pick and Pops,No Dribble Jumper,Open,,3,37.5,2.0,100.0,0.0,0.0,3,66.7,,,66.7,,3,100.0,0.0,,,2,1,,3,0.0,66.7,0,0,0,,2,1,1.0,6
Kobe Elvis,Ottawa BlackJacks,2026-2027,offense,P&R ball handler,Long/3pt,6,Open,P&R Including Passes > P&R Roll Man > Pick and Pops > No Dribble Jumper > Open > Long/3pt,P&R Including Passes,P&R Roll Man,Pick and Pops,No Dribble Jumper,Open,Long/3pt,3,100.0,2.0,100.0,0.0,0.0,3,66.7,,,66.7,,3,100.0,0.0,,,2,1,,3,0.0,66.7,0,0,0,,2,1,1.0,6
Kobe Elvis,Ottawa BlackJacks,2026-2027,offense,P&R ball handler,Drives Right,4,Pick and Pops,P&R Including Passes > P&R Roll Man > Pick and Pops > Drives Right,P&R Including Passes,P&R Roll Man,Pick and Pops,Drives Right,,,3,25.0,0.667,33.3,0.0,0.0,0,,,,33.3,,3,33.3,0.0,,,1,2,,3,0.0,33.3,3,1,2,33.3,0,0,0.0,2
Kobe Elvis,Ottawa BlackJacks,2026-2027,offense,P&R ball handler,To Basket,5,Drives Right,P&R Including Passes > P&R Roll Man > Pick and Pops > Drives Right > To Basket,P&R Including Passes,P&R Roll Man,Pick and Pops,Drives Right,To Basket,,2,66.7,1.0,50.0,0.0,0.0,0,,,,50.0,,2,50.0,0.0,,,1,1,,2,0.0,50.0,2,1,1,50.0,0,0,0.0,2
Kobe Elvis,Ottawa BlackJacks,2026-2027,offense,P&R ball handler,Make 2 Pts,6,To Basket,P&R Including Passes > P&R Roll Man > Pick and Pops > Drives Right > To Basket > Make 2 Pts,P&R Including Passes,P&R Roll Man,Pick and Pops,Drives Right,To Basket,Make 2 Pts,1,50.0,2.0,100.0,0.0,0.0,0,,,,100.0,,1,100.0,0.0,,,1,0,,1,0.0,100.0,1,1,0,100.0,0,0,0.0,2
Kobe Elvis,Ottawa BlackJacks,2026-2027,offense,P&R ball handler,Miss 2 Pts,6,To Basket,P&R Including Passes > P&R Roll Man > Pick and Pops > Drives Right > To Basket > Miss 2 Pts,P&R Including Passes,P&R Roll Man,Pick and Pops,Drives Right,To Basket,Miss 2 Pts,1,50.0,0.0,0.0,0.0,0.0,0,,,,0.0,,1,0.0,0.0,,,0,1,,1,0.0,0.0,1,0,1,0.0,0,0,0.0,0
Kobe Elvis,Ottawa BlackJacks,2026-2027,offense,P&R ball handler,Dribble Jumper,5,Drives Right,P&R Including Passes > P&R Roll Man > Pick and Pops > Drives Right > Dribble Jumper,P&R Including Passes,P&R Roll Man,Pick and Pops,Drives Right,Dribble Jumper,,1,33.3,0.0,0.0,0.0,0.0,0,,,,0.0,,1,0.0,0.0,,,0,1,,1,0.0,0.0,1,0,1,0.0,0,0,0.0,0
Kobe Elvis,Ottawa BlackJacks,2026-2027,offense,P&R ball handler,Short to < 17,6,Dribble Jumper,P&R Including Passes > P&R Roll Man > Pick and Pops > Drives Right > Dribble Jumper > Short to < 17,P&R Including Passes,P&R Roll Man,Pick and Pops,Drives Right,Dribble Jumper,Short to < 17,1,100.0,0.0,0.0,0.0,0.0,0,,,,0.0,,1,0.0,0.0,,,0,1,,1,0.0,0.0,1,0,1,0.0,0,0,0.0,0
Kobe Elvis,Ottawa BlackJacks,2026-2027,offense,P&R ball handler,Drives Left,4,Pick and Pops,P&R Including Passes > P&R Roll Man > Pick and Pops > Drives Left,P&R Including Passes,P&R Roll Man,Pick and Pops,Drives Left,,,1,8.3,0.0,,100.0,0.0,0,,,,,,0,,0.0,,,0,0,,0,,0.0,0,0,0,,0,0,,0
Kobe Elvis,Ottawa BlackJacks,2026-2027,offense,P&R ball handler,Turnover,5,Drives Left,P&R Including Passes > P&R Roll Man > Pick and Pops > Drives Left > Turnover,P&R Including Passes,P&R Roll Man,Pick and Pops,Drives Left,Turnover,,1,100.0,0.0,,100.0,0.0,0,,,,,,0,,0.0,,,0,0,,0,,0.0,0,0,0,,0,0,,0
Kobe Elvis,Ottawa BlackJacks,2026-2027,offense,P&R ball handler,Slips the Pick,3,P&R Roll Man,P&R Including Passes > P&R Roll Man > Slips the Pick,P&R Including Passes,P&R Roll Man,Slips the Pick,,,,10,24.4,1.6,99.0,20.0,40.0,3,66.7,,,80.0,,5,100.0,40.0,,,4,1,,8,1.4,70.0,2,2,0,100.0,2,1,0.6,16
Kobe Elvis,Ottawa BlackJacks,2026-2027,offense,P&R ball handler,To Basket,4,Slips the Pick,P&R Including Passes > P&R Roll Man > Slips the Pick > To Basket,P&R Including Passes,P&R Roll Man,Slips the Pick,To Basket,,,5,50.0,2.0,98.4,0.0,80.0,0,,,,100.0,,2,100.0,80.0,,,2,0,,5,3.5,100.0,2,2,0,100.0,0,0,0.0,10
Kobe Elvis,Ottawa BlackJacks,2026-2027,offense,P&R ball handler,Foul,5,To Basket,P&R Including Passes > P&R Roll Man > Slips the Pick > To Basket > Foul,P&R Including Passes,P&R Roll Man,Slips the Pick,To Basket,Foul,,3,60.0,2.0,113.6,0.0,100.0,0,,,,,,0,,100.0,,,0,0,,3,,100.0,0,0,0,,0,0,,6
Kobe Elvis,Ottawa BlackJacks,2026-2027,offense,P&R ball handler,Make 2 Pts,5,To Basket,P&R Including Passes > P&R Roll Man > Slips the Pick > To Basket > Make 2 Pts,P&R Including Passes,P&R Roll Man,Slips the Pick,To Basket,Make 2 Pts,,1,20.0,2.0,100.0,0.0,0.0,0,,,,100.0,,1,100.0,0.0,,,1,0,,1,0.0,100.0,1,1,0,100.0,0,0,0.0,2
Kobe Elvis,Ottawa BlackJacks,2026-2027,offense,P&R ball handler,Make 2 Pts Foul,5,To Basket,P&R Including Passes > P&R Roll Man > Slips the Pick > To Basket > Make 2 Pts Foul,P&R Including Passes,P&R Roll Man,Slips the Pick,To Basket,Make 2 Pts Foul,,1,20.0,2.0,69.4,0.0,100.0,0,,,,100.0,,1,100.0,100.0,,,1,0,,1,1.0,100.0,1,1,0,100.0,0,0,0.0,2
Kobe Elvis,Ottawa BlackJacks,2026-2027,offense,P&R ball handler,No Dribble Jumper,4,Slips the Pick,P&R Including Passes > P&R Roll Man > Slips the Pick > No Dribble Jumper,P&R Including Passes,P&R Roll Man,Slips the Pick,No Dribble Jumper,,,3,30.0,2.0,100.0,0.0,0.0,3,66.7,,,66.7,,3,100.0,0.0,,,2,1,,3,0.0,66.7,0,0,0,,2,1,1.0,6
Kobe Elvis,Ottawa BlackJacks,2026-2027,offense,P&R ball handler,Open,5,No Dribble Jumper,P&R Including Passes > P&R Roll Man > Slips the Pick > No Dribble Jumper > Open,P&R Including Passes,P&R Roll Man,Slips the Pick,No Dribble Jumper,Open,,2,66.7,3.0,150.0,0.0,0.0,2,100.0,,,100.0,,2,150.0,0.0,,,2,0,,2,0.0,100.0,0,0,0,,2,0,1.0,6
Kobe Elvis,Ottawa BlackJacks,2026-2027,offense,P&R ball handler,Long/3pt,6,Open,P&R Including Passes > P&R Roll Man > Slips the Pick > No Dribble Jumper > Open > Long/3pt,P&R Including Passes,P&R Roll Man,Slips the Pick,No Dribble Jumper,Open,Long/3pt,2,100.0,3.0,150.0,0.0,0.0,2,100.0,,,100.0,,2,150.0,0.0,,,2,0,,2,0.0,100.0,0,0,0,,2,0,1.0,6
Kobe Elvis,Ottawa BlackJacks,2026-2027,offense,P&R ball handler,Guarded,5,No Dribble Jumper,P&R Including Passes > P&R Roll Man > Slips the Pick > No Dribble Jumper > Guarded,P&R Including Passes,P&R Roll Man,Slips the Pick,No Dribble Jumper,Guarded,,1,33.3,0.0,0.0,0.0,0.0,1,0.0,,,0.0,,1,0.0,0.0,,,0,1,,1,0.0,0.0,0,0,0,,0,1,1.0,0
Kobe Elvis,Ottawa BlackJacks,2026-2027,offense,P&R ball handler,Long/3pt,6,Guarded,P&R Including Passes > P&R Roll Man > Slips the Pick > No Dribble Jumper > Guarded > Long/3pt,P&R Including Passes,P&R Roll Man,Slips the Pick,No Dribble Jumper,Guarded,Long/3pt,1,100.0,0.0,0.0,0.0,0.0,1,0.0,,,0.0,,1,0.0,0.0,,,0,1,,1,0.0,0.0,0,0,0,,0,1,1.0,0
Kobe Elvis,Ottawa BlackJacks,2026-2027,offense,P&R ball handler,Turnover,4,Slips the Pick,P&R Including Passes > P&R Roll Man > Slips the Pick > Turnover,P&R Including Passes,P&R Roll Man,Slips the Pick,Turnover,,,2,20.0,0.0,,100.0,0.0,0,,,,,,0,,0.0,,,0,0,,0,,0.0,0,0,0,,0,0,,0
Kobe Elvis,Ottawa BlackJacks,2026-2027,offense,P&R ball handler,Spot-Up,2,P&R Including Passes,P&R Including Passes > Spot-Up,P&R Including Passes,Spot-Up,,,,,30,22.9,1.0,53.6,6.7,0.0,21,38.1,,,39.3,,28,53.6,0.0,,,11,17,,28,0.0,36.7,7,3,4,42.9,8,13,0.75,30
Kobe Elvis,Ottawa BlackJacks,2026-2027,offense,P&R ball handler,No Dribble Jumper,3,Spot-Up,P&R Including Passes > Spot-Up > No Dribble Jumper,P&R Including Passes,Spot-Up,No Dribble Jumper,,,,20,66.7,1.2,60.0,0.0,0.0,19,42.1,,,40.0,,20,60.0,0.0,,,8,12,,20,0.0,40.0,1,0,1,0.0,8,11,0.95,24
Kobe Elvis,Ottawa BlackJacks,2026-2027,offense,P&R ball handler,Guarded,4,No Dribble Jumper,P&R Including Passes > Spot-Up > No Dribble Jumper > Guarded,P&R Including Passes,Spot-Up,No Dribble Jumper,Guarded,,,11,55.0,1.364,68.2,0.0,0.0,10,50.0,,,45.5,,11,68.2,0.0,,,5,6,,11,0.0,45.5,1,0,1,0.0,5,5,0.91,15
Kobe Elvis,Ottawa BlackJacks,2026-2027,offense,P&R ball handler,Long/3pt,5,Guarded,P&R Including Passes > Spot-Up > No Dribble Jumper > Guarded > Long/3pt,P&R Including Passes,Spot-Up,No Dribble Jumper,Guarded,Long/3pt,,10,90.9,1.5,75.0,0.0,0.0,10,50.0,,,50.0,,10,75.0,0.0,,,5,5,,10,0.0,50.0,0,0,0,,5,5,1.0,15
Kobe Elvis,Ottawa BlackJacks,2026-2027,offense,P&R ball handler,Miss 3 Pts,6,Long/3pt,P&R Including Passes > Spot-Up > No Dribble Jumper > Guarded > Long/3pt > Miss 3 Pts,P&R Including Passes,Spot-Up,No Dribble Jumper,Guarded,Long/3pt,Miss 3 Pts,5,50.0,0.0,0.0,0.0,0.0,5,0.0,,,0.0,,5,0.0,0.0,,,0,5,,5,0.0,0.0,0,0,0,,0,5,1.0,0
Kobe Elvis,Ottawa BlackJacks,2026-2027,offense,P&R ball handler,Make 3 Pts,6,Long/3pt,P&R Including Passes > Spot-Up > No Dribble Jumper > Guarded > Long/3pt > Make 3 Pts,P&R Including Passes,Spot-Up,No Dribble Jumper,Guarded,Long/3pt,Make 3 Pts,5,50.0,3.0,150.0,0.0,0.0,5,100.0,,,100.0,,5,150.0,0.0,,,5,0,,5,0.0,100.0,0,0,0,,5,0,1.0,15
Kobe Elvis,Ottawa BlackJacks,2026-2027,offense,P&R ball handler,Medium/17' to 3pt,5,Guarded,P&R Including Passes > Spot-Up > No Dribble Jumper > Guarded > Medium/17' to 3pt,P&R Including Passes,Spot-Up,No Dribble Jumper,Guarded,Medium/17' to 3pt,,1,9.1,0.0,0.0,0.0,0.0,0,,,,0.0,,1,0.0,0.0,,,0,1,,1,0.0,0.0,1,0,1,0.0,0,0,0.0,0
Kobe Elvis,Ottawa BlackJacks,2026-2027,offense,P&R ball handler,Miss 2 Pts,6,Medium/17' to 3pt,P&R Including Passes > Spot-Up > No Dribble Jumper > Guarded > Medium/17' to 3pt > Miss 2 Pts,P&R Including Passes,Spot-Up,No Dribble Jumper,Guarded,Medium/17' to 3pt,Miss 2 Pts,1,100.0,0.0,0.0,0.0,0.0,0,,,,0.0,,1,0.0,0.0,,,0,1,,1,0.0,0.0,1,0,1,0.0,0,0,0.0,0
Kobe Elvis,Ottawa BlackJacks,2026-2027,offense,P&R ball handler,Open,4,No Dribble Jumper,P&R Including Passes > Spot-Up > No Dribble Jumper > Open,P&R Including Passes,Spot-Up,No Dribble Jumper,Open,,,9,45.0,1.0,50.0,0.0,0.0,9,33.3,,,33.3,,9,50.0,0.0,,,3,6,,9,0.0,33.3,0,0,0,,3,6,1.0,9
Kobe Elvis,Ottawa BlackJacks,2026-2027,offense,P&R ball handler,Long/3pt,5,Open,P&R Including Passes > Spot-Up > No Dribble Jumper > Open > Long/3pt,P&R Including Passes,Spot-Up,No Dribble Jumper,Open,Long/3pt,,9,100.0,1.0,50.0,0.0,0.0,9,33.3,,,33.3,,9,50.0,0.0,,,3,6,,9,0.0,33.3,0,0,0,,3,6,1.0,9
Kobe Elvis,Ottawa BlackJacks,2026-2027,offense,P&R ball handler,Miss 3 Pts,6,Long/3pt,P&R Including Passes > Spot-Up > No Dribble Jumper > Open > Long/3pt > Miss 3 Pts,P&R Including Passes,Spot-Up,No Dribble Jumper,Open,Long/3pt,Miss 3 Pts,6,66.7,0.0,0.0,0.0,0.0,6,0.0,,,0.0,,6,0.0,0.0,,,0,6,,6,0.0,0.0,0,0,0,,0,6,1.0,0
Kobe Elvis,Ottawa BlackJacks,2026-2027,offense,P&R ball handler,Make 3 Pts,6,Long/3pt,P&R Including Passes > Spot-Up > No Dribble Jumper > Open > Long/3pt > Make 3 Pts,P&R Including Passes,Spot-Up,No Dribble Jumper,Open,Long/3pt,Make 3 Pts,3,33.3,3.0,150.0,0.0,0.0,3,100.0,,,100.0,,3,150.0,0.0,,,3,0,,3,0.0,100.0,0,0,0,,3,0,1.0,9
Kobe Elvis,Ottawa BlackJacks,2026-2027,offense,P&R ball handler,Drives Left,3,Spot-Up,P&R Including Passes > Spot-Up > Drives Left,P&R Including Passes,Spot-Up,Drives Left,,,,8,26.7,0.5,33.3,25.0,0.0,1,0.0,,,33.3,,6,33.3,0.0,,,2,4,,6,0.0,25.0,5,2,3,40.0,0,1,0.17,4
Kobe Elvis,Ottawa BlackJacks,2026-2027,offense,P&R ball handler,To Basket,4,Drives Left,P&R Including Passes > Spot-Up > Drives Left > To Basket,P&R Including Passes,Spot-Up,Drives Left,To Basket,,,3,37.5,0.667,33.3,0.0,0.0,0,,,,33.3,,3,33.3,0.0,,,1,2,,3,0.0,33.3,3,1,2,33.3,0,0,0.0,2
Kobe Elvis,Ottawa BlackJacks,2026-2027,offense,P&R ball handler,Miss 2 Pts,5,To Basket,P&R Including Passes > Spot-Up > Drives Left > To Basket > Miss 2 Pts,P&R Including Passes,Spot-Up,Drives Left,To Basket,Miss 2 Pts,,2,66.7,0.0,0.0,0.0,0.0,0,,,,0.0,,2,0.0,0.0,,,0,2,,2,0.0,0.0,2,0,2,0.0,0,0,0.0,0
Kobe Elvis,Ottawa BlackJacks,2026-2027,offense,P&R ball handler,Make 2 Pts,5,To Basket,P&R Including Passes > Spot-Up > Drives Left > To Basket > Make 2 Pts,P&R Including Passes,Spot-Up,Drives Left,To Basket,Make 2 Pts,,1,33.3,2.0,100.0,0.0,0.0,0,,,,100.0,,1,100.0,0.0,,,1,0,,1,0.0,100.0,1,1,0,100.0,0,0,0.0,2
Kobe Elvis,Ottawa BlackJacks,2026-2027,offense,P&R ball handler,Dribble Jumper,4,Drives Left,P&R Including Passes > Spot-Up > Drives Left > Dribble Jumper,P&R Including Passes,Spot-Up,Drives Left,Dribble Jumper,,,3,37.5,0.667,33.3,0.0,0.0,1,0.0,,,33.3,,3,33.3,0.0,,,1,2,,3,0.0,33.3,2,1,1,50.0,0,1,0.33,2
Kobe Elvis,Ottawa BlackJacks,2026-2027,offense,P&R ball handler,Short to < 17,5,Dribble Jumper,P&R Including Passes > Spot-Up > Drives Left > Dribble Jumper > Short to < 17,P&R Including Passes,Spot-Up,Drives Left,Dribble Jumper,Short to < 17,,2,66.7,1.0,50.0,0.0,0.0,0,,,,50.0,,2,50.0,0.0,,,1,1,,2,0.0,50.0,2,1,1,50.0,0,0,0.0,2
Kobe Elvis,Ottawa BlackJacks,2026-2027,offense,P&R ball handler,Miss 2 Pts,6,Short to < 17,P&R Including Passes > Spot-Up > Drives Left > Dribble Jumper > Short to < 17 > Miss 2 Pts,P&R Including Passes,Spot-Up,Drives Left,Dribble Jumper,Short to < 17,Miss 2 Pts,1,50.0,0.0,0.0,0.0,0.0,0,,,,0.0,,1,0.0,0.0,,,0,1,,1,0.0,0.0,1,0,1,0.0,0,0,0.0,0
Kobe Elvis,Ottawa BlackJacks,2026-2027,offense,P&R ball handler,Make 2 Pts,6,Short to < 17,P&R Including Passes > Spot-Up > Drives Left > Dribble Jumper > Short to < 17 > Make 2 Pts,P&R Including Passes,Spot-Up,Drives Left,Dribble Jumper,Short to < 17,Make 2 Pts,1,50.0,2.0,100.0,0.0,0.0,0,,,,100.0,,1,100.0,0.0,,,1,0,,1,0.0,100.0,1,1,0,100.0,0,0,0.0,2
Kobe Elvis,Ottawa BlackJacks,2026-2027,offense,P&R ball handler,Long/3pt,5,Dribble Jumper,P&R Including Passes > Spot-Up > Drives Left > Dribble Jumper > Long/3pt,P&R Including Passes,Spot-Up,Drives Left,Dribble Jumper,Long/3pt,,1,33.3,0.0,0.0,0.0,0.0,1,0.0,,,0.0,,1,0.0,0.0,,,0,1,,1,0.0,0.0,0,0,0,,0,1,1.0,0
Kobe Elvis,Ottawa BlackJacks,2026-2027,offense,P&R ball handler,Miss 3 Pts,6,Long/3pt,P&R Including Passes > Spot-Up > Drives Left > Dribble Jumper > Long/3pt > Miss 3 Pts,P&R Including Passes,Spot-Up,Drives Left,Dribble Jumper,Long/3pt,Miss 3 Pts,1,100.0,0.0,0.0,0.0,0.0,1,0.0,,,0.0,,1,0.0,0.0,,,0,1,,1,0.0,0.0,0,0,0,,0,1,1.0,0
Kobe Elvis,Ottawa BlackJacks,2026-2027,offense,P&R ball handler,Turnover,4,Drives Left,P&R Including Passes > Spot-Up > Drives Left > Turnover,P&R Including Passes,Spot-Up,Drives Left,Turnover,,,2,25.0,0.0,,100.0,0.0,0,,,,,,0,,0.0,,,0,0,,0,,0.0,0,0,0,,0,0,,0
Kobe Elvis,Ottawa BlackJacks,2026-2027,offense,P&R ball handler,Drives Right,3,Spot-Up,P&R Including Passes > Spot-Up > Drives Right,P&R Including Passes,Spot-Up,Drives Right,,,,1,3.3,2.0,100.0,0.0,0.0,0,,,,100.0,,1,100.0,0.0,,,1,0,,1,0.0,100.0,1,1,0,100.0,0,0,0.0,2
Kobe Elvis,Ottawa BlackJacks,2026-2027,offense,P&R ball handler,To Basket,4,Drives Right,P&R Including Passes > Spot-Up > Drives Right > To Basket,P&R Including Passes,Spot-Up,Drives Right,To Basket,,,1,100.0,2.0,100.0,0.0,0.0,0,,,,100.0,,1,100.0,0.0,,,1,0,,1,0.0,100.0,1,1,0,100.0,0,0,0.0,2
Kobe Elvis,Ottawa BlackJacks,2026-2027,offense,P&R ball handler,Make 2 Pts,5,To Basket,P&R Including Passes > Spot-Up > Drives Right > To Basket > Make 2 Pts,P&R Including Passes,Spot-Up,Drives Right,To Basket,Make 2 Pts,,1,100.0,2.0,100.0,0.0,0.0,0,,,,100.0,,1,100.0,0.0,,,1,0,,1,0.0,100.0,1,1,0,100.0,0,0,0.0,2
Kobe Elvis,Ottawa BlackJacks,2026-2027,offense,P&R ball handler,Drives Straight,3,Spot-Up,P&R Including Passes > Spot-Up > Drives Straight,P&R Including Passes,Spot-Up,Drives Straight,,,,1,3.3,0.0,0.0,0.0,0.0,1,0.0,,,0.0,,1,0.0,0.0,,,0,1,,1,0.0,0.0,0,0,0,,0,1,1.0,0
Kobe Elvis,Ottawa BlackJacks,2026-2027,offense,P&R ball handler,Dribble Jumper,4,Drives Straight,P&R Including Passes > Spot-Up > Drives Straight > Dribble Jumper,P&R Including Passes,Spot-Up,Drives Straight,Dribble Jumper,,,1,100.0,0.0,0.0,0.0,0.0,1,0.0,,,0.0,,1,0.0,0.0,,,0,1,,1,0.0,0.0,0,0,0,,0,1,1.0,0
Kobe Elvis,Ottawa BlackJacks,2026-2027,offense,P&R ball handler,Long/3pt,5,Dribble Jumper,P&R Including Passes > Spot-Up > Drives Straight > Dribble Jumper > Long/3pt,P&R Including Passes,Spot-Up,Drives Straight,Dribble Jumper,Long/3pt,,1,100.0,0.0,0.0,0.0,0.0,1,0.0,,,0.0,,1,0.0,0.0,,,0,1,,1,0.0,0.0,0,0,0,,0,1,1.0,0
Kobe Elvis,Ottawa BlackJacks,2026-2027,offense,P&R ball handler,Miss 3 Pts,6,Long/3pt,P&R Including Passes > Spot-Up > Drives Straight > Dribble Jumper > Long/3pt > Miss 3 Pts,P&R Including Passes,Spot-Up,Drives Straight,Dribble Jumper,Long/3pt,Miss 3 Pts,1,100.0,0.0,0.0,0.0,0.0,1,0.0,,,0.0,,1,0.0,0.0,,,0,1,,1,0.0,0.0,0,0,0,,0,1,1.0,0
Kobe Elvis,Ottawa BlackJacks,2026-2027,offense,P&R ball handler,Cut,2,P&R Including Passes,P&R Including Passes > Cut,P&R Including Passes,Cut,,,,,8,6.1,1.25,83.3,25.0,0.0,0,,,,83.3,,6,83.3,0.0,,,5,1,,6,0.0,62.5,6,5,1,83.3,0,0,0.0,10
Kobe Elvis,Ottawa BlackJacks,2026-2027,offense,P&R ball handler,Basket,3,Cut,P&R Including Passes > Cut > Basket,P&R Including Passes,Cut,Basket,,,,7,87.5,1.429,83.3,14.3,0.0,0,,,,83.3,,6,83.3,0.0,,,5,1,,6,0.0,71.4,6,5,1,83.3,0,0,0.0,10
Kobe Elvis,Ottawa BlackJacks,2026-2027,offense,P&R ball handler,Make 2 Pts,4,Basket,P&R Including Passes > Cut > Basket > Make 2 Pts,P&R Including Passes,Cut,Basket,Make 2 Pts,,,5,71.4,2.0,100.0,0.0,0.0,0,,,,100.0,,5,100.0,0.0,,,5,0,,5,0.0,100.0,5,5,0,100.0,0,0,0.0,10
Kobe Elvis,Ottawa BlackJacks,2026-2027,offense,P&R ball handler,Turnover,4,Basket,P&R Including Passes > Cut > Basket > Turnover,P&R Including Passes,Cut,Basket,Turnover,,,1,14.3,0.0,,100.0,0.0,0,,,,,,0,,0.0,,,0,0,,0,,0.0,0,0,0,,0,0,,0
Kobe Elvis,Ottawa BlackJacks,2026-2027,offense,P&R ball handler,Miss 2 Pts,4,Basket,P&R Including Passes > Cut > Basket > Miss 2 Pts,P&R Including Passes,Cut,Basket,Miss 2 Pts,,,1,14.3,0.0,0.0,0.0,0.0,0,,,,0.0,,1,0.0,0.0,,,0,1,,1,0.0,0.0,1,0,1,0.0,0,0,0.0,0
Kobe Elvis,Ottawa BlackJacks,2026-2027,offense,P&R ball handler,Flash,3,Cut,P&R Including Passes > Cut > Flash,P&R Including Passes,Cut,Flash,,,,1,12.5,0.0,,100.0,0.0,0,,,,,,0,,0.0,,,0,0,,0,,0.0,0,0,0,,0,0,,0
Kobe Elvis,Ottawa BlackJacks,2026-2027,offense,P&R ball handler,Turnover,4,Flash,P&R Including Passes > Cut > Flash > Turnover,P&R Including Passes,Cut,Flash,Turnover,,,1,100.0,0.0,,100.0,0.0,0,,,,,,0,,0.0,,,0,0,,0,,0.0,0,0,0,,0,0,,0
Kobe Elvis,Ottawa BlackJacks,2026-2027,offense,P&R ball handler,P&R BH - Defense Commits,1,,P&R BH - Defense Commits,P&R BH - Defense Commits,,,,,,90,42.5,1.0,64.7,22.2,8.9,31,48.4,Very Good,79.0,50.8,91.0,63,62.7,8.9,,,32,31,,70,0.24,43.3,32,17,15,53.1,15,16,0.49,90
Kobe Elvis,Ottawa BlackJacks,2026-2027,offense,P&R ball handler,P&R Roll Man,2,P&R BH - Defense Commits,P&R BH - Defense Commits > P&R Roll Man,P&R BH - Defense Commits,P&R Roll Man,,,,,41,45.6,1.22,70.2,12.2,19.5,10,70.0,,,55.2,,29,67.2,19.5,,,16,13,,36,0.52,56.1,19,9,10,47.4,7,3,0.34,50
Kobe Elvis,Ottawa BlackJacks,2026-2027,offense,P&R ball handler,Rolls to Basket,3,P&R Roll Man,P&R BH - Defense Commits > P&R Roll Man > Rolls to Basket,P&R BH - Defense Commits,P&R Roll Man,Rolls to Basket,,,,19,46.3,0.789,45.4,10.5,21.1,0,,,,38.5,,13,38.5,21.1,,,5,8,,17,0.62,47.4,13,5,8,38.5,0,0,0.0,15
Kobe Elvis,Ottawa BlackJacks,2026-2027,offense,P&R ball handler,Miss 2 Pts,4,Rolls to Basket,P&R BH - Defense Commits > P&R Roll Man > Rolls to Basket > Miss 2 Pts,P&R BH - Defense Commits,P&R Roll Man,Rolls to Basket,Miss 2 Pts,,,8,42.1,0.0,0.0,0.0,0.0,0,,,,0.0,,8,0.0,0.0,,,0,8,,8,0.0,0.0,8,0,8,0.0,0,0,0.0,0
Kobe Elvis,Ottawa BlackJacks,2026-2027,offense,P&R ball handler,Make 2 Pts,4,Rolls to Basket,P&R BH - Defense Commits > P&R Roll Man > Rolls to Basket > Make 2 Pts,P&R BH - Defense Commits,P&R Roll Man,Rolls to Basket,Make 2 Pts,,,5,26.3,2.0,100.0,0.0,0.0,0,,,,100.0,,5,100.0,0.0,,,5,0,,5,0.0,100.0,5,5,0,100.0,0,0,0.0,10
Kobe Elvis,Ottawa BlackJacks,2026-2027,offense,P&R ball handler,Foul,4,Rolls to Basket,P&R BH - Defense Commits > P&R Roll Man > Rolls to Basket > Foul,P&R BH - Defense Commits,P&R Roll Man,Rolls to Basket,Foul,,,4,21.1,1.25,71.0,0.0,100.0,0,,,,,,0,,100.0,,,0,0,,4,,100.0,0,0,0,,0,0,,5
Kobe Elvis,Ottawa BlackJacks,2026-2027,offense,P&R ball handler,Turnover,4,Rolls to Basket,P&R BH - Defense Commits > P&R Roll Man > Rolls to Basket > Turnover,P&R BH - Defense Commits,P&R Roll Man,Rolls to Basket,Turnover,,,2,10.5,0.0,,100.0,0.0,0,,,,,,0,,0.0,,,0,0,,0,,0.0,0,0,0,,0,0,,0
Kobe Elvis,Ottawa BlackJacks,2026-2027,offense,P&R ball handler,Pick and Pops,3,P&R Roll Man,P&R BH - Defense Commits > P&R Roll Man > Pick and Pops,P&R BH - Defense Commits,P&R Roll Man,Pick and Pops,,,,12,29.3,1.583,86.4,8.3,0.0,7,71.4,,,63.6,,11,86.4,0.0,,,7,4,,11,0.0,58.3,4,2,2,50.0,5,2,0.64,19
Kobe Elvis,Ottawa BlackJacks,2026-2027,offense,P&R ball handler,No Dribble Jumper,4,Pick and Pops,P&R BH - Defense Commits > P&R Roll Man > Pick and Pops > No Dribble Jumper,P&R BH - Defense Commits,P&R Roll Man,Pick and Pops,No Dribble Jumper,,,8,66.7,2.125,106.3,0.0,0.0,7,71.4,,,75.0,,8,106.3,0.0,,,6,2,,8,0.0,75.0,1,1,0,100.0,5,2,0.88,17
Kobe Elvis,Ottawa BlackJacks,2026-2027,offense,P&R ball handler,Guarded,5,No Dribble Jumper,P&R BH - Defense Commits > P&R Roll Man > Pick and Pops > No Dribble Jumper > Guarded,P&R BH - Defense Commits,P&R Roll Man,Pick and Pops,No Dribble Jumper,Guarded,,5,62.5,2.2,110.0,0.0,0.0,4,75.0,,,80.0,,5,110.0,0.0,,,4,1,,5,0.0,80.0,1,1,0,100.0,3,1,0.8,11
Kobe Elvis,Ottawa BlackJacks,2026-2027,offense,P&R ball handler,Long/3pt,6,Guarded,P&R BH - Defense Commits > P&R Roll Man > Pick and Pops > No Dribble Jumper > Guarded > Long/3pt,P&R BH - Defense Commits,P&R Roll Man,Pick and Pops,No Dribble Jumper,Guarded,Long/3pt,4,80.0,2.25,112.5,0.0,0.0,4,75.0,,,75.0,,4,112.5,0.0,,,3,1,,4,0.0,75.0,0,0,0,,3,1,1.0,9
Kobe Elvis,Ottawa BlackJacks,2026-2027,offense,P&R ball handler,Short to < 17,6,Guarded,P&R BH - Defense Commits > P&R Roll Man > Pick and Pops > No Dribble Jumper > Guarded > Short to < 17,P&R BH - Defense Commits,P&R Roll Man,Pick and Pops,No Dribble Jumper,Guarded,Short to < 17,1,20.0,2.0,100.0,0.0,0.0,0,,,,100.0,,1,100.0,0.0,,,1,0,,1,0.0,100.0,1,1,0,100.0,0,0,0.0,2
Kobe Elvis,Ottawa BlackJacks,2026-2027,offense,P&R ball handler,Open,5,No Dribble Jumper,P&R BH - Defense Commits > P&R Roll Man > Pick and Pops > No Dribble Jumper > Open,P&R BH - Defense Commits,P&R Roll Man,Pick and Pops,No Dribble Jumper,Open,,3,37.5,2.0,100.0,0.0,0.0,3,66.7,,,66.7,,3,100.0,0.0,,,2,1,,3,0.0,66.7,0,0,0,,2,1,1.0,6
Kobe Elvis,Ottawa BlackJacks,2026-2027,offense,P&R ball handler,Long/3pt,6,Open,P&R BH - Defense Commits > P&R Roll Man > Pick and Pops > No Dribble Jumper > Open > Long/3pt,P&R BH - Defense Commits,P&R Roll Man,Pick and Pops,No Dribble Jumper,Open,Long/3pt,3,100.0,2.0,100.0,0.0,0.0,3,66.7,,,66.7,,3,100.0,0.0,,,2,1,,3,0.0,66.7,0,0,0,,2,1,1.0,6
Kobe Elvis,Ottawa BlackJacks,2026-2027,offense,P&R ball handler,Drives Right,4,Pick and Pops,P&R BH - Defense Commits > P&R Roll Man > Pick and Pops > Drives Right,P&R BH - Defense Commits,P&R Roll Man,Pick and Pops,Drives Right,,,3,25.0,0.667,33.3,0.0,0.0,0,,,,33.3,,3,33.3,0.0,,,1,2,,3,0.0,33.3,3,1,2,33.3,0,0,0.0,2
Kobe Elvis,Ottawa BlackJacks,2026-2027,offense,P&R ball handler,To Basket,5,Drives Right,P&R BH - Defense Commits > P&R Roll Man > Pick and Pops > Drives Right > To Basket,P&R BH - Defense Commits,P&R Roll Man,Pick and Pops,Drives Right,To Basket,,2,66.7,1.0,50.0,0.0,0.0,0,,,,50.0,,2,50.0,0.0,,,1,1,,2,0.0,50.0,2,1,1,50.0,0,0,0.0,2
Kobe Elvis,Ottawa BlackJacks,2026-2027,offense,P&R ball handler,Miss 2 Pts,6,To Basket,P&R BH - Defense Commits > P&R Roll Man > Pick and Pops > Drives Right > To Basket > Miss 2 Pts,P&R BH - Defense Commits,P&R Roll Man,Pick and Pops,Drives Right,To Basket,Miss 2 Pts,1,50.0,0.0,0.0,0.0,0.0,0,,,,0.0,,1,0.0,0.0,,,0,1,,1,0.0,0.0,1,0,1,0.0,0,0,0.0,0
Kobe Elvis,Ottawa BlackJacks,2026-2027,offense,P&R ball handler,Make 2 Pts,6,To Basket,P&R BH - Defense Commits > P&R Roll Man > Pick and Pops > Drives Right > To Basket > Make 2 Pts,P&R BH - Defense Commits,P&R Roll Man,Pick and Pops,Drives Right,To Basket,Make 2 Pts,1,50.0,2.0,100.0,0.0,0.0,0,,,,100.0,,1,100.0,0.0,,,1,0,,1,0.0,100.0,1,1,0,100.0,0,0,0.0,2
Kobe Elvis,Ottawa BlackJacks,2026-2027,offense,P&R ball handler,Dribble Jumper,5,Drives Right,P&R BH - Defense Commits > P&R Roll Man > Pick and Pops > Drives Right > Dribble Jumper,P&R BH - Defense Commits,P&R Roll Man,Pick and Pops,Drives Right,Dribble Jumper,,1,33.3,0.0,0.0,0.0,0.0,0,,,,0.0,,1,0.0,0.0,,,0,1,,1,0.0,0.0,1,0,1,0.0,0,0,0.0,0
Kobe Elvis,Ottawa BlackJacks,2026-2027,offense,P&R ball handler,Short to < 17,6,Dribble Jumper,P&R BH - Defense Commits > P&R Roll Man > Pick and Pops > Drives Right > Dribble Jumper > Short to < 17,P&R BH - Defense Commits,P&R Roll Man,Pick and Pops,Drives Right,Dribble Jumper,Short to < 17,1,100.0,0.0,0.0,0.0,0.0,0,,,,0.0,,1,0.0,0.0,,,0,1,,1,0.0,0.0,1,0,1,0.0,0,0,0.0,0
Kobe Elvis,Ottawa BlackJacks,2026-2027,offense,P&R ball handler,Drives Left,4,Pick and Pops,P&R BH - Defense Commits > P&R Roll Man > Pick and Pops > Drives Left,P&R BH - Defense Commits,P&R Roll Man,Pick and Pops,Drives Left,,,1,8.3,0.0,,100.0,0.0,0,,,,,,0,,0.0,,,0,0,,0,,0.0,0,0,0,,0,0,,0
Kobe Elvis,Ottawa BlackJacks,2026-2027,offense,P&R ball handler,Turnover,5,Drives Left,P&R BH - Defense Commits > P&R Roll Man > Pick and Pops > Drives Left > Turnover,P&R BH - Defense Commits,P&R Roll Man,Pick and Pops,Drives Left,Turnover,,1,100.0,0.0,,100.0,0.0,0,,,,,,0,,0.0,,,0,0,,0,,0.0,0,0,0,,0,0,,0
Kobe Elvis,Ottawa BlackJacks,2026-2027,offense,P&R ball handler,Slips the Pick,3,P&R Roll Man,P&R BH - Defense Commits > P&R Roll Man > Slips the Pick,P&R BH - Defense Commits,P&R Roll Man,Slips the Pick,,,,10,24.4,1.6,99.0,20.0,40.0,3,66.7,,,80.0,,5,100.0,40.0,,,4,1,,8,1.4,70.0,2,2,0,100.0,2,1,0.6,16
Kobe Elvis,Ottawa BlackJacks,2026-2027,offense,P&R ball handler,To Basket,4,Slips the Pick,P&R BH - Defense Commits > P&R Roll Man > Slips the Pick > To Basket,P&R BH - Defense Commits,P&R Roll Man,Slips the Pick,To Basket,,,5,50.0,2.0,98.4,0.0,80.0,0,,,,100.0,,2,100.0,80.0,,,2,0,,5,3.5,100.0,2,2,0,100.0,0,0,0.0,10
Kobe Elvis,Ottawa BlackJacks,2026-2027,offense,P&R ball handler,Foul,5,To Basket,P&R BH - Defense Commits > P&R Roll Man > Slips the Pick > To Basket > Foul,P&R BH - Defense Commits,P&R Roll Man,Slips the Pick,To Basket,Foul,,3,60.0,2.0,113.6,0.0,100.0,0,,,,,,0,,100.0,,,0,0,,3,,100.0,0,0,0,,0,0,,6
Kobe Elvis,Ottawa BlackJacks,2026-2027,offense,P&R ball handler,Make 2 Pts,5,To Basket,P&R BH - Defense Commits > P&R Roll Man > Slips the Pick > To Basket > Make 2 Pts,P&R BH - Defense Commits,P&R Roll Man,Slips the Pick,To Basket,Make 2 Pts,,1,20.0,2.0,100.0,0.0,0.0,0,,,,100.0,,1,100.0,0.0,,,1,0,,1,0.0,100.0,1,1,0,100.0,0,0,0.0,2
Kobe Elvis,Ottawa BlackJacks,2026-2027,offense,P&R ball handler,Make 2 Pts Foul,5,To Basket,P&R BH - Defense Commits > P&R Roll Man > Slips the Pick > To Basket > Make 2 Pts Foul,P&R BH - Defense Commits,P&R Roll Man,Slips the Pick,To Basket,Make 2 Pts Foul,,1,20.0,2.0,69.4,0.0,100.0,0,,,,100.0,,1,100.0,100.0,,,1,0,,1,1.0,100.0,1,1,0,100.0,0,0,0.0,2
Kobe Elvis,Ottawa BlackJacks,2026-2027,offense,P&R ball handler,No Dribble Jumper,4,Slips the Pick,P&R BH - Defense Commits > P&R Roll Man > Slips the Pick > No Dribble Jumper,P&R BH - Defense Commits,P&R Roll Man,Slips the Pick,No Dribble Jumper,,,3,30.0,2.0,100.0,0.0,0.0,3,66.7,,,66.7,,3,100.0,0.0,,,2,1,,3,0.0,66.7,0,0,0,,2,1,1.0,6
Kobe Elvis,Ottawa BlackJacks,2026-2027,offense,P&R ball handler,Open,5,No Dribble Jumper,P&R BH - Defense Commits > P&R Roll Man > Slips the Pick > No Dribble Jumper > Open,P&R BH - Defense Commits,P&R Roll Man,Slips the Pick,No Dribble Jumper,Open,,2,66.7,3.0,150.0,0.0,0.0,2,100.0,,,100.0,,2,150.0,0.0,,,2,0,,2,0.0,100.0,0,0,0,,2,0,1.0,6
Kobe Elvis,Ottawa BlackJacks,2026-2027,offense,P&R ball handler,Long/3pt,6,Open,P&R BH - Defense Commits > P&R Roll Man > Slips the Pick > No Dribble Jumper > Open > Long/3pt,P&R BH - Defense Commits,P&R Roll Man,Slips the Pick,No Dribble Jumper,Open,Long/3pt,2,100.0,3.0,150.0,0.0,0.0,2,100.0,,,100.0,,2,150.0,0.0,,,2,0,,2,0.0,100.0,0,0,0,,2,0,1.0,6
Kobe Elvis,Ottawa BlackJacks,2026-2027,offense,P&R ball handler,Guarded,5,No Dribble Jumper,P&R BH - Defense Commits > P&R Roll Man > Slips the Pick > No Dribble Jumper > Guarded,P&R BH - Defense Commits,P&R Roll Man,Slips the Pick,No Dribble Jumper,Guarded,,1,33.3,0.0,0.0,0.0,0.0,1,0.0,,,0.0,,1,0.0,0.0,,,0,1,,1,0.0,0.0,0,0,0,,0,1,1.0,0
Kobe Elvis,Ottawa BlackJacks,2026-2027,offense,P&R ball handler,Long/3pt,6,Guarded,P&R BH - Defense Commits > P&R Roll Man > Slips the Pick > No Dribble Jumper > Guarded > Long/3pt,P&R BH - Defense Commits,P&R Roll Man,Slips the Pick,No Dribble Jumper,Guarded,Long/3pt,1,100.0,0.0,0.0,0.0,0.0,1,0.0,,,0.0,,1,0.0,0.0,,,0,1,,1,0.0,0.0,0,0,0,,0,1,1.0,0
Kobe Elvis,Ottawa BlackJacks,2026-2027,offense,P&R ball handler,Turnover,4,Slips the Pick,P&R BH - Defense Commits > P&R Roll Man > Slips the Pick > Turnover,P&R BH - Defense Commits,P&R Roll Man,Slips the Pick,Turnover,,,2,20.0,0.0,,100.0,0.0,0,,,,,,0,,0.0,,,0,0,,0,,0.0,0,0,0,,0,0,,0
Kobe Elvis,Ottawa BlackJacks,2026-2027,offense,P&R ball handler,Spot-Up,2,P&R BH - Defense Commits,P&R BH - Defense Commits > Spot-Up,P&R BH - Defense Commits,Spot-Up,,,,,30,33.3,1.0,53.6,6.7,0.0,21,38.1,,,39.3,,28,53.6,0.0,,,11,17,,28,0.0,36.7,7,3,4,42.9,8,13,0.75,30
Kobe Elvis,Ottawa BlackJacks,2026-2027,offense,P&R ball handler,No Dribble Jumper,3,Spot-Up,P&R BH - Defense Commits > Spot-Up > No Dribble Jumper,P&R BH - Defense Commits,Spot-Up,No Dribble Jumper,,,,20,66.7,1.2,60.0,0.0,0.0,19,42.1,,,40.0,,20,60.0,0.0,,,8,12,,20,0.0,40.0,1,0,1,0.0,8,11,0.95,24
Kobe Elvis,Ottawa BlackJacks,2026-2027,offense,P&R ball handler,Guarded,4,No Dribble Jumper,P&R BH - Defense Commits > Spot-Up > No Dribble Jumper > Guarded,P&R BH - Defense Commits,Spot-Up,No Dribble Jumper,Guarded,,,11,55.0,1.364,68.2,0.0,0.0,10,50.0,,,45.5,,11,68.2,0.0,,,5,6,,11,0.0,45.5,1,0,1,0.0,5,5,0.91,15
Kobe Elvis,Ottawa BlackJacks,2026-2027,offense,P&R ball handler,Long/3pt,5,Guarded,P&R BH - Defense Commits > Spot-Up > No Dribble Jumper > Guarded > Long/3pt,P&R BH - Defense Commits,Spot-Up,No Dribble Jumper,Guarded,Long/3pt,,10,90.9,1.5,75.0,0.0,0.0,10,50.0,,,50.0,,10,75.0,0.0,,,5,5,,10,0.0,50.0,0,0,0,,5,5,1.0,15
Kobe Elvis,Ottawa BlackJacks,2026-2027,offense,P&R ball handler,Make 3 Pts,6,Long/3pt,P&R BH - Defense Commits > Spot-Up > No Dribble Jumper > Guarded > Long/3pt > Make 3 Pts,P&R BH - Defense Commits,Spot-Up,No Dribble Jumper,Guarded,Long/3pt,Make 3 Pts,5,50.0,3.0,150.0,0.0,0.0,5,100.0,,,100.0,,5,150.0,0.0,,,5,0,,5,0.0,100.0,0,0,0,,5,0,1.0,15
Kobe Elvis,Ottawa BlackJacks,2026-2027,offense,P&R ball handler,Miss 3 Pts,6,Long/3pt,P&R BH - Defense Commits > Spot-Up > No Dribble Jumper > Guarded > Long/3pt > Miss 3 Pts,P&R BH - Defense Commits,Spot-Up,No Dribble Jumper,Guarded,Long/3pt,Miss 3 Pts,5,50.0,0.0,0.0,0.0,0.0,5,0.0,,,0.0,,5,0.0,0.0,,,0,5,,5,0.0,0.0,0,0,0,,0,5,1.0,0
Kobe Elvis,Ottawa BlackJacks,2026-2027,offense,P&R ball handler,Medium/17' to 3pt,5,Guarded,P&R BH - Defense Commits > Spot-Up > No Dribble Jumper > Guarded > Medium/17' to 3pt,P&R BH - Defense Commits,Spot-Up,No Dribble Jumper,Guarded,Medium/17' to 3pt,,1,9.1,0.0,0.0,0.0,0.0,0,,,,0.0,,1,0.0,0.0,,,0,1,,1,0.0,0.0,1,0,1,0.0,0,0,0.0,0
Kobe Elvis,Ottawa BlackJacks,2026-2027,offense,P&R ball handler,Miss 2 Pts,6,Medium/17' to 3pt,P&R BH - Defense Commits > Spot-Up > No Dribble Jumper > Guarded > Medium/17' to 3pt > Miss 2 Pts,P&R BH - Defense Commits,Spot-Up,No Dribble Jumper,Guarded,Medium/17' to 3pt,Miss 2 Pts,1,100.0,0.0,0.0,0.0,0.0,0,,,,0.0,,1,0.0,0.0,,,0,1,,1,0.0,0.0,1,0,1,0.0,0,0,0.0,0
Kobe Elvis,Ottawa BlackJacks,2026-2027,offense,P&R ball handler,Open,4,No Dribble Jumper,P&R BH - Defense Commits > Spot-Up > No Dribble Jumper > Open,P&R BH - Defense Commits,Spot-Up,No Dribble Jumper,Open,,,9,45.0,1.0,50.0,0.0,0.0,9,33.3,,,33.3,,9,50.0,0.0,,,3,6,,9,0.0,33.3,0,0,0,,3,6,1.0,9
Kobe Elvis,Ottawa BlackJacks,2026-2027,offense,P&R ball handler,Long/3pt,5,Open,P&R BH - Defense Commits > Spot-Up > No Dribble Jumper > Open > Long/3pt,P&R BH - Defense Commits,Spot-Up,No Dribble Jumper,Open,Long/3pt,,9,100.0,1.0,50.0,0.0,0.0,9,33.3,,,33.3,,9,50.0,0.0,,,3,6,,9,0.0,33.3,0,0,0,,3,6,1.0,9
Kobe Elvis,Ottawa BlackJacks,2026-2027,offense,P&R ball handler,Miss 3 Pts,6,Long/3pt,P&R BH - Defense Commits > Spot-Up > No Dribble Jumper > Open > Long/3pt > Miss 3 Pts,P&R BH - Defense Commits,Spot-Up,No Dribble Jumper,Open,Long/3pt,Miss 3 Pts,6,66.7,0.0,0.0,0.0,0.0,6,0.0,,,0.0,,6,0.0,0.0,,,0,6,,6,0.0,0.0,0,0,0,,0,6,1.0,0
Kobe Elvis,Ottawa BlackJacks,2026-2027,offense,P&R ball handler,Make 3 Pts,6,Long/3pt,P&R BH - Defense Commits > Spot-Up > No Dribble Jumper > Open > Long/3pt > Make 3 Pts,P&R BH - Defense Commits,Spot-Up,No Dribble Jumper,Open,Long/3pt,Make 3 Pts,3,33.3,3.0,150.0,0.0,0.0,3,100.0,,,100.0,,3,150.0,0.0,,,3,0,,3,0.0,100.0,0,0,0,,3,0,1.0,9
Kobe Elvis,Ottawa BlackJacks,2026-2027,offense,P&R ball handler,Drives Left,3,Spot-Up,P&R BH - Defense Commits > Spot-Up > Drives Left,P&R BH - Defense Commits,Spot-Up,Drives Left,,,,8,26.7,0.5,33.3,25.0,0.0,1,0.0,,,33.3,,6,33.3,0.0,,,2,4,,6,0.0,25.0,5,2,3,40.0,0,1,0.17,4
Kobe Elvis,Ottawa BlackJacks,2026-2027,offense,P&R ball handler,To Basket,4,Drives Left,P&R BH - Defense Commits > Spot-Up > Drives Left > To Basket,P&R BH - Defense Commits,Spot-Up,Drives Left,To Basket,,,3,37.5,0.667,33.3,0.0,0.0,0,,,,33.3,,3,33.3,0.0,,,1,2,,3,0.0,33.3,3,1,2,33.3,0,0,0.0,2
Kobe Elvis,Ottawa BlackJacks,2026-2027,offense,P&R ball handler,Miss 2 Pts,5,To Basket,P&R BH - Defense Commits > Spot-Up > Drives Left > To Basket > Miss 2 Pts,P&R BH - Defense Commits,Spot-Up,Drives Left,To Basket,Miss 2 Pts,,2,66.7,0.0,0.0,0.0,0.0,0,,,,0.0,,2,0.0,0.0,,,0,2,,2,0.0,0.0,2,0,2,0.0,0,0,0.0,0
Kobe Elvis,Ottawa BlackJacks,2026-2027,offense,P&R ball handler,Make 2 Pts,5,To Basket,P&R BH - Defense Commits > Spot-Up > Drives Left > To Basket > Make 2 Pts,P&R BH - Defense Commits,Spot-Up,Drives Left,To Basket,Make 2 Pts,,1,33.3,2.0,100.0,0.0,0.0,0,,,,100.0,,1,100.0,0.0,,,1,0,,1,0.0,100.0,1,1,0,100.0,0,0,0.0,2
Kobe Elvis,Ottawa BlackJacks,2026-2027,offense,P&R ball handler,Dribble Jumper,4,Drives Left,P&R BH - Defense Commits > Spot-Up > Drives Left > Dribble Jumper,P&R BH - Defense Commits,Spot-Up,Drives Left,Dribble Jumper,,,3,37.5,0.667,33.3,0.0,0.0,1,0.0,,,33.3,,3,33.3,0.0,,,1,2,,3,0.0,33.3,2,1,1,50.0,0,1,0.33,2
Kobe Elvis,Ottawa BlackJacks,2026-2027,offense,P&R ball handler,Short to < 17,5,Dribble Jumper,P&R BH - Defense Commits > Spot-Up > Drives Left > Dribble Jumper > Short to < 17,P&R BH - Defense Commits,Spot-Up,Drives Left,Dribble Jumper,Short to < 17,,2,66.7,1.0,50.0,0.0,0.0,0,,,,50.0,,2,50.0,0.0,,,1,1,,2,0.0,50.0,2,1,1,50.0,0,0,0.0,2
Kobe Elvis,Ottawa BlackJacks,2026-2027,offense,P&R ball handler,Make 2 Pts,6,Short to < 17,P&R BH - Defense Commits > Spot-Up > Drives Left > Dribble Jumper > Short to < 17 > Make 2 Pts,P&R BH - Defense Commits,Spot-Up,Drives Left,Dribble Jumper,Short to < 17,Make 2 Pts,1,50.0,2.0,100.0,0.0,0.0,0,,,,100.0,,1,100.0,0.0,,,1,0,,1,0.0,100.0,1,1,0,100.0,0,0,0.0,2
Kobe Elvis,Ottawa BlackJacks,2026-2027,offense,P&R ball handler,Miss 2 Pts,6,Short to < 17,P&R BH - Defense Commits > Spot-Up > Drives Left > Dribble Jumper > Short to < 17 > Miss 2 Pts,P&R BH - Defense Commits,Spot-Up,Drives Left,Dribble Jumper,Short to < 17,Miss 2 Pts,1,50.0,0.0,0.0,0.0,0.0,0,,,,0.0,,1,0.0,0.0,,,0,1,,1,0.0,0.0,1,0,1,0.0,0,0,0.0,0
Kobe Elvis,Ottawa BlackJacks,2026-2027,offense,P&R ball handler,Long/3pt,5,Dribble Jumper,P&R BH - Defense Commits > Spot-Up > Drives Left > Dribble Jumper > Long/3pt,P&R BH - Defense Commits,Spot-Up,Drives Left,Dribble Jumper,Long/3pt,,1,33.3,0.0,0.0,0.0,0.0,1,0.0,,,0.0,,1,0.0,0.0,,,0,1,,1,0.0,0.0,0,0,0,,0,1,1.0,0
Kobe Elvis,Ottawa BlackJacks,2026-2027,offense,P&R ball handler,Miss 3 Pts,6,Long/3pt,P&R BH - Defense Commits > Spot-Up > Drives Left > Dribble Jumper > Long/3pt > Miss 3 Pts,P&R BH - Defense Commits,Spot-Up,Drives Left,Dribble Jumper,Long/3pt,Miss 3 Pts,1,100.0,0.0,0.0,0.0,0.0,1,0.0,,,0.0,,1,0.0,0.0,,,0,1,,1,0.0,0.0,0,0,0,,0,1,1.0,0
Kobe Elvis,Ottawa BlackJacks,2026-2027,offense,P&R ball handler,Turnover,4,Drives Left,P&R BH - Defense Commits > Spot-Up > Drives Left > Turnover,P&R BH - Defense Commits,Spot-Up,Drives Left,Turnover,,,2,25.0,0.0,,100.0,0.0,0,,,,,,0,,0.0,,,0,0,,0,,0.0,0,0,0,,0,0,,0
Kobe Elvis,Ottawa BlackJacks,2026-2027,offense,P&R ball handler,Drives Right,3,Spot-Up,P&R BH - Defense Commits > Spot-Up > Drives Right,P&R BH - Defense Commits,Spot-Up,Drives Right,,,,1,3.3,2.0,100.0,0.0,0.0,0,,,,100.0,,1,100.0,0.0,,,1,0,,1,0.0,100.0,1,1,0,100.0,0,0,0.0,2
Kobe Elvis,Ottawa BlackJacks,2026-2027,offense,P&R ball handler,To Basket,4,Drives Right,P&R BH - Defense Commits > Spot-Up > Drives Right > To Basket,P&R BH - Defense Commits,Spot-Up,Drives Right,To Basket,,,1,100.0,2.0,100.0,0.0,0.0,0,,,,100.0,,1,100.0,0.0,,,1,0,,1,0.0,100.0,1,1,0,100.0,0,0,0.0,2
Kobe Elvis,Ottawa BlackJacks,2026-2027,offense,P&R ball handler,Make 2 Pts,5,To Basket,P&R BH - Defense Commits > Spot-Up > Drives Right > To Basket > Make 2 Pts,P&R BH - Defense Commits,Spot-Up,Drives Right,To Basket,Make 2 Pts,,1,100.0,2.0,100.0,0.0,0.0,0,,,,100.0,,1,100.0,0.0,,,1,0,,1,0.0,100.0,1,1,0,100.0,0,0,0.0,2
Kobe Elvis,Ottawa BlackJacks,2026-2027,offense,P&R ball handler,Drives Straight,3,Spot-Up,P&R BH - Defense Commits > Spot-Up > Drives Straight,P&R BH - Defense Commits,Spot-Up,Drives Straight,,,,1,3.3,0.0,0.0,0.0,0.0,1,0.0,,,0.0,,1,0.0,0.0,,,0,1,,1,0.0,0.0,0,0,0,,0,1,1.0,0
Kobe Elvis,Ottawa BlackJacks,2026-2027,offense,P&R ball handler,Dribble Jumper,4,Drives Straight,P&R BH - Defense Commits > Spot-Up > Drives Straight > Dribble Jumper,P&R BH - Defense Commits,Spot-Up,Drives Straight,Dribble Jumper,,,1,100.0,0.0,0.0,0.0,0.0,1,0.0,,,0.0,,1,0.0,0.0,,,0,1,,1,0.0,0.0,0,0,0,,0,1,1.0,0
Kobe Elvis,Ottawa BlackJacks,2026-2027,offense,P&R ball handler,Long/3pt,5,Dribble Jumper,P&R BH - Defense Commits > Spot-Up > Drives Straight > Dribble Jumper > Long/3pt,P&R BH - Defense Commits,Spot-Up,Drives Straight,Dribble Jumper,Long/3pt,,1,100.0,0.0,0.0,0.0,0.0,1,0.0,,,0.0,,1,0.0,0.0,,,0,1,,1,0.0,0.0,0,0,0,,0,1,1.0,0
Kobe Elvis,Ottawa BlackJacks,2026-2027,offense,P&R ball handler,Miss 3 Pts,6,Long/3pt,P&R BH - Defense Commits > Spot-Up > Drives Straight > Dribble Jumper > Long/3pt > Miss 3 Pts,P&R BH - Defense Commits,Spot-Up,Drives Straight,Dribble Jumper,Long/3pt,Miss 3 Pts,1,100.0,0.0,0.0,0.0,0.0,1,0.0,,,0.0,,1,0.0,0.0,,,0,1,,1,0.0,0.0,0,0,0,,0,1,1.0,0
Kobe Elvis,Ottawa BlackJacks,2026-2027,offense,P&R ball handler,P&R Ball Handler,2,P&R BH - Defense Commits,P&R BH - Defense Commits > P&R Ball Handler,P&R BH - Defense Commits,P&R Ball Handler,,,,,11,12.2,0.0,,100.0,0.0,0,,,,,,0,,0.0,,,0,0,,0,,0.0,0,0,0,,0,0,,0
Kobe Elvis,Ottawa BlackJacks,2026-2027,offense,P&R ball handler,High P&R,3,P&R Ball Handler,P&R BH - Defense Commits > P&R Ball Handler > High P&R,P&R BH - Defense Commits,P&R Ball Handler,High P&R,,,,9,81.8,0.0,,100.0,0.0,0,,,,,,0,,0.0,,,0,0,,0,,0.0,0,0,0,,0,0,,0
Kobe Elvis,Ottawa BlackJacks,2026-2027,offense,P&R ball handler,Dribble Off Pick,4,High P&R,P&R BH - Defense Commits > P&R Ball Handler > High P&R > Dribble Off Pick,P&R BH - Defense Commits,P&R Ball Handler,High P&R,Dribble Off Pick,,,8,88.9,0.0,,100.0,0.0,0,,,,,,0,,0.0,,,0,0,,0,,0.0,0,0,0,,0,0,,0
Kobe Elvis,Ottawa BlackJacks,2026-2027,offense,P&R ball handler,Defense Commits,5,Dribble Off Pick,P&R BH - Defense Commits > P&R Ball Handler > High P&R > Dribble Off Pick > Defense Commits,P&R BH - Defense Commits,P&R Ball Handler,High P&R,Dribble Off Pick,Defense Commits,,8,100.0,0.0,,100.0,0.0,0,,,,,,0,,0.0,,,0,0,,0,,0.0,0,0,0,,0,0,,0
Kobe Elvis,Ottawa BlackJacks,2026-2027,offense,P&R ball handler,Turnover,6,Defense Commits,P&R BH - Defense Commits > P&R Ball Handler > High P&R > Dribble Off Pick > Defense Commits > Turnover,P&R BH - Defense Commits,P&R Ball Handler,High P&R,Dribble Off Pick,Defense Commits,Turnover,8,100.0,0.0,,100.0,0.0,0,,,,,,0,,0.0,,,0,0,,0,,0.0,0,0,0,,0,0,,0
Kobe Elvis,Ottawa BlackJacks,2026-2027,offense,P&R ball handler,Go Away from Pick,4,High P&R,P&R BH - Defense Commits > P&R Ball Handler > High P&R > Go Away from Pick,P&R BH - Defense Commits,P&R Ball Handler,High P&R,Go Away from Pick,,,1,11.1,0.0,,100.0,0.0,0,,,,,,0,,0.0,,,0,0,,0,,0.0,0,0,0,,0,0,,0
Kobe Elvis,Ottawa BlackJacks,2026-2027,offense,P&R ball handler,Defense Commits,5,Go Away from Pick,P&R BH - Defense Commits > P&R Ball Handler > High P&R > Go Away from Pick > Defense Commits,P&R BH - Defense Commits,P&R Ball Handler,High P&R,Go Away from Pick,Defense Commits,,1,100.0,0.0,,100.0,0.0,0,,,,,,0,,0.0,,,0,0,,0,,0.0,0,0,0,,0,0,,0
Kobe Elvis,Ottawa BlackJacks,2026-2027,offense,P&R ball handler,Turnover,6,Defense Commits,P&R BH - Defense Commits > P&R Ball Handler > High P&R > Go Away from Pick > Defense Commits > Turnover,P&R BH - Defense Commits,P&R Ball Handler,High P&R,Go Away from Pick,Defense Commits,Turnover,1,100.0,0.0,,100.0,0.0,0,,,,,,0,,0.0,,,0,0,,0,,0.0,0,0,0,,0,0,,0
Kobe Elvis,Ottawa BlackJacks,2026-2027,offense,P&R ball handler,Right P&R,3,P&R Ball Handler,P&R BH - Defense Commits > P&R Ball Handler > Right P&R,P&R BH - Defense Commits,P&R Ball Handler,Right P&R,,,,1,9.1,0.0,,100.0,0.0,0,,,,,,0,,0.0,,,0,0,,0,,0.0,0,0,0,,0,0,,0
Kobe Elvis,Ottawa BlackJacks,2026-2027,offense,P&R ball handler,Side,4,Right P&R,P&R BH - Defense Commits > P&R Ball Handler > Right P&R > Side,P&R BH - Defense Commits,P&R Ball Handler,Right P&R,Side,,,1,100.0,0.0,,100.0,0.0,0,,,,,,0,,0.0,,,0,0,,0,,0.0,0,0,0,,0,0,,0
Kobe Elvis,Ottawa BlackJacks,2026-2027,offense,P&R ball handler,Go Away from Pick,5,Side,P&R BH - Defense Commits > P&R Ball Handler > Right P&R > Side > Go Away from Pick,P&R BH - Defense Commits,P&R Ball Handler,Right P&R,Side,Go Away from Pick,,1,100.0,0.0,,100.0,0.0,0,,,,,,0,,0.0,,,0,0,,0,,0.0,0,0,0,,0,0,,0
Kobe Elvis,Ottawa BlackJacks,2026-2027,offense,P&R ball handler,Defense Commits,6,Go Away from Pick,P&R BH - Defense Commits > P&R Ball Handler > Right P&R > Side > Go Away from Pick > Defense Commits,P&R BH - Defense Commits,P&R Ball Handler,Right P&R,Side,Go Away from Pick,Defense Commits,1,100.0,0.0,,100.0,0.0,0,,,,,,0,,0.0,,,0,0,,0,,0.0,0,0,0,,0,0,,0
Kobe Elvis,Ottawa BlackJacks,2026-2027,offense,P&R ball handler,Left P&R,3,P&R Ball Handler,P&R BH - Defense Commits > P&R Ball Handler > Left P&R,P&R BH - Defense Commits,P&R Ball Handler,Left P&R,,,,1,9.1,0.0,,100.0,0.0,0,,,,,,0,,0.0,,,0,0,,0,,0.0,0,0,0,,0,0,,0
Kobe Elvis,Ottawa BlackJacks,2026-2027,offense,P&R ball handler,Side,4,Left P&R,P&R BH - Defense Commits > P&R Ball Handler > Left P&R > Side,P&R BH - Defense Commits,P&R Ball Handler,Left P&R,Side,,,1,100.0,0.0,,100.0,0.0,0,,,,,,0,,0.0,,,0,0,,0,,0.0,0,0,0,,0,0,,0
Kobe Elvis,Ottawa BlackJacks,2026-2027,offense,P&R ball handler,Dribble Off Pick,5,Side,P&R BH - Defense Commits > P&R Ball Handler > Left P&R > Side > Dribble Off Pick,P&R BH - Defense Commits,P&R Ball Handler,Left P&R,Side,Dribble Off Pick,,1,100.0,0.0,,100.0,0.0,0,,,,,,0,,0.0,,,0,0,,0,,0.0,0,0,0,,0,0,,0
Kobe Elvis,Ottawa BlackJacks,2026-2027,offense,P&R ball handler,Defense Commits,6,Dribble Off Pick,P&R BH - Defense Commits > P&R Ball Handler > Left P&R > Side > Dribble Off Pick > Defense Commits,P&R BH - Defense Commits,P&R Ball Handler,Left P&R,Side,Dribble Off Pick,Defense Commits,1,100.0,0.0,,100.0,0.0,0,,,,,,0,,0.0,,,0,0,,0,,0.0,0,0,0,,0,0,,0
Kobe Elvis,Ottawa BlackJacks,2026-2027,offense,P&R ball handler,Cut,2,P&R BH - Defense Commits,P&R BH - Defense Commits > Cut,P&R BH - Defense Commits,Cut,,,,,8,8.9,1.25,83.3,25.0,0.0,0,,,,83.3,,6,83.3,0.0,,,5,1,,6,0.0,62.5,6,5,1,83.3,0,0,0.0,10
Kobe Elvis,Ottawa BlackJacks,2026-2027,offense,P&R ball handler,Basket,3,Cut,P&R BH - Defense Commits > Cut > Basket,P&R BH - Defense Commits,Cut,Basket,,,,7,87.5,1.429,83.3,14.3,0.0,0,,,,83.3,,6,83.3,0.0,,,5,1,,6,0.0,71.4,6,5,1,83.3,0,0,0.0,10
Kobe Elvis,Ottawa BlackJacks,2026-2027,offense,P&R ball handler,Make 2 Pts,4,Basket,P&R BH - Defense Commits > Cut > Basket > Make 2 Pts,P&R BH - Defense Commits,Cut,Basket,Make 2 Pts,,,5,71.4,2.0,100.0,0.0,0.0,0,,,,100.0,,5,100.0,0.0,,,5,0,,5,0.0,100.0,5,5,0,100.0,0,0,0.0,10
Kobe Elvis,Ottawa BlackJacks,2026-2027,offense,P&R ball handler,Miss 2 Pts,4,Basket,P&R BH - Defense Commits > Cut > Basket > Miss 2 Pts,P&R BH - Defense Commits,Cut,Basket,Miss 2 Pts,,,1,14.3,0.0,0.0,0.0,0.0,0,,,,0.0,,1,0.0,0.0,,,0,1,,1,0.0,0.0,1,0,1,0.0,0,0,0.0,0
Kobe Elvis,Ottawa BlackJacks,2026-2027,offense,P&R ball handler,Turnover,4,Basket,P&R BH - Defense Commits > Cut > Basket > Turnover,P&R BH - Defense Commits,Cut,Basket,Turnover,,,1,14.3,0.0,,100.0,0.0,0,,,,,,0,,0.0,,,0,0,,0,,0.0,0,0,0,,0,0,,0
Kobe Elvis,Ottawa BlackJacks,2026-2027,offense,P&R ball handler,Flash,3,Cut,P&R BH - Defense Commits > Cut > Flash,P&R BH - Defense Commits,Cut,Flash,,,,1,12.5,0.0,,100.0,0.0,0,,,,,,0,,0.0,,,0,0,,0,,0.0,0,0,0,,0,0,,0
Kobe Elvis,Ottawa BlackJacks,2026-2027,offense,P&R ball handler,Turnover,4,Flash,P&R BH - Defense Commits > Cut > Flash > Turnover,P&R BH - Defense Commits,Cut,Flash,Turnover,,,1,100.0,0.0,,100.0,0.0,0,,,,,,0,,0.0,,,0,0,,0,,0.0,0,0,0,,0,0,,0
Kobe Elvis,Ottawa BlackJacks,2026-2027,offense,P&R ball handler,P&R BH - Traps,1,,P&R BH - Traps,P&R BH - Traps,,,,,,1,0.5,2.0,100.0,0.0,0.0,0,,,,100.0,,1,100.0,0.0,,,1,0,,1,0.0,100.0,1,1,0,100.0,0,0,0.0,2
Kobe Elvis,Ottawa BlackJacks,2026-2027,offense,P&R ball handler,Drives Left,2,P&R BH - Traps,P&R BH - Traps > Drives Left,P&R BH - Traps,Drives Left,,,,,1,100.0,2.0,100.0,0.0,0.0,0,,,,100.0,,1,100.0,0.0,,,1,0,,1,0.0,100.0,1,1,0,100.0,0,0,0.0,2
Kobe Elvis,Ottawa BlackJacks,2026-2027,offense,P&R ball handler,To Basket,3,Drives Left,P&R BH - Traps > Drives Left > To Basket,P&R BH - Traps,Drives Left,To Basket,,,,1,100.0,2.0,100.0,0.0,0.0,0,,,,100.0,,1,100.0,0.0,,,1,0,,1,0.0,100.0,1,1,0,100.0,0,0,0.0,2
Kobe Elvis,Ottawa BlackJacks,2026-2027,offense,P&R ball handler,Make 2 Pts,4,To Basket,P&R BH - Traps > Drives Left > To Basket > Make 2 Pts,P&R BH - Traps,Drives Left,To Basket,Make 2 Pts,,,1,100.0,2.0,100.0,0.0,0.0,0,,,,100.0,,1,100.0,0.0,,,1,0,,1,0.0,100.0,1,1,0,100.0,0,0,0.0,2
Kobe Elvis,Ottawa BlackJacks,2026-2027,offense,Isolation,ISO Including Passes,1,,ISO Including Passes,ISO Including Passes,,,,,,15,7.1,1.067,57.6,6.7,6.7,9,44.4,Very Good,76.0,38.5,33.0,13,53.8,0.0,,,5,8,,14,0.15,40.0,4,1,3,25.0,4,5,0.69,16
Kobe Elvis,Ottawa BlackJacks,2026-2027,offense,Isolation,Isolation,2,ISO Including Passes,ISO Including Passes > Isolation,ISO Including Passes,Isolation,,,,,9,60.0,1.222,69.8,11.1,11.1,4,75.0,,,42.9,,7,64.3,0.0,,,3,4,,8,0.29,44.4,3,0,3,0.0,3,1,0.57,11
Kobe Elvis,Ottawa BlackJacks,2026-2027,offense,Isolation,Top,3,Isolation,ISO Including Passes > Isolation > Top,ISO Including Passes,Isolation,Top,,,,4,44.4,2.25,112.5,0.0,0.0,3,100.0,,,75.0,,4,112.5,0.0,,,3,1,,4,0.0,75.0,1,0,1,0.0,3,0,0.75,9
Kobe Elvis,Ottawa BlackJacks,2026-2027,offense,Isolation,Drives Right,4,Top,ISO Including Passes > Isolation > Top > Drives Right,ISO Including Passes,Isolation,Top,Drives Right,,,2,50.0,1.5,75.0,0.0,0.0,1,100.0,,,50.0,,2,75.0,0.0,,,1,1,,2,0.0,50.0,1,0,1,0.0,1,0,0.5,3
Kobe Elvis,Ottawa BlackJacks,2026-2027,offense,Isolation,Dribble Jumper,5,Drives Right,ISO Including Passes > Isolation > Top > Drives Right > Dribble Jumper,ISO Including Passes,Isolation,Top,Drives Right,Dribble Jumper,,2,100.0,1.5,75.0,0.0,0.0,1,100.0,,,50.0,,2,75.0,0.0,,,1,1,,2,0.0,50.0,1,0,1,0.0,1,0,0.5,3
Kobe Elvis,Ottawa BlackJacks,2026-2027,offense,Isolation,Short to < 17,6,Dribble Jumper,ISO Including Passes > Isolation > Top > Drives Right > Dribble Jumper > Short to < 17,ISO Including Passes,Isolation,Top,Drives Right,Dribble Jumper,Short to < 17,1,50.0,0.0,0.0,0.0,0.0,0,,,,0.0,,1,0.0,0.0,,,0,1,,1,0.0,0.0,1,0,1,0.0,0,0,0.0,0
Kobe Elvis,Ottawa BlackJacks,2026-2027,offense,Isolation,Long/3pt,6,Dribble Jumper,ISO Including Passes > Isolation > Top > Drives Right > Dribble Jumper > Long/3pt,ISO Including Passes,Isolation,Top,Drives Right,Dribble Jumper,Long/3pt,1,50.0,3.0,150.0,0.0,0.0,1,100.0,,,100.0,,1,150.0,0.0,,,1,0,,1,0.0,100.0,0,0,0,,1,0,1.0,3
Kobe Elvis,Ottawa BlackJacks,2026-2027,offense,Isolation,Early Jumper,4,Top,ISO Including Passes > Isolation > Top > Early Jumper,ISO Including Passes,Isolation,Top,Early Jumper,,,2,50.0,3.0,150.0,0.0,0.0,2,100.0,,,100.0,,2,150.0,0.0,,,2,0,,2,0.0,100.0,0,0,0,,2,0,1.0,6
Kobe Elvis,Ottawa BlackJacks,2026-2027,offense,Isolation,Dribble Jumper,5,Early Jumper,ISO Including Passes > Isolation > Top > Early Jumper > Dribble Jumper,ISO Including Passes,Isolation,Top,Early Jumper,Dribble Jumper,,2,100.0,3.0,150.0,0.0,0.0,2,100.0,,,100.0,,2,150.0,0.0,,,2,0,,2,0.0,100.0,0,0,0,,2,0,1.0,6
Kobe Elvis,Ottawa BlackJacks,2026-2027,offense,Isolation,Long/3pt,6,Dribble Jumper,ISO Including Passes > Isolation > Top > Early Jumper > Dribble Jumper > Long/3pt,ISO Including Passes,Isolation,Top,Early Jumper,Dribble Jumper,Long/3pt,2,100.0,3.0,150.0,0.0,0.0,2,100.0,,,100.0,,2,150.0,0.0,,,2,0,,2,0.0,100.0,0,0,0,,2,0,1.0,6
Kobe Elvis,Ottawa BlackJacks,2026-2027,offense,Isolation,Left,3,Isolation,ISO Including Passes > Isolation > Left,ISO Including Passes,Isolation,Left,,,,4,44.4,0.5,34.7,25.0,25.0,1,0.0,,,0.0,,2,0.0,0.0,,,0,2,,3,1.0,25.0,1,0,1,0.0,0,1,0.5,2
Kobe Elvis,Ottawa BlackJacks,2026-2027,offense,Isolation,Foul,4,Left,ISO Including Passes > Isolation > Left > Foul,ISO Including Passes,Isolation,Left,Foul,,,1,25.0,2.0,113.6,0.0,100.0,0,,,,,,0,,0.0,,,0,0,,1,,100.0,0,0,0,,0,0,,2
Kobe Elvis,Ottawa BlackJacks,2026-2027,offense,Isolation,Drives Left,4,Left,ISO Including Passes > Isolation > Left > Drives Left,ISO Including Passes,Isolation,Left,Drives Left,,,1,25.0,0.0,,100.0,0.0,0,,,,,,0,,0.0,,,0,0,,0,,0.0,0,0,0,,0,0,,0
Kobe Elvis,Ottawa BlackJacks,2026-2027,offense,Isolation,Turnover,5,Drives Left,ISO Including Passes > Isolation > Left > Drives Left > Turnover,ISO Including Passes,Isolation,Left,Drives Left,Turnover,,1,100.0,0.0,,100.0,0.0,0,,,,,,0,,0.0,,,0,0,,0,,0.0,0,0,0,,0,0,,0
Kobe Elvis,Ottawa BlackJacks,2026-2027,offense,Isolation,Early Jumper,4,Left,ISO Including Passes > Isolation > Left > Early Jumper,ISO Including Passes,Isolation,Left,Early Jumper,,,1,25.0,0.0,0.0,0.0,0.0,1,0.0,,,0.0,,1,0.0,0.0,,,0,1,,1,0.0,0.0,0,0,0,,0,1,1.0,0
Kobe Elvis,Ottawa BlackJacks,2026-2027,offense,Isolation,Dribble Jumper,5,Early Jumper,ISO Including Passes > Isolation > Left > Early Jumper > Dribble Jumper,ISO Including Passes,Isolation,Left,Early Jumper,Dribble Jumper,,1,100.0,0.0,0.0,0.0,0.0,1,0.0,,,0.0,,1,0.0,0.0,,,0,1,,1,0.0,0.0,0,0,0,,0,1,1.0,0
Kobe Elvis,Ottawa BlackJacks,2026-2027,offense,Isolation,Long/3pt,6,Dribble Jumper,ISO Including Passes > Isolation > Left > Early Jumper > Dribble Jumper > Long/3pt,ISO Including Passes,Isolation,Left,Early Jumper,Dribble Jumper,Long/3pt,1,100.0,0.0,0.0,0.0,0.0,1,0.0,,,0.0,,1,0.0,0.0,,,0,1,,1,0.0,0.0,0,0,0,,0,1,1.0,0
Kobe Elvis,Ottawa BlackJacks,2026-2027,offense,Isolation,Drives Right,4,Left,ISO Including Passes > Isolation > Left > Drives Right,ISO Including Passes,Isolation,Left,Drives Right,,,1,25.0,0.0,0.0,0.0,0.0,0,,,,0.0,,1,0.0,0.0,,,0,1,,1,0.0,0.0,1,0,1,0.0,0,0,0.0,0
Kobe Elvis,Ottawa BlackJacks,2026-2027,offense,Isolation,Dribble Jumper,5,Drives Right,ISO Including Passes > Isolation > Left > Drives Right > Dribble Jumper,ISO Including Passes,Isolation,Left,Drives Right,Dribble Jumper,,1,100.0,0.0,0.0,0.0,0.0,0,,,,0.0,,1,0.0,0.0,,,0,1,,1,0.0,0.0,1,0,1,0.0,0,0,0.0,0
Kobe Elvis,Ottawa BlackJacks,2026-2027,offense,Isolation,Short to < 17,6,Dribble Jumper,ISO Including Passes > Isolation > Left > Drives Right > Dribble Jumper > Short to < 17,ISO Including Passes,Isolation,Left,Drives Right,Dribble Jumper,Short to < 17,1,100.0,0.0,0.0,0.0,0.0,0,,,,0.0,,1,0.0,0.0,,,0,1,,1,0.0,0.0,1,0,1,0.0,0,0,0.0,0
Kobe Elvis,Ottawa BlackJacks,2026-2027,offense,Isolation,Right,3,Isolation,ISO Including Passes > Isolation > Right,ISO Including Passes,Isolation,Right,,,,1,11.1,0.0,0.0,0.0,0.0,0,,,,0.0,,1,0.0,0.0,,,0,1,,1,0.0,0.0,1,0,1,0.0,0,0,0.0,0
Kobe Elvis,Ottawa BlackJacks,2026-2027,offense,Isolation,Drives Right,4,Right,ISO Including Passes > Isolation > Right > Drives Right,ISO Including Passes,Isolation,Right,Drives Right,,,1,100.0,0.0,0.0,0.0,0.0,0,,,,0.0,,1,0.0,0.0,,,0,1,,1,0.0,0.0,1,0,1,0.0,0,0,0.0,0
Kobe Elvis,Ottawa BlackJacks,2026-2027,offense,Isolation,Dribble Jumper,5,Drives Right,ISO Including Passes > Isolation > Right > Drives Right > Dribble Jumper,ISO Including Passes,Isolation,Right,Drives Right,Dribble Jumper,,1,100.0,0.0,0.0,0.0,0.0,0,,,,0.0,,1,0.0,0.0,,,0,1,,1,0.0,0.0,1,0,1,0.0,0,0,0.0,0
Kobe Elvis,Ottawa BlackJacks,2026-2027,offense,Isolation,Short to < 17,6,Dribble Jumper,ISO Including Passes > Isolation > Right > Drives Right > Dribble Jumper > Short to < 17,ISO Including Passes,Isolation,Right,Drives Right,Dribble Jumper,Short to < 17,1,100.0,0.0,0.0,0.0,0.0,0,,,,0.0,,1,0.0,0.0,,,0,1,,1,0.0,0.0,1,0,1,0.0,0,0,0.0,0
Kobe Elvis,Ottawa BlackJacks,2026-2027,offense,Isolation,Spot-Up,2,ISO Including Passes,ISO Including Passes > Spot-Up,ISO Including Passes,Spot-Up,,,,,5,33.3,0.6,30.0,0.0,0.0,5,20.0,,,20.0,,5,30.0,0.0,,,1,4,,5,0.0,20.0,0,0,0,,1,4,1.0,3
Kobe Elvis,Ottawa BlackJacks,2026-2027,offense,Isolation,No Dribble Jumper,3,Spot-Up,ISO Including Passes > Spot-Up > No Dribble Jumper,ISO Including Passes,Spot-Up,No Dribble Jumper,,,,4,80.0,0.75,37.5,0.0,0.0,4,25.0,,,25.0,,4,37.5,0.0,,,1,3,,4,0.0,25.0,0,0,0,,1,3,1.0,3
Kobe Elvis,Ottawa BlackJacks,2026-2027,offense,Isolation,Open,4,No Dribble Jumper,ISO Including Passes > Spot-Up > No Dribble Jumper > Open,ISO Including Passes,Spot-Up,No Dribble Jumper,Open,,,4,100.0,0.75,37.5,0.0,0.0,4,25.0,,,25.0,,4,37.5,0.0,,,1,3,,4,0.0,25.0,0,0,0,,1,3,1.0,3
Kobe Elvis,Ottawa BlackJacks,2026-2027,offense,Isolation,Long/3pt,5,Open,ISO Including Passes > Spot-Up > No Dribble Jumper > Open > Long/3pt,ISO Including Passes,Spot-Up,No Dribble Jumper,Open,Long/3pt,,4,100.0,0.75,37.5,0.0,0.0,4,25.0,,,25.0,,4,37.5,0.0,,,1,3,,4,0.0,25.0,0,0,0,,1,3,1.0,3
Kobe Elvis,Ottawa BlackJacks,2026-2027,offense,Isolation,Miss 3 Pts,6,Long/3pt,ISO Including Passes > Spot-Up > No Dribble Jumper > Open > Long/3pt > Miss 3 Pts,ISO Including Passes,Spot-Up,No Dribble Jumper,Open,Long/3pt,Miss 3 Pts,3,75.0,0.0,0.0,0.0,0.0,3,0.0,,,0.0,,3,0.0,0.0,,,0,3,,3,0.0,0.0,0,0,0,,0,3,1.0,0
Kobe Elvis,Ottawa BlackJacks,2026-2027,offense,Isolation,Make 3 Pts,6,Long/3pt,ISO Including Passes > Spot-Up > No Dribble Jumper > Open > Long/3pt > Make 3 Pts,ISO Including Passes,Spot-Up,No Dribble Jumper,Open,Long/3pt,Make 3 Pts,1,25.0,3.0,150.0,0.0,0.0,1,100.0,,,100.0,,1,150.0,0.0,,,1,0,,1,0.0,100.0,0,0,0,,1,0,1.0,3
Kobe Elvis,Ottawa BlackJacks,2026-2027,offense,Isolation,Drives Straight,3,Spot-Up,ISO Including Passes > Spot-Up > Drives Straight,ISO Including Passes,Spot-Up,Drives Straight,,,,1,20.0,0.0,0.0,0.0,0.0,1,0.0,,,0.0,,1,0.0,0.0,,,0,1,,1,0.0,0.0,0,0,0,,0,1,1.0,0
Kobe Elvis,Ottawa BlackJacks,2026-2027,offense,Isolation,Dribble Jumper,4,Drives Straight,ISO Including Passes > Spot-Up > Drives Straight > Dribble Jumper,ISO Including Passes,Spot-Up,Drives Straight,Dribble Jumper,,,1,100.0,0.0,0.0,0.0,0.0,1,0.0,,,0.0,,1,0.0,0.0,,,0,1,,1,0.0,0.0,0,0,0,,0,1,1.0,0
Kobe Elvis,Ottawa BlackJacks,2026-2027,offense,Isolation,Long/3pt,5,Dribble Jumper,ISO Including Passes > Spot-Up > Drives Straight > Dribble Jumper > Long/3pt,ISO Including Passes,Spot-Up,Drives Straight,Dribble Jumper,Long/3pt,,1,100.0,0.0,0.0,0.0,0.0,1,0.0,,,0.0,,1,0.0,0.0,,,0,1,,1,0.0,0.0,0,0,0,,0,1,1.0,0
Kobe Elvis,Ottawa BlackJacks,2026-2027,offense,Isolation,Miss 3 Pts,6,Long/3pt,ISO Including Passes > Spot-Up > Drives Straight > Dribble Jumper > Long/3pt > Miss 3 Pts,ISO Including Passes,Spot-Up,Drives Straight,Dribble Jumper,Long/3pt,Miss 3 Pts,1,100.0,0.0,0.0,0.0,0.0,1,0.0,,,0.0,,1,0.0,0.0,,,0,1,,1,0.0,0.0,0,0,0,,0,1,1.0,0
Kobe Elvis,Ottawa BlackJacks,2026-2027,offense,Isolation,Cut,2,ISO Including Passes,ISO Including Passes > Cut,ISO Including Passes,Cut,,,,,1,6.7,2.0,100.0,0.0,0.0,0,,,,100.0,,1,100.0,0.0,,,1,0,,1,0.0,100.0,1,1,0,100.0,0,0,0.0,2
Kobe Elvis,Ottawa BlackJacks,2026-2027,offense,Isolation,Basket,3,Cut,ISO Including Passes > Cut > Basket,ISO Including Passes,Cut,Basket,,,,1,100.0,2.0,100.0,0.0,0.0,0,,,,100.0,,1,100.0,0.0,,,1,0,,1,0.0,100.0,1,1,0,100.0,0,0,0.0,2
Kobe Elvis,Ottawa BlackJacks,2026-2027,offense,Isolation,Make 2 Pts,4,Basket,ISO Including Passes > Cut > Basket > Make 2 Pts,ISO Including Passes,Cut,Basket,Make 2 Pts,,,1,100.0,2.0,100.0,0.0,0.0,0,,,,100.0,,1,100.0,0.0,,,1,0,,1,0.0,100.0,1,1,0,100.0,0,0,0.0,2
Kobe Elvis,Ottawa BlackJacks,2026-2027,offense,Isolation,ISO - Defense Commits,1,,ISO - Defense Commits,ISO - Defense Commits,,,,,,6,2.8,0.833,41.7,0.0,0.0,5,20.0,,,33.3,,6,41.7,0.0,,,2,4,,6,0.0,33.3,1,1,0,100.0,1,4,0.83,5
Kobe Elvis,Ottawa BlackJacks,2026-2027,offense,Isolation,Spot-Up,2,ISO - Defense Commits,ISO - Defense Commits > Spot-Up,ISO - Defense Commits,Spot-Up,,,,,5,83.3,0.6,30.0,0.0,0.0,5,20.0,,,20.0,,5,30.0,0.0,,,1,4,,5,0.0,20.0,0,0,0,,1,4,1.0,3
Kobe Elvis,Ottawa BlackJacks,2026-2027,offense,Isolation,No Dribble Jumper,3,Spot-Up,ISO - Defense Commits > Spot-Up > No Dribble Jumper,ISO - Defense Commits,Spot-Up,No Dribble Jumper,,,,4,80.0,0.75,37.5,0.0,0.0,4,25.0,,,25.0,,4,37.5,0.0,,,1,3,,4,0.0,25.0,0,0,0,,1,3,1.0,3
Kobe Elvis,Ottawa BlackJacks,2026-2027,offense,Isolation,Open,4,No Dribble Jumper,ISO - Defense Commits > Spot-Up > No Dribble Jumper > Open,ISO - Defense Commits,Spot-Up,No Dribble Jumper,Open,,,4,100.0,0.75,37.5,0.0,0.0,4,25.0,,,25.0,,4,37.5,0.0,,,1,3,,4,0.0,25.0,0,0,0,,1,3,1.0,3
Kobe Elvis,Ottawa BlackJacks,2026-2027,offense,Isolation,Long/3pt,5,Open,ISO - Defense Commits > Spot-Up > No Dribble Jumper > Open > Long/3pt,ISO - Defense Commits,Spot-Up,No Dribble Jumper,Open,Long/3pt,,4,100.0,0.75,37.5,0.0,0.0,4,25.0,,,25.0,,4,37.5,0.0,,,1,3,,4,0.0,25.0,0,0,0,,1,3,1.0,3
Kobe Elvis,Ottawa BlackJacks,2026-2027,offense,Isolation,Miss 3 Pts,6,Long/3pt,ISO - Defense Commits > Spot-Up > No Dribble Jumper > Open > Long/3pt > Miss 3 Pts,ISO - Defense Commits,Spot-Up,No Dribble Jumper,Open,Long/3pt,Miss 3 Pts,3,75.0,0.0,0.0,0.0,0.0,3,0.0,,,0.0,,3,0.0,0.0,,,0,3,,3,0.0,0.0,0,0,0,,0,3,1.0,0
Kobe Elvis,Ottawa BlackJacks,2026-2027,offense,Isolation,Make 3 Pts,6,Long/3pt,ISO - Defense Commits > Spot-Up > No Dribble Jumper > Open > Long/3pt > Make 3 Pts,ISO - Defense Commits,Spot-Up,No Dribble Jumper,Open,Long/3pt,Make 3 Pts,1,25.0,3.0,150.0,0.0,0.0,1,100.0,,,100.0,,1,150.0,0.0,,,1,0,,1,0.0,100.0,0,0,0,,1,0,1.0,3
Kobe Elvis,Ottawa BlackJacks,2026-2027,offense,Isolation,Drives Straight,3,Spot-Up,ISO - Defense Commits > Spot-Up > Drives Straight,ISO - Defense Commits,Spot-Up,Drives Straight,,,,1,20.0,0.0,0.0,0.0,0.0,1,0.0,,,0.0,,1,0.0,0.0,,,0,1,,1,0.0,0.0,0,0,0,,0,1,1.0,0
Kobe Elvis,Ottawa BlackJacks,2026-2027,offense,Isolation,Dribble Jumper,4,Drives Straight,ISO - Defense Commits > Spot-Up > Drives Straight > Dribble Jumper,ISO - Defense Commits,Spot-Up,Drives Straight,Dribble Jumper,,,1,100.0,0.0,0.0,0.0,0.0,1,0.0,,,0.0,,1,0.0,0.0,,,0,1,,1,0.0,0.0,0,0,0,,0,1,1.0,0
Kobe Elvis,Ottawa BlackJacks,2026-2027,offense,Isolation,Long/3pt,5,Dribble Jumper,ISO - Defense Commits > Spot-Up > Drives Straight > Dribble Jumper > Long/3pt,ISO - Defense Commits,Spot-Up,Drives Straight,Dribble Jumper,Long/3pt,,1,100.0,0.0,0.0,0.0,0.0,1,0.0,,,0.0,,1,0.0,0.0,,,0,1,,1,0.0,0.0,0,0,0,,0,1,1.0,0
Kobe Elvis,Ottawa BlackJacks,2026-2027,offense,Isolation,Miss 3 Pts,6,Long/3pt,ISO - Defense Commits > Spot-Up > Drives Straight > Dribble Jumper > Long/3pt > Miss 3 Pts,ISO - Defense Commits,Spot-Up,Drives Straight,Dribble Jumper,Long/3pt,Miss 3 Pts,1,100.0,0.0,0.0,0.0,0.0,1,0.0,,,0.0,,1,0.0,0.0,,,0,1,,1,0.0,0.0,0,0,0,,0,1,1.0,0
Kobe Elvis,Ottawa BlackJacks,2026-2027,offense,Isolation,Cut,2,ISO - Defense Commits,ISO - Defense Commits > Cut,ISO - Defense Commits,Cut,,,,,1,16.7,2.0,100.0,0.0,0.0,0,,,,100.0,,1,100.0,0.0,,,1,0,,1,0.0,100.0,1,1,0,100.0,0,0,0.0,2
Kobe Elvis,Ottawa BlackJacks,2026-2027,offense,Isolation,Basket,3,Cut,ISO - Defense Commits > Cut > Basket,ISO - Defense Commits,Cut,Basket,,,,1,100.0,2.0,100.0,0.0,0.0,0,,,,100.0,,1,100.0,0.0,,,1,0,,1,0.0,100.0,1,1,0,100.0,0,0,0.0,2
Kobe Elvis,Ottawa BlackJacks,2026-2027,offense,Isolation,Make 2 Pts,4,Basket,ISO - Defense Commits > Cut > Basket > Make 2 Pts,ISO - Defense Commits,Cut,Basket,Make 2 Pts,,,1,100.0,2.0,100.0,0.0,0.0,0,,,,100.0,,1,100.0,0.0,,,1,0,,1,0.0,100.0,1,1,0,100.0,0,0,0.0,2
Kobe Elvis,Ottawa BlackJacks,2026-2027,offense,Post up,Post-Ups Including Passes,1,,Post-Ups Including Passes,Post-Ups Including Passes,,,,,,0,0.0,,,,,0,,,,,,0,,,,,0,0,,0,,,0,0,0,,0,0,,0
Kobe Elvis,Ottawa BlackJacks,2026-2027,offense,Post up,Post-Up - Defense Commits,1,,Post-Up - Defense Commits,Post-Up - Defense Commits,,,,,,0,0.0,,,,,0,,,,,,0,,,,,0,0,,0,,,0,0,0,,0,0,,0
Kobe Elvis,Ottawa BlackJacks,2026-2027,offense,Post up,Post-Up - Hard Double,1,,Post-Up - Hard Double,Post-Up - Hard Double,,,,,,0,0.0,,,,,0,,,,,,0,,,,,0,0,,0,,,0,0,0,,0,0,,0
