PLAYER,TEAM,SEASON,SIDE,TABLE,STAT,DEPTH,PARENT,PATH,LEVEL_1,LEVEL_2,LEVEL_3,LEVEL_4,LEVEL_5,LEVEL_6,POSS,%TIME,PPP,TS%,TO%,%FT,3FG ATT,3 FG%,PPP RATING,PPP RANK,FG%,%TIME RANK,FG ATT,EFG%,%SF,SSQ,PPS,FG MADE,FG MISS,SSM,TSA,FTA/FGA,SCORE%,2 FG ATT,2 FG MADE,2 FG MISS,2 FG%,3 FG MADE,3 FG MISS,3PA/FGA,PTS
Evan  Gilyard Jr.,Calgary Surge,2025-2026,defense,Play types,P&R Ball Handler,1,,P&R Ball Handler,P&R Ball Handler,,,,,,75,40.5,0.653,42.5,24.0,10.7,19,21.1,Very Good,80.0,33.3,82.0,51,37.3,10.7,,,17,34,,57.6,0.29,29.3,32,13,19,40.6,4,15,0.37,49
Evan  Gilyard Jr.,Calgary Surge,2025-2026,defense,Play types,P&R Ball Handler - Overall,2,P&R Ball Handler,P&R Ball Handler > P&R Ball Handler - Overall,P&R Ball Handler,P&R Ball Handler - Overall,,,,,75,100.0,0.653,42.5,24.0,10.7,19,21.1,,,33.3,,51,37.3,10.7,,,17,34,,57.6,0.29,29.3,32,13,19,40.6,4,15,0.37,49
Evan  Gilyard Jr.,Calgary Surge,2025-2026,defense,Play types,High P&R,2,P&R Ball Handler,P&R Ball Handler > High P&R,P&R Ball Handler,High P&R,,,,,51,68.0,0.667,41.6,21.6,11.8,15,20.0,,,30.6,,36,34.7,11.8,,,11,25,,40.8,0.31,27.5,21,8,13,38.1,3,12,0.42,34
Evan  Gilyard Jr.,Calgary Surge,2025-2026,defense,Play types,Dribble Off Pick,3,High P&R,P&R Ball Handler > High P&R > Dribble Off Pick,P&R Ball Handler,High P&R,Dribble Off Pick,,,,42,82.4,0.81,47.4,16.7,14.3,13,23.1,,,35.5,,31,40.3,14.3,,,11,20,,35.8,0.35,33.3,18,8,10,44.4,3,10,0.42,34
Evan  Gilyard Jr.,Calgary Surge,2025-2026,defense,Play types,Dribble Jumper,4,Dribble Off Pick,P&R Ball Handler > High P&R > Dribble Off Pick > Dribble Jumper,P&R Ball Handler,High P&R,Dribble Off Pick,Dribble Jumper,,,20,47.6,0.95,45.8,0.0,10.0,13,23.1,,,31.6,,19,39.5,10.0,,,6,13,,20.8,0.21,35.0,6,3,3,50.0,3,10,0.68,19
Evan  Gilyard Jr.,Calgary Surge,2025-2026,defense,Play types,Long/3pt,5,Dribble Jumper,P&R Ball Handler > High P&R > Dribble Off Pick > Dribble Jumper > Long/3pt,P&R Ball Handler,High P&R,Dribble Off Pick,Dribble Jumper,Long/3pt,,14,70.0,0.929,44.0,0.0,14.3,13,23.1,,,23.1,,13,34.6,14.3,,,3,10,,14.8,0.31,28.6,0,0,0,,3,10,1.0,13
Evan  Gilyard Jr.,Calgary Surge,2025-2026,defense,Play types,Medium/17' to 3pt,5,Dribble Jumper,P&R Ball Handler > High P&R > Dribble Off Pick > Dribble Jumper > Medium/17' to 3pt,P&R Ball Handler,High P&R,Dribble Off Pick,Dribble Jumper,Medium/17' to 3pt,,3,15.0,1.333,66.7,0.0,0.0,0,,,,66.7,,3,66.7,0.0,,,2,1,,3.0,0.0,66.7,3,2,1,66.7,0,0,0.0,4
Evan  Gilyard Jr.,Calgary Surge,2025-2026,defense,Play types,Short to < 17,5,Dribble Jumper,P&R Ball Handler > High P&R > Dribble Off Pick > Dribble Jumper > Short to < 17,P&R Ball Handler,High P&R,Dribble Off Pick,Dribble Jumper,Short to < 17,,3,15.0,0.667,33.3,0.0,0.0,0,,,,33.3,,3,33.3,0.0,,,1,2,,3.0,0.0,33.3,3,1,2,33.3,0,0,0.0,2
Evan  Gilyard Jr.,Calgary Surge,2025-2026,defense,Play types,To Basket,4,Dribble Off Pick,P&R Ball Handler > High P&R > Dribble Off Pick > To Basket,P&R Ball Handler,High P&R,Dribble Off Pick,To Basket,,,15,35.7,1.0,49.7,0.0,26.7,0,,,,41.7,,12,41.7,26.7,,,5,7,,15.1,0.58,46.7,12,5,7,41.7,0,0,0.0,15
Evan  Gilyard Jr.,Calgary Surge,2025-2026,defense,Play types,Miss 2 Pts,5,To Basket,P&R Ball Handler > High P&R > Dribble Off Pick > To Basket > Miss 2 Pts,P&R Ball Handler,High P&R,Dribble Off Pick,To Basket,Miss 2 Pts,,7,46.7,0.0,0.0,0.0,0.0,0,,,,0.0,,7,0.0,0.0,,,0,7,,7.0,0.0,0.0,7,0,7,0.0,0,0,0.0,0
Evan  Gilyard Jr.,Calgary Surge,2025-2026,defense,Play types,Make 2 Pts,5,To Basket,P&R Ball Handler > High P&R > Dribble Off Pick > To Basket > Make 2 Pts,P&R Ball Handler,High P&R,Dribble Off Pick,To Basket,Make 2 Pts,,4,26.7,2.0,100.0,0.0,0.0,0,,,,100.0,,4,100.0,0.0,,,4,0,,4.0,0.0,100.0,4,4,0,100.0,0,0,0.0,8
Evan  Gilyard Jr.,Calgary Surge,2025-2026,defense,Play types,Foul,5,To Basket,P&R Ball Handler > High P&R > Dribble Off Pick > To Basket > Foul,P&R Ball Handler,High P&R,Dribble Off Pick,To Basket,Foul,,3,20.0,1.333,75.8,0.0,100.0,0,,,,,,0,,100.0,,,0,0,,2.6,,66.7,0,0,0,,0,0,,4
Evan  Gilyard Jr.,Calgary Surge,2025-2026,defense,Play types,Make 2 Pts Foul,5,To Basket,P&R Ball Handler > High P&R > Dribble Off Pick > To Basket > Make 2 Pts Foul,P&R Ball Handler,High P&R,Dribble Off Pick,To Basket,Make 2 Pts Foul,,1,6.7,3.0,104.2,0.0,100.0,0,,,,100.0,,1,100.0,100.0,,,1,0,,1.4,1.0,100.0,1,1,0,100.0,0,0,0.0,3
Evan  Gilyard Jr.,Calgary Surge,2025-2026,defense,Play types,Defense Commits,4,Dribble Off Pick,P&R Ball Handler > High P&R > Dribble Off Pick > Defense Commits,P&R Ball Handler,High P&R,Dribble Off Pick,Defense Commits,,,6,14.3,0.0,,100.0,0.0,0,,,,,,0,,0.0,,,0,0,,0.0,,0.0,0,0,0,,0,0,,0
Evan  Gilyard Jr.,Calgary Surge,2025-2026,defense,Play types,Turnover,5,Defense Commits,P&R Ball Handler > High P&R > Dribble Off Pick > Defense Commits > Turnover,P&R Ball Handler,High P&R,Dribble Off Pick,Defense Commits,Turnover,,6,100.0,0.0,,100.0,0.0,0,,,,,,0,,0.0,,,0,0,,0.0,,0.0,0,0,0,,0,0,,0
Evan  Gilyard Jr.,Calgary Surge,2025-2026,defense,Play types,Turnover,4,Dribble Off Pick,P&R Ball Handler > High P&R > Dribble Off Pick > Turnover,P&R Ball Handler,High P&R,Dribble Off Pick,Turnover,,,1,2.4,0.0,,100.0,0.0,0,,,,,,0,,0.0,,,0,0,,0.0,,0.0,0,0,0,,0,0,,0
Evan  Gilyard Jr.,Calgary Surge,2025-2026,defense,Play types,Go Away from Pick,3,High P&R,P&R Ball Handler > High P&R > Go Away from Pick,P&R Ball Handler,High P&R,Go Away from Pick,,,,8,15.7,0.0,0.0,37.5,0.0,2,0.0,,,0.0,,5,0.0,0.0,,,0,5,,5.0,0.0,0.0,3,0,3,0.0,0,2,0.4,0
Evan  Gilyard Jr.,Calgary Surge,2025-2026,defense,Play types,To Basket,4,Go Away from Pick,P&R Ball Handler > High P&R > Go Away from Pick > To Basket,P&R Ball Handler,High P&R,Go Away from Pick,To Basket,,,3,37.5,0.0,0.0,0.0,0.0,0,,,,0.0,,3,0.0,0.0,,,0,3,,3.0,0.0,0.0,3,0,3,0.0,0,0,0.0,0
Evan  Gilyard Jr.,Calgary Surge,2025-2026,defense,Play types,Miss 2 Pts,5,To Basket,P&R Ball Handler > High P&R > Go Away from Pick > To Basket > Miss 2 Pts,P&R Ball Handler,High P&R,Go Away from Pick,To Basket,Miss 2 Pts,,3,100.0,0.0,0.0,0.0,0.0,0,,,,0.0,,3,0.0,0.0,,,0,3,,3.0,0.0,0.0,3,0,3,0.0,0,0,0.0,0
Evan  Gilyard Jr.,Calgary Surge,2025-2026,defense,Play types,Dribble Jumper,4,Go Away from Pick,P&R Ball Handler > High P&R > Go Away from Pick > Dribble Jumper,P&R Ball Handler,High P&R,Go Away from Pick,Dribble Jumper,,,2,25.0,0.0,0.0,0.0,0.0,2,0.0,,,0.0,,2,0.0,0.0,,,0,2,,2.0,0.0,0.0,0,0,0,,0,2,1.0,0
Evan  Gilyard Jr.,Calgary Surge,2025-2026,defense,Play types,Long/3pt,5,Dribble Jumper,P&R Ball Handler > High P&R > Go Away from Pick > Dribble Jumper > Long/3pt,P&R Ball Handler,High P&R,Go Away from Pick,Dribble Jumper,Long/3pt,,2,100.0,0.0,0.0,0.0,0.0,2,0.0,,,0.0,,2,0.0,0.0,,,0,2,,2.0,0.0,0.0,0,0,0,,0,2,1.0,0
Evan  Gilyard Jr.,Calgary Surge,2025-2026,defense,Play types,Defense Commits,4,Go Away from Pick,P&R Ball Handler > High P&R > Go Away from Pick > Defense Commits,P&R Ball Handler,High P&R,Go Away from Pick,Defense Commits,,,2,25.0,0.0,,100.0,0.0,0,,,,,,0,,0.0,,,0,0,,0.0,,0.0,0,0,0,,0,0,,0
Evan  Gilyard Jr.,Calgary Surge,2025-2026,defense,Play types,Turnover,5,Defense Commits,P&R Ball Handler > High P&R > Go Away from Pick > Defense Commits > Turnover,P&R Ball Handler,High P&R,Go Away from Pick,Defense Commits,Turnover,,2,100.0,0.0,,100.0,0.0,0,,,,,,0,,0.0,,,0,0,,0.0,,0.0,0,0,0,,0,0,,0
Evan  Gilyard Jr.,Calgary Surge,2025-2026,defense,Play types,Turnover,4,Go Away from Pick,P&R Ball Handler > High P&R > Go Away from Pick > Turnover,P&R Ball Handler,High P&R,Go Away from Pick,Turnover,,,1,12.5,0.0,,100.0,0.0,0,,,,,,0,,0.0,,,0,0,,0.0,,0.0,0,0,0,,0,0,,0
Evan  Gilyard Jr.,Calgary Surge,2025-2026,defense,Play types,Takes Early Jump Shot,3,High P&R,P&R Ball Handler > High P&R > Takes Early Jump Shot,P&R Ball Handler,High P&R,Takes Early Jump Shot,,,,1,2.0,0.0,,100.0,0.0,0,,,,,,0,,0.0,,,0,0,,0.0,,0.0,0,0,0,,0,0,,0
Evan  Gilyard Jr.,Calgary Surge,2025-2026,defense,Play types,Turnover,4,Takes Early Jump Shot,P&R Ball Handler > High P&R > Takes Early Jump Shot > Turnover,P&R Ball Handler,High P&R,Takes Early Jump Shot,Turnover,,,1,100.0,0.0,,100.0,0.0,0,,,,,,0,,0.0,,,0,0,,0.0,,0.0,0,0,0,,0,0,,0
Evan  Gilyard Jr.,Calgary Surge,2025-2026,defense,Play types,Right P&R,2,P&R Ball Handler,P&R Ball Handler > Right P&R,P&R Ball Handler,Right P&R,,,,,16,21.3,0.5,40.5,37.5,6.3,2,50.0,,,33.3,,9,38.9,6.3,,,3,6,,9.9,0.22,25.0,7,2,5,28.6,1,1,0.22,8
Evan  Gilyard Jr.,Calgary Surge,2025-2026,defense,Play types,Baseline,3,Right P&R,P&R Ball Handler > Right P&R > Baseline,P&R Ball Handler,Right P&R,Baseline,,,,10,62.5,0.6,51.0,40.0,10.0,2,50.0,,,40.0,,5,50.0,10.0,,,2,3,,5.9,0.4,30.0,3,1,2,33.3,1,1,0.4,6
Evan  Gilyard Jr.,Calgary Surge,2025-2026,defense,Play types,Dribble Off Pick,4,Baseline,P&R Ball Handler > Right P&R > Baseline > Dribble Off Pick,P&R Ball Handler,Right P&R,Baseline,Dribble Off Pick,,,10,100.0,0.6,51.0,40.0,10.0,2,50.0,,,40.0,,5,50.0,10.0,,,2,3,,5.9,0.4,30.0,3,1,2,33.3,1,1,0.4,6
Evan  Gilyard Jr.,Calgary Surge,2025-2026,defense,Play types,Dribble Jumper,5,Dribble Off Pick,P&R Ball Handler > Right P&R > Baseline > Dribble Off Pick > Dribble Jumper,P&R Ball Handler,Right P&R,Baseline,Dribble Off Pick,Dribble Jumper,,4,40.0,0.75,37.5,0.0,0.0,2,50.0,,,25.0,,4,37.5,0.0,,,1,3,,4.0,0.0,25.0,2,0,2,0.0,1,1,0.5,3
Evan  Gilyard Jr.,Calgary Surge,2025-2026,defense,Play types,Defense Commits,5,Dribble Off Pick,P&R Ball Handler > Right P&R > Baseline > Dribble Off Pick > Defense Commits,P&R Ball Handler,Right P&R,Baseline,Dribble Off Pick,Defense Commits,,4,40.0,0.0,,100.0,0.0,0,,,,,,0,,0.0,,,0,0,,0.0,,0.0,0,0,0,,0,0,,0
Evan  Gilyard Jr.,Calgary Surge,2025-2026,defense,Play types,To Basket,5,Dribble Off Pick,P&R Ball Handler > Right P&R > Baseline > Dribble Off Pick > To Basket,P&R Ball Handler,Right P&R,Baseline,Dribble Off Pick,To Basket,,2,20.0,1.5,79.8,0.0,50.0,0,,,,100.0,,1,100.0,50.0,,,1,0,,1.9,2.0,100.0,1,1,0,100.0,0,0,0.0,3
Evan  Gilyard Jr.,Calgary Surge,2025-2026,defense,Play types,Side,3,Right P&R,P&R Ball Handler > Right P&R > Side,P&R Ball Handler,Right P&R,Side,,,,6,37.5,0.333,25.0,33.3,0.0,0,,,,25.0,,4,25.0,0.0,,,1,3,,4.0,0.0,16.7,4,1,3,25.0,0,0,0.0,2
Evan  Gilyard Jr.,Calgary Surge,2025-2026,defense,Play types,Dribble Off Pick,4,Side,P&R Ball Handler > Right P&R > Side > Dribble Off Pick,P&R Ball Handler,Right P&R,Side,Dribble Off Pick,,,4,66.7,0.5,33.3,25.0,0.0,0,,,,33.3,,3,33.3,0.0,,,1,2,,3.0,0.0,25.0,3,1,2,33.3,0,0,0.0,2
Evan  Gilyard Jr.,Calgary Surge,2025-2026,defense,Play types,To Basket,5,Dribble Off Pick,P&R Ball Handler > Right P&R > Side > Dribble Off Pick > To Basket,P&R Ball Handler,Right P&R,Side,Dribble Off Pick,To Basket,,3,75.0,0.667,50.0,33.3,0.0,0,,,,50.0,,2,50.0,0.0,,,1,1,,2.0,0.0,33.3,2,1,1,50.0,0,0,0.0,2
Evan  Gilyard Jr.,Calgary Surge,2025-2026,defense,Play types,Dribble Jumper,5,Dribble Off Pick,P&R Ball Handler > Right P&R > Side > Dribble Off Pick > Dribble Jumper,P&R Ball Handler,Right P&R,Side,Dribble Off Pick,Dribble Jumper,,1,25.0,0.0,0.0,0.0,0.0,0,,,,0.0,,1,0.0,0.0,,,0,1,,1.0,0.0,0.0,1,0,1,0.0,0,0,0.0,0
Evan  Gilyard Jr.,Calgary Surge,2025-2026,defense,Play types,Go Away from Pick,4,Side,P&R Ball Handler > Right P&R > Side > Go Away from Pick,P&R Ball Handler,Right P&R,Side,Go Away from Pick,,,2,33.3,0.0,0.0,50.0,0.0,0,,,,0.0,,1,0.0,0.0,,,0,1,,1.0,0.0,0.0,1,0,1,0.0,0,0,0.0,0
Evan  Gilyard Jr.,Calgary Surge,2025-2026,defense,Play types,To Basket,5,Go Away from Pick,P&R Ball Handler > Right P&R > Side > Go Away from Pick > To Basket,P&R Ball Handler,Right P&R,Side,Go Away from Pick,To Basket,,1,50.0,0.0,0.0,0.0,0.0,0,,,,0.0,,1,0.0,0.0,,,0,1,,1.0,0.0,0.0,1,0,1,0.0,0,0,0.0,0
Evan  Gilyard Jr.,Calgary Surge,2025-2026,defense,Play types,Defense Commits,5,Go Away from Pick,P&R Ball Handler > Right P&R > Side > Go Away from Pick > Defense Commits,P&R Ball Handler,Right P&R,Side,Go Away from Pick,Defense Commits,,1,50.0,0.0,,100.0,0.0,0,,,,,,0,,0.0,,,0,0,,0.0,,0.0,0,0,0,,0,0,,0
Evan  Gilyard Jr.,Calgary Surge,2025-2026,defense,Play types,Left P&R,2,P&R Ball Handler,P&R Ball Handler > Left P&R,P&R Ball Handler,Left P&R,,,,,8,10.7,0.875,50.9,12.5,12.5,2,0.0,,,50.0,,6,50.0,12.5,,,3,3,,6.9,0.33,50.0,4,3,1,75.0,0,2,0.33,7
Evan  Gilyard Jr.,Calgary Surge,2025-2026,defense,Play types,Baseline,3,Left P&R,P&R Ball Handler > Left P&R > Baseline,P&R Ball Handler,Left P&R,Baseline,,,,5,62.5,1.0,51.2,0.0,20.0,2,0.0,,,50.0,,4,50.0,20.0,,,2,2,,4.9,0.5,60.0,2,2,0,100.0,0,2,0.5,5
Evan  Gilyard Jr.,Calgary Surge,2025-2026,defense,Play types,Dribble Off Pick,4,Baseline,P&R Ball Handler > Left P&R > Baseline > Dribble Off Pick,P&R Ball Handler,Left P&R,Baseline,Dribble Off Pick,,,5,100.0,1.0,51.2,0.0,20.0,2,0.0,,,50.0,,4,50.0,20.0,,,2,2,,4.9,0.5,60.0,2,2,0,100.0,0,2,0.5,5
Evan  Gilyard Jr.,Calgary Surge,2025-2026,defense,Play types,Dribble Jumper,5,Dribble Off Pick,P&R Ball Handler > Left P&R > Baseline > Dribble Off Pick > Dribble Jumper,P&R Ball Handler,Left P&R,Baseline,Dribble Off Pick,Dribble Jumper,,3,60.0,0.667,33.3,0.0,0.0,2,0.0,,,33.3,,3,33.3,0.0,,,1,2,,3.0,0.0,33.3,1,1,0,100.0,0,2,0.67,2
Evan  Gilyard Jr.,Calgary Surge,2025-2026,defense,Play types,To Basket,5,Dribble Off Pick,P&R Ball Handler > Left P&R > Baseline > Dribble Off Pick > To Basket,P&R Ball Handler,Left P&R,Baseline,Dribble Off Pick,To Basket,,2,40.0,1.5,79.8,0.0,50.0,0,,,,100.0,,1,100.0,50.0,,,1,0,,1.9,2.0,100.0,1,1,0,100.0,0,0,0.0,3
Evan  Gilyard Jr.,Calgary Surge,2025-2026,defense,Play types,Side,3,Left P&R,P&R Ball Handler > Left P&R > Side,P&R Ball Handler,Left P&R,Side,,,,3,37.5,0.667,50.0,33.3,0.0,0,,,,50.0,,2,50.0,0.0,,,1,1,,2.0,0.0,33.3,2,1,1,50.0,0,0,0.0,2
Evan  Gilyard Jr.,Calgary Surge,2025-2026,defense,Play types,Dribble Off Pick,4,Side,P&R Ball Handler > Left P&R > Side > Dribble Off Pick,P&R Ball Handler,Left P&R,Side,Dribble Off Pick,,,2,66.7,1.0,100.0,50.0,0.0,0,,,,100.0,,1,100.0,0.0,,,1,0,,1.0,0.0,50.0,1,1,0,100.0,0,0,0.0,2
Evan  Gilyard Jr.,Calgary Surge,2025-2026,defense,Play types,Defense Commits,5,Dribble Off Pick,P&R Ball Handler > Left P&R > Side > Dribble Off Pick > Defense Commits,P&R Ball Handler,Left P&R,Side,Dribble Off Pick,Defense Commits,,1,50.0,0.0,,100.0,0.0,0,,,,,,0,,0.0,,,0,0,,0.0,,0.0,0,0,0,,0,0,,0
Evan  Gilyard Jr.,Calgary Surge,2025-2026,defense,Play types,Dribble Jumper,5,Dribble Off Pick,P&R Ball Handler > Left P&R > Side > Dribble Off Pick > Dribble Jumper,P&R Ball Handler,Left P&R,Side,Dribble Off Pick,Dribble Jumper,,1,50.0,2.0,100.0,0.0,0.0,0,,,,100.0,,1,100.0,0.0,,,1,0,,1.0,0.0,100.0,1,1,0,100.0,0,0,0.0,2
Evan  Gilyard Jr.,Calgary Surge,2025-2026,defense,Play types,Go Away from Pick,4,Side,P&R Ball Handler > Left P&R > Side > Go Away from Pick,P&R Ball Handler,Left P&R,Side,Go Away from Pick,,,1,33.3,0.0,0.0,0.0,0.0,0,,,,0.0,,1,0.0,0.0,,,0,1,,1.0,0.0,0.0,1,0,1,0.0,0,0,0.0,0
Evan  Gilyard Jr.,Calgary Surge,2025-2026,defense,Play types,To Basket,5,Go Away from Pick,P&R Ball Handler > Left P&R > Side > Go Away from Pick > To Basket,P&R Ball Handler,Left P&R,Side,Go Away from Pick,To Basket,,1,100.0,0.0,0.0,0.0,0.0,0,,,,0.0,,1,0.0,0.0,,,0,1,,1.0,0.0,0.0,1,0,1,0.0,0,0,0.0,0
Evan  Gilyard Jr.,Calgary Surge,2025-2026,defense,Play types,Spot Up,1,,Spot Up,Spot Up,,,,,,57,30.8,1.105,57.3,3.5,0.0,45,42.2,Below Average,27.0,40.0,26.0,55,57.3,0.0,,,22,33,,55.0,0.0,38.6,10,3,7,30.0,19,26,0.82,63
Evan  Gilyard Jr.,Calgary Surge,2025-2026,defense,Play types,No Dribble Jumper,2,Spot Up,Spot Up > No Dribble Jumper,Spot Up,No Dribble Jumper,,,,,43,75.4,1.186,59.3,0.0,0.0,42,40.5,,,39.5,,43,59.3,0.0,,,17,26,,43.0,0.0,39.5,1,0,1,0.0,17,25,0.98,51
Evan  Gilyard Jr.,Calgary Surge,2025-2026,defense,Play types,Open,3,No Dribble Jumper,Spot Up > No Dribble Jumper > Open,Spot Up,No Dribble Jumper,Open,,,,22,51.2,1.5,75.0,0.0,0.0,22,50.0,,,50.0,,22,75.0,0.0,,,11,11,,22.0,0.0,50.0,0,0,0,,11,11,1.0,33
Evan  Gilyard Jr.,Calgary Surge,2025-2026,defense,Play types,Long/3pt,4,Open,Spot Up > No Dribble Jumper > Open > Long/3pt,Spot Up,No Dribble Jumper,Open,Long/3pt,,,22,100.0,1.5,75.0,0.0,0.0,22,50.0,,,50.0,,22,75.0,0.0,,,11,11,,22.0,0.0,50.0,0,0,0,,11,11,1.0,33
Evan  Gilyard Jr.,Calgary Surge,2025-2026,defense,Play types,Make 3 Pts,5,Long/3pt,Spot Up > No Dribble Jumper > Open > Long/3pt > Make 3 Pts,Spot Up,No Dribble Jumper,Open,Long/3pt,Make 3 Pts,,11,50.0,3.0,150.0,0.0,0.0,11,100.0,,,100.0,,11,150.0,0.0,,,11,0,,11.0,0.0,100.0,0,0,0,,11,0,1.0,33
Evan  Gilyard Jr.,Calgary Surge,2025-2026,defense,Play types,Miss 3 Pts,5,Long/3pt,Spot Up > No Dribble Jumper > Open > Long/3pt > Miss 3 Pts,Spot Up,No Dribble Jumper,Open,Long/3pt,Miss 3 Pts,,11,50.0,0.0,0.0,0.0,0.0,11,0.0,,,0.0,,11,0.0,0.0,,,0,11,,11.0,0.0,0.0,0,0,0,,0,11,1.0,0
Evan  Gilyard Jr.,Calgary Surge,2025-2026,defense,Play types,Guarded,3,No Dribble Jumper,Spot Up > No Dribble Jumper > Guarded,Spot Up,No Dribble Jumper,Guarded,,,,21,48.8,0.857,42.9,0.0,0.0,20,30.0,,,28.6,,21,42.9,0.0,,,6,15,,21.0,0.0,28.6,1,0,1,0.0,6,14,0.95,18
Evan  Gilyard Jr.,Calgary Surge,2025-2026,defense,Play types,Long/3pt,4,Guarded,Spot Up > No Dribble Jumper > Guarded > Long/3pt,Spot Up,No Dribble Jumper,Guarded,Long/3pt,,,20,95.2,0.9,45.0,0.0,0.0,20,30.0,,,30.0,,20,45.0,0.0,,,6,14,,20.0,0.0,30.0,0,0,0,,6,14,1.0,18
Evan  Gilyard Jr.,Calgary Surge,2025-2026,defense,Play types,Miss 3 Pts,5,Long/3pt,Spot Up > No Dribble Jumper > Guarded > Long/3pt > Miss 3 Pts,Spot Up,No Dribble Jumper,Guarded,Long/3pt,Miss 3 Pts,,14,70.0,0.0,0.0,0.0,0.0,14,0.0,,,0.0,,14,0.0,0.0,,,0,14,,14.0,0.0,0.0,0,0,0,,0,14,1.0,0
Evan  Gilyard Jr.,Calgary Surge,2025-2026,defense,Play types,Make 3 Pts,5,Long/3pt,Spot Up > No Dribble Jumper > Guarded > Long/3pt > Make 3 Pts,Spot Up,No Dribble Jumper,Guarded,Long/3pt,Make 3 Pts,,6,30.0,3.0,150.0,0.0,0.0,6,100.0,,,100.0,,6,150.0,0.0,,,6,0,,6.0,0.0,100.0,0,0,0,,6,0,1.0,18
Evan  Gilyard Jr.,Calgary Surge,2025-2026,defense,Play types,Medium/17' to 3pt,4,Guarded,Spot Up > No Dribble Jumper > Guarded > Medium/17' to 3pt,Spot Up,No Dribble Jumper,Guarded,Medium/17' to 3pt,,,1,4.8,0.0,0.0,0.0,0.0,0,,,,0.0,,1,0.0,0.0,,,0,1,,1.0,0.0,0.0,1,0,1,0.0,0,0,0.0,0
Evan  Gilyard Jr.,Calgary Surge,2025-2026,defense,Play types,Miss 2 Pts,5,Medium/17' to 3pt,Spot Up > No Dribble Jumper > Guarded > Medium/17' to 3pt > Miss 2 Pts,Spot Up,No Dribble Jumper,Guarded,Medium/17' to 3pt,Miss 2 Pts,,1,100.0,0.0,0.0,0.0,0.0,0,,,,0.0,,1,0.0,0.0,,,0,1,,1.0,0.0,0.0,1,0,1,0.0,0,0,0.0,0
Evan  Gilyard Jr.,Calgary Surge,2025-2026,defense,Play types,Drives Left,2,Spot Up,Spot Up > Drives Left,Spot Up,Drives Left,,,,,7,12.3,1.286,75.0,14.3,0.0,2,50.0,,,66.7,,6,75.0,0.0,,,4,2,,6.0,0.0,57.1,4,3,1,75.0,1,1,0.33,9
Evan  Gilyard Jr.,Calgary Surge,2025-2026,defense,Play types,To Basket,3,Drives Left,Spot Up > Drives Left > To Basket,Spot Up,Drives Left,To Basket,,,,4,57.1,1.0,66.7,25.0,0.0,0,,,,66.7,,3,66.7,0.0,,,2,1,,3.0,0.0,50.0,3,2,1,66.7,0,0,0.0,4
Evan  Gilyard Jr.,Calgary Surge,2025-2026,defense,Play types,Make 2 Pts,4,To Basket,Spot Up > Drives Left > To Basket > Make 2 Pts,Spot Up,Drives Left,To Basket,Make 2 Pts,,,2,50.0,2.0,100.0,0.0,0.0,0,,,,100.0,,2,100.0,0.0,,,2,0,,2.0,0.0,100.0,2,2,0,100.0,0,0,0.0,4
Evan  Gilyard Jr.,Calgary Surge,2025-2026,defense,Play types,Turnover,4,To Basket,Spot Up > Drives Left > To Basket > Turnover,Spot Up,Drives Left,To Basket,Turnover,,,1,25.0,0.0,,100.0,0.0,0,,,,,,0,,0.0,,,0,0,,0.0,,0.0,0,0,0,,0,0,,0
Evan  Gilyard Jr.,Calgary Surge,2025-2026,defense,Play types,Miss 2 Pts,4,To Basket,Spot Up > Drives Left > To Basket > Miss 2 Pts,Spot Up,Drives Left,To Basket,Miss 2 Pts,,,1,25.0,0.0,0.0,0.0,0.0,0,,,,0.0,,1,0.0,0.0,,,0,1,,1.0,0.0,0.0,1,0,1,0.0,0,0,0.0,0
Evan  Gilyard Jr.,Calgary Surge,2025-2026,defense,Play types,Dribble Jumper,3,Drives Left,Spot Up > Drives Left > Dribble Jumper,Spot Up,Drives Left,Dribble Jumper,,,,3,42.9,1.667,83.3,0.0,0.0,2,50.0,,,66.7,,3,83.3,0.0,,,2,1,,3.0,0.0,66.7,1,1,0,100.0,1,1,0.67,5
Evan  Gilyard Jr.,Calgary Surge,2025-2026,defense,Play types,Long/3pt,4,Dribble Jumper,Spot Up > Drives Left > Dribble Jumper > Long/3pt,Spot Up,Drives Left,Dribble Jumper,Long/3pt,,,2,66.7,1.5,75.0,0.0,0.0,2,50.0,,,50.0,,2,75.0,0.0,,,1,1,,2.0,0.0,50.0,0,0,0,,1,1,1.0,3
Evan  Gilyard Jr.,Calgary Surge,2025-2026,defense,Play types,Make 3 Pts,5,Long/3pt,Spot Up > Drives Left > Dribble Jumper > Long/3pt > Make 3 Pts,Spot Up,Drives Left,Dribble Jumper,Long/3pt,Make 3 Pts,,1,50.0,3.0,150.0,0.0,0.0,1,100.0,,,100.0,,1,150.0,0.0,,,1,0,,1.0,0.0,100.0,0,0,0,,1,0,1.0,3
Evan  Gilyard Jr.,Calgary Surge,2025-2026,defense,Play types,Miss 3 Pts,5,Long/3pt,Spot Up > Drives Left > Dribble Jumper > Long/3pt > Miss 3 Pts,Spot Up,Drives Left,Dribble Jumper,Long/3pt,Miss 3 Pts,,1,50.0,0.0,0.0,0.0,0.0,1,0.0,,,0.0,,1,0.0,0.0,,,0,1,,1.0,0.0,0.0,0,0,0,,0,1,1.0,0
Evan  Gilyard Jr.,Calgary Surge,2025-2026,defense,Play types,Short to < 17,4,Dribble Jumper,Spot Up > Drives Left > Dribble Jumper > Short to < 17,Spot Up,Drives Left,Dribble Jumper,Short to < 17,,,1,33.3,2.0,100.0,0.0,0.0,0,,,,100.0,,1,100.0,0.0,,,1,0,,1.0,0.0,100.0,1,1,0,100.0,0,0,0.0,2
Evan  Gilyard Jr.,Calgary Surge,2025-2026,defense,Play types,Make 2 Pts,5,Short to < 17,Spot Up > Drives Left > Dribble Jumper > Short to < 17 > Make 2 Pts,Spot Up,Drives Left,Dribble Jumper,Short to < 17,Make 2 Pts,,1,100.0,2.0,100.0,0.0,0.0,0,,,,100.0,,1,100.0,0.0,,,1,0,,1.0,0.0,100.0,1,1,0,100.0,0,0,0.0,2
Evan  Gilyard Jr.,Calgary Surge,2025-2026,defense,Play types,Drives Right,2,Spot Up,Spot Up > Drives Right,Spot Up,Drives Right,,,,,6,10.5,0.0,0.0,16.7,0.0,0,,,,0.0,,5,0.0,0.0,,,0,5,,5.0,0.0,0.0,5,0,5,0.0,0,0,0.0,0
Evan  Gilyard Jr.,Calgary Surge,2025-2026,defense,Play types,To Basket,3,Drives Right,Spot Up > Drives Right > To Basket,Spot Up,Drives Right,To Basket,,,,5,83.3,0.0,0.0,0.0,0.0,0,,,,0.0,,5,0.0,0.0,,,0,5,,5.0,0.0,0.0,5,0,5,0.0,0,0,0.0,0
Evan  Gilyard Jr.,Calgary Surge,2025-2026,defense,Play types,Miss 2 Pts,4,To Basket,Spot Up > Drives Right > To Basket > Miss 2 Pts,Spot Up,Drives Right,To Basket,Miss 2 Pts,,,5,100.0,0.0,0.0,0.0,0.0,0,,,,0.0,,5,0.0,0.0,,,0,5,,5.0,0.0,0.0,5,0,5,0.0,0,0,0.0,0
Evan  Gilyard Jr.,Calgary Surge,2025-2026,defense,Play types,Turnover,3,Drives Right,Spot Up > Drives Right > Turnover,Spot Up,Drives Right,Turnover,,,,1,16.7,0.0,,100.0,0.0,0,,,,,,0,,0.0,,,0,0,,0.0,,0.0,0,0,0,,0,0,,0
Evan  Gilyard Jr.,Calgary Surge,2025-2026,defense,Play types,Drives Straight,2,Spot Up,Spot Up > Drives Straight,Spot Up,Drives Straight,,,,,1,1.8,3.0,150.0,0.0,0.0,1,100.0,,,100.0,,1,150.0,0.0,,,1,0,,1.0,0.0,100.0,0,0,0,,1,0,1.0,3
Evan  Gilyard Jr.,Calgary Surge,2025-2026,defense,Play types,Dribble Jumper,3,Drives Straight,Spot Up > Drives Straight > Dribble Jumper,Spot Up,Drives Straight,Dribble Jumper,,,,1,100.0,3.0,150.0,0.0,0.0,1,100.0,,,100.0,,1,150.0,0.0,,,1,0,,1.0,0.0,100.0,0,0,0,,1,0,1.0,3
Evan  Gilyard Jr.,Calgary Surge,2025-2026,defense,Play types,Long/3pt,4,Dribble Jumper,Spot Up > Drives Straight > Dribble Jumper > Long/3pt,Spot Up,Drives Straight,Dribble Jumper,Long/3pt,,,1,100.0,3.0,150.0,0.0,0.0,1,100.0,,,100.0,,1,150.0,0.0,,,1,0,,1.0,0.0,100.0,0,0,0,,1,0,1.0,3
Evan  Gilyard Jr.,Calgary Surge,2025-2026,defense,Play types,Make 3 Pts,5,Long/3pt,Spot Up > Drives Straight > Dribble Jumper > Long/3pt > Make 3 Pts,Spot Up,Drives Straight,Dribble Jumper,Long/3pt,Make 3 Pts,,1,100.0,3.0,150.0,0.0,0.0,1,100.0,,,100.0,,1,150.0,0.0,,,1,0,,1.0,0.0,100.0,0,0,0,,1,0,1.0,3
Evan  Gilyard Jr.,Calgary Surge,2025-2026,defense,Play types,Isolation,1,,Isolation,Isolation,,,,,,16,8.6,0.875,49.7,12.5,25.0,3,0.0,Average,41.0,36.4,12.0,11,36.4,25.0,,,4,7,,14.1,0.64,43.8,8,4,4,50.0,0,3,0.27,14
Evan  Gilyard Jr.,Calgary Surge,2025-2026,defense,Play types,Isolation - Overall,2,Isolation,Isolation > Isolation - Overall,Isolation,Isolation - Overall,,,,,16,100.0,0.875,49.7,12.5,25.0,3,0.0,,,36.4,,11,36.4,25.0,,,4,7,,14.1,0.64,43.8,8,4,4,50.0,0,3,0.27,14
Evan  Gilyard Jr.,Calgary Surge,2025-2026,defense,Play types,Drives Left,3,Isolation - Overall,Isolation > Isolation - Overall > Drives Left,Isolation,Isolation - Overall,Drives Left,,,,7,43.8,1.429,82.2,14.3,57.1,1,0.0,,,66.7,,3,66.7,57.1,,,2,1,,6.1,2.33,71.4,2,2,0,100.0,0,1,0.33,10
Evan  Gilyard Jr.,Calgary Surge,2025-2026,defense,Play types,Drives Right,3,Isolation - Overall,Isolation > Isolation - Overall > Drives Right,Isolation,Isolation - Overall,Drives Right,,,,6,37.5,0.667,40.0,16.7,0.0,0,,,,40.0,,5,40.0,0.0,,,2,3,,5.0,0.0,33.3,5,2,3,40.0,0,0,0.0,4
Evan  Gilyard Jr.,Calgary Surge,2025-2026,defense,Play types,Early Jumper,3,Isolation - Overall,Isolation > Isolation - Overall > Early Jumper,Isolation,Isolation - Overall,Early Jumper,,,,3,18.8,0.0,0.0,0.0,0.0,2,0.0,,,0.0,,3,0.0,0.0,,,0,3,,3.0,0.0,0.0,1,0,1,0.0,0,2,0.67,0
Evan  Gilyard Jr.,Calgary Surge,2025-2026,defense,Play types,Top,2,Isolation,Isolation > Top,Isolation,Top,,,,,10,62.5,0.6,34.2,10.0,20.0,2,0.0,,,14.3,,7,14.3,20.0,,,1,6,,8.8,0.57,30.0,5,1,4,20.0,0,2,0.29,6
Evan  Gilyard Jr.,Calgary Surge,2025-2026,defense,Play types,Drives Left,3,Top,Isolation > Top > Drives Left,Isolation,Top,Drives Left,,,,5,50.0,1.2,79.8,20.0,40.0,1,0.0,,,50.0,,2,50.0,40.0,,,1,1,,3.8,2.0,60.0,1,1,0,100.0,0,1,0.5,6
Evan  Gilyard Jr.,Calgary Surge,2025-2026,defense,Play types,To Basket,4,Drives Left,Isolation > Top > Drives Left > To Basket,Isolation,Top,Drives Left,To Basket,,,3,60.0,1.333,106.4,33.3,33.3,0,,,,100.0,,1,100.0,33.3,,,1,0,,1.9,2.0,66.7,1,1,0,100.0,0,0,0.0,4
Evan  Gilyard Jr.,Calgary Surge,2025-2026,defense,Play types,Foul,5,To Basket,Isolation > Top > Drives Left > To Basket > Foul,Isolation,Top,Drives Left,To Basket,Foul,,1,33.3,2.0,113.6,0.0,100.0,0,,,,,,0,,100.0,,,0,0,,0.9,,100.0,0,0,0,,0,0,,2
Evan  Gilyard Jr.,Calgary Surge,2025-2026,defense,Play types,Turnover,5,To Basket,Isolation > Top > Drives Left > To Basket > Turnover,Isolation,Top,Drives Left,To Basket,Turnover,,1,33.3,0.0,,100.0,0.0,0,,,,,,0,,0.0,,,0,0,,0.0,,0.0,0,0,0,,0,0,,0
Evan  Gilyard Jr.,Calgary Surge,2025-2026,defense,Play types,Make 2 Pts,5,To Basket,Isolation > Top > Drives Left > To Basket > Make 2 Pts,Isolation,Top,Drives Left,To Basket,Make 2 Pts,,1,33.3,2.0,100.0,0.0,0.0,0,,,,100.0,,1,100.0,0.0,,,1,0,,1.0,0.0,100.0,1,1,0,100.0,0,0,0.0,2
Evan  Gilyard Jr.,Calgary Surge,2025-2026,defense,Play types,Dribble Jumper,4,Drives Left,Isolation > Top > Drives Left > Dribble Jumper,Isolation,Top,Drives Left,Dribble Jumper,,,2,40.0,1.0,53.2,0.0,50.0,1,0.0,,,0.0,,1,0.0,50.0,,,0,1,,1.9,2.0,50.0,0,0,0,,0,1,1.0,2
Evan  Gilyard Jr.,Calgary Surge,2025-2026,defense,Play types,Medium/17' to 3pt,5,Dribble Jumper,Isolation > Top > Drives Left > Dribble Jumper > Medium/17' to 3pt,Isolation,Top,Drives Left,Dribble Jumper,Medium/17' to 3pt,,1,50.0,2.0,113.6,0.0,100.0,0,,,,,,0,,100.0,,,0,0,,0.9,,100.0,0,0,0,,0,0,,2
Evan  Gilyard Jr.,Calgary Surge,2025-2026,defense,Play types,Long/3pt,5,Dribble Jumper,Isolation > Top > Drives Left > Dribble Jumper > Long/3pt,Isolation,Top,Drives Left,Dribble Jumper,Long/3pt,,1,50.0,0.0,0.0,0.0,0.0,1,0.0,,,0.0,,1,0.0,0.0,,,0,1,,1.0,0.0,0.0,0,0,0,,0,1,1.0,0
Evan  Gilyard Jr.,Calgary Surge,2025-2026,defense,Play types,Drives Right,3,Top,Isolation > Top > Drives Right,Isolation,Top,Drives Right,,,,3,30.0,0.0,0.0,0.0,0.0,0,,,,0.0,,3,0.0,0.0,,,0,3,,3.0,0.0,0.0,3,0,3,0.0,0,0,0.0,0
Evan  Gilyard Jr.,Calgary Surge,2025-2026,defense,Play types,To Basket,4,Drives Right,Isolation > Top > Drives Right > To Basket,Isolation,Top,Drives Right,To Basket,,,2,66.7,0.0,0.0,0.0,0.0,0,,,,0.0,,2,0.0,0.0,,,0,2,,2.0,0.0,0.0,2,0,2,0.0,0,0,0.0,0
Evan  Gilyard Jr.,Calgary Surge,2025-2026,defense,Play types,Miss 2 Pts,5,To Basket,Isolation > Top > Drives Right > To Basket > Miss 2 Pts,Isolation,Top,Drives Right,To Basket,Miss 2 Pts,,2,100.0,0.0,0.0,0.0,0.0,0,,,,0.0,,2,0.0,0.0,,,0,2,,2.0,0.0,0.0,2,0,2,0.0,0,0,0.0,0
Evan  Gilyard Jr.,Calgary Surge,2025-2026,defense,Play types,Dribble Jumper,4,Drives Right,Isolation > Top > Drives Right > Dribble Jumper,Isolation,Top,Drives Right,Dribble Jumper,,,1,33.3,0.0,0.0,0.0,0.0,0,,,,0.0,,1,0.0,0.0,,,0,1,,1.0,0.0,0.0,1,0,1,0.0,0,0,0.0,0
Evan  Gilyard Jr.,Calgary Surge,2025-2026,defense,Play types,Medium/17' to 3pt,5,Dribble Jumper,Isolation > Top > Drives Right > Dribble Jumper > Medium/17' to 3pt,Isolation,Top,Drives Right,Dribble Jumper,Medium/17' to 3pt,,1,100.0,0.0,0.0,0.0,0.0,0,,,,0.0,,1,0.0,0.0,,,0,1,,1.0,0.0,0.0,1,0,1,0.0,0,0,0.0,0
Evan  Gilyard Jr.,Calgary Surge,2025-2026,defense,Play types,Early Jumper,3,Top,Isolation > Top > Early Jumper,Isolation,Top,Early Jumper,,,,2,20.0,0.0,0.0,0.0,0.0,1,0.0,,,0.0,,2,0.0,0.0,,,0,2,,2.0,0.0,0.0,1,0,1,0.0,0,1,0.5,0
Evan  Gilyard Jr.,Calgary Surge,2025-2026,defense,Play types,No Dribble Jumper,4,Early Jumper,Isolation > Top > Early Jumper > No Dribble Jumper,Isolation,Top,Early Jumper,No Dribble Jumper,,,1,50.0,0.0,0.0,0.0,0.0,0,,,,0.0,,1,0.0,0.0,,,0,1,,1.0,0.0,0.0,1,0,1,0.0,0,0,0.0,0
Evan  Gilyard Jr.,Calgary Surge,2025-2026,defense,Play types,Guarded,5,No Dribble Jumper,Isolation > Top > Early Jumper > No Dribble Jumper > Guarded,Isolation,Top,Early Jumper,No Dribble Jumper,Guarded,,1,100.0,0.0,0.0,0.0,0.0,0,,,,0.0,,1,0.0,0.0,,,0,1,,1.0,0.0,0.0,1,0,1,0.0,0,0,0.0,0
Evan  Gilyard Jr.,Calgary Surge,2025-2026,defense,Play types,Dribble Jumper,4,Early Jumper,Isolation > Top > Early Jumper > Dribble Jumper,Isolation,Top,Early Jumper,Dribble Jumper,,,1,50.0,0.0,0.0,0.0,0.0,1,0.0,,,0.0,,1,0.0,0.0,,,0,1,,1.0,0.0,0.0,0,0,0,,0,1,1.0,0
Evan  Gilyard Jr.,Calgary Surge,2025-2026,defense,Play types,Long/3pt,5,Dribble Jumper,Isolation > Top > Early Jumper > Dribble Jumper > Long/3pt,Isolation,Top,Early Jumper,Dribble Jumper,Long/3pt,,1,100.0,0.0,0.0,0.0,0.0,1,0.0,,,0.0,,1,0.0,0.0,,,0,1,,1.0,0.0,0.0,0,0,0,,0,1,1.0,0
Evan  Gilyard Jr.,Calgary Surge,2025-2026,defense,Play types,Left,2,Isolation,Isolation > Left,Isolation,Left,,,,,3,18.8,1.0,52.1,0.0,33.3,1,0.0,,,50.0,,2,50.0,33.3,,,1,1,,2.9,1.0,66.7,1,1,0,100.0,0,1,0.5,3
Evan  Gilyard Jr.,Calgary Surge,2025-2026,defense,Play types,Early Jumper,3,Left,Isolation > Left > Early Jumper,Isolation,Left,Early Jumper,,,,1,33.3,0.0,0.0,0.0,0.0,1,0.0,,,0.0,,1,0.0,0.0,,,0,1,,1.0,0.0,0.0,0,0,0,,0,1,1.0,0
Evan  Gilyard Jr.,Calgary Surge,2025-2026,defense,Play types,Dribble Jumper,4,Early Jumper,Isolation > Left > Early Jumper > Dribble Jumper,Isolation,Left,Early Jumper,Dribble Jumper,,,1,100.0,0.0,0.0,0.0,0.0,1,0.0,,,0.0,,1,0.0,0.0,,,0,1,,1.0,0.0,0.0,0,0,0,,0,1,1.0,0
Evan  Gilyard Jr.,Calgary Surge,2025-2026,defense,Play types,Long/3pt,5,Dribble Jumper,Isolation > Left > Early Jumper > Dribble Jumper > Long/3pt,Isolation,Left,Early Jumper,Dribble Jumper,Long/3pt,,1,100.0,0.0,0.0,0.0,0.0,1,0.0,,,0.0,,1,0.0,0.0,,,0,1,,1.0,0.0,0.0,0,0,0,,0,1,1.0,0
Evan  Gilyard Jr.,Calgary Surge,2025-2026,defense,Play types,Drives Left,3,Left,Isolation > Left > Drives Left,Isolation,Left,Drives Left,,,,1,33.3,1.0,56.8,0.0,100.0,0,,,,,,0,,100.0,,,0,0,,0.9,,100.0,0,0,0,,0,0,,1
Evan  Gilyard Jr.,Calgary Surge,2025-2026,defense,Play types,To Basket,4,Drives Left,Isolation > Left > Drives Left > To Basket,Isolation,Left,Drives Left,To Basket,,,1,100.0,1.0,56.8,0.0,100.0,0,,,,,,0,,100.0,,,0,0,,0.9,,100.0,0,0,0,,0,0,,1
Evan  Gilyard Jr.,Calgary Surge,2025-2026,defense,Play types,Foul,5,To Basket,Isolation > Left > Drives Left > To Basket > Foul,Isolation,Left,Drives Left,To Basket,Foul,,1,100.0,1.0,56.8,0.0,100.0,0,,,,,,0,,100.0,,,0,0,,0.9,,100.0,0,0,0,,0,0,,1
Evan  Gilyard Jr.,Calgary Surge,2025-2026,defense,Play types,Drives Right,3,Left,Isolation > Left > Drives Right,Isolation,Left,Drives Right,,,,1,33.3,2.0,100.0,0.0,0.0,0,,,,100.0,,1,100.0,0.0,,,1,0,,1.0,0.0,100.0,1,1,0,100.0,0,0,0.0,2
Evan  Gilyard Jr.,Calgary Surge,2025-2026,defense,Play types,Dribble Jumper,4,Drives Right,Isolation > Left > Drives Right > Dribble Jumper,Isolation,Left,Drives Right,Dribble Jumper,,,1,100.0,2.0,100.0,0.0,0.0,0,,,,100.0,,1,100.0,0.0,,,1,0,,1.0,0.0,100.0,1,1,0,100.0,0,0,0.0,2
Evan  Gilyard Jr.,Calgary Surge,2025-2026,defense,Play types,Short to < 17,5,Dribble Jumper,Isolation > Left > Drives Right > Dribble Jumper > Short to < 17,Isolation,Left,Drives Right,Dribble Jumper,Short to < 17,,1,100.0,2.0,100.0,0.0,0.0,0,,,,100.0,,1,100.0,0.0,,,1,0,,1.0,0.0,100.0,1,1,0,100.0,0,0,0.0,2
Evan  Gilyard Jr.,Calgary Surge,2025-2026,defense,Play types,Right,2,Isolation,Isolation > Right,Isolation,Right,,,,,3,18.8,1.667,102.5,33.3,33.3,0,,,,100.0,,2,100.0,33.3,,,2,0,,2.4,0.5,66.7,2,2,0,100.0,0,0,0.0,5
Evan  Gilyard Jr.,Calgary Surge,2025-2026,defense,Play types,Drives Right,3,Right,Isolation > Right > Drives Right,Isolation,Right,Drives Right,,,,2,66.7,1.0,100.0,50.0,0.0,0,,,,100.0,,1,100.0,0.0,,,1,0,,1.0,0.0,50.0,1,1,0,100.0,0,0,0.0,2
Evan  Gilyard Jr.,Calgary Surge,2025-2026,defense,Play types,To Basket,4,Drives Right,Isolation > Right > Drives Right > To Basket,Isolation,Right,Drives Right,To Basket,,,1,50.0,0.0,,100.0,0.0,0,,,,,,0,,0.0,,,0,0,,0.0,,0.0,0,0,0,,0,0,,0
Evan  Gilyard Jr.,Calgary Surge,2025-2026,defense,Play types,Turnover,5,To Basket,Isolation > Right > Drives Right > To Basket > Turnover,Isolation,Right,Drives Right,To Basket,Turnover,,1,100.0,0.0,,100.0,0.0,0,,,,,,0,,0.0,,,0,0,,0.0,,0.0,0,0,0,,0,0,,0
Evan  Gilyard Jr.,Calgary Surge,2025-2026,defense,Play types,Dribble Jumper,4,Drives Right,Isolation > Right > Drives Right > Dribble Jumper,Isolation,Right,Drives Right,Dribble Jumper,,,1,50.0,2.0,100.0,0.0,0.0,0,,,,100.0,,1,100.0,0.0,,,1,0,,1.0,0.0,100.0,1,1,0,100.0,0,0,0.0,2
Evan  Gilyard Jr.,Calgary Surge,2025-2026,defense,Play types,Short to < 17,5,Dribble Jumper,Isolation > Right > Drives Right > Dribble Jumper > Short to < 17,Isolation,Right,Drives Right,Dribble Jumper,Short to < 17,,1,100.0,2.0,100.0,0.0,0.0,0,,,,100.0,,1,100.0,0.0,,,1,0,,1.0,0.0,100.0,1,1,0,100.0,0,0,0.0,2
Evan  Gilyard Jr.,Calgary Surge,2025-2026,defense,Play types,Drives Left,3,Right,Isolation > Right > Drives Left,Isolation,Right,Drives Left,,,,1,33.3,3.0,104.2,0.0,100.0,0,,,,100.0,,1,100.0,100.0,,,1,0,,1.4,1.0,100.0,1,1,0,100.0,0,0,0.0,3
Evan  Gilyard Jr.,Calgary Surge,2025-2026,defense,Play types,To Basket,4,Drives Left,Isolation > Right > Drives Left > To Basket,Isolation,Right,Drives Left,To Basket,,,1,100.0,3.0,104.2,0.0,100.0,0,,,,100.0,,1,100.0,100.0,,,1,0,,1.4,1.0,100.0,1,1,0,100.0,0,0,0.0,3
Evan  Gilyard Jr.,Calgary Surge,2025-2026,defense,Play types,Make 2 Pts Foul,5,To Basket,Isolation > Right > Drives Left > To Basket > Make 2 Pts Foul,Isolation,Right,Drives Left,To Basket,Make 2 Pts Foul,,1,100.0,3.0,104.2,0.0,100.0,0,,,,100.0,,1,100.0,100.0,,,1,0,,1.4,1.0,100.0,1,1,0,100.0,0,0,0.0,3
Evan  Gilyard Jr.,Calgary Surge,2025-2026,defense,Play types,Post-Up,1,,Post-Up,Post-Up,,,,,,13,7.0,0.692,50.7,30.8,7.7,0,,Very Good,69.0,50.0,17.0,8,50.0,7.7,,,4,4,,8.9,0.25,38.5,8,4,4,50.0,0,0,0.0,9
Evan  Gilyard Jr.,Calgary Surge,2025-2026,defense,Play types,Post-Up - Overall,2,Post-Up,Post-Up > Post-Up - Overall,Post-Up,Post-Up - Overall,,,,,13,100.0,0.692,50.7,30.8,7.7,0,,,,50.0,,8,50.0,7.7,,,4,4,,8.9,0.25,38.5,8,4,4,50.0,0,0,0.0,9
Evan  Gilyard Jr.,Calgary Surge,2025-2026,defense,Play types,Left Shoulder,3,Post-Up - Overall,Post-Up > Post-Up - Overall > Left Shoulder,Post-Up,Post-Up - Overall,Left Shoulder,,,,6,46.2,0.667,50.0,33.3,0.0,0,,,,50.0,,4,50.0,0.0,,,2,2,,4.0,0.0,33.3,4,2,2,50.0,0,0,0.0,4
Evan  Gilyard Jr.,Calgary Surge,2025-2026,defense,Play types,Right Shoulder,3,Post-Up - Overall,Post-Up > Post-Up - Overall > Right Shoulder,Post-Up,Post-Up - Overall,Right Shoulder,,,,5,38.5,0.8,50.0,20.0,0.0,0,,,,50.0,,4,50.0,0.0,,,2,2,,4.0,0.0,40.0,4,2,2,50.0,0,0,0.0,4
Evan  Gilyard Jr.,Calgary Surge,2025-2026,defense,Play types,Post Pin,3,Post-Up - Overall,Post-Up > Post-Up - Overall > Post Pin,Post-Up,Post-Up - Overall,Post Pin,,,,1,7.7,1.0,56.8,0.0,100.0,0,,,,,,0,,100.0,,,0,0,,0.9,,100.0,0,0,0,,0,0,,1
Evan  Gilyard Jr.,Calgary Surge,2025-2026,defense,Play types,Defense Commits,3,Post-Up - Overall,Post-Up > Post-Up - Overall > Defense Commits,Post-Up,Post-Up - Overall,Defense Commits,,,,1,7.7,0.0,,100.0,0.0,0,,,,,,0,,0.0,,,0,0,,0.0,,0.0,0,0,0,,0,0,,0
Evan  Gilyard Jr.,Calgary Surge,2025-2026,defense,Play types,Left Block,2,Post-Up,Post-Up > Left Block,Post-Up,Left Block,,,,,7,53.8,0.429,38.7,42.9,14.3,0,,,,33.3,,3,33.3,14.3,,,1,2,,3.9,0.67,28.6,3,1,2,33.3,0,0,0.0,3
Evan  Gilyard Jr.,Calgary Surge,2025-2026,defense,Play types,Left Shoulder,3,Left Block,Post-Up > Left Block > Left Shoulder,Post-Up,Left Block,Left Shoulder,,,,4,57.1,0.5,50.0,50.0,0.0,0,,,,50.0,,2,50.0,0.0,,,1,1,,2.0,0.0,25.0,2,1,1,50.0,0,0,0.0,2
Evan  Gilyard Jr.,Calgary Surge,2025-2026,defense,Play types,Dribble Move,4,Left Shoulder,Post-Up > Left Block > Left Shoulder > Dribble Move,Post-Up,Left Block,Left Shoulder,Dribble Move,,,4,100.0,0.5,50.0,50.0,0.0,0,,,,50.0,,2,50.0,0.0,,,1,1,,2.0,0.0,25.0,2,1,1,50.0,0,0,0.0,2
Evan  Gilyard Jr.,Calgary Surge,2025-2026,defense,Play types,Turnover,5,Dribble Move,Post-Up > Left Block > Left Shoulder > Dribble Move > Turnover,Post-Up,Left Block,Left Shoulder,Dribble Move,Turnover,,2,50.0,0.0,,100.0,0.0,0,,,,,,0,,0.0,,,0,0,,0.0,,0.0,0,0,0,,0,0,,0
Evan  Gilyard Jr.,Calgary Surge,2025-2026,defense,Play types,To Hook,5,Dribble Move,Post-Up > Left Block > Left Shoulder > Dribble Move > To Hook,Post-Up,Left Block,Left Shoulder,Dribble Move,To Hook,,2,50.0,1.0,50.0,0.0,0.0,0,,,,50.0,,2,50.0,0.0,,,1,1,,2.0,0.0,50.0,2,1,1,50.0,0,0,0.0,2
Evan  Gilyard Jr.,Calgary Surge,2025-2026,defense,Play types,Right Shoulder,3,Left Block,Post-Up > Left Block > Right Shoulder,Post-Up,Left Block,Right Shoulder,,,,2,28.6,0.0,0.0,50.0,0.0,0,,,,0.0,,1,0.0,0.0,,,0,1,,1.0,0.0,0.0,1,0,1,0.0,0,0,0.0,0
Evan  Gilyard Jr.,Calgary Surge,2025-2026,defense,Play types,Dribble Move,4,Right Shoulder,Post-Up > Left Block > Right Shoulder > Dribble Move,Post-Up,Left Block,Right Shoulder,Dribble Move,,,2,100.0,0.0,0.0,50.0,0.0,0,,,,0.0,,1,0.0,0.0,,,0,1,,1.0,0.0,0.0,1,0,1,0.0,0,0,0.0,0
Evan  Gilyard Jr.,Calgary Surge,2025-2026,defense,Play types,To Basket,5,Dribble Move,Post-Up > Left Block > Right Shoulder > Dribble Move > To Basket,Post-Up,Left Block,Right Shoulder,Dribble Move,To Basket,,1,50.0,0.0,0.0,0.0,0.0,0,,,,0.0,,1,0.0,0.0,,,0,1,,1.0,0.0,0.0,1,0,1,0.0,0,0,0.0,0
Evan  Gilyard Jr.,Calgary Surge,2025-2026,defense,Play types,Defense Commits,5,Dribble Move,Post-Up > Left Block > Right Shoulder > Dribble Move > Defense Commits,Post-Up,Left Block,Right Shoulder,Dribble Move,Defense Commits,,1,50.0,0.0,,100.0,0.0,0,,,,,,0,,0.0,,,0,0,,0.0,,0.0,0,0,0,,0,0,,0
Evan  Gilyard Jr.,Calgary Surge,2025-2026,defense,Play types,Post Pin,3,Left Block,Post-Up > Left Block > Post Pin,Post-Up,Left Block,Post Pin,,,,1,14.3,1.0,56.8,0.0,100.0,0,,,,,,0,,100.0,,,0,0,,0.9,,100.0,0,0,0,,0,0,,1
Evan  Gilyard Jr.,Calgary Surge,2025-2026,defense,Play types,No Dribble Move,4,Post Pin,Post-Up > Left Block > Post Pin > No Dribble Move,Post-Up,Left Block,Post Pin,No Dribble Move,,,1,100.0,1.0,56.8,0.0,100.0,0,,,,,,0,,100.0,,,0,0,,0.9,,100.0,0,0,0,,0,0,,1
Evan  Gilyard Jr.,Calgary Surge,2025-2026,defense,Play types,To Basket,5,No Dribble Move,Post-Up > Left Block > Post Pin > No Dribble Move > To Basket,Post-Up,Left Block,Post Pin,No Dribble Move,To Basket,,1,100.0,1.0,56.8,0.0,100.0,0,,,,,,0,,100.0,,,0,0,,0.9,,100.0,0,0,0,,0,0,,1
Evan  Gilyard Jr.,Calgary Surge,2025-2026,defense,Play types,Right Block,2,Post-Up,Post-Up > Right Block,Post-Up,Right Block,,,,,5,38.5,1.2,60.0,0.0,0.0,0,,,,60.0,,5,60.0,0.0,,,3,2,,5.0,0.0,60.0,5,3,2,60.0,0,0,0.0,6
Evan  Gilyard Jr.,Calgary Surge,2025-2026,defense,Play types,Right Shoulder,3,Right Block,Post-Up > Right Block > Right Shoulder,Post-Up,Right Block,Right Shoulder,,,,3,60.0,1.333,66.7,0.0,0.0,0,,,,66.7,,3,66.7,0.0,,,2,1,,3.0,0.0,66.7,3,2,1,66.7,0,0,0.0,4
Evan  Gilyard Jr.,Calgary Surge,2025-2026,defense,Play types,Dribble Move,4,Right Shoulder,Post-Up > Right Block > Right Shoulder > Dribble Move,Post-Up,Right Block,Right Shoulder,Dribble Move,,,3,100.0,1.333,66.7,0.0,0.0,0,,,,66.7,,3,66.7,0.0,,,2,1,,3.0,0.0,66.7,3,2,1,66.7,0,0,0.0,4
Evan  Gilyard Jr.,Calgary Surge,2025-2026,defense,Play types,To Basket,5,Dribble Move,Post-Up > Right Block > Right Shoulder > Dribble Move > To Basket,Post-Up,Right Block,Right Shoulder,Dribble Move,To Basket,,2,66.7,1.0,50.0,0.0,0.0,0,,,,50.0,,2,50.0,0.0,,,1,1,,2.0,0.0,50.0,2,1,1,50.0,0,0,0.0,2
Evan  Gilyard Jr.,Calgary Surge,2025-2026,defense,Play types,To Jumper,5,Dribble Move,Post-Up > Right Block > Right Shoulder > Dribble Move > To Jumper,Post-Up,Right Block,Right Shoulder,Dribble Move,To Jumper,,1,33.3,2.0,100.0,0.0,0.0,0,,,,100.0,,1,100.0,0.0,,,1,0,,1.0,0.0,100.0,1,1,0,100.0,0,0,0.0,2
Evan  Gilyard Jr.,Calgary Surge,2025-2026,defense,Play types,Left Shoulder,3,Right Block,Post-Up > Right Block > Left Shoulder,Post-Up,Right Block,Left Shoulder,,,,2,40.0,1.0,50.0,0.0,0.0,0,,,,50.0,,2,50.0,0.0,,,1,1,,2.0,0.0,50.0,2,1,1,50.0,0,0,0.0,2
Evan  Gilyard Jr.,Calgary Surge,2025-2026,defense,Play types,Dribble Move,4,Left Shoulder,Post-Up > Right Block > Left Shoulder > Dribble Move,Post-Up,Right Block,Left Shoulder,Dribble Move,,,2,100.0,1.0,50.0,0.0,0.0,0,,,,50.0,,2,50.0,0.0,,,1,1,,2.0,0.0,50.0,2,1,1,50.0,0,0,0.0,2
Evan  Gilyard Jr.,Calgary Surge,2025-2026,defense,Play types,To Basket,5,Dribble Move,Post-Up > Right Block > Left Shoulder > Dribble Move > To Basket,Post-Up,Right Block,Left Shoulder,Dribble Move,To Basket,,1,50.0,2.0,100.0,0.0,0.0,0,,,,100.0,,1,100.0,0.0,,,1,0,,1.0,0.0,100.0,1,1,0,100.0,0,0,0.0,2
Evan  Gilyard Jr.,Calgary Surge,2025-2026,defense,Play types,To Drop Step,5,Dribble Move,Post-Up > Right Block > Left Shoulder > Dribble Move > To Drop Step,Post-Up,Right Block,Left Shoulder,Dribble Move,To Drop Step,,1,50.0,0.0,0.0,0.0,0.0,0,,,,0.0,,1,0.0,0.0,,,0,1,,1.0,0.0,0.0,1,0,1,0.0,0,0,0.0,0
Evan  Gilyard Jr.,Calgary Surge,2025-2026,defense,Play types,Flash Middle,2,Post-Up,Post-Up > Flash Middle,Post-Up,Flash Middle,,,,,1,7.7,0.0,,100.0,0.0,0,,,,,,0,,0.0,,,0,0,,0.0,,0.0,0,0,0,,0,0,,0
Evan  Gilyard Jr.,Calgary Surge,2025-2026,defense,Play types,Defense Commits,3,Flash Middle,Post-Up > Flash Middle > Defense Commits,Post-Up,Flash Middle,Defense Commits,,,,1,100.0,0.0,,100.0,0.0,0,,,,,,0,,0.0,,,0,0,,0.0,,0.0,0,0,0,,0,0,,0
Evan  Gilyard Jr.,Calgary Surge,2025-2026,defense,Play types,Turnover,4,Defense Commits,Post-Up > Flash Middle > Defense Commits > Turnover,Post-Up,Flash Middle,Defense Commits,Turnover,,,1,100.0,0.0,,100.0,0.0,0,,,,,,0,,0.0,,,0,0,,0.0,,0.0,0,0,0,,0,0,,0
Evan  Gilyard Jr.,Calgary Surge,2025-2026,defense,Play types,P&R Roll Man,1,,P&R Roll Man,P&R Roll Man,,,,,,9,4.9,1.111,60.1,11.1,22.2,3,0.0,,,57.1,,7,57.1,22.2,,,4,3,,8.3,0.43,55.6,4,4,0,100.0,0,3,0.43,10
Evan  Gilyard Jr.,Calgary Surge,2025-2026,defense,Play types,Pick and Pops,2,P&R Roll Man,P&R Roll Man > Pick and Pops,P&R Roll Man,Pick and Pops,,,,,8,88.9,1.0,54.6,12.5,25.0,3,0.0,,,50.0,,6,50.0,25.0,,,3,3,,7.3,0.5,50.0,3,3,0,100.0,0,3,0.5,8
Evan  Gilyard Jr.,Calgary Surge,2025-2026,defense,Play types,Drives Right,3,Pick and Pops,P&R Roll Man > Pick and Pops > Drives Right,P&R Roll Man,Pick and Pops,Drives Right,,,,3,37.5,2.333,101.7,0.0,33.3,0,,,,100.0,,3,100.0,33.3,,,3,0,,3.4,0.33,100.0,3,3,0,100.0,0,0,0.0,7
Evan  Gilyard Jr.,Calgary Surge,2025-2026,defense,Play types,To Basket,4,Drives Right,P&R Roll Man > Pick and Pops > Drives Right > To Basket,P&R Roll Man,Pick and Pops,Drives Right,To Basket,,,2,66.7,2.5,102.5,0.0,50.0,0,,,,100.0,,2,100.0,50.0,,,2,0,,2.4,0.5,100.0,2,2,0,100.0,0,0,0.0,5
Evan  Gilyard Jr.,Calgary Surge,2025-2026,defense,Play types,Make 2 Pts,5,To Basket,P&R Roll Man > Pick and Pops > Drives Right > To Basket > Make 2 Pts,P&R Roll Man,Pick and Pops,Drives Right,To Basket,Make 2 Pts,,1,50.0,2.0,100.0,0.0,0.0,0,,,,100.0,,1,100.0,0.0,,,1,0,,1.0,0.0,100.0,1,1,0,100.0,0,0,0.0,2
Evan  Gilyard Jr.,Calgary Surge,2025-2026,defense,Play types,Make 2 Pts Foul,5,To Basket,P&R Roll Man > Pick and Pops > Drives Right > To Basket > Make 2 Pts Foul,P&R Roll Man,Pick and Pops,Drives Right,To Basket,Make 2 Pts Foul,,1,50.0,3.0,104.2,0.0,100.0,0,,,,100.0,,1,100.0,100.0,,,1,0,,1.4,1.0,100.0,1,1,0,100.0,0,0,0.0,3
Evan  Gilyard Jr.,Calgary Surge,2025-2026,defense,Play types,Dribble Jumper,4,Drives Right,P&R Roll Man > Pick and Pops > Drives Right > Dribble Jumper,P&R Roll Man,Pick and Pops,Drives Right,Dribble Jumper,,,1,33.3,2.0,100.0,0.0,0.0,0,,,,100.0,,1,100.0,0.0,,,1,0,,1.0,0.0,100.0,1,1,0,100.0,0,0,0.0,2
Evan  Gilyard Jr.,Calgary Surge,2025-2026,defense,Play types,Medium/17' to 3pt,5,Dribble Jumper,P&R Roll Man > Pick and Pops > Drives Right > Dribble Jumper > Medium/17' to 3pt,P&R Roll Man,Pick and Pops,Drives Right,Dribble Jumper,Medium/17' to 3pt,,1,100.0,2.0,100.0,0.0,0.0,0,,,,100.0,,1,100.0,0.0,,,1,0,,1.0,0.0,100.0,1,1,0,100.0,0,0,0.0,2
Evan  Gilyard Jr.,Calgary Surge,2025-2026,defense,Play types,No Dribble Jumper,3,Pick and Pops,P&R Roll Man > Pick and Pops > No Dribble Jumper,P&R Roll Man,Pick and Pops,No Dribble Jumper,,,,3,37.5,0.0,0.0,0.0,0.0,3,0.0,,,0.0,,3,0.0,0.0,,,0,3,,3.0,0.0,0.0,0,0,0,,0,3,1.0,0
Evan  Gilyard Jr.,Calgary Surge,2025-2026,defense,Play types,Open,4,No Dribble Jumper,P&R Roll Man > Pick and Pops > No Dribble Jumper > Open,P&R Roll Man,Pick and Pops,No Dribble Jumper,Open,,,2,66.7,0.0,0.0,0.0,0.0,2,0.0,,,0.0,,2,0.0,0.0,,,0,2,,2.0,0.0,0.0,0,0,0,,0,2,1.0,0
Evan  Gilyard Jr.,Calgary Surge,2025-2026,defense,Play types,Long/3pt,5,Open,P&R Roll Man > Pick and Pops > No Dribble Jumper > Open > Long/3pt,P&R Roll Man,Pick and Pops,No Dribble Jumper,Open,Long/3pt,,2,100.0,0.0,0.0,0.0,0.0,2,0.0,,,0.0,,2,0.0,0.0,,,0,2,,2.0,0.0,0.0,0,0,0,,0,2,1.0,0
Evan  Gilyard Jr.,Calgary Surge,2025-2026,defense,Play types,Guarded,4,No Dribble Jumper,P&R Roll Man > Pick and Pops > No Dribble Jumper > Guarded,P&R Roll Man,Pick and Pops,No Dribble Jumper,Guarded,,,1,33.3,0.0,0.0,0.0,0.0,1,0.0,,,0.0,,1,0.0,0.0,,,0,1,,1.0,0.0,0.0,0,0,0,,0,1,1.0,0
Evan  Gilyard Jr.,Calgary Surge,2025-2026,defense,Play types,Long/3pt,5,Guarded,P&R Roll Man > Pick and Pops > No Dribble Jumper > Guarded > Long/3pt,P&R Roll Man,Pick and Pops,No Dribble Jumper,Guarded,Long/3pt,,1,100.0,0.0,0.0,0.0,0.0,1,0.0,,,0.0,,1,0.0,0.0,,,0,1,,1.0,0.0,0.0,0,0,0,,0,1,1.0,0
Evan  Gilyard Jr.,Calgary Surge,2025-2026,defense,Play types,Turnover,3,Pick and Pops,P&R Roll Man > Pick and Pops > Turnover,P&R Roll Man,Pick and Pops,Turnover,,,,1,12.5,0.0,,100.0,0.0,0,,,,,,0,,0.0,,,0,0,,0.0,,0.0,0,0,0,,0,0,,0
Evan  Gilyard Jr.,Calgary Surge,2025-2026,defense,Play types,Drives Left,3,Pick and Pops,P&R Roll Man > Pick and Pops > Drives Left,P&R Roll Man,Pick and Pops,Drives Left,,,,1,12.5,1.0,56.8,0.0,100.0,0,,,,,,0,,100.0,,,0,0,,0.9,,100.0,0,0,0,,0,0,,1
Evan  Gilyard Jr.,Calgary Surge,2025-2026,defense,Play types,To Basket,4,Drives Left,P&R Roll Man > Pick and Pops > Drives Left > To Basket,P&R Roll Man,Pick and Pops,Drives Left,To Basket,,,1,100.0,1.0,56.8,0.0,100.0,0,,,,,,0,,100.0,,,0,0,,0.9,,100.0,0,0,0,,0,0,,1
Evan  Gilyard Jr.,Calgary Surge,2025-2026,defense,Play types,Foul,5,To Basket,P&R Roll Man > Pick and Pops > Drives Left > To Basket > Foul,P&R Roll Man,Pick and Pops,Drives Left,To Basket,Foul,,1,100.0,1.0,56.8,0.0,100.0,0,,,,,,0,,100.0,,,0,0,,0.9,,100.0,0,0,0,,0,0,,1
Evan  Gilyard Jr.,Calgary Surge,2025-2026,defense,Play types,Slips the Pick,2,P&R Roll Man,P&R Roll Man > Slips the Pick,P&R Roll Man,Slips the Pick,,,,,1,11.1,2.0,100.0,0.0,0.0,0,,,,100.0,,1,100.0,0.0,,,1,0,,1.0,0.0,100.0,1,1,0,100.0,0,0,0.0,2
Evan  Gilyard Jr.,Calgary Surge,2025-2026,defense,Play types,To Basket,3,Slips the Pick,P&R Roll Man > Slips the Pick > To Basket,P&R Roll Man,Slips the Pick,To Basket,,,,1,100.0,2.0,100.0,0.0,0.0,0,,,,100.0,,1,100.0,0.0,,,1,0,,1.0,0.0,100.0,1,1,0,100.0,0,0,0.0,2
Evan  Gilyard Jr.,Calgary Surge,2025-2026,defense,Play types,Make 2 Pts,4,To Basket,P&R Roll Man > Slips the Pick > To Basket > Make 2 Pts,P&R Roll Man,Slips the Pick,To Basket,Make 2 Pts,,,1,100.0,2.0,100.0,0.0,0.0,0,,,,100.0,,1,100.0,0.0,,,1,0,,1.0,0.0,100.0,1,1,0,100.0,0,0,0.0,2
Evan  Gilyard Jr.,Calgary Surge,2025-2026,defense,Play types,Handoffs,1,,Handoffs,Handoffs,,,,,,9,4.9,0.556,35.7,22.2,0.0,3,33.3,,,28.6,,7,35.7,0.0,,,2,5,,7.0,0.0,22.2,4,1,3,25.0,1,2,0.43,5
Evan  Gilyard Jr.,Calgary Surge,2025-2026,defense,Play types,From Stationary,2,Handoffs,Handoffs > From Stationary,Handoffs,From Stationary,,,,,5,55.6,1.0,62.5,20.0,0.0,2,50.0,,,50.0,,4,62.5,0.0,,,2,2,,4.0,0.0,40.0,2,1,1,50.0,1,1,0.5,5
Evan  Gilyard Jr.,Calgary Surge,2025-2026,defense,Play types,Left,3,From Stationary,Handoffs > From Stationary > Left,Handoffs,From Stationary,Left,,,,3,60.0,1.0,75.0,33.3,0.0,2,50.0,,,50.0,,2,75.0,0.0,,,1,1,,2.0,0.0,33.3,0,0,0,,1,1,1.0,3
Evan  Gilyard Jr.,Calgary Surge,2025-2026,defense,Play types,Dribble Jumper,4,Left,Handoffs > From Stationary > Left > Dribble Jumper,Handoffs,From Stationary,Left,Dribble Jumper,,,2,66.7,1.5,75.0,0.0,0.0,2,50.0,,,50.0,,2,75.0,0.0,,,1,1,,2.0,0.0,50.0,0,0,0,,1,1,1.0,3
Evan  Gilyard Jr.,Calgary Surge,2025-2026,defense,Play types,Long/3pt,5,Dribble Jumper,Handoffs > From Stationary > Left > Dribble Jumper > Long/3pt,Handoffs,From Stationary,Left,Dribble Jumper,Long/3pt,,2,100.0,1.5,75.0,0.0,0.0,2,50.0,,,50.0,,2,75.0,0.0,,,1,1,,2.0,0.0,50.0,0,0,0,,1,1,1.0,3
Evan  Gilyard Jr.,Calgary Surge,2025-2026,defense,Play types,Turnover,4,Left,Handoffs > From Stationary > Left > Turnover,Handoffs,From Stationary,Left,Turnover,,,1,33.3,0.0,,100.0,0.0,0,,,,,,0,,0.0,,,0,0,,0.0,,0.0,0,0,0,,0,0,,0
Evan  Gilyard Jr.,Calgary Surge,2025-2026,defense,Play types,Top,3,From Stationary,Handoffs > From Stationary > Top,Handoffs,From Stationary,Top,,,,2,40.0,1.0,50.0,0.0,0.0,0,,,,50.0,,2,50.0,0.0,,,1,1,,2.0,0.0,50.0,2,1,1,50.0,0,0,0.0,2
Evan  Gilyard Jr.,Calgary Surge,2025-2026,defense,Play types,To Basket,4,Top,Handoffs > From Stationary > Top > To Basket,Handoffs,From Stationary,Top,To Basket,,,2,100.0,1.0,50.0,0.0,0.0,0,,,,50.0,,2,50.0,0.0,,,1,1,,2.0,0.0,50.0,2,1,1,50.0,0,0,0.0,2
Evan  Gilyard Jr.,Calgary Surge,2025-2026,defense,Play types,Miss 2 Pts,5,To Basket,Handoffs > From Stationary > Top > To Basket > Miss 2 Pts,Handoffs,From Stationary,Top,To Basket,Miss 2 Pts,,1,50.0,0.0,0.0,0.0,0.0,0,,,,0.0,,1,0.0,0.0,,,0,1,,1.0,0.0,0.0,1,0,1,0.0,0,0,0.0,0
Evan  Gilyard Jr.,Calgary Surge,2025-2026,defense,Play types,Make 2 Pts,5,To Basket,Handoffs > From Stationary > Top > To Basket > Make 2 Pts,Handoffs,From Stationary,Top,To Basket,Make 2 Pts,,1,50.0,2.0,100.0,0.0,0.0,0,,,,100.0,,1,100.0,0.0,,,1,0,,1.0,0.0,100.0,1,1,0,100.0,0,0,0.0,2
Evan  Gilyard Jr.,Calgary Surge,2025-2026,defense,Play types,From Dribble,2,Handoffs,Handoffs > From Dribble,Handoffs,From Dribble,,,,,4,44.4,0.0,0.0,25.0,0.0,1,0.0,,,0.0,,3,0.0,0.0,,,0,3,,3.0,0.0,0.0,2,0,2,0.0,0,1,0.33,0
Evan  Gilyard Jr.,Calgary Surge,2025-2026,defense,Play types,Left,3,From Dribble,Handoffs > From Dribble > Left,Handoffs,From Dribble,Left,,,,2,50.0,0.0,0.0,0.0,0.0,1,0.0,,,0.0,,2,0.0,0.0,,,0,2,,2.0,0.0,0.0,1,0,1,0.0,0,1,0.5,0
Evan  Gilyard Jr.,Calgary Surge,2025-2026,defense,Play types,No Dribble Jumper,4,Left,Handoffs > From Dribble > Left > No Dribble Jumper,Handoffs,From Dribble,Left,No Dribble Jumper,,,1,50.0,0.0,0.0,0.0,0.0,1,0.0,,,0.0,,1,0.0,0.0,,,0,1,,1.0,0.0,0.0,0,0,0,,0,1,1.0,0
Evan  Gilyard Jr.,Calgary Surge,2025-2026,defense,Play types,Guarded,5,No Dribble Jumper,Handoffs > From Dribble > Left > No Dribble Jumper > Guarded,Handoffs,From Dribble,Left,No Dribble Jumper,Guarded,,1,100.0,0.0,0.0,0.0,0.0,1,0.0,,,0.0,,1,0.0,0.0,,,0,1,,1.0,0.0,0.0,0,0,0,,0,1,1.0,0
Evan  Gilyard Jr.,Calgary Surge,2025-2026,defense,Play types,Dribble Jumper,4,Left,Handoffs > From Dribble > Left > Dribble Jumper,Handoffs,From Dribble,Left,Dribble Jumper,,,1,50.0,0.0,0.0,0.0,0.0,0,,,,0.0,,1,0.0,0.0,,,0,1,,1.0,0.0,0.0,1,0,1,0.0,0,0,0.0,0
Evan  Gilyard Jr.,Calgary Surge,2025-2026,defense,Play types,Short to < 17,5,Dribble Jumper,Handoffs > From Dribble > Left > Dribble Jumper > Short to < 17,Handoffs,From Dribble,Left,Dribble Jumper,Short to < 17,,1,100.0,0.0,0.0,0.0,0.0,0,,,,0.0,,1,0.0,0.0,,,0,1,,1.0,0.0,0.0,1,0,1,0.0,0,0,0.0,0
Evan  Gilyard Jr.,Calgary Surge,2025-2026,defense,Play types,Top,3,From Dribble,Handoffs > From Dribble > Top,Handoffs,From Dribble,Top,,,,2,50.0,0.0,0.0,50.0,0.0,0,,,,0.0,,1,0.0,0.0,,,0,1,,1.0,0.0,0.0,1,0,1,0.0,0,0,0.0,0
Evan  Gilyard Jr.,Calgary Surge,2025-2026,defense,Play types,Turnover,4,Top,Handoffs > From Dribble > Top > Turnover,Handoffs,From Dribble,Top,Turnover,,,1,50.0,0.0,,100.0,0.0,0,,,,,,0,,0.0,,,0,0,,0.0,,0.0,0,0,0,,0,0,,0
Evan  Gilyard Jr.,Calgary Surge,2025-2026,defense,Play types,Dribble Jumper,4,Top,Handoffs > From Dribble > Top > Dribble Jumper,Handoffs,From Dribble,Top,Dribble Jumper,,,1,50.0,0.0,0.0,0.0,0.0,0,,,,0.0,,1,0.0,0.0,,,0,1,,1.0,0.0,0.0,1,0,1,0.0,0,0,0.0,0
Evan  Gilyard Jr.,Calgary Surge,2025-2026,defense,Play types,Medium/17' to 3pt,5,Dribble Jumper,Handoffs > From Dribble > Top > Dribble Jumper > Medium/17' to 3pt,Handoffs,From Dribble,Top,Dribble Jumper,Medium/17' to 3pt,,1,100.0,0.0,0.0,0.0,0.0,0,,,,0.0,,1,0.0,0.0,,,0,1,,1.0,0.0,0.0,1,0,1,0.0,0,0,0.0,0
Evan  Gilyard Jr.,Calgary Surge,2025-2026,defense,Play types,Off Screen,1,,Off Screen,Off Screen,,,,,,6,3.2,2.0,100.0,0.0,0.0,5,80.0,,,66.7,,6,100.0,0.0,,,4,2,,6.0,0.0,66.7,1,0,1,0.0,4,1,0.83,12
Evan  Gilyard Jr.,Calgary Surge,2025-2026,defense,Play types,To Shooter's Right,2,Off Screen,Off Screen > To Shooter's Right,Off Screen,To Shooter's Right,,,,,3,50.0,2.0,100.0,0.0,0.0,2,100.0,,,66.7,,3,100.0,0.0,,,2,1,,3.0,0.0,66.7,1,0,1,0.0,2,0,0.67,6
Evan  Gilyard Jr.,Calgary Surge,2025-2026,defense,Play types,Straight,3,To Shooter's Right,Off Screen > To Shooter's Right > Straight,Off Screen,To Shooter's Right,Straight,,,,2,66.7,1.5,75.0,0.0,0.0,1,100.0,,,50.0,,2,75.0,0.0,,,1,1,,2.0,0.0,50.0,1,0,1,0.0,1,0,0.5,3
Evan  Gilyard Jr.,Calgary Surge,2025-2026,defense,Play types,No Dribble Jumper,4,Straight,Off Screen > To Shooter's Right > Straight > No Dribble Jumper,Off Screen,To Shooter's Right,Straight,No Dribble Jumper,,,1,50.0,3.0,150.0,0.0,0.0,1,100.0,,,100.0,,1,150.0,0.0,,,1,0,,1.0,0.0,100.0,0,0,0,,1,0,1.0,3
Evan  Gilyard Jr.,Calgary Surge,2025-2026,defense,Play types,Guarded,5,No Dribble Jumper,Off Screen > To Shooter's Right > Straight > No Dribble Jumper > Guarded,Off Screen,To Shooter's Right,Straight,No Dribble Jumper,Guarded,,1,100.0,3.0,150.0,0.0,0.0,1,100.0,,,100.0,,1,150.0,0.0,,,1,0,,1.0,0.0,100.0,0,0,0,,1,0,1.0,3
Evan  Gilyard Jr.,Calgary Surge,2025-2026,defense,Play types,Dribble Jumper,4,Straight,Off Screen > To Shooter's Right > Straight > Dribble Jumper,Off Screen,To Shooter's Right,Straight,Dribble Jumper,,,1,50.0,0.0,0.0,0.0,0.0,0,,,,0.0,,1,0.0,0.0,,,0,1,,1.0,0.0,0.0,1,0,1,0.0,0,0,0.0,0
Evan  Gilyard Jr.,Calgary Surge,2025-2026,defense,Play types,Short to < 17,5,Dribble Jumper,Off Screen > To Shooter's Right > Straight > Dribble Jumper > Short to < 17,Off Screen,To Shooter's Right,Straight,Dribble Jumper,Short to < 17,,1,100.0,0.0,0.0,0.0,0.0,0,,,,0.0,,1,0.0,0.0,,,0,1,,1.0,0.0,0.0,1,0,1,0.0,0,0,0.0,0
Evan  Gilyard Jr.,Calgary Surge,2025-2026,defense,Play types,Flare,3,To Shooter's Right,Off Screen > To Shooter's Right > Flare,Off Screen,To Shooter's Right,Flare,,,,1,33.3,3.0,150.0,0.0,0.0,1,100.0,,,100.0,,1,150.0,0.0,,,1,0,,1.0,0.0,100.0,0,0,0,,1,0,1.0,3
Evan  Gilyard Jr.,Calgary Surge,2025-2026,defense,Play types,Dribble Jumper,4,Flare,Off Screen > To Shooter's Right > Flare > Dribble Jumper,Off Screen,To Shooter's Right,Flare,Dribble Jumper,,,1,100.0,3.0,150.0,0.0,0.0,1,100.0,,,100.0,,1,150.0,0.0,,,1,0,,1.0,0.0,100.0,0,0,0,,1,0,1.0,3
Evan  Gilyard Jr.,Calgary Surge,2025-2026,defense,Play types,Long/3pt,5,Dribble Jumper,Off Screen > To Shooter's Right > Flare > Dribble Jumper > Long/3pt,Off Screen,To Shooter's Right,Flare,Dribble Jumper,Long/3pt,,1,100.0,3.0,150.0,0.0,0.0,1,100.0,,,100.0,,1,150.0,0.0,,,1,0,,1.0,0.0,100.0,0,0,0,,1,0,1.0,3
Evan  Gilyard Jr.,Calgary Surge,2025-2026,defense,Play types,To Shooter's Left,2,Off Screen,Off Screen > To Shooter's Left,Off Screen,To Shooter's Left,,,,,3,50.0,2.0,100.0,0.0,0.0,3,66.7,,,66.7,,3,100.0,0.0,,,2,1,,3.0,0.0,66.7,0,0,0,,2,1,1.0,6
Evan  Gilyard Jr.,Calgary Surge,2025-2026,defense,Play types,Straight,3,To Shooter's Left,Off Screen > To Shooter's Left > Straight,Off Screen,To Shooter's Left,Straight,,,,2,66.7,1.5,75.0,0.0,0.0,2,50.0,,,50.0,,2,75.0,0.0,,,1,1,,2.0,0.0,50.0,0,0,0,,1,1,1.0,3
Evan  Gilyard Jr.,Calgary Surge,2025-2026,defense,Play types,No Dribble Jumper,4,Straight,Off Screen > To Shooter's Left > Straight > No Dribble Jumper,Off Screen,To Shooter's Left,Straight,No Dribble Jumper,,,2,100.0,1.5,75.0,0.0,0.0,2,50.0,,,50.0,,2,75.0,0.0,,,1,1,,2.0,0.0,50.0,0,0,0,,1,1,1.0,3
Evan  Gilyard Jr.,Calgary Surge,2025-2026,defense,Play types,Open,5,No Dribble Jumper,Off Screen > To Shooter's Left > Straight > No Dribble Jumper > Open,Off Screen,To Shooter's Left,Straight,No Dribble Jumper,Open,,1,50.0,3.0,150.0,0.0,0.0,1,100.0,,,100.0,,1,150.0,0.0,,,1,0,,1.0,0.0,100.0,0,0,0,,1,0,1.0,3
Evan  Gilyard Jr.,Calgary Surge,2025-2026,defense,Play types,Guarded,5,No Dribble Jumper,Off Screen > To Shooter's Left > Straight > No Dribble Jumper > Guarded,Off Screen,To Shooter's Left,Straight,No Dribble Jumper,Guarded,,1,50.0,0.0,0.0,0.0,0.0,1,0.0,,,0.0,,1,0.0,0.0,,,0,1,,1.0,0.0,0.0,0,0,0,,0,1,1.0,0
Evan  Gilyard Jr.,Calgary Surge,2025-2026,defense,Play types,Flare,3,To Shooter's Left,Off Screen > To Shooter's Left > Flare,Off Screen,To Shooter's Left,Flare,,,,1,33.3,3.0,150.0,0.0,0.0,1,100.0,,,100.0,,1,150.0,0.0,,,1,0,,1.0,0.0,100.0,0,0,0,,1,0,1.0,3
Evan  Gilyard Jr.,Calgary Surge,2025-2026,defense,Play types,No Dribble Jumper,4,Flare,Off Screen > To Shooter's Left > Flare > No Dribble Jumper,Off Screen,To Shooter's Left,Flare,No Dribble Jumper,,,1,100.0,3.0,150.0,0.0,0.0,1,100.0,,,100.0,,1,150.0,0.0,,,1,0,,1.0,0.0,100.0,0,0,0,,1,0,1.0,3
Evan  Gilyard Jr.,Calgary Surge,2025-2026,defense,Play types,Guarded,5,No Dribble Jumper,Off Screen > To Shooter's Left > Flare > No Dribble Jumper > Guarded,Off Screen,To Shooter's Left,Flare,No Dribble Jumper,Guarded,,1,100.0,3.0,150.0,0.0,0.0,1,100.0,,,100.0,,1,150.0,0.0,,,1,0,,1.0,0.0,100.0,0,0,0,,1,0,1.0,3
Evan  Gilyard Jr.,Calgary Surge,2025-2026,defense,Play types,Transition,1,,Transition,Transition,,,,,,0,0.0,,,,,0,,,,,,0,,,,,0,0,,0.0,,,0,0,0,,0,0,,0
Evan  Gilyard Jr.,Calgary Surge,2025-2026,defense,Play types,Cut,1,,Cut,Cut,,,,,,0,0.0,,,,,0,,,,,,0,,,,,0,0,,0.0,,,0,0,0,,0,0,,0
Evan  Gilyard Jr.,Calgary Surge,2025-2026,defense,Play types,Offensive Rebounds (Put Backs),1,,Offensive Rebounds (Put Backs),Offensive Rebounds (Put Backs),,,,,,0,0.0,,,,,0,,,,,,0,,,,,0,0,,0.0,,,0,0,0,,0,0,,0
Evan  Gilyard Jr.,Calgary Surge,2025-2026,defense,Play types,Miscellaneous Plays,1,,Miscellaneous Plays,Miscellaneous Plays,,,,,,0,0.0,,,,,0,,,,,,0,,,,,0,0,,0.0,,,0,0,0,,0,0,,0
Evan  Gilyard Jr.,Calgary Surge,2025-2026,defense,Overall Drive Direction,Overall,1,,Overall,Overall,,,,,,31,16.8,1.097,62.0,12.9,19.4,4,50.0,,,52.2,,23,56.5,19.4,,,12,11,,27.4,0.43,51.6,19,10,9,52.6,2,2,0.17,34
Evan  Gilyard Jr.,Calgary Surge,2025-2026,defense,Overall Drive Direction,Drives Left,2,Overall,Overall > Drives Left,Overall,Drives Left,,,,,15,48.4,1.333,77.2,13.3,33.3,3,33.3,,,66.7,,9,72.2,33.3,,,6,3,,13.0,1.0,66.7,6,5,1,83.3,1,2,0.33,20
Evan  Gilyard Jr.,Calgary Surge,2025-2026,defense,Overall Drive Direction,To Basket,3,Drives Left,Overall > Drives Left > To Basket,Overall,Drives Left,To Basket,,,,10,66.7,1.3,80.4,20.0,40.0,0,,,,80.0,,5,80.0,40.0,,,4,1,,8.1,1.4,70.0,5,4,1,80.0,0,0,0.0,13
Evan  Gilyard Jr.,Calgary Surge,2025-2026,defense,Overall Drive Direction,Dribble Jumper,3,Drives Left,Overall > Drives Left > Dribble Jumper,Overall,Drives Left,Dribble Jumper,,,,5,33.3,1.4,71.7,0.0,20.0,3,33.3,,,50.0,,4,62.5,20.0,,,2,2,,4.9,0.5,60.0,1,1,0,100.0,1,2,0.75,7
Evan  Gilyard Jr.,Calgary Surge,2025-2026,defense,Overall Drive Direction,Turnover,3,Drives Left,Overall > Drives Left > Turnover,Overall,Drives Left,Turnover,,,,0,0.0,,,,,0,,,,,,0,,,,,0,0,,0.0,,,0,0,0,,0,0,,0
Evan  Gilyard Jr.,Calgary Surge,2025-2026,defense,Overall Drive Direction,Foul,3,Drives Left,Overall > Drives Left > Foul,Overall,Drives Left,Foul,,,,0,0.0,,,,,0,,,,,,0,,,,,0,0,,0.0,,,0,0,0,,0,0,,0
Evan  Gilyard Jr.,Calgary Surge,2025-2026,defense,Overall Drive Direction,Defense Commits,3,Drives Left,Overall > Drives Left > Defense Commits,Overall,Drives Left,Defense Commits,,,,0,0.0,,,,,0,,,,,,0,,,,,0,0,,0.0,,,0,0,0,,0,0,,0
Evan  Gilyard Jr.,Calgary Surge,2025-2026,defense,Overall Drive Direction,Drives Right,2,Overall,Overall > Drives Right,Overall,Drives Right,,,,,15,48.4,0.733,40.9,13.3,6.7,0,,,,38.5,,13,38.5,6.7,,,5,8,,13.4,0.08,33.3,13,5,8,38.5,0,0,0.0,11
Evan  Gilyard Jr.,Calgary Surge,2025-2026,defense,Overall Drive Direction,To Basket,3,Drives Right,Overall > Drives Right > To Basket,Overall,Drives Right,To Basket,,,,10,66.7,0.5,26.5,10.0,10.0,0,,,,22.2,,9,22.2,10.0,,,2,7,,9.4,0.11,20.0,9,2,7,22.2,0,0,0.0,5
Evan  Gilyard Jr.,Calgary Surge,2025-2026,defense,Overall Drive Direction,Dribble Jumper,3,Drives Right,Overall > Drives Right > Dribble Jumper,Overall,Drives Right,Dribble Jumper,,,,4,26.7,1.5,75.0,0.0,0.0,0,,,,75.0,,4,75.0,0.0,,,3,1,,4.0,0.0,75.0,4,3,1,75.0,0,0,0.0,6
Evan  Gilyard Jr.,Calgary Surge,2025-2026,defense,Overall Drive Direction,Turnover,3,Drives Right,Overall > Drives Right > Turnover,Overall,Drives Right,Turnover,,,,1,6.7,0.0,,100.0,0.0,0,,,,,,0,,0.0,,,0,0,,0.0,,0.0,0,0,0,,0,0,,0
Evan  Gilyard Jr.,Calgary Surge,2025-2026,defense,Overall Drive Direction,Foul,3,Drives Right,Overall > Drives Right > Foul,Overall,Drives Right,Foul,,,,0,0.0,,,,,0,,,,,,0,,,,,0,0,,0.0,,,0,0,0,,0,0,,0
Evan  Gilyard Jr.,Calgary Surge,2025-2026,defense,Overall Drive Direction,Defense Commits,3,Drives Right,Overall > Drives Right > Defense Commits,Overall,Drives Right,Defense Commits,,,,0,0.0,,,,,0,,,,,,0,,,,,0,0,,0.0,,,0,0,0,,0,0,,0
Evan  Gilyard Jr.,Calgary Surge,2025-2026,defense,Overall Drive Direction,Drives Straight,2,Overall,Overall > Drives Straight,Overall,Drives Straight,,,,,1,3.2,3.0,150.0,0.0,0.0,1,100.0,,,100.0,,1,150.0,0.0,,,1,0,,1.0,0.0,100.0,0,0,0,,1,0,1.0,3
Evan  Gilyard Jr.,Calgary Surge,2025-2026,defense,Overall Drive Direction,Dribble Jumper,3,Drives Straight,Overall > Drives Straight > Dribble Jumper,Overall,Drives Straight,Dribble Jumper,,,,1,100.0,3.0,150.0,0.0,0.0,1,100.0,,,100.0,,1,150.0,0.0,,,1,0,,1.0,0.0,100.0,0,0,0,,1,0,1.0,3
Evan  Gilyard Jr.,Calgary Surge,2025-2026,defense,Overall Drive Direction,To Basket,3,Drives Straight,Overall > Drives Straight > To Basket,Overall,Drives Straight,To Basket,,,,0,0.0,,,,,0,,,,,,0,,,,,0,0,,0.0,,,0,0,0,,0,0,,0
Evan  Gilyard Jr.,Calgary Surge,2025-2026,defense,Overall Drive Direction,Turnover,3,Drives Straight,Overall > Drives Straight > Turnover,Overall,Drives Straight,Turnover,,,,0,0.0,,,,,0,,,,,,0,,,,,0,0,,0.0,,,0,0,0,,0,0,,0
Evan  Gilyard Jr.,Calgary Surge,2025-2026,defense,Overall Drive Direction,Foul,3,Drives Straight,Overall > Drives Straight > Foul,Overall,Drives Straight,Foul,,,,0,0.0,,,,,0,,,,,,0,,,,,0,0,,0.0,,,0,0,0,,0,0,,0
Evan  Gilyard Jr.,Calgary Surge,2025-2026,defense,Overall Drive Direction,Defense Commits,3,Drives Straight,Overall > Drives Straight > Defense Commits,Overall,Drives Straight,Defense Commits,,,,0,0.0,,,,,0,,,,,,0,,,,,0,0,,0.0,,,0,0,0,,0,0,,0
Evan  Gilyard Jr.,Calgary Surge,2025-2026,defense,P&R ball handler,P&R Including Passes,1,,P&R Including Passes,P&R Including Passes,,,,,,101,54.6,0.673,42.0,20.8,9.9,35,20.0,Excellent,88.0,32.9,84.0,73,37.7,9.9,,,24,49,,80.9,0.25,29.7,38,17,21,44.7,7,28,0.48,68
Evan  Gilyard Jr.,Calgary Surge,2025-2026,defense,P&R ball handler,P&R Ball Handler,2,P&R Including Passes,P&R Including Passes > P&R Ball Handler,P&R Including Passes,P&R Ball Handler,,,,,75,74.3,0.653,42.5,24.0,10.7,19,21.1,,,33.3,,51,37.3,10.7,,,17,34,,57.6,0.29,29.3,32,13,19,40.6,4,15,0.37,49
Evan  Gilyard Jr.,Calgary Surge,2025-2026,defense,P&R ball handler,High P&R,3,P&R Ball Handler,P&R Including Passes > P&R Ball Handler > High P&R,P&R Including Passes,P&R Ball Handler,High P&R,,,,51,68.0,0.667,41.6,21.6,11.8,15,20.0,,,30.6,,36,34.7,11.8,,,11,25,,40.8,0.31,27.5,21,8,13,38.1,3,12,0.42,34
Evan  Gilyard Jr.,Calgary Surge,2025-2026,defense,P&R ball handler,Dribble Off Pick,4,High P&R,P&R Including Passes > P&R Ball Handler > High P&R > Dribble Off Pick,P&R Including Passes,P&R Ball Handler,High P&R,Dribble Off Pick,,,42,82.4,0.81,47.4,16.7,14.3,13,23.1,,,35.5,,31,40.3,14.3,,,11,20,,35.8,0.35,33.3,18,8,10,44.4,3,10,0.42,34
Evan  Gilyard Jr.,Calgary Surge,2025-2026,defense,P&R ball handler,Dribble Jumper,5,Dribble Off Pick,P&R Including Passes > P&R Ball Handler > High P&R > Dribble Off Pick > Dribble Jumper,P&R Including Passes,P&R Ball Handler,High P&R,Dribble Off Pick,Dribble Jumper,,20,47.6,0.95,45.8,0.0,10.0,13,23.1,,,31.6,,19,39.5,10.0,,,6,13,,20.8,0.21,35.0,6,3,3,50.0,3,10,0.68,19
Evan  Gilyard Jr.,Calgary Surge,2025-2026,defense,P&R ball handler,Long/3pt,6,Dribble Jumper,P&R Including Passes > P&R Ball Handler > High P&R > Dribble Off Pick > Dribble Jumper > Long/3pt,P&R Including Passes,P&R Ball Handler,High P&R,Dribble Off Pick,Dribble Jumper,Long/3pt,14,70.0,0.929,44.0,0.0,14.3,13,23.1,,,23.1,,13,34.6,14.3,,,3,10,,14.8,0.31,28.6,0,0,0,,3,10,1.0,13
Evan  Gilyard Jr.,Calgary Surge,2025-2026,defense,P&R ball handler,Medium/17' to 3pt,6,Dribble Jumper,P&R Including Passes > P&R Ball Handler > High P&R > Dribble Off Pick > Dribble Jumper > Medium/17' to 3pt,P&R Including Passes,P&R Ball Handler,High P&R,Dribble Off Pick,Dribble Jumper,Medium/17' to 3pt,3,15.0,1.333,66.7,0.0,0.0,0,,,,66.7,,3,66.7,0.0,,,2,1,,3.0,0.0,66.7,3,2,1,66.7,0,0,0.0,4
Evan  Gilyard Jr.,Calgary Surge,2025-2026,defense,P&R ball handler,Short to < 17,6,Dribble Jumper,P&R Including Passes > P&R Ball Handler > High P&R > Dribble Off Pick > Dribble Jumper > Short to < 17,P&R Including Passes,P&R Ball Handler,High P&R,Dribble Off Pick,Dribble Jumper,Short to < 17,3,15.0,0.667,33.3,0.0,0.0,0,,,,33.3,,3,33.3,0.0,,,1,2,,3.0,0.0,33.3,3,1,2,33.3,0,0,0.0,2
Evan  Gilyard Jr.,Calgary Surge,2025-2026,defense,P&R ball handler,To Basket,5,Dribble Off Pick,P&R Including Passes > P&R Ball Handler > High P&R > Dribble Off Pick > To Basket,P&R Including Passes,P&R Ball Handler,High P&R,Dribble Off Pick,To Basket,,15,35.7,1.0,49.7,0.0,26.7,0,,,,41.7,,12,41.7,26.7,,,5,7,,15.1,0.58,46.7,12,5,7,41.7,0,0,0.0,15
Evan  Gilyard Jr.,Calgary Surge,2025-2026,defense,P&R ball handler,Miss 2 Pts,6,To Basket,P&R Including Passes > P&R Ball Handler > High P&R > Dribble Off Pick > To Basket > Miss 2 Pts,P&R Including Passes,P&R Ball Handler,High P&R,Dribble Off Pick,To Basket,Miss 2 Pts,7,46.7,0.0,0.0,0.0,0.0,0,,,,0.0,,7,0.0,0.0,,,0,7,,7.0,0.0,0.0,7,0,7,0.0,0,0,0.0,0
Evan  Gilyard Jr.,Calgary Surge,2025-2026,defense,P&R ball handler,Make 2 Pts,6,To Basket,P&R Including Passes > P&R Ball Handler > High P&R > Dribble Off Pick > To Basket > Make 2 Pts,P&R Including Passes,P&R Ball Handler,High P&R,Dribble Off Pick,To Basket,Make 2 Pts,4,26.7,2.0,100.0,0.0,0.0,0,,,,100.0,,4,100.0,0.0,,,4,0,,4.0,0.0,100.0,4,4,0,100.0,0,0,0.0,8
Evan  Gilyard Jr.,Calgary Surge,2025-2026,defense,P&R ball handler,Foul,6,To Basket,P&R Including Passes > P&R Ball Handler > High P&R > Dribble Off Pick > To Basket > Foul,P&R Including Passes,P&R Ball Handler,High P&R,Dribble Off Pick,To Basket,Foul,3,20.0,1.333,75.8,0.0,100.0,0,,,,,,0,,100.0,,,0,0,,2.6,,66.7,0,0,0,,0,0,,4
Evan  Gilyard Jr.,Calgary Surge,2025-2026,defense,P&R ball handler,Make 2 Pts Foul,6,To Basket,P&R Including Passes > P&R Ball Handler > High P&R > Dribble Off Pick > To Basket > Make 2 Pts Foul,P&R Including Passes,P&R Ball Handler,High P&R,Dribble Off Pick,To Basket,Make 2 Pts Foul,1,6.7,3.0,104.2,0.0,100.0,0,,,,100.0,,1,100.0,100.0,,,1,0,,1.4,1.0,100.0,1,1,0,100.0,0,0,0.0,3
Evan  Gilyard Jr.,Calgary Surge,2025-2026,defense,P&R ball handler,Defense Commits,5,Dribble Off Pick,P&R Including Passes > P&R Ball Handler > High P&R > Dribble Off Pick > Defense Commits,P&R Including Passes,P&R Ball Handler,High P&R,Dribble Off Pick,Defense Commits,,6,14.3,0.0,,100.0,0.0,0,,,,,,0,,0.0,,,0,0,,0.0,,0.0,0,0,0,,0,0,,0
Evan  Gilyard Jr.,Calgary Surge,2025-2026,defense,P&R ball handler,Turnover,6,Defense Commits,P&R Including Passes > P&R Ball Handler > High P&R > Dribble Off Pick > Defense Commits > Turnover,P&R Including Passes,P&R Ball Handler,High P&R,Dribble Off Pick,Defense Commits,Turnover,6,100.0,0.0,,100.0,0.0,0,,,,,,0,,0.0,,,0,0,,0.0,,0.0,0,0,0,,0,0,,0
Evan  Gilyard Jr.,Calgary Surge,2025-2026,defense,P&R ball handler,Turnover,5,Dribble Off Pick,P&R Including Passes > P&R Ball Handler > High P&R > Dribble Off Pick > Turnover,P&R Including Passes,P&R Ball Handler,High P&R,Dribble Off Pick,Turnover,,1,2.4,0.0,,100.0,0.0,0,,,,,,0,,0.0,,,0,0,,0.0,,0.0,0,0,0,,0,0,,0
Evan  Gilyard Jr.,Calgary Surge,2025-2026,defense,P&R ball handler,Go Away from Pick,4,High P&R,P&R Including Passes > P&R Ball Handler > High P&R > Go Away from Pick,P&R Including Passes,P&R Ball Handler,High P&R,Go Away from Pick,,,8,15.7,0.0,0.0,37.5,0.0,2,0.0,,,0.0,,5,0.0,0.0,,,0,5,,5.0,0.0,0.0,3,0,3,0.0,0,2,0.4,0
Evan  Gilyard Jr.,Calgary Surge,2025-2026,defense,P&R ball handler,To Basket,5,Go Away from Pick,P&R Including Passes > P&R Ball Handler > High P&R > Go Away from Pick > To Basket,P&R Including Passes,P&R Ball Handler,High P&R,Go Away from Pick,To Basket,,3,37.5,0.0,0.0,0.0,0.0,0,,,,0.0,,3,0.0,0.0,,,0,3,,3.0,0.0,0.0,3,0,3,0.0,0,0,0.0,0
Evan  Gilyard Jr.,Calgary Surge,2025-2026,defense,P&R ball handler,Miss 2 Pts,6,To Basket,P&R Including Passes > P&R Ball Handler > High P&R > Go Away from Pick > To Basket > Miss 2 Pts,P&R Including Passes,P&R Ball Handler,High P&R,Go Away from Pick,To Basket,Miss 2 Pts,3,100.0,0.0,0.0,0.0,0.0,0,,,,0.0,,3,0.0,0.0,,,0,3,,3.0,0.0,0.0,3,0,3,0.0,0,0,0.0,0
Evan  Gilyard Jr.,Calgary Surge,2025-2026,defense,P&R ball handler,Dribble Jumper,5,Go Away from Pick,P&R Including Passes > P&R Ball Handler > High P&R > Go Away from Pick > Dribble Jumper,P&R Including Passes,P&R Ball Handler,High P&R,Go Away from Pick,Dribble Jumper,,2,25.0,0.0,0.0,0.0,0.0,2,0.0,,,0.0,,2,0.0,0.0,,,0,2,,2.0,0.0,0.0,0,0,0,,0,2,1.0,0
Evan  Gilyard Jr.,Calgary Surge,2025-2026,defense,P&R ball handler,Long/3pt,6,Dribble Jumper,P&R Including Passes > P&R Ball Handler > High P&R > Go Away from Pick > Dribble Jumper > Long/3pt,P&R Including Passes,P&R Ball Handler,High P&R,Go Away from Pick,Dribble Jumper,Long/3pt,2,100.0,0.0,0.0,0.0,0.0,2,0.0,,,0.0,,2,0.0,0.0,,,0,2,,2.0,0.0,0.0,0,0,0,,0,2,1.0,0
Evan  Gilyard Jr.,Calgary Surge,2025-2026,defense,P&R ball handler,Defense Commits,5,Go Away from Pick,P&R Including Passes > P&R Ball Handler > High P&R > Go Away from Pick > Defense Commits,P&R Including Passes,P&R Ball Handler,High P&R,Go Away from Pick,Defense Commits,,2,25.0,0.0,,100.0,0.0,0,,,,,,0,,0.0,,,0,0,,0.0,,0.0,0,0,0,,0,0,,0
Evan  Gilyard Jr.,Calgary Surge,2025-2026,defense,P&R ball handler,Turnover,6,Defense Commits,P&R Including Passes > P&R Ball Handler > High P&R > Go Away from Pick > Defense Commits > Turnover,P&R Including Passes,P&R Ball Handler,High P&R,Go Away from Pick,Defense Commits,Turnover,2,100.0,0.0,,100.0,0.0,0,,,,,,0,,0.0,,,0,0,,0.0,,0.0,0,0,0,,0,0,,0
Evan  Gilyard Jr.,Calgary Surge,2025-2026,defense,P&R ball handler,Turnover,5,Go Away from Pick,P&R Including Passes > P&R Ball Handler > High P&R > Go Away from Pick > Turnover,P&R Including Passes,P&R Ball Handler,High P&R,Go Away from Pick,Turnover,,1,12.5,0.0,,100.0,0.0,0,,,,,,0,,0.0,,,0,0,,0.0,,0.0,0,0,0,,0,0,,0
Evan  Gilyard Jr.,Calgary Surge,2025-2026,defense,P&R ball handler,Takes Early Jump Shot,4,High P&R,P&R Including Passes > P&R Ball Handler > High P&R > Takes Early Jump Shot,P&R Including Passes,P&R Ball Handler,High P&R,Takes Early Jump Shot,,,1,2.0,0.0,,100.0,0.0,0,,,,,,0,,0.0,,,0,0,,0.0,,0.0,0,0,0,,0,0,,0
Evan  Gilyard Jr.,Calgary Surge,2025-2026,defense,P&R ball handler,Turnover,5,Takes Early Jump Shot,P&R Including Passes > P&R Ball Handler > High P&R > Takes Early Jump Shot > Turnover,P&R Including Passes,P&R Ball Handler,High P&R,Takes Early Jump Shot,Turnover,,1,100.0,0.0,,100.0,0.0,0,,,,,,0,,0.0,,,0,0,,0.0,,0.0,0,0,0,,0,0,,0
Evan  Gilyard Jr.,Calgary Surge,2025-2026,defense,P&R ball handler,Right P&R,3,P&R Ball Handler,P&R Including Passes > P&R Ball Handler > Right P&R,P&R Including Passes,P&R Ball Handler,Right P&R,,,,16,21.3,0.5,40.5,37.5,6.3,2,50.0,,,33.3,,9,38.9,6.3,,,3,6,,9.9,0.22,25.0,7,2,5,28.6,1,1,0.22,8
Evan  Gilyard Jr.,Calgary Surge,2025-2026,defense,P&R ball handler,Baseline,4,Right P&R,P&R Including Passes > P&R Ball Handler > Right P&R > Baseline,P&R Including Passes,P&R Ball Handler,Right P&R,Baseline,,,10,62.5,0.6,51.0,40.0,10.0,2,50.0,,,40.0,,5,50.0,10.0,,,2,3,,5.9,0.4,30.0,3,1,2,33.3,1,1,0.4,6
Evan  Gilyard Jr.,Calgary Surge,2025-2026,defense,P&R ball handler,Dribble Off Pick,5,Baseline,P&R Including Passes > P&R Ball Handler > Right P&R > Baseline > Dribble Off Pick,P&R Including Passes,P&R Ball Handler,Right P&R,Baseline,Dribble Off Pick,,10,100.0,0.6,51.0,40.0,10.0,2,50.0,,,40.0,,5,50.0,10.0,,,2,3,,5.9,0.4,30.0,3,1,2,33.3,1,1,0.4,6
Evan  Gilyard Jr.,Calgary Surge,2025-2026,defense,P&R ball handler,Defense Commits,6,Dribble Off Pick,P&R Including Passes > P&R Ball Handler > Right P&R > Baseline > Dribble Off Pick > Defense Commits,P&R Including Passes,P&R Ball Handler,Right P&R,Baseline,Dribble Off Pick,Defense Commits,4,40.0,0.0,,100.0,0.0,0,,,,,,0,,0.0,,,0,0,,0.0,,0.0,0,0,0,,0,0,,0
Evan  Gilyard Jr.,Calgary Surge,2025-2026,defense,P&R ball handler,Dribble Jumper,6,Dribble Off Pick,P&R Including Passes > P&R Ball Handler > Right P&R > Baseline > Dribble Off Pick > Dribble Jumper,P&R Including Passes,P&R Ball Handler,Right P&R,Baseline,Dribble Off Pick,Dribble Jumper,4,40.0,0.75,37.5,0.0,0.0,2,50.0,,,25.0,,4,37.5,0.0,,,1,3,,4.0,0.0,25.0,2,0,2,0.0,1,1,0.5,3
Evan  Gilyard Jr.,Calgary Surge,2025-2026,defense,P&R ball handler,To Basket,6,Dribble Off Pick,P&R Including Passes > P&R Ball Handler > Right P&R > Baseline > Dribble Off Pick > To Basket,P&R Including Passes,P&R Ball Handler,Right P&R,Baseline,Dribble Off Pick,To Basket,2,20.0,1.5,79.8,0.0,50.0,0,,,,100.0,,1,100.0,50.0,,,1,0,,1.9,2.0,100.0,1,1,0,100.0,0,0,0.0,3
Evan  Gilyard Jr.,Calgary Surge,2025-2026,defense,P&R ball handler,Side,4,Right P&R,P&R Including Passes > P&R Ball Handler > Right P&R > Side,P&R Including Passes,P&R Ball Handler,Right P&R,Side,,,6,37.5,0.333,25.0,33.3,0.0,0,,,,25.0,,4,25.0,0.0,,,1,3,,4.0,0.0,16.7,4,1,3,25.0,0,0,0.0,2
Evan  Gilyard Jr.,Calgary Surge,2025-2026,defense,P&R ball handler,Dribble Off Pick,5,Side,P&R Including Passes > P&R Ball Handler > Right P&R > Side > Dribble Off Pick,P&R Including Passes,P&R Ball Handler,Right P&R,Side,Dribble Off Pick,,4,66.7,0.5,33.3,25.0,0.0,0,,,,33.3,,3,33.3,0.0,,,1,2,,3.0,0.0,25.0,3,1,2,33.3,0,0,0.0,2
Evan  Gilyard Jr.,Calgary Surge,2025-2026,defense,P&R ball handler,To Basket,6,Dribble Off Pick,P&R Including Passes > P&R Ball Handler > Right P&R > Side > Dribble Off Pick > To Basket,P&R Including Passes,P&R Ball Handler,Right P&R,Side,Dribble Off Pick,To Basket,3,75.0,0.667,50.0,33.3,0.0,0,,,,50.0,,2,50.0,0.0,,,1,1,,2.0,0.0,33.3,2,1,1,50.0,0,0,0.0,2
Evan  Gilyard Jr.,Calgary Surge,2025-2026,defense,P&R ball handler,Dribble Jumper,6,Dribble Off Pick,P&R Including Passes > P&R Ball Handler > Right P&R > Side > Dribble Off Pick > Dribble Jumper,P&R Including Passes,P&R Ball Handler,Right P&R,Side,Dribble Off Pick,Dribble Jumper,1,25.0,0.0,0.0,0.0,0.0,0,,,,0.0,,1,0.0,0.0,,,0,1,,1.0,0.0,0.0,1,0,1,0.0,0,0,0.0,0
Evan  Gilyard Jr.,Calgary Surge,2025-2026,defense,P&R ball handler,Go Away from Pick,5,Side,P&R Including Passes > P&R Ball Handler > Right P&R > Side > Go Away from Pick,P&R Including Passes,P&R Ball Handler,Right P&R,Side,Go Away from Pick,,2,33.3,0.0,0.0,50.0,0.0,0,,,,0.0,,1,0.0,0.0,,,0,1,,1.0,0.0,0.0,1,0,1,0.0,0,0,0.0,0
Evan  Gilyard Jr.,Calgary Surge,2025-2026,defense,P&R ball handler,To Basket,6,Go Away from Pick,P&R Including Passes > P&R Ball Handler > Right P&R > Side > Go Away from Pick > To Basket,P&R Including Passes,P&R Ball Handler,Right P&R,Side,Go Away from Pick,To Basket,1,50.0,0.0,0.0,0.0,0.0,0,,,,0.0,,1,0.0,0.0,,,0,1,,1.0,0.0,0.0,1,0,1,0.0,0,0,0.0,0
Evan  Gilyard Jr.,Calgary Surge,2025-2026,defense,P&R ball handler,Defense Commits,6,Go Away from Pick,P&R Including Passes > P&R Ball Handler > Right P&R > Side > Go Away from Pick > Defense Commits,P&R Including Passes,P&R Ball Handler,Right P&R,Side,Go Away from Pick,Defense Commits,1,50.0,0.0,,100.0,0.0,0,,,,,,0,,0.0,,,0,0,,0.0,,0.0,0,0,0,,0,0,,0
Evan  Gilyard Jr.,Calgary Surge,2025-2026,defense,P&R ball handler,Left P&R,3,P&R Ball Handler,P&R Including Passes > P&R Ball Handler > Left P&R,P&R Including Passes,P&R Ball Handler,Left P&R,,,,8,10.7,0.875,50.9,12.5,12.5,2,0.0,,,50.0,,6,50.0,12.5,,,3,3,,6.9,0.33,50.0,4,3,1,75.0,0,2,0.33,7
Evan  Gilyard Jr.,Calgary Surge,2025-2026,defense,P&R ball handler,Baseline,4,Left P&R,P&R Including Passes > P&R Ball Handler > Left P&R > Baseline,P&R Including Passes,P&R Ball Handler,Left P&R,Baseline,,,5,62.5,1.0,51.2,0.0,20.0,2,0.0,,,50.0,,4,50.0,20.0,,,2,2,,4.9,0.5,60.0,2,2,0,100.0,0,2,0.5,5
Evan  Gilyard Jr.,Calgary Surge,2025-2026,defense,P&R ball handler,Dribble Off Pick,5,Baseline,P&R Including Passes > P&R Ball Handler > Left P&R > Baseline > Dribble Off Pick,P&R Including Passes,P&R Ball Handler,Left P&R,Baseline,Dribble Off Pick,,5,100.0,1.0,51.2,0.0,20.0,2,0.0,,,50.0,,4,50.0,20.0,,,2,2,,4.9,0.5,60.0,2,2,0,100.0,0,2,0.5,5
Evan  Gilyard Jr.,Calgary Surge,2025-2026,defense,P&R ball handler,Dribble Jumper,6,Dribble Off Pick,P&R Including Passes > P&R Ball Handler > Left P&R > Baseline > Dribble Off Pick > Dribble Jumper,P&R Including Passes,P&R Ball Handler,Left P&R,Baseline,Dribble Off Pick,Dribble Jumper,3,60.0,0.667,33.3,0.0,0.0,2,0.0,,,33.3,,3,33.3,0.0,,,1,2,,3.0,0.0,33.3,1,1,0,100.0,0,2,0.67,2
Evan  Gilyard Jr.,Calgary Surge,2025-2026,defense,P&R ball handler,To Basket,6,Dribble Off Pick,P&R Including Passes > P&R Ball Handler > Left P&R > Baseline > Dribble Off Pick > To Basket,P&R Including Passes,P&R Ball Handler,Left P&R,Baseline,Dribble Off Pick,To Basket,2,40.0,1.5,79.8,0.0,50.0,0,,,,100.0,,1,100.0,50.0,,,1,0,,1.9,2.0,100.0,1,1,0,100.0,0,0,0.0,3
Evan  Gilyard Jr.,Calgary Surge,2025-2026,defense,P&R ball handler,Side,4,Left P&R,P&R Including Passes > P&R Ball Handler > Left P&R > Side,P&R Including Passes,P&R Ball Handler,Left P&R,Side,,,3,37.5,0.667,50.0,33.3,0.0,0,,,,50.0,,2,50.0,0.0,,,1,1,,2.0,0.0,33.3,2,1,1,50.0,0,0,0.0,2
Evan  Gilyard Jr.,Calgary Surge,2025-2026,defense,P&R ball handler,Dribble Off Pick,5,Side,P&R Including Passes > P&R Ball Handler > Left P&R > Side > Dribble Off Pick,P&R Including Passes,P&R Ball Handler,Left P&R,Side,Dribble Off Pick,,2,66.7,1.0,100.0,50.0,0.0,0,,,,100.0,,1,100.0,0.0,,,1,0,,1.0,0.0,50.0,1,1,0,100.0,0,0,0.0,2
Evan  Gilyard Jr.,Calgary Surge,2025-2026,defense,P&R ball handler,Dribble Jumper,6,Dribble Off Pick,P&R Including Passes > P&R Ball Handler > Left P&R > Side > Dribble Off Pick > Dribble Jumper,P&R Including Passes,P&R Ball Handler,Left P&R,Side,Dribble Off Pick,Dribble Jumper,1,50.0,2.0,100.0,0.0,0.0,0,,,,100.0,,1,100.0,0.0,,,1,0,,1.0,0.0,100.0,1,1,0,100.0,0,0,0.0,2
Evan  Gilyard Jr.,Calgary Surge,2025-2026,defense,P&R ball handler,Defense Commits,6,Dribble Off Pick,P&R Including Passes > P&R Ball Handler > Left P&R > Side > Dribble Off Pick > Defense Commits,P&R Including Passes,P&R Ball Handler,Left P&R,Side,Dribble Off Pick,Defense Commits,1,50.0,0.0,,100.0,0.0,0,,,,,,0,,0.0,,,0,0,,0.0,,0.0,0,0,0,,0,0,,0
Evan  Gilyard Jr.,Calgary Surge,2025-2026,defense,P&R ball handler,Go Away from Pick,5,Side,P&R Including Passes > P&R Ball Handler > Left P&R > Side > Go Away from Pick,P&R Including Passes,P&R Ball Handler,Left P&R,Side,Go Away from Pick,,1,33.3,0.0,0.0,0.0,0.0,0,,,,0.0,,1,0.0,0.0,,,0,1,,1.0,0.0,0.0,1,0,1,0.0,0,0,0.0,0
Evan  Gilyard Jr.,Calgary Surge,2025-2026,defense,P&R ball handler,To Basket,6,Go Away from Pick,P&R Including Passes > P&R Ball Handler > Left P&R > Side > Go Away from Pick > To Basket,P&R Including Passes,P&R Ball Handler,Left P&R,Side,Go Away from Pick,To Basket,1,100.0,0.0,0.0,0.0,0.0,0,,,,0.0,,1,0.0,0.0,,,0,1,,1.0,0.0,0.0,1,0,1,0.0,0,0,0.0,0
Evan  Gilyard Jr.,Calgary Surge,2025-2026,defense,P&R ball handler,Spot-Up,2,P&R Including Passes,P&R Including Passes > Spot-Up,P&R Including Passes,Spot-Up,,,,,17,16.8,0.529,30.0,11.8,0.0,13,23.1,,,20.0,,15,30.0,0.0,,,3,12,,15.0,0.0,17.6,2,0,2,0.0,3,10,0.87,9
Evan  Gilyard Jr.,Calgary Surge,2025-2026,defense,P&R ball handler,No Dribble Jumper,3,Spot-Up,P&R Including Passes > Spot-Up > No Dribble Jumper,P&R Including Passes,Spot-Up,No Dribble Jumper,,,,13,76.5,0.692,34.6,0.0,0.0,13,23.1,,,23.1,,13,34.6,0.0,,,3,10,,13.0,0.0,23.1,0,0,0,,3,10,1.0,9
Evan  Gilyard Jr.,Calgary Surge,2025-2026,defense,P&R ball handler,Open,4,No Dribble Jumper,P&R Including Passes > Spot-Up > No Dribble Jumper > Open,P&R Including Passes,Spot-Up,No Dribble Jumper,Open,,,7,53.8,1.286,64.3,0.0,0.0,7,42.9,,,42.9,,7,64.3,0.0,,,3,4,,7.0,0.0,42.9,0,0,0,,3,4,1.0,9
Evan  Gilyard Jr.,Calgary Surge,2025-2026,defense,P&R ball handler,Long/3pt,5,Open,P&R Including Passes > Spot-Up > No Dribble Jumper > Open > Long/3pt,P&R Including Passes,Spot-Up,No Dribble Jumper,Open,Long/3pt,,7,100.0,1.286,64.3,0.0,0.0,7,42.9,,,42.9,,7,64.3,0.0,,,3,4,,7.0,0.0,42.9,0,0,0,,3,4,1.0,9
Evan  Gilyard Jr.,Calgary Surge,2025-2026,defense,P&R ball handler,Miss 3 Pts,6,Long/3pt,P&R Including Passes > Spot-Up > No Dribble Jumper > Open > Long/3pt > Miss 3 Pts,P&R Including Passes,Spot-Up,No Dribble Jumper,Open,Long/3pt,Miss 3 Pts,4,57.1,0.0,0.0,0.0,0.0,4,0.0,,,0.0,,4,0.0,0.0,,,0,4,,4.0,0.0,0.0,0,0,0,,0,4,1.0,0
Evan  Gilyard Jr.,Calgary Surge,2025-2026,defense,P&R ball handler,Make 3 Pts,6,Long/3pt,P&R Including Passes > Spot-Up > No Dribble Jumper > Open > Long/3pt > Make 3 Pts,P&R Including Passes,Spot-Up,No Dribble Jumper,Open,Long/3pt,Make 3 Pts,3,42.9,3.0,150.0,0.0,0.0,3,100.0,,,100.0,,3,150.0,0.0,,,3,0,,3.0,0.0,100.0,0,0,0,,3,0,1.0,9
Evan  Gilyard Jr.,Calgary Surge,2025-2026,defense,P&R ball handler,Guarded,4,No Dribble Jumper,P&R Including Passes > Spot-Up > No Dribble Jumper > Guarded,P&R Including Passes,Spot-Up,No Dribble Jumper,Guarded,,,6,46.2,0.0,0.0,0.0,0.0,6,0.0,,,0.0,,6,0.0,0.0,,,0,6,,6.0,0.0,0.0,0,0,0,,0,6,1.0,0
Evan  Gilyard Jr.,Calgary Surge,2025-2026,defense,P&R ball handler,Long/3pt,5,Guarded,P&R Including Passes > Spot-Up > No Dribble Jumper > Guarded > Long/3pt,P&R Including Passes,Spot-Up,No Dribble Jumper,Guarded,Long/3pt,,6,100.0,0.0,0.0,0.0,0.0,6,0.0,,,0.0,,6,0.0,0.0,,,0,6,,6.0,0.0,0.0,0,0,0,,0,6,1.0,0
Evan  Gilyard Jr.,Calgary Surge,2025-2026,defense,P&R ball handler,Miss 3 Pts,6,Long/3pt,P&R Including Passes > Spot-Up > No Dribble Jumper > Guarded > Long/3pt > Miss 3 Pts,P&R Including Passes,Spot-Up,No Dribble Jumper,Guarded,Long/3pt,Miss 3 Pts,6,100.0,0.0,0.0,0.0,0.0,6,0.0,,,0.0,,6,0.0,0.0,,,0,6,,6.0,0.0,0.0,0,0,0,,0,6,1.0,0
Evan  Gilyard Jr.,Calgary Surge,2025-2026,defense,P&R ball handler,Drives Right,3,Spot-Up,P&R Including Passes > Spot-Up > Drives Right,P&R Including Passes,Spot-Up,Drives Right,,,,2,11.8,0.0,0.0,50.0,0.0,0,,,,0.0,,1,0.0,0.0,,,0,1,,1.0,0.0,0.0,1,0,1,0.0,0,0,0.0,0
Evan  Gilyard Jr.,Calgary Surge,2025-2026,defense,P&R ball handler,To Basket,4,Drives Right,P&R Including Passes > Spot-Up > Drives Right > To Basket,P&R Including Passes,Spot-Up,Drives Right,To Basket,,,1,50.0,0.0,0.0,0.0,0.0,0,,,,0.0,,1,0.0,0.0,,,0,1,,1.0,0.0,0.0,1,0,1,0.0,0,0,0.0,0
Evan  Gilyard Jr.,Calgary Surge,2025-2026,defense,P&R ball handler,Miss 2 Pts,5,To Basket,P&R Including Passes > Spot-Up > Drives Right > To Basket > Miss 2 Pts,P&R Including Passes,Spot-Up,Drives Right,To Basket,Miss 2 Pts,,1,100.0,0.0,0.0,0.0,0.0,0,,,,0.0,,1,0.0,0.0,,,0,1,,1.0,0.0,0.0,1,0,1,0.0,0,0,0.0,0
Evan  Gilyard Jr.,Calgary Surge,2025-2026,defense,P&R ball handler,Turnover,4,Drives Right,P&R Including Passes > Spot-Up > Drives Right > Turnover,P&R Including Passes,Spot-Up,Drives Right,Turnover,,,1,50.0,0.0,,100.0,0.0,0,,,,,,0,,0.0,,,0,0,,0.0,,0.0,0,0,0,,0,0,,0
Evan  Gilyard Jr.,Calgary Surge,2025-2026,defense,P&R ball handler,Drives Left,3,Spot-Up,P&R Including Passes > Spot-Up > Drives Left,P&R Including Passes,Spot-Up,Drives Left,,,,2,11.8,0.0,0.0,50.0,0.0,0,,,,0.0,,1,0.0,0.0,,,0,1,,1.0,0.0,0.0,1,0,1,0.0,0,0,0.0,0
Evan  Gilyard Jr.,Calgary Surge,2025-2026,defense,P&R ball handler,To Basket,4,Drives Left,P&R Including Passes > Spot-Up > Drives Left > To Basket,P&R Including Passes,Spot-Up,Drives Left,To Basket,,,2,100.0,0.0,0.0,50.0,0.0,0,,,,0.0,,1,0.0,0.0,,,0,1,,1.0,0.0,0.0,1,0,1,0.0,0,0,0.0,0
Evan  Gilyard Jr.,Calgary Surge,2025-2026,defense,P&R ball handler,Turnover,5,To Basket,P&R Including Passes > Spot-Up > Drives Left > To Basket > Turnover,P&R Including Passes,Spot-Up,Drives Left,To Basket,Turnover,,1,50.0,0.0,,100.0,0.0,0,,,,,,0,,0.0,,,0,0,,0.0,,0.0,0,0,0,,0,0,,0
Evan  Gilyard Jr.,Calgary Surge,2025-2026,defense,P&R ball handler,Miss 2 Pts,5,To Basket,P&R Including Passes > Spot-Up > Drives Left > To Basket > Miss 2 Pts,P&R Including Passes,Spot-Up,Drives Left,To Basket,Miss 2 Pts,,1,50.0,0.0,0.0,0.0,0.0,0,,,,0.0,,1,0.0,0.0,,,0,1,,1.0,0.0,0.0,1,0,1,0.0,0,0,0.0,0
Evan  Gilyard Jr.,Calgary Surge,2025-2026,defense,P&R ball handler,P&R Roll Man,2,P&R Including Passes,P&R Including Passes > P&R Roll Man,P&R Including Passes,P&R Roll Man,,,,,9,8.9,1.111,60.1,11.1,22.2,3,0.0,,,57.1,,7,57.1,22.2,,,4,3,,8.3,0.43,55.6,4,4,0,100.0,0,3,0.43,10
Evan  Gilyard Jr.,Calgary Surge,2025-2026,defense,P&R ball handler,Pick and Pops,3,P&R Roll Man,P&R Including Passes > P&R Roll Man > Pick and Pops,P&R Including Passes,P&R Roll Man,Pick and Pops,,,,8,88.9,1.0,54.6,12.5,25.0,3,0.0,,,50.0,,6,50.0,25.0,,,3,3,,7.3,0.5,50.0,3,3,0,100.0,0,3,0.5,8
Evan  Gilyard Jr.,Calgary Surge,2025-2026,defense,P&R ball handler,Drives Right,4,Pick and Pops,P&R Including Passes > P&R Roll Man > Pick and Pops > Drives Right,P&R Including Passes,P&R Roll Man,Pick and Pops,Drives Right,,,3,37.5,2.333,101.7,0.0,33.3,0,,,,100.0,,3,100.0,33.3,,,3,0,,3.4,0.33,100.0,3,3,0,100.0,0,0,0.0,7
Evan  Gilyard Jr.,Calgary Surge,2025-2026,defense,P&R ball handler,To Basket,5,Drives Right,P&R Including Passes > P&R Roll Man > Pick and Pops > Drives Right > To Basket,P&R Including Passes,P&R Roll Man,Pick and Pops,Drives Right,To Basket,,2,66.7,2.5,102.5,0.0,50.0,0,,,,100.0,,2,100.0,50.0,,,2,0,,2.4,0.5,100.0,2,2,0,100.0,0,0,0.0,5
Evan  Gilyard Jr.,Calgary Surge,2025-2026,defense,P&R ball handler,Make 2 Pts,6,To Basket,P&R Including Passes > P&R Roll Man > Pick and Pops > Drives Right > To Basket > Make 2 Pts,P&R Including Passes,P&R Roll Man,Pick and Pops,Drives Right,To Basket,Make 2 Pts,1,50.0,2.0,100.0,0.0,0.0,0,,,,100.0,,1,100.0,0.0,,,1,0,,1.0,0.0,100.0,1,1,0,100.0,0,0,0.0,2
Evan  Gilyard Jr.,Calgary Surge,2025-2026,defense,P&R ball handler,Make 2 Pts Foul,6,To Basket,P&R Including Passes > P&R Roll Man > Pick and Pops > Drives Right > To Basket > Make 2 Pts Foul,P&R Including Passes,P&R Roll Man,Pick and Pops,Drives Right,To Basket,Make 2 Pts Foul,1,50.0,3.0,104.2,0.0,100.0,0,,,,100.0,,1,100.0,100.0,,,1,0,,1.4,1.0,100.0,1,1,0,100.0,0,0,0.0,3
Evan  Gilyard Jr.,Calgary Surge,2025-2026,defense,P&R ball handler,Dribble Jumper,5,Drives Right,P&R Including Passes > P&R Roll Man > Pick and Pops > Drives Right > Dribble Jumper,P&R Including Passes,P&R Roll Man,Pick and Pops,Drives Right,Dribble Jumper,,1,33.3,2.0,100.0,0.0,0.0,0,,,,100.0,,1,100.0,0.0,,,1,0,,1.0,0.0,100.0,1,1,0,100.0,0,0,0.0,2
Evan  Gilyard Jr.,Calgary Surge,2025-2026,defense,P&R ball handler,Medium/17' to 3pt,6,Dribble Jumper,P&R Including Passes > P&R Roll Man > Pick and Pops > Drives Right > Dribble Jumper > Medium/17' to 3pt,P&R Including Passes,P&R Roll Man,Pick and Pops,Drives Right,Dribble Jumper,Medium/17' to 3pt,1,100.0,2.0,100.0,0.0,0.0,0,,,,100.0,,1,100.0,0.0,,,1,0,,1.0,0.0,100.0,1,1,0,100.0,0,0,0.0,2
Evan  Gilyard Jr.,Calgary Surge,2025-2026,defense,P&R ball handler,No Dribble Jumper,4,Pick and Pops,P&R Including Passes > P&R Roll Man > Pick and Pops > No Dribble Jumper,P&R Including Passes,P&R Roll Man,Pick and Pops,No Dribble Jumper,,,3,37.5,0.0,0.0,0.0,0.0,3,0.0,,,0.0,,3,0.0,0.0,,,0,3,,3.0,0.0,0.0,0,0,0,,0,3,1.0,0
Evan  Gilyard Jr.,Calgary Surge,2025-2026,defense,P&R ball handler,Open,5,No Dribble Jumper,P&R Including Passes > P&R Roll Man > Pick and Pops > No Dribble Jumper > Open,P&R Including Passes,P&R Roll Man,Pick and Pops,No Dribble Jumper,Open,,2,66.7,0.0,0.0,0.0,0.0,2,0.0,,,0.0,,2,0.0,0.0,,,0,2,,2.0,0.0,0.0,0,0,0,,0,2,1.0,0
Evan  Gilyard Jr.,Calgary Surge,2025-2026,defense,P&R ball handler,Long/3pt,6,Open,P&R Including Passes > P&R Roll Man > Pick and Pops > No Dribble Jumper > Open > Long/3pt,P&R Including Passes,P&R Roll Man,Pick and Pops,No Dribble Jumper,Open,Long/3pt,2,100.0,0.0,0.0,0.0,0.0,2,0.0,,,0.0,,2,0.0,0.0,,,0,2,,2.0,0.0,0.0,0,0,0,,0,2,1.0,0
Evan  Gilyard Jr.,Calgary Surge,2025-2026,defense,P&R ball handler,Guarded,5,No Dribble Jumper,P&R Including Passes > P&R Roll Man > Pick and Pops > No Dribble Jumper > Guarded,P&R Including Passes,P&R Roll Man,Pick and Pops,No Dribble Jumper,Guarded,,1,33.3,0.0,0.0,0.0,0.0,1,0.0,,,0.0,,1,0.0,0.0,,,0,1,,1.0,0.0,0.0,0,0,0,,0,1,1.0,0
Evan  Gilyard Jr.,Calgary Surge,2025-2026,defense,P&R ball handler,Long/3pt,6,Guarded,P&R Including Passes > P&R Roll Man > Pick and Pops > No Dribble Jumper > Guarded > Long/3pt,P&R Including Passes,P&R Roll Man,Pick and Pops,No Dribble Jumper,Guarded,Long/3pt,1,100.0,0.0,0.0,0.0,0.0,1,0.0,,,0.0,,1,0.0,0.0,,,0,1,,1.0,0.0,0.0,0,0,0,,0,1,1.0,0
Evan  Gilyard Jr.,Calgary Surge,2025-2026,defense,P&R ball handler,Drives Left,4,Pick and Pops,P&R Including Passes > P&R Roll Man > Pick and Pops > Drives Left,P&R Including Passes,P&R Roll Man,Pick and Pops,Drives Left,,,1,12.5,1.0,56.8,0.0,100.0,0,,,,,,0,,100.0,,,0,0,,0.9,,100.0,0,0,0,,0,0,,1
Evan  Gilyard Jr.,Calgary Surge,2025-2026,defense,P&R ball handler,To Basket,5,Drives Left,P&R Including Passes > P&R Roll Man > Pick and Pops > Drives Left > To Basket,P&R Including Passes,P&R Roll Man,Pick and Pops,Drives Left,To Basket,,1,100.0,1.0,56.8,0.0,100.0,0,,,,,,0,,100.0,,,0,0,,0.9,,100.0,0,0,0,,0,0,,1
Evan  Gilyard Jr.,Calgary Surge,2025-2026,defense,P&R ball handler,Foul,6,To Basket,P&R Including Passes > P&R Roll Man > Pick and Pops > Drives Left > To Basket > Foul,P&R Including Passes,P&R Roll Man,Pick and Pops,Drives Left,To Basket,Foul,1,100.0,1.0,56.8,0.0,100.0,0,,,,,,0,,100.0,,,0,0,,0.9,,100.0,0,0,0,,0,0,,1
Evan  Gilyard Jr.,Calgary Surge,2025-2026,defense,P&R ball handler,Turnover,4,Pick and Pops,P&R Including Passes > P&R Roll Man > Pick and Pops > Turnover,P&R Including Passes,P&R Roll Man,Pick and Pops,Turnover,,,1,12.5,0.0,,100.0,0.0,0,,,,,,0,,0.0,,,0,0,,0.0,,0.0,0,0,0,,0,0,,0
Evan  Gilyard Jr.,Calgary Surge,2025-2026,defense,P&R ball handler,Slips the Pick,3,P&R Roll Man,P&R Including Passes > P&R Roll Man > Slips the Pick,P&R Including Passes,P&R Roll Man,Slips the Pick,,,,1,11.1,2.0,100.0,0.0,0.0,0,,,,100.0,,1,100.0,0.0,,,1,0,,1.0,0.0,100.0,1,1,0,100.0,0,0,0.0,2
Evan  Gilyard Jr.,Calgary Surge,2025-2026,defense,P&R ball handler,To Basket,4,Slips the Pick,P&R Including Passes > P&R Roll Man > Slips the Pick > To Basket,P&R Including Passes,P&R Roll Man,Slips the Pick,To Basket,,,1,100.0,2.0,100.0,0.0,0.0,0,,,,100.0,,1,100.0,0.0,,,1,0,,1.0,0.0,100.0,1,1,0,100.0,0,0,0.0,2
Evan  Gilyard Jr.,Calgary Surge,2025-2026,defense,P&R ball handler,Make 2 Pts,5,To Basket,P&R Including Passes > P&R Roll Man > Slips the Pick > To Basket > Make 2 Pts,P&R Including Passes,P&R Roll Man,Slips the Pick,To Basket,Make 2 Pts,,1,100.0,2.0,100.0,0.0,0.0,0,,,,100.0,,1,100.0,0.0,,,1,0,,1.0,0.0,100.0,1,1,0,100.0,0,0,0.0,2
Evan  Gilyard Jr.,Calgary Surge,2025-2026,defense,P&R ball handler,P&R BH - Defense Commits,1,,P&R BH - Defense Commits,P&R BH - Defense Commits,,,,,,40,21.6,0.475,40.7,42.5,5.0,16,18.8,Excellent,87.0,31.8,41.0,22,38.6,5.0,,,7,15,,23.3,0.14,20.0,6,4,2,66.7,3,13,0.73,19
Evan  Gilyard Jr.,Calgary Surge,2025-2026,defense,P&R ball handler,Spot-Up,2,P&R BH - Defense Commits,P&R BH - Defense Commits > Spot-Up,P&R BH - Defense Commits,Spot-Up,,,,,17,42.5,0.529,30.0,11.8,0.0,13,23.1,,,20.0,,15,30.0,0.0,,,3,12,,15.0,0.0,17.6,2,0,2,0.0,3,10,0.87,9
Evan  Gilyard Jr.,Calgary Surge,2025-2026,defense,P&R ball handler,No Dribble Jumper,3,Spot-Up,P&R BH - Defense Commits > Spot-Up > No Dribble Jumper,P&R BH - Defense Commits,Spot-Up,No Dribble Jumper,,,,13,76.5,0.692,34.6,0.0,0.0,13,23.1,,,23.1,,13,34.6,0.0,,,3,10,,13.0,0.0,23.1,0,0,0,,3,10,1.0,9
Evan  Gilyard Jr.,Calgary Surge,2025-2026,defense,P&R ball handler,Open,4,No Dribble Jumper,P&R BH - Defense Commits > Spot-Up > No Dribble Jumper > Open,P&R BH - Defense Commits,Spot-Up,No Dribble Jumper,Open,,,7,53.8,1.286,64.3,0.0,0.0,7,42.9,,,42.9,,7,64.3,0.0,,,3,4,,7.0,0.0,42.9,0,0,0,,3,4,1.0,9
Evan  Gilyard Jr.,Calgary Surge,2025-2026,defense,P&R ball handler,Long/3pt,5,Open,P&R BH - Defense Commits > Spot-Up > No Dribble Jumper > Open > Long/3pt,P&R BH - Defense Commits,Spot-Up,No Dribble Jumper,Open,Long/3pt,,7,100.0,1.286,64.3,0.0,0.0,7,42.9,,,42.9,,7,64.3,0.0,,,3,4,,7.0,0.0,42.9,0,0,0,,3,4,1.0,9
Evan  Gilyard Jr.,Calgary Surge,2025-2026,defense,P&R ball handler,Miss 3 Pts,6,Long/3pt,P&R BH - Defense Commits > Spot-Up > No Dribble Jumper > Open > Long/3pt > Miss 3 Pts,P&R BH - Defense Commits,Spot-Up,No Dribble Jumper,Open,Long/3pt,Miss 3 Pts,4,57.1,0.0,0.0,0.0,0.0,4,0.0,,,0.0,,4,0.0,0.0,,,0,4,,4.0,0.0,0.0,0,0,0,,0,4,1.0,0
Evan  Gilyard Jr.,Calgary Surge,2025-2026,defense,P&R ball handler,Make 3 Pts,6,Long/3pt,P&R BH - Defense Commits > Spot-Up > No Dribble Jumper > Open > Long/3pt > Make 3 Pts,P&R BH - Defense Commits,Spot-Up,No Dribble Jumper,Open,Long/3pt,Make 3 Pts,3,42.9,3.0,150.0,0.0,0.0,3,100.0,,,100.0,,3,150.0,0.0,,,3,0,,3.0,0.0,100.0,0,0,0,,3,0,1.0,9
Evan  Gilyard Jr.,Calgary Surge,2025-2026,defense,P&R ball handler,Guarded,4,No Dribble Jumper,P&R BH - Defense Commits > Spot-Up > No Dribble Jumper > Guarded,P&R BH - Defense Commits,Spot-Up,No Dribble Jumper,Guarded,,,6,46.2,0.0,0.0,0.0,0.0,6,0.0,,,0.0,,6,0.0,0.0,,,0,6,,6.0,0.0,0.0,0,0,0,,0,6,1.0,0
Evan  Gilyard Jr.,Calgary Surge,2025-2026,defense,P&R ball handler,Long/3pt,5,Guarded,P&R BH - Defense Commits > Spot-Up > No Dribble Jumper > Guarded > Long/3pt,P&R BH - Defense Commits,Spot-Up,No Dribble Jumper,Guarded,Long/3pt,,6,100.0,0.0,0.0,0.0,0.0,6,0.0,,,0.0,,6,0.0,0.0,,,0,6,,6.0,0.0,0.0,0,0,0,,0,6,1.0,0
Evan  Gilyard Jr.,Calgary Surge,2025-2026,defense,P&R ball handler,Miss 3 Pts,6,Long/3pt,P&R BH - Defense Commits > Spot-Up > No Dribble Jumper > Guarded > Long/3pt > Miss 3 Pts,P&R BH - Defense Commits,Spot-Up,No Dribble Jumper,Guarded,Long/3pt,Miss 3 Pts,6,100.0,0.0,0.0,0.0,0.0,6,0.0,,,0.0,,6,0.0,0.0,,,0,6,,6.0,0.0,0.0,0,0,0,,0,6,1.0,0
Evan  Gilyard Jr.,Calgary Surge,2025-2026,defense,P&R ball handler,Drives Left,3,Spot-Up,P&R BH - Defense Commits > Spot-Up > Drives Left,P&R BH - Defense Commits,Spot-Up,Drives Left,,,,2,11.8,0.0,0.0,50.0,0.0,0,,,,0.0,,1,0.0,0.0,,,0,1,,1.0,0.0,0.0,1,0,1,0.0,0,0,0.0,0
Evan  Gilyard Jr.,Calgary Surge,2025-2026,defense,P&R ball handler,To Basket,4,Drives Left,P&R BH - Defense Commits > Spot-Up > Drives Left > To Basket,P&R BH - Defense Commits,Spot-Up,Drives Left,To Basket,,,2,100.0,0.0,0.0,50.0,0.0,0,,,,0.0,,1,0.0,0.0,,,0,1,,1.0,0.0,0.0,1,0,1,0.0,0,0,0.0,0
Evan  Gilyard Jr.,Calgary Surge,2025-2026,defense,P&R ball handler,Turnover,5,To Basket,P&R BH - Defense Commits > Spot-Up > Drives Left > To Basket > Turnover,P&R BH - Defense Commits,Spot-Up,Drives Left,To Basket,Turnover,,1,50.0,0.0,,100.0,0.0,0,,,,,,0,,0.0,,,0,0,,0.0,,0.0,0,0,0,,0,0,,0
Evan  Gilyard Jr.,Calgary Surge,2025-2026,defense,P&R ball handler,Miss 2 Pts,5,To Basket,P&R BH - Defense Commits > Spot-Up > Drives Left > To Basket > Miss 2 Pts,P&R BH - Defense Commits,Spot-Up,Drives Left,To Basket,Miss 2 Pts,,1,50.0,0.0,0.0,0.0,0.0,0,,,,0.0,,1,0.0,0.0,,,0,1,,1.0,0.0,0.0,1,0,1,0.0,0,0,0.0,0
Evan  Gilyard Jr.,Calgary Surge,2025-2026,defense,P&R ball handler,Drives Right,3,Spot-Up,P&R BH - Defense Commits > Spot-Up > Drives Right,P&R BH - Defense Commits,Spot-Up,Drives Right,,,,2,11.8,0.0,0.0,50.0,0.0,0,,,,0.0,,1,0.0,0.0,,,0,1,,1.0,0.0,0.0,1,0,1,0.0,0,0,0.0,0
Evan  Gilyard Jr.,Calgary Surge,2025-2026,defense,P&R ball handler,Turnover,4,Drives Right,P&R BH - Defense Commits > Spot-Up > Drives Right > Turnover,P&R BH - Defense Commits,Spot-Up,Drives Right,Turnover,,,1,50.0,0.0,,100.0,0.0,0,,,,,,0,,0.0,,,0,0,,0.0,,0.0,0,0,0,,0,0,,0
Evan  Gilyard Jr.,Calgary Surge,2025-2026,defense,P&R ball handler,To Basket,4,Drives Right,P&R BH - Defense Commits > Spot-Up > Drives Right > To Basket,P&R BH - Defense Commits,Spot-Up,Drives Right,To Basket,,,1,50.0,0.0,0.0,0.0,0.0,0,,,,0.0,,1,0.0,0.0,,,0,1,,1.0,0.0,0.0,1,0,1,0.0,0,0,0.0,0
Evan  Gilyard Jr.,Calgary Surge,2025-2026,defense,P&R ball handler,Miss 2 Pts,5,To Basket,P&R BH - Defense Commits > Spot-Up > Drives Right > To Basket > Miss 2 Pts,P&R BH - Defense Commits,Spot-Up,Drives Right,To Basket,Miss 2 Pts,,1,100.0,0.0,0.0,0.0,0.0,0,,,,0.0,,1,0.0,0.0,,,0,1,,1.0,0.0,0.0,1,0,1,0.0,0,0,0.0,0
Evan  Gilyard Jr.,Calgary Surge,2025-2026,defense,P&R ball handler,P&R Ball Handler,2,P&R BH - Defense Commits,P&R BH - Defense Commits > P&R Ball Handler,P&R BH - Defense Commits,P&R Ball Handler,,,,,14,35.0,0.0,,100.0,0.0,0,,,,,,0,,0.0,,,0,0,,0.0,,0.0,0,0,0,,0,0,,0
Evan  Gilyard Jr.,Calgary Surge,2025-2026,defense,P&R ball handler,High P&R,3,P&R Ball Handler,P&R BH - Defense Commits > P&R Ball Handler > High P&R,P&R BH - Defense Commits,P&R Ball Handler,High P&R,,,,8,57.1,0.0,,100.0,0.0,0,,,,,,0,,0.0,,,0,0,,0.0,,0.0,0,0,0,,0,0,,0
Evan  Gilyard Jr.,Calgary Surge,2025-2026,defense,P&R ball handler,Dribble Off Pick,4,High P&R,P&R BH - Defense Commits > P&R Ball Handler > High P&R > Dribble Off Pick,P&R BH - Defense Commits,P&R Ball Handler,High P&R,Dribble Off Pick,,,6,75.0,0.0,,100.0,0.0,0,,,,,,0,,0.0,,,0,0,,0.0,,0.0,0,0,0,,0,0,,0
Evan  Gilyard Jr.,Calgary Surge,2025-2026,defense,P&R ball handler,Defense Commits,5,Dribble Off Pick,P&R BH - Defense Commits > P&R Ball Handler > High P&R > Dribble Off Pick > Defense Commits,P&R BH - Defense Commits,P&R Ball Handler,High P&R,Dribble Off Pick,Defense Commits,,6,100.0,0.0,,100.0,0.0,0,,,,,,0,,0.0,,,0,0,,0.0,,0.0,0,0,0,,0,0,,0
Evan  Gilyard Jr.,Calgary Surge,2025-2026,defense,P&R ball handler,Turnover,6,Defense Commits,P&R BH - Defense Commits > P&R Ball Handler > High P&R > Dribble Off Pick > Defense Commits > Turnover,P&R BH - Defense Commits,P&R Ball Handler,High P&R,Dribble Off Pick,Defense Commits,Turnover,6,100.0,0.0,,100.0,0.0,0,,,,,,0,,0.0,,,0,0,,0.0,,0.0,0,0,0,,0,0,,0
Evan  Gilyard Jr.,Calgary Surge,2025-2026,defense,P&R ball handler,Go Away from Pick,4,High P&R,P&R BH - Defense Commits > P&R Ball Handler > High P&R > Go Away from Pick,P&R BH - Defense Commits,P&R Ball Handler,High P&R,Go Away from Pick,,,2,25.0,0.0,,100.0,0.0,0,,,,,,0,,0.0,,,0,0,,0.0,,0.0,0,0,0,,0,0,,0
Evan  Gilyard Jr.,Calgary Surge,2025-2026,defense,P&R ball handler,Defense Commits,5,Go Away from Pick,P&R BH - Defense Commits > P&R Ball Handler > High P&R > Go Away from Pick > Defense Commits,P&R BH - Defense Commits,P&R Ball Handler,High P&R,Go Away from Pick,Defense Commits,,2,100.0,0.0,,100.0,0.0,0,,,,,,0,,0.0,,,0,0,,0.0,,0.0,0,0,0,,0,0,,0
Evan  Gilyard Jr.,Calgary Surge,2025-2026,defense,P&R ball handler,Turnover,6,Defense Commits,P&R BH - Defense Commits > P&R Ball Handler > High P&R > Go Away from Pick > Defense Commits > Turnover,P&R BH - Defense Commits,P&R Ball Handler,High P&R,Go Away from Pick,Defense Commits,Turnover,2,100.0,0.0,,100.0,0.0,0,,,,,,0,,0.0,,,0,0,,0.0,,0.0,0,0,0,,0,0,,0
Evan  Gilyard Jr.,Calgary Surge,2025-2026,defense,P&R ball handler,Right P&R,3,P&R Ball Handler,P&R BH - Defense Commits > P&R Ball Handler > Right P&R,P&R BH - Defense Commits,P&R Ball Handler,Right P&R,,,,5,35.7,0.0,,100.0,0.0,0,,,,,,0,,0.0,,,0,0,,0.0,,0.0,0,0,0,,0,0,,0
Evan  Gilyard Jr.,Calgary Surge,2025-2026,defense,P&R ball handler,Baseline,4,Right P&R,P&R BH - Defense Commits > P&R Ball Handler > Right P&R > Baseline,P&R BH - Defense Commits,P&R Ball Handler,Right P&R,Baseline,,,4,80.0,0.0,,100.0,0.0,0,,,,,,0,,0.0,,,0,0,,0.0,,0.0,0,0,0,,0,0,,0
Evan  Gilyard Jr.,Calgary Surge,2025-2026,defense,P&R ball handler,Dribble Off Pick,5,Baseline,P&R BH - Defense Commits > P&R Ball Handler > Right P&R > Baseline > Dribble Off Pick,P&R BH - Defense Commits,P&R Ball Handler,Right P&R,Baseline,Dribble Off Pick,,4,100.0,0.0,,100.0,0.0,0,,,,,,0,,0.0,,,0,0,,0.0,,0.0,0,0,0,,0,0,,0
Evan  Gilyard Jr.,Calgary Surge,2025-2026,defense,P&R ball handler,Defense Commits,6,Dribble Off Pick,P&R BH - Defense Commits > P&R Ball Handler > Right P&R > Baseline > Dribble Off Pick > Defense Commits,P&R BH - Defense Commits,P&R Ball Handler,Right P&R,Baseline,Dribble Off Pick,Defense Commits,4,100.0,0.0,,100.0,0.0,0,,,,,,0,,0.0,,,0,0,,0.0,,0.0,0,0,0,,0,0,,0
Evan  Gilyard Jr.,Calgary Surge,2025-2026,defense,P&R ball handler,Side,4,Right P&R,P&R BH - Defense Commits > P&R Ball Handler > Right P&R > Side,P&R BH - Defense Commits,P&R Ball Handler,Right P&R,Side,,,1,20.0,0.0,,100.0,0.0,0,,,,,,0,,0.0,,,0,0,,0.0,,0.0,0,0,0,,0,0,,0
Evan  Gilyard Jr.,Calgary Surge,2025-2026,defense,P&R ball handler,Go Away from Pick,5,Side,P&R BH - Defense Commits > P&R Ball Handler > Right P&R > Side > Go Away from Pick,P&R BH - Defense Commits,P&R Ball Handler,Right P&R,Side,Go Away from Pick,,1,100.0,0.0,,100.0,0.0,0,,,,,,0,,0.0,,,0,0,,0.0,,0.0,0,0,0,,0,0,,0
Evan  Gilyard Jr.,Calgary Surge,2025-2026,defense,P&R ball handler,Defense Commits,6,Go Away from Pick,P&R BH - Defense Commits > P&R Ball Handler > Right P&R > Side > Go Away from Pick > Defense Commits,P&R BH - Defense Commits,P&R Ball Handler,Right P&R,Side,Go Away from Pick,Defense Commits,1,100.0,0.0,,100.0,0.0,0,,,,,,0,,0.0,,,0,0,,0.0,,0.0,0,0,0,,0,0,,0
Evan  Gilyard Jr.,Calgary Surge,2025-2026,defense,P&R ball handler,Left P&R,3,P&R Ball Handler,P&R BH - Defense Commits > P&R Ball Handler > Left P&R,P&R BH - Defense Commits,P&R Ball Handler,Left P&R,,,,1,7.1,0.0,,100.0,0.0,0,,,,,,0,,0.0,,,0,0,,0.0,,0.0,0,0,0,,0,0,,0
Evan  Gilyard Jr.,Calgary Surge,2025-2026,defense,P&R ball handler,Side,4,Left P&R,P&R BH - Defense Commits > P&R Ball Handler > Left P&R > Side,P&R BH - Defense Commits,P&R Ball Handler,Left P&R,Side,,,1,100.0,0.0,,100.0,0.0,0,,,,,,0,,0.0,,,0,0,,0.0,,0.0,0,0,0,,0,0,,0
Evan  Gilyard Jr.,Calgary Surge,2025-2026,defense,P&R ball handler,Dribble Off Pick,5,Side,P&R BH - Defense Commits > P&R Ball Handler > Left P&R > Side > Dribble Off Pick,P&R BH - Defense Commits,P&R Ball Handler,Left P&R,Side,Dribble Off Pick,,1,100.0,0.0,,100.0,0.0,0,,,,,,0,,0.0,,,0,0,,0.0,,0.0,0,0,0,,0,0,,0
Evan  Gilyard Jr.,Calgary Surge,2025-2026,defense,P&R ball handler,Defense Commits,6,Dribble Off Pick,P&R BH - Defense Commits > P&R Ball Handler > Left P&R > Side > Dribble Off Pick > Defense Commits,P&R BH - Defense Commits,P&R Ball Handler,Left P&R,Side,Dribble Off Pick,Defense Commits,1,100.0,0.0,,100.0,0.0,0,,,,,,0,,0.0,,,0,0,,0.0,,0.0,0,0,0,,0,0,,0
Evan  Gilyard Jr.,Calgary Surge,2025-2026,defense,P&R ball handler,P&R Roll Man,2,P&R BH - Defense Commits,P&R BH - Defense Commits > P&R Roll Man,P&R BH - Defense Commits,P&R Roll Man,,,,,9,22.5,1.111,60.1,11.1,22.2,3,0.0,,,57.1,,7,57.1,22.2,,,4,3,,8.3,0.43,55.6,4,4,0,100.0,0,3,0.43,10
Evan  Gilyard Jr.,Calgary Surge,2025-2026,defense,P&R ball handler,Pick and Pops,3,P&R Roll Man,P&R BH - Defense Commits > P&R Roll Man > Pick and Pops,P&R BH - Defense Commits,P&R Roll Man,Pick and Pops,,,,8,88.9,1.0,54.6,12.5,25.0,3,0.0,,,50.0,,6,50.0,25.0,,,3,3,,7.3,0.5,50.0,3,3,0,100.0,0,3,0.5,8
Evan  Gilyard Jr.,Calgary Surge,2025-2026,defense,P&R ball handler,Drives Right,4,Pick and Pops,P&R BH - Defense Commits > P&R Roll Man > Pick and Pops > Drives Right,P&R BH - Defense Commits,P&R Roll Man,Pick and Pops,Drives Right,,,3,37.5,2.333,101.7,0.0,33.3,0,,,,100.0,,3,100.0,33.3,,,3,0,,3.4,0.33,100.0,3,3,0,100.0,0,0,0.0,7
Evan  Gilyard Jr.,Calgary Surge,2025-2026,defense,P&R ball handler,To Basket,5,Drives Right,P&R BH - Defense Commits > P&R Roll Man > Pick and Pops > Drives Right > To Basket,P&R BH - Defense Commits,P&R Roll Man,Pick and Pops,Drives Right,To Basket,,2,66.7,2.5,102.5,0.0,50.0,0,,,,100.0,,2,100.0,50.0,,,2,0,,2.4,0.5,100.0,2,2,0,100.0,0,0,0.0,5
Evan  Gilyard Jr.,Calgary Surge,2025-2026,defense,P&R ball handler,Make 2 Pts Foul,6,To Basket,P&R BH - Defense Commits > P&R Roll Man > Pick and Pops > Drives Right > To Basket > Make 2 Pts Foul,P&R BH - Defense Commits,P&R Roll Man,Pick and Pops,Drives Right,To Basket,Make 2 Pts Foul,1,50.0,3.0,104.2,0.0,100.0,0,,,,100.0,,1,100.0,100.0,,,1,0,,1.4,1.0,100.0,1,1,0,100.0,0,0,0.0,3
Evan  Gilyard Jr.,Calgary Surge,2025-2026,defense,P&R ball handler,Make 2 Pts,6,To Basket,P&R BH - Defense Commits > P&R Roll Man > Pick and Pops > Drives Right > To Basket > Make 2 Pts,P&R BH - Defense Commits,P&R Roll Man,Pick and Pops,Drives Right,To Basket,Make 2 Pts,1,50.0,2.0,100.0,0.0,0.0,0,,,,100.0,,1,100.0,0.0,,,1,0,,1.0,0.0,100.0,1,1,0,100.0,0,0,0.0,2
Evan  Gilyard Jr.,Calgary Surge,2025-2026,defense,P&R ball handler,Dribble Jumper,5,Drives Right,P&R BH - Defense Commits > P&R Roll Man > Pick and Pops > Drives Right > Dribble Jumper,P&R BH - Defense Commits,P&R Roll Man,Pick and Pops,Drives Right,Dribble Jumper,,1,33.3,2.0,100.0,0.0,0.0,0,,,,100.0,,1,100.0,0.0,,,1,0,,1.0,0.0,100.0,1,1,0,100.0,0,0,0.0,2
Evan  Gilyard Jr.,Calgary Surge,2025-2026,defense,P&R ball handler,Medium/17' to 3pt,6,Dribble Jumper,P&R BH - Defense Commits > P&R Roll Man > Pick and Pops > Drives Right > Dribble Jumper > Medium/17' to 3pt,P&R BH - Defense Commits,P&R Roll Man,Pick and Pops,Drives Right,Dribble Jumper,Medium/17' to 3pt,1,100.0,2.0,100.0,0.0,0.0,0,,,,100.0,,1,100.0,0.0,,,1,0,,1.0,0.0,100.0,1,1,0,100.0,0,0,0.0,2
Evan  Gilyard Jr.,Calgary Surge,2025-2026,defense,P&R ball handler,No Dribble Jumper,4,Pick and Pops,P&R BH - Defense Commits > P&R Roll Man > Pick and Pops > No Dribble Jumper,P&R BH - Defense Commits,P&R Roll Man,Pick and Pops,No Dribble Jumper,,,3,37.5,0.0,0.0,0.0,0.0,3,0.0,,,0.0,,3,0.0,0.0,,,0,3,,3.0,0.0,0.0,0,0,0,,0,3,1.0,0
Evan  Gilyard Jr.,Calgary Surge,2025-2026,defense,P&R ball handler,Open,5,No Dribble Jumper,P&R BH - Defense Commits > P&R Roll Man > Pick and Pops > No Dribble Jumper > Open,P&R BH - Defense Commits,P&R Roll Man,Pick and Pops,No Dribble Jumper,Open,,2,66.7,0.0,0.0,0.0,0.0,2,0.0,,,0.0,,2,0.0,0.0,,,0,2,,2.0,0.0,0.0,0,0,0,,0,2,1.0,0
Evan  Gilyard Jr.,Calgary Surge,2025-2026,defense,P&R ball handler,Long/3pt,6,Open,P&R BH - Defense Commits > P&R Roll Man > Pick and Pops > No Dribble Jumper > Open > Long/3pt,P&R BH - Defense Commits,P&R Roll Man,Pick and Pops,No Dribble Jumper,Open,Long/3pt,2,100.0,0.0,0.0,0.0,0.0,2,0.0,,,0.0,,2,0.0,0.0,,,0,2,,2.0,0.0,0.0,0,0,0,,0,2,1.0,0
Evan  Gilyard Jr.,Calgary Surge,2025-2026,defense,P&R ball handler,Guarded,5,No Dribble Jumper,P&R BH - Defense Commits > P&R Roll Man > Pick and Pops > No Dribble Jumper > Guarded,P&R BH - Defense Commits,P&R Roll Man,Pick and Pops,No Dribble Jumper,Guarded,,1,33.3,0.0,0.0,0.0,0.0,1,0.0,,,0.0,,1,0.0,0.0,,,0,1,,1.0,0.0,0.0,0,0,0,,0,1,1.0,0
Evan  Gilyard Jr.,Calgary Surge,2025-2026,defense,P&R ball handler,Long/3pt,6,Guarded,P&R BH - Defense Commits > P&R Roll Man > Pick and Pops > No Dribble Jumper > Guarded > Long/3pt,P&R BH - Defense Commits,P&R Roll Man,Pick and Pops,No Dribble Jumper,Guarded,Long/3pt,1,100.0,0.0,0.0,0.0,0.0,1,0.0,,,0.0,,1,0.0,0.0,,,0,1,,1.0,0.0,0.0,0,0,0,,0,1,1.0,0
Evan  Gilyard Jr.,Calgary Surge,2025-2026,defense,P&R ball handler,Turnover,4,Pick and Pops,P&R BH - Defense Commits > P&R Roll Man > Pick and Pops > Turnover,P&R BH - Defense Commits,P&R Roll Man,Pick and Pops,Turnover,,,1,12.5,0.0,,100.0,0.0,0,,,,,,0,,0.0,,,0,0,,0.0,,0.0,0,0,0,,0,0,,0
Evan  Gilyard Jr.,Calgary Surge,2025-2026,defense,P&R ball handler,Drives Left,4,Pick and Pops,P&R BH - Defense Commits > P&R Roll Man > Pick and Pops > Drives Left,P&R BH - Defense Commits,P&R Roll Man,Pick and Pops,Drives Left,,,1,12.5,1.0,56.8,0.0,100.0,0,,,,,,0,,100.0,,,0,0,,0.9,,100.0,0,0,0,,0,0,,1
Evan  Gilyard Jr.,Calgary Surge,2025-2026,defense,P&R ball handler,To Basket,5,Drives Left,P&R BH - Defense Commits > P&R Roll Man > Pick and Pops > Drives Left > To Basket,P&R BH - Defense Commits,P&R Roll Man,Pick and Pops,Drives Left,To Basket,,1,100.0,1.0,56.8,0.0,100.0,0,,,,,,0,,100.0,,,0,0,,0.9,,100.0,0,0,0,,0,0,,1
Evan  Gilyard Jr.,Calgary Surge,2025-2026,defense,P&R ball handler,Foul,6,To Basket,P&R BH - Defense Commits > P&R Roll Man > Pick and Pops > Drives Left > To Basket > Foul,P&R BH - Defense Commits,P&R Roll Man,Pick and Pops,Drives Left,To Basket,Foul,1,100.0,1.0,56.8,0.0,100.0,0,,,,,,0,,100.0,,,0,0,,0.9,,100.0,0,0,0,,0,0,,1
Evan  Gilyard Jr.,Calgary Surge,2025-2026,defense,P&R ball handler,Slips the Pick,3,P&R Roll Man,P&R BH - Defense Commits > P&R Roll Man > Slips the Pick,P&R BH - Defense Commits,P&R Roll Man,Slips the Pick,,,,1,11.1,2.0,100.0,0.0,0.0,0,,,,100.0,,1,100.0,0.0,,,1,0,,1.0,0.0,100.0,1,1,0,100.0,0,0,0.0,2
Evan  Gilyard Jr.,Calgary Surge,2025-2026,defense,P&R ball handler,To Basket,4,Slips the Pick,P&R BH - Defense Commits > P&R Roll Man > Slips the Pick > To Basket,P&R BH - Defense Commits,P&R Roll Man,Slips the Pick,To Basket,,,1,100.0,2.0,100.0,0.0,0.0,0,,,,100.0,,1,100.0,0.0,,,1,0,,1.0,0.0,100.0,1,1,0,100.0,0,0,0.0,2
Evan  Gilyard Jr.,Calgary Surge,2025-2026,defense,P&R ball handler,Make 2 Pts,5,To Basket,P&R BH - Defense Commits > P&R Roll Man > Slips the Pick > To Basket > Make 2 Pts,P&R BH - Defense Commits,P&R Roll Man,Slips the Pick,To Basket,Make 2 Pts,,1,100.0,2.0,100.0,0.0,0.0,0,,,,100.0,,1,100.0,0.0,,,1,0,,1.0,0.0,100.0,1,1,0,100.0,0,0,0.0,2
Evan  Gilyard Jr.,Calgary Surge,2025-2026,defense,P&R ball handler,P&R BH - Traps,1,,P&R BH - Traps,P&R BH - Traps,,,,,,0,0.0,,,,,0,,,,,,0,,,,,0,0,,0.0,,,0,0,0,,0,0,,0
Evan  Gilyard Jr.,Calgary Surge,2025-2026,defense,Isolation,ISO Including Passes,1,,ISO Including Passes,ISO Including Passes,,,,,,21,11.4,1.095,60.3,9.5,19.0,8,37.5,Below Average,20.0,43.8,25.0,16,53.1,19.0,,,7,9,,19.1,0.44,47.6,8,4,4,50.0,3,5,0.5,23
Evan  Gilyard Jr.,Calgary Surge,2025-2026,defense,Isolation,Isolation,2,ISO Including Passes,ISO Including Passes > Isolation,ISO Including Passes,Isolation,,,,,16,76.2,0.875,49.7,12.5,25.0,3,0.0,,,36.4,,11,36.4,25.0,,,4,7,,14.1,0.64,43.8,8,4,4,50.0,0,3,0.27,14
Evan  Gilyard Jr.,Calgary Surge,2025-2026,defense,Isolation,Top,3,Isolation,ISO Including Passes > Isolation > Top,ISO Including Passes,Isolation,Top,,,,10,62.5,0.6,34.2,10.0,20.0,2,0.0,,,14.3,,7,14.3,20.0,,,1,6,,8.8,0.57,30.0,5,1,4,20.0,0,2,0.29,6
Evan  Gilyard Jr.,Calgary Surge,2025-2026,defense,Isolation,Drives Left,4,Top,ISO Including Passes > Isolation > Top > Drives Left,ISO Including Passes,Isolation,Top,Drives Left,,,5,50.0,1.2,79.8,20.0,40.0,1,0.0,,,50.0,,2,50.0,40.0,,,1,1,,3.8,2.0,60.0,1,1,0,100.0,0,1,0.5,6
Evan  Gilyard Jr.,Calgary Surge,2025-2026,defense,Isolation,To Basket,5,Drives Left,ISO Including Passes > Isolation > Top > Drives Left > To Basket,ISO Including Passes,Isolation,Top,Drives Left,To Basket,,3,60.0,1.333,106.4,33.3,33.3,0,,,,100.0,,1,100.0,33.3,,,1,0,,1.9,2.0,66.7,1,1,0,100.0,0,0,0.0,4
Evan  Gilyard Jr.,Calgary Surge,2025-2026,defense,Isolation,Turnover,6,To Basket,ISO Including Passes > Isolation > Top > Drives Left > To Basket > Turnover,ISO Including Passes,Isolation,Top,Drives Left,To Basket,Turnover,1,33.3,0.0,,100.0,0.0,0,,,,,,0,,0.0,,,0,0,,0.0,,0.0,0,0,0,,0,0,,0
Evan  Gilyard Jr.,Calgary Surge,2025-2026,defense,Isolation,Foul,6,To Basket,ISO Including Passes > Isolation > Top > Drives Left > To Basket > Foul,ISO Including Passes,Isolation,Top,Drives Left,To Basket,Foul,1,33.3,2.0,113.6,0.0,100.0,0,,,,,,0,,100.0,,,0,0,,0.9,,100.0,0,0,0,,0,0,,2
Evan  Gilyard Jr.,Calgary Surge,2025-2026,defense,Isolation,Make 2 Pts,6,To Basket,ISO Including Passes > Isolation > Top > Drives Left > To Basket > Make 2 Pts,ISO Including Passes,Isolation,Top,Drives Left,To Basket,Make 2 Pts,1,33.3,2.0,100.0,0.0,0.0,0,,,,100.0,,1,100.0,0.0,,,1,0,,1.0,0.0,100.0,1,1,0,100.0,0,0,0.0,2
Evan  Gilyard Jr.,Calgary Surge,2025-2026,defense,Isolation,Dribble Jumper,5,Drives Left,ISO Including Passes > Isolation > Top > Drives Left > Dribble Jumper,ISO Including Passes,Isolation,Top,Drives Left,Dribble Jumper,,2,40.0,1.0,53.2,0.0,50.0,1,0.0,,,0.0,,1,0.0,50.0,,,0,1,,1.9,2.0,50.0,0,0,0,,0,1,1.0,2
Evan  Gilyard Jr.,Calgary Surge,2025-2026,defense,Isolation,Medium/17' to 3pt,6,Dribble Jumper,ISO Including Passes > Isolation > Top > Drives Left > Dribble Jumper > Medium/17' to 3pt,ISO Including Passes,Isolation,Top,Drives Left,Dribble Jumper,Medium/17' to 3pt,1,50.0,2.0,113.6,0.0,100.0,0,,,,,,0,,100.0,,,0,0,,0.9,,100.0,0,0,0,,0,0,,2
Evan  Gilyard Jr.,Calgary Surge,2025-2026,defense,Isolation,Long/3pt,6,Dribble Jumper,ISO Including Passes > Isolation > Top > Drives Left > Dribble Jumper > Long/3pt,ISO Including Passes,Isolation,Top,Drives Left,Dribble Jumper,Long/3pt,1,50.0,0.0,0.0,0.0,0.0,1,0.0,,,0.0,,1,0.0,0.0,,,0,1,,1.0,0.0,0.0,0,0,0,,0,1,1.0,0
Evan  Gilyard Jr.,Calgary Surge,2025-2026,defense,Isolation,Drives Right,4,Top,ISO Including Passes > Isolation > Top > Drives Right,ISO Including Passes,Isolation,Top,Drives Right,,,3,30.0,0.0,0.0,0.0,0.0,0,,,,0.0,,3,0.0,0.0,,,0,3,,3.0,0.0,0.0,3,0,3,0.0,0,0,0.0,0
Evan  Gilyard Jr.,Calgary Surge,2025-2026,defense,Isolation,To Basket,5,Drives Right,ISO Including Passes > Isolation > Top > Drives Right > To Basket,ISO Including Passes,Isolation,Top,Drives Right,To Basket,,2,66.7,0.0,0.0,0.0,0.0,0,,,,0.0,,2,0.0,0.0,,,0,2,,2.0,0.0,0.0,2,0,2,0.0,0,0,0.0,0
Evan  Gilyard Jr.,Calgary Surge,2025-2026,defense,Isolation,Miss 2 Pts,6,To Basket,ISO Including Passes > Isolation > Top > Drives Right > To Basket > Miss 2 Pts,ISO Including Passes,Isolation,Top,Drives Right,To Basket,Miss 2 Pts,2,100.0,0.0,0.0,0.0,0.0,0,,,,0.0,,2,0.0,0.0,,,0,2,,2.0,0.0,0.0,2,0,2,0.0,0,0,0.0,0
Evan  Gilyard Jr.,Calgary Surge,2025-2026,defense,Isolation,Dribble Jumper,5,Drives Right,ISO Including Passes > Isolation > Top > Drives Right > Dribble Jumper,ISO Including Passes,Isolation,Top,Drives Right,Dribble Jumper,,1,33.3,0.0,0.0,0.0,0.0,0,,,,0.0,,1,0.0,0.0,,,0,1,,1.0,0.0,0.0,1,0,1,0.0,0,0,0.0,0
Evan  Gilyard Jr.,Calgary Surge,2025-2026,defense,Isolation,Medium/17' to 3pt,6,Dribble Jumper,ISO Including Passes > Isolation > Top > Drives Right > Dribble Jumper > Medium/17' to 3pt,ISO Including Passes,Isolation,Top,Drives Right,Dribble Jumper,Medium/17' to 3pt,1,100.0,0.0,0.0,0.0,0.0,0,,,,0.0,,1,0.0,0.0,,,0,1,,1.0,0.0,0.0,1,0,1,0.0,0,0,0.0,0
Evan  Gilyard Jr.,Calgary Surge,2025-2026,defense,Isolation,Early Jumper,4,Top,ISO Including Passes > Isolation > Top > Early Jumper,ISO Including Passes,Isolation,Top,Early Jumper,,,2,20.0,0.0,0.0,0.0,0.0,1,0.0,,,0.0,,2,0.0,0.0,,,0,2,,2.0,0.0,0.0,1,0,1,0.0,0,1,0.5,0
Evan  Gilyard Jr.,Calgary Surge,2025-2026,defense,Isolation,Dribble Jumper,5,Early Jumper,ISO Including Passes > Isolation > Top > Early Jumper > Dribble Jumper,ISO Including Passes,Isolation,Top,Early Jumper,Dribble Jumper,,1,50.0,0.0,0.0,0.0,0.0,1,0.0,,,0.0,,1,0.0,0.0,,,0,1,,1.0,0.0,0.0,0,0,0,,0,1,1.0,0
Evan  Gilyard Jr.,Calgary Surge,2025-2026,defense,Isolation,Long/3pt,6,Dribble Jumper,ISO Including Passes > Isolation > Top > Early Jumper > Dribble Jumper > Long/3pt,ISO Including Passes,Isolation,Top,Early Jumper,Dribble Jumper,Long/3pt,1,100.0,0.0,0.0,0.0,0.0,1,0.0,,,0.0,,1,0.0,0.0,,,0,1,,1.0,0.0,0.0,0,0,0,,0,1,1.0,0
Evan  Gilyard Jr.,Calgary Surge,2025-2026,defense,Isolation,No Dribble Jumper,5,Early Jumper,ISO Including Passes > Isolation > Top > Early Jumper > No Dribble Jumper,ISO Including Passes,Isolation,Top,Early Jumper,No Dribble Jumper,,1,50.0,0.0,0.0,0.0,0.0,0,,,,0.0,,1,0.0,0.0,,,0,1,,1.0,0.0,0.0,1,0,1,0.0,0,0,0.0,0
Evan  Gilyard Jr.,Calgary Surge,2025-2026,defense,Isolation,Guarded,6,No Dribble Jumper,ISO Including Passes > Isolation > Top > Early Jumper > No Dribble Jumper > Guarded,ISO Including Passes,Isolation,Top,Early Jumper,No Dribble Jumper,Guarded,1,100.0,0.0,0.0,0.0,0.0,0,,,,0.0,,1,0.0,0.0,,,0,1,,1.0,0.0,0.0,1,0,1,0.0,0,0,0.0,0
Evan  Gilyard Jr.,Calgary Surge,2025-2026,defense,Isolation,Right,3,Isolation,ISO Including Passes > Isolation > Right,ISO Including Passes,Isolation,Right,,,,3,18.8,1.667,102.5,33.3,33.3,0,,,,100.0,,2,100.0,33.3,,,2,0,,2.4,0.5,66.7,2,2,0,100.0,0,0,0.0,5
Evan  Gilyard Jr.,Calgary Surge,2025-2026,defense,Isolation,Drives Right,4,Right,ISO Including Passes > Isolation > Right > Drives Right,ISO Including Passes,Isolation,Right,Drives Right,,,2,66.7,1.0,100.0,50.0,0.0,0,,,,100.0,,1,100.0,0.0,,,1,0,,1.0,0.0,50.0,1,1,0,100.0,0,0,0.0,2
Evan  Gilyard Jr.,Calgary Surge,2025-2026,defense,Isolation,Dribble Jumper,5,Drives Right,ISO Including Passes > Isolation > Right > Drives Right > Dribble Jumper,ISO Including Passes,Isolation,Right,Drives Right,Dribble Jumper,,1,50.0,2.0,100.0,0.0,0.0,0,,,,100.0,,1,100.0,0.0,,,1,0,,1.0,0.0,100.0,1,1,0,100.0,0,0,0.0,2
Evan  Gilyard Jr.,Calgary Surge,2025-2026,defense,Isolation,Short to < 17,6,Dribble Jumper,ISO Including Passes > Isolation > Right > Drives Right > Dribble Jumper > Short to < 17,ISO Including Passes,Isolation,Right,Drives Right,Dribble Jumper,Short to < 17,1,100.0,2.0,100.0,0.0,0.0,0,,,,100.0,,1,100.0,0.0,,,1,0,,1.0,0.0,100.0,1,1,0,100.0,0,0,0.0,2
Evan  Gilyard Jr.,Calgary Surge,2025-2026,defense,Isolation,To Basket,5,Drives Right,ISO Including Passes > Isolation > Right > Drives Right > To Basket,ISO Including Passes,Isolation,Right,Drives Right,To Basket,,1,50.0,0.0,,100.0,0.0,0,,,,,,0,,0.0,,,0,0,,0.0,,0.0,0,0,0,,0,0,,0
Evan  Gilyard Jr.,Calgary Surge,2025-2026,defense,Isolation,Turnover,6,To Basket,ISO Including Passes > Isolation > Right > Drives Right > To Basket > Turnover,ISO Including Passes,Isolation,Right,Drives Right,To Basket,Turnover,1,100.0,0.0,,100.0,0.0,0,,,,,,0,,0.0,,,0,0,,0.0,,0.0,0,0,0,,0,0,,0
Evan  Gilyard Jr.,Calgary Surge,2025-2026,defense,Isolation,Drives Left,4,Right,ISO Including Passes > Isolation > Right > Drives Left,ISO Including Passes,Isolation,Right,Drives Left,,,1,33.3,3.0,104.2,0.0,100.0,0,,,,100.0,,1,100.0,100.0,,,1,0,,1.4,1.0,100.0,1,1,0,100.0,0,0,0.0,3
Evan  Gilyard Jr.,Calgary Surge,2025-2026,defense,Isolation,To Basket,5,Drives Left,ISO Including Passes > Isolation > Right > Drives Left > To Basket,ISO Including Passes,Isolation,Right,Drives Left,To Basket,,1,100.0,3.0,104.2,0.0,100.0,0,,,,100.0,,1,100.0,100.0,,,1,0,,1.4,1.0,100.0,1,1,0,100.0,0,0,0.0,3
Evan  Gilyard Jr.,Calgary Surge,2025-2026,defense,Isolation,Make 2 Pts Foul,6,To Basket,ISO Including Passes > Isolation > Right > Drives Left > To Basket > Make 2 Pts Foul,ISO Including Passes,Isolation,Right,Drives Left,To Basket,Make 2 Pts Foul,1,100.0,3.0,104.2,0.0,100.0,0,,,,100.0,,1,100.0,100.0,,,1,0,,1.4,1.0,100.0,1,1,0,100.0,0,0,0.0,3
Evan  Gilyard Jr.,Calgary Surge,2025-2026,defense,Isolation,Left,3,Isolation,ISO Including Passes > Isolation > Left,ISO Including Passes,Isolation,Left,,,,3,18.8,1.0,52.1,0.0,33.3,1,0.0,,,50.0,,2,50.0,33.3,,,1,1,,2.9,1.0,66.7,1,1,0,100.0,0,1,0.5,3
Evan  Gilyard Jr.,Calgary Surge,2025-2026,defense,Isolation,Drives Right,4,Left,ISO Including Passes > Isolation > Left > Drives Right,ISO Including Passes,Isolation,Left,Drives Right,,,1,33.3,2.0,100.0,0.0,0.0,0,,,,100.0,,1,100.0,0.0,,,1,0,,1.0,0.0,100.0,1,1,0,100.0,0,0,0.0,2
Evan  Gilyard Jr.,Calgary Surge,2025-2026,defense,Isolation,Dribble Jumper,5,Drives Right,ISO Including Passes > Isolation > Left > Drives Right > Dribble Jumper,ISO Including Passes,Isolation,Left,Drives Right,Dribble Jumper,,1,100.0,2.0,100.0,0.0,0.0,0,,,,100.0,,1,100.0,0.0,,,1,0,,1.0,0.0,100.0,1,1,0,100.0,0,0,0.0,2
Evan  Gilyard Jr.,Calgary Surge,2025-2026,defense,Isolation,Short to < 17,6,Dribble Jumper,ISO Including Passes > Isolation > Left > Drives Right > Dribble Jumper > Short to < 17,ISO Including Passes,Isolation,Left,Drives Right,Dribble Jumper,Short to < 17,1,100.0,2.0,100.0,0.0,0.0,0,,,,100.0,,1,100.0,0.0,,,1,0,,1.0,0.0,100.0,1,1,0,100.0,0,0,0.0,2
Evan  Gilyard Jr.,Calgary Surge,2025-2026,defense,Isolation,Drives Left,4,Left,ISO Including Passes > Isolation > Left > Drives Left,ISO Including Passes,Isolation,Left,Drives Left,,,1,33.3,1.0,56.8,0.0,100.0,0,,,,,,0,,100.0,,,0,0,,0.9,,100.0,0,0,0,,0,0,,1
Evan  Gilyard Jr.,Calgary Surge,2025-2026,defense,Isolation,To Basket,5,Drives Left,ISO Including Passes > Isolation > Left > Drives Left > To Basket,ISO Including Passes,Isolation,Left,Drives Left,To Basket,,1,100.0,1.0,56.8,0.0,100.0,0,,,,,,0,,100.0,,,0,0,,0.9,,100.0,0,0,0,,0,0,,1
Evan  Gilyard Jr.,Calgary Surge,2025-2026,defense,Isolation,Foul,6,To Basket,ISO Including Passes > Isolation > Left > Drives Left > To Basket > Foul,ISO Including Passes,Isolation,Left,Drives Left,To Basket,Foul,1,100.0,1.0,56.8,0.0,100.0,0,,,,,,0,,100.0,,,0,0,,0.9,,100.0,0,0,0,,0,0,,1
Evan  Gilyard Jr.,Calgary Surge,2025-2026,defense,Isolation,Early Jumper,4,Left,ISO Including Passes > Isolation > Left > Early Jumper,ISO Including Passes,Isolation,Left,Early Jumper,,,1,33.3,0.0,0.0,0.0,0.0,1,0.0,,,0.0,,1,0.0,0.0,,,0,1,,1.0,0.0,0.0,0,0,0,,0,1,1.0,0
Evan  Gilyard Jr.,Calgary Surge,2025-2026,defense,Isolation,Dribble Jumper,5,Early Jumper,ISO Including Passes > Isolation > Left > Early Jumper > Dribble Jumper,ISO Including Passes,Isolation,Left,Early Jumper,Dribble Jumper,,1,100.0,0.0,0.0,0.0,0.0,1,0.0,,,0.0,,1,0.0,0.0,,,0,1,,1.0,0.0,0.0,0,0,0,,0,1,1.0,0
Evan  Gilyard Jr.,Calgary Surge,2025-2026,defense,Isolation,Long/3pt,6,Dribble Jumper,ISO Including Passes > Isolation > Left > Early Jumper > Dribble Jumper > Long/3pt,ISO Including Passes,Isolation,Left,Early Jumper,Dribble Jumper,Long/3pt,1,100.0,0.0,0.0,0.0,0.0,1,0.0,,,0.0,,1,0.0,0.0,,,0,1,,1.0,0.0,0.0,0,0,0,,0,1,1.0,0
Evan  Gilyard Jr.,Calgary Surge,2025-2026,defense,Isolation,Spot-Up,2,ISO Including Passes,ISO Including Passes > Spot-Up,ISO Including Passes,Spot-Up,,,,,5,23.8,1.8,90.0,0.0,0.0,5,60.0,,,60.0,,5,90.0,0.0,,,3,2,,5.0,0.0,60.0,0,0,0,,3,2,1.0,9
Evan  Gilyard Jr.,Calgary Surge,2025-2026,defense,Isolation,No Dribble Jumper,3,Spot-Up,ISO Including Passes > Spot-Up > No Dribble Jumper,ISO Including Passes,Spot-Up,No Dribble Jumper,,,,5,100.0,1.8,90.0,0.0,0.0,5,60.0,,,60.0,,5,90.0,0.0,,,3,2,,5.0,0.0,60.0,0,0,0,,3,2,1.0,9
Evan  Gilyard Jr.,Calgary Surge,2025-2026,defense,Isolation,Guarded,4,No Dribble Jumper,ISO Including Passes > Spot-Up > No Dribble Jumper > Guarded,ISO Including Passes,Spot-Up,No Dribble Jumper,Guarded,,,3,60.0,2.0,100.0,0.0,0.0,3,66.7,,,66.7,,3,100.0,0.0,,,2,1,,3.0,0.0,66.7,0,0,0,,2,1,1.0,6
Evan  Gilyard Jr.,Calgary Surge,2025-2026,defense,Isolation,Long/3pt,5,Guarded,ISO Including Passes > Spot-Up > No Dribble Jumper > Guarded > Long/3pt,ISO Including Passes,Spot-Up,No Dribble Jumper,Guarded,Long/3pt,,3,100.0,2.0,100.0,0.0,0.0,3,66.7,,,66.7,,3,100.0,0.0,,,2,1,,3.0,0.0,66.7,0,0,0,,2,1,1.0,6
Evan  Gilyard Jr.,Calgary Surge,2025-2026,defense,Isolation,Make 3 Pts,6,Long/3pt,ISO Including Passes > Spot-Up > No Dribble Jumper > Guarded > Long/3pt > Make 3 Pts,ISO Including Passes,Spot-Up,No Dribble Jumper,Guarded,Long/3pt,Make 3 Pts,2,66.7,3.0,150.0,0.0,0.0,2,100.0,,,100.0,,2,150.0,0.0,,,2,0,,2.0,0.0,100.0,0,0,0,,2,0,1.0,6
Evan  Gilyard Jr.,Calgary Surge,2025-2026,defense,Isolation,Miss 3 Pts,6,Long/3pt,ISO Including Passes > Spot-Up > No Dribble Jumper > Guarded > Long/3pt > Miss 3 Pts,ISO Including Passes,Spot-Up,No Dribble Jumper,Guarded,Long/3pt,Miss 3 Pts,1,33.3,0.0,0.0,0.0,0.0,1,0.0,,,0.0,,1,0.0,0.0,,,0,1,,1.0,0.0,0.0,0,0,0,,0,1,1.0,0
Evan  Gilyard Jr.,Calgary Surge,2025-2026,defense,Isolation,Open,4,No Dribble Jumper,ISO Including Passes > Spot-Up > No Dribble Jumper > Open,ISO Including Passes,Spot-Up,No Dribble Jumper,Open,,,2,40.0,1.5,75.0,0.0,0.0,2,50.0,,,50.0,,2,75.0,0.0,,,1,1,,2.0,0.0,50.0,0,0,0,,1,1,1.0,3
Evan  Gilyard Jr.,Calgary Surge,2025-2026,defense,Isolation,Long/3pt,5,Open,ISO Including Passes > Spot-Up > No Dribble Jumper > Open > Long/3pt,ISO Including Passes,Spot-Up,No Dribble Jumper,Open,Long/3pt,,2,100.0,1.5,75.0,0.0,0.0,2,50.0,,,50.0,,2,75.0,0.0,,,1,1,,2.0,0.0,50.0,0,0,0,,1,1,1.0,3
Evan  Gilyard Jr.,Calgary Surge,2025-2026,defense,Isolation,Make 3 Pts,6,Long/3pt,ISO Including Passes > Spot-Up > No Dribble Jumper > Open > Long/3pt > Make 3 Pts,ISO Including Passes,Spot-Up,No Dribble Jumper,Open,Long/3pt,Make 3 Pts,1,50.0,3.0,150.0,0.0,0.0,1,100.0,,,100.0,,1,150.0,0.0,,,1,0,,1.0,0.0,100.0,0,0,0,,1,0,1.0,3
Evan  Gilyard Jr.,Calgary Surge,2025-2026,defense,Isolation,Miss 3 Pts,6,Long/3pt,ISO Including Passes > Spot-Up > No Dribble Jumper > Open > Long/3pt > Miss 3 Pts,ISO Including Passes,Spot-Up,No Dribble Jumper,Open,Long/3pt,Miss 3 Pts,1,50.0,0.0,0.0,0.0,0.0,1,0.0,,,0.0,,1,0.0,0.0,,,0,1,,1.0,0.0,0.0,0,0,0,,0,1,1.0,0
Evan  Gilyard Jr.,Calgary Surge,2025-2026,defense,Isolation,ISO - Defense Commits,1,,ISO - Defense Commits,ISO - Defense Commits,,,,,,5,2.7,1.8,90.0,0.0,0.0,5,60.0,,,60.0,,5,90.0,0.0,,,3,2,,5.0,0.0,60.0,0,0,0,,3,2,1.0,9
Evan  Gilyard Jr.,Calgary Surge,2025-2026,defense,Isolation,No Dribble Jumper,2,ISO - Defense Commits,ISO - Defense Commits > No Dribble Jumper,ISO - Defense Commits,No Dribble Jumper,,,,,5,100.0,1.8,90.0,0.0,0.0,5,60.0,,,60.0,,5,90.0,0.0,,,3,2,,5.0,0.0,60.0,0,0,0,,3,2,1.0,9
Evan  Gilyard Jr.,Calgary Surge,2025-2026,defense,Isolation,Guarded,3,No Dribble Jumper,ISO - Defense Commits > No Dribble Jumper > Guarded,ISO - Defense Commits,No Dribble Jumper,Guarded,,,,3,60.0,2.0,100.0,0.0,0.0,3,66.7,,,66.7,,3,100.0,0.0,,,2,1,,3.0,0.0,66.7,0,0,0,,2,1,1.0,6
Evan  Gilyard Jr.,Calgary Surge,2025-2026,defense,Isolation,Long/3pt,4,Guarded,ISO - Defense Commits > No Dribble Jumper > Guarded > Long/3pt,ISO - Defense Commits,No Dribble Jumper,Guarded,Long/3pt,,,3,100.0,2.0,100.0,0.0,0.0,3,66.7,,,66.7,,3,100.0,0.0,,,2,1,,3.0,0.0,66.7,0,0,0,,2,1,1.0,6
Evan  Gilyard Jr.,Calgary Surge,2025-2026,defense,Isolation,Make 3 Pts,5,Long/3pt,ISO - Defense Commits > No Dribble Jumper > Guarded > Long/3pt > Make 3 Pts,ISO - Defense Commits,No Dribble Jumper,Guarded,Long/3pt,Make 3 Pts,,2,66.7,3.0,150.0,0.0,0.0,2,100.0,,,100.0,,2,150.0,0.0,,,2,0,,2.0,0.0,100.0,0,0,0,,2,0,1.0,6
Evan  Gilyard Jr.,Calgary Surge,2025-2026,defense,Isolation,Miss 3 Pts,5,Long/3pt,ISO - Defense Commits > No Dribble Jumper > Guarded > Long/3pt > Miss 3 Pts,ISO - Defense Commits,No Dribble Jumper,Guarded,Long/3pt,Miss 3 Pts,,1,33.3,0.0,0.0,0.0,0.0,1,0.0,,,0.0,,1,0.0,0.0,,,0,1,,1.0,0.0,0.0,0,0,0,,0,1,1.0,0
Evan  Gilyard Jr.,Calgary Surge,2025-2026,defense,Isolation,Open,3,No Dribble Jumper,ISO - Defense Commits > No Dribble Jumper > Open,ISO - Defense Commits,No Dribble Jumper,Open,,,,2,40.0,1.5,75.0,0.0,0.0,2,50.0,,,50.0,,2,75.0,0.0,,,1,1,,2.0,0.0,50.0,0,0,0,,1,1,1.0,3
Evan  Gilyard Jr.,Calgary Surge,2025-2026,defense,Isolation,Long/3pt,4,Open,ISO - Defense Commits > No Dribble Jumper > Open > Long/3pt,ISO - Defense Commits,No Dribble Jumper,Open,Long/3pt,,,2,100.0,1.5,75.0,0.0,0.0,2,50.0,,,50.0,,2,75.0,0.0,,,1,1,,2.0,0.0,50.0,0,0,0,,1,1,1.0,3
Evan  Gilyard Jr.,Calgary Surge,2025-2026,defense,Isolation,Make 3 Pts,5,Long/3pt,ISO - Defense Commits > No Dribble Jumper > Open > Long/3pt > Make 3 Pts,ISO - Defense Commits,No Dribble Jumper,Open,Long/3pt,Make 3 Pts,,1,50.0,3.0,150.0,0.0,0.0,1,100.0,,,100.0,,1,150.0,0.0,,,1,0,,1.0,0.0,100.0,0,0,0,,1,0,1.0,3
Evan  Gilyard Jr.,Calgary Surge,2025-2026,defense,Isolation,Miss 3 Pts,5,Long/3pt,ISO - Defense Commits > No Dribble Jumper > Open > Long/3pt > Miss 3 Pts,ISO - Defense Commits,No Dribble Jumper,Open,Long/3pt,Miss 3 Pts,,1,50.0,0.0,0.0,0.0,0.0,1,0.0,,,0.0,,1,0.0,0.0,,,0,1,,1.0,0.0,0.0,0,0,0,,0,1,1.0,0
Evan  Gilyard Jr.,Calgary Surge,2025-2026,defense,Post up,Post-Ups Including Passes,1,,Post-Ups Including Passes,Post-Ups Including Passes,,,,,,13,7.0,0.692,50.7,30.8,7.7,0,,Very Good,68.0,50.0,0.0,8,50.0,7.7,,,4,4,,8.9,0.25,38.5,8,4,4,50.0,0,0,0.0,9
Evan  Gilyard Jr.,Calgary Surge,2025-2026,defense,Post up,Left Block,2,Post-Ups Including Passes,Post-Ups Including Passes > Left Block,Post-Ups Including Passes,Left Block,,,,,7,53.8,0.429,38.7,42.9,14.3,0,,,,33.3,,3,33.3,14.3,,,1,2,,3.9,0.67,28.6,3,1,2,33.3,0,0,0.0,3
Evan  Gilyard Jr.,Calgary Surge,2025-2026,defense,Post up,Left Shoulder,3,Left Block,Post-Ups Including Passes > Left Block > Left Shoulder,Post-Ups Including Passes,Left Block,Left Shoulder,,,,4,57.1,0.5,50.0,50.0,0.0,0,,,,50.0,,2,50.0,0.0,,,1,1,,2.0,0.0,25.0,2,1,1,50.0,0,0,0.0,2
Evan  Gilyard Jr.,Calgary Surge,2025-2026,defense,Post up,Dribble Move,4,Left Shoulder,Post-Ups Including Passes > Left Block > Left Shoulder > Dribble Move,Post-Ups Including Passes,Left Block,Left Shoulder,Dribble Move,,,4,100.0,0.5,50.0,50.0,0.0,0,,,,50.0,,2,50.0,0.0,,,1,1,,2.0,0.0,25.0,2,1,1,50.0,0,0,0.0,2
Evan  Gilyard Jr.,Calgary Surge,2025-2026,defense,Post up,Turnover,5,Dribble Move,Post-Ups Including Passes > Left Block > Left Shoulder > Dribble Move > Turnover,Post-Ups Including Passes,Left Block,Left Shoulder,Dribble Move,Turnover,,2,50.0,0.0,,100.0,0.0,0,,,,,,0,,0.0,,,0,0,,0.0,,0.0,0,0,0,,0,0,,0
Evan  Gilyard Jr.,Calgary Surge,2025-2026,defense,Post up,To Hook,5,Dribble Move,Post-Ups Including Passes > Left Block > Left Shoulder > Dribble Move > To Hook,Post-Ups Including Passes,Left Block,Left Shoulder,Dribble Move,To Hook,,2,50.0,1.0,50.0,0.0,0.0,0,,,,50.0,,2,50.0,0.0,,,1,1,,2.0,0.0,50.0,2,1,1,50.0,0,0,0.0,2
Evan  Gilyard Jr.,Calgary Surge,2025-2026,defense,Post up,Right Shoulder,3,Left Block,Post-Ups Including Passes > Left Block > Right Shoulder,Post-Ups Including Passes,Left Block,Right Shoulder,,,,2,28.6,0.0,0.0,50.0,0.0,0,,,,0.0,,1,0.0,0.0,,,0,1,,1.0,0.0,0.0,1,0,1,0.0,0,0,0.0,0
Evan  Gilyard Jr.,Calgary Surge,2025-2026,defense,Post up,Dribble Move,4,Right Shoulder,Post-Ups Including Passes > Left Block > Right Shoulder > Dribble Move,Post-Ups Including Passes,Left Block,Right Shoulder,Dribble Move,,,2,100.0,0.0,0.0,50.0,0.0,0,,,,0.0,,1,0.0,0.0,,,0,1,,1.0,0.0,0.0,1,0,1,0.0,0,0,0.0,0
Evan  Gilyard Jr.,Calgary Surge,2025-2026,defense,Post up,Defense Commits,5,Dribble Move,Post-Ups Including Passes > Left Block > Right Shoulder > Dribble Move > Defense Commits,Post-Ups Including Passes,Left Block,Right Shoulder,Dribble Move,Defense Commits,,1,50.0,0.0,,100.0,0.0,0,,,,,,0,,0.0,,,0,0,,0.0,,0.0,0,0,0,,0,0,,0
Evan  Gilyard Jr.,Calgary Surge,2025-2026,defense,Post up,To Basket,5,Dribble Move,Post-Ups Including Passes > Left Block > Right Shoulder > Dribble Move > To Basket,Post-Ups Including Passes,Left Block,Right Shoulder,Dribble Move,To Basket,,1,50.0,0.0,0.0,0.0,0.0,0,,,,0.0,,1,0.0,0.0,,,0,1,,1.0,0.0,0.0,1,0,1,0.0,0,0,0.0,0
Evan  Gilyard Jr.,Calgary Surge,2025-2026,defense,Post up,Post Pin,3,Left Block,Post-Ups Including Passes > Left Block > Post Pin,Post-Ups Including Passes,Left Block,Post Pin,,,,1,14.3,1.0,56.8,0.0,100.0,0,,,,,,0,,100.0,,,0,0,,0.9,,100.0,0,0,0,,0,0,,1
Evan  Gilyard Jr.,Calgary Surge,2025-2026,defense,Post up,No Dribble Move,4,Post Pin,Post-Ups Including Passes > Left Block > Post Pin > No Dribble Move,Post-Ups Including Passes,Left Block,Post Pin,No Dribble Move,,,1,100.0,1.0,56.8,0.0,100.0,0,,,,,,0,,100.0,,,0,0,,0.9,,100.0,0,0,0,,0,0,,1
Evan  Gilyard Jr.,Calgary Surge,2025-2026,defense,Post up,To Basket,5,No Dribble Move,Post-Ups Including Passes > Left Block > Post Pin > No Dribble Move > To Basket,Post-Ups Including Passes,Left Block,Post Pin,No Dribble Move,To Basket,,1,100.0,1.0,56.8,0.0,100.0,0,,,,,,0,,100.0,,,0,0,,0.9,,100.0,0,0,0,,0,0,,1
Evan  Gilyard Jr.,Calgary Surge,2025-2026,defense,Post up,Right Block,2,Post-Ups Including Passes,Post-Ups Including Passes > Right Block,Post-Ups Including Passes,Right Block,,,,,5,38.5,1.2,60.0,0.0,0.0,0,,,,60.0,,5,60.0,0.0,,,3,2,,5.0,0.0,60.0,5,3,2,60.0,0,0,0.0,6
Evan  Gilyard Jr.,Calgary Surge,2025-2026,defense,Post up,Right Shoulder,3,Right Block,Post-Ups Including Passes > Right Block > Right Shoulder,Post-Ups Including Passes,Right Block,Right Shoulder,,,,3,60.0,1.333,66.7,0.0,0.0,0,,,,66.7,,3,66.7,0.0,,,2,1,,3.0,0.0,66.7,3,2,1,66.7,0,0,0.0,4
Evan  Gilyard Jr.,Calgary Surge,2025-2026,defense,Post up,Dribble Move,4,Right Shoulder,Post-Ups Including Passes > Right Block > Right Shoulder > Dribble Move,Post-Ups Including Passes,Right Block,Right Shoulder,Dribble Move,,,3,100.0,1.333,66.7,0.0,0.0,0,,,,66.7,,3,66.7,0.0,,,2,1,,3.0,0.0,66.7,3,2,1,66.7,0,0,0.0,4
Evan  Gilyard Jr.,Calgary Surge,2025-2026,defense,Post up,To Basket,5,Dribble Move,Post-Ups Including Passes > Right Block > Right Shoulder > Dribble Move > To Basket,Post-Ups Including Passes,Right Block,Right Shoulder,Dribble Move,To Basket,,2,66.7,1.0,50.0,0.0,0.0,0,,,,50.0,,2,50.0,0.0,,,1,1,,2.0,0.0,50.0,2,1,1,50.0,0,0,0.0,2
Evan  Gilyard Jr.,Calgary Surge,2025-2026,defense,Post up,To Jumper,5,Dribble Move,Post-Ups Including Passes > Right Block > Right Shoulder > Dribble Move > To Jumper,Post-Ups Including Passes,Right Block,Right Shoulder,Dribble Move,To Jumper,,1,33.3,2.0,100.0,0.0,0.0,0,,,,100.0,,1,100.0,0.0,,,1,0,,1.0,0.0,100.0,1,1,0,100.0,0,0,0.0,2
Evan  Gilyard Jr.,Calgary Surge,2025-2026,defense,Post up,Left Shoulder,3,Right Block,Post-Ups Including Passes > Right Block > Left Shoulder,Post-Ups Including Passes,Right Block,Left Shoulder,,,,2,40.0,1.0,50.0,0.0,0.0,0,,,,50.0,,2,50.0,0.0,,,1,1,,2.0,0.0,50.0,2,1,1,50.0,0,0,0.0,2
Evan  Gilyard Jr.,Calgary Surge,2025-2026,defense,Post up,Dribble Move,4,Left Shoulder,Post-Ups Including Passes > Right Block > Left Shoulder > Dribble Move,Post-Ups Including Passes,Right Block,Left Shoulder,Dribble Move,,,2,100.0,1.0,50.0,0.0,0.0,0,,,,50.0,,2,50.0,0.0,,,1,1,,2.0,0.0,50.0,2,1,1,50.0,0,0,0.0,2
Evan  Gilyard Jr.,Calgary Surge,2025-2026,defense,Post up,To Drop Step,5,Dribble Move,Post-Ups Including Passes > Right Block > Left Shoulder > Dribble Move > To Drop Step,Post-Ups Including Passes,Right Block,Left Shoulder,Dribble Move,To Drop Step,,1,50.0,0.0,0.0,0.0,0.0,0,,,,0.0,,1,0.0,0.0,,,0,1,,1.0,0.0,0.0,1,0,1,0.0,0,0,0.0,0
Evan  Gilyard Jr.,Calgary Surge,2025-2026,defense,Post up,To Basket,5,Dribble Move,Post-Ups Including Passes > Right Block > Left Shoulder > Dribble Move > To Basket,Post-Ups Including Passes,Right Block,Left Shoulder,Dribble Move,To Basket,,1,50.0,2.0,100.0,0.0,0.0,0,,,,100.0,,1,100.0,0.0,,,1,0,,1.0,0.0,100.0,1,1,0,100.0,0,0,0.0,2
Evan  Gilyard Jr.,Calgary Surge,2025-2026,defense,Post up,Flash Middle,2,Post-Ups Including Passes,Post-Ups Including Passes > Flash Middle,Post-Ups Including Passes,Flash Middle,,,,,1,7.7,0.0,,100.0,0.0,0,,,,,,0,,0.0,,,0,0,,0.0,,0.0,0,0,0,,0,0,,0
Evan  Gilyard Jr.,Calgary Surge,2025-2026,defense,Post up,Defense Commits,3,Flash Middle,Post-Ups Including Passes > Flash Middle > Defense Commits,Post-Ups Including Passes,Flash Middle,Defense Commits,,,,1,100.0,0.0,,100.0,0.0,0,,,,,,0,,0.0,,,0,0,,0.0,,0.0,0,0,0,,0,0,,0
Evan  Gilyard Jr.,Calgary Surge,2025-2026,defense,Post up,Turnover,4,Defense Commits,Post-Ups Including Passes > Flash Middle > Defense Commits > Turnover,Post-Ups Including Passes,Flash Middle,Defense Commits,Turnover,,,1,100.0,0.0,,100.0,0.0,0,,,,,,0,,0.0,,,0,0,,0.0,,0.0,0,0,0,,0,0,,0
Evan  Gilyard Jr.,Calgary Surge,2025-2026,defense,Post up,Post-Up - Defense Commits,1,,Post-Up - Defense Commits,Post-Up - Defense Commits,,,,,,2,1.1,0.0,,100.0,0.0,0,,,,,,0,,0.0,,,0,0,,0.0,,0.0,0,0,0,,0,0,,0
Evan  Gilyard Jr.,Calgary Surge,2025-2026,defense,Post up,Flash Middle,2,Post-Up - Defense Commits,Post-Up - Defense Commits > Flash Middle,Post-Up - Defense Commits,Flash Middle,,,,,1,50.0,0.0,,100.0,0.0,0,,,,,,0,,0.0,,,0,0,,0.0,,0.0,0,0,0,,0,0,,0
Evan  Gilyard Jr.,Calgary Surge,2025-2026,defense,Post up,Defense Commits,3,Flash Middle,Post-Up - Defense Commits > Flash Middle > Defense Commits,Post-Up - Defense Commits,Flash Middle,Defense Commits,,,,1,100.0,0.0,,100.0,0.0,0,,,,,,0,,0.0,,,0,0,,0.0,,0.0,0,0,0,,0,0,,0
Evan  Gilyard Jr.,Calgary Surge,2025-2026,defense,Post up,Turnover,4,Defense Commits,Post-Up - Defense Commits > Flash Middle > Defense Commits > Turnover,Post-Up - Defense Commits,Flash Middle,Defense Commits,Turnover,,,1,100.0,0.0,,100.0,0.0,0,,,,,,0,,0.0,,,0,0,,0.0,,0.0,0,0,0,,0,0,,0
Evan  Gilyard Jr.,Calgary Surge,2025-2026,defense,Post up,Left Block,2,Post-Up - Defense Commits,Post-Up - Defense Commits > Left Block,Post-Up - Defense Commits,Left Block,,,,,1,50.0,0.0,,100.0,0.0,0,,,,,,0,,0.0,,,0,0,,0.0,,0.0,0,0,0,,0,0,,0
Evan  Gilyard Jr.,Calgary Surge,2025-2026,defense,Post up,Right Shoulder,3,Left Block,Post-Up - Defense Commits > Left Block > Right Shoulder,Post-Up - Defense Commits,Left Block,Right Shoulder,,,,1,100.0,0.0,,100.0,0.0,0,,,,,,0,,0.0,,,0,0,,0.0,,0.0,0,0,0,,0,0,,0
Evan  Gilyard Jr.,Calgary Surge,2025-2026,defense,Post up,Dribble Move,4,Right Shoulder,Post-Up - Defense Commits > Left Block > Right Shoulder > Dribble Move,Post-Up - Defense Commits,Left Block,Right Shoulder,Dribble Move,,,1,100.0,0.0,,100.0,0.0,0,,,,,,0,,0.0,,,0,0,,0.0,,0.0,0,0,0,,0,0,,0
Evan  Gilyard Jr.,Calgary Surge,2025-2026,defense,Post up,Defense Commits,5,Dribble Move,Post-Up - Defense Commits > Left Block > Right Shoulder > Dribble Move > Defense Commits,Post-Up - Defense Commits,Left Block,Right Shoulder,Dribble Move,Defense Commits,,1,100.0,0.0,,100.0,0.0,0,,,,,,0,,0.0,,,0,0,,0.0,,0.0,0,0,0,,0,0,,0
Evan  Gilyard Jr.,Calgary Surge,2025-2026,defense,Post up,Post-Up - Hard Double,1,,Post-Up - Hard Double,Post-Up - Hard Double,,,,,,0,0.0,,,,,0,,,,,,0,,,,,0,0,,0.0,,,0,0,0,,0,0,,0
