PLAYER,TEAM,SEASON,SIDE,TABLE,STAT,DEPTH,PARENT,PATH,LEVEL_1,LEVEL_2,LEVEL_3,LEVEL_4,LEVEL_5,LEVEL_6,POSS,%TIME,PPP,TS%,TO%,%FT,3FG ATT,3 FG%,PPP RATING,PPP RANK,FG%,%TIME RANK,FG ATT,EFG%,%SF,SSQ,PPS,FG MADE,FG MISS,SSM,TSA,FTA/FGA,SCORE%,2 FG ATT,2 FG MADE,2 FG MISS,2 FG%,3 FG MADE,3 FG MISS,3PA/FGA,PTS
Mathieu Kamba,Calgary Surge,2024-2025,offense,Play types,Spot Up,1,,Spot Up,Spot Up,,,,,,58,25.1,1.155,61.0,5.2,1.7,46,41.3,Very Good,80.0,42.6,46.0,54,60.2,1.7,,,23,31,,54.9,0.04,41.4,8,4,4,50.0,19,27,0.85,67
Mathieu Kamba,Calgary Surge,2024-2025,offense,Play types,No Dribble Jumper,2,Spot Up,Spot Up > No Dribble Jumper,Spot Up,No Dribble Jumper,,,,,51,87.9,1.314,65.7,0.0,0.0,49,42.9,,,45.1,,51,65.7,0.0,,,23,28,,51.0,0.0,45.1,2,2,0,100.0,21,28,0.96,67
Mathieu Kamba,Calgary Surge,2024-2025,offense,Play types,Guarded,3,No Dribble Jumper,Spot Up > No Dribble Jumper > Guarded,Spot Up,No Dribble Jumper,Guarded,,,,26,51.0,1.808,90.4,0.0,0.0,25,60.0,,,61.5,,26,90.4,0.0,,,16,10,,26.0,0.0,61.5,1,1,0,100.0,15,10,0.96,47
Mathieu Kamba,Calgary Surge,2024-2025,offense,Play types,Long/3pt,4,Guarded,Spot Up > No Dribble Jumper > Guarded > Long/3pt,Spot Up,No Dribble Jumper,Guarded,Long/3pt,,,25,96.2,1.8,90.0,0.0,0.0,25,60.0,,,60.0,,25,90.0,0.0,,,15,10,,25.0,0.0,60.0,0,0,0,,15,10,1.0,45
Mathieu Kamba,Calgary Surge,2024-2025,offense,Play types,Make 3 Pts,5,Long/3pt,Spot Up > No Dribble Jumper > Guarded > Long/3pt > Make 3 Pts,Spot Up,No Dribble Jumper,Guarded,Long/3pt,Make 3 Pts,,15,60.0,3.0,150.0,0.0,0.0,15,100.0,,,100.0,,15,150.0,0.0,,,15,0,,15.0,0.0,100.0,0,0,0,,15,0,1.0,45
Mathieu Kamba,Calgary Surge,2024-2025,offense,Play types,Miss 3 Pts,5,Long/3pt,Spot Up > No Dribble Jumper > Guarded > Long/3pt > Miss 3 Pts,Spot Up,No Dribble Jumper,Guarded,Long/3pt,Miss 3 Pts,,10,40.0,0.0,0.0,0.0,0.0,10,0.0,,,0.0,,10,0.0,0.0,,,0,10,,10.0,0.0,0.0,0,0,0,,0,10,1.0,0
Mathieu Kamba,Calgary Surge,2024-2025,offense,Play types,Medium/17' to 3pt,4,Guarded,Spot Up > No Dribble Jumper > Guarded > Medium/17' to 3pt,Spot Up,No Dribble Jumper,Guarded,Medium/17' to 3pt,,,1,3.8,2.0,100.0,0.0,0.0,0,,,,100.0,,1,100.0,0.0,,,1,0,,1.0,0.0,100.0,1,1,0,100.0,0,0,0.0,2
Mathieu Kamba,Calgary Surge,2024-2025,offense,Play types,Make 2 Pts,5,Medium/17' to 3pt,Spot Up > No Dribble Jumper > Guarded > Medium/17' to 3pt > Make 2 Pts,Spot Up,No Dribble Jumper,Guarded,Medium/17' to 3pt,Make 2 Pts,,1,100.0,2.0,100.0,0.0,0.0,0,,,,100.0,,1,100.0,0.0,,,1,0,,1.0,0.0,100.0,1,1,0,100.0,0,0,0.0,2
Mathieu Kamba,Calgary Surge,2024-2025,offense,Play types,Open,3,No Dribble Jumper,Spot Up > No Dribble Jumper > Open,Spot Up,No Dribble Jumper,Open,,,,25,49.0,0.8,40.0,0.0,0.0,24,25.0,,,28.0,,25,40.0,0.0,,,7,18,,25.0,0.0,28.0,1,1,0,100.0,6,18,0.96,20
Mathieu Kamba,Calgary Surge,2024-2025,offense,Play types,Long/3pt,4,Open,Spot Up > No Dribble Jumper > Open > Long/3pt,Spot Up,No Dribble Jumper,Open,Long/3pt,,,24,96.0,0.75,37.5,0.0,0.0,24,25.0,,,25.0,,24,37.5,0.0,,,6,18,,24.0,0.0,25.0,0,0,0,,6,18,1.0,18
Mathieu Kamba,Calgary Surge,2024-2025,offense,Play types,Miss 3 Pts,5,Long/3pt,Spot Up > No Dribble Jumper > Open > Long/3pt > Miss 3 Pts,Spot Up,No Dribble Jumper,Open,Long/3pt,Miss 3 Pts,,18,75.0,0.0,0.0,0.0,0.0,18,0.0,,,0.0,,18,0.0,0.0,,,0,18,,18.0,0.0,0.0,0,0,0,,0,18,1.0,0
Mathieu Kamba,Calgary Surge,2024-2025,offense,Play types,Make 3 Pts,5,Long/3pt,Spot Up > No Dribble Jumper > Open > Long/3pt > Make 3 Pts,Spot Up,No Dribble Jumper,Open,Long/3pt,Make 3 Pts,,6,25.0,3.0,150.0,0.0,0.0,6,100.0,,,100.0,,6,150.0,0.0,,,6,0,,6.0,0.0,100.0,0,0,0,,6,0,1.0,18
Mathieu Kamba,Calgary Surge,2024-2025,offense,Play types,Medium/17' to 3pt,4,Open,Spot Up > No Dribble Jumper > Open > Medium/17' to 3pt,Spot Up,No Dribble Jumper,Open,Medium/17' to 3pt,,,1,4.0,2.0,100.0,0.0,0.0,0,,,,100.0,,1,100.0,0.0,,,1,0,,1.0,0.0,100.0,1,1,0,100.0,0,0,0.0,2
Mathieu Kamba,Calgary Surge,2024-2025,offense,Play types,Make 2 Pts,5,Medium/17' to 3pt,Spot Up > No Dribble Jumper > Open > Medium/17' to 3pt > Make 2 Pts,Spot Up,No Dribble Jumper,Open,Medium/17' to 3pt,Make 2 Pts,,1,100.0,2.0,100.0,0.0,0.0,0,,,,100.0,,1,100.0,0.0,,,1,0,,1.0,0.0,100.0,1,1,0,100.0,0,0,0.0,2
Mathieu Kamba,Calgary Surge,2024-2025,offense,Play types,Drives Left,2,Spot Up,Spot Up > Drives Left,Spot Up,Drives Left,,,,,5,8.6,0.0,0.0,40.0,0.0,0,,,,0.0,,3,0.0,0.0,,,0,3,,3.0,0.0,0.0,3,0,3,0.0,0,0,0.0,0
Mathieu Kamba,Calgary Surge,2024-2025,offense,Play types,Turnover,3,Drives Left,Spot Up > Drives Left > Turnover,Spot Up,Drives Left,Turnover,,,,2,40.0,0.0,,100.0,0.0,0,,,,,,0,,0.0,,,0,0,,0.0,,0.0,0,0,0,,0,0,,0
Mathieu Kamba,Calgary Surge,2024-2025,offense,Play types,To Basket,3,Drives Left,Spot Up > Drives Left > To Basket,Spot Up,Drives Left,To Basket,,,,2,40.0,0.0,0.0,0.0,0.0,0,,,,0.0,,2,0.0,0.0,,,0,2,,2.0,0.0,0.0,2,0,2,0.0,0,0,0.0,0
Mathieu Kamba,Calgary Surge,2024-2025,offense,Play types,Miss 2 Pts,4,To Basket,Spot Up > Drives Left > To Basket > Miss 2 Pts,Spot Up,Drives Left,To Basket,Miss 2 Pts,,,2,100.0,0.0,0.0,0.0,0.0,0,,,,0.0,,2,0.0,0.0,,,0,2,,2.0,0.0,0.0,2,0,2,0.0,0,0,0.0,0
Mathieu Kamba,Calgary Surge,2024-2025,offense,Play types,Dribble Jumper,3,Drives Left,Spot Up > Drives Left > Dribble Jumper,Spot Up,Drives Left,Dribble Jumper,,,,1,20.0,0.0,0.0,0.0,0.0,0,,,,0.0,,1,0.0,0.0,,,0,1,,1.0,0.0,0.0,1,0,1,0.0,0,0,0.0,0
Mathieu Kamba,Calgary Surge,2024-2025,offense,Play types,Short to < 17,4,Dribble Jumper,Spot Up > Drives Left > Dribble Jumper > Short to < 17,Spot Up,Drives Left,Dribble Jumper,Short to < 17,,,1,100.0,0.0,0.0,0.0,0.0,0,,,,0.0,,1,0.0,0.0,,,0,1,,1.0,0.0,0.0,1,0,1,0.0,0,0,0.0,0
Mathieu Kamba,Calgary Surge,2024-2025,offense,Play types,Miss 2 Pts,5,Short to < 17,Spot Up > Drives Left > Dribble Jumper > Short to < 17 > Miss 2 Pts,Spot Up,Drives Left,Dribble Jumper,Short to < 17,Miss 2 Pts,,1,100.0,0.0,0.0,0.0,0.0,0,,,,0.0,,1,0.0,0.0,,,0,1,,1.0,0.0,0.0,1,0,1,0.0,0,0,0.0,0
Mathieu Kamba,Calgary Surge,2024-2025,offense,Play types,Drives Right,2,Spot Up,Spot Up > Drives Right,Spot Up,Drives Right,,,,,4,6.9,1.5,77.3,0.0,25.0,0,,,,66.7,,3,66.7,25.0,,,2,1,,3.9,0.67,75.0,3,2,1,66.7,0,0,0.0,6
Mathieu Kamba,Calgary Surge,2024-2025,offense,Play types,Dribble Jumper,3,Drives Right,Spot Up > Drives Right > Dribble Jumper,Spot Up,Drives Right,Dribble Jumper,,,,2,50.0,1.0,50.0,0.0,0.0,0,,,,50.0,,2,50.0,0.0,,,1,1,,2.0,0.0,50.0,2,1,1,50.0,0,0,0.0,2
Mathieu Kamba,Calgary Surge,2024-2025,offense,Play types,Short to < 17,4,Dribble Jumper,Spot Up > Drives Right > Dribble Jumper > Short to < 17,Spot Up,Drives Right,Dribble Jumper,Short to < 17,,,2,100.0,1.0,50.0,0.0,0.0,0,,,,50.0,,2,50.0,0.0,,,1,1,,2.0,0.0,50.0,2,1,1,50.0,0,0,0.0,2
Mathieu Kamba,Calgary Surge,2024-2025,offense,Play types,Make 2 Pts,5,Short to < 17,Spot Up > Drives Right > Dribble Jumper > Short to < 17 > Make 2 Pts,Spot Up,Drives Right,Dribble Jumper,Short to < 17,Make 2 Pts,,1,50.0,2.0,100.0,0.0,0.0,0,,,,100.0,,1,100.0,0.0,,,1,0,,1.0,0.0,100.0,1,1,0,100.0,0,0,0.0,2
Mathieu Kamba,Calgary Surge,2024-2025,offense,Play types,Miss 2 Pts,5,Short to < 17,Spot Up > Drives Right > Dribble Jumper > Short to < 17 > Miss 2 Pts,Spot Up,Drives Right,Dribble Jumper,Short to < 17,Miss 2 Pts,,1,50.0,0.0,0.0,0.0,0.0,0,,,,0.0,,1,0.0,0.0,,,0,1,,1.0,0.0,0.0,1,0,1,0.0,0,0,0.0,0
Mathieu Kamba,Calgary Surge,2024-2025,offense,Play types,To Basket,3,Drives Right,Spot Up > Drives Right > To Basket,Spot Up,Drives Right,To Basket,,,,2,50.0,2.0,106.4,0.0,50.0,0,,,,100.0,,1,100.0,50.0,,,1,0,,1.9,2.0,100.0,1,1,0,100.0,0,0,0.0,4
Mathieu Kamba,Calgary Surge,2024-2025,offense,Play types,Make 2 Pts,4,To Basket,Spot Up > Drives Right > To Basket > Make 2 Pts,Spot Up,Drives Right,To Basket,Make 2 Pts,,,1,50.0,2.0,100.0,0.0,0.0,0,,,,100.0,,1,100.0,0.0,,,1,0,,1.0,0.0,100.0,1,1,0,100.0,0,0,0.0,2
Mathieu Kamba,Calgary Surge,2024-2025,offense,Play types,Foul,4,To Basket,Spot Up > Drives Right > To Basket > Foul,Spot Up,Drives Right,To Basket,Foul,,,1,50.0,2.0,113.6,0.0,100.0,0,,,,,,0,,100.0,,,0,0,,0.9,,100.0,0,0,0,,0,0,,2
Mathieu Kamba,Calgary Surge,2024-2025,offense,Play types,Turnover,2,Spot Up,Spot Up > Turnover,Spot Up,Turnover,,,,,1,1.7,0.0,,100.0,0.0,0,,,,,,0,,0.0,,,0,0,,0.0,,0.0,0,0,0,,0,0,,0
Mathieu Kamba,Calgary Surge,2024-2025,offense,Play types,Transition,1,,Transition,Transition,,,,,,50,21.6,1.44,82.0,12.0,20.0,9,55.6,Excellent,95.0,75.0,61.0,36,81.9,20.0,,,27,9,,43.9,0.5,68.0,27,22,5,81.5,5,4,0.25,72
Mathieu Kamba,Calgary Surge,2024-2025,offense,Play types,Ballhandler,2,Transition,Transition > Ballhandler,Transition,Ballhandler,,,,,19,38.0,0.895,60.9,26.3,26.3,1,0.0,,,60.0,,10,60.0,26.3,,,6,4,,14.0,0.9,47.4,9,6,3,66.7,0,1,0.1,17
Mathieu Kamba,Calgary Surge,2024-2025,offense,Play types,To Basket,3,Ballhandler,Transition > Ballhandler > To Basket,Transition,Ballhandler,To Basket,,,,13,68.4,1.308,65.6,0.0,38.5,0,,,,66.7,,9,66.7,38.5,,,6,3,,13.0,1.0,69.2,9,6,3,66.7,0,0,0.0,17
Mathieu Kamba,Calgary Surge,2024-2025,offense,Play types,Make 2 Pts,4,To Basket,Transition > Ballhandler > To Basket > Make 2 Pts,Transition,Ballhandler,To Basket,Make 2 Pts,,,5,38.5,2.0,100.0,0.0,0.0,0,,,,100.0,,5,100.0,0.0,,,5,0,,5.0,0.0,100.0,5,5,0,100.0,0,0,0.0,10
Mathieu Kamba,Calgary Surge,2024-2025,offense,Play types,Foul,4,To Basket,Transition > Ballhandler > To Basket > Foul,Transition,Ballhandler,To Basket,Foul,,,4,30.8,1.0,56.8,0.0,100.0,0,,,,,,0,,100.0,,,0,0,,3.5,,75.0,0,0,0,,0,0,,4
Mathieu Kamba,Calgary Surge,2024-2025,offense,Play types,Miss 2 Pts,4,To Basket,Transition > Ballhandler > To Basket > Miss 2 Pts,Transition,Ballhandler,To Basket,Miss 2 Pts,,,3,23.1,0.0,0.0,0.0,0.0,0,,,,0.0,,3,0.0,0.0,,,0,3,,3.0,0.0,0.0,3,0,3,0.0,0,0,0.0,0
Mathieu Kamba,Calgary Surge,2024-2025,offense,Play types,Make 2 Pts Foul,4,To Basket,Transition > Ballhandler > To Basket > Make 2 Pts Foul,Transition,Ballhandler,To Basket,Make 2 Pts Foul,,,1,7.7,3.0,104.2,0.0,100.0,0,,,,100.0,,1,100.0,100.0,,,1,0,,1.4,1.0,100.0,1,1,0,100.0,0,0,0.0,3
Mathieu Kamba,Calgary Surge,2024-2025,offense,Play types,1 Pts,5,Make 2 Pts Foul,Transition > Ballhandler > To Basket > Make 2 Pts Foul > 1 Pts,Transition,Ballhandler,To Basket,Make 2 Pts Foul,1 Pts,,1,100.0,3.0,104.2,0.0,100.0,0,,,,100.0,,1,100.0,100.0,,,1,0,,1.4,1.0,100.0,1,1,0,100.0,0,0,0.0,3
Mathieu Kamba,Calgary Surge,2024-2025,offense,Play types,Turnover,3,Ballhandler,Transition > Ballhandler > Turnover,Transition,Ballhandler,Turnover,,,,5,26.3,0.0,,100.0,0.0,0,,,,,,0,,0.0,,,0,0,,0.0,,0.0,0,0,0,,0,0,,0
Mathieu Kamba,Calgary Surge,2024-2025,offense,Play types,Dribble Jumper,3,Ballhandler,Transition > Ballhandler > Dribble Jumper,Transition,Ballhandler,Dribble Jumper,,,,1,5.3,0.0,0.0,0.0,0.0,1,0.0,,,0.0,,1,0.0,0.0,,,0,1,,1.0,0.0,0.0,0,0,0,,0,1,1.0,0
Mathieu Kamba,Calgary Surge,2024-2025,offense,Play types,Long/3pt,4,Dribble Jumper,Transition > Ballhandler > Dribble Jumper > Long/3pt,Transition,Ballhandler,Dribble Jumper,Long/3pt,,,1,100.0,0.0,0.0,0.0,0.0,1,0.0,,,0.0,,1,0.0,0.0,,,0,1,,1.0,0.0,0.0,0,0,0,,0,1,1.0,0
Mathieu Kamba,Calgary Surge,2024-2025,offense,Play types,Miss 3 Pts,5,Long/3pt,Transition > Ballhandler > Dribble Jumper > Long/3pt > Miss 3 Pts,Transition,Ballhandler,Dribble Jumper,Long/3pt,Miss 3 Pts,,1,100.0,0.0,0.0,0.0,0.0,1,0.0,,,0.0,,1,0.0,0.0,,,0,1,,1.0,0.0,0.0,0,0,0,,0,1,1.0,0
Mathieu Kamba,Calgary Surge,2024-2025,offense,Play types,Right Wing,2,Transition,Transition > Right Wing,Transition,Right Wing,,,,,17,34.0,1.765,89.5,0.0,11.8,6,66.7,,,73.3,,15,86.7,11.8,,,11,4,,16.8,0.27,76.5,9,7,2,77.8,4,2,0.4,30
Mathieu Kamba,Calgary Surge,2024-2025,offense,Play types,To Basket,3,Right Wing,Transition > Right Wing > To Basket,Transition,Right Wing,To Basket,,,,10,58.8,1.8,92.2,0.0,20.0,0,,,,87.5,,8,87.5,20.0,,,7,1,,9.8,0.5,90.0,8,7,1,87.5,0,0,0.0,18
Mathieu Kamba,Calgary Surge,2024-2025,offense,Play types,Make 2 Pts,4,To Basket,Transition > Right Wing > To Basket > Make 2 Pts,Transition,Right Wing,To Basket,Make 2 Pts,,,7,70.0,2.0,100.0,0.0,0.0,0,,,,100.0,,7,100.0,0.0,,,7,0,,7.0,0.0,100.0,7,7,0,100.0,0,0,0.0,14
Mathieu Kamba,Calgary Surge,2024-2025,offense,Play types,Foul,4,To Basket,Transition > Right Wing > To Basket > Foul,Transition,Right Wing,To Basket,Foul,,,2,20.0,2.0,113.6,0.0,100.0,0,,,,,,0,,100.0,,,0,0,,1.8,,100.0,0,0,0,,0,0,,4
Mathieu Kamba,Calgary Surge,2024-2025,offense,Play types,Miss 2 Pts,4,To Basket,Transition > Right Wing > To Basket > Miss 2 Pts,Transition,Right Wing,To Basket,Miss 2 Pts,,,1,10.0,0.0,0.0,0.0,0.0,0,,,,0.0,,1,0.0,0.0,,,0,1,,1.0,0.0,0.0,1,0,1,0.0,0,0,0.0,0
Mathieu Kamba,Calgary Surge,2024-2025,offense,Play types,No Dribble Jumper,3,Right Wing,Transition > Right Wing > No Dribble Jumper,Transition,Right Wing,No Dribble Jumper,,,,6,35.3,2.0,100.0,0.0,0.0,6,66.7,,,66.7,,6,100.0,0.0,,,4,2,,6.0,0.0,66.7,0,0,0,,4,2,1.0,12
Mathieu Kamba,Calgary Surge,2024-2025,offense,Play types,Open,4,No Dribble Jumper,Transition > Right Wing > No Dribble Jumper > Open,Transition,Right Wing,No Dribble Jumper,Open,,,3,50.0,2.0,100.0,0.0,0.0,3,66.7,,,66.7,,3,100.0,0.0,,,2,1,,3.0,0.0,66.7,0,0,0,,2,1,1.0,6
Mathieu Kamba,Calgary Surge,2024-2025,offense,Play types,Long/3pt,5,Open,Transition > Right Wing > No Dribble Jumper > Open > Long/3pt,Transition,Right Wing,No Dribble Jumper,Open,Long/3pt,,3,100.0,2.0,100.0,0.0,0.0,3,66.7,,,66.7,,3,100.0,0.0,,,2,1,,3.0,0.0,66.7,0,0,0,,2,1,1.0,6
Mathieu Kamba,Calgary Surge,2024-2025,offense,Play types,Guarded,4,No Dribble Jumper,Transition > Right Wing > No Dribble Jumper > Guarded,Transition,Right Wing,No Dribble Jumper,Guarded,,,3,50.0,2.0,100.0,0.0,0.0,3,66.7,,,66.7,,3,100.0,0.0,,,2,1,,3.0,0.0,66.7,0,0,0,,2,1,1.0,6
Mathieu Kamba,Calgary Surge,2024-2025,offense,Play types,Long/3pt,5,Guarded,Transition > Right Wing > No Dribble Jumper > Guarded > Long/3pt,Transition,Right Wing,No Dribble Jumper,Guarded,Long/3pt,,3,100.0,2.0,100.0,0.0,0.0,3,66.7,,,66.7,,3,100.0,0.0,,,2,1,,3.0,0.0,66.7,0,0,0,,2,1,1.0,6
Mathieu Kamba,Calgary Surge,2024-2025,offense,Play types,Dribble Jumper,3,Right Wing,Transition > Right Wing > Dribble Jumper,Transition,Right Wing,Dribble Jumper,,,,1,5.9,0.0,0.0,0.0,0.0,0,,,,0.0,,1,0.0,0.0,,,0,1,,1.0,0.0,0.0,1,0,1,0.0,0,0,0.0,0
Mathieu Kamba,Calgary Surge,2024-2025,offense,Play types,Medium/17' to 3pt,4,Dribble Jumper,Transition > Right Wing > Dribble Jumper > Medium/17' to 3pt,Transition,Right Wing,Dribble Jumper,Medium/17' to 3pt,,,1,100.0,0.0,0.0,0.0,0.0,0,,,,0.0,,1,0.0,0.0,,,0,1,,1.0,0.0,0.0,1,0,1,0.0,0,0,0.0,0
Mathieu Kamba,Calgary Surge,2024-2025,offense,Play types,Miss 2 Pts,5,Medium/17' to 3pt,Transition > Right Wing > Dribble Jumper > Medium/17' to 3pt > Miss 2 Pts,Transition,Right Wing,Dribble Jumper,Medium/17' to 3pt,Miss 2 Pts,,1,100.0,0.0,0.0,0.0,0.0,0,,,,0.0,,1,0.0,0.0,,,0,1,,1.0,0.0,0.0,1,0,1,0.0,0,0,0.0,0
Mathieu Kamba,Calgary Surge,2024-2025,offense,Play types,Leak Outs,2,Transition,Transition > Leak Outs,Transition,Leak Outs,,,,,7,14.0,1.714,100.0,14.3,0.0,0,,,,100.0,,6,100.0,0.0,,,6,0,,6.0,0.0,85.7,6,6,0,100.0,0,0,0.0,12
Mathieu Kamba,Calgary Surge,2024-2025,offense,Play types,To Basket,3,Leak Outs,Transition > Leak Outs > To Basket,Transition,Leak Outs,To Basket,,,,6,85.7,2.0,100.0,0.0,0.0,0,,,,100.0,,6,100.0,0.0,,,6,0,,6.0,0.0,100.0,6,6,0,100.0,0,0,0.0,12
Mathieu Kamba,Calgary Surge,2024-2025,offense,Play types,Make 2 Pts,4,To Basket,Transition > Leak Outs > To Basket > Make 2 Pts,Transition,Leak Outs,To Basket,Make 2 Pts,,,6,100.0,2.0,100.0,0.0,0.0,0,,,,100.0,,6,100.0,0.0,,,6,0,,6.0,0.0,100.0,6,6,0,100.0,0,0,0.0,12
Mathieu Kamba,Calgary Surge,2024-2025,offense,Play types,Turnover,3,Leak Outs,Transition > Leak Outs > Turnover,Transition,Leak Outs,Turnover,,,,1,14.3,0.0,,100.0,0.0,0,,,,,,0,,0.0,,,0,0,,0.0,,0.0,0,0,0,,0,0,,0
Mathieu Kamba,Calgary Surge,2024-2025,offense,Play types,First Middle,2,Transition,Transition > First Middle,Transition,First Middle,,,,,3,6.0,2.0,104.2,0.0,33.3,0,,,,100.0,,2,100.0,33.3,,,2,0,,2.9,1.0,100.0,2,2,0,100.0,0,0,0.0,6
Mathieu Kamba,Calgary Surge,2024-2025,offense,Play types,To Basket,3,First Middle,Transition > First Middle > To Basket,Transition,First Middle,To Basket,,,,3,100.0,2.0,104.2,0.0,33.3,0,,,,100.0,,2,100.0,33.3,,,2,0,,2.9,1.0,100.0,2,2,0,100.0,0,0,0.0,6
Mathieu Kamba,Calgary Surge,2024-2025,offense,Play types,Make 2 Pts,4,To Basket,Transition > First Middle > To Basket > Make 2 Pts,Transition,First Middle,To Basket,Make 2 Pts,,,2,66.7,2.0,100.0,0.0,0.0,0,,,,100.0,,2,100.0,0.0,,,2,0,,2.0,0.0,100.0,2,2,0,100.0,0,0,0.0,4
Mathieu Kamba,Calgary Surge,2024-2025,offense,Play types,Foul,4,To Basket,Transition > First Middle > To Basket > Foul,Transition,First Middle,To Basket,Foul,,,1,33.3,2.0,113.6,0.0,100.0,0,,,,,,0,,100.0,,,0,0,,0.9,,100.0,0,0,0,,0,0,,2
Mathieu Kamba,Calgary Surge,2024-2025,offense,Play types,Left Wing,2,Transition,Transition > Left Wing,Transition,Left Wing,,,,,3,6.0,2.667,116.3,0.0,33.3,1,100.0,,,100.0,,3,116.7,33.3,,,3,0,,3.4,0.33,100.0,2,2,0,100.0,1,0,0.33,8
Mathieu Kamba,Calgary Surge,2024-2025,offense,Play types,To Basket,3,Left Wing,Transition > Left Wing > To Basket,Transition,Left Wing,To Basket,,,,2,66.7,2.5,102.5,0.0,50.0,0,,,,100.0,,2,100.0,50.0,,,2,0,,2.4,0.5,100.0,2,2,0,100.0,0,0,0.0,5
Mathieu Kamba,Calgary Surge,2024-2025,offense,Play types,Make 2 Pts Foul,4,To Basket,Transition > Left Wing > To Basket > Make 2 Pts Foul,Transition,Left Wing,To Basket,Make 2 Pts Foul,,,1,50.0,3.0,104.2,0.0,100.0,0,,,,100.0,,1,100.0,100.0,,,1,0,,1.4,1.0,100.0,1,1,0,100.0,0,0,0.0,3
Mathieu Kamba,Calgary Surge,2024-2025,offense,Play types,1 Pts,5,Make 2 Pts Foul,Transition > Left Wing > To Basket > Make 2 Pts Foul > 1 Pts,Transition,Left Wing,To Basket,Make 2 Pts Foul,1 Pts,,1,100.0,3.0,104.2,0.0,100.0,0,,,,100.0,,1,100.0,100.0,,,1,0,,1.4,1.0,100.0,1,1,0,100.0,0,0,0.0,3
Mathieu Kamba,Calgary Surge,2024-2025,offense,Play types,Make 2 Pts,4,To Basket,Transition > Left Wing > To Basket > Make 2 Pts,Transition,Left Wing,To Basket,Make 2 Pts,,,1,50.0,2.0,100.0,0.0,0.0,0,,,,100.0,,1,100.0,0.0,,,1,0,,1.0,0.0,100.0,1,1,0,100.0,0,0,0.0,2
Mathieu Kamba,Calgary Surge,2024-2025,offense,Play types,No Dribble Jumper,3,Left Wing,Transition > Left Wing > No Dribble Jumper,Transition,Left Wing,No Dribble Jumper,,,,1,33.3,3.0,150.0,0.0,0.0,1,100.0,,,100.0,,1,150.0,0.0,,,1,0,,1.0,0.0,100.0,0,0,0,,1,0,1.0,3
Mathieu Kamba,Calgary Surge,2024-2025,offense,Play types,Open,4,No Dribble Jumper,Transition > Left Wing > No Dribble Jumper > Open,Transition,Left Wing,No Dribble Jumper,Open,,,1,100.0,3.0,150.0,0.0,0.0,1,100.0,,,100.0,,1,150.0,0.0,,,1,0,,1.0,0.0,100.0,0,0,0,,1,0,1.0,3
Mathieu Kamba,Calgary Surge,2024-2025,offense,Play types,Long/3pt,5,Open,Transition > Left Wing > No Dribble Jumper > Open > Long/3pt,Transition,Left Wing,No Dribble Jumper,Open,Long/3pt,,1,100.0,3.0,150.0,0.0,0.0,1,100.0,,,100.0,,1,150.0,0.0,,,1,0,,1.0,0.0,100.0,0,0,0,,1,0,1.0,3
Mathieu Kamba,Calgary Surge,2024-2025,offense,Play types,Trailer,2,Transition,Transition > Trailer,Transition,Trailer,,,,,2,4.0,0.5,26.6,0.0,50.0,1,0.0,,,0.0,,1,0.0,50.0,,,0,1,,1.9,2.0,50.0,0,0,0,,0,1,1.0,1
Mathieu Kamba,Calgary Surge,2024-2025,offense,Play types,No Dribble Jumper,3,Trailer,Transition > Trailer > No Dribble Jumper,Transition,Trailer,No Dribble Jumper,,,,1,50.0,0.0,0.0,0.0,0.0,1,0.0,,,0.0,,1,0.0,0.0,,,0,1,,1.0,0.0,0.0,0,0,0,,0,1,1.0,0
Mathieu Kamba,Calgary Surge,2024-2025,offense,Play types,Open,4,No Dribble Jumper,Transition > Trailer > No Dribble Jumper > Open,Transition,Trailer,No Dribble Jumper,Open,,,1,100.0,0.0,0.0,0.0,0.0,1,0.0,,,0.0,,1,0.0,0.0,,,0,1,,1.0,0.0,0.0,0,0,0,,0,1,1.0,0
Mathieu Kamba,Calgary Surge,2024-2025,offense,Play types,Long/3pt,5,Open,Transition > Trailer > No Dribble Jumper > Open > Long/3pt,Transition,Trailer,No Dribble Jumper,Open,Long/3pt,,1,100.0,0.0,0.0,0.0,0.0,1,0.0,,,0.0,,1,0.0,0.0,,,0,1,,1.0,0.0,0.0,0,0,0,,0,1,1.0,0
Mathieu Kamba,Calgary Surge,2024-2025,offense,Play types,To Basket,3,Trailer,Transition > Trailer > To Basket,Transition,Trailer,To Basket,,,,1,50.0,1.0,56.8,0.0,100.0,0,,,,,,0,,100.0,,,0,0,,0.9,,100.0,0,0,0,,0,0,,1
Mathieu Kamba,Calgary Surge,2024-2025,offense,Play types,Foul,4,To Basket,Transition > Trailer > To Basket > Foul,Transition,Trailer,To Basket,Foul,,,1,100.0,1.0,56.8,0.0,100.0,0,,,,,,0,,100.0,,,0,0,,0.9,,100.0,0,0,0,,0,0,,1
Mathieu Kamba,Calgary Surge,2024-2025,offense,Play types,Offensive Rebounds (Put Backs),1,,Offensive Rebounds (Put Backs),Offensive Rebounds (Put Backs),,,,,,26,11.3,1.5,74.2,0.0,26.9,1,100.0,Excellent,96.0,71.4,48.0,21,73.8,19.2,,,15,6,,26.3,0.57,76.9,20,14,6,70.0,1,0,0.05,39
Mathieu Kamba,Calgary Surge,2024-2025,offense,Play types,Short,2,Offensive Rebounds (Put Backs),Offensive Rebounds (Put Backs) > Short,Offensive Rebounds (Put Backs),Short,,,,,23,88.5,1.522,74.8,0.0,26.1,0,,,,73.7,,19,73.7,17.4,,,14,5,,23.4,0.53,78.3,19,14,5,73.7,0,0,0.0,35
Mathieu Kamba,Calgary Surge,2024-2025,offense,Play types,Scoring Attempt,3,Short,Offensive Rebounds (Put Backs) > Short > Scoring Attempt,Offensive Rebounds (Put Backs),Short,Scoring Attempt,,,,21,91.3,1.524,73.9,0.0,19.0,0,,,,73.7,,19,73.7,19.0,,,14,5,,21.6,0.32,76.2,19,14,5,73.7,0,0,0.0,32
Mathieu Kamba,Calgary Surge,2024-2025,offense,Play types,At Basket,4,Scoring Attempt,Offensive Rebounds (Put Backs) > Short > Scoring Attempt > At Basket,Offensive Rebounds (Put Backs),Short,Scoring Attempt,At Basket,,,21,100.0,1.524,73.9,0.0,19.0,0,,,,73.7,,19,73.7,19.0,,,14,5,,21.6,0.32,76.2,19,14,5,73.7,0,0,0.0,32
Mathieu Kamba,Calgary Surge,2024-2025,offense,Play types,Make 2 Pts,5,At Basket,Offensive Rebounds (Put Backs) > Short > Scoring Attempt > At Basket > Make 2 Pts,Offensive Rebounds (Put Backs),Short,Scoring Attempt,At Basket,Make 2 Pts,,12,57.1,2.0,100.0,0.0,0.0,0,,,,100.0,,12,100.0,0.0,,,12,0,,12.0,0.0,100.0,12,12,0,100.0,0,0,0.0,24
Mathieu Kamba,Calgary Surge,2024-2025,offense,Play types,Miss 2 Pts,5,At Basket,Offensive Rebounds (Put Backs) > Short > Scoring Attempt > At Basket > Miss 2 Pts,Offensive Rebounds (Put Backs),Short,Scoring Attempt,At Basket,Miss 2 Pts,,5,23.8,0.0,0.0,0.0,0.0,0,,,,0.0,,5,0.0,0.0,,,0,5,,5.0,0.0,0.0,5,0,5,0.0,0,0,0.0,0
Mathieu Kamba,Calgary Surge,2024-2025,offense,Play types,Make 2 Pts Foul,5,At Basket,Offensive Rebounds (Put Backs) > Short > Scoring Attempt > At Basket > Make 2 Pts Foul,Offensive Rebounds (Put Backs),Short,Scoring Attempt,At Basket,Make 2 Pts Foul,,2,9.5,3.0,104.2,0.0,100.0,0,,,,100.0,,2,100.0,100.0,,,2,0,,2.9,1.0,100.0,2,2,0,100.0,0,0,0.0,6
Mathieu Kamba,Calgary Surge,2024-2025,offense,Play types,Foul,5,At Basket,Offensive Rebounds (Put Backs) > Short > Scoring Attempt > At Basket > Foul,Offensive Rebounds (Put Backs),Short,Scoring Attempt,At Basket,Foul,,2,9.5,1.0,56.8,0.0,100.0,0,,,,,,0,,100.0,,,0,0,,1.8,,100.0,0,0,0,,0,0,,2
Mathieu Kamba,Calgary Surge,2024-2025,offense,Play types,Foul,3,Short,Offensive Rebounds (Put Backs) > Short > Foul,Offensive Rebounds (Put Backs),Short,Foul,,,,2,8.7,1.5,85.2,0.0,100.0,0,,,,,,0,,0.0,,,0,0,,1.8,,100.0,0,0,0,,0,0,,3
Mathieu Kamba,Calgary Surge,2024-2025,offense,Play types,Long,2,Offensive Rebounds (Put Backs),Offensive Rebounds (Put Backs) > Long,Offensive Rebounds (Put Backs),Long,,,,,3,11.5,1.333,69.4,0.0,33.3,1,100.0,,,50.0,,2,75.0,33.3,,,1,1,,2.9,1.0,66.7,1,0,1,0.0,1,0,0.5,4
Mathieu Kamba,Calgary Surge,2024-2025,offense,Play types,Scoring Attempt,3,Long,Offensive Rebounds (Put Backs) > Long > Scoring Attempt,Offensive Rebounds (Put Backs),Long,Scoring Attempt,,,,3,100.0,1.333,69.4,0.0,33.3,1,100.0,,,50.0,,2,75.0,33.3,,,1,1,,2.9,1.0,66.7,1,0,1,0.0,1,0,0.5,4
Mathieu Kamba,Calgary Surge,2024-2025,offense,Play types,At Basket,4,Scoring Attempt,Offensive Rebounds (Put Backs) > Long > Scoring Attempt > At Basket,Offensive Rebounds (Put Backs),Long,Scoring Attempt,At Basket,,,2,66.7,0.5,26.6,0.0,50.0,0,,,,0.0,,1,0.0,50.0,,,0,1,,1.9,2.0,50.0,1,0,1,0.0,0,0,0.0,1
Mathieu Kamba,Calgary Surge,2024-2025,offense,Play types,Miss 2 Pts,5,At Basket,Offensive Rebounds (Put Backs) > Long > Scoring Attempt > At Basket > Miss 2 Pts,Offensive Rebounds (Put Backs),Long,Scoring Attempt,At Basket,Miss 2 Pts,,1,50.0,0.0,0.0,0.0,0.0,0,,,,0.0,,1,0.0,0.0,,,0,1,,1.0,0.0,0.0,1,0,1,0.0,0,0,0.0,0
Mathieu Kamba,Calgary Surge,2024-2025,offense,Play types,Foul,5,At Basket,Offensive Rebounds (Put Backs) > Long > Scoring Attempt > At Basket > Foul,Offensive Rebounds (Put Backs),Long,Scoring Attempt,At Basket,Foul,,1,50.0,1.0,56.8,0.0,100.0,0,,,,,,0,,100.0,,,0,0,,0.9,,100.0,0,0,0,,0,0,,1
Mathieu Kamba,Calgary Surge,2024-2025,offense,Play types,Long/3pt,4,Scoring Attempt,Offensive Rebounds (Put Backs) > Long > Scoring Attempt > Long/3pt,Offensive Rebounds (Put Backs),Long,Scoring Attempt,Long/3pt,,,1,33.3,3.0,150.0,0.0,0.0,1,100.0,,,100.0,,1,150.0,0.0,,,1,0,,1.0,0.0,100.0,0,0,0,,1,0,1.0,3
Mathieu Kamba,Calgary Surge,2024-2025,offense,Play types,Make 3 Pts,5,Long/3pt,Offensive Rebounds (Put Backs) > Long > Scoring Attempt > Long/3pt > Make 3 Pts,Offensive Rebounds (Put Backs),Long,Scoring Attempt,Long/3pt,Make 3 Pts,,1,100.0,3.0,150.0,0.0,0.0,1,100.0,,,100.0,,1,150.0,0.0,,,1,0,,1.0,0.0,100.0,0,0,0,,1,0,1.0,3
Mathieu Kamba,Calgary Surge,2024-2025,offense,Play types,Off Screen,1,,Off Screen,Off Screen,,,,,,20,8.7,0.95,47.8,0.0,5.0,17,29.4,Good,62.0,31.6,71.0,19,44.7,5.0,,,6,13,,19.9,0.11,35.0,2,1,1,50.0,5,12,0.89,19
Mathieu Kamba,Calgary Surge,2024-2025,offense,Play types,To Shooter's Left,2,Off Screen,Off Screen > To Shooter's Left,Off Screen,To Shooter's Left,,,,,12,60.0,1.083,54.7,0.0,8.3,10,30.0,,,36.4,,11,50.0,8.3,,,4,7,,11.9,0.18,41.7,1,1,0,100.0,3,7,0.91,13
Mathieu Kamba,Calgary Surge,2024-2025,offense,Play types,Straight,3,To Shooter's Left,Off Screen > To Shooter's Left > Straight,Off Screen,To Shooter's Left,Straight,,,,11,91.7,1.0,50.6,0.0,9.1,10,30.0,,,30.0,,10,45.0,9.1,,,3,7,,10.9,0.2,36.4,0,0,0,,3,7,1.0,11
Mathieu Kamba,Calgary Surge,2024-2025,offense,Play types,No Dribble Jumper,4,Straight,Off Screen > To Shooter's Left > Straight > No Dribble Jumper,Off Screen,To Shooter's Left,Straight,No Dribble Jumper,,,10,90.9,0.9,45.0,0.0,0.0,10,30.0,,,30.0,,10,45.0,0.0,,,3,7,,10.0,0.0,30.0,0,0,0,,3,7,1.0,9
Mathieu Kamba,Calgary Surge,2024-2025,offense,Play types,Open,5,No Dribble Jumper,Off Screen > To Shooter's Left > Straight > No Dribble Jumper > Open,Off Screen,To Shooter's Left,Straight,No Dribble Jumper,Open,,7,70.0,0.857,42.9,0.0,0.0,7,28.6,,,28.6,,7,42.9,0.0,,,2,5,,7.0,0.0,28.6,0,0,0,,2,5,1.0,6
Mathieu Kamba,Calgary Surge,2024-2025,offense,Play types,Guarded,5,No Dribble Jumper,Off Screen > To Shooter's Left > Straight > No Dribble Jumper > Guarded,Off Screen,To Shooter's Left,Straight,No Dribble Jumper,Guarded,,3,30.0,1.0,50.0,0.0,0.0,3,33.3,,,33.3,,3,50.0,0.0,,,1,2,,3.0,0.0,33.3,0,0,0,,1,2,1.0,3
Mathieu Kamba,Calgary Surge,2024-2025,offense,Play types,Dribble Jumper,4,Straight,Off Screen > To Shooter's Left > Straight > Dribble Jumper,Off Screen,To Shooter's Left,Straight,Dribble Jumper,,,1,9.1,2.0,113.6,0.0,100.0,0,,,,,,0,,100.0,,,0,0,,0.9,,100.0,0,0,0,,0,0,,2
Mathieu Kamba,Calgary Surge,2024-2025,offense,Play types,Short to < 17,5,Dribble Jumper,Off Screen > To Shooter's Left > Straight > Dribble Jumper > Short to < 17,Off Screen,To Shooter's Left,Straight,Dribble Jumper,Short to < 17,,1,100.0,2.0,113.6,0.0,100.0,0,,,,,,0,,100.0,,,0,0,,0.9,,100.0,0,0,0,,0,0,,2
Mathieu Kamba,Calgary Surge,2024-2025,offense,Play types,Flare,3,To Shooter's Left,Off Screen > To Shooter's Left > Flare,Off Screen,To Shooter's Left,Flare,,,,1,8.3,2.0,100.0,0.0,0.0,0,,,,100.0,,1,100.0,0.0,,,1,0,,1.0,0.0,100.0,1,1,0,100.0,0,0,0.0,2
Mathieu Kamba,Calgary Surge,2024-2025,offense,Play types,No Dribble Jumper,4,Flare,Off Screen > To Shooter's Left > Flare > No Dribble Jumper,Off Screen,To Shooter's Left,Flare,No Dribble Jumper,,,1,100.0,2.0,100.0,0.0,0.0,0,,,,100.0,,1,100.0,0.0,,,1,0,,1.0,0.0,100.0,1,1,0,100.0,0,0,0.0,2
Mathieu Kamba,Calgary Surge,2024-2025,offense,Play types,Open,5,No Dribble Jumper,Off Screen > To Shooter's Left > Flare > No Dribble Jumper > Open,Off Screen,To Shooter's Left,Flare,No Dribble Jumper,Open,,1,100.0,2.0,100.0,0.0,0.0,0,,,,100.0,,1,100.0,0.0,,,1,0,,1.0,0.0,100.0,1,1,0,100.0,0,0,0.0,2
Mathieu Kamba,Calgary Surge,2024-2025,offense,Play types,To Shooter's Right,2,Off Screen,Off Screen > To Shooter's Right,Off Screen,To Shooter's Right,,,,,8,40.0,0.75,37.5,0.0,0.0,7,28.6,,,25.0,,8,37.5,0.0,,,2,6,,8.0,0.0,25.0,1,0,1,0.0,2,5,0.88,6
Mathieu Kamba,Calgary Surge,2024-2025,offense,Play types,Straight,3,To Shooter's Right,Off Screen > To Shooter's Right > Straight,Off Screen,To Shooter's Right,Straight,,,,7,87.5,0.429,21.4,0.0,0.0,6,16.7,,,14.3,,7,21.4,0.0,,,1,6,,7.0,0.0,14.3,1,0,1,0.0,1,5,0.86,3
Mathieu Kamba,Calgary Surge,2024-2025,offense,Play types,No Dribble Jumper,4,Straight,Off Screen > To Shooter's Right > Straight > No Dribble Jumper,Off Screen,To Shooter's Right,Straight,No Dribble Jumper,,,7,100.0,0.429,21.4,0.0,0.0,6,16.7,,,14.3,,7,21.4,0.0,,,1,6,,7.0,0.0,14.3,1,0,1,0.0,1,5,0.86,3
Mathieu Kamba,Calgary Surge,2024-2025,offense,Play types,Guarded,5,No Dribble Jumper,Off Screen > To Shooter's Right > Straight > No Dribble Jumper > Guarded,Off Screen,To Shooter's Right,Straight,No Dribble Jumper,Guarded,,4,57.1,0.0,0.0,0.0,0.0,3,0.0,,,0.0,,4,0.0,0.0,,,0,4,,4.0,0.0,0.0,1,0,1,0.0,0,3,0.75,0
Mathieu Kamba,Calgary Surge,2024-2025,offense,Play types,Open,5,No Dribble Jumper,Off Screen > To Shooter's Right > Straight > No Dribble Jumper > Open,Off Screen,To Shooter's Right,Straight,No Dribble Jumper,Open,,3,42.9,1.0,50.0,0.0,0.0,3,33.3,,,33.3,,3,50.0,0.0,,,1,2,,3.0,0.0,33.3,0,0,0,,1,2,1.0,3
Mathieu Kamba,Calgary Surge,2024-2025,offense,Play types,Flare,3,To Shooter's Right,Off Screen > To Shooter's Right > Flare,Off Screen,To Shooter's Right,Flare,,,,1,12.5,3.0,150.0,0.0,0.0,1,100.0,,,100.0,,1,150.0,0.0,,,1,0,,1.0,0.0,100.0,0,0,0,,1,0,1.0,3
Mathieu Kamba,Calgary Surge,2024-2025,offense,Play types,No Dribble Jumper,4,Flare,Off Screen > To Shooter's Right > Flare > No Dribble Jumper,Off Screen,To Shooter's Right,Flare,No Dribble Jumper,,,1,100.0,3.0,150.0,0.0,0.0,1,100.0,,,100.0,,1,150.0,0.0,,,1,0,,1.0,0.0,100.0,0,0,0,,1,0,1.0,3
Mathieu Kamba,Calgary Surge,2024-2025,offense,Play types,Open,5,No Dribble Jumper,Off Screen > To Shooter's Right > Flare > No Dribble Jumper > Open,Off Screen,To Shooter's Right,Flare,No Dribble Jumper,Open,,1,100.0,3.0,150.0,0.0,0.0,1,100.0,,,100.0,,1,150.0,0.0,,,1,0,,1.0,0.0,100.0,0,0,0,,1,0,1.0,3
Mathieu Kamba,Calgary Surge,2024-2025,offense,Play types,Cut,1,,Cut,Cut,,,,,,19,8.2,1.368,75.8,5.3,36.8,0,,Very Good,82.0,81.8,33.0,11,81.8,31.6,,,9,2,,17.2,1.27,78.9,11,9,2,81.8,0,0,0.0,26
Mathieu Kamba,Calgary Surge,2024-2025,offense,Play types,Basket,2,Cut,Cut > Basket,Cut,Basket,,,,,19,100.0,1.368,75.8,5.3,36.8,0,,,,81.8,,11,81.8,31.6,,,9,2,,17.2,1.27,78.9,11,9,2,81.8,0,0,0.0,26
Mathieu Kamba,Calgary Surge,2024-2025,offense,Play types,Make 2 Pts,3,Basket,Cut > Basket > Make 2 Pts,Cut,Basket,Make 2 Pts,,,,9,47.4,2.0,100.0,0.0,0.0,0,,,,100.0,,9,100.0,0.0,,,9,0,,9.0,0.0,100.0,9,9,0,100.0,0,0,0.0,18
Mathieu Kamba,Calgary Surge,2024-2025,offense,Play types,Foul,3,Basket,Cut > Basket > Foul,Cut,Basket,Foul,,,,7,36.8,1.143,64.9,0.0,100.0,0,,,,,,0,,85.7,,,0,0,,6.2,,85.7,0,0,0,,0,0,,8
Mathieu Kamba,Calgary Surge,2024-2025,offense,Play types,Miss 2 Pts,3,Basket,Cut > Basket > Miss 2 Pts,Cut,Basket,Miss 2 Pts,,,,2,10.5,0.0,0.0,0.0,0.0,0,,,,0.0,,2,0.0,0.0,,,0,2,,2.0,0.0,0.0,2,0,2,0.0,0,0,0.0,0
Mathieu Kamba,Calgary Surge,2024-2025,offense,Play types,Turnover,3,Basket,Cut > Basket > Turnover,Cut,Basket,Turnover,,,,1,5.3,0.0,,100.0,0.0,0,,,,,,0,,0.0,,,0,0,,0.0,,0.0,0,0,0,,0,0,,0
Mathieu Kamba,Calgary Surge,2024-2025,offense,Play types,Handoffs,1,,Handoffs,Handoffs,,,,,,17,7.4,1.706,96.7,11.8,0.0,13,69.2,Excellent,97.0,66.7,69.0,15,96.7,0.0,,,10,5,,15.0,0.0,58.8,2,1,1,50.0,9,4,0.87,29
Mathieu Kamba,Calgary Surge,2024-2025,offense,Play types,From Dribble,2,Handoffs,Handoffs > From Dribble,Handoffs,From Dribble,,,,,18,105.9,1.611,90.6,11.1,0.0,14,64.3,,,62.5,,16,90.6,0.0,,,10,6,,16.0,0.0,55.6,2,1,1,50.0,9,5,0.88,29
Mathieu Kamba,Calgary Surge,2024-2025,offense,Play types,Right,3,From Dribble,Handoffs > From Dribble > Right,Handoffs,From Dribble,Right,,,,8,44.4,1.75,87.5,0.0,0.0,7,57.1,,,62.5,,8,87.5,0.0,,,5,3,,8.0,0.0,62.5,1,1,0,100.0,4,3,0.88,14
Mathieu Kamba,Calgary Surge,2024-2025,offense,Play types,No Dribble Jumper,4,Right,Handoffs > From Dribble > Right > No Dribble Jumper,Handoffs,From Dribble,Right,No Dribble Jumper,,,4,50.0,2.25,112.5,0.0,0.0,4,75.0,,,75.0,,4,112.5,0.0,,,3,1,,4.0,0.0,75.0,0,0,0,,3,1,1.0,9
Mathieu Kamba,Calgary Surge,2024-2025,offense,Play types,Guarded,5,No Dribble Jumper,Handoffs > From Dribble > Right > No Dribble Jumper > Guarded,Handoffs,From Dribble,Right,No Dribble Jumper,Guarded,,3,75.0,2.0,100.0,0.0,0.0,3,66.7,,,66.7,,3,100.0,0.0,,,2,1,,3.0,0.0,66.7,0,0,0,,2,1,1.0,6
Mathieu Kamba,Calgary Surge,2024-2025,offense,Play types,Open,5,No Dribble Jumper,Handoffs > From Dribble > Right > No Dribble Jumper > Open,Handoffs,From Dribble,Right,No Dribble Jumper,Open,,1,25.0,3.0,150.0,0.0,0.0,1,100.0,,,100.0,,1,150.0,0.0,,,1,0,,1.0,0.0,100.0,0,0,0,,1,0,1.0,3
Mathieu Kamba,Calgary Surge,2024-2025,offense,Play types,Dribble Jumper,4,Right,Handoffs > From Dribble > Right > Dribble Jumper,Handoffs,From Dribble,Right,Dribble Jumper,,,3,37.5,1.0,50.0,0.0,0.0,3,33.3,,,33.3,,3,50.0,0.0,,,1,2,,3.0,0.0,33.3,0,0,0,,1,2,1.0,3
Mathieu Kamba,Calgary Surge,2024-2025,offense,Play types,Long/3pt,5,Dribble Jumper,Handoffs > From Dribble > Right > Dribble Jumper > Long/3pt,Handoffs,From Dribble,Right,Dribble Jumper,Long/3pt,,3,100.0,1.0,50.0,0.0,0.0,3,33.3,,,33.3,,3,50.0,0.0,,,1,2,,3.0,0.0,33.3,0,0,0,,1,2,1.0,3
Mathieu Kamba,Calgary Surge,2024-2025,offense,Play types,To Basket,4,Right,Handoffs > From Dribble > Right > To Basket,Handoffs,From Dribble,Right,To Basket,,,1,12.5,2.0,100.0,0.0,0.0,0,,,,100.0,,1,100.0,0.0,,,1,0,,1.0,0.0,100.0,1,1,0,100.0,0,0,0.0,2
Mathieu Kamba,Calgary Surge,2024-2025,offense,Play types,Make 2 Pts,5,To Basket,Handoffs > From Dribble > Right > To Basket > Make 2 Pts,Handoffs,From Dribble,Right,To Basket,Make 2 Pts,,1,100.0,2.0,100.0,0.0,0.0,0,,,,100.0,,1,100.0,0.0,,,1,0,,1.0,0.0,100.0,1,1,0,100.0,0,0,0.0,2
Mathieu Kamba,Calgary Surge,2024-2025,offense,Play types,Top,3,From Dribble,Handoffs > From Dribble > Top,Handoffs,From Dribble,Top,,,,6,33.3,2.0,150.0,33.3,0.0,4,100.0,,,100.0,,4,150.0,0.0,,,4,0,,4.0,0.0,66.7,0,0,0,,4,0,1.0,12
Mathieu Kamba,Calgary Surge,2024-2025,offense,Play types,No Dribble Jumper,4,Top,Handoffs > From Dribble > Top > No Dribble Jumper,Handoffs,From Dribble,Top,No Dribble Jumper,,,4,66.7,3.0,150.0,0.0,0.0,4,100.0,,,100.0,,4,150.0,0.0,,,4,0,,4.0,0.0,100.0,0,0,0,,4,0,1.0,12
Mathieu Kamba,Calgary Surge,2024-2025,offense,Play types,Guarded,5,No Dribble Jumper,Handoffs > From Dribble > Top > No Dribble Jumper > Guarded,Handoffs,From Dribble,Top,No Dribble Jumper,Guarded,,3,75.0,3.0,150.0,0.0,0.0,3,100.0,,,100.0,,3,150.0,0.0,,,3,0,,3.0,0.0,100.0,0,0,0,,3,0,1.0,9
Mathieu Kamba,Calgary Surge,2024-2025,offense,Play types,Open,5,No Dribble Jumper,Handoffs > From Dribble > Top > No Dribble Jumper > Open,Handoffs,From Dribble,Top,No Dribble Jumper,Open,,1,25.0,3.0,150.0,0.0,0.0,1,100.0,,,100.0,,1,150.0,0.0,,,1,0,,1.0,0.0,100.0,0,0,0,,1,0,1.0,3
Mathieu Kamba,Calgary Surge,2024-2025,offense,Play types,Turnover,4,Top,Handoffs > From Dribble > Top > Turnover,Handoffs,From Dribble,Top,Turnover,,,1,16.7,0.0,,100.0,0.0,0,,,,,,0,,0.0,,,0,0,,0.0,,0.0,0,0,0,,0,0,,0
Mathieu Kamba,Calgary Surge,2024-2025,offense,Play types,To Basket,4,Top,Handoffs > From Dribble > Top > To Basket,Handoffs,From Dribble,Top,To Basket,,,1,16.7,0.0,,100.0,0.0,0,,,,,,0,,0.0,,,0,0,,0.0,,0.0,0,0,0,,0,0,,0
Mathieu Kamba,Calgary Surge,2024-2025,offense,Play types,Turnover,5,To Basket,Handoffs > From Dribble > Top > To Basket > Turnover,Handoffs,From Dribble,Top,To Basket,Turnover,,1,100.0,0.0,,100.0,0.0,0,,,,,,0,,0.0,,,0,0,,0.0,,0.0,0,0,0,,0,0,,0
Mathieu Kamba,Calgary Surge,2024-2025,offense,Play types,Left,3,From Dribble,Handoffs > From Dribble > Left,Handoffs,From Dribble,Left,,,,4,22.2,0.75,37.5,0.0,0.0,3,33.3,,,25.0,,4,37.5,0.0,,,1,3,,4.0,0.0,25.0,1,0,1,0.0,1,2,0.75,3
Mathieu Kamba,Calgary Surge,2024-2025,offense,Play types,No Dribble Jumper,4,Left,Handoffs > From Dribble > Left > No Dribble Jumper,Handoffs,From Dribble,Left,No Dribble Jumper,,,3,75.0,1.0,50.0,0.0,0.0,3,33.3,,,33.3,,3,50.0,0.0,,,1,2,,3.0,0.0,33.3,0,0,0,,1,2,1.0,3
Mathieu Kamba,Calgary Surge,2024-2025,offense,Play types,Open,5,No Dribble Jumper,Handoffs > From Dribble > Left > No Dribble Jumper > Open,Handoffs,From Dribble,Left,No Dribble Jumper,Open,,2,66.7,1.5,75.0,0.0,0.0,2,50.0,,,50.0,,2,75.0,0.0,,,1,1,,2.0,0.0,50.0,0,0,0,,1,1,1.0,3
Mathieu Kamba,Calgary Surge,2024-2025,offense,Play types,Guarded,5,No Dribble Jumper,Handoffs > From Dribble > Left > No Dribble Jumper > Guarded,Handoffs,From Dribble,Left,No Dribble Jumper,Guarded,,1,33.3,0.0,0.0,0.0,0.0,1,0.0,,,0.0,,1,0.0,0.0,,,0,1,,1.0,0.0,0.0,0,0,0,,0,1,1.0,0
Mathieu Kamba,Calgary Surge,2024-2025,offense,Play types,Dribble Jumper,4,Left,Handoffs > From Dribble > Left > Dribble Jumper,Handoffs,From Dribble,Left,Dribble Jumper,,,1,25.0,0.0,0.0,0.0,0.0,0,,,,0.0,,1,0.0,0.0,,,0,1,,1.0,0.0,0.0,1,0,1,0.0,0,0,0.0,0
Mathieu Kamba,Calgary Surge,2024-2025,offense,Play types,Medium/17' to 3pt,5,Dribble Jumper,Handoffs > From Dribble > Left > Dribble Jumper > Medium/17' to 3pt,Handoffs,From Dribble,Left,Dribble Jumper,Medium/17' to 3pt,,1,100.0,0.0,0.0,0.0,0.0,0,,,,0.0,,1,0.0,0.0,,,0,1,,1.0,0.0,0.0,1,0,1,0.0,0,0,0.0,0
Mathieu Kamba,Calgary Surge,2024-2025,offense,Play types,Miscellaneous Plays,1,,Miscellaneous Plays,Miscellaneous Plays,,,,,,13,5.6,0.462,43.6,46.2,7.7,2,0.0,Good,62.0,33.3,41.0,6,33.3,0.0,,,2,4,,6.9,0.33,23.1,4,2,2,50.0,0,2,0.33,6
Mathieu Kamba,Calgary Surge,2024-2025,offense,Play types,Turnover,2,Miscellaneous Plays,Miscellaneous Plays > Turnover,Miscellaneous Plays,Turnover,,,,,6,46.2,0.0,,100.0,0.0,0,,,,,,0,,0.0,,,0,0,,0.0,,0.0,0,0,0,,0,0,,0
Mathieu Kamba,Calgary Surge,2024-2025,offense,Play types,No Dribble Jumper,2,Miscellaneous Plays,Miscellaneous Plays > No Dribble Jumper,Miscellaneous Plays,No Dribble Jumper,,,,,3,23.1,0.0,0.0,0.0,0.0,2,0.0,,,0.0,,3,0.0,0.0,,,0,3,,3.0,0.0,0.0,1,0,1,0.0,0,2,0.67,0
Mathieu Kamba,Calgary Surge,2024-2025,offense,Play types,Open,3,No Dribble Jumper,Miscellaneous Plays > No Dribble Jumper > Open,Miscellaneous Plays,No Dribble Jumper,Open,,,,2,66.7,0.0,0.0,0.0,0.0,1,0.0,,,0.0,,2,0.0,0.0,,,0,2,,2.0,0.0,0.0,1,0,1,0.0,0,1,0.5,0
Mathieu Kamba,Calgary Surge,2024-2025,offense,Play types,Long/3pt,4,Open,Miscellaneous Plays > No Dribble Jumper > Open > Long/3pt,Miscellaneous Plays,No Dribble Jumper,Open,Long/3pt,,,1,50.0,0.0,0.0,0.0,0.0,1,0.0,,,0.0,,1,0.0,0.0,,,0,1,,1.0,0.0,0.0,0,0,0,,0,1,1.0,0
Mathieu Kamba,Calgary Surge,2024-2025,offense,Play types,Miss 3 Pts,5,Long/3pt,Miscellaneous Plays > No Dribble Jumper > Open > Long/3pt > Miss 3 Pts,Miscellaneous Plays,No Dribble Jumper,Open,Long/3pt,Miss 3 Pts,,1,100.0,0.0,0.0,0.0,0.0,1,0.0,,,0.0,,1,0.0,0.0,,,0,1,,1.0,0.0,0.0,0,0,0,,0,1,1.0,0
Mathieu Kamba,Calgary Surge,2024-2025,offense,Play types,Medium/17' to 3pt,4,Open,Miscellaneous Plays > No Dribble Jumper > Open > Medium/17' to 3pt,Miscellaneous Plays,No Dribble Jumper,Open,Medium/17' to 3pt,,,1,50.0,0.0,0.0,0.0,0.0,0,,,,0.0,,1,0.0,0.0,,,0,1,,1.0,0.0,0.0,1,0,1,0.0,0,0,0.0,0
Mathieu Kamba,Calgary Surge,2024-2025,offense,Play types,Miss 2 Pts,5,Medium/17' to 3pt,Miscellaneous Plays > No Dribble Jumper > Open > Medium/17' to 3pt > Miss 2 Pts,Miscellaneous Plays,No Dribble Jumper,Open,Medium/17' to 3pt,Miss 2 Pts,,1,100.0,0.0,0.0,0.0,0.0,0,,,,0.0,,1,0.0,0.0,,,0,1,,1.0,0.0,0.0,1,0,1,0.0,0,0,0.0,0
Mathieu Kamba,Calgary Surge,2024-2025,offense,Play types,Guarded,3,No Dribble Jumper,Miscellaneous Plays > No Dribble Jumper > Guarded,Miscellaneous Plays,No Dribble Jumper,Guarded,,,,1,33.3,0.0,0.0,0.0,0.0,1,0.0,,,0.0,,1,0.0,0.0,,,0,1,,1.0,0.0,0.0,0,0,0,,0,1,1.0,0
Mathieu Kamba,Calgary Surge,2024-2025,offense,Play types,Long/3pt,4,Guarded,Miscellaneous Plays > No Dribble Jumper > Guarded > Long/3pt,Miscellaneous Plays,No Dribble Jumper,Guarded,Long/3pt,,,1,100.0,0.0,0.0,0.0,0.0,1,0.0,,,0.0,,1,0.0,0.0,,,0,1,,1.0,0.0,0.0,0,0,0,,0,1,1.0,0
Mathieu Kamba,Calgary Surge,2024-2025,offense,Play types,Miss 3 Pts,5,Long/3pt,Miscellaneous Plays > No Dribble Jumper > Guarded > Long/3pt > Miss 3 Pts,Miscellaneous Plays,No Dribble Jumper,Guarded,Long/3pt,Miss 3 Pts,,1,100.0,0.0,0.0,0.0,0.0,1,0.0,,,0.0,,1,0.0,0.0,,,0,1,,1.0,0.0,0.0,0,0,0,,0,1,1.0,0
Mathieu Kamba,Calgary Surge,2024-2025,offense,Play types,To Basket,2,Miscellaneous Plays,Miscellaneous Plays > To Basket,Miscellaneous Plays,To Basket,,,,,2,15.4,1.0,50.0,0.0,0.0,0,,,,50.0,,2,50.0,0.0,,,1,1,,2.0,0.0,50.0,2,1,1,50.0,0,0,0.0,2
Mathieu Kamba,Calgary Surge,2024-2025,offense,Play types,Make 2 Pts,3,To Basket,Miscellaneous Plays > To Basket > Make 2 Pts,Miscellaneous Plays,To Basket,Make 2 Pts,,,,1,50.0,2.0,100.0,0.0,0.0,0,,,,100.0,,1,100.0,0.0,,,1,0,,1.0,0.0,100.0,1,1,0,100.0,0,0,0.0,2
Mathieu Kamba,Calgary Surge,2024-2025,offense,Play types,Miss 2 Pts,3,To Basket,Miscellaneous Plays > To Basket > Miss 2 Pts,Miscellaneous Plays,To Basket,Miss 2 Pts,,,,1,50.0,0.0,0.0,0.0,0.0,0,,,,0.0,,1,0.0,0.0,,,0,1,,1.0,0.0,0.0,1,0,1,0.0,0,0,0.0,0
Mathieu Kamba,Calgary Surge,2024-2025,offense,Play types,Foul,2,Miscellaneous Plays,Miscellaneous Plays > Foul,Miscellaneous Plays,Foul,,,,,1,7.7,2.0,113.6,0.0,100.0,0,,,,,,0,,0.0,,,0,0,,0.9,,100.0,0,0,0,,0,0,,2
Mathieu Kamba,Calgary Surge,2024-2025,offense,Play types,Dribble Jumper,2,Miscellaneous Plays,Miscellaneous Plays > Dribble Jumper,Miscellaneous Plays,Dribble Jumper,,,,,1,7.7,2.0,100.0,0.0,0.0,0,,,,100.0,,1,100.0,0.0,,,1,0,,1.0,0.0,100.0,1,1,0,100.0,0,0,0.0,2
Mathieu Kamba,Calgary Surge,2024-2025,offense,Play types,Short to < 17,3,Dribble Jumper,Miscellaneous Plays > Dribble Jumper > Short to < 17,Miscellaneous Plays,Dribble Jumper,Short to < 17,,,,1,100.0,2.0,100.0,0.0,0.0,0,,,,100.0,,1,100.0,0.0,,,1,0,,1.0,0.0,100.0,1,1,0,100.0,0,0,0.0,2
Mathieu Kamba,Calgary Surge,2024-2025,offense,Play types,Make 2 Pts,4,Short to < 17,Miscellaneous Plays > Dribble Jumper > Short to < 17 > Make 2 Pts,Miscellaneous Plays,Dribble Jumper,Short to < 17,Make 2 Pts,,,1,100.0,2.0,100.0,0.0,0.0,0,,,,100.0,,1,100.0,0.0,,,1,0,,1.0,0.0,100.0,1,1,0,100.0,0,0,0.0,2
Mathieu Kamba,Calgary Surge,2024-2025,offense,Play types,P&R Ball Handler,1,,P&R Ball Handler,P&R Ball Handler,,,,,,8,3.5,1.0,90.1,50.0,12.5,1,100.0,,,75.0,,4,87.5,12.5,,,3,1,,4.4,0.25,37.5,3,2,1,66.7,1,0,0.25,8
Mathieu Kamba,Calgary Surge,2024-2025,offense,Play types,P&R Ball Handler - Overall,2,P&R Ball Handler,P&R Ball Handler > P&R Ball Handler - Overall,P&R Ball Handler,P&R Ball Handler - Overall,,,,,8,100.0,1.0,90.1,50.0,12.5,1,100.0,,,75.0,,4,87.5,12.5,,,3,1,,4.4,0.25,37.5,3,2,1,66.7,1,0,0.25,8
Mathieu Kamba,Calgary Surge,2024-2025,offense,Play types,Dribble Off Pick,3,P&R Ball Handler - Overall,P&R Ball Handler > P&R Ball Handler - Overall > Dribble Off Pick,P&R Ball Handler,P&R Ball Handler - Overall,Dribble Off Pick,,,,6,75.0,0.833,102.5,66.7,16.7,0,,,,100.0,,2,100.0,16.7,,,2,0,,2.4,0.5,33.3,2,2,0,100.0,0,0,0.0,5
Mathieu Kamba,Calgary Surge,2024-2025,offense,Play types,Go Away from Pick,3,P&R Ball Handler - Overall,P&R Ball Handler > P&R Ball Handler - Overall > Go Away from Pick,P&R Ball Handler,P&R Ball Handler - Overall,Go Away from Pick,,,,1,12.5,0.0,0.0,0.0,0.0,0,,,,0.0,,1,0.0,0.0,,,0,1,,1.0,0.0,0.0,1,0,1,0.0,0,0,0.0,0
Mathieu Kamba,Calgary Surge,2024-2025,offense,Play types,Takes Early Jump Shot,3,P&R Ball Handler - Overall,P&R Ball Handler > P&R Ball Handler - Overall > Takes Early Jump Shot,P&R Ball Handler,P&R Ball Handler - Overall,Takes Early Jump Shot,,,,1,12.5,3.0,150.0,0.0,0.0,1,100.0,,,100.0,,1,150.0,0.0,,,1,0,,1.0,0.0,100.0,0,0,0,,1,0,1.0,3
Mathieu Kamba,Calgary Surge,2024-2025,offense,Play types,High P&R,2,P&R Ball Handler,P&R Ball Handler > High P&R,P&R Ball Handler,High P&R,,,,,4,50.0,1.25,102.5,50.0,25.0,0,,,,100.0,,2,100.0,25.0,,,2,0,,2.4,0.5,50.0,2,2,0,100.0,0,0,0.0,5
Mathieu Kamba,Calgary Surge,2024-2025,offense,Play types,Dribble Off Pick,3,High P&R,P&R Ball Handler > High P&R > Dribble Off Pick,P&R Ball Handler,High P&R,Dribble Off Pick,,,,4,100.0,1.25,102.5,50.0,25.0,0,,,,100.0,,2,100.0,25.0,,,2,0,,2.4,0.5,50.0,2,2,0,100.0,0,0,0.0,5
Mathieu Kamba,Calgary Surge,2024-2025,offense,Play types,To Basket,4,Dribble Off Pick,P&R Ball Handler > High P&R > Dribble Off Pick > To Basket,P&R Ball Handler,High P&R,Dribble Off Pick,To Basket,,,3,75.0,1.667,102.5,33.3,33.3,0,,,,100.0,,2,100.0,33.3,,,2,0,,2.4,0.5,66.7,2,2,0,100.0,0,0,0.0,5
Mathieu Kamba,Calgary Surge,2024-2025,offense,Play types,Make 2 Pts,5,To Basket,P&R Ball Handler > High P&R > Dribble Off Pick > To Basket > Make 2 Pts,P&R Ball Handler,High P&R,Dribble Off Pick,To Basket,Make 2 Pts,,1,33.3,2.0,100.0,0.0,0.0,0,,,,100.0,,1,100.0,0.0,,,1,0,,1.0,0.0,100.0,1,1,0,100.0,0,0,0.0,2
Mathieu Kamba,Calgary Surge,2024-2025,offense,Play types,Turnover,5,To Basket,P&R Ball Handler > High P&R > Dribble Off Pick > To Basket > Turnover,P&R Ball Handler,High P&R,Dribble Off Pick,To Basket,Turnover,,1,33.3,0.0,,100.0,0.0,0,,,,,,0,,0.0,,,0,0,,0.0,,0.0,0,0,0,,0,0,,0
Mathieu Kamba,Calgary Surge,2024-2025,offense,Play types,Make 2 Pts Foul,5,To Basket,P&R Ball Handler > High P&R > Dribble Off Pick > To Basket > Make 2 Pts Foul,P&R Ball Handler,High P&R,Dribble Off Pick,To Basket,Make 2 Pts Foul,,1,33.3,3.0,104.2,0.0,100.0,0,,,,100.0,,1,100.0,100.0,,,1,0,,1.4,1.0,100.0,1,1,0,100.0,0,0,0.0,3
Mathieu Kamba,Calgary Surge,2024-2025,offense,Play types,Defense Commits,4,Dribble Off Pick,P&R Ball Handler > High P&R > Dribble Off Pick > Defense Commits,P&R Ball Handler,High P&R,Dribble Off Pick,Defense Commits,,,1,25.0,0.0,,100.0,0.0,0,,,,,,0,,0.0,,,0,0,,0.0,,0.0,0,0,0,,0,0,,0
Mathieu Kamba,Calgary Surge,2024-2025,offense,Play types,Turnover,5,Defense Commits,P&R Ball Handler > High P&R > Dribble Off Pick > Defense Commits > Turnover,P&R Ball Handler,High P&R,Dribble Off Pick,Defense Commits,Turnover,,1,100.0,0.0,,100.0,0.0,0,,,,,,0,,0.0,,,0,0,,0.0,,0.0,0,0,0,,0,0,,0
Mathieu Kamba,Calgary Surge,2024-2025,offense,Play types,Right P&R,2,P&R Ball Handler,P&R Ball Handler > Right P&R,P&R Ball Handler,Right P&R,,,,,4,50.0,0.75,75.0,50.0,0.0,1,100.0,,,50.0,,2,75.0,0.0,,,1,1,,2.0,0.0,25.0,1,0,1,0.0,1,0,0.5,3
Mathieu Kamba,Calgary Surge,2024-2025,offense,Play types,Side,3,Right P&R,P&R Ball Handler > Right P&R > Side,P&R Ball Handler,Right P&R,Side,,,,3,75.0,1.0,75.0,33.3,0.0,1,100.0,,,50.0,,2,75.0,0.0,,,1,1,,2.0,0.0,33.3,1,0,1,0.0,1,0,0.5,3
Mathieu Kamba,Calgary Surge,2024-2025,offense,Play types,Dribble Off Pick,4,Side,P&R Ball Handler > Right P&R > Side > Dribble Off Pick,P&R Ball Handler,Right P&R,Side,Dribble Off Pick,,,1,33.3,0.0,,100.0,0.0,0,,,,,,0,,0.0,,,0,0,,0.0,,0.0,0,0,0,,0,0,,0
Mathieu Kamba,Calgary Surge,2024-2025,offense,Play types,Turnover,5,Dribble Off Pick,P&R Ball Handler > Right P&R > Side > Dribble Off Pick > Turnover,P&R Ball Handler,Right P&R,Side,Dribble Off Pick,Turnover,,1,100.0,0.0,,100.0,0.0,0,,,,,,0,,0.0,,,0,0,,0.0,,0.0,0,0,0,,0,0,,0
Mathieu Kamba,Calgary Surge,2024-2025,offense,Play types,Go Away from Pick,4,Side,P&R Ball Handler > Right P&R > Side > Go Away from Pick,P&R Ball Handler,Right P&R,Side,Go Away from Pick,,,1,33.3,0.0,0.0,0.0,0.0,0,,,,0.0,,1,0.0,0.0,,,0,1,,1.0,0.0,0.0,1,0,1,0.0,0,0,0.0,0
Mathieu Kamba,Calgary Surge,2024-2025,offense,Play types,To Basket,5,Go Away from Pick,P&R Ball Handler > Right P&R > Side > Go Away from Pick > To Basket,P&R Ball Handler,Right P&R,Side,Go Away from Pick,To Basket,,1,100.0,0.0,0.0,0.0,0.0,0,,,,0.0,,1,0.0,0.0,,,0,1,,1.0,0.0,0.0,1,0,1,0.0,0,0,0.0,0
Mathieu Kamba,Calgary Surge,2024-2025,offense,Play types,Takes Early Jump Shot,4,Side,P&R Ball Handler > Right P&R > Side > Takes Early Jump Shot,P&R Ball Handler,Right P&R,Side,Takes Early Jump Shot,,,1,33.3,3.0,150.0,0.0,0.0,1,100.0,,,100.0,,1,150.0,0.0,,,1,0,,1.0,0.0,100.0,0,0,0,,1,0,1.0,3
Mathieu Kamba,Calgary Surge,2024-2025,offense,Play types,No Dribble Jumper,5,Takes Early Jump Shot,P&R Ball Handler > Right P&R > Side > Takes Early Jump Shot > No Dribble Jumper,P&R Ball Handler,Right P&R,Side,Takes Early Jump Shot,No Dribble Jumper,,1,100.0,3.0,150.0,0.0,0.0,1,100.0,,,100.0,,1,150.0,0.0,,,1,0,,1.0,0.0,100.0,0,0,0,,1,0,1.0,3
Mathieu Kamba,Calgary Surge,2024-2025,offense,Play types,Baseline,3,Right P&R,P&R Ball Handler > Right P&R > Baseline,P&R Ball Handler,Right P&R,Baseline,,,,1,25.0,0.0,,100.0,0.0,0,,,,,,0,,0.0,,,0,0,,0.0,,0.0,0,0,0,,0,0,,0
Mathieu Kamba,Calgary Surge,2024-2025,offense,Play types,Dribble Off Pick,4,Baseline,P&R Ball Handler > Right P&R > Baseline > Dribble Off Pick,P&R Ball Handler,Right P&R,Baseline,Dribble Off Pick,,,1,100.0,0.0,,100.0,0.0,0,,,,,,0,,0.0,,,0,0,,0.0,,0.0,0,0,0,,0,0,,0
Mathieu Kamba,Calgary Surge,2024-2025,offense,Play types,Defense Commits,5,Dribble Off Pick,P&R Ball Handler > Right P&R > Baseline > Dribble Off Pick > Defense Commits,P&R Ball Handler,Right P&R,Baseline,Dribble Off Pick,Defense Commits,,1,100.0,0.0,,100.0,0.0,0,,,,,,0,,0.0,,,0,0,,0.0,,0.0,0,0,0,,0,0,,0
Mathieu Kamba,Calgary Surge,2024-2025,offense,Play types,P&R Roll Man,1,,P&R Roll Man,P&R Roll Man,,,,,,6,2.6,0.5,25.0,0.0,0.0,4,25.0,,,16.7,,6,25.0,0.0,,,1,5,,6.0,0.0,16.7,2,0,2,0.0,1,3,0.67,3
Mathieu Kamba,Calgary Surge,2024-2025,offense,Play types,Pick and Pops,2,P&R Roll Man,P&R Roll Man > Pick and Pops,P&R Roll Man,Pick and Pops,,,,,5,83.3,0.0,0.0,0.0,0.0,3,0.0,,,0.0,,5,0.0,0.0,,,0,5,,5.0,0.0,0.0,2,0,2,0.0,0,3,0.6,0
Mathieu Kamba,Calgary Surge,2024-2025,offense,Play types,No Dribble Jumper,3,Pick and Pops,P&R Roll Man > Pick and Pops > No Dribble Jumper,P&R Roll Man,Pick and Pops,No Dribble Jumper,,,,2,40.0,0.0,0.0,0.0,0.0,2,0.0,,,0.0,,2,0.0,0.0,,,0,2,,2.0,0.0,0.0,0,0,0,,0,2,1.0,0
Mathieu Kamba,Calgary Surge,2024-2025,offense,Play types,Guarded,4,No Dribble Jumper,P&R Roll Man > Pick and Pops > No Dribble Jumper > Guarded,P&R Roll Man,Pick and Pops,No Dribble Jumper,Guarded,,,2,100.0,0.0,0.0,0.0,0.0,2,0.0,,,0.0,,2,0.0,0.0,,,0,2,,2.0,0.0,0.0,0,0,0,,0,2,1.0,0
Mathieu Kamba,Calgary Surge,2024-2025,offense,Play types,Long/3pt,5,Guarded,P&R Roll Man > Pick and Pops > No Dribble Jumper > Guarded > Long/3pt,P&R Roll Man,Pick and Pops,No Dribble Jumper,Guarded,Long/3pt,,2,100.0,0.0,0.0,0.0,0.0,2,0.0,,,0.0,,2,0.0,0.0,,,0,2,,2.0,0.0,0.0,0,0,0,,0,2,1.0,0
Mathieu Kamba,Calgary Surge,2024-2025,offense,Play types,Drives Right,3,Pick and Pops,P&R Roll Man > Pick and Pops > Drives Right,P&R Roll Man,Pick and Pops,Drives Right,,,,1,20.0,0.0,0.0,0.0,0.0,0,,,,0.0,,1,0.0,0.0,,,0,1,,1.0,0.0,0.0,1,0,1,0.0,0,0,0.0,0
Mathieu Kamba,Calgary Surge,2024-2025,offense,Play types,Dribble Jumper,4,Drives Right,P&R Roll Man > Pick and Pops > Drives Right > Dribble Jumper,P&R Roll Man,Pick and Pops,Drives Right,Dribble Jumper,,,1,100.0,0.0,0.0,0.0,0.0,0,,,,0.0,,1,0.0,0.0,,,0,1,,1.0,0.0,0.0,1,0,1,0.0,0,0,0.0,0
Mathieu Kamba,Calgary Surge,2024-2025,offense,Play types,Short to < 17,5,Dribble Jumper,P&R Roll Man > Pick and Pops > Drives Right > Dribble Jumper > Short to < 17,P&R Roll Man,Pick and Pops,Drives Right,Dribble Jumper,Short to < 17,,1,100.0,0.0,0.0,0.0,0.0,0,,,,0.0,,1,0.0,0.0,,,0,1,,1.0,0.0,0.0,1,0,1,0.0,0,0,0.0,0
Mathieu Kamba,Calgary Surge,2024-2025,offense,Play types,Drives Left,3,Pick and Pops,P&R Roll Man > Pick and Pops > Drives Left,P&R Roll Man,Pick and Pops,Drives Left,,,,1,20.0,0.0,0.0,0.0,0.0,1,0.0,,,0.0,,1,0.0,0.0,,,0,1,,1.0,0.0,0.0,0,0,0,,0,1,1.0,0
Mathieu Kamba,Calgary Surge,2024-2025,offense,Play types,Dribble Jumper,4,Drives Left,P&R Roll Man > Pick and Pops > Drives Left > Dribble Jumper,P&R Roll Man,Pick and Pops,Drives Left,Dribble Jumper,,,1,100.0,0.0,0.0,0.0,0.0,1,0.0,,,0.0,,1,0.0,0.0,,,0,1,,1.0,0.0,0.0,0,0,0,,0,1,1.0,0
Mathieu Kamba,Calgary Surge,2024-2025,offense,Play types,Long/3pt,5,Dribble Jumper,P&R Roll Man > Pick and Pops > Drives Left > Dribble Jumper > Long/3pt,P&R Roll Man,Pick and Pops,Drives Left,Dribble Jumper,Long/3pt,,1,100.0,0.0,0.0,0.0,0.0,1,0.0,,,0.0,,1,0.0,0.0,,,0,1,,1.0,0.0,0.0,0,0,0,,0,1,1.0,0
Mathieu Kamba,Calgary Surge,2024-2025,offense,Play types,Drives Straight,3,Pick and Pops,P&R Roll Man > Pick and Pops > Drives Straight,P&R Roll Man,Pick and Pops,Drives Straight,,,,1,20.0,0.0,0.0,0.0,0.0,0,,,,0.0,,1,0.0,0.0,,,0,1,,1.0,0.0,0.0,1,0,1,0.0,0,0,0.0,0
Mathieu Kamba,Calgary Surge,2024-2025,offense,Play types,Dribble Jumper,4,Drives Straight,P&R Roll Man > Pick and Pops > Drives Straight > Dribble Jumper,P&R Roll Man,Pick and Pops,Drives Straight,Dribble Jumper,,,1,100.0,0.0,0.0,0.0,0.0,0,,,,0.0,,1,0.0,0.0,,,0,1,,1.0,0.0,0.0,1,0,1,0.0,0,0,0.0,0
Mathieu Kamba,Calgary Surge,2024-2025,offense,Play types,Short to < 17,5,Dribble Jumper,P&R Roll Man > Pick and Pops > Drives Straight > Dribble Jumper > Short to < 17,P&R Roll Man,Pick and Pops,Drives Straight,Dribble Jumper,Short to < 17,,1,100.0,0.0,0.0,0.0,0.0,0,,,,0.0,,1,0.0,0.0,,,0,1,,1.0,0.0,0.0,1,0,1,0.0,0,0,0.0,0
Mathieu Kamba,Calgary Surge,2024-2025,offense,Play types,Slips the Pick,2,P&R Roll Man,P&R Roll Man > Slips the Pick,P&R Roll Man,Slips the Pick,,,,,1,16.7,3.0,150.0,0.0,0.0,1,100.0,,,100.0,,1,150.0,0.0,,,1,0,,1.0,0.0,100.0,0,0,0,,1,0,1.0,3
Mathieu Kamba,Calgary Surge,2024-2025,offense,Play types,No Dribble Jumper,3,Slips the Pick,P&R Roll Man > Slips the Pick > No Dribble Jumper,P&R Roll Man,Slips the Pick,No Dribble Jumper,,,,1,100.0,3.0,150.0,0.0,0.0,1,100.0,,,100.0,,1,150.0,0.0,,,1,0,,1.0,0.0,100.0,0,0,0,,1,0,1.0,3
Mathieu Kamba,Calgary Surge,2024-2025,offense,Play types,Open,4,No Dribble Jumper,P&R Roll Man > Slips the Pick > No Dribble Jumper > Open,P&R Roll Man,Slips the Pick,No Dribble Jumper,Open,,,1,100.0,3.0,150.0,0.0,0.0,1,100.0,,,100.0,,1,150.0,0.0,,,1,0,,1.0,0.0,100.0,0,0,0,,1,0,1.0,3
Mathieu Kamba,Calgary Surge,2024-2025,offense,Play types,Long/3pt,5,Open,P&R Roll Man > Slips the Pick > No Dribble Jumper > Open > Long/3pt,P&R Roll Man,Slips the Pick,No Dribble Jumper,Open,Long/3pt,,1,100.0,3.0,150.0,0.0,0.0,1,100.0,,,100.0,,1,150.0,0.0,,,1,0,,1.0,0.0,100.0,0,0,0,,1,0,1.0,3
Mathieu Kamba,Calgary Surge,2024-2025,offense,Play types,Post-Up,1,,Post-Up,Post-Up,,,,,,6,2.6,1.0,60.0,16.7,0.0,0,,,,60.0,,5,60.0,0.0,,,3,2,,5.0,0.0,50.0,5,3,2,60.0,0,0,0.0,6
Mathieu Kamba,Calgary Surge,2024-2025,offense,Play types,Post-Up - Overall,2,Post-Up,Post-Up > Post-Up - Overall,Post-Up,Post-Up - Overall,,,,,6,100.0,1.0,60.0,16.7,0.0,0,,,,60.0,,5,60.0,0.0,,,3,2,,5.0,0.0,50.0,5,3,2,60.0,0,0,0.0,6
Mathieu Kamba,Calgary Surge,2024-2025,offense,Play types,Left Shoulder,3,Post-Up - Overall,Post-Up > Post-Up - Overall > Left Shoulder,Post-Up,Post-Up - Overall,Left Shoulder,,,,4,66.7,1.0,50.0,0.0,0.0,0,,,,50.0,,4,50.0,0.0,,,2,2,,4.0,0.0,50.0,4,2,2,50.0,0,0,0.0,4
Mathieu Kamba,Calgary Surge,2024-2025,offense,Play types,Right Shoulder,3,Post-Up - Overall,Post-Up > Post-Up - Overall > Right Shoulder,Post-Up,Post-Up - Overall,Right Shoulder,,,,2,33.3,1.0,100.0,50.0,0.0,0,,,,100.0,,1,100.0,0.0,,,1,0,,1.0,0.0,50.0,1,1,0,100.0,0,0,0.0,2
Mathieu Kamba,Calgary Surge,2024-2025,offense,Play types,Right Block,2,Post-Up,Post-Up > Right Block,Post-Up,Right Block,,,,,4,66.7,1.0,66.7,25.0,0.0,0,,,,66.7,,3,66.7,0.0,,,2,1,,3.0,0.0,50.0,3,2,1,66.7,0,0,0.0,4
Mathieu Kamba,Calgary Surge,2024-2025,offense,Play types,Left Shoulder,3,Right Block,Post-Up > Right Block > Left Shoulder,Post-Up,Right Block,Left Shoulder,,,,2,50.0,1.0,50.0,0.0,0.0,0,,,,50.0,,2,50.0,0.0,,,1,1,,2.0,0.0,50.0,2,1,1,50.0,0,0,0.0,2
Mathieu Kamba,Calgary Surge,2024-2025,offense,Play types,Dribble Move,4,Left Shoulder,Post-Up > Right Block > Left Shoulder > Dribble Move,Post-Up,Right Block,Left Shoulder,Dribble Move,,,2,100.0,1.0,50.0,0.0,0.0,0,,,,50.0,,2,50.0,0.0,,,1,1,,2.0,0.0,50.0,2,1,1,50.0,0,0,0.0,2
Mathieu Kamba,Calgary Surge,2024-2025,offense,Play types,To Basket,5,Dribble Move,Post-Up > Right Block > Left Shoulder > Dribble Move > To Basket,Post-Up,Right Block,Left Shoulder,Dribble Move,To Basket,,2,100.0,1.0,50.0,0.0,0.0,0,,,,50.0,,2,50.0,0.0,,,1,1,,2.0,0.0,50.0,2,1,1,50.0,0,0,0.0,2
Mathieu Kamba,Calgary Surge,2024-2025,offense,Play types,Right Shoulder,3,Right Block,Post-Up > Right Block > Right Shoulder,Post-Up,Right Block,Right Shoulder,,,,2,50.0,1.0,100.0,50.0,0.0,0,,,,100.0,,1,100.0,0.0,,,1,0,,1.0,0.0,50.0,1,1,0,100.0,0,0,0.0,2
Mathieu Kamba,Calgary Surge,2024-2025,offense,Play types,Dribble Move,4,Right Shoulder,Post-Up > Right Block > Right Shoulder > Dribble Move,Post-Up,Right Block,Right Shoulder,Dribble Move,,,2,100.0,1.0,100.0,50.0,0.0,0,,,,100.0,,1,100.0,0.0,,,1,0,,1.0,0.0,50.0,1,1,0,100.0,0,0,0.0,2
Mathieu Kamba,Calgary Surge,2024-2025,offense,Play types,To Jumper,5,Dribble Move,Post-Up > Right Block > Right Shoulder > Dribble Move > To Jumper,Post-Up,Right Block,Right Shoulder,Dribble Move,To Jumper,,1,50.0,2.0,100.0,0.0,0.0,0,,,,100.0,,1,100.0,0.0,,,1,0,,1.0,0.0,100.0,1,1,0,100.0,0,0,0.0,2
Mathieu Kamba,Calgary Surge,2024-2025,offense,Play types,Turnover,5,Dribble Move,Post-Up > Right Block > Right Shoulder > Dribble Move > Turnover,Post-Up,Right Block,Right Shoulder,Dribble Move,Turnover,,1,50.0,0.0,,100.0,0.0,0,,,,,,0,,0.0,,,0,0,,0.0,,0.0,0,0,0,,0,0,,0
Mathieu Kamba,Calgary Surge,2024-2025,offense,Play types,Left Block,2,Post-Up,Post-Up > Left Block,Post-Up,Left Block,,,,,1,16.7,0.0,0.0,0.0,0.0,0,,,,0.0,,1,0.0,0.0,,,0,1,,1.0,0.0,0.0,1,0,1,0.0,0,0,0.0,0
Mathieu Kamba,Calgary Surge,2024-2025,offense,Play types,Left Shoulder,3,Left Block,Post-Up > Left Block > Left Shoulder,Post-Up,Left Block,Left Shoulder,,,,1,100.0,0.0,0.0,0.0,0.0,0,,,,0.0,,1,0.0,0.0,,,0,1,,1.0,0.0,0.0,1,0,1,0.0,0,0,0.0,0
Mathieu Kamba,Calgary Surge,2024-2025,offense,Play types,Dribble Move,4,Left Shoulder,Post-Up > Left Block > Left Shoulder > Dribble Move,Post-Up,Left Block,Left Shoulder,Dribble Move,,,1,100.0,0.0,0.0,0.0,0.0,0,,,,0.0,,1,0.0,0.0,,,0,1,,1.0,0.0,0.0,1,0,1,0.0,0,0,0.0,0
Mathieu Kamba,Calgary Surge,2024-2025,offense,Play types,To Jumper,5,Dribble Move,Post-Up > Left Block > Left Shoulder > Dribble Move > To Jumper,Post-Up,Left Block,Left Shoulder,Dribble Move,To Jumper,,1,100.0,0.0,0.0,0.0,0.0,0,,,,0.0,,1,0.0,0.0,,,0,1,,1.0,0.0,0.0,1,0,1,0.0,0,0,0.0,0
Mathieu Kamba,Calgary Surge,2024-2025,offense,Play types,Flash Middle,2,Post-Up,Post-Up > Flash Middle,Post-Up,Flash Middle,,,,,1,16.7,2.0,100.0,0.0,0.0,0,,,,100.0,,1,100.0,0.0,,,1,0,,1.0,0.0,100.0,1,1,0,100.0,0,0,0.0,2
Mathieu Kamba,Calgary Surge,2024-2025,offense,Play types,Left Shoulder,3,Flash Middle,Post-Up > Flash Middle > Left Shoulder,Post-Up,Flash Middle,Left Shoulder,,,,1,100.0,2.0,100.0,0.0,0.0,0,,,,100.0,,1,100.0,0.0,,,1,0,,1.0,0.0,100.0,1,1,0,100.0,0,0,0.0,2
Mathieu Kamba,Calgary Surge,2024-2025,offense,Play types,Dribble Move,4,Left Shoulder,Post-Up > Flash Middle > Left Shoulder > Dribble Move,Post-Up,Flash Middle,Left Shoulder,Dribble Move,,,1,100.0,2.0,100.0,0.0,0.0,0,,,,100.0,,1,100.0,0.0,,,1,0,,1.0,0.0,100.0,1,1,0,100.0,0,0,0.0,2
Mathieu Kamba,Calgary Surge,2024-2025,offense,Play types,To Jumper,5,Dribble Move,Post-Up > Flash Middle > Left Shoulder > Dribble Move > To Jumper,Post-Up,Flash Middle,Left Shoulder,Dribble Move,To Jumper,,1,100.0,2.0,100.0,0.0,0.0,0,,,,100.0,,1,100.0,0.0,,,1,0,,1.0,0.0,100.0,1,1,0,100.0,0,0,0.0,2
Mathieu Kamba,Calgary Surge,2024-2025,offense,Play types,Isolation,1,,Isolation,Isolation,,,,,,3,1.3,1.667,72.7,0.0,33.3,0,,,,66.7,,3,66.7,33.3,,,2,1,,3.4,0.33,66.7,3,2,1,66.7,0,0,0.0,5
Mathieu Kamba,Calgary Surge,2024-2025,offense,Play types,Isolation - Overall,2,Isolation,Isolation > Isolation - Overall,Isolation,Isolation - Overall,,,,,3,100.0,1.667,72.7,0.0,33.3,0,,,,66.7,,3,66.7,33.3,,,2,1,,3.4,0.33,66.7,3,2,1,66.7,0,0,0.0,5
Mathieu Kamba,Calgary Surge,2024-2025,offense,Play types,Drives Right,3,Isolation - Overall,Isolation > Isolation - Overall > Drives Right,Isolation,Isolation - Overall,Drives Right,,,,2,66.7,1.5,61.5,0.0,50.0,0,,,,50.0,,2,50.0,50.0,,,1,1,,2.4,0.5,50.0,2,1,1,50.0,0,0,0.0,3
Mathieu Kamba,Calgary Surge,2024-2025,offense,Play types,Drives Left,3,Isolation - Overall,Isolation > Isolation - Overall > Drives Left,Isolation,Isolation - Overall,Drives Left,,,,1,33.3,2.0,100.0,0.0,0.0,0,,,,100.0,,1,100.0,0.0,,,1,0,,1.0,0.0,100.0,1,1,0,100.0,0,0,0.0,2
Mathieu Kamba,Calgary Surge,2024-2025,offense,Play types,Right,2,Isolation,Isolation > Right,Isolation,Right,,,,,1,33.3,0.0,0.0,0.0,0.0,0,,,,0.0,,1,0.0,0.0,,,0,1,,1.0,0.0,0.0,1,0,1,0.0,0,0,0.0,0
Mathieu Kamba,Calgary Surge,2024-2025,offense,Play types,Drives Right,3,Right,Isolation > Right > Drives Right,Isolation,Right,Drives Right,,,,1,100.0,0.0,0.0,0.0,0.0,0,,,,0.0,,1,0.0,0.0,,,0,1,,1.0,0.0,0.0,1,0,1,0.0,0,0,0.0,0
Mathieu Kamba,Calgary Surge,2024-2025,offense,Play types,To Basket,4,Drives Right,Isolation > Right > Drives Right > To Basket,Isolation,Right,Drives Right,To Basket,,,1,100.0,0.0,0.0,0.0,0.0,0,,,,0.0,,1,0.0,0.0,,,0,1,,1.0,0.0,0.0,1,0,1,0.0,0,0,0.0,0
Mathieu Kamba,Calgary Surge,2024-2025,offense,Play types,Miss 2 Pts,5,To Basket,Isolation > Right > Drives Right > To Basket > Miss 2 Pts,Isolation,Right,Drives Right,To Basket,Miss 2 Pts,,1,100.0,0.0,0.0,0.0,0.0,0,,,,0.0,,1,0.0,0.0,,,0,1,,1.0,0.0,0.0,1,0,1,0.0,0,0,0.0,0
Mathieu Kamba,Calgary Surge,2024-2025,offense,Play types,Left,2,Isolation,Isolation > Left,Isolation,Left,,,,,1,33.3,3.0,104.2,0.0,100.0,0,,,,100.0,,1,100.0,100.0,,,1,0,,1.4,1.0,100.0,1,1,0,100.0,0,0,0.0,3
Mathieu Kamba,Calgary Surge,2024-2025,offense,Play types,Drives Right,3,Left,Isolation > Left > Drives Right,Isolation,Left,Drives Right,,,,1,100.0,3.0,104.2,0.0,100.0,0,,,,100.0,,1,100.0,100.0,,,1,0,,1.4,1.0,100.0,1,1,0,100.0,0,0,0.0,3
Mathieu Kamba,Calgary Surge,2024-2025,offense,Play types,To Basket,4,Drives Right,Isolation > Left > Drives Right > To Basket,Isolation,Left,Drives Right,To Basket,,,1,100.0,3.0,104.2,0.0,100.0,0,,,,100.0,,1,100.0,100.0,,,1,0,,1.4,1.0,100.0,1,1,0,100.0,0,0,0.0,3
Mathieu Kamba,Calgary Surge,2024-2025,offense,Play types,Make 2 Pts Foul,5,To Basket,Isolation > Left > Drives Right > To Basket > Make 2 Pts Foul,Isolation,Left,Drives Right,To Basket,Make 2 Pts Foul,,1,100.0,3.0,104.2,0.0,100.0,0,,,,100.0,,1,100.0,100.0,,,1,0,,1.4,1.0,100.0,1,1,0,100.0,0,0,0.0,3
Mathieu Kamba,Calgary Surge,2024-2025,offense,Play types,Top,2,Isolation,Isolation > Top,Isolation,Top,,,,,1,33.3,2.0,100.0,0.0,0.0,0,,,,100.0,,1,100.0,0.0,,,1,0,,1.0,0.0,100.0,1,1,0,100.0,0,0,0.0,2
Mathieu Kamba,Calgary Surge,2024-2025,offense,Play types,Drives Left,3,Top,Isolation > Top > Drives Left,Isolation,Top,Drives Left,,,,1,100.0,2.0,100.0,0.0,0.0,0,,,,100.0,,1,100.0,0.0,,,1,0,,1.0,0.0,100.0,1,1,0,100.0,0,0,0.0,2
Mathieu Kamba,Calgary Surge,2024-2025,offense,Play types,To Basket,4,Drives Left,Isolation > Top > Drives Left > To Basket,Isolation,Top,Drives Left,To Basket,,,1,100.0,2.0,100.0,0.0,0.0,0,,,,100.0,,1,100.0,0.0,,,1,0,,1.0,0.0,100.0,1,1,0,100.0,0,0,0.0,2
Mathieu Kamba,Calgary Surge,2024-2025,offense,Play types,Make 2 Pts,5,To Basket,Isolation > Top > Drives Left > To Basket > Make 2 Pts,Isolation,Top,Drives Left,To Basket,Make 2 Pts,,1,100.0,2.0,100.0,0.0,0.0,0,,,,100.0,,1,100.0,0.0,,,1,0,,1.0,0.0,100.0,1,1,0,100.0,0,0,0.0,2
Mathieu Kamba,Calgary Surge,2024-2025,offense,Overall Drive Direction,Overall,1,,Overall,Overall,,,,,,15,6.5,0.733,41.3,13.3,13.3,1,0.0,,,33.3,,12,33.3,13.3,,,4,8,,13.3,0.25,33.3,11,4,7,36.4,0,1,0.08,11
Mathieu Kamba,Calgary Surge,2024-2025,offense,Overall Drive Direction,Drives Left,2,Overall,Overall > Drives Left,Overall,Drives Left,,,,,7,46.7,0.286,20.0,28.6,0.0,1,0.0,,,20.0,,5,20.0,0.0,,,1,4,,5.0,0.0,14.3,4,1,3,25.0,0,1,0.2,2
Mathieu Kamba,Calgary Surge,2024-2025,offense,Overall Drive Direction,To Basket,3,Drives Left,Overall > Drives Left > To Basket,Overall,Drives Left,To Basket,,,,3,42.9,0.667,33.3,0.0,0.0,0,,,,33.3,,3,33.3,0.0,,,1,2,,3.0,0.0,33.3,3,1,2,33.3,0,0,0.0,2
Mathieu Kamba,Calgary Surge,2024-2025,offense,Overall Drive Direction,Turnover,3,Drives Left,Overall > Drives Left > Turnover,Overall,Drives Left,Turnover,,,,2,28.6,0.0,,100.0,0.0,0,,,,,,0,,0.0,,,0,0,,0.0,,0.0,0,0,0,,0,0,,0
Mathieu Kamba,Calgary Surge,2024-2025,offense,Overall Drive Direction,Dribble Jumper,3,Drives Left,Overall > Drives Left > Dribble Jumper,Overall,Drives Left,Dribble Jumper,,,,2,28.6,0.0,0.0,0.0,0.0,1,0.0,,,0.0,,2,0.0,0.0,,,0,2,,2.0,0.0,0.0,1,0,1,0.0,0,1,0.5,0
Mathieu Kamba,Calgary Surge,2024-2025,offense,Overall Drive Direction,Foul,3,Drives Left,Overall > Drives Left > Foul,Overall,Drives Left,Foul,,,,0,0.0,,,,,0,,,,,,0,,,,,0,0,,0.0,,,0,0,0,,0,0,,0
Mathieu Kamba,Calgary Surge,2024-2025,offense,Overall Drive Direction,Defense Commits,3,Drives Left,Overall > Drives Left > Defense Commits,Overall,Drives Left,Defense Commits,,,,0,0.0,,,,,0,,,,,,0,,,,,0,0,,0.0,,,0,0,0,,0,0,,0
Mathieu Kamba,Calgary Surge,2024-2025,offense,Overall Drive Direction,Drives Right,2,Overall,Overall > Drives Right,Overall,Drives Right,,,,,7,46.7,1.286,61.5,0.0,28.6,0,,,,50.0,,6,50.0,28.6,,,3,3,,7.3,0.5,57.1,6,3,3,50.0,0,0,0.0,9
Mathieu Kamba,Calgary Surge,2024-2025,offense,Overall Drive Direction,To Basket,3,Drives Right,Overall > Drives Right > To Basket,Overall,Drives Right,To Basket,,,,4,57.1,1.75,81.0,0.0,50.0,0,,,,66.7,,3,66.7,50.0,,,2,1,,4.3,1.0,75.0,3,2,1,66.7,0,0,0.0,7
Mathieu Kamba,Calgary Surge,2024-2025,offense,Overall Drive Direction,Dribble Jumper,3,Drives Right,Overall > Drives Right > Dribble Jumper,Overall,Drives Right,Dribble Jumper,,,,3,42.9,0.667,33.3,0.0,0.0,0,,,,33.3,,3,33.3,0.0,,,1,2,,3.0,0.0,33.3,3,1,2,33.3,0,0,0.0,2
Mathieu Kamba,Calgary Surge,2024-2025,offense,Overall Drive Direction,Turnover,3,Drives Right,Overall > Drives Right > Turnover,Overall,Drives Right,Turnover,,,,0,0.0,,,,,0,,,,,,0,,,,,0,0,,0.0,,,0,0,0,,0,0,,0
Mathieu Kamba,Calgary Surge,2024-2025,offense,Overall Drive Direction,Foul,3,Drives Right,Overall > Drives Right > Foul,Overall,Drives Right,Foul,,,,0,0.0,,,,,0,,,,,,0,,,,,0,0,,0.0,,,0,0,0,,0,0,,0
Mathieu Kamba,Calgary Surge,2024-2025,offense,Overall Drive Direction,Defense Commits,3,Drives Right,Overall > Drives Right > Defense Commits,Overall,Drives Right,Defense Commits,,,,0,0.0,,,,,0,,,,,,0,,,,,0,0,,0.0,,,0,0,0,,0,0,,0
Mathieu Kamba,Calgary Surge,2024-2025,offense,Overall Drive Direction,Drives Straight,2,Overall,Overall > Drives Straight,Overall,Drives Straight,,,,,1,6.7,0.0,0.0,0.0,0.0,0,,,,0.0,,1,0.0,0.0,,,0,1,,1.0,0.0,0.0,1,0,1,0.0,0,0,0.0,0
Mathieu Kamba,Calgary Surge,2024-2025,offense,Overall Drive Direction,Dribble Jumper,3,Drives Straight,Overall > Drives Straight > Dribble Jumper,Overall,Drives Straight,Dribble Jumper,,,,1,100.0,0.0,0.0,0.0,0.0,0,,,,0.0,,1,0.0,0.0,,,0,1,,1.0,0.0,0.0,1,0,1,0.0,0,0,0.0,0
Mathieu Kamba,Calgary Surge,2024-2025,offense,Overall Drive Direction,To Basket,3,Drives Straight,Overall > Drives Straight > To Basket,Overall,Drives Straight,To Basket,,,,0,0.0,,,,,0,,,,,,0,,,,,0,0,,0.0,,,0,0,0,,0,0,,0
Mathieu Kamba,Calgary Surge,2024-2025,offense,Overall Drive Direction,Turnover,3,Drives Straight,Overall > Drives Straight > Turnover,Overall,Drives Straight,Turnover,,,,0,0.0,,,,,0,,,,,,0,,,,,0,0,,0.0,,,0,0,0,,0,0,,0
Mathieu Kamba,Calgary Surge,2024-2025,offense,Overall Drive Direction,Foul,3,Drives Straight,Overall > Drives Straight > Foul,Overall,Drives Straight,Foul,,,,0,0.0,,,,,0,,,,,,0,,,,,0,0,,0.0,,,0,0,0,,0,0,,0
Mathieu Kamba,Calgary Surge,2024-2025,offense,Overall Drive Direction,Defense Commits,3,Drives Straight,Overall > Drives Straight > Defense Commits,Overall,Drives Straight,Defense Commits,,,,0,0.0,,,,,0,,,,,,0,,,,,0,0,,0.0,,,0,0,0,,0,0,,0
Mathieu Kamba,Calgary Surge,2024-2025,offense,P&R ball handler,P&R Including Passes,1,,P&R Including Passes,P&R Including Passes,,,,,,13,6.8,1.231,96.2,38.5,15.4,4,75.0,Excellent,99.0,71.4,1.0,7,92.9,15.4,,,5,2,,8.3,0.43,46.2,3,2,1,66.7,3,1,0.57,16
Mathieu Kamba,Calgary Surge,2024-2025,offense,P&R ball handler,P&R Ball Handler,2,P&R Including Passes,P&R Including Passes > P&R Ball Handler,P&R Including Passes,P&R Ball Handler,,,,,8,61.5,1.0,90.1,50.0,12.5,1,100.0,,,75.0,,4,87.5,12.5,,,3,1,,4.4,0.25,37.5,3,2,1,66.7,1,0,0.25,8
Mathieu Kamba,Calgary Surge,2024-2025,offense,P&R ball handler,High P&R,3,P&R Ball Handler,P&R Including Passes > P&R Ball Handler > High P&R,P&R Including Passes,P&R Ball Handler,High P&R,,,,4,50.0,1.25,102.5,50.0,25.0,0,,,,100.0,,2,100.0,25.0,,,2,0,,2.4,0.5,50.0,2,2,0,100.0,0,0,0.0,5
Mathieu Kamba,Calgary Surge,2024-2025,offense,P&R ball handler,Dribble Off Pick,4,High P&R,P&R Including Passes > P&R Ball Handler > High P&R > Dribble Off Pick,P&R Including Passes,P&R Ball Handler,High P&R,Dribble Off Pick,,,4,100.0,1.25,102.5,50.0,25.0,0,,,,100.0,,2,100.0,25.0,,,2,0,,2.4,0.5,50.0,2,2,0,100.0,0,0,0.0,5
Mathieu Kamba,Calgary Surge,2024-2025,offense,P&R ball handler,To Basket,5,Dribble Off Pick,P&R Including Passes > P&R Ball Handler > High P&R > Dribble Off Pick > To Basket,P&R Including Passes,P&R Ball Handler,High P&R,Dribble Off Pick,To Basket,,3,75.0,1.667,102.5,33.3,33.3,0,,,,100.0,,2,100.0,33.3,,,2,0,,2.4,0.5,66.7,2,2,0,100.0,0,0,0.0,5
Mathieu Kamba,Calgary Surge,2024-2025,offense,P&R ball handler,Turnover,6,To Basket,P&R Including Passes > P&R Ball Handler > High P&R > Dribble Off Pick > To Basket > Turnover,P&R Including Passes,P&R Ball Handler,High P&R,Dribble Off Pick,To Basket,Turnover,1,33.3,0.0,,100.0,0.0,0,,,,,,0,,0.0,,,0,0,,0.0,,0.0,0,0,0,,0,0,,0
Mathieu Kamba,Calgary Surge,2024-2025,offense,P&R ball handler,Make 2 Pts,6,To Basket,P&R Including Passes > P&R Ball Handler > High P&R > Dribble Off Pick > To Basket > Make 2 Pts,P&R Including Passes,P&R Ball Handler,High P&R,Dribble Off Pick,To Basket,Make 2 Pts,1,33.3,2.0,100.0,0.0,0.0,0,,,,100.0,,1,100.0,0.0,,,1,0,,1.0,0.0,100.0,1,1,0,100.0,0,0,0.0,2
Mathieu Kamba,Calgary Surge,2024-2025,offense,P&R ball handler,Make 2 Pts Foul,6,To Basket,P&R Including Passes > P&R Ball Handler > High P&R > Dribble Off Pick > To Basket > Make 2 Pts Foul,P&R Including Passes,P&R Ball Handler,High P&R,Dribble Off Pick,To Basket,Make 2 Pts Foul,1,33.3,3.0,104.2,0.0,100.0,0,,,,100.0,,1,100.0,100.0,,,1,0,,1.4,1.0,100.0,1,1,0,100.0,0,0,0.0,3
Mathieu Kamba,Calgary Surge,2024-2025,offense,P&R ball handler,Defense Commits,5,Dribble Off Pick,P&R Including Passes > P&R Ball Handler > High P&R > Dribble Off Pick > Defense Commits,P&R Including Passes,P&R Ball Handler,High P&R,Dribble Off Pick,Defense Commits,,1,25.0,0.0,,100.0,0.0,0,,,,,,0,,0.0,,,0,0,,0.0,,0.0,0,0,0,,0,0,,0
Mathieu Kamba,Calgary Surge,2024-2025,offense,P&R ball handler,Turnover,6,Defense Commits,P&R Including Passes > P&R Ball Handler > High P&R > Dribble Off Pick > Defense Commits > Turnover,P&R Including Passes,P&R Ball Handler,High P&R,Dribble Off Pick,Defense Commits,Turnover,1,100.0,0.0,,100.0,0.0,0,,,,,,0,,0.0,,,0,0,,0.0,,0.0,0,0,0,,0,0,,0
Mathieu Kamba,Calgary Surge,2024-2025,offense,P&R ball handler,Right P&R,3,P&R Ball Handler,P&R Including Passes > P&R Ball Handler > Right P&R,P&R Including Passes,P&R Ball Handler,Right P&R,,,,4,50.0,0.75,75.0,50.0,0.0,1,100.0,,,50.0,,2,75.0,0.0,,,1,1,,2.0,0.0,25.0,1,0,1,0.0,1,0,0.5,3
Mathieu Kamba,Calgary Surge,2024-2025,offense,P&R ball handler,Side,4,Right P&R,P&R Including Passes > P&R Ball Handler > Right P&R > Side,P&R Including Passes,P&R Ball Handler,Right P&R,Side,,,3,75.0,1.0,75.0,33.3,0.0,1,100.0,,,50.0,,2,75.0,0.0,,,1,1,,2.0,0.0,33.3,1,0,1,0.0,1,0,0.5,3
Mathieu Kamba,Calgary Surge,2024-2025,offense,P&R ball handler,Dribble Off Pick,5,Side,P&R Including Passes > P&R Ball Handler > Right P&R > Side > Dribble Off Pick,P&R Including Passes,P&R Ball Handler,Right P&R,Side,Dribble Off Pick,,1,33.3,0.0,,100.0,0.0,0,,,,,,0,,0.0,,,0,0,,0.0,,0.0,0,0,0,,0,0,,0
Mathieu Kamba,Calgary Surge,2024-2025,offense,P&R ball handler,Turnover,6,Dribble Off Pick,P&R Including Passes > P&R Ball Handler > Right P&R > Side > Dribble Off Pick > Turnover,P&R Including Passes,P&R Ball Handler,Right P&R,Side,Dribble Off Pick,Turnover,1,100.0,0.0,,100.0,0.0,0,,,,,,0,,0.0,,,0,0,,0.0,,0.0,0,0,0,,0,0,,0
Mathieu Kamba,Calgary Surge,2024-2025,offense,P&R ball handler,Takes Early Jump Shot,5,Side,P&R Including Passes > P&R Ball Handler > Right P&R > Side > Takes Early Jump Shot,P&R Including Passes,P&R Ball Handler,Right P&R,Side,Takes Early Jump Shot,,1,33.3,3.0,150.0,0.0,0.0,1,100.0,,,100.0,,1,150.0,0.0,,,1,0,,1.0,0.0,100.0,0,0,0,,1,0,1.0,3
Mathieu Kamba,Calgary Surge,2024-2025,offense,P&R ball handler,No Dribble Jumper,6,Takes Early Jump Shot,P&R Including Passes > P&R Ball Handler > Right P&R > Side > Takes Early Jump Shot > No Dribble Jumper,P&R Including Passes,P&R Ball Handler,Right P&R,Side,Takes Early Jump Shot,No Dribble Jumper,1,100.0,3.0,150.0,0.0,0.0,1,100.0,,,100.0,,1,150.0,0.0,,,1,0,,1.0,0.0,100.0,0,0,0,,1,0,1.0,3
Mathieu Kamba,Calgary Surge,2024-2025,offense,P&R ball handler,Go Away from Pick,5,Side,P&R Including Passes > P&R Ball Handler > Right P&R > Side > Go Away from Pick,P&R Including Passes,P&R Ball Handler,Right P&R,Side,Go Away from Pick,,1,33.3,0.0,0.0,0.0,0.0,0,,,,0.0,,1,0.0,0.0,,,0,1,,1.0,0.0,0.0,1,0,1,0.0,0,0,0.0,0
Mathieu Kamba,Calgary Surge,2024-2025,offense,P&R ball handler,To Basket,6,Go Away from Pick,P&R Including Passes > P&R Ball Handler > Right P&R > Side > Go Away from Pick > To Basket,P&R Including Passes,P&R Ball Handler,Right P&R,Side,Go Away from Pick,To Basket,1,100.0,0.0,0.0,0.0,0.0,0,,,,0.0,,1,0.0,0.0,,,0,1,,1.0,0.0,0.0,1,0,1,0.0,0,0,0.0,0
Mathieu Kamba,Calgary Surge,2024-2025,offense,P&R ball handler,Baseline,4,Right P&R,P&R Including Passes > P&R Ball Handler > Right P&R > Baseline,P&R Including Passes,P&R Ball Handler,Right P&R,Baseline,,,1,25.0,0.0,,100.0,0.0,0,,,,,,0,,0.0,,,0,0,,0.0,,0.0,0,0,0,,0,0,,0
Mathieu Kamba,Calgary Surge,2024-2025,offense,P&R ball handler,Dribble Off Pick,5,Baseline,P&R Including Passes > P&R Ball Handler > Right P&R > Baseline > Dribble Off Pick,P&R Including Passes,P&R Ball Handler,Right P&R,Baseline,Dribble Off Pick,,1,100.0,0.0,,100.0,0.0,0,,,,,,0,,0.0,,,0,0,,0.0,,0.0,0,0,0,,0,0,,0
Mathieu Kamba,Calgary Surge,2024-2025,offense,P&R ball handler,Defense Commits,6,Dribble Off Pick,P&R Including Passes > P&R Ball Handler > Right P&R > Baseline > Dribble Off Pick > Defense Commits,P&R Including Passes,P&R Ball Handler,Right P&R,Baseline,Dribble Off Pick,Defense Commits,1,100.0,0.0,,100.0,0.0,0,,,,,,0,,0.0,,,0,0,,0.0,,0.0,0,0,0,,0,0,,0
Mathieu Kamba,Calgary Surge,2024-2025,offense,P&R ball handler,P&R Roll Man,2,P&R Including Passes,P&R Including Passes > P&R Roll Man,P&R Including Passes,P&R Roll Man,,,,,3,23.1,1.667,133.0,33.3,33.3,1,100.0,,,100.0,,1,150.0,33.3,,,1,0,,1.9,2.0,66.7,0,0,0,,1,0,1.0,5
Mathieu Kamba,Calgary Surge,2024-2025,offense,P&R ball handler,Rolls to Basket,3,P&R Roll Man,P&R Including Passes > P&R Roll Man > Rolls to Basket,P&R Including Passes,P&R Roll Man,Rolls to Basket,,,,2,66.7,1.0,113.6,50.0,50.0,0,,,,,,0,,50.0,,,0,0,,0.9,,50.0,0,0,0,,0,0,,2
Mathieu Kamba,Calgary Surge,2024-2025,offense,P&R ball handler,Turnover,4,Rolls to Basket,P&R Including Passes > P&R Roll Man > Rolls to Basket > Turnover,P&R Including Passes,P&R Roll Man,Rolls to Basket,Turnover,,,1,50.0,0.0,,100.0,0.0,0,,,,,,0,,0.0,,,0,0,,0.0,,0.0,0,0,0,,0,0,,0
Mathieu Kamba,Calgary Surge,2024-2025,offense,P&R ball handler,Foul,4,Rolls to Basket,P&R Including Passes > P&R Roll Man > Rolls to Basket > Foul,P&R Including Passes,P&R Roll Man,Rolls to Basket,Foul,,,1,50.0,2.0,113.6,0.0,100.0,0,,,,,,0,,100.0,,,0,0,,0.9,,100.0,0,0,0,,0,0,,2
Mathieu Kamba,Calgary Surge,2024-2025,offense,P&R ball handler,Pick and Pops,3,P&R Roll Man,P&R Including Passes > P&R Roll Man > Pick and Pops,P&R Including Passes,P&R Roll Man,Pick and Pops,,,,1,33.3,3.0,150.0,0.0,0.0,1,100.0,,,100.0,,1,150.0,0.0,,,1,0,,1.0,0.0,100.0,0,0,0,,1,0,1.0,3
Mathieu Kamba,Calgary Surge,2024-2025,offense,P&R ball handler,No Dribble Jumper,4,Pick and Pops,P&R Including Passes > P&R Roll Man > Pick and Pops > No Dribble Jumper,P&R Including Passes,P&R Roll Man,Pick and Pops,No Dribble Jumper,,,1,100.0,3.0,150.0,0.0,0.0,1,100.0,,,100.0,,1,150.0,0.0,,,1,0,,1.0,0.0,100.0,0,0,0,,1,0,1.0,3
Mathieu Kamba,Calgary Surge,2024-2025,offense,P&R ball handler,Guarded,5,No Dribble Jumper,P&R Including Passes > P&R Roll Man > Pick and Pops > No Dribble Jumper > Guarded,P&R Including Passes,P&R Roll Man,Pick and Pops,No Dribble Jumper,Guarded,,1,100.0,3.0,150.0,0.0,0.0,1,100.0,,,100.0,,1,150.0,0.0,,,1,0,,1.0,0.0,100.0,0,0,0,,1,0,1.0,3
Mathieu Kamba,Calgary Surge,2024-2025,offense,P&R ball handler,Long/3pt,6,Guarded,P&R Including Passes > P&R Roll Man > Pick and Pops > No Dribble Jumper > Guarded > Long/3pt,P&R Including Passes,P&R Roll Man,Pick and Pops,No Dribble Jumper,Guarded,Long/3pt,1,100.0,3.0,150.0,0.0,0.0,1,100.0,,,100.0,,1,150.0,0.0,,,1,0,,1.0,0.0,100.0,0,0,0,,1,0,1.0,3
Mathieu Kamba,Calgary Surge,2024-2025,offense,P&R ball handler,Spot-Up,2,P&R Including Passes,P&R Including Passes > Spot-Up,P&R Including Passes,Spot-Up,,,,,2,15.4,1.5,75.0,0.0,0.0,2,50.0,,,50.0,,2,75.0,0.0,,,1,1,,2.0,0.0,50.0,0,0,0,,1,1,1.0,3
Mathieu Kamba,Calgary Surge,2024-2025,offense,P&R ball handler,No Dribble Jumper,3,Spot-Up,P&R Including Passes > Spot-Up > No Dribble Jumper,P&R Including Passes,Spot-Up,No Dribble Jumper,,,,2,100.0,1.5,75.0,0.0,0.0,2,50.0,,,50.0,,2,75.0,0.0,,,1,1,,2.0,0.0,50.0,0,0,0,,1,1,1.0,3
Mathieu Kamba,Calgary Surge,2024-2025,offense,P&R ball handler,Guarded,4,No Dribble Jumper,P&R Including Passes > Spot-Up > No Dribble Jumper > Guarded,P&R Including Passes,Spot-Up,No Dribble Jumper,Guarded,,,2,100.0,1.5,75.0,0.0,0.0,2,50.0,,,50.0,,2,75.0,0.0,,,1,1,,2.0,0.0,50.0,0,0,0,,1,1,1.0,3
Mathieu Kamba,Calgary Surge,2024-2025,offense,P&R ball handler,Long/3pt,5,Guarded,P&R Including Passes > Spot-Up > No Dribble Jumper > Guarded > Long/3pt,P&R Including Passes,Spot-Up,No Dribble Jumper,Guarded,Long/3pt,,2,100.0,1.5,75.0,0.0,0.0,2,50.0,,,50.0,,2,75.0,0.0,,,1,1,,2.0,0.0,50.0,0,0,0,,1,1,1.0,3
Mathieu Kamba,Calgary Surge,2024-2025,offense,P&R ball handler,Make 3 Pts,6,Long/3pt,P&R Including Passes > Spot-Up > No Dribble Jumper > Guarded > Long/3pt > Make 3 Pts,P&R Including Passes,Spot-Up,No Dribble Jumper,Guarded,Long/3pt,Make 3 Pts,1,50.0,3.0,150.0,0.0,0.0,1,100.0,,,100.0,,1,150.0,0.0,,,1,0,,1.0,0.0,100.0,0,0,0,,1,0,1.0,3
Mathieu Kamba,Calgary Surge,2024-2025,offense,P&R ball handler,Miss 3 Pts,6,Long/3pt,P&R Including Passes > Spot-Up > No Dribble Jumper > Guarded > Long/3pt > Miss 3 Pts,P&R Including Passes,Spot-Up,No Dribble Jumper,Guarded,Long/3pt,Miss 3 Pts,1,50.0,0.0,0.0,0.0,0.0,1,0.0,,,0.0,,1,0.0,0.0,,,0,1,,1.0,0.0,0.0,0,0,0,,0,1,1.0,0
Mathieu Kamba,Calgary Surge,2024-2025,offense,P&R ball handler,P&R BH - Defense Commits,1,,P&R BH - Defense Commits,P&R BH - Defense Commits,,,,,,7,3.6,1.143,103.1,42.9,14.3,3,66.7,,,66.7,,3,100.0,14.3,,,2,1,,3.9,0.67,42.9,0,0,0,,2,1,1.0,8
Mathieu Kamba,Calgary Surge,2024-2025,offense,P&R ball handler,P&R Roll Man,2,P&R BH - Defense Commits,P&R BH - Defense Commits > P&R Roll Man,P&R BH - Defense Commits,P&R Roll Man,,,,,3,42.9,1.667,133.0,33.3,33.3,1,100.0,,,100.0,,1,150.0,33.3,,,1,0,,1.9,2.0,66.7,0,0,0,,1,0,1.0,5
Mathieu Kamba,Calgary Surge,2024-2025,offense,P&R ball handler,Rolls to Basket,3,P&R Roll Man,P&R BH - Defense Commits > P&R Roll Man > Rolls to Basket,P&R BH - Defense Commits,P&R Roll Man,Rolls to Basket,,,,2,66.7,1.0,113.6,50.0,50.0,0,,,,,,0,,50.0,,,0,0,,0.9,,50.0,0,0,0,,0,0,,2
Mathieu Kamba,Calgary Surge,2024-2025,offense,P&R ball handler,Foul,4,Rolls to Basket,P&R BH - Defense Commits > P&R Roll Man > Rolls to Basket > Foul,P&R BH - Defense Commits,P&R Roll Man,Rolls to Basket,Foul,,,1,50.0,2.0,113.6,0.0,100.0,0,,,,,,0,,100.0,,,0,0,,0.9,,100.0,0,0,0,,0,0,,2
Mathieu Kamba,Calgary Surge,2024-2025,offense,P&R ball handler,Turnover,4,Rolls to Basket,P&R BH - Defense Commits > P&R Roll Man > Rolls to Basket > Turnover,P&R BH - Defense Commits,P&R Roll Man,Rolls to Basket,Turnover,,,1,50.0,0.0,,100.0,0.0,0,,,,,,0,,0.0,,,0,0,,0.0,,0.0,0,0,0,,0,0,,0
Mathieu Kamba,Calgary Surge,2024-2025,offense,P&R ball handler,Pick and Pops,3,P&R Roll Man,P&R BH - Defense Commits > P&R Roll Man > Pick and Pops,P&R BH - Defense Commits,P&R Roll Man,Pick and Pops,,,,1,33.3,3.0,150.0,0.0,0.0,1,100.0,,,100.0,,1,150.0,0.0,,,1,0,,1.0,0.0,100.0,0,0,0,,1,0,1.0,3
Mathieu Kamba,Calgary Surge,2024-2025,offense,P&R ball handler,No Dribble Jumper,4,Pick and Pops,P&R BH - Defense Commits > P&R Roll Man > Pick and Pops > No Dribble Jumper,P&R BH - Defense Commits,P&R Roll Man,Pick and Pops,No Dribble Jumper,,,1,100.0,3.0,150.0,0.0,0.0,1,100.0,,,100.0,,1,150.0,0.0,,,1,0,,1.0,0.0,100.0,0,0,0,,1,0,1.0,3
Mathieu Kamba,Calgary Surge,2024-2025,offense,P&R ball handler,Guarded,5,No Dribble Jumper,P&R BH - Defense Commits > P&R Roll Man > Pick and Pops > No Dribble Jumper > Guarded,P&R BH - Defense Commits,P&R Roll Man,Pick and Pops,No Dribble Jumper,Guarded,,1,100.0,3.0,150.0,0.0,0.0,1,100.0,,,100.0,,1,150.0,0.0,,,1,0,,1.0,0.0,100.0,0,0,0,,1,0,1.0,3
Mathieu Kamba,Calgary Surge,2024-2025,offense,P&R ball handler,Long/3pt,6,Guarded,P&R BH - Defense Commits > P&R Roll Man > Pick and Pops > No Dribble Jumper > Guarded > Long/3pt,P&R BH - Defense Commits,P&R Roll Man,Pick and Pops,No Dribble Jumper,Guarded,Long/3pt,1,100.0,3.0,150.0,0.0,0.0,1,100.0,,,100.0,,1,150.0,0.0,,,1,0,,1.0,0.0,100.0,0,0,0,,1,0,1.0,3
Mathieu Kamba,Calgary Surge,2024-2025,offense,P&R ball handler,P&R Ball Handler,2,P&R BH - Defense Commits,P&R BH - Defense Commits > P&R Ball Handler,P&R BH - Defense Commits,P&R Ball Handler,,,,,2,28.6,0.0,,100.0,0.0,0,,,,,,0,,0.0,,,0,0,,0.0,,0.0,0,0,0,,0,0,,0
Mathieu Kamba,Calgary Surge,2024-2025,offense,P&R ball handler,High P&R,3,P&R Ball Handler,P&R BH - Defense Commits > P&R Ball Handler > High P&R,P&R BH - Defense Commits,P&R Ball Handler,High P&R,,,,1,50.0,0.0,,100.0,0.0,0,,,,,,0,,0.0,,,0,0,,0.0,,0.0,0,0,0,,0,0,,0
Mathieu Kamba,Calgary Surge,2024-2025,offense,P&R ball handler,Dribble Off Pick,4,High P&R,P&R BH - Defense Commits > P&R Ball Handler > High P&R > Dribble Off Pick,P&R BH - Defense Commits,P&R Ball Handler,High P&R,Dribble Off Pick,,,1,100.0,0.0,,100.0,0.0,0,,,,,,0,,0.0,,,0,0,,0.0,,0.0,0,0,0,,0,0,,0
Mathieu Kamba,Calgary Surge,2024-2025,offense,P&R ball handler,Defense Commits,5,Dribble Off Pick,P&R BH - Defense Commits > P&R Ball Handler > High P&R > Dribble Off Pick > Defense Commits,P&R BH - Defense Commits,P&R Ball Handler,High P&R,Dribble Off Pick,Defense Commits,,1,100.0,0.0,,100.0,0.0,0,,,,,,0,,0.0,,,0,0,,0.0,,0.0,0,0,0,,0,0,,0
Mathieu Kamba,Calgary Surge,2024-2025,offense,P&R ball handler,Turnover,6,Defense Commits,P&R BH - Defense Commits > P&R Ball Handler > High P&R > Dribble Off Pick > Defense Commits > Turnover,P&R BH - Defense Commits,P&R Ball Handler,High P&R,Dribble Off Pick,Defense Commits,Turnover,1,100.0,0.0,,100.0,0.0,0,,,,,,0,,0.0,,,0,0,,0.0,,0.0,0,0,0,,0,0,,0
Mathieu Kamba,Calgary Surge,2024-2025,offense,P&R ball handler,Right P&R,3,P&R Ball Handler,P&R BH - Defense Commits > P&R Ball Handler > Right P&R,P&R BH - Defense Commits,P&R Ball Handler,Right P&R,,,,1,50.0,0.0,,100.0,0.0,0,,,,,,0,,0.0,,,0,0,,0.0,,0.0,0,0,0,,0,0,,0
Mathieu Kamba,Calgary Surge,2024-2025,offense,P&R ball handler,Baseline,4,Right P&R,P&R BH - Defense Commits > P&R Ball Handler > Right P&R > Baseline,P&R BH - Defense Commits,P&R Ball Handler,Right P&R,Baseline,,,1,100.0,0.0,,100.0,0.0,0,,,,,,0,,0.0,,,0,0,,0.0,,0.0,0,0,0,,0,0,,0
Mathieu Kamba,Calgary Surge,2024-2025,offense,P&R ball handler,Dribble Off Pick,5,Baseline,P&R BH - Defense Commits > P&R Ball Handler > Right P&R > Baseline > Dribble Off Pick,P&R BH - Defense Commits,P&R Ball Handler,Right P&R,Baseline,Dribble Off Pick,,1,100.0,0.0,,100.0,0.0,0,,,,,,0,,0.0,,,0,0,,0.0,,0.0,0,0,0,,0,0,,0
Mathieu Kamba,Calgary Surge,2024-2025,offense,P&R ball handler,Defense Commits,6,Dribble Off Pick,P&R BH - Defense Commits > P&R Ball Handler > Right P&R > Baseline > Dribble Off Pick > Defense Commits,P&R BH - Defense Commits,P&R Ball Handler,Right P&R,Baseline,Dribble Off Pick,Defense Commits,1,100.0,0.0,,100.0,0.0,0,,,,,,0,,0.0,,,0,0,,0.0,,0.0,0,0,0,,0,0,,0
Mathieu Kamba,Calgary Surge,2024-2025,offense,P&R ball handler,Spot-Up,2,P&R BH - Defense Commits,P&R BH - Defense Commits > Spot-Up,P&R BH - Defense Commits,Spot-Up,,,,,2,28.6,1.5,75.0,0.0,0.0,2,50.0,,,50.0,,2,75.0,0.0,,,1,1,,2.0,0.0,50.0,0,0,0,,1,1,1.0,3
Mathieu Kamba,Calgary Surge,2024-2025,offense,P&R ball handler,No Dribble Jumper,3,Spot-Up,P&R BH - Defense Commits > Spot-Up > No Dribble Jumper,P&R BH - Defense Commits,Spot-Up,No Dribble Jumper,,,,2,100.0,1.5,75.0,0.0,0.0,2,50.0,,,50.0,,2,75.0,0.0,,,1,1,,2.0,0.0,50.0,0,0,0,,1,1,1.0,3
Mathieu Kamba,Calgary Surge,2024-2025,offense,P&R ball handler,Guarded,4,No Dribble Jumper,P&R BH - Defense Commits > Spot-Up > No Dribble Jumper > Guarded,P&R BH - Defense Commits,Spot-Up,No Dribble Jumper,Guarded,,,2,100.0,1.5,75.0,0.0,0.0,2,50.0,,,50.0,,2,75.0,0.0,,,1,1,,2.0,0.0,50.0,0,0,0,,1,1,1.0,3
Mathieu Kamba,Calgary Surge,2024-2025,offense,P&R ball handler,Long/3pt,5,Guarded,P&R BH - Defense Commits > Spot-Up > No Dribble Jumper > Guarded > Long/3pt,P&R BH - Defense Commits,Spot-Up,No Dribble Jumper,Guarded,Long/3pt,,2,100.0,1.5,75.0,0.0,0.0,2,50.0,,,50.0,,2,75.0,0.0,,,1,1,,2.0,0.0,50.0,0,0,0,,1,1,1.0,3
Mathieu Kamba,Calgary Surge,2024-2025,offense,P&R ball handler,Make 3 Pts,6,Long/3pt,P&R BH - Defense Commits > Spot-Up > No Dribble Jumper > Guarded > Long/3pt > Make 3 Pts,P&R BH - Defense Commits,Spot-Up,No Dribble Jumper,Guarded,Long/3pt,Make 3 Pts,1,50.0,3.0,150.0,0.0,0.0,1,100.0,,,100.0,,1,150.0,0.0,,,1,0,,1.0,0.0,100.0,0,0,0,,1,0,1.0,3
Mathieu Kamba,Calgary Surge,2024-2025,offense,P&R ball handler,Miss 3 Pts,6,Long/3pt,P&R BH - Defense Commits > Spot-Up > No Dribble Jumper > Guarded > Long/3pt > Miss 3 Pts,P&R BH - Defense Commits,Spot-Up,No Dribble Jumper,Guarded,Long/3pt,Miss 3 Pts,1,50.0,0.0,0.0,0.0,0.0,1,0.0,,,0.0,,1,0.0,0.0,,,0,1,,1.0,0.0,0.0,0,0,0,,0,1,1.0,0
Mathieu Kamba,Calgary Surge,2024-2025,offense,P&R ball handler,P&R BH - Traps,1,,P&R BH - Traps,P&R BH - Traps,,,,,,0,0.0,,,,,0,,,,,,0,,,,,0,0,,0.0,,,0,0,0,,0,0,,0
Mathieu Kamba,Calgary Surge,2024-2025,offense,Isolation,ISO Including Passes,1,,ISO Including Passes,ISO Including Passes,,,,,,5,2.6,1.8,82.7,0.0,20.0,0,,,,80.0,,5,80.0,20.0,,,4,1,,5.4,0.2,80.0,5,4,1,80.0,0,0,0.0,9
Mathieu Kamba,Calgary Surge,2024-2025,offense,Isolation,Isolation,2,ISO Including Passes,ISO Including Passes > Isolation,ISO Including Passes,Isolation,,,,,3,60.0,1.667,72.7,0.0,33.3,0,,,,66.7,,3,66.7,33.3,,,2,1,,3.4,0.33,66.7,3,2,1,66.7,0,0,0.0,5
Mathieu Kamba,Calgary Surge,2024-2025,offense,Isolation,Left,3,Isolation,ISO Including Passes > Isolation > Left,ISO Including Passes,Isolation,Left,,,,1,33.3,3.0,104.2,0.0,100.0,0,,,,100.0,,1,100.0,100.0,,,1,0,,1.4,1.0,100.0,1,1,0,100.0,0,0,0.0,3
Mathieu Kamba,Calgary Surge,2024-2025,offense,Isolation,Drives Right,4,Left,ISO Including Passes > Isolation > Left > Drives Right,ISO Including Passes,Isolation,Left,Drives Right,,,1,100.0,3.0,104.2,0.0,100.0,0,,,,100.0,,1,100.0,100.0,,,1,0,,1.4,1.0,100.0,1,1,0,100.0,0,0,0.0,3
Mathieu Kamba,Calgary Surge,2024-2025,offense,Isolation,To Basket,5,Drives Right,ISO Including Passes > Isolation > Left > Drives Right > To Basket,ISO Including Passes,Isolation,Left,Drives Right,To Basket,,1,100.0,3.0,104.2,0.0,100.0,0,,,,100.0,,1,100.0,100.0,,,1,0,,1.4,1.0,100.0,1,1,0,100.0,0,0,0.0,3
Mathieu Kamba,Calgary Surge,2024-2025,offense,Isolation,Make 2 Pts Foul,6,To Basket,ISO Including Passes > Isolation > Left > Drives Right > To Basket > Make 2 Pts Foul,ISO Including Passes,Isolation,Left,Drives Right,To Basket,Make 2 Pts Foul,1,100.0,3.0,104.2,0.0,100.0,0,,,,100.0,,1,100.0,100.0,,,1,0,,1.4,1.0,100.0,1,1,0,100.0,0,0,0.0,3
Mathieu Kamba,Calgary Surge,2024-2025,offense,Isolation,Top,3,Isolation,ISO Including Passes > Isolation > Top,ISO Including Passes,Isolation,Top,,,,1,33.3,2.0,100.0,0.0,0.0,0,,,,100.0,,1,100.0,0.0,,,1,0,,1.0,0.0,100.0,1,1,0,100.0,0,0,0.0,2
Mathieu Kamba,Calgary Surge,2024-2025,offense,Isolation,Drives Left,4,Top,ISO Including Passes > Isolation > Top > Drives Left,ISO Including Passes,Isolation,Top,Drives Left,,,1,100.0,2.0,100.0,0.0,0.0,0,,,,100.0,,1,100.0,0.0,,,1,0,,1.0,0.0,100.0,1,1,0,100.0,0,0,0.0,2
Mathieu Kamba,Calgary Surge,2024-2025,offense,Isolation,To Basket,5,Drives Left,ISO Including Passes > Isolation > Top > Drives Left > To Basket,ISO Including Passes,Isolation,Top,Drives Left,To Basket,,1,100.0,2.0,100.0,0.0,0.0,0,,,,100.0,,1,100.0,0.0,,,1,0,,1.0,0.0,100.0,1,1,0,100.0,0,0,0.0,2
Mathieu Kamba,Calgary Surge,2024-2025,offense,Isolation,Make 2 Pts,6,To Basket,ISO Including Passes > Isolation > Top > Drives Left > To Basket > Make 2 Pts,ISO Including Passes,Isolation,Top,Drives Left,To Basket,Make 2 Pts,1,100.0,2.0,100.0,0.0,0.0,0,,,,100.0,,1,100.0,0.0,,,1,0,,1.0,0.0,100.0,1,1,0,100.0,0,0,0.0,2
Mathieu Kamba,Calgary Surge,2024-2025,offense,Isolation,Right,3,Isolation,ISO Including Passes > Isolation > Right,ISO Including Passes,Isolation,Right,,,,1,33.3,0.0,0.0,0.0,0.0,0,,,,0.0,,1,0.0,0.0,,,0,1,,1.0,0.0,0.0,1,0,1,0.0,0,0,0.0,0
Mathieu Kamba,Calgary Surge,2024-2025,offense,Isolation,Drives Right,4,Right,ISO Including Passes > Isolation > Right > Drives Right,ISO Including Passes,Isolation,Right,Drives Right,,,1,100.0,0.0,0.0,0.0,0.0,0,,,,0.0,,1,0.0,0.0,,,0,1,,1.0,0.0,0.0,1,0,1,0.0,0,0,0.0,0
Mathieu Kamba,Calgary Surge,2024-2025,offense,Isolation,To Basket,5,Drives Right,ISO Including Passes > Isolation > Right > Drives Right > To Basket,ISO Including Passes,Isolation,Right,Drives Right,To Basket,,1,100.0,0.0,0.0,0.0,0.0,0,,,,0.0,,1,0.0,0.0,,,0,1,,1.0,0.0,0.0,1,0,1,0.0,0,0,0.0,0
Mathieu Kamba,Calgary Surge,2024-2025,offense,Isolation,Miss 2 Pts,6,To Basket,ISO Including Passes > Isolation > Right > Drives Right > To Basket > Miss 2 Pts,ISO Including Passes,Isolation,Right,Drives Right,To Basket,Miss 2 Pts,1,100.0,0.0,0.0,0.0,0.0,0,,,,0.0,,1,0.0,0.0,,,0,1,,1.0,0.0,0.0,1,0,1,0.0,0,0,0.0,0
Mathieu Kamba,Calgary Surge,2024-2025,offense,Isolation,Cut,2,ISO Including Passes,ISO Including Passes > Cut,ISO Including Passes,Cut,,,,,1,20.0,2.0,100.0,0.0,0.0,0,,,,100.0,,1,100.0,0.0,,,1,0,,1.0,0.0,100.0,1,1,0,100.0,0,0,0.0,2
Mathieu Kamba,Calgary Surge,2024-2025,offense,Isolation,Basket,3,Cut,ISO Including Passes > Cut > Basket,ISO Including Passes,Cut,Basket,,,,1,100.0,2.0,100.0,0.0,0.0,0,,,,100.0,,1,100.0,0.0,,,1,0,,1.0,0.0,100.0,1,1,0,100.0,0,0,0.0,2
Mathieu Kamba,Calgary Surge,2024-2025,offense,Isolation,Make 2 Pts,4,Basket,ISO Including Passes > Cut > Basket > Make 2 Pts,ISO Including Passes,Cut,Basket,Make 2 Pts,,,1,100.0,2.0,100.0,0.0,0.0,0,,,,100.0,,1,100.0,0.0,,,1,0,,1.0,0.0,100.0,1,1,0,100.0,0,0,0.0,2
Mathieu Kamba,Calgary Surge,2024-2025,offense,Isolation,Spot-Up,2,ISO Including Passes,ISO Including Passes > Spot-Up,ISO Including Passes,Spot-Up,,,,,1,20.0,2.0,100.0,0.0,0.0,0,,,,100.0,,1,100.0,0.0,,,1,0,,1.0,0.0,100.0,1,1,0,100.0,0,0,0.0,2
Mathieu Kamba,Calgary Surge,2024-2025,offense,Isolation,Drives Right,3,Spot-Up,ISO Including Passes > Spot-Up > Drives Right,ISO Including Passes,Spot-Up,Drives Right,,,,1,100.0,2.0,100.0,0.0,0.0,0,,,,100.0,,1,100.0,0.0,,,1,0,,1.0,0.0,100.0,1,1,0,100.0,0,0,0.0,2
Mathieu Kamba,Calgary Surge,2024-2025,offense,Isolation,Dribble Jumper,4,Drives Right,ISO Including Passes > Spot-Up > Drives Right > Dribble Jumper,ISO Including Passes,Spot-Up,Drives Right,Dribble Jumper,,,1,100.0,2.0,100.0,0.0,0.0,0,,,,100.0,,1,100.0,0.0,,,1,0,,1.0,0.0,100.0,1,1,0,100.0,0,0,0.0,2
Mathieu Kamba,Calgary Surge,2024-2025,offense,Isolation,Short to < 17,5,Dribble Jumper,ISO Including Passes > Spot-Up > Drives Right > Dribble Jumper > Short to < 17,ISO Including Passes,Spot-Up,Drives Right,Dribble Jumper,Short to < 17,,1,100.0,2.0,100.0,0.0,0.0,0,,,,100.0,,1,100.0,0.0,,,1,0,,1.0,0.0,100.0,1,1,0,100.0,0,0,0.0,2
Mathieu Kamba,Calgary Surge,2024-2025,offense,Isolation,Make 2 Pts,6,Short to < 17,ISO Including Passes > Spot-Up > Drives Right > Dribble Jumper > Short to < 17 > Make 2 Pts,ISO Including Passes,Spot-Up,Drives Right,Dribble Jumper,Short to < 17,Make 2 Pts,1,100.0,2.0,100.0,0.0,0.0,0,,,,100.0,,1,100.0,0.0,,,1,0,,1.0,0.0,100.0,1,1,0,100.0,0,0,0.0,2
Mathieu Kamba,Calgary Surge,2024-2025,offense,Isolation,ISO - Defense Commits,1,,ISO - Defense Commits,ISO - Defense Commits,,,,,,2,1.0,2.0,100.0,0.0,0.0,0,,,,100.0,,2,100.0,0.0,,,2,0,,2.0,0.0,100.0,2,2,0,100.0,0,0,0.0,4
Mathieu Kamba,Calgary Surge,2024-2025,offense,Isolation,Spot-Up,2,ISO - Defense Commits,ISO - Defense Commits > Spot-Up,ISO - Defense Commits,Spot-Up,,,,,1,50.0,2.0,100.0,0.0,0.0,0,,,,100.0,,1,100.0,0.0,,,1,0,,1.0,0.0,100.0,1,1,0,100.0,0,0,0.0,2
Mathieu Kamba,Calgary Surge,2024-2025,offense,Isolation,Drives Right,3,Spot-Up,ISO - Defense Commits > Spot-Up > Drives Right,ISO - Defense Commits,Spot-Up,Drives Right,,,,1,100.0,2.0,100.0,0.0,0.0,0,,,,100.0,,1,100.0,0.0,,,1,0,,1.0,0.0,100.0,1,1,0,100.0,0,0,0.0,2
Mathieu Kamba,Calgary Surge,2024-2025,offense,Isolation,Dribble Jumper,4,Drives Right,ISO - Defense Commits > Spot-Up > Drives Right > Dribble Jumper,ISO - Defense Commits,Spot-Up,Drives Right,Dribble Jumper,,,1,100.0,2.0,100.0,0.0,0.0,0,,,,100.0,,1,100.0,0.0,,,1,0,,1.0,0.0,100.0,1,1,0,100.0,0,0,0.0,2
Mathieu Kamba,Calgary Surge,2024-2025,offense,Isolation,Short to < 17,5,Dribble Jumper,ISO - Defense Commits > Spot-Up > Drives Right > Dribble Jumper > Short to < 17,ISO - Defense Commits,Spot-Up,Drives Right,Dribble Jumper,Short to < 17,,1,100.0,2.0,100.0,0.0,0.0,0,,,,100.0,,1,100.0,0.0,,,1,0,,1.0,0.0,100.0,1,1,0,100.0,0,0,0.0,2
Mathieu Kamba,Calgary Surge,2024-2025,offense,Isolation,Make 2 Pts,6,Short to < 17,ISO - Defense Commits > Spot-Up > Drives Right > Dribble Jumper > Short to < 17 > Make 2 Pts,ISO - Defense Commits,Spot-Up,Drives Right,Dribble Jumper,Short to < 17,Make 2 Pts,1,100.0,2.0,100.0,0.0,0.0,0,,,,100.0,,1,100.0,0.0,,,1,0,,1.0,0.0,100.0,1,1,0,100.0,0,0,0.0,2
Mathieu Kamba,Calgary Surge,2024-2025,offense,Isolation,Cut,2,ISO - Defense Commits,ISO - Defense Commits > Cut,ISO - Defense Commits,Cut,,,,,1,50.0,2.0,100.0,0.0,0.0,0,,,,100.0,,1,100.0,0.0,,,1,0,,1.0,0.0,100.0,1,1,0,100.0,0,0,0.0,2
Mathieu Kamba,Calgary Surge,2024-2025,offense,Isolation,Basket,3,Cut,ISO - Defense Commits > Cut > Basket,ISO - Defense Commits,Cut,Basket,,,,1,100.0,2.0,100.0,0.0,0.0,0,,,,100.0,,1,100.0,0.0,,,1,0,,1.0,0.0,100.0,1,1,0,100.0,0,0,0.0,2
Mathieu Kamba,Calgary Surge,2024-2025,offense,Isolation,Make 2 Pts,4,Basket,ISO - Defense Commits > Cut > Basket > Make 2 Pts,ISO - Defense Commits,Cut,Basket,Make 2 Pts,,,1,100.0,2.0,100.0,0.0,0.0,0,,,,100.0,,1,100.0,0.0,,,1,0,,1.0,0.0,100.0,1,1,0,100.0,0,0,0.0,2
Mathieu Kamba,Calgary Surge,2024-2025,offense,Post up,Post-Ups Including Passes,1,,Post-Ups Including Passes,Post-Ups Including Passes,,,,,,7,3.6,1.286,75.0,14.3,0.0,1,100.0,,,66.7,,6,75.0,0.0,,,4,2,,6.0,0.0,57.1,5,3,2,60.0,1,0,0.17,9
Mathieu Kamba,Calgary Surge,2024-2025,offense,Post up,Post-Up,2,Post-Ups Including Passes,Post-Ups Including Passes > Post-Up,Post-Ups Including Passes,Post-Up,,,,,6,85.7,1.0,60.0,16.7,0.0,0,,,,60.0,,5,60.0,0.0,,,3,2,,5.0,0.0,50.0,5,3,2,60.0,0,0,0.0,6
Mathieu Kamba,Calgary Surge,2024-2025,offense,Post up,Right Block,3,Post-Up,Post-Ups Including Passes > Post-Up > Right Block,Post-Ups Including Passes,Post-Up,Right Block,,,,4,66.7,1.0,66.7,25.0,0.0,0,,,,66.7,,3,66.7,0.0,,,2,1,,3.0,0.0,50.0,3,2,1,66.7,0,0,0.0,4
Mathieu Kamba,Calgary Surge,2024-2025,offense,Post up,Left Shoulder,4,Right Block,Post-Ups Including Passes > Post-Up > Right Block > Left Shoulder,Post-Ups Including Passes,Post-Up,Right Block,Left Shoulder,,,2,50.0,1.0,50.0,0.0,0.0,0,,,,50.0,,2,50.0,0.0,,,1,1,,2.0,0.0,50.0,2,1,1,50.0,0,0,0.0,2
Mathieu Kamba,Calgary Surge,2024-2025,offense,Post up,Dribble Move,5,Left Shoulder,Post-Ups Including Passes > Post-Up > Right Block > Left Shoulder > Dribble Move,Post-Ups Including Passes,Post-Up,Right Block,Left Shoulder,Dribble Move,,2,100.0,1.0,50.0,0.0,0.0,0,,,,50.0,,2,50.0,0.0,,,1,1,,2.0,0.0,50.0,2,1,1,50.0,0,0,0.0,2
Mathieu Kamba,Calgary Surge,2024-2025,offense,Post up,To Basket,6,Dribble Move,Post-Ups Including Passes > Post-Up > Right Block > Left Shoulder > Dribble Move > To Basket,Post-Ups Including Passes,Post-Up,Right Block,Left Shoulder,Dribble Move,To Basket,2,100.0,1.0,50.0,0.0,0.0,0,,,,50.0,,2,50.0,0.0,,,1,1,,2.0,0.0,50.0,2,1,1,50.0,0,0,0.0,2
Mathieu Kamba,Calgary Surge,2024-2025,offense,Post up,Right Shoulder,4,Right Block,Post-Ups Including Passes > Post-Up > Right Block > Right Shoulder,Post-Ups Including Passes,Post-Up,Right Block,Right Shoulder,,,2,50.0,1.0,100.0,50.0,0.0,0,,,,100.0,,1,100.0,0.0,,,1,0,,1.0,0.0,50.0,1,1,0,100.0,0,0,0.0,2
Mathieu Kamba,Calgary Surge,2024-2025,offense,Post up,Dribble Move,5,Right Shoulder,Post-Ups Including Passes > Post-Up > Right Block > Right Shoulder > Dribble Move,Post-Ups Including Passes,Post-Up,Right Block,Right Shoulder,Dribble Move,,2,100.0,1.0,100.0,50.0,0.0,0,,,,100.0,,1,100.0,0.0,,,1,0,,1.0,0.0,50.0,1,1,0,100.0,0,0,0.0,2
Mathieu Kamba,Calgary Surge,2024-2025,offense,Post up,Turnover,6,Dribble Move,Post-Ups Including Passes > Post-Up > Right Block > Right Shoulder > Dribble Move > Turnover,Post-Ups Including Passes,Post-Up,Right Block,Right Shoulder,Dribble Move,Turnover,1,50.0,0.0,,100.0,0.0,0,,,,,,0,,0.0,,,0,0,,0.0,,0.0,0,0,0,,0,0,,0
Mathieu Kamba,Calgary Surge,2024-2025,offense,Post up,To Jumper,6,Dribble Move,Post-Ups Including Passes > Post-Up > Right Block > Right Shoulder > Dribble Move > To Jumper,Post-Ups Including Passes,Post-Up,Right Block,Right Shoulder,Dribble Move,To Jumper,1,50.0,2.0,100.0,0.0,0.0,0,,,,100.0,,1,100.0,0.0,,,1,0,,1.0,0.0,100.0,1,1,0,100.0,0,0,0.0,2
Mathieu Kamba,Calgary Surge,2024-2025,offense,Post up,Left Block,3,Post-Up,Post-Ups Including Passes > Post-Up > Left Block,Post-Ups Including Passes,Post-Up,Left Block,,,,1,16.7,0.0,0.0,0.0,0.0,0,,,,0.0,,1,0.0,0.0,,,0,1,,1.0,0.0,0.0,1,0,1,0.0,0,0,0.0,0
Mathieu Kamba,Calgary Surge,2024-2025,offense,Post up,Left Shoulder,4,Left Block,Post-Ups Including Passes > Post-Up > Left Block > Left Shoulder,Post-Ups Including Passes,Post-Up,Left Block,Left Shoulder,,,1,100.0,0.0,0.0,0.0,0.0,0,,,,0.0,,1,0.0,0.0,,,0,1,,1.0,0.0,0.0,1,0,1,0.0,0,0,0.0,0
Mathieu Kamba,Calgary Surge,2024-2025,offense,Post up,Dribble Move,5,Left Shoulder,Post-Ups Including Passes > Post-Up > Left Block > Left Shoulder > Dribble Move,Post-Ups Including Passes,Post-Up,Left Block,Left Shoulder,Dribble Move,,1,100.0,0.0,0.0,0.0,0.0,0,,,,0.0,,1,0.0,0.0,,,0,1,,1.0,0.0,0.0,1,0,1,0.0,0,0,0.0,0
Mathieu Kamba,Calgary Surge,2024-2025,offense,Post up,To Jumper,6,Dribble Move,Post-Ups Including Passes > Post-Up > Left Block > Left Shoulder > Dribble Move > To Jumper,Post-Ups Including Passes,Post-Up,Left Block,Left Shoulder,Dribble Move,To Jumper,1,100.0,0.0,0.0,0.0,0.0,0,,,,0.0,,1,0.0,0.0,,,0,1,,1.0,0.0,0.0,1,0,1,0.0,0,0,0.0,0
Mathieu Kamba,Calgary Surge,2024-2025,offense,Post up,Flash Middle,3,Post-Up,Post-Ups Including Passes > Post-Up > Flash Middle,Post-Ups Including Passes,Post-Up,Flash Middle,,,,1,16.7,2.0,100.0,0.0,0.0,0,,,,100.0,,1,100.0,0.0,,,1,0,,1.0,0.0,100.0,1,1,0,100.0,0,0,0.0,2
Mathieu Kamba,Calgary Surge,2024-2025,offense,Post up,Left Shoulder,4,Flash Middle,Post-Ups Including Passes > Post-Up > Flash Middle > Left Shoulder,Post-Ups Including Passes,Post-Up,Flash Middle,Left Shoulder,,,1,100.0,2.0,100.0,0.0,0.0,0,,,,100.0,,1,100.0,0.0,,,1,0,,1.0,0.0,100.0,1,1,0,100.0,0,0,0.0,2
Mathieu Kamba,Calgary Surge,2024-2025,offense,Post up,Dribble Move,5,Left Shoulder,Post-Ups Including Passes > Post-Up > Flash Middle > Left Shoulder > Dribble Move,Post-Ups Including Passes,Post-Up,Flash Middle,Left Shoulder,Dribble Move,,1,100.0,2.0,100.0,0.0,0.0,0,,,,100.0,,1,100.0,0.0,,,1,0,,1.0,0.0,100.0,1,1,0,100.0,0,0,0.0,2
Mathieu Kamba,Calgary Surge,2024-2025,offense,Post up,To Jumper,6,Dribble Move,Post-Ups Including Passes > Post-Up > Flash Middle > Left Shoulder > Dribble Move > To Jumper,Post-Ups Including Passes,Post-Up,Flash Middle,Left Shoulder,Dribble Move,To Jumper,1,100.0,2.0,100.0,0.0,0.0,0,,,,100.0,,1,100.0,0.0,,,1,0,,1.0,0.0,100.0,1,1,0,100.0,0,0,0.0,2
Mathieu Kamba,Calgary Surge,2024-2025,offense,Post up,Spot-Up,2,Post-Ups Including Passes,Post-Ups Including Passes > Spot-Up,Post-Ups Including Passes,Spot-Up,,,,,2,28.6,1.5,75.0,0.0,0.0,2,50.0,,,50.0,,2,75.0,0.0,,,1,1,,2.0,0.0,50.0,0,0,0,,1,1,1.0,3
Mathieu Kamba,Calgary Surge,2024-2025,offense,Post up,No Dribble Jumper,3,Spot-Up,Post-Ups Including Passes > Spot-Up > No Dribble Jumper,Post-Ups Including Passes,Spot-Up,No Dribble Jumper,,,,2,100.0,1.5,75.0,0.0,0.0,2,50.0,,,50.0,,2,75.0,0.0,,,1,1,,2.0,0.0,50.0,0,0,0,,1,1,1.0,3
Mathieu Kamba,Calgary Surge,2024-2025,offense,Post up,Open,4,No Dribble Jumper,Post-Ups Including Passes > Spot-Up > No Dribble Jumper > Open,Post-Ups Including Passes,Spot-Up,No Dribble Jumper,Open,,,2,100.0,1.5,75.0,0.0,0.0,2,50.0,,,50.0,,2,75.0,0.0,,,1,1,,2.0,0.0,50.0,0,0,0,,1,1,1.0,3
Mathieu Kamba,Calgary Surge,2024-2025,offense,Post up,Long/3pt,5,Open,Post-Ups Including Passes > Spot-Up > No Dribble Jumper > Open > Long/3pt,Post-Ups Including Passes,Spot-Up,No Dribble Jumper,Open,Long/3pt,,2,100.0,1.5,75.0,0.0,0.0,2,50.0,,,50.0,,2,75.0,0.0,,,1,1,,2.0,0.0,50.0,0,0,0,,1,1,1.0,3
Mathieu Kamba,Calgary Surge,2024-2025,offense,Post up,Make 3 Pts,6,Long/3pt,Post-Ups Including Passes > Spot-Up > No Dribble Jumper > Open > Long/3pt > Make 3 Pts,Post-Ups Including Passes,Spot-Up,No Dribble Jumper,Open,Long/3pt,Make 3 Pts,1,50.0,3.0,150.0,0.0,0.0,1,100.0,,,100.0,,1,150.0,0.0,,,1,0,,1.0,0.0,100.0,0,0,0,,1,0,1.0,3
Mathieu Kamba,Calgary Surge,2024-2025,offense,Post up,Miss 3 Pts,6,Long/3pt,Post-Ups Including Passes > Spot-Up > No Dribble Jumper > Open > Long/3pt > Miss 3 Pts,Post-Ups Including Passes,Spot-Up,No Dribble Jumper,Open,Long/3pt,Miss 3 Pts,1,50.0,0.0,0.0,0.0,0.0,1,0.0,,,0.0,,1,0.0,0.0,,,0,1,,1.0,0.0,0.0,0,0,0,,0,1,1.0,0
Mathieu Kamba,Calgary Surge,2024-2025,offense,Post up,Post-Up - Defense Commits,1,,Post-Up - Defense Commits,Post-Up - Defense Commits,,,,,,1,0.5,3.0,150.0,0.0,0.0,1,100.0,,,100.0,,1,150.0,0.0,,,1,0,,1.0,0.0,100.0,0,0,0,,1,0,1.0,3
Mathieu Kamba,Calgary Surge,2024-2025,offense,Post up,No Dribble Jumper,2,Post-Up - Defense Commits,Post-Up - Defense Commits > No Dribble Jumper,Post-Up - Defense Commits,No Dribble Jumper,,,,,2,200.0,1.5,75.0,0.0,0.0,2,50.0,,,50.0,,2,75.0,0.0,,,1,1,,2.0,0.0,50.0,0,0,0,,1,1,1.0,3
Mathieu Kamba,Calgary Surge,2024-2025,offense,Post up,Open,3,No Dribble Jumper,Post-Up - Defense Commits > No Dribble Jumper > Open,Post-Up - Defense Commits,No Dribble Jumper,Open,,,,2,100.0,1.5,75.0,0.0,0.0,2,50.0,,,50.0,,2,75.0,0.0,,,1,1,,2.0,0.0,50.0,0,0,0,,1,1,1.0,3
Mathieu Kamba,Calgary Surge,2024-2025,offense,Post up,Long/3pt,4,Open,Post-Up - Defense Commits > No Dribble Jumper > Open > Long/3pt,Post-Up - Defense Commits,No Dribble Jumper,Open,Long/3pt,,,2,100.0,1.5,75.0,0.0,0.0,2,50.0,,,50.0,,2,75.0,0.0,,,1,1,,2.0,0.0,50.0,0,0,0,,1,1,1.0,3
Mathieu Kamba,Calgary Surge,2024-2025,offense,Post up,Make 3 Pts,5,Long/3pt,Post-Up - Defense Commits > No Dribble Jumper > Open > Long/3pt > Make 3 Pts,Post-Up - Defense Commits,No Dribble Jumper,Open,Long/3pt,Make 3 Pts,,1,50.0,3.0,150.0,0.0,0.0,1,100.0,,,100.0,,1,150.0,0.0,,,1,0,,1.0,0.0,100.0,0,0,0,,1,0,1.0,3
Mathieu Kamba,Calgary Surge,2024-2025,offense,Post up,Miss 3 Pts,5,Long/3pt,Post-Up - Defense Commits > No Dribble Jumper > Open > Long/3pt > Miss 3 Pts,Post-Up - Defense Commits,No Dribble Jumper,Open,Long/3pt,Miss 3 Pts,,1,50.0,0.0,0.0,0.0,0.0,1,0.0,,,0.0,,1,0.0,0.0,,,0,1,,1.0,0.0,0.0,0,0,0,,0,1,1.0,0
Mathieu Kamba,Calgary Surge,2024-2025,offense,Post up,Post-Up - Hard Double,1,,Post-Up - Hard Double,Post-Up - Hard Double,,,,,,0,0.0,,,,,0,,,,,,0,,,,,0,0,,0.0,,,0,0,0,,0,0,,0
