PLAYER,TEAM,SEASON,SIDE,TABLE,STAT,DEPTH,PARENT,PATH,LEVEL_1,LEVEL_2,LEVEL_3,LEVEL_4,LEVEL_5,LEVEL_6,POSS,%TIME,PPP,TS%,TO%,%FT,3FG ATT,3 FG%,PPP RATING,PPP RANK,FG%,%TIME RANK,FG ATT,EFG%,%SF,SSQ,PPS,FG MADE,FG MISS,SSM,TSA,FTA/FGA,SCORE%,2 FG ATT,2 FG MADE,2 FG MISS,2 FG%,3 FG MADE,3 FG MISS,3PA/FGA,PTS
Chris Smith,Montreal Alliance,2024-2025,offense,Play types,Spot Up,1,,Spot Up,Spot Up,,,,,,62,18.7,0.984,57.6,14.5,8.1,31,35.5,Good,51.0,42.9,23.0,49,54.1,6.5,,,21,28,,53.0,0.18,40.3,18,10,8,55.6,11,20,0.63,61
Chris Smith,Montreal Alliance,2024-2025,offense,Play types,No Dribble Jumper,2,Spot Up,Spot Up > No Dribble Jumper,Spot Up,No Dribble Jumper,,,,,26,41.9,1.038,51.9,0.0,0.0,26,34.6,,,34.6,,26,51.9,0.0,,,9,17,,26.0,0.0,34.6,0,0,0,,9,17,1.0,27
Chris Smith,Montreal Alliance,2024-2025,offense,Play types,Guarded,3,No Dribble Jumper,Spot Up > No Dribble Jumper > Guarded,Spot Up,No Dribble Jumper,Guarded,,,,17,65.4,1.059,52.9,0.0,0.0,17,35.3,,,35.3,,17,52.9,0.0,,,6,11,,17.0,0.0,35.3,0,0,0,,6,11,1.0,18
Chris Smith,Montreal Alliance,2024-2025,offense,Play types,Long/3pt,4,Guarded,Spot Up > No Dribble Jumper > Guarded > Long/3pt,Spot Up,No Dribble Jumper,Guarded,Long/3pt,,,17,100.0,1.059,52.9,0.0,0.0,17,35.3,,,35.3,,17,52.9,0.0,,,6,11,,17.0,0.0,35.3,0,0,0,,6,11,1.0,18
Chris Smith,Montreal Alliance,2024-2025,offense,Play types,Miss 3 Pts,5,Long/3pt,Spot Up > No Dribble Jumper > Guarded > Long/3pt > Miss 3 Pts,Spot Up,No Dribble Jumper,Guarded,Long/3pt,Miss 3 Pts,,11,64.7,0.0,0.0,0.0,0.0,11,0.0,,,0.0,,11,0.0,0.0,,,0,11,,11.0,0.0,0.0,0,0,0,,0,11,1.0,0
Chris Smith,Montreal Alliance,2024-2025,offense,Play types,Make 3 Pts,5,Long/3pt,Spot Up > No Dribble Jumper > Guarded > Long/3pt > Make 3 Pts,Spot Up,No Dribble Jumper,Guarded,Long/3pt,Make 3 Pts,,6,35.3,3.0,150.0,0.0,0.0,6,100.0,,,100.0,,6,150.0,0.0,,,6,0,,6.0,0.0,100.0,0,0,0,,6,0,1.0,18
Chris Smith,Montreal Alliance,2024-2025,offense,Play types,Open,3,No Dribble Jumper,Spot Up > No Dribble Jumper > Open,Spot Up,No Dribble Jumper,Open,,,,9,34.6,1.0,50.0,0.0,0.0,9,33.3,,,33.3,,9,50.0,0.0,,,3,6,,9.0,0.0,33.3,0,0,0,,3,6,1.0,9
Chris Smith,Montreal Alliance,2024-2025,offense,Play types,Long/3pt,4,Open,Spot Up > No Dribble Jumper > Open > Long/3pt,Spot Up,No Dribble Jumper,Open,Long/3pt,,,9,100.0,1.0,50.0,0.0,0.0,9,33.3,,,33.3,,9,50.0,0.0,,,3,6,,9.0,0.0,33.3,0,0,0,,3,6,1.0,9
Chris Smith,Montreal Alliance,2024-2025,offense,Play types,Miss 3 Pts,5,Long/3pt,Spot Up > No Dribble Jumper > Open > Long/3pt > Miss 3 Pts,Spot Up,No Dribble Jumper,Open,Long/3pt,Miss 3 Pts,,6,66.7,0.0,0.0,0.0,0.0,6,0.0,,,0.0,,6,0.0,0.0,,,0,6,,6.0,0.0,0.0,0,0,0,,0,6,1.0,0
Chris Smith,Montreal Alliance,2024-2025,offense,Play types,Make 3 Pts,5,Long/3pt,Spot Up > No Dribble Jumper > Open > Long/3pt > Make 3 Pts,Spot Up,No Dribble Jumper,Open,Long/3pt,Make 3 Pts,,3,33.3,3.0,150.0,0.0,0.0,3,100.0,,,100.0,,3,150.0,0.0,,,3,0,,3.0,0.0,100.0,0,0,0,,3,0,1.0,9
Chris Smith,Montreal Alliance,2024-2025,offense,Play types,Drives Left,2,Spot Up,Spot Up > Drives Left,Spot Up,Drives Left,,,,,18,29.0,0.889,60.1,27.8,11.1,3,66.7,,,50.0,,12,58.3,11.1,,,6,6,,13.3,0.25,38.9,9,4,5,44.4,2,1,0.25,16
Chris Smith,Montreal Alliance,2024-2025,offense,Play types,Dribble Jumper,3,Drives Left,Spot Up > Drives Left > Dribble Jumper,Spot Up,Drives Left,Dribble Jumper,,,,8,44.4,1.125,57.1,0.0,12.5,3,66.7,,,42.9,,7,57.1,12.5,,,3,4,,7.9,0.29,50.0,4,1,3,25.0,2,1,0.43,9
Chris Smith,Montreal Alliance,2024-2025,offense,Play types,Short to < 17,4,Dribble Jumper,Spot Up > Drives Left > Dribble Jumper > Short to < 17,Spot Up,Drives Left,Dribble Jumper,Short to < 17,,,4,50.0,0.75,38.7,0.0,25.0,0,,,,33.3,,3,33.3,25.0,,,1,2,,3.9,0.67,50.0,3,1,2,33.3,0,0,0.0,3
Chris Smith,Montreal Alliance,2024-2025,offense,Play types,Miss 2 Pts,5,Short to < 17,Spot Up > Drives Left > Dribble Jumper > Short to < 17 > Miss 2 Pts,Spot Up,Drives Left,Dribble Jumper,Short to < 17,Miss 2 Pts,,2,50.0,0.0,0.0,0.0,0.0,0,,,,0.0,,2,0.0,0.0,,,0,2,,2.0,0.0,0.0,2,0,2,0.0,0,0,0.0,0
Chris Smith,Montreal Alliance,2024-2025,offense,Play types,Foul,5,Short to < 17,Spot Up > Drives Left > Dribble Jumper > Short to < 17 > Foul,Spot Up,Drives Left,Dribble Jumper,Short to < 17,Foul,,1,25.0,1.0,56.8,0.0,100.0,0,,,,,,0,,100.0,,,0,0,,0.9,,100.0,0,0,0,,0,0,,1
Chris Smith,Montreal Alliance,2024-2025,offense,Play types,Make 2 Pts,5,Short to < 17,Spot Up > Drives Left > Dribble Jumper > Short to < 17 > Make 2 Pts,Spot Up,Drives Left,Dribble Jumper,Short to < 17,Make 2 Pts,,1,25.0,2.0,100.0,0.0,0.0,0,,,,100.0,,1,100.0,0.0,,,1,0,,1.0,0.0,100.0,1,1,0,100.0,0,0,0.0,2
Chris Smith,Montreal Alliance,2024-2025,offense,Play types,Long/3pt,4,Dribble Jumper,Spot Up > Drives Left > Dribble Jumper > Long/3pt,Spot Up,Drives Left,Dribble Jumper,Long/3pt,,,3,37.5,2.0,100.0,0.0,0.0,3,66.7,,,66.7,,3,100.0,0.0,,,2,1,,3.0,0.0,66.7,0,0,0,,2,1,1.0,6
Chris Smith,Montreal Alliance,2024-2025,offense,Play types,Make 3 Pts,5,Long/3pt,Spot Up > Drives Left > Dribble Jumper > Long/3pt > Make 3 Pts,Spot Up,Drives Left,Dribble Jumper,Long/3pt,Make 3 Pts,,2,66.7,3.0,150.0,0.0,0.0,2,100.0,,,100.0,,2,150.0,0.0,,,2,0,,2.0,0.0,100.0,0,0,0,,2,0,1.0,6
Chris Smith,Montreal Alliance,2024-2025,offense,Play types,Miss 3 Pts,5,Long/3pt,Spot Up > Drives Left > Dribble Jumper > Long/3pt > Miss 3 Pts,Spot Up,Drives Left,Dribble Jumper,Long/3pt,Miss 3 Pts,,1,33.3,0.0,0.0,0.0,0.0,1,0.0,,,0.0,,1,0.0,0.0,,,0,1,,1.0,0.0,0.0,0,0,0,,0,1,1.0,0
Chris Smith,Montreal Alliance,2024-2025,offense,Play types,Medium/17' to 3pt,4,Dribble Jumper,Spot Up > Drives Left > Dribble Jumper > Medium/17' to 3pt,Spot Up,Drives Left,Dribble Jumper,Medium/17' to 3pt,,,1,12.5,0.0,0.0,0.0,0.0,0,,,,0.0,,1,0.0,0.0,,,0,1,,1.0,0.0,0.0,1,0,1,0.0,0,0,0.0,0
Chris Smith,Montreal Alliance,2024-2025,offense,Play types,Miss 2 Pts,5,Medium/17' to 3pt,Spot Up > Drives Left > Dribble Jumper > Medium/17' to 3pt > Miss 2 Pts,Spot Up,Drives Left,Dribble Jumper,Medium/17' to 3pt,Miss 2 Pts,,1,100.0,0.0,0.0,0.0,0.0,0,,,,0.0,,1,0.0,0.0,,,0,1,,1.0,0.0,0.0,1,0,1,0.0,0,0,0.0,0
Chris Smith,Montreal Alliance,2024-2025,offense,Play types,Turnover,3,Drives Left,Spot Up > Drives Left > Turnover,Spot Up,Drives Left,Turnover,,,,5,27.8,0.0,,100.0,0.0,0,,,,,,0,,0.0,,,0,0,,0.0,,0.0,0,0,0,,0,0,,0
Chris Smith,Montreal Alliance,2024-2025,offense,Play types,To Basket,3,Drives Left,Spot Up > Drives Left > To Basket,Spot Up,Drives Left,To Basket,,,,5,27.8,1.4,64.3,0.0,20.0,0,,,,60.0,,5,60.0,20.0,,,3,2,,5.4,0.2,60.0,5,3,2,60.0,0,0,0.0,7
Chris Smith,Montreal Alliance,2024-2025,offense,Play types,Miss 2 Pts,4,To Basket,Spot Up > Drives Left > To Basket > Miss 2 Pts,Spot Up,Drives Left,To Basket,Miss 2 Pts,,,2,40.0,0.0,0.0,0.0,0.0,0,,,,0.0,,2,0.0,0.0,,,0,2,,2.0,0.0,0.0,2,0,2,0.0,0,0,0.0,0
Chris Smith,Montreal Alliance,2024-2025,offense,Play types,Make 2 Pts,4,To Basket,Spot Up > Drives Left > To Basket > Make 2 Pts,Spot Up,Drives Left,To Basket,Make 2 Pts,,,2,40.0,2.0,100.0,0.0,0.0,0,,,,100.0,,2,100.0,0.0,,,2,0,,2.0,0.0,100.0,2,2,0,100.0,0,0,0.0,4
Chris Smith,Montreal Alliance,2024-2025,offense,Play types,Make 2 Pts Foul,4,To Basket,Spot Up > Drives Left > To Basket > Make 2 Pts Foul,Spot Up,Drives Left,To Basket,Make 2 Pts Foul,,,1,20.0,3.0,104.2,0.0,100.0,0,,,,100.0,,1,100.0,100.0,,,1,0,,1.4,1.0,100.0,1,1,0,100.0,0,0,0.0,3
Chris Smith,Montreal Alliance,2024-2025,offense,Play types,1 Pts,5,Make 2 Pts Foul,Spot Up > Drives Left > To Basket > Make 2 Pts Foul > 1 Pts,Spot Up,Drives Left,To Basket,Make 2 Pts Foul,1 Pts,,1,100.0,3.0,104.2,0.0,100.0,0,,,,100.0,,1,100.0,100.0,,,1,0,,1.4,1.0,100.0,1,1,0,100.0,0,0,0.0,3
Chris Smith,Montreal Alliance,2024-2025,offense,Play types,Drives Right,2,Spot Up,Spot Up > Drives Right,Spot Up,Drives Right,,,,,16,25.8,1.125,77.3,25.0,18.8,0,,,,66.7,,9,66.7,12.5,,,6,3,,11.6,0.67,56.3,9,6,3,66.7,0,0,0.0,18
Chris Smith,Montreal Alliance,2024-2025,offense,Play types,To Basket,3,Drives Right,Spot Up > Drives Right > To Basket,Spot Up,Drives Right,To Basket,,,,7,43.8,1.143,69.4,14.3,28.6,0,,,,50.0,,4,50.0,28.6,,,2,2,,5.8,1.0,57.1,4,2,2,50.0,0,0,0.0,8
Chris Smith,Montreal Alliance,2024-2025,offense,Play types,Miss 2 Pts,4,To Basket,Spot Up > Drives Right > To Basket > Miss 2 Pts,Spot Up,Drives Right,To Basket,Miss 2 Pts,,,2,28.6,0.0,0.0,0.0,0.0,0,,,,0.0,,2,0.0,0.0,,,0,2,,2.0,0.0,0.0,2,0,2,0.0,0,0,0.0,0
Chris Smith,Montreal Alliance,2024-2025,offense,Play types,Make 2 Pts,4,To Basket,Spot Up > Drives Right > To Basket > Make 2 Pts,Spot Up,Drives Right,To Basket,Make 2 Pts,,,2,28.6,2.0,100.0,0.0,0.0,0,,,,100.0,,2,100.0,0.0,,,2,0,,2.0,0.0,100.0,2,2,0,100.0,0,0,0.0,4
Chris Smith,Montreal Alliance,2024-2025,offense,Play types,Foul,4,To Basket,Spot Up > Drives Right > To Basket > Foul,Spot Up,Drives Right,To Basket,Foul,,,2,28.6,2.0,113.6,0.0,100.0,0,,,,,,0,,100.0,,,0,0,,1.8,,100.0,0,0,0,,0,0,,4
Chris Smith,Montreal Alliance,2024-2025,offense,Play types,Turnover,4,To Basket,Spot Up > Drives Right > To Basket > Turnover,Spot Up,Drives Right,To Basket,Turnover,,,1,14.3,0.0,,100.0,0.0,0,,,,,,0,,0.0,,,0,0,,0.0,,0.0,0,0,0,,0,0,,0
Chris Smith,Montreal Alliance,2024-2025,offense,Play types,Dribble Jumper,3,Drives Right,Spot Up > Drives Right > Dribble Jumper,Spot Up,Drives Right,Dribble Jumper,,,,5,31.3,1.6,80.0,0.0,0.0,0,,,,80.0,,5,80.0,0.0,,,4,1,,5.0,0.0,80.0,5,4,1,80.0,0,0,0.0,8
Chris Smith,Montreal Alliance,2024-2025,offense,Play types,Short to < 17,4,Dribble Jumper,Spot Up > Drives Right > Dribble Jumper > Short to < 17,Spot Up,Drives Right,Dribble Jumper,Short to < 17,,,4,80.0,1.5,75.0,0.0,0.0,0,,,,75.0,,4,75.0,0.0,,,3,1,,4.0,0.0,75.0,4,3,1,75.0,0,0,0.0,6
Chris Smith,Montreal Alliance,2024-2025,offense,Play types,Make 2 Pts,5,Short to < 17,Spot Up > Drives Right > Dribble Jumper > Short to < 17 > Make 2 Pts,Spot Up,Drives Right,Dribble Jumper,Short to < 17,Make 2 Pts,,3,75.0,2.0,100.0,0.0,0.0,0,,,,100.0,,3,100.0,0.0,,,3,0,,3.0,0.0,100.0,3,3,0,100.0,0,0,0.0,6
Chris Smith,Montreal Alliance,2024-2025,offense,Play types,Miss 2 Pts,5,Short to < 17,Spot Up > Drives Right > Dribble Jumper > Short to < 17 > Miss 2 Pts,Spot Up,Drives Right,Dribble Jumper,Short to < 17,Miss 2 Pts,,1,25.0,0.0,0.0,0.0,0.0,0,,,,0.0,,1,0.0,0.0,,,0,1,,1.0,0.0,0.0,1,0,1,0.0,0,0,0.0,0
Chris Smith,Montreal Alliance,2024-2025,offense,Play types,Medium/17' to 3pt,4,Dribble Jumper,Spot Up > Drives Right > Dribble Jumper > Medium/17' to 3pt,Spot Up,Drives Right,Dribble Jumper,Medium/17' to 3pt,,,1,20.0,2.0,100.0,0.0,0.0,0,,,,100.0,,1,100.0,0.0,,,1,0,,1.0,0.0,100.0,1,1,0,100.0,0,0,0.0,2
Chris Smith,Montreal Alliance,2024-2025,offense,Play types,Make 2 Pts,5,Medium/17' to 3pt,Spot Up > Drives Right > Dribble Jumper > Medium/17' to 3pt > Make 2 Pts,Spot Up,Drives Right,Dribble Jumper,Medium/17' to 3pt,Make 2 Pts,,1,100.0,2.0,100.0,0.0,0.0,0,,,,100.0,,1,100.0,0.0,,,1,0,,1.0,0.0,100.0,1,1,0,100.0,0,0,0.0,2
Chris Smith,Montreal Alliance,2024-2025,offense,Play types,Turnover,3,Drives Right,Spot Up > Drives Right > Turnover,Spot Up,Drives Right,Turnover,,,,3,18.8,0.0,,100.0,0.0,0,,,,,,0,,0.0,,,0,0,,0.0,,0.0,0,0,0,,0,0,,0
Chris Smith,Montreal Alliance,2024-2025,offense,Play types,Foul,3,Drives Right,Spot Up > Drives Right > Foul,Spot Up,Drives Right,Foul,,,,1,6.3,2.0,113.6,0.0,100.0,0,,,,,,0,,0.0,,,0,0,,0.9,,100.0,0,0,0,,0,0,,2
Chris Smith,Montreal Alliance,2024-2025,offense,Play types,Drives Straight,2,Spot Up,Spot Up > Drives Straight,Spot Up,Drives Straight,,,,,2,3.2,0.0,0.0,0.0,0.0,2,0.0,,,0.0,,2,0.0,0.0,,,0,2,,2.0,0.0,0.0,0,0,0,,0,2,1.0,0
Chris Smith,Montreal Alliance,2024-2025,offense,Play types,Dribble Jumper,3,Drives Straight,Spot Up > Drives Straight > Dribble Jumper,Spot Up,Drives Straight,Dribble Jumper,,,,2,100.0,0.0,0.0,0.0,0.0,2,0.0,,,0.0,,2,0.0,0.0,,,0,2,,2.0,0.0,0.0,0,0,0,,0,2,1.0,0
Chris Smith,Montreal Alliance,2024-2025,offense,Play types,Long/3pt,4,Dribble Jumper,Spot Up > Drives Straight > Dribble Jumper > Long/3pt,Spot Up,Drives Straight,Dribble Jumper,Long/3pt,,,2,100.0,0.0,0.0,0.0,0.0,2,0.0,,,0.0,,2,0.0,0.0,,,0,2,,2.0,0.0,0.0,0,0,0,,0,2,1.0,0
Chris Smith,Montreal Alliance,2024-2025,offense,Play types,Miss 3 Pts,5,Long/3pt,Spot Up > Drives Straight > Dribble Jumper > Long/3pt > Miss 3 Pts,Spot Up,Drives Straight,Dribble Jumper,Long/3pt,Miss 3 Pts,,2,100.0,0.0,0.0,0.0,0.0,2,0.0,,,0.0,,2,0.0,0.0,,,0,2,,2.0,0.0,0.0,0,0,0,,0,2,1.0,0
Chris Smith,Montreal Alliance,2024-2025,offense,Play types,Transition,1,,Transition,Transition,,,,,,61,18.4,0.934,59.8,24.6,23.0,8,37.5,Below Average,30.0,47.4,45.0,38,51.3,23.0,,,18,20,,47.7,0.58,42.6,30,15,15,50.0,3,5,0.21,57
Chris Smith,Montreal Alliance,2024-2025,offense,Play types,Ballhandler,2,Transition,Transition > Ballhandler,Transition,Ballhandler,,,,,30,49.2,0.633,51.0,40.0,13.3,1,0.0,,,43.8,,16,43.8,13.3,,,7,9,,18.6,0.38,30.0,15,7,8,46.7,0,1,0.06,19
Chris Smith,Montreal Alliance,2024-2025,offense,Play types,To Basket,3,Ballhandler,Transition > Ballhandler > To Basket,Transition,Ballhandler,To Basket,,,,18,60.0,1.056,53.9,5.6,22.2,0,,,,46.7,,15,46.7,22.2,,,7,8,,17.6,0.4,50.0,15,7,8,46.7,0,0,0.0,19
Chris Smith,Montreal Alliance,2024-2025,offense,Play types,Miss 2 Pts,4,To Basket,Transition > Ballhandler > To Basket > Miss 2 Pts,Transition,Ballhandler,To Basket,Miss 2 Pts,,,8,44.4,0.0,0.0,0.0,0.0,0,,,,0.0,,8,0.0,0.0,,,0,8,,8.0,0.0,0.0,8,0,8,0.0,0,0,0.0,0
Chris Smith,Montreal Alliance,2024-2025,offense,Play types,Make 2 Pts,4,To Basket,Transition > Ballhandler > To Basket > Make 2 Pts,Transition,Ballhandler,To Basket,Make 2 Pts,,,5,27.8,2.0,100.0,0.0,0.0,0,,,,100.0,,5,100.0,0.0,,,5,0,,5.0,0.0,100.0,5,5,0,100.0,0,0,0.0,10
Chris Smith,Montreal Alliance,2024-2025,offense,Play types,Foul,4,To Basket,Transition > Ballhandler > To Basket > Foul,Transition,Ballhandler,To Basket,Foul,,,2,11.1,1.5,85.2,0.0,100.0,0,,,,,,0,,100.0,,,0,0,,1.8,,100.0,0,0,0,,0,0,,3
Chris Smith,Montreal Alliance,2024-2025,offense,Play types,Make 2 Pts Foul,4,To Basket,Transition > Ballhandler > To Basket > Make 2 Pts Foul,Transition,Ballhandler,To Basket,Make 2 Pts Foul,,,2,11.1,3.0,104.2,0.0,100.0,0,,,,100.0,,2,100.0,100.0,,,2,0,,2.9,1.0,100.0,2,2,0,100.0,0,0,0.0,6
Chris Smith,Montreal Alliance,2024-2025,offense,Play types,1 Pts,5,Make 2 Pts Foul,Transition > Ballhandler > To Basket > Make 2 Pts Foul > 1 Pts,Transition,Ballhandler,To Basket,Make 2 Pts Foul,1 Pts,,2,100.0,3.0,104.2,0.0,100.0,0,,,,100.0,,2,100.0,100.0,,,2,0,,2.9,1.0,100.0,2,2,0,100.0,0,0,0.0,6
Chris Smith,Montreal Alliance,2024-2025,offense,Play types,Turnover,4,To Basket,Transition > Ballhandler > To Basket > Turnover,Transition,Ballhandler,To Basket,Turnover,,,1,5.6,0.0,,100.0,0.0,0,,,,,,0,,0.0,,,0,0,,0.0,,0.0,0,0,0,,0,0,,0
Chris Smith,Montreal Alliance,2024-2025,offense,Play types,Turnover,3,Ballhandler,Transition > Ballhandler > Turnover,Transition,Ballhandler,Turnover,,,,11,36.7,0.0,,100.0,0.0,0,,,,,,0,,0.0,,,0,0,,0.0,,0.0,0,0,0,,0,0,,0
Chris Smith,Montreal Alliance,2024-2025,offense,Play types,Dribble Jumper,3,Ballhandler,Transition > Ballhandler > Dribble Jumper,Transition,Ballhandler,Dribble Jumper,,,,1,3.3,0.0,0.0,0.0,0.0,1,0.0,,,0.0,,1,0.0,0.0,,,0,1,,1.0,0.0,0.0,0,0,0,,0,1,1.0,0
Chris Smith,Montreal Alliance,2024-2025,offense,Play types,Long/3pt,4,Dribble Jumper,Transition > Ballhandler > Dribble Jumper > Long/3pt,Transition,Ballhandler,Dribble Jumper,Long/3pt,,,1,100.0,0.0,0.0,0.0,0.0,1,0.0,,,0.0,,1,0.0,0.0,,,0,1,,1.0,0.0,0.0,0,0,0,,0,1,1.0,0
Chris Smith,Montreal Alliance,2024-2025,offense,Play types,Miss 3 Pts,5,Long/3pt,Transition > Ballhandler > Dribble Jumper > Long/3pt > Miss 3 Pts,Transition,Ballhandler,Dribble Jumper,Long/3pt,Miss 3 Pts,,1,100.0,0.0,0.0,0.0,0.0,1,0.0,,,0.0,,1,0.0,0.0,,,0,1,,1.0,0.0,0.0,0,0,0,,0,1,1.0,0
Chris Smith,Montreal Alliance,2024-2025,offense,Play types,Trailer,2,Transition,Transition > Trailer,Transition,Trailer,,,,,11,18.0,1.273,62.5,0.0,27.3,4,50.0,,,44.4,,9,55.6,27.3,,,4,5,,11.2,0.56,54.5,5,2,3,40.0,2,2,0.44,14
Chris Smith,Montreal Alliance,2024-2025,offense,Play types,To Basket,3,Trailer,Transition > Trailer > To Basket,Transition,Trailer,To Basket,,,,7,63.6,1.143,55.6,0.0,42.9,0,,,,40.0,,5,40.0,42.9,,,2,3,,7.2,1.0,57.1,5,2,3,40.0,0,0,0.0,8
Chris Smith,Montreal Alliance,2024-2025,offense,Play types,Miss 2 Pts,4,To Basket,Transition > Trailer > To Basket > Miss 2 Pts,Transition,Trailer,To Basket,Miss 2 Pts,,,3,42.9,0.0,0.0,0.0,0.0,0,,,,0.0,,3,0.0,0.0,,,0,3,,3.0,0.0,0.0,3,0,3,0.0,0,0,0.0,0
Chris Smith,Montreal Alliance,2024-2025,offense,Play types,Foul,4,To Basket,Transition > Trailer > To Basket > Foul,Transition,Trailer,To Basket,Foul,,,2,28.6,1.5,85.2,0.0,100.0,0,,,,,,0,,100.0,,,0,0,,1.8,,100.0,0,0,0,,0,0,,3
Chris Smith,Montreal Alliance,2024-2025,offense,Play types,Make 2 Pts,4,To Basket,Transition > Trailer > To Basket > Make 2 Pts,Transition,Trailer,To Basket,Make 2 Pts,,,1,14.3,2.0,100.0,0.0,0.0,0,,,,100.0,,1,100.0,0.0,,,1,0,,1.0,0.0,100.0,1,1,0,100.0,0,0,0.0,2
Chris Smith,Montreal Alliance,2024-2025,offense,Play types,Make 2 Pts Foul,4,To Basket,Transition > Trailer > To Basket > Make 2 Pts Foul,Transition,Trailer,To Basket,Make 2 Pts Foul,,,1,14.3,3.0,104.2,0.0,100.0,0,,,,100.0,,1,100.0,100.0,,,1,0,,1.4,1.0,100.0,1,1,0,100.0,0,0,0.0,3
Chris Smith,Montreal Alliance,2024-2025,offense,Play types,1 Pts,5,Make 2 Pts Foul,Transition > Trailer > To Basket > Make 2 Pts Foul > 1 Pts,Transition,Trailer,To Basket,Make 2 Pts Foul,1 Pts,,1,100.0,3.0,104.2,0.0,100.0,0,,,,100.0,,1,100.0,100.0,,,1,0,,1.4,1.0,100.0,1,1,0,100.0,0,0,0.0,3
Chris Smith,Montreal Alliance,2024-2025,offense,Play types,No Dribble Jumper,3,Trailer,Transition > Trailer > No Dribble Jumper,Transition,Trailer,No Dribble Jumper,,,,4,36.4,1.5,75.0,0.0,0.0,4,50.0,,,50.0,,4,75.0,0.0,,,2,2,,4.0,0.0,50.0,0,0,0,,2,2,1.0,6
Chris Smith,Montreal Alliance,2024-2025,offense,Play types,Open,4,No Dribble Jumper,Transition > Trailer > No Dribble Jumper > Open,Transition,Trailer,No Dribble Jumper,Open,,,2,50.0,1.5,75.0,0.0,0.0,2,50.0,,,50.0,,2,75.0,0.0,,,1,1,,2.0,0.0,50.0,0,0,0,,1,1,1.0,3
Chris Smith,Montreal Alliance,2024-2025,offense,Play types,Long/3pt,5,Open,Transition > Trailer > No Dribble Jumper > Open > Long/3pt,Transition,Trailer,No Dribble Jumper,Open,Long/3pt,,2,100.0,1.5,75.0,0.0,0.0,2,50.0,,,50.0,,2,75.0,0.0,,,1,1,,2.0,0.0,50.0,0,0,0,,1,1,1.0,3
Chris Smith,Montreal Alliance,2024-2025,offense,Play types,Guarded,4,No Dribble Jumper,Transition > Trailer > No Dribble Jumper > Guarded,Transition,Trailer,No Dribble Jumper,Guarded,,,2,50.0,1.5,75.0,0.0,0.0,2,50.0,,,50.0,,2,75.0,0.0,,,1,1,,2.0,0.0,50.0,0,0,0,,1,1,1.0,3
Chris Smith,Montreal Alliance,2024-2025,offense,Play types,Long/3pt,5,Guarded,Transition > Trailer > No Dribble Jumper > Guarded > Long/3pt,Transition,Trailer,No Dribble Jumper,Guarded,Long/3pt,,2,100.0,1.5,75.0,0.0,0.0,2,50.0,,,50.0,,2,75.0,0.0,,,1,1,,2.0,0.0,50.0,0,0,0,,1,1,1.0,3
Chris Smith,Montreal Alliance,2024-2025,offense,Play types,Left Wing,2,Transition,Transition > Left Wing,Transition,Left Wing,,,,,8,13.1,1.625,80.4,0.0,50.0,1,0.0,,,60.0,,5,60.0,50.0,,,3,2,,8.1,1.4,75.0,4,3,1,75.0,0,1,0.2,13
Chris Smith,Montreal Alliance,2024-2025,offense,Play types,To Basket,3,Left Wing,Transition > Left Wing > To Basket,Transition,Left Wing,To Basket,,,,7,87.5,1.857,91.8,0.0,57.1,0,,,,75.0,,4,75.0,57.1,,,3,1,,7.1,1.75,85.7,4,3,1,75.0,0,0,0.0,13
Chris Smith,Montreal Alliance,2024-2025,offense,Play types,Foul,4,To Basket,Transition > Left Wing > To Basket > Foul,Transition,Left Wing,To Basket,Foul,,,3,42.9,2.0,113.6,0.0,100.0,0,,,,,,0,,100.0,,,0,0,,2.6,,100.0,0,0,0,,0,0,,6
Chris Smith,Montreal Alliance,2024-2025,offense,Play types,Make 2 Pts,4,To Basket,Transition > Left Wing > To Basket > Make 2 Pts,Transition,Left Wing,To Basket,Make 2 Pts,,,2,28.6,2.0,100.0,0.0,0.0,0,,,,100.0,,2,100.0,0.0,,,2,0,,2.0,0.0,100.0,2,2,0,100.0,0,0,0.0,4
Chris Smith,Montreal Alliance,2024-2025,offense,Play types,Make 2 Pts Foul,4,To Basket,Transition > Left Wing > To Basket > Make 2 Pts Foul,Transition,Left Wing,To Basket,Make 2 Pts Foul,,,1,14.3,3.0,104.2,0.0,100.0,0,,,,100.0,,1,100.0,100.0,,,1,0,,1.4,1.0,100.0,1,1,0,100.0,0,0,0.0,3
Chris Smith,Montreal Alliance,2024-2025,offense,Play types,1 Pts,5,Make 2 Pts Foul,Transition > Left Wing > To Basket > Make 2 Pts Foul > 1 Pts,Transition,Left Wing,To Basket,Make 2 Pts Foul,1 Pts,,1,100.0,3.0,104.2,0.0,100.0,0,,,,100.0,,1,100.0,100.0,,,1,0,,1.4,1.0,100.0,1,1,0,100.0,0,0,0.0,3
Chris Smith,Montreal Alliance,2024-2025,offense,Play types,Miss 2 Pts,4,To Basket,Transition > Left Wing > To Basket > Miss 2 Pts,Transition,Left Wing,To Basket,Miss 2 Pts,,,1,14.3,0.0,0.0,0.0,0.0,0,,,,0.0,,1,0.0,0.0,,,0,1,,1.0,0.0,0.0,1,0,1,0.0,0,0,0.0,0
Chris Smith,Montreal Alliance,2024-2025,offense,Play types,No Dribble Jumper,3,Left Wing,Transition > Left Wing > No Dribble Jumper,Transition,Left Wing,No Dribble Jumper,,,,1,12.5,0.0,0.0,0.0,0.0,1,0.0,,,0.0,,1,0.0,0.0,,,0,1,,1.0,0.0,0.0,0,0,0,,0,1,1.0,0
Chris Smith,Montreal Alliance,2024-2025,offense,Play types,Guarded,4,No Dribble Jumper,Transition > Left Wing > No Dribble Jumper > Guarded,Transition,Left Wing,No Dribble Jumper,Guarded,,,1,100.0,0.0,0.0,0.0,0.0,1,0.0,,,0.0,,1,0.0,0.0,,,0,1,,1.0,0.0,0.0,0,0,0,,0,1,1.0,0
Chris Smith,Montreal Alliance,2024-2025,offense,Play types,Long/3pt,5,Guarded,Transition > Left Wing > No Dribble Jumper > Guarded > Long/3pt,Transition,Left Wing,No Dribble Jumper,Guarded,Long/3pt,,1,100.0,0.0,0.0,0.0,0.0,1,0.0,,,0.0,,1,0.0,0.0,,,0,1,,1.0,0.0,0.0,0,0,0,,0,1,1.0,0
Chris Smith,Montreal Alliance,2024-2025,offense,Play types,Right Wing,2,Transition,Transition > Right Wing,Transition,Right Wing,,,,,8,13.1,1.125,66.6,25.0,37.5,1,100.0,,,60.0,,5,70.0,37.5,,,3,2,,6.8,0.8,50.0,4,2,2,50.0,1,0,0.2,9
Chris Smith,Montreal Alliance,2024-2025,offense,Play types,To Basket,3,Right Wing,Transition > Right Wing > To Basket,Transition,Right Wing,To Basket,,,,5,62.5,1.2,52.1,0.0,60.0,0,,,,50.0,,4,50.0,60.0,,,2,2,,5.8,1.0,60.0,4,2,2,50.0,0,0,0.0,6
Chris Smith,Montreal Alliance,2024-2025,offense,Play types,Miss 2 Pts,4,To Basket,Transition > Right Wing > To Basket > Miss 2 Pts,Transition,Right Wing,To Basket,Miss 2 Pts,,,2,40.0,0.0,0.0,0.0,0.0,0,,,,0.0,,2,0.0,0.0,,,0,2,,2.0,0.0,0.0,2,0,2,0.0,0,0,0.0,0
Chris Smith,Montreal Alliance,2024-2025,offense,Play types,Make 2 Pts Foul,4,To Basket,Transition > Right Wing > To Basket > Make 2 Pts Foul,Transition,Right Wing,To Basket,Make 2 Pts Foul,,,2,40.0,2.5,86.8,0.0,100.0,0,,,,100.0,,2,100.0,100.0,,,2,0,,2.9,1.0,100.0,2,2,0,100.0,0,0,0.0,5
Chris Smith,Montreal Alliance,2024-2025,offense,Play types,1 Pts,5,Make 2 Pts Foul,Transition > Right Wing > To Basket > Make 2 Pts Foul > 1 Pts,Transition,Right Wing,To Basket,Make 2 Pts Foul,1 Pts,,1,50.0,3.0,104.2,0.0,100.0,0,,,,100.0,,1,100.0,100.0,,,1,0,,1.4,1.0,100.0,1,1,0,100.0,0,0,0.0,3
Chris Smith,Montreal Alliance,2024-2025,offense,Play types,Foul,4,To Basket,Transition > Right Wing > To Basket > Foul,Transition,Right Wing,To Basket,Foul,,,1,20.0,1.0,56.8,0.0,100.0,0,,,,,,0,,100.0,,,0,0,,0.9,,100.0,0,0,0,,0,0,,1
Chris Smith,Montreal Alliance,2024-2025,offense,Play types,Turnover,3,Right Wing,Transition > Right Wing > Turnover,Transition,Right Wing,Turnover,,,,2,25.0,0.0,,100.0,0.0,0,,,,,,0,,0.0,,,0,0,,0.0,,0.0,0,0,0,,0,0,,0
Chris Smith,Montreal Alliance,2024-2025,offense,Play types,Dribble Jumper,3,Right Wing,Transition > Right Wing > Dribble Jumper,Transition,Right Wing,Dribble Jumper,,,,1,12.5,3.0,150.0,0.0,0.0,1,100.0,,,100.0,,1,150.0,0.0,,,1,0,,1.0,0.0,100.0,0,0,0,,1,0,1.0,3
Chris Smith,Montreal Alliance,2024-2025,offense,Play types,Long/3pt,4,Dribble Jumper,Transition > Right Wing > Dribble Jumper > Long/3pt,Transition,Right Wing,Dribble Jumper,Long/3pt,,,1,100.0,3.0,150.0,0.0,0.0,1,100.0,,,100.0,,1,150.0,0.0,,,1,0,,1.0,0.0,100.0,0,0,0,,1,0,1.0,3
Chris Smith,Montreal Alliance,2024-2025,offense,Play types,Make 3 Pts,5,Long/3pt,Transition > Right Wing > Dribble Jumper > Long/3pt > Make 3 Pts,Transition,Right Wing,Dribble Jumper,Long/3pt,Make 3 Pts,,1,100.0,3.0,150.0,0.0,0.0,1,100.0,,,100.0,,1,150.0,0.0,,,1,0,,1.0,0.0,100.0,0,0,0,,1,0,1.0,3
Chris Smith,Montreal Alliance,2024-2025,offense,Play types,First Middle,2,Transition,Transition > First Middle,Transition,First Middle,,,,,4,6.6,0.5,33.3,25.0,0.0,1,0.0,,,33.3,,3,33.3,0.0,,,1,2,,3.0,0.0,25.0,2,1,1,50.0,0,1,0.33,2
Chris Smith,Montreal Alliance,2024-2025,offense,Play types,To Basket,3,First Middle,Transition > First Middle > To Basket,Transition,First Middle,To Basket,,,,2,50.0,1.0,50.0,0.0,0.0,0,,,,50.0,,2,50.0,0.0,,,1,1,,2.0,0.0,50.0,2,1,1,50.0,0,0,0.0,2
Chris Smith,Montreal Alliance,2024-2025,offense,Play types,Miss 2 Pts,4,To Basket,Transition > First Middle > To Basket > Miss 2 Pts,Transition,First Middle,To Basket,Miss 2 Pts,,,1,50.0,0.0,0.0,0.0,0.0,0,,,,0.0,,1,0.0,0.0,,,0,1,,1.0,0.0,0.0,1,0,1,0.0,0,0,0.0,0
Chris Smith,Montreal Alliance,2024-2025,offense,Play types,Make 2 Pts,4,To Basket,Transition > First Middle > To Basket > Make 2 Pts,Transition,First Middle,To Basket,Make 2 Pts,,,1,50.0,2.0,100.0,0.0,0.0,0,,,,100.0,,1,100.0,0.0,,,1,0,,1.0,0.0,100.0,1,1,0,100.0,0,0,0.0,2
Chris Smith,Montreal Alliance,2024-2025,offense,Play types,Turnover,3,First Middle,Transition > First Middle > Turnover,Transition,First Middle,Turnover,,,,1,25.0,0.0,,100.0,0.0,0,,,,,,0,,0.0,,,0,0,,0.0,,0.0,0,0,0,,0,0,,0
Chris Smith,Montreal Alliance,2024-2025,offense,Play types,No Dribble Jumper,3,First Middle,Transition > First Middle > No Dribble Jumper,Transition,First Middle,No Dribble Jumper,,,,1,25.0,0.0,0.0,0.0,0.0,1,0.0,,,0.0,,1,0.0,0.0,,,0,1,,1.0,0.0,0.0,0,0,0,,0,1,1.0,0
Chris Smith,Montreal Alliance,2024-2025,offense,Play types,Open,4,No Dribble Jumper,Transition > First Middle > No Dribble Jumper > Open,Transition,First Middle,No Dribble Jumper,Open,,,1,100.0,0.0,0.0,0.0,0.0,1,0.0,,,0.0,,1,0.0,0.0,,,0,1,,1.0,0.0,0.0,0,0,0,,0,1,1.0,0
Chris Smith,Montreal Alliance,2024-2025,offense,Play types,Long/3pt,5,Open,Transition > First Middle > No Dribble Jumper > Open > Long/3pt,Transition,First Middle,No Dribble Jumper,Open,Long/3pt,,1,100.0,0.0,0.0,0.0,0.0,1,0.0,,,0.0,,1,0.0,0.0,,,0,1,,1.0,0.0,0.0,0,0,0,,0,1,1.0,0
Chris Smith,Montreal Alliance,2024-2025,offense,Play types,Cut,1,,Cut,Cut,,,,,,45,13.6,1.2,68.7,15.6,17.8,0,,Good,53.0,67.6,51.0,34,67.6,15.6,,,23,11,,39.3,0.35,60.0,34,23,11,67.6,0,0,0.0,54
Chris Smith,Montreal Alliance,2024-2025,offense,Play types,Basket,2,Cut,Cut > Basket,Cut,Basket,,,,,25,55.6,1.56,82.5,8.0,16.0,0,,,,81.0,,21,81.0,16.0,,,17,4,,23.6,0.29,76.0,21,17,4,81.0,0,0,0.0,39
Chris Smith,Montreal Alliance,2024-2025,offense,Play types,Make 2 Pts,3,Basket,Cut > Basket > Make 2 Pts,Cut,Basket,Make 2 Pts,,,,15,60.0,2.0,100.0,0.0,0.0,0,,,,100.0,,15,100.0,0.0,,,15,0,,15.0,0.0,100.0,15,15,0,100.0,0,0,0.0,30
Chris Smith,Montreal Alliance,2024-2025,offense,Play types,Miss 2 Pts,3,Basket,Cut > Basket > Miss 2 Pts,Cut,Basket,Miss 2 Pts,,,,4,16.0,0.0,0.0,0.0,0.0,0,,,,0.0,,4,0.0,0.0,,,0,4,,4.0,0.0,0.0,4,0,4,0.0,0,0,0.0,0
Chris Smith,Montreal Alliance,2024-2025,offense,Play types,Foul,3,Basket,Cut > Basket > Foul,Cut,Basket,Foul,,,,2,8.0,2.0,113.6,0.0,100.0,0,,,,,,0,,100.0,,,0,0,,1.8,,100.0,0,0,0,,0,0,,4
Chris Smith,Montreal Alliance,2024-2025,offense,Play types,Turnover,3,Basket,Cut > Basket > Turnover,Cut,Basket,Turnover,,,,2,8.0,0.0,,100.0,0.0,0,,,,,,0,,0.0,,,0,0,,0.0,,0.0,0,0,0,,0,0,,0
Chris Smith,Montreal Alliance,2024-2025,offense,Play types,Make 2 Pts Foul,3,Basket,Cut > Basket > Make 2 Pts Foul,Cut,Basket,Make 2 Pts Foul,,,,2,8.0,2.5,86.8,0.0,100.0,0,,,,100.0,,2,100.0,100.0,,,2,0,,2.9,1.0,100.0,2,2,0,100.0,0,0,0.0,5
Chris Smith,Montreal Alliance,2024-2025,offense,Play types,1 Pts,4,Make 2 Pts Foul,Cut > Basket > Make 2 Pts Foul > 1 Pts,Cut,Basket,Make 2 Pts Foul,1 Pts,,,1,50.0,3.0,104.2,0.0,100.0,0,,,,100.0,,1,100.0,100.0,,,1,0,,1.4,1.0,100.0,1,1,0,100.0,0,0,0.0,3
Chris Smith,Montreal Alliance,2024-2025,offense,Play types,Screen,2,Cut,Cut > Screen,Cut,Screen,,,,,14,31.1,0.786,51.7,28.6,28.6,0,,,,50.0,,8,50.0,21.4,,,4,4,,10.6,0.75,42.9,8,4,4,50.0,0,0,0.0,11
Chris Smith,Montreal Alliance,2024-2025,offense,Play types,Turnover,3,Screen,Cut > Screen > Turnover,Cut,Screen,Turnover,,,,4,28.6,0.0,,100.0,0.0,0,,,,,,0,,0.0,,,0,0,,0.0,,0.0,0,0,0,,0,0,,0
Chris Smith,Montreal Alliance,2024-2025,offense,Play types,Miss 2 Pts,3,Screen,Cut > Screen > Miss 2 Pts,Cut,Screen,Miss 2 Pts,,,,4,28.6,0.0,0.0,0.0,0.0,0,,,,0.0,,4,0.0,0.0,,,0,4,,4.0,0.0,0.0,4,0,4,0.0,0,0,0.0,0
Chris Smith,Montreal Alliance,2024-2025,offense,Play types,Make 2 Pts,3,Screen,Cut > Screen > Make 2 Pts,Cut,Screen,Make 2 Pts,,,,2,14.3,2.0,100.0,0.0,0.0,0,,,,100.0,,2,100.0,0.0,,,2,0,,2.0,0.0,100.0,2,2,0,100.0,0,0,0.0,4
Chris Smith,Montreal Alliance,2024-2025,offense,Play types,Make 2 Pts Foul,3,Screen,Cut > Screen > Make 2 Pts Foul,Cut,Screen,Make 2 Pts Foul,,,,2,14.3,2.5,86.8,0.0,100.0,0,,,,100.0,,2,100.0,100.0,,,2,0,,2.9,1.0,100.0,2,2,0,100.0,0,0,0.0,5
Chris Smith,Montreal Alliance,2024-2025,offense,Play types,1 Pts,4,Make 2 Pts Foul,Cut > Screen > Make 2 Pts Foul > 1 Pts,Cut,Screen,Make 2 Pts Foul,1 Pts,,,1,50.0,3.0,104.2,0.0,100.0,0,,,,100.0,,1,100.0,100.0,,,1,0,,1.4,1.0,100.0,1,1,0,100.0,0,0,0.0,3
Chris Smith,Montreal Alliance,2024-2025,offense,Play types,Foul,3,Screen,Cut > Screen > Foul,Cut,Screen,Foul,,,,2,14.3,1.0,56.8,0.0,100.0,0,,,,,,0,,50.0,,,0,0,,1.8,,100.0,0,0,0,,0,0,,2
Chris Smith,Montreal Alliance,2024-2025,offense,Play types,Flash,2,Cut,Cut > Flash,Cut,Flash,,,,,6,13.3,0.667,40.0,16.7,0.0,0,,,,40.0,,5,40.0,0.0,,,2,3,,5.0,0.0,33.3,5,2,3,40.0,0,0,0.0,4
Chris Smith,Montreal Alliance,2024-2025,offense,Play types,Miss 2 Pts,3,Flash,Cut > Flash > Miss 2 Pts,Cut,Flash,Miss 2 Pts,,,,3,50.0,0.0,0.0,0.0,0.0,0,,,,0.0,,3,0.0,0.0,,,0,3,,3.0,0.0,0.0,3,0,3,0.0,0,0,0.0,0
Chris Smith,Montreal Alliance,2024-2025,offense,Play types,Make 2 Pts,3,Flash,Cut > Flash > Make 2 Pts,Cut,Flash,Make 2 Pts,,,,2,33.3,2.0,100.0,0.0,0.0,0,,,,100.0,,2,100.0,0.0,,,2,0,,2.0,0.0,100.0,2,2,0,100.0,0,0,0.0,4
Chris Smith,Montreal Alliance,2024-2025,offense,Play types,Turnover,3,Flash,Cut > Flash > Turnover,Cut,Flash,Turnover,,,,1,16.7,0.0,,100.0,0.0,0,,,,,,0,,0.0,,,0,0,,0.0,,0.0,0,0,0,,0,0,,0
Chris Smith,Montreal Alliance,2024-2025,offense,Play types,Isolation,1,,Isolation,Isolation,,,,,,33,10.0,0.606,41.0,24.2,15.2,6,16.7,Below Average,28.0,30.0,74.0,20,32.5,15.2,,,6,14,,24.4,0.5,30.3,14,5,9,35.7,1,5,0.3,20
Chris Smith,Montreal Alliance,2024-2025,offense,Play types,Isolation - Overall,2,Isolation,Isolation > Isolation - Overall,Isolation,Isolation - Overall,,,,,33,100.0,0.606,41.0,24.2,15.2,6,16.7,,,30.0,,20,32.5,15.2,,,6,14,,24.4,0.5,30.3,14,5,9,35.7,1,5,0.3,20
Chris Smith,Montreal Alliance,2024-2025,offense,Play types,Drives Left,3,Isolation - Overall,Isolation > Isolation - Overall > Drives Left,Isolation,Isolation - Overall,Drives Left,,,,15,45.5,0.533,46.3,40.0,20.0,2,0.0,,,33.3,,6,33.3,20.0,,,2,4,,8.6,1.0,26.7,4,2,2,50.0,0,2,0.33,8
Chris Smith,Montreal Alliance,2024-2025,offense,Play types,Drives Right,3,Isolation - Overall,Isolation > Isolation - Overall > Drives Right,Isolation,Isolation - Overall,Drives Right,,,,13,39.4,0.692,41.8,15.4,15.4,1,0.0,,,33.3,,9,33.3,15.4,,,3,6,,10.8,0.44,38.5,8,3,5,37.5,0,1,0.11,9
Chris Smith,Montreal Alliance,2024-2025,offense,Play types,Early Jumper,3,Isolation - Overall,Isolation > Isolation - Overall > Early Jumper,Isolation,Isolation - Overall,Early Jumper,,,,5,15.2,0.6,30.0,0.0,0.0,3,33.3,,,20.0,,5,30.0,0.0,,,1,4,,5.0,0.0,20.0,2,0,2,0.0,1,2,0.6,3
Chris Smith,Montreal Alliance,2024-2025,offense,Play types,Right,2,Isolation,Isolation > Right,Isolation,Right,,,,,14,42.4,0.786,51.1,21.4,14.3,3,33.3,,,33.3,,9,38.9,14.3,,,3,6,,10.8,0.44,35.7,6,2,4,33.3,1,2,0.33,11
Chris Smith,Montreal Alliance,2024-2025,offense,Play types,Drives Left,3,Right,Isolation > Right > Drives Left,Isolation,Right,Drives Left,,,,6,42.9,0.667,53.2,33.3,33.3,2,0.0,,,0.0,,2,0.0,33.3,,,0,2,,3.8,2.0,33.3,0,0,0,,0,2,1.0,4
Chris Smith,Montreal Alliance,2024-2025,offense,Play types,Dribble Jumper,4,Drives Left,Isolation > Right > Drives Left > Dribble Jumper,Isolation,Right,Drives Left,Dribble Jumper,,,2,33.3,0.0,0.0,0.0,0.0,2,0.0,,,0.0,,2,0.0,0.0,,,0,2,,2.0,0.0,0.0,0,0,0,,0,2,1.0,0
Chris Smith,Montreal Alliance,2024-2025,offense,Play types,Long/3pt,5,Dribble Jumper,Isolation > Right > Drives Left > Dribble Jumper > Long/3pt,Isolation,Right,Drives Left,Dribble Jumper,Long/3pt,,2,100.0,0.0,0.0,0.0,0.0,2,0.0,,,0.0,,2,0.0,0.0,,,0,2,,2.0,0.0,0.0,0,0,0,,0,2,1.0,0
Chris Smith,Montreal Alliance,2024-2025,offense,Play types,Defense Commits,4,Drives Left,Isolation > Right > Drives Left > Defense Commits,Isolation,Right,Drives Left,Defense Commits,,,2,33.3,0.0,,100.0,0.0,0,,,,,,0,,0.0,,,0,0,,0.0,,0.0,0,0,0,,0,0,,0
Chris Smith,Montreal Alliance,2024-2025,offense,Play types,Turnover,5,Defense Commits,Isolation > Right > Drives Left > Defense Commits > Turnover,Isolation,Right,Drives Left,Defense Commits,Turnover,,2,100.0,0.0,,100.0,0.0,0,,,,,,0,,0.0,,,0,0,,0.0,,0.0,0,0,0,,0,0,,0
Chris Smith,Montreal Alliance,2024-2025,offense,Play types,To Basket,4,Drives Left,Isolation > Right > Drives Left > To Basket,Isolation,Right,Drives Left,To Basket,,,2,33.3,2.0,113.6,0.0,100.0,0,,,,,,0,,100.0,,,0,0,,1.8,,100.0,0,0,0,,0,0,,4
Chris Smith,Montreal Alliance,2024-2025,offense,Play types,Foul,5,To Basket,Isolation > Right > Drives Left > To Basket > Foul,Isolation,Right,Drives Left,To Basket,Foul,,2,100.0,2.0,113.6,0.0,100.0,0,,,,,,0,,100.0,,,0,0,,1.8,,100.0,0,0,0,,0,0,,4
Chris Smith,Montreal Alliance,2024-2025,offense,Play types,Drives Right,3,Right,Isolation > Right > Drives Right,Isolation,Right,Drives Right,,,,5,35.7,0.8,50.0,20.0,0.0,0,,,,50.0,,4,50.0,0.0,,,2,2,,4.0,0.0,40.0,4,2,2,50.0,0,0,0.0,4
Chris Smith,Montreal Alliance,2024-2025,offense,Play types,To Basket,4,Drives Right,Isolation > Right > Drives Right > To Basket,Isolation,Right,Drives Right,To Basket,,,4,80.0,1.0,50.0,0.0,0.0,0,,,,50.0,,4,50.0,0.0,,,2,2,,4.0,0.0,50.0,4,2,2,50.0,0,0,0.0,4
Chris Smith,Montreal Alliance,2024-2025,offense,Play types,Make 2 Pts,5,To Basket,Isolation > Right > Drives Right > To Basket > Make 2 Pts,Isolation,Right,Drives Right,To Basket,Make 2 Pts,,2,50.0,2.0,100.0,0.0,0.0,0,,,,100.0,,2,100.0,0.0,,,2,0,,2.0,0.0,100.0,2,2,0,100.0,0,0,0.0,4
Chris Smith,Montreal Alliance,2024-2025,offense,Play types,Miss 2 Pts,5,To Basket,Isolation > Right > Drives Right > To Basket > Miss 2 Pts,Isolation,Right,Drives Right,To Basket,Miss 2 Pts,,2,50.0,0.0,0.0,0.0,0.0,0,,,,0.0,,2,0.0,0.0,,,0,2,,2.0,0.0,0.0,2,0,2,0.0,0,0,0.0,0
Chris Smith,Montreal Alliance,2024-2025,offense,Play types,Turnover,4,Drives Right,Isolation > Right > Drives Right > Turnover,Isolation,Right,Drives Right,Turnover,,,1,20.0,0.0,,100.0,0.0,0,,,,,,0,,0.0,,,0,0,,0.0,,0.0,0,0,0,,0,0,,0
Chris Smith,Montreal Alliance,2024-2025,offense,Play types,Early Jumper,3,Right,Isolation > Right > Early Jumper,Isolation,Right,Early Jumper,,,,3,21.4,1.0,50.0,0.0,0.0,1,100.0,,,33.3,,3,50.0,0.0,,,1,2,,3.0,0.0,33.3,2,0,2,0.0,1,0,0.33,3
Chris Smith,Montreal Alliance,2024-2025,offense,Play types,No Dribble Jumper,4,Early Jumper,Isolation > Right > Early Jumper > No Dribble Jumper,Isolation,Right,Early Jumper,No Dribble Jumper,,,3,100.0,1.0,50.0,0.0,0.0,1,100.0,,,33.3,,3,50.0,0.0,,,1,2,,3.0,0.0,33.3,2,0,2,0.0,1,0,0.33,3
Chris Smith,Montreal Alliance,2024-2025,offense,Play types,Guarded,5,No Dribble Jumper,Isolation > Right > Early Jumper > No Dribble Jumper > Guarded,Isolation,Right,Early Jumper,No Dribble Jumper,Guarded,,3,100.0,1.0,50.0,0.0,0.0,1,100.0,,,33.3,,3,50.0,0.0,,,1,2,,3.0,0.0,33.3,2,0,2,0.0,1,0,0.33,3
Chris Smith,Montreal Alliance,2024-2025,offense,Play types,Top,2,Isolation,Isolation > Top,Isolation,Top,,,,,13,39.4,0.692,41.8,15.4,15.4,2,0.0,,,33.3,,9,33.3,15.4,,,3,6,,10.8,0.44,38.5,7,3,4,42.9,0,2,0.22,9
Chris Smith,Montreal Alliance,2024-2025,offense,Play types,Drives Right,3,Top,Isolation > Top > Drives Right,Isolation,Top,Drives Right,,,,7,53.8,0.714,37.0,0.0,28.6,1,0.0,,,20.0,,5,20.0,28.6,,,1,4,,6.8,0.8,42.9,4,1,3,25.0,0,1,0.2,5
Chris Smith,Montreal Alliance,2024-2025,offense,Play types,To Basket,4,Drives Right,Isolation > Top > Drives Right > To Basket,Isolation,Top,Drives Right,To Basket,,,4,57.1,0.75,39.9,0.0,50.0,0,,,,0.0,,2,0.0,50.0,,,0,2,,3.8,2.0,50.0,2,0,2,0.0,0,0,0.0,3
Chris Smith,Montreal Alliance,2024-2025,offense,Play types,Miss 2 Pts,5,To Basket,Isolation > Top > Drives Right > To Basket > Miss 2 Pts,Isolation,Top,Drives Right,To Basket,Miss 2 Pts,,2,50.0,0.0,0.0,0.0,0.0,0,,,,0.0,,2,0.0,0.0,,,0,2,,2.0,0.0,0.0,2,0,2,0.0,0,0,0.0,0
Chris Smith,Montreal Alliance,2024-2025,offense,Play types,Foul,5,To Basket,Isolation > Top > Drives Right > To Basket > Foul,Isolation,Top,Drives Right,To Basket,Foul,,2,50.0,1.5,85.2,0.0,100.0,0,,,,,,0,,100.0,,,0,0,,1.8,,100.0,0,0,0,,0,0,,3
Chris Smith,Montreal Alliance,2024-2025,offense,Play types,Dribble Jumper,4,Drives Right,Isolation > Top > Drives Right > Dribble Jumper,Isolation,Top,Drives Right,Dribble Jumper,,,3,42.9,0.667,33.3,0.0,0.0,1,0.0,,,33.3,,3,33.3,0.0,,,1,2,,3.0,0.0,33.3,2,1,1,50.0,0,1,0.33,2
Chris Smith,Montreal Alliance,2024-2025,offense,Play types,Short to < 17,5,Dribble Jumper,Isolation > Top > Drives Right > Dribble Jumper > Short to < 17,Isolation,Top,Drives Right,Dribble Jumper,Short to < 17,,2,66.7,1.0,50.0,0.0,0.0,0,,,,50.0,,2,50.0,0.0,,,1,1,,2.0,0.0,50.0,2,1,1,50.0,0,0,0.0,2
Chris Smith,Montreal Alliance,2024-2025,offense,Play types,Long/3pt,5,Dribble Jumper,Isolation > Top > Drives Right > Dribble Jumper > Long/3pt,Isolation,Top,Drives Right,Dribble Jumper,Long/3pt,,1,33.3,0.0,0.0,0.0,0.0,1,0.0,,,0.0,,1,0.0,0.0,,,0,1,,1.0,0.0,0.0,0,0,0,,0,1,1.0,0
Chris Smith,Montreal Alliance,2024-2025,offense,Play types,Drives Left,3,Top,Isolation > Top > Drives Left,Isolation,Top,Drives Left,,,,5,38.5,0.8,66.7,40.0,0.0,0,,,,66.7,,3,66.7,0.0,,,2,1,,3.0,0.0,40.0,3,2,1,66.7,0,0,0.0,4
Chris Smith,Montreal Alliance,2024-2025,offense,Play types,To Basket,4,Drives Left,Isolation > Top > Drives Left > To Basket,Isolation,Top,Drives Left,To Basket,,,2,40.0,1.0,50.0,0.0,0.0,0,,,,50.0,,2,50.0,0.0,,,1,1,,2.0,0.0,50.0,2,1,1,50.0,0,0,0.0,2
Chris Smith,Montreal Alliance,2024-2025,offense,Play types,Miss 2 Pts,5,To Basket,Isolation > Top > Drives Left > To Basket > Miss 2 Pts,Isolation,Top,Drives Left,To Basket,Miss 2 Pts,,1,50.0,0.0,0.0,0.0,0.0,0,,,,0.0,,1,0.0,0.0,,,0,1,,1.0,0.0,0.0,1,0,1,0.0,0,0,0.0,0
Chris Smith,Montreal Alliance,2024-2025,offense,Play types,Make 2 Pts,5,To Basket,Isolation > Top > Drives Left > To Basket > Make 2 Pts,Isolation,Top,Drives Left,To Basket,Make 2 Pts,,1,50.0,2.0,100.0,0.0,0.0,0,,,,100.0,,1,100.0,0.0,,,1,0,,1.0,0.0,100.0,1,1,0,100.0,0,0,0.0,2
Chris Smith,Montreal Alliance,2024-2025,offense,Play types,Defense Commits,4,Drives Left,Isolation > Top > Drives Left > Defense Commits,Isolation,Top,Drives Left,Defense Commits,,,2,40.0,0.0,,100.0,0.0,0,,,,,,0,,0.0,,,0,0,,0.0,,0.0,0,0,0,,0,0,,0
Chris Smith,Montreal Alliance,2024-2025,offense,Play types,Turnover,5,Defense Commits,Isolation > Top > Drives Left > Defense Commits > Turnover,Isolation,Top,Drives Left,Defense Commits,Turnover,,2,100.0,0.0,,100.0,0.0,0,,,,,,0,,0.0,,,0,0,,0.0,,0.0,0,0,0,,0,0,,0
Chris Smith,Montreal Alliance,2024-2025,offense,Play types,Dribble Jumper,4,Drives Left,Isolation > Top > Drives Left > Dribble Jumper,Isolation,Top,Drives Left,Dribble Jumper,,,1,20.0,2.0,100.0,0.0,0.0,0,,,,100.0,,1,100.0,0.0,,,1,0,,1.0,0.0,100.0,1,1,0,100.0,0,0,0.0,2
Chris Smith,Montreal Alliance,2024-2025,offense,Play types,Short to < 17,5,Dribble Jumper,Isolation > Top > Drives Left > Dribble Jumper > Short to < 17,Isolation,Top,Drives Left,Dribble Jumper,Short to < 17,,1,100.0,2.0,100.0,0.0,0.0,0,,,,100.0,,1,100.0,0.0,,,1,0,,1.0,0.0,100.0,1,1,0,100.0,0,0,0.0,2
Chris Smith,Montreal Alliance,2024-2025,offense,Play types,Early Jumper,3,Top,Isolation > Top > Early Jumper,Isolation,Top,Early Jumper,,,,1,7.7,0.0,0.0,0.0,0.0,1,0.0,,,0.0,,1,0.0,0.0,,,0,1,,1.0,0.0,0.0,0,0,0,,0,1,1.0,0
Chris Smith,Montreal Alliance,2024-2025,offense,Play types,Dribble Jumper,4,Early Jumper,Isolation > Top > Early Jumper > Dribble Jumper,Isolation,Top,Early Jumper,Dribble Jumper,,,1,100.0,0.0,0.0,0.0,0.0,1,0.0,,,0.0,,1,0.0,0.0,,,0,1,,1.0,0.0,0.0,0,0,0,,0,1,1.0,0
Chris Smith,Montreal Alliance,2024-2025,offense,Play types,Long/3pt,5,Dribble Jumper,Isolation > Top > Early Jumper > Dribble Jumper > Long/3pt,Isolation,Top,Early Jumper,Dribble Jumper,Long/3pt,,1,100.0,0.0,0.0,0.0,0.0,1,0.0,,,0.0,,1,0.0,0.0,,,0,1,,1.0,0.0,0.0,0,0,0,,0,1,1.0,0
Chris Smith,Montreal Alliance,2024-2025,offense,Play types,Left,2,Isolation,Isolation > Left,Isolation,Left,,,,,6,18.2,0.0,0.0,50.0,16.7,1,0.0,,,0.0,,2,0.0,16.7,,,0,2,,2.9,1.0,0.0,1,0,1,0.0,0,1,0.5,0
Chris Smith,Montreal Alliance,2024-2025,offense,Play types,Drives Left,3,Left,Isolation > Left > Drives Left,Isolation,Left,Drives Left,,,,4,66.7,0.0,0.0,50.0,25.0,0,,,,0.0,,1,0.0,25.0,,,0,1,,1.9,2.0,0.0,1,0,1,0.0,0,0,0.0,0
Chris Smith,Montreal Alliance,2024-2025,offense,Play types,To Basket,4,Drives Left,Isolation > Left > Drives Left > To Basket,Isolation,Left,Drives Left,To Basket,,,1,25.0,0.0,0.0,0.0,100.0,0,,,,,,0,,100.0,,,0,0,,0.9,,0.0,0,0,0,,0,0,,0
Chris Smith,Montreal Alliance,2024-2025,offense,Play types,Foul,5,To Basket,Isolation > Left > Drives Left > To Basket > Foul,Isolation,Left,Drives Left,To Basket,Foul,,1,100.0,0.0,0.0,0.0,100.0,0,,,,,,0,,100.0,,,0,0,,0.9,,0.0,0,0,0,,0,0,,0
Chris Smith,Montreal Alliance,2024-2025,offense,Play types,Turnover,4,Drives Left,Isolation > Left > Drives Left > Turnover,Isolation,Left,Drives Left,Turnover,,,1,25.0,0.0,,100.0,0.0,0,,,,,,0,,0.0,,,0,0,,0.0,,0.0,0,0,0,,0,0,,0
Chris Smith,Montreal Alliance,2024-2025,offense,Play types,Defense Commits,4,Drives Left,Isolation > Left > Drives Left > Defense Commits,Isolation,Left,Drives Left,Defense Commits,,,1,25.0,0.0,,100.0,0.0,0,,,,,,0,,0.0,,,0,0,,0.0,,0.0,0,0,0,,0,0,,0
Chris Smith,Montreal Alliance,2024-2025,offense,Play types,Turnover,5,Defense Commits,Isolation > Left > Drives Left > Defense Commits > Turnover,Isolation,Left,Drives Left,Defense Commits,Turnover,,1,100.0,0.0,,100.0,0.0,0,,,,,,0,,0.0,,,0,0,,0.0,,0.0,0,0,0,,0,0,,0
Chris Smith,Montreal Alliance,2024-2025,offense,Play types,Dribble Jumper,4,Drives Left,Isolation > Left > Drives Left > Dribble Jumper,Isolation,Left,Drives Left,Dribble Jumper,,,1,25.0,0.0,0.0,0.0,0.0,0,,,,0.0,,1,0.0,0.0,,,0,1,,1.0,0.0,0.0,1,0,1,0.0,0,0,0.0,0
Chris Smith,Montreal Alliance,2024-2025,offense,Play types,Short to < 17,5,Dribble Jumper,Isolation > Left > Drives Left > Dribble Jumper > Short to < 17,Isolation,Left,Drives Left,Dribble Jumper,Short to < 17,,1,100.0,0.0,0.0,0.0,0.0,0,,,,0.0,,1,0.0,0.0,,,0,1,,1.0,0.0,0.0,1,0,1,0.0,0,0,0.0,0
Chris Smith,Montreal Alliance,2024-2025,offense,Play types,Early Jumper,3,Left,Isolation > Left > Early Jumper,Isolation,Left,Early Jumper,,,,1,16.7,0.0,0.0,0.0,0.0,1,0.0,,,0.0,,1,0.0,0.0,,,0,1,,1.0,0.0,0.0,0,0,0,,0,1,1.0,0
Chris Smith,Montreal Alliance,2024-2025,offense,Play types,Dribble Jumper,4,Early Jumper,Isolation > Left > Early Jumper > Dribble Jumper,Isolation,Left,Early Jumper,Dribble Jumper,,,1,100.0,0.0,0.0,0.0,0.0,1,0.0,,,0.0,,1,0.0,0.0,,,0,1,,1.0,0.0,0.0,0,0,0,,0,1,1.0,0
Chris Smith,Montreal Alliance,2024-2025,offense,Play types,Long/3pt,5,Dribble Jumper,Isolation > Left > Early Jumper > Dribble Jumper > Long/3pt,Isolation,Left,Early Jumper,Dribble Jumper,Long/3pt,,1,100.0,0.0,0.0,0.0,0.0,1,0.0,,,0.0,,1,0.0,0.0,,,0,1,,1.0,0.0,0.0,0,0,0,,0,1,1.0,0
Chris Smith,Montreal Alliance,2024-2025,offense,Play types,Drives Right,3,Left,Isolation > Left > Drives Right,Isolation,Left,Drives Right,,,,1,16.7,0.0,,100.0,0.0,0,,,,,,0,,0.0,,,0,0,,0.0,,0.0,0,0,0,,0,0,,0
Chris Smith,Montreal Alliance,2024-2025,offense,Play types,Defense Commits,4,Drives Right,Isolation > Left > Drives Right > Defense Commits,Isolation,Left,Drives Right,Defense Commits,,,1,100.0,0.0,,100.0,0.0,0,,,,,,0,,0.0,,,0,0,,0.0,,0.0,0,0,0,,0,0,,0
Chris Smith,Montreal Alliance,2024-2025,offense,Play types,Turnover,5,Defense Commits,Isolation > Left > Drives Right > Defense Commits > Turnover,Isolation,Left,Drives Right,Defense Commits,Turnover,,1,100.0,0.0,,100.0,0.0,0,,,,,,0,,0.0,,,0,0,,0.0,,0.0,0,0,0,,0,0,,0
Chris Smith,Montreal Alliance,2024-2025,offense,Play types,Post-Up,1,,Post-Up,Post-Up,,,,,,33,10.0,0.909,60.7,24.2,21.2,0,,Very Good,69.0,52.6,31.0,19,52.6,21.2,,,10,9,,24.7,0.68,48.5,19,10,9,52.6,0,0,0.0,30
Chris Smith,Montreal Alliance,2024-2025,offense,Play types,Post-Up - Overall,2,Post-Up,Post-Up > Post-Up - Overall,Post-Up,Post-Up - Overall,,,,,33,100.0,0.909,60.7,24.2,21.2,0,,,,52.6,,19,52.6,21.2,,,10,9,,24.7,0.68,48.5,19,10,9,52.6,0,0,0.0,30
Chris Smith,Montreal Alliance,2024-2025,offense,Play types,Right Shoulder,3,Post-Up - Overall,Post-Up > Post-Up - Overall > Right Shoulder,Post-Up,Post-Up - Overall,Right Shoulder,,,,14,42.4,0.643,45.5,28.6,7.1,0,,,,44.4,,9,44.4,7.1,,,4,5,,9.9,0.22,35.7,9,4,5,44.4,0,0,0.0,9
Chris Smith,Montreal Alliance,2024-2025,offense,Play types,Face-Up,3,Post-Up - Overall,Post-Up > Post-Up - Overall > Face-Up,Post-Up,Post-Up - Overall,Face-Up,,,,11,33.3,1.273,72.6,9.1,27.3,0,,,,57.1,,7,57.1,27.3,,,4,3,,9.6,0.86,63.6,7,4,3,57.1,0,0,0.0,14
Chris Smith,Montreal Alliance,2024-2025,offense,Play types,Left Shoulder,3,Post-Up - Overall,Post-Up > Post-Up - Overall > Left Shoulder,Post-Up,Post-Up - Overall,Left Shoulder,,,,8,24.2,0.875,67.3,37.5,37.5,0,,,,66.7,,3,66.7,37.5,,,2,1,,5.2,1.67,50.0,3,2,1,66.7,0,0,0.0,7
Chris Smith,Montreal Alliance,2024-2025,offense,Play types,Left Block,2,Post-Up,Post-Up > Left Block,Post-Up,Left Block,,,,,19,57.6,0.842,53.8,21.1,5.3,0,,,,50.0,,14,50.0,5.3,,,7,7,,14.9,0.14,42.1,14,7,7,50.0,0,0,0.0,16
Chris Smith,Montreal Alliance,2024-2025,offense,Play types,Face-up,3,Left Block,Post-Up > Left Block > Face-up,Post-Up,Left Block,Face-up,,,,9,47.4,1.111,63.5,11.1,11.1,0,,,,57.1,,7,57.1,11.1,,,4,3,,7.9,0.29,55.6,7,4,3,57.1,0,0,0.0,10
Chris Smith,Montreal Alliance,2024-2025,offense,Play types,Drive Baseline,4,Face-up,Post-Up > Left Block > Face-up > Drive Baseline,Post-Up,Left Block,Face-up,Drive Baseline,,,7,77.8,1.143,66.7,14.3,0.0,0,,,,66.7,,6,66.7,0.0,,,4,2,,6.0,0.0,57.1,6,4,2,66.7,0,0,0.0,8
Chris Smith,Montreal Alliance,2024-2025,offense,Play types,Make 2 Pts,5,Drive Baseline,Post-Up > Left Block > Face-up > Drive Baseline > Make 2 Pts,Post-Up,Left Block,Face-up,Drive Baseline,Make 2 Pts,,4,57.1,2.0,100.0,0.0,0.0,0,,,,100.0,,4,100.0,0.0,,,4,0,,4.0,0.0,100.0,4,4,0,100.0,0,0,0.0,8
Chris Smith,Montreal Alliance,2024-2025,offense,Play types,Miss 2 Pts,5,Drive Baseline,Post-Up > Left Block > Face-up > Drive Baseline > Miss 2 Pts,Post-Up,Left Block,Face-up,Drive Baseline,Miss 2 Pts,,2,28.6,0.0,0.0,0.0,0.0,0,,,,0.0,,2,0.0,0.0,,,0,2,,2.0,0.0,0.0,2,0,2,0.0,0,0,0.0,0
Chris Smith,Montreal Alliance,2024-2025,offense,Play types,Defense Commits,5,Drive Baseline,Post-Up > Left Block > Face-up > Drive Baseline > Defense Commits,Post-Up,Left Block,Face-up,Drive Baseline,Defense Commits,,1,14.3,0.0,,100.0,0.0,0,,,,,,0,,0.0,,,0,0,,0.0,,0.0,0,0,0,,0,0,,0
Chris Smith,Montreal Alliance,2024-2025,offense,Play types,Drive Middle,4,Face-up,Post-Up > Left Block > Face-up > Drive Middle,Post-Up,Left Block,Face-up,Drive Middle,,,2,22.2,1.0,53.2,0.0,50.0,0,,,,0.0,,1,0.0,50.0,,,0,1,,1.9,2.0,50.0,1,0,1,0.0,0,0,0.0,2
Chris Smith,Montreal Alliance,2024-2025,offense,Play types,Miss 2 Pts,5,Drive Middle,Post-Up > Left Block > Face-up > Drive Middle > Miss 2 Pts,Post-Up,Left Block,Face-up,Drive Middle,Miss 2 Pts,,1,50.0,0.0,0.0,0.0,0.0,0,,,,0.0,,1,0.0,0.0,,,0,1,,1.0,0.0,0.0,1,0,1,0.0,0,0,0.0,0
Chris Smith,Montreal Alliance,2024-2025,offense,Play types,Foul,5,Drive Middle,Post-Up > Left Block > Face-up > Drive Middle > Foul,Post-Up,Left Block,Face-up,Drive Middle,Foul,,1,50.0,2.0,113.6,0.0,100.0,0,,,,,,0,,100.0,,,0,0,,0.9,,100.0,0,0,0,,0,0,,2
Chris Smith,Montreal Alliance,2024-2025,offense,Play types,Right Shoulder,3,Left Block,Post-Up > Left Block > Right Shoulder,Post-Up,Left Block,Right Shoulder,,,,8,42.1,0.75,50.0,25.0,0.0,0,,,,50.0,,6,50.0,0.0,,,3,3,,6.0,0.0,37.5,6,3,3,50.0,0,0,0.0,6
Chris Smith,Montreal Alliance,2024-2025,offense,Play types,Dribble Move,4,Right Shoulder,Post-Up > Left Block > Right Shoulder > Dribble Move,Post-Up,Left Block,Right Shoulder,Dribble Move,,,8,100.0,0.75,50.0,25.0,0.0,0,,,,50.0,,6,50.0,0.0,,,3,3,,6.0,0.0,37.5,6,3,3,50.0,0,0,0.0,6
Chris Smith,Montreal Alliance,2024-2025,offense,Play types,To Drop Step,5,Dribble Move,Post-Up > Left Block > Right Shoulder > Dribble Move > To Drop Step,Post-Up,Left Block,Right Shoulder,Dribble Move,To Drop Step,,2,25.0,2.0,100.0,0.0,0.0,0,,,,100.0,,2,100.0,0.0,,,2,0,,2.0,0.0,100.0,2,2,0,100.0,0,0,0.0,4
Chris Smith,Montreal Alliance,2024-2025,offense,Play types,To Basket,5,Dribble Move,Post-Up > Left Block > Right Shoulder > Dribble Move > To Basket,Post-Up,Left Block,Right Shoulder,Dribble Move,To Basket,,2,25.0,1.0,50.0,0.0,0.0,0,,,,50.0,,2,50.0,0.0,,,1,1,,2.0,0.0,50.0,2,1,1,50.0,0,0,0.0,2
Chris Smith,Montreal Alliance,2024-2025,offense,Play types,Turnover,5,Dribble Move,Post-Up > Left Block > Right Shoulder > Dribble Move > Turnover,Post-Up,Left Block,Right Shoulder,Dribble Move,Turnover,,1,12.5,0.0,,100.0,0.0,0,,,,,,0,,0.0,,,0,0,,0.0,,0.0,0,0,0,,0,0,,0
Chris Smith,Montreal Alliance,2024-2025,offense,Play types,Defense Commits,5,Dribble Move,Post-Up > Left Block > Right Shoulder > Dribble Move > Defense Commits,Post-Up,Left Block,Right Shoulder,Dribble Move,Defense Commits,,1,12.5,0.0,,100.0,0.0,0,,,,,,0,,0.0,,,0,0,,0.0,,0.0,0,0,0,,0,0,,0
Chris Smith,Montreal Alliance,2024-2025,offense,Play types,To Up and Under,5,Dribble Move,Post-Up > Left Block > Right Shoulder > Dribble Move > To Up and Under,Post-Up,Left Block,Right Shoulder,Dribble Move,To Up and Under,,1,12.5,0.0,0.0,0.0,0.0,0,,,,0.0,,1,0.0,0.0,,,0,1,,1.0,0.0,0.0,1,0,1,0.0,0,0,0.0,0
Chris Smith,Montreal Alliance,2024-2025,offense,Play types,To Jumper,5,Dribble Move,Post-Up > Left Block > Right Shoulder > Dribble Move > To Jumper,Post-Up,Left Block,Right Shoulder,Dribble Move,To Jumper,,1,12.5,0.0,0.0,0.0,0.0,0,,,,0.0,,1,0.0,0.0,,,0,1,,1.0,0.0,0.0,1,0,1,0.0,0,0,0.0,0
Chris Smith,Montreal Alliance,2024-2025,offense,Play types,Left Shoulder,3,Left Block,Post-Up > Left Block > Left Shoulder,Post-Up,Left Block,Left Shoulder,,,,2,10.5,0.0,0.0,50.0,0.0,0,,,,0.0,,1,0.0,0.0,,,0,1,,1.0,0.0,0.0,1,0,1,0.0,0,0,0.0,0
Chris Smith,Montreal Alliance,2024-2025,offense,Play types,Dribble Move,4,Left Shoulder,Post-Up > Left Block > Left Shoulder > Dribble Move,Post-Up,Left Block,Left Shoulder,Dribble Move,,,2,100.0,0.0,0.0,50.0,0.0,0,,,,0.0,,1,0.0,0.0,,,0,1,,1.0,0.0,0.0,1,0,1,0.0,0,0,0.0,0
Chris Smith,Montreal Alliance,2024-2025,offense,Play types,Turnover,5,Dribble Move,Post-Up > Left Block > Left Shoulder > Dribble Move > Turnover,Post-Up,Left Block,Left Shoulder,Dribble Move,Turnover,,1,50.0,0.0,,100.0,0.0,0,,,,,,0,,0.0,,,0,0,,0.0,,0.0,0,0,0,,0,0,,0
Chris Smith,Montreal Alliance,2024-2025,offense,Play types,To Basket,5,Dribble Move,Post-Up > Left Block > Left Shoulder > Dribble Move > To Basket,Post-Up,Left Block,Left Shoulder,Dribble Move,To Basket,,1,50.0,0.0,0.0,0.0,0.0,0,,,,0.0,,1,0.0,0.0,,,0,1,,1.0,0.0,0.0,1,0,1,0.0,0,0,0.0,0
Chris Smith,Montreal Alliance,2024-2025,offense,Play types,Right Block,2,Post-Up,Post-Up > Right Block,Post-Up,Right Block,,,,,11,33.3,0.727,61.3,36.4,36.4,0,,,,33.3,,3,33.3,36.4,,,1,2,,6.5,2.67,45.5,3,1,2,33.3,0,0,0.0,8
Chris Smith,Montreal Alliance,2024-2025,offense,Play types,Left Shoulder,3,Right Block,Post-Up > Right Block > Left Shoulder,Post-Up,Right Block,Left Shoulder,,,,5,45.5,0.8,72.5,40.0,40.0,0,,,,100.0,,1,100.0,40.0,,,1,0,,2.8,4.0,60.0,1,1,0,100.0,0,0,0.0,4
Chris Smith,Montreal Alliance,2024-2025,offense,Play types,Dribble Move,4,Left Shoulder,Post-Up > Right Block > Left Shoulder > Dribble Move,Post-Up,Right Block,Left Shoulder,Dribble Move,,,5,100.0,0.8,72.5,40.0,40.0,0,,,,100.0,,1,100.0,40.0,,,1,0,,2.8,4.0,60.0,1,1,0,100.0,0,0,0.0,4
Chris Smith,Montreal Alliance,2024-2025,offense,Play types,Defense Commits,5,Dribble Move,Post-Up > Right Block > Left Shoulder > Dribble Move > Defense Commits,Post-Up,Right Block,Left Shoulder,Dribble Move,Defense Commits,,2,40.0,0.0,,100.0,0.0,0,,,,,,0,,0.0,,,0,0,,0.0,,0.0,0,0,0,,0,0,,0
Chris Smith,Montreal Alliance,2024-2025,offense,Play types,To Drop Step,5,Dribble Move,Post-Up > Right Block > Left Shoulder > Dribble Move > To Drop Step,Post-Up,Right Block,Left Shoulder,Dribble Move,To Drop Step,,2,40.0,1.5,79.8,0.0,50.0,0,,,,100.0,,1,100.0,50.0,,,1,0,,1.9,2.0,100.0,1,1,0,100.0,0,0,0.0,3
Chris Smith,Montreal Alliance,2024-2025,offense,Play types,To Basket,5,Dribble Move,Post-Up > Right Block > Left Shoulder > Dribble Move > To Basket,Post-Up,Right Block,Left Shoulder,Dribble Move,To Basket,,1,20.0,1.0,56.8,0.0,100.0,0,,,,,,0,,100.0,,,0,0,,0.9,,100.0,0,0,0,,0,0,,1
Chris Smith,Montreal Alliance,2024-2025,offense,Play types,Right Shoulder,3,Right Block,Post-Up > Right Block > Right Shoulder,Post-Up,Right Block,Right Shoulder,,,,4,36.4,0.0,0.0,50.0,0.0,0,,,,0.0,,2,0.0,0.0,,,0,2,,2.0,0.0,0.0,2,0,2,0.0,0,0,0.0,0
Chris Smith,Montreal Alliance,2024-2025,offense,Play types,Dribble Move,4,Right Shoulder,Post-Up > Right Block > Right Shoulder > Dribble Move,Post-Up,Right Block,Right Shoulder,Dribble Move,,,4,100.0,0.0,0.0,50.0,0.0,0,,,,0.0,,2,0.0,0.0,,,0,2,,2.0,0.0,0.0,2,0,2,0.0,0,0,0.0,0
Chris Smith,Montreal Alliance,2024-2025,offense,Play types,Turnover,5,Dribble Move,Post-Up > Right Block > Right Shoulder > Dribble Move > Turnover,Post-Up,Right Block,Right Shoulder,Dribble Move,Turnover,,2,50.0,0.0,,100.0,0.0,0,,,,,,0,,0.0,,,0,0,,0.0,,0.0,0,0,0,,0,0,,0
Chris Smith,Montreal Alliance,2024-2025,offense,Play types,To Jumper,5,Dribble Move,Post-Up > Right Block > Right Shoulder > Dribble Move > To Jumper,Post-Up,Right Block,Right Shoulder,Dribble Move,To Jumper,,2,50.0,0.0,0.0,0.0,0.0,0,,,,0.0,,2,0.0,0.0,,,0,2,,2.0,0.0,0.0,2,0,2,0.0,0,0,0.0,0
Chris Smith,Montreal Alliance,2024-2025,offense,Play types,Face-up,3,Right Block,Post-Up > Right Block > Face-up,Post-Up,Right Block,Face-up,,,,2,18.2,2.0,113.6,0.0,100.0,0,,,,,,0,,100.0,,,0,0,,1.8,,100.0,0,0,0,,0,0,,4
Chris Smith,Montreal Alliance,2024-2025,offense,Play types,Drive Middle,4,Face-up,Post-Up > Right Block > Face-up > Drive Middle,Post-Up,Right Block,Face-up,Drive Middle,,,2,100.0,2.0,113.6,0.0,100.0,0,,,,,,0,,100.0,,,0,0,,1.8,,100.0,0,0,0,,0,0,,4
Chris Smith,Montreal Alliance,2024-2025,offense,Play types,Foul,5,Drive Middle,Post-Up > Right Block > Face-up > Drive Middle > Foul,Post-Up,Right Block,Face-up,Drive Middle,Foul,,2,100.0,2.0,113.6,0.0,100.0,0,,,,,,0,,100.0,,,0,0,,1.8,,100.0,0,0,0,,0,0,,4
Chris Smith,Montreal Alliance,2024-2025,offense,Play types,Flash Middle,2,Post-Up,Post-Up > Flash Middle,Post-Up,Flash Middle,,,,,3,9.1,2.0,90.4,0.0,66.7,0,,,,100.0,,2,100.0,66.7,,,2,0,,3.3,1.5,100.0,2,2,0,100.0,0,0,0.0,6
Chris Smith,Montreal Alliance,2024-2025,offense,Play types,Right Shoulder,3,Flash Middle,Post-Up > Flash Middle > Right Shoulder,Post-Up,Flash Middle,Right Shoulder,,,,2,66.7,1.5,79.8,0.0,50.0,0,,,,100.0,,1,100.0,50.0,,,1,0,,1.9,2.0,100.0,1,1,0,100.0,0,0,0.0,3
Chris Smith,Montreal Alliance,2024-2025,offense,Play types,Dribble Move,4,Right Shoulder,Post-Up > Flash Middle > Right Shoulder > Dribble Move,Post-Up,Flash Middle,Right Shoulder,Dribble Move,,,1,50.0,2.0,100.0,0.0,0.0,0,,,,100.0,,1,100.0,0.0,,,1,0,,1.0,0.0,100.0,1,1,0,100.0,0,0,0.0,2
Chris Smith,Montreal Alliance,2024-2025,offense,Play types,To Basket,5,Dribble Move,Post-Up > Flash Middle > Right Shoulder > Dribble Move > To Basket,Post-Up,Flash Middle,Right Shoulder,Dribble Move,To Basket,,1,100.0,2.0,100.0,0.0,0.0,0,,,,100.0,,1,100.0,0.0,,,1,0,,1.0,0.0,100.0,1,1,0,100.0,0,0,0.0,2
Chris Smith,Montreal Alliance,2024-2025,offense,Play types,No Dribble Move,4,Right Shoulder,Post-Up > Flash Middle > Right Shoulder > No Dribble Move,Post-Up,Flash Middle,Right Shoulder,No Dribble Move,,,1,50.0,1.0,56.8,0.0,100.0,0,,,,,,0,,100.0,,,0,0,,0.9,,100.0,0,0,0,,0,0,,1
Chris Smith,Montreal Alliance,2024-2025,offense,Play types,To Basket,5,No Dribble Move,Post-Up > Flash Middle > Right Shoulder > No Dribble Move > To Basket,Post-Up,Flash Middle,Right Shoulder,No Dribble Move,To Basket,,1,100.0,1.0,56.8,0.0,100.0,0,,,,,,0,,100.0,,,0,0,,0.9,,100.0,0,0,0,,0,0,,1
Chris Smith,Montreal Alliance,2024-2025,offense,Play types,Left Shoulder,3,Flash Middle,Post-Up > Flash Middle > Left Shoulder,Post-Up,Flash Middle,Left Shoulder,,,,1,33.3,3.0,104.2,0.0,100.0,0,,,,100.0,,1,100.0,100.0,,,1,0,,1.4,1.0,100.0,1,1,0,100.0,0,0,0.0,3
Chris Smith,Montreal Alliance,2024-2025,offense,Play types,Dribble Move,4,Left Shoulder,Post-Up > Flash Middle > Left Shoulder > Dribble Move,Post-Up,Flash Middle,Left Shoulder,Dribble Move,,,1,100.0,3.0,104.2,0.0,100.0,0,,,,100.0,,1,100.0,100.0,,,1,0,,1.4,1.0,100.0,1,1,0,100.0,0,0,0.0,3
Chris Smith,Montreal Alliance,2024-2025,offense,Play types,To Drop Step,5,Dribble Move,Post-Up > Flash Middle > Left Shoulder > Dribble Move > To Drop Step,Post-Up,Flash Middle,Left Shoulder,Dribble Move,To Drop Step,,1,100.0,3.0,104.2,0.0,100.0,0,,,,100.0,,1,100.0,100.0,,,1,0,,1.4,1.0,100.0,1,1,0,100.0,0,0,0.0,3
Chris Smith,Montreal Alliance,2024-2025,offense,Play types,Offensive Rebounds (Put Backs),1,,Offensive Rebounds (Put Backs),Offensive Rebounds (Put Backs),,,,,,29,8.8,1.31,71.4,6.9,27.6,0,,Very Good,80.0,60.0,30.0,20,60.0,24.1,,,12,8,,26.6,0.75,65.5,20,12,8,60.0,0,0,0.0,38
Chris Smith,Montreal Alliance,2024-2025,offense,Play types,Short,2,Offensive Rebounds (Put Backs),Offensive Rebounds (Put Backs) > Short,Offensive Rebounds (Put Backs),Short,,,,,28,96.6,1.357,71.4,3.6,28.6,0,,,,60.0,,20,60.0,25.0,,,12,8,,26.6,0.75,67.9,20,12,8,60.0,0,0,0.0,38
Chris Smith,Montreal Alliance,2024-2025,offense,Play types,Scoring Attempt,3,Short,Offensive Rebounds (Put Backs) > Short > Scoring Attempt,Offensive Rebounds (Put Backs),Short,Scoring Attempt,,,,27,96.4,1.333,70.0,3.7,25.9,0,,,,60.0,,20,60.0,25.9,,,12,8,,25.7,0.65,66.7,20,12,8,60.0,0,0,0.0,36
Chris Smith,Montreal Alliance,2024-2025,offense,Play types,At Basket,4,Scoring Attempt,Offensive Rebounds (Put Backs) > Short > Scoring Attempt > At Basket,Offensive Rebounds (Put Backs),Short,Scoring Attempt,At Basket,,,26,96.3,1.385,72.8,3.8,26.9,0,,,,63.2,,19,63.2,26.9,,,12,7,,24.7,0.68,69.2,19,12,7,63.2,0,0,0.0,36
Chris Smith,Montreal Alliance,2024-2025,offense,Play types,Make 2 Pts,5,At Basket,Offensive Rebounds (Put Backs) > Short > Scoring Attempt > At Basket > Make 2 Pts,Offensive Rebounds (Put Backs),Short,Scoring Attempt,At Basket,Make 2 Pts,,11,42.3,2.0,100.0,0.0,0.0,0,,,,100.0,,11,100.0,0.0,,,11,0,,11.0,0.0,100.0,11,11,0,100.0,0,0,0.0,22
Chris Smith,Montreal Alliance,2024-2025,offense,Play types,Miss 2 Pts,5,At Basket,Offensive Rebounds (Put Backs) > Short > Scoring Attempt > At Basket > Miss 2 Pts,Offensive Rebounds (Put Backs),Short,Scoring Attempt,At Basket,Miss 2 Pts,,7,26.9,0.0,0.0,0.0,0.0,0,,,,0.0,,7,0.0,0.0,,,0,7,,7.0,0.0,0.0,7,0,7,0.0,0,0,0.0,0
Chris Smith,Montreal Alliance,2024-2025,offense,Play types,Foul,5,At Basket,Offensive Rebounds (Put Backs) > Short > Scoring Attempt > At Basket > Foul,Offensive Rebounds (Put Backs),Short,Scoring Attempt,At Basket,Foul,,6,23.1,1.833,104.2,0.0,100.0,0,,,,,,0,,100.0,,,0,0,,5.3,,100.0,0,0,0,,0,0,,11
Chris Smith,Montreal Alliance,2024-2025,offense,Play types,Turnover,5,At Basket,Offensive Rebounds (Put Backs) > Short > Scoring Attempt > At Basket > Turnover,Offensive Rebounds (Put Backs),Short,Scoring Attempt,At Basket,Turnover,,1,3.8,0.0,,100.0,0.0,0,,,,,,0,,0.0,,,0,0,,0.0,,0.0,0,0,0,,0,0,,0
Chris Smith,Montreal Alliance,2024-2025,offense,Play types,Make 2 Pts Foul,5,At Basket,Offensive Rebounds (Put Backs) > Short > Scoring Attempt > At Basket > Make 2 Pts Foul,Offensive Rebounds (Put Backs),Short,Scoring Attempt,At Basket,Make 2 Pts Foul,,1,3.8,3.0,104.2,0.0,100.0,0,,,,100.0,,1,100.0,100.0,,,1,0,,1.4,1.0,100.0,1,1,0,100.0,0,0,0.0,3
Chris Smith,Montreal Alliance,2024-2025,offense,Play types,Short to < 17,4,Scoring Attempt,Offensive Rebounds (Put Backs) > Short > Scoring Attempt > Short to < 17,Offensive Rebounds (Put Backs),Short,Scoring Attempt,Short to < 17,,,1,3.7,0.0,0.0,0.0,0.0,0,,,,0.0,,1,0.0,0.0,,,0,1,,1.0,0.0,0.0,1,0,1,0.0,0,0,0.0,0
Chris Smith,Montreal Alliance,2024-2025,offense,Play types,Miss 2 Pts,5,Short to < 17,Offensive Rebounds (Put Backs) > Short > Scoring Attempt > Short to < 17 > Miss 2 Pts,Offensive Rebounds (Put Backs),Short,Scoring Attempt,Short to < 17,Miss 2 Pts,,1,100.0,0.0,0.0,0.0,0.0,0,,,,0.0,,1,0.0,0.0,,,0,1,,1.0,0.0,0.0,1,0,1,0.0,0,0,0.0,0
Chris Smith,Montreal Alliance,2024-2025,offense,Play types,Foul,3,Short,Offensive Rebounds (Put Backs) > Short > Foul,Offensive Rebounds (Put Backs),Short,Foul,,,,1,3.6,2.0,113.6,0.0,100.0,0,,,,,,0,,0.0,,,0,0,,0.9,,100.0,0,0,0,,0,0,,2
Chris Smith,Montreal Alliance,2024-2025,offense,Play types,Long,2,Offensive Rebounds (Put Backs),Offensive Rebounds (Put Backs) > Long,Offensive Rebounds (Put Backs),Long,,,,,1,3.4,0.0,,100.0,0.0,0,,,,,,0,,0.0,,,0,0,,0.0,,0.0,0,0,0,,0,0,,0
Chris Smith,Montreal Alliance,2024-2025,offense,Play types,Turnover,3,Long,Offensive Rebounds (Put Backs) > Long > Turnover,Offensive Rebounds (Put Backs),Long,Turnover,,,,1,100.0,0.0,,100.0,0.0,0,,,,,,0,,0.0,,,0,0,,0.0,,0.0,0,0,0,,0,0,,0
Chris Smith,Montreal Alliance,2024-2025,offense,Play types,P&R Roll Man,1,,P&R Roll Man,P&R Roll Man,,,,,,26,7.9,1.077,62.2,11.5,15.4,6,33.3,Good,54.0,52.6,5.0,19,57.9,11.5,,,10,9,,22.5,0.42,53.8,13,8,5,61.5,2,4,0.32,28
Chris Smith,Montreal Alliance,2024-2025,offense,Play types,Pick and Pops,2,P&R Roll Man,P&R Roll Man > Pick and Pops,P&R Roll Man,Pick and Pops,,,,,10,38.5,1.2,75.0,20.0,0.0,3,66.7,,,62.5,,8,75.0,0.0,,,5,3,,8.0,0.0,50.0,5,3,2,60.0,2,1,0.38,12
Chris Smith,Montreal Alliance,2024-2025,offense,Play types,Drives Right,3,Pick and Pops,P&R Roll Man > Pick and Pops > Drives Right,P&R Roll Man,Pick and Pops,Drives Right,,,,4,40.0,0.5,50.0,50.0,0.0,0,,,,50.0,,2,50.0,0.0,,,1,1,,2.0,0.0,25.0,2,1,1,50.0,0,0,0.0,2
Chris Smith,Montreal Alliance,2024-2025,offense,Play types,To Basket,4,Drives Right,P&R Roll Man > Pick and Pops > Drives Right > To Basket,P&R Roll Man,Pick and Pops,Drives Right,To Basket,,,3,75.0,0.667,50.0,33.3,0.0,0,,,,50.0,,2,50.0,0.0,,,1,1,,2.0,0.0,33.3,2,1,1,50.0,0,0,0.0,2
Chris Smith,Montreal Alliance,2024-2025,offense,Play types,Make 2 Pts,5,To Basket,P&R Roll Man > Pick and Pops > Drives Right > To Basket > Make 2 Pts,P&R Roll Man,Pick and Pops,Drives Right,To Basket,Make 2 Pts,,1,33.3,2.0,100.0,0.0,0.0,0,,,,100.0,,1,100.0,0.0,,,1,0,,1.0,0.0,100.0,1,1,0,100.0,0,0,0.0,2
Chris Smith,Montreal Alliance,2024-2025,offense,Play types,Miss 2 Pts,5,To Basket,P&R Roll Man > Pick and Pops > Drives Right > To Basket > Miss 2 Pts,P&R Roll Man,Pick and Pops,Drives Right,To Basket,Miss 2 Pts,,1,33.3,0.0,0.0,0.0,0.0,0,,,,0.0,,1,0.0,0.0,,,0,1,,1.0,0.0,0.0,1,0,1,0.0,0,0,0.0,0
Chris Smith,Montreal Alliance,2024-2025,offense,Play types,Turnover,5,To Basket,P&R Roll Man > Pick and Pops > Drives Right > To Basket > Turnover,P&R Roll Man,Pick and Pops,Drives Right,To Basket,Turnover,,1,33.3,0.0,,100.0,0.0,0,,,,,,0,,0.0,,,0,0,,0.0,,0.0,0,0,0,,0,0,,0
Chris Smith,Montreal Alliance,2024-2025,offense,Play types,Turnover,4,Drives Right,P&R Roll Man > Pick and Pops > Drives Right > Turnover,P&R Roll Man,Pick and Pops,Drives Right,Turnover,,,1,25.0,0.0,,100.0,0.0,0,,,,,,0,,0.0,,,0,0,,0.0,,0.0,0,0,0,,0,0,,0
Chris Smith,Montreal Alliance,2024-2025,offense,Play types,No Dribble Jumper,3,Pick and Pops,P&R Roll Man > Pick and Pops > No Dribble Jumper,P&R Roll Man,Pick and Pops,No Dribble Jumper,,,,4,40.0,2.0,100.0,0.0,0.0,3,66.7,,,75.0,,4,100.0,0.0,,,3,1,,4.0,0.0,75.0,1,1,0,100.0,2,1,0.75,8
Chris Smith,Montreal Alliance,2024-2025,offense,Play types,Guarded,4,No Dribble Jumper,P&R Roll Man > Pick and Pops > No Dribble Jumper > Guarded,P&R Roll Man,Pick and Pops,No Dribble Jumper,Guarded,,,2,50.0,1.0,50.0,0.0,0.0,1,0.0,,,50.0,,2,50.0,0.0,,,1,1,,2.0,0.0,50.0,1,1,0,100.0,0,1,0.5,2
Chris Smith,Montreal Alliance,2024-2025,offense,Play types,Medium/17' to 3pt,5,Guarded,P&R Roll Man > Pick and Pops > No Dribble Jumper > Guarded > Medium/17' to 3pt,P&R Roll Man,Pick and Pops,No Dribble Jumper,Guarded,Medium/17' to 3pt,,1,50.0,2.0,100.0,0.0,0.0,0,,,,100.0,,1,100.0,0.0,,,1,0,,1.0,0.0,100.0,1,1,0,100.0,0,0,0.0,2
Chris Smith,Montreal Alliance,2024-2025,offense,Play types,Long/3pt,5,Guarded,P&R Roll Man > Pick and Pops > No Dribble Jumper > Guarded > Long/3pt,P&R Roll Man,Pick and Pops,No Dribble Jumper,Guarded,Long/3pt,,1,50.0,0.0,0.0,0.0,0.0,1,0.0,,,0.0,,1,0.0,0.0,,,0,1,,1.0,0.0,0.0,0,0,0,,0,1,1.0,0
Chris Smith,Montreal Alliance,2024-2025,offense,Play types,Open,4,No Dribble Jumper,P&R Roll Man > Pick and Pops > No Dribble Jumper > Open,P&R Roll Man,Pick and Pops,No Dribble Jumper,Open,,,2,50.0,3.0,150.0,0.0,0.0,2,100.0,,,100.0,,2,150.0,0.0,,,2,0,,2.0,0.0,100.0,0,0,0,,2,0,1.0,6
Chris Smith,Montreal Alliance,2024-2025,offense,Play types,Long/3pt,5,Open,P&R Roll Man > Pick and Pops > No Dribble Jumper > Open > Long/3pt,P&R Roll Man,Pick and Pops,No Dribble Jumper,Open,Long/3pt,,2,100.0,3.0,150.0,0.0,0.0,2,100.0,,,100.0,,2,150.0,0.0,,,2,0,,2.0,0.0,100.0,0,0,0,,2,0,1.0,6
Chris Smith,Montreal Alliance,2024-2025,offense,Play types,Drives Left,3,Pick and Pops,P&R Roll Man > Pick and Pops > Drives Left,P&R Roll Man,Pick and Pops,Drives Left,,,,2,20.0,1.0,50.0,0.0,0.0,0,,,,50.0,,2,50.0,0.0,,,1,1,,2.0,0.0,50.0,2,1,1,50.0,0,0,0.0,2
Chris Smith,Montreal Alliance,2024-2025,offense,Play types,To Basket,4,Drives Left,P&R Roll Man > Pick and Pops > Drives Left > To Basket,P&R Roll Man,Pick and Pops,Drives Left,To Basket,,,1,50.0,2.0,100.0,0.0,0.0,0,,,,100.0,,1,100.0,0.0,,,1,0,,1.0,0.0,100.0,1,1,0,100.0,0,0,0.0,2
Chris Smith,Montreal Alliance,2024-2025,offense,Play types,Make 2 Pts,5,To Basket,P&R Roll Man > Pick and Pops > Drives Left > To Basket > Make 2 Pts,P&R Roll Man,Pick and Pops,Drives Left,To Basket,Make 2 Pts,,1,100.0,2.0,100.0,0.0,0.0,0,,,,100.0,,1,100.0,0.0,,,1,0,,1.0,0.0,100.0,1,1,0,100.0,0,0,0.0,2
Chris Smith,Montreal Alliance,2024-2025,offense,Play types,Dribble Jumper,4,Drives Left,P&R Roll Man > Pick and Pops > Drives Left > Dribble Jumper,P&R Roll Man,Pick and Pops,Drives Left,Dribble Jumper,,,1,50.0,0.0,0.0,0.0,0.0,0,,,,0.0,,1,0.0,0.0,,,0,1,,1.0,0.0,0.0,1,0,1,0.0,0,0,0.0,0
Chris Smith,Montreal Alliance,2024-2025,offense,Play types,Short to < 17,5,Dribble Jumper,P&R Roll Man > Pick and Pops > Drives Left > Dribble Jumper > Short to < 17,P&R Roll Man,Pick and Pops,Drives Left,Dribble Jumper,Short to < 17,,1,100.0,0.0,0.0,0.0,0.0,0,,,,0.0,,1,0.0,0.0,,,0,1,,1.0,0.0,0.0,1,0,1,0.0,0,0,0.0,0
Chris Smith,Montreal Alliance,2024-2025,offense,Play types,Rolls to Basket,2,P&R Roll Man,P&R Roll Man > Rolls to Basket,P&R Roll Man,Rolls to Basket,,,,,9,34.6,1.222,70.9,11.1,22.2,0,,,,66.7,,6,66.7,22.2,,,4,2,,7.8,0.67,66.7,6,4,2,66.7,0,0,0.0,11
Chris Smith,Montreal Alliance,2024-2025,offense,Play types,Make 2 Pts,3,Rolls to Basket,P&R Roll Man > Rolls to Basket > Make 2 Pts,P&R Roll Man,Rolls to Basket,Make 2 Pts,,,,4,44.4,2.0,100.0,0.0,0.0,0,,,,100.0,,4,100.0,0.0,,,4,0,,4.0,0.0,100.0,4,4,0,100.0,0,0,0.0,8
Chris Smith,Montreal Alliance,2024-2025,offense,Play types,Foul,3,Rolls to Basket,P&R Roll Man > Rolls to Basket > Foul,P&R Roll Man,Rolls to Basket,Foul,,,,2,22.2,1.5,85.2,0.0,100.0,0,,,,,,0,,100.0,,,0,0,,1.8,,100.0,0,0,0,,0,0,,3
Chris Smith,Montreal Alliance,2024-2025,offense,Play types,Miss 2 Pts,3,Rolls to Basket,P&R Roll Man > Rolls to Basket > Miss 2 Pts,P&R Roll Man,Rolls to Basket,Miss 2 Pts,,,,2,22.2,0.0,0.0,0.0,0.0,0,,,,0.0,,2,0.0,0.0,,,0,2,,2.0,0.0,0.0,2,0,2,0.0,0,0,0.0,0
Chris Smith,Montreal Alliance,2024-2025,offense,Play types,Turnover,3,Rolls to Basket,P&R Roll Man > Rolls to Basket > Turnover,P&R Roll Man,Rolls to Basket,Turnover,,,,1,11.1,0.0,,100.0,0.0,0,,,,,,0,,0.0,,,0,0,,0.0,,0.0,0,0,0,,0,0,,0
Chris Smith,Montreal Alliance,2024-2025,offense,Play types,Slips the Pick,2,P&R Roll Man,P&R Roll Man > Slips the Pick,P&R Roll Man,Slips the Pick,,,,,7,26.9,0.714,37.0,0.0,28.6,3,0.0,,,20.0,,5,20.0,14.3,,,1,4,,6.8,0.8,42.9,2,1,1,50.0,0,3,0.6,5
Chris Smith,Montreal Alliance,2024-2025,offense,Play types,To Basket,3,Slips the Pick,P&R Roll Man > Slips the Pick > To Basket,P&R Roll Man,Slips the Pick,To Basket,,,,3,42.9,1.0,52.1,0.0,33.3,0,,,,50.0,,2,50.0,33.3,,,1,1,,2.9,1.0,66.7,2,1,1,50.0,0,0,0.0,3
Chris Smith,Montreal Alliance,2024-2025,offense,Play types,Foul,4,To Basket,P&R Roll Man > Slips the Pick > To Basket > Foul,P&R Roll Man,Slips the Pick,To Basket,Foul,,,1,33.3,1.0,56.8,0.0,100.0,0,,,,,,0,,100.0,,,0,0,,0.9,,100.0,0,0,0,,0,0,,1
Chris Smith,Montreal Alliance,2024-2025,offense,Play types,Miss 2 Pts,4,To Basket,P&R Roll Man > Slips the Pick > To Basket > Miss 2 Pts,P&R Roll Man,Slips the Pick,To Basket,Miss 2 Pts,,,1,33.3,0.0,0.0,0.0,0.0,0,,,,0.0,,1,0.0,0.0,,,0,1,,1.0,0.0,0.0,1,0,1,0.0,0,0,0.0,0
Chris Smith,Montreal Alliance,2024-2025,offense,Play types,Make 2 Pts,4,To Basket,P&R Roll Man > Slips the Pick > To Basket > Make 2 Pts,P&R Roll Man,Slips the Pick,To Basket,Make 2 Pts,,,1,33.3,2.0,100.0,0.0,0.0,0,,,,100.0,,1,100.0,0.0,,,1,0,,1.0,0.0,100.0,1,1,0,100.0,0,0,0.0,2
Chris Smith,Montreal Alliance,2024-2025,offense,Play types,No Dribble Jumper,3,Slips the Pick,P&R Roll Man > Slips the Pick > No Dribble Jumper,P&R Roll Man,Slips the Pick,No Dribble Jumper,,,,2,28.6,0.0,0.0,0.0,0.0,2,0.0,,,0.0,,2,0.0,0.0,,,0,2,,2.0,0.0,0.0,0,0,0,,0,2,1.0,0
Chris Smith,Montreal Alliance,2024-2025,offense,Play types,Guarded,4,No Dribble Jumper,P&R Roll Man > Slips the Pick > No Dribble Jumper > Guarded,P&R Roll Man,Slips the Pick,No Dribble Jumper,Guarded,,,2,100.0,0.0,0.0,0.0,0.0,2,0.0,,,0.0,,2,0.0,0.0,,,0,2,,2.0,0.0,0.0,0,0,0,,0,2,1.0,0
Chris Smith,Montreal Alliance,2024-2025,offense,Play types,Long/3pt,5,Guarded,P&R Roll Man > Slips the Pick > No Dribble Jumper > Guarded > Long/3pt,P&R Roll Man,Slips the Pick,No Dribble Jumper,Guarded,Long/3pt,,2,100.0,0.0,0.0,0.0,0.0,2,0.0,,,0.0,,2,0.0,0.0,,,0,2,,2.0,0.0,0.0,0,0,0,,0,2,1.0,0
Chris Smith,Montreal Alliance,2024-2025,offense,Play types,Foul,3,Slips the Pick,P&R Roll Man > Slips the Pick > Foul,P&R Roll Man,Slips the Pick,Foul,,,,1,14.3,2.0,113.6,0.0,100.0,0,,,,,,0,,0.0,,,0,0,,0.9,,100.0,0,0,0,,0,0,,2
Chris Smith,Montreal Alliance,2024-2025,offense,Play types,Dribble Jumper,3,Slips the Pick,P&R Roll Man > Slips the Pick > Dribble Jumper,P&R Roll Man,Slips the Pick,Dribble Jumper,,,,1,14.3,0.0,0.0,0.0,0.0,1,0.0,,,0.0,,1,0.0,0.0,,,0,1,,1.0,0.0,0.0,0,0,0,,0,1,1.0,0
Chris Smith,Montreal Alliance,2024-2025,offense,Play types,Long/3pt,4,Dribble Jumper,P&R Roll Man > Slips the Pick > Dribble Jumper > Long/3pt,P&R Roll Man,Slips the Pick,Dribble Jumper,Long/3pt,,,1,100.0,0.0,0.0,0.0,0.0,1,0.0,,,0.0,,1,0.0,0.0,,,0,1,,1.0,0.0,0.0,0,0,0,,0,1,1.0,0
Chris Smith,Montreal Alliance,2024-2025,offense,Play types,Miss 3 Pts,5,Long/3pt,P&R Roll Man > Slips the Pick > Dribble Jumper > Long/3pt > Miss 3 Pts,P&R Roll Man,Slips the Pick,Dribble Jumper,Long/3pt,Miss 3 Pts,,1,100.0,0.0,0.0,0.0,0.0,1,0.0,,,0.0,,1,0.0,0.0,,,0,1,,1.0,0.0,0.0,0,0,0,,0,1,1.0,0
Chris Smith,Montreal Alliance,2024-2025,offense,Play types,Off Screen,1,,Off Screen,Off Screen,,,,,,15,4.5,0.6,38.3,20.0,13.3,4,25.0,Below Average,19.0,30.0,10.0,10,35.0,13.3,,,3,7,,11.8,0.4,33.3,6,2,4,33.3,1,3,0.4,9
Chris Smith,Montreal Alliance,2024-2025,offense,Play types,To Shooter's Right,2,Off Screen,Off Screen > To Shooter's Right,Off Screen,To Shooter's Right,,,,,9,60.0,0.556,28.2,0.0,11.1,2,0.0,,,25.0,,8,25.0,11.1,,,2,6,,8.9,0.25,33.3,6,2,4,33.3,0,2,0.25,5
Chris Smith,Montreal Alliance,2024-2025,offense,Play types,Straight,3,To Shooter's Right,Off Screen > To Shooter's Right > Straight,Off Screen,To Shooter's Right,Straight,,,,8,88.9,0.375,19.0,0.0,12.5,2,0.0,,,14.3,,7,14.3,12.5,,,1,6,,7.9,0.29,25.0,5,1,4,20.0,0,2,0.29,3
Chris Smith,Montreal Alliance,2024-2025,offense,Play types,Dribble Jumper,4,Straight,Off Screen > To Shooter's Right > Straight > Dribble Jumper,Off Screen,To Shooter's Right,Straight,Dribble Jumper,,,4,50.0,0.5,25.0,0.0,0.0,1,0.0,,,25.0,,4,25.0,0.0,,,1,3,,4.0,0.0,25.0,3,1,2,33.3,0,1,0.25,2
Chris Smith,Montreal Alliance,2024-2025,offense,Play types,Short to < 17,5,Dribble Jumper,Off Screen > To Shooter's Right > Straight > Dribble Jumper > Short to < 17,Off Screen,To Shooter's Right,Straight,Dribble Jumper,Short to < 17,,3,75.0,0.667,33.3,0.0,0.0,0,,,,33.3,,3,33.3,0.0,,,1,2,,3.0,0.0,33.3,3,1,2,33.3,0,0,0.0,2
Chris Smith,Montreal Alliance,2024-2025,offense,Play types,Long/3pt,5,Dribble Jumper,Off Screen > To Shooter's Right > Straight > Dribble Jumper > Long/3pt,Off Screen,To Shooter's Right,Straight,Dribble Jumper,Long/3pt,,1,25.0,0.0,0.0,0.0,0.0,1,0.0,,,0.0,,1,0.0,0.0,,,0,1,,1.0,0.0,0.0,0,0,0,,0,1,1.0,0
Chris Smith,Montreal Alliance,2024-2025,offense,Play types,To Basket,4,Straight,Off Screen > To Shooter's Right > Straight > To Basket,Off Screen,To Shooter's Right,Straight,To Basket,,,3,37.5,0.333,17.4,0.0,33.3,0,,,,0.0,,2,0.0,33.3,,,0,2,,2.9,1.0,33.3,2,0,2,0.0,0,0,0.0,1
Chris Smith,Montreal Alliance,2024-2025,offense,Play types,Miss 2 Pts,5,To Basket,Off Screen > To Shooter's Right > Straight > To Basket > Miss 2 Pts,Off Screen,To Shooter's Right,Straight,To Basket,Miss 2 Pts,,2,66.7,0.0,0.0,0.0,0.0,0,,,,0.0,,2,0.0,0.0,,,0,2,,2.0,0.0,0.0,2,0,2,0.0,0,0,0.0,0
Chris Smith,Montreal Alliance,2024-2025,offense,Play types,Foul,5,To Basket,Off Screen > To Shooter's Right > Straight > To Basket > Foul,Off Screen,To Shooter's Right,Straight,To Basket,Foul,,1,33.3,1.0,56.8,0.0,100.0,0,,,,,,0,,100.0,,,0,0,,0.9,,100.0,0,0,0,,0,0,,1
Chris Smith,Montreal Alliance,2024-2025,offense,Play types,No Dribble Jumper,4,Straight,Off Screen > To Shooter's Right > Straight > No Dribble Jumper,Off Screen,To Shooter's Right,Straight,No Dribble Jumper,,,1,12.5,0.0,0.0,0.0,0.0,1,0.0,,,0.0,,1,0.0,0.0,,,0,1,,1.0,0.0,0.0,0,0,0,,0,1,1.0,0
Chris Smith,Montreal Alliance,2024-2025,offense,Play types,Open,5,No Dribble Jumper,Off Screen > To Shooter's Right > Straight > No Dribble Jumper > Open,Off Screen,To Shooter's Right,Straight,No Dribble Jumper,Open,,1,100.0,0.0,0.0,0.0,0.0,1,0.0,,,0.0,,1,0.0,0.0,,,0,1,,1.0,0.0,0.0,0,0,0,,0,1,1.0,0
Chris Smith,Montreal Alliance,2024-2025,offense,Play types,Flare,3,To Shooter's Right,Off Screen > To Shooter's Right > Flare,Off Screen,To Shooter's Right,Flare,,,,1,11.1,2.0,100.0,0.0,0.0,0,,,,100.0,,1,100.0,0.0,,,1,0,,1.0,0.0,100.0,1,1,0,100.0,0,0,0.0,2
Chris Smith,Montreal Alliance,2024-2025,offense,Play types,To Basket,4,Flare,Off Screen > To Shooter's Right > Flare > To Basket,Off Screen,To Shooter's Right,Flare,To Basket,,,1,100.0,2.0,100.0,0.0,0.0,0,,,,100.0,,1,100.0,0.0,,,1,0,,1.0,0.0,100.0,1,1,0,100.0,0,0,0.0,2
Chris Smith,Montreal Alliance,2024-2025,offense,Play types,Make 2 Pts,5,To Basket,Off Screen > To Shooter's Right > Flare > To Basket > Make 2 Pts,Off Screen,To Shooter's Right,Flare,To Basket,Make 2 Pts,,1,100.0,2.0,100.0,0.0,0.0,0,,,,100.0,,1,100.0,0.0,,,1,0,,1.0,0.0,100.0,1,1,0,100.0,0,0,0.0,2
Chris Smith,Montreal Alliance,2024-2025,offense,Play types,To Shooter's Left,2,Off Screen,Off Screen > To Shooter's Left,Off Screen,To Shooter's Left,,,,,6,40.0,0.667,69.4,50.0,16.7,2,50.0,,,50.0,,2,75.0,16.7,,,1,1,,2.9,1.0,33.3,0,0,0,,1,1,1.0,4
Chris Smith,Montreal Alliance,2024-2025,offense,Play types,Straight,3,To Shooter's Left,Off Screen > To Shooter's Left > Straight,Off Screen,To Shooter's Left,Straight,,,,5,83.3,0.2,26.6,60.0,20.0,1,0.0,,,0.0,,1,0.0,20.0,,,0,1,,1.9,2.0,20.0,0,0,0,,0,1,1.0,1
Chris Smith,Montreal Alliance,2024-2025,offense,Play types,Turnover,4,Straight,Off Screen > To Shooter's Left > Straight > Turnover,Off Screen,To Shooter's Left,Straight,Turnover,,,2,40.0,0.0,,100.0,0.0,0,,,,,,0,,0.0,,,0,0,,0.0,,0.0,0,0,0,,0,0,,0
Chris Smith,Montreal Alliance,2024-2025,offense,Play types,To Basket,4,Straight,Off Screen > To Shooter's Left > Straight > To Basket,Off Screen,To Shooter's Left,Straight,To Basket,,,2,40.0,0.5,56.8,50.0,50.0,0,,,,,,0,,50.0,,,0,0,,0.9,,50.0,0,0,0,,0,0,,1
Chris Smith,Montreal Alliance,2024-2025,offense,Play types,Foul,5,To Basket,Off Screen > To Shooter's Left > Straight > To Basket > Foul,Off Screen,To Shooter's Left,Straight,To Basket,Foul,,1,50.0,1.0,56.8,0.0,100.0,0,,,,,,0,,100.0,,,0,0,,0.9,,100.0,0,0,0,,0,0,,1
Chris Smith,Montreal Alliance,2024-2025,offense,Play types,Turnover,5,To Basket,Off Screen > To Shooter's Left > Straight > To Basket > Turnover,Off Screen,To Shooter's Left,Straight,To Basket,Turnover,,1,50.0,0.0,,100.0,0.0,0,,,,,,0,,0.0,,,0,0,,0.0,,0.0,0,0,0,,0,0,,0
Chris Smith,Montreal Alliance,2024-2025,offense,Play types,No Dribble Jumper,4,Straight,Off Screen > To Shooter's Left > Straight > No Dribble Jumper,Off Screen,To Shooter's Left,Straight,No Dribble Jumper,,,1,20.0,0.0,0.0,0.0,0.0,1,0.0,,,0.0,,1,0.0,0.0,,,0,1,,1.0,0.0,0.0,0,0,0,,0,1,1.0,0
Chris Smith,Montreal Alliance,2024-2025,offense,Play types,Guarded,5,No Dribble Jumper,Off Screen > To Shooter's Left > Straight > No Dribble Jumper > Guarded,Off Screen,To Shooter's Left,Straight,No Dribble Jumper,Guarded,,1,100.0,0.0,0.0,0.0,0.0,1,0.0,,,0.0,,1,0.0,0.0,,,0,1,,1.0,0.0,0.0,0,0,0,,0,1,1.0,0
Chris Smith,Montreal Alliance,2024-2025,offense,Play types,Flare,3,To Shooter's Left,Off Screen > To Shooter's Left > Flare,Off Screen,To Shooter's Left,Flare,,,,1,16.7,3.0,150.0,0.0,0.0,1,100.0,,,100.0,,1,150.0,0.0,,,1,0,,1.0,0.0,100.0,0,0,0,,1,0,1.0,3
Chris Smith,Montreal Alliance,2024-2025,offense,Play types,No Dribble Jumper,4,Flare,Off Screen > To Shooter's Left > Flare > No Dribble Jumper,Off Screen,To Shooter's Left,Flare,No Dribble Jumper,,,1,100.0,3.0,150.0,0.0,0.0,1,100.0,,,100.0,,1,150.0,0.0,,,1,0,,1.0,0.0,100.0,0,0,0,,1,0,1.0,3
Chris Smith,Montreal Alliance,2024-2025,offense,Play types,Open,5,No Dribble Jumper,Off Screen > To Shooter's Left > Flare > No Dribble Jumper > Open,Off Screen,To Shooter's Left,Flare,No Dribble Jumper,Open,,1,100.0,3.0,150.0,0.0,0.0,1,100.0,,,100.0,,1,150.0,0.0,,,1,0,,1.0,0.0,100.0,0,0,0,,1,0,1.0,3
Chris Smith,Montreal Alliance,2024-2025,offense,Play types,P&R Ball Handler,1,,P&R Ball Handler,P&R Ball Handler,,,,,,11,3.3,0.636,58.3,45.5,0.0,2,50.0,Poor,14.0,50.0,0.0,6,58.3,0.0,,,3,3,,6.0,0.0,27.3,4,2,2,50.0,1,1,0.33,7
Chris Smith,Montreal Alliance,2024-2025,offense,Play types,P&R Ball Handler - Overall,2,P&R Ball Handler,P&R Ball Handler > P&R Ball Handler - Overall,P&R Ball Handler,P&R Ball Handler - Overall,,,,,11,100.0,0.636,58.3,45.5,0.0,2,50.0,,,50.0,,6,58.3,0.0,,,3,3,,6.0,0.0,27.3,4,2,2,50.0,1,1,0.33,7
Chris Smith,Montreal Alliance,2024-2025,offense,Play types,Dribble Off Pick,3,P&R Ball Handler - Overall,P&R Ball Handler > P&R Ball Handler - Overall > Dribble Off Pick,P&R Ball Handler,P&R Ball Handler - Overall,Dribble Off Pick,,,,9,81.8,0.778,70.0,44.4,0.0,1,100.0,,,60.0,,5,70.0,0.0,,,3,2,,5.0,0.0,33.3,4,2,2,50.0,1,0,0.2,7
Chris Smith,Montreal Alliance,2024-2025,offense,Play types,Go Away from Pick,3,P&R Ball Handler - Overall,P&R Ball Handler > P&R Ball Handler - Overall > Go Away from Pick,P&R Ball Handler,P&R Ball Handler - Overall,Go Away from Pick,,,,2,18.2,0.0,0.0,50.0,0.0,1,0.0,,,0.0,,1,0.0,0.0,,,0,1,,1.0,0.0,0.0,0,0,0,,0,1,1.0,0
Chris Smith,Montreal Alliance,2024-2025,offense,Play types,High P&R,2,P&R Ball Handler,P&R Ball Handler > High P&R,P&R Ball Handler,High P&R,,,,,10,90.9,0.7,58.3,40.0,0.0,2,50.0,,,50.0,,6,58.3,0.0,,,3,3,,6.0,0.0,30.0,4,2,2,50.0,1,1,0.33,7
Chris Smith,Montreal Alliance,2024-2025,offense,Play types,Dribble Off Pick,3,High P&R,P&R Ball Handler > High P&R > Dribble Off Pick,P&R Ball Handler,High P&R,Dribble Off Pick,,,,8,80.0,0.875,70.0,37.5,0.0,1,100.0,,,60.0,,5,70.0,0.0,,,3,2,,5.0,0.0,37.5,4,2,2,50.0,1,0,0.2,7
Chris Smith,Montreal Alliance,2024-2025,offense,Play types,To Basket,4,Dribble Off Pick,P&R Ball Handler > High P&R > Dribble Off Pick > To Basket,P&R Ball Handler,High P&R,Dribble Off Pick,To Basket,,,3,37.5,1.333,66.7,0.0,0.0,0,,,,66.7,,3,66.7,0.0,,,2,1,,3.0,0.0,66.7,3,2,1,66.7,0,0,0.0,4
Chris Smith,Montreal Alliance,2024-2025,offense,Play types,Make 2 Pts,5,To Basket,P&R Ball Handler > High P&R > Dribble Off Pick > To Basket > Make 2 Pts,P&R Ball Handler,High P&R,Dribble Off Pick,To Basket,Make 2 Pts,,2,66.7,2.0,100.0,0.0,0.0,0,,,,100.0,,2,100.0,0.0,,,2,0,,2.0,0.0,100.0,2,2,0,100.0,0,0,0.0,4
Chris Smith,Montreal Alliance,2024-2025,offense,Play types,Miss 2 Pts,5,To Basket,P&R Ball Handler > High P&R > Dribble Off Pick > To Basket > Miss 2 Pts,P&R Ball Handler,High P&R,Dribble Off Pick,To Basket,Miss 2 Pts,,1,33.3,0.0,0.0,0.0,0.0,0,,,,0.0,,1,0.0,0.0,,,0,1,,1.0,0.0,0.0,1,0,1,0.0,0,0,0.0,0
Chris Smith,Montreal Alliance,2024-2025,offense,Play types,Defense Commits,4,Dribble Off Pick,P&R Ball Handler > High P&R > Dribble Off Pick > Defense Commits,P&R Ball Handler,High P&R,Dribble Off Pick,Defense Commits,,,3,37.5,0.0,,100.0,0.0,0,,,,,,0,,0.0,,,0,0,,0.0,,0.0,0,0,0,,0,0,,0
Chris Smith,Montreal Alliance,2024-2025,offense,Play types,Turnover,5,Defense Commits,P&R Ball Handler > High P&R > Dribble Off Pick > Defense Commits > Turnover,P&R Ball Handler,High P&R,Dribble Off Pick,Defense Commits,Turnover,,3,100.0,0.0,,100.0,0.0,0,,,,,,0,,0.0,,,0,0,,0.0,,0.0,0,0,0,,0,0,,0
Chris Smith,Montreal Alliance,2024-2025,offense,Play types,Dribble Jumper,4,Dribble Off Pick,P&R Ball Handler > High P&R > Dribble Off Pick > Dribble Jumper,P&R Ball Handler,High P&R,Dribble Off Pick,Dribble Jumper,,,2,25.0,1.5,75.0,0.0,0.0,1,100.0,,,50.0,,2,75.0,0.0,,,1,1,,2.0,0.0,50.0,1,0,1,0.0,1,0,0.5,3
Chris Smith,Montreal Alliance,2024-2025,offense,Play types,Short to < 17,5,Dribble Jumper,P&R Ball Handler > High P&R > Dribble Off Pick > Dribble Jumper > Short to < 17,P&R Ball Handler,High P&R,Dribble Off Pick,Dribble Jumper,Short to < 17,,1,50.0,0.0,0.0,0.0,0.0,0,,,,0.0,,1,0.0,0.0,,,0,1,,1.0,0.0,0.0,1,0,1,0.0,0,0,0.0,0
Chris Smith,Montreal Alliance,2024-2025,offense,Play types,Long/3pt,5,Dribble Jumper,P&R Ball Handler > High P&R > Dribble Off Pick > Dribble Jumper > Long/3pt,P&R Ball Handler,High P&R,Dribble Off Pick,Dribble Jumper,Long/3pt,,1,50.0,3.0,150.0,0.0,0.0,1,100.0,,,100.0,,1,150.0,0.0,,,1,0,,1.0,0.0,100.0,0,0,0,,1,0,1.0,3
Chris Smith,Montreal Alliance,2024-2025,offense,Play types,Go Away from Pick,3,High P&R,P&R Ball Handler > High P&R > Go Away from Pick,P&R Ball Handler,High P&R,Go Away from Pick,,,,2,20.0,0.0,0.0,50.0,0.0,1,0.0,,,0.0,,1,0.0,0.0,,,0,1,,1.0,0.0,0.0,0,0,0,,0,1,1.0,0
Chris Smith,Montreal Alliance,2024-2025,offense,Play types,Dribble Jumper,4,Go Away from Pick,P&R Ball Handler > High P&R > Go Away from Pick > Dribble Jumper,P&R Ball Handler,High P&R,Go Away from Pick,Dribble Jumper,,,1,50.0,0.0,0.0,0.0,0.0,1,0.0,,,0.0,,1,0.0,0.0,,,0,1,,1.0,0.0,0.0,0,0,0,,0,1,1.0,0
Chris Smith,Montreal Alliance,2024-2025,offense,Play types,Long/3pt,5,Dribble Jumper,P&R Ball Handler > High P&R > Go Away from Pick > Dribble Jumper > Long/3pt,P&R Ball Handler,High P&R,Go Away from Pick,Dribble Jumper,Long/3pt,,1,100.0,0.0,0.0,0.0,0.0,1,0.0,,,0.0,,1,0.0,0.0,,,0,1,,1.0,0.0,0.0,0,0,0,,0,1,1.0,0
Chris Smith,Montreal Alliance,2024-2025,offense,Play types,Defense Commits,4,Go Away from Pick,P&R Ball Handler > High P&R > Go Away from Pick > Defense Commits,P&R Ball Handler,High P&R,Go Away from Pick,Defense Commits,,,1,50.0,0.0,,100.0,0.0,0,,,,,,0,,0.0,,,0,0,,0.0,,0.0,0,0,0,,0,0,,0
Chris Smith,Montreal Alliance,2024-2025,offense,Play types,Turnover,5,Defense Commits,P&R Ball Handler > High P&R > Go Away from Pick > Defense Commits > Turnover,P&R Ball Handler,High P&R,Go Away from Pick,Defense Commits,Turnover,,1,100.0,0.0,,100.0,0.0,0,,,,,,0,,0.0,,,0,0,,0.0,,0.0,0,0,0,,0,0,,0
Chris Smith,Montreal Alliance,2024-2025,offense,Play types,Left P&R,2,P&R Ball Handler,P&R Ball Handler > Left P&R,P&R Ball Handler,Left P&R,,,,,1,9.1,0.0,,100.0,0.0,0,,,,,,0,,0.0,,,0,0,,0.0,,0.0,0,0,0,,0,0,,0
Chris Smith,Montreal Alliance,2024-2025,offense,Play types,Side,3,Left P&R,P&R Ball Handler > Left P&R > Side,P&R Ball Handler,Left P&R,Side,,,,1,100.0,0.0,,100.0,0.0,0,,,,,,0,,0.0,,,0,0,,0.0,,0.0,0,0,0,,0,0,,0
Chris Smith,Montreal Alliance,2024-2025,offense,Play types,Dribble Off Pick,4,Side,P&R Ball Handler > Left P&R > Side > Dribble Off Pick,P&R Ball Handler,Left P&R,Side,Dribble Off Pick,,,1,100.0,0.0,,100.0,0.0,0,,,,,,0,,0.0,,,0,0,,0.0,,0.0,0,0,0,,0,0,,0
Chris Smith,Montreal Alliance,2024-2025,offense,Play types,Defense Commits,5,Dribble Off Pick,P&R Ball Handler > Left P&R > Side > Dribble Off Pick > Defense Commits,P&R Ball Handler,Left P&R,Side,Dribble Off Pick,Defense Commits,,1,100.0,0.0,,100.0,0.0,0,,,,,,0,,0.0,,,0,0,,0.0,,0.0,0,0,0,,0,0,,0
Chris Smith,Montreal Alliance,2024-2025,offense,Play types,Miscellaneous Plays,1,,Miscellaneous Plays,Miscellaneous Plays,,,,,,10,3.0,0.0,0.0,90.0,0.0,1,0.0,Poor,3.0,0.0,3.0,1,0.0,0.0,,,0,1,,1.0,0.0,0.0,0,0,0,,0,1,1.0,0
Chris Smith,Montreal Alliance,2024-2025,offense,Play types,Turnover,2,Miscellaneous Plays,Miscellaneous Plays > Turnover,Miscellaneous Plays,Turnover,,,,,9,90.0,0.0,,100.0,0.0,0,,,,,,0,,0.0,,,0,0,,0.0,,0.0,0,0,0,,0,0,,0
Chris Smith,Montreal Alliance,2024-2025,offense,Play types,Dribble Jumper,2,Miscellaneous Plays,Miscellaneous Plays > Dribble Jumper,Miscellaneous Plays,Dribble Jumper,,,,,1,10.0,0.0,0.0,0.0,0.0,1,0.0,,,0.0,,1,0.0,0.0,,,0,1,,1.0,0.0,0.0,0,0,0,,0,1,1.0,0
Chris Smith,Montreal Alliance,2024-2025,offense,Play types,Long/3pt,3,Dribble Jumper,Miscellaneous Plays > Dribble Jumper > Long/3pt,Miscellaneous Plays,Dribble Jumper,Long/3pt,,,,1,100.0,0.0,0.0,0.0,0.0,1,0.0,,,0.0,,1,0.0,0.0,,,0,1,,1.0,0.0,0.0,0,0,0,,0,1,1.0,0
Chris Smith,Montreal Alliance,2024-2025,offense,Play types,Miss 3 Pts,4,Long/3pt,Miscellaneous Plays > Dribble Jumper > Long/3pt > Miss 3 Pts,Miscellaneous Plays,Dribble Jumper,Long/3pt,Miss 3 Pts,,,1,100.0,0.0,0.0,0.0,0.0,1,0.0,,,0.0,,1,0.0,0.0,,,0,1,,1.0,0.0,0.0,0,0,0,,0,1,1.0,0
Chris Smith,Montreal Alliance,2024-2025,offense,Play types,Handoffs,1,,Handoffs,Handoffs,,,,,,6,1.8,1.0,51.0,0.0,16.7,4,25.0,,,40.0,,5,50.0,16.7,,,2,3,,5.9,0.4,50.0,1,1,0,100.0,1,3,0.8,6
Chris Smith,Montreal Alliance,2024-2025,offense,Play types,From Dribble,2,Handoffs,Handoffs > From Dribble,Handoffs,From Dribble,,,,,5,83.3,1.2,61.5,0.0,20.0,3,33.3,,,50.0,,4,62.5,20.0,,,2,2,,4.9,0.5,60.0,1,1,0,100.0,1,2,0.75,6
Chris Smith,Montreal Alliance,2024-2025,offense,Play types,Right,3,From Dribble,Handoffs > From Dribble > Right,Handoffs,From Dribble,Right,,,,3,60.0,0.333,17.4,0.0,33.3,2,0.0,,,0.0,,2,0.0,33.3,,,0,2,,2.9,1.0,33.3,0,0,0,,0,2,1.0,1
Chris Smith,Montreal Alliance,2024-2025,offense,Play types,Dribble Jumper,4,Right,Handoffs > From Dribble > Right > Dribble Jumper,Handoffs,From Dribble,Right,Dribble Jumper,,,1,33.3,0.0,0.0,0.0,0.0,1,0.0,,,0.0,,1,0.0,0.0,,,0,1,,1.0,0.0,0.0,0,0,0,,0,1,1.0,0
Chris Smith,Montreal Alliance,2024-2025,offense,Play types,Long/3pt,5,Dribble Jumper,Handoffs > From Dribble > Right > Dribble Jumper > Long/3pt,Handoffs,From Dribble,Right,Dribble Jumper,Long/3pt,,1,100.0,0.0,0.0,0.0,0.0,1,0.0,,,0.0,,1,0.0,0.0,,,0,1,,1.0,0.0,0.0,0,0,0,,0,1,1.0,0
Chris Smith,Montreal Alliance,2024-2025,offense,Play types,To Basket,4,Right,Handoffs > From Dribble > Right > To Basket,Handoffs,From Dribble,Right,To Basket,,,1,33.3,1.0,56.8,0.0,100.0,0,,,,,,0,,100.0,,,0,0,,0.9,,100.0,0,0,0,,0,0,,1
Chris Smith,Montreal Alliance,2024-2025,offense,Play types,Foul,5,To Basket,Handoffs > From Dribble > Right > To Basket > Foul,Handoffs,From Dribble,Right,To Basket,Foul,,1,100.0,1.0,56.8,0.0,100.0,0,,,,,,0,,100.0,,,0,0,,0.9,,100.0,0,0,0,,0,0,,1
Chris Smith,Montreal Alliance,2024-2025,offense,Play types,No Dribble Jumper,4,Right,Handoffs > From Dribble > Right > No Dribble Jumper,Handoffs,From Dribble,Right,No Dribble Jumper,,,1,33.3,0.0,0.0,0.0,0.0,1,0.0,,,0.0,,1,0.0,0.0,,,0,1,,1.0,0.0,0.0,0,0,0,,0,1,1.0,0
Chris Smith,Montreal Alliance,2024-2025,offense,Play types,Guarded,5,No Dribble Jumper,Handoffs > From Dribble > Right > No Dribble Jumper > Guarded,Handoffs,From Dribble,Right,No Dribble Jumper,Guarded,,1,100.0,0.0,0.0,0.0,0.0,1,0.0,,,0.0,,1,0.0,0.0,,,0,1,,1.0,0.0,0.0,0,0,0,,0,1,1.0,0
Chris Smith,Montreal Alliance,2024-2025,offense,Play types,Top,3,From Dribble,Handoffs > From Dribble > Top,Handoffs,From Dribble,Top,,,,1,20.0,2.0,100.0,0.0,0.0,0,,,,100.0,,1,100.0,0.0,,,1,0,,1.0,0.0,100.0,1,1,0,100.0,0,0,0.0,2
Chris Smith,Montreal Alliance,2024-2025,offense,Play types,To Basket,4,Top,Handoffs > From Dribble > Top > To Basket,Handoffs,From Dribble,Top,To Basket,,,1,100.0,2.0,100.0,0.0,0.0,0,,,,100.0,,1,100.0,0.0,,,1,0,,1.0,0.0,100.0,1,1,0,100.0,0,0,0.0,2
Chris Smith,Montreal Alliance,2024-2025,offense,Play types,Make 2 Pts,5,To Basket,Handoffs > From Dribble > Top > To Basket > Make 2 Pts,Handoffs,From Dribble,Top,To Basket,Make 2 Pts,,1,100.0,2.0,100.0,0.0,0.0,0,,,,100.0,,1,100.0,0.0,,,1,0,,1.0,0.0,100.0,1,1,0,100.0,0,0,0.0,2
Chris Smith,Montreal Alliance,2024-2025,offense,Play types,Left,3,From Dribble,Handoffs > From Dribble > Left,Handoffs,From Dribble,Left,,,,1,20.0,3.0,150.0,0.0,0.0,1,100.0,,,100.0,,1,150.0,0.0,,,1,0,,1.0,0.0,100.0,0,0,0,,1,0,1.0,3
Chris Smith,Montreal Alliance,2024-2025,offense,Play types,Dribble Jumper,4,Left,Handoffs > From Dribble > Left > Dribble Jumper,Handoffs,From Dribble,Left,Dribble Jumper,,,1,100.0,3.0,150.0,0.0,0.0,1,100.0,,,100.0,,1,150.0,0.0,,,1,0,,1.0,0.0,100.0,0,0,0,,1,0,1.0,3
Chris Smith,Montreal Alliance,2024-2025,offense,Play types,Long/3pt,5,Dribble Jumper,Handoffs > From Dribble > Left > Dribble Jumper > Long/3pt,Handoffs,From Dribble,Left,Dribble Jumper,Long/3pt,,1,100.0,3.0,150.0,0.0,0.0,1,100.0,,,100.0,,1,150.0,0.0,,,1,0,,1.0,0.0,100.0,0,0,0,,1,0,1.0,3
Chris Smith,Montreal Alliance,2024-2025,offense,Play types,From Stationary,2,Handoffs,Handoffs > From Stationary,Handoffs,From Stationary,,,,,1,16.7,0.0,0.0,0.0,0.0,1,0.0,,,0.0,,1,0.0,0.0,,,0,1,,1.0,0.0,0.0,0,0,0,,0,1,1.0,0
Chris Smith,Montreal Alliance,2024-2025,offense,Play types,Top,3,From Stationary,Handoffs > From Stationary > Top,Handoffs,From Stationary,Top,,,,1,100.0,0.0,0.0,0.0,0.0,1,0.0,,,0.0,,1,0.0,0.0,,,0,1,,1.0,0.0,0.0,0,0,0,,0,1,1.0,0
Chris Smith,Montreal Alliance,2024-2025,offense,Play types,No Dribble Jumper,4,Top,Handoffs > From Stationary > Top > No Dribble Jumper,Handoffs,From Stationary,Top,No Dribble Jumper,,,1,100.0,0.0,0.0,0.0,0.0,1,0.0,,,0.0,,1,0.0,0.0,,,0,1,,1.0,0.0,0.0,0,0,0,,0,1,1.0,0
Chris Smith,Montreal Alliance,2024-2025,offense,Play types,Guarded,5,No Dribble Jumper,Handoffs > From Stationary > Top > No Dribble Jumper > Guarded,Handoffs,From Stationary,Top,No Dribble Jumper,Guarded,,1,100.0,0.0,0.0,0.0,0.0,1,0.0,,,0.0,,1,0.0,0.0,,,0,1,,1.0,0.0,0.0,0,0,0,,0,1,1.0,0
Chris Smith,Montreal Alliance,2024-2025,offense,Overall Drive Direction,Overall,1,,Overall,Overall,,,,,,70,21.1,0.786,54.6,27.1,14.3,8,25.0,,,45.2,,42,47.6,12.9,,,19,23,,50.4,0.45,38.6,34,17,17,50.0,2,6,0.19,55
Chris Smith,Montreal Alliance,2024-2025,offense,Overall Drive Direction,Drives Left,2,Overall,Overall > Drives Left,Overall,Drives Left,,,,,35,50.0,0.743,54.3,31.4,14.3,5,40.0,,,45.0,,20,50.0,14.3,,,9,11,,24.0,0.45,34.3,15,7,8,46.7,2,3,0.25,26
Chris Smith,Montreal Alliance,2024-2025,offense,Overall Drive Direction,Dribble Jumper,3,Drives Left,Overall > Drives Left > Dribble Jumper,Overall,Drives Left,Dribble Jumper,,,,13,37.1,0.846,42.7,0.0,7.7,5,40.0,,,33.3,,12,41.7,7.7,,,4,8,,12.9,0.17,38.5,7,2,5,28.6,2,3,0.42,11
Chris Smith,Montreal Alliance,2024-2025,offense,Overall Drive Direction,To Basket,3,Drives Left,Overall > Drives Left > To Basket,Overall,Drives Left,To Basket,,,,11,31.4,1.364,67.7,0.0,36.4,0,,,,62.5,,8,62.5,36.4,,,5,3,,11.1,0.88,63.6,8,5,3,62.5,0,0,0.0,15
Chris Smith,Montreal Alliance,2024-2025,offense,Overall Drive Direction,Turnover,3,Drives Left,Overall > Drives Left > Turnover,Overall,Drives Left,Turnover,,,,6,17.1,0.0,,100.0,0.0,0,,,,,,0,,0.0,,,0,0,,0.0,,0.0,0,0,0,,0,0,,0
Chris Smith,Montreal Alliance,2024-2025,offense,Overall Drive Direction,Defense Commits,3,Drives Left,Overall > Drives Left > Defense Commits,Overall,Drives Left,Defense Commits,,,,5,14.3,0.0,,100.0,0.0,0,,,,,,0,,0.0,,,0,0,,0.0,,0.0,0,0,0,,0,0,,0
Chris Smith,Montreal Alliance,2024-2025,offense,Overall Drive Direction,Foul,3,Drives Left,Overall > Drives Left > Foul,Overall,Drives Left,Foul,,,,0,0.0,,,,,0,,,,,,0,,,,,0,0,,0.0,,,0,0,0,,0,0,,0
Chris Smith,Montreal Alliance,2024-2025,offense,Overall Drive Direction,Drives Right,2,Overall,Overall > Drives Right,Overall,Drives Right,,,,,33,47.1,0.879,59.4,24.2,15.2,1,0.0,,,50.0,,20,50.0,12.1,,,10,10,,24.4,0.5,45.5,19,10,9,52.6,0,1,0.05,29
Chris Smith,Montreal Alliance,2024-2025,offense,Overall Drive Direction,To Basket,3,Drives Right,Overall > Drives Right > To Basket,Overall,Drives Right,To Basket,,,,18,54.5,0.944,54.8,11.1,22.2,0,,,,41.7,,12,41.7,22.2,,,5,7,,15.5,0.67,50.0,12,5,7,41.7,0,0,0.0,17
Chris Smith,Montreal Alliance,2024-2025,offense,Overall Drive Direction,Dribble Jumper,3,Drives Right,Overall > Drives Right > Dribble Jumper,Overall,Drives Right,Dribble Jumper,,,,8,24.2,1.25,62.5,0.0,0.0,1,0.0,,,62.5,,8,62.5,0.0,,,5,3,,8.0,0.0,62.5,7,5,2,71.4,0,1,0.13,10
Chris Smith,Montreal Alliance,2024-2025,offense,Overall Drive Direction,Turnover,3,Drives Right,Overall > Drives Right > Turnover,Overall,Drives Right,Turnover,,,,5,15.2,0.0,,100.0,0.0,0,,,,,,0,,0.0,,,0,0,,0.0,,0.0,0,0,0,,0,0,,0
Chris Smith,Montreal Alliance,2024-2025,offense,Overall Drive Direction,Foul,3,Drives Right,Overall > Drives Right > Foul,Overall,Drives Right,Foul,,,,1,3.0,2.0,113.6,0.0,100.0,0,,,,,,0,,0.0,,,0,0,,0.9,,100.0,0,0,0,,0,0,,2
Chris Smith,Montreal Alliance,2024-2025,offense,Overall Drive Direction,Defense Commits,3,Drives Right,Overall > Drives Right > Defense Commits,Overall,Drives Right,Defense Commits,,,,1,3.0,0.0,,100.0,0.0,0,,,,,,0,,0.0,,,0,0,,0.0,,0.0,0,0,0,,0,0,,0
Chris Smith,Montreal Alliance,2024-2025,offense,Overall Drive Direction,Drives Straight,2,Overall,Overall > Drives Straight,Overall,Drives Straight,,,,,2,2.9,0.0,0.0,0.0,0.0,2,0.0,,,0.0,,2,0.0,0.0,,,0,2,,2.0,0.0,0.0,0,0,0,,0,2,1.0,0
Chris Smith,Montreal Alliance,2024-2025,offense,Overall Drive Direction,Dribble Jumper,3,Drives Straight,Overall > Drives Straight > Dribble Jumper,Overall,Drives Straight,Dribble Jumper,,,,2,100.0,0.0,0.0,0.0,0.0,2,0.0,,,0.0,,2,0.0,0.0,,,0,2,,2.0,0.0,0.0,0,0,0,,0,2,1.0,0
Chris Smith,Montreal Alliance,2024-2025,offense,Overall Drive Direction,To Basket,3,Drives Straight,Overall > Drives Straight > To Basket,Overall,Drives Straight,To Basket,,,,0,0.0,,,,,0,,,,,,0,,,,,0,0,,0.0,,,0,0,0,,0,0,,0
Chris Smith,Montreal Alliance,2024-2025,offense,Overall Drive Direction,Turnover,3,Drives Straight,Overall > Drives Straight > Turnover,Overall,Drives Straight,Turnover,,,,0,0.0,,,,,0,,,,,,0,,,,,0,0,,0.0,,,0,0,0,,0,0,,0
Chris Smith,Montreal Alliance,2024-2025,offense,Overall Drive Direction,Foul,3,Drives Straight,Overall > Drives Straight > Foul,Overall,Drives Straight,Foul,,,,0,0.0,,,,,0,,,,,,0,,,,,0,0,,0.0,,,0,0,0,,0,0,,0
Chris Smith,Montreal Alliance,2024-2025,offense,Overall Drive Direction,Defense Commits,3,Drives Straight,Overall > Drives Straight > Defense Commits,Overall,Drives Straight,Defense Commits,,,,0,0.0,,,,,0,,,,,,0,,,,,0,0,,0.0,,,0,0,0,,0,0,,0
Chris Smith,Montreal Alliance,2024-2025,offense,P&R ball handler,P&R Including Passes,1,,P&R Including Passes,P&R Including Passes,,,,,,14,4.9,0.643,50.0,35.7,0.0,2,50.0,Poor,8.0,44.4,0.0,9,50.0,0.0,,,4,5,,9.0,0.0,28.6,7,3,4,42.9,1,1,0.22,9
Chris Smith,Montreal Alliance,2024-2025,offense,P&R ball handler,P&R Ball Handler,2,P&R Including Passes,P&R Including Passes > P&R Ball Handler,P&R Including Passes,P&R Ball Handler,,,,,11,78.6,0.636,58.3,45.5,0.0,2,50.0,,,50.0,,6,58.3,0.0,,,3,3,,6.0,0.0,27.3,4,2,2,50.0,1,1,0.33,7
Chris Smith,Montreal Alliance,2024-2025,offense,P&R ball handler,High P&R,3,P&R Ball Handler,P&R Including Passes > P&R Ball Handler > High P&R,P&R Including Passes,P&R Ball Handler,High P&R,,,,10,90.9,0.7,58.3,40.0,0.0,2,50.0,,,50.0,,6,58.3,0.0,,,3,3,,6.0,0.0,30.0,4,2,2,50.0,1,1,0.33,7
Chris Smith,Montreal Alliance,2024-2025,offense,P&R ball handler,Dribble Off Pick,4,High P&R,P&R Including Passes > P&R Ball Handler > High P&R > Dribble Off Pick,P&R Including Passes,P&R Ball Handler,High P&R,Dribble Off Pick,,,8,80.0,0.875,70.0,37.5,0.0,1,100.0,,,60.0,,5,70.0,0.0,,,3,2,,5.0,0.0,37.5,4,2,2,50.0,1,0,0.2,7
Chris Smith,Montreal Alliance,2024-2025,offense,P&R ball handler,Defense Commits,5,Dribble Off Pick,P&R Including Passes > P&R Ball Handler > High P&R > Dribble Off Pick > Defense Commits,P&R Including Passes,P&R Ball Handler,High P&R,Dribble Off Pick,Defense Commits,,3,37.5,0.0,,100.0,0.0,0,,,,,,0,,0.0,,,0,0,,0.0,,0.0,0,0,0,,0,0,,0
Chris Smith,Montreal Alliance,2024-2025,offense,P&R ball handler,Turnover,6,Defense Commits,P&R Including Passes > P&R Ball Handler > High P&R > Dribble Off Pick > Defense Commits > Turnover,P&R Including Passes,P&R Ball Handler,High P&R,Dribble Off Pick,Defense Commits,Turnover,3,100.0,0.0,,100.0,0.0,0,,,,,,0,,0.0,,,0,0,,0.0,,0.0,0,0,0,,0,0,,0
Chris Smith,Montreal Alliance,2024-2025,offense,P&R ball handler,To Basket,5,Dribble Off Pick,P&R Including Passes > P&R Ball Handler > High P&R > Dribble Off Pick > To Basket,P&R Including Passes,P&R Ball Handler,High P&R,Dribble Off Pick,To Basket,,3,37.5,1.333,66.7,0.0,0.0,0,,,,66.7,,3,66.7,0.0,,,2,1,,3.0,0.0,66.7,3,2,1,66.7,0,0,0.0,4
Chris Smith,Montreal Alliance,2024-2025,offense,P&R ball handler,Make 2 Pts,6,To Basket,P&R Including Passes > P&R Ball Handler > High P&R > Dribble Off Pick > To Basket > Make 2 Pts,P&R Including Passes,P&R Ball Handler,High P&R,Dribble Off Pick,To Basket,Make 2 Pts,2,66.7,2.0,100.0,0.0,0.0,0,,,,100.0,,2,100.0,0.0,,,2,0,,2.0,0.0,100.0,2,2,0,100.0,0,0,0.0,4
Chris Smith,Montreal Alliance,2024-2025,offense,P&R ball handler,Miss 2 Pts,6,To Basket,P&R Including Passes > P&R Ball Handler > High P&R > Dribble Off Pick > To Basket > Miss 2 Pts,P&R Including Passes,P&R Ball Handler,High P&R,Dribble Off Pick,To Basket,Miss 2 Pts,1,33.3,0.0,0.0,0.0,0.0,0,,,,0.0,,1,0.0,0.0,,,0,1,,1.0,0.0,0.0,1,0,1,0.0,0,0,0.0,0
Chris Smith,Montreal Alliance,2024-2025,offense,P&R ball handler,Dribble Jumper,5,Dribble Off Pick,P&R Including Passes > P&R Ball Handler > High P&R > Dribble Off Pick > Dribble Jumper,P&R Including Passes,P&R Ball Handler,High P&R,Dribble Off Pick,Dribble Jumper,,2,25.0,1.5,75.0,0.0,0.0,1,100.0,,,50.0,,2,75.0,0.0,,,1,1,,2.0,0.0,50.0,1,0,1,0.0,1,0,0.5,3
Chris Smith,Montreal Alliance,2024-2025,offense,P&R ball handler,Long/3pt,6,Dribble Jumper,P&R Including Passes > P&R Ball Handler > High P&R > Dribble Off Pick > Dribble Jumper > Long/3pt,P&R Including Passes,P&R Ball Handler,High P&R,Dribble Off Pick,Dribble Jumper,Long/3pt,1,50.0,3.0,150.0,0.0,0.0,1,100.0,,,100.0,,1,150.0,0.0,,,1,0,,1.0,0.0,100.0,0,0,0,,1,0,1.0,3
Chris Smith,Montreal Alliance,2024-2025,offense,P&R ball handler,Short to < 17,6,Dribble Jumper,P&R Including Passes > P&R Ball Handler > High P&R > Dribble Off Pick > Dribble Jumper > Short to < 17,P&R Including Passes,P&R Ball Handler,High P&R,Dribble Off Pick,Dribble Jumper,Short to < 17,1,50.0,0.0,0.0,0.0,0.0,0,,,,0.0,,1,0.0,0.0,,,0,1,,1.0,0.0,0.0,1,0,1,0.0,0,0,0.0,0
Chris Smith,Montreal Alliance,2024-2025,offense,P&R ball handler,Go Away from Pick,4,High P&R,P&R Including Passes > P&R Ball Handler > High P&R > Go Away from Pick,P&R Including Passes,P&R Ball Handler,High P&R,Go Away from Pick,,,2,20.0,0.0,0.0,50.0,0.0,1,0.0,,,0.0,,1,0.0,0.0,,,0,1,,1.0,0.0,0.0,0,0,0,,0,1,1.0,0
Chris Smith,Montreal Alliance,2024-2025,offense,P&R ball handler,Dribble Jumper,5,Go Away from Pick,P&R Including Passes > P&R Ball Handler > High P&R > Go Away from Pick > Dribble Jumper,P&R Including Passes,P&R Ball Handler,High P&R,Go Away from Pick,Dribble Jumper,,1,50.0,0.0,0.0,0.0,0.0,1,0.0,,,0.0,,1,0.0,0.0,,,0,1,,1.0,0.0,0.0,0,0,0,,0,1,1.0,0
Chris Smith,Montreal Alliance,2024-2025,offense,P&R ball handler,Long/3pt,6,Dribble Jumper,P&R Including Passes > P&R Ball Handler > High P&R > Go Away from Pick > Dribble Jumper > Long/3pt,P&R Including Passes,P&R Ball Handler,High P&R,Go Away from Pick,Dribble Jumper,Long/3pt,1,100.0,0.0,0.0,0.0,0.0,1,0.0,,,0.0,,1,0.0,0.0,,,0,1,,1.0,0.0,0.0,0,0,0,,0,1,1.0,0
Chris Smith,Montreal Alliance,2024-2025,offense,P&R ball handler,Defense Commits,5,Go Away from Pick,P&R Including Passes > P&R Ball Handler > High P&R > Go Away from Pick > Defense Commits,P&R Including Passes,P&R Ball Handler,High P&R,Go Away from Pick,Defense Commits,,1,50.0,0.0,,100.0,0.0,0,,,,,,0,,0.0,,,0,0,,0.0,,0.0,0,0,0,,0,0,,0
Chris Smith,Montreal Alliance,2024-2025,offense,P&R ball handler,Turnover,6,Defense Commits,P&R Including Passes > P&R Ball Handler > High P&R > Go Away from Pick > Defense Commits > Turnover,P&R Including Passes,P&R Ball Handler,High P&R,Go Away from Pick,Defense Commits,Turnover,1,100.0,0.0,,100.0,0.0,0,,,,,,0,,0.0,,,0,0,,0.0,,0.0,0,0,0,,0,0,,0
Chris Smith,Montreal Alliance,2024-2025,offense,P&R ball handler,Left P&R,3,P&R Ball Handler,P&R Including Passes > P&R Ball Handler > Left P&R,P&R Including Passes,P&R Ball Handler,Left P&R,,,,1,9.1,0.0,,100.0,0.0,0,,,,,,0,,0.0,,,0,0,,0.0,,0.0,0,0,0,,0,0,,0
Chris Smith,Montreal Alliance,2024-2025,offense,P&R ball handler,Side,4,Left P&R,P&R Including Passes > P&R Ball Handler > Left P&R > Side,P&R Including Passes,P&R Ball Handler,Left P&R,Side,,,1,100.0,0.0,,100.0,0.0,0,,,,,,0,,0.0,,,0,0,,0.0,,0.0,0,0,0,,0,0,,0
Chris Smith,Montreal Alliance,2024-2025,offense,P&R ball handler,Dribble Off Pick,5,Side,P&R Including Passes > P&R Ball Handler > Left P&R > Side > Dribble Off Pick,P&R Including Passes,P&R Ball Handler,Left P&R,Side,Dribble Off Pick,,1,100.0,0.0,,100.0,0.0,0,,,,,,0,,0.0,,,0,0,,0.0,,0.0,0,0,0,,0,0,,0
Chris Smith,Montreal Alliance,2024-2025,offense,P&R ball handler,Defense Commits,6,Dribble Off Pick,P&R Including Passes > P&R Ball Handler > Left P&R > Side > Dribble Off Pick > Defense Commits,P&R Including Passes,P&R Ball Handler,Left P&R,Side,Dribble Off Pick,Defense Commits,1,100.0,0.0,,100.0,0.0,0,,,,,,0,,0.0,,,0,0,,0.0,,0.0,0,0,0,,0,0,,0
Chris Smith,Montreal Alliance,2024-2025,offense,P&R ball handler,P&R Roll Man,2,P&R Including Passes,P&R Including Passes > P&R Roll Man,P&R Including Passes,P&R Roll Man,,,,,2,14.3,1.0,50.0,0.0,0.0,0,,,,50.0,,2,50.0,0.0,,,1,1,,2.0,0.0,50.0,2,1,1,50.0,0,0,0.0,2
Chris Smith,Montreal Alliance,2024-2025,offense,P&R ball handler,Rolls to Basket,3,P&R Roll Man,P&R Including Passes > P&R Roll Man > Rolls to Basket,P&R Including Passes,P&R Roll Man,Rolls to Basket,,,,2,100.0,1.0,50.0,0.0,0.0,0,,,,50.0,,2,50.0,0.0,,,1,1,,2.0,0.0,50.0,2,1,1,50.0,0,0,0.0,2
Chris Smith,Montreal Alliance,2024-2025,offense,P&R ball handler,Miss 2 Pts,4,Rolls to Basket,P&R Including Passes > P&R Roll Man > Rolls to Basket > Miss 2 Pts,P&R Including Passes,P&R Roll Man,Rolls to Basket,Miss 2 Pts,,,1,50.0,0.0,0.0,0.0,0.0,0,,,,0.0,,1,0.0,0.0,,,0,1,,1.0,0.0,0.0,1,0,1,0.0,0,0,0.0,0
Chris Smith,Montreal Alliance,2024-2025,offense,P&R ball handler,Make 2 Pts,4,Rolls to Basket,P&R Including Passes > P&R Roll Man > Rolls to Basket > Make 2 Pts,P&R Including Passes,P&R Roll Man,Rolls to Basket,Make 2 Pts,,,1,50.0,2.0,100.0,0.0,0.0,0,,,,100.0,,1,100.0,0.0,,,1,0,,1.0,0.0,100.0,1,1,0,100.0,0,0,0.0,2
Chris Smith,Montreal Alliance,2024-2025,offense,P&R ball handler,Spot-Up,2,P&R Including Passes,P&R Including Passes > Spot-Up,P&R Including Passes,Spot-Up,,,,,1,7.1,0.0,0.0,0.0,0.0,0,,,,0.0,,1,0.0,0.0,,,0,1,,1.0,0.0,0.0,1,0,1,0.0,0,0,0.0,0
Chris Smith,Montreal Alliance,2024-2025,offense,P&R ball handler,Drives Left,3,Spot-Up,P&R Including Passes > Spot-Up > Drives Left,P&R Including Passes,Spot-Up,Drives Left,,,,1,100.0,0.0,0.0,0.0,0.0,0,,,,0.0,,1,0.0,0.0,,,0,1,,1.0,0.0,0.0,1,0,1,0.0,0,0,0.0,0
Chris Smith,Montreal Alliance,2024-2025,offense,P&R ball handler,To Basket,4,Drives Left,P&R Including Passes > Spot-Up > Drives Left > To Basket,P&R Including Passes,Spot-Up,Drives Left,To Basket,,,1,100.0,0.0,0.0,0.0,0.0,0,,,,0.0,,1,0.0,0.0,,,0,1,,1.0,0.0,0.0,1,0,1,0.0,0,0,0.0,0
Chris Smith,Montreal Alliance,2024-2025,offense,P&R ball handler,Miss 2 Pts,5,To Basket,P&R Including Passes > Spot-Up > Drives Left > To Basket > Miss 2 Pts,P&R Including Passes,Spot-Up,Drives Left,To Basket,Miss 2 Pts,,1,100.0,0.0,0.0,0.0,0.0,0,,,,0.0,,1,0.0,0.0,,,0,1,,1.0,0.0,0.0,1,0,1,0.0,0,0,0.0,0
Chris Smith,Montreal Alliance,2024-2025,offense,P&R ball handler,P&R BH - Defense Commits,1,,P&R BH - Defense Commits,P&R BH - Defense Commits,,,,,,8,2.8,0.25,33.3,62.5,0.0,0,,,,33.3,,3,33.3,0.0,,,1,2,,3.0,0.0,12.5,3,1,2,33.3,0,0,0.0,2
Chris Smith,Montreal Alliance,2024-2025,offense,P&R ball handler,P&R Ball Handler,2,P&R BH - Defense Commits,P&R BH - Defense Commits > P&R Ball Handler,P&R BH - Defense Commits,P&R Ball Handler,,,,,5,62.5,0.0,,100.0,0.0,0,,,,,,0,,0.0,,,0,0,,0.0,,0.0,0,0,0,,0,0,,0
Chris Smith,Montreal Alliance,2024-2025,offense,P&R ball handler,High P&R,3,P&R Ball Handler,P&R BH - Defense Commits > P&R Ball Handler > High P&R,P&R BH - Defense Commits,P&R Ball Handler,High P&R,,,,4,80.0,0.0,,100.0,0.0,0,,,,,,0,,0.0,,,0,0,,0.0,,0.0,0,0,0,,0,0,,0
Chris Smith,Montreal Alliance,2024-2025,offense,P&R ball handler,Dribble Off Pick,4,High P&R,P&R BH - Defense Commits > P&R Ball Handler > High P&R > Dribble Off Pick,P&R BH - Defense Commits,P&R Ball Handler,High P&R,Dribble Off Pick,,,3,75.0,0.0,,100.0,0.0,0,,,,,,0,,0.0,,,0,0,,0.0,,0.0,0,0,0,,0,0,,0
Chris Smith,Montreal Alliance,2024-2025,offense,P&R ball handler,Defense Commits,5,Dribble Off Pick,P&R BH - Defense Commits > P&R Ball Handler > High P&R > Dribble Off Pick > Defense Commits,P&R BH - Defense Commits,P&R Ball Handler,High P&R,Dribble Off Pick,Defense Commits,,3,100.0,0.0,,100.0,0.0,0,,,,,,0,,0.0,,,0,0,,0.0,,0.0,0,0,0,,0,0,,0
Chris Smith,Montreal Alliance,2024-2025,offense,P&R ball handler,Turnover,6,Defense Commits,P&R BH - Defense Commits > P&R Ball Handler > High P&R > Dribble Off Pick > Defense Commits > Turnover,P&R BH - Defense Commits,P&R Ball Handler,High P&R,Dribble Off Pick,Defense Commits,Turnover,3,100.0,0.0,,100.0,0.0,0,,,,,,0,,0.0,,,0,0,,0.0,,0.0,0,0,0,,0,0,,0
Chris Smith,Montreal Alliance,2024-2025,offense,P&R ball handler,Go Away from Pick,4,High P&R,P&R BH - Defense Commits > P&R Ball Handler > High P&R > Go Away from Pick,P&R BH - Defense Commits,P&R Ball Handler,High P&R,Go Away from Pick,,,1,25.0,0.0,,100.0,0.0,0,,,,,,0,,0.0,,,0,0,,0.0,,0.0,0,0,0,,0,0,,0
Chris Smith,Montreal Alliance,2024-2025,offense,P&R ball handler,Defense Commits,5,Go Away from Pick,P&R BH - Defense Commits > P&R Ball Handler > High P&R > Go Away from Pick > Defense Commits,P&R BH - Defense Commits,P&R Ball Handler,High P&R,Go Away from Pick,Defense Commits,,1,100.0,0.0,,100.0,0.0,0,,,,,,0,,0.0,,,0,0,,0.0,,0.0,0,0,0,,0,0,,0
Chris Smith,Montreal Alliance,2024-2025,offense,P&R ball handler,Turnover,6,Defense Commits,P&R BH - Defense Commits > P&R Ball Handler > High P&R > Go Away from Pick > Defense Commits > Turnover,P&R BH - Defense Commits,P&R Ball Handler,High P&R,Go Away from Pick,Defense Commits,Turnover,1,100.0,0.0,,100.0,0.0,0,,,,,,0,,0.0,,,0,0,,0.0,,0.0,0,0,0,,0,0,,0
Chris Smith,Montreal Alliance,2024-2025,offense,P&R ball handler,Left P&R,3,P&R Ball Handler,P&R BH - Defense Commits > P&R Ball Handler > Left P&R,P&R BH - Defense Commits,P&R Ball Handler,Left P&R,,,,1,20.0,0.0,,100.0,0.0,0,,,,,,0,,0.0,,,0,0,,0.0,,0.0,0,0,0,,0,0,,0
Chris Smith,Montreal Alliance,2024-2025,offense,P&R ball handler,Side,4,Left P&R,P&R BH - Defense Commits > P&R Ball Handler > Left P&R > Side,P&R BH - Defense Commits,P&R Ball Handler,Left P&R,Side,,,1,100.0,0.0,,100.0,0.0,0,,,,,,0,,0.0,,,0,0,,0.0,,0.0,0,0,0,,0,0,,0
Chris Smith,Montreal Alliance,2024-2025,offense,P&R ball handler,Dribble Off Pick,5,Side,P&R BH - Defense Commits > P&R Ball Handler > Left P&R > Side > Dribble Off Pick,P&R BH - Defense Commits,P&R Ball Handler,Left P&R,Side,Dribble Off Pick,,1,100.0,0.0,,100.0,0.0,0,,,,,,0,,0.0,,,0,0,,0.0,,0.0,0,0,0,,0,0,,0
Chris Smith,Montreal Alliance,2024-2025,offense,P&R ball handler,Defense Commits,6,Dribble Off Pick,P&R BH - Defense Commits > P&R Ball Handler > Left P&R > Side > Dribble Off Pick > Defense Commits,P&R BH - Defense Commits,P&R Ball Handler,Left P&R,Side,Dribble Off Pick,Defense Commits,1,100.0,0.0,,100.0,0.0,0,,,,,,0,,0.0,,,0,0,,0.0,,0.0,0,0,0,,0,0,,0
Chris Smith,Montreal Alliance,2024-2025,offense,P&R ball handler,P&R Roll Man,2,P&R BH - Defense Commits,P&R BH - Defense Commits > P&R Roll Man,P&R BH - Defense Commits,P&R Roll Man,,,,,2,25.0,1.0,50.0,0.0,0.0,0,,,,50.0,,2,50.0,0.0,,,1,1,,2.0,0.0,50.0,2,1,1,50.0,0,0,0.0,2
Chris Smith,Montreal Alliance,2024-2025,offense,P&R ball handler,Rolls to Basket,3,P&R Roll Man,P&R BH - Defense Commits > P&R Roll Man > Rolls to Basket,P&R BH - Defense Commits,P&R Roll Man,Rolls to Basket,,,,2,100.0,1.0,50.0,0.0,0.0,0,,,,50.0,,2,50.0,0.0,,,1,1,,2.0,0.0,50.0,2,1,1,50.0,0,0,0.0,2
Chris Smith,Montreal Alliance,2024-2025,offense,P&R ball handler,Make 2 Pts,4,Rolls to Basket,P&R BH - Defense Commits > P&R Roll Man > Rolls to Basket > Make 2 Pts,P&R BH - Defense Commits,P&R Roll Man,Rolls to Basket,Make 2 Pts,,,1,50.0,2.0,100.0,0.0,0.0,0,,,,100.0,,1,100.0,0.0,,,1,0,,1.0,0.0,100.0,1,1,0,100.0,0,0,0.0,2
Chris Smith,Montreal Alliance,2024-2025,offense,P&R ball handler,Miss 2 Pts,4,Rolls to Basket,P&R BH - Defense Commits > P&R Roll Man > Rolls to Basket > Miss 2 Pts,P&R BH - Defense Commits,P&R Roll Man,Rolls to Basket,Miss 2 Pts,,,1,50.0,0.0,0.0,0.0,0.0,0,,,,0.0,,1,0.0,0.0,,,0,1,,1.0,0.0,0.0,1,0,1,0.0,0,0,0.0,0
Chris Smith,Montreal Alliance,2024-2025,offense,P&R ball handler,Spot-Up,2,P&R BH - Defense Commits,P&R BH - Defense Commits > Spot-Up,P&R BH - Defense Commits,Spot-Up,,,,,1,12.5,0.0,0.0,0.0,0.0,0,,,,0.0,,1,0.0,0.0,,,0,1,,1.0,0.0,0.0,1,0,1,0.0,0,0,0.0,0
Chris Smith,Montreal Alliance,2024-2025,offense,P&R ball handler,Drives Left,3,Spot-Up,P&R BH - Defense Commits > Spot-Up > Drives Left,P&R BH - Defense Commits,Spot-Up,Drives Left,,,,1,100.0,0.0,0.0,0.0,0.0,0,,,,0.0,,1,0.0,0.0,,,0,1,,1.0,0.0,0.0,1,0,1,0.0,0,0,0.0,0
Chris Smith,Montreal Alliance,2024-2025,offense,P&R ball handler,To Basket,4,Drives Left,P&R BH - Defense Commits > Spot-Up > Drives Left > To Basket,P&R BH - Defense Commits,Spot-Up,Drives Left,To Basket,,,1,100.0,0.0,0.0,0.0,0.0,0,,,,0.0,,1,0.0,0.0,,,0,1,,1.0,0.0,0.0,1,0,1,0.0,0,0,0.0,0
Chris Smith,Montreal Alliance,2024-2025,offense,P&R ball handler,Miss 2 Pts,5,To Basket,P&R BH - Defense Commits > Spot-Up > Drives Left > To Basket > Miss 2 Pts,P&R BH - Defense Commits,Spot-Up,Drives Left,To Basket,Miss 2 Pts,,1,100.0,0.0,0.0,0.0,0.0,0,,,,0.0,,1,0.0,0.0,,,0,1,,1.0,0.0,0.0,1,0,1,0.0,0,0,0.0,0
Chris Smith,Montreal Alliance,2024-2025,offense,P&R ball handler,P&R BH - Traps,1,,P&R BH - Traps,P&R BH - Traps,,,,,,0,0.0,,,,,0,,,,,,0,,,,,0,0,,0.0,,,0,0,0,,0,0,,0
Chris Smith,Montreal Alliance,2024-2025,offense,Isolation,ISO Including Passes,1,,ISO Including Passes,ISO Including Passes,,,,,,42,14.8,0.524,32.9,19.0,11.9,13,7.7,Poor,10.0,24.1,92.0,29,25.9,11.9,,,7,22,,33.4,0.34,26.2,16,6,10,37.5,1,12,0.45,22
Chris Smith,Montreal Alliance,2024-2025,offense,Isolation,Isolation,2,ISO Including Passes,ISO Including Passes > Isolation,ISO Including Passes,Isolation,,,,,33,78.6,0.606,41.0,24.2,15.2,6,16.7,,,30.0,,20,32.5,15.2,,,6,14,,24.4,0.5,30.3,14,5,9,35.7,1,5,0.3,20
Chris Smith,Montreal Alliance,2024-2025,offense,Isolation,Right,3,Isolation,ISO Including Passes > Isolation > Right,ISO Including Passes,Isolation,Right,,,,14,42.4,0.786,51.1,21.4,14.3,3,33.3,,,33.3,,9,38.9,14.3,,,3,6,,10.8,0.44,35.7,6,2,4,33.3,1,2,0.33,11
Chris Smith,Montreal Alliance,2024-2025,offense,Isolation,Drives Left,4,Right,ISO Including Passes > Isolation > Right > Drives Left,ISO Including Passes,Isolation,Right,Drives Left,,,6,42.9,0.667,53.2,33.3,33.3,2,0.0,,,0.0,,2,0.0,33.3,,,0,2,,3.8,2.0,33.3,0,0,0,,0,2,1.0,4
Chris Smith,Montreal Alliance,2024-2025,offense,Isolation,Dribble Jumper,5,Drives Left,ISO Including Passes > Isolation > Right > Drives Left > Dribble Jumper,ISO Including Passes,Isolation,Right,Drives Left,Dribble Jumper,,2,33.3,0.0,0.0,0.0,0.0,2,0.0,,,0.0,,2,0.0,0.0,,,0,2,,2.0,0.0,0.0,0,0,0,,0,2,1.0,0
Chris Smith,Montreal Alliance,2024-2025,offense,Isolation,Long/3pt,6,Dribble Jumper,ISO Including Passes > Isolation > Right > Drives Left > Dribble Jumper > Long/3pt,ISO Including Passes,Isolation,Right,Drives Left,Dribble Jumper,Long/3pt,2,100.0,0.0,0.0,0.0,0.0,2,0.0,,,0.0,,2,0.0,0.0,,,0,2,,2.0,0.0,0.0,0,0,0,,0,2,1.0,0
Chris Smith,Montreal Alliance,2024-2025,offense,Isolation,Defense Commits,5,Drives Left,ISO Including Passes > Isolation > Right > Drives Left > Defense Commits,ISO Including Passes,Isolation,Right,Drives Left,Defense Commits,,2,33.3,0.0,,100.0,0.0,0,,,,,,0,,0.0,,,0,0,,0.0,,0.0,0,0,0,,0,0,,0
Chris Smith,Montreal Alliance,2024-2025,offense,Isolation,Turnover,6,Defense Commits,ISO Including Passes > Isolation > Right > Drives Left > Defense Commits > Turnover,ISO Including Passes,Isolation,Right,Drives Left,Defense Commits,Turnover,2,100.0,0.0,,100.0,0.0,0,,,,,,0,,0.0,,,0,0,,0.0,,0.0,0,0,0,,0,0,,0
Chris Smith,Montreal Alliance,2024-2025,offense,Isolation,To Basket,5,Drives Left,ISO Including Passes > Isolation > Right > Drives Left > To Basket,ISO Including Passes,Isolation,Right,Drives Left,To Basket,,2,33.3,2.0,113.6,0.0,100.0,0,,,,,,0,,100.0,,,0,0,,1.8,,100.0,0,0,0,,0,0,,4
Chris Smith,Montreal Alliance,2024-2025,offense,Isolation,Foul,6,To Basket,ISO Including Passes > Isolation > Right > Drives Left > To Basket > Foul,ISO Including Passes,Isolation,Right,Drives Left,To Basket,Foul,2,100.0,2.0,113.6,0.0,100.0,0,,,,,,0,,100.0,,,0,0,,1.8,,100.0,0,0,0,,0,0,,4
Chris Smith,Montreal Alliance,2024-2025,offense,Isolation,Drives Right,4,Right,ISO Including Passes > Isolation > Right > Drives Right,ISO Including Passes,Isolation,Right,Drives Right,,,5,35.7,0.8,50.0,20.0,0.0,0,,,,50.0,,4,50.0,0.0,,,2,2,,4.0,0.0,40.0,4,2,2,50.0,0,0,0.0,4
Chris Smith,Montreal Alliance,2024-2025,offense,Isolation,To Basket,5,Drives Right,ISO Including Passes > Isolation > Right > Drives Right > To Basket,ISO Including Passes,Isolation,Right,Drives Right,To Basket,,4,80.0,1.0,50.0,0.0,0.0,0,,,,50.0,,4,50.0,0.0,,,2,2,,4.0,0.0,50.0,4,2,2,50.0,0,0,0.0,4
Chris Smith,Montreal Alliance,2024-2025,offense,Isolation,Miss 2 Pts,6,To Basket,ISO Including Passes > Isolation > Right > Drives Right > To Basket > Miss 2 Pts,ISO Including Passes,Isolation,Right,Drives Right,To Basket,Miss 2 Pts,2,50.0,0.0,0.0,0.0,0.0,0,,,,0.0,,2,0.0,0.0,,,0,2,,2.0,0.0,0.0,2,0,2,0.0,0,0,0.0,0
Chris Smith,Montreal Alliance,2024-2025,offense,Isolation,Make 2 Pts,6,To Basket,ISO Including Passes > Isolation > Right > Drives Right > To Basket > Make 2 Pts,ISO Including Passes,Isolation,Right,Drives Right,To Basket,Make 2 Pts,2,50.0,2.0,100.0,0.0,0.0,0,,,,100.0,,2,100.0,0.0,,,2,0,,2.0,0.0,100.0,2,2,0,100.0,0,0,0.0,4
Chris Smith,Montreal Alliance,2024-2025,offense,Isolation,Turnover,5,Drives Right,ISO Including Passes > Isolation > Right > Drives Right > Turnover,ISO Including Passes,Isolation,Right,Drives Right,Turnover,,1,20.0,0.0,,100.0,0.0,0,,,,,,0,,0.0,,,0,0,,0.0,,0.0,0,0,0,,0,0,,0
Chris Smith,Montreal Alliance,2024-2025,offense,Isolation,Early Jumper,4,Right,ISO Including Passes > Isolation > Right > Early Jumper,ISO Including Passes,Isolation,Right,Early Jumper,,,3,21.4,1.0,50.0,0.0,0.0,1,100.0,,,33.3,,3,50.0,0.0,,,1,2,,3.0,0.0,33.3,2,0,2,0.0,1,0,0.33,3
Chris Smith,Montreal Alliance,2024-2025,offense,Isolation,No Dribble Jumper,5,Early Jumper,ISO Including Passes > Isolation > Right > Early Jumper > No Dribble Jumper,ISO Including Passes,Isolation,Right,Early Jumper,No Dribble Jumper,,3,100.0,1.0,50.0,0.0,0.0,1,100.0,,,33.3,,3,50.0,0.0,,,1,2,,3.0,0.0,33.3,2,0,2,0.0,1,0,0.33,3
Chris Smith,Montreal Alliance,2024-2025,offense,Isolation,Guarded,6,No Dribble Jumper,ISO Including Passes > Isolation > Right > Early Jumper > No Dribble Jumper > Guarded,ISO Including Passes,Isolation,Right,Early Jumper,No Dribble Jumper,Guarded,3,100.0,1.0,50.0,0.0,0.0,1,100.0,,,33.3,,3,50.0,0.0,,,1,2,,3.0,0.0,33.3,2,0,2,0.0,1,0,0.33,3
Chris Smith,Montreal Alliance,2024-2025,offense,Isolation,Top,3,Isolation,ISO Including Passes > Isolation > Top,ISO Including Passes,Isolation,Top,,,,13,39.4,0.692,41.8,15.4,15.4,2,0.0,,,33.3,,9,33.3,15.4,,,3,6,,10.8,0.44,38.5,7,3,4,42.9,0,2,0.22,9
Chris Smith,Montreal Alliance,2024-2025,offense,Isolation,Drives Right,4,Top,ISO Including Passes > Isolation > Top > Drives Right,ISO Including Passes,Isolation,Top,Drives Right,,,7,53.8,0.714,37.0,0.0,28.6,1,0.0,,,20.0,,5,20.0,28.6,,,1,4,,6.8,0.8,42.9,4,1,3,25.0,0,1,0.2,5
Chris Smith,Montreal Alliance,2024-2025,offense,Isolation,To Basket,5,Drives Right,ISO Including Passes > Isolation > Top > Drives Right > To Basket,ISO Including Passes,Isolation,Top,Drives Right,To Basket,,4,57.1,0.75,39.9,0.0,50.0,0,,,,0.0,,2,0.0,50.0,,,0,2,,3.8,2.0,50.0,2,0,2,0.0,0,0,0.0,3
Chris Smith,Montreal Alliance,2024-2025,offense,Isolation,Foul,6,To Basket,ISO Including Passes > Isolation > Top > Drives Right > To Basket > Foul,ISO Including Passes,Isolation,Top,Drives Right,To Basket,Foul,2,50.0,1.5,85.2,0.0,100.0,0,,,,,,0,,100.0,,,0,0,,1.8,,100.0,0,0,0,,0,0,,3
Chris Smith,Montreal Alliance,2024-2025,offense,Isolation,Miss 2 Pts,6,To Basket,ISO Including Passes > Isolation > Top > Drives Right > To Basket > Miss 2 Pts,ISO Including Passes,Isolation,Top,Drives Right,To Basket,Miss 2 Pts,2,50.0,0.0,0.0,0.0,0.0,0,,,,0.0,,2,0.0,0.0,,,0,2,,2.0,0.0,0.0,2,0,2,0.0,0,0,0.0,0
Chris Smith,Montreal Alliance,2024-2025,offense,Isolation,Dribble Jumper,5,Drives Right,ISO Including Passes > Isolation > Top > Drives Right > Dribble Jumper,ISO Including Passes,Isolation,Top,Drives Right,Dribble Jumper,,3,42.9,0.667,33.3,0.0,0.0,1,0.0,,,33.3,,3,33.3,0.0,,,1,2,,3.0,0.0,33.3,2,1,1,50.0,0,1,0.33,2
Chris Smith,Montreal Alliance,2024-2025,offense,Isolation,Short to < 17,6,Dribble Jumper,ISO Including Passes > Isolation > Top > Drives Right > Dribble Jumper > Short to < 17,ISO Including Passes,Isolation,Top,Drives Right,Dribble Jumper,Short to < 17,2,66.7,1.0,50.0,0.0,0.0,0,,,,50.0,,2,50.0,0.0,,,1,1,,2.0,0.0,50.0,2,1,1,50.0,0,0,0.0,2
Chris Smith,Montreal Alliance,2024-2025,offense,Isolation,Long/3pt,6,Dribble Jumper,ISO Including Passes > Isolation > Top > Drives Right > Dribble Jumper > Long/3pt,ISO Including Passes,Isolation,Top,Drives Right,Dribble Jumper,Long/3pt,1,33.3,0.0,0.0,0.0,0.0,1,0.0,,,0.0,,1,0.0,0.0,,,0,1,,1.0,0.0,0.0,0,0,0,,0,1,1.0,0
Chris Smith,Montreal Alliance,2024-2025,offense,Isolation,Drives Left,4,Top,ISO Including Passes > Isolation > Top > Drives Left,ISO Including Passes,Isolation,Top,Drives Left,,,5,38.5,0.8,66.7,40.0,0.0,0,,,,66.7,,3,66.7,0.0,,,2,1,,3.0,0.0,40.0,3,2,1,66.7,0,0,0.0,4
Chris Smith,Montreal Alliance,2024-2025,offense,Isolation,To Basket,5,Drives Left,ISO Including Passes > Isolation > Top > Drives Left > To Basket,ISO Including Passes,Isolation,Top,Drives Left,To Basket,,2,40.0,1.0,50.0,0.0,0.0,0,,,,50.0,,2,50.0,0.0,,,1,1,,2.0,0.0,50.0,2,1,1,50.0,0,0,0.0,2
Chris Smith,Montreal Alliance,2024-2025,offense,Isolation,Make 2 Pts,6,To Basket,ISO Including Passes > Isolation > Top > Drives Left > To Basket > Make 2 Pts,ISO Including Passes,Isolation,Top,Drives Left,To Basket,Make 2 Pts,1,50.0,2.0,100.0,0.0,0.0,0,,,,100.0,,1,100.0,0.0,,,1,0,,1.0,0.0,100.0,1,1,0,100.0,0,0,0.0,2
Chris Smith,Montreal Alliance,2024-2025,offense,Isolation,Miss 2 Pts,6,To Basket,ISO Including Passes > Isolation > Top > Drives Left > To Basket > Miss 2 Pts,ISO Including Passes,Isolation,Top,Drives Left,To Basket,Miss 2 Pts,1,50.0,0.0,0.0,0.0,0.0,0,,,,0.0,,1,0.0,0.0,,,0,1,,1.0,0.0,0.0,1,0,1,0.0,0,0,0.0,0
Chris Smith,Montreal Alliance,2024-2025,offense,Isolation,Defense Commits,5,Drives Left,ISO Including Passes > Isolation > Top > Drives Left > Defense Commits,ISO Including Passes,Isolation,Top,Drives Left,Defense Commits,,2,40.0,0.0,,100.0,0.0,0,,,,,,0,,0.0,,,0,0,,0.0,,0.0,0,0,0,,0,0,,0
Chris Smith,Montreal Alliance,2024-2025,offense,Isolation,Turnover,6,Defense Commits,ISO Including Passes > Isolation > Top > Drives Left > Defense Commits > Turnover,ISO Including Passes,Isolation,Top,Drives Left,Defense Commits,Turnover,2,100.0,0.0,,100.0,0.0,0,,,,,,0,,0.0,,,0,0,,0.0,,0.0,0,0,0,,0,0,,0
Chris Smith,Montreal Alliance,2024-2025,offense,Isolation,Dribble Jumper,5,Drives Left,ISO Including Passes > Isolation > Top > Drives Left > Dribble Jumper,ISO Including Passes,Isolation,Top,Drives Left,Dribble Jumper,,1,20.0,2.0,100.0,0.0,0.0,0,,,,100.0,,1,100.0,0.0,,,1,0,,1.0,0.0,100.0,1,1,0,100.0,0,0,0.0,2
Chris Smith,Montreal Alliance,2024-2025,offense,Isolation,Short to < 17,6,Dribble Jumper,ISO Including Passes > Isolation > Top > Drives Left > Dribble Jumper > Short to < 17,ISO Including Passes,Isolation,Top,Drives Left,Dribble Jumper,Short to < 17,1,100.0,2.0,100.0,0.0,0.0,0,,,,100.0,,1,100.0,0.0,,,1,0,,1.0,0.0,100.0,1,1,0,100.0,0,0,0.0,2
Chris Smith,Montreal Alliance,2024-2025,offense,Isolation,Early Jumper,4,Top,ISO Including Passes > Isolation > Top > Early Jumper,ISO Including Passes,Isolation,Top,Early Jumper,,,1,7.7,0.0,0.0,0.0,0.0,1,0.0,,,0.0,,1,0.0,0.0,,,0,1,,1.0,0.0,0.0,0,0,0,,0,1,1.0,0
Chris Smith,Montreal Alliance,2024-2025,offense,Isolation,Dribble Jumper,5,Early Jumper,ISO Including Passes > Isolation > Top > Early Jumper > Dribble Jumper,ISO Including Passes,Isolation,Top,Early Jumper,Dribble Jumper,,1,100.0,0.0,0.0,0.0,0.0,1,0.0,,,0.0,,1,0.0,0.0,,,0,1,,1.0,0.0,0.0,0,0,0,,0,1,1.0,0
Chris Smith,Montreal Alliance,2024-2025,offense,Isolation,Long/3pt,6,Dribble Jumper,ISO Including Passes > Isolation > Top > Early Jumper > Dribble Jumper > Long/3pt,ISO Including Passes,Isolation,Top,Early Jumper,Dribble Jumper,Long/3pt,1,100.0,0.0,0.0,0.0,0.0,1,0.0,,,0.0,,1,0.0,0.0,,,0,1,,1.0,0.0,0.0,0,0,0,,0,1,1.0,0
Chris Smith,Montreal Alliance,2024-2025,offense,Isolation,Left,3,Isolation,ISO Including Passes > Isolation > Left,ISO Including Passes,Isolation,Left,,,,6,18.2,0.0,0.0,50.0,16.7,1,0.0,,,0.0,,2,0.0,16.7,,,0,2,,2.9,1.0,0.0,1,0,1,0.0,0,1,0.5,0
Chris Smith,Montreal Alliance,2024-2025,offense,Isolation,Drives Left,4,Left,ISO Including Passes > Isolation > Left > Drives Left,ISO Including Passes,Isolation,Left,Drives Left,,,4,66.7,0.0,0.0,50.0,25.0,0,,,,0.0,,1,0.0,25.0,,,0,1,,1.9,2.0,0.0,1,0,1,0.0,0,0,0.0,0
Chris Smith,Montreal Alliance,2024-2025,offense,Isolation,To Basket,5,Drives Left,ISO Including Passes > Isolation > Left > Drives Left > To Basket,ISO Including Passes,Isolation,Left,Drives Left,To Basket,,1,25.0,0.0,0.0,0.0,100.0,0,,,,,,0,,100.0,,,0,0,,0.9,,0.0,0,0,0,,0,0,,0
Chris Smith,Montreal Alliance,2024-2025,offense,Isolation,Foul,6,To Basket,ISO Including Passes > Isolation > Left > Drives Left > To Basket > Foul,ISO Including Passes,Isolation,Left,Drives Left,To Basket,Foul,1,100.0,0.0,0.0,0.0,100.0,0,,,,,,0,,100.0,,,0,0,,0.9,,0.0,0,0,0,,0,0,,0
Chris Smith,Montreal Alliance,2024-2025,offense,Isolation,Turnover,5,Drives Left,ISO Including Passes > Isolation > Left > Drives Left > Turnover,ISO Including Passes,Isolation,Left,Drives Left,Turnover,,1,25.0,0.0,,100.0,0.0,0,,,,,,0,,0.0,,,0,0,,0.0,,0.0,0,0,0,,0,0,,0
Chris Smith,Montreal Alliance,2024-2025,offense,Isolation,Defense Commits,5,Drives Left,ISO Including Passes > Isolation > Left > Drives Left > Defense Commits,ISO Including Passes,Isolation,Left,Drives Left,Defense Commits,,1,25.0,0.0,,100.0,0.0,0,,,,,,0,,0.0,,,0,0,,0.0,,0.0,0,0,0,,0,0,,0
Chris Smith,Montreal Alliance,2024-2025,offense,Isolation,Turnover,6,Defense Commits,ISO Including Passes > Isolation > Left > Drives Left > Defense Commits > Turnover,ISO Including Passes,Isolation,Left,Drives Left,Defense Commits,Turnover,1,100.0,0.0,,100.0,0.0,0,,,,,,0,,0.0,,,0,0,,0.0,,0.0,0,0,0,,0,0,,0
Chris Smith,Montreal Alliance,2024-2025,offense,Isolation,Dribble Jumper,5,Drives Left,ISO Including Passes > Isolation > Left > Drives Left > Dribble Jumper,ISO Including Passes,Isolation,Left,Drives Left,Dribble Jumper,,1,25.0,0.0,0.0,0.0,0.0,0,,,,0.0,,1,0.0,0.0,,,0,1,,1.0,0.0,0.0,1,0,1,0.0,0,0,0.0,0
Chris Smith,Montreal Alliance,2024-2025,offense,Isolation,Short to < 17,6,Dribble Jumper,ISO Including Passes > Isolation > Left > Drives Left > Dribble Jumper > Short to < 17,ISO Including Passes,Isolation,Left,Drives Left,Dribble Jumper,Short to < 17,1,100.0,0.0,0.0,0.0,0.0,0,,,,0.0,,1,0.0,0.0,,,0,1,,1.0,0.0,0.0,1,0,1,0.0,0,0,0.0,0
Chris Smith,Montreal Alliance,2024-2025,offense,Isolation,Early Jumper,4,Left,ISO Including Passes > Isolation > Left > Early Jumper,ISO Including Passes,Isolation,Left,Early Jumper,,,1,16.7,0.0,0.0,0.0,0.0,1,0.0,,,0.0,,1,0.0,0.0,,,0,1,,1.0,0.0,0.0,0,0,0,,0,1,1.0,0
Chris Smith,Montreal Alliance,2024-2025,offense,Isolation,Dribble Jumper,5,Early Jumper,ISO Including Passes > Isolation > Left > Early Jumper > Dribble Jumper,ISO Including Passes,Isolation,Left,Early Jumper,Dribble Jumper,,1,100.0,0.0,0.0,0.0,0.0,1,0.0,,,0.0,,1,0.0,0.0,,,0,1,,1.0,0.0,0.0,0,0,0,,0,1,1.0,0
Chris Smith,Montreal Alliance,2024-2025,offense,Isolation,Long/3pt,6,Dribble Jumper,ISO Including Passes > Isolation > Left > Early Jumper > Dribble Jumper > Long/3pt,ISO Including Passes,Isolation,Left,Early Jumper,Dribble Jumper,Long/3pt,1,100.0,0.0,0.0,0.0,0.0,1,0.0,,,0.0,,1,0.0,0.0,,,0,1,,1.0,0.0,0.0,0,0,0,,0,1,1.0,0
Chris Smith,Montreal Alliance,2024-2025,offense,Isolation,Drives Right,4,Left,ISO Including Passes > Isolation > Left > Drives Right,ISO Including Passes,Isolation,Left,Drives Right,,,1,16.7,0.0,,100.0,0.0,0,,,,,,0,,0.0,,,0,0,,0.0,,0.0,0,0,0,,0,0,,0
Chris Smith,Montreal Alliance,2024-2025,offense,Isolation,Defense Commits,5,Drives Right,ISO Including Passes > Isolation > Left > Drives Right > Defense Commits,ISO Including Passes,Isolation,Left,Drives Right,Defense Commits,,1,100.0,0.0,,100.0,0.0,0,,,,,,0,,0.0,,,0,0,,0.0,,0.0,0,0,0,,0,0,,0
Chris Smith,Montreal Alliance,2024-2025,offense,Isolation,Turnover,6,Defense Commits,ISO Including Passes > Isolation > Left > Drives Right > Defense Commits > Turnover,ISO Including Passes,Isolation,Left,Drives Right,Defense Commits,Turnover,1,100.0,0.0,,100.0,0.0,0,,,,,,0,,0.0,,,0,0,,0.0,,0.0,0,0,0,,0,0,,0
Chris Smith,Montreal Alliance,2024-2025,offense,Isolation,Spot-Up,2,ISO Including Passes,ISO Including Passes > Spot-Up,ISO Including Passes,Spot-Up,,,,,8,19.0,0.0,0.0,0.0,0.0,7,0.0,,,0.0,,8,0.0,0.0,,,0,8,,8.0,0.0,0.0,1,0,1,0.0,0,7,0.88,0
Chris Smith,Montreal Alliance,2024-2025,offense,Isolation,No Dribble Jumper,3,Spot-Up,ISO Including Passes > Spot-Up > No Dribble Jumper,ISO Including Passes,Spot-Up,No Dribble Jumper,,,,7,87.5,0.0,0.0,0.0,0.0,7,0.0,,,0.0,,7,0.0,0.0,,,0,7,,7.0,0.0,0.0,0,0,0,,0,7,1.0,0
Chris Smith,Montreal Alliance,2024-2025,offense,Isolation,Open,4,No Dribble Jumper,ISO Including Passes > Spot-Up > No Dribble Jumper > Open,ISO Including Passes,Spot-Up,No Dribble Jumper,Open,,,5,71.4,0.0,0.0,0.0,0.0,5,0.0,,,0.0,,5,0.0,0.0,,,0,5,,5.0,0.0,0.0,0,0,0,,0,5,1.0,0
Chris Smith,Montreal Alliance,2024-2025,offense,Isolation,Long/3pt,5,Open,ISO Including Passes > Spot-Up > No Dribble Jumper > Open > Long/3pt,ISO Including Passes,Spot-Up,No Dribble Jumper,Open,Long/3pt,,5,100.0,0.0,0.0,0.0,0.0,5,0.0,,,0.0,,5,0.0,0.0,,,0,5,,5.0,0.0,0.0,0,0,0,,0,5,1.0,0
Chris Smith,Montreal Alliance,2024-2025,offense,Isolation,Miss 3 Pts,6,Long/3pt,ISO Including Passes > Spot-Up > No Dribble Jumper > Open > Long/3pt > Miss 3 Pts,ISO Including Passes,Spot-Up,No Dribble Jumper,Open,Long/3pt,Miss 3 Pts,5,100.0,0.0,0.0,0.0,0.0,5,0.0,,,0.0,,5,0.0,0.0,,,0,5,,5.0,0.0,0.0,0,0,0,,0,5,1.0,0
Chris Smith,Montreal Alliance,2024-2025,offense,Isolation,Guarded,4,No Dribble Jumper,ISO Including Passes > Spot-Up > No Dribble Jumper > Guarded,ISO Including Passes,Spot-Up,No Dribble Jumper,Guarded,,,2,28.6,0.0,0.0,0.0,0.0,2,0.0,,,0.0,,2,0.0,0.0,,,0,2,,2.0,0.0,0.0,0,0,0,,0,2,1.0,0
Chris Smith,Montreal Alliance,2024-2025,offense,Isolation,Long/3pt,5,Guarded,ISO Including Passes > Spot-Up > No Dribble Jumper > Guarded > Long/3pt,ISO Including Passes,Spot-Up,No Dribble Jumper,Guarded,Long/3pt,,2,100.0,0.0,0.0,0.0,0.0,2,0.0,,,0.0,,2,0.0,0.0,,,0,2,,2.0,0.0,0.0,0,0,0,,0,2,1.0,0
Chris Smith,Montreal Alliance,2024-2025,offense,Isolation,Miss 3 Pts,6,Long/3pt,ISO Including Passes > Spot-Up > No Dribble Jumper > Guarded > Long/3pt > Miss 3 Pts,ISO Including Passes,Spot-Up,No Dribble Jumper,Guarded,Long/3pt,Miss 3 Pts,2,100.0,0.0,0.0,0.0,0.0,2,0.0,,,0.0,,2,0.0,0.0,,,0,2,,2.0,0.0,0.0,0,0,0,,0,2,1.0,0
Chris Smith,Montreal Alliance,2024-2025,offense,Isolation,Drives Left,3,Spot-Up,ISO Including Passes > Spot-Up > Drives Left,ISO Including Passes,Spot-Up,Drives Left,,,,1,12.5,0.0,0.0,0.0,0.0,0,,,,0.0,,1,0.0,0.0,,,0,1,,1.0,0.0,0.0,1,0,1,0.0,0,0,0.0,0
Chris Smith,Montreal Alliance,2024-2025,offense,Isolation,Dribble Jumper,4,Drives Left,ISO Including Passes > Spot-Up > Drives Left > Dribble Jumper,ISO Including Passes,Spot-Up,Drives Left,Dribble Jumper,,,1,100.0,0.0,0.0,0.0,0.0,0,,,,0.0,,1,0.0,0.0,,,0,1,,1.0,0.0,0.0,1,0,1,0.0,0,0,0.0,0
Chris Smith,Montreal Alliance,2024-2025,offense,Isolation,Medium/17' to 3pt,5,Dribble Jumper,ISO Including Passes > Spot-Up > Drives Left > Dribble Jumper > Medium/17' to 3pt,ISO Including Passes,Spot-Up,Drives Left,Dribble Jumper,Medium/17' to 3pt,,1,100.0,0.0,0.0,0.0,0.0,0,,,,0.0,,1,0.0,0.0,,,0,1,,1.0,0.0,0.0,1,0,1,0.0,0,0,0.0,0
Chris Smith,Montreal Alliance,2024-2025,offense,Isolation,Miss 2 Pts,6,Medium/17' to 3pt,ISO Including Passes > Spot-Up > Drives Left > Dribble Jumper > Medium/17' to 3pt > Miss 2 Pts,ISO Including Passes,Spot-Up,Drives Left,Dribble Jumper,Medium/17' to 3pt,Miss 2 Pts,1,100.0,0.0,0.0,0.0,0.0,0,,,,0.0,,1,0.0,0.0,,,0,1,,1.0,0.0,0.0,1,0,1,0.0,0,0,0.0,0
Chris Smith,Montreal Alliance,2024-2025,offense,Isolation,Cut,2,ISO Including Passes,ISO Including Passes > Cut,ISO Including Passes,Cut,,,,,1,2.4,2.0,100.0,0.0,0.0,0,,,,100.0,,1,100.0,0.0,,,1,0,,1.0,0.0,100.0,1,1,0,100.0,0,0,0.0,2
Chris Smith,Montreal Alliance,2024-2025,offense,Isolation,Basket,3,Cut,ISO Including Passes > Cut > Basket,ISO Including Passes,Cut,Basket,,,,1,100.0,2.0,100.0,0.0,0.0,0,,,,100.0,,1,100.0,0.0,,,1,0,,1.0,0.0,100.0,1,1,0,100.0,0,0,0.0,2
Chris Smith,Montreal Alliance,2024-2025,offense,Isolation,Make 2 Pts,4,Basket,ISO Including Passes > Cut > Basket > Make 2 Pts,ISO Including Passes,Cut,Basket,Make 2 Pts,,,1,100.0,2.0,100.0,0.0,0.0,0,,,,100.0,,1,100.0,0.0,,,1,0,,1.0,0.0,100.0,1,1,0,100.0,0,0,0.0,2
Chris Smith,Montreal Alliance,2024-2025,offense,Isolation,ISO - Defense Commits,1,,ISO - Defense Commits,ISO - Defense Commits,,,,,,15,5.3,0.133,11.1,40.0,0.0,7,0.0,Poor,0.0,11.1,90.0,9,11.1,0.0,,,1,8,,9.0,0.0,6.7,2,1,1,50.0,0,7,0.78,2
Chris Smith,Montreal Alliance,2024-2025,offense,Isolation,Spot-Up,2,ISO - Defense Commits,ISO - Defense Commits > Spot-Up,ISO - Defense Commits,Spot-Up,,,,,8,53.3,0.0,0.0,0.0,0.0,7,0.0,,,0.0,,8,0.0,0.0,,,0,8,,8.0,0.0,0.0,1,0,1,0.0,0,7,0.88,0
Chris Smith,Montreal Alliance,2024-2025,offense,Isolation,No Dribble Jumper,3,Spot-Up,ISO - Defense Commits > Spot-Up > No Dribble Jumper,ISO - Defense Commits,Spot-Up,No Dribble Jumper,,,,7,87.5,0.0,0.0,0.0,0.0,7,0.0,,,0.0,,7,0.0,0.0,,,0,7,,7.0,0.0,0.0,0,0,0,,0,7,1.0,0
Chris Smith,Montreal Alliance,2024-2025,offense,Isolation,Open,4,No Dribble Jumper,ISO - Defense Commits > Spot-Up > No Dribble Jumper > Open,ISO - Defense Commits,Spot-Up,No Dribble Jumper,Open,,,5,71.4,0.0,0.0,0.0,0.0,5,0.0,,,0.0,,5,0.0,0.0,,,0,5,,5.0,0.0,0.0,0,0,0,,0,5,1.0,0
Chris Smith,Montreal Alliance,2024-2025,offense,Isolation,Long/3pt,5,Open,ISO - Defense Commits > Spot-Up > No Dribble Jumper > Open > Long/3pt,ISO - Defense Commits,Spot-Up,No Dribble Jumper,Open,Long/3pt,,5,100.0,0.0,0.0,0.0,0.0,5,0.0,,,0.0,,5,0.0,0.0,,,0,5,,5.0,0.0,0.0,0,0,0,,0,5,1.0,0
Chris Smith,Montreal Alliance,2024-2025,offense,Isolation,Miss 3 Pts,6,Long/3pt,ISO - Defense Commits > Spot-Up > No Dribble Jumper > Open > Long/3pt > Miss 3 Pts,ISO - Defense Commits,Spot-Up,No Dribble Jumper,Open,Long/3pt,Miss 3 Pts,5,100.0,0.0,0.0,0.0,0.0,5,0.0,,,0.0,,5,0.0,0.0,,,0,5,,5.0,0.0,0.0,0,0,0,,0,5,1.0,0
Chris Smith,Montreal Alliance,2024-2025,offense,Isolation,Guarded,4,No Dribble Jumper,ISO - Defense Commits > Spot-Up > No Dribble Jumper > Guarded,ISO - Defense Commits,Spot-Up,No Dribble Jumper,Guarded,,,2,28.6,0.0,0.0,0.0,0.0,2,0.0,,,0.0,,2,0.0,0.0,,,0,2,,2.0,0.0,0.0,0,0,0,,0,2,1.0,0
Chris Smith,Montreal Alliance,2024-2025,offense,Isolation,Long/3pt,5,Guarded,ISO - Defense Commits > Spot-Up > No Dribble Jumper > Guarded > Long/3pt,ISO - Defense Commits,Spot-Up,No Dribble Jumper,Guarded,Long/3pt,,2,100.0,0.0,0.0,0.0,0.0,2,0.0,,,0.0,,2,0.0,0.0,,,0,2,,2.0,0.0,0.0,0,0,0,,0,2,1.0,0
Chris Smith,Montreal Alliance,2024-2025,offense,Isolation,Miss 3 Pts,6,Long/3pt,ISO - Defense Commits > Spot-Up > No Dribble Jumper > Guarded > Long/3pt > Miss 3 Pts,ISO - Defense Commits,Spot-Up,No Dribble Jumper,Guarded,Long/3pt,Miss 3 Pts,2,100.0,0.0,0.0,0.0,0.0,2,0.0,,,0.0,,2,0.0,0.0,,,0,2,,2.0,0.0,0.0,0,0,0,,0,2,1.0,0
Chris Smith,Montreal Alliance,2024-2025,offense,Isolation,Drives Left,3,Spot-Up,ISO - Defense Commits > Spot-Up > Drives Left,ISO - Defense Commits,Spot-Up,Drives Left,,,,1,12.5,0.0,0.0,0.0,0.0,0,,,,0.0,,1,0.0,0.0,,,0,1,,1.0,0.0,0.0,1,0,1,0.0,0,0,0.0,0
Chris Smith,Montreal Alliance,2024-2025,offense,Isolation,Dribble Jumper,4,Drives Left,ISO - Defense Commits > Spot-Up > Drives Left > Dribble Jumper,ISO - Defense Commits,Spot-Up,Drives Left,Dribble Jumper,,,1,100.0,0.0,0.0,0.0,0.0,0,,,,0.0,,1,0.0,0.0,,,0,1,,1.0,0.0,0.0,1,0,1,0.0,0,0,0.0,0
Chris Smith,Montreal Alliance,2024-2025,offense,Isolation,Medium/17' to 3pt,5,Dribble Jumper,ISO - Defense Commits > Spot-Up > Drives Left > Dribble Jumper > Medium/17' to 3pt,ISO - Defense Commits,Spot-Up,Drives Left,Dribble Jumper,Medium/17' to 3pt,,1,100.0,0.0,0.0,0.0,0.0,0,,,,0.0,,1,0.0,0.0,,,0,1,,1.0,0.0,0.0,1,0,1,0.0,0,0,0.0,0
Chris Smith,Montreal Alliance,2024-2025,offense,Isolation,Miss 2 Pts,6,Medium/17' to 3pt,ISO - Defense Commits > Spot-Up > Drives Left > Dribble Jumper > Medium/17' to 3pt > Miss 2 Pts,ISO - Defense Commits,Spot-Up,Drives Left,Dribble Jumper,Medium/17' to 3pt,Miss 2 Pts,1,100.0,0.0,0.0,0.0,0.0,0,,,,0.0,,1,0.0,0.0,,,0,1,,1.0,0.0,0.0,1,0,1,0.0,0,0,0.0,0
Chris Smith,Montreal Alliance,2024-2025,offense,Isolation,Isolation,2,ISO - Defense Commits,ISO - Defense Commits > Isolation,ISO - Defense Commits,Isolation,,,,,6,40.0,0.0,,100.0,0.0,0,,,,,,0,,0.0,,,0,0,,0.0,,0.0,0,0,0,,0,0,,0
Chris Smith,Montreal Alliance,2024-2025,offense,Isolation,Left,3,Isolation,ISO - Defense Commits > Isolation > Left,ISO - Defense Commits,Isolation,Left,,,,2,33.3,0.0,,100.0,0.0,0,,,,,,0,,0.0,,,0,0,,0.0,,0.0,0,0,0,,0,0,,0
Chris Smith,Montreal Alliance,2024-2025,offense,Isolation,Drives Left,4,Left,ISO - Defense Commits > Isolation > Left > Drives Left,ISO - Defense Commits,Isolation,Left,Drives Left,,,1,50.0,0.0,,100.0,0.0,0,,,,,,0,,0.0,,,0,0,,0.0,,0.0,0,0,0,,0,0,,0
Chris Smith,Montreal Alliance,2024-2025,offense,Isolation,Defense Commits,5,Drives Left,ISO - Defense Commits > Isolation > Left > Drives Left > Defense Commits,ISO - Defense Commits,Isolation,Left,Drives Left,Defense Commits,,1,100.0,0.0,,100.0,0.0,0,,,,,,0,,0.0,,,0,0,,0.0,,0.0,0,0,0,,0,0,,0
Chris Smith,Montreal Alliance,2024-2025,offense,Isolation,Turnover,6,Defense Commits,ISO - Defense Commits > Isolation > Left > Drives Left > Defense Commits > Turnover,ISO - Defense Commits,Isolation,Left,Drives Left,Defense Commits,Turnover,1,100.0,0.0,,100.0,0.0,0,,,,,,0,,0.0,,,0,0,,0.0,,0.0,0,0,0,,0,0,,0
Chris Smith,Montreal Alliance,2024-2025,offense,Isolation,Drives Right,4,Left,ISO - Defense Commits > Isolation > Left > Drives Right,ISO - Defense Commits,Isolation,Left,Drives Right,,,1,50.0,0.0,,100.0,0.0,0,,,,,,0,,0.0,,,0,0,,0.0,,0.0,0,0,0,,0,0,,0
Chris Smith,Montreal Alliance,2024-2025,offense,Isolation,Defense Commits,5,Drives Right,ISO - Defense Commits > Isolation > Left > Drives Right > Defense Commits,ISO - Defense Commits,Isolation,Left,Drives Right,Defense Commits,,1,100.0,0.0,,100.0,0.0,0,,,,,,0,,0.0,,,0,0,,0.0,,0.0,0,0,0,,0,0,,0
Chris Smith,Montreal Alliance,2024-2025,offense,Isolation,Turnover,6,Defense Commits,ISO - Defense Commits > Isolation > Left > Drives Right > Defense Commits > Turnover,ISO - Defense Commits,Isolation,Left,Drives Right,Defense Commits,Turnover,1,100.0,0.0,,100.0,0.0,0,,,,,,0,,0.0,,,0,0,,0.0,,0.0,0,0,0,,0,0,,0
Chris Smith,Montreal Alliance,2024-2025,offense,Isolation,Top,3,Isolation,ISO - Defense Commits > Isolation > Top,ISO - Defense Commits,Isolation,Top,,,,2,33.3,0.0,,100.0,0.0,0,,,,,,0,,0.0,,,0,0,,0.0,,0.0,0,0,0,,0,0,,0
Chris Smith,Montreal Alliance,2024-2025,offense,Isolation,Drives Left,4,Top,ISO - Defense Commits > Isolation > Top > Drives Left,ISO - Defense Commits,Isolation,Top,Drives Left,,,2,100.0,0.0,,100.0,0.0,0,,,,,,0,,0.0,,,0,0,,0.0,,0.0,0,0,0,,0,0,,0
Chris Smith,Montreal Alliance,2024-2025,offense,Isolation,Defense Commits,5,Drives Left,ISO - Defense Commits > Isolation > Top > Drives Left > Defense Commits,ISO - Defense Commits,Isolation,Top,Drives Left,Defense Commits,,2,100.0,0.0,,100.0,0.0,0,,,,,,0,,0.0,,,0,0,,0.0,,0.0,0,0,0,,0,0,,0
Chris Smith,Montreal Alliance,2024-2025,offense,Isolation,Turnover,6,Defense Commits,ISO - Defense Commits > Isolation > Top > Drives Left > Defense Commits > Turnover,ISO - Defense Commits,Isolation,Top,Drives Left,Defense Commits,Turnover,2,100.0,0.0,,100.0,0.0,0,,,,,,0,,0.0,,,0,0,,0.0,,0.0,0,0,0,,0,0,,0
Chris Smith,Montreal Alliance,2024-2025,offense,Isolation,Right,3,Isolation,ISO - Defense Commits > Isolation > Right,ISO - Defense Commits,Isolation,Right,,,,2,33.3,0.0,,100.0,0.0,0,,,,,,0,,0.0,,,0,0,,0.0,,0.0,0,0,0,,0,0,,0
Chris Smith,Montreal Alliance,2024-2025,offense,Isolation,Drives Left,4,Right,ISO - Defense Commits > Isolation > Right > Drives Left,ISO - Defense Commits,Isolation,Right,Drives Left,,,2,100.0,0.0,,100.0,0.0,0,,,,,,0,,0.0,,,0,0,,0.0,,0.0,0,0,0,,0,0,,0
Chris Smith,Montreal Alliance,2024-2025,offense,Isolation,Defense Commits,5,Drives Left,ISO - Defense Commits > Isolation > Right > Drives Left > Defense Commits,ISO - Defense Commits,Isolation,Right,Drives Left,Defense Commits,,2,100.0,0.0,,100.0,0.0,0,,,,,,0,,0.0,,,0,0,,0.0,,0.0,0,0,0,,0,0,,0
Chris Smith,Montreal Alliance,2024-2025,offense,Isolation,Turnover,6,Defense Commits,ISO - Defense Commits > Isolation > Right > Drives Left > Defense Commits > Turnover,ISO - Defense Commits,Isolation,Right,Drives Left,Defense Commits,Turnover,2,100.0,0.0,,100.0,0.0,0,,,,,,0,,0.0,,,0,0,,0.0,,0.0,0,0,0,,0,0,,0
Chris Smith,Montreal Alliance,2024-2025,offense,Isolation,Cut,2,ISO - Defense Commits,ISO - Defense Commits > Cut,ISO - Defense Commits,Cut,,,,,1,6.7,2.0,100.0,0.0,0.0,0,,,,100.0,,1,100.0,0.0,,,1,0,,1.0,0.0,100.0,1,1,0,100.0,0,0,0.0,2
Chris Smith,Montreal Alliance,2024-2025,offense,Isolation,Basket,3,Cut,ISO - Defense Commits > Cut > Basket,ISO - Defense Commits,Cut,Basket,,,,1,100.0,2.0,100.0,0.0,0.0,0,,,,100.0,,1,100.0,0.0,,,1,0,,1.0,0.0,100.0,1,1,0,100.0,0,0,0.0,2
Chris Smith,Montreal Alliance,2024-2025,offense,Isolation,Make 2 Pts,4,Basket,ISO - Defense Commits > Cut > Basket > Make 2 Pts,ISO - Defense Commits,Cut,Basket,Make 2 Pts,,,1,100.0,2.0,100.0,0.0,0.0,0,,,,100.0,,1,100.0,0.0,,,1,0,,1.0,0.0,100.0,1,1,0,100.0,0,0,0.0,2
Chris Smith,Montreal Alliance,2024-2025,offense,Post up,Post-Ups Including Passes,1,,Post-Ups Including Passes,Post-Ups Including Passes,,,,,,43,15.1,1.14,69.1,18.6,23.3,3,66.7,Very Good,79.0,60.7,35.0,28,64.3,23.3,,,17,11,,35.5,0.61,55.8,25,15,10,60.0,2,1,0.11,49
Chris Smith,Montreal Alliance,2024-2025,offense,Post up,Post-Up,2,Post-Ups Including Passes,Post-Ups Including Passes > Post-Up,Post-Ups Including Passes,Post-Up,,,,,33,76.7,0.909,60.7,24.2,21.2,0,,,,52.6,,19,52.6,21.2,,,10,9,,24.7,0.68,48.5,19,10,9,52.6,0,0,0.0,30
Chris Smith,Montreal Alliance,2024-2025,offense,Post up,Left Block,3,Post-Up,Post-Ups Including Passes > Post-Up > Left Block,Post-Ups Including Passes,Post-Up,Left Block,,,,19,57.6,0.842,53.8,21.1,5.3,0,,,,50.0,,14,50.0,5.3,,,7,7,,14.9,0.14,42.1,14,7,7,50.0,0,0,0.0,16
Chris Smith,Montreal Alliance,2024-2025,offense,Post up,Face-up,4,Left Block,Post-Ups Including Passes > Post-Up > Left Block > Face-up,Post-Ups Including Passes,Post-Up,Left Block,Face-up,,,9,47.4,1.111,63.5,11.1,11.1,0,,,,57.1,,7,57.1,11.1,,,4,3,,7.9,0.29,55.6,7,4,3,57.1,0,0,0.0,10
Chris Smith,Montreal Alliance,2024-2025,offense,Post up,Drive Baseline,5,Face-up,Post-Ups Including Passes > Post-Up > Left Block > Face-up > Drive Baseline,Post-Ups Including Passes,Post-Up,Left Block,Face-up,Drive Baseline,,7,77.8,1.143,66.7,14.3,0.0,0,,,,66.7,,6,66.7,0.0,,,4,2,,6.0,0.0,57.1,6,4,2,66.7,0,0,0.0,8
Chris Smith,Montreal Alliance,2024-2025,offense,Post up,Make 2 Pts,6,Drive Baseline,Post-Ups Including Passes > Post-Up > Left Block > Face-up > Drive Baseline > Make 2 Pts,Post-Ups Including Passes,Post-Up,Left Block,Face-up,Drive Baseline,Make 2 Pts,4,57.1,2.0,100.0,0.0,0.0,0,,,,100.0,,4,100.0,0.0,,,4,0,,4.0,0.0,100.0,4,4,0,100.0,0,0,0.0,8
Chris Smith,Montreal Alliance,2024-2025,offense,Post up,Miss 2 Pts,6,Drive Baseline,Post-Ups Including Passes > Post-Up > Left Block > Face-up > Drive Baseline > Miss 2 Pts,Post-Ups Including Passes,Post-Up,Left Block,Face-up,Drive Baseline,Miss 2 Pts,2,28.6,0.0,0.0,0.0,0.0,0,,,,0.0,,2,0.0,0.0,,,0,2,,2.0,0.0,0.0,2,0,2,0.0,0,0,0.0,0
Chris Smith,Montreal Alliance,2024-2025,offense,Post up,Defense Commits,6,Drive Baseline,Post-Ups Including Passes > Post-Up > Left Block > Face-up > Drive Baseline > Defense Commits,Post-Ups Including Passes,Post-Up,Left Block,Face-up,Drive Baseline,Defense Commits,1,14.3,0.0,,100.0,0.0,0,,,,,,0,,0.0,,,0,0,,0.0,,0.0,0,0,0,,0,0,,0
Chris Smith,Montreal Alliance,2024-2025,offense,Post up,Drive Middle,5,Face-up,Post-Ups Including Passes > Post-Up > Left Block > Face-up > Drive Middle,Post-Ups Including Passes,Post-Up,Left Block,Face-up,Drive Middle,,2,22.2,1.0,53.2,0.0,50.0,0,,,,0.0,,1,0.0,50.0,,,0,1,,1.9,2.0,50.0,1,0,1,0.0,0,0,0.0,2
Chris Smith,Montreal Alliance,2024-2025,offense,Post up,Foul,6,Drive Middle,Post-Ups Including Passes > Post-Up > Left Block > Face-up > Drive Middle > Foul,Post-Ups Including Passes,Post-Up,Left Block,Face-up,Drive Middle,Foul,1,50.0,2.0,113.6,0.0,100.0,0,,,,,,0,,100.0,,,0,0,,0.9,,100.0,0,0,0,,0,0,,2
Chris Smith,Montreal Alliance,2024-2025,offense,Post up,Miss 2 Pts,6,Drive Middle,Post-Ups Including Passes > Post-Up > Left Block > Face-up > Drive Middle > Miss 2 Pts,Post-Ups Including Passes,Post-Up,Left Block,Face-up,Drive Middle,Miss 2 Pts,1,50.0,0.0,0.0,0.0,0.0,0,,,,0.0,,1,0.0,0.0,,,0,1,,1.0,0.0,0.0,1,0,1,0.0,0,0,0.0,0
Chris Smith,Montreal Alliance,2024-2025,offense,Post up,Right Shoulder,4,Left Block,Post-Ups Including Passes > Post-Up > Left Block > Right Shoulder,Post-Ups Including Passes,Post-Up,Left Block,Right Shoulder,,,8,42.1,0.75,50.0,25.0,0.0,0,,,,50.0,,6,50.0,0.0,,,3,3,,6.0,0.0,37.5,6,3,3,50.0,0,0,0.0,6
Chris Smith,Montreal Alliance,2024-2025,offense,Post up,Dribble Move,5,Right Shoulder,Post-Ups Including Passes > Post-Up > Left Block > Right Shoulder > Dribble Move,Post-Ups Including Passes,Post-Up,Left Block,Right Shoulder,Dribble Move,,8,100.0,0.75,50.0,25.0,0.0,0,,,,50.0,,6,50.0,0.0,,,3,3,,6.0,0.0,37.5,6,3,3,50.0,0,0,0.0,6
Chris Smith,Montreal Alliance,2024-2025,offense,Post up,To Drop Step,6,Dribble Move,Post-Ups Including Passes > Post-Up > Left Block > Right Shoulder > Dribble Move > To Drop Step,Post-Ups Including Passes,Post-Up,Left Block,Right Shoulder,Dribble Move,To Drop Step,2,25.0,2.0,100.0,0.0,0.0,0,,,,100.0,,2,100.0,0.0,,,2,0,,2.0,0.0,100.0,2,2,0,100.0,0,0,0.0,4
Chris Smith,Montreal Alliance,2024-2025,offense,Post up,To Basket,6,Dribble Move,Post-Ups Including Passes > Post-Up > Left Block > Right Shoulder > Dribble Move > To Basket,Post-Ups Including Passes,Post-Up,Left Block,Right Shoulder,Dribble Move,To Basket,2,25.0,1.0,50.0,0.0,0.0,0,,,,50.0,,2,50.0,0.0,,,1,1,,2.0,0.0,50.0,2,1,1,50.0,0,0,0.0,2
Chris Smith,Montreal Alliance,2024-2025,offense,Post up,To Up and Under,6,Dribble Move,Post-Ups Including Passes > Post-Up > Left Block > Right Shoulder > Dribble Move > To Up and Under,Post-Ups Including Passes,Post-Up,Left Block,Right Shoulder,Dribble Move,To Up and Under,1,12.5,0.0,0.0,0.0,0.0,0,,,,0.0,,1,0.0,0.0,,,0,1,,1.0,0.0,0.0,1,0,1,0.0,0,0,0.0,0
Chris Smith,Montreal Alliance,2024-2025,offense,Post up,Turnover,6,Dribble Move,Post-Ups Including Passes > Post-Up > Left Block > Right Shoulder > Dribble Move > Turnover,Post-Ups Including Passes,Post-Up,Left Block,Right Shoulder,Dribble Move,Turnover,1,12.5,0.0,,100.0,0.0,0,,,,,,0,,0.0,,,0,0,,0.0,,0.0,0,0,0,,0,0,,0
Chris Smith,Montreal Alliance,2024-2025,offense,Post up,Defense Commits,6,Dribble Move,Post-Ups Including Passes > Post-Up > Left Block > Right Shoulder > Dribble Move > Defense Commits,Post-Ups Including Passes,Post-Up,Left Block,Right Shoulder,Dribble Move,Defense Commits,1,12.5,0.0,,100.0,0.0,0,,,,,,0,,0.0,,,0,0,,0.0,,0.0,0,0,0,,0,0,,0
Chris Smith,Montreal Alliance,2024-2025,offense,Post up,To Jumper,6,Dribble Move,Post-Ups Including Passes > Post-Up > Left Block > Right Shoulder > Dribble Move > To Jumper,Post-Ups Including Passes,Post-Up,Left Block,Right Shoulder,Dribble Move,To Jumper,1,12.5,0.0,0.0,0.0,0.0,0,,,,0.0,,1,0.0,0.0,,,0,1,,1.0,0.0,0.0,1,0,1,0.0,0,0,0.0,0
Chris Smith,Montreal Alliance,2024-2025,offense,Post up,Left Shoulder,4,Left Block,Post-Ups Including Passes > Post-Up > Left Block > Left Shoulder,Post-Ups Including Passes,Post-Up,Left Block,Left Shoulder,,,2,10.5,0.0,0.0,50.0,0.0,0,,,,0.0,,1,0.0,0.0,,,0,1,,1.0,0.0,0.0,1,0,1,0.0,0,0,0.0,0
Chris Smith,Montreal Alliance,2024-2025,offense,Post up,Dribble Move,5,Left Shoulder,Post-Ups Including Passes > Post-Up > Left Block > Left Shoulder > Dribble Move,Post-Ups Including Passes,Post-Up,Left Block,Left Shoulder,Dribble Move,,2,100.0,0.0,0.0,50.0,0.0,0,,,,0.0,,1,0.0,0.0,,,0,1,,1.0,0.0,0.0,1,0,1,0.0,0,0,0.0,0
Chris Smith,Montreal Alliance,2024-2025,offense,Post up,Turnover,6,Dribble Move,Post-Ups Including Passes > Post-Up > Left Block > Left Shoulder > Dribble Move > Turnover,Post-Ups Including Passes,Post-Up,Left Block,Left Shoulder,Dribble Move,Turnover,1,50.0,0.0,,100.0,0.0,0,,,,,,0,,0.0,,,0,0,,0.0,,0.0,0,0,0,,0,0,,0
Chris Smith,Montreal Alliance,2024-2025,offense,Post up,To Basket,6,Dribble Move,Post-Ups Including Passes > Post-Up > Left Block > Left Shoulder > Dribble Move > To Basket,Post-Ups Including Passes,Post-Up,Left Block,Left Shoulder,Dribble Move,To Basket,1,50.0,0.0,0.0,0.0,0.0,0,,,,0.0,,1,0.0,0.0,,,0,1,,1.0,0.0,0.0,1,0,1,0.0,0,0,0.0,0
Chris Smith,Montreal Alliance,2024-2025,offense,Post up,Right Block,3,Post-Up,Post-Ups Including Passes > Post-Up > Right Block,Post-Ups Including Passes,Post-Up,Right Block,,,,11,33.3,0.727,61.3,36.4,36.4,0,,,,33.3,,3,33.3,36.4,,,1,2,,6.5,2.67,45.5,3,1,2,33.3,0,0,0.0,8
Chris Smith,Montreal Alliance,2024-2025,offense,Post up,Left Shoulder,4,Right Block,Post-Ups Including Passes > Post-Up > Right Block > Left Shoulder,Post-Ups Including Passes,Post-Up,Right Block,Left Shoulder,,,5,45.5,0.8,72.5,40.0,40.0,0,,,,100.0,,1,100.0,40.0,,,1,0,,2.8,4.0,60.0,1,1,0,100.0,0,0,0.0,4
Chris Smith,Montreal Alliance,2024-2025,offense,Post up,Dribble Move,5,Left Shoulder,Post-Ups Including Passes > Post-Up > Right Block > Left Shoulder > Dribble Move,Post-Ups Including Passes,Post-Up,Right Block,Left Shoulder,Dribble Move,,5,100.0,0.8,72.5,40.0,40.0,0,,,,100.0,,1,100.0,40.0,,,1,0,,2.8,4.0,60.0,1,1,0,100.0,0,0,0.0,4
Chris Smith,Montreal Alliance,2024-2025,offense,Post up,Defense Commits,6,Dribble Move,Post-Ups Including Passes > Post-Up > Right Block > Left Shoulder > Dribble Move > Defense Commits,Post-Ups Including Passes,Post-Up,Right Block,Left Shoulder,Dribble Move,Defense Commits,2,40.0,0.0,,100.0,0.0,0,,,,,,0,,0.0,,,0,0,,0.0,,0.0,0,0,0,,0,0,,0
Chris Smith,Montreal Alliance,2024-2025,offense,Post up,To Drop Step,6,Dribble Move,Post-Ups Including Passes > Post-Up > Right Block > Left Shoulder > Dribble Move > To Drop Step,Post-Ups Including Passes,Post-Up,Right Block,Left Shoulder,Dribble Move,To Drop Step,2,40.0,1.5,79.8,0.0,50.0,0,,,,100.0,,1,100.0,50.0,,,1,0,,1.9,2.0,100.0,1,1,0,100.0,0,0,0.0,3
Chris Smith,Montreal Alliance,2024-2025,offense,Post up,To Basket,6,Dribble Move,Post-Ups Including Passes > Post-Up > Right Block > Left Shoulder > Dribble Move > To Basket,Post-Ups Including Passes,Post-Up,Right Block,Left Shoulder,Dribble Move,To Basket,1,20.0,1.0,56.8,0.0,100.0,0,,,,,,0,,100.0,,,0,0,,0.9,,100.0,0,0,0,,0,0,,1
Chris Smith,Montreal Alliance,2024-2025,offense,Post up,Right Shoulder,4,Right Block,Post-Ups Including Passes > Post-Up > Right Block > Right Shoulder,Post-Ups Including Passes,Post-Up,Right Block,Right Shoulder,,,4,36.4,0.0,0.0,50.0,0.0,0,,,,0.0,,2,0.0,0.0,,,0,2,,2.0,0.0,0.0,2,0,2,0.0,0,0,0.0,0
Chris Smith,Montreal Alliance,2024-2025,offense,Post up,Dribble Move,5,Right Shoulder,Post-Ups Including Passes > Post-Up > Right Block > Right Shoulder > Dribble Move,Post-Ups Including Passes,Post-Up,Right Block,Right Shoulder,Dribble Move,,4,100.0,0.0,0.0,50.0,0.0,0,,,,0.0,,2,0.0,0.0,,,0,2,,2.0,0.0,0.0,2,0,2,0.0,0,0,0.0,0
Chris Smith,Montreal Alliance,2024-2025,offense,Post up,To Jumper,6,Dribble Move,Post-Ups Including Passes > Post-Up > Right Block > Right Shoulder > Dribble Move > To Jumper,Post-Ups Including Passes,Post-Up,Right Block,Right Shoulder,Dribble Move,To Jumper,2,50.0,0.0,0.0,0.0,0.0,0,,,,0.0,,2,0.0,0.0,,,0,2,,2.0,0.0,0.0,2,0,2,0.0,0,0,0.0,0
Chris Smith,Montreal Alliance,2024-2025,offense,Post up,Turnover,6,Dribble Move,Post-Ups Including Passes > Post-Up > Right Block > Right Shoulder > Dribble Move > Turnover,Post-Ups Including Passes,Post-Up,Right Block,Right Shoulder,Dribble Move,Turnover,2,50.0,0.0,,100.0,0.0,0,,,,,,0,,0.0,,,0,0,,0.0,,0.0,0,0,0,,0,0,,0
Chris Smith,Montreal Alliance,2024-2025,offense,Post up,Face-up,4,Right Block,Post-Ups Including Passes > Post-Up > Right Block > Face-up,Post-Ups Including Passes,Post-Up,Right Block,Face-up,,,2,18.2,2.0,113.6,0.0,100.0,0,,,,,,0,,100.0,,,0,0,,1.8,,100.0,0,0,0,,0,0,,4
Chris Smith,Montreal Alliance,2024-2025,offense,Post up,Drive Middle,5,Face-up,Post-Ups Including Passes > Post-Up > Right Block > Face-up > Drive Middle,Post-Ups Including Passes,Post-Up,Right Block,Face-up,Drive Middle,,2,100.0,2.0,113.6,0.0,100.0,0,,,,,,0,,100.0,,,0,0,,1.8,,100.0,0,0,0,,0,0,,4
Chris Smith,Montreal Alliance,2024-2025,offense,Post up,Foul,6,Drive Middle,Post-Ups Including Passes > Post-Up > Right Block > Face-up > Drive Middle > Foul,Post-Ups Including Passes,Post-Up,Right Block,Face-up,Drive Middle,Foul,2,100.0,2.0,113.6,0.0,100.0,0,,,,,,0,,100.0,,,0,0,,1.8,,100.0,0,0,0,,0,0,,4
Chris Smith,Montreal Alliance,2024-2025,offense,Post up,Flash Middle,3,Post-Up,Post-Ups Including Passes > Post-Up > Flash Middle,Post-Ups Including Passes,Post-Up,Flash Middle,,,,3,9.1,2.0,90.4,0.0,66.7,0,,,,100.0,,2,100.0,66.7,,,2,0,,3.3,1.5,100.0,2,2,0,100.0,0,0,0.0,6
Chris Smith,Montreal Alliance,2024-2025,offense,Post up,Right Shoulder,4,Flash Middle,Post-Ups Including Passes > Post-Up > Flash Middle > Right Shoulder,Post-Ups Including Passes,Post-Up,Flash Middle,Right Shoulder,,,2,66.7,1.5,79.8,0.0,50.0,0,,,,100.0,,1,100.0,50.0,,,1,0,,1.9,2.0,100.0,1,1,0,100.0,0,0,0.0,3
Chris Smith,Montreal Alliance,2024-2025,offense,Post up,No Dribble Move,5,Right Shoulder,Post-Ups Including Passes > Post-Up > Flash Middle > Right Shoulder > No Dribble Move,Post-Ups Including Passes,Post-Up,Flash Middle,Right Shoulder,No Dribble Move,,1,50.0,1.0,56.8,0.0,100.0,0,,,,,,0,,100.0,,,0,0,,0.9,,100.0,0,0,0,,0,0,,1
Chris Smith,Montreal Alliance,2024-2025,offense,Post up,To Basket,6,No Dribble Move,Post-Ups Including Passes > Post-Up > Flash Middle > Right Shoulder > No Dribble Move > To Basket,Post-Ups Including Passes,Post-Up,Flash Middle,Right Shoulder,No Dribble Move,To Basket,1,100.0,1.0,56.8,0.0,100.0,0,,,,,,0,,100.0,,,0,0,,0.9,,100.0,0,0,0,,0,0,,1
Chris Smith,Montreal Alliance,2024-2025,offense,Post up,Dribble Move,5,Right Shoulder,Post-Ups Including Passes > Post-Up > Flash Middle > Right Shoulder > Dribble Move,Post-Ups Including Passes,Post-Up,Flash Middle,Right Shoulder,Dribble Move,,1,50.0,2.0,100.0,0.0,0.0,0,,,,100.0,,1,100.0,0.0,,,1,0,,1.0,0.0,100.0,1,1,0,100.0,0,0,0.0,2
Chris Smith,Montreal Alliance,2024-2025,offense,Post up,To Basket,6,Dribble Move,Post-Ups Including Passes > Post-Up > Flash Middle > Right Shoulder > Dribble Move > To Basket,Post-Ups Including Passes,Post-Up,Flash Middle,Right Shoulder,Dribble Move,To Basket,1,100.0,2.0,100.0,0.0,0.0,0,,,,100.0,,1,100.0,0.0,,,1,0,,1.0,0.0,100.0,1,1,0,100.0,0,0,0.0,2
Chris Smith,Montreal Alliance,2024-2025,offense,Post up,Left Shoulder,4,Flash Middle,Post-Ups Including Passes > Post-Up > Flash Middle > Left Shoulder,Post-Ups Including Passes,Post-Up,Flash Middle,Left Shoulder,,,1,33.3,3.0,104.2,0.0,100.0,0,,,,100.0,,1,100.0,100.0,,,1,0,,1.4,1.0,100.0,1,1,0,100.0,0,0,0.0,3
Chris Smith,Montreal Alliance,2024-2025,offense,Post up,Dribble Move,5,Left Shoulder,Post-Ups Including Passes > Post-Up > Flash Middle > Left Shoulder > Dribble Move,Post-Ups Including Passes,Post-Up,Flash Middle,Left Shoulder,Dribble Move,,1,100.0,3.0,104.2,0.0,100.0,0,,,,100.0,,1,100.0,100.0,,,1,0,,1.4,1.0,100.0,1,1,0,100.0,0,0,0.0,3
Chris Smith,Montreal Alliance,2024-2025,offense,Post up,To Drop Step,6,Dribble Move,Post-Ups Including Passes > Post-Up > Flash Middle > Left Shoulder > Dribble Move > To Drop Step,Post-Ups Including Passes,Post-Up,Flash Middle,Left Shoulder,Dribble Move,To Drop Step,1,100.0,3.0,104.2,0.0,100.0,0,,,,100.0,,1,100.0,100.0,,,1,0,,1.4,1.0,100.0,1,1,0,100.0,0,0,0.0,3
Chris Smith,Montreal Alliance,2024-2025,offense,Post up,Spot-Up,2,Post-Ups Including Passes,Post-Ups Including Passes > Spot-Up,Post-Ups Including Passes,Spot-Up,,,,,5,11.6,2.2,101.1,0.0,20.0,3,66.7,,,80.0,,5,100.0,20.0,,,4,1,,5.4,0.2,80.0,2,2,0,100.0,2,1,0.6,11
Chris Smith,Montreal Alliance,2024-2025,offense,Post up,Drives Right,3,Spot-Up,Post-Ups Including Passes > Spot-Up > Drives Right,Post-Ups Including Passes,Spot-Up,Drives Right,,,,2,40.0,2.5,102.5,0.0,50.0,0,,,,100.0,,2,100.0,50.0,,,2,0,,2.4,0.5,100.0,2,2,0,100.0,0,0,0.0,5
Chris Smith,Montreal Alliance,2024-2025,offense,Post up,To Basket,4,Drives Right,Post-Ups Including Passes > Spot-Up > Drives Right > To Basket,Post-Ups Including Passes,Spot-Up,Drives Right,To Basket,,,2,100.0,2.5,102.5,0.0,50.0,0,,,,100.0,,2,100.0,50.0,,,2,0,,2.4,0.5,100.0,2,2,0,100.0,0,0,0.0,5
Chris Smith,Montreal Alliance,2024-2025,offense,Post up,Make 2 Pts,5,To Basket,Post-Ups Including Passes > Spot-Up > Drives Right > To Basket > Make 2 Pts,Post-Ups Including Passes,Spot-Up,Drives Right,To Basket,Make 2 Pts,,1,50.0,2.0,100.0,0.0,0.0,0,,,,100.0,,1,100.0,0.0,,,1,0,,1.0,0.0,100.0,1,1,0,100.0,0,0,0.0,2
Chris Smith,Montreal Alliance,2024-2025,offense,Post up,Make 2 Pts Foul,5,To Basket,Post-Ups Including Passes > Spot-Up > Drives Right > To Basket > Make 2 Pts Foul,Post-Ups Including Passes,Spot-Up,Drives Right,To Basket,Make 2 Pts Foul,,1,50.0,3.0,104.2,0.0,100.0,0,,,,100.0,,1,100.0,100.0,,,1,0,,1.4,1.0,100.0,1,1,0,100.0,0,0,0.0,3
Chris Smith,Montreal Alliance,2024-2025,offense,Post up,1 Pts,6,Make 2 Pts Foul,Post-Ups Including Passes > Spot-Up > Drives Right > To Basket > Make 2 Pts Foul > 1 Pts,Post-Ups Including Passes,Spot-Up,Drives Right,To Basket,Make 2 Pts Foul,1 Pts,1,100.0,3.0,104.2,0.0,100.0,0,,,,100.0,,1,100.0,100.0,,,1,0,,1.4,1.0,100.0,1,1,0,100.0,0,0,0.0,3
Chris Smith,Montreal Alliance,2024-2025,offense,Post up,No Dribble Jumper,3,Spot-Up,Post-Ups Including Passes > Spot-Up > No Dribble Jumper,Post-Ups Including Passes,Spot-Up,No Dribble Jumper,,,,2,40.0,3.0,150.0,0.0,0.0,2,100.0,,,100.0,,2,150.0,0.0,,,2,0,,2.0,0.0,100.0,0,0,0,,2,0,1.0,6
Chris Smith,Montreal Alliance,2024-2025,offense,Post up,Guarded,4,No Dribble Jumper,Post-Ups Including Passes > Spot-Up > No Dribble Jumper > Guarded,Post-Ups Including Passes,Spot-Up,No Dribble Jumper,Guarded,,,1,50.0,3.0,150.0,0.0,0.0,1,100.0,,,100.0,,1,150.0,0.0,,,1,0,,1.0,0.0,100.0,0,0,0,,1,0,1.0,3
Chris Smith,Montreal Alliance,2024-2025,offense,Post up,Long/3pt,5,Guarded,Post-Ups Including Passes > Spot-Up > No Dribble Jumper > Guarded > Long/3pt,Post-Ups Including Passes,Spot-Up,No Dribble Jumper,Guarded,Long/3pt,,1,100.0,3.0,150.0,0.0,0.0,1,100.0,,,100.0,,1,150.0,0.0,,,1,0,,1.0,0.0,100.0,0,0,0,,1,0,1.0,3
Chris Smith,Montreal Alliance,2024-2025,offense,Post up,Make 3 Pts,6,Long/3pt,Post-Ups Including Passes > Spot-Up > No Dribble Jumper > Guarded > Long/3pt > Make 3 Pts,Post-Ups Including Passes,Spot-Up,No Dribble Jumper,Guarded,Long/3pt,Make 3 Pts,1,100.0,3.0,150.0,0.0,0.0,1,100.0,,,100.0,,1,150.0,0.0,,,1,0,,1.0,0.0,100.0,0,0,0,,1,0,1.0,3
Chris Smith,Montreal Alliance,2024-2025,offense,Post up,Open,4,No Dribble Jumper,Post-Ups Including Passes > Spot-Up > No Dribble Jumper > Open,Post-Ups Including Passes,Spot-Up,No Dribble Jumper,Open,,,1,50.0,3.0,150.0,0.0,0.0,1,100.0,,,100.0,,1,150.0,0.0,,,1,0,,1.0,0.0,100.0,0,0,0,,1,0,1.0,3
Chris Smith,Montreal Alliance,2024-2025,offense,Post up,Long/3pt,5,Open,Post-Ups Including Passes > Spot-Up > No Dribble Jumper > Open > Long/3pt,Post-Ups Including Passes,Spot-Up,No Dribble Jumper,Open,Long/3pt,,1,100.0,3.0,150.0,0.0,0.0,1,100.0,,,100.0,,1,150.0,0.0,,,1,0,,1.0,0.0,100.0,0,0,0,,1,0,1.0,3
Chris Smith,Montreal Alliance,2024-2025,offense,Post up,Make 3 Pts,6,Long/3pt,Post-Ups Including Passes > Spot-Up > No Dribble Jumper > Open > Long/3pt > Make 3 Pts,Post-Ups Including Passes,Spot-Up,No Dribble Jumper,Open,Long/3pt,Make 3 Pts,1,100.0,3.0,150.0,0.0,0.0,1,100.0,,,100.0,,1,150.0,0.0,,,1,0,,1.0,0.0,100.0,0,0,0,,1,0,1.0,3
Chris Smith,Montreal Alliance,2024-2025,offense,Post up,Drives Left,3,Spot-Up,Post-Ups Including Passes > Spot-Up > Drives Left,Post-Ups Including Passes,Spot-Up,Drives Left,,,,1,20.0,0.0,0.0,0.0,0.0,1,0.0,,,0.0,,1,0.0,0.0,,,0,1,,1.0,0.0,0.0,0,0,0,,0,1,1.0,0
Chris Smith,Montreal Alliance,2024-2025,offense,Post up,Dribble Jumper,4,Drives Left,Post-Ups Including Passes > Spot-Up > Drives Left > Dribble Jumper,Post-Ups Including Passes,Spot-Up,Drives Left,Dribble Jumper,,,1,100.0,0.0,0.0,0.0,0.0,1,0.0,,,0.0,,1,0.0,0.0,,,0,1,,1.0,0.0,0.0,0,0,0,,0,1,1.0,0
Chris Smith,Montreal Alliance,2024-2025,offense,Post up,Long/3pt,5,Dribble Jumper,Post-Ups Including Passes > Spot-Up > Drives Left > Dribble Jumper > Long/3pt,Post-Ups Including Passes,Spot-Up,Drives Left,Dribble Jumper,Long/3pt,,1,100.0,0.0,0.0,0.0,0.0,1,0.0,,,0.0,,1,0.0,0.0,,,0,1,,1.0,0.0,0.0,0,0,0,,0,1,1.0,0
Chris Smith,Montreal Alliance,2024-2025,offense,Post up,Miss 3 Pts,6,Long/3pt,Post-Ups Including Passes > Spot-Up > Drives Left > Dribble Jumper > Long/3pt > Miss 3 Pts,Post-Ups Including Passes,Spot-Up,Drives Left,Dribble Jumper,Long/3pt,Miss 3 Pts,1,100.0,0.0,0.0,0.0,0.0,1,0.0,,,0.0,,1,0.0,0.0,,,0,1,,1.0,0.0,0.0,0,0,0,,0,1,1.0,0
Chris Smith,Montreal Alliance,2024-2025,offense,Post up,Cut,2,Post-Ups Including Passes,Post-Ups Including Passes > Cut,Post-Ups Including Passes,Cut,,,,,5,11.6,1.6,75.2,0.0,40.0,0,,,,75.0,,4,75.0,40.0,,,3,1,,5.3,0.75,80.0,4,3,1,75.0,0,0,0.0,8
Chris Smith,Montreal Alliance,2024-2025,offense,Post up,Basket,3,Cut,Post-Ups Including Passes > Cut > Basket,Post-Ups Including Passes,Cut,Basket,,,,4,80.0,2.0,92.6,0.0,50.0,0,,,,100.0,,3,100.0,50.0,,,3,0,,4.3,1.0,100.0,3,3,0,100.0,0,0,0.0,8
Chris Smith,Montreal Alliance,2024-2025,offense,Post up,Make 2 Pts,4,Basket,Post-Ups Including Passes > Cut > Basket > Make 2 Pts,Post-Ups Including Passes,Cut,Basket,Make 2 Pts,,,2,50.0,2.0,100.0,0.0,0.0,0,,,,100.0,,2,100.0,0.0,,,2,0,,2.0,0.0,100.0,2,2,0,100.0,0,0,0.0,4
Chris Smith,Montreal Alliance,2024-2025,offense,Post up,Foul,4,Basket,Post-Ups Including Passes > Cut > Basket > Foul,Post-Ups Including Passes,Cut,Basket,Foul,,,1,25.0,1.0,56.8,0.0,100.0,0,,,,,,0,,100.0,,,0,0,,0.9,,100.0,0,0,0,,0,0,,1
Chris Smith,Montreal Alliance,2024-2025,offense,Post up,Make 2 Pts Foul,4,Basket,Post-Ups Including Passes > Cut > Basket > Make 2 Pts Foul,Post-Ups Including Passes,Cut,Basket,Make 2 Pts Foul,,,1,25.0,3.0,104.2,0.0,100.0,0,,,,100.0,,1,100.0,100.0,,,1,0,,1.4,1.0,100.0,1,1,0,100.0,0,0,0.0,3
Chris Smith,Montreal Alliance,2024-2025,offense,Post up,1 Pts,5,Make 2 Pts Foul,Post-Ups Including Passes > Cut > Basket > Make 2 Pts Foul > 1 Pts,Post-Ups Including Passes,Cut,Basket,Make 2 Pts Foul,1 Pts,,1,100.0,3.0,104.2,0.0,100.0,0,,,,100.0,,1,100.0,100.0,,,1,0,,1.4,1.0,100.0,1,1,0,100.0,0,0,0.0,3
Chris Smith,Montreal Alliance,2024-2025,offense,Post up,Screen,3,Cut,Post-Ups Including Passes > Cut > Screen,Post-Ups Including Passes,Cut,Screen,,,,1,20.0,0.0,0.0,0.0,0.0,0,,,,0.0,,1,0.0,0.0,,,0,1,,1.0,0.0,0.0,1,0,1,0.0,0,0,0.0,0
Chris Smith,Montreal Alliance,2024-2025,offense,Post up,Miss 2 Pts,4,Screen,Post-Ups Including Passes > Cut > Screen > Miss 2 Pts,Post-Ups Including Passes,Cut,Screen,Miss 2 Pts,,,1,100.0,0.0,0.0,0.0,0.0,0,,,,0.0,,1,0.0,0.0,,,0,1,,1.0,0.0,0.0,1,0,1,0.0,0,0,0.0,0
Chris Smith,Montreal Alliance,2024-2025,offense,Post up,Post-Up - Defense Commits,1,,Post-Up - Defense Commits,Post-Up - Defense Commits,,,,,,14,4.9,1.357,88.3,28.6,21.4,3,66.7,Excellent,100.0,77.8,15.0,9,88.9,21.4,,,7,2,,10.8,0.44,57.1,6,5,1,83.3,2,1,0.33,19
Chris Smith,Montreal Alliance,2024-2025,offense,Post up,Spot-Up,2,Post-Up - Defense Commits,Post-Up - Defense Commits > Spot-Up,Post-Up - Defense Commits,Spot-Up,,,,,5,35.7,2.2,101.1,0.0,20.0,3,66.7,,,80.0,,5,100.0,20.0,,,4,1,,5.4,0.2,80.0,2,2,0,100.0,2,1,0.6,11
Chris Smith,Montreal Alliance,2024-2025,offense,Post up,Drives Right,3,Spot-Up,Post-Up - Defense Commits > Spot-Up > Drives Right,Post-Up - Defense Commits,Spot-Up,Drives Right,,,,2,40.0,2.5,102.5,0.0,50.0,0,,,,100.0,,2,100.0,50.0,,,2,0,,2.4,0.5,100.0,2,2,0,100.0,0,0,0.0,5
Chris Smith,Montreal Alliance,2024-2025,offense,Post up,To Basket,4,Drives Right,Post-Up - Defense Commits > Spot-Up > Drives Right > To Basket,Post-Up - Defense Commits,Spot-Up,Drives Right,To Basket,,,2,100.0,2.5,102.5,0.0,50.0,0,,,,100.0,,2,100.0,50.0,,,2,0,,2.4,0.5,100.0,2,2,0,100.0,0,0,0.0,5
Chris Smith,Montreal Alliance,2024-2025,offense,Post up,Make 2 Pts Foul,5,To Basket,Post-Up - Defense Commits > Spot-Up > Drives Right > To Basket > Make 2 Pts Foul,Post-Up - Defense Commits,Spot-Up,Drives Right,To Basket,Make 2 Pts Foul,,1,50.0,3.0,104.2,0.0,100.0,0,,,,100.0,,1,100.0,100.0,,,1,0,,1.4,1.0,100.0,1,1,0,100.0,0,0,0.0,3
Chris Smith,Montreal Alliance,2024-2025,offense,Post up,1 Pts,6,Make 2 Pts Foul,Post-Up - Defense Commits > Spot-Up > Drives Right > To Basket > Make 2 Pts Foul > 1 Pts,Post-Up - Defense Commits,Spot-Up,Drives Right,To Basket,Make 2 Pts Foul,1 Pts,1,100.0,3.0,104.2,0.0,100.0,0,,,,100.0,,1,100.0,100.0,,,1,0,,1.4,1.0,100.0,1,1,0,100.0,0,0,0.0,3
Chris Smith,Montreal Alliance,2024-2025,offense,Post up,Make 2 Pts,5,To Basket,Post-Up - Defense Commits > Spot-Up > Drives Right > To Basket > Make 2 Pts,Post-Up - Defense Commits,Spot-Up,Drives Right,To Basket,Make 2 Pts,,1,50.0,2.0,100.0,0.0,0.0,0,,,,100.0,,1,100.0,0.0,,,1,0,,1.0,0.0,100.0,1,1,0,100.0,0,0,0.0,2
Chris Smith,Montreal Alliance,2024-2025,offense,Post up,No Dribble Jumper,3,Spot-Up,Post-Up - Defense Commits > Spot-Up > No Dribble Jumper,Post-Up - Defense Commits,Spot-Up,No Dribble Jumper,,,,2,40.0,3.0,150.0,0.0,0.0,2,100.0,,,100.0,,2,150.0,0.0,,,2,0,,2.0,0.0,100.0,0,0,0,,2,0,1.0,6
Chris Smith,Montreal Alliance,2024-2025,offense,Post up,Guarded,4,No Dribble Jumper,Post-Up - Defense Commits > Spot-Up > No Dribble Jumper > Guarded,Post-Up - Defense Commits,Spot-Up,No Dribble Jumper,Guarded,,,1,50.0,3.0,150.0,0.0,0.0,1,100.0,,,100.0,,1,150.0,0.0,,,1,0,,1.0,0.0,100.0,0,0,0,,1,0,1.0,3
Chris Smith,Montreal Alliance,2024-2025,offense,Post up,Long/3pt,5,Guarded,Post-Up - Defense Commits > Spot-Up > No Dribble Jumper > Guarded > Long/3pt,Post-Up - Defense Commits,Spot-Up,No Dribble Jumper,Guarded,Long/3pt,,1,100.0,3.0,150.0,0.0,0.0,1,100.0,,,100.0,,1,150.0,0.0,,,1,0,,1.0,0.0,100.0,0,0,0,,1,0,1.0,3
Chris Smith,Montreal Alliance,2024-2025,offense,Post up,Make 3 Pts,6,Long/3pt,Post-Up - Defense Commits > Spot-Up > No Dribble Jumper > Guarded > Long/3pt > Make 3 Pts,Post-Up - Defense Commits,Spot-Up,No Dribble Jumper,Guarded,Long/3pt,Make 3 Pts,1,100.0,3.0,150.0,0.0,0.0,1,100.0,,,100.0,,1,150.0,0.0,,,1,0,,1.0,0.0,100.0,0,0,0,,1,0,1.0,3
Chris Smith,Montreal Alliance,2024-2025,offense,Post up,Open,4,No Dribble Jumper,Post-Up - Defense Commits > Spot-Up > No Dribble Jumper > Open,Post-Up - Defense Commits,Spot-Up,No Dribble Jumper,Open,,,1,50.0,3.0,150.0,0.0,0.0,1,100.0,,,100.0,,1,150.0,0.0,,,1,0,,1.0,0.0,100.0,0,0,0,,1,0,1.0,3
Chris Smith,Montreal Alliance,2024-2025,offense,Post up,Long/3pt,5,Open,Post-Up - Defense Commits > Spot-Up > No Dribble Jumper > Open > Long/3pt,Post-Up - Defense Commits,Spot-Up,No Dribble Jumper,Open,Long/3pt,,1,100.0,3.0,150.0,0.0,0.0,1,100.0,,,100.0,,1,150.0,0.0,,,1,0,,1.0,0.0,100.0,0,0,0,,1,0,1.0,3
Chris Smith,Montreal Alliance,2024-2025,offense,Post up,Make 3 Pts,6,Long/3pt,Post-Up - Defense Commits > Spot-Up > No Dribble Jumper > Open > Long/3pt > Make 3 Pts,Post-Up - Defense Commits,Spot-Up,No Dribble Jumper,Open,Long/3pt,Make 3 Pts,1,100.0,3.0,150.0,0.0,0.0,1,100.0,,,100.0,,1,150.0,0.0,,,1,0,,1.0,0.0,100.0,0,0,0,,1,0,1.0,3
Chris Smith,Montreal Alliance,2024-2025,offense,Post up,Drives Left,3,Spot-Up,Post-Up - Defense Commits > Spot-Up > Drives Left,Post-Up - Defense Commits,Spot-Up,Drives Left,,,,1,20.0,0.0,0.0,0.0,0.0,1,0.0,,,0.0,,1,0.0,0.0,,,0,1,,1.0,0.0,0.0,0,0,0,,0,1,1.0,0
Chris Smith,Montreal Alliance,2024-2025,offense,Post up,Dribble Jumper,4,Drives Left,Post-Up - Defense Commits > Spot-Up > Drives Left > Dribble Jumper,Post-Up - Defense Commits,Spot-Up,Drives Left,Dribble Jumper,,,1,100.0,0.0,0.0,0.0,0.0,1,0.0,,,0.0,,1,0.0,0.0,,,0,1,,1.0,0.0,0.0,0,0,0,,0,1,1.0,0
Chris Smith,Montreal Alliance,2024-2025,offense,Post up,Long/3pt,5,Dribble Jumper,Post-Up - Defense Commits > Spot-Up > Drives Left > Dribble Jumper > Long/3pt,Post-Up - Defense Commits,Spot-Up,Drives Left,Dribble Jumper,Long/3pt,,1,100.0,0.0,0.0,0.0,0.0,1,0.0,,,0.0,,1,0.0,0.0,,,0,1,,1.0,0.0,0.0,0,0,0,,0,1,1.0,0
Chris Smith,Montreal Alliance,2024-2025,offense,Post up,Miss 3 Pts,6,Long/3pt,Post-Up - Defense Commits > Spot-Up > Drives Left > Dribble Jumper > Long/3pt > Miss 3 Pts,Post-Up - Defense Commits,Spot-Up,Drives Left,Dribble Jumper,Long/3pt,Miss 3 Pts,1,100.0,0.0,0.0,0.0,0.0,1,0.0,,,0.0,,1,0.0,0.0,,,0,1,,1.0,0.0,0.0,0,0,0,,0,1,1.0,0
Chris Smith,Montreal Alliance,2024-2025,offense,Post up,Cut,2,Post-Up - Defense Commits,Post-Up - Defense Commits > Cut,Post-Up - Defense Commits,Cut,,,,,5,35.7,1.6,75.2,0.0,40.0,0,,,,75.0,,4,75.0,40.0,,,3,1,,5.3,0.75,80.0,4,3,1,75.0,0,0,0.0,8
Chris Smith,Montreal Alliance,2024-2025,offense,Post up,Basket,3,Cut,Post-Up - Defense Commits > Cut > Basket,Post-Up - Defense Commits,Cut,Basket,,,,4,80.0,2.0,92.6,0.0,50.0,0,,,,100.0,,3,100.0,50.0,,,3,0,,4.3,1.0,100.0,3,3,0,100.0,0,0,0.0,8
Chris Smith,Montreal Alliance,2024-2025,offense,Post up,Make 2 Pts,4,Basket,Post-Up - Defense Commits > Cut > Basket > Make 2 Pts,Post-Up - Defense Commits,Cut,Basket,Make 2 Pts,,,2,50.0,2.0,100.0,0.0,0.0,0,,,,100.0,,2,100.0,0.0,,,2,0,,2.0,0.0,100.0,2,2,0,100.0,0,0,0.0,4
Chris Smith,Montreal Alliance,2024-2025,offense,Post up,Make 2 Pts Foul,4,Basket,Post-Up - Defense Commits > Cut > Basket > Make 2 Pts Foul,Post-Up - Defense Commits,Cut,Basket,Make 2 Pts Foul,,,1,25.0,3.0,104.2,0.0,100.0,0,,,,100.0,,1,100.0,100.0,,,1,0,,1.4,1.0,100.0,1,1,0,100.0,0,0,0.0,3
Chris Smith,Montreal Alliance,2024-2025,offense,Post up,1 Pts,5,Make 2 Pts Foul,Post-Up - Defense Commits > Cut > Basket > Make 2 Pts Foul > 1 Pts,Post-Up - Defense Commits,Cut,Basket,Make 2 Pts Foul,1 Pts,,1,100.0,3.0,104.2,0.0,100.0,0,,,,100.0,,1,100.0,100.0,,,1,0,,1.4,1.0,100.0,1,1,0,100.0,0,0,0.0,3
Chris Smith,Montreal Alliance,2024-2025,offense,Post up,Foul,4,Basket,Post-Up - Defense Commits > Cut > Basket > Foul,Post-Up - Defense Commits,Cut,Basket,Foul,,,1,25.0,1.0,56.8,0.0,100.0,0,,,,,,0,,100.0,,,0,0,,0.9,,100.0,0,0,0,,0,0,,1
Chris Smith,Montreal Alliance,2024-2025,offense,Post up,Screen,3,Cut,Post-Up - Defense Commits > Cut > Screen,Post-Up - Defense Commits,Cut,Screen,,,,1,20.0,0.0,0.0,0.0,0.0,0,,,,0.0,,1,0.0,0.0,,,0,1,,1.0,0.0,0.0,1,0,1,0.0,0,0,0.0,0
Chris Smith,Montreal Alliance,2024-2025,offense,Post up,Miss 2 Pts,4,Screen,Post-Up - Defense Commits > Cut > Screen > Miss 2 Pts,Post-Up - Defense Commits,Cut,Screen,Miss 2 Pts,,,1,100.0,0.0,0.0,0.0,0.0,0,,,,0.0,,1,0.0,0.0,,,0,1,,1.0,0.0,0.0,1,0,1,0.0,0,0,0.0,0
Chris Smith,Montreal Alliance,2024-2025,offense,Post up,Post-Up,2,Post-Up - Defense Commits,Post-Up - Defense Commits > Post-Up,Post-Up - Defense Commits,Post-Up,,,,,4,28.6,0.0,,100.0,0.0,0,,,,,,0,,0.0,,,0,0,,0.0,,0.0,0,0,0,,0,0,,0
Chris Smith,Montreal Alliance,2024-2025,offense,Post up,Right Block,3,Post-Up,Post-Up - Defense Commits > Post-Up > Right Block,Post-Up - Defense Commits,Post-Up,Right Block,,,,2,50.0,0.0,,100.0,0.0,0,,,,,,0,,0.0,,,0,0,,0.0,,0.0,0,0,0,,0,0,,0
Chris Smith,Montreal Alliance,2024-2025,offense,Post up,Left Shoulder,4,Right Block,Post-Up - Defense Commits > Post-Up > Right Block > Left Shoulder,Post-Up - Defense Commits,Post-Up,Right Block,Left Shoulder,,,2,100.0,0.0,,100.0,0.0,0,,,,,,0,,0.0,,,0,0,,0.0,,0.0,0,0,0,,0,0,,0
Chris Smith,Montreal Alliance,2024-2025,offense,Post up,Dribble Move,5,Left Shoulder,Post-Up - Defense Commits > Post-Up > Right Block > Left Shoulder > Dribble Move,Post-Up - Defense Commits,Post-Up,Right Block,Left Shoulder,Dribble Move,,2,100.0,0.0,,100.0,0.0,0,,,,,,0,,0.0,,,0,0,,0.0,,0.0,0,0,0,,0,0,,0
Chris Smith,Montreal Alliance,2024-2025,offense,Post up,Defense Commits,6,Dribble Move,Post-Up - Defense Commits > Post-Up > Right Block > Left Shoulder > Dribble Move > Defense Commits,Post-Up - Defense Commits,Post-Up,Right Block,Left Shoulder,Dribble Move,Defense Commits,2,100.0,0.0,,100.0,0.0,0,,,,,,0,,0.0,,,0,0,,0.0,,0.0,0,0,0,,0,0,,0
Chris Smith,Montreal Alliance,2024-2025,offense,Post up,Left Block,3,Post-Up,Post-Up - Defense Commits > Post-Up > Left Block,Post-Up - Defense Commits,Post-Up,Left Block,,,,2,50.0,0.0,,100.0,0.0,0,,,,,,0,,0.0,,,0,0,,0.0,,0.0,0,0,0,,0,0,,0
Chris Smith,Montreal Alliance,2024-2025,offense,Post up,Face-up,4,Left Block,Post-Up - Defense Commits > Post-Up > Left Block > Face-up,Post-Up - Defense Commits,Post-Up,Left Block,Face-up,,,1,50.0,0.0,,100.0,0.0,0,,,,,,0,,0.0,,,0,0,,0.0,,0.0,0,0,0,,0,0,,0
Chris Smith,Montreal Alliance,2024-2025,offense,Post up,Drive Baseline,5,Face-up,Post-Up - Defense Commits > Post-Up > Left Block > Face-up > Drive Baseline,Post-Up - Defense Commits,Post-Up,Left Block,Face-up,Drive Baseline,,1,100.0,0.0,,100.0,0.0,0,,,,,,0,,0.0,,,0,0,,0.0,,0.0,0,0,0,,0,0,,0
Chris Smith,Montreal Alliance,2024-2025,offense,Post up,Defense Commits,6,Drive Baseline,Post-Up - Defense Commits > Post-Up > Left Block > Face-up > Drive Baseline > Defense Commits,Post-Up - Defense Commits,Post-Up,Left Block,Face-up,Drive Baseline,Defense Commits,1,100.0,0.0,,100.0,0.0,0,,,,,,0,,0.0,,,0,0,,0.0,,0.0,0,0,0,,0,0,,0
Chris Smith,Montreal Alliance,2024-2025,offense,Post up,Right Shoulder,4,Left Block,Post-Up - Defense Commits > Post-Up > Left Block > Right Shoulder,Post-Up - Defense Commits,Post-Up,Left Block,Right Shoulder,,,1,50.0,0.0,,100.0,0.0,0,,,,,,0,,0.0,,,0,0,,0.0,,0.0,0,0,0,,0,0,,0
Chris Smith,Montreal Alliance,2024-2025,offense,Post up,Dribble Move,5,Right Shoulder,Post-Up - Defense Commits > Post-Up > Left Block > Right Shoulder > Dribble Move,Post-Up - Defense Commits,Post-Up,Left Block,Right Shoulder,Dribble Move,,1,100.0,0.0,,100.0,0.0,0,,,,,,0,,0.0,,,0,0,,0.0,,0.0,0,0,0,,0,0,,0
Chris Smith,Montreal Alliance,2024-2025,offense,Post up,Defense Commits,6,Dribble Move,Post-Up - Defense Commits > Post-Up > Left Block > Right Shoulder > Dribble Move > Defense Commits,Post-Up - Defense Commits,Post-Up,Left Block,Right Shoulder,Dribble Move,Defense Commits,1,100.0,0.0,,100.0,0.0,0,,,,,,0,,0.0,,,0,0,,0.0,,0.0,0,0,0,,0,0,,0
Chris Smith,Montreal Alliance,2024-2025,offense,Post up,Post-Up - Hard Double,1,,Post-Up - Hard Double,Post-Up - Hard Double,,,,,,4,1.4,2.0,90.1,0.0,25.0,1,100.0,,,75.0,,4,87.5,25.0,,,3,1,,4.4,0.25,75.0,3,2,1,66.7,1,0,0.25,8
Chris Smith,Montreal Alliance,2024-2025,offense,Post up,Spot-Up,2,Post-Up - Hard Double,Post-Up - Hard Double > Spot-Up,Post-Up - Hard Double,Spot-Up,,,,,2,50.0,2.5,125.0,0.0,0.0,1,100.0,,,100.0,,2,125.0,0.0,,,2,0,,2.0,0.0,100.0,1,1,0,100.0,1,0,0.5,5
Chris Smith,Montreal Alliance,2024-2025,offense,Post up,No Dribble Jumper,3,Spot-Up,Post-Up - Hard Double > Spot-Up > No Dribble Jumper,Post-Up - Hard Double,Spot-Up,No Dribble Jumper,,,,1,50.0,3.0,150.0,0.0,0.0,1,100.0,,,100.0,,1,150.0,0.0,,,1,0,,1.0,0.0,100.0,0,0,0,,1,0,1.0,3
Chris Smith,Montreal Alliance,2024-2025,offense,Post up,Open,4,No Dribble Jumper,Post-Up - Hard Double > Spot-Up > No Dribble Jumper > Open,Post-Up - Hard Double,Spot-Up,No Dribble Jumper,Open,,,1,100.0,3.0,150.0,0.0,0.0,1,100.0,,,100.0,,1,150.0,0.0,,,1,0,,1.0,0.0,100.0,0,0,0,,1,0,1.0,3
Chris Smith,Montreal Alliance,2024-2025,offense,Post up,Long/3pt,5,Open,Post-Up - Hard Double > Spot-Up > No Dribble Jumper > Open > Long/3pt,Post-Up - Hard Double,Spot-Up,No Dribble Jumper,Open,Long/3pt,,1,100.0,3.0,150.0,0.0,0.0,1,100.0,,,100.0,,1,150.0,0.0,,,1,0,,1.0,0.0,100.0,0,0,0,,1,0,1.0,3
Chris Smith,Montreal Alliance,2024-2025,offense,Post up,Make 3 Pts,6,Long/3pt,Post-Up - Hard Double > Spot-Up > No Dribble Jumper > Open > Long/3pt > Make 3 Pts,Post-Up - Hard Double,Spot-Up,No Dribble Jumper,Open,Long/3pt,Make 3 Pts,1,100.0,3.0,150.0,0.0,0.0,1,100.0,,,100.0,,1,150.0,0.0,,,1,0,,1.0,0.0,100.0,0,0,0,,1,0,1.0,3
Chris Smith,Montreal Alliance,2024-2025,offense,Post up,Drives Right,3,Spot-Up,Post-Up - Hard Double > Spot-Up > Drives Right,Post-Up - Hard Double,Spot-Up,Drives Right,,,,1,50.0,2.0,100.0,0.0,0.0,0,,,,100.0,,1,100.0,0.0,,,1,0,,1.0,0.0,100.0,1,1,0,100.0,0,0,0.0,2
Chris Smith,Montreal Alliance,2024-2025,offense,Post up,To Basket,4,Drives Right,Post-Up - Hard Double > Spot-Up > Drives Right > To Basket,Post-Up - Hard Double,Spot-Up,Drives Right,To Basket,,,1,100.0,2.0,100.0,0.0,0.0,0,,,,100.0,,1,100.0,0.0,,,1,0,,1.0,0.0,100.0,1,1,0,100.0,0,0,0.0,2
Chris Smith,Montreal Alliance,2024-2025,offense,Post up,Make 2 Pts,5,To Basket,Post-Up - Hard Double > Spot-Up > Drives Right > To Basket > Make 2 Pts,Post-Up - Hard Double,Spot-Up,Drives Right,To Basket,Make 2 Pts,,1,100.0,2.0,100.0,0.0,0.0,0,,,,100.0,,1,100.0,0.0,,,1,0,,1.0,0.0,100.0,1,1,0,100.0,0,0,0.0,2
Chris Smith,Montreal Alliance,2024-2025,offense,Post up,Post-Up,2,Post-Up - Hard Double,Post-Up - Hard Double > Post-Up,Post-Up - Hard Double,Post-Up,,,,,1,25.0,0.0,0.0,0.0,0.0,0,,,,0.0,,1,0.0,0.0,,,0,1,,1.0,0.0,0.0,1,0,1,0.0,0,0,0.0,0
Chris Smith,Montreal Alliance,2024-2025,offense,Post up,Left Block,3,Post-Up,Post-Up - Hard Double > Post-Up > Left Block,Post-Up - Hard Double,Post-Up,Left Block,,,,1,100.0,0.0,0.0,0.0,0.0,0,,,,0.0,,1,0.0,0.0,,,0,1,,1.0,0.0,0.0,1,0,1,0.0,0,0,0.0,0
Chris Smith,Montreal Alliance,2024-2025,offense,Post up,Right Shoulder,4,Left Block,Post-Up - Hard Double > Post-Up > Left Block > Right Shoulder,Post-Up - Hard Double,Post-Up,Left Block,Right Shoulder,,,1,100.0,0.0,0.0,0.0,0.0,0,,,,0.0,,1,0.0,0.0,,,0,1,,1.0,0.0,0.0,1,0,1,0.0,0,0,0.0,0
Chris Smith,Montreal Alliance,2024-2025,offense,Post up,Dribble Move,5,Right Shoulder,Post-Up - Hard Double > Post-Up > Left Block > Right Shoulder > Dribble Move,Post-Up - Hard Double,Post-Up,Left Block,Right Shoulder,Dribble Move,,1,100.0,0.0,0.0,0.0,0.0,0,,,,0.0,,1,0.0,0.0,,,0,1,,1.0,0.0,0.0,1,0,1,0.0,0,0,0.0,0
Chris Smith,Montreal Alliance,2024-2025,offense,Post up,To Jumper,6,Dribble Move,Post-Up - Hard Double > Post-Up > Left Block > Right Shoulder > Dribble Move > To Jumper,Post-Up - Hard Double,Post-Up,Left Block,Right Shoulder,Dribble Move,To Jumper,1,100.0,0.0,0.0,0.0,0.0,0,,,,0.0,,1,0.0,0.0,,,0,1,,1.0,0.0,0.0,1,0,1,0.0,0,0,0.0,0
Chris Smith,Montreal Alliance,2024-2025,offense,Post up,Cut,2,Post-Up - Hard Double,Post-Up - Hard Double > Cut,Post-Up - Hard Double,Cut,,,,,1,25.0,3.0,104.2,0.0,100.0,0,,,,100.0,,1,100.0,100.0,,,1,0,,1.4,1.0,100.0,1,1,0,100.0,0,0,0.0,3
Chris Smith,Montreal Alliance,2024-2025,offense,Post up,Basket,3,Cut,Post-Up - Hard Double > Cut > Basket,Post-Up - Hard Double,Cut,Basket,,,,1,100.0,3.0,104.2,0.0,100.0,0,,,,100.0,,1,100.0,100.0,,,1,0,,1.4,1.0,100.0,1,1,0,100.0,0,0,0.0,3
Chris Smith,Montreal Alliance,2024-2025,offense,Post up,Make 2 Pts Foul,4,Basket,Post-Up - Hard Double > Cut > Basket > Make 2 Pts Foul,Post-Up - Hard Double,Cut,Basket,Make 2 Pts Foul,,,1,100.0,3.0,104.2,0.0,100.0,0,,,,100.0,,1,100.0,100.0,,,1,0,,1.4,1.0,100.0,1,1,0,100.0,0,0,0.0,3
Chris Smith,Montreal Alliance,2024-2025,offense,Post up,1 Pts,5,Make 2 Pts Foul,Post-Up - Hard Double > Cut > Basket > Make 2 Pts Foul > 1 Pts,Post-Up - Hard Double,Cut,Basket,Make 2 Pts Foul,1 Pts,,1,100.0,3.0,104.2,0.0,100.0,0,,,,100.0,,1,100.0,100.0,,,1,0,,1.4,1.0,100.0,1,1,0,100.0,0,0,0.0,3
