PLAYER,TEAM,SEASON,SIDE,TABLE,STAT,DEPTH,PARENT,PATH,LEVEL_1,LEVEL_2,LEVEL_3,LEVEL_4,LEVEL_5,LEVEL_6,POSS,%TIME,PPP,TS%,TO%,%FT,3FG ATT,3 FG%,PPP RATING,PPP RANK,FG%,%TIME RANK,FG ATT,EFG%,%SF,SSQ,PPS,FG MADE,FG MISS,SSM,TSA,FTA/FGA,SCORE%,2 FG ATT,2 FG MADE,2 FG MISS,2 FG%,3 FG MADE,3 FG MISS,3PA/FGA,PTS
Tyrrel Tate,Ottawa Blackjacks,2024-2025,offense,Play types,Spot Up,1,,Spot Up,Spot Up,,,,,,79,33.2,1.165,60.4,6.3,10.1,51,39.2,Very Good,76.0,42.9,66.0,70,57.1,10.1,,,30,40,,76.2,0.2,43.0,19,10,9,52.6,20,31,0.73,92
Tyrrel Tate,Ottawa Blackjacks,2024-2025,offense,Play types,No Dribble Jumper,2,Spot Up,Spot Up > No Dribble Jumper,Spot Up,No Dribble Jumper,,,,,52,65.8,1.231,59.8,0.0,7.7,50,38.0,,,38.0,,50,57.0,7.7,,,19,31,,53.5,0.16,40.4,0,0,0,,19,31,1.0,64
Tyrrel Tate,Ottawa Blackjacks,2024-2025,offense,Play types,Guarded,3,No Dribble Jumper,Spot Up > No Dribble Jumper > Guarded,Spot Up,No Dribble Jumper,Guarded,,,,29,55.8,1.276,60.6,0.0,13.8,27,37.0,,,37.0,,27,55.6,13.8,,,10,17,,30.5,0.3,41.4,0,0,0,,10,17,1.0,37
Tyrrel Tate,Ottawa Blackjacks,2024-2025,offense,Play types,Long/3pt,4,Guarded,Spot Up > No Dribble Jumper > Guarded > Long/3pt,Spot Up,No Dribble Jumper,Guarded,Long/3pt,,,29,100.0,1.276,60.6,0.0,13.8,27,37.0,,,37.0,,27,55.6,13.8,,,10,17,,30.5,0.3,41.4,0,0,0,,10,17,1.0,37
Tyrrel Tate,Ottawa Blackjacks,2024-2025,offense,Play types,Miss 3 Pts,5,Long/3pt,Spot Up > No Dribble Jumper > Guarded > Long/3pt > Miss 3 Pts,Spot Up,No Dribble Jumper,Guarded,Long/3pt,Miss 3 Pts,,17,58.6,0.0,0.0,0.0,0.0,17,0.0,,,0.0,,17,0.0,0.0,,,0,17,,17.0,0.0,0.0,0,0,0,,0,17,1.0,0
Tyrrel Tate,Ottawa Blackjacks,2024-2025,offense,Play types,Make 3 Pts,5,Long/3pt,Spot Up > No Dribble Jumper > Guarded > Long/3pt > Make 3 Pts,Spot Up,No Dribble Jumper,Guarded,Long/3pt,Make 3 Pts,,8,27.6,3.0,150.0,0.0,0.0,8,100.0,,,100.0,,8,150.0,0.0,,,8,0,,8.0,0.0,100.0,0,0,0,,8,0,1.0,24
Tyrrel Tate,Ottawa Blackjacks,2024-2025,offense,Play types,Foul,5,Long/3pt,Spot Up > No Dribble Jumper > Guarded > Long/3pt > Foul,Spot Up,No Dribble Jumper,Guarded,Long/3pt,Foul,,2,6.9,2.5,94.7,0.0,100.0,0,,,,,,0,,100.0,,,0,0,,2.6,,100.0,0,0,0,,0,0,,5
Tyrrel Tate,Ottawa Blackjacks,2024-2025,offense,Play types,Make 3 Pts Foul,5,Long/3pt,Spot Up > No Dribble Jumper > Guarded > Long/3pt > Make 3 Pts Foul,Spot Up,No Dribble Jumper,Guarded,Long/3pt,Make 3 Pts Foul,,2,6.9,4.0,138.9,0.0,100.0,2,100.0,,,100.0,,2,150.0,100.0,,,2,0,,2.9,1.0,100.0,0,0,0,,2,0,1.0,8
Tyrrel Tate,Ottawa Blackjacks,2024-2025,offense,Play types,Open,3,No Dribble Jumper,Spot Up > No Dribble Jumper > Open,Spot Up,No Dribble Jumper,Open,,,,23,44.2,1.174,58.7,0.0,0.0,23,39.1,,,39.1,,23,58.7,0.0,,,9,14,,23.0,0.0,39.1,0,0,0,,9,14,1.0,27
Tyrrel Tate,Ottawa Blackjacks,2024-2025,offense,Play types,Long/3pt,4,Open,Spot Up > No Dribble Jumper > Open > Long/3pt,Spot Up,No Dribble Jumper,Open,Long/3pt,,,23,100.0,1.174,58.7,0.0,0.0,23,39.1,,,39.1,,23,58.7,0.0,,,9,14,,23.0,0.0,39.1,0,0,0,,9,14,1.0,27
Tyrrel Tate,Ottawa Blackjacks,2024-2025,offense,Play types,Miss 3 Pts,5,Long/3pt,Spot Up > No Dribble Jumper > Open > Long/3pt > Miss 3 Pts,Spot Up,No Dribble Jumper,Open,Long/3pt,Miss 3 Pts,,14,60.9,0.0,0.0,0.0,0.0,14,0.0,,,0.0,,14,0.0,0.0,,,0,14,,14.0,0.0,0.0,0,0,0,,0,14,1.0,0
Tyrrel Tate,Ottawa Blackjacks,2024-2025,offense,Play types,Make 3 Pts,5,Long/3pt,Spot Up > No Dribble Jumper > Open > Long/3pt > Make 3 Pts,Spot Up,No Dribble Jumper,Open,Long/3pt,Make 3 Pts,,9,39.1,3.0,150.0,0.0,0.0,9,100.0,,,100.0,,9,150.0,0.0,,,9,0,,9.0,0.0,100.0,0,0,0,,9,0,1.0,27
Tyrrel Tate,Ottawa Blackjacks,2024-2025,offense,Play types,Drives Right,2,Spot Up,Spot Up > Drives Right,Spot Up,Drives Right,,,,,20,25.3,0.95,51.0,10.0,20.0,0,,,,43.8,,16,43.8,20.0,,,7,9,,18.6,0.38,45.0,16,7,9,43.8,0,0,0.0,19
Tyrrel Tate,Ottawa Blackjacks,2024-2025,offense,Play types,To Basket,3,Drives Right,Spot Up > Drives Right > To Basket,Spot Up,Drives Right,To Basket,,,,9,45.0,1.444,67.4,0.0,44.4,0,,,,57.1,,7,57.1,44.4,,,4,3,,9.6,0.86,66.7,7,4,3,57.1,0,0,0.0,13
Tyrrel Tate,Ottawa Blackjacks,2024-2025,offense,Play types,Miss 2 Pts,4,To Basket,Spot Up > Drives Right > To Basket > Miss 2 Pts,Spot Up,Drives Right,To Basket,Miss 2 Pts,,,3,33.3,0.0,0.0,0.0,0.0,0,,,,0.0,,3,0.0,0.0,,,0,3,,3.0,0.0,0.0,3,0,3,0.0,0,0,0.0,0
Tyrrel Tate,Ottawa Blackjacks,2024-2025,offense,Play types,Foul,4,To Basket,Spot Up > Drives Right > To Basket > Foul,Spot Up,Drives Right,To Basket,Foul,,,2,22.2,1.5,85.2,0.0,100.0,0,,,,,,0,,100.0,,,0,0,,1.8,,100.0,0,0,0,,0,0,,3
Tyrrel Tate,Ottawa Blackjacks,2024-2025,offense,Play types,Make 2 Pts Foul,4,To Basket,Spot Up > Drives Right > To Basket > Make 2 Pts Foul,Spot Up,Drives Right,To Basket,Make 2 Pts Foul,,,2,22.2,3.0,104.2,0.0,100.0,0,,,,100.0,,2,100.0,100.0,,,2,0,,2.9,1.0,100.0,2,2,0,100.0,0,0,0.0,6
Tyrrel Tate,Ottawa Blackjacks,2024-2025,offense,Play types,1 Pts,5,Make 2 Pts Foul,Spot Up > Drives Right > To Basket > Make 2 Pts Foul > 1 Pts,Spot Up,Drives Right,To Basket,Make 2 Pts Foul,1 Pts,,2,100.0,3.0,104.2,0.0,100.0,0,,,,100.0,,2,100.0,100.0,,,2,0,,2.9,1.0,100.0,2,2,0,100.0,0,0,0.0,6
Tyrrel Tate,Ottawa Blackjacks,2024-2025,offense,Play types,Make 2 Pts,4,To Basket,Spot Up > Drives Right > To Basket > Make 2 Pts,Spot Up,Drives Right,To Basket,Make 2 Pts,,,2,22.2,2.0,100.0,0.0,0.0,0,,,,100.0,,2,100.0,0.0,,,2,0,,2.0,0.0,100.0,2,2,0,100.0,0,0,0.0,4
Tyrrel Tate,Ottawa Blackjacks,2024-2025,offense,Play types,Dribble Jumper,3,Drives Right,Spot Up > Drives Right > Dribble Jumper,Spot Up,Drives Right,Dribble Jumper,,,,9,45.0,0.667,33.3,0.0,0.0,0,,,,33.3,,9,33.3,0.0,,,3,6,,9.0,0.0,33.3,9,3,6,33.3,0,0,0.0,6
Tyrrel Tate,Ottawa Blackjacks,2024-2025,offense,Play types,Medium/17' to 3pt,4,Dribble Jumper,Spot Up > Drives Right > Dribble Jumper > Medium/17' to 3pt,Spot Up,Drives Right,Dribble Jumper,Medium/17' to 3pt,,,5,55.6,0.4,20.0,0.0,0.0,0,,,,20.0,,5,20.0,0.0,,,1,4,,5.0,0.0,20.0,5,1,4,20.0,0,0,0.0,2
Tyrrel Tate,Ottawa Blackjacks,2024-2025,offense,Play types,Miss 2 Pts,5,Medium/17' to 3pt,Spot Up > Drives Right > Dribble Jumper > Medium/17' to 3pt > Miss 2 Pts,Spot Up,Drives Right,Dribble Jumper,Medium/17' to 3pt,Miss 2 Pts,,4,80.0,0.0,0.0,0.0,0.0,0,,,,0.0,,4,0.0,0.0,,,0,4,,4.0,0.0,0.0,4,0,4,0.0,0,0,0.0,0
Tyrrel Tate,Ottawa Blackjacks,2024-2025,offense,Play types,Make 2 Pts,5,Medium/17' to 3pt,Spot Up > Drives Right > Dribble Jumper > Medium/17' to 3pt > Make 2 Pts,Spot Up,Drives Right,Dribble Jumper,Medium/17' to 3pt,Make 2 Pts,,1,20.0,2.0,100.0,0.0,0.0,0,,,,100.0,,1,100.0,0.0,,,1,0,,1.0,0.0,100.0,1,1,0,100.0,0,0,0.0,2
Tyrrel Tate,Ottawa Blackjacks,2024-2025,offense,Play types,Short to < 17,4,Dribble Jumper,Spot Up > Drives Right > Dribble Jumper > Short to < 17,Spot Up,Drives Right,Dribble Jumper,Short to < 17,,,4,44.4,1.0,50.0,0.0,0.0,0,,,,50.0,,4,50.0,0.0,,,2,2,,4.0,0.0,50.0,4,2,2,50.0,0,0,0.0,4
Tyrrel Tate,Ottawa Blackjacks,2024-2025,offense,Play types,Make 2 Pts,5,Short to < 17,Spot Up > Drives Right > Dribble Jumper > Short to < 17 > Make 2 Pts,Spot Up,Drives Right,Dribble Jumper,Short to < 17,Make 2 Pts,,2,50.0,2.0,100.0,0.0,0.0,0,,,,100.0,,2,100.0,0.0,,,2,0,,2.0,0.0,100.0,2,2,0,100.0,0,0,0.0,4
Tyrrel Tate,Ottawa Blackjacks,2024-2025,offense,Play types,Miss 2 Pts,5,Short to < 17,Spot Up > Drives Right > Dribble Jumper > Short to < 17 > Miss 2 Pts,Spot Up,Drives Right,Dribble Jumper,Short to < 17,Miss 2 Pts,,2,50.0,0.0,0.0,0.0,0.0,0,,,,0.0,,2,0.0,0.0,,,0,2,,2.0,0.0,0.0,2,0,2,0.0,0,0,0.0,0
Tyrrel Tate,Ottawa Blackjacks,2024-2025,offense,Play types,Turnover,3,Drives Right,Spot Up > Drives Right > Turnover,Spot Up,Drives Right,Turnover,,,,2,10.0,0.0,,100.0,0.0,0,,,,,,0,,0.0,,,0,0,,0.0,,0.0,0,0,0,,0,0,,0
Tyrrel Tate,Ottawa Blackjacks,2024-2025,offense,Play types,Drives Left,2,Spot Up,Spot Up > Drives Left,Spot Up,Drives Left,,,,,5,6.3,1.2,100.0,40.0,0.0,0,,,,100.0,,3,100.0,0.0,,,3,0,,3.0,0.0,60.0,3,3,0,100.0,0,0,0.0,6
Tyrrel Tate,Ottawa Blackjacks,2024-2025,offense,Play types,To Basket,3,Drives Left,Spot Up > Drives Left > To Basket,Spot Up,Drives Left,To Basket,,,,3,60.0,2.0,100.0,0.0,0.0,0,,,,100.0,,3,100.0,0.0,,,3,0,,3.0,0.0,100.0,3,3,0,100.0,0,0,0.0,6
Tyrrel Tate,Ottawa Blackjacks,2024-2025,offense,Play types,Make 2 Pts,4,To Basket,Spot Up > Drives Left > To Basket > Make 2 Pts,Spot Up,Drives Left,To Basket,Make 2 Pts,,,3,100.0,2.0,100.0,0.0,0.0,0,,,,100.0,,3,100.0,0.0,,,3,0,,3.0,0.0,100.0,3,3,0,100.0,0,0,0.0,6
Tyrrel Tate,Ottawa Blackjacks,2024-2025,offense,Play types,Turnover,3,Drives Left,Spot Up > Drives Left > Turnover,Spot Up,Drives Left,Turnover,,,,2,40.0,0.0,,100.0,0.0,0,,,,,,0,,0.0,,,0,0,,0.0,,0.0,0,0,0,,0,0,,0
Tyrrel Tate,Ottawa Blackjacks,2024-2025,offense,Play types,Drives Straight,2,Spot Up,Spot Up > Drives Straight,Spot Up,Drives Straight,,,,,2,2.5,1.5,150.0,50.0,0.0,1,100.0,,,100.0,,1,150.0,0.0,,,1,0,,1.0,0.0,50.0,0,0,0,,1,0,1.0,3
Tyrrel Tate,Ottawa Blackjacks,2024-2025,offense,Play types,Dribble Jumper,3,Drives Straight,Spot Up > Drives Straight > Dribble Jumper,Spot Up,Drives Straight,Dribble Jumper,,,,1,50.0,3.0,150.0,0.0,0.0,1,100.0,,,100.0,,1,150.0,0.0,,,1,0,,1.0,0.0,100.0,0,0,0,,1,0,1.0,3
Tyrrel Tate,Ottawa Blackjacks,2024-2025,offense,Play types,Long/3pt,4,Dribble Jumper,Spot Up > Drives Straight > Dribble Jumper > Long/3pt,Spot Up,Drives Straight,Dribble Jumper,Long/3pt,,,1,100.0,3.0,150.0,0.0,0.0,1,100.0,,,100.0,,1,150.0,0.0,,,1,0,,1.0,0.0,100.0,0,0,0,,1,0,1.0,3
Tyrrel Tate,Ottawa Blackjacks,2024-2025,offense,Play types,Make 3 Pts,5,Long/3pt,Spot Up > Drives Straight > Dribble Jumper > Long/3pt > Make 3 Pts,Spot Up,Drives Straight,Dribble Jumper,Long/3pt,Make 3 Pts,,1,100.0,3.0,150.0,0.0,0.0,1,100.0,,,100.0,,1,150.0,0.0,,,1,0,,1.0,0.0,100.0,0,0,0,,1,0,1.0,3
Tyrrel Tate,Ottawa Blackjacks,2024-2025,offense,Play types,To Basket,3,Drives Straight,Spot Up > Drives Straight > To Basket,Spot Up,Drives Straight,To Basket,,,,1,50.0,0.0,,100.0,0.0,0,,,,,,0,,0.0,,,0,0,,0.0,,0.0,0,0,0,,0,0,,0
Tyrrel Tate,Ottawa Blackjacks,2024-2025,offense,Play types,Turnover,4,To Basket,Spot Up > Drives Straight > To Basket > Turnover,Spot Up,Drives Straight,To Basket,Turnover,,,1,100.0,0.0,,100.0,0.0,0,,,,,,0,,0.0,,,0,0,,0.0,,0.0,0,0,0,,0,0,,0
Tyrrel Tate,Ottawa Blackjacks,2024-2025,offense,Play types,Transition,1,,Transition,Transition,,,,,,60,25.2,1.15,61.9,8.3,21.7,25,40.0,Very Good,72.0,39.5,79.0,43,51.2,18.3,,,17,26,,55.8,0.67,48.3,18,7,11,38.9,10,15,0.58,69
Tyrrel Tate,Ottawa Blackjacks,2024-2025,offense,Play types,Right Wing,2,Transition,Transition > Right Wing,Transition,Right Wing,,,,,20,33.3,1.65,82.3,5.0,30.0,8,50.0,,,61.5,,13,76.9,30.0,,,8,5,,20.0,1.23,70.0,5,4,1,80.0,4,4,0.62,33
Tyrrel Tate,Ottawa Blackjacks,2024-2025,offense,Play types,No Dribble Jumper,3,Right Wing,Transition > Right Wing > No Dribble Jumper,Transition,Right Wing,No Dribble Jumper,,,,12,60.0,1.833,82.8,0.0,33.3,8,50.0,,,50.0,,8,75.0,33.3,,,4,4,,13.3,1.5,66.7,0,0,0,,4,4,1.0,22
Tyrrel Tate,Ottawa Blackjacks,2024-2025,offense,Play types,Guarded,4,No Dribble Jumper,Transition > Right Wing > No Dribble Jumper > Guarded,Transition,Right Wing,No Dribble Jumper,Guarded,,,7,58.3,2.714,114.7,0.0,57.1,3,100.0,,,100.0,,3,150.0,57.1,,,3,0,,8.3,4.0,100.0,0,0,0,,3,0,1.0,19
Tyrrel Tate,Ottawa Blackjacks,2024-2025,offense,Play types,Long/3pt,5,Guarded,Transition > Right Wing > No Dribble Jumper > Guarded > Long/3pt,Transition,Right Wing,No Dribble Jumper,Guarded,Long/3pt,,7,100.0,2.714,114.7,0.0,57.1,3,100.0,,,100.0,,3,150.0,57.1,,,3,0,,8.3,4.0,100.0,0,0,0,,3,0,1.0,19
Tyrrel Tate,Ottawa Blackjacks,2024-2025,offense,Play types,Open,4,No Dribble Jumper,Transition > Right Wing > No Dribble Jumper > Open,Transition,Right Wing,No Dribble Jumper,Open,,,5,41.7,0.6,30.0,0.0,0.0,5,20.0,,,20.0,,5,30.0,0.0,,,1,4,,5.0,0.0,20.0,0,0,0,,1,4,1.0,3
Tyrrel Tate,Ottawa Blackjacks,2024-2025,offense,Play types,Long/3pt,5,Open,Transition > Right Wing > No Dribble Jumper > Open > Long/3pt,Transition,Right Wing,No Dribble Jumper,Open,Long/3pt,,5,100.0,0.6,30.0,0.0,0.0,5,20.0,,,20.0,,5,30.0,0.0,,,1,4,,5.0,0.0,20.0,0,0,0,,1,4,1.0,3
Tyrrel Tate,Ottawa Blackjacks,2024-2025,offense,Play types,To Basket,3,Right Wing,Transition > Right Wing > To Basket,Transition,Right Wing,To Basket,,,,7,35.0,1.571,81.4,0.0,28.6,0,,,,80.0,,5,80.0,28.6,,,4,1,,6.8,0.8,85.7,5,4,1,80.0,0,0,0.0,11
Tyrrel Tate,Ottawa Blackjacks,2024-2025,offense,Play types,Make 2 Pts,4,To Basket,Transition > Right Wing > To Basket > Make 2 Pts,Transition,Right Wing,To Basket,Make 2 Pts,,,4,57.1,2.0,100.0,0.0,0.0,0,,,,100.0,,4,100.0,0.0,,,4,0,,4.0,0.0,100.0,4,4,0,100.0,0,0,0.0,8
Tyrrel Tate,Ottawa Blackjacks,2024-2025,offense,Play types,Foul,4,To Basket,Transition > Right Wing > To Basket > Foul,Transition,Right Wing,To Basket,Foul,,,2,28.6,1.5,85.2,0.0,100.0,0,,,,,,0,,100.0,,,0,0,,1.8,,100.0,0,0,0,,0,0,,3
Tyrrel Tate,Ottawa Blackjacks,2024-2025,offense,Play types,Miss 2 Pts,4,To Basket,Transition > Right Wing > To Basket > Miss 2 Pts,Transition,Right Wing,To Basket,Miss 2 Pts,,,1,14.3,0.0,0.0,0.0,0.0,0,,,,0.0,,1,0.0,0.0,,,0,1,,1.0,0.0,0.0,1,0,1,0.0,0,0,0.0,0
Tyrrel Tate,Ottawa Blackjacks,2024-2025,offense,Play types,Turnover,3,Right Wing,Transition > Right Wing > Turnover,Transition,Right Wing,Turnover,,,,1,5.0,0.0,,100.0,0.0,0,,,,,,0,,0.0,,,0,0,,0.0,,0.0,0,0,0,,0,0,,0
Tyrrel Tate,Ottawa Blackjacks,2024-2025,offense,Play types,Left Wing,2,Transition,Transition > Left Wing,Transition,Left Wing,,,,,20,33.3,1.0,54.6,10.0,10.0,12,41.7,,,35.3,,17,50.0,10.0,,,6,11,,18.3,0.18,35.0,5,1,4,20.0,5,7,0.71,20
Tyrrel Tate,Ottawa Blackjacks,2024-2025,offense,Play types,No Dribble Jumper,3,Left Wing,Transition > Left Wing > No Dribble Jumper,Transition,Left Wing,No Dribble Jumper,,,,11,55.0,1.091,54.5,0.0,0.0,11,36.4,,,36.4,,11,54.5,0.0,,,4,7,,11.0,0.0,36.4,0,0,0,,4,7,1.0,12
Tyrrel Tate,Ottawa Blackjacks,2024-2025,offense,Play types,Open,4,No Dribble Jumper,Transition > Left Wing > No Dribble Jumper > Open,Transition,Left Wing,No Dribble Jumper,Open,,,6,54.5,1.5,75.0,0.0,0.0,6,50.0,,,50.0,,6,75.0,0.0,,,3,3,,6.0,0.0,50.0,0,0,0,,3,3,1.0,9
Tyrrel Tate,Ottawa Blackjacks,2024-2025,offense,Play types,Long/3pt,5,Open,Transition > Left Wing > No Dribble Jumper > Open > Long/3pt,Transition,Left Wing,No Dribble Jumper,Open,Long/3pt,,6,100.0,1.5,75.0,0.0,0.0,6,50.0,,,50.0,,6,75.0,0.0,,,3,3,,6.0,0.0,50.0,0,0,0,,3,3,1.0,9
Tyrrel Tate,Ottawa Blackjacks,2024-2025,offense,Play types,Guarded,4,No Dribble Jumper,Transition > Left Wing > No Dribble Jumper > Guarded,Transition,Left Wing,No Dribble Jumper,Guarded,,,5,45.5,0.6,30.0,0.0,0.0,5,20.0,,,20.0,,5,30.0,0.0,,,1,4,,5.0,0.0,20.0,0,0,0,,1,4,1.0,3
Tyrrel Tate,Ottawa Blackjacks,2024-2025,offense,Play types,Long/3pt,5,Guarded,Transition > Left Wing > No Dribble Jumper > Guarded > Long/3pt,Transition,Left Wing,No Dribble Jumper,Guarded,Long/3pt,,5,100.0,0.6,30.0,0.0,0.0,5,20.0,,,20.0,,5,30.0,0.0,,,1,4,,5.0,0.0,20.0,0,0,0,,1,4,1.0,3
Tyrrel Tate,Ottawa Blackjacks,2024-2025,offense,Play types,To Basket,3,Left Wing,Transition > Left Wing > To Basket,Transition,Left Wing,To Basket,,,,6,30.0,0.667,41.0,16.7,16.7,0,,,,25.0,,4,25.0,16.7,,,1,3,,4.9,0.5,33.3,4,1,3,25.0,0,0,0.0,4
Tyrrel Tate,Ottawa Blackjacks,2024-2025,offense,Play types,Miss 2 Pts,4,To Basket,Transition > Left Wing > To Basket > Miss 2 Pts,Transition,Left Wing,To Basket,Miss 2 Pts,,,3,50.0,0.0,0.0,0.0,0.0,0,,,,0.0,,3,0.0,0.0,,,0,3,,3.0,0.0,0.0,3,0,3,0.0,0,0,0.0,0
Tyrrel Tate,Ottawa Blackjacks,2024-2025,offense,Play types,Foul,4,To Basket,Transition > Left Wing > To Basket > Foul,Transition,Left Wing,To Basket,Foul,,,1,16.7,2.0,113.6,0.0,100.0,0,,,,,,0,,100.0,,,0,0,,0.9,,100.0,0,0,0,,0,0,,2
Tyrrel Tate,Ottawa Blackjacks,2024-2025,offense,Play types,Turnover,4,To Basket,Transition > Left Wing > To Basket > Turnover,Transition,Left Wing,To Basket,Turnover,,,1,16.7,0.0,,100.0,0.0,0,,,,,,0,,0.0,,,0,0,,0.0,,0.0,0,0,0,,0,0,,0
Tyrrel Tate,Ottawa Blackjacks,2024-2025,offense,Play types,Make 2 Pts,4,To Basket,Transition > Left Wing > To Basket > Make 2 Pts,Transition,Left Wing,To Basket,Make 2 Pts,,,1,16.7,2.0,100.0,0.0,0.0,0,,,,100.0,,1,100.0,0.0,,,1,0,,1.0,0.0,100.0,1,1,0,100.0,0,0,0.0,2
Tyrrel Tate,Ottawa Blackjacks,2024-2025,offense,Play types,Dribble Jumper,3,Left Wing,Transition > Left Wing > Dribble Jumper,Transition,Left Wing,Dribble Jumper,,,,2,10.0,2.0,82.0,0.0,50.0,1,100.0,,,50.0,,2,75.0,50.0,,,1,1,,2.4,0.5,50.0,1,0,1,0.0,1,0,0.5,4
Tyrrel Tate,Ottawa Blackjacks,2024-2025,offense,Play types,Long/3pt,4,Dribble Jumper,Transition > Left Wing > Dribble Jumper > Long/3pt,Transition,Left Wing,Dribble Jumper,Long/3pt,,,1,50.0,4.0,138.9,0.0,100.0,1,100.0,,,100.0,,1,150.0,100.0,,,1,0,,1.4,1.0,100.0,0,0,0,,1,0,1.0,4
Tyrrel Tate,Ottawa Blackjacks,2024-2025,offense,Play types,Make 3 Pts Foul,5,Long/3pt,Transition > Left Wing > Dribble Jumper > Long/3pt > Make 3 Pts Foul,Transition,Left Wing,Dribble Jumper,Long/3pt,Make 3 Pts Foul,,1,100.0,4.0,138.9,0.0,100.0,1,100.0,,,100.0,,1,150.0,100.0,,,1,0,,1.4,1.0,100.0,0,0,0,,1,0,1.0,4
Tyrrel Tate,Ottawa Blackjacks,2024-2025,offense,Play types,Medium/17' to 3pt,4,Dribble Jumper,Transition > Left Wing > Dribble Jumper > Medium/17' to 3pt,Transition,Left Wing,Dribble Jumper,Medium/17' to 3pt,,,1,50.0,0.0,0.0,0.0,0.0,0,,,,0.0,,1,0.0,0.0,,,0,1,,1.0,0.0,0.0,1,0,1,0.0,0,0,0.0,0
Tyrrel Tate,Ottawa Blackjacks,2024-2025,offense,Play types,Miss 2 Pts,5,Medium/17' to 3pt,Transition > Left Wing > Dribble Jumper > Medium/17' to 3pt > Miss 2 Pts,Transition,Left Wing,Dribble Jumper,Medium/17' to 3pt,Miss 2 Pts,,1,100.0,0.0,0.0,0.0,0.0,0,,,,0.0,,1,0.0,0.0,,,0,1,,1.0,0.0,0.0,1,0,1,0.0,0,0,0.0,0
Tyrrel Tate,Ottawa Blackjacks,2024-2025,offense,Play types,Turnover,3,Left Wing,Transition > Left Wing > Turnover,Transition,Left Wing,Turnover,,,,1,5.0,0.0,,100.0,0.0,0,,,,,,0,,0.0,,,0,0,,0.0,,0.0,0,0,0,,0,0,,0
Tyrrel Tate,Ottawa Blackjacks,2024-2025,offense,Play types,Ballhandler,2,Transition,Transition > Ballhandler,Transition,Ballhandler,,,,,16,26.7,0.875,51.8,12.5,25.0,2,50.0,,,30.0,,10,35.0,12.5,,,3,7,,13.5,0.8,43.8,8,2,6,25.0,1,1,0.2,14
Tyrrel Tate,Ottawa Blackjacks,2024-2025,offense,Play types,To Basket,3,Ballhandler,Transition > Ballhandler > To Basket,Transition,Ballhandler,To Basket,,,,9,56.3,0.778,40.0,0.0,22.2,0,,,,28.6,,7,28.6,22.2,,,2,5,,8.8,0.57,44.4,7,2,5,28.6,0,0,0.0,7
Tyrrel Tate,Ottawa Blackjacks,2024-2025,offense,Play types,Miss 2 Pts,4,To Basket,Transition > Ballhandler > To Basket > Miss 2 Pts,Transition,Ballhandler,To Basket,Miss 2 Pts,,,5,55.6,0.0,0.0,0.0,0.0,0,,,,0.0,,5,0.0,0.0,,,0,5,,5.0,0.0,0.0,5,0,5,0.0,0,0,0.0,0
Tyrrel Tate,Ottawa Blackjacks,2024-2025,offense,Play types,Make 2 Pts,4,To Basket,Transition > Ballhandler > To Basket > Make 2 Pts,Transition,Ballhandler,To Basket,Make 2 Pts,,,2,22.2,2.0,100.0,0.0,0.0,0,,,,100.0,,2,100.0,0.0,,,2,0,,2.0,0.0,100.0,2,2,0,100.0,0,0,0.0,4
Tyrrel Tate,Ottawa Blackjacks,2024-2025,offense,Play types,Foul,4,To Basket,Transition > Ballhandler > To Basket > Foul,Transition,Ballhandler,To Basket,Foul,,,2,22.2,1.5,85.2,0.0,100.0,0,,,,,,0,,100.0,,,0,0,,1.8,,100.0,0,0,0,,0,0,,3
Tyrrel Tate,Ottawa Blackjacks,2024-2025,offense,Play types,Dribble Jumper,3,Ballhandler,Transition > Ballhandler > Dribble Jumper,Transition,Ballhandler,Dribble Jumper,,,,3,18.8,1.0,50.0,0.0,0.0,2,50.0,,,33.3,,3,50.0,0.0,,,1,2,,3.0,0.0,33.3,1,0,1,0.0,1,1,0.67,3
Tyrrel Tate,Ottawa Blackjacks,2024-2025,offense,Play types,Long/3pt,4,Dribble Jumper,Transition > Ballhandler > Dribble Jumper > Long/3pt,Transition,Ballhandler,Dribble Jumper,Long/3pt,,,2,66.7,1.5,75.0,0.0,0.0,2,50.0,,,50.0,,2,75.0,0.0,,,1,1,,2.0,0.0,50.0,0,0,0,,1,1,1.0,3
Tyrrel Tate,Ottawa Blackjacks,2024-2025,offense,Play types,Miss 3 Pts,5,Long/3pt,Transition > Ballhandler > Dribble Jumper > Long/3pt > Miss 3 Pts,Transition,Ballhandler,Dribble Jumper,Long/3pt,Miss 3 Pts,,1,50.0,0.0,0.0,0.0,0.0,1,0.0,,,0.0,,1,0.0,0.0,,,0,1,,1.0,0.0,0.0,0,0,0,,0,1,1.0,0
Tyrrel Tate,Ottawa Blackjacks,2024-2025,offense,Play types,Make 3 Pts,5,Long/3pt,Transition > Ballhandler > Dribble Jumper > Long/3pt > Make 3 Pts,Transition,Ballhandler,Dribble Jumper,Long/3pt,Make 3 Pts,,1,50.0,3.0,150.0,0.0,0.0,1,100.0,,,100.0,,1,150.0,0.0,,,1,0,,1.0,0.0,100.0,0,0,0,,1,0,1.0,3
Tyrrel Tate,Ottawa Blackjacks,2024-2025,offense,Play types,Medium/17' to 3pt,4,Dribble Jumper,Transition > Ballhandler > Dribble Jumper > Medium/17' to 3pt,Transition,Ballhandler,Dribble Jumper,Medium/17' to 3pt,,,1,33.3,0.0,0.0,0.0,0.0,0,,,,0.0,,1,0.0,0.0,,,0,1,,1.0,0.0,0.0,1,0,1,0.0,0,0,0.0,0
Tyrrel Tate,Ottawa Blackjacks,2024-2025,offense,Play types,Miss 2 Pts,5,Medium/17' to 3pt,Transition > Ballhandler > Dribble Jumper > Medium/17' to 3pt > Miss 2 Pts,Transition,Ballhandler,Dribble Jumper,Medium/17' to 3pt,Miss 2 Pts,,1,100.0,0.0,0.0,0.0,0.0,0,,,,0.0,,1,0.0,0.0,,,0,1,,1.0,0.0,0.0,1,0,1,0.0,0,0,0.0,0
Tyrrel Tate,Ottawa Blackjacks,2024-2025,offense,Play types,Turnover,3,Ballhandler,Transition > Ballhandler > Turnover,Transition,Ballhandler,Turnover,,,,2,12.5,0.0,,100.0,0.0,0,,,,,,0,,0.0,,,0,0,,0.0,,0.0,0,0,0,,0,0,,0
Tyrrel Tate,Ottawa Blackjacks,2024-2025,offense,Play types,Foul,3,Ballhandler,Transition > Ballhandler > Foul,Transition,Ballhandler,Foul,,,,2,12.5,2.0,113.6,0.0,100.0,0,,,,,,0,,0.0,,,0,0,,1.8,,100.0,0,0,0,,0,0,,4
Tyrrel Tate,Ottawa Blackjacks,2024-2025,offense,Play types,First Middle,2,Transition,Transition > First Middle,Transition,First Middle,,,,,2,3.3,1.0,53.2,0.0,50.0,1,0.0,,,0.0,,1,0.0,50.0,,,0,1,,1.9,2.0,50.0,0,0,0,,0,1,1.0,2
Tyrrel Tate,Ottawa Blackjacks,2024-2025,offense,Play types,No Dribble Jumper,3,First Middle,Transition > First Middle > No Dribble Jumper,Transition,First Middle,No Dribble Jumper,,,,1,50.0,0.0,0.0,0.0,0.0,1,0.0,,,0.0,,1,0.0,0.0,,,0,1,,1.0,0.0,0.0,0,0,0,,0,1,1.0,0
Tyrrel Tate,Ottawa Blackjacks,2024-2025,offense,Play types,Open,4,No Dribble Jumper,Transition > First Middle > No Dribble Jumper > Open,Transition,First Middle,No Dribble Jumper,Open,,,1,100.0,0.0,0.0,0.0,0.0,1,0.0,,,0.0,,1,0.0,0.0,,,0,1,,1.0,0.0,0.0,0,0,0,,0,1,1.0,0
Tyrrel Tate,Ottawa Blackjacks,2024-2025,offense,Play types,Long/3pt,5,Open,Transition > First Middle > No Dribble Jumper > Open > Long/3pt,Transition,First Middle,No Dribble Jumper,Open,Long/3pt,,1,100.0,0.0,0.0,0.0,0.0,1,0.0,,,0.0,,1,0.0,0.0,,,0,1,,1.0,0.0,0.0,0,0,0,,0,1,1.0,0
Tyrrel Tate,Ottawa Blackjacks,2024-2025,offense,Play types,To Basket,3,First Middle,Transition > First Middle > To Basket,Transition,First Middle,To Basket,,,,1,50.0,2.0,113.6,0.0,100.0,0,,,,,,0,,100.0,,,0,0,,0.9,,100.0,0,0,0,,0,0,,2
Tyrrel Tate,Ottawa Blackjacks,2024-2025,offense,Play types,Foul,4,To Basket,Transition > First Middle > To Basket > Foul,Transition,First Middle,To Basket,Foul,,,1,100.0,2.0,113.6,0.0,100.0,0,,,,,,0,,100.0,,,0,0,,0.9,,100.0,0,0,0,,0,0,,2
Tyrrel Tate,Ottawa Blackjacks,2024-2025,offense,Play types,Trailer,2,Transition,Transition > Trailer,Transition,Trailer,,,,,2,3.3,0.0,0.0,0.0,0.0,2,0.0,,,0.0,,2,0.0,0.0,,,0,2,,2.0,0.0,0.0,0,0,0,,0,2,1.0,0
Tyrrel Tate,Ottawa Blackjacks,2024-2025,offense,Play types,No Dribble Jumper,3,Trailer,Transition > Trailer > No Dribble Jumper,Transition,Trailer,No Dribble Jumper,,,,2,100.0,0.0,0.0,0.0,0.0,2,0.0,,,0.0,,2,0.0,0.0,,,0,2,,2.0,0.0,0.0,0,0,0,,0,2,1.0,0
Tyrrel Tate,Ottawa Blackjacks,2024-2025,offense,Play types,Open,4,No Dribble Jumper,Transition > Trailer > No Dribble Jumper > Open,Transition,Trailer,No Dribble Jumper,Open,,,1,50.0,0.0,0.0,0.0,0.0,1,0.0,,,0.0,,1,0.0,0.0,,,0,1,,1.0,0.0,0.0,0,0,0,,0,1,1.0,0
Tyrrel Tate,Ottawa Blackjacks,2024-2025,offense,Play types,Long/3pt,5,Open,Transition > Trailer > No Dribble Jumper > Open > Long/3pt,Transition,Trailer,No Dribble Jumper,Open,Long/3pt,,1,100.0,0.0,0.0,0.0,0.0,1,0.0,,,0.0,,1,0.0,0.0,,,0,1,,1.0,0.0,0.0,0,0,0,,0,1,1.0,0
Tyrrel Tate,Ottawa Blackjacks,2024-2025,offense,Play types,Guarded,4,No Dribble Jumper,Transition > Trailer > No Dribble Jumper > Guarded,Transition,Trailer,No Dribble Jumper,Guarded,,,1,50.0,0.0,0.0,0.0,0.0,1,0.0,,,0.0,,1,0.0,0.0,,,0,1,,1.0,0.0,0.0,0,0,0,,0,1,1.0,0
Tyrrel Tate,Ottawa Blackjacks,2024-2025,offense,Play types,Long/3pt,5,Guarded,Transition > Trailer > No Dribble Jumper > Guarded > Long/3pt,Transition,Trailer,No Dribble Jumper,Guarded,Long/3pt,,1,100.0,0.0,0.0,0.0,0.0,1,0.0,,,0.0,,1,0.0,0.0,,,0,1,,1.0,0.0,0.0,0,0,0,,0,1,1.0,0
Tyrrel Tate,Ottawa Blackjacks,2024-2025,offense,Play types,P&R Ball Handler,1,,P&R Ball Handler,P&R Ball Handler,,,,,,37,15.5,0.892,55.5,21.6,21.6,7,42.9,Very Good,65.0,41.7,24.0,24,47.9,18.9,,,10,14,,29.7,0.54,37.8,17,7,10,41.2,3,4,0.29,33
Tyrrel Tate,Ottawa Blackjacks,2024-2025,offense,Play types,P&R Ball Handler - Overall,2,P&R Ball Handler,P&R Ball Handler > P&R Ball Handler - Overall,P&R Ball Handler,P&R Ball Handler - Overall,,,,,37,100.0,0.892,55.5,21.6,21.6,7,42.9,,,41.7,,24,47.9,18.9,,,10,14,,29.7,0.54,37.8,17,7,10,41.2,3,4,0.29,33
Tyrrel Tate,Ottawa Blackjacks,2024-2025,offense,Play types,Dribble Off Pick,3,P&R Ball Handler - Overall,P&R Ball Handler > P&R Ball Handler - Overall > Dribble Off Pick,P&R Ball Handler,P&R Ball Handler - Overall,Dribble Off Pick,,,,30,81.1,0.8,52.3,23.3,16.7,5,40.0,,,36.8,,19,42.1,13.3,,,7,12,,23.0,0.47,36.7,14,5,9,35.7,2,3,0.26,24
Tyrrel Tate,Ottawa Blackjacks,2024-2025,offense,Play types,Go Away from Pick,3,P&R Ball Handler - Overall,P&R Ball Handler > P&R Ball Handler - Overall > Go Away from Pick,P&R Ball Handler,P&R Ball Handler - Overall,Go Away from Pick,,,,7,18.9,1.286,66.6,14.3,42.9,2,50.0,,,60.0,,5,70.0,42.9,,,3,2,,6.8,0.8,42.9,3,2,1,66.7,1,1,0.4,9
Tyrrel Tate,Ottawa Blackjacks,2024-2025,offense,Play types,High P&R,2,P&R Ball Handler,P&R Ball Handler > High P&R,P&R Ball Handler,High P&R,,,,,20,54.1,0.75,51.7,30.0,25.0,3,33.3,,,36.4,,11,40.9,20.0,,,4,7,,14.5,0.73,30.0,8,3,5,37.5,1,2,0.27,15
Tyrrel Tate,Ottawa Blackjacks,2024-2025,offense,Play types,Dribble Off Pick,3,High P&R,P&R Ball Handler > High P&R > Dribble Off Pick,P&R Ball Handler,High P&R,Dribble Off Pick,,,,16,80.0,0.75,53.6,31.3,18.8,3,33.3,,,33.3,,9,38.9,12.5,,,3,6,,11.2,0.56,31.3,6,2,4,33.3,1,2,0.33,12
Tyrrel Tate,Ottawa Blackjacks,2024-2025,offense,Play types,Dribble Jumper,4,Dribble Off Pick,P&R Ball Handler > High P&R > Dribble Off Pick > Dribble Jumper,P&R Ball Handler,High P&R,Dribble Off Pick,Dribble Jumper,,,8,50.0,1.0,47.4,0.0,12.5,3,33.3,,,37.5,,8,43.8,12.5,,,3,5,,8.4,0.13,37.5,5,2,3,40.0,1,2,0.38,8
Tyrrel Tate,Ottawa Blackjacks,2024-2025,offense,Play types,Medium/17' to 3pt,5,Dribble Jumper,P&R Ball Handler > High P&R > Dribble Off Pick > Dribble Jumper > Medium/17' to 3pt,P&R Ball Handler,High P&R,Dribble Off Pick,Dribble Jumper,Medium/17' to 3pt,,5,62.5,1.0,46.0,0.0,20.0,0,,,,40.0,,5,40.0,20.0,,,2,3,,5.4,0.2,40.0,5,2,3,40.0,0,0,0.0,5
Tyrrel Tate,Ottawa Blackjacks,2024-2025,offense,Play types,Long/3pt,5,Dribble Jumper,P&R Ball Handler > High P&R > Dribble Off Pick > Dribble Jumper > Long/3pt,P&R Ball Handler,High P&R,Dribble Off Pick,Dribble Jumper,Long/3pt,,3,37.5,1.0,50.0,0.0,0.0,3,33.3,,,33.3,,3,50.0,0.0,,,1,2,,3.0,0.0,33.3,0,0,0,,1,2,1.0,3
Tyrrel Tate,Ottawa Blackjacks,2024-2025,offense,Play types,Defense Commits,4,Dribble Off Pick,P&R Ball Handler > High P&R > Dribble Off Pick > Defense Commits,P&R Ball Handler,High P&R,Dribble Off Pick,Defense Commits,,,4,25.0,0.0,,100.0,0.0,0,,,,,,0,,0.0,,,0,0,,0.0,,0.0,0,0,0,,0,0,,0
Tyrrel Tate,Ottawa Blackjacks,2024-2025,offense,Play types,Turnover,5,Defense Commits,P&R Ball Handler > High P&R > Dribble Off Pick > Defense Commits > Turnover,P&R Ball Handler,High P&R,Dribble Off Pick,Defense Commits,Turnover,,4,100.0,0.0,,100.0,0.0,0,,,,,,0,,0.0,,,0,0,,0.0,,0.0,0,0,0,,0,0,,0
Tyrrel Tate,Ottawa Blackjacks,2024-2025,offense,Play types,To Basket,4,Dribble Off Pick,P&R Ball Handler > High P&R > Dribble Off Pick > To Basket,P&R Ball Handler,High P&R,Dribble Off Pick,To Basket,,,2,12.5,1.0,53.2,0.0,50.0,0,,,,0.0,,1,0.0,50.0,,,0,1,,1.9,2.0,50.0,1,0,1,0.0,0,0,0.0,2
Tyrrel Tate,Ottawa Blackjacks,2024-2025,offense,Play types,Miss 2 Pts,5,To Basket,P&R Ball Handler > High P&R > Dribble Off Pick > To Basket > Miss 2 Pts,P&R Ball Handler,High P&R,Dribble Off Pick,To Basket,Miss 2 Pts,,1,50.0,0.0,0.0,0.0,0.0,0,,,,0.0,,1,0.0,0.0,,,0,1,,1.0,0.0,0.0,1,0,1,0.0,0,0,0.0,0
Tyrrel Tate,Ottawa Blackjacks,2024-2025,offense,Play types,Foul,5,To Basket,P&R Ball Handler > High P&R > Dribble Off Pick > To Basket > Foul,P&R Ball Handler,High P&R,Dribble Off Pick,To Basket,Foul,,1,50.0,2.0,113.6,0.0,100.0,0,,,,,,0,,100.0,,,0,0,,0.9,,100.0,0,0,0,,0,0,,2
Tyrrel Tate,Ottawa Blackjacks,2024-2025,offense,Play types,Turnover,4,Dribble Off Pick,P&R Ball Handler > High P&R > Dribble Off Pick > Turnover,P&R Ball Handler,High P&R,Dribble Off Pick,Turnover,,,1,6.3,0.0,,100.0,0.0,0,,,,,,0,,0.0,,,0,0,,0.0,,0.0,0,0,0,,0,0,,0
Tyrrel Tate,Ottawa Blackjacks,2024-2025,offense,Play types,Foul,4,Dribble Off Pick,P&R Ball Handler > High P&R > Dribble Off Pick > Foul,P&R Ball Handler,High P&R,Dribble Off Pick,Foul,,,1,6.3,2.0,113.6,0.0,100.0,0,,,,,,0,,0.0,,,0,0,,0.9,,100.0,0,0,0,,0,0,,2
Tyrrel Tate,Ottawa Blackjacks,2024-2025,offense,Play types,Go Away from Pick,3,High P&R,P&R Ball Handler > High P&R > Go Away from Pick,P&R Ball Handler,High P&R,Go Away from Pick,,,,4,20.0,0.75,45.2,25.0,50.0,0,,,,50.0,,2,50.0,50.0,,,1,1,,3.3,1.5,25.0,2,1,1,50.0,0,0,0.0,3
Tyrrel Tate,Ottawa Blackjacks,2024-2025,offense,Play types,To Basket,4,Go Away from Pick,P&R Ball Handler > High P&R > Go Away from Pick > To Basket,P&R Ball Handler,High P&R,Go Away from Pick,To Basket,,,3,75.0,1.0,45.2,0.0,66.7,0,,,,50.0,,2,50.0,66.7,,,1,1,,3.3,1.5,33.3,2,1,1,50.0,0,0,0.0,3
Tyrrel Tate,Ottawa Blackjacks,2024-2025,offense,Play types,Foul,5,To Basket,P&R Ball Handler > High P&R > Go Away from Pick > To Basket > Foul,P&R Ball Handler,High P&R,Go Away from Pick,To Basket,Foul,,1,33.3,0.0,0.0,0.0,100.0,0,,,,,,0,,100.0,,,0,0,,0.9,,0.0,0,0,0,,0,0,,0
Tyrrel Tate,Ottawa Blackjacks,2024-2025,offense,Play types,Miss 2 Pts,5,To Basket,P&R Ball Handler > High P&R > Go Away from Pick > To Basket > Miss 2 Pts,P&R Ball Handler,High P&R,Go Away from Pick,To Basket,Miss 2 Pts,,1,33.3,0.0,0.0,0.0,0.0,0,,,,0.0,,1,0.0,0.0,,,0,1,,1.0,0.0,0.0,1,0,1,0.0,0,0,0.0,0
Tyrrel Tate,Ottawa Blackjacks,2024-2025,offense,Play types,Make 2 Pts Foul,5,To Basket,P&R Ball Handler > High P&R > Go Away from Pick > To Basket > Make 2 Pts Foul,P&R Ball Handler,High P&R,Go Away from Pick,To Basket,Make 2 Pts Foul,,1,33.3,3.0,104.2,0.0,100.0,0,,,,100.0,,1,100.0,100.0,,,1,0,,1.4,1.0,100.0,1,1,0,100.0,0,0,0.0,3
Tyrrel Tate,Ottawa Blackjacks,2024-2025,offense,Play types,Defense Commits,4,Go Away from Pick,P&R Ball Handler > High P&R > Go Away from Pick > Defense Commits,P&R Ball Handler,High P&R,Go Away from Pick,Defense Commits,,,1,25.0,0.0,,100.0,0.0,0,,,,,,0,,0.0,,,0,0,,0.0,,0.0,0,0,0,,0,0,,0
Tyrrel Tate,Ottawa Blackjacks,2024-2025,offense,Play types,Turnover,5,Defense Commits,P&R Ball Handler > High P&R > Go Away from Pick > Defense Commits > Turnover,P&R Ball Handler,High P&R,Go Away from Pick,Defense Commits,Turnover,,1,100.0,0.0,,100.0,0.0,0,,,,,,0,,0.0,,,0,0,,0.0,,0.0,0,0,0,,0,0,,0
Tyrrel Tate,Ottawa Blackjacks,2024-2025,offense,Play types,Left P&R,2,P&R Ball Handler,P&R Ball Handler > Left P&R,P&R Ball Handler,Left P&R,,,,,11,29.7,1.091,64.4,18.2,18.2,2,50.0,,,50.0,,8,56.3,18.2,,,4,4,,9.3,0.38,45.5,6,3,3,50.0,1,1,0.25,12
Tyrrel Tate,Ottawa Blackjacks,2024-2025,offense,Play types,Side,3,Left P&R,P&R Ball Handler > Left P&R > Side,P&R Ball Handler,Left P&R,Side,,,,7,63.6,0.857,43.6,0.0,14.3,1,0.0,,,33.3,,6,33.3,14.3,,,2,4,,6.9,0.33,42.9,5,2,3,40.0,0,1,0.17,6
Tyrrel Tate,Ottawa Blackjacks,2024-2025,offense,Play types,Dribble Off Pick,4,Side,P&R Ball Handler > Left P&R > Side > Dribble Off Pick,P&R Ball Handler,Left P&R,Side,Dribble Off Pick,,,6,85.7,1.0,51.0,0.0,16.7,0,,,,40.0,,5,40.0,16.7,,,2,3,,5.9,0.4,50.0,5,2,3,40.0,0,0,0.0,6
Tyrrel Tate,Ottawa Blackjacks,2024-2025,offense,Play types,To Basket,5,Dribble Off Pick,P&R Ball Handler > Left P&R > Side > Dribble Off Pick > To Basket,P&R Ball Handler,Left P&R,Side,Dribble Off Pick,To Basket,,3,50.0,0.667,34.7,0.0,33.3,0,,,,0.0,,2,0.0,33.3,,,0,2,,2.9,1.0,33.3,2,0,2,0.0,0,0,0.0,2
Tyrrel Tate,Ottawa Blackjacks,2024-2025,offense,Play types,Dribble Jumper,5,Dribble Off Pick,P&R Ball Handler > Left P&R > Side > Dribble Off Pick > Dribble Jumper,P&R Ball Handler,Left P&R,Side,Dribble Off Pick,Dribble Jumper,,3,50.0,1.333,66.7,0.0,0.0,0,,,,66.7,,3,66.7,0.0,,,2,1,,3.0,0.0,66.7,3,2,1,66.7,0,0,0.0,4
Tyrrel Tate,Ottawa Blackjacks,2024-2025,offense,Play types,Go Away from Pick,4,Side,P&R Ball Handler > Left P&R > Side > Go Away from Pick,P&R Ball Handler,Left P&R,Side,Go Away from Pick,,,1,14.3,0.0,0.0,0.0,0.0,1,0.0,,,0.0,,1,0.0,0.0,,,0,1,,1.0,0.0,0.0,0,0,0,,0,1,1.0,0
Tyrrel Tate,Ottawa Blackjacks,2024-2025,offense,Play types,Dribble Jumper,5,Go Away from Pick,P&R Ball Handler > Left P&R > Side > Go Away from Pick > Dribble Jumper,P&R Ball Handler,Left P&R,Side,Go Away from Pick,Dribble Jumper,,1,100.0,0.0,0.0,0.0,0.0,1,0.0,,,0.0,,1,0.0,0.0,,,0,1,,1.0,0.0,0.0,0,0,0,,0,1,1.0,0
Tyrrel Tate,Ottawa Blackjacks,2024-2025,offense,Play types,Baseline,3,Left P&R,P&R Ball Handler > Left P&R > Baseline,P&R Ball Handler,Left P&R,Baseline,,,,4,36.4,1.5,123.0,50.0,25.0,1,100.0,,,100.0,,2,125.0,25.0,,,2,0,,2.4,0.5,50.0,1,1,0,100.0,1,0,0.5,6
Tyrrel Tate,Ottawa Blackjacks,2024-2025,offense,Play types,Dribble Off Pick,4,Baseline,P&R Ball Handler > Left P&R > Baseline > Dribble Off Pick,P&R Ball Handler,Left P&R,Baseline,Dribble Off Pick,,,3,75.0,1.0,150.0,66.7,0.0,1,100.0,,,100.0,,1,150.0,0.0,,,1,0,,1.0,0.0,33.3,0,0,0,,1,0,1.0,3
Tyrrel Tate,Ottawa Blackjacks,2024-2025,offense,Play types,Dribble Jumper,5,Dribble Off Pick,P&R Ball Handler > Left P&R > Baseline > Dribble Off Pick > Dribble Jumper,P&R Ball Handler,Left P&R,Baseline,Dribble Off Pick,Dribble Jumper,,1,33.3,3.0,150.0,0.0,0.0,1,100.0,,,100.0,,1,150.0,0.0,,,1,0,,1.0,0.0,100.0,0,0,0,,1,0,1.0,3
Tyrrel Tate,Ottawa Blackjacks,2024-2025,offense,Play types,To Basket,5,Dribble Off Pick,P&R Ball Handler > Left P&R > Baseline > Dribble Off Pick > To Basket,P&R Ball Handler,Left P&R,Baseline,Dribble Off Pick,To Basket,,1,33.3,0.0,,100.0,0.0,0,,,,,,0,,0.0,,,0,0,,0.0,,0.0,0,0,0,,0,0,,0
Tyrrel Tate,Ottawa Blackjacks,2024-2025,offense,Play types,Defense Commits,5,Dribble Off Pick,P&R Ball Handler > Left P&R > Baseline > Dribble Off Pick > Defense Commits,P&R Ball Handler,Left P&R,Baseline,Dribble Off Pick,Defense Commits,,1,33.3,0.0,,100.0,0.0,0,,,,,,0,,0.0,,,0,0,,0.0,,0.0,0,0,0,,0,0,,0
Tyrrel Tate,Ottawa Blackjacks,2024-2025,offense,Play types,Go Away from Pick,4,Baseline,P&R Ball Handler > Left P&R > Baseline > Go Away from Pick,P&R Ball Handler,Left P&R,Baseline,Go Away from Pick,,,1,25.0,3.0,104.2,0.0,100.0,0,,,,100.0,,1,100.0,100.0,,,1,0,,1.4,1.0,100.0,1,1,0,100.0,0,0,0.0,3
Tyrrel Tate,Ottawa Blackjacks,2024-2025,offense,Play types,Dribble Jumper,5,Go Away from Pick,P&R Ball Handler > Left P&R > Baseline > Go Away from Pick > Dribble Jumper,P&R Ball Handler,Left P&R,Baseline,Go Away from Pick,Dribble Jumper,,1,100.0,3.0,104.2,0.0,100.0,0,,,,100.0,,1,100.0,100.0,,,1,0,,1.4,1.0,100.0,1,1,0,100.0,0,0,0.0,3
Tyrrel Tate,Ottawa Blackjacks,2024-2025,offense,Play types,Right P&R,2,P&R Ball Handler,P&R Ball Handler > Right P&R,P&R Ball Handler,Right P&R,,,,,6,16.2,1.0,51.0,0.0,16.7,2,50.0,,,40.0,,5,50.0,16.7,,,2,3,,5.9,0.4,50.0,3,1,2,33.3,1,1,0.4,6
Tyrrel Tate,Ottawa Blackjacks,2024-2025,offense,Play types,Baseline,3,Right P&R,P&R Ball Handler > Right P&R > Baseline,P&R Ball Handler,Right P&R,Baseline,,,,3,50.0,0.667,33.3,0.0,0.0,1,0.0,,,33.3,,3,33.3,0.0,,,1,2,,3.0,0.0,33.3,2,1,1,50.0,0,1,0.33,2
Tyrrel Tate,Ottawa Blackjacks,2024-2025,offense,Play types,Dribble Off Pick,4,Baseline,P&R Ball Handler > Right P&R > Baseline > Dribble Off Pick,P&R Ball Handler,Right P&R,Baseline,Dribble Off Pick,,,3,100.0,0.667,33.3,0.0,0.0,1,0.0,,,33.3,,3,33.3,0.0,,,1,2,,3.0,0.0,33.3,2,1,1,50.0,0,1,0.33,2
Tyrrel Tate,Ottawa Blackjacks,2024-2025,offense,Play types,Dribble Jumper,5,Dribble Off Pick,P&R Ball Handler > Right P&R > Baseline > Dribble Off Pick > Dribble Jumper,P&R Ball Handler,Right P&R,Baseline,Dribble Off Pick,Dribble Jumper,,3,100.0,0.667,33.3,0.0,0.0,1,0.0,,,33.3,,3,33.3,0.0,,,1,2,,3.0,0.0,33.3,2,1,1,50.0,0,1,0.33,2
Tyrrel Tate,Ottawa Blackjacks,2024-2025,offense,Play types,Side,3,Right P&R,P&R Ball Handler > Right P&R > Side,P&R Ball Handler,Right P&R,Side,,,,3,50.0,1.333,69.4,0.0,33.3,1,100.0,,,50.0,,2,75.0,33.3,,,1,1,,2.9,1.0,66.7,1,0,1,0.0,1,0,0.5,4
Tyrrel Tate,Ottawa Blackjacks,2024-2025,offense,Play types,Dribble Off Pick,4,Side,P&R Ball Handler > Right P&R > Side > Dribble Off Pick,P&R Ball Handler,Right P&R,Side,Dribble Off Pick,,,2,66.7,0.5,26.6,0.0,50.0,0,,,,0.0,,1,0.0,50.0,,,0,1,,1.9,2.0,50.0,1,0,1,0.0,0,0,0.0,1
Tyrrel Tate,Ottawa Blackjacks,2024-2025,offense,Play types,Dribble Jumper,5,Dribble Off Pick,P&R Ball Handler > Right P&R > Side > Dribble Off Pick > Dribble Jumper,P&R Ball Handler,Right P&R,Side,Dribble Off Pick,Dribble Jumper,,2,100.0,0.5,26.6,0.0,50.0,0,,,,0.0,,1,0.0,50.0,,,0,1,,1.9,2.0,50.0,1,0,1,0.0,0,0,0.0,1
Tyrrel Tate,Ottawa Blackjacks,2024-2025,offense,Play types,Go Away from Pick,4,Side,P&R Ball Handler > Right P&R > Side > Go Away from Pick,P&R Ball Handler,Right P&R,Side,Go Away from Pick,,,1,33.3,3.0,150.0,0.0,0.0,1,100.0,,,100.0,,1,150.0,0.0,,,1,0,,1.0,0.0,100.0,0,0,0,,1,0,1.0,3
Tyrrel Tate,Ottawa Blackjacks,2024-2025,offense,Play types,Dribble Jumper,5,Go Away from Pick,P&R Ball Handler > Right P&R > Side > Go Away from Pick > Dribble Jumper,P&R Ball Handler,Right P&R,Side,Go Away from Pick,Dribble Jumper,,1,100.0,3.0,150.0,0.0,0.0,1,100.0,,,100.0,,1,150.0,0.0,,,1,0,,1.0,0.0,100.0,0,0,0,,1,0,1.0,3
Tyrrel Tate,Ottawa Blackjacks,2024-2025,offense,Play types,Off Screen,1,,Off Screen,Off Screen,,,,,,26,10.9,1.615,78.5,0.0,7.7,16,62.5,Excellent,100.0,56.0,81.0,25,76.0,7.7,,,14,11,,26.8,0.16,57.7,9,4,5,44.4,10,6,0.64,42
Tyrrel Tate,Ottawa Blackjacks,2024-2025,offense,Play types,To Shooter's Right,2,Off Screen,Off Screen > To Shooter's Right,Off Screen,To Shooter's Right,,,,,17,65.4,1.647,78.8,0.0,11.8,11,72.7,,,50.0,,16,75.0,11.8,,,8,8,,17.8,0.25,52.9,5,0,5,0.0,8,3,0.69,28
Tyrrel Tate,Ottawa Blackjacks,2024-2025,offense,Play types,Straight,3,To Shooter's Right,Off Screen > To Shooter's Right > Straight,Off Screen,To Shooter's Right,Straight,,,,16,94.1,1.563,74.6,0.0,12.5,10,70.0,,,46.7,,15,70.0,12.5,,,7,8,,16.8,0.27,50.0,5,0,5,0.0,7,3,0.67,25
Tyrrel Tate,Ottawa Blackjacks,2024-2025,offense,Play types,No Dribble Jumper,4,Straight,Off Screen > To Shooter's Right > Straight > No Dribble Jumper,Off Screen,To Shooter's Right,Straight,No Dribble Jumper,,,11,68.8,2.273,106.3,0.0,18.2,10,70.0,,,70.0,,10,105.0,18.2,,,7,3,,11.8,0.4,72.7,0,0,0,,7,3,1.0,25
Tyrrel Tate,Ottawa Blackjacks,2024-2025,offense,Play types,Guarded,5,No Dribble Jumper,Off Screen > To Shooter's Right > Straight > No Dribble Jumper > Guarded,Off Screen,To Shooter's Right,Straight,No Dribble Jumper,Guarded,,8,72.7,2.0,91.3,0.0,25.0,7,57.1,,,57.1,,7,85.7,25.0,,,4,3,,8.8,0.57,62.5,0,0,0,,4,3,1.0,16
Tyrrel Tate,Ottawa Blackjacks,2024-2025,offense,Play types,Open,5,No Dribble Jumper,Off Screen > To Shooter's Right > Straight > No Dribble Jumper > Open,Off Screen,To Shooter's Right,Straight,No Dribble Jumper,Open,,3,27.3,3.0,150.0,0.0,0.0,3,100.0,,,100.0,,3,150.0,0.0,,,3,0,,3.0,0.0,100.0,0,0,0,,3,0,1.0,9
Tyrrel Tate,Ottawa Blackjacks,2024-2025,offense,Play types,To Basket,4,Straight,Off Screen > To Shooter's Right > Straight > To Basket,Off Screen,To Shooter's Right,Straight,To Basket,,,4,25.0,0.0,0.0,0.0,0.0,0,,,,0.0,,4,0.0,0.0,,,0,4,,4.0,0.0,0.0,4,0,4,0.0,0,0,0.0,0
Tyrrel Tate,Ottawa Blackjacks,2024-2025,offense,Play types,Miss 2 Pts,5,To Basket,Off Screen > To Shooter's Right > Straight > To Basket > Miss 2 Pts,Off Screen,To Shooter's Right,Straight,To Basket,Miss 2 Pts,,4,100.0,0.0,0.0,0.0,0.0,0,,,,0.0,,4,0.0,0.0,,,0,4,,4.0,0.0,0.0,4,0,4,0.0,0,0,0.0,0
Tyrrel Tate,Ottawa Blackjacks,2024-2025,offense,Play types,Dribble Jumper,4,Straight,Off Screen > To Shooter's Right > Straight > Dribble Jumper,Off Screen,To Shooter's Right,Straight,Dribble Jumper,,,1,6.3,0.0,0.0,0.0,0.0,0,,,,0.0,,1,0.0,0.0,,,0,1,,1.0,0.0,0.0,1,0,1,0.0,0,0,0.0,0
Tyrrel Tate,Ottawa Blackjacks,2024-2025,offense,Play types,Short to < 17,5,Dribble Jumper,Off Screen > To Shooter's Right > Straight > Dribble Jumper > Short to < 17,Off Screen,To Shooter's Right,Straight,Dribble Jumper,Short to < 17,,1,100.0,0.0,0.0,0.0,0.0,0,,,,0.0,,1,0.0,0.0,,,0,1,,1.0,0.0,0.0,1,0,1,0.0,0,0,0.0,0
Tyrrel Tate,Ottawa Blackjacks,2024-2025,offense,Play types,Flare,3,To Shooter's Right,Off Screen > To Shooter's Right > Flare,Off Screen,To Shooter's Right,Flare,,,,1,5.9,3.0,150.0,0.0,0.0,1,100.0,,,100.0,,1,150.0,0.0,,,1,0,,1.0,0.0,100.0,0,0,0,,1,0,1.0,3
Tyrrel Tate,Ottawa Blackjacks,2024-2025,offense,Play types,No Dribble Jumper,4,Flare,Off Screen > To Shooter's Right > Flare > No Dribble Jumper,Off Screen,To Shooter's Right,Flare,No Dribble Jumper,,,1,100.0,3.0,150.0,0.0,0.0,1,100.0,,,100.0,,1,150.0,0.0,,,1,0,,1.0,0.0,100.0,0,0,0,,1,0,1.0,3
Tyrrel Tate,Ottawa Blackjacks,2024-2025,offense,Play types,Open,5,No Dribble Jumper,Off Screen > To Shooter's Right > Flare > No Dribble Jumper > Open,Off Screen,To Shooter's Right,Flare,No Dribble Jumper,Open,,1,100.0,3.0,150.0,0.0,0.0,1,100.0,,,100.0,,1,150.0,0.0,,,1,0,,1.0,0.0,100.0,0,0,0,,1,0,1.0,3
Tyrrel Tate,Ottawa Blackjacks,2024-2025,offense,Play types,To Shooter's Left,2,Off Screen,Off Screen > To Shooter's Left,Off Screen,To Shooter's Left,,,,,9,34.6,1.556,77.8,0.0,0.0,5,40.0,,,66.7,,9,77.8,0.0,,,6,3,,9.0,0.0,66.7,4,4,0,100.0,2,3,0.56,14
Tyrrel Tate,Ottawa Blackjacks,2024-2025,offense,Play types,Straight,3,To Shooter's Left,Off Screen > To Shooter's Left > Straight,Off Screen,To Shooter's Left,Straight,,,,5,55.6,1.4,70.0,0.0,0.0,3,33.3,,,60.0,,5,70.0,0.0,,,3,2,,5.0,0.0,60.0,2,2,0,100.0,1,2,0.6,7
Tyrrel Tate,Ottawa Blackjacks,2024-2025,offense,Play types,No Dribble Jumper,4,Straight,Off Screen > To Shooter's Left > Straight > No Dribble Jumper,Off Screen,To Shooter's Left,Straight,No Dribble Jumper,,,3,60.0,1.0,50.0,0.0,0.0,3,33.3,,,33.3,,3,50.0,0.0,,,1,2,,3.0,0.0,33.3,0,0,0,,1,2,1.0,3
Tyrrel Tate,Ottawa Blackjacks,2024-2025,offense,Play types,Guarded,5,No Dribble Jumper,Off Screen > To Shooter's Left > Straight > No Dribble Jumper > Guarded,Off Screen,To Shooter's Left,Straight,No Dribble Jumper,Guarded,,2,66.7,0.0,0.0,0.0,0.0,2,0.0,,,0.0,,2,0.0,0.0,,,0,2,,2.0,0.0,0.0,0,0,0,,0,2,1.0,0
Tyrrel Tate,Ottawa Blackjacks,2024-2025,offense,Play types,Open,5,No Dribble Jumper,Off Screen > To Shooter's Left > Straight > No Dribble Jumper > Open,Off Screen,To Shooter's Left,Straight,No Dribble Jumper,Open,,1,33.3,3.0,150.0,0.0,0.0,1,100.0,,,100.0,,1,150.0,0.0,,,1,0,,1.0,0.0,100.0,0,0,0,,1,0,1.0,3
Tyrrel Tate,Ottawa Blackjacks,2024-2025,offense,Play types,To Basket,4,Straight,Off Screen > To Shooter's Left > Straight > To Basket,Off Screen,To Shooter's Left,Straight,To Basket,,,1,20.0,2.0,100.0,0.0,0.0,0,,,,100.0,,1,100.0,0.0,,,1,0,,1.0,0.0,100.0,1,1,0,100.0,0,0,0.0,2
Tyrrel Tate,Ottawa Blackjacks,2024-2025,offense,Play types,Make 2 Pts,5,To Basket,Off Screen > To Shooter's Left > Straight > To Basket > Make 2 Pts,Off Screen,To Shooter's Left,Straight,To Basket,Make 2 Pts,,1,100.0,2.0,100.0,0.0,0.0,0,,,,100.0,,1,100.0,0.0,,,1,0,,1.0,0.0,100.0,1,1,0,100.0,0,0,0.0,2
Tyrrel Tate,Ottawa Blackjacks,2024-2025,offense,Play types,Dribble Jumper,4,Straight,Off Screen > To Shooter's Left > Straight > Dribble Jumper,Off Screen,To Shooter's Left,Straight,Dribble Jumper,,,1,20.0,2.0,100.0,0.0,0.0,0,,,,100.0,,1,100.0,0.0,,,1,0,,1.0,0.0,100.0,1,1,0,100.0,0,0,0.0,2
Tyrrel Tate,Ottawa Blackjacks,2024-2025,offense,Play types,Medium/17' to 3pt,5,Dribble Jumper,Off Screen > To Shooter's Left > Straight > Dribble Jumper > Medium/17' to 3pt,Off Screen,To Shooter's Left,Straight,Dribble Jumper,Medium/17' to 3pt,,1,100.0,2.0,100.0,0.0,0.0,0,,,,100.0,,1,100.0,0.0,,,1,0,,1.0,0.0,100.0,1,1,0,100.0,0,0,0.0,2
Tyrrel Tate,Ottawa Blackjacks,2024-2025,offense,Play types,Flare,3,To Shooter's Left,Off Screen > To Shooter's Left > Flare,Off Screen,To Shooter's Left,Flare,,,,3,33.3,1.333,66.7,0.0,0.0,1,0.0,,,66.7,,3,66.7,0.0,,,2,1,,3.0,0.0,66.7,2,2,0,100.0,0,1,0.33,4
Tyrrel Tate,Ottawa Blackjacks,2024-2025,offense,Play types,Dribble Jumper,4,Flare,Off Screen > To Shooter's Left > Flare > Dribble Jumper,Off Screen,To Shooter's Left,Flare,Dribble Jumper,,,3,100.0,1.333,66.7,0.0,0.0,1,0.0,,,66.7,,3,66.7,0.0,,,2,1,,3.0,0.0,66.7,2,2,0,100.0,0,1,0.33,4
Tyrrel Tate,Ottawa Blackjacks,2024-2025,offense,Play types,Short to < 17,5,Dribble Jumper,Off Screen > To Shooter's Left > Flare > Dribble Jumper > Short to < 17,Off Screen,To Shooter's Left,Flare,Dribble Jumper,Short to < 17,,1,33.3,2.0,100.0,0.0,0.0,0,,,,100.0,,1,100.0,0.0,,,1,0,,1.0,0.0,100.0,1,1,0,100.0,0,0,0.0,2
Tyrrel Tate,Ottawa Blackjacks,2024-2025,offense,Play types,Medium/17' to 3pt,5,Dribble Jumper,Off Screen > To Shooter's Left > Flare > Dribble Jumper > Medium/17' to 3pt,Off Screen,To Shooter's Left,Flare,Dribble Jumper,Medium/17' to 3pt,,1,33.3,2.0,100.0,0.0,0.0,0,,,,100.0,,1,100.0,0.0,,,1,0,,1.0,0.0,100.0,1,1,0,100.0,0,0,0.0,2
Tyrrel Tate,Ottawa Blackjacks,2024-2025,offense,Play types,Long/3pt,5,Dribble Jumper,Off Screen > To Shooter's Left > Flare > Dribble Jumper > Long/3pt,Off Screen,To Shooter's Left,Flare,Dribble Jumper,Long/3pt,,1,33.3,0.0,0.0,0.0,0.0,1,0.0,,,0.0,,1,0.0,0.0,,,0,1,,1.0,0.0,0.0,0,0,0,,0,1,1.0,0
Tyrrel Tate,Ottawa Blackjacks,2024-2025,offense,Play types,Fade,3,To Shooter's Left,Off Screen > To Shooter's Left > Fade,Off Screen,To Shooter's Left,Fade,,,,1,11.1,3.0,150.0,0.0,0.0,1,100.0,,,100.0,,1,150.0,0.0,,,1,0,,1.0,0.0,100.0,0,0,0,,1,0,1.0,3
Tyrrel Tate,Ottawa Blackjacks,2024-2025,offense,Play types,No Dribble Jumper,4,Fade,Off Screen > To Shooter's Left > Fade > No Dribble Jumper,Off Screen,To Shooter's Left,Fade,No Dribble Jumper,,,1,100.0,3.0,150.0,0.0,0.0,1,100.0,,,100.0,,1,150.0,0.0,,,1,0,,1.0,0.0,100.0,0,0,0,,1,0,1.0,3
Tyrrel Tate,Ottawa Blackjacks,2024-2025,offense,Play types,Open,5,No Dribble Jumper,Off Screen > To Shooter's Left > Fade > No Dribble Jumper > Open,Off Screen,To Shooter's Left,Fade,No Dribble Jumper,Open,,1,100.0,3.0,150.0,0.0,0.0,1,100.0,,,100.0,,1,150.0,0.0,,,1,0,,1.0,0.0,100.0,0,0,0,,1,0,1.0,3
Tyrrel Tate,Ottawa Blackjacks,2024-2025,offense,Play types,Handoffs,1,,Handoffs,Handoffs,,,,,,12,5.0,0.667,35.3,8.3,16.7,1,100.0,Average,34.0,30.0,19.0,10,35.0,16.7,,,3,7,,11.3,0.3,33.3,9,2,7,22.2,1,0,0.1,8
Tyrrel Tate,Ottawa Blackjacks,2024-2025,offense,Play types,From Dribble,2,Handoffs,Handoffs > From Dribble,Handoffs,From Dribble,,,,,11,91.7,0.727,35.3,0.0,18.2,1,100.0,,,30.0,,10,35.0,18.2,,,3,7,,11.3,0.3,36.4,9,2,7,22.2,1,0,0.1,8
Tyrrel Tate,Ottawa Blackjacks,2024-2025,offense,Play types,Left,3,From Dribble,Handoffs > From Dribble > Left,Handoffs,From Dribble,Left,,,,4,36.4,1.5,77.3,0.0,25.0,1,100.0,,,66.7,,3,83.3,25.0,,,2,1,,3.9,0.67,75.0,2,1,1,50.0,1,0,0.33,6
Tyrrel Tate,Ottawa Blackjacks,2024-2025,offense,Play types,To Basket,4,Left,Handoffs > From Dribble > Left > To Basket,Handoffs,From Dribble,Left,To Basket,,,2,50.0,0.5,26.6,0.0,50.0,0,,,,0.0,,1,0.0,50.0,,,0,1,,1.9,2.0,50.0,1,0,1,0.0,0,0,0.0,1
Tyrrel Tate,Ottawa Blackjacks,2024-2025,offense,Play types,Miss 2 Pts,5,To Basket,Handoffs > From Dribble > Left > To Basket > Miss 2 Pts,Handoffs,From Dribble,Left,To Basket,Miss 2 Pts,,1,50.0,0.0,0.0,0.0,0.0,0,,,,0.0,,1,0.0,0.0,,,0,1,,1.0,0.0,0.0,1,0,1,0.0,0,0,0.0,0
Tyrrel Tate,Ottawa Blackjacks,2024-2025,offense,Play types,Foul,5,To Basket,Handoffs > From Dribble > Left > To Basket > Foul,Handoffs,From Dribble,Left,To Basket,Foul,,1,50.0,1.0,56.8,0.0,100.0,0,,,,,,0,,100.0,,,0,0,,0.9,,100.0,0,0,0,,0,0,,1
Tyrrel Tate,Ottawa Blackjacks,2024-2025,offense,Play types,Dribble Jumper,4,Left,Handoffs > From Dribble > Left > Dribble Jumper,Handoffs,From Dribble,Left,Dribble Jumper,,,2,50.0,2.5,125.0,0.0,0.0,1,100.0,,,100.0,,2,125.0,0.0,,,2,0,,2.0,0.0,100.0,1,1,0,100.0,1,0,0.5,5
Tyrrel Tate,Ottawa Blackjacks,2024-2025,offense,Play types,Medium/17' to 3pt,5,Dribble Jumper,Handoffs > From Dribble > Left > Dribble Jumper > Medium/17' to 3pt,Handoffs,From Dribble,Left,Dribble Jumper,Medium/17' to 3pt,,1,50.0,2.0,100.0,0.0,0.0,0,,,,100.0,,1,100.0,0.0,,,1,0,,1.0,0.0,100.0,1,1,0,100.0,0,0,0.0,2
Tyrrel Tate,Ottawa Blackjacks,2024-2025,offense,Play types,Long/3pt,5,Dribble Jumper,Handoffs > From Dribble > Left > Dribble Jumper > Long/3pt,Handoffs,From Dribble,Left,Dribble Jumper,Long/3pt,,1,50.0,3.0,150.0,0.0,0.0,1,100.0,,,100.0,,1,150.0,0.0,,,1,0,,1.0,0.0,100.0,0,0,0,,1,0,1.0,3
Tyrrel Tate,Ottawa Blackjacks,2024-2025,offense,Play types,Top,3,From Dribble,Handoffs > From Dribble > Top,Handoffs,From Dribble,Top,,,,4,36.4,0.0,0.0,0.0,0.0,0,,,,0.0,,4,0.0,0.0,,,0,4,,4.0,0.0,0.0,4,0,4,0.0,0,0,0.0,0
Tyrrel Tate,Ottawa Blackjacks,2024-2025,offense,Play types,Dribble Jumper,4,Top,Handoffs > From Dribble > Top > Dribble Jumper,Handoffs,From Dribble,Top,Dribble Jumper,,,2,50.0,0.0,0.0,0.0,0.0,0,,,,0.0,,2,0.0,0.0,,,0,2,,2.0,0.0,0.0,2,0,2,0.0,0,0,0.0,0
Tyrrel Tate,Ottawa Blackjacks,2024-2025,offense,Play types,Medium/17' to 3pt,5,Dribble Jumper,Handoffs > From Dribble > Top > Dribble Jumper > Medium/17' to 3pt,Handoffs,From Dribble,Top,Dribble Jumper,Medium/17' to 3pt,,1,50.0,0.0,0.0,0.0,0.0,0,,,,0.0,,1,0.0,0.0,,,0,1,,1.0,0.0,0.0,1,0,1,0.0,0,0,0.0,0
Tyrrel Tate,Ottawa Blackjacks,2024-2025,offense,Play types,Short to < 17,5,Dribble Jumper,Handoffs > From Dribble > Top > Dribble Jumper > Short to < 17,Handoffs,From Dribble,Top,Dribble Jumper,Short to < 17,,1,50.0,0.0,0.0,0.0,0.0,0,,,,0.0,,1,0.0,0.0,,,0,1,,1.0,0.0,0.0,1,0,1,0.0,0,0,0.0,0
Tyrrel Tate,Ottawa Blackjacks,2024-2025,offense,Play types,To Basket,4,Top,Handoffs > From Dribble > Top > To Basket,Handoffs,From Dribble,Top,To Basket,,,2,50.0,0.0,0.0,0.0,0.0,0,,,,0.0,,2,0.0,0.0,,,0,2,,2.0,0.0,0.0,2,0,2,0.0,0,0,0.0,0
Tyrrel Tate,Ottawa Blackjacks,2024-2025,offense,Play types,Miss 2 Pts,5,To Basket,Handoffs > From Dribble > Top > To Basket > Miss 2 Pts,Handoffs,From Dribble,Top,To Basket,Miss 2 Pts,,2,100.0,0.0,0.0,0.0,0.0,0,,,,0.0,,2,0.0,0.0,,,0,2,,2.0,0.0,0.0,2,0,2,0.0,0,0,0.0,0
Tyrrel Tate,Ottawa Blackjacks,2024-2025,offense,Play types,Right,3,From Dribble,Handoffs > From Dribble > Right,Handoffs,From Dribble,Right,,,,3,27.3,0.667,29.1,0.0,33.3,0,,,,33.3,,3,33.3,33.3,,,1,2,,3.4,0.33,33.3,3,1,2,33.3,0,0,0.0,2
Tyrrel Tate,Ottawa Blackjacks,2024-2025,offense,Play types,Dribble Jumper,4,Right,Handoffs > From Dribble > Right > Dribble Jumper,Handoffs,From Dribble,Right,Dribble Jumper,,,2,66.7,0.0,0.0,0.0,0.0,0,,,,0.0,,2,0.0,0.0,,,0,2,,2.0,0.0,0.0,2,0,2,0.0,0,0,0.0,0
Tyrrel Tate,Ottawa Blackjacks,2024-2025,offense,Play types,Medium/17' to 3pt,5,Dribble Jumper,Handoffs > From Dribble > Right > Dribble Jumper > Medium/17' to 3pt,Handoffs,From Dribble,Right,Dribble Jumper,Medium/17' to 3pt,,2,100.0,0.0,0.0,0.0,0.0,0,,,,0.0,,2,0.0,0.0,,,0,2,,2.0,0.0,0.0,2,0,2,0.0,0,0,0.0,0
Tyrrel Tate,Ottawa Blackjacks,2024-2025,offense,Play types,To Basket,4,Right,Handoffs > From Dribble > Right > To Basket,Handoffs,From Dribble,Right,To Basket,,,1,33.3,2.0,69.4,0.0,100.0,0,,,,100.0,,1,100.0,100.0,,,1,0,,1.4,1.0,100.0,1,1,0,100.0,0,0,0.0,2
Tyrrel Tate,Ottawa Blackjacks,2024-2025,offense,Play types,Make 2 Pts Foul,5,To Basket,Handoffs > From Dribble > Right > To Basket > Make 2 Pts Foul,Handoffs,From Dribble,Right,To Basket,Make 2 Pts Foul,,1,100.0,2.0,69.4,0.0,100.0,0,,,,100.0,,1,100.0,100.0,,,1,0,,1.4,1.0,100.0,1,1,0,100.0,0,0,0.0,2
Tyrrel Tate,Ottawa Blackjacks,2024-2025,offense,Play types,From Stationary,2,Handoffs,Handoffs > From Stationary,Handoffs,From Stationary,,,,,1,8.3,0.0,,100.0,0.0,0,,,,,,0,,0.0,,,0,0,,0.0,,0.0,0,0,0,,0,0,,0
Tyrrel Tate,Ottawa Blackjacks,2024-2025,offense,Play types,Right,3,From Stationary,Handoffs > From Stationary > Right,Handoffs,From Stationary,Right,,,,1,100.0,0.0,,100.0,0.0,0,,,,,,0,,0.0,,,0,0,,0.0,,0.0,0,0,0,,0,0,,0
Tyrrel Tate,Ottawa Blackjacks,2024-2025,offense,Play types,Turnover,4,Right,Handoffs > From Stationary > Right > Turnover,Handoffs,From Stationary,Right,Turnover,,,1,100.0,0.0,,100.0,0.0,0,,,,,,0,,0.0,,,0,0,,0.0,,0.0,0,0,0,,0,0,,0
Tyrrel Tate,Ottawa Blackjacks,2024-2025,offense,Play types,Isolation,1,,Isolation,Isolation,,,,,,8,3.4,0.25,12.5,0.0,0.0,2,0.0,,,12.5,,8,12.5,0.0,,,1,7,,8.0,0.0,12.5,6,1,5,16.7,0,2,0.25,2
Tyrrel Tate,Ottawa Blackjacks,2024-2025,offense,Play types,Isolation - Overall,2,Isolation,Isolation > Isolation - Overall,Isolation,Isolation - Overall,,,,,8,100.0,0.25,12.5,0.0,0.0,2,0.0,,,12.5,,8,12.5,0.0,,,1,7,,8.0,0.0,12.5,6,1,5,16.7,0,2,0.25,2
Tyrrel Tate,Ottawa Blackjacks,2024-2025,offense,Play types,Drives Right,3,Isolation - Overall,Isolation > Isolation - Overall > Drives Right,Isolation,Isolation - Overall,Drives Right,,,,4,50.0,0.5,25.0,0.0,0.0,0,,,,25.0,,4,25.0,0.0,,,1,3,,4.0,0.0,25.0,4,1,3,25.0,0,0,0.0,2
Tyrrel Tate,Ottawa Blackjacks,2024-2025,offense,Play types,Drives Left,3,Isolation - Overall,Isolation > Isolation - Overall > Drives Left,Isolation,Isolation - Overall,Drives Left,,,,2,25.0,0.0,0.0,0.0,0.0,0,,,,0.0,,2,0.0,0.0,,,0,2,,2.0,0.0,0.0,2,0,2,0.0,0,0,0.0,0
Tyrrel Tate,Ottawa Blackjacks,2024-2025,offense,Play types,Early Jumper,3,Isolation - Overall,Isolation > Isolation - Overall > Early Jumper,Isolation,Isolation - Overall,Early Jumper,,,,2,25.0,0.0,0.0,0.0,0.0,2,0.0,,,0.0,,2,0.0,0.0,,,0,2,,2.0,0.0,0.0,0,0,0,,0,2,1.0,0
Tyrrel Tate,Ottawa Blackjacks,2024-2025,offense,Play types,Left,2,Isolation,Isolation > Left,Isolation,Left,,,,,3,37.5,0.667,33.3,0.0,0.0,1,0.0,,,33.3,,3,33.3,0.0,,,1,2,,3.0,0.0,33.3,2,1,1,50.0,0,1,0.33,2
Tyrrel Tate,Ottawa Blackjacks,2024-2025,offense,Play types,Drives Right,3,Left,Isolation > Left > Drives Right,Isolation,Left,Drives Right,,,,2,66.7,1.0,50.0,0.0,0.0,0,,,,50.0,,2,50.0,0.0,,,1,1,,2.0,0.0,50.0,2,1,1,50.0,0,0,0.0,2
Tyrrel Tate,Ottawa Blackjacks,2024-2025,offense,Play types,To Basket,4,Drives Right,Isolation > Left > Drives Right > To Basket,Isolation,Left,Drives Right,To Basket,,,2,100.0,1.0,50.0,0.0,0.0,0,,,,50.0,,2,50.0,0.0,,,1,1,,2.0,0.0,50.0,2,1,1,50.0,0,0,0.0,2
Tyrrel Tate,Ottawa Blackjacks,2024-2025,offense,Play types,Make 2 Pts,5,To Basket,Isolation > Left > Drives Right > To Basket > Make 2 Pts,Isolation,Left,Drives Right,To Basket,Make 2 Pts,,1,50.0,2.0,100.0,0.0,0.0,0,,,,100.0,,1,100.0,0.0,,,1,0,,1.0,0.0,100.0,1,1,0,100.0,0,0,0.0,2
Tyrrel Tate,Ottawa Blackjacks,2024-2025,offense,Play types,Miss 2 Pts,5,To Basket,Isolation > Left > Drives Right > To Basket > Miss 2 Pts,Isolation,Left,Drives Right,To Basket,Miss 2 Pts,,1,50.0,0.0,0.0,0.0,0.0,0,,,,0.0,,1,0.0,0.0,,,0,1,,1.0,0.0,0.0,1,0,1,0.0,0,0,0.0,0
Tyrrel Tate,Ottawa Blackjacks,2024-2025,offense,Play types,Early Jumper,3,Left,Isolation > Left > Early Jumper,Isolation,Left,Early Jumper,,,,1,33.3,0.0,0.0,0.0,0.0,1,0.0,,,0.0,,1,0.0,0.0,,,0,1,,1.0,0.0,0.0,0,0,0,,0,1,1.0,0
Tyrrel Tate,Ottawa Blackjacks,2024-2025,offense,Play types,Dribble Jumper,4,Early Jumper,Isolation > Left > Early Jumper > Dribble Jumper,Isolation,Left,Early Jumper,Dribble Jumper,,,1,100.0,0.0,0.0,0.0,0.0,1,0.0,,,0.0,,1,0.0,0.0,,,0,1,,1.0,0.0,0.0,0,0,0,,0,1,1.0,0
Tyrrel Tate,Ottawa Blackjacks,2024-2025,offense,Play types,Long/3pt,5,Dribble Jumper,Isolation > Left > Early Jumper > Dribble Jumper > Long/3pt,Isolation,Left,Early Jumper,Dribble Jumper,Long/3pt,,1,100.0,0.0,0.0,0.0,0.0,1,0.0,,,0.0,,1,0.0,0.0,,,0,1,,1.0,0.0,0.0,0,0,0,,0,1,1.0,0
Tyrrel Tate,Ottawa Blackjacks,2024-2025,offense,Play types,Top,2,Isolation,Isolation > Top,Isolation,Top,,,,,3,37.5,0.0,0.0,0.0,0.0,0,,,,0.0,,3,0.0,0.0,,,0,3,,3.0,0.0,0.0,3,0,3,0.0,0,0,0.0,0
Tyrrel Tate,Ottawa Blackjacks,2024-2025,offense,Play types,Drives Left,3,Top,Isolation > Top > Drives Left,Isolation,Top,Drives Left,,,,2,66.7,0.0,0.0,0.0,0.0,0,,,,0.0,,2,0.0,0.0,,,0,2,,2.0,0.0,0.0,2,0,2,0.0,0,0,0.0,0
Tyrrel Tate,Ottawa Blackjacks,2024-2025,offense,Play types,Dribble Jumper,4,Drives Left,Isolation > Top > Drives Left > Dribble Jumper,Isolation,Top,Drives Left,Dribble Jumper,,,2,100.0,0.0,0.0,0.0,0.0,0,,,,0.0,,2,0.0,0.0,,,0,2,,2.0,0.0,0.0,2,0,2,0.0,0,0,0.0,0
Tyrrel Tate,Ottawa Blackjacks,2024-2025,offense,Play types,Medium/17' to 3pt,5,Dribble Jumper,Isolation > Top > Drives Left > Dribble Jumper > Medium/17' to 3pt,Isolation,Top,Drives Left,Dribble Jumper,Medium/17' to 3pt,,2,100.0,0.0,0.0,0.0,0.0,0,,,,0.0,,2,0.0,0.0,,,0,2,,2.0,0.0,0.0,2,0,2,0.0,0,0,0.0,0
Tyrrel Tate,Ottawa Blackjacks,2024-2025,offense,Play types,Drives Right,3,Top,Isolation > Top > Drives Right,Isolation,Top,Drives Right,,,,1,33.3,0.0,0.0,0.0,0.0,0,,,,0.0,,1,0.0,0.0,,,0,1,,1.0,0.0,0.0,1,0,1,0.0,0,0,0.0,0
Tyrrel Tate,Ottawa Blackjacks,2024-2025,offense,Play types,Dribble Jumper,4,Drives Right,Isolation > Top > Drives Right > Dribble Jumper,Isolation,Top,Drives Right,Dribble Jumper,,,1,100.0,0.0,0.0,0.0,0.0,0,,,,0.0,,1,0.0,0.0,,,0,1,,1.0,0.0,0.0,1,0,1,0.0,0,0,0.0,0
Tyrrel Tate,Ottawa Blackjacks,2024-2025,offense,Play types,Short to < 17,5,Dribble Jumper,Isolation > Top > Drives Right > Dribble Jumper > Short to < 17,Isolation,Top,Drives Right,Dribble Jumper,Short to < 17,,1,100.0,0.0,0.0,0.0,0.0,0,,,,0.0,,1,0.0,0.0,,,0,1,,1.0,0.0,0.0,1,0,1,0.0,0,0,0.0,0
Tyrrel Tate,Ottawa Blackjacks,2024-2025,offense,Play types,Right,2,Isolation,Isolation > Right,Isolation,Right,,,,,2,25.0,0.0,0.0,0.0,0.0,1,0.0,,,0.0,,2,0.0,0.0,,,0,2,,2.0,0.0,0.0,1,0,1,0.0,0,1,0.5,0
Tyrrel Tate,Ottawa Blackjacks,2024-2025,offense,Play types,Early Jumper,3,Right,Isolation > Right > Early Jumper,Isolation,Right,Early Jumper,,,,1,50.0,0.0,0.0,0.0,0.0,1,0.0,,,0.0,,1,0.0,0.0,,,0,1,,1.0,0.0,0.0,0,0,0,,0,1,1.0,0
Tyrrel Tate,Ottawa Blackjacks,2024-2025,offense,Play types,Dribble Jumper,4,Early Jumper,Isolation > Right > Early Jumper > Dribble Jumper,Isolation,Right,Early Jumper,Dribble Jumper,,,1,100.0,0.0,0.0,0.0,0.0,1,0.0,,,0.0,,1,0.0,0.0,,,0,1,,1.0,0.0,0.0,0,0,0,,0,1,1.0,0
Tyrrel Tate,Ottawa Blackjacks,2024-2025,offense,Play types,Long/3pt,5,Dribble Jumper,Isolation > Right > Early Jumper > Dribble Jumper > Long/3pt,Isolation,Right,Early Jumper,Dribble Jumper,Long/3pt,,1,100.0,0.0,0.0,0.0,0.0,1,0.0,,,0.0,,1,0.0,0.0,,,0,1,,1.0,0.0,0.0,0,0,0,,0,1,1.0,0
Tyrrel Tate,Ottawa Blackjacks,2024-2025,offense,Play types,Drives Right,3,Right,Isolation > Right > Drives Right,Isolation,Right,Drives Right,,,,1,50.0,0.0,0.0,0.0,0.0,0,,,,0.0,,1,0.0,0.0,,,0,1,,1.0,0.0,0.0,1,0,1,0.0,0,0,0.0,0
Tyrrel Tate,Ottawa Blackjacks,2024-2025,offense,Play types,Dribble Jumper,4,Drives Right,Isolation > Right > Drives Right > Dribble Jumper,Isolation,Right,Drives Right,Dribble Jumper,,,1,100.0,0.0,0.0,0.0,0.0,0,,,,0.0,,1,0.0,0.0,,,0,1,,1.0,0.0,0.0,1,0,1,0.0,0,0,0.0,0
Tyrrel Tate,Ottawa Blackjacks,2024-2025,offense,Play types,Medium/17' to 3pt,5,Dribble Jumper,Isolation > Right > Drives Right > Dribble Jumper > Medium/17' to 3pt,Isolation,Right,Drives Right,Dribble Jumper,Medium/17' to 3pt,,1,100.0,0.0,0.0,0.0,0.0,0,,,,0.0,,1,0.0,0.0,,,0,1,,1.0,0.0,0.0,1,0,1,0.0,0,0,0.0,0
Tyrrel Tate,Ottawa Blackjacks,2024-2025,offense,Play types,Offensive Rebounds (Put Backs),1,,Offensive Rebounds (Put Backs),Offensive Rebounds (Put Backs),,,,,,7,2.9,1.0,60.8,14.3,28.6,1,100.0,,,25.0,,4,37.5,28.6,,,1,3,,5.8,1.0,42.9,3,0,3,0.0,1,0,0.25,7
Tyrrel Tate,Ottawa Blackjacks,2024-2025,offense,Play types,Short,2,Offensive Rebounds (Put Backs),Offensive Rebounds (Put Backs) > Short,Offensive Rebounds (Put Backs),Short,,,,,4,57.1,0.5,25.8,0.0,25.0,0,,,,0.0,,3,0.0,25.0,,,0,3,,3.9,0.67,25.0,3,0,3,0.0,0,0,0.0,2
Tyrrel Tate,Ottawa Blackjacks,2024-2025,offense,Play types,Scoring Attempt,3,Short,Offensive Rebounds (Put Backs) > Short > Scoring Attempt,Offensive Rebounds (Put Backs),Short,Scoring Attempt,,,,4,100.0,0.5,25.8,0.0,25.0,0,,,,0.0,,3,0.0,25.0,,,0,3,,3.9,0.67,25.0,3,0,3,0.0,0,0,0.0,2
Tyrrel Tate,Ottawa Blackjacks,2024-2025,offense,Play types,At Basket,4,Scoring Attempt,Offensive Rebounds (Put Backs) > Short > Scoring Attempt > At Basket,Offensive Rebounds (Put Backs),Short,Scoring Attempt,At Basket,,,4,100.0,0.5,25.8,0.0,25.0,0,,,,0.0,,3,0.0,25.0,,,0,3,,3.9,0.67,25.0,3,0,3,0.0,0,0,0.0,2
Tyrrel Tate,Ottawa Blackjacks,2024-2025,offense,Play types,Miss 2 Pts,5,At Basket,Offensive Rebounds (Put Backs) > Short > Scoring Attempt > At Basket > Miss 2 Pts,Offensive Rebounds (Put Backs),Short,Scoring Attempt,At Basket,Miss 2 Pts,,3,75.0,0.0,0.0,0.0,0.0,0,,,,0.0,,3,0.0,0.0,,,0,3,,3.0,0.0,0.0,3,0,3,0.0,0,0,0.0,0
Tyrrel Tate,Ottawa Blackjacks,2024-2025,offense,Play types,Foul,5,At Basket,Offensive Rebounds (Put Backs) > Short > Scoring Attempt > At Basket > Foul,Offensive Rebounds (Put Backs),Short,Scoring Attempt,At Basket,Foul,,1,25.0,2.0,113.6,0.0,100.0,0,,,,,,0,,100.0,,,0,0,,0.9,,100.0,0,0,0,,0,0,,2
Tyrrel Tate,Ottawa Blackjacks,2024-2025,offense,Play types,Long,2,Offensive Rebounds (Put Backs),Offensive Rebounds (Put Backs) > Long,Offensive Rebounds (Put Backs),Long,,,,,3,42.9,1.667,133.0,33.3,33.3,1,100.0,,,100.0,,1,150.0,33.3,,,1,0,,1.9,2.0,66.7,0,0,0,,1,0,1.0,5
Tyrrel Tate,Ottawa Blackjacks,2024-2025,offense,Play types,Scoring Attempt,3,Long,Offensive Rebounds (Put Backs) > Long > Scoring Attempt,Offensive Rebounds (Put Backs),Long,Scoring Attempt,,,,2,66.7,2.5,133.0,0.0,50.0,1,100.0,,,100.0,,1,150.0,50.0,,,1,0,,1.9,2.0,100.0,0,0,0,,1,0,1.0,5
Tyrrel Tate,Ottawa Blackjacks,2024-2025,offense,Play types,Medium/17' to 3pt,4,Scoring Attempt,Offensive Rebounds (Put Backs) > Long > Scoring Attempt > Medium/17' to 3pt,Offensive Rebounds (Put Backs),Long,Scoring Attempt,Medium/17' to 3pt,,,1,50.0,2.0,113.6,0.0,100.0,0,,,,,,0,,100.0,,,0,0,,0.9,,100.0,0,0,0,,0,0,,2
Tyrrel Tate,Ottawa Blackjacks,2024-2025,offense,Play types,Foul,5,Medium/17' to 3pt,Offensive Rebounds (Put Backs) > Long > Scoring Attempt > Medium/17' to 3pt > Foul,Offensive Rebounds (Put Backs),Long,Scoring Attempt,Medium/17' to 3pt,Foul,,1,100.0,2.0,113.6,0.0,100.0,0,,,,,,0,,100.0,,,0,0,,0.9,,100.0,0,0,0,,0,0,,2
Tyrrel Tate,Ottawa Blackjacks,2024-2025,offense,Play types,Long/3pt,4,Scoring Attempt,Offensive Rebounds (Put Backs) > Long > Scoring Attempt > Long/3pt,Offensive Rebounds (Put Backs),Long,Scoring Attempt,Long/3pt,,,1,50.0,3.0,150.0,0.0,0.0,1,100.0,,,100.0,,1,150.0,0.0,,,1,0,,1.0,0.0,100.0,0,0,0,,1,0,1.0,3
Tyrrel Tate,Ottawa Blackjacks,2024-2025,offense,Play types,Make 3 Pts,5,Long/3pt,Offensive Rebounds (Put Backs) > Long > Scoring Attempt > Long/3pt > Make 3 Pts,Offensive Rebounds (Put Backs),Long,Scoring Attempt,Long/3pt,Make 3 Pts,,1,100.0,3.0,150.0,0.0,0.0,1,100.0,,,100.0,,1,150.0,0.0,,,1,0,,1.0,0.0,100.0,0,0,0,,1,0,1.0,3
Tyrrel Tate,Ottawa Blackjacks,2024-2025,offense,Play types,Turnover,3,Long,Offensive Rebounds (Put Backs) > Long > Turnover,Offensive Rebounds (Put Backs),Long,Turnover,,,,1,33.3,0.0,,100.0,0.0,0,,,,,,0,,0.0,,,0,0,,0.0,,0.0,0,0,0,,0,0,,0
Tyrrel Tate,Ottawa Blackjacks,2024-2025,offense,Play types,Miscellaneous Plays,1,,Miscellaneous Plays,Miscellaneous Plays,,,,,,6,2.5,1.833,105.8,16.7,33.3,0,,,,100.0,,3,100.0,33.3,,,3,0,,5.2,1.67,83.3,3,3,0,100.0,0,0,0.0,11
Tyrrel Tate,Ottawa Blackjacks,2024-2025,offense,Play types,To Basket,2,Miscellaneous Plays,Miscellaneous Plays > To Basket,Miscellaneous Plays,To Basket,,,,,3,50.0,2.0,104.2,0.0,33.3,0,,,,100.0,,2,100.0,33.3,,,2,0,,2.9,1.0,100.0,2,2,0,100.0,0,0,0.0,6
Tyrrel Tate,Ottawa Blackjacks,2024-2025,offense,Play types,Make 2 Pts,3,To Basket,Miscellaneous Plays > To Basket > Make 2 Pts,Miscellaneous Plays,To Basket,Make 2 Pts,,,,2,66.7,2.0,100.0,0.0,0.0,0,,,,100.0,,2,100.0,0.0,,,2,0,,2.0,0.0,100.0,2,2,0,100.0,0,0,0.0,4
Tyrrel Tate,Ottawa Blackjacks,2024-2025,offense,Play types,Foul,3,To Basket,Miscellaneous Plays > To Basket > Foul,Miscellaneous Plays,To Basket,Foul,,,,1,33.3,2.0,113.6,0.0,100.0,0,,,,,,0,,100.0,,,0,0,,0.9,,100.0,0,0,0,,0,0,,2
Tyrrel Tate,Ottawa Blackjacks,2024-2025,offense,Play types,Dribble Jumper,2,Miscellaneous Plays,Miscellaneous Plays > Dribble Jumper,Miscellaneous Plays,Dribble Jumper,,,,,2,33.3,2.5,107.8,0.0,50.0,0,,,,100.0,,1,100.0,50.0,,,1,0,,2.3,3.0,100.0,1,1,0,100.0,0,0,0.0,5
Tyrrel Tate,Ottawa Blackjacks,2024-2025,offense,Play types,Medium/17' to 3pt,3,Dribble Jumper,Miscellaneous Plays > Dribble Jumper > Medium/17' to 3pt,Miscellaneous Plays,Dribble Jumper,Medium/17' to 3pt,,,,1,50.0,2.0,100.0,0.0,0.0,0,,,,100.0,,1,100.0,0.0,,,1,0,,1.0,0.0,100.0,1,1,0,100.0,0,0,0.0,2
Tyrrel Tate,Ottawa Blackjacks,2024-2025,offense,Play types,Make 2 Pts,4,Medium/17' to 3pt,Miscellaneous Plays > Dribble Jumper > Medium/17' to 3pt > Make 2 Pts,Miscellaneous Plays,Dribble Jumper,Medium/17' to 3pt,Make 2 Pts,,,1,100.0,2.0,100.0,0.0,0.0,0,,,,100.0,,1,100.0,0.0,,,1,0,,1.0,0.0,100.0,1,1,0,100.0,0,0,0.0,2
Tyrrel Tate,Ottawa Blackjacks,2024-2025,offense,Play types,Long/3pt,3,Dribble Jumper,Miscellaneous Plays > Dribble Jumper > Long/3pt,Miscellaneous Plays,Dribble Jumper,Long/3pt,,,,1,50.0,3.0,113.6,0.0,100.0,0,,,,,,0,,100.0,,,0,0,,1.3,,100.0,0,0,0,,0,0,,3
Tyrrel Tate,Ottawa Blackjacks,2024-2025,offense,Play types,Foul,4,Long/3pt,Miscellaneous Plays > Dribble Jumper > Long/3pt > Foul,Miscellaneous Plays,Dribble Jumper,Long/3pt,Foul,,,1,100.0,3.0,113.6,0.0,100.0,0,,,,,,0,,100.0,,,0,0,,1.3,,100.0,0,0,0,,0,0,,3
Tyrrel Tate,Ottawa Blackjacks,2024-2025,offense,Play types,Turnover,2,Miscellaneous Plays,Miscellaneous Plays > Turnover,Miscellaneous Plays,Turnover,,,,,1,16.7,0.0,,100.0,0.0,0,,,,,,0,,0.0,,,0,0,,0.0,,0.0,0,0,0,,0,0,,0
Tyrrel Tate,Ottawa Blackjacks,2024-2025,offense,Play types,Cut,1,,Cut,Cut,,,,,,3,1.3,1.333,100.0,33.3,0.0,0,,,,100.0,,2,100.0,0.0,,,2,0,,2.0,0.0,66.7,2,2,0,100.0,0,0,0.0,4
Tyrrel Tate,Ottawa Blackjacks,2024-2025,offense,Play types,Basket,2,Cut,Cut > Basket,Cut,Basket,,,,,3,100.0,1.333,100.0,33.3,0.0,0,,,,100.0,,2,100.0,0.0,,,2,0,,2.0,0.0,66.7,2,2,0,100.0,0,0,0.0,4
Tyrrel Tate,Ottawa Blackjacks,2024-2025,offense,Play types,Make 2 Pts,3,Basket,Cut > Basket > Make 2 Pts,Cut,Basket,Make 2 Pts,,,,2,66.7,2.0,100.0,0.0,0.0,0,,,,100.0,,2,100.0,0.0,,,2,0,,2.0,0.0,100.0,2,2,0,100.0,0,0,0.0,4
Tyrrel Tate,Ottawa Blackjacks,2024-2025,offense,Play types,Turnover,3,Basket,Cut > Basket > Turnover,Cut,Basket,Turnover,,,,1,33.3,0.0,,100.0,0.0,0,,,,,,0,,0.0,,,0,0,,0.0,,0.0,0,0,0,,0,0,,0
Tyrrel Tate,Ottawa Blackjacks,2024-2025,offense,Play types,P&R Roll Man,1,,P&R Roll Man,P&R Roll Man,,,,,,0,0.0,,,,,0,,,,,,0,,,,,0,0,,0.0,,,0,0,0,,0,0,,0
Tyrrel Tate,Ottawa Blackjacks,2024-2025,offense,Play types,Post-Up,1,,Post-Up,Post-Up,,,,,,0,0.0,,,,,0,,,,,,0,,,,,0,0,,0.0,,,0,0,0,,0,0,,0
Tyrrel Tate,Ottawa Blackjacks,2024-2025,offense,Overall Drive Direction,Overall,1,,Overall,Overall,,,,,,33,13.9,0.909,52.4,15.2,12.1,1,100.0,,,46.2,,26,48.1,12.1,,,12,14,,28.6,0.23,42.4,25,11,14,44.0,1,0,0.04,30
Tyrrel Tate,Ottawa Blackjacks,2024-2025,offense,Overall Drive Direction,Drives Right,2,Overall,Overall > Drives Right,Overall,Drives Right,,,,,24,72.7,0.875,46.4,8.3,16.7,0,,,,40.0,,20,40.0,16.7,,,8,12,,22.6,0.3,41.7,20,8,12,40.0,0,0,0.0,21
Tyrrel Tate,Ottawa Blackjacks,2024-2025,offense,Overall Drive Direction,To Basket,3,Drives Right,Overall > Drives Right > To Basket,Overall,Drives Right,To Basket,,,,11,45.8,1.364,64.4,0.0,36.4,0,,,,55.6,,9,55.6,36.4,,,5,4,,11.6,0.67,63.6,9,5,4,55.6,0,0,0.0,15
Tyrrel Tate,Ottawa Blackjacks,2024-2025,offense,Overall Drive Direction,Dribble Jumper,3,Drives Right,Overall > Drives Right > Dribble Jumper,Overall,Drives Right,Dribble Jumper,,,,11,45.8,0.545,27.3,0.0,0.0,0,,,,27.3,,11,27.3,0.0,,,3,8,,11.0,0.0,27.3,11,3,8,27.3,0,0,0.0,6
Tyrrel Tate,Ottawa Blackjacks,2024-2025,offense,Overall Drive Direction,Turnover,3,Drives Right,Overall > Drives Right > Turnover,Overall,Drives Right,Turnover,,,,2,8.3,0.0,,100.0,0.0,0,,,,,,0,,0.0,,,0,0,,0.0,,0.0,0,0,0,,0,0,,0
Tyrrel Tate,Ottawa Blackjacks,2024-2025,offense,Overall Drive Direction,Foul,3,Drives Right,Overall > Drives Right > Foul,Overall,Drives Right,Foul,,,,0,0.0,,,,,0,,,,,,0,,,,,0,0,,0.0,,,0,0,0,,0,0,,0
Tyrrel Tate,Ottawa Blackjacks,2024-2025,offense,Overall Drive Direction,Defense Commits,3,Drives Right,Overall > Drives Right > Defense Commits,Overall,Drives Right,Defense Commits,,,,0,0.0,,,,,0,,,,,,0,,,,,0,0,,0.0,,,0,0,0,,0,0,,0
Tyrrel Tate,Ottawa Blackjacks,2024-2025,offense,Overall Drive Direction,Drives Left,2,Overall,Overall > Drives Left,Overall,Drives Left,,,,,7,21.2,0.857,60.0,28.6,0.0,0,,,,60.0,,5,60.0,0.0,,,3,2,,5.0,0.0,42.9,5,3,2,60.0,0,0,0.0,6
Tyrrel Tate,Ottawa Blackjacks,2024-2025,offense,Overall Drive Direction,To Basket,3,Drives Left,Overall > Drives Left > To Basket,Overall,Drives Left,To Basket,,,,3,42.9,2.0,100.0,0.0,0.0,0,,,,100.0,,3,100.0,0.0,,,3,0,,3.0,0.0,100.0,3,3,0,100.0,0,0,0.0,6
Tyrrel Tate,Ottawa Blackjacks,2024-2025,offense,Overall Drive Direction,Turnover,3,Drives Left,Overall > Drives Left > Turnover,Overall,Drives Left,Turnover,,,,2,28.6,0.0,,100.0,0.0,0,,,,,,0,,0.0,,,0,0,,0.0,,0.0,0,0,0,,0,0,,0
Tyrrel Tate,Ottawa Blackjacks,2024-2025,offense,Overall Drive Direction,Dribble Jumper,3,Drives Left,Overall > Drives Left > Dribble Jumper,Overall,Drives Left,Dribble Jumper,,,,2,28.6,0.0,0.0,0.0,0.0,0,,,,0.0,,2,0.0,0.0,,,0,2,,2.0,0.0,0.0,2,0,2,0.0,0,0,0.0,0
Tyrrel Tate,Ottawa Blackjacks,2024-2025,offense,Overall Drive Direction,Foul,3,Drives Left,Overall > Drives Left > Foul,Overall,Drives Left,Foul,,,,0,0.0,,,,,0,,,,,,0,,,,,0,0,,0.0,,,0,0,0,,0,0,,0
Tyrrel Tate,Ottawa Blackjacks,2024-2025,offense,Overall Drive Direction,Defense Commits,3,Drives Left,Overall > Drives Left > Defense Commits,Overall,Drives Left,Defense Commits,,,,0,0.0,,,,,0,,,,,,0,,,,,0,0,,0.0,,,0,0,0,,0,0,,0
Tyrrel Tate,Ottawa Blackjacks,2024-2025,offense,Overall Drive Direction,Drives Straight,2,Overall,Overall > Drives Straight,Overall,Drives Straight,,,,,2,6.1,1.5,150.0,50.0,0.0,1,100.0,,,100.0,,1,150.0,0.0,,,1,0,,1.0,0.0,50.0,0,0,0,,1,0,1.0,3
Tyrrel Tate,Ottawa Blackjacks,2024-2025,offense,Overall Drive Direction,To Basket,3,Drives Straight,Overall > Drives Straight > To Basket,Overall,Drives Straight,To Basket,,,,1,50.0,0.0,,100.0,0.0,0,,,,,,0,,0.0,,,0,0,,0.0,,0.0,0,0,0,,0,0,,0
Tyrrel Tate,Ottawa Blackjacks,2024-2025,offense,Overall Drive Direction,Dribble Jumper,3,Drives Straight,Overall > Drives Straight > Dribble Jumper,Overall,Drives Straight,Dribble Jumper,,,,1,50.0,3.0,150.0,0.0,0.0,1,100.0,,,100.0,,1,150.0,0.0,,,1,0,,1.0,0.0,100.0,0,0,0,,1,0,1.0,3
Tyrrel Tate,Ottawa Blackjacks,2024-2025,offense,Overall Drive Direction,Turnover,3,Drives Straight,Overall > Drives Straight > Turnover,Overall,Drives Straight,Turnover,,,,0,0.0,,,,,0,,,,,,0,,,,,0,0,,0.0,,,0,0,0,,0,0,,0
Tyrrel Tate,Ottawa Blackjacks,2024-2025,offense,Overall Drive Direction,Foul,3,Drives Straight,Overall > Drives Straight > Foul,Overall,Drives Straight,Foul,,,,0,0.0,,,,,0,,,,,,0,,,,,0,0,,0.0,,,0,0,0,,0,0,,0
Tyrrel Tate,Ottawa Blackjacks,2024-2025,offense,Overall Drive Direction,Defense Commits,3,Drives Straight,Overall > Drives Straight > Defense Commits,Overall,Drives Straight,Defense Commits,,,,0,0.0,,,,,0,,,,,,0,,,,,0,0,,0.0,,,0,0,0,,0,0,,0
Tyrrel Tate,Ottawa Blackjacks,2024-2025,offense,P&R ball handler,P&R Including Passes,1,,P&R Including Passes,P&R Including Passes,,,,,,93,36.8,0.946,55.9,16.1,14.0,23,30.4,Good,54.0,47.8,50.0,69,52.9,12.9,,,33,36,,78.7,0.32,44.1,46,26,20,56.5,7,16,0.33,88
Tyrrel Tate,Ottawa Blackjacks,2024-2025,offense,P&R ball handler,P&R Ball Handler,2,P&R Including Passes,P&R Including Passes > P&R Ball Handler,P&R Including Passes,P&R Ball Handler,,,,,37,39.8,0.892,55.5,21.6,21.6,7,42.9,,,41.7,,24,47.9,18.9,,,10,14,,29.7,0.54,37.8,17,7,10,41.2,3,4,0.29,33
Tyrrel Tate,Ottawa Blackjacks,2024-2025,offense,P&R ball handler,High P&R,3,P&R Ball Handler,P&R Including Passes > P&R Ball Handler > High P&R,P&R Including Passes,P&R Ball Handler,High P&R,,,,20,54.1,0.75,51.7,30.0,25.0,3,33.3,,,36.4,,11,40.9,20.0,,,4,7,,14.5,0.73,30.0,8,3,5,37.5,1,2,0.27,15
Tyrrel Tate,Ottawa Blackjacks,2024-2025,offense,P&R ball handler,Dribble Off Pick,4,High P&R,P&R Including Passes > P&R Ball Handler > High P&R > Dribble Off Pick,P&R Including Passes,P&R Ball Handler,High P&R,Dribble Off Pick,,,16,80.0,0.75,53.6,31.3,18.8,3,33.3,,,33.3,,9,38.9,12.5,,,3,6,,11.2,0.56,31.3,6,2,4,33.3,1,2,0.33,12
Tyrrel Tate,Ottawa Blackjacks,2024-2025,offense,P&R ball handler,Dribble Jumper,5,Dribble Off Pick,P&R Including Passes > P&R Ball Handler > High P&R > Dribble Off Pick > Dribble Jumper,P&R Including Passes,P&R Ball Handler,High P&R,Dribble Off Pick,Dribble Jumper,,8,50.0,1.0,47.4,0.0,12.5,3,33.3,,,37.5,,8,43.8,12.5,,,3,5,,8.4,0.13,37.5,5,2,3,40.0,1,2,0.38,8
Tyrrel Tate,Ottawa Blackjacks,2024-2025,offense,P&R ball handler,Medium/17' to 3pt,6,Dribble Jumper,P&R Including Passes > P&R Ball Handler > High P&R > Dribble Off Pick > Dribble Jumper > Medium/17' to 3pt,P&R Including Passes,P&R Ball Handler,High P&R,Dribble Off Pick,Dribble Jumper,Medium/17' to 3pt,5,62.5,1.0,46.0,0.0,20.0,0,,,,40.0,,5,40.0,20.0,,,2,3,,5.4,0.2,40.0,5,2,3,40.0,0,0,0.0,5
Tyrrel Tate,Ottawa Blackjacks,2024-2025,offense,P&R ball handler,Long/3pt,6,Dribble Jumper,P&R Including Passes > P&R Ball Handler > High P&R > Dribble Off Pick > Dribble Jumper > Long/3pt,P&R Including Passes,P&R Ball Handler,High P&R,Dribble Off Pick,Dribble Jumper,Long/3pt,3,37.5,1.0,50.0,0.0,0.0,3,33.3,,,33.3,,3,50.0,0.0,,,1,2,,3.0,0.0,33.3,0,0,0,,1,2,1.0,3
Tyrrel Tate,Ottawa Blackjacks,2024-2025,offense,P&R ball handler,Defense Commits,5,Dribble Off Pick,P&R Including Passes > P&R Ball Handler > High P&R > Dribble Off Pick > Defense Commits,P&R Including Passes,P&R Ball Handler,High P&R,Dribble Off Pick,Defense Commits,,4,25.0,0.0,,100.0,0.0,0,,,,,,0,,0.0,,,0,0,,0.0,,0.0,0,0,0,,0,0,,0
Tyrrel Tate,Ottawa Blackjacks,2024-2025,offense,P&R ball handler,Turnover,6,Defense Commits,P&R Including Passes > P&R Ball Handler > High P&R > Dribble Off Pick > Defense Commits > Turnover,P&R Including Passes,P&R Ball Handler,High P&R,Dribble Off Pick,Defense Commits,Turnover,4,100.0,0.0,,100.0,0.0,0,,,,,,0,,0.0,,,0,0,,0.0,,0.0,0,0,0,,0,0,,0
Tyrrel Tate,Ottawa Blackjacks,2024-2025,offense,P&R ball handler,To Basket,5,Dribble Off Pick,P&R Including Passes > P&R Ball Handler > High P&R > Dribble Off Pick > To Basket,P&R Including Passes,P&R Ball Handler,High P&R,Dribble Off Pick,To Basket,,2,12.5,1.0,53.2,0.0,50.0,0,,,,0.0,,1,0.0,50.0,,,0,1,,1.9,2.0,50.0,1,0,1,0.0,0,0,0.0,2
Tyrrel Tate,Ottawa Blackjacks,2024-2025,offense,P&R ball handler,Foul,6,To Basket,P&R Including Passes > P&R Ball Handler > High P&R > Dribble Off Pick > To Basket > Foul,P&R Including Passes,P&R Ball Handler,High P&R,Dribble Off Pick,To Basket,Foul,1,50.0,2.0,113.6,0.0,100.0,0,,,,,,0,,100.0,,,0,0,,0.9,,100.0,0,0,0,,0,0,,2
Tyrrel Tate,Ottawa Blackjacks,2024-2025,offense,P&R ball handler,Miss 2 Pts,6,To Basket,P&R Including Passes > P&R Ball Handler > High P&R > Dribble Off Pick > To Basket > Miss 2 Pts,P&R Including Passes,P&R Ball Handler,High P&R,Dribble Off Pick,To Basket,Miss 2 Pts,1,50.0,0.0,0.0,0.0,0.0,0,,,,0.0,,1,0.0,0.0,,,0,1,,1.0,0.0,0.0,1,0,1,0.0,0,0,0.0,0
Tyrrel Tate,Ottawa Blackjacks,2024-2025,offense,P&R ball handler,Foul,5,Dribble Off Pick,P&R Including Passes > P&R Ball Handler > High P&R > Dribble Off Pick > Foul,P&R Including Passes,P&R Ball Handler,High P&R,Dribble Off Pick,Foul,,1,6.3,2.0,113.6,0.0,100.0,0,,,,,,0,,0.0,,,0,0,,0.9,,100.0,0,0,0,,0,0,,2
Tyrrel Tate,Ottawa Blackjacks,2024-2025,offense,P&R ball handler,Turnover,5,Dribble Off Pick,P&R Including Passes > P&R Ball Handler > High P&R > Dribble Off Pick > Turnover,P&R Including Passes,P&R Ball Handler,High P&R,Dribble Off Pick,Turnover,,1,6.3,0.0,,100.0,0.0,0,,,,,,0,,0.0,,,0,0,,0.0,,0.0,0,0,0,,0,0,,0
Tyrrel Tate,Ottawa Blackjacks,2024-2025,offense,P&R ball handler,Go Away from Pick,4,High P&R,P&R Including Passes > P&R Ball Handler > High P&R > Go Away from Pick,P&R Including Passes,P&R Ball Handler,High P&R,Go Away from Pick,,,4,20.0,0.75,45.2,25.0,50.0,0,,,,50.0,,2,50.0,50.0,,,1,1,,3.3,1.5,25.0,2,1,1,50.0,0,0,0.0,3
Tyrrel Tate,Ottawa Blackjacks,2024-2025,offense,P&R ball handler,To Basket,5,Go Away from Pick,P&R Including Passes > P&R Ball Handler > High P&R > Go Away from Pick > To Basket,P&R Including Passes,P&R Ball Handler,High P&R,Go Away from Pick,To Basket,,3,75.0,1.0,45.2,0.0,66.7,0,,,,50.0,,2,50.0,66.7,,,1,1,,3.3,1.5,33.3,2,1,1,50.0,0,0,0.0,3
Tyrrel Tate,Ottawa Blackjacks,2024-2025,offense,P&R ball handler,Make 2 Pts Foul,6,To Basket,P&R Including Passes > P&R Ball Handler > High P&R > Go Away from Pick > To Basket > Make 2 Pts Foul,P&R Including Passes,P&R Ball Handler,High P&R,Go Away from Pick,To Basket,Make 2 Pts Foul,1,33.3,3.0,104.2,0.0,100.0,0,,,,100.0,,1,100.0,100.0,,,1,0,,1.4,1.0,100.0,1,1,0,100.0,0,0,0.0,3
Tyrrel Tate,Ottawa Blackjacks,2024-2025,offense,P&R ball handler,Miss 2 Pts,6,To Basket,P&R Including Passes > P&R Ball Handler > High P&R > Go Away from Pick > To Basket > Miss 2 Pts,P&R Including Passes,P&R Ball Handler,High P&R,Go Away from Pick,To Basket,Miss 2 Pts,1,33.3,0.0,0.0,0.0,0.0,0,,,,0.0,,1,0.0,0.0,,,0,1,,1.0,0.0,0.0,1,0,1,0.0,0,0,0.0,0
Tyrrel Tate,Ottawa Blackjacks,2024-2025,offense,P&R ball handler,Foul,6,To Basket,P&R Including Passes > P&R Ball Handler > High P&R > Go Away from Pick > To Basket > Foul,P&R Including Passes,P&R Ball Handler,High P&R,Go Away from Pick,To Basket,Foul,1,33.3,0.0,0.0,0.0,100.0,0,,,,,,0,,100.0,,,0,0,,0.9,,0.0,0,0,0,,0,0,,0
Tyrrel Tate,Ottawa Blackjacks,2024-2025,offense,P&R ball handler,Defense Commits,5,Go Away from Pick,P&R Including Passes > P&R Ball Handler > High P&R > Go Away from Pick > Defense Commits,P&R Including Passes,P&R Ball Handler,High P&R,Go Away from Pick,Defense Commits,,1,25.0,0.0,,100.0,0.0,0,,,,,,0,,0.0,,,0,0,,0.0,,0.0,0,0,0,,0,0,,0
Tyrrel Tate,Ottawa Blackjacks,2024-2025,offense,P&R ball handler,Turnover,6,Defense Commits,P&R Including Passes > P&R Ball Handler > High P&R > Go Away from Pick > Defense Commits > Turnover,P&R Including Passes,P&R Ball Handler,High P&R,Go Away from Pick,Defense Commits,Turnover,1,100.0,0.0,,100.0,0.0,0,,,,,,0,,0.0,,,0,0,,0.0,,0.0,0,0,0,,0,0,,0
Tyrrel Tate,Ottawa Blackjacks,2024-2025,offense,P&R ball handler,Left P&R,3,P&R Ball Handler,P&R Including Passes > P&R Ball Handler > Left P&R,P&R Including Passes,P&R Ball Handler,Left P&R,,,,11,29.7,1.091,64.4,18.2,18.2,2,50.0,,,50.0,,8,56.3,18.2,,,4,4,,9.3,0.38,45.5,6,3,3,50.0,1,1,0.25,12
Tyrrel Tate,Ottawa Blackjacks,2024-2025,offense,P&R ball handler,Side,4,Left P&R,P&R Including Passes > P&R Ball Handler > Left P&R > Side,P&R Including Passes,P&R Ball Handler,Left P&R,Side,,,7,63.6,0.857,43.6,0.0,14.3,1,0.0,,,33.3,,6,33.3,14.3,,,2,4,,6.9,0.33,42.9,5,2,3,40.0,0,1,0.17,6
Tyrrel Tate,Ottawa Blackjacks,2024-2025,offense,P&R ball handler,Dribble Off Pick,5,Side,P&R Including Passes > P&R Ball Handler > Left P&R > Side > Dribble Off Pick,P&R Including Passes,P&R Ball Handler,Left P&R,Side,Dribble Off Pick,,6,85.7,1.0,51.0,0.0,16.7,0,,,,40.0,,5,40.0,16.7,,,2,3,,5.9,0.4,50.0,5,2,3,40.0,0,0,0.0,6
Tyrrel Tate,Ottawa Blackjacks,2024-2025,offense,P&R ball handler,Dribble Jumper,6,Dribble Off Pick,P&R Including Passes > P&R Ball Handler > Left P&R > Side > Dribble Off Pick > Dribble Jumper,P&R Including Passes,P&R Ball Handler,Left P&R,Side,Dribble Off Pick,Dribble Jumper,3,50.0,1.333,66.7,0.0,0.0,0,,,,66.7,,3,66.7,0.0,,,2,1,,3.0,0.0,66.7,3,2,1,66.7,0,0,0.0,4
Tyrrel Tate,Ottawa Blackjacks,2024-2025,offense,P&R ball handler,To Basket,6,Dribble Off Pick,P&R Including Passes > P&R Ball Handler > Left P&R > Side > Dribble Off Pick > To Basket,P&R Including Passes,P&R Ball Handler,Left P&R,Side,Dribble Off Pick,To Basket,3,50.0,0.667,34.7,0.0,33.3,0,,,,0.0,,2,0.0,33.3,,,0,2,,2.9,1.0,33.3,2,0,2,0.0,0,0,0.0,2
Tyrrel Tate,Ottawa Blackjacks,2024-2025,offense,P&R ball handler,Go Away from Pick,5,Side,P&R Including Passes > P&R Ball Handler > Left P&R > Side > Go Away from Pick,P&R Including Passes,P&R Ball Handler,Left P&R,Side,Go Away from Pick,,1,14.3,0.0,0.0,0.0,0.0,1,0.0,,,0.0,,1,0.0,0.0,,,0,1,,1.0,0.0,0.0,0,0,0,,0,1,1.0,0
Tyrrel Tate,Ottawa Blackjacks,2024-2025,offense,P&R ball handler,Dribble Jumper,6,Go Away from Pick,P&R Including Passes > P&R Ball Handler > Left P&R > Side > Go Away from Pick > Dribble Jumper,P&R Including Passes,P&R Ball Handler,Left P&R,Side,Go Away from Pick,Dribble Jumper,1,100.0,0.0,0.0,0.0,0.0,1,0.0,,,0.0,,1,0.0,0.0,,,0,1,,1.0,0.0,0.0,0,0,0,,0,1,1.0,0
Tyrrel Tate,Ottawa Blackjacks,2024-2025,offense,P&R ball handler,Baseline,4,Left P&R,P&R Including Passes > P&R Ball Handler > Left P&R > Baseline,P&R Including Passes,P&R Ball Handler,Left P&R,Baseline,,,4,36.4,1.5,123.0,50.0,25.0,1,100.0,,,100.0,,2,125.0,25.0,,,2,0,,2.4,0.5,50.0,1,1,0,100.0,1,0,0.5,6
Tyrrel Tate,Ottawa Blackjacks,2024-2025,offense,P&R ball handler,Dribble Off Pick,5,Baseline,P&R Including Passes > P&R Ball Handler > Left P&R > Baseline > Dribble Off Pick,P&R Including Passes,P&R Ball Handler,Left P&R,Baseline,Dribble Off Pick,,3,75.0,1.0,150.0,66.7,0.0,1,100.0,,,100.0,,1,150.0,0.0,,,1,0,,1.0,0.0,33.3,0,0,0,,1,0,1.0,3
Tyrrel Tate,Ottawa Blackjacks,2024-2025,offense,P&R ball handler,Dribble Jumper,6,Dribble Off Pick,P&R Including Passes > P&R Ball Handler > Left P&R > Baseline > Dribble Off Pick > Dribble Jumper,P&R Including Passes,P&R Ball Handler,Left P&R,Baseline,Dribble Off Pick,Dribble Jumper,1,33.3,3.0,150.0,0.0,0.0,1,100.0,,,100.0,,1,150.0,0.0,,,1,0,,1.0,0.0,100.0,0,0,0,,1,0,1.0,3
Tyrrel Tate,Ottawa Blackjacks,2024-2025,offense,P&R ball handler,Defense Commits,6,Dribble Off Pick,P&R Including Passes > P&R Ball Handler > Left P&R > Baseline > Dribble Off Pick > Defense Commits,P&R Including Passes,P&R Ball Handler,Left P&R,Baseline,Dribble Off Pick,Defense Commits,1,33.3,0.0,,100.0,0.0,0,,,,,,0,,0.0,,,0,0,,0.0,,0.0,0,0,0,,0,0,,0
Tyrrel Tate,Ottawa Blackjacks,2024-2025,offense,P&R ball handler,To Basket,6,Dribble Off Pick,P&R Including Passes > P&R Ball Handler > Left P&R > Baseline > Dribble Off Pick > To Basket,P&R Including Passes,P&R Ball Handler,Left P&R,Baseline,Dribble Off Pick,To Basket,1,33.3,0.0,,100.0,0.0,0,,,,,,0,,0.0,,,0,0,,0.0,,0.0,0,0,0,,0,0,,0
Tyrrel Tate,Ottawa Blackjacks,2024-2025,offense,P&R ball handler,Go Away from Pick,5,Baseline,P&R Including Passes > P&R Ball Handler > Left P&R > Baseline > Go Away from Pick,P&R Including Passes,P&R Ball Handler,Left P&R,Baseline,Go Away from Pick,,1,25.0,3.0,104.2,0.0,100.0,0,,,,100.0,,1,100.0,100.0,,,1,0,,1.4,1.0,100.0,1,1,0,100.0,0,0,0.0,3
Tyrrel Tate,Ottawa Blackjacks,2024-2025,offense,P&R ball handler,Dribble Jumper,6,Go Away from Pick,P&R Including Passes > P&R Ball Handler > Left P&R > Baseline > Go Away from Pick > Dribble Jumper,P&R Including Passes,P&R Ball Handler,Left P&R,Baseline,Go Away from Pick,Dribble Jumper,1,100.0,3.0,104.2,0.0,100.0,0,,,,100.0,,1,100.0,100.0,,,1,0,,1.4,1.0,100.0,1,1,0,100.0,0,0,0.0,3
Tyrrel Tate,Ottawa Blackjacks,2024-2025,offense,P&R ball handler,Right P&R,3,P&R Ball Handler,P&R Including Passes > P&R Ball Handler > Right P&R,P&R Including Passes,P&R Ball Handler,Right P&R,,,,6,16.2,1.0,51.0,0.0,16.7,2,50.0,,,40.0,,5,50.0,16.7,,,2,3,,5.9,0.4,50.0,3,1,2,33.3,1,1,0.4,6
Tyrrel Tate,Ottawa Blackjacks,2024-2025,offense,P&R ball handler,Side,4,Right P&R,P&R Including Passes > P&R Ball Handler > Right P&R > Side,P&R Including Passes,P&R Ball Handler,Right P&R,Side,,,3,50.0,1.333,69.4,0.0,33.3,1,100.0,,,50.0,,2,75.0,33.3,,,1,1,,2.9,1.0,66.7,1,0,1,0.0,1,0,0.5,4
Tyrrel Tate,Ottawa Blackjacks,2024-2025,offense,P&R ball handler,Dribble Off Pick,5,Side,P&R Including Passes > P&R Ball Handler > Right P&R > Side > Dribble Off Pick,P&R Including Passes,P&R Ball Handler,Right P&R,Side,Dribble Off Pick,,2,66.7,0.5,26.6,0.0,50.0,0,,,,0.0,,1,0.0,50.0,,,0,1,,1.9,2.0,50.0,1,0,1,0.0,0,0,0.0,1
Tyrrel Tate,Ottawa Blackjacks,2024-2025,offense,P&R ball handler,Dribble Jumper,6,Dribble Off Pick,P&R Including Passes > P&R Ball Handler > Right P&R > Side > Dribble Off Pick > Dribble Jumper,P&R Including Passes,P&R Ball Handler,Right P&R,Side,Dribble Off Pick,Dribble Jumper,2,100.0,0.5,26.6,0.0,50.0,0,,,,0.0,,1,0.0,50.0,,,0,1,,1.9,2.0,50.0,1,0,1,0.0,0,0,0.0,1
Tyrrel Tate,Ottawa Blackjacks,2024-2025,offense,P&R ball handler,Go Away from Pick,5,Side,P&R Including Passes > P&R Ball Handler > Right P&R > Side > Go Away from Pick,P&R Including Passes,P&R Ball Handler,Right P&R,Side,Go Away from Pick,,1,33.3,3.0,150.0,0.0,0.0,1,100.0,,,100.0,,1,150.0,0.0,,,1,0,,1.0,0.0,100.0,0,0,0,,1,0,1.0,3
Tyrrel Tate,Ottawa Blackjacks,2024-2025,offense,P&R ball handler,Dribble Jumper,6,Go Away from Pick,P&R Including Passes > P&R Ball Handler > Right P&R > Side > Go Away from Pick > Dribble Jumper,P&R Including Passes,P&R Ball Handler,Right P&R,Side,Go Away from Pick,Dribble Jumper,1,100.0,3.0,150.0,0.0,0.0,1,100.0,,,100.0,,1,150.0,0.0,,,1,0,,1.0,0.0,100.0,0,0,0,,1,0,1.0,3
Tyrrel Tate,Ottawa Blackjacks,2024-2025,offense,P&R ball handler,Baseline,4,Right P&R,P&R Including Passes > P&R Ball Handler > Right P&R > Baseline,P&R Including Passes,P&R Ball Handler,Right P&R,Baseline,,,3,50.0,0.667,33.3,0.0,0.0,1,0.0,,,33.3,,3,33.3,0.0,,,1,2,,3.0,0.0,33.3,2,1,1,50.0,0,1,0.33,2
Tyrrel Tate,Ottawa Blackjacks,2024-2025,offense,P&R ball handler,Dribble Off Pick,5,Baseline,P&R Including Passes > P&R Ball Handler > Right P&R > Baseline > Dribble Off Pick,P&R Including Passes,P&R Ball Handler,Right P&R,Baseline,Dribble Off Pick,,3,100.0,0.667,33.3,0.0,0.0,1,0.0,,,33.3,,3,33.3,0.0,,,1,2,,3.0,0.0,33.3,2,1,1,50.0,0,1,0.33,2
Tyrrel Tate,Ottawa Blackjacks,2024-2025,offense,P&R ball handler,Dribble Jumper,6,Dribble Off Pick,P&R Including Passes > P&R Ball Handler > Right P&R > Baseline > Dribble Off Pick > Dribble Jumper,P&R Including Passes,P&R Ball Handler,Right P&R,Baseline,Dribble Off Pick,Dribble Jumper,3,100.0,0.667,33.3,0.0,0.0,1,0.0,,,33.3,,3,33.3,0.0,,,1,2,,3.0,0.0,33.3,2,1,1,50.0,0,1,0.33,2
Tyrrel Tate,Ottawa Blackjacks,2024-2025,offense,P&R ball handler,P&R Roll Man,2,P&R Including Passes,P&R Including Passes > P&R Roll Man,P&R Including Passes,P&R Roll Man,,,,,28,30.1,1.107,62.9,10.7,10.7,1,0.0,,,63.6,,22,63.6,10.7,,,14,8,,24.6,0.27,60.7,21,14,7,66.7,0,1,0.05,31
Tyrrel Tate,Ottawa Blackjacks,2024-2025,offense,P&R ball handler,Rolls to Basket,3,P&R Roll Man,P&R Including Passes > P&R Roll Man > Rolls to Basket,P&R Including Passes,P&R Roll Man,Rolls to Basket,,,,15,53.6,1.067,62.7,13.3,13.3,0,,,,63.6,,11,63.6,13.3,,,7,4,,12.8,0.36,60.0,11,7,4,63.6,0,0,0.0,16
Tyrrel Tate,Ottawa Blackjacks,2024-2025,offense,P&R ball handler,Make 2 Pts,4,Rolls to Basket,P&R Including Passes > P&R Roll Man > Rolls to Basket > Make 2 Pts,P&R Including Passes,P&R Roll Man,Rolls to Basket,Make 2 Pts,,,7,46.7,2.0,100.0,0.0,0.0,0,,,,100.0,,7,100.0,0.0,,,7,0,,7.0,0.0,100.0,7,7,0,100.0,0,0,0.0,14
Tyrrel Tate,Ottawa Blackjacks,2024-2025,offense,P&R ball handler,Miss 2 Pts,4,Rolls to Basket,P&R Including Passes > P&R Roll Man > Rolls to Basket > Miss 2 Pts,P&R Including Passes,P&R Roll Man,Rolls to Basket,Miss 2 Pts,,,4,26.7,0.0,0.0,0.0,0.0,0,,,,0.0,,4,0.0,0.0,,,0,4,,4.0,0.0,0.0,4,0,4,0.0,0,0,0.0,0
Tyrrel Tate,Ottawa Blackjacks,2024-2025,offense,P&R ball handler,Turnover,4,Rolls to Basket,P&R Including Passes > P&R Roll Man > Rolls to Basket > Turnover,P&R Including Passes,P&R Roll Man,Rolls to Basket,Turnover,,,2,13.3,0.0,,100.0,0.0,0,,,,,,0,,0.0,,,0,0,,0.0,,0.0,0,0,0,,0,0,,0
Tyrrel Tate,Ottawa Blackjacks,2024-2025,offense,P&R ball handler,Foul,4,Rolls to Basket,P&R Including Passes > P&R Roll Man > Rolls to Basket > Foul,P&R Including Passes,P&R Roll Man,Rolls to Basket,Foul,,,2,13.3,1.0,56.8,0.0,100.0,0,,,,,,0,,100.0,,,0,0,,1.8,,100.0,0,0,0,,0,0,,2
Tyrrel Tate,Ottawa Blackjacks,2024-2025,offense,P&R ball handler,Slips the Pick,3,P&R Roll Man,P&R Including Passes > P&R Roll Man > Slips the Pick,P&R Including Passes,P&R Roll Man,Slips the Pick,,,,10,35.7,1.3,73.2,10.0,10.0,0,,,,75.0,,8,75.0,10.0,,,6,2,,8.9,0.25,70.0,8,6,2,75.0,0,0,0.0,13
Tyrrel Tate,Ottawa Blackjacks,2024-2025,offense,P&R ball handler,To Basket,4,Slips the Pick,P&R Including Passes > P&R Roll Man > Slips the Pick > To Basket,P&R Including Passes,P&R Roll Man,Slips the Pick,To Basket,,,8,80.0,1.375,69.8,0.0,12.5,0,,,,71.4,,7,71.4,12.5,,,5,2,,7.9,0.29,75.0,7,5,2,71.4,0,0,0.0,11
Tyrrel Tate,Ottawa Blackjacks,2024-2025,offense,P&R ball handler,Make 2 Pts,5,To Basket,P&R Including Passes > P&R Roll Man > Slips the Pick > To Basket > Make 2 Pts,P&R Including Passes,P&R Roll Man,Slips the Pick,To Basket,Make 2 Pts,,5,62.5,2.0,100.0,0.0,0.0,0,,,,100.0,,5,100.0,0.0,,,5,0,,5.0,0.0,100.0,5,5,0,100.0,0,0,0.0,10
Tyrrel Tate,Ottawa Blackjacks,2024-2025,offense,P&R ball handler,Miss 2 Pts,5,To Basket,P&R Including Passes > P&R Roll Man > Slips the Pick > To Basket > Miss 2 Pts,P&R Including Passes,P&R Roll Man,Slips the Pick,To Basket,Miss 2 Pts,,2,25.0,0.0,0.0,0.0,0.0,0,,,,0.0,,2,0.0,0.0,,,0,2,,2.0,0.0,0.0,2,0,2,0.0,0,0,0.0,0
Tyrrel Tate,Ottawa Blackjacks,2024-2025,offense,P&R ball handler,Foul,5,To Basket,P&R Including Passes > P&R Roll Man > Slips the Pick > To Basket > Foul,P&R Including Passes,P&R Roll Man,Slips the Pick,To Basket,Foul,,1,12.5,1.0,56.8,0.0,100.0,0,,,,,,0,,100.0,,,0,0,,0.9,,100.0,0,0,0,,0,0,,1
Tyrrel Tate,Ottawa Blackjacks,2024-2025,offense,P&R ball handler,Turnover,4,Slips the Pick,P&R Including Passes > P&R Roll Man > Slips the Pick > Turnover,P&R Including Passes,P&R Roll Man,Slips the Pick,Turnover,,,1,10.0,0.0,,100.0,0.0,0,,,,,,0,,0.0,,,0,0,,0.0,,0.0,0,0,0,,0,0,,0
Tyrrel Tate,Ottawa Blackjacks,2024-2025,offense,P&R ball handler,No Dribble Jumper,4,Slips the Pick,P&R Including Passes > P&R Roll Man > Slips the Pick > No Dribble Jumper,P&R Including Passes,P&R Roll Man,Slips the Pick,No Dribble Jumper,,,1,10.0,2.0,100.0,0.0,0.0,0,,,,100.0,,1,100.0,0.0,,,1,0,,1.0,0.0,100.0,1,1,0,100.0,0,0,0.0,2
Tyrrel Tate,Ottawa Blackjacks,2024-2025,offense,P&R ball handler,Guarded,5,No Dribble Jumper,P&R Including Passes > P&R Roll Man > Slips the Pick > No Dribble Jumper > Guarded,P&R Including Passes,P&R Roll Man,Slips the Pick,No Dribble Jumper,Guarded,,1,100.0,2.0,100.0,0.0,0.0,0,,,,100.0,,1,100.0,0.0,,,1,0,,1.0,0.0,100.0,1,1,0,100.0,0,0,0.0,2
Tyrrel Tate,Ottawa Blackjacks,2024-2025,offense,P&R ball handler,Short to < 17,6,Guarded,P&R Including Passes > P&R Roll Man > Slips the Pick > No Dribble Jumper > Guarded > Short to < 17,P&R Including Passes,P&R Roll Man,Slips the Pick,No Dribble Jumper,Guarded,Short to < 17,1,100.0,2.0,100.0,0.0,0.0,0,,,,100.0,,1,100.0,0.0,,,1,0,,1.0,0.0,100.0,1,1,0,100.0,0,0,0.0,2
Tyrrel Tate,Ottawa Blackjacks,2024-2025,offense,P&R ball handler,Pick and Pops,3,P&R Roll Man,P&R Including Passes > P&R Roll Man > Pick and Pops,P&R Including Passes,P&R Roll Man,Pick and Pops,,,,3,10.7,0.667,33.3,0.0,0.0,1,0.0,,,33.3,,3,33.3,0.0,,,1,2,,3.0,0.0,33.3,2,1,1,50.0,0,1,0.33,2
Tyrrel Tate,Ottawa Blackjacks,2024-2025,offense,P&R ball handler,No Dribble Jumper,4,Pick and Pops,P&R Including Passes > P&R Roll Man > Pick and Pops > No Dribble Jumper,P&R Including Passes,P&R Roll Man,Pick and Pops,No Dribble Jumper,,,2,66.7,1.0,50.0,0.0,0.0,0,,,,50.0,,2,50.0,0.0,,,1,1,,2.0,0.0,50.0,2,1,1,50.0,0,0,0.0,2
Tyrrel Tate,Ottawa Blackjacks,2024-2025,offense,P&R ball handler,Open,5,No Dribble Jumper,P&R Including Passes > P&R Roll Man > Pick and Pops > No Dribble Jumper > Open,P&R Including Passes,P&R Roll Man,Pick and Pops,No Dribble Jumper,Open,,1,50.0,2.0,100.0,0.0,0.0,0,,,,100.0,,1,100.0,0.0,,,1,0,,1.0,0.0,100.0,1,1,0,100.0,0,0,0.0,2
Tyrrel Tate,Ottawa Blackjacks,2024-2025,offense,P&R ball handler,Medium/17' to 3pt,6,Open,P&R Including Passes > P&R Roll Man > Pick and Pops > No Dribble Jumper > Open > Medium/17' to 3pt,P&R Including Passes,P&R Roll Man,Pick and Pops,No Dribble Jumper,Open,Medium/17' to 3pt,1,100.0,2.0,100.0,0.0,0.0,0,,,,100.0,,1,100.0,0.0,,,1,0,,1.0,0.0,100.0,1,1,0,100.0,0,0,0.0,2
Tyrrel Tate,Ottawa Blackjacks,2024-2025,offense,P&R ball handler,Guarded,5,No Dribble Jumper,P&R Including Passes > P&R Roll Man > Pick and Pops > No Dribble Jumper > Guarded,P&R Including Passes,P&R Roll Man,Pick and Pops,No Dribble Jumper,Guarded,,1,50.0,0.0,0.0,0.0,0.0,0,,,,0.0,,1,0.0,0.0,,,0,1,,1.0,0.0,0.0,1,0,1,0.0,0,0,0.0,0
Tyrrel Tate,Ottawa Blackjacks,2024-2025,offense,P&R ball handler,Medium/17' to 3pt,6,Guarded,P&R Including Passes > P&R Roll Man > Pick and Pops > No Dribble Jumper > Guarded > Medium/17' to 3pt,P&R Including Passes,P&R Roll Man,Pick and Pops,No Dribble Jumper,Guarded,Medium/17' to 3pt,1,100.0,0.0,0.0,0.0,0.0,0,,,,0.0,,1,0.0,0.0,,,0,1,,1.0,0.0,0.0,1,0,1,0.0,0,0,0.0,0
Tyrrel Tate,Ottawa Blackjacks,2024-2025,offense,P&R ball handler,Drives Left,4,Pick and Pops,P&R Including Passes > P&R Roll Man > Pick and Pops > Drives Left,P&R Including Passes,P&R Roll Man,Pick and Pops,Drives Left,,,1,33.3,0.0,0.0,0.0,0.0,1,0.0,,,0.0,,1,0.0,0.0,,,0,1,,1.0,0.0,0.0,0,0,0,,0,1,1.0,0
Tyrrel Tate,Ottawa Blackjacks,2024-2025,offense,P&R ball handler,Dribble Jumper,5,Drives Left,P&R Including Passes > P&R Roll Man > Pick and Pops > Drives Left > Dribble Jumper,P&R Including Passes,P&R Roll Man,Pick and Pops,Drives Left,Dribble Jumper,,1,100.0,0.0,0.0,0.0,0.0,1,0.0,,,0.0,,1,0.0,0.0,,,0,1,,1.0,0.0,0.0,0,0,0,,0,1,1.0,0
Tyrrel Tate,Ottawa Blackjacks,2024-2025,offense,P&R ball handler,Long/3pt,6,Dribble Jumper,P&R Including Passes > P&R Roll Man > Pick and Pops > Drives Left > Dribble Jumper > Long/3pt,P&R Including Passes,P&R Roll Man,Pick and Pops,Drives Left,Dribble Jumper,Long/3pt,1,100.0,0.0,0.0,0.0,0.0,1,0.0,,,0.0,,1,0.0,0.0,,,0,1,,1.0,0.0,0.0,0,0,0,,0,1,1.0,0
Tyrrel Tate,Ottawa Blackjacks,2024-2025,offense,P&R ball handler,Spot-Up,2,P&R Including Passes,P&R Including Passes > Spot-Up,P&R Including Passes,Spot-Up,,,,,25,26.9,0.76,44.3,16.0,4.0,15,26.7,,,33.3,,21,42.9,4.0,,,7,14,,21.4,0.05,28.0,6,3,3,50.0,4,11,0.71,19
Tyrrel Tate,Ottawa Blackjacks,2024-2025,offense,P&R ball handler,No Dribble Jumper,3,Spot-Up,P&R Including Passes > Spot-Up > No Dribble Jumper,P&R Including Passes,Spot-Up,No Dribble Jumper,,,,14,56.0,0.643,32.1,0.0,0.0,14,21.4,,,21.4,,14,32.1,0.0,,,3,11,,14.0,0.0,21.4,0,0,0,,3,11,1.0,9
Tyrrel Tate,Ottawa Blackjacks,2024-2025,offense,P&R ball handler,Guarded,4,No Dribble Jumper,P&R Including Passes > Spot-Up > No Dribble Jumper > Guarded,P&R Including Passes,Spot-Up,No Dribble Jumper,Guarded,,,8,57.1,0.75,37.5,0.0,0.0,8,25.0,,,25.0,,8,37.5,0.0,,,2,6,,8.0,0.0,25.0,0,0,0,,2,6,1.0,6
Tyrrel Tate,Ottawa Blackjacks,2024-2025,offense,P&R ball handler,Long/3pt,5,Guarded,P&R Including Passes > Spot-Up > No Dribble Jumper > Guarded > Long/3pt,P&R Including Passes,Spot-Up,No Dribble Jumper,Guarded,Long/3pt,,8,100.0,0.75,37.5,0.0,0.0,8,25.0,,,25.0,,8,37.5,0.0,,,2,6,,8.0,0.0,25.0,0,0,0,,2,6,1.0,6
Tyrrel Tate,Ottawa Blackjacks,2024-2025,offense,P&R ball handler,Miss 3 Pts,6,Long/3pt,P&R Including Passes > Spot-Up > No Dribble Jumper > Guarded > Long/3pt > Miss 3 Pts,P&R Including Passes,Spot-Up,No Dribble Jumper,Guarded,Long/3pt,Miss 3 Pts,6,75.0,0.0,0.0,0.0,0.0,6,0.0,,,0.0,,6,0.0,0.0,,,0,6,,6.0,0.0,0.0,0,0,0,,0,6,1.0,0
Tyrrel Tate,Ottawa Blackjacks,2024-2025,offense,P&R ball handler,Make 3 Pts,6,Long/3pt,P&R Including Passes > Spot-Up > No Dribble Jumper > Guarded > Long/3pt > Make 3 Pts,P&R Including Passes,Spot-Up,No Dribble Jumper,Guarded,Long/3pt,Make 3 Pts,2,25.0,3.0,150.0,0.0,0.0,2,100.0,,,100.0,,2,150.0,0.0,,,2,0,,2.0,0.0,100.0,0,0,0,,2,0,1.0,6
Tyrrel Tate,Ottawa Blackjacks,2024-2025,offense,P&R ball handler,Open,4,No Dribble Jumper,P&R Including Passes > Spot-Up > No Dribble Jumper > Open,P&R Including Passes,Spot-Up,No Dribble Jumper,Open,,,6,42.9,0.5,25.0,0.0,0.0,6,16.7,,,16.7,,6,25.0,0.0,,,1,5,,6.0,0.0,16.7,0,0,0,,1,5,1.0,3
Tyrrel Tate,Ottawa Blackjacks,2024-2025,offense,P&R ball handler,Long/3pt,5,Open,P&R Including Passes > Spot-Up > No Dribble Jumper > Open > Long/3pt,P&R Including Passes,Spot-Up,No Dribble Jumper,Open,Long/3pt,,6,100.0,0.5,25.0,0.0,0.0,6,16.7,,,16.7,,6,25.0,0.0,,,1,5,,6.0,0.0,16.7,0,0,0,,1,5,1.0,3
Tyrrel Tate,Ottawa Blackjacks,2024-2025,offense,P&R ball handler,Miss 3 Pts,6,Long/3pt,P&R Including Passes > Spot-Up > No Dribble Jumper > Open > Long/3pt > Miss 3 Pts,P&R Including Passes,Spot-Up,No Dribble Jumper,Open,Long/3pt,Miss 3 Pts,5,83.3,0.0,0.0,0.0,0.0,5,0.0,,,0.0,,5,0.0,0.0,,,0,5,,5.0,0.0,0.0,0,0,0,,0,5,1.0,0
Tyrrel Tate,Ottawa Blackjacks,2024-2025,offense,P&R ball handler,Make 3 Pts,6,Long/3pt,P&R Including Passes > Spot-Up > No Dribble Jumper > Open > Long/3pt > Make 3 Pts,P&R Including Passes,Spot-Up,No Dribble Jumper,Open,Long/3pt,Make 3 Pts,1,16.7,3.0,150.0,0.0,0.0,1,100.0,,,100.0,,1,150.0,0.0,,,1,0,,1.0,0.0,100.0,0,0,0,,1,0,1.0,3
Tyrrel Tate,Ottawa Blackjacks,2024-2025,offense,P&R ball handler,Drives Right,3,Spot-Up,P&R Including Passes > Spot-Up > Drives Right,P&R Including Passes,Spot-Up,Drives Right,,,,5,20.0,1.2,87.2,40.0,20.0,1,100.0,,,66.7,,3,83.3,20.0,,,2,1,,3.4,0.33,40.0,2,1,1,50.0,1,0,0.33,6
Tyrrel Tate,Ottawa Blackjacks,2024-2025,offense,P&R ball handler,To Basket,4,Drives Right,P&R Including Passes > Spot-Up > Drives Right > To Basket,P&R Including Passes,Spot-Up,Drives Right,To Basket,,,2,40.0,1.5,104.2,50.0,50.0,0,,,,100.0,,1,100.0,50.0,,,1,0,,1.4,1.0,50.0,1,1,0,100.0,0,0,0.0,3
Tyrrel Tate,Ottawa Blackjacks,2024-2025,offense,P&R ball handler,Make 2 Pts Foul,5,To Basket,P&R Including Passes > Spot-Up > Drives Right > To Basket > Make 2 Pts Foul,P&R Including Passes,Spot-Up,Drives Right,To Basket,Make 2 Pts Foul,,1,50.0,3.0,104.2,0.0,100.0,0,,,,100.0,,1,100.0,100.0,,,1,0,,1.4,1.0,100.0,1,1,0,100.0,0,0,0.0,3
Tyrrel Tate,Ottawa Blackjacks,2024-2025,offense,P&R ball handler,1 Pts,6,Make 2 Pts Foul,P&R Including Passes > Spot-Up > Drives Right > To Basket > Make 2 Pts Foul > 1 Pts,P&R Including Passes,Spot-Up,Drives Right,To Basket,Make 2 Pts Foul,1 Pts,1,100.0,3.0,104.2,0.0,100.0,0,,,,100.0,,1,100.0,100.0,,,1,0,,1.4,1.0,100.0,1,1,0,100.0,0,0,0.0,3
Tyrrel Tate,Ottawa Blackjacks,2024-2025,offense,P&R ball handler,Turnover,5,To Basket,P&R Including Passes > Spot-Up > Drives Right > To Basket > Turnover,P&R Including Passes,Spot-Up,Drives Right,To Basket,Turnover,,1,50.0,0.0,,100.0,0.0,0,,,,,,0,,0.0,,,0,0,,0.0,,0.0,0,0,0,,0,0,,0
Tyrrel Tate,Ottawa Blackjacks,2024-2025,offense,P&R ball handler,Dribble Jumper,4,Drives Right,P&R Including Passes > Spot-Up > Drives Right > Dribble Jumper,P&R Including Passes,Spot-Up,Drives Right,Dribble Jumper,,,2,40.0,1.5,75.0,0.0,0.0,1,100.0,,,50.0,,2,75.0,0.0,,,1,1,,2.0,0.0,50.0,1,0,1,0.0,1,0,0.5,3
Tyrrel Tate,Ottawa Blackjacks,2024-2025,offense,P&R ball handler,Long/3pt,5,Dribble Jumper,P&R Including Passes > Spot-Up > Drives Right > Dribble Jumper > Long/3pt,P&R Including Passes,Spot-Up,Drives Right,Dribble Jumper,Long/3pt,,1,50.0,3.0,150.0,0.0,0.0,1,100.0,,,100.0,,1,150.0,0.0,,,1,0,,1.0,0.0,100.0,0,0,0,,1,0,1.0,3
Tyrrel Tate,Ottawa Blackjacks,2024-2025,offense,P&R ball handler,Make 3 Pts,6,Long/3pt,P&R Including Passes > Spot-Up > Drives Right > Dribble Jumper > Long/3pt > Make 3 Pts,P&R Including Passes,Spot-Up,Drives Right,Dribble Jumper,Long/3pt,Make 3 Pts,1,100.0,3.0,150.0,0.0,0.0,1,100.0,,,100.0,,1,150.0,0.0,,,1,0,,1.0,0.0,100.0,0,0,0,,1,0,1.0,3
Tyrrel Tate,Ottawa Blackjacks,2024-2025,offense,P&R ball handler,Short to < 17,5,Dribble Jumper,P&R Including Passes > Spot-Up > Drives Right > Dribble Jumper > Short to < 17,P&R Including Passes,Spot-Up,Drives Right,Dribble Jumper,Short to < 17,,1,50.0,0.0,0.0,0.0,0.0,0,,,,0.0,,1,0.0,0.0,,,0,1,,1.0,0.0,0.0,1,0,1,0.0,0,0,0.0,0
Tyrrel Tate,Ottawa Blackjacks,2024-2025,offense,P&R ball handler,Miss 2 Pts,6,Short to < 17,P&R Including Passes > Spot-Up > Drives Right > Dribble Jumper > Short to < 17 > Miss 2 Pts,P&R Including Passes,Spot-Up,Drives Right,Dribble Jumper,Short to < 17,Miss 2 Pts,1,100.0,0.0,0.0,0.0,0.0,0,,,,0.0,,1,0.0,0.0,,,0,1,,1.0,0.0,0.0,1,0,1,0.0,0,0,0.0,0
Tyrrel Tate,Ottawa Blackjacks,2024-2025,offense,P&R ball handler,Turnover,4,Drives Right,P&R Including Passes > Spot-Up > Drives Right > Turnover,P&R Including Passes,Spot-Up,Drives Right,Turnover,,,1,20.0,0.0,,100.0,0.0,0,,,,,,0,,0.0,,,0,0,,0.0,,0.0,0,0,0,,0,0,,0
Tyrrel Tate,Ottawa Blackjacks,2024-2025,offense,P&R ball handler,Drives Left,3,Spot-Up,P&R Including Passes > Spot-Up > Drives Left,P&R Including Passes,Spot-Up,Drives Left,,,,4,16.0,1.0,66.7,25.0,0.0,0,,,,66.7,,3,66.7,0.0,,,2,1,,3.0,0.0,50.0,3,2,1,66.7,0,0,0.0,4
Tyrrel Tate,Ottawa Blackjacks,2024-2025,offense,P&R ball handler,To Basket,4,Drives Left,P&R Including Passes > Spot-Up > Drives Left > To Basket,P&R Including Passes,Spot-Up,Drives Left,To Basket,,,2,50.0,1.0,50.0,0.0,0.0,0,,,,50.0,,2,50.0,0.0,,,1,1,,2.0,0.0,50.0,2,1,1,50.0,0,0,0.0,2
Tyrrel Tate,Ottawa Blackjacks,2024-2025,offense,P&R ball handler,Make 2 Pts,5,To Basket,P&R Including Passes > Spot-Up > Drives Left > To Basket > Make 2 Pts,P&R Including Passes,Spot-Up,Drives Left,To Basket,Make 2 Pts,,1,50.0,2.0,100.0,0.0,0.0,0,,,,100.0,,1,100.0,0.0,,,1,0,,1.0,0.0,100.0,1,1,0,100.0,0,0,0.0,2
Tyrrel Tate,Ottawa Blackjacks,2024-2025,offense,P&R ball handler,Miss 2 Pts,5,To Basket,P&R Including Passes > Spot-Up > Drives Left > To Basket > Miss 2 Pts,P&R Including Passes,Spot-Up,Drives Left,To Basket,Miss 2 Pts,,1,50.0,0.0,0.0,0.0,0.0,0,,,,0.0,,1,0.0,0.0,,,0,1,,1.0,0.0,0.0,1,0,1,0.0,0,0,0.0,0
Tyrrel Tate,Ottawa Blackjacks,2024-2025,offense,P&R ball handler,Turnover,4,Drives Left,P&R Including Passes > Spot-Up > Drives Left > Turnover,P&R Including Passes,Spot-Up,Drives Left,Turnover,,,1,25.0,0.0,,100.0,0.0,0,,,,,,0,,0.0,,,0,0,,0.0,,0.0,0,0,0,,0,0,,0
Tyrrel Tate,Ottawa Blackjacks,2024-2025,offense,P&R ball handler,Dribble Jumper,4,Drives Left,P&R Including Passes > Spot-Up > Drives Left > Dribble Jumper,P&R Including Passes,Spot-Up,Drives Left,Dribble Jumper,,,1,25.0,2.0,100.0,0.0,0.0,0,,,,100.0,,1,100.0,0.0,,,1,0,,1.0,0.0,100.0,1,1,0,100.0,0,0,0.0,2
Tyrrel Tate,Ottawa Blackjacks,2024-2025,offense,P&R ball handler,Short to < 17,5,Dribble Jumper,P&R Including Passes > Spot-Up > Drives Left > Dribble Jumper > Short to < 17,P&R Including Passes,Spot-Up,Drives Left,Dribble Jumper,Short to < 17,,1,100.0,2.0,100.0,0.0,0.0,0,,,,100.0,,1,100.0,0.0,,,1,0,,1.0,0.0,100.0,1,1,0,100.0,0,0,0.0,2
Tyrrel Tate,Ottawa Blackjacks,2024-2025,offense,P&R ball handler,Make 2 Pts,6,Short to < 17,P&R Including Passes > Spot-Up > Drives Left > Dribble Jumper > Short to < 17 > Make 2 Pts,P&R Including Passes,Spot-Up,Drives Left,Dribble Jumper,Short to < 17,Make 2 Pts,1,100.0,2.0,100.0,0.0,0.0,0,,,,100.0,,1,100.0,0.0,,,1,0,,1.0,0.0,100.0,1,1,0,100.0,0,0,0.0,2
Tyrrel Tate,Ottawa Blackjacks,2024-2025,offense,P&R ball handler,Turnover,3,Spot-Up,P&R Including Passes > Spot-Up > Turnover,P&R Including Passes,Spot-Up,Turnover,,,,1,4.0,0.0,,100.0,0.0,0,,,,,,0,,0.0,,,0,0,,0.0,,0.0,0,0,0,,0,0,,0
Tyrrel Tate,Ottawa Blackjacks,2024-2025,offense,P&R ball handler,Drives Straight,3,Spot-Up,P&R Including Passes > Spot-Up > Drives Straight,P&R Including Passes,Spot-Up,Drives Straight,,,,1,4.0,0.0,0.0,0.0,0.0,0,,,,0.0,,1,0.0,0.0,,,0,1,,1.0,0.0,0.0,1,0,1,0.0,0,0,0.0,0
Tyrrel Tate,Ottawa Blackjacks,2024-2025,offense,P&R ball handler,To Basket,4,Drives Straight,P&R Including Passes > Spot-Up > Drives Straight > To Basket,P&R Including Passes,Spot-Up,Drives Straight,To Basket,,,1,100.0,0.0,0.0,0.0,0.0,0,,,,0.0,,1,0.0,0.0,,,0,1,,1.0,0.0,0.0,1,0,1,0.0,0,0,0.0,0
Tyrrel Tate,Ottawa Blackjacks,2024-2025,offense,P&R ball handler,Miss 2 Pts,5,To Basket,P&R Including Passes > Spot-Up > Drives Straight > To Basket > Miss 2 Pts,P&R Including Passes,Spot-Up,Drives Straight,To Basket,Miss 2 Pts,,1,100.0,0.0,0.0,0.0,0.0,0,,,,0.0,,1,0.0,0.0,,,0,1,,1.0,0.0,0.0,1,0,1,0.0,0,0,0.0,0
Tyrrel Tate,Ottawa Blackjacks,2024-2025,offense,P&R ball handler,Cut,2,P&R Including Passes,P&R Including Passes > Cut,P&R Including Passes,Cut,,,,,3,3.2,1.667,86.8,0.0,33.3,0,,,,100.0,,2,100.0,33.3,,,2,0,,2.9,1.0,100.0,2,2,0,100.0,0,0,0.0,5
Tyrrel Tate,Ottawa Blackjacks,2024-2025,offense,P&R ball handler,Basket,3,Cut,P&R Including Passes > Cut > Basket,P&R Including Passes,Cut,Basket,,,,2,66.7,2.0,100.0,0.0,0.0,0,,,,100.0,,2,100.0,0.0,,,2,0,,2.0,0.0,100.0,2,2,0,100.0,0,0,0.0,4
Tyrrel Tate,Ottawa Blackjacks,2024-2025,offense,P&R ball handler,Make 2 Pts,4,Basket,P&R Including Passes > Cut > Basket > Make 2 Pts,P&R Including Passes,Cut,Basket,Make 2 Pts,,,2,100.0,2.0,100.0,0.0,0.0,0,,,,100.0,,2,100.0,0.0,,,2,0,,2.0,0.0,100.0,2,2,0,100.0,0,0,0.0,4
Tyrrel Tate,Ottawa Blackjacks,2024-2025,offense,P&R ball handler,Flash,3,Cut,P&R Including Passes > Cut > Flash,P&R Including Passes,Cut,Flash,,,,1,33.3,1.0,56.8,0.0,100.0,0,,,,,,0,,100.0,,,0,0,,0.9,,100.0,0,0,0,,0,0,,1
Tyrrel Tate,Ottawa Blackjacks,2024-2025,offense,P&R ball handler,Foul,4,Flash,P&R Including Passes > Cut > Flash > Foul,P&R Including Passes,Cut,Flash,Foul,,,1,100.0,1.0,56.8,0.0,100.0,0,,,,,,0,,100.0,,,0,0,,0.9,,100.0,0,0,0,,0,0,,1
Tyrrel Tate,Ottawa Blackjacks,2024-2025,offense,P&R ball handler,P&R BH - Defense Commits,1,,P&R BH - Defense Commits,P&R BH - Defense Commits,,,,,,62,24.5,0.887,56.2,21.0,8.1,16,25.0,Average,44.0,51.1,56.0,45,55.6,8.1,,,23,22,,49.0,0.2,43.5,29,19,10,65.5,4,12,0.36,55
Tyrrel Tate,Ottawa Blackjacks,2024-2025,offense,P&R ball handler,P&R Roll Man,2,P&R BH - Defense Commits,P&R BH - Defense Commits > P&R Roll Man,P&R BH - Defense Commits,P&R Roll Man,,,,,28,45.2,1.107,62.9,10.7,10.7,1,0.0,,,63.6,,22,63.6,10.7,,,14,8,,24.6,0.27,60.7,21,14,7,66.7,0,1,0.05,31
Tyrrel Tate,Ottawa Blackjacks,2024-2025,offense,P&R ball handler,Rolls to Basket,3,P&R Roll Man,P&R BH - Defense Commits > P&R Roll Man > Rolls to Basket,P&R BH - Defense Commits,P&R Roll Man,Rolls to Basket,,,,15,53.6,1.067,62.7,13.3,13.3,0,,,,63.6,,11,63.6,13.3,,,7,4,,12.8,0.36,60.0,11,7,4,63.6,0,0,0.0,16
Tyrrel Tate,Ottawa Blackjacks,2024-2025,offense,P&R ball handler,Make 2 Pts,4,Rolls to Basket,P&R BH - Defense Commits > P&R Roll Man > Rolls to Basket > Make 2 Pts,P&R BH - Defense Commits,P&R Roll Man,Rolls to Basket,Make 2 Pts,,,7,46.7,2.0,100.0,0.0,0.0,0,,,,100.0,,7,100.0,0.0,,,7,0,,7.0,0.0,100.0,7,7,0,100.0,0,0,0.0,14
Tyrrel Tate,Ottawa Blackjacks,2024-2025,offense,P&R ball handler,Miss 2 Pts,4,Rolls to Basket,P&R BH - Defense Commits > P&R Roll Man > Rolls to Basket > Miss 2 Pts,P&R BH - Defense Commits,P&R Roll Man,Rolls to Basket,Miss 2 Pts,,,4,26.7,0.0,0.0,0.0,0.0,0,,,,0.0,,4,0.0,0.0,,,0,4,,4.0,0.0,0.0,4,0,4,0.0,0,0,0.0,0
Tyrrel Tate,Ottawa Blackjacks,2024-2025,offense,P&R ball handler,Foul,4,Rolls to Basket,P&R BH - Defense Commits > P&R Roll Man > Rolls to Basket > Foul,P&R BH - Defense Commits,P&R Roll Man,Rolls to Basket,Foul,,,2,13.3,1.0,56.8,0.0,100.0,0,,,,,,0,,100.0,,,0,0,,1.8,,100.0,0,0,0,,0,0,,2
Tyrrel Tate,Ottawa Blackjacks,2024-2025,offense,P&R ball handler,Turnover,4,Rolls to Basket,P&R BH - Defense Commits > P&R Roll Man > Rolls to Basket > Turnover,P&R BH - Defense Commits,P&R Roll Man,Rolls to Basket,Turnover,,,2,13.3,0.0,,100.0,0.0,0,,,,,,0,,0.0,,,0,0,,0.0,,0.0,0,0,0,,0,0,,0
Tyrrel Tate,Ottawa Blackjacks,2024-2025,offense,P&R ball handler,Slips the Pick,3,P&R Roll Man,P&R BH - Defense Commits > P&R Roll Man > Slips the Pick,P&R BH - Defense Commits,P&R Roll Man,Slips the Pick,,,,10,35.7,1.3,73.2,10.0,10.0,0,,,,75.0,,8,75.0,10.0,,,6,2,,8.9,0.25,70.0,8,6,2,75.0,0,0,0.0,13
Tyrrel Tate,Ottawa Blackjacks,2024-2025,offense,P&R ball handler,To Basket,4,Slips the Pick,P&R BH - Defense Commits > P&R Roll Man > Slips the Pick > To Basket,P&R BH - Defense Commits,P&R Roll Man,Slips the Pick,To Basket,,,8,80.0,1.375,69.8,0.0,12.5,0,,,,71.4,,7,71.4,12.5,,,5,2,,7.9,0.29,75.0,7,5,2,71.4,0,0,0.0,11
Tyrrel Tate,Ottawa Blackjacks,2024-2025,offense,P&R ball handler,Make 2 Pts,5,To Basket,P&R BH - Defense Commits > P&R Roll Man > Slips the Pick > To Basket > Make 2 Pts,P&R BH - Defense Commits,P&R Roll Man,Slips the Pick,To Basket,Make 2 Pts,,5,62.5,2.0,100.0,0.0,0.0,0,,,,100.0,,5,100.0,0.0,,,5,0,,5.0,0.0,100.0,5,5,0,100.0,0,0,0.0,10
Tyrrel Tate,Ottawa Blackjacks,2024-2025,offense,P&R ball handler,Miss 2 Pts,5,To Basket,P&R BH - Defense Commits > P&R Roll Man > Slips the Pick > To Basket > Miss 2 Pts,P&R BH - Defense Commits,P&R Roll Man,Slips the Pick,To Basket,Miss 2 Pts,,2,25.0,0.0,0.0,0.0,0.0,0,,,,0.0,,2,0.0,0.0,,,0,2,,2.0,0.0,0.0,2,0,2,0.0,0,0,0.0,0
Tyrrel Tate,Ottawa Blackjacks,2024-2025,offense,P&R ball handler,Foul,5,To Basket,P&R BH - Defense Commits > P&R Roll Man > Slips the Pick > To Basket > Foul,P&R BH - Defense Commits,P&R Roll Man,Slips the Pick,To Basket,Foul,,1,12.5,1.0,56.8,0.0,100.0,0,,,,,,0,,100.0,,,0,0,,0.9,,100.0,0,0,0,,0,0,,1
Tyrrel Tate,Ottawa Blackjacks,2024-2025,offense,P&R ball handler,Turnover,4,Slips the Pick,P&R BH - Defense Commits > P&R Roll Man > Slips the Pick > Turnover,P&R BH - Defense Commits,P&R Roll Man,Slips the Pick,Turnover,,,1,10.0,0.0,,100.0,0.0,0,,,,,,0,,0.0,,,0,0,,0.0,,0.0,0,0,0,,0,0,,0
Tyrrel Tate,Ottawa Blackjacks,2024-2025,offense,P&R ball handler,No Dribble Jumper,4,Slips the Pick,P&R BH - Defense Commits > P&R Roll Man > Slips the Pick > No Dribble Jumper,P&R BH - Defense Commits,P&R Roll Man,Slips the Pick,No Dribble Jumper,,,1,10.0,2.0,100.0,0.0,0.0,0,,,,100.0,,1,100.0,0.0,,,1,0,,1.0,0.0,100.0,1,1,0,100.0,0,0,0.0,2
Tyrrel Tate,Ottawa Blackjacks,2024-2025,offense,P&R ball handler,Guarded,5,No Dribble Jumper,P&R BH - Defense Commits > P&R Roll Man > Slips the Pick > No Dribble Jumper > Guarded,P&R BH - Defense Commits,P&R Roll Man,Slips the Pick,No Dribble Jumper,Guarded,,1,100.0,2.0,100.0,0.0,0.0,0,,,,100.0,,1,100.0,0.0,,,1,0,,1.0,0.0,100.0,1,1,0,100.0,0,0,0.0,2
Tyrrel Tate,Ottawa Blackjacks,2024-2025,offense,P&R ball handler,Short to < 17,6,Guarded,P&R BH - Defense Commits > P&R Roll Man > Slips the Pick > No Dribble Jumper > Guarded > Short to < 17,P&R BH - Defense Commits,P&R Roll Man,Slips the Pick,No Dribble Jumper,Guarded,Short to < 17,1,100.0,2.0,100.0,0.0,0.0,0,,,,100.0,,1,100.0,0.0,,,1,0,,1.0,0.0,100.0,1,1,0,100.0,0,0,0.0,2
Tyrrel Tate,Ottawa Blackjacks,2024-2025,offense,P&R ball handler,Pick and Pops,3,P&R Roll Man,P&R BH - Defense Commits > P&R Roll Man > Pick and Pops,P&R BH - Defense Commits,P&R Roll Man,Pick and Pops,,,,3,10.7,0.667,33.3,0.0,0.0,1,0.0,,,33.3,,3,33.3,0.0,,,1,2,,3.0,0.0,33.3,2,1,1,50.0,0,1,0.33,2
Tyrrel Tate,Ottawa Blackjacks,2024-2025,offense,P&R ball handler,No Dribble Jumper,4,Pick and Pops,P&R BH - Defense Commits > P&R Roll Man > Pick and Pops > No Dribble Jumper,P&R BH - Defense Commits,P&R Roll Man,Pick and Pops,No Dribble Jumper,,,2,66.7,1.0,50.0,0.0,0.0,0,,,,50.0,,2,50.0,0.0,,,1,1,,2.0,0.0,50.0,2,1,1,50.0,0,0,0.0,2
Tyrrel Tate,Ottawa Blackjacks,2024-2025,offense,P&R ball handler,Guarded,5,No Dribble Jumper,P&R BH - Defense Commits > P&R Roll Man > Pick and Pops > No Dribble Jumper > Guarded,P&R BH - Defense Commits,P&R Roll Man,Pick and Pops,No Dribble Jumper,Guarded,,1,50.0,0.0,0.0,0.0,0.0,0,,,,0.0,,1,0.0,0.0,,,0,1,,1.0,0.0,0.0,1,0,1,0.0,0,0,0.0,0
Tyrrel Tate,Ottawa Blackjacks,2024-2025,offense,P&R ball handler,Medium/17' to 3pt,6,Guarded,P&R BH - Defense Commits > P&R Roll Man > Pick and Pops > No Dribble Jumper > Guarded > Medium/17' to 3pt,P&R BH - Defense Commits,P&R Roll Man,Pick and Pops,No Dribble Jumper,Guarded,Medium/17' to 3pt,1,100.0,0.0,0.0,0.0,0.0,0,,,,0.0,,1,0.0,0.0,,,0,1,,1.0,0.0,0.0,1,0,1,0.0,0,0,0.0,0
Tyrrel Tate,Ottawa Blackjacks,2024-2025,offense,P&R ball handler,Open,5,No Dribble Jumper,P&R BH - Defense Commits > P&R Roll Man > Pick and Pops > No Dribble Jumper > Open,P&R BH - Defense Commits,P&R Roll Man,Pick and Pops,No Dribble Jumper,Open,,1,50.0,2.0,100.0,0.0,0.0,0,,,,100.0,,1,100.0,0.0,,,1,0,,1.0,0.0,100.0,1,1,0,100.0,0,0,0.0,2
Tyrrel Tate,Ottawa Blackjacks,2024-2025,offense,P&R ball handler,Medium/17' to 3pt,6,Open,P&R BH - Defense Commits > P&R Roll Man > Pick and Pops > No Dribble Jumper > Open > Medium/17' to 3pt,P&R BH - Defense Commits,P&R Roll Man,Pick and Pops,No Dribble Jumper,Open,Medium/17' to 3pt,1,100.0,2.0,100.0,0.0,0.0,0,,,,100.0,,1,100.0,0.0,,,1,0,,1.0,0.0,100.0,1,1,0,100.0,0,0,0.0,2
Tyrrel Tate,Ottawa Blackjacks,2024-2025,offense,P&R ball handler,Drives Left,4,Pick and Pops,P&R BH - Defense Commits > P&R Roll Man > Pick and Pops > Drives Left,P&R BH - Defense Commits,P&R Roll Man,Pick and Pops,Drives Left,,,1,33.3,0.0,0.0,0.0,0.0,1,0.0,,,0.0,,1,0.0,0.0,,,0,1,,1.0,0.0,0.0,0,0,0,,0,1,1.0,0
Tyrrel Tate,Ottawa Blackjacks,2024-2025,offense,P&R ball handler,Dribble Jumper,5,Drives Left,P&R BH - Defense Commits > P&R Roll Man > Pick and Pops > Drives Left > Dribble Jumper,P&R BH - Defense Commits,P&R Roll Man,Pick and Pops,Drives Left,Dribble Jumper,,1,100.0,0.0,0.0,0.0,0.0,1,0.0,,,0.0,,1,0.0,0.0,,,0,1,,1.0,0.0,0.0,0,0,0,,0,1,1.0,0
Tyrrel Tate,Ottawa Blackjacks,2024-2025,offense,P&R ball handler,Long/3pt,6,Dribble Jumper,P&R BH - Defense Commits > P&R Roll Man > Pick and Pops > Drives Left > Dribble Jumper > Long/3pt,P&R BH - Defense Commits,P&R Roll Man,Pick and Pops,Drives Left,Dribble Jumper,Long/3pt,1,100.0,0.0,0.0,0.0,0.0,1,0.0,,,0.0,,1,0.0,0.0,,,0,1,,1.0,0.0,0.0,0,0,0,,0,1,1.0,0
Tyrrel Tate,Ottawa Blackjacks,2024-2025,offense,P&R ball handler,Spot-Up,2,P&R BH - Defense Commits,P&R BH - Defense Commits > Spot-Up,P&R BH - Defense Commits,Spot-Up,,,,,25,40.3,0.76,44.3,16.0,4.0,15,26.7,,,33.3,,21,42.9,4.0,,,7,14,,21.4,0.05,28.0,6,3,3,50.0,4,11,0.71,19
Tyrrel Tate,Ottawa Blackjacks,2024-2025,offense,P&R ball handler,No Dribble Jumper,3,Spot-Up,P&R BH - Defense Commits > Spot-Up > No Dribble Jumper,P&R BH - Defense Commits,Spot-Up,No Dribble Jumper,,,,14,56.0,0.643,32.1,0.0,0.0,14,21.4,,,21.4,,14,32.1,0.0,,,3,11,,14.0,0.0,21.4,0,0,0,,3,11,1.0,9
Tyrrel Tate,Ottawa Blackjacks,2024-2025,offense,P&R ball handler,Guarded,4,No Dribble Jumper,P&R BH - Defense Commits > Spot-Up > No Dribble Jumper > Guarded,P&R BH - Defense Commits,Spot-Up,No Dribble Jumper,Guarded,,,8,57.1,0.75,37.5,0.0,0.0,8,25.0,,,25.0,,8,37.5,0.0,,,2,6,,8.0,0.0,25.0,0,0,0,,2,6,1.0,6
Tyrrel Tate,Ottawa Blackjacks,2024-2025,offense,P&R ball handler,Long/3pt,5,Guarded,P&R BH - Defense Commits > Spot-Up > No Dribble Jumper > Guarded > Long/3pt,P&R BH - Defense Commits,Spot-Up,No Dribble Jumper,Guarded,Long/3pt,,8,100.0,0.75,37.5,0.0,0.0,8,25.0,,,25.0,,8,37.5,0.0,,,2,6,,8.0,0.0,25.0,0,0,0,,2,6,1.0,6
Tyrrel Tate,Ottawa Blackjacks,2024-2025,offense,P&R ball handler,Miss 3 Pts,6,Long/3pt,P&R BH - Defense Commits > Spot-Up > No Dribble Jumper > Guarded > Long/3pt > Miss 3 Pts,P&R BH - Defense Commits,Spot-Up,No Dribble Jumper,Guarded,Long/3pt,Miss 3 Pts,6,75.0,0.0,0.0,0.0,0.0,6,0.0,,,0.0,,6,0.0,0.0,,,0,6,,6.0,0.0,0.0,0,0,0,,0,6,1.0,0
Tyrrel Tate,Ottawa Blackjacks,2024-2025,offense,P&R ball handler,Make 3 Pts,6,Long/3pt,P&R BH - Defense Commits > Spot-Up > No Dribble Jumper > Guarded > Long/3pt > Make 3 Pts,P&R BH - Defense Commits,Spot-Up,No Dribble Jumper,Guarded,Long/3pt,Make 3 Pts,2,25.0,3.0,150.0,0.0,0.0,2,100.0,,,100.0,,2,150.0,0.0,,,2,0,,2.0,0.0,100.0,0,0,0,,2,0,1.0,6
Tyrrel Tate,Ottawa Blackjacks,2024-2025,offense,P&R ball handler,Open,4,No Dribble Jumper,P&R BH - Defense Commits > Spot-Up > No Dribble Jumper > Open,P&R BH - Defense Commits,Spot-Up,No Dribble Jumper,Open,,,6,42.9,0.5,25.0,0.0,0.0,6,16.7,,,16.7,,6,25.0,0.0,,,1,5,,6.0,0.0,16.7,0,0,0,,1,5,1.0,3
Tyrrel Tate,Ottawa Blackjacks,2024-2025,offense,P&R ball handler,Long/3pt,5,Open,P&R BH - Defense Commits > Spot-Up > No Dribble Jumper > Open > Long/3pt,P&R BH - Defense Commits,Spot-Up,No Dribble Jumper,Open,Long/3pt,,6,100.0,0.5,25.0,0.0,0.0,6,16.7,,,16.7,,6,25.0,0.0,,,1,5,,6.0,0.0,16.7,0,0,0,,1,5,1.0,3
Tyrrel Tate,Ottawa Blackjacks,2024-2025,offense,P&R ball handler,Miss 3 Pts,6,Long/3pt,P&R BH - Defense Commits > Spot-Up > No Dribble Jumper > Open > Long/3pt > Miss 3 Pts,P&R BH - Defense Commits,Spot-Up,No Dribble Jumper,Open,Long/3pt,Miss 3 Pts,5,83.3,0.0,0.0,0.0,0.0,5,0.0,,,0.0,,5,0.0,0.0,,,0,5,,5.0,0.0,0.0,0,0,0,,0,5,1.0,0
Tyrrel Tate,Ottawa Blackjacks,2024-2025,offense,P&R ball handler,Make 3 Pts,6,Long/3pt,P&R BH - Defense Commits > Spot-Up > No Dribble Jumper > Open > Long/3pt > Make 3 Pts,P&R BH - Defense Commits,Spot-Up,No Dribble Jumper,Open,Long/3pt,Make 3 Pts,1,16.7,3.0,150.0,0.0,0.0,1,100.0,,,100.0,,1,150.0,0.0,,,1,0,,1.0,0.0,100.0,0,0,0,,1,0,1.0,3
Tyrrel Tate,Ottawa Blackjacks,2024-2025,offense,P&R ball handler,Drives Right,3,Spot-Up,P&R BH - Defense Commits > Spot-Up > Drives Right,P&R BH - Defense Commits,Spot-Up,Drives Right,,,,5,20.0,1.2,87.2,40.0,20.0,1,100.0,,,66.7,,3,83.3,20.0,,,2,1,,3.4,0.33,40.0,2,1,1,50.0,1,0,0.33,6
Tyrrel Tate,Ottawa Blackjacks,2024-2025,offense,P&R ball handler,To Basket,4,Drives Right,P&R BH - Defense Commits > Spot-Up > Drives Right > To Basket,P&R BH - Defense Commits,Spot-Up,Drives Right,To Basket,,,2,40.0,1.5,104.2,50.0,50.0,0,,,,100.0,,1,100.0,50.0,,,1,0,,1.4,1.0,50.0,1,1,0,100.0,0,0,0.0,3
Tyrrel Tate,Ottawa Blackjacks,2024-2025,offense,P&R ball handler,Make 2 Pts Foul,5,To Basket,P&R BH - Defense Commits > Spot-Up > Drives Right > To Basket > Make 2 Pts Foul,P&R BH - Defense Commits,Spot-Up,Drives Right,To Basket,Make 2 Pts Foul,,1,50.0,3.0,104.2,0.0,100.0,0,,,,100.0,,1,100.0,100.0,,,1,0,,1.4,1.0,100.0,1,1,0,100.0,0,0,0.0,3
Tyrrel Tate,Ottawa Blackjacks,2024-2025,offense,P&R ball handler,1 Pts,6,Make 2 Pts Foul,P&R BH - Defense Commits > Spot-Up > Drives Right > To Basket > Make 2 Pts Foul > 1 Pts,P&R BH - Defense Commits,Spot-Up,Drives Right,To Basket,Make 2 Pts Foul,1 Pts,1,100.0,3.0,104.2,0.0,100.0,0,,,,100.0,,1,100.0,100.0,,,1,0,,1.4,1.0,100.0,1,1,0,100.0,0,0,0.0,3
Tyrrel Tate,Ottawa Blackjacks,2024-2025,offense,P&R ball handler,Turnover,5,To Basket,P&R BH - Defense Commits > Spot-Up > Drives Right > To Basket > Turnover,P&R BH - Defense Commits,Spot-Up,Drives Right,To Basket,Turnover,,1,50.0,0.0,,100.0,0.0,0,,,,,,0,,0.0,,,0,0,,0.0,,0.0,0,0,0,,0,0,,0
Tyrrel Tate,Ottawa Blackjacks,2024-2025,offense,P&R ball handler,Dribble Jumper,4,Drives Right,P&R BH - Defense Commits > Spot-Up > Drives Right > Dribble Jumper,P&R BH - Defense Commits,Spot-Up,Drives Right,Dribble Jumper,,,2,40.0,1.5,75.0,0.0,0.0,1,100.0,,,50.0,,2,75.0,0.0,,,1,1,,2.0,0.0,50.0,1,0,1,0.0,1,0,0.5,3
Tyrrel Tate,Ottawa Blackjacks,2024-2025,offense,P&R ball handler,Long/3pt,5,Dribble Jumper,P&R BH - Defense Commits > Spot-Up > Drives Right > Dribble Jumper > Long/3pt,P&R BH - Defense Commits,Spot-Up,Drives Right,Dribble Jumper,Long/3pt,,1,50.0,3.0,150.0,0.0,0.0,1,100.0,,,100.0,,1,150.0,0.0,,,1,0,,1.0,0.0,100.0,0,0,0,,1,0,1.0,3
Tyrrel Tate,Ottawa Blackjacks,2024-2025,offense,P&R ball handler,Make 3 Pts,6,Long/3pt,P&R BH - Defense Commits > Spot-Up > Drives Right > Dribble Jumper > Long/3pt > Make 3 Pts,P&R BH - Defense Commits,Spot-Up,Drives Right,Dribble Jumper,Long/3pt,Make 3 Pts,1,100.0,3.0,150.0,0.0,0.0,1,100.0,,,100.0,,1,150.0,0.0,,,1,0,,1.0,0.0,100.0,0,0,0,,1,0,1.0,3
Tyrrel Tate,Ottawa Blackjacks,2024-2025,offense,P&R ball handler,Short to < 17,5,Dribble Jumper,P&R BH - Defense Commits > Spot-Up > Drives Right > Dribble Jumper > Short to < 17,P&R BH - Defense Commits,Spot-Up,Drives Right,Dribble Jumper,Short to < 17,,1,50.0,0.0,0.0,0.0,0.0,0,,,,0.0,,1,0.0,0.0,,,0,1,,1.0,0.0,0.0,1,0,1,0.0,0,0,0.0,0
Tyrrel Tate,Ottawa Blackjacks,2024-2025,offense,P&R ball handler,Miss 2 Pts,6,Short to < 17,P&R BH - Defense Commits > Spot-Up > Drives Right > Dribble Jumper > Short to < 17 > Miss 2 Pts,P&R BH - Defense Commits,Spot-Up,Drives Right,Dribble Jumper,Short to < 17,Miss 2 Pts,1,100.0,0.0,0.0,0.0,0.0,0,,,,0.0,,1,0.0,0.0,,,0,1,,1.0,0.0,0.0,1,0,1,0.0,0,0,0.0,0
Tyrrel Tate,Ottawa Blackjacks,2024-2025,offense,P&R ball handler,Turnover,4,Drives Right,P&R BH - Defense Commits > Spot-Up > Drives Right > Turnover,P&R BH - Defense Commits,Spot-Up,Drives Right,Turnover,,,1,20.0,0.0,,100.0,0.0,0,,,,,,0,,0.0,,,0,0,,0.0,,0.0,0,0,0,,0,0,,0
Tyrrel Tate,Ottawa Blackjacks,2024-2025,offense,P&R ball handler,Drives Left,3,Spot-Up,P&R BH - Defense Commits > Spot-Up > Drives Left,P&R BH - Defense Commits,Spot-Up,Drives Left,,,,4,16.0,1.0,66.7,25.0,0.0,0,,,,66.7,,3,66.7,0.0,,,2,1,,3.0,0.0,50.0,3,2,1,66.7,0,0,0.0,4
Tyrrel Tate,Ottawa Blackjacks,2024-2025,offense,P&R ball handler,To Basket,4,Drives Left,P&R BH - Defense Commits > Spot-Up > Drives Left > To Basket,P&R BH - Defense Commits,Spot-Up,Drives Left,To Basket,,,2,50.0,1.0,50.0,0.0,0.0,0,,,,50.0,,2,50.0,0.0,,,1,1,,2.0,0.0,50.0,2,1,1,50.0,0,0,0.0,2
Tyrrel Tate,Ottawa Blackjacks,2024-2025,offense,P&R ball handler,Make 2 Pts,5,To Basket,P&R BH - Defense Commits > Spot-Up > Drives Left > To Basket > Make 2 Pts,P&R BH - Defense Commits,Spot-Up,Drives Left,To Basket,Make 2 Pts,,1,50.0,2.0,100.0,0.0,0.0,0,,,,100.0,,1,100.0,0.0,,,1,0,,1.0,0.0,100.0,1,1,0,100.0,0,0,0.0,2
Tyrrel Tate,Ottawa Blackjacks,2024-2025,offense,P&R ball handler,Miss 2 Pts,5,To Basket,P&R BH - Defense Commits > Spot-Up > Drives Left > To Basket > Miss 2 Pts,P&R BH - Defense Commits,Spot-Up,Drives Left,To Basket,Miss 2 Pts,,1,50.0,0.0,0.0,0.0,0.0,0,,,,0.0,,1,0.0,0.0,,,0,1,,1.0,0.0,0.0,1,0,1,0.0,0,0,0.0,0
Tyrrel Tate,Ottawa Blackjacks,2024-2025,offense,P&R ball handler,Dribble Jumper,4,Drives Left,P&R BH - Defense Commits > Spot-Up > Drives Left > Dribble Jumper,P&R BH - Defense Commits,Spot-Up,Drives Left,Dribble Jumper,,,1,25.0,2.0,100.0,0.0,0.0,0,,,,100.0,,1,100.0,0.0,,,1,0,,1.0,0.0,100.0,1,1,0,100.0,0,0,0.0,2
Tyrrel Tate,Ottawa Blackjacks,2024-2025,offense,P&R ball handler,Short to < 17,5,Dribble Jumper,P&R BH - Defense Commits > Spot-Up > Drives Left > Dribble Jumper > Short to < 17,P&R BH - Defense Commits,Spot-Up,Drives Left,Dribble Jumper,Short to < 17,,1,100.0,2.0,100.0,0.0,0.0,0,,,,100.0,,1,100.0,0.0,,,1,0,,1.0,0.0,100.0,1,1,0,100.0,0,0,0.0,2
Tyrrel Tate,Ottawa Blackjacks,2024-2025,offense,P&R ball handler,Make 2 Pts,6,Short to < 17,P&R BH - Defense Commits > Spot-Up > Drives Left > Dribble Jumper > Short to < 17 > Make 2 Pts,P&R BH - Defense Commits,Spot-Up,Drives Left,Dribble Jumper,Short to < 17,Make 2 Pts,1,100.0,2.0,100.0,0.0,0.0,0,,,,100.0,,1,100.0,0.0,,,1,0,,1.0,0.0,100.0,1,1,0,100.0,0,0,0.0,2
Tyrrel Tate,Ottawa Blackjacks,2024-2025,offense,P&R ball handler,Turnover,4,Drives Left,P&R BH - Defense Commits > Spot-Up > Drives Left > Turnover,P&R BH - Defense Commits,Spot-Up,Drives Left,Turnover,,,1,25.0,0.0,,100.0,0.0,0,,,,,,0,,0.0,,,0,0,,0.0,,0.0,0,0,0,,0,0,,0
Tyrrel Tate,Ottawa Blackjacks,2024-2025,offense,P&R ball handler,Turnover,3,Spot-Up,P&R BH - Defense Commits > Spot-Up > Turnover,P&R BH - Defense Commits,Spot-Up,Turnover,,,,1,4.0,0.0,,100.0,0.0,0,,,,,,0,,0.0,,,0,0,,0.0,,0.0,0,0,0,,0,0,,0
Tyrrel Tate,Ottawa Blackjacks,2024-2025,offense,P&R ball handler,Drives Straight,3,Spot-Up,P&R BH - Defense Commits > Spot-Up > Drives Straight,P&R BH - Defense Commits,Spot-Up,Drives Straight,,,,1,4.0,0.0,0.0,0.0,0.0,0,,,,0.0,,1,0.0,0.0,,,0,1,,1.0,0.0,0.0,1,0,1,0.0,0,0,0.0,0
Tyrrel Tate,Ottawa Blackjacks,2024-2025,offense,P&R ball handler,To Basket,4,Drives Straight,P&R BH - Defense Commits > Spot-Up > Drives Straight > To Basket,P&R BH - Defense Commits,Spot-Up,Drives Straight,To Basket,,,1,100.0,0.0,0.0,0.0,0.0,0,,,,0.0,,1,0.0,0.0,,,0,1,,1.0,0.0,0.0,1,0,1,0.0,0,0,0.0,0
Tyrrel Tate,Ottawa Blackjacks,2024-2025,offense,P&R ball handler,Miss 2 Pts,5,To Basket,P&R BH - Defense Commits > Spot-Up > Drives Straight > To Basket > Miss 2 Pts,P&R BH - Defense Commits,Spot-Up,Drives Straight,To Basket,Miss 2 Pts,,1,100.0,0.0,0.0,0.0,0.0,0,,,,0.0,,1,0.0,0.0,,,0,1,,1.0,0.0,0.0,1,0,1,0.0,0,0,0.0,0
Tyrrel Tate,Ottawa Blackjacks,2024-2025,offense,P&R ball handler,P&R Ball Handler,2,P&R BH - Defense Commits,P&R BH - Defense Commits > P&R Ball Handler,P&R BH - Defense Commits,P&R Ball Handler,,,,,6,9.7,0.0,,100.0,0.0,0,,,,,,0,,0.0,,,0,0,,0.0,,0.0,0,0,0,,0,0,,0
Tyrrel Tate,Ottawa Blackjacks,2024-2025,offense,P&R ball handler,High P&R,3,P&R Ball Handler,P&R BH - Defense Commits > P&R Ball Handler > High P&R,P&R BH - Defense Commits,P&R Ball Handler,High P&R,,,,5,83.3,0.0,,100.0,0.0,0,,,,,,0,,0.0,,,0,0,,0.0,,0.0,0,0,0,,0,0,,0
Tyrrel Tate,Ottawa Blackjacks,2024-2025,offense,P&R ball handler,Dribble Off Pick,4,High P&R,P&R BH - Defense Commits > P&R Ball Handler > High P&R > Dribble Off Pick,P&R BH - Defense Commits,P&R Ball Handler,High P&R,Dribble Off Pick,,,4,80.0,0.0,,100.0,0.0,0,,,,,,0,,0.0,,,0,0,,0.0,,0.0,0,0,0,,0,0,,0
Tyrrel Tate,Ottawa Blackjacks,2024-2025,offense,P&R ball handler,Defense Commits,5,Dribble Off Pick,P&R BH - Defense Commits > P&R Ball Handler > High P&R > Dribble Off Pick > Defense Commits,P&R BH - Defense Commits,P&R Ball Handler,High P&R,Dribble Off Pick,Defense Commits,,4,100.0,0.0,,100.0,0.0,0,,,,,,0,,0.0,,,0,0,,0.0,,0.0,0,0,0,,0,0,,0
Tyrrel Tate,Ottawa Blackjacks,2024-2025,offense,P&R ball handler,Turnover,6,Defense Commits,P&R BH - Defense Commits > P&R Ball Handler > High P&R > Dribble Off Pick > Defense Commits > Turnover,P&R BH - Defense Commits,P&R Ball Handler,High P&R,Dribble Off Pick,Defense Commits,Turnover,4,100.0,0.0,,100.0,0.0,0,,,,,,0,,0.0,,,0,0,,0.0,,0.0,0,0,0,,0,0,,0
Tyrrel Tate,Ottawa Blackjacks,2024-2025,offense,P&R ball handler,Go Away from Pick,4,High P&R,P&R BH - Defense Commits > P&R Ball Handler > High P&R > Go Away from Pick,P&R BH - Defense Commits,P&R Ball Handler,High P&R,Go Away from Pick,,,1,20.0,0.0,,100.0,0.0,0,,,,,,0,,0.0,,,0,0,,0.0,,0.0,0,0,0,,0,0,,0
Tyrrel Tate,Ottawa Blackjacks,2024-2025,offense,P&R ball handler,Defense Commits,5,Go Away from Pick,P&R BH - Defense Commits > P&R Ball Handler > High P&R > Go Away from Pick > Defense Commits,P&R BH - Defense Commits,P&R Ball Handler,High P&R,Go Away from Pick,Defense Commits,,1,100.0,0.0,,100.0,0.0,0,,,,,,0,,0.0,,,0,0,,0.0,,0.0,0,0,0,,0,0,,0
Tyrrel Tate,Ottawa Blackjacks,2024-2025,offense,P&R ball handler,Turnover,6,Defense Commits,P&R BH - Defense Commits > P&R Ball Handler > High P&R > Go Away from Pick > Defense Commits > Turnover,P&R BH - Defense Commits,P&R Ball Handler,High P&R,Go Away from Pick,Defense Commits,Turnover,1,100.0,0.0,,100.0,0.0,0,,,,,,0,,0.0,,,0,0,,0.0,,0.0,0,0,0,,0,0,,0
Tyrrel Tate,Ottawa Blackjacks,2024-2025,offense,P&R ball handler,Left P&R,3,P&R Ball Handler,P&R BH - Defense Commits > P&R Ball Handler > Left P&R,P&R BH - Defense Commits,P&R Ball Handler,Left P&R,,,,1,16.7,0.0,,100.0,0.0,0,,,,,,0,,0.0,,,0,0,,0.0,,0.0,0,0,0,,0,0,,0
Tyrrel Tate,Ottawa Blackjacks,2024-2025,offense,P&R ball handler,Baseline,4,Left P&R,P&R BH - Defense Commits > P&R Ball Handler > Left P&R > Baseline,P&R BH - Defense Commits,P&R Ball Handler,Left P&R,Baseline,,,1,100.0,0.0,,100.0,0.0,0,,,,,,0,,0.0,,,0,0,,0.0,,0.0,0,0,0,,0,0,,0
Tyrrel Tate,Ottawa Blackjacks,2024-2025,offense,P&R ball handler,Dribble Off Pick,5,Baseline,P&R BH - Defense Commits > P&R Ball Handler > Left P&R > Baseline > Dribble Off Pick,P&R BH - Defense Commits,P&R Ball Handler,Left P&R,Baseline,Dribble Off Pick,,1,100.0,0.0,,100.0,0.0,0,,,,,,0,,0.0,,,0,0,,0.0,,0.0,0,0,0,,0,0,,0
Tyrrel Tate,Ottawa Blackjacks,2024-2025,offense,P&R ball handler,Defense Commits,6,Dribble Off Pick,P&R BH - Defense Commits > P&R Ball Handler > Left P&R > Baseline > Dribble Off Pick > Defense Commits,P&R BH - Defense Commits,P&R Ball Handler,Left P&R,Baseline,Dribble Off Pick,Defense Commits,1,100.0,0.0,,100.0,0.0,0,,,,,,0,,0.0,,,0,0,,0.0,,0.0,0,0,0,,0,0,,0
Tyrrel Tate,Ottawa Blackjacks,2024-2025,offense,P&R ball handler,Cut,2,P&R BH - Defense Commits,P&R BH - Defense Commits > Cut,P&R BH - Defense Commits,Cut,,,,,3,4.8,1.667,86.8,0.0,33.3,0,,,,100.0,,2,100.0,33.3,,,2,0,,2.9,1.0,100.0,2,2,0,100.0,0,0,0.0,5
Tyrrel Tate,Ottawa Blackjacks,2024-2025,offense,P&R ball handler,Basket,3,Cut,P&R BH - Defense Commits > Cut > Basket,P&R BH - Defense Commits,Cut,Basket,,,,2,66.7,2.0,100.0,0.0,0.0,0,,,,100.0,,2,100.0,0.0,,,2,0,,2.0,0.0,100.0,2,2,0,100.0,0,0,0.0,4
Tyrrel Tate,Ottawa Blackjacks,2024-2025,offense,P&R ball handler,Make 2 Pts,4,Basket,P&R BH - Defense Commits > Cut > Basket > Make 2 Pts,P&R BH - Defense Commits,Cut,Basket,Make 2 Pts,,,2,100.0,2.0,100.0,0.0,0.0,0,,,,100.0,,2,100.0,0.0,,,2,0,,2.0,0.0,100.0,2,2,0,100.0,0,0,0.0,4
Tyrrel Tate,Ottawa Blackjacks,2024-2025,offense,P&R ball handler,Flash,3,Cut,P&R BH - Defense Commits > Cut > Flash,P&R BH - Defense Commits,Cut,Flash,,,,1,33.3,1.0,56.8,0.0,100.0,0,,,,,,0,,100.0,,,0,0,,0.9,,100.0,0,0,0,,0,0,,1
Tyrrel Tate,Ottawa Blackjacks,2024-2025,offense,P&R ball handler,Foul,4,Flash,P&R BH - Defense Commits > Cut > Flash > Foul,P&R BH - Defense Commits,Cut,Flash,Foul,,,1,100.0,1.0,56.8,0.0,100.0,0,,,,,,0,,100.0,,,0,0,,0.9,,100.0,0,0,0,,0,0,,1
Tyrrel Tate,Ottawa Blackjacks,2024-2025,offense,P&R ball handler,P&R BH - Traps,1,,P&R BH - Traps,P&R BH - Traps,,,,,,0,0.0,,,,,0,,,,,,0,,,,,0,0,,0.0,,,0,0,0,,0,0,,0
Tyrrel Tate,Ottawa Blackjacks,2024-2025,offense,Isolation,ISO Including Passes,1,,ISO Including Passes,ISO Including Passes,,,,,,10,4.0,0.2,11.1,10.0,0.0,3,0.0,Poor,2.0,11.1,0.0,9,11.1,0.0,,,1,8,,9.0,0.0,10.0,6,1,5,16.7,0,3,0.33,2
Tyrrel Tate,Ottawa Blackjacks,2024-2025,offense,Isolation,Isolation,2,ISO Including Passes,ISO Including Passes > Isolation,ISO Including Passes,Isolation,,,,,8,80.0,0.25,12.5,0.0,0.0,2,0.0,,,12.5,,8,12.5,0.0,,,1,7,,8.0,0.0,12.5,6,1,5,16.7,0,2,0.25,2
Tyrrel Tate,Ottawa Blackjacks,2024-2025,offense,Isolation,Left,3,Isolation,ISO Including Passes > Isolation > Left,ISO Including Passes,Isolation,Left,,,,3,37.5,0.667,33.3,0.0,0.0,1,0.0,,,33.3,,3,33.3,0.0,,,1,2,,3.0,0.0,33.3,2,1,1,50.0,0,1,0.33,2
Tyrrel Tate,Ottawa Blackjacks,2024-2025,offense,Isolation,Drives Right,4,Left,ISO Including Passes > Isolation > Left > Drives Right,ISO Including Passes,Isolation,Left,Drives Right,,,2,66.7,1.0,50.0,0.0,0.0,0,,,,50.0,,2,50.0,0.0,,,1,1,,2.0,0.0,50.0,2,1,1,50.0,0,0,0.0,2
Tyrrel Tate,Ottawa Blackjacks,2024-2025,offense,Isolation,To Basket,5,Drives Right,ISO Including Passes > Isolation > Left > Drives Right > To Basket,ISO Including Passes,Isolation,Left,Drives Right,To Basket,,2,100.0,1.0,50.0,0.0,0.0,0,,,,50.0,,2,50.0,0.0,,,1,1,,2.0,0.0,50.0,2,1,1,50.0,0,0,0.0,2
Tyrrel Tate,Ottawa Blackjacks,2024-2025,offense,Isolation,Miss 2 Pts,6,To Basket,ISO Including Passes > Isolation > Left > Drives Right > To Basket > Miss 2 Pts,ISO Including Passes,Isolation,Left,Drives Right,To Basket,Miss 2 Pts,1,50.0,0.0,0.0,0.0,0.0,0,,,,0.0,,1,0.0,0.0,,,0,1,,1.0,0.0,0.0,1,0,1,0.0,0,0,0.0,0
Tyrrel Tate,Ottawa Blackjacks,2024-2025,offense,Isolation,Make 2 Pts,6,To Basket,ISO Including Passes > Isolation > Left > Drives Right > To Basket > Make 2 Pts,ISO Including Passes,Isolation,Left,Drives Right,To Basket,Make 2 Pts,1,50.0,2.0,100.0,0.0,0.0,0,,,,100.0,,1,100.0,0.0,,,1,0,,1.0,0.0,100.0,1,1,0,100.0,0,0,0.0,2
Tyrrel Tate,Ottawa Blackjacks,2024-2025,offense,Isolation,Early Jumper,4,Left,ISO Including Passes > Isolation > Left > Early Jumper,ISO Including Passes,Isolation,Left,Early Jumper,,,1,33.3,0.0,0.0,0.0,0.0,1,0.0,,,0.0,,1,0.0,0.0,,,0,1,,1.0,0.0,0.0,0,0,0,,0,1,1.0,0
Tyrrel Tate,Ottawa Blackjacks,2024-2025,offense,Isolation,Dribble Jumper,5,Early Jumper,ISO Including Passes > Isolation > Left > Early Jumper > Dribble Jumper,ISO Including Passes,Isolation,Left,Early Jumper,Dribble Jumper,,1,100.0,0.0,0.0,0.0,0.0,1,0.0,,,0.0,,1,0.0,0.0,,,0,1,,1.0,0.0,0.0,0,0,0,,0,1,1.0,0
Tyrrel Tate,Ottawa Blackjacks,2024-2025,offense,Isolation,Long/3pt,6,Dribble Jumper,ISO Including Passes > Isolation > Left > Early Jumper > Dribble Jumper > Long/3pt,ISO Including Passes,Isolation,Left,Early Jumper,Dribble Jumper,Long/3pt,1,100.0,0.0,0.0,0.0,0.0,1,0.0,,,0.0,,1,0.0,0.0,,,0,1,,1.0,0.0,0.0,0,0,0,,0,1,1.0,0
Tyrrel Tate,Ottawa Blackjacks,2024-2025,offense,Isolation,Top,3,Isolation,ISO Including Passes > Isolation > Top,ISO Including Passes,Isolation,Top,,,,3,37.5,0.0,0.0,0.0,0.0,0,,,,0.0,,3,0.0,0.0,,,0,3,,3.0,0.0,0.0,3,0,3,0.0,0,0,0.0,0
Tyrrel Tate,Ottawa Blackjacks,2024-2025,offense,Isolation,Drives Left,4,Top,ISO Including Passes > Isolation > Top > Drives Left,ISO Including Passes,Isolation,Top,Drives Left,,,2,66.7,0.0,0.0,0.0,0.0,0,,,,0.0,,2,0.0,0.0,,,0,2,,2.0,0.0,0.0,2,0,2,0.0,0,0,0.0,0
Tyrrel Tate,Ottawa Blackjacks,2024-2025,offense,Isolation,Dribble Jumper,5,Drives Left,ISO Including Passes > Isolation > Top > Drives Left > Dribble Jumper,ISO Including Passes,Isolation,Top,Drives Left,Dribble Jumper,,2,100.0,0.0,0.0,0.0,0.0,0,,,,0.0,,2,0.0,0.0,,,0,2,,2.0,0.0,0.0,2,0,2,0.0,0,0,0.0,0
Tyrrel Tate,Ottawa Blackjacks,2024-2025,offense,Isolation,Medium/17' to 3pt,6,Dribble Jumper,ISO Including Passes > Isolation > Top > Drives Left > Dribble Jumper > Medium/17' to 3pt,ISO Including Passes,Isolation,Top,Drives Left,Dribble Jumper,Medium/17' to 3pt,2,100.0,0.0,0.0,0.0,0.0,0,,,,0.0,,2,0.0,0.0,,,0,2,,2.0,0.0,0.0,2,0,2,0.0,0,0,0.0,0
Tyrrel Tate,Ottawa Blackjacks,2024-2025,offense,Isolation,Drives Right,4,Top,ISO Including Passes > Isolation > Top > Drives Right,ISO Including Passes,Isolation,Top,Drives Right,,,1,33.3,0.0,0.0,0.0,0.0,0,,,,0.0,,1,0.0,0.0,,,0,1,,1.0,0.0,0.0,1,0,1,0.0,0,0,0.0,0
Tyrrel Tate,Ottawa Blackjacks,2024-2025,offense,Isolation,Dribble Jumper,5,Drives Right,ISO Including Passes > Isolation > Top > Drives Right > Dribble Jumper,ISO Including Passes,Isolation,Top,Drives Right,Dribble Jumper,,1,100.0,0.0,0.0,0.0,0.0,0,,,,0.0,,1,0.0,0.0,,,0,1,,1.0,0.0,0.0,1,0,1,0.0,0,0,0.0,0
Tyrrel Tate,Ottawa Blackjacks,2024-2025,offense,Isolation,Short to < 17,6,Dribble Jumper,ISO Including Passes > Isolation > Top > Drives Right > Dribble Jumper > Short to < 17,ISO Including Passes,Isolation,Top,Drives Right,Dribble Jumper,Short to < 17,1,100.0,0.0,0.0,0.0,0.0,0,,,,0.0,,1,0.0,0.0,,,0,1,,1.0,0.0,0.0,1,0,1,0.0,0,0,0.0,0
Tyrrel Tate,Ottawa Blackjacks,2024-2025,offense,Isolation,Right,3,Isolation,ISO Including Passes > Isolation > Right,ISO Including Passes,Isolation,Right,,,,2,25.0,0.0,0.0,0.0,0.0,1,0.0,,,0.0,,2,0.0,0.0,,,0,2,,2.0,0.0,0.0,1,0,1,0.0,0,1,0.5,0
Tyrrel Tate,Ottawa Blackjacks,2024-2025,offense,Isolation,Drives Right,4,Right,ISO Including Passes > Isolation > Right > Drives Right,ISO Including Passes,Isolation,Right,Drives Right,,,1,50.0,0.0,0.0,0.0,0.0,0,,,,0.0,,1,0.0,0.0,,,0,1,,1.0,0.0,0.0,1,0,1,0.0,0,0,0.0,0
Tyrrel Tate,Ottawa Blackjacks,2024-2025,offense,Isolation,Dribble Jumper,5,Drives Right,ISO Including Passes > Isolation > Right > Drives Right > Dribble Jumper,ISO Including Passes,Isolation,Right,Drives Right,Dribble Jumper,,1,100.0,0.0,0.0,0.0,0.0,0,,,,0.0,,1,0.0,0.0,,,0,1,,1.0,0.0,0.0,1,0,1,0.0,0,0,0.0,0
Tyrrel Tate,Ottawa Blackjacks,2024-2025,offense,Isolation,Medium/17' to 3pt,6,Dribble Jumper,ISO Including Passes > Isolation > Right > Drives Right > Dribble Jumper > Medium/17' to 3pt,ISO Including Passes,Isolation,Right,Drives Right,Dribble Jumper,Medium/17' to 3pt,1,100.0,0.0,0.0,0.0,0.0,0,,,,0.0,,1,0.0,0.0,,,0,1,,1.0,0.0,0.0,1,0,1,0.0,0,0,0.0,0
Tyrrel Tate,Ottawa Blackjacks,2024-2025,offense,Isolation,Early Jumper,4,Right,ISO Including Passes > Isolation > Right > Early Jumper,ISO Including Passes,Isolation,Right,Early Jumper,,,1,50.0,0.0,0.0,0.0,0.0,1,0.0,,,0.0,,1,0.0,0.0,,,0,1,,1.0,0.0,0.0,0,0,0,,0,1,1.0,0
Tyrrel Tate,Ottawa Blackjacks,2024-2025,offense,Isolation,Dribble Jumper,5,Early Jumper,ISO Including Passes > Isolation > Right > Early Jumper > Dribble Jumper,ISO Including Passes,Isolation,Right,Early Jumper,Dribble Jumper,,1,100.0,0.0,0.0,0.0,0.0,1,0.0,,,0.0,,1,0.0,0.0,,,0,1,,1.0,0.0,0.0,0,0,0,,0,1,1.0,0
Tyrrel Tate,Ottawa Blackjacks,2024-2025,offense,Isolation,Long/3pt,6,Dribble Jumper,ISO Including Passes > Isolation > Right > Early Jumper > Dribble Jumper > Long/3pt,ISO Including Passes,Isolation,Right,Early Jumper,Dribble Jumper,Long/3pt,1,100.0,0.0,0.0,0.0,0.0,1,0.0,,,0.0,,1,0.0,0.0,,,0,1,,1.0,0.0,0.0,0,0,0,,0,1,1.0,0
Tyrrel Tate,Ottawa Blackjacks,2024-2025,offense,Isolation,Spot-Up,2,ISO Including Passes,ISO Including Passes > Spot-Up,ISO Including Passes,Spot-Up,,,,,2,20.0,0.0,0.0,50.0,0.0,1,0.0,,,0.0,,1,0.0,0.0,,,0,1,,1.0,0.0,0.0,0,0,0,,0,1,1.0,0
Tyrrel Tate,Ottawa Blackjacks,2024-2025,offense,Isolation,No Dribble Jumper,3,Spot-Up,ISO Including Passes > Spot-Up > No Dribble Jumper,ISO Including Passes,Spot-Up,No Dribble Jumper,,,,1,50.0,0.0,0.0,0.0,0.0,1,0.0,,,0.0,,1,0.0,0.0,,,0,1,,1.0,0.0,0.0,0,0,0,,0,1,1.0,0
Tyrrel Tate,Ottawa Blackjacks,2024-2025,offense,Isolation,Guarded,4,No Dribble Jumper,ISO Including Passes > Spot-Up > No Dribble Jumper > Guarded,ISO Including Passes,Spot-Up,No Dribble Jumper,Guarded,,,1,100.0,0.0,0.0,0.0,0.0,1,0.0,,,0.0,,1,0.0,0.0,,,0,1,,1.0,0.0,0.0,0,0,0,,0,1,1.0,0
Tyrrel Tate,Ottawa Blackjacks,2024-2025,offense,Isolation,Long/3pt,5,Guarded,ISO Including Passes > Spot-Up > No Dribble Jumper > Guarded > Long/3pt,ISO Including Passes,Spot-Up,No Dribble Jumper,Guarded,Long/3pt,,1,100.0,0.0,0.0,0.0,0.0,1,0.0,,,0.0,,1,0.0,0.0,,,0,1,,1.0,0.0,0.0,0,0,0,,0,1,1.0,0
Tyrrel Tate,Ottawa Blackjacks,2024-2025,offense,Isolation,Miss 3 Pts,6,Long/3pt,ISO Including Passes > Spot-Up > No Dribble Jumper > Guarded > Long/3pt > Miss 3 Pts,ISO Including Passes,Spot-Up,No Dribble Jumper,Guarded,Long/3pt,Miss 3 Pts,1,100.0,0.0,0.0,0.0,0.0,1,0.0,,,0.0,,1,0.0,0.0,,,0,1,,1.0,0.0,0.0,0,0,0,,0,1,1.0,0
Tyrrel Tate,Ottawa Blackjacks,2024-2025,offense,Isolation,Drives Left,3,Spot-Up,ISO Including Passes > Spot-Up > Drives Left,ISO Including Passes,Spot-Up,Drives Left,,,,1,50.0,0.0,,100.0,0.0,0,,,,,,0,,0.0,,,0,0,,0.0,,0.0,0,0,0,,0,0,,0
Tyrrel Tate,Ottawa Blackjacks,2024-2025,offense,Isolation,Turnover,4,Drives Left,ISO Including Passes > Spot-Up > Drives Left > Turnover,ISO Including Passes,Spot-Up,Drives Left,Turnover,,,1,100.0,0.0,,100.0,0.0,0,,,,,,0,,0.0,,,0,0,,0.0,,0.0,0,0,0,,0,0,,0
Tyrrel Tate,Ottawa Blackjacks,2024-2025,offense,Isolation,ISO - Defense Commits,1,,ISO - Defense Commits,ISO - Defense Commits,,,,,,2,0.8,0.0,0.0,50.0,0.0,1,0.0,,,0.0,,1,0.0,0.0,,,0,1,,1.0,0.0,0.0,0,0,0,,0,1,1.0,0
Tyrrel Tate,Ottawa Blackjacks,2024-2025,offense,Isolation,No Dribble Jumper,2,ISO - Defense Commits,ISO - Defense Commits > No Dribble Jumper,ISO - Defense Commits,No Dribble Jumper,,,,,1,50.0,0.0,0.0,0.0,0.0,1,0.0,,,0.0,,1,0.0,0.0,,,0,1,,1.0,0.0,0.0,0,0,0,,0,1,1.0,0
Tyrrel Tate,Ottawa Blackjacks,2024-2025,offense,Isolation,Guarded,3,No Dribble Jumper,ISO - Defense Commits > No Dribble Jumper > Guarded,ISO - Defense Commits,No Dribble Jumper,Guarded,,,,1,100.0,0.0,0.0,0.0,0.0,1,0.0,,,0.0,,1,0.0,0.0,,,0,1,,1.0,0.0,0.0,0,0,0,,0,1,1.0,0
Tyrrel Tate,Ottawa Blackjacks,2024-2025,offense,Isolation,Long/3pt,4,Guarded,ISO - Defense Commits > No Dribble Jumper > Guarded > Long/3pt,ISO - Defense Commits,No Dribble Jumper,Guarded,Long/3pt,,,1,100.0,0.0,0.0,0.0,0.0,1,0.0,,,0.0,,1,0.0,0.0,,,0,1,,1.0,0.0,0.0,0,0,0,,0,1,1.0,0
Tyrrel Tate,Ottawa Blackjacks,2024-2025,offense,Isolation,Miss 3 Pts,5,Long/3pt,ISO - Defense Commits > No Dribble Jumper > Guarded > Long/3pt > Miss 3 Pts,ISO - Defense Commits,No Dribble Jumper,Guarded,Long/3pt,Miss 3 Pts,,1,100.0,0.0,0.0,0.0,0.0,1,0.0,,,0.0,,1,0.0,0.0,,,0,1,,1.0,0.0,0.0,0,0,0,,0,1,1.0,0
Tyrrel Tate,Ottawa Blackjacks,2024-2025,offense,Isolation,Drives Left,2,ISO - Defense Commits,ISO - Defense Commits > Drives Left,ISO - Defense Commits,Drives Left,,,,,1,50.0,0.0,,100.0,0.0,0,,,,,,0,,0.0,,,0,0,,0.0,,0.0,0,0,0,,0,0,,0
Tyrrel Tate,Ottawa Blackjacks,2024-2025,offense,Isolation,Turnover,3,Drives Left,ISO - Defense Commits > Drives Left > Turnover,ISO - Defense Commits,Drives Left,Turnover,,,,1,100.0,0.0,,100.0,0.0,0,,,,,,0,,0.0,,,0,0,,0.0,,0.0,0,0,0,,0,0,,0
Tyrrel Tate,Ottawa Blackjacks,2024-2025,offense,Post up,Post-Ups Including Passes,1,,Post-Ups Including Passes,Post-Ups Including Passes,,,,,,0,0.0,,,,,0,,,,,,0,,,,,0,0,,0.0,,,0,0,0,,0,0,,0
Tyrrel Tate,Ottawa Blackjacks,2024-2025,offense,Post up,Post-Up - Defense Commits,1,,Post-Up - Defense Commits,Post-Up - Defense Commits,,,,,,0,0.0,,,,,0,,,,,,0,,,,,0,0,,0.0,,,0,0,0,,0,0,,0
Tyrrel Tate,Ottawa Blackjacks,2024-2025,offense,Post up,Post-Up - Hard Double,1,,Post-Up - Hard Double,Post-Up - Hard Double,,,,,,0,0.0,,,,,0,,,,,,0,,,,,0,0,,0.0,,,0,0,0,,0,0,,0
