PLAYER,TEAM,SEASON,SIDE,TABLE,STAT,DEPTH,PARENT,PATH,LEVEL_1,LEVEL_2,LEVEL_3,LEVEL_4,LEVEL_5,LEVEL_6,POSS,%TIME,PPP,TS%,TO%,%FT,3FG ATT,3 FG%,PPP RATING,PPP RANK,FG%,%TIME RANK,FG ATT,EFG%,%SF,SSQ,PPS,FG MADE,FG MISS,SSM,TSA,FTA/FGA,SCORE%,2 FG ATT,2 FG MADE,2 FG MISS,2 FG%,3 FG MADE,3 FG MISS,3PA/FGA,PTS
Tyrese Samuel,Vancouver Bandits,2026-2027,offense,Play types,P&R Roll Man,1,,P&R Roll Man,P&R Roll Man,,,,,,57,17.9,1.175,63.9,7.0,33.3,8,37.5,Very Good,68.0,59.5,62.0,37,63.5,31.6,,,22,15,,52,0.95,59.6,29,19,10,65.5,3,5,0.22,67
Tyrese Samuel,Vancouver Bandits,2026-2027,offense,Play types,Rolls to Basket,2,P&R Roll Man,P&R Roll Man > Rolls to Basket,P&R Roll Man,Rolls to Basket,,,,,39,68.4,1.256,68.3,7.7,38.5,0,,,,66.7,,24,66.7,35.9,,,16,8,,36,1.13,66.7,24,16,8,66.7,0,0,0.0,49
Tyrese Samuel,Vancouver Bandits,2026-2027,offense,Play types,Make 2 Pts,3,Rolls to Basket,P&R Roll Man > Rolls to Basket > Make 2 Pts,P&R Roll Man,Rolls to Basket,Make 2 Pts,,,,13,33.3,2.0,100.0,0.0,0.0,0,,,,100.0,,13,100.0,0.0,,,13,0,,13,0.0,100.0,13,13,0,100.0,0,0,0.0,26
Tyrese Samuel,Vancouver Bandits,2026-2027,offense,Play types,Foul,3,Rolls to Basket,P&R Roll Man > Rolls to Basket > Foul,P&R Roll Man,Rolls to Basket,Foul,,,,12,30.8,1.25,71.0,0.0,100.0,0,,,,,,0,,91.7,,,0,0,,11,,83.3,0,0,0,,0,0,,15
Tyrese Samuel,Vancouver Bandits,2026-2027,offense,Play types,Miss 2 Pts,3,Rolls to Basket,P&R Roll Man > Rolls to Basket > Miss 2 Pts,P&R Roll Man,Rolls to Basket,Miss 2 Pts,,,,8,20.5,0.0,0.0,0.0,0.0,0,,,,0.0,,8,0.0,0.0,,,0,8,,8,0.0,0.0,8,0,8,0.0,0,0,0.0,0
Tyrese Samuel,Vancouver Bandits,2026-2027,offense,Play types,Make 2 Pts Foul,3,Rolls to Basket,P&R Roll Man > Rolls to Basket > Make 2 Pts Foul,P&R Roll Man,Rolls to Basket,Make 2 Pts Foul,,,,3,7.7,2.667,92.6,0.0,100.0,0,,,,100.0,,3,100.0,100.0,,,3,0,,4,1.0,100.0,3,3,0,100.0,0,0,0.0,8
Tyrese Samuel,Vancouver Bandits,2026-2027,offense,Play types,1 Pts,4,Make 2 Pts Foul,P&R Roll Man > Rolls to Basket > Make 2 Pts Foul > 1 Pts,P&R Roll Man,Rolls to Basket,Make 2 Pts Foul,1 Pts,,,2,66.7,3.0,104.2,0.0,100.0,0,,,,100.0,,2,100.0,100.0,,,2,0,,3,1.0,100.0,2,2,0,100.0,0,0,0.0,6
Tyrese Samuel,Vancouver Bandits,2026-2027,offense,Play types,Turnover,3,Rolls to Basket,P&R Roll Man > Rolls to Basket > Turnover,P&R Roll Man,Rolls to Basket,Turnover,,,,3,7.7,0.0,,100.0,0.0,0,,,,,,0,,0.0,,,0,0,,0,,0.0,0,0,0,,0,0,,0
Tyrese Samuel,Vancouver Bandits,2026-2027,offense,Play types,Pick and Pops,2,P&R Roll Man,P&R Roll Man > Pick and Pops,P&R Roll Man,Pick and Pops,,,,,13,22.8,0.923,51.0,7.7,15.4,7,42.9,,,40.0,,10,55.0,15.4,,,4,6,,12,0.4,38.5,3,1,2,33.3,3,4,0.7,12
Tyrese Samuel,Vancouver Bandits,2026-2027,offense,Play types,No Dribble Jumper,3,Pick and Pops,P&R Roll Man > Pick and Pops > No Dribble Jumper,P&R Roll Man,Pick and Pops,No Dribble Jumper,,,,7,53.8,1.286,64.3,0.0,0.0,7,42.9,,,42.9,,7,64.3,0.0,,,3,4,,7,0.0,42.9,0,0,0,,3,4,1.0,9
Tyrese Samuel,Vancouver Bandits,2026-2027,offense,Play types,Open,4,No Dribble Jumper,P&R Roll Man > Pick and Pops > No Dribble Jumper > Open,P&R Roll Man,Pick and Pops,No Dribble Jumper,Open,,,6,85.7,1.0,50.0,0.0,0.0,6,33.3,,,33.3,,6,50.0,0.0,,,2,4,,6,0.0,33.3,0,0,0,,2,4,1.0,6
Tyrese Samuel,Vancouver Bandits,2026-2027,offense,Play types,Long/3pt,5,Open,P&R Roll Man > Pick and Pops > No Dribble Jumper > Open > Long/3pt,P&R Roll Man,Pick and Pops,No Dribble Jumper,Open,Long/3pt,,6,100.0,1.0,50.0,0.0,0.0,6,33.3,,,33.3,,6,50.0,0.0,,,2,4,,6,0.0,33.3,0,0,0,,2,4,1.0,6
Tyrese Samuel,Vancouver Bandits,2026-2027,offense,Play types,Guarded,4,No Dribble Jumper,P&R Roll Man > Pick and Pops > No Dribble Jumper > Guarded,P&R Roll Man,Pick and Pops,No Dribble Jumper,Guarded,,,1,14.3,3.0,150.0,0.0,0.0,1,100.0,,,100.0,,1,150.0,0.0,,,1,0,,1,0.0,100.0,0,0,0,,1,0,1.0,3
Tyrese Samuel,Vancouver Bandits,2026-2027,offense,Play types,Long/3pt,5,Guarded,P&R Roll Man > Pick and Pops > No Dribble Jumper > Guarded > Long/3pt,P&R Roll Man,Pick and Pops,No Dribble Jumper,Guarded,Long/3pt,,1,100.0,3.0,150.0,0.0,0.0,1,100.0,,,100.0,,1,150.0,0.0,,,1,0,,1,0.0,100.0,0,0,0,,1,0,1.0,3
Tyrese Samuel,Vancouver Bandits,2026-2027,offense,Play types,Drives Left,3,Pick and Pops,P&R Roll Man > Pick and Pops > Drives Left,P&R Roll Man,Pick and Pops,Drives Left,,,,3,23.1,0.667,33.3,0.0,0.0,0,,,,33.3,,3,33.3,0.0,,,1,2,,3,0.0,33.3,3,1,2,33.3,0,0,0.0,2
Tyrese Samuel,Vancouver Bandits,2026-2027,offense,Play types,To Basket,4,Drives Left,P&R Roll Man > Pick and Pops > Drives Left > To Basket,P&R Roll Man,Pick and Pops,Drives Left,To Basket,,,3,100.0,0.667,33.3,0.0,0.0,0,,,,33.3,,3,33.3,0.0,,,1,2,,3,0.0,33.3,3,1,2,33.3,0,0,0.0,2
Tyrese Samuel,Vancouver Bandits,2026-2027,offense,Play types,Miss 2 Pts,5,To Basket,P&R Roll Man > Pick and Pops > Drives Left > To Basket > Miss 2 Pts,P&R Roll Man,Pick and Pops,Drives Left,To Basket,Miss 2 Pts,,2,66.7,0.0,0.0,0.0,0.0,0,,,,0.0,,2,0.0,0.0,,,0,2,,2,0.0,0.0,2,0,2,0.0,0,0,0.0,0
Tyrese Samuel,Vancouver Bandits,2026-2027,offense,Play types,Make 2 Pts,5,To Basket,P&R Roll Man > Pick and Pops > Drives Left > To Basket > Make 2 Pts,P&R Roll Man,Pick and Pops,Drives Left,To Basket,Make 2 Pts,,1,33.3,2.0,100.0,0.0,0.0,0,,,,100.0,,1,100.0,0.0,,,1,0,,1,0.0,100.0,1,1,0,100.0,0,0,0.0,2
Tyrese Samuel,Vancouver Bandits,2026-2027,offense,Play types,Drives Straight,3,Pick and Pops,P&R Roll Man > Pick and Pops > Drives Straight,P&R Roll Man,Pick and Pops,Drives Straight,,,,2,15.4,0.0,0.0,50.0,50.0,0,,,,,,0,,50.0,,,0,0,,1,,0.0,0,0,0,,0,0,,0
Tyrese Samuel,Vancouver Bandits,2026-2027,offense,Play types,To Basket,4,Drives Straight,P&R Roll Man > Pick and Pops > Drives Straight > To Basket,P&R Roll Man,Pick and Pops,Drives Straight,To Basket,,,2,100.0,0.0,0.0,50.0,50.0,0,,,,,,0,,50.0,,,0,0,,1,,0.0,0,0,0,,0,0,,0
Tyrese Samuel,Vancouver Bandits,2026-2027,offense,Play types,Turnover,5,To Basket,P&R Roll Man > Pick and Pops > Drives Straight > To Basket > Turnover,P&R Roll Man,Pick and Pops,Drives Straight,To Basket,Turnover,,1,50.0,0.0,,100.0,0.0,0,,,,,,0,,0.0,,,0,0,,0,,0.0,0,0,0,,0,0,,0
Tyrese Samuel,Vancouver Bandits,2026-2027,offense,Play types,Foul,5,To Basket,P&R Roll Man > Pick and Pops > Drives Straight > To Basket > Foul,P&R Roll Man,Pick and Pops,Drives Straight,To Basket,Foul,,1,50.0,0.0,0.0,0.0,100.0,0,,,,,,0,,100.0,,,0,0,,1,,0.0,0,0,0,,0,0,,0
Tyrese Samuel,Vancouver Bandits,2026-2027,offense,Play types,Drives Right,3,Pick and Pops,P&R Roll Man > Pick and Pops > Drives Right,P&R Roll Man,Pick and Pops,Drives Right,,,,1,7.7,1.0,56.8,0.0,100.0,0,,,,,,0,,100.0,,,0,0,,1,,100.0,0,0,0,,0,0,,1
Tyrese Samuel,Vancouver Bandits,2026-2027,offense,Play types,To Basket,4,Drives Right,P&R Roll Man > Pick and Pops > Drives Right > To Basket,P&R Roll Man,Pick and Pops,Drives Right,To Basket,,,1,100.0,1.0,56.8,0.0,100.0,0,,,,,,0,,100.0,,,0,0,,1,,100.0,0,0,0,,0,0,,1
Tyrese Samuel,Vancouver Bandits,2026-2027,offense,Play types,Foul,5,To Basket,P&R Roll Man > Pick and Pops > Drives Right > To Basket > Foul,P&R Roll Man,Pick and Pops,Drives Right,To Basket,Foul,,1,100.0,1.0,56.8,0.0,100.0,0,,,,,,0,,100.0,,,0,0,,1,,100.0,0,0,0,,0,0,,1
Tyrese Samuel,Vancouver Bandits,2026-2027,offense,Play types,Slips the Pick,2,P&R Roll Man,P&R Roll Man > Slips the Pick,P&R Roll Man,Slips the Pick,,,,,5,8.8,1.2,63.0,0.0,40.0,1,0.0,,,66.7,,3,66.7,40.0,,,2,1,,5,1.33,60.0,2,2,0,100.0,0,1,0.33,6
Tyrese Samuel,Vancouver Bandits,2026-2027,offense,Play types,To Basket,3,Slips the Pick,P&R Roll Man > Slips the Pick > To Basket,P&R Roll Man,Slips the Pick,To Basket,,,,4,80.0,1.5,79.8,0.0,50.0,0,,,,100.0,,2,100.0,50.0,,,2,0,,4,2.0,75.0,2,2,0,100.0,0,0,0.0,6
Tyrese Samuel,Vancouver Bandits,2026-2027,offense,Play types,Make 2 Pts,4,To Basket,P&R Roll Man > Slips the Pick > To Basket > Make 2 Pts,P&R Roll Man,Slips the Pick,To Basket,Make 2 Pts,,,2,50.0,2.0,100.0,0.0,0.0,0,,,,100.0,,2,100.0,0.0,,,2,0,,2,0.0,100.0,2,2,0,100.0,0,0,0.0,4
Tyrese Samuel,Vancouver Bandits,2026-2027,offense,Play types,Foul,4,To Basket,P&R Roll Man > Slips the Pick > To Basket > Foul,P&R Roll Man,Slips the Pick,To Basket,Foul,,,2,50.0,1.0,56.8,0.0,100.0,0,,,,,,0,,100.0,,,0,0,,2,,50.0,0,0,0,,0,0,,2
Tyrese Samuel,Vancouver Bandits,2026-2027,offense,Play types,No Dribble Jumper,3,Slips the Pick,P&R Roll Man > Slips the Pick > No Dribble Jumper,P&R Roll Man,Slips the Pick,No Dribble Jumper,,,,1,20.0,0.0,0.0,0.0,0.0,1,0.0,,,0.0,,1,0.0,0.0,,,0,1,,1,0.0,0.0,0,0,0,,0,1,1.0,0
Tyrese Samuel,Vancouver Bandits,2026-2027,offense,Play types,Guarded,4,No Dribble Jumper,P&R Roll Man > Slips the Pick > No Dribble Jumper > Guarded,P&R Roll Man,Slips the Pick,No Dribble Jumper,Guarded,,,1,100.0,0.0,0.0,0.0,0.0,1,0.0,,,0.0,,1,0.0,0.0,,,0,1,,1,0.0,0.0,0,0,0,,0,1,1.0,0
Tyrese Samuel,Vancouver Bandits,2026-2027,offense,Play types,Long/3pt,5,Guarded,P&R Roll Man > Slips the Pick > No Dribble Jumper > Guarded > Long/3pt,P&R Roll Man,Slips the Pick,No Dribble Jumper,Guarded,Long/3pt,,1,100.0,0.0,0.0,0.0,0.0,1,0.0,,,0.0,,1,0.0,0.0,,,0,1,,1,0.0,0.0,0,0,0,,0,1,1.0,0
Tyrese Samuel,Vancouver Bandits,2026-2027,offense,Play types,Spot Up,1,,Spot Up,Spot Up,,,,,,46,14.5,0.891,46.2,6.5,15.2,18,27.8,Average,42.0,37.5,13.0,40,43.8,15.2,,,15,25,,44,0.25,37.0,22,10,12,45.5,5,13,0.45,41
Tyrese Samuel,Vancouver Bandits,2026-2027,offense,Play types,No Dribble Jumper,2,Spot Up,Spot Up > No Dribble Jumper,Spot Up,No Dribble Jumper,,,,,18,39.1,0.833,41.7,0.0,0.0,16,31.3,,,27.8,,18,41.7,0.0,,,5,13,,18,0.0,27.8,2,0,2,0.0,5,11,0.89,15
Tyrese Samuel,Vancouver Bandits,2026-2027,offense,Play types,Open,3,No Dribble Jumper,Spot Up > No Dribble Jumper > Open,Spot Up,No Dribble Jumper,Open,,,,10,55.6,0.6,30.0,0.0,0.0,10,20.0,,,20.0,,10,30.0,0.0,,,2,8,,10,0.0,20.0,0,0,0,,2,8,1.0,6
Tyrese Samuel,Vancouver Bandits,2026-2027,offense,Play types,Long/3pt,4,Open,Spot Up > No Dribble Jumper > Open > Long/3pt,Spot Up,No Dribble Jumper,Open,Long/3pt,,,10,100.0,0.6,30.0,0.0,0.0,10,20.0,,,20.0,,10,30.0,0.0,,,2,8,,10,0.0,20.0,0,0,0,,2,8,1.0,6
Tyrese Samuel,Vancouver Bandits,2026-2027,offense,Play types,Miss 3 Pts,5,Long/3pt,Spot Up > No Dribble Jumper > Open > Long/3pt > Miss 3 Pts,Spot Up,No Dribble Jumper,Open,Long/3pt,Miss 3 Pts,,8,80.0,0.0,0.0,0.0,0.0,8,0.0,,,0.0,,8,0.0,0.0,,,0,8,,8,0.0,0.0,0,0,0,,0,8,1.0,0
Tyrese Samuel,Vancouver Bandits,2026-2027,offense,Play types,Make 3 Pts,5,Long/3pt,Spot Up > No Dribble Jumper > Open > Long/3pt > Make 3 Pts,Spot Up,No Dribble Jumper,Open,Long/3pt,Make 3 Pts,,2,20.0,3.0,150.0,0.0,0.0,2,100.0,,,100.0,,2,150.0,0.0,,,2,0,,2,0.0,100.0,0,0,0,,2,0,1.0,6
Tyrese Samuel,Vancouver Bandits,2026-2027,offense,Play types,Guarded,3,No Dribble Jumper,Spot Up > No Dribble Jumper > Guarded,Spot Up,No Dribble Jumper,Guarded,,,,8,44.4,1.125,56.3,0.0,0.0,6,50.0,,,37.5,,8,56.3,0.0,,,3,5,,8,0.0,37.5,2,0,2,0.0,3,3,0.75,9
Tyrese Samuel,Vancouver Bandits,2026-2027,offense,Play types,Long/3pt,4,Guarded,Spot Up > No Dribble Jumper > Guarded > Long/3pt,Spot Up,No Dribble Jumper,Guarded,Long/3pt,,,6,75.0,1.5,75.0,0.0,0.0,6,50.0,,,50.0,,6,75.0,0.0,,,3,3,,6,0.0,50.0,0,0,0,,3,3,1.0,9
Tyrese Samuel,Vancouver Bandits,2026-2027,offense,Play types,Make 3 Pts,5,Long/3pt,Spot Up > No Dribble Jumper > Guarded > Long/3pt > Make 3 Pts,Spot Up,No Dribble Jumper,Guarded,Long/3pt,Make 3 Pts,,3,50.0,3.0,150.0,0.0,0.0,3,100.0,,,100.0,,3,150.0,0.0,,,3,0,,3,0.0,100.0,0,0,0,,3,0,1.0,9
Tyrese Samuel,Vancouver Bandits,2026-2027,offense,Play types,Miss 3 Pts,5,Long/3pt,Spot Up > No Dribble Jumper > Guarded > Long/3pt > Miss 3 Pts,Spot Up,No Dribble Jumper,Guarded,Long/3pt,Miss 3 Pts,,3,50.0,0.0,0.0,0.0,0.0,3,0.0,,,0.0,,3,0.0,0.0,,,0,3,,3,0.0,0.0,0,0,0,,0,3,1.0,0
Tyrese Samuel,Vancouver Bandits,2026-2027,offense,Play types,Medium/17' to 3pt,4,Guarded,Spot Up > No Dribble Jumper > Guarded > Medium/17' to 3pt,Spot Up,No Dribble Jumper,Guarded,Medium/17' to 3pt,,,2,25.0,0.0,0.0,0.0,0.0,0,,,,0.0,,2,0.0,0.0,,,0,2,,2,0.0,0.0,2,0,2,0.0,0,0,0.0,0
Tyrese Samuel,Vancouver Bandits,2026-2027,offense,Play types,Miss 2 Pts,5,Medium/17' to 3pt,Spot Up > No Dribble Jumper > Guarded > Medium/17' to 3pt > Miss 2 Pts,Spot Up,No Dribble Jumper,Guarded,Medium/17' to 3pt,Miss 2 Pts,,2,100.0,0.0,0.0,0.0,0.0,0,,,,0.0,,2,0.0,0.0,,,0,2,,2,0.0,0.0,2,0,2,0.0,0,0,0.0,0
Tyrese Samuel,Vancouver Bandits,2026-2027,offense,Play types,Drives Left,2,Spot Up,Spot Up > Drives Left,Spot Up,Drives Left,,,,,14,30.4,0.929,52.8,14.3,14.3,2,0.0,,,54.5,,11,54.5,14.3,,,6,5,,12,0.27,50.0,9,6,3,66.7,0,2,0.18,13
Tyrese Samuel,Vancouver Bandits,2026-2027,offense,Play types,To Basket,3,Drives Left,Spot Up > Drives Left > To Basket,Spot Up,Drives Left,To Basket,,,,9,64.3,1.444,69.7,0.0,22.2,0,,,,75.0,,8,75.0,22.2,,,6,2,,9,0.38,77.8,8,6,2,75.0,0,0,0.0,13
Tyrese Samuel,Vancouver Bandits,2026-2027,offense,Play types,Make 2 Pts,4,To Basket,Spot Up > Drives Left > To Basket > Make 2 Pts,Spot Up,Drives Left,To Basket,Make 2 Pts,,,5,55.6,2.0,100.0,0.0,0.0,0,,,,100.0,,5,100.0,0.0,,,5,0,,5,0.0,100.0,5,5,0,100.0,0,0,0.0,10
Tyrese Samuel,Vancouver Bandits,2026-2027,offense,Play types,Miss 2 Pts,4,To Basket,Spot Up > Drives Left > To Basket > Miss 2 Pts,Spot Up,Drives Left,To Basket,Miss 2 Pts,,,2,22.2,0.0,0.0,0.0,0.0,0,,,,0.0,,2,0.0,0.0,,,0,2,,2,0.0,0.0,2,0,2,0.0,0,0,0.0,0
Tyrese Samuel,Vancouver Bandits,2026-2027,offense,Play types,Make 2 Pts Foul,4,To Basket,Spot Up > Drives Left > To Basket > Make 2 Pts Foul,Spot Up,Drives Left,To Basket,Make 2 Pts Foul,,,1,11.1,2.0,69.4,0.0,100.0,0,,,,100.0,,1,100.0,100.0,,,1,0,,1,1.0,100.0,1,1,0,100.0,0,0,0.0,2
Tyrese Samuel,Vancouver Bandits,2026-2027,offense,Play types,Foul,4,To Basket,Spot Up > Drives Left > To Basket > Foul,Spot Up,Drives Left,To Basket,Foul,,,1,11.1,1.0,56.8,0.0,100.0,0,,,,,,0,,100.0,,,0,0,,1,,100.0,0,0,0,,0,0,,1
Tyrese Samuel,Vancouver Bandits,2026-2027,offense,Play types,Dribble Jumper,3,Drives Left,Spot Up > Drives Left > Dribble Jumper,Spot Up,Drives Left,Dribble Jumper,,,,3,21.4,0.0,0.0,0.0,0.0,2,0.0,,,0.0,,3,0.0,0.0,,,0,3,,3,0.0,0.0,1,0,1,0.0,0,2,0.67,0
Tyrese Samuel,Vancouver Bandits,2026-2027,offense,Play types,Long/3pt,4,Dribble Jumper,Spot Up > Drives Left > Dribble Jumper > Long/3pt,Spot Up,Drives Left,Dribble Jumper,Long/3pt,,,2,66.7,0.0,0.0,0.0,0.0,2,0.0,,,0.0,,2,0.0,0.0,,,0,2,,2,0.0,0.0,0,0,0,,0,2,1.0,0
Tyrese Samuel,Vancouver Bandits,2026-2027,offense,Play types,Miss 3 Pts,5,Long/3pt,Spot Up > Drives Left > Dribble Jumper > Long/3pt > Miss 3 Pts,Spot Up,Drives Left,Dribble Jumper,Long/3pt,Miss 3 Pts,,2,100.0,0.0,0.0,0.0,0.0,2,0.0,,,0.0,,2,0.0,0.0,,,0,2,,2,0.0,0.0,0,0,0,,0,2,1.0,0
Tyrese Samuel,Vancouver Bandits,2026-2027,offense,Play types,Medium/17' to 3pt,4,Dribble Jumper,Spot Up > Drives Left > Dribble Jumper > Medium/17' to 3pt,Spot Up,Drives Left,Dribble Jumper,Medium/17' to 3pt,,,1,33.3,0.0,0.0,0.0,0.0,0,,,,0.0,,1,0.0,0.0,,,0,1,,1,0.0,0.0,1,0,1,0.0,0,0,0.0,0
Tyrese Samuel,Vancouver Bandits,2026-2027,offense,Play types,Miss 2 Pts,5,Medium/17' to 3pt,Spot Up > Drives Left > Dribble Jumper > Medium/17' to 3pt > Miss 2 Pts,Spot Up,Drives Left,Dribble Jumper,Medium/17' to 3pt,Miss 2 Pts,,1,100.0,0.0,0.0,0.0,0.0,0,,,,0.0,,1,0.0,0.0,,,0,1,,1,0.0,0.0,1,0,1,0.0,0,0,0.0,0
Tyrese Samuel,Vancouver Bandits,2026-2027,offense,Play types,Turnover,3,Drives Left,Spot Up > Drives Left > Turnover,Spot Up,Drives Left,Turnover,,,,2,14.3,0.0,,100.0,0.0,0,,,,,,0,,0.0,,,0,0,,0,,0.0,0,0,0,,0,0,,0
Tyrese Samuel,Vancouver Bandits,2026-2027,offense,Play types,Drives Right,2,Spot Up,Spot Up > Drives Right,Spot Up,Drives Right,,,,,11,23.9,1.182,53.8,0.0,45.5,0,,,,44.4,,9,44.4,45.5,,,4,5,,12,0.78,45.5,9,4,5,44.4,0,0,0.0,13
Tyrese Samuel,Vancouver Bandits,2026-2027,offense,Play types,To Basket,3,Drives Right,Spot Up > Drives Right > To Basket,Spot Up,Drives Right,To Basket,,,,10,90.9,1.3,58.7,0.0,50.0,0,,,,50.0,,8,50.0,50.0,,,4,4,,11,0.88,50.0,8,4,4,50.0,0,0,0.0,13
Tyrese Samuel,Vancouver Bandits,2026-2027,offense,Play types,Miss 2 Pts,4,To Basket,Spot Up > Drives Right > To Basket > Miss 2 Pts,Spot Up,Drives Right,To Basket,Miss 2 Pts,,,4,40.0,0.0,0.0,0.0,0.0,0,,,,0.0,,4,0.0,0.0,,,0,4,,4,0.0,0.0,4,0,4,0.0,0,0,0.0,0
Tyrese Samuel,Vancouver Bandits,2026-2027,offense,Play types,Make 2 Pts Foul,4,To Basket,Spot Up > Drives Right > To Basket > Make 2 Pts Foul,Spot Up,Drives Right,To Basket,Make 2 Pts Foul,,,3,30.0,3.0,104.2,0.0,100.0,0,,,,100.0,,3,100.0,100.0,,,3,0,,4,1.0,100.0,3,3,0,100.0,0,0,0.0,9
Tyrese Samuel,Vancouver Bandits,2026-2027,offense,Play types,1 Pts,5,Make 2 Pts Foul,Spot Up > Drives Right > To Basket > Make 2 Pts Foul > 1 Pts,Spot Up,Drives Right,To Basket,Make 2 Pts Foul,1 Pts,,3,100.0,3.0,104.2,0.0,100.0,0,,,,100.0,,3,100.0,100.0,,,3,0,,4,1.0,100.0,3,3,0,100.0,0,0,0.0,9
Tyrese Samuel,Vancouver Bandits,2026-2027,offense,Play types,Foul,4,To Basket,Spot Up > Drives Right > To Basket > Foul,Spot Up,Drives Right,To Basket,Foul,,,2,20.0,1.0,56.8,0.0,100.0,0,,,,,,0,,100.0,,,0,0,,2,,50.0,0,0,0,,0,0,,2
Tyrese Samuel,Vancouver Bandits,2026-2027,offense,Play types,Make 2 Pts,4,To Basket,Spot Up > Drives Right > To Basket > Make 2 Pts,Spot Up,Drives Right,To Basket,Make 2 Pts,,,1,10.0,2.0,100.0,0.0,0.0,0,,,,100.0,,1,100.0,0.0,,,1,0,,1,0.0,100.0,1,1,0,100.0,0,0,0.0,2
Tyrese Samuel,Vancouver Bandits,2026-2027,offense,Play types,Dribble Jumper,3,Drives Right,Spot Up > Drives Right > Dribble Jumper,Spot Up,Drives Right,Dribble Jumper,,,,1,9.1,0.0,0.0,0.0,0.0,0,,,,0.0,,1,0.0,0.0,,,0,1,,1,0.0,0.0,1,0,1,0.0,0,0,0.0,0
Tyrese Samuel,Vancouver Bandits,2026-2027,offense,Play types,Medium/17' to 3pt,4,Dribble Jumper,Spot Up > Drives Right > Dribble Jumper > Medium/17' to 3pt,Spot Up,Drives Right,Dribble Jumper,Medium/17' to 3pt,,,1,100.0,0.0,0.0,0.0,0.0,0,,,,0.0,,1,0.0,0.0,,,0,1,,1,0.0,0.0,1,0,1,0.0,0,0,0.0,0
Tyrese Samuel,Vancouver Bandits,2026-2027,offense,Play types,Miss 2 Pts,5,Medium/17' to 3pt,Spot Up > Drives Right > Dribble Jumper > Medium/17' to 3pt > Miss 2 Pts,Spot Up,Drives Right,Dribble Jumper,Medium/17' to 3pt,Miss 2 Pts,,1,100.0,0.0,0.0,0.0,0.0,0,,,,0.0,,1,0.0,0.0,,,0,1,,1,0.0,0.0,1,0,1,0.0,0,0,0.0,0
Tyrese Samuel,Vancouver Bandits,2026-2027,offense,Play types,Drives Straight,2,Spot Up,Spot Up > Drives Straight,Spot Up,Drives Straight,,,,,3,6.5,0.0,0.0,33.3,0.0,0,,,,0.0,,2,0.0,0.0,,,0,2,,2,0.0,0.0,2,0,2,0.0,0,0,0.0,0
Tyrese Samuel,Vancouver Bandits,2026-2027,offense,Play types,To Basket,3,Drives Straight,Spot Up > Drives Straight > To Basket,Spot Up,Drives Straight,To Basket,,,,1,33.3,0.0,0.0,0.0,0.0,0,,,,0.0,,1,0.0,0.0,,,0,1,,1,0.0,0.0,1,0,1,0.0,0,0,0.0,0
Tyrese Samuel,Vancouver Bandits,2026-2027,offense,Play types,Miss 2 Pts,4,To Basket,Spot Up > Drives Straight > To Basket > Miss 2 Pts,Spot Up,Drives Straight,To Basket,Miss 2 Pts,,,1,100.0,0.0,0.0,0.0,0.0,0,,,,0.0,,1,0.0,0.0,,,0,1,,1,0.0,0.0,1,0,1,0.0,0,0,0.0,0
Tyrese Samuel,Vancouver Bandits,2026-2027,offense,Play types,Turnover,3,Drives Straight,Spot Up > Drives Straight > Turnover,Spot Up,Drives Straight,Turnover,,,,1,33.3,0.0,,100.0,0.0,0,,,,,,0,,0.0,,,0,0,,0,,0.0,0,0,0,,0,0,,0
Tyrese Samuel,Vancouver Bandits,2026-2027,offense,Play types,Dribble Jumper,3,Drives Straight,Spot Up > Drives Straight > Dribble Jumper,Spot Up,Drives Straight,Dribble Jumper,,,,1,33.3,0.0,0.0,0.0,0.0,0,,,,0.0,,1,0.0,0.0,,,0,1,,1,0.0,0.0,1,0,1,0.0,0,0,0.0,0
Tyrese Samuel,Vancouver Bandits,2026-2027,offense,Play types,Medium/17' to 3pt,4,Dribble Jumper,Spot Up > Drives Straight > Dribble Jumper > Medium/17' to 3pt,Spot Up,Drives Straight,Dribble Jumper,Medium/17' to 3pt,,,1,100.0,0.0,0.0,0.0,0.0,0,,,,0.0,,1,0.0,0.0,,,0,1,,1,0.0,0.0,1,0,1,0.0,0,0,0.0,0
Tyrese Samuel,Vancouver Bandits,2026-2027,offense,Play types,Miss 2 Pts,5,Medium/17' to 3pt,Spot Up > Drives Straight > Dribble Jumper > Medium/17' to 3pt > Miss 2 Pts,Spot Up,Drives Straight,Dribble Jumper,Medium/17' to 3pt,Miss 2 Pts,,1,100.0,0.0,0.0,0.0,0.0,0,,,,0.0,,1,0.0,0.0,,,0,1,,1,0.0,0.0,1,0,1,0.0,0,0,0.0,0
Tyrese Samuel,Vancouver Bandits,2026-2027,offense,Play types,Transition,1,,Transition,Transition,,,,,,45,14.2,1.4,76.2,8.9,24.4,0,,Excellent,90.0,72.7,16.0,33,72.7,24.4,,,24,9,,41,0.58,68.9,33,24,9,72.7,0,0,0.0,63
Tyrese Samuel,Vancouver Bandits,2026-2027,offense,Play types,First Middle,2,Transition,Transition > First Middle,Transition,First Middle,,,,,13,28.9,1.538,74.0,0.0,38.5,0,,,,60.0,,10,60.0,38.5,,,6,4,,14,0.8,69.2,10,6,4,60.0,0,0,0.0,20
Tyrese Samuel,Vancouver Bandits,2026-2027,offense,Play types,To Basket,3,First Middle,Transition > First Middle > To Basket,Transition,First Middle,To Basket,,,,13,100.0,1.538,74.0,0.0,38.5,0,,,,60.0,,10,60.0,38.5,,,6,4,,14,0.8,69.2,10,6,4,60.0,0,0,0.0,20
Tyrese Samuel,Vancouver Bandits,2026-2027,offense,Play types,Miss 2 Pts,4,To Basket,Transition > First Middle > To Basket > Miss 2 Pts,Transition,First Middle,To Basket,Miss 2 Pts,,,4,30.8,0.0,0.0,0.0,0.0,0,,,,0.0,,4,0.0,0.0,,,0,4,,4,0.0,0.0,4,0,4,0.0,0,0,0.0,0
Tyrese Samuel,Vancouver Bandits,2026-2027,offense,Play types,Make 2 Pts,4,To Basket,Transition > First Middle > To Basket > Make 2 Pts,Transition,First Middle,To Basket,Make 2 Pts,,,4,30.8,2.0,100.0,0.0,0.0,0,,,,100.0,,4,100.0,0.0,,,4,0,,4,0.0,100.0,4,4,0,100.0,0,0,0.0,8
Tyrese Samuel,Vancouver Bandits,2026-2027,offense,Play types,Foul,4,To Basket,Transition > First Middle > To Basket > Foul,Transition,First Middle,To Basket,Foul,,,3,23.1,2.0,113.6,0.0,100.0,0,,,,,,0,,100.0,,,0,0,,3,,100.0,0,0,0,,0,0,,6
Tyrese Samuel,Vancouver Bandits,2026-2027,offense,Play types,Make 2 Pts Foul,4,To Basket,Transition > First Middle > To Basket > Make 2 Pts Foul,Transition,First Middle,To Basket,Make 2 Pts Foul,,,2,15.4,3.0,104.2,0.0,100.0,0,,,,100.0,,2,100.0,100.0,,,2,0,,3,1.0,100.0,2,2,0,100.0,0,0,0.0,6
Tyrese Samuel,Vancouver Bandits,2026-2027,offense,Play types,1 Pts,5,Make 2 Pts Foul,Transition > First Middle > To Basket > Make 2 Pts Foul > 1 Pts,Transition,First Middle,To Basket,Make 2 Pts Foul,1 Pts,,2,100.0,3.0,104.2,0.0,100.0,0,,,,100.0,,2,100.0,100.0,,,2,0,,3,1.0,100.0,2,2,0,100.0,0,0,0.0,6
Tyrese Samuel,Vancouver Bandits,2026-2027,offense,Play types,Left Wing,2,Transition,Transition > Left Wing,Transition,Left Wing,,,,,12,26.7,1.333,74.3,8.3,16.7,0,,,,77.8,,9,77.8,16.7,,,7,2,,11,0.44,66.7,9,7,2,77.8,0,0,0.0,16
Tyrese Samuel,Vancouver Bandits,2026-2027,offense,Play types,To Basket,3,Left Wing,Transition > Left Wing > To Basket,Transition,Left Wing,To Basket,,,,11,91.7,1.455,74.3,0.0,18.2,0,,,,77.8,,9,77.8,18.2,,,7,2,,11,0.44,72.7,9,7,2,77.8,0,0,0.0,16
Tyrese Samuel,Vancouver Bandits,2026-2027,offense,Play types,Make 2 Pts,4,To Basket,Transition > Left Wing > To Basket > Make 2 Pts,Transition,Left Wing,To Basket,Make 2 Pts,,,7,63.6,2.0,100.0,0.0,0.0,0,,,,100.0,,7,100.0,0.0,,,7,0,,7,0.0,100.0,7,7,0,100.0,0,0,0.0,14
Tyrese Samuel,Vancouver Bandits,2026-2027,offense,Play types,Miss 2 Pts,4,To Basket,Transition > Left Wing > To Basket > Miss 2 Pts,Transition,Left Wing,To Basket,Miss 2 Pts,,,2,18.2,0.0,0.0,0.0,0.0,0,,,,0.0,,2,0.0,0.0,,,0,2,,2,0.0,0.0,2,0,2,0.0,0,0,0.0,0
Tyrese Samuel,Vancouver Bandits,2026-2027,offense,Play types,Foul,4,To Basket,Transition > Left Wing > To Basket > Foul,Transition,Left Wing,To Basket,Foul,,,2,18.2,1.0,56.8,0.0,100.0,0,,,,,,0,,100.0,,,0,0,,2,,50.0,0,0,0,,0,0,,2
Tyrese Samuel,Vancouver Bandits,2026-2027,offense,Play types,Turnover,3,Left Wing,Transition > Left Wing > Turnover,Transition,Left Wing,Turnover,,,,1,8.3,0.0,,100.0,0.0,0,,,,,,0,,0.0,,,0,0,,0,,0.0,0,0,0,,0,0,,0
Tyrese Samuel,Vancouver Bandits,2026-2027,offense,Play types,Ballhandler,2,Transition,Transition > Ballhandler,Transition,Ballhandler,,,,,11,24.4,1.364,82.6,18.2,36.4,0,,,,83.3,,6,83.3,36.4,,,5,1,,9,1.17,72.7,6,5,1,83.3,0,0,0.0,15
Tyrese Samuel,Vancouver Bandits,2026-2027,offense,Play types,To Basket,3,Ballhandler,Transition > Ballhandler > To Basket,Transition,Ballhandler,To Basket,,,,10,90.9,1.5,82.6,10.0,40.0,0,,,,83.3,,6,83.3,40.0,,,5,1,,9,1.17,80.0,6,5,1,83.3,0,0,0.0,15
Tyrese Samuel,Vancouver Bandits,2026-2027,offense,Play types,Make 2 Pts,4,To Basket,Transition > Ballhandler > To Basket > Make 2 Pts,Transition,Ballhandler,To Basket,Make 2 Pts,,,4,40.0,2.0,100.0,0.0,0.0,0,,,,100.0,,4,100.0,0.0,,,4,0,,4,0.0,100.0,4,4,0,100.0,0,0,0.0,8
Tyrese Samuel,Vancouver Bandits,2026-2027,offense,Play types,Foul,4,To Basket,Transition > Ballhandler > To Basket > Foul,Transition,Ballhandler,To Basket,Foul,,,3,30.0,1.333,75.8,0.0,100.0,0,,,,,,0,,100.0,,,0,0,,3,,100.0,0,0,0,,0,0,,4
Tyrese Samuel,Vancouver Bandits,2026-2027,offense,Play types,Turnover,4,To Basket,Transition > Ballhandler > To Basket > Turnover,Transition,Ballhandler,To Basket,Turnover,,,1,10.0,0.0,,100.0,0.0,0,,,,,,0,,0.0,,,0,0,,0,,0.0,0,0,0,,0,0,,0
Tyrese Samuel,Vancouver Bandits,2026-2027,offense,Play types,Make 2 Pts Foul,4,To Basket,Transition > Ballhandler > To Basket > Make 2 Pts Foul,Transition,Ballhandler,To Basket,Make 2 Pts Foul,,,1,10.0,3.0,104.2,0.0,100.0,0,,,,100.0,,1,100.0,100.0,,,1,0,,1,1.0,100.0,1,1,0,100.0,0,0,0.0,3
Tyrese Samuel,Vancouver Bandits,2026-2027,offense,Play types,1 Pts,5,Make 2 Pts Foul,Transition > Ballhandler > To Basket > Make 2 Pts Foul > 1 Pts,Transition,Ballhandler,To Basket,Make 2 Pts Foul,1 Pts,,1,100.0,3.0,104.2,0.0,100.0,0,,,,100.0,,1,100.0,100.0,,,1,0,,1,1.0,100.0,1,1,0,100.0,0,0,0.0,3
Tyrese Samuel,Vancouver Bandits,2026-2027,offense,Play types,Miss 2 Pts,4,To Basket,Transition > Ballhandler > To Basket > Miss 2 Pts,Transition,Ballhandler,To Basket,Miss 2 Pts,,,1,10.0,0.0,0.0,0.0,0.0,0,,,,0.0,,1,0.0,0.0,,,0,1,,1,0.0,0.0,1,0,1,0.0,0,0,0.0,0
Tyrese Samuel,Vancouver Bandits,2026-2027,offense,Play types,Turnover,3,Ballhandler,Transition > Ballhandler > Turnover,Transition,Ballhandler,Turnover,,,,1,9.1,0.0,,100.0,0.0,0,,,,,,0,,0.0,,,0,0,,0,,0.0,0,0,0,,0,0,,0
Tyrese Samuel,Vancouver Bandits,2026-2027,offense,Play types,Trailer,2,Transition,Transition > Trailer,Transition,Trailer,,,,,5,11.1,1.2,60.0,0.0,0.0,0,,,,60.0,,5,60.0,0.0,,,3,2,,5,0.0,60.0,5,3,2,60.0,0,0,0.0,6
Tyrese Samuel,Vancouver Bandits,2026-2027,offense,Play types,To Basket,3,Trailer,Transition > Trailer > To Basket,Transition,Trailer,To Basket,,,,5,100.0,1.2,60.0,0.0,0.0,0,,,,60.0,,5,60.0,0.0,,,3,2,,5,0.0,60.0,5,3,2,60.0,0,0,0.0,6
Tyrese Samuel,Vancouver Bandits,2026-2027,offense,Play types,Make 2 Pts,4,To Basket,Transition > Trailer > To Basket > Make 2 Pts,Transition,Trailer,To Basket,Make 2 Pts,,,3,60.0,2.0,100.0,0.0,0.0,0,,,,100.0,,3,100.0,0.0,,,3,0,,3,0.0,100.0,3,3,0,100.0,0,0,0.0,6
Tyrese Samuel,Vancouver Bandits,2026-2027,offense,Play types,Miss 2 Pts,4,To Basket,Transition > Trailer > To Basket > Miss 2 Pts,Transition,Trailer,To Basket,Miss 2 Pts,,,2,40.0,0.0,0.0,0.0,0.0,0,,,,0.0,,2,0.0,0.0,,,0,2,,2,0.0,0.0,2,0,2,0.0,0,0,0.0,0
Tyrese Samuel,Vancouver Bandits,2026-2027,offense,Play types,Leak Outs,2,Transition,Transition > Leak Outs,Transition,Leak Outs,,,,,3,6.7,2.0,100.0,0.0,0.0,0,,,,100.0,,3,100.0,0.0,,,3,0,,3,0.0,100.0,3,3,0,100.0,0,0,0.0,6
Tyrese Samuel,Vancouver Bandits,2026-2027,offense,Play types,To Basket,3,Leak Outs,Transition > Leak Outs > To Basket,Transition,Leak Outs,To Basket,,,,3,100.0,2.0,100.0,0.0,0.0,0,,,,100.0,,3,100.0,0.0,,,3,0,,3,0.0,100.0,3,3,0,100.0,0,0,0.0,6
Tyrese Samuel,Vancouver Bandits,2026-2027,offense,Play types,Make 2 Pts,4,To Basket,Transition > Leak Outs > To Basket > Make 2 Pts,Transition,Leak Outs,To Basket,Make 2 Pts,,,3,100.0,2.0,100.0,0.0,0.0,0,,,,100.0,,3,100.0,0.0,,,3,0,,3,0.0,100.0,3,3,0,100.0,0,0,0.0,6
Tyrese Samuel,Vancouver Bandits,2026-2027,offense,Play types,Turnover,2,Transition,Transition > Turnover,Transition,Turnover,,,,,1,2.2,0.0,,100.0,0.0,0,,,,,,0,,0.0,,,0,0,,0,,0.0,0,0,0,,0,0,,0
Tyrese Samuel,Vancouver Bandits,2026-2027,offense,Play types,Offensive Rebounds (Put Backs),1,,Offensive Rebounds (Put Backs),Offensive Rebounds (Put Backs),,,,,,43,13.5,1.326,66.3,2.3,14.0,0,,Very Good,75.0,64.1,60.0,39,64.1,11.6,,,25,14,,43,0.23,65.1,39,25,14,64.1,0,0,0.0,57
Tyrese Samuel,Vancouver Bandits,2026-2027,offense,Play types,Short,2,Offensive Rebounds (Put Backs),Offensive Rebounds (Put Backs) > Short,Offensive Rebounds (Put Backs),Short,,,,,41,95.3,1.293,64.7,2.4,14.6,0,,,,62.2,,37,62.2,12.2,,,23,14,,41,0.24,63.4,37,23,14,62.2,0,0,0.0,53
Tyrese Samuel,Vancouver Bandits,2026-2027,offense,Play types,Scoring Attempt,3,Short,Offensive Rebounds (Put Backs) > Short > Scoring Attempt,Offensive Rebounds (Put Backs),Short,Scoring Attempt,,,,39,95.1,1.308,63.6,0.0,12.8,0,,,,62.2,,37,62.2,12.8,,,23,14,,40,0.19,64.1,37,23,14,62.2,0,0,0.0,51
Tyrese Samuel,Vancouver Bandits,2026-2027,offense,Play types,At Basket,4,Scoring Attempt,Offensive Rebounds (Put Backs) > Short > Scoring Attempt > At Basket,Offensive Rebounds (Put Backs),Short,Scoring Attempt,At Basket,,,35,89.7,1.343,65.1,0.0,14.3,0,,,,63.6,,33,63.6,14.3,,,21,12,,36,0.21,65.7,33,21,12,63.6,0,0,0.0,47
Tyrese Samuel,Vancouver Bandits,2026-2027,offense,Play types,Make 2 Pts,5,At Basket,Offensive Rebounds (Put Backs) > Short > Scoring Attempt > At Basket > Make 2 Pts,Offensive Rebounds (Put Backs),Short,Scoring Attempt,At Basket,Make 2 Pts,,18,51.4,2.0,100.0,0.0,0.0,0,,,,100.0,,18,100.0,0.0,,,18,0,,18,0.0,100.0,18,18,0,100.0,0,0,0.0,36
Tyrese Samuel,Vancouver Bandits,2026-2027,offense,Play types,Miss 2 Pts,5,At Basket,Offensive Rebounds (Put Backs) > Short > Scoring Attempt > At Basket > Miss 2 Pts,Offensive Rebounds (Put Backs),Short,Scoring Attempt,At Basket,Miss 2 Pts,,12,34.3,0.0,0.0,0.0,0.0,0,,,,0.0,,12,0.0,0.0,,,0,12,,12,0.0,0.0,12,0,12,0.0,0,0,0.0,0
Tyrese Samuel,Vancouver Bandits,2026-2027,offense,Play types,Make 2 Pts Foul,5,At Basket,Offensive Rebounds (Put Backs) > Short > Scoring Attempt > At Basket > Make 2 Pts Foul,Offensive Rebounds (Put Backs),Short,Scoring Attempt,At Basket,Make 2 Pts Foul,,3,8.6,2.667,92.6,0.0,100.0,0,,,,100.0,,3,100.0,100.0,,,3,0,,4,1.0,100.0,3,3,0,100.0,0,0,0.0,8
Tyrese Samuel,Vancouver Bandits,2026-2027,offense,Play types,Foul,5,At Basket,Offensive Rebounds (Put Backs) > Short > Scoring Attempt > At Basket > Foul,Offensive Rebounds (Put Backs),Short,Scoring Attempt,At Basket,Foul,,2,5.7,1.5,85.2,0.0,100.0,0,,,,,,0,,100.0,,,0,0,,2,,100.0,0,0,0,,0,0,,3
Tyrese Samuel,Vancouver Bandits,2026-2027,offense,Play types,Short to < 17,4,Scoring Attempt,Offensive Rebounds (Put Backs) > Short > Scoring Attempt > Short to < 17,Offensive Rebounds (Put Backs),Short,Scoring Attempt,Short to < 17,,,4,10.3,1.0,50.0,0.0,0.0,0,,,,50.0,,4,50.0,0.0,,,2,2,,4,0.0,50.0,4,2,2,50.0,0,0,0.0,4
Tyrese Samuel,Vancouver Bandits,2026-2027,offense,Play types,Miss 2 Pts,5,Short to < 17,Offensive Rebounds (Put Backs) > Short > Scoring Attempt > Short to < 17 > Miss 2 Pts,Offensive Rebounds (Put Backs),Short,Scoring Attempt,Short to < 17,Miss 2 Pts,,2,50.0,0.0,0.0,0.0,0.0,0,,,,0.0,,2,0.0,0.0,,,0,2,,2,0.0,0.0,2,0,2,0.0,0,0,0.0,0
Tyrese Samuel,Vancouver Bandits,2026-2027,offense,Play types,Make 2 Pts,5,Short to < 17,Offensive Rebounds (Put Backs) > Short > Scoring Attempt > Short to < 17 > Make 2 Pts,Offensive Rebounds (Put Backs),Short,Scoring Attempt,Short to < 17,Make 2 Pts,,2,50.0,2.0,100.0,0.0,0.0,0,,,,100.0,,2,100.0,0.0,,,2,0,,2,0.0,100.0,2,2,0,100.0,0,0,0.0,4
Tyrese Samuel,Vancouver Bandits,2026-2027,offense,Play types,Foul,3,Short,Offensive Rebounds (Put Backs) > Short > Foul,Offensive Rebounds (Put Backs),Short,Foul,,,,1,2.4,2.0,113.6,0.0,100.0,0,,,,,,0,,0.0,,,0,0,,1,,100.0,0,0,0,,0,0,,2
Tyrese Samuel,Vancouver Bandits,2026-2027,offense,Play types,Turnover,3,Short,Offensive Rebounds (Put Backs) > Short > Turnover,Offensive Rebounds (Put Backs),Short,Turnover,,,,1,2.4,0.0,,100.0,0.0,0,,,,,,0,,0.0,,,0,0,,0,,0.0,0,0,0,,0,0,,0
Tyrese Samuel,Vancouver Bandits,2026-2027,offense,Play types,Long,2,Offensive Rebounds (Put Backs),Offensive Rebounds (Put Backs) > Long,Offensive Rebounds (Put Backs),Long,,,,,2,4.7,2.0,100.0,0.0,0.0,0,,,,100.0,,2,100.0,0.0,,,2,0,,2,0.0,100.0,2,2,0,100.0,0,0,0.0,4
Tyrese Samuel,Vancouver Bandits,2026-2027,offense,Play types,Scoring Attempt,3,Long,Offensive Rebounds (Put Backs) > Long > Scoring Attempt,Offensive Rebounds (Put Backs),Long,Scoring Attempt,,,,2,100.0,2.0,100.0,0.0,0.0,0,,,,100.0,,2,100.0,0.0,,,2,0,,2,0.0,100.0,2,2,0,100.0,0,0,0.0,4
Tyrese Samuel,Vancouver Bandits,2026-2027,offense,Play types,Short to < 17,4,Scoring Attempt,Offensive Rebounds (Put Backs) > Long > Scoring Attempt > Short to < 17,Offensive Rebounds (Put Backs),Long,Scoring Attempt,Short to < 17,,,1,50.0,2.0,100.0,0.0,0.0,0,,,,100.0,,1,100.0,0.0,,,1,0,,1,0.0,100.0,1,1,0,100.0,0,0,0.0,2
Tyrese Samuel,Vancouver Bandits,2026-2027,offense,Play types,Make 2 Pts,5,Short to < 17,Offensive Rebounds (Put Backs) > Long > Scoring Attempt > Short to < 17 > Make 2 Pts,Offensive Rebounds (Put Backs),Long,Scoring Attempt,Short to < 17,Make 2 Pts,,1,100.0,2.0,100.0,0.0,0.0,0,,,,100.0,,1,100.0,0.0,,,1,0,,1,0.0,100.0,1,1,0,100.0,0,0,0.0,2
Tyrese Samuel,Vancouver Bandits,2026-2027,offense,Play types,At Basket,4,Scoring Attempt,Offensive Rebounds (Put Backs) > Long > Scoring Attempt > At Basket,Offensive Rebounds (Put Backs),Long,Scoring Attempt,At Basket,,,1,50.0,2.0,100.0,0.0,0.0,0,,,,100.0,,1,100.0,0.0,,,1,0,,1,0.0,100.0,1,1,0,100.0,0,0,0.0,2
Tyrese Samuel,Vancouver Bandits,2026-2027,offense,Play types,Make 2 Pts,5,At Basket,Offensive Rebounds (Put Backs) > Long > Scoring Attempt > At Basket > Make 2 Pts,Offensive Rebounds (Put Backs),Long,Scoring Attempt,At Basket,Make 2 Pts,,1,100.0,2.0,100.0,0.0,0.0,0,,,,100.0,,1,100.0,0.0,,,1,0,,1,0.0,100.0,1,1,0,100.0,0,0,0.0,2
Tyrese Samuel,Vancouver Bandits,2026-2027,offense,Play types,Post-Up,1,,Post-Up,Post-Up,,,,,,39,12.3,0.897,51.9,12.8,17.9,0,,Average,48.0,46.4,48.0,28,46.4,17.9,,,13,15,,34,0.46,48.7,28,13,15,46.4,0,0,0.0,35
Tyrese Samuel,Vancouver Bandits,2026-2027,offense,Play types,Post-Up - Overall,2,Post-Up,Post-Up > Post-Up - Overall,Post-Up,Post-Up - Overall,,,,,39,100.0,0.897,51.9,12.8,17.9,0,,,,46.4,,28,46.4,17.9,,,13,15,,34,0.46,48.7,28,13,15,46.4,0,0,0.0,35
Tyrese Samuel,Vancouver Bandits,2026-2027,offense,Play types,Left Shoulder,3,Post-Up - Overall,Post-Up > Post-Up - Overall > Left Shoulder,Post-Up,Post-Up - Overall,Left Shoulder,,,,17,43.6,0.882,44.7,0.0,11.8,0,,,,40.0,,15,40.0,11.8,,,6,9,,17,0.27,47.1,15,6,9,40.0,0,0,0.0,15
Tyrese Samuel,Vancouver Bandits,2026-2027,offense,Play types,Right Shoulder,3,Post-Up - Overall,Post-Up > Post-Up - Overall > Right Shoulder,Post-Up,Post-Up - Overall,Right Shoulder,,,,13,33.3,1.077,68.6,23.1,23.1,0,,,,62.5,,8,62.5,23.1,,,5,3,,10,0.63,53.8,8,5,3,62.5,0,0,0.0,14
Tyrese Samuel,Vancouver Bandits,2026-2027,offense,Play types,Post Pin,3,Post-Up - Overall,Post-Up > Post-Up - Overall > Post Pin,Post-Up,Post-Up - Overall,Post Pin,,,,5,12.8,1.0,64.4,20.0,20.0,0,,,,66.7,,3,66.7,20.0,,,2,1,,4,0.67,60.0,3,2,1,66.7,0,0,0.0,5
Tyrese Samuel,Vancouver Bandits,2026-2027,offense,Play types,Face-Up,3,Post-Up - Overall,Post-Up > Post-Up - Overall > Face-Up,Post-Up,Post-Up - Overall,Face-Up,,,,3,7.7,0.333,17.4,0.0,33.3,0,,,,0.0,,2,0.0,33.3,,,0,2,,3,1.0,33.3,2,0,2,0.0,0,0,0.0,1
Tyrese Samuel,Vancouver Bandits,2026-2027,offense,Play types,Turnover,3,Post-Up - Overall,Post-Up > Post-Up - Overall > Turnover,Post-Up,Post-Up - Overall,Turnover,,,,1,2.6,0.0,,100.0,0.0,0,,,,,,0,,0.0,,,0,0,,0,,0.0,0,0,0,,0,0,,0
Tyrese Samuel,Vancouver Bandits,2026-2027,offense,Play types,Left Block,2,Post-Up,Post-Up > Left Block,Post-Up,Left Block,,,,,22,56.4,0.955,52.3,9.1,18.2,0,,,,47.1,,17,47.1,18.2,,,8,9,,20,0.41,50.0,17,8,9,47.1,0,0,0.0,21
Tyrese Samuel,Vancouver Bandits,2026-2027,offense,Play types,Left Shoulder,3,Left Block,Post-Up > Left Block > Left Shoulder,Post-Up,Left Block,Left Shoulder,,,,11,50.0,1.091,55.1,0.0,9.1,0,,,,50.0,,10,50.0,9.1,,,5,5,,11,0.2,54.5,10,5,5,50.0,0,0,0.0,12
Tyrese Samuel,Vancouver Bandits,2026-2027,offense,Play types,Dribble Move,4,Left Shoulder,Post-Up > Left Block > Left Shoulder > Dribble Move,Post-Up,Left Block,Left Shoulder,Dribble Move,,,11,100.0,1.091,55.1,0.0,9.1,0,,,,50.0,,10,50.0,9.1,,,5,5,,11,0.2,54.5,10,5,5,50.0,0,0,0.0,12
Tyrese Samuel,Vancouver Bandits,2026-2027,offense,Play types,To Hook,5,Dribble Move,Post-Up > Left Block > Left Shoulder > Dribble Move > To Hook,Post-Up,Left Block,Left Shoulder,Dribble Move,To Hook,,8,72.7,0.75,37.5,0.0,0.0,0,,,,37.5,,8,37.5,0.0,,,3,5,,8,0.0,37.5,8,3,5,37.5,0,0,0.0,6
Tyrese Samuel,Vancouver Bandits,2026-2027,offense,Play types,To Basket,5,Dribble Move,Post-Up > Left Block > Left Shoulder > Dribble Move > To Basket,Post-Up,Left Block,Left Shoulder,Dribble Move,To Basket,,2,18.2,2.0,100.0,0.0,0.0,0,,,,100.0,,2,100.0,0.0,,,2,0,,2,0.0,100.0,2,2,0,100.0,0,0,0.0,4
Tyrese Samuel,Vancouver Bandits,2026-2027,offense,Play types,To Up and Under,5,Dribble Move,Post-Up > Left Block > Left Shoulder > Dribble Move > To Up and Under,Post-Up,Left Block,Left Shoulder,Dribble Move,To Up and Under,,1,9.1,2.0,113.6,0.0,100.0,0,,,,,,0,,100.0,,,0,0,,1,,100.0,0,0,0,,0,0,,2
Tyrese Samuel,Vancouver Bandits,2026-2027,offense,Play types,Right Shoulder,3,Left Block,Post-Up > Left Block > Right Shoulder,Post-Up,Left Block,Right Shoulder,,,,9,40.9,0.889,54.6,22.2,22.2,0,,,,50.0,,6,50.0,22.2,,,3,3,,7,0.5,44.4,6,3,3,50.0,0,0,0.0,8
Tyrese Samuel,Vancouver Bandits,2026-2027,offense,Play types,Dribble Move,4,Right Shoulder,Post-Up > Left Block > Right Shoulder > Dribble Move,Post-Up,Left Block,Right Shoulder,Dribble Move,,,9,100.0,0.889,54.6,22.2,22.2,0,,,,50.0,,6,50.0,22.2,,,3,3,,7,0.5,44.4,6,3,3,50.0,0,0,0.0,8
Tyrese Samuel,Vancouver Bandits,2026-2027,offense,Play types,To Basket,5,Dribble Move,Post-Up > Left Block > Right Shoulder > Dribble Move > To Basket,Post-Up,Left Block,Right Shoulder,Dribble Move,To Basket,,7,77.8,1.143,54.6,0.0,28.6,0,,,,50.0,,6,50.0,28.6,,,3,3,,7,0.5,57.1,6,3,3,50.0,0,0,0.0,8
Tyrese Samuel,Vancouver Bandits,2026-2027,offense,Play types,Turnover,5,Dribble Move,Post-Up > Left Block > Right Shoulder > Dribble Move > Turnover,Post-Up,Left Block,Right Shoulder,Dribble Move,Turnover,,1,11.1,0.0,,100.0,0.0,0,,,,,,0,,0.0,,,0,0,,0,,0.0,0,0,0,,0,0,,0
Tyrese Samuel,Vancouver Bandits,2026-2027,offense,Play types,Defense Commits,5,Dribble Move,Post-Up > Left Block > Right Shoulder > Dribble Move > Defense Commits,Post-Up,Left Block,Right Shoulder,Dribble Move,Defense Commits,,1,11.1,0.0,,100.0,0.0,0,,,,,,0,,0.0,,,0,0,,0,,0.0,0,0,0,,0,0,,0
Tyrese Samuel,Vancouver Bandits,2026-2027,offense,Play types,Face-up,3,Left Block,Post-Up > Left Block > Face-up,Post-Up,Left Block,Face-up,,,,2,9.1,0.5,26.6,0.0,50.0,0,,,,0.0,,1,0.0,50.0,,,0,1,,2,2.0,50.0,1,0,1,0.0,0,0,0.0,1
Tyrese Samuel,Vancouver Bandits,2026-2027,offense,Play types,Drive Middle,4,Face-up,Post-Up > Left Block > Face-up > Drive Middle,Post-Up,Left Block,Face-up,Drive Middle,,,1,50.0,0.0,0.0,0.0,0.0,0,,,,0.0,,1,0.0,0.0,,,0,1,,1,0.0,0.0,1,0,1,0.0,0,0,0.0,0
Tyrese Samuel,Vancouver Bandits,2026-2027,offense,Play types,Miss 2 Pts,5,Drive Middle,Post-Up > Left Block > Face-up > Drive Middle > Miss 2 Pts,Post-Up,Left Block,Face-up,Drive Middle,Miss 2 Pts,,1,100.0,0.0,0.0,0.0,0.0,0,,,,0.0,,1,0.0,0.0,,,0,1,,1,0.0,0.0,1,0,1,0.0,0,0,0.0,0
Tyrese Samuel,Vancouver Bandits,2026-2027,offense,Play types,Drive Baseline,4,Face-up,Post-Up > Left Block > Face-up > Drive Baseline,Post-Up,Left Block,Face-up,Drive Baseline,,,1,50.0,1.0,56.8,0.0,100.0,0,,,,,,0,,100.0,,,0,0,,1,,100.0,0,0,0,,0,0,,1
Tyrese Samuel,Vancouver Bandits,2026-2027,offense,Play types,Foul,5,Drive Baseline,Post-Up > Left Block > Face-up > Drive Baseline > Foul,Post-Up,Left Block,Face-up,Drive Baseline,Foul,,1,100.0,1.0,56.8,0.0,100.0,0,,,,,,0,,100.0,,,0,0,,1,,100.0,0,0,0,,0,0,,1
Tyrese Samuel,Vancouver Bandits,2026-2027,offense,Play types,Flash Middle,2,Post-Up,Post-Up > Flash Middle,Post-Up,Flash Middle,,,,,12,30.8,1.0,62.2,16.7,25.0,0,,,,57.1,,7,57.1,25.0,,,4,3,,10,0.86,58.3,7,4,3,57.1,0,0,0.0,12
Tyrese Samuel,Vancouver Bandits,2026-2027,offense,Play types,Post Pin,3,Flash Middle,Post-Up > Flash Middle > Post Pin,Post-Up,Flash Middle,Post Pin,,,,5,41.7,1.0,64.4,20.0,20.0,0,,,,66.7,,3,66.7,20.0,,,2,1,,4,0.67,60.0,3,2,1,66.7,0,0,0.0,5
Tyrese Samuel,Vancouver Bandits,2026-2027,offense,Play types,No Dribble Move,4,Post Pin,Post-Up > Flash Middle > Post Pin > No Dribble Move,Post-Up,Flash Middle,Post Pin,No Dribble Move,,,2,40.0,1.0,50.0,0.0,0.0,0,,,,50.0,,2,50.0,0.0,,,1,1,,2,0.0,50.0,2,1,1,50.0,0,0,0.0,2
Tyrese Samuel,Vancouver Bandits,2026-2027,offense,Play types,To Basket,5,No Dribble Move,Post-Up > Flash Middle > Post Pin > No Dribble Move > To Basket,Post-Up,Flash Middle,Post Pin,No Dribble Move,To Basket,,2,100.0,1.0,50.0,0.0,0.0,0,,,,50.0,,2,50.0,0.0,,,1,1,,2,0.0,50.0,2,1,1,50.0,0,0,0.0,2
Tyrese Samuel,Vancouver Bandits,2026-2027,offense,Play types,Dribble Move,4,Post Pin,Post-Up > Flash Middle > Post Pin > Dribble Move,Post-Up,Flash Middle,Post Pin,Dribble Move,,,2,40.0,1.5,79.8,0.0,50.0,0,,,,100.0,,1,100.0,50.0,,,1,0,,2,2.0,100.0,1,1,0,100.0,0,0,0.0,3
Tyrese Samuel,Vancouver Bandits,2026-2027,offense,Play types,To Basket,5,Dribble Move,Post-Up > Flash Middle > Post Pin > Dribble Move > To Basket,Post-Up,Flash Middle,Post Pin,Dribble Move,To Basket,,2,100.0,1.5,79.8,0.0,50.0,0,,,,100.0,,1,100.0,50.0,,,1,0,,2,2.0,100.0,1,1,0,100.0,0,0,0.0,3
Tyrese Samuel,Vancouver Bandits,2026-2027,offense,Play types,Turnover,4,Post Pin,Post-Up > Flash Middle > Post Pin > Turnover,Post-Up,Flash Middle,Post Pin,Turnover,,,1,20.0,0.0,,100.0,0.0,0,,,,,,0,,0.0,,,0,0,,0,,0.0,0,0,0,,0,0,,0
Tyrese Samuel,Vancouver Bandits,2026-2027,offense,Play types,Left Shoulder,3,Flash Middle,Post-Up > Flash Middle > Left Shoulder,Post-Up,Flash Middle,Left Shoulder,,,,4,33.3,0.75,38.7,0.0,25.0,0,,,,33.3,,3,33.3,25.0,,,1,2,,4,0.67,50.0,3,1,2,33.3,0,0,0.0,3
Tyrese Samuel,Vancouver Bandits,2026-2027,offense,Play types,Dribble Move,4,Left Shoulder,Post-Up > Flash Middle > Left Shoulder > Dribble Move,Post-Up,Flash Middle,Left Shoulder,Dribble Move,,,3,75.0,0.333,17.4,0.0,33.3,0,,,,0.0,,2,0.0,33.3,,,0,2,,3,1.0,33.3,2,0,2,0.0,0,0,0.0,1
Tyrese Samuel,Vancouver Bandits,2026-2027,offense,Play types,To Basket,5,Dribble Move,Post-Up > Flash Middle > Left Shoulder > Dribble Move > To Basket,Post-Up,Flash Middle,Left Shoulder,Dribble Move,To Basket,,2,66.7,0.5,26.6,0.0,50.0,0,,,,0.0,,1,0.0,50.0,,,0,1,,2,2.0,50.0,1,0,1,0.0,0,0,0.0,1
Tyrese Samuel,Vancouver Bandits,2026-2027,offense,Play types,To Up and Under,5,Dribble Move,Post-Up > Flash Middle > Left Shoulder > Dribble Move > To Up and Under,Post-Up,Flash Middle,Left Shoulder,Dribble Move,To Up and Under,,1,33.3,0.0,0.0,0.0,0.0,0,,,,0.0,,1,0.0,0.0,,,0,1,,1,0.0,0.0,1,0,1,0.0,0,0,0.0,0
Tyrese Samuel,Vancouver Bandits,2026-2027,offense,Play types,No Dribble Move,4,Left Shoulder,Post-Up > Flash Middle > Left Shoulder > No Dribble Move,Post-Up,Flash Middle,Left Shoulder,No Dribble Move,,,1,25.0,2.0,100.0,0.0,0.0,0,,,,100.0,,1,100.0,0.0,,,1,0,,1,0.0,100.0,1,1,0,100.0,0,0,0.0,2
Tyrese Samuel,Vancouver Bandits,2026-2027,offense,Play types,To Basket,5,No Dribble Move,Post-Up > Flash Middle > Left Shoulder > No Dribble Move > To Basket,Post-Up,Flash Middle,Left Shoulder,No Dribble Move,To Basket,,1,100.0,2.0,100.0,0.0,0.0,0,,,,100.0,,1,100.0,0.0,,,1,0,,1,0.0,100.0,1,1,0,100.0,0,0,0.0,2
Tyrese Samuel,Vancouver Bandits,2026-2027,offense,Play types,Right Shoulder,3,Flash Middle,Post-Up > Flash Middle > Right Shoulder,Post-Up,Flash Middle,Right Shoulder,,,,2,16.7,2.0,106.4,0.0,50.0,0,,,,100.0,,1,100.0,50.0,,,1,0,,2,2.0,100.0,1,1,0,100.0,0,0,0.0,4
Tyrese Samuel,Vancouver Bandits,2026-2027,offense,Play types,No Dribble Move,4,Right Shoulder,Post-Up > Flash Middle > Right Shoulder > No Dribble Move,Post-Up,Flash Middle,Right Shoulder,No Dribble Move,,,2,100.0,2.0,106.4,0.0,50.0,0,,,,100.0,,1,100.0,50.0,,,1,0,,2,2.0,100.0,1,1,0,100.0,0,0,0.0,4
Tyrese Samuel,Vancouver Bandits,2026-2027,offense,Play types,To Basket,5,No Dribble Move,Post-Up > Flash Middle > Right Shoulder > No Dribble Move > To Basket,Post-Up,Flash Middle,Right Shoulder,No Dribble Move,To Basket,,2,100.0,2.0,106.4,0.0,50.0,0,,,,100.0,,1,100.0,50.0,,,1,0,,2,2.0,100.0,1,1,0,100.0,0,0,0.0,4
Tyrese Samuel,Vancouver Bandits,2026-2027,offense,Play types,Turnover,3,Flash Middle,Post-Up > Flash Middle > Turnover,Post-Up,Flash Middle,Turnover,,,,1,8.3,0.0,,100.0,0.0,0,,,,,,0,,0.0,,,0,0,,0,,0.0,0,0,0,,0,0,,0
Tyrese Samuel,Vancouver Bandits,2026-2027,offense,Play types,Right Block,2,Post-Up,Post-Up > Right Block,Post-Up,Right Block,,,,,5,12.8,0.4,25.0,20.0,0.0,0,,,,25.0,,4,25.0,0.0,,,1,3,,4,0.0,20.0,4,1,3,25.0,0,0,0.0,2
Tyrese Samuel,Vancouver Bandits,2026-2027,offense,Play types,Right Shoulder,3,Right Block,Post-Up > Right Block > Right Shoulder,Post-Up,Right Block,Right Shoulder,,,,2,40.0,1.0,100.0,50.0,0.0,0,,,,100.0,,1,100.0,0.0,,,1,0,,1,0.0,50.0,1,1,0,100.0,0,0,0.0,2
Tyrese Samuel,Vancouver Bandits,2026-2027,offense,Play types,Dribble Move,4,Right Shoulder,Post-Up > Right Block > Right Shoulder > Dribble Move,Post-Up,Right Block,Right Shoulder,Dribble Move,,,2,100.0,1.0,100.0,50.0,0.0,0,,,,100.0,,1,100.0,0.0,,,1,0,,1,0.0,50.0,1,1,0,100.0,0,0,0.0,2
Tyrese Samuel,Vancouver Bandits,2026-2027,offense,Play types,To Basket,5,Dribble Move,Post-Up > Right Block > Right Shoulder > Dribble Move > To Basket,Post-Up,Right Block,Right Shoulder,Dribble Move,To Basket,,1,50.0,2.0,100.0,0.0,0.0,0,,,,100.0,,1,100.0,0.0,,,1,0,,1,0.0,100.0,1,1,0,100.0,0,0,0.0,2
Tyrese Samuel,Vancouver Bandits,2026-2027,offense,Play types,Turnover,5,Dribble Move,Post-Up > Right Block > Right Shoulder > Dribble Move > Turnover,Post-Up,Right Block,Right Shoulder,Dribble Move,Turnover,,1,50.0,0.0,,100.0,0.0,0,,,,,,0,,0.0,,,0,0,,0,,0.0,0,0,0,,0,0,,0
Tyrese Samuel,Vancouver Bandits,2026-2027,offense,Play types,Left Shoulder,3,Right Block,Post-Up > Right Block > Left Shoulder,Post-Up,Right Block,Left Shoulder,,,,2,40.0,0.0,0.0,0.0,0.0,0,,,,0.0,,2,0.0,0.0,,,0,2,,2,0.0,0.0,2,0,2,0.0,0,0,0.0,0
Tyrese Samuel,Vancouver Bandits,2026-2027,offense,Play types,Dribble Move,4,Left Shoulder,Post-Up > Right Block > Left Shoulder > Dribble Move,Post-Up,Right Block,Left Shoulder,Dribble Move,,,2,100.0,0.0,0.0,0.0,0.0,0,,,,0.0,,2,0.0,0.0,,,0,2,,2,0.0,0.0,2,0,2,0.0,0,0,0.0,0
Tyrese Samuel,Vancouver Bandits,2026-2027,offense,Play types,To Basket,5,Dribble Move,Post-Up > Right Block > Left Shoulder > Dribble Move > To Basket,Post-Up,Right Block,Left Shoulder,Dribble Move,To Basket,,1,50.0,0.0,0.0,0.0,0.0,0,,,,0.0,,1,0.0,0.0,,,0,1,,1,0.0,0.0,1,0,1,0.0,0,0,0.0,0
Tyrese Samuel,Vancouver Bandits,2026-2027,offense,Play types,To Drop Step,5,Dribble Move,Post-Up > Right Block > Left Shoulder > Dribble Move > To Drop Step,Post-Up,Right Block,Left Shoulder,Dribble Move,To Drop Step,,1,50.0,0.0,0.0,0.0,0.0,0,,,,0.0,,1,0.0,0.0,,,0,1,,1,0.0,0.0,1,0,1,0.0,0,0,0.0,0
Tyrese Samuel,Vancouver Bandits,2026-2027,offense,Play types,Face-up,3,Right Block,Post-Up > Right Block > Face-up,Post-Up,Right Block,Face-up,,,,1,20.0,0.0,0.0,0.0,0.0,0,,,,0.0,,1,0.0,0.0,,,0,1,,1,0.0,0.0,1,0,1,0.0,0,0,0.0,0
Tyrese Samuel,Vancouver Bandits,2026-2027,offense,Play types,Drive Baseline,4,Face-up,Post-Up > Right Block > Face-up > Drive Baseline,Post-Up,Right Block,Face-up,Drive Baseline,,,1,100.0,0.0,0.0,0.0,0.0,0,,,,0.0,,1,0.0,0.0,,,0,1,,1,0.0,0.0,1,0,1,0.0,0,0,0.0,0
Tyrese Samuel,Vancouver Bandits,2026-2027,offense,Play types,Miss 2 Pts,5,Drive Baseline,Post-Up > Right Block > Face-up > Drive Baseline > Miss 2 Pts,Post-Up,Right Block,Face-up,Drive Baseline,Miss 2 Pts,,1,100.0,0.0,0.0,0.0,0.0,0,,,,0.0,,1,0.0,0.0,,,0,1,,1,0.0,0.0,1,0,1,0.0,0,0,0.0,0
Tyrese Samuel,Vancouver Bandits,2026-2027,offense,Play types,Cut,1,,Cut,Cut,,,,,,33,10.4,1.424,72.5,6.1,21.2,0,,Very Good,79.0,71.4,38.0,28,71.4,21.2,,,20,8,,32,0.36,69.7,28,20,8,71.4,0,0,0.0,47
Tyrese Samuel,Vancouver Bandits,2026-2027,offense,Play types,Basket,2,Cut,Cut > Basket,Cut,Basket,,,,,23,69.7,1.783,87.6,4.3,30.4,0,,,,89.5,,19,89.5,30.4,,,17,2,,23,0.53,87.0,19,17,2,89.5,0,0,0.0,41
Tyrese Samuel,Vancouver Bandits,2026-2027,offense,Play types,Make 2 Pts,3,Basket,Cut > Basket > Make 2 Pts,Cut,Basket,Make 2 Pts,,,,13,56.5,2.0,100.0,0.0,0.0,0,,,,100.0,,13,100.0,0.0,,,13,0,,13,0.0,100.0,13,13,0,100.0,0,0,0.0,26
Tyrese Samuel,Vancouver Bandits,2026-2027,offense,Play types,Make 2 Pts Foul,3,Basket,Cut > Basket > Make 2 Pts Foul,Cut,Basket,Make 2 Pts Foul,,,,4,17.4,2.75,95.5,0.0,100.0,0,,,,100.0,,4,100.0,100.0,,,4,0,,6,1.0,100.0,4,4,0,100.0,0,0,0.0,11
Tyrese Samuel,Vancouver Bandits,2026-2027,offense,Play types,1 Pts,4,Make 2 Pts Foul,Cut > Basket > Make 2 Pts Foul > 1 Pts,Cut,Basket,Make 2 Pts Foul,1 Pts,,,3,75.0,3.0,104.2,0.0,100.0,0,,,,100.0,,3,100.0,100.0,,,3,0,,4,1.0,100.0,3,3,0,100.0,0,0,0.0,9
Tyrese Samuel,Vancouver Bandits,2026-2027,offense,Play types,Foul,3,Basket,Cut > Basket > Foul,Cut,Basket,Foul,,,,3,13.0,1.333,75.8,0.0,100.0,0,,,,,,0,,100.0,,,0,0,,3,,100.0,0,0,0,,0,0,,4
Tyrese Samuel,Vancouver Bandits,2026-2027,offense,Play types,Miss 2 Pts,3,Basket,Cut > Basket > Miss 2 Pts,Cut,Basket,Miss 2 Pts,,,,2,8.7,0.0,0.0,0.0,0.0,0,,,,0.0,,2,0.0,0.0,,,0,2,,2,0.0,0.0,2,0,2,0.0,0,0,0.0,0
Tyrese Samuel,Vancouver Bandits,2026-2027,offense,Play types,Turnover,3,Basket,Cut > Basket > Turnover,Cut,Basket,Turnover,,,,1,4.3,0.0,,100.0,0.0,0,,,,,,0,,0.0,,,0,0,,0,,0.0,0,0,0,,0,0,,0
Tyrese Samuel,Vancouver Bandits,2026-2027,offense,Play types,Flash,2,Cut,Cut > Flash,Cut,Flash,,,,,7,21.2,0.857,50.0,14.3,0.0,0,,,,50.0,,6,50.0,0.0,,,3,3,,6,0.0,42.9,6,3,3,50.0,0,0,0.0,6
Tyrese Samuel,Vancouver Bandits,2026-2027,offense,Play types,Make 2 Pts,3,Flash,Cut > Flash > Make 2 Pts,Cut,Flash,Make 2 Pts,,,,3,42.9,2.0,100.0,0.0,0.0,0,,,,100.0,,3,100.0,0.0,,,3,0,,3,0.0,100.0,3,3,0,100.0,0,0,0.0,6
Tyrese Samuel,Vancouver Bandits,2026-2027,offense,Play types,Miss 2 Pts,3,Flash,Cut > Flash > Miss 2 Pts,Cut,Flash,Miss 2 Pts,,,,3,42.9,0.0,0.0,0.0,0.0,0,,,,0.0,,3,0.0,0.0,,,0,3,,3,0.0,0.0,3,0,3,0.0,0,0,0.0,0
Tyrese Samuel,Vancouver Bandits,2026-2027,offense,Play types,Turnover,3,Flash,Cut > Flash > Turnover,Cut,Flash,Turnover,,,,1,14.3,0.0,,100.0,0.0,0,,,,,,0,,0.0,,,0,0,,0,,0.0,0,0,0,,0,0,,0
Tyrese Samuel,Vancouver Bandits,2026-2027,offense,Play types,Screen,2,Cut,Cut > Screen,Cut,Screen,,,,,3,9.1,0.0,0.0,0.0,0.0,0,,,,0.0,,3,0.0,0.0,,,0,3,,3,0.0,0.0,3,0,3,0.0,0,0,0.0,0
Tyrese Samuel,Vancouver Bandits,2026-2027,offense,Play types,Miss 2 Pts,3,Screen,Cut > Screen > Miss 2 Pts,Cut,Screen,Miss 2 Pts,,,,3,100.0,0.0,0.0,0.0,0.0,0,,,,0.0,,3,0.0,0.0,,,0,3,,3,0.0,0.0,3,0,3,0.0,0,0,0.0,0
Tyrese Samuel,Vancouver Bandits,2026-2027,offense,Play types,Isolation,1,,Isolation,Isolation,,,,,,23,7.2,0.783,48.9,17.4,21.7,1,0.0,Average,35.0,35.7,42.0,14,35.7,21.7,,,5,9,,18,0.71,43.5,13,5,8,38.5,0,1,0.07,18
Tyrese Samuel,Vancouver Bandits,2026-2027,offense,Play types,Isolation - Overall,2,Isolation,Isolation > Isolation - Overall,Isolation,Isolation - Overall,,,,,23,100.0,0.783,48.9,17.4,21.7,1,0.0,,,35.7,,14,35.7,21.7,,,5,9,,18,0.71,43.5,13,5,8,38.5,0,1,0.07,18
Tyrese Samuel,Vancouver Bandits,2026-2027,offense,Play types,Drives Left,3,Isolation - Overall,Isolation > Isolation - Overall > Drives Left,Isolation,Isolation - Overall,Drives Left,,,,11,47.8,1.273,67.3,0.0,45.5,0,,,,50.0,,6,50.0,45.5,,,3,3,,10,1.67,72.7,6,3,3,50.0,0,0,0.0,14
Tyrese Samuel,Vancouver Bandits,2026-2027,offense,Play types,Drives Right,3,Isolation - Overall,Isolation > Isolation - Overall > Drives Right,Isolation,Isolation - Overall,Drives Right,,,,9,39.1,0.444,33.3,33.3,0.0,0,,,,33.3,,6,33.3,0.0,,,2,4,,6,0.0,22.2,6,2,4,33.3,0,0,0.0,4
Tyrese Samuel,Vancouver Bandits,2026-2027,offense,Play types,Early Jumper,3,Isolation - Overall,Isolation > Isolation - Overall > Early Jumper,Isolation,Isolation - Overall,Early Jumper,,,,2,8.7,0.0,0.0,0.0,0.0,1,0.0,,,0.0,,2,0.0,0.0,,,0,2,,2,0.0,0.0,1,0,1,0.0,0,1,0.5,0
Tyrese Samuel,Vancouver Bandits,2026-2027,offense,Play types,Turnover,3,Isolation - Overall,Isolation > Isolation - Overall > Turnover,Isolation,Isolation - Overall,Turnover,,,,1,4.3,0.0,,100.0,0.0,0,,,,,,0,,0.0,,,0,0,,0,,0.0,0,0,0,,0,0,,0
Tyrese Samuel,Vancouver Bandits,2026-2027,offense,Play types,Top,2,Isolation,Isolation > Top,Isolation,Top,,,,,13,56.5,1.0,61.8,15.4,30.8,1,0.0,,,42.9,,7,42.9,30.8,,,3,4,,11,1.14,53.8,6,3,3,50.0,0,1,0.14,13
Tyrese Samuel,Vancouver Bandits,2026-2027,offense,Play types,Drives Left,3,Top,Isolation > Top > Drives Left,Isolation,Top,Drives Left,,,,8,61.5,1.375,73.1,0.0,50.0,0,,,,50.0,,4,50.0,50.0,,,2,2,,8,2.0,75.0,4,2,2,50.0,0,0,0.0,11
Tyrese Samuel,Vancouver Bandits,2026-2027,offense,Play types,To Basket,4,Drives Left,Isolation > Top > Drives Left > To Basket,Isolation,Top,Drives Left,To Basket,,,8,100.0,1.375,73.1,0.0,50.0,0,,,,50.0,,4,50.0,50.0,,,2,2,,8,2.0,75.0,4,2,2,50.0,0,0,0.0,11
Tyrese Samuel,Vancouver Bandits,2026-2027,offense,Play types,Foul,5,To Basket,Isolation > Top > Drives Left > To Basket > Foul,Isolation,Top,Drives Left,To Basket,Foul,,4,50.0,1.75,99.4,0.0,100.0,0,,,,,,0,,100.0,,,0,0,,4,,100.0,0,0,0,,0,0,,7
Tyrese Samuel,Vancouver Bandits,2026-2027,offense,Play types,Make 2 Pts,5,To Basket,Isolation > Top > Drives Left > To Basket > Make 2 Pts,Isolation,Top,Drives Left,To Basket,Make 2 Pts,,2,25.0,2.0,100.0,0.0,0.0,0,,,,100.0,,2,100.0,0.0,,,2,0,,2,0.0,100.0,2,2,0,100.0,0,0,0.0,4
Tyrese Samuel,Vancouver Bandits,2026-2027,offense,Play types,Miss 2 Pts,5,To Basket,Isolation > Top > Drives Left > To Basket > Miss 2 Pts,Isolation,Top,Drives Left,To Basket,Miss 2 Pts,,2,25.0,0.0,0.0,0.0,0.0,0,,,,0.0,,2,0.0,0.0,,,0,2,,2,0.0,0.0,2,0,2,0.0,0,0,0.0,0
Tyrese Samuel,Vancouver Bandits,2026-2027,offense,Play types,Drives Right,3,Top,Isolation > Top > Drives Right,Isolation,Top,Drives Right,,,,3,23.1,0.667,50.0,33.3,0.0,0,,,,50.0,,2,50.0,0.0,,,1,1,,2,0.0,33.3,2,1,1,50.0,0,0,0.0,2
Tyrese Samuel,Vancouver Bandits,2026-2027,offense,Play types,To Basket,4,Drives Right,Isolation > Top > Drives Right > To Basket,Isolation,Top,Drives Right,To Basket,,,3,100.0,0.667,50.0,33.3,0.0,0,,,,50.0,,2,50.0,0.0,,,1,1,,2,0.0,33.3,2,1,1,50.0,0,0,0.0,2
Tyrese Samuel,Vancouver Bandits,2026-2027,offense,Play types,Make 2 Pts,5,To Basket,Isolation > Top > Drives Right > To Basket > Make 2 Pts,Isolation,Top,Drives Right,To Basket,Make 2 Pts,,1,33.3,2.0,100.0,0.0,0.0,0,,,,100.0,,1,100.0,0.0,,,1,0,,1,0.0,100.0,1,1,0,100.0,0,0,0.0,2
Tyrese Samuel,Vancouver Bandits,2026-2027,offense,Play types,Turnover,5,To Basket,Isolation > Top > Drives Right > To Basket > Turnover,Isolation,Top,Drives Right,To Basket,Turnover,,1,33.3,0.0,,100.0,0.0,0,,,,,,0,,0.0,,,0,0,,0,,0.0,0,0,0,,0,0,,0
Tyrese Samuel,Vancouver Bandits,2026-2027,offense,Play types,Miss 2 Pts,5,To Basket,Isolation > Top > Drives Right > To Basket > Miss 2 Pts,Isolation,Top,Drives Right,To Basket,Miss 2 Pts,,1,33.3,0.0,0.0,0.0,0.0,0,,,,0.0,,1,0.0,0.0,,,0,1,,1,0.0,0.0,1,0,1,0.0,0,0,0.0,0
Tyrese Samuel,Vancouver Bandits,2026-2027,offense,Play types,Turnover,3,Top,Isolation > Top > Turnover,Isolation,Top,Turnover,,,,1,7.7,0.0,,100.0,0.0,0,,,,,,0,,0.0,,,0,0,,0,,0.0,0,0,0,,0,0,,0
Tyrese Samuel,Vancouver Bandits,2026-2027,offense,Play types,Early Jumper,3,Top,Isolation > Top > Early Jumper,Isolation,Top,Early Jumper,,,,1,7.7,0.0,0.0,0.0,0.0,1,0.0,,,0.0,,1,0.0,0.0,,,0,1,,1,0.0,0.0,0,0,0,,0,1,1.0,0
Tyrese Samuel,Vancouver Bandits,2026-2027,offense,Play types,Dribble Jumper,4,Early Jumper,Isolation > Top > Early Jumper > Dribble Jumper,Isolation,Top,Early Jumper,Dribble Jumper,,,1,100.0,0.0,0.0,0.0,0.0,1,0.0,,,0.0,,1,0.0,0.0,,,0,1,,1,0.0,0.0,0,0,0,,0,1,1.0,0
Tyrese Samuel,Vancouver Bandits,2026-2027,offense,Play types,Long/3pt,5,Dribble Jumper,Isolation > Top > Early Jumper > Dribble Jumper > Long/3pt,Isolation,Top,Early Jumper,Dribble Jumper,Long/3pt,,1,100.0,0.0,0.0,0.0,0.0,1,0.0,,,0.0,,1,0.0,0.0,,,0,1,,1,0.0,0.0,0,0,0,,0,1,1.0,0
Tyrese Samuel,Vancouver Bandits,2026-2027,offense,Play types,Left,2,Isolation,Isolation > Left,Isolation,Left,,,,,5,21.7,0.2,12.9,20.0,20.0,0,,,,0.0,,3,0.0,20.0,,,0,3,,4,0.67,20.0,3,0,3,0.0,0,0,0.0,1
Tyrese Samuel,Vancouver Bandits,2026-2027,offense,Play types,Drives Right,3,Left,Isolation > Left > Drives Right,Isolation,Left,Drives Right,,,,2,40.0,0.0,0.0,50.0,0.0,0,,,,0.0,,1,0.0,0.0,,,0,1,,1,0.0,0.0,1,0,1,0.0,0,0,0.0,0
Tyrese Samuel,Vancouver Bandits,2026-2027,offense,Play types,To Basket,4,Drives Right,Isolation > Left > Drives Right > To Basket,Isolation,Left,Drives Right,To Basket,,,2,100.0,0.0,0.0,50.0,0.0,0,,,,0.0,,1,0.0,0.0,,,0,1,,1,0.0,0.0,1,0,1,0.0,0,0,0.0,0
Tyrese Samuel,Vancouver Bandits,2026-2027,offense,Play types,Turnover,5,To Basket,Isolation > Left > Drives Right > To Basket > Turnover,Isolation,Left,Drives Right,To Basket,Turnover,,1,50.0,0.0,,100.0,0.0,0,,,,,,0,,0.0,,,0,0,,0,,0.0,0,0,0,,0,0,,0
Tyrese Samuel,Vancouver Bandits,2026-2027,offense,Play types,Miss 2 Pts,5,To Basket,Isolation > Left > Drives Right > To Basket > Miss 2 Pts,Isolation,Left,Drives Right,To Basket,Miss 2 Pts,,1,50.0,0.0,0.0,0.0,0.0,0,,,,0.0,,1,0.0,0.0,,,0,1,,1,0.0,0.0,1,0,1,0.0,0,0,0.0,0
Tyrese Samuel,Vancouver Bandits,2026-2027,offense,Play types,Drives Left,3,Left,Isolation > Left > Drives Left,Isolation,Left,Drives Left,,,,2,40.0,0.5,26.6,0.0,50.0,0,,,,0.0,,1,0.0,50.0,,,0,1,,2,2.0,50.0,1,0,1,0.0,0,0,0.0,1
Tyrese Samuel,Vancouver Bandits,2026-2027,offense,Play types,To Basket,4,Drives Left,Isolation > Left > Drives Left > To Basket,Isolation,Left,Drives Left,To Basket,,,2,100.0,0.5,26.6,0.0,50.0,0,,,,0.0,,1,0.0,50.0,,,0,1,,2,2.0,50.0,1,0,1,0.0,0,0,0.0,1
Tyrese Samuel,Vancouver Bandits,2026-2027,offense,Play types,Foul,5,To Basket,Isolation > Left > Drives Left > To Basket > Foul,Isolation,Left,Drives Left,To Basket,Foul,,1,50.0,1.0,56.8,0.0,100.0,0,,,,,,0,,100.0,,,0,0,,1,,100.0,0,0,0,,0,0,,1
Tyrese Samuel,Vancouver Bandits,2026-2027,offense,Play types,Miss 2 Pts,5,To Basket,Isolation > Left > Drives Left > To Basket > Miss 2 Pts,Isolation,Left,Drives Left,To Basket,Miss 2 Pts,,1,50.0,0.0,0.0,0.0,0.0,0,,,,0.0,,1,0.0,0.0,,,0,1,,1,0.0,0.0,1,0,1,0.0,0,0,0.0,0
Tyrese Samuel,Vancouver Bandits,2026-2027,offense,Play types,Early Jumper,3,Left,Isolation > Left > Early Jumper,Isolation,Left,Early Jumper,,,,1,20.0,0.0,0.0,0.0,0.0,0,,,,0.0,,1,0.0,0.0,,,0,1,,1,0.0,0.0,1,0,1,0.0,0,0,0.0,0
Tyrese Samuel,Vancouver Bandits,2026-2027,offense,Play types,Dribble Jumper,4,Early Jumper,Isolation > Left > Early Jumper > Dribble Jumper,Isolation,Left,Early Jumper,Dribble Jumper,,,1,100.0,0.0,0.0,0.0,0.0,0,,,,0.0,,1,0.0,0.0,,,0,1,,1,0.0,0.0,1,0,1,0.0,0,0,0.0,0
Tyrese Samuel,Vancouver Bandits,2026-2027,offense,Play types,Medium/17' to 3pt,5,Dribble Jumper,Isolation > Left > Early Jumper > Dribble Jumper > Medium/17' to 3pt,Isolation,Left,Early Jumper,Dribble Jumper,Medium/17' to 3pt,,1,100.0,0.0,0.0,0.0,0.0,0,,,,0.0,,1,0.0,0.0,,,0,1,,1,0.0,0.0,1,0,1,0.0,0,0,0.0,0
Tyrese Samuel,Vancouver Bandits,2026-2027,offense,Play types,Right,2,Isolation,Isolation > Right,Isolation,Right,,,,,5,21.7,0.8,50.0,20.0,0.0,0,,,,50.0,,4,50.0,0.0,,,2,2,,4,0.0,40.0,4,2,2,50.0,0,0,0.0,4
Tyrese Samuel,Vancouver Bandits,2026-2027,offense,Play types,Drives Right,3,Right,Isolation > Right > Drives Right,Isolation,Right,Drives Right,,,,4,80.0,0.5,33.3,25.0,0.0,0,,,,33.3,,3,33.3,0.0,,,1,2,,3,0.0,25.0,3,1,2,33.3,0,0,0.0,2
Tyrese Samuel,Vancouver Bandits,2026-2027,offense,Play types,To Basket,4,Drives Right,Isolation > Right > Drives Right > To Basket,Isolation,Right,Drives Right,To Basket,,,3,75.0,0.667,33.3,0.0,0.0,0,,,,33.3,,3,33.3,0.0,,,1,2,,3,0.0,33.3,3,1,2,33.3,0,0,0.0,2
Tyrese Samuel,Vancouver Bandits,2026-2027,offense,Play types,Miss 2 Pts,5,To Basket,Isolation > Right > Drives Right > To Basket > Miss 2 Pts,Isolation,Right,Drives Right,To Basket,Miss 2 Pts,,2,66.7,0.0,0.0,0.0,0.0,0,,,,0.0,,2,0.0,0.0,,,0,2,,2,0.0,0.0,2,0,2,0.0,0,0,0.0,0
Tyrese Samuel,Vancouver Bandits,2026-2027,offense,Play types,Make 2 Pts,5,To Basket,Isolation > Right > Drives Right > To Basket > Make 2 Pts,Isolation,Right,Drives Right,To Basket,Make 2 Pts,,1,33.3,2.0,100.0,0.0,0.0,0,,,,100.0,,1,100.0,0.0,,,1,0,,1,0.0,100.0,1,1,0,100.0,0,0,0.0,2
Tyrese Samuel,Vancouver Bandits,2026-2027,offense,Play types,Turnover,4,Drives Right,Isolation > Right > Drives Right > Turnover,Isolation,Right,Drives Right,Turnover,,,1,25.0,0.0,,100.0,0.0,0,,,,,,0,,0.0,,,0,0,,0,,0.0,0,0,0,,0,0,,0
Tyrese Samuel,Vancouver Bandits,2026-2027,offense,Play types,Drives Left,3,Right,Isolation > Right > Drives Left,Isolation,Right,Drives Left,,,,1,20.0,2.0,100.0,0.0,0.0,0,,,,100.0,,1,100.0,0.0,,,1,0,,1,0.0,100.0,1,1,0,100.0,0,0,0.0,2
Tyrese Samuel,Vancouver Bandits,2026-2027,offense,Play types,Dribble Jumper,4,Drives Left,Isolation > Right > Drives Left > Dribble Jumper,Isolation,Right,Drives Left,Dribble Jumper,,,1,100.0,2.0,100.0,0.0,0.0,0,,,,100.0,,1,100.0,0.0,,,1,0,,1,0.0,100.0,1,1,0,100.0,0,0,0.0,2
Tyrese Samuel,Vancouver Bandits,2026-2027,offense,Play types,Short to < 17,5,Dribble Jumper,Isolation > Right > Drives Left > Dribble Jumper > Short to < 17,Isolation,Right,Drives Left,Dribble Jumper,Short to < 17,,1,100.0,2.0,100.0,0.0,0.0,0,,,,100.0,,1,100.0,0.0,,,1,0,,1,0.0,100.0,1,1,0,100.0,0,0,0.0,2
Tyrese Samuel,Vancouver Bandits,2026-2027,offense,Play types,Miscellaneous Plays,1,,Miscellaneous Plays,Miscellaneous Plays,,,,,,16,5.0,0.188,26.0,62.5,12.5,0,,Below Average,16.0,0.0,30.0,4,0.0,0.0,,,0,4,,6,1.0,12.5,4,0,4,0.0,0,0,0.0,3
Tyrese Samuel,Vancouver Bandits,2026-2027,offense,Play types,Turnover,2,Miscellaneous Plays,Miscellaneous Plays > Turnover,Miscellaneous Plays,Turnover,,,,,10,62.5,0.0,,100.0,0.0,0,,,,,,0,,0.0,,,0,0,,0,,0.0,0,0,0,,0,0,,0
Tyrese Samuel,Vancouver Bandits,2026-2027,offense,Play types,To Basket,2,Miscellaneous Plays,Miscellaneous Plays > To Basket,Miscellaneous Plays,To Basket,,,,,4,25.0,0.0,0.0,0.0,0.0,0,,,,0.0,,4,0.0,0.0,,,0,4,,4,0.0,0.0,4,0,4,0.0,0,0,0.0,0
Tyrese Samuel,Vancouver Bandits,2026-2027,offense,Play types,Miss 2 Pts,3,To Basket,Miscellaneous Plays > To Basket > Miss 2 Pts,Miscellaneous Plays,To Basket,Miss 2 Pts,,,,4,100.0,0.0,0.0,0.0,0.0,0,,,,0.0,,4,0.0,0.0,,,0,4,,4,0.0,0.0,4,0,4,0.0,0,0,0.0,0
Tyrese Samuel,Vancouver Bandits,2026-2027,offense,Play types,Foul,2,Miscellaneous Plays,Miscellaneous Plays > Foul,Miscellaneous Plays,Foul,,,,,2,12.5,1.5,85.2,0.0,100.0,0,,,,,,0,,0.0,,,0,0,,2,,100.0,0,0,0,,0,0,,3
Tyrese Samuel,Vancouver Bandits,2026-2027,offense,Play types,P&R Ball Handler,1,,P&R Ball Handler,P&R Ball Handler,,,,,,15,4.7,0.667,38.8,13.3,6.7,2,0.0,Below Average,25.0,33.3,2.0,12,33.3,6.7,,,4,8,,13,0.17,33.3,10,4,6,40.0,0,2,0.17,10
Tyrese Samuel,Vancouver Bandits,2026-2027,offense,Play types,P&R Ball Handler - Overall,2,P&R Ball Handler,P&R Ball Handler > P&R Ball Handler - Overall,P&R Ball Handler,P&R Ball Handler - Overall,,,,,15,100.0,0.667,38.8,13.3,6.7,2,0.0,,,33.3,,12,33.3,6.7,,,4,8,,13,0.17,33.3,10,4,6,40.0,0,2,0.17,10
Tyrese Samuel,Vancouver Bandits,2026-2027,offense,Play types,Dribble Off Pick,3,P&R Ball Handler - Overall,P&R Ball Handler > P&R Ball Handler - Overall > Dribble Off Pick,P&R Ball Handler,P&R Ball Handler - Overall,Dribble Off Pick,,,,13,86.7,0.615,36.8,15.4,7.7,2,0.0,,,30.0,,10,30.0,7.7,,,3,7,,11,0.2,30.8,8,3,5,37.5,0,2,0.2,8
Tyrese Samuel,Vancouver Bandits,2026-2027,offense,Play types,Go Away from Pick,3,P&R Ball Handler - Overall,P&R Ball Handler > P&R Ball Handler - Overall > Go Away from Pick,P&R Ball Handler,P&R Ball Handler - Overall,Go Away from Pick,,,,1,6.7,2.0,100.0,0.0,0.0,0,,,,100.0,,1,100.0,0.0,,,1,0,,1,0.0,100.0,1,1,0,100.0,0,0,0.0,2
Tyrese Samuel,Vancouver Bandits,2026-2027,offense,Play types,Takes Early Jump Shot,3,P&R Ball Handler - Overall,P&R Ball Handler > P&R Ball Handler - Overall > Takes Early Jump Shot,P&R Ball Handler,P&R Ball Handler - Overall,Takes Early Jump Shot,,,,1,6.7,0.0,0.0,0.0,0.0,0,,,,0.0,,1,0.0,0.0,,,0,1,,1,0.0,0.0,1,0,1,0.0,0,0,0.0,0
Tyrese Samuel,Vancouver Bandits,2026-2027,offense,Play types,High P&R,2,P&R Ball Handler,P&R Ball Handler > High P&R,P&R Ball Handler,High P&R,,,,,14,93.3,0.714,42.1,14.3,7.1,1,0.0,,,36.4,,11,36.4,7.1,,,4,7,,12,0.18,35.7,10,4,6,40.0,0,1,0.09,10
Tyrese Samuel,Vancouver Bandits,2026-2027,offense,Play types,Dribble Off Pick,3,High P&R,P&R Ball Handler > High P&R > Dribble Off Pick,P&R Ball Handler,High P&R,Dribble Off Pick,,,,12,85.7,0.667,40.5,16.7,8.3,1,0.0,,,33.3,,9,33.3,8.3,,,3,6,,10,0.22,33.3,8,3,5,37.5,0,1,0.11,8
Tyrese Samuel,Vancouver Bandits,2026-2027,offense,Play types,To Basket,4,Dribble Off Pick,P&R Ball Handler > High P&R > Dribble Off Pick > To Basket,P&R Ball Handler,High P&R,Dribble Off Pick,To Basket,,,8,66.7,1.0,50.8,0.0,12.5,0,,,,42.9,,7,42.9,12.5,,,3,4,,8,0.29,50.0,7,3,4,42.9,0,0,0.0,8
Tyrese Samuel,Vancouver Bandits,2026-2027,offense,Play types,Miss 2 Pts,5,To Basket,P&R Ball Handler > High P&R > Dribble Off Pick > To Basket > Miss 2 Pts,P&R Ball Handler,High P&R,Dribble Off Pick,To Basket,Miss 2 Pts,,4,50.0,0.0,0.0,0.0,0.0,0,,,,0.0,,4,0.0,0.0,,,0,4,,4,0.0,0.0,4,0,4,0.0,0,0,0.0,0
Tyrese Samuel,Vancouver Bandits,2026-2027,offense,Play types,Make 2 Pts,5,To Basket,P&R Ball Handler > High P&R > Dribble Off Pick > To Basket > Make 2 Pts,P&R Ball Handler,High P&R,Dribble Off Pick,To Basket,Make 2 Pts,,3,37.5,2.0,100.0,0.0,0.0,0,,,,100.0,,3,100.0,0.0,,,3,0,,3,0.0,100.0,3,3,0,100.0,0,0,0.0,6
Tyrese Samuel,Vancouver Bandits,2026-2027,offense,Play types,Foul,5,To Basket,P&R Ball Handler > High P&R > Dribble Off Pick > To Basket > Foul,P&R Ball Handler,High P&R,Dribble Off Pick,To Basket,Foul,,1,12.5,2.0,113.6,0.0,100.0,0,,,,,,0,,100.0,,,0,0,,1,,100.0,0,0,0,,0,0,,2
Tyrese Samuel,Vancouver Bandits,2026-2027,offense,Play types,Dribble Jumper,4,Dribble Off Pick,P&R Ball Handler > High P&R > Dribble Off Pick > Dribble Jumper,P&R Ball Handler,High P&R,Dribble Off Pick,Dribble Jumper,,,2,16.7,0.0,0.0,0.0,0.0,1,0.0,,,0.0,,2,0.0,0.0,,,0,2,,2,0.0,0.0,1,0,1,0.0,0,1,0.5,0
Tyrese Samuel,Vancouver Bandits,2026-2027,offense,Play types,Long/3pt,5,Dribble Jumper,P&R Ball Handler > High P&R > Dribble Off Pick > Dribble Jumper > Long/3pt,P&R Ball Handler,High P&R,Dribble Off Pick,Dribble Jumper,Long/3pt,,1,50.0,0.0,0.0,0.0,0.0,1,0.0,,,0.0,,1,0.0,0.0,,,0,1,,1,0.0,0.0,0,0,0,,0,1,1.0,0
Tyrese Samuel,Vancouver Bandits,2026-2027,offense,Play types,Medium/17' to 3pt,5,Dribble Jumper,P&R Ball Handler > High P&R > Dribble Off Pick > Dribble Jumper > Medium/17' to 3pt,P&R Ball Handler,High P&R,Dribble Off Pick,Dribble Jumper,Medium/17' to 3pt,,1,50.0,0.0,0.0,0.0,0.0,0,,,,0.0,,1,0.0,0.0,,,0,1,,1,0.0,0.0,1,0,1,0.0,0,0,0.0,0
Tyrese Samuel,Vancouver Bandits,2026-2027,offense,Play types,Defense Commits,4,Dribble Off Pick,P&R Ball Handler > High P&R > Dribble Off Pick > Defense Commits,P&R Ball Handler,High P&R,Dribble Off Pick,Defense Commits,,,2,16.7,0.0,,100.0,0.0,0,,,,,,0,,0.0,,,0,0,,0,,0.0,0,0,0,,0,0,,0
Tyrese Samuel,Vancouver Bandits,2026-2027,offense,Play types,Turnover,5,Defense Commits,P&R Ball Handler > High P&R > Dribble Off Pick > Defense Commits > Turnover,P&R Ball Handler,High P&R,Dribble Off Pick,Defense Commits,Turnover,,2,100.0,0.0,,100.0,0.0,0,,,,,,0,,0.0,,,0,0,,0,,0.0,0,0,0,,0,0,,0
Tyrese Samuel,Vancouver Bandits,2026-2027,offense,Play types,Takes Early Jump Shot,3,High P&R,P&R Ball Handler > High P&R > Takes Early Jump Shot,P&R Ball Handler,High P&R,Takes Early Jump Shot,,,,1,7.1,0.0,0.0,0.0,0.0,0,,,,0.0,,1,0.0,0.0,,,0,1,,1,0.0,0.0,1,0,1,0.0,0,0,0.0,0
Tyrese Samuel,Vancouver Bandits,2026-2027,offense,Play types,Dribble Jumper,4,Takes Early Jump Shot,P&R Ball Handler > High P&R > Takes Early Jump Shot > Dribble Jumper,P&R Ball Handler,High P&R,Takes Early Jump Shot,Dribble Jumper,,,1,100.0,0.0,0.0,0.0,0.0,0,,,,0.0,,1,0.0,0.0,,,0,1,,1,0.0,0.0,1,0,1,0.0,0,0,0.0,0
Tyrese Samuel,Vancouver Bandits,2026-2027,offense,Play types,Short to < 17,5,Dribble Jumper,P&R Ball Handler > High P&R > Takes Early Jump Shot > Dribble Jumper > Short to < 17,P&R Ball Handler,High P&R,Takes Early Jump Shot,Dribble Jumper,Short to < 17,,1,100.0,0.0,0.0,0.0,0.0,0,,,,0.0,,1,0.0,0.0,,,0,1,,1,0.0,0.0,1,0,1,0.0,0,0,0.0,0
Tyrese Samuel,Vancouver Bandits,2026-2027,offense,Play types,Go Away from Pick,3,High P&R,P&R Ball Handler > High P&R > Go Away from Pick,P&R Ball Handler,High P&R,Go Away from Pick,,,,1,7.1,2.0,100.0,0.0,0.0,0,,,,100.0,,1,100.0,0.0,,,1,0,,1,0.0,100.0,1,1,0,100.0,0,0,0.0,2
Tyrese Samuel,Vancouver Bandits,2026-2027,offense,Play types,To Basket,4,Go Away from Pick,P&R Ball Handler > High P&R > Go Away from Pick > To Basket,P&R Ball Handler,High P&R,Go Away from Pick,To Basket,,,1,100.0,2.0,100.0,0.0,0.0,0,,,,100.0,,1,100.0,0.0,,,1,0,,1,0.0,100.0,1,1,0,100.0,0,0,0.0,2
Tyrese Samuel,Vancouver Bandits,2026-2027,offense,Play types,Make 2 Pts,5,To Basket,P&R Ball Handler > High P&R > Go Away from Pick > To Basket > Make 2 Pts,P&R Ball Handler,High P&R,Go Away from Pick,To Basket,Make 2 Pts,,1,100.0,2.0,100.0,0.0,0.0,0,,,,100.0,,1,100.0,0.0,,,1,0,,1,0.0,100.0,1,1,0,100.0,0,0,0.0,2
Tyrese Samuel,Vancouver Bandits,2026-2027,offense,Play types,Left P&R,2,P&R Ball Handler,P&R Ball Handler > Left P&R,P&R Ball Handler,Left P&R,,,,,1,6.7,0.0,0.0,0.0,0.0,1,0.0,,,0.0,,1,0.0,0.0,,,0,1,,1,0.0,0.0,0,0,0,,0,1,1.0,0
Tyrese Samuel,Vancouver Bandits,2026-2027,offense,Play types,Baseline,3,Left P&R,P&R Ball Handler > Left P&R > Baseline,P&R Ball Handler,Left P&R,Baseline,,,,1,100.0,0.0,0.0,0.0,0.0,1,0.0,,,0.0,,1,0.0,0.0,,,0,1,,1,0.0,0.0,0,0,0,,0,1,1.0,0
Tyrese Samuel,Vancouver Bandits,2026-2027,offense,Play types,Dribble Off Pick,4,Baseline,P&R Ball Handler > Left P&R > Baseline > Dribble Off Pick,P&R Ball Handler,Left P&R,Baseline,Dribble Off Pick,,,1,100.0,0.0,0.0,0.0,0.0,1,0.0,,,0.0,,1,0.0,0.0,,,0,1,,1,0.0,0.0,0,0,0,,0,1,1.0,0
Tyrese Samuel,Vancouver Bandits,2026-2027,offense,Play types,Dribble Jumper,5,Dribble Off Pick,P&R Ball Handler > Left P&R > Baseline > Dribble Off Pick > Dribble Jumper,P&R Ball Handler,Left P&R,Baseline,Dribble Off Pick,Dribble Jumper,,1,100.0,0.0,0.0,0.0,0.0,1,0.0,,,0.0,,1,0.0,0.0,,,0,1,,1,0.0,0.0,0,0,0,,0,1,1.0,0
Tyrese Samuel,Vancouver Bandits,2026-2027,offense,Play types,Handoffs,1,,Handoffs,Handoffs,,,,,,1,0.3,0.0,0.0,0.0,0.0,0,,,,0.0,,1,0.0,0.0,,,0,1,,1,0.0,0.0,1,0,1,0.0,0,0,0.0,0
Tyrese Samuel,Vancouver Bandits,2026-2027,offense,Play types,From Dribble,2,Handoffs,Handoffs > From Dribble,Handoffs,From Dribble,,,,,1,100.0,0.0,0.0,0.0,0.0,0,,,,0.0,,1,0.0,0.0,,,0,1,,1,0.0,0.0,1,0,1,0.0,0,0,0.0,0
Tyrese Samuel,Vancouver Bandits,2026-2027,offense,Play types,Top,3,From Dribble,Handoffs > From Dribble > Top,Handoffs,From Dribble,Top,,,,1,100.0,0.0,0.0,0.0,0.0,0,,,,0.0,,1,0.0,0.0,,,0,1,,1,0.0,0.0,1,0,1,0.0,0,0,0.0,0
Tyrese Samuel,Vancouver Bandits,2026-2027,offense,Play types,To Basket,4,Top,Handoffs > From Dribble > Top > To Basket,Handoffs,From Dribble,Top,To Basket,,,1,100.0,0.0,0.0,0.0,0.0,0,,,,0.0,,1,0.0,0.0,,,0,1,,1,0.0,0.0,1,0,1,0.0,0,0,0.0,0
Tyrese Samuel,Vancouver Bandits,2026-2027,offense,Play types,Miss 2 Pts,5,To Basket,Handoffs > From Dribble > Top > To Basket > Miss 2 Pts,Handoffs,From Dribble,Top,To Basket,Miss 2 Pts,,1,100.0,0.0,0.0,0.0,0.0,0,,,,0.0,,1,0.0,0.0,,,0,1,,1,0.0,0.0,1,0,1,0.0,0,0,0.0,0
Tyrese Samuel,Vancouver Bandits,2026-2027,offense,Play types,Off Screen,1,,Off Screen,Off Screen,,,,,,0,0.0,,,,,0,,,,,,0,,,,,0,0,,0,,,0,0,0,,0,0,,0
Tyrese Samuel,Vancouver Bandits,2026-2027,offense,Overall Drive Direction,Overall,1,,Overall,Overall,,,,,,54,17.0,0.87,49.4,13.0,25.9,2,0.0,,,43.2,,37,43.2,25.9,,,16,21,,48,0.65,44.4,35,16,19,45.7,0,2,0.05,47
Tyrese Samuel,Vancouver Bandits,2026-2027,offense,Overall Drive Direction,Drives Left,2,Overall,Overall > Drives Left,Overall,Drives Left,,,,,28,51.9,1.036,56.4,7.1,25.0,2,0.0,,,50.0,,20,50.0,25.0,,,10,10,,26,0.65,57.1,18,10,8,55.6,0,2,0.1,29
Tyrese Samuel,Vancouver Bandits,2026-2027,offense,Overall Drive Direction,To Basket,3,Drives Left,Overall > Drives Left > To Basket,Overall,Drives Left,To Basket,,,,22,78.6,1.227,62.2,0.0,31.8,0,,,,56.3,,16,56.3,31.8,,,9,7,,22,0.81,68.2,16,9,7,56.3,0,0,0.0,27
Tyrese Samuel,Vancouver Bandits,2026-2027,offense,Overall Drive Direction,Dribble Jumper,3,Drives Left,Overall > Drives Left > Dribble Jumper,Overall,Drives Left,Dribble Jumper,,,,4,14.3,0.5,25.0,0.0,0.0,2,0.0,,,25.0,,4,25.0,0.0,,,1,3,,4,0.0,25.0,2,1,1,50.0,0,2,0.5,2
Tyrese Samuel,Vancouver Bandits,2026-2027,offense,Overall Drive Direction,Turnover,3,Drives Left,Overall > Drives Left > Turnover,Overall,Drives Left,Turnover,,,,2,7.1,0.0,,100.0,0.0,0,,,,,,0,,0.0,,,0,0,,0,,0.0,0,0,0,,0,0,,0
Tyrese Samuel,Vancouver Bandits,2026-2027,offense,Overall Drive Direction,Foul,3,Drives Left,Overall > Drives Left > Foul,Overall,Drives Left,Foul,,,,0,0.0,,,,,0,,,,,,0,,,,,0,0,,0,,,0,0,0,,0,0,,0
Tyrese Samuel,Vancouver Bandits,2026-2027,offense,Overall Drive Direction,Defense Commits,3,Drives Left,Overall > Drives Left > Defense Commits,Overall,Drives Left,Defense Commits,,,,0,0.0,,,,,0,,,,,,0,,,,,0,0,,0,,,0,0,0,,0,0,,0
Tyrese Samuel,Vancouver Bandits,2026-2027,offense,Overall Drive Direction,Drives Right,2,Overall,Overall > Drives Right,Overall,Drives Right,,,,,21,38.9,0.857,47.5,14.3,28.6,0,,,,40.0,,15,40.0,28.6,,,6,9,,19,0.6,38.1,15,6,9,40.0,0,0,0.0,18
Tyrese Samuel,Vancouver Bandits,2026-2027,offense,Overall Drive Direction,To Basket,3,Drives Right,Overall > Drives Right > To Basket,Overall,Drives Right,To Basket,,,,19,90.5,0.947,50.1,10.5,31.6,0,,,,42.9,,14,42.9,31.6,,,6,8,,18,0.64,42.1,14,6,8,42.9,0,0,0.0,18
Tyrese Samuel,Vancouver Bandits,2026-2027,offense,Overall Drive Direction,Turnover,3,Drives Right,Overall > Drives Right > Turnover,Overall,Drives Right,Turnover,,,,1,4.8,0.0,,100.0,0.0,0,,,,,,0,,0.0,,,0,0,,0,,0.0,0,0,0,,0,0,,0
Tyrese Samuel,Vancouver Bandits,2026-2027,offense,Overall Drive Direction,Dribble Jumper,3,Drives Right,Overall > Drives Right > Dribble Jumper,Overall,Drives Right,Dribble Jumper,,,,1,4.8,0.0,0.0,0.0,0.0,0,,,,0.0,,1,0.0,0.0,,,0,1,,1,0.0,0.0,1,0,1,0.0,0,0,0.0,0
Tyrese Samuel,Vancouver Bandits,2026-2027,offense,Overall Drive Direction,Foul,3,Drives Right,Overall > Drives Right > Foul,Overall,Drives Right,Foul,,,,0,0.0,,,,,0,,,,,,0,,,,,0,0,,0,,,0,0,0,,0,0,,0
Tyrese Samuel,Vancouver Bandits,2026-2027,offense,Overall Drive Direction,Defense Commits,3,Drives Right,Overall > Drives Right > Defense Commits,Overall,Drives Right,Defense Commits,,,,0,0.0,,,,,0,,,,,,0,,,,,0,0,,0,,,0,0,0,,0,0,,0
Tyrese Samuel,Vancouver Bandits,2026-2027,offense,Overall Drive Direction,Drives Straight,2,Overall,Overall > Drives Straight,Overall,Drives Straight,,,,,5,9.3,0.0,0.0,40.0,20.0,0,,,,0.0,,2,0.0,20.0,,,0,2,,3,1.0,0.0,2,0,2,0.0,0,0,0.0,0
Tyrese Samuel,Vancouver Bandits,2026-2027,offense,Overall Drive Direction,To Basket,3,Drives Straight,Overall > Drives Straight > To Basket,Overall,Drives Straight,To Basket,,,,3,60.0,0.0,0.0,33.3,33.3,0,,,,0.0,,1,0.0,33.3,,,0,1,,2,2.0,0.0,1,0,1,0.0,0,0,0.0,0
Tyrese Samuel,Vancouver Bandits,2026-2027,offense,Overall Drive Direction,Turnover,3,Drives Straight,Overall > Drives Straight > Turnover,Overall,Drives Straight,Turnover,,,,1,20.0,0.0,,100.0,0.0,0,,,,,,0,,0.0,,,0,0,,0,,0.0,0,0,0,,0,0,,0
Tyrese Samuel,Vancouver Bandits,2026-2027,offense,Overall Drive Direction,Dribble Jumper,3,Drives Straight,Overall > Drives Straight > Dribble Jumper,Overall,Drives Straight,Dribble Jumper,,,,1,20.0,0.0,0.0,0.0,0.0,0,,,,0.0,,1,0.0,0.0,,,0,1,,1,0.0,0.0,1,0,1,0.0,0,0,0.0,0
Tyrese Samuel,Vancouver Bandits,2026-2027,offense,Overall Drive Direction,Foul,3,Drives Straight,Overall > Drives Straight > Foul,Overall,Drives Straight,Foul,,,,0,0.0,,,,,0,,,,,,0,,,,,0,0,,0,,,0,0,0,,0,0,,0
Tyrese Samuel,Vancouver Bandits,2026-2027,offense,Overall Drive Direction,Defense Commits,3,Drives Straight,Overall > Drives Straight > Defense Commits,Overall,Drives Straight,Defense Commits,,,,0,0.0,,,,,0,,,,,,0,,,,,0,0,,0,,,0,0,0,,0,0,,0
Tyrese Samuel,Vancouver Bandits,2026-2027,offense,P&R ball handler,P&R Including Passes,1,,P&R Including Passes,P&R Including Passes,,,,,,18,7.0,0.778,44.1,11.1,5.6,2,0.0,Below Average,23.0,40.0,2.0,15,40.0,5.6,,,6,9,,16,0.13,38.9,13,6,7,46.2,0,2,0.13,14
Tyrese Samuel,Vancouver Bandits,2026-2027,offense,P&R ball handler,P&R Ball Handler,2,P&R Including Passes,P&R Including Passes > P&R Ball Handler,P&R Including Passes,P&R Ball Handler,,,,,15,83.3,0.667,38.8,13.3,6.7,2,0.0,,,33.3,,12,33.3,6.7,,,4,8,,13,0.17,33.3,10,4,6,40.0,0,2,0.17,10
Tyrese Samuel,Vancouver Bandits,2026-2027,offense,P&R ball handler,High P&R,3,P&R Ball Handler,P&R Including Passes > P&R Ball Handler > High P&R,P&R Including Passes,P&R Ball Handler,High P&R,,,,14,93.3,0.714,42.1,14.3,7.1,1,0.0,,,36.4,,11,36.4,7.1,,,4,7,,12,0.18,35.7,10,4,6,40.0,0,1,0.09,10
Tyrese Samuel,Vancouver Bandits,2026-2027,offense,P&R ball handler,Dribble Off Pick,4,High P&R,P&R Including Passes > P&R Ball Handler > High P&R > Dribble Off Pick,P&R Including Passes,P&R Ball Handler,High P&R,Dribble Off Pick,,,12,85.7,0.667,40.5,16.7,8.3,1,0.0,,,33.3,,9,33.3,8.3,,,3,6,,10,0.22,33.3,8,3,5,37.5,0,1,0.11,8
Tyrese Samuel,Vancouver Bandits,2026-2027,offense,P&R ball handler,To Basket,5,Dribble Off Pick,P&R Including Passes > P&R Ball Handler > High P&R > Dribble Off Pick > To Basket,P&R Including Passes,P&R Ball Handler,High P&R,Dribble Off Pick,To Basket,,8,66.7,1.0,50.8,0.0,12.5,0,,,,42.9,,7,42.9,12.5,,,3,4,,8,0.29,50.0,7,3,4,42.9,0,0,0.0,8
Tyrese Samuel,Vancouver Bandits,2026-2027,offense,P&R ball handler,Miss 2 Pts,6,To Basket,P&R Including Passes > P&R Ball Handler > High P&R > Dribble Off Pick > To Basket > Miss 2 Pts,P&R Including Passes,P&R Ball Handler,High P&R,Dribble Off Pick,To Basket,Miss 2 Pts,4,50.0,0.0,0.0,0.0,0.0,0,,,,0.0,,4,0.0,0.0,,,0,4,,4,0.0,0.0,4,0,4,0.0,0,0,0.0,0
Tyrese Samuel,Vancouver Bandits,2026-2027,offense,P&R ball handler,Make 2 Pts,6,To Basket,P&R Including Passes > P&R Ball Handler > High P&R > Dribble Off Pick > To Basket > Make 2 Pts,P&R Including Passes,P&R Ball Handler,High P&R,Dribble Off Pick,To Basket,Make 2 Pts,3,37.5,2.0,100.0,0.0,0.0,0,,,,100.0,,3,100.0,0.0,,,3,0,,3,0.0,100.0,3,3,0,100.0,0,0,0.0,6
Tyrese Samuel,Vancouver Bandits,2026-2027,offense,P&R ball handler,Foul,6,To Basket,P&R Including Passes > P&R Ball Handler > High P&R > Dribble Off Pick > To Basket > Foul,P&R Including Passes,P&R Ball Handler,High P&R,Dribble Off Pick,To Basket,Foul,1,12.5,2.0,113.6,0.0,100.0,0,,,,,,0,,100.0,,,0,0,,1,,100.0,0,0,0,,0,0,,2
Tyrese Samuel,Vancouver Bandits,2026-2027,offense,P&R ball handler,Defense Commits,5,Dribble Off Pick,P&R Including Passes > P&R Ball Handler > High P&R > Dribble Off Pick > Defense Commits,P&R Including Passes,P&R Ball Handler,High P&R,Dribble Off Pick,Defense Commits,,2,16.7,0.0,,100.0,0.0,0,,,,,,0,,0.0,,,0,0,,0,,0.0,0,0,0,,0,0,,0
Tyrese Samuel,Vancouver Bandits,2026-2027,offense,P&R ball handler,Turnover,6,Defense Commits,P&R Including Passes > P&R Ball Handler > High P&R > Dribble Off Pick > Defense Commits > Turnover,P&R Including Passes,P&R Ball Handler,High P&R,Dribble Off Pick,Defense Commits,Turnover,2,100.0,0.0,,100.0,0.0,0,,,,,,0,,0.0,,,0,0,,0,,0.0,0,0,0,,0,0,,0
Tyrese Samuel,Vancouver Bandits,2026-2027,offense,P&R ball handler,Dribble Jumper,5,Dribble Off Pick,P&R Including Passes > P&R Ball Handler > High P&R > Dribble Off Pick > Dribble Jumper,P&R Including Passes,P&R Ball Handler,High P&R,Dribble Off Pick,Dribble Jumper,,2,16.7,0.0,0.0,0.0,0.0,1,0.0,,,0.0,,2,0.0,0.0,,,0,2,,2,0.0,0.0,1,0,1,0.0,0,1,0.5,0
Tyrese Samuel,Vancouver Bandits,2026-2027,offense,P&R ball handler,Long/3pt,6,Dribble Jumper,P&R Including Passes > P&R Ball Handler > High P&R > Dribble Off Pick > Dribble Jumper > Long/3pt,P&R Including Passes,P&R Ball Handler,High P&R,Dribble Off Pick,Dribble Jumper,Long/3pt,1,50.0,0.0,0.0,0.0,0.0,1,0.0,,,0.0,,1,0.0,0.0,,,0,1,,1,0.0,0.0,0,0,0,,0,1,1.0,0
Tyrese Samuel,Vancouver Bandits,2026-2027,offense,P&R ball handler,Medium/17' to 3pt,6,Dribble Jumper,P&R Including Passes > P&R Ball Handler > High P&R > Dribble Off Pick > Dribble Jumper > Medium/17' to 3pt,P&R Including Passes,P&R Ball Handler,High P&R,Dribble Off Pick,Dribble Jumper,Medium/17' to 3pt,1,50.0,0.0,0.0,0.0,0.0,0,,,,0.0,,1,0.0,0.0,,,0,1,,1,0.0,0.0,1,0,1,0.0,0,0,0.0,0
Tyrese Samuel,Vancouver Bandits,2026-2027,offense,P&R ball handler,Go Away from Pick,4,High P&R,P&R Including Passes > P&R Ball Handler > High P&R > Go Away from Pick,P&R Including Passes,P&R Ball Handler,High P&R,Go Away from Pick,,,1,7.1,2.0,100.0,0.0,0.0,0,,,,100.0,,1,100.0,0.0,,,1,0,,1,0.0,100.0,1,1,0,100.0,0,0,0.0,2
Tyrese Samuel,Vancouver Bandits,2026-2027,offense,P&R ball handler,To Basket,5,Go Away from Pick,P&R Including Passes > P&R Ball Handler > High P&R > Go Away from Pick > To Basket,P&R Including Passes,P&R Ball Handler,High P&R,Go Away from Pick,To Basket,,1,100.0,2.0,100.0,0.0,0.0,0,,,,100.0,,1,100.0,0.0,,,1,0,,1,0.0,100.0,1,1,0,100.0,0,0,0.0,2
Tyrese Samuel,Vancouver Bandits,2026-2027,offense,P&R ball handler,Make 2 Pts,6,To Basket,P&R Including Passes > P&R Ball Handler > High P&R > Go Away from Pick > To Basket > Make 2 Pts,P&R Including Passes,P&R Ball Handler,High P&R,Go Away from Pick,To Basket,Make 2 Pts,1,100.0,2.0,100.0,0.0,0.0,0,,,,100.0,,1,100.0,0.0,,,1,0,,1,0.0,100.0,1,1,0,100.0,0,0,0.0,2
Tyrese Samuel,Vancouver Bandits,2026-2027,offense,P&R ball handler,Takes Early Jump Shot,4,High P&R,P&R Including Passes > P&R Ball Handler > High P&R > Takes Early Jump Shot,P&R Including Passes,P&R Ball Handler,High P&R,Takes Early Jump Shot,,,1,7.1,0.0,0.0,0.0,0.0,0,,,,0.0,,1,0.0,0.0,,,0,1,,1,0.0,0.0,1,0,1,0.0,0,0,0.0,0
Tyrese Samuel,Vancouver Bandits,2026-2027,offense,P&R ball handler,Dribble Jumper,5,Takes Early Jump Shot,P&R Including Passes > P&R Ball Handler > High P&R > Takes Early Jump Shot > Dribble Jumper,P&R Including Passes,P&R Ball Handler,High P&R,Takes Early Jump Shot,Dribble Jumper,,1,100.0,0.0,0.0,0.0,0.0,0,,,,0.0,,1,0.0,0.0,,,0,1,,1,0.0,0.0,1,0,1,0.0,0,0,0.0,0
Tyrese Samuel,Vancouver Bandits,2026-2027,offense,P&R ball handler,Short to < 17,6,Dribble Jumper,P&R Including Passes > P&R Ball Handler > High P&R > Takes Early Jump Shot > Dribble Jumper > Short to < 17,P&R Including Passes,P&R Ball Handler,High P&R,Takes Early Jump Shot,Dribble Jumper,Short to < 17,1,100.0,0.0,0.0,0.0,0.0,0,,,,0.0,,1,0.0,0.0,,,0,1,,1,0.0,0.0,1,0,1,0.0,0,0,0.0,0
Tyrese Samuel,Vancouver Bandits,2026-2027,offense,P&R ball handler,Left P&R,3,P&R Ball Handler,P&R Including Passes > P&R Ball Handler > Left P&R,P&R Including Passes,P&R Ball Handler,Left P&R,,,,1,6.7,0.0,0.0,0.0,0.0,1,0.0,,,0.0,,1,0.0,0.0,,,0,1,,1,0.0,0.0,0,0,0,,0,1,1.0,0
Tyrese Samuel,Vancouver Bandits,2026-2027,offense,P&R ball handler,Baseline,4,Left P&R,P&R Including Passes > P&R Ball Handler > Left P&R > Baseline,P&R Including Passes,P&R Ball Handler,Left P&R,Baseline,,,1,100.0,0.0,0.0,0.0,0.0,1,0.0,,,0.0,,1,0.0,0.0,,,0,1,,1,0.0,0.0,0,0,0,,0,1,1.0,0
Tyrese Samuel,Vancouver Bandits,2026-2027,offense,P&R ball handler,Dribble Off Pick,5,Baseline,P&R Including Passes > P&R Ball Handler > Left P&R > Baseline > Dribble Off Pick,P&R Including Passes,P&R Ball Handler,Left P&R,Baseline,Dribble Off Pick,,1,100.0,0.0,0.0,0.0,0.0,1,0.0,,,0.0,,1,0.0,0.0,,,0,1,,1,0.0,0.0,0,0,0,,0,1,1.0,0
Tyrese Samuel,Vancouver Bandits,2026-2027,offense,P&R ball handler,Dribble Jumper,6,Dribble Off Pick,P&R Including Passes > P&R Ball Handler > Left P&R > Baseline > Dribble Off Pick > Dribble Jumper,P&R Including Passes,P&R Ball Handler,Left P&R,Baseline,Dribble Off Pick,Dribble Jumper,1,100.0,0.0,0.0,0.0,0.0,1,0.0,,,0.0,,1,0.0,0.0,,,0,1,,1,0.0,0.0,0,0,0,,0,1,1.0,0
Tyrese Samuel,Vancouver Bandits,2026-2027,offense,P&R ball handler,P&R Roll Man,2,P&R Including Passes,P&R Including Passes > P&R Roll Man,P&R Including Passes,P&R Roll Man,,,,,2,11.1,1.0,50.0,0.0,0.0,0,,,,50.0,,2,50.0,0.0,,,1,1,,2,0.0,50.0,2,1,1,50.0,0,0,0.0,2
Tyrese Samuel,Vancouver Bandits,2026-2027,offense,P&R ball handler,Pick and Pops,3,P&R Roll Man,P&R Including Passes > P&R Roll Man > Pick and Pops,P&R Including Passes,P&R Roll Man,Pick and Pops,,,,1,50.0,0.0,0.0,0.0,0.0,0,,,,0.0,,1,0.0,0.0,,,0,1,,1,0.0,0.0,1,0,1,0.0,0,0,0.0,0
Tyrese Samuel,Vancouver Bandits,2026-2027,offense,P&R ball handler,Drives Right,4,Pick and Pops,P&R Including Passes > P&R Roll Man > Pick and Pops > Drives Right,P&R Including Passes,P&R Roll Man,Pick and Pops,Drives Right,,,1,100.0,0.0,0.0,0.0,0.0,0,,,,0.0,,1,0.0,0.0,,,0,1,,1,0.0,0.0,1,0,1,0.0,0,0,0.0,0
Tyrese Samuel,Vancouver Bandits,2026-2027,offense,P&R ball handler,To Basket,5,Drives Right,P&R Including Passes > P&R Roll Man > Pick and Pops > Drives Right > To Basket,P&R Including Passes,P&R Roll Man,Pick and Pops,Drives Right,To Basket,,1,100.0,0.0,0.0,0.0,0.0,0,,,,0.0,,1,0.0,0.0,,,0,1,,1,0.0,0.0,1,0,1,0.0,0,0,0.0,0
Tyrese Samuel,Vancouver Bandits,2026-2027,offense,P&R ball handler,Miss 2 Pts,6,To Basket,P&R Including Passes > P&R Roll Man > Pick and Pops > Drives Right > To Basket > Miss 2 Pts,P&R Including Passes,P&R Roll Man,Pick and Pops,Drives Right,To Basket,Miss 2 Pts,1,100.0,0.0,0.0,0.0,0.0,0,,,,0.0,,1,0.0,0.0,,,0,1,,1,0.0,0.0,1,0,1,0.0,0,0,0.0,0
Tyrese Samuel,Vancouver Bandits,2026-2027,offense,P&R ball handler,Rolls to Basket,3,P&R Roll Man,P&R Including Passes > P&R Roll Man > Rolls to Basket,P&R Including Passes,P&R Roll Man,Rolls to Basket,,,,1,50.0,2.0,100.0,0.0,0.0,0,,,,100.0,,1,100.0,0.0,,,1,0,,1,0.0,100.0,1,1,0,100.0,0,0,0.0,2
Tyrese Samuel,Vancouver Bandits,2026-2027,offense,P&R ball handler,Make 2 Pts,4,Rolls to Basket,P&R Including Passes > P&R Roll Man > Rolls to Basket > Make 2 Pts,P&R Including Passes,P&R Roll Man,Rolls to Basket,Make 2 Pts,,,1,100.0,2.0,100.0,0.0,0.0,0,,,,100.0,,1,100.0,0.0,,,1,0,,1,0.0,100.0,1,1,0,100.0,0,0,0.0,2
Tyrese Samuel,Vancouver Bandits,2026-2027,offense,P&R ball handler,Cut,2,P&R Including Passes,P&R Including Passes > Cut,P&R Including Passes,Cut,,,,,1,5.6,2.0,100.0,0.0,0.0,0,,,,100.0,,1,100.0,0.0,,,1,0,,1,0.0,100.0,1,1,0,100.0,0,0,0.0,2
Tyrese Samuel,Vancouver Bandits,2026-2027,offense,P&R ball handler,Basket,3,Cut,P&R Including Passes > Cut > Basket,P&R Including Passes,Cut,Basket,,,,1,100.0,2.0,100.0,0.0,0.0,0,,,,100.0,,1,100.0,0.0,,,1,0,,1,0.0,100.0,1,1,0,100.0,0,0,0.0,2
Tyrese Samuel,Vancouver Bandits,2026-2027,offense,P&R ball handler,Make 2 Pts,4,Basket,P&R Including Passes > Cut > Basket > Make 2 Pts,P&R Including Passes,Cut,Basket,Make 2 Pts,,,1,100.0,2.0,100.0,0.0,0.0,0,,,,100.0,,1,100.0,0.0,,,1,0,,1,0.0,100.0,1,1,0,100.0,0,0,0.0,2
Tyrese Samuel,Vancouver Bandits,2026-2027,offense,P&R ball handler,P&R BH - Defense Commits,1,,P&R BH - Defense Commits,P&R BH - Defense Commits,,,,,,5,1.9,0.8,66.7,40.0,0.0,0,,,,66.7,,3,66.7,0.0,,,2,1,,3,0.0,40.0,3,2,1,66.7,0,0,0.0,4
Tyrese Samuel,Vancouver Bandits,2026-2027,offense,P&R ball handler,P&R Ball Handler,2,P&R BH - Defense Commits,P&R BH - Defense Commits > P&R Ball Handler,P&R BH - Defense Commits,P&R Ball Handler,,,,,2,40.0,0.0,,100.0,0.0,0,,,,,,0,,0.0,,,0,0,,0,,0.0,0,0,0,,0,0,,0
Tyrese Samuel,Vancouver Bandits,2026-2027,offense,P&R ball handler,High P&R,3,P&R Ball Handler,P&R BH - Defense Commits > P&R Ball Handler > High P&R,P&R BH - Defense Commits,P&R Ball Handler,High P&R,,,,2,100.0,0.0,,100.0,0.0,0,,,,,,0,,0.0,,,0,0,,0,,0.0,0,0,0,,0,0,,0
Tyrese Samuel,Vancouver Bandits,2026-2027,offense,P&R ball handler,Dribble Off Pick,4,High P&R,P&R BH - Defense Commits > P&R Ball Handler > High P&R > Dribble Off Pick,P&R BH - Defense Commits,P&R Ball Handler,High P&R,Dribble Off Pick,,,2,100.0,0.0,,100.0,0.0,0,,,,,,0,,0.0,,,0,0,,0,,0.0,0,0,0,,0,0,,0
Tyrese Samuel,Vancouver Bandits,2026-2027,offense,P&R ball handler,Defense Commits,5,Dribble Off Pick,P&R BH - Defense Commits > P&R Ball Handler > High P&R > Dribble Off Pick > Defense Commits,P&R BH - Defense Commits,P&R Ball Handler,High P&R,Dribble Off Pick,Defense Commits,,2,100.0,0.0,,100.0,0.0,0,,,,,,0,,0.0,,,0,0,,0,,0.0,0,0,0,,0,0,,0
Tyrese Samuel,Vancouver Bandits,2026-2027,offense,P&R ball handler,Turnover,6,Defense Commits,P&R BH - Defense Commits > P&R Ball Handler > High P&R > Dribble Off Pick > Defense Commits > Turnover,P&R BH - Defense Commits,P&R Ball Handler,High P&R,Dribble Off Pick,Defense Commits,Turnover,2,100.0,0.0,,100.0,0.0,0,,,,,,0,,0.0,,,0,0,,0,,0.0,0,0,0,,0,0,,0
Tyrese Samuel,Vancouver Bandits,2026-2027,offense,P&R ball handler,P&R Roll Man,2,P&R BH - Defense Commits,P&R BH - Defense Commits > P&R Roll Man,P&R BH - Defense Commits,P&R Roll Man,,,,,2,40.0,1.0,50.0,0.0,0.0,0,,,,50.0,,2,50.0,0.0,,,1,1,,2,0.0,50.0,2,1,1,50.0,0,0,0.0,2
Tyrese Samuel,Vancouver Bandits,2026-2027,offense,P&R ball handler,Pick and Pops,3,P&R Roll Man,P&R BH - Defense Commits > P&R Roll Man > Pick and Pops,P&R BH - Defense Commits,P&R Roll Man,Pick and Pops,,,,1,50.0,0.0,0.0,0.0,0.0,0,,,,0.0,,1,0.0,0.0,,,0,1,,1,0.0,0.0,1,0,1,0.0,0,0,0.0,0
Tyrese Samuel,Vancouver Bandits,2026-2027,offense,P&R ball handler,Drives Right,4,Pick and Pops,P&R BH - Defense Commits > P&R Roll Man > Pick and Pops > Drives Right,P&R BH - Defense Commits,P&R Roll Man,Pick and Pops,Drives Right,,,1,100.0,0.0,0.0,0.0,0.0,0,,,,0.0,,1,0.0,0.0,,,0,1,,1,0.0,0.0,1,0,1,0.0,0,0,0.0,0
Tyrese Samuel,Vancouver Bandits,2026-2027,offense,P&R ball handler,To Basket,5,Drives Right,P&R BH - Defense Commits > P&R Roll Man > Pick and Pops > Drives Right > To Basket,P&R BH - Defense Commits,P&R Roll Man,Pick and Pops,Drives Right,To Basket,,1,100.0,0.0,0.0,0.0,0.0,0,,,,0.0,,1,0.0,0.0,,,0,1,,1,0.0,0.0,1,0,1,0.0,0,0,0.0,0
Tyrese Samuel,Vancouver Bandits,2026-2027,offense,P&R ball handler,Miss 2 Pts,6,To Basket,P&R BH - Defense Commits > P&R Roll Man > Pick and Pops > Drives Right > To Basket > Miss 2 Pts,P&R BH - Defense Commits,P&R Roll Man,Pick and Pops,Drives Right,To Basket,Miss 2 Pts,1,100.0,0.0,0.0,0.0,0.0,0,,,,0.0,,1,0.0,0.0,,,0,1,,1,0.0,0.0,1,0,1,0.0,0,0,0.0,0
Tyrese Samuel,Vancouver Bandits,2026-2027,offense,P&R ball handler,Rolls to Basket,3,P&R Roll Man,P&R BH - Defense Commits > P&R Roll Man > Rolls to Basket,P&R BH - Defense Commits,P&R Roll Man,Rolls to Basket,,,,1,50.0,2.0,100.0,0.0,0.0,0,,,,100.0,,1,100.0,0.0,,,1,0,,1,0.0,100.0,1,1,0,100.0,0,0,0.0,2
Tyrese Samuel,Vancouver Bandits,2026-2027,offense,P&R ball handler,Make 2 Pts,4,Rolls to Basket,P&R BH - Defense Commits > P&R Roll Man > Rolls to Basket > Make 2 Pts,P&R BH - Defense Commits,P&R Roll Man,Rolls to Basket,Make 2 Pts,,,1,100.0,2.0,100.0,0.0,0.0,0,,,,100.0,,1,100.0,0.0,,,1,0,,1,0.0,100.0,1,1,0,100.0,0,0,0.0,2
Tyrese Samuel,Vancouver Bandits,2026-2027,offense,P&R ball handler,Cut,2,P&R BH - Defense Commits,P&R BH - Defense Commits > Cut,P&R BH - Defense Commits,Cut,,,,,1,20.0,2.0,100.0,0.0,0.0,0,,,,100.0,,1,100.0,0.0,,,1,0,,1,0.0,100.0,1,1,0,100.0,0,0,0.0,2
Tyrese Samuel,Vancouver Bandits,2026-2027,offense,P&R ball handler,Basket,3,Cut,P&R BH - Defense Commits > Cut > Basket,P&R BH - Defense Commits,Cut,Basket,,,,1,100.0,2.0,100.0,0.0,0.0,0,,,,100.0,,1,100.0,0.0,,,1,0,,1,0.0,100.0,1,1,0,100.0,0,0,0.0,2
Tyrese Samuel,Vancouver Bandits,2026-2027,offense,P&R ball handler,Make 2 Pts,4,Basket,P&R BH - Defense Commits > Cut > Basket > Make 2 Pts,P&R BH - Defense Commits,Cut,Basket,Make 2 Pts,,,1,100.0,2.0,100.0,0.0,0.0,0,,,,100.0,,1,100.0,0.0,,,1,0,,1,0.0,100.0,1,1,0,100.0,0,0,0.0,2
Tyrese Samuel,Vancouver Bandits,2026-2027,offense,P&R ball handler,P&R BH - Traps,1,,P&R BH - Traps,P&R BH - Traps,,,,,,0,0.0,,,,,0,,,,,,0,,,,,0,0,,0,,,0,0,0,,0,0,,0
Tyrese Samuel,Vancouver Bandits,2026-2027,offense,Isolation,ISO Including Passes,1,,ISO Including Passes,ISO Including Passes,,,,,,25,9.7,0.72,44.1,16.0,20.0,3,0.0,Below Average,25.0,31.3,61.0,16,31.3,20.0,,,5,11,,20,0.63,40.0,13,5,8,38.5,0,3,0.19,18
Tyrese Samuel,Vancouver Bandits,2026-2027,offense,Isolation,Isolation,2,ISO Including Passes,ISO Including Passes > Isolation,ISO Including Passes,Isolation,,,,,23,92.0,0.783,48.9,17.4,21.7,1,0.0,,,35.7,,14,35.7,21.7,,,5,9,,18,0.71,43.5,13,5,8,38.5,0,1,0.07,18
Tyrese Samuel,Vancouver Bandits,2026-2027,offense,Isolation,Top,3,Isolation,ISO Including Passes > Isolation > Top,ISO Including Passes,Isolation,Top,,,,13,56.5,1.0,61.8,15.4,30.8,1,0.0,,,42.9,,7,42.9,30.8,,,3,4,,11,1.14,53.8,6,3,3,50.0,0,1,0.14,13
Tyrese Samuel,Vancouver Bandits,2026-2027,offense,Isolation,Drives Left,4,Top,ISO Including Passes > Isolation > Top > Drives Left,ISO Including Passes,Isolation,Top,Drives Left,,,8,61.5,1.375,73.1,0.0,50.0,0,,,,50.0,,4,50.0,50.0,,,2,2,,8,2.0,75.0,4,2,2,50.0,0,0,0.0,11
Tyrese Samuel,Vancouver Bandits,2026-2027,offense,Isolation,To Basket,5,Drives Left,ISO Including Passes > Isolation > Top > Drives Left > To Basket,ISO Including Passes,Isolation,Top,Drives Left,To Basket,,8,100.0,1.375,73.1,0.0,50.0,0,,,,50.0,,4,50.0,50.0,,,2,2,,8,2.0,75.0,4,2,2,50.0,0,0,0.0,11
Tyrese Samuel,Vancouver Bandits,2026-2027,offense,Isolation,Foul,6,To Basket,ISO Including Passes > Isolation > Top > Drives Left > To Basket > Foul,ISO Including Passes,Isolation,Top,Drives Left,To Basket,Foul,4,50.0,1.75,99.4,0.0,100.0,0,,,,,,0,,100.0,,,0,0,,4,,100.0,0,0,0,,0,0,,7
Tyrese Samuel,Vancouver Bandits,2026-2027,offense,Isolation,Miss 2 Pts,6,To Basket,ISO Including Passes > Isolation > Top > Drives Left > To Basket > Miss 2 Pts,ISO Including Passes,Isolation,Top,Drives Left,To Basket,Miss 2 Pts,2,25.0,0.0,0.0,0.0,0.0,0,,,,0.0,,2,0.0,0.0,,,0,2,,2,0.0,0.0,2,0,2,0.0,0,0,0.0,0
Tyrese Samuel,Vancouver Bandits,2026-2027,offense,Isolation,Make 2 Pts,6,To Basket,ISO Including Passes > Isolation > Top > Drives Left > To Basket > Make 2 Pts,ISO Including Passes,Isolation,Top,Drives Left,To Basket,Make 2 Pts,2,25.0,2.0,100.0,0.0,0.0,0,,,,100.0,,2,100.0,0.0,,,2,0,,2,0.0,100.0,2,2,0,100.0,0,0,0.0,4
Tyrese Samuel,Vancouver Bandits,2026-2027,offense,Isolation,Drives Right,4,Top,ISO Including Passes > Isolation > Top > Drives Right,ISO Including Passes,Isolation,Top,Drives Right,,,3,23.1,0.667,50.0,33.3,0.0,0,,,,50.0,,2,50.0,0.0,,,1,1,,2,0.0,33.3,2,1,1,50.0,0,0,0.0,2
Tyrese Samuel,Vancouver Bandits,2026-2027,offense,Isolation,To Basket,5,Drives Right,ISO Including Passes > Isolation > Top > Drives Right > To Basket,ISO Including Passes,Isolation,Top,Drives Right,To Basket,,3,100.0,0.667,50.0,33.3,0.0,0,,,,50.0,,2,50.0,0.0,,,1,1,,2,0.0,33.3,2,1,1,50.0,0,0,0.0,2
Tyrese Samuel,Vancouver Bandits,2026-2027,offense,Isolation,Miss 2 Pts,6,To Basket,ISO Including Passes > Isolation > Top > Drives Right > To Basket > Miss 2 Pts,ISO Including Passes,Isolation,Top,Drives Right,To Basket,Miss 2 Pts,1,33.3,0.0,0.0,0.0,0.0,0,,,,0.0,,1,0.0,0.0,,,0,1,,1,0.0,0.0,1,0,1,0.0,0,0,0.0,0
Tyrese Samuel,Vancouver Bandits,2026-2027,offense,Isolation,Turnover,6,To Basket,ISO Including Passes > Isolation > Top > Drives Right > To Basket > Turnover,ISO Including Passes,Isolation,Top,Drives Right,To Basket,Turnover,1,33.3,0.0,,100.0,0.0,0,,,,,,0,,0.0,,,0,0,,0,,0.0,0,0,0,,0,0,,0
Tyrese Samuel,Vancouver Bandits,2026-2027,offense,Isolation,Make 2 Pts,6,To Basket,ISO Including Passes > Isolation > Top > Drives Right > To Basket > Make 2 Pts,ISO Including Passes,Isolation,Top,Drives Right,To Basket,Make 2 Pts,1,33.3,2.0,100.0,0.0,0.0,0,,,,100.0,,1,100.0,0.0,,,1,0,,1,0.0,100.0,1,1,0,100.0,0,0,0.0,2
Tyrese Samuel,Vancouver Bandits,2026-2027,offense,Isolation,Turnover,4,Top,ISO Including Passes > Isolation > Top > Turnover,ISO Including Passes,Isolation,Top,Turnover,,,1,7.7,0.0,,100.0,0.0,0,,,,,,0,,0.0,,,0,0,,0,,0.0,0,0,0,,0,0,,0
Tyrese Samuel,Vancouver Bandits,2026-2027,offense,Isolation,Early Jumper,4,Top,ISO Including Passes > Isolation > Top > Early Jumper,ISO Including Passes,Isolation,Top,Early Jumper,,,1,7.7,0.0,0.0,0.0,0.0,1,0.0,,,0.0,,1,0.0,0.0,,,0,1,,1,0.0,0.0,0,0,0,,0,1,1.0,0
Tyrese Samuel,Vancouver Bandits,2026-2027,offense,Isolation,Dribble Jumper,5,Early Jumper,ISO Including Passes > Isolation > Top > Early Jumper > Dribble Jumper,ISO Including Passes,Isolation,Top,Early Jumper,Dribble Jumper,,1,100.0,0.0,0.0,0.0,0.0,1,0.0,,,0.0,,1,0.0,0.0,,,0,1,,1,0.0,0.0,0,0,0,,0,1,1.0,0
Tyrese Samuel,Vancouver Bandits,2026-2027,offense,Isolation,Long/3pt,6,Dribble Jumper,ISO Including Passes > Isolation > Top > Early Jumper > Dribble Jumper > Long/3pt,ISO Including Passes,Isolation,Top,Early Jumper,Dribble Jumper,Long/3pt,1,100.0,0.0,0.0,0.0,0.0,1,0.0,,,0.0,,1,0.0,0.0,,,0,1,,1,0.0,0.0,0,0,0,,0,1,1.0,0
Tyrese Samuel,Vancouver Bandits,2026-2027,offense,Isolation,Right,3,Isolation,ISO Including Passes > Isolation > Right,ISO Including Passes,Isolation,Right,,,,5,21.7,0.8,50.0,20.0,0.0,0,,,,50.0,,4,50.0,0.0,,,2,2,,4,0.0,40.0,4,2,2,50.0,0,0,0.0,4
Tyrese Samuel,Vancouver Bandits,2026-2027,offense,Isolation,Drives Right,4,Right,ISO Including Passes > Isolation > Right > Drives Right,ISO Including Passes,Isolation,Right,Drives Right,,,4,80.0,0.5,33.3,25.0,0.0,0,,,,33.3,,3,33.3,0.0,,,1,2,,3,0.0,25.0,3,1,2,33.3,0,0,0.0,2
Tyrese Samuel,Vancouver Bandits,2026-2027,offense,Isolation,To Basket,5,Drives Right,ISO Including Passes > Isolation > Right > Drives Right > To Basket,ISO Including Passes,Isolation,Right,Drives Right,To Basket,,3,75.0,0.667,33.3,0.0,0.0,0,,,,33.3,,3,33.3,0.0,,,1,2,,3,0.0,33.3,3,1,2,33.3,0,0,0.0,2
Tyrese Samuel,Vancouver Bandits,2026-2027,offense,Isolation,Miss 2 Pts,6,To Basket,ISO Including Passes > Isolation > Right > Drives Right > To Basket > Miss 2 Pts,ISO Including Passes,Isolation,Right,Drives Right,To Basket,Miss 2 Pts,2,66.7,0.0,0.0,0.0,0.0,0,,,,0.0,,2,0.0,0.0,,,0,2,,2,0.0,0.0,2,0,2,0.0,0,0,0.0,0
Tyrese Samuel,Vancouver Bandits,2026-2027,offense,Isolation,Make 2 Pts,6,To Basket,ISO Including Passes > Isolation > Right > Drives Right > To Basket > Make 2 Pts,ISO Including Passes,Isolation,Right,Drives Right,To Basket,Make 2 Pts,1,33.3,2.0,100.0,0.0,0.0,0,,,,100.0,,1,100.0,0.0,,,1,0,,1,0.0,100.0,1,1,0,100.0,0,0,0.0,2
Tyrese Samuel,Vancouver Bandits,2026-2027,offense,Isolation,Turnover,5,Drives Right,ISO Including Passes > Isolation > Right > Drives Right > Turnover,ISO Including Passes,Isolation,Right,Drives Right,Turnover,,1,25.0,0.0,,100.0,0.0,0,,,,,,0,,0.0,,,0,0,,0,,0.0,0,0,0,,0,0,,0
Tyrese Samuel,Vancouver Bandits,2026-2027,offense,Isolation,Drives Left,4,Right,ISO Including Passes > Isolation > Right > Drives Left,ISO Including Passes,Isolation,Right,Drives Left,,,1,20.0,2.0,100.0,0.0,0.0,0,,,,100.0,,1,100.0,0.0,,,1,0,,1,0.0,100.0,1,1,0,100.0,0,0,0.0,2
Tyrese Samuel,Vancouver Bandits,2026-2027,offense,Isolation,Dribble Jumper,5,Drives Left,ISO Including Passes > Isolation > Right > Drives Left > Dribble Jumper,ISO Including Passes,Isolation,Right,Drives Left,Dribble Jumper,,1,100.0,2.0,100.0,0.0,0.0,0,,,,100.0,,1,100.0,0.0,,,1,0,,1,0.0,100.0,1,1,0,100.0,0,0,0.0,2
Tyrese Samuel,Vancouver Bandits,2026-2027,offense,Isolation,Short to < 17,6,Dribble Jumper,ISO Including Passes > Isolation > Right > Drives Left > Dribble Jumper > Short to < 17,ISO Including Passes,Isolation,Right,Drives Left,Dribble Jumper,Short to < 17,1,100.0,2.0,100.0,0.0,0.0,0,,,,100.0,,1,100.0,0.0,,,1,0,,1,0.0,100.0,1,1,0,100.0,0,0,0.0,2
Tyrese Samuel,Vancouver Bandits,2026-2027,offense,Isolation,Left,3,Isolation,ISO Including Passes > Isolation > Left,ISO Including Passes,Isolation,Left,,,,5,21.7,0.2,12.9,20.0,20.0,0,,,,0.0,,3,0.0,20.0,,,0,3,,4,0.67,20.0,3,0,3,0.0,0,0,0.0,1
Tyrese Samuel,Vancouver Bandits,2026-2027,offense,Isolation,Drives Right,4,Left,ISO Including Passes > Isolation > Left > Drives Right,ISO Including Passes,Isolation,Left,Drives Right,,,2,40.0,0.0,0.0,50.0,0.0,0,,,,0.0,,1,0.0,0.0,,,0,1,,1,0.0,0.0,1,0,1,0.0,0,0,0.0,0
Tyrese Samuel,Vancouver Bandits,2026-2027,offense,Isolation,To Basket,5,Drives Right,ISO Including Passes > Isolation > Left > Drives Right > To Basket,ISO Including Passes,Isolation,Left,Drives Right,To Basket,,2,100.0,0.0,0.0,50.0,0.0,0,,,,0.0,,1,0.0,0.0,,,0,1,,1,0.0,0.0,1,0,1,0.0,0,0,0.0,0
Tyrese Samuel,Vancouver Bandits,2026-2027,offense,Isolation,Miss 2 Pts,6,To Basket,ISO Including Passes > Isolation > Left > Drives Right > To Basket > Miss 2 Pts,ISO Including Passes,Isolation,Left,Drives Right,To Basket,Miss 2 Pts,1,50.0,0.0,0.0,0.0,0.0,0,,,,0.0,,1,0.0,0.0,,,0,1,,1,0.0,0.0,1,0,1,0.0,0,0,0.0,0
Tyrese Samuel,Vancouver Bandits,2026-2027,offense,Isolation,Turnover,6,To Basket,ISO Including Passes > Isolation > Left > Drives Right > To Basket > Turnover,ISO Including Passes,Isolation,Left,Drives Right,To Basket,Turnover,1,50.0,0.0,,100.0,0.0,0,,,,,,0,,0.0,,,0,0,,0,,0.0,0,0,0,,0,0,,0
Tyrese Samuel,Vancouver Bandits,2026-2027,offense,Isolation,Drives Left,4,Left,ISO Including Passes > Isolation > Left > Drives Left,ISO Including Passes,Isolation,Left,Drives Left,,,2,40.0,0.5,26.6,0.0,50.0,0,,,,0.0,,1,0.0,50.0,,,0,1,,2,2.0,50.0,1,0,1,0.0,0,0,0.0,1
Tyrese Samuel,Vancouver Bandits,2026-2027,offense,Isolation,To Basket,5,Drives Left,ISO Including Passes > Isolation > Left > Drives Left > To Basket,ISO Including Passes,Isolation,Left,Drives Left,To Basket,,2,100.0,0.5,26.6,0.0,50.0,0,,,,0.0,,1,0.0,50.0,,,0,1,,2,2.0,50.0,1,0,1,0.0,0,0,0.0,1
Tyrese Samuel,Vancouver Bandits,2026-2027,offense,Isolation,Miss 2 Pts,6,To Basket,ISO Including Passes > Isolation > Left > Drives Left > To Basket > Miss 2 Pts,ISO Including Passes,Isolation,Left,Drives Left,To Basket,Miss 2 Pts,1,50.0,0.0,0.0,0.0,0.0,0,,,,0.0,,1,0.0,0.0,,,0,1,,1,0.0,0.0,1,0,1,0.0,0,0,0.0,0
Tyrese Samuel,Vancouver Bandits,2026-2027,offense,Isolation,Foul,6,To Basket,ISO Including Passes > Isolation > Left > Drives Left > To Basket > Foul,ISO Including Passes,Isolation,Left,Drives Left,To Basket,Foul,1,50.0,1.0,56.8,0.0,100.0,0,,,,,,0,,100.0,,,0,0,,1,,100.0,0,0,0,,0,0,,1
Tyrese Samuel,Vancouver Bandits,2026-2027,offense,Isolation,Early Jumper,4,Left,ISO Including Passes > Isolation > Left > Early Jumper,ISO Including Passes,Isolation,Left,Early Jumper,,,1,20.0,0.0,0.0,0.0,0.0,0,,,,0.0,,1,0.0,0.0,,,0,1,,1,0.0,0.0,1,0,1,0.0,0,0,0.0,0
Tyrese Samuel,Vancouver Bandits,2026-2027,offense,Isolation,Dribble Jumper,5,Early Jumper,ISO Including Passes > Isolation > Left > Early Jumper > Dribble Jumper,ISO Including Passes,Isolation,Left,Early Jumper,Dribble Jumper,,1,100.0,0.0,0.0,0.0,0.0,0,,,,0.0,,1,0.0,0.0,,,0,1,,1,0.0,0.0,1,0,1,0.0,0,0,0.0,0
Tyrese Samuel,Vancouver Bandits,2026-2027,offense,Isolation,Medium/17' to 3pt,6,Dribble Jumper,ISO Including Passes > Isolation > Left > Early Jumper > Dribble Jumper > Medium/17' to 3pt,ISO Including Passes,Isolation,Left,Early Jumper,Dribble Jumper,Medium/17' to 3pt,1,100.0,0.0,0.0,0.0,0.0,0,,,,0.0,,1,0.0,0.0,,,0,1,,1,0.0,0.0,1,0,1,0.0,0,0,0.0,0
Tyrese Samuel,Vancouver Bandits,2026-2027,offense,Isolation,Spot-Up,2,ISO Including Passes,ISO Including Passes > Spot-Up,ISO Including Passes,Spot-Up,,,,,2,8.0,0.0,0.0,0.0,0.0,2,0.0,,,0.0,,2,0.0,0.0,,,0,2,,2,0.0,0.0,0,0,0,,0,2,1.0,0
Tyrese Samuel,Vancouver Bandits,2026-2027,offense,Isolation,No Dribble Jumper,3,Spot-Up,ISO Including Passes > Spot-Up > No Dribble Jumper,ISO Including Passes,Spot-Up,No Dribble Jumper,,,,2,100.0,0.0,0.0,0.0,0.0,2,0.0,,,0.0,,2,0.0,0.0,,,0,2,,2,0.0,0.0,0,0,0,,0,2,1.0,0
Tyrese Samuel,Vancouver Bandits,2026-2027,offense,Isolation,Guarded,4,No Dribble Jumper,ISO Including Passes > Spot-Up > No Dribble Jumper > Guarded,ISO Including Passes,Spot-Up,No Dribble Jumper,Guarded,,,2,100.0,0.0,0.0,0.0,0.0,2,0.0,,,0.0,,2,0.0,0.0,,,0,2,,2,0.0,0.0,0,0,0,,0,2,1.0,0
Tyrese Samuel,Vancouver Bandits,2026-2027,offense,Isolation,Long/3pt,5,Guarded,ISO Including Passes > Spot-Up > No Dribble Jumper > Guarded > Long/3pt,ISO Including Passes,Spot-Up,No Dribble Jumper,Guarded,Long/3pt,,2,100.0,0.0,0.0,0.0,0.0,2,0.0,,,0.0,,2,0.0,0.0,,,0,2,,2,0.0,0.0,0,0,0,,0,2,1.0,0
Tyrese Samuel,Vancouver Bandits,2026-2027,offense,Isolation,Miss 3 Pts,6,Long/3pt,ISO Including Passes > Spot-Up > No Dribble Jumper > Guarded > Long/3pt > Miss 3 Pts,ISO Including Passes,Spot-Up,No Dribble Jumper,Guarded,Long/3pt,Miss 3 Pts,2,100.0,0.0,0.0,0.0,0.0,2,0.0,,,0.0,,2,0.0,0.0,,,0,2,,2,0.0,0.0,0,0,0,,0,2,1.0,0
Tyrese Samuel,Vancouver Bandits,2026-2027,offense,Isolation,ISO - Defense Commits,1,,ISO - Defense Commits,ISO - Defense Commits,,,,,,2,0.8,0.0,0.0,0.0,0.0,2,0.0,,,0.0,,2,0.0,0.0,,,0,2,,2,0.0,0.0,0,0,0,,0,2,1.0,0
Tyrese Samuel,Vancouver Bandits,2026-2027,offense,Isolation,No Dribble Jumper,2,ISO - Defense Commits,ISO - Defense Commits > No Dribble Jumper,ISO - Defense Commits,No Dribble Jumper,,,,,2,100.0,0.0,0.0,0.0,0.0,2,0.0,,,0.0,,2,0.0,0.0,,,0,2,,2,0.0,0.0,0,0,0,,0,2,1.0,0
Tyrese Samuel,Vancouver Bandits,2026-2027,offense,Isolation,Guarded,3,No Dribble Jumper,ISO - Defense Commits > No Dribble Jumper > Guarded,ISO - Defense Commits,No Dribble Jumper,Guarded,,,,2,100.0,0.0,0.0,0.0,0.0,2,0.0,,,0.0,,2,0.0,0.0,,,0,2,,2,0.0,0.0,0,0,0,,0,2,1.0,0
Tyrese Samuel,Vancouver Bandits,2026-2027,offense,Isolation,Long/3pt,4,Guarded,ISO - Defense Commits > No Dribble Jumper > Guarded > Long/3pt,ISO - Defense Commits,No Dribble Jumper,Guarded,Long/3pt,,,2,100.0,0.0,0.0,0.0,0.0,2,0.0,,,0.0,,2,0.0,0.0,,,0,2,,2,0.0,0.0,0,0,0,,0,2,1.0,0
Tyrese Samuel,Vancouver Bandits,2026-2027,offense,Isolation,Miss 3 Pts,5,Long/3pt,ISO - Defense Commits > No Dribble Jumper > Guarded > Long/3pt > Miss 3 Pts,ISO - Defense Commits,No Dribble Jumper,Guarded,Long/3pt,Miss 3 Pts,,2,100.0,0.0,0.0,0.0,0.0,2,0.0,,,0.0,,2,0.0,0.0,,,0,2,,2,0.0,0.0,0,0,0,,0,2,1.0,0
Tyrese Samuel,Vancouver Bandits,2026-2027,offense,Post up,Post-Ups Including Passes,1,,Post-Ups Including Passes,Post-Ups Including Passes,,,,,,54,21.0,0.889,49.4,9.3,14.8,9,11.1,Average,44.0,42.9,55.0,42,44.0,14.8,,,18,24,,49,0.36,46.3,33,17,16,51.5,1,8,0.21,48
Tyrese Samuel,Vancouver Bandits,2026-2027,offense,Post up,Post-Up,2,Post-Ups Including Passes,Post-Ups Including Passes > Post-Up,Post-Ups Including Passes,Post-Up,,,,,39,72.2,0.897,51.9,12.8,17.9,0,,,,46.4,,28,46.4,17.9,,,13,15,,34,0.46,48.7,28,13,15,46.4,0,0,0.0,35
Tyrese Samuel,Vancouver Bandits,2026-2027,offense,Post up,Left Block,3,Post-Up,Post-Ups Including Passes > Post-Up > Left Block,Post-Ups Including Passes,Post-Up,Left Block,,,,22,56.4,0.955,52.3,9.1,18.2,0,,,,47.1,,17,47.1,18.2,,,8,9,,20,0.41,50.0,17,8,9,47.1,0,0,0.0,21
Tyrese Samuel,Vancouver Bandits,2026-2027,offense,Post up,Left Shoulder,4,Left Block,Post-Ups Including Passes > Post-Up > Left Block > Left Shoulder,Post-Ups Including Passes,Post-Up,Left Block,Left Shoulder,,,11,50.0,1.091,55.1,0.0,9.1,0,,,,50.0,,10,50.0,9.1,,,5,5,,11,0.2,54.5,10,5,5,50.0,0,0,0.0,12
Tyrese Samuel,Vancouver Bandits,2026-2027,offense,Post up,Dribble Move,5,Left Shoulder,Post-Ups Including Passes > Post-Up > Left Block > Left Shoulder > Dribble Move,Post-Ups Including Passes,Post-Up,Left Block,Left Shoulder,Dribble Move,,11,100.0,1.091,55.1,0.0,9.1,0,,,,50.0,,10,50.0,9.1,,,5,5,,11,0.2,54.5,10,5,5,50.0,0,0,0.0,12
Tyrese Samuel,Vancouver Bandits,2026-2027,offense,Post up,To Hook,6,Dribble Move,Post-Ups Including Passes > Post-Up > Left Block > Left Shoulder > Dribble Move > To Hook,Post-Ups Including Passes,Post-Up,Left Block,Left Shoulder,Dribble Move,To Hook,8,72.7,0.75,37.5,0.0,0.0,0,,,,37.5,,8,37.5,0.0,,,3,5,,8,0.0,37.5,8,3,5,37.5,0,0,0.0,6
Tyrese Samuel,Vancouver Bandits,2026-2027,offense,Post up,To Basket,6,Dribble Move,Post-Ups Including Passes > Post-Up > Left Block > Left Shoulder > Dribble Move > To Basket,Post-Ups Including Passes,Post-Up,Left Block,Left Shoulder,Dribble Move,To Basket,2,18.2,2.0,100.0,0.0,0.0,0,,,,100.0,,2,100.0,0.0,,,2,0,,2,0.0,100.0,2,2,0,100.0,0,0,0.0,4
Tyrese Samuel,Vancouver Bandits,2026-2027,offense,Post up,To Up and Under,6,Dribble Move,Post-Ups Including Passes > Post-Up > Left Block > Left Shoulder > Dribble Move > To Up and Under,Post-Ups Including Passes,Post-Up,Left Block,Left Shoulder,Dribble Move,To Up and Under,1,9.1,2.0,113.6,0.0,100.0,0,,,,,,0,,100.0,,,0,0,,1,,100.0,0,0,0,,0,0,,2
Tyrese Samuel,Vancouver Bandits,2026-2027,offense,Post up,Right Shoulder,4,Left Block,Post-Ups Including Passes > Post-Up > Left Block > Right Shoulder,Post-Ups Including Passes,Post-Up,Left Block,Right Shoulder,,,9,40.9,0.889,54.6,22.2,22.2,0,,,,50.0,,6,50.0,22.2,,,3,3,,7,0.5,44.4,6,3,3,50.0,0,0,0.0,8
Tyrese Samuel,Vancouver Bandits,2026-2027,offense,Post up,Dribble Move,5,Right Shoulder,Post-Ups Including Passes > Post-Up > Left Block > Right Shoulder > Dribble Move,Post-Ups Including Passes,Post-Up,Left Block,Right Shoulder,Dribble Move,,9,100.0,0.889,54.6,22.2,22.2,0,,,,50.0,,6,50.0,22.2,,,3,3,,7,0.5,44.4,6,3,3,50.0,0,0,0.0,8
Tyrese Samuel,Vancouver Bandits,2026-2027,offense,Post up,To Basket,6,Dribble Move,Post-Ups Including Passes > Post-Up > Left Block > Right Shoulder > Dribble Move > To Basket,Post-Ups Including Passes,Post-Up,Left Block,Right Shoulder,Dribble Move,To Basket,7,77.8,1.143,54.6,0.0,28.6,0,,,,50.0,,6,50.0,28.6,,,3,3,,7,0.5,57.1,6,3,3,50.0,0,0,0.0,8
Tyrese Samuel,Vancouver Bandits,2026-2027,offense,Post up,Defense Commits,6,Dribble Move,Post-Ups Including Passes > Post-Up > Left Block > Right Shoulder > Dribble Move > Defense Commits,Post-Ups Including Passes,Post-Up,Left Block,Right Shoulder,Dribble Move,Defense Commits,1,11.1,0.0,,100.0,0.0,0,,,,,,0,,0.0,,,0,0,,0,,0.0,0,0,0,,0,0,,0
Tyrese Samuel,Vancouver Bandits,2026-2027,offense,Post up,Turnover,6,Dribble Move,Post-Ups Including Passes > Post-Up > Left Block > Right Shoulder > Dribble Move > Turnover,Post-Ups Including Passes,Post-Up,Left Block,Right Shoulder,Dribble Move,Turnover,1,11.1,0.0,,100.0,0.0,0,,,,,,0,,0.0,,,0,0,,0,,0.0,0,0,0,,0,0,,0
Tyrese Samuel,Vancouver Bandits,2026-2027,offense,Post up,Face-up,4,Left Block,Post-Ups Including Passes > Post-Up > Left Block > Face-up,Post-Ups Including Passes,Post-Up,Left Block,Face-up,,,2,9.1,0.5,26.6,0.0,50.0,0,,,,0.0,,1,0.0,50.0,,,0,1,,2,2.0,50.0,1,0,1,0.0,0,0,0.0,1
Tyrese Samuel,Vancouver Bandits,2026-2027,offense,Post up,Drive Middle,5,Face-up,Post-Ups Including Passes > Post-Up > Left Block > Face-up > Drive Middle,Post-Ups Including Passes,Post-Up,Left Block,Face-up,Drive Middle,,1,50.0,0.0,0.0,0.0,0.0,0,,,,0.0,,1,0.0,0.0,,,0,1,,1,0.0,0.0,1,0,1,0.0,0,0,0.0,0
Tyrese Samuel,Vancouver Bandits,2026-2027,offense,Post up,Miss 2 Pts,6,Drive Middle,Post-Ups Including Passes > Post-Up > Left Block > Face-up > Drive Middle > Miss 2 Pts,Post-Ups Including Passes,Post-Up,Left Block,Face-up,Drive Middle,Miss 2 Pts,1,100.0,0.0,0.0,0.0,0.0,0,,,,0.0,,1,0.0,0.0,,,0,1,,1,0.0,0.0,1,0,1,0.0,0,0,0.0,0
Tyrese Samuel,Vancouver Bandits,2026-2027,offense,Post up,Drive Baseline,5,Face-up,Post-Ups Including Passes > Post-Up > Left Block > Face-up > Drive Baseline,Post-Ups Including Passes,Post-Up,Left Block,Face-up,Drive Baseline,,1,50.0,1.0,56.8,0.0,100.0,0,,,,,,0,,100.0,,,0,0,,1,,100.0,0,0,0,,0,0,,1
Tyrese Samuel,Vancouver Bandits,2026-2027,offense,Post up,Foul,6,Drive Baseline,Post-Ups Including Passes > Post-Up > Left Block > Face-up > Drive Baseline > Foul,Post-Ups Including Passes,Post-Up,Left Block,Face-up,Drive Baseline,Foul,1,100.0,1.0,56.8,0.0,100.0,0,,,,,,0,,100.0,,,0,0,,1,,100.0,0,0,0,,0,0,,1
Tyrese Samuel,Vancouver Bandits,2026-2027,offense,Post up,Flash Middle,3,Post-Up,Post-Ups Including Passes > Post-Up > Flash Middle,Post-Ups Including Passes,Post-Up,Flash Middle,,,,12,30.8,1.0,62.2,16.7,25.0,0,,,,57.1,,7,57.1,25.0,,,4,3,,10,0.86,58.3,7,4,3,57.1,0,0,0.0,12
Tyrese Samuel,Vancouver Bandits,2026-2027,offense,Post up,Post Pin,4,Flash Middle,Post-Ups Including Passes > Post-Up > Flash Middle > Post Pin,Post-Ups Including Passes,Post-Up,Flash Middle,Post Pin,,,5,41.7,1.0,64.4,20.0,20.0,0,,,,66.7,,3,66.7,20.0,,,2,1,,4,0.67,60.0,3,2,1,66.7,0,0,0.0,5
Tyrese Samuel,Vancouver Bandits,2026-2027,offense,Post up,No Dribble Move,5,Post Pin,Post-Ups Including Passes > Post-Up > Flash Middle > Post Pin > No Dribble Move,Post-Ups Including Passes,Post-Up,Flash Middle,Post Pin,No Dribble Move,,2,40.0,1.0,50.0,0.0,0.0,0,,,,50.0,,2,50.0,0.0,,,1,1,,2,0.0,50.0,2,1,1,50.0,0,0,0.0,2
Tyrese Samuel,Vancouver Bandits,2026-2027,offense,Post up,To Basket,6,No Dribble Move,Post-Ups Including Passes > Post-Up > Flash Middle > Post Pin > No Dribble Move > To Basket,Post-Ups Including Passes,Post-Up,Flash Middle,Post Pin,No Dribble Move,To Basket,2,100.0,1.0,50.0,0.0,0.0,0,,,,50.0,,2,50.0,0.0,,,1,1,,2,0.0,50.0,2,1,1,50.0,0,0,0.0,2
Tyrese Samuel,Vancouver Bandits,2026-2027,offense,Post up,Dribble Move,5,Post Pin,Post-Ups Including Passes > Post-Up > Flash Middle > Post Pin > Dribble Move,Post-Ups Including Passes,Post-Up,Flash Middle,Post Pin,Dribble Move,,2,40.0,1.5,79.8,0.0,50.0,0,,,,100.0,,1,100.0,50.0,,,1,0,,2,2.0,100.0,1,1,0,100.0,0,0,0.0,3
Tyrese Samuel,Vancouver Bandits,2026-2027,offense,Post up,To Basket,6,Dribble Move,Post-Ups Including Passes > Post-Up > Flash Middle > Post Pin > Dribble Move > To Basket,Post-Ups Including Passes,Post-Up,Flash Middle,Post Pin,Dribble Move,To Basket,2,100.0,1.5,79.8,0.0,50.0,0,,,,100.0,,1,100.0,50.0,,,1,0,,2,2.0,100.0,1,1,0,100.0,0,0,0.0,3
Tyrese Samuel,Vancouver Bandits,2026-2027,offense,Post up,Turnover,5,Post Pin,Post-Ups Including Passes > Post-Up > Flash Middle > Post Pin > Turnover,Post-Ups Including Passes,Post-Up,Flash Middle,Post Pin,Turnover,,1,20.0,0.0,,100.0,0.0,0,,,,,,0,,0.0,,,0,0,,0,,0.0,0,0,0,,0,0,,0
Tyrese Samuel,Vancouver Bandits,2026-2027,offense,Post up,Left Shoulder,4,Flash Middle,Post-Ups Including Passes > Post-Up > Flash Middle > Left Shoulder,Post-Ups Including Passes,Post-Up,Flash Middle,Left Shoulder,,,4,33.3,0.75,38.7,0.0,25.0,0,,,,33.3,,3,33.3,25.0,,,1,2,,4,0.67,50.0,3,1,2,33.3,0,0,0.0,3
Tyrese Samuel,Vancouver Bandits,2026-2027,offense,Post up,Dribble Move,5,Left Shoulder,Post-Ups Including Passes > Post-Up > Flash Middle > Left Shoulder > Dribble Move,Post-Ups Including Passes,Post-Up,Flash Middle,Left Shoulder,Dribble Move,,3,75.0,0.333,17.4,0.0,33.3,0,,,,0.0,,2,0.0,33.3,,,0,2,,3,1.0,33.3,2,0,2,0.0,0,0,0.0,1
Tyrese Samuel,Vancouver Bandits,2026-2027,offense,Post up,To Basket,6,Dribble Move,Post-Ups Including Passes > Post-Up > Flash Middle > Left Shoulder > Dribble Move > To Basket,Post-Ups Including Passes,Post-Up,Flash Middle,Left Shoulder,Dribble Move,To Basket,2,66.7,0.5,26.6,0.0,50.0,0,,,,0.0,,1,0.0,50.0,,,0,1,,2,2.0,50.0,1,0,1,0.0,0,0,0.0,1
Tyrese Samuel,Vancouver Bandits,2026-2027,offense,Post up,To Up and Under,6,Dribble Move,Post-Ups Including Passes > Post-Up > Flash Middle > Left Shoulder > Dribble Move > To Up and Under,Post-Ups Including Passes,Post-Up,Flash Middle,Left Shoulder,Dribble Move,To Up and Under,1,33.3,0.0,0.0,0.0,0.0,0,,,,0.0,,1,0.0,0.0,,,0,1,,1,0.0,0.0,1,0,1,0.0,0,0,0.0,0
Tyrese Samuel,Vancouver Bandits,2026-2027,offense,Post up,No Dribble Move,5,Left Shoulder,Post-Ups Including Passes > Post-Up > Flash Middle > Left Shoulder > No Dribble Move,Post-Ups Including Passes,Post-Up,Flash Middle,Left Shoulder,No Dribble Move,,1,25.0,2.0,100.0,0.0,0.0,0,,,,100.0,,1,100.0,0.0,,,1,0,,1,0.0,100.0,1,1,0,100.0,0,0,0.0,2
Tyrese Samuel,Vancouver Bandits,2026-2027,offense,Post up,To Basket,6,No Dribble Move,Post-Ups Including Passes > Post-Up > Flash Middle > Left Shoulder > No Dribble Move > To Basket,Post-Ups Including Passes,Post-Up,Flash Middle,Left Shoulder,No Dribble Move,To Basket,1,100.0,2.0,100.0,0.0,0.0,0,,,,100.0,,1,100.0,0.0,,,1,0,,1,0.0,100.0,1,1,0,100.0,0,0,0.0,2
Tyrese Samuel,Vancouver Bandits,2026-2027,offense,Post up,Right Shoulder,4,Flash Middle,Post-Ups Including Passes > Post-Up > Flash Middle > Right Shoulder,Post-Ups Including Passes,Post-Up,Flash Middle,Right Shoulder,,,2,16.7,2.0,106.4,0.0,50.0,0,,,,100.0,,1,100.0,50.0,,,1,0,,2,2.0,100.0,1,1,0,100.0,0,0,0.0,4
Tyrese Samuel,Vancouver Bandits,2026-2027,offense,Post up,No Dribble Move,5,Right Shoulder,Post-Ups Including Passes > Post-Up > Flash Middle > Right Shoulder > No Dribble Move,Post-Ups Including Passes,Post-Up,Flash Middle,Right Shoulder,No Dribble Move,,2,100.0,2.0,106.4,0.0,50.0,0,,,,100.0,,1,100.0,50.0,,,1,0,,2,2.0,100.0,1,1,0,100.0,0,0,0.0,4
Tyrese Samuel,Vancouver Bandits,2026-2027,offense,Post up,To Basket,6,No Dribble Move,Post-Ups Including Passes > Post-Up > Flash Middle > Right Shoulder > No Dribble Move > To Basket,Post-Ups Including Passes,Post-Up,Flash Middle,Right Shoulder,No Dribble Move,To Basket,2,100.0,2.0,106.4,0.0,50.0,0,,,,100.0,,1,100.0,50.0,,,1,0,,2,2.0,100.0,1,1,0,100.0,0,0,0.0,4
Tyrese Samuel,Vancouver Bandits,2026-2027,offense,Post up,Turnover,4,Flash Middle,Post-Ups Including Passes > Post-Up > Flash Middle > Turnover,Post-Ups Including Passes,Post-Up,Flash Middle,Turnover,,,1,8.3,0.0,,100.0,0.0,0,,,,,,0,,0.0,,,0,0,,0,,0.0,0,0,0,,0,0,,0
Tyrese Samuel,Vancouver Bandits,2026-2027,offense,Post up,Right Block,3,Post-Up,Post-Ups Including Passes > Post-Up > Right Block,Post-Ups Including Passes,Post-Up,Right Block,,,,5,12.8,0.4,25.0,20.0,0.0,0,,,,25.0,,4,25.0,0.0,,,1,3,,4,0.0,20.0,4,1,3,25.0,0,0,0.0,2
Tyrese Samuel,Vancouver Bandits,2026-2027,offense,Post up,Left Shoulder,4,Right Block,Post-Ups Including Passes > Post-Up > Right Block > Left Shoulder,Post-Ups Including Passes,Post-Up,Right Block,Left Shoulder,,,2,40.0,0.0,0.0,0.0,0.0,0,,,,0.0,,2,0.0,0.0,,,0,2,,2,0.0,0.0,2,0,2,0.0,0,0,0.0,0
Tyrese Samuel,Vancouver Bandits,2026-2027,offense,Post up,Dribble Move,5,Left Shoulder,Post-Ups Including Passes > Post-Up > Right Block > Left Shoulder > Dribble Move,Post-Ups Including Passes,Post-Up,Right Block,Left Shoulder,Dribble Move,,2,100.0,0.0,0.0,0.0,0.0,0,,,,0.0,,2,0.0,0.0,,,0,2,,2,0.0,0.0,2,0,2,0.0,0,0,0.0,0
Tyrese Samuel,Vancouver Bandits,2026-2027,offense,Post up,To Drop Step,6,Dribble Move,Post-Ups Including Passes > Post-Up > Right Block > Left Shoulder > Dribble Move > To Drop Step,Post-Ups Including Passes,Post-Up,Right Block,Left Shoulder,Dribble Move,To Drop Step,1,50.0,0.0,0.0,0.0,0.0,0,,,,0.0,,1,0.0,0.0,,,0,1,,1,0.0,0.0,1,0,1,0.0,0,0,0.0,0
Tyrese Samuel,Vancouver Bandits,2026-2027,offense,Post up,To Basket,6,Dribble Move,Post-Ups Including Passes > Post-Up > Right Block > Left Shoulder > Dribble Move > To Basket,Post-Ups Including Passes,Post-Up,Right Block,Left Shoulder,Dribble Move,To Basket,1,50.0,0.0,0.0,0.0,0.0,0,,,,0.0,,1,0.0,0.0,,,0,1,,1,0.0,0.0,1,0,1,0.0,0,0,0.0,0
Tyrese Samuel,Vancouver Bandits,2026-2027,offense,Post up,Right Shoulder,4,Right Block,Post-Ups Including Passes > Post-Up > Right Block > Right Shoulder,Post-Ups Including Passes,Post-Up,Right Block,Right Shoulder,,,2,40.0,1.0,100.0,50.0,0.0,0,,,,100.0,,1,100.0,0.0,,,1,0,,1,0.0,50.0,1,1,0,100.0,0,0,0.0,2
Tyrese Samuel,Vancouver Bandits,2026-2027,offense,Post up,Dribble Move,5,Right Shoulder,Post-Ups Including Passes > Post-Up > Right Block > Right Shoulder > Dribble Move,Post-Ups Including Passes,Post-Up,Right Block,Right Shoulder,Dribble Move,,2,100.0,1.0,100.0,50.0,0.0,0,,,,100.0,,1,100.0,0.0,,,1,0,,1,0.0,50.0,1,1,0,100.0,0,0,0.0,2
Tyrese Samuel,Vancouver Bandits,2026-2027,offense,Post up,To Basket,6,Dribble Move,Post-Ups Including Passes > Post-Up > Right Block > Right Shoulder > Dribble Move > To Basket,Post-Ups Including Passes,Post-Up,Right Block,Right Shoulder,Dribble Move,To Basket,1,50.0,2.0,100.0,0.0,0.0,0,,,,100.0,,1,100.0,0.0,,,1,0,,1,0.0,100.0,1,1,0,100.0,0,0,0.0,2
Tyrese Samuel,Vancouver Bandits,2026-2027,offense,Post up,Turnover,6,Dribble Move,Post-Ups Including Passes > Post-Up > Right Block > Right Shoulder > Dribble Move > Turnover,Post-Ups Including Passes,Post-Up,Right Block,Right Shoulder,Dribble Move,Turnover,1,50.0,0.0,,100.0,0.0,0,,,,,,0,,0.0,,,0,0,,0,,0.0,0,0,0,,0,0,,0
Tyrese Samuel,Vancouver Bandits,2026-2027,offense,Post up,Face-up,4,Right Block,Post-Ups Including Passes > Post-Up > Right Block > Face-up,Post-Ups Including Passes,Post-Up,Right Block,Face-up,,,1,20.0,0.0,0.0,0.0,0.0,0,,,,0.0,,1,0.0,0.0,,,0,1,,1,0.0,0.0,1,0,1,0.0,0,0,0.0,0
Tyrese Samuel,Vancouver Bandits,2026-2027,offense,Post up,Drive Baseline,5,Face-up,Post-Ups Including Passes > Post-Up > Right Block > Face-up > Drive Baseline,Post-Ups Including Passes,Post-Up,Right Block,Face-up,Drive Baseline,,1,100.0,0.0,0.0,0.0,0.0,0,,,,0.0,,1,0.0,0.0,,,0,1,,1,0.0,0.0,1,0,1,0.0,0,0,0.0,0
Tyrese Samuel,Vancouver Bandits,2026-2027,offense,Post up,Miss 2 Pts,6,Drive Baseline,Post-Ups Including Passes > Post-Up > Right Block > Face-up > Drive Baseline > Miss 2 Pts,Post-Ups Including Passes,Post-Up,Right Block,Face-up,Drive Baseline,Miss 2 Pts,1,100.0,0.0,0.0,0.0,0.0,0,,,,0.0,,1,0.0,0.0,,,0,1,,1,0.0,0.0,1,0,1,0.0,0,0,0.0,0
Tyrese Samuel,Vancouver Bandits,2026-2027,offense,Post up,Spot-Up,2,Post-Ups Including Passes,Post-Ups Including Passes > Spot-Up,Post-Ups Including Passes,Spot-Up,,,,,9,16.7,0.333,16.7,0.0,0.0,9,11.1,,,11.1,,9,16.7,0.0,,,1,8,,9,0.0,11.1,0,0,0,,1,8,1.0,3
Tyrese Samuel,Vancouver Bandits,2026-2027,offense,Post up,No Dribble Jumper,3,Spot-Up,Post-Ups Including Passes > Spot-Up > No Dribble Jumper,Post-Ups Including Passes,Spot-Up,No Dribble Jumper,,,,7,77.8,0.429,21.4,0.0,0.0,7,14.3,,,14.3,,7,21.4,0.0,,,1,6,,7,0.0,14.3,0,0,0,,1,6,1.0,3
Tyrese Samuel,Vancouver Bandits,2026-2027,offense,Post up,Guarded,4,No Dribble Jumper,Post-Ups Including Passes > Spot-Up > No Dribble Jumper > Guarded,Post-Ups Including Passes,Spot-Up,No Dribble Jumper,Guarded,,,7,100.0,0.429,21.4,0.0,0.0,7,14.3,,,14.3,,7,21.4,0.0,,,1,6,,7,0.0,14.3,0,0,0,,1,6,1.0,3
Tyrese Samuel,Vancouver Bandits,2026-2027,offense,Post up,Long/3pt,5,Guarded,Post-Ups Including Passes > Spot-Up > No Dribble Jumper > Guarded > Long/3pt,Post-Ups Including Passes,Spot-Up,No Dribble Jumper,Guarded,Long/3pt,,7,100.0,0.429,21.4,0.0,0.0,7,14.3,,,14.3,,7,21.4,0.0,,,1,6,,7,0.0,14.3,0,0,0,,1,6,1.0,3
Tyrese Samuel,Vancouver Bandits,2026-2027,offense,Post up,Miss 3 Pts,6,Long/3pt,Post-Ups Including Passes > Spot-Up > No Dribble Jumper > Guarded > Long/3pt > Miss 3 Pts,Post-Ups Including Passes,Spot-Up,No Dribble Jumper,Guarded,Long/3pt,Miss 3 Pts,6,85.7,0.0,0.0,0.0,0.0,6,0.0,,,0.0,,6,0.0,0.0,,,0,6,,6,0.0,0.0,0,0,0,,0,6,1.0,0
Tyrese Samuel,Vancouver Bandits,2026-2027,offense,Post up,Make 3 Pts,6,Long/3pt,Post-Ups Including Passes > Spot-Up > No Dribble Jumper > Guarded > Long/3pt > Make 3 Pts,Post-Ups Including Passes,Spot-Up,No Dribble Jumper,Guarded,Long/3pt,Make 3 Pts,1,14.3,3.0,150.0,0.0,0.0,1,100.0,,,100.0,,1,150.0,0.0,,,1,0,,1,0.0,100.0,0,0,0,,1,0,1.0,3
Tyrese Samuel,Vancouver Bandits,2026-2027,offense,Post up,Drives Left,3,Spot-Up,Post-Ups Including Passes > Spot-Up > Drives Left,Post-Ups Including Passes,Spot-Up,Drives Left,,,,2,22.2,0.0,0.0,0.0,0.0,2,0.0,,,0.0,,2,0.0,0.0,,,0,2,,2,0.0,0.0,0,0,0,,0,2,1.0,0
Tyrese Samuel,Vancouver Bandits,2026-2027,offense,Post up,Dribble Jumper,4,Drives Left,Post-Ups Including Passes > Spot-Up > Drives Left > Dribble Jumper,Post-Ups Including Passes,Spot-Up,Drives Left,Dribble Jumper,,,2,100.0,0.0,0.0,0.0,0.0,2,0.0,,,0.0,,2,0.0,0.0,,,0,2,,2,0.0,0.0,0,0,0,,0,2,1.0,0
Tyrese Samuel,Vancouver Bandits,2026-2027,offense,Post up,Long/3pt,5,Dribble Jumper,Post-Ups Including Passes > Spot-Up > Drives Left > Dribble Jumper > Long/3pt,Post-Ups Including Passes,Spot-Up,Drives Left,Dribble Jumper,Long/3pt,,2,100.0,0.0,0.0,0.0,0.0,2,0.0,,,0.0,,2,0.0,0.0,,,0,2,,2,0.0,0.0,0,0,0,,0,2,1.0,0
Tyrese Samuel,Vancouver Bandits,2026-2027,offense,Post up,Miss 3 Pts,6,Long/3pt,Post-Ups Including Passes > Spot-Up > Drives Left > Dribble Jumper > Long/3pt > Miss 3 Pts,Post-Ups Including Passes,Spot-Up,Drives Left,Dribble Jumper,Long/3pt,Miss 3 Pts,2,100.0,0.0,0.0,0.0,0.0,2,0.0,,,0.0,,2,0.0,0.0,,,0,2,,2,0.0,0.0,0,0,0,,0,2,1.0,0
Tyrese Samuel,Vancouver Bandits,2026-2027,offense,Post up,Cut,2,Post-Ups Including Passes,Post-Ups Including Passes > Cut,Post-Ups Including Passes,Cut,,,,,6,11.1,1.667,85.0,0.0,16.7,0,,,,80.0,,5,80.0,16.7,,,4,1,,6,0.4,83.3,5,4,1,80.0,0,0,0.0,10
Tyrese Samuel,Vancouver Bandits,2026-2027,offense,Post up,Basket,3,Cut,Post-Ups Including Passes > Cut > Basket,Post-Ups Including Passes,Cut,Basket,,,,6,100.0,1.667,85.0,0.0,16.7,0,,,,80.0,,5,80.0,16.7,,,4,1,,6,0.4,83.3,5,4,1,80.0,0,0,0.0,10
Tyrese Samuel,Vancouver Bandits,2026-2027,offense,Post up,Make 2 Pts,4,Basket,Post-Ups Including Passes > Cut > Basket > Make 2 Pts,Post-Ups Including Passes,Cut,Basket,Make 2 Pts,,,4,66.7,2.0,100.0,0.0,0.0,0,,,,100.0,,4,100.0,0.0,,,4,0,,4,0.0,100.0,4,4,0,100.0,0,0,0.0,8
Tyrese Samuel,Vancouver Bandits,2026-2027,offense,Post up,Miss 2 Pts,4,Basket,Post-Ups Including Passes > Cut > Basket > Miss 2 Pts,Post-Ups Including Passes,Cut,Basket,Miss 2 Pts,,,1,16.7,0.0,0.0,0.0,0.0,0,,,,0.0,,1,0.0,0.0,,,0,1,,1,0.0,0.0,1,0,1,0.0,0,0,0.0,0
Tyrese Samuel,Vancouver Bandits,2026-2027,offense,Post up,Foul,4,Basket,Post-Ups Including Passes > Cut > Basket > Foul,Post-Ups Including Passes,Cut,Basket,Foul,,,1,16.7,2.0,113.6,0.0,100.0,0,,,,,,0,,100.0,,,0,0,,1,,100.0,0,0,0,,0,0,,2
Tyrese Samuel,Vancouver Bandits,2026-2027,offense,Post up,Post-Up - Defense Commits,1,,Post-Up - Defense Commits,Post-Up - Defense Commits,,,,,,16,6.2,0.813,43.7,6.3,6.3,9,11.1,Average,34.0,35.7,34.0,14,39.3,6.3,,,5,9,,15,0.14,37.5,5,4,1,80.0,1,8,0.64,13
Tyrese Samuel,Vancouver Bandits,2026-2027,offense,Post up,Spot-Up,2,Post-Up - Defense Commits,Post-Up - Defense Commits > Spot-Up,Post-Up - Defense Commits,Spot-Up,,,,,9,56.3,0.333,16.7,0.0,0.0,9,11.1,,,11.1,,9,16.7,0.0,,,1,8,,9,0.0,11.1,0,0,0,,1,8,1.0,3
Tyrese Samuel,Vancouver Bandits,2026-2027,offense,Post up,No Dribble Jumper,3,Spot-Up,Post-Up - Defense Commits > Spot-Up > No Dribble Jumper,Post-Up - Defense Commits,Spot-Up,No Dribble Jumper,,,,7,77.8,0.429,21.4,0.0,0.0,7,14.3,,,14.3,,7,21.4,0.0,,,1,6,,7,0.0,14.3,0,0,0,,1,6,1.0,3
Tyrese Samuel,Vancouver Bandits,2026-2027,offense,Post up,Guarded,4,No Dribble Jumper,Post-Up - Defense Commits > Spot-Up > No Dribble Jumper > Guarded,Post-Up - Defense Commits,Spot-Up,No Dribble Jumper,Guarded,,,7,100.0,0.429,21.4,0.0,0.0,7,14.3,,,14.3,,7,21.4,0.0,,,1,6,,7,0.0,14.3,0,0,0,,1,6,1.0,3
Tyrese Samuel,Vancouver Bandits,2026-2027,offense,Post up,Long/3pt,5,Guarded,Post-Up - Defense Commits > Spot-Up > No Dribble Jumper > Guarded > Long/3pt,Post-Up - Defense Commits,Spot-Up,No Dribble Jumper,Guarded,Long/3pt,,7,100.0,0.429,21.4,0.0,0.0,7,14.3,,,14.3,,7,21.4,0.0,,,1,6,,7,0.0,14.3,0,0,0,,1,6,1.0,3
Tyrese Samuel,Vancouver Bandits,2026-2027,offense,Post up,Miss 3 Pts,6,Long/3pt,Post-Up - Defense Commits > Spot-Up > No Dribble Jumper > Guarded > Long/3pt > Miss 3 Pts,Post-Up - Defense Commits,Spot-Up,No Dribble Jumper,Guarded,Long/3pt,Miss 3 Pts,6,85.7,0.0,0.0,0.0,0.0,6,0.0,,,0.0,,6,0.0,0.0,,,0,6,,6,0.0,0.0,0,0,0,,0,6,1.0,0
Tyrese Samuel,Vancouver Bandits,2026-2027,offense,Post up,Make 3 Pts,6,Long/3pt,Post-Up - Defense Commits > Spot-Up > No Dribble Jumper > Guarded > Long/3pt > Make 3 Pts,Post-Up - Defense Commits,Spot-Up,No Dribble Jumper,Guarded,Long/3pt,Make 3 Pts,1,14.3,3.0,150.0,0.0,0.0,1,100.0,,,100.0,,1,150.0,0.0,,,1,0,,1,0.0,100.0,0,0,0,,1,0,1.0,3
Tyrese Samuel,Vancouver Bandits,2026-2027,offense,Post up,Drives Left,3,Spot-Up,Post-Up - Defense Commits > Spot-Up > Drives Left,Post-Up - Defense Commits,Spot-Up,Drives Left,,,,2,22.2,0.0,0.0,0.0,0.0,2,0.0,,,0.0,,2,0.0,0.0,,,0,2,,2,0.0,0.0,0,0,0,,0,2,1.0,0
Tyrese Samuel,Vancouver Bandits,2026-2027,offense,Post up,Dribble Jumper,4,Drives Left,Post-Up - Defense Commits > Spot-Up > Drives Left > Dribble Jumper,Post-Up - Defense Commits,Spot-Up,Drives Left,Dribble Jumper,,,2,100.0,0.0,0.0,0.0,0.0,2,0.0,,,0.0,,2,0.0,0.0,,,0,2,,2,0.0,0.0,0,0,0,,0,2,1.0,0
Tyrese Samuel,Vancouver Bandits,2026-2027,offense,Post up,Long/3pt,5,Dribble Jumper,Post-Up - Defense Commits > Spot-Up > Drives Left > Dribble Jumper > Long/3pt,Post-Up - Defense Commits,Spot-Up,Drives Left,Dribble Jumper,Long/3pt,,2,100.0,0.0,0.0,0.0,0.0,2,0.0,,,0.0,,2,0.0,0.0,,,0,2,,2,0.0,0.0,0,0,0,,0,2,1.0,0
Tyrese Samuel,Vancouver Bandits,2026-2027,offense,Post up,Miss 3 Pts,6,Long/3pt,Post-Up - Defense Commits > Spot-Up > Drives Left > Dribble Jumper > Long/3pt > Miss 3 Pts,Post-Up - Defense Commits,Spot-Up,Drives Left,Dribble Jumper,Long/3pt,Miss 3 Pts,2,100.0,0.0,0.0,0.0,0.0,2,0.0,,,0.0,,2,0.0,0.0,,,0,2,,2,0.0,0.0,0,0,0,,0,2,1.0,0
Tyrese Samuel,Vancouver Bandits,2026-2027,offense,Post up,Cut,2,Post-Up - Defense Commits,Post-Up - Defense Commits > Cut,Post-Up - Defense Commits,Cut,,,,,6,37.5,1.667,85.0,0.0,16.7,0,,,,80.0,,5,80.0,16.7,,,4,1,,6,0.4,83.3,5,4,1,80.0,0,0,0.0,10
Tyrese Samuel,Vancouver Bandits,2026-2027,offense,Post up,Basket,3,Cut,Post-Up - Defense Commits > Cut > Basket,Post-Up - Defense Commits,Cut,Basket,,,,6,100.0,1.667,85.0,0.0,16.7,0,,,,80.0,,5,80.0,16.7,,,4,1,,6,0.4,83.3,5,4,1,80.0,0,0,0.0,10
Tyrese Samuel,Vancouver Bandits,2026-2027,offense,Post up,Make 2 Pts,4,Basket,Post-Up - Defense Commits > Cut > Basket > Make 2 Pts,Post-Up - Defense Commits,Cut,Basket,Make 2 Pts,,,4,66.7,2.0,100.0,0.0,0.0,0,,,,100.0,,4,100.0,0.0,,,4,0,,4,0.0,100.0,4,4,0,100.0,0,0,0.0,8
Tyrese Samuel,Vancouver Bandits,2026-2027,offense,Post up,Miss 2 Pts,4,Basket,Post-Up - Defense Commits > Cut > Basket > Miss 2 Pts,Post-Up - Defense Commits,Cut,Basket,Miss 2 Pts,,,1,16.7,0.0,0.0,0.0,0.0,0,,,,0.0,,1,0.0,0.0,,,0,1,,1,0.0,0.0,1,0,1,0.0,0,0,0.0,0
Tyrese Samuel,Vancouver Bandits,2026-2027,offense,Post up,Foul,4,Basket,Post-Up - Defense Commits > Cut > Basket > Foul,Post-Up - Defense Commits,Cut,Basket,Foul,,,1,16.7,2.0,113.6,0.0,100.0,0,,,,,,0,,100.0,,,0,0,,1,,100.0,0,0,0,,0,0,,2
Tyrese Samuel,Vancouver Bandits,2026-2027,offense,Post up,Post-Up,2,Post-Up - Defense Commits,Post-Up - Defense Commits > Post-Up,Post-Up - Defense Commits,Post-Up,,,,,1,6.3,0.0,,100.0,0.0,0,,,,,,0,,0.0,,,0,0,,0,,0.0,0,0,0,,0,0,,0
Tyrese Samuel,Vancouver Bandits,2026-2027,offense,Post up,Left Block,3,Post-Up,Post-Up - Defense Commits > Post-Up > Left Block,Post-Up - Defense Commits,Post-Up,Left Block,,,,1,100.0,0.0,,100.0,0.0,0,,,,,,0,,0.0,,,0,0,,0,,0.0,0,0,0,,0,0,,0
Tyrese Samuel,Vancouver Bandits,2026-2027,offense,Post up,Right Shoulder,4,Left Block,Post-Up - Defense Commits > Post-Up > Left Block > Right Shoulder,Post-Up - Defense Commits,Post-Up,Left Block,Right Shoulder,,,1,100.0,0.0,,100.0,0.0,0,,,,,,0,,0.0,,,0,0,,0,,0.0,0,0,0,,0,0,,0
Tyrese Samuel,Vancouver Bandits,2026-2027,offense,Post up,Dribble Move,5,Right Shoulder,Post-Up - Defense Commits > Post-Up > Left Block > Right Shoulder > Dribble Move,Post-Up - Defense Commits,Post-Up,Left Block,Right Shoulder,Dribble Move,,1,100.0,0.0,,100.0,0.0,0,,,,,,0,,0.0,,,0,0,,0,,0.0,0,0,0,,0,0,,0
Tyrese Samuel,Vancouver Bandits,2026-2027,offense,Post up,Defense Commits,6,Dribble Move,Post-Up - Defense Commits > Post-Up > Left Block > Right Shoulder > Dribble Move > Defense Commits,Post-Up - Defense Commits,Post-Up,Left Block,Right Shoulder,Dribble Move,Defense Commits,1,100.0,0.0,,100.0,0.0,0,,,,,,0,,0.0,,,0,0,,0,,0.0,0,0,0,,0,0,,0
Tyrese Samuel,Vancouver Bandits,2026-2027,offense,Post up,Post-Up - Hard Double,1,,Post-Up - Hard Double,Post-Up - Hard Double,,,,,,3,1.2,1.333,100.0,33.3,0.0,0,,,,100.0,,2,100.0,0.0,,,2,0,,2,0.0,66.7,2,2,0,100.0,0,0,0.0,4
Tyrese Samuel,Vancouver Bandits,2026-2027,offense,Post up,Cut,2,Post-Up - Hard Double,Post-Up - Hard Double > Cut,Post-Up - Hard Double,Cut,,,,,2,66.7,2.0,100.0,0.0,0.0,0,,,,100.0,,2,100.0,0.0,,,2,0,,2,0.0,100.0,2,2,0,100.0,0,0,0.0,4
Tyrese Samuel,Vancouver Bandits,2026-2027,offense,Post up,Basket,3,Cut,Post-Up - Hard Double > Cut > Basket,Post-Up - Hard Double,Cut,Basket,,,,2,100.0,2.0,100.0,0.0,0.0,0,,,,100.0,,2,100.0,0.0,,,2,0,,2,0.0,100.0,2,2,0,100.0,0,0,0.0,4
Tyrese Samuel,Vancouver Bandits,2026-2027,offense,Post up,Make 2 Pts,4,Basket,Post-Up - Hard Double > Cut > Basket > Make 2 Pts,Post-Up - Hard Double,Cut,Basket,Make 2 Pts,,,2,100.0,2.0,100.0,0.0,0.0,0,,,,100.0,,2,100.0,0.0,,,2,0,,2,0.0,100.0,2,2,0,100.0,0,0,0.0,4
Tyrese Samuel,Vancouver Bandits,2026-2027,offense,Post up,Post-Up,2,Post-Up - Hard Double,Post-Up - Hard Double > Post-Up,Post-Up - Hard Double,Post-Up,,,,,1,33.3,0.0,,100.0,0.0,0,,,,,,0,,0.0,,,0,0,,0,,0.0,0,0,0,,0,0,,0
Tyrese Samuel,Vancouver Bandits,2026-2027,offense,Post up,Left Block,3,Post-Up,Post-Up - Hard Double > Post-Up > Left Block,Post-Up - Hard Double,Post-Up,Left Block,,,,1,100.0,0.0,,100.0,0.0,0,,,,,,0,,0.0,,,0,0,,0,,0.0,0,0,0,,0,0,,0
Tyrese Samuel,Vancouver Bandits,2026-2027,offense,Post up,Right Shoulder,4,Left Block,Post-Up - Hard Double > Post-Up > Left Block > Right Shoulder,Post-Up - Hard Double,Post-Up,Left Block,Right Shoulder,,,1,100.0,0.0,,100.0,0.0,0,,,,,,0,,0.0,,,0,0,,0,,0.0,0,0,0,,0,0,,0
Tyrese Samuel,Vancouver Bandits,2026-2027,offense,Post up,Dribble Move,5,Right Shoulder,Post-Up - Hard Double > Post-Up > Left Block > Right Shoulder > Dribble Move,Post-Up - Hard Double,Post-Up,Left Block,Right Shoulder,Dribble Move,,1,100.0,0.0,,100.0,0.0,0,,,,,,0,,0.0,,,0,0,,0,,0.0,0,0,0,,0,0,,0
Tyrese Samuel,Vancouver Bandits,2026-2027,offense,Post up,Defense Commits,6,Dribble Move,Post-Up - Hard Double > Post-Up > Left Block > Right Shoulder > Dribble Move > Defense Commits,Post-Up - Hard Double,Post-Up,Left Block,Right Shoulder,Dribble Move,Defense Commits,1,100.0,0.0,,100.0,0.0,0,,,,,,0,,0.0,,,0,0,,0,,0.0,0,0,0,,0,0,,0
